codigo,classe,spread_bps,spread_justo_bps,desvio_bps,desvio_em_dp,variacao_hist_bps,dp_hist_bps,n_dias_hist,inicio_hist,segmento,liquidez_pct_dias,negocios_180d,volume_negociado_180d_mi,fim_concessao,tail_anos,faixa,motivo_faixa
ACRC21,IPCA+,329.4301903645128,305.27381122693726,24.156379137575527,0.40814410694708414,-30.558508315146184,15.55402784002089,11,2026-09-24,comercializacao,42.63565891472868,543,205.77344946093402,,,principal,
AEAB11,IPCA+,306.3467219250957,276.3436241102163,30.003097814879425,0.5069297635030003,0.7644740760609352,16.721929077978608,11,2026-09-24,outros_corporativo,96.12403100775194,1149,96.68633488770804,,,principal,
AESLA5,IPCA+,227.26587408324596,273.0279260913351,-45.762052008089114,-0.7731916999040003,1.2233843078597602,7.507443509437852,11,2026-09-24,distribuicao,17.05426356589147,65,60.357861887807,,,principal,
AESLA7,IPCA+,243.666989124429,283.78219481180724,-40.11520568737825,-0.6777830695166367,17.905012018452652,8.645309296388003,11,2026-09-24,distribuicao,84.49612403100775,764,257.31866385159896,,,principal,
AESLA9,IPCA+,244.50003498197447,281.1285132833585,-36.62847830138401,-0.6188716231024292,18.641591190135102,11.299968923134319,11,2026-09-24,distribuicao,79.84496124031008,1870,519.189663764831,,,principal,
AESLB0,IPCA+,262.7900795000316,280.15851471001656,-17.368435209984966,-0.29345558941078453,32.776975435528385,13.003653110543612,11,2026-09-24,distribuicao,19.37984496124031,489,101.67602725335801,,,principal,
AESLB7,IPCA+,268.9524081969228,318.9076055812616,-49.95519738433876,-0.8440387240023508,13.197773146556017,14.08208222115051,11,2026-09-24,distribuicao,88.37209302325581,2545,41.139168515209015,,,principal,
AESLC2,IPCA+,249.12198601795575,276.51964278921616,-27.397656771260415,-0.46290845542967923,39.85403462357539,13.407496704499614,11,2026-09-24,distribuicao,79.06976744186046,947,942.5896275132181,,,principal,
AESLD2,IPCA+,265.3941230119692,276.913380618927,-11.519257606957808,-0.19462838705706254,30.915101451766276,13.936128681017099,11,2026-09-24,distribuicao,39.53488372093023,574,693.0551482505847,,,principal,
AESOA1,IPCA+,280.30429395753487,281.6520096612114,-1.3477157036765561,-0.02277088876453346,-6.3525102160744495,11.570943713492493,11,2026-09-24,geracao,83.72093023255815,608,265.130931346184,,,principal,
AGEO15,IPCA+,221.42805668440616,272.3846091157526,-50.95655243134644,-0.8609575328631611,-14.186772705610394,10.53981397830316,11,2026-09-24,outros_corporativo,22.48062015503876,270,75.11779072299599,,,principal,
AGIZ11,IPCA+,335.1431963321386,324.0467127247957,11.096483607342861,0.18748523387460228,-6.736847462789456,11.673843625955755,11,2026-09-24,saneamento,37.2093023255814,327,194.87592216299402,,,principal,
AHGD13,IPCA+,316.1037915544876,284.3701598894706,31.733631665017015,0.536168714787195,-34.01923173148731,17.194081753764397,11,2026-09-24,geracao,19.37984496124031,190,35.537098060874,,,principal,
ALGAB1,IPCA+,337.10771861122464,275.9973735444081,61.110345066816535,1.0325151410513624,-9.354562754153335,13.92566678298987,11,2026-09-24,telecom,82.94573643410853,420,80.41009058341002,,,principal,
ALGAC2,IPCA+,335.82134198583816,276.83538386901245,58.985958116825714,0.9966216816228619,-8.515438338862339,10.868613817522883,11,2026-09-24,telecom,76.74418604651163,338,92.05050775068301,,,principal,
ALGE16,IPCA+,232.71519564501804,282.31903135443025,-49.60383570941221,-0.8381021473237187,15.841545285965594,10.669945278671234,11,2026-09-24,geracao,51.93798449612403,310,128.931329527057,,,principal,
ALGTA4,IPCA+,345.84794050743983,280.4689138121293,65.37902669531053,1.1046384191792933,0.3146867438465506,12.056060195650577,11,2026-09-24,telecom,95.34883720930233,1344,233.14416065250398,,,principal,
ALIG12,IPCA+,206.96015527029954,292.6001475051491,-85.63999223484956,-1.4469659525784386,-13.183511505888816,8.96598629130609,11,2026-09-24,geracao,49.6124031007752,214,15.549149542919995,,,principal,
ALIG13,IPCA+,212.18193874375382,275.88804395858926,-63.706105214835446,-1.0763728815441844,8.808390870089795,9.333118110618072,11,2026-09-24,geracao,58.13953488372093,299,31.81437637780101,,,principal,
ALIG15,IPCA+,214.93196809226825,281.12716728357344,-66.19519919130519,-1.11842839956482,6.189619402280925,9.376878835766558,11,2026-09-24,geracao,56.58914728682171,260,30.388210901461004,,,principal,
ALUP18,IPCA+,192.01389329474108,236.98248643712773,-44.96859314238665,-0.7597854870648569,-4.746282722208889,7.832087674616848,11,2026-09-24,transmissao,88.37209302325581,2679,329.21510740408786,,,principal,
ANHBB6,IPCA+,236.6117113017626,353.17066178985044,-116.55895048808785,-1.9693700153782523,3.581415537994161,9.462137466656843,11,2026-09-24,rodovias,93.7984496124031,1445,489.414392353709,,,principal,
APFD19,IPCA+,307.34699814069296,323.75902721363923,-16.412029072946268,-0.277296233471832,83.61276580685919,22.049283991289187,11,2026-09-24,rodovias,94.57364341085271,837,166.5486906990799,,,principal,
APPSA2,IPCA+,458.6232617832732,332.5009565326275,126.1223052506457,2.130951635982592,48.15939311370852,26.593455507435497,11,2026-09-24,rodovias,71.31782945736434,441,118.75779204069995,,,principal,
APRB18,IPCA+,323.9259267152024,317.2101044874433,6.7158222277591335,0.1134699554909881,9.109873092615658,7.752772439473514,11,2026-09-24,rodovias,59.689922480620154,374,141.169454497338,,,principal,
ARTRA7,IPCA+,551.8169622580647,346.35830291908303,205.45865933898165,3.4714118599013757,38.338047440601486,12.776784506655904,11,2026-09-24,rodovias,61.24031007751938,686,209.30624502276493,,,principal,
ARTRA8,IPCA+,547.7913698652638,344.30549625840933,203.4858736068545,3.4380798416278044,8.925844308153614,14.688917118021426,11,2026-09-24,rodovias,82.17054263565892,424,207.993009453317,,,principal,
ASCP13,IPCA+,319.09966549625204,323.31590774805807,-4.2162422518060225,-0.07123726692379796,58.6714027925147,19.773835647971307,11,2026-09-24,rodovias,84.49612403100775,458,36.166549566975,,,principal,
ASCP23,IPCA+,350.6466077058142,344.39846973744443,6.248137968369747,0.10556800241703715,36.75349778397356,20.955852724988407,11,2026-09-24,rodovias,85.27131782945736,1337,75.40132010127097,,,principal,
ASSR21,IPCA+,409.55507782803716,306.12788008382023,103.42719774421693,1.7474970489964603,6.542223208418534,11.108299098118442,11,2026-09-24,geracao,44.18604651162791,464,223.901861457937,,,principal,
ATHT11,IPCA+,317.2679851823977,285.11491225635103,32.15307292604666,0.5432555583047904,-32.021367690772706,16.6216128853162,11,2026-09-24,geracao,18.6046511627907,148,16.515716237558,,,principal,
ATII12,IPCA+,321.19567158956585,285.3018974849657,35.89377410460014,0.6064581241024826,-34.52824043304065,17.253999398130116,11,2026-09-24,geracao,27.131782945736433,168,40.79580030330801,,,principal,
AURE12,IPCA+,269.3785548101989,284.31702958440883,-14.938474774209908,-0.2523991866143306,-3.419847519867119,8.988776409595587,11,2026-09-24,geracao,83.72093023255815,1728,82.581966420202,,,principal,
AURP12,IPCA+,276.1931182974246,275.55715779204945,0.6359605053751238,0.010745134071695047,2.972846213306525,8.9675001695994,11,2026-09-24,geracao,95.34883720930233,4921,763.0853225311031,,,principal,
AURP13,IPCA+,296.32106173400973,285.01220173462474,11.308859999384993,0.19107352715204332,14.549446126694988,10.850471168181548,11,2026-09-24,geracao,67.44186046511628,1151,483.7673672308998,,,principal,
AXIA18,IPCA+,236.16337867129127,241.7677527673219,-5.604374096030625,-0.09469102332740449,4.63714706906606,8.046241607796226,11,2026-09-24,integrada_gt,94.57364341085271,2339,984.267652775514,2043-01-01,9.916666666666666,principal,
AXIA19,IPCA+,254.30046522879508,242.4660003349088,11.834464893886263,0.19995410230163374,7.875273017684265,9.45540626229944,11,2026-09-24,integrada_gt,49.6124031007752,719,538.3448957406599,2043-01-01,6.583333333333333,principal,
AXIA28,IPCA+,240.98617791529006,263.00493072019833,-22.018752804908274,-0.37202695604610636,-10.704385895810162,11.98129374964654,11,2026-09-24,integrada_gt,75.96899224806202,2925,372.87348769161906,2043-01-01,6.916666666666667,principal,
AXIA38,IPCA+,244.21225638440313,280.14065167366454,-35.9283952892614,-0.6070430806646621,13.609330783242882,12.338052257261033,11,2026-09-24,integrada_gt,85.27131782945736,1055,105.761920196641,2043-01-01,1.9166666666666667,principal,
AXIAA1,IPCA+,246.9812011166416,245.51730960446463,1.4638915121769855,0.024733785245798997,-1.0967550984003367,12.261850145938634,11,2026-09-24,integrada_gt,31.782945736434108,445,387.405575032952,2043-01-01,6.5,principal,
BARU11,IPCA+,316.3264134359484,321.01237248082896,-4.685959044880576,-0.07917356151230487,8.242310788745215,12.105841069951802,11,2026-09-24,geracao,41.08527131782946,202,212.26486684871296,,,principal,
BCPSA5,IPCA+,185.61214749916033,248.9750065153038,-63.36285901614346,-1.0705734232549162,14.610966747130306,7.16233681506926,11,2026-09-24,telecom,71.31782945736434,1463,1581.4636819597633,,,principal,
BCPSA7,IPCA+,236.51070711057437,283.49276014223375,-46.982053031659376,-0.7938047324037704,18.840383794462554,7.547894378874021,11,2026-09-24,telecom,92.24806201550388,1775,992.0516971798534,,,principal,
BHSA11,IPCA+,334.2435512121532,274.71215438594544,59.531396826207754,1.0058373672050118,18.53258926522676,11.389422812794091,11,2026-09-24,outros_corporativo,88.37209302325581,1479,395.52988441484104,,,principal,
BION17,IPCA+,527.6895792359038,383.2938817030241,144.3956975328797,2.439697302352965,-63.0104986321702,27.722546005665304,11,2026-09-24,agro_acucar_etanol,19.37984496124031,253,44.42948940026,,,principal,
BRKP28,IPCA+,461.93977372552735,278.7803511171753,183.15942260835203,3.09464587153902,11.883657771874482,9.14444516358655,11,2026-09-24,saneamento,87.59689922480621,471,102.659746187048,,,principal,
BRST11,IPCA+,289.50172974700087,282.79328386686274,6.708445880138129,0.11334532535519001,68.53187582342227,21.521954955577748,11,2026-09-24,telecom,84.49612403100775,598,100.47288424534999,,,principal,
BRST15,IPCA+,311.79255697705014,276.8417474058414,34.950809571208765,0.5905258763441612,-6.625606021340957,7.428110695477437,11,2026-09-24,telecom,53.48837209302326,424,172.65393862384198,,,principal,
BTCL12,IPCA+,505.7838341397887,303.6742160152964,202.10961812449233,3.4148267472140814,-33.867082410732564,17.4840974857768,11,2026-09-24,telecom,48.06201550387597,388,111.24490205615001,,,principal,
CAEC12,IPCA+,287.4570162515077,287.266130981798,0.19088526970966768,0.003225181120535475,-1.2849668678729813,6.849949587433615,11,2026-09-24,saneamento,61.24031007751938,602,160.37076483729,,,principal,
CAJS11,IPCA+,279.85957662045,282.109762995542,-2.250186375091971,-0.03801895570921168,-44.80635054889194,16.760155411506023,11,2026-09-24,saneamento,18.6046511627907,127,18.304698181301,,,principal,
CAJS12,IPCA+,316.884246316195,266.426431303111,50.45781501308403,0.8525309082842659,-33.813701321610665,16.45914111495456,11,2026-09-24,saneamento,11.627906976744185,41,98.949864882727,,,principal,
CART13,IPCA+,377.8262177199615,356.61442698988657,21.211790730074938,0.3583925941453735,21.996565940675282,10.592695033755271,11,2026-09-24,rodovias,68.9922480620155,844,335.805579918444,,,principal,
CASN23,IPCA+,299.0739749319055,285.04211432850775,14.031860603397774,0.2370811114597597,-32.078596978850555,13.150350699347282,11,2026-09-24,saneamento,68.9922480620155,227,35.65204947630999,,,principal,
CASN24,IPCA+,340.37791523936323,282.63136996927506,57.74654527008818,0.9756806686262756,-44.58953157826181,28.99430356736037,11,2026-09-24,saneamento,66.66666666666667,768,127.87296698279303,,,principal,
CASN34,IPCA+,345.179990742234,296.35747687536576,48.822513866868235,0.8249010005853269,-21.20112594764589,26.748198428115902,11,2026-09-24,saneamento,49.6124031007752,352,128.306372950222,,,principal,
CBAN12,IPCA+,249.7931924793733,366.4010322354214,-116.6078397560481,-1.9701960442502655,7.983654270345681,8.155219927963445,11,2026-09-24,rodovias,96.12403100775194,5081,339.73557204613695,,,principal,
CBAN32,IPCA+,253.15386122811626,374.3921237676508,-121.23826253953453,-2.048431269860455,4.147242018208573,7.7312429116194465,11,2026-09-24,rodovias,79.84496124031008,611,70.83503947443798,,,principal,
CBAN52,IPCA+,245.78653703088128,377.980087677746,-132.1935506468647,-2.2335308766951183,-3.1729526587066914,8.14048942110012,11,2026-09-24,rodovias,87.59689922480621,1163,51.901221338071004,,,principal,
CBAN72,IPCA+,242.58540282286182,379.10194365848577,-136.51654083562394,-2.306571747592346,-4.9955488992873995,8.605329732155406,11,2026-09-24,rodovias,85.27131782945736,2366,88.5015800010641,,,principal,
CCPV11,IPCA+,232.63329011236866,319.6768827369083,-87.04359262453963,-1.4706810641975274,1.5227987541677237,11.362257065170668,11,2026-09-24,rodovias,60.46511627906977,489,469.54925497109,,,principal,
CCROA5,IPCA+,228.33650849549934,287.9923601274337,-59.655851631934354,-1.0079401449122694,1.1942082171453876,11.119625974982853,11,2026-09-24,mobilidade_urbana,86.82170542635659,636,68.985173479438,,,principal,
CCROB4,IPCA+,223.45759943530615,253.97888356539383,-30.52128413008768,-0.5156849949740899,84.8338523189511,30.88079423582697,11,2026-09-24,mobilidade_urbana,62.01550387596899,357,60.638729205881994,,,principal,
CCROB6,IPCA+,231.19797089922116,283.0287653461187,-51.83079444689753,-0.8757286508631136,-13.190536154572413,10.798356542803987,11,2026-09-24,mobilidade_urbana,96.12403100775194,8648,408.2434026462051,,,principal,
CDES11,IPCA+,271.86624283607676,235.3393150639725,36.52692777210427,0.6171558340826083,5.56379463765353,10.95332396549803,11,2026-09-24,portos,65.11627906976744,592,282.083197165582,,,principal,
CEAD11,IPCA+,339.00608756016817,285.3391271782913,53.66696038187689,0.9067523527793117,27.75440719847802,19.635283291969667,11,2026-09-24,geracao,37.2093023255814,118,19.45717716594201,,,principal,
CEAL12,IPCA+,319.35401678163834,297.84715698320474,21.506859798433595,0.36337805577880267,34.1803604680988,13.169430477320947,11,2026-09-24,distribuicao,45.736434108527135,403,126.889344820026,,,principal,
CEAL21,IPCA+,276.2673569565181,285.1599839183238,-8.892626961805718,-0.15024906129636245,-1.549802065206734,12.517759010904395,11,2026-09-24,distribuicao,19.37984496124031,505,90.414176477472,,,principal,
CEAP12,IPCA+,262.9238172754537,264.8182838432399,-1.8944665677861963,-0.03200874440025075,2.3892597042241164,9.562448480116641,11,2026-09-24,distribuicao,23.25581395348837,55,81.043619531194,,,principal,
CEAP14,IPCA+,284.4171912580588,284.19087636863355,0.22631488942522537,0.003823796931950183,-0.27914935094281645,11.34562898289402,11,2026-09-24,distribuicao,37.98449612403101,267,161.48395832611004,,,principal,
CEAP17,IPCA+,316.2361216782035,293.307565129511,22.92855654869254,0.3873989219516395,17.810334384069165,8.050061924096335,11,2026-09-24,distribuicao,43.41085271317829,294,67.60208142403799,,,principal,
CEAP19,IPCA+,331.7055392691302,299.8438568931558,31.861682375974397,0.5383322486003542,46.67330092759232,15.131031805018786,11,2026-09-24,distribuicao,38.75968992248062,199,15.531740690752004,,,principal,
CEEBB6,IPCA+,263.4095514111156,262.01692844241654,1.3926229686990723,0.023529638056952892,-7.651311753829191,10.676810976237386,11,2026-09-24,distribuicao,80.62015503875969,1590,236.86564478267695,,,principal,
CEEBB7,IPCA+,290.2819989561589,280.55350603910347,9.728492917055405,0.16437178067785232,7.97066965234518,7.472150066777698,11,2026-09-24,distribuicao,89.14728682170542,1281,206.76785199571202,,,principal,
CEEBC3,IPCA+,267.6274913288327,274.58419145169637,-6.956700122863651,-0.11753980771597657,-1.0547288466541431,8.250207940411272,11,2026-09-24,distribuicao,82.17054263565892,1134,126.358278246795,,,principal,
CEEBC4,IPCA+,273.21690835289286,271.55043101607635,1.6664773368165129,0.028156657937386382,1.1950827965227973,8.551839763422112,11,2026-09-24,distribuicao,66.66666666666667,412,64.64541001272599,,,principal,
CEEBD2,IPCA+,304.4242286336018,291.00231728139977,13.421911352202017,0.22677546130438958,10.129282780970414,10.442448522852816,11,2026-09-24,distribuicao,96.12403100775194,3457,748.482238461991,,,principal,
CEEBE3,IPCA+,274.3907600098338,262.4451283284901,11.945631681343684,0.20183236679361666,9.302321636734803,8.98362862816419,11,2026-09-24,distribuicao,70.54263565891473,1105,569.3093007256962,,,principal,
CEED12,IPCA+,268.04289304067123,265.05979051313295,2.9831025275382785,0.05040224406561864,30.852697374275124,10.574119206329977,11,2026-09-24,distribuicao,53.48837209302326,327,242.96243108099802,,,principal,
CEED13,IPCA+,286.25101289241746,264.4887330499397,21.762279842477767,0.36769361090314806,22.34820982213307,10.314444942666345,11,2026-09-24,distribuicao,34.883720930232556,122,30.33586885225101,,,principal,
CEED15,IPCA+,320.55894227013727,297.5164896319112,23.042452638226052,0.3893233004970611,41.89292633309282,14.340360194916965,11,2026-09-24,distribuicao,82.94573643410853,587,45.472162824664004,,,principal,
CEED17,IPCA+,315.0182948407228,290.9264650077265,24.091829832996268,0.407053487441507,19.386961997618982,7.585728112691458,11,2026-09-24,distribuicao,64.34108527131782,1529,246.12189757450795,,,principal,
CEED19,IPCA+,318.16121477279194,294.2888866053763,23.872328167415617,0.403344806154399,32.43503254720821,14.464510563895866,11,2026-09-24,distribuicao,58.13953488372093,746,113.67843294601299,,,principal,
CEED21,IPCA+,266.6524349929002,262.4498547785382,4.202580214362001,0.07100643431267231,23.622563880444346,8.948131820684535,11,2026-09-24,distribuicao,70.54263565891473,373,180.008656333628,,,principal,
CEPEA7,IPCA+,309.74265178680565,316.1532621979938,-6.410610411188145,-0.10831312285499538,33.612054912111205,11.561972209250536,11,2026-09-24,distribuicao,81.3953488372093,782,168.24132534170505,,,principal,
CEPEA8,IPCA+,277.1095532595324,262.2334533228318,14.876099936700598,0.251345306717587,14.577009924052732,11.810009249479824,11,2026-09-24,distribuicao,44.18604651162791,226,363.50089140096793,,,principal,
CEPEB3,IPCA+,289.2700239165428,282.0787349354968,7.191288981046,0.12150340091333771,8.74816562008317,8.991598180766545,11,2026-09-24,distribuicao,82.17054263565892,1475,235.09558450812202,,,principal,
CEPEB7,IPCA+,319.80973926115377,316.0257261404823,3.7840131206714887,0.06393436065135052,34.26590391239819,10.784306817106497,11,2026-09-24,distribuicao,89.14728682170542,538,99.07086047074299,,,principal,
CEPEC1,IPCA+,266.8573506745609,274.44334132001654,-7.585990645455638,-0.12817224633149948,-3.3464073430669714,8.747640734941651,11,2026-09-24,distribuicao,62.7906976744186,516,62.3970837578,,,principal,
CEPEC2,IPCA+,273.6875887768891,272.81138881316025,0.8761999637288227,0.014804199324181507,1.2889547697283774,8.421087524024031,11,2026-09-24,distribuicao,72.09302325581395,263,79.317897236365,,,principal,
CEROA4,IPCA+,317.00638493012286,287.05243605209284,29.95394887803002,0.5060993472877409,24.009400903850008,10.840924416242567,11,2026-09-24,distribuicao,11.627906976744185,64,26.735258146284004,,,principal,
CEROB4,IPCA+,331.7380110491733,314.50914020802065,17.228870841152627,0.2910975218231591,28.076245005943747,13.324701503623233,11,2026-09-24,distribuicao,54.263565891472865,273,75.93048413033304,,,principal,
CERR18,IPCA+,481.5445502554075,284.09639840294506,197.44815185246244,3.3360670134880053,4.451019073786654,17.904316194209994,11,2026-09-24,geracao,81.3953488372093,641,126.326781290335,,,principal,
CERT11,IPCA+,318.938217260573,229.10868684941693,89.8295304111561,1.5177520297363982,23.59905024057025,11.43143982480859,11,2026-09-24,outros_corporativo,96.12403100775194,3169,1661.0367039797648,,,principal,
CESE32,IPCA+,275.1367851351052,260.01022806052674,15.126557074578443,0.255577009005645,20.42259381900695,9.498321245527734,11,2026-09-24,geracao,96.12403100775194,1360,1095.6522930553888,,,principal,
CESPA2,IPCA+,251.52731465731154,254.6309639409214,-3.1036492836098546,-0.05243899170159483,0.5997787699674291,7.437371356197184,11,2026-09-24,geracao,95.34883720930233,1237,453.86467838994895,,,principal,
CESPA3,IPCA+,274.16562973661263,275.686558681821,-1.520928945208368,-0.025697484814950742,3.3517735269259106,9.1945633941819,11,2026-09-24,geracao,86.82170542635659,705,355.86455823796393,,,principal,
CGASA1,IPCA+,254.5265623590793,236.44309232164892,18.083470037430374,0.30553675643592915,5.964914379253685,11.763527275939046,11,2026-09-24,distribuicao_gas,25.58139534883721,330,69.22813122324199,,,principal,
CGASA2,IPCA+,275.08634725262044,263.43008910072774,11.6562581518927,0.1969431364963416,24.2184194209143,9.026967433625364,11,2026-09-24,distribuicao_gas,95.34883720930233,1147,192.99257515471496,,,principal,
CGASA4,IPCA+,269.37220591935767,269.1886319159783,0.1835740033793627,0.003101650592634756,18.92362227865081,14.805704414381973,11,2026-09-24,distribuicao_gas,72.86821705426357,607,150.73162976167893,,,principal,
CGASB1,IPCA+,270.7962794369525,261.85695961597185,8.939319820980643,0.15103797983420375,15.024268355289934,11.576128416671901,11,2026-09-24,distribuicao_gas,65.89147286821705,402,19.646382269825,,,principal,
CGASB4,IPCA+,267.74472252455166,260.9476147330985,6.797107791453186,0.11484334939297375,29.902837356852018,16.876013094593926,11,2026-09-24,distribuicao_gas,39.53488372093023,373,178.72540606865095,,,principal,
CGMG18,IPCA+,222.73548371692326,224.0659446297684,-1.3304609128451546,-0.022479353300781508,17.940146831893486,5.866467549873337,11,2026-09-24,distribuicao_gas,93.7984496124031,1249,292.86609969638505,,,principal,
CGOS13,IPCA+,276.15304301464573,263.6036545260059,12.549388488639806,0.21203338994877113,14.127231252614138,11.02777071727808,11,2026-09-24,distribuicao,96.12403100775194,1427,131.79835466186196,,,principal,
CGOS16,IPCA+,312.3450379828013,288.2679466010235,24.07709138177779,0.4068044678357089,22.980281183842123,8.749862583351346,11,2026-09-24,distribuicao,96.12403100775194,1363,270.47973079192104,,,principal,
CGOS24,IPCA+,262.4905301022832,272.5178506491259,-10.027320546842702,-0.16942074664233053,5.636506507608431,8.280873694738728,11,2026-09-24,distribuicao,90.69767441860465,923,93.260915165174,,,principal,
CGOS28,IPCA+,323.7650229500874,292.24200044575736,31.523022504330072,0.5326102804989312,30.884302936808695,11.126135983510755,11,2026-09-24,distribuicao,96.12403100775194,7321,377.99880404603607,,,principal,
CGOS34,IPCA+,289.74540931885053,287.42855750527355,2.3168518135769887,0.0391453292314909,3.8561530879994734,10.083940431546903,11,2026-09-24,distribuicao,93.7984496124031,1294,125.04355416356796,,,principal,
CGOSA0,IPCA+,315.4825342886303,286.6007446161247,28.88178967250559,0.48798423744649905,27.01590016616052,9.871738123771394,11,2026-09-24,distribuicao,57.36434108527132,471,245.06653185522092,,,principal,
CGOSA2,IPCA+,323.0682362079119,290.6243899153661,32.4438462925458,0.5481684401285892,10.850596340490256,11.019647029217326,11,2026-09-24,distribuicao,95.34883720930233,1647,1187.216509782754,,,principal,
CGOSB0,IPCA+,320.5307596488621,295.56684944597094,24.963910202891157,0.42178808246213123,29.594388353933084,10.425579790092263,11,2026-09-24,distribuicao,96.12403100775194,1600,339.04065456854306,,,principal,
CHSF13,IPCA+,225.32682866704894,216.23973526909697,9.087093397951975,0.15353474949739895,10.582987877382209,8.450720552823311,11,2026-09-24,integrada_gt,96.12403100775194,4854,1486.1004679863458,2043-01-01,11.583333333333334,principal,
CJEN13,IPCA+,235.31111394540497,246.34211835272896,-11.03100440732399,-0.1863789029355527,-69.21741350462352,25.820758980426792,11,2026-09-24,portos,72.09302325581395,666,145.43639320788597,,,principal,
CLAG13,IPCA+,344.3478516545966,348.41569767470673,-4.067846020110153,-0.06872997693986115,34.77192557199811,23.649725263198555,11,2026-09-24,agro_acucar_etanol,96.12403100775194,1001,106.43169086422296,,,principal,
CLAG15,IPCA+,367.02050239062174,355.91293844797735,11.10756394264439,0.18767244626808893,25.027134386304,30.68867914013076,11,2026-09-24,agro_acucar_etanol,36.434108527131784,364,133.120214173607,,,principal,
CLCD26,IPCA+,200.79998294974052,234.77177140061232,-33.9717884508718,-0.5739844195899613,12.687600295196148,5.7353250967815335,11,2026-09-24,outros_corporativo,39.53488372093023,514,234.45330237194005,,,principal,
CLCD27,IPCA+,222.6332147501219,250.71543055187794,-28.082215801756035,-0.4744747060073409,12.586036626601583,8.798784897183642,11,2026-09-24,outros_corporativo,61.24031007751938,935,768.7392941108011,,,principal,
CLIS13,IPCA+,218.7964702565772,225.46267358654853,-6.666203329971324,-0.11263159885608158,-22.10653555718116,13.376516981957419,11,2026-09-24,portos,57.36434108527132,566,124.07315886079395,,,principal,
CLTM14,IPCA+,381.57454400887343,317.677342938577,63.89720107029643,1.0796016207034855,-12.178350351814288,13.475328281150368,11,2026-09-24,mobilidade_urbana,96.12403100775194,2139,516.9719593890649,,,principal,
CMGD28,IPCA+,209.6578448608271,261.57933743506146,-51.92149257423435,-0.8772610786318961,5.4528889465496775,6.843612836918218,11,2026-09-24,distribuicao,93.02325581395348,811,160.24970736439903,,,principal,
CMGDA4,IPCA+,274.1850868786237,288.55490217305424,-14.369815294430566,-0.24279116489014316,18.123101640169693,12.225431893295774,11,2026-09-24,distribuicao,93.7984496124031,1631,1107.4081049394147,,,principal,
CMGDB1,IPCA+,257.9580322005632,291.53551554668036,-33.57748334611716,-0.5673222744096671,8.498122431032783,10.001265429200211,11,2026-09-24,distribuicao,96.12403100775194,3559,759.5775628686422,,,principal,
CMGDB2,IPCA+,280.02722490569505,306.0246234546988,-25.997398549003776,-0.4392498127844634,12.83594078162281,12.700970676060827,11,2026-09-24,distribuicao,96.12403100775194,1811,105.883224338849,,,principal,
CMGDB4,IPCA+,278.3012903030715,311.90138301162756,-33.600092708556076,-0.5677042802553577,10.395362897884354,9.152903243880477,11,2026-09-24,distribuicao,92.24806201550388,1603,255.21913338993386,,,principal,
CNRD12,IPCA+,384.0848692229526,379.2473130965626,4.837556126389984,0.08173493277974771,4.998690702082399,9.114234262380966,11,2026-09-24,rodovias,49.6124031007752,353,605.3389305384632,,,principal,
COCE18,IPCA+,403.2122854831313,327.4296919013136,75.78259358181771,1.280416191658149,2.3267807402800713,13.938636650675502,11,2026-09-24,energia_diversificada,59.689922480620154,268,242.19497135733096,,,principal,
COCEB2,IPCA+,399.5847592881824,323.95043760423454,75.63432168394786,1.2779110024078568,-9.175466364807448,13.652012977876542,11,2026-09-24,energia_diversificada,64.34108527131782,407,306.211125043124,,,principal,
COMR14,IPCA+,452.1422987222909,342.7113794978617,109.4309192244292,1.848935411424241,-12.01537600195229,12.391274890455005,11,2026-09-24,energia_diversificada,86.82170542635659,3055,537.8861389016229,,,principal,
COMR15,IPCA+,457.1333871931828,370.9534872060335,86.17989998714927,1.4560881875848184,-9.58938202175284,10.999488191546002,11,2026-09-24,energia_diversificada,66.66666666666667,1417,536.1740529949221,,,principal,
COMT11,IPCA+,233.10034614712754,324.69812183453445,-91.59777568740691,-1.547628150036902,8.854872534461435,9.436008622381488,11,2026-09-24,rodovias,80.62015503875969,1954,1152.1430496024454,,,principal,
CONF11,IPCA+,276.96146982441724,317.5393799957327,-40.577910171315466,-0.6856008847322957,-31.674767724226683,15.022737010568033,11,2026-09-24,geracao,38.75968992248062,308,27.114282350857994,,,principal,
CPFGA2,IPCA+,225.56011700760277,195.5985897726376,29.96152723496516,0.5062273905555587,21.67689415465108,8.8623620071036,11,2026-09-24,transmissao,69.76744186046511,1056,136.87805904742595,2056-02-23,24.75,principal,
CPFPA2,IPCA+,217.11212488574014,255.1490810374858,-38.03695615174564,-0.6426691438780654,10.229357970729637,11.25233996592057,11,2026-09-24,distribuicao,0.0,0,0.0,,,principal,
CPFPA5,IPCA+,226.40693363966005,276.019359465551,-49.612425825890966,-0.8382472851938781,6.897992637535907,9.03758329847557,11,2026-09-24,distribuicao,37.2093023255814,323,85.586530763193,,,principal,
CPFPA7,IPCA+,240.43252716242364,280.6895170211934,-40.25698985876977,-0.6801786426976276,13.845398520208192,10.912764276876299,11,2026-09-24,distribuicao,45.736434108527135,786,83.83815165888004,,,principal,
CPFPA9,IPCA+,240.97807159769883,292.6525417006088,-51.67447010290999,-0.8730874081748982,13.747045671639455,8.786260914342998,11,2026-09-24,distribuicao,82.17054263565892,1054,88.73513902980798,,,principal,
CPFPB0,IPCA+,240.2401788618167,283.190999987639,-42.95082112582227,-0.7256933843936227,8.979135226871705,7.9282074351099485,11,2026-09-24,distribuicao,41.08527131782946,777,100.46453932294598,,,principal,
CPFPB1,IPCA+,251.43402976521782,289.44817682051985,-38.01414705530203,-0.6422837633437879,28.011416553028596,15.059879946471737,11,2026-09-24,distribuicao,10.852713178294573,422,25.81394646085,,,principal,
CPFPB7,IPCA+,267.9229122412994,307.8703327559555,-39.94742051465607,-0.674948185650572,19.934166104479402,15.5711081648525,11,2026-09-24,distribuicao,23.25581395348837,288,18.832536341156,,,principal,
CPGT27,IPCA+,215.6969826899572,235.81783543070475,-20.12085274074755,-0.3399601995860388,10.904870868592155,11.166768490101772,11,2026-09-24,integrada_gt,92.24806201550388,1336,183.224208045442,2046-04-07,14.5,principal,
CPGT28,IPCA+,245.15955363843676,250.72162586502623,-5.562072226589464,-0.09397629457493188,10.369685798493208,10.245935770644031,11,2026-09-24,integrada_gt,57.36434108527132,658,63.77647456462702,2046-04-07,11.25,principal,
CPGTA1,IPCA+,267.47636501652465,246.5529515483576,20.92341346816704,0.35352019669893,9.77512828001386,8.015163040944351,11,2026-09-24,integrada_gt,79.84496124031008,1143,579.3602734370452,2046-04-07,8.25,principal,
CPGTC0,IPCA+,265.9849409990319,246.14599435937416,19.838946639657735,0.33519713831692405,31.01475278754205,9.704320472514183,11,2026-09-24,integrada_gt,87.59689922480621,1336,579.0562140930002,2046-04-07,9.166666666666666,principal,
CPIS13,IPCA+,323.0570071407675,286.89603751860705,36.16096962216045,0.6109726366158783,34.123502970189236,12.317770564605118,11,2026-09-24,distribuicao,18.6046511627907,141,110.01222743980199,,,principal,
CPIS14,IPCA+,317.38885667997914,295.70320708012895,21.685649599850194,0.36639887290602335,25.935016229304722,10.582269132113504,11,2026-09-24,distribuicao,36.434108527131784,326,95.85644895336202,,,principal,
CPIS15,IPCA+,328.7517515049665,294.04022836950924,34.71152313545724,0.5864829132796993,42.36740301906298,15.556715025369401,11,2026-09-24,distribuicao,26.356589147286822,260,59.299678139145975,,,principal,
CPIS16,IPCA+,311.0183635823478,292.83084832491085,18.187515257436928,0.30729469553598376,2.6693474522724046,11.915013843316265,11,2026-09-24,distribuicao,48.83720930232558,801,740.2415567563231,,,principal,
CPJG18,IPCA+,259.49840316414543,286.9961782235004,-27.49777505935498,-0.4646000454254607,34.10315627681001,14.139467718144939,11,2026-09-24,geracao,24.8062015503876,151,195.991777467284,,,principal,
CPLD15,IPCA+,144.56162813128373,232.70062055299704,-88.13899242171331,-1.489188845078977,16.789732323081566,11.047146800661286,11,2026-09-24,distribuicao,17.05426356589147,80,183.27278956563308,,,principal,
CPLD26,IPCA+,229.03349298315578,271.084241568763,-42.05074858560721,-0.7104858360677133,19.725026632415762,10.771319895518428,11,2026-09-24,distribuicao,90.69767441860465,625,114.01657654537905,,,principal,
CPLD29,IPCA+,248.67026166680927,279.6670862845814,-30.99682461777212,-0.5237196862064875,13.95971953543392,8.341788340049712,11,2026-09-24,distribuicao,94.57364341085271,2496,481.95119401518406,,,principal,
CPLD37,IPCA+,236.54246732091397,278.34987578430696,-41.80740846339299,-0.7063743822649773,21.670845419627227,10.357802814861222,11,2026-09-24,distribuicao,80.62015503875969,1340,97.286204880298,,,principal,
CPLDA1,IPCA+,273.51213238943456,282.8533851749944,-9.341252785559846,-0.15782900467888322,23.933244822480646,11.469878226042992,11,2026-09-24,distribuicao,84.49612403100775,1367,1162.8071676489253,,,principal,
CPLDC0,IPCA+,257.35445243600225,285.91278963713125,-28.558337201129007,-0.4825192122737292,23.58345190638542,14.757099462480033,11,2026-09-24,distribuicao,84.49612403100775,1200,596.168908868492,,,principal,
CRMG15,IPCA+,141.80336196324785,357.56339700920506,-215.7600350459572,-3.6454630189887847,-34.30415995609266,11.153265875098583,11,2026-09-24,rodovias,78.29457364341086,301,73.43758232638402,,,principal,
CRNP13,IPCA+,400.65203229397594,381.0399703325181,19.61206196145781,0.3313637142827797,5.919009267427157,10.268616262561771,11,2026-09-24,rodovias,59.689922480620154,1072,145.01698079667204,,,principal,
CRNP23,IPCA+,399.63024155926286,395.5926142226159,4.037627336646949,0.06821940465976223,28.028417027996113,14.597232134750689,11,2026-09-24,rodovias,44.96124031007752,1100,117.05039110603803,,,principal,
CRTA12,IPCA+,389.98763624102736,381.60812116228954,8.379515078737825,0.14157956699483773,34.675975610991316,26.231941692196518,11,2026-09-24,rodovias,17.829457364341085,270,211.00547185145396,,,principal,
CRTR12,IPCA+,385.4297194668542,377.460876230997,7.968843235857207,0.1346408908130213,-16.018123136849226,11.350631782583863,11,2026-09-24,rodovias,90.69767441860465,1310,468.4165564731092,,,principal,
CSMGA6,IPCA+,191.25047929964632,257.1438734192244,-65.89339411957809,-1.1133291269970802,-10.498351735795382,7.103199407594708,11,2026-09-24,saneamento,48.06201550387597,443,137.46439809627003,,,principal,
CSMGB8,IPCA+,59.022468008679624,238.71870317838312,-179.6962351697035,-3.0361321540531536,-0.12786397673103522,2.2573334283724216,11,2026-09-24,saneamento,44.18604651162791,190,51.745161698672014,,,principal,
CSMGB9,IPCA+,99.46426449933591,247.52082897785357,-148.05656447851766,-2.5015509958088407,-23.391790395403262,8.30696846390378,11,2026-09-24,saneamento,29.45736434108527,176,194.67602583506405,,,principal,
CSMGC0,IPCA+,84.16956472441207,254.51800374466248,-170.3484390202504,-2.8781925932599854,-10.603067752369967,5.5874354101905075,11,2026-09-24,saneamento,19.37984496124031,71,63.102084990272004,,,principal,
CSMGE1,IPCA+,91.84702641821453,263.93905626213956,-172.09202984392505,-2.907652154047507,4.958666789115213,3.9609862649667855,11,2026-09-24,saneamento,32.55813953488372,130,54.07144547005499,,,principal,
CSMGE2,IPCA+,105.80713470963322,254.11040065323218,-148.30326594359894,-2.5057192425719292,-5.070552894176217,4.837964475495434,11,2026-09-24,saneamento,28.68217054263566,154,450.317539414197,,,principal,
CSNP12,IPCA+,251.86202668040386,285.4028249867381,-33.54079830633424,-0.5667024471286309,-25.03811607501291,12.165800807551404,11,2026-09-24,geracao,35.65891472868217,160,108.07569784408904,,,principal,
CSRN29,IPCA+,283.2148648279848,264.1381412642087,19.076723563776113,0.3223186826995319,-3.6854097505412255,7.121030583127869,11,2026-09-24,distribuicao,21.705426356589147,61,44.29448193078599,,,principal,
CSRNA1,IPCA+,272.0942428735556,248.93311869585463,23.16112417770094,0.3913283646344952,1.6429198895316404,3.0638315517148826,11,2026-09-24,distribuicao,53.48837209302326,799,625.2491068424708,,,principal,
CSRNA4,IPCA+,273.2961811325373,272.9211765775748,0.3750045549625156,0.00633604474886654,7.077023735662067,10.38049450573235,11,2026-09-24,distribuicao,66.66666666666667,362,237.39865995542988,,,principal,
CSRNB2,IPCA+,300.8450453406971,294.4215868913418,6.42345844935528,0.10853020220425888,13.246230367588566,10.866206570582204,11,2026-09-24,distribuicao,87.59689922480621,4692,40.05556729348,,,principal,
CSRNB3,IPCA+,314.85094904307965,297.7153715609789,17.135577482100757,0.2895212452422418,19.297030797808986,10.171507472294453,11,2026-09-24,distribuicao,69.76744186046511,775,178.65917764081203,,,principal,
CSRNC0,IPCA+,266.0516964799137,259.0985490377643,6.953147442149373,0.11747978192779286,2.51299837410437,8.292732724955906,11,2026-09-24,distribuicao,47.286821705426355,231,299.9445733752781,,,principal,
CTEE18,IPCA+,200.39470648626357,195.00001490872197,5.394691577541607,0.09114824550612109,24.339946387822152,14.803354639937648,11,2026-09-24,transmissao,93.02325581395348,600,106.54277037299305,2053-09-29,23.75,principal,
CTEE1B,IPCA+,211.36776935742182,210.21197981771985,1.1557895397019706,0.019528120783907667,22.539000716869936,11.287917837313987,11,2026-09-24,transmissao,96.12403100775194,1095,43.478488776297006,2053-09-29,21.916666666666668,principal,
CTEE29,IPCA+,235.01316825996702,239.1111583678628,-4.097990107895782,-0.06923928885779931,2.3525104091895344,10.946791238746309,11,2026-09-24,transmissao,96.12403100775194,4031,76.39206042747196,2053-09-29,9.333333333333334,principal,
CTEE2B,IPCA+,249.1578621218702,254.31820699407052,-5.160344872200312,-0.08718874370236218,12.858163549031445,9.637759936332111,11,2026-09-24,transmissao,82.17054263565892,427,36.16826256427301,2053-09-29,13.916666666666666,principal,
CTGE11,IPCA+,259.54217239507744,214.9491781719609,44.592994223116534,0.7534393999877034,205.46756682908915,69.68413556129093,11,2026-09-24,integrada_gt,80.62015503875969,625,45.24703178012802,2044-01-29,15.166666666666666,principal,
CTGE13,IPCA+,201.5439324312298,232.4112263390505,-30.86729390782071,-0.5215311464574526,-4.0051263949125655,6.825263285801696,11,2026-09-24,integrada_gt,75.96899224806202,658,81.64321216420696,2044-01-29,14.333333333333334,principal,
CTGE15,IPCA+,224.39570764750775,231.30085129186972,-6.905143644361971,-0.11666871388376092,10.016150661288208,8.17154086374033,11,2026-09-24,integrada_gt,73.64341085271317,965,156.10632778256794,2044-01-29,12.75,principal,
CTNSA3,IPCA+,293.84003352837647,285.64590878968045,8.194124738696019,0.13844722773397228,-5.061586064581945,10.48688231450464,5,2026-10-02,distribuicao,46.51162790697674,641,160.076377118278,,,principal,
CTNSA5,IPCA+,313.4107261193651,291.69907588213664,21.71165023722847,0.366838177441789,22.780464204268014,11.166639935476638,11,2026-09-24,distribuicao,19.37984496124031,98,341.477541508016,,,principal,
CTRR11,IPCA+,154.91196744316295,235.04509397946273,-80.13312653629978,-1.3539224227591882,-40.73608759935871,14.756657638916913,11,2026-09-24,transmissao,7.751937984496124,47,5.718199042977001,2044-09-05,12.083333333333334,principal,
CUTI11,IPCA+,233.32358374956223,284.49064661729994,-51.16706286773771,-0.8645142991142053,1.2045519124116595,3.577056215971564,11,2026-09-24,geracao,41.08527131782946,133,121.49782830679399,,,principal,
DESK17,IPCA+,240.2554010078844,260.7713293795836,-20.515928371699232,-0.3466353635107723,-10.206033584029257,12.555345651384712,11,2026-09-24,telecom,31.782945736434108,168,132.17959465749996,,,principal,
DESK18,IPCA+,245.61385672323473,296.610615425051,-50.99675870181625,-0.8616368545554195,0.36828537451322063,7.601237187695671,11,2026-09-24,telecom,42.63565891472868,662,238.38976836741801,,,principal,
DESK19,IPCA+,264.9177527242127,276.9578809789377,-12.040128254725005,-0.2034289727804918,26.48753492990332,10.78893097496044,11,2026-09-24,telecom,88.37209302325581,902,1324.090933073799,,,principal,
EBAS13,IPCA+,315.0457878232507,259.0216577972901,56.024130025960574,0.9465788886118615,-20.772891043412983,9.06417663085345,11,2026-09-24,saneamento,22.48062015503876,163,133.22216130312302,,,principal,
EBENA8,IPCA+,235.85355415118545,284.182736752163,-48.32918260097756,-0.816565717892532,-16.855377910251093,11.939309406976792,11,2026-09-24,distribuicao,51.16279069767442,1023,279.43835173447604,,,principal,
ECER12,IPCA+,260.6336019196325,314.87298702537936,-54.23938510574686,-0.9164239917442311,29.185936679334134,10.5161804957102,11,2026-09-24,rodovias,96.12403100775194,1451,218.1908102379659,,,principal,
ECHP11,IPCA+,282.69659996714984,266.4776336328083,16.21896633434153,0.2740342620238836,12.31885598768622,5.975902426068231,11,2026-09-24,geracao,68.9922480620155,256,47.93099854452201,,,principal,
ECHP12,IPCA+,286.8985091133485,264.17527667560853,22.723232437739966,0.38392978340971756,5.037080075254835,6.1040665425237215,11,2026-09-24,geracao,34.10852713178294,92,4.752063178529,,,principal,
ECHP22,IPCA+,277.6718990204722,260.9609679835791,16.7109310368931,0.2823464553798847,12.833899367509105,9.50723192336482,11,2026-09-24,geracao,8.527131782945736,21,4.720062622262,,,principal,
ECOC13,IPCA+,319.6985423785424,310.02769817859576,9.670844199946657,0.1633977529054369,4.559733251175544,10.047418298466908,11,2026-09-24,rodovias,37.98449612403101,299,969.1291239599487,,,principal,
ECOV16,IPCA+,335.94501790526033,325.0310022653582,10.914015639902118,0.1844022707701812,3.021708894952212,9.90737670623813,11,2026-09-24,rodovias,69.76744186046511,637,319.830685605479,,,principal,
ECPN11,IPCA+,409.80593293004466,357.5858937161771,52.22003921386755,0.8823052970108669,-40.59783013382594,17.51668098591087,11,2026-09-24,rodovias,16.27906976744186,693,13.227868336656998,,,principal,
ECRD14,IPCA+,403.83612315937495,390.4726896354297,13.363433523945275,0.22578742494123585,4.161462937633928,9.419210335863516,11,2026-09-24,rodovias,75.1937984496124,672,270.394072218667,,,principal,
EDFT11,IPCA+,284.04448632718413,273.2565631300761,10.787923197108057,0.18227182368769998,-32.46816331531198,14.787408496201918,11,2026-09-24,transmissao,18.6046511627907,140,27.478110734838,2053-03-30,3.8333333333333335,principal,
EDPA11,IPCA+,219.1782529287193,257.50840931783006,-38.330156389110755,-0.6476230299035547,-27.640345374327495,11.523988657535561,11,2026-09-24,transmissao,37.98449612403101,299,51.81998261672801,2047-08-11,2.8333333333333335,principal,
EDPT11,IPCA+,218.15595510453957,238.72738146844202,-20.571426363902447,-0.34757305281992473,-36.77102920080944,12.783714939912157,11,2026-09-24,transmissao,21.705426356589147,62,2.908535804283,2047-02-10,13.75,principal,
EDTE12,IPCA+,206.37144912350143,199.21031264050396,7.1611364829974775,0.12099394689632012,-16.71125657445495,12.270062036236848,11,2026-09-24,transmissao,79.84496124031008,469,61.93358166461402,2046-12-01,18.0,principal,
EDVP17,IPCA+,279.90607239429426,275.2771041714271,4.628968222867172,0.07821064947890914,15.49333867949207,10.260372534078844,11,2026-09-24,distribuicao,22.48062015503876,99,9.118648323240999,,,principal,
EEELA0,IPCA+,226.34810210455137,215.83660472079848,10.511497383752896,0.1776013568894095,5.167515738258146,8.057069281615844,11,2026-09-24,transmissao,84.49612403100775,1942,188.9086729167019,2056-02-23,22.333333333333332,principal,
EEELA1,IPCA+,245.1019042763277,218.64724017707522,26.454664099252483,0.4469757322437096,11.09415158954269,6.244671289467065,11,2026-09-24,transmissao,88.37209302325581,1360,252.1609406922051,2056-02-23,21.833333333333332,principal,
EEELA4,IPCA+,241.18989957558006,214.24855280733425,26.941346768245808,0.45519868081442166,13.805839256907234,9.408204308075907,11,2026-09-24,transmissao,29.45736434108527,94,18.422683250493,2056-02-23,21.0,principal,
EEELB1,IPCA+,269.70813819238623,244.84576761831082,24.862370574075413,0.42007247761561367,21.12151564948371,15.550913401547326,11,2026-09-24,transmissao,33.333333333333336,289,20.483163608170006,2056-02-23,16.833333333333332,principal,
EEELB5,IPCA+,241.6875882951163,211.3465532025237,30.34103509259262,0.5126395227194317,15.146463777249977,9.589151350648148,11,2026-09-24,transmissao,31.782945736434108,378,238.897887576858,2056-02-23,20.75,principal,
EGIE27,IPCA+,196.7317715336242,258.6370376974092,-61.905266163785,-1.0459460596243748,127.0768791381275,40.443827695841875,11,2026-09-24,geracao,89.92248062015504,650,55.413660775006996,,,principal,
EGIE29,IPCA+,219.46676056532533,256.9311227498375,-37.4643621845122,-0.6329946453918143,-0.14647957496271147,4.023070205382675,11,2026-09-24,geracao,96.12403100775194,2363,103.24478880213805,,,principal,
EGIE49,IPCA+,208.5716425483849,264.85788108607676,-56.28623853769187,-0.9510074515117289,-15.695285610564099,6.467933776680762,11,2026-09-24,geracao,65.11627906976744,546,71.90642275681401,,,principal,
EGIEA0,IPCA+,255.78110633120522,316.16775634063924,-60.38665000943402,-1.0202876515250885,34.74328486206309,12.377860077368277,11,2026-09-24,geracao,93.02325581395348,657,30.372189856092994,,,principal,
EGIEA1,IPCA+,199.44015235656954,275.9353080222762,-76.49515566570668,-1.2924555794205654,-2.4047579060448925,9.372842123020602,11,2026-09-24,geracao,95.34883720930233,1251,556.2629795879229,,,principal,
EGIEA6,IPCA+,267.0762973828824,289.35180868811653,-22.275511305234147,-0.37636512561281793,35.43186715260049,10.770669276672217,11,2026-09-24,geracao,91.47286821705427,2610,1213.0566746365675,,,principal,
EGIEB1,IPCA+,252.98690961067857,308.04562715143084,-55.05871754075227,-0.9302673621878539,-0.13619980616664407,8.700165972459121,11,2026-09-24,geracao,42.63565891472868,134,5.47981021297,,,principal,
EGIEB2,IPCA+,222.98484114053767,278.9080357128573,-55.92319457231966,-0.944873491857201,15.504152117030287,5.891930488212827,11,2026-09-24,geracao,71.31782945736434,724,210.43040709827903,,,principal,
EGIEB4,IPCA+,203.48290419533865,261.31408814972434,-57.83118395438569,-0.9771107165659542,3.0557851243254106,7.228124710543242,11,2026-09-24,geracao,70.54263565891473,527,598.071489920967,,,principal,
EGIEB5,IPCA+,238.37431152159868,281.4853368979396,-43.111025376340905,-0.7284001816493151,25.375940722165296,8.922817477894784,11,2026-09-24,geracao,96.12403100775194,2298,401.4999275365043,,,principal,
EGVG11,IPCA+,227.71873429515082,217.36677599399354,10.351958301157282,0.17490579825380848,-13.492627223382328,10.888497257810208,11,2026-09-24,outros_corporativo,20.930232558139537,86,10.872657379541,,,principal,
EGVG21,IPCA+,227.34912249685303,222.99753882005524,4.351583676797787,0.07352398401503142,-7.8971524382386065,7.95379998837921,11,2026-09-24,outros_corporativo,20.930232558139537,99,82.64395878188098,,,principal,
EKTRA6,IPCA+,302.4014753162179,315.6517432782758,-13.250267962057876,-0.2238753893281728,38.98852550034985,15.251969004996857,11,2026-09-24,distribuicao,79.06976744186046,1766,204.04665648207495,,,principal,
EKTRA8,IPCA+,275.308794005723,272.3407186065451,2.968075399177849,0.050148346995626626,6.2510594237542705,9.9923665760434,11,2026-09-24,distribuicao,87.59689922480621,1687,593.0004387799781,,,principal,
EKTRB3,IPCA+,289.969140564467,283.21203908512075,6.757101479346261,0.1141674061800388,3.6038178664563247,8.0745371403286,11,2026-09-24,distribuicao,58.91472868217054,306,98.417147182786,,,principal,
EKTRB6,IPCA+,315.83104019302436,314.6056654536452,1.2253747393791627,0.020703826340491036,37.20341246860488,11.969777546550523,11,2026-09-24,distribuicao,82.94573643410853,2147,133.93935782586203,,,principal,
EKTRC0,IPCA+,261.7255560785007,274.5828019220815,-12.857245843580813,-0.21723492137381978,-7.766659473475556,9.46134082977261,11,2026-09-24,distribuicao,73.64341085271317,625,62.67523736754401,,,principal,
EKTRC1,IPCA+,259.200167943345,263.06633391042135,-3.8661659670763697,-0.06532240808752132,-3.5963376830007405,7.530512774332528,11,2026-09-24,distribuicao,76.74418604651163,460,237.07187141391302,,,principal,
EKTT11,IPCA+,312.80345224246264,281.03753818440555,31.765914058057092,0.5367141553270383,22.379114515203412,10.986753051670783,11,2026-09-24,outros_corporativo,88.37209302325581,1469,278.19633800731884,2052-09-30,14.333333333333334,principal,
ELDC15,IPCA+,347.26979898351163,268.54102446522637,78.72877451828526,1.3301946116924919,-33.14538942672016,16.87467207367758,11,2026-09-24,papel_celulose,72.86821705426357,298,831.8707512813492,,,principal,
ELET14,IPCA+,225.21943971856146,218.03386857520795,7.185571143353513,0.12140679281883077,8.568333749389552,9.686042702613324,11,2026-09-24,integrada_gt,96.12403100775194,8188,942.1737757423406,2043-01-01,11.333333333333334,principal,
ELET16,IPCA+,246.53665395404568,247.60298405198364,-1.0663300979379642,-0.018016621740163993,-1.562808090942184,6.1953041468219086,11,2026-09-24,integrada_gt,96.12403100775194,3956,284.068307271227,2043-01-01,8.333333333333334,principal,
ELET23,IPCA+,219.7139312508988,230.86625684132844,-11.152325590429626,-0.18842873522417536,7.124532265184428,10.31046884789526,11,2026-09-24,integrada_gt,96.12403100775194,4353,224.66137114169896,2043-01-01,11.75,principal,
ELET42,IPCA+,227.9465339380104,218.66339929669735,9.28313464131304,0.1568470455058656,-10.696029925084531,10.187064472602609,11,2026-09-24,integrada_gt,96.12403100775194,1979,201.13837865210192,2043-01-01,13.666666666666666,principal,
ELPLC8,IPCA+,447.3635026155688,258.42280399679066,188.94069861877813,3.1923258144166997,-62.79451075900863,26.52588141682905,11,2026-09-24,distribuicao,48.06201550387597,287,398.4776790417,,,principal,
ELTE12,IPCA+,201.83321607568118,256.48627979794435,-54.65306372226317,-0.9234134701151231,-19.363552727937616,14.970443785457071,11,2026-09-24,transmissao,51.93798449612403,213,130.022539887647,2044-09-05,5.166666666666667,principal,
ELTN15,IPCA+,223.6190562516969,229.33796433722245,-5.718908085525555,-0.0966261797757805,9.310153141227346,7.8642606349397,11,2026-09-24,integrada_gt,93.02325581395348,1530,251.18061505886305,2043-01-01,11.75,principal,
ELTN27,IPCA+,236.95423030665233,266.15723007966295,-29.202999773010617,-0.4934113757136361,8.369565020414484,8.340876733391429,11,2026-09-24,integrada_gt,91.47286821705427,654,215.956039859645,2043-01-01,10.5,principal,
ELTN37,IPCA+,247.8411654715567,277.59082046670824,-29.74965499515153,-0.5026476153908651,9.94459077579836,9.652785871244507,11,2026-09-24,integrada_gt,96.12403100775194,2660,277.0322998810431,2043-01-01,7.5,principal,
ENAT11,IPCA+,369.5191418381255,345.9351356553028,23.58400618282269,0.3984733426687211,9.711557101223093,9.42084566636886,11,2026-09-24,energia_diversificada,96.12403100775194,1922,285.344372839943,,,principal,
ENAT12,IPCA+,380.88882822267396,364.1328253296565,16.756002893017467,0.2831079855894231,11.505344103884113,12.610014992936831,11,2026-09-24,energia_diversificada,86.04651162790698,422,25.677827203183,,,principal,
ENAT13,IPCA+,368.9392509972432,331.47045766520233,37.46879333204089,0.6330695136798365,-10.482898940981784,11.515769257114046,11,2026-09-24,energia_diversificada,95.34883720930233,1468,202.95073051624698,,,principal,
ENAT14,IPCA+,350.4121173114923,335.3021178592787,15.109999452213572,0.2552972528404189,-22.234241139802293,12.713324162744286,11,2026-09-24,energia_diversificada,84.49612403100775,546,215.59093478775387,,,principal,
ENAT24,IPCA+,396.4515646659507,355.01717493178114,41.43438973416954,0.7000718898572216,16.39711191789837,14.056890423499501,11,2026-09-24,energia_diversificada,78.29457364341086,667,88.35251334193298,,,principal,
ENAT33,IPCA+,407.4313475811277,348.0503507784557,59.38099680267197,1.0032962213262677,21.796211594641306,9.082541788507914,11,2026-09-24,energia_diversificada,96.12403100775194,1447,206.89471265812205,,,principal,
ENERA1,IPCA+,275.64274152621323,258.67411119971496,16.96863032649827,0.2867005204414482,11.225564905771705,10.734708206567898,11,2026-09-24,distribuicao,24.8062015503876,116,102.63200118705599,,,principal,
ENERB4,IPCA+,309.59562669424975,298.0388320622109,11.556794632038873,0.19526260940851298,16.40439157308407,7.863564277634324,11,2026-09-24,distribuicao,84.49612403100775,1188,70.53152894804998,,,principal,
ENERB7,IPCA+,318.70209298759335,296.7276592156441,21.974433771949236,0.3712781454721041,18.263636410383697,8.190878400203388,11,2026-09-24,distribuicao,91.47286821705427,2387,274.3538094394539,,,principal,
ENERB8,IPCA+,293.2692760262053,284.3477454176215,8.921530608583794,0.15073741482958722,10.200222835573925,13.512820309938713,11,2026-09-24,distribuicao,30.232558139534884,563,243.244653474623,,,principal,
ENERC7,IPCA+,321.48900819868084,312.72428270863054,8.764725490050296,0.1480880490159403,30.000375122182447,11.833598481370863,11,2026-09-24,distribuicao,81.3953488372093,1033,204.13216010183004,,,principal,
ENEV13,IPCA+,267.16426257033794,249.80218681327466,17.36207575706328,0.29334814064047793,55.88532500729855,19.187527786557478,11,2026-09-24,geracao,91.47286821705427,666,34.257922844159,,,principal,
ENEV15,IPCA+,250.48525238179678,264.60410354196614,-14.118851160169356,-0.23855089643474128,11.971043061074909,7.652928198766672,11,2026-09-24,geracao,95.34883720930233,1728,96.884596693555,,,principal,
ENEV16,IPCA+,243.55473785579235,271.34370684953535,-27.788968993742998,-0.4695200331281845,10.846514839393933,7.345244379181711,11,2026-09-24,geracao,92.24806201550388,885,54.65310738811199,,,principal,
ENEV18,IPCA+,271.14588598421966,276.3970477754716,-5.2511617912519455,-0.08872317856575432,15.552539457653893,8.937352437903373,11,2026-09-24,geracao,96.12403100775194,1821,109.82505041597304,,,principal,
ENEV19,IPCA+,273.56288218822596,277.08229612880257,-3.5194139405766123,-0.05946371563275306,18.47966240998724,9.611024310158578,11,2026-09-24,geracao,96.12403100775194,2546,100.583664931127,,,principal,
ENEV26,IPCA+,282.54837918747035,297.96802946091117,-15.419650273440823,-0.26052908651778645,10.001549507108336,8.894745063257483,11,2026-09-24,geracao,96.12403100775194,3492,64.37852933345097,,,principal,
ENEV28,IPCA+,297.5709955547249,304.2164565489702,-6.645460994245298,-0.11228113813335981,21.47867080541073,9.598134020158954,11,2026-09-24,geracao,96.12403100775194,995,53.69289528895099,,,principal,
ENEV29,IPCA+,309.2368535798597,303.0443771702312,6.192476409628512,0.1046275495017082,37.566786392983204,12.339536394166325,11,2026-09-24,geracao,96.12403100775194,3284,78.27493261865898,,,principal,
ENEV32,IPCA+,266.9295417175419,259.57256876814813,7.356972949393764,0.12430278301077959,8.017934969414057,9.192380141767956,11,2026-09-24,geracao,95.34883720930233,1104,141.560615030357,,,principal,
ENEV39,IPCA+,302.72143885144885,322.00642120106977,-19.28498234962092,-0.3258374052563531,24.2735127930369,9.968650046968428,11,2026-09-24,geracao,96.12403100775194,1793,67.361255465325,,,principal,
ENEVA0,IPCA+,276.4301272738454,286.1665678852647,-9.736440611419312,-0.1645060642391415,8.809205238882043,8.916704768343243,11,2026-09-24,geracao,95.34883720930233,1608,81.64412386964402,,,principal,
ENEVA4,IPCA+,304.79246763501436,288.160156353488,16.63231128152637,0.2810181027464124,26.49222973883883,8.6968742065237,11,2026-09-24,geracao,82.94573643410853,1050,893.9137607415782,,,principal,
ENEVB0,IPCA+,312.66857953434135,303.7175542006513,8.95102533369004,0.15123575517147286,27.38797643332248,9.531729227102373,11,2026-09-24,geracao,96.12403100775194,1294,151.34198696109306,,,principal,
ENEVB4,IPCA+,307.26215481709585,307.8343278329643,-0.5721730158684295,-0.009667386128146285,28.01054458992479,10.052827410903781,11,2026-09-24,geracao,87.59689922480621,867,188.52347283654498,,,principal,
ENGI39,IPCA+,229.1525651761333,331.25044399799003,-102.09787882185674,-1.7250369906688192,31.390515995561998,27.288019681257285,11,2026-09-24,energia_diversificada,38.75968992248062,194,18.811474147779993,,,principal,
ENGIA4,IPCA+,145.64577478492316,316.86897883432613,-171.22320404940297,-2.8929725480528234,44.13758133160054,15.559282396144884,11,2026-09-24,energia_diversificada,13.953488372093023,55,57.76293697978898,,,principal,
ENGIA5,IPCA+,275.6149843665714,334.89523482243766,-59.28025045586628,-1.0015940197044513,14.29225767469859,10.26826997765902,11,2026-09-24,energia_diversificada,80.62015503875969,773,60.32116784268801,,,principal,
ENGIA6,IPCA+,284.8218716957237,322.0682814177941,-37.24640972207038,-0.6293121393078681,12.09198265930496,8.85568946337927,11,2026-09-24,energia_diversificada,92.24806201550388,1003,102.489640802943,,,principal,
ENGIA9,IPCA+,279.4129483009223,337.13141955451954,-57.718471253597215,-0.9752063324551191,17.49584223508549,12.004103238903356,11,2026-09-24,energia_diversificada,79.06976744186046,566,25.844428116153004,,,principal,
ENGIB0,IPCA+,274.874716309915,334.68468580749766,-59.80996949758264,-1.010544107131995,13.072867838153911,8.1133245333685,11,2026-09-24,energia_diversificada,93.7984496124031,1204,361.43885828020115,,,principal,
ENGIB2,IPCA+,308.20695129561045,352.5696505943948,-44.36269929878432,-0.7495483567278379,12.42616119233378,7.234892290729612,11,2026-09-24,energia_diversificada,96.12403100775194,3816,258.31329191940904,,,principal,
ENGIB4,IPCA+,249.91456601169534,329.0779455885338,-79.16337957683845,-1.3375376614305199,13.151595243983962,5.7045077414333925,11,2026-09-24,energia_diversificada,89.92248062015504,849,86.94384951946702,,,principal,
ENGIB6,IPCA+,276.7350579393631,345.3408535930035,-68.60579565364037,-1.1591576303293416,17.784683654905734,8.62173903773669,11,2026-09-24,energia_diversificada,91.47286821705427,1711,42.7259720057,,,principal,
ENGIB9,IPCA+,284.71611933297,338.3076744456098,-53.59155511263981,-0.9054783118273712,7.805315379782087,8.63408650224294,11,2026-09-24,energia_diversificada,96.12403100775194,3784,524.9473878887922,,,principal,
ENGIC0,IPCA+,317.2503525804783,364.4229059284405,-47.17255334796221,-0.7970234093846102,13.599169037878596,10.36218207823559,11,2026-09-24,energia_diversificada,96.12403100775194,3941,311.7555609678561,,,principal,
ENJG21,IPCA+,289.2651226669774,265.87687100279436,23.38825166418303,0.3951658911365185,80.16166785074341,29.81534666185426,11,2026-09-24,geracao,69.76744186046511,581,203.91047940424508,,,principal,
ENMI21,IPCA+,294.1080581794011,269.60890771179754,24.499150467603556,0.4139355418961961,119.33110544147058,40.20489455426569,11,2026-09-24,geracao,65.89147286821705,406,84.92864317062597,,,principal,
ENMTA3,IPCA+,190.03863547684733,261.5806893922379,-71.54205391539057,-1.2087683977039885,3.448951252158622,16.65469972337756,11,2026-09-24,distribuicao,42.63565891472868,199,29.413033313088,,,principal,
ENMTA4,IPCA+,278.839270517948,275.93521622762205,2.9040542903259734,0.04906665183968889,16.50378083875279,8.5741083000545,11,2026-09-24,distribuicao,92.24806201550388,865,179.98993332340098,,,principal,
ENMTA5,IPCA+,262.59709885555765,263.64832316194753,-1.0512243063898836,-0.017761395583710357,-7.24828708785742,7.388227624210367,11,2026-09-24,distribuicao,78.29457364341086,488,51.66186781347102,,,principal,
ENMTA7,IPCA+,273.112503816181,257.7791402050066,15.333363611174377,0.2590711944839012,11.333090439124419,9.70241716846567,11,2026-09-24,distribuicao,20.930232558139537,112,59.798122972253005,,,principal,
ENMTB3,IPCA+,253.85732899816847,272.0175624437656,-18.16023344559713,-0.30683374438656535,11.310131676414414,7.3863507113045985,11,2026-09-24,distribuicao,34.883720930232556,176,17.38287878371,,,principal,
ENMTB5,IPCA+,275.65249283484536,274.8154353296983,0.8370575051470723,0.014142851706205464,14.570801620930467,10.165949007960066,11,2026-09-24,distribuicao,23.25581395348837,144,70.803957316522,,,principal,
ENMTC5,IPCA+,315.112775013176,293.094515856614,22.01825915656201,0.3720186154060508,23.261359280824877,9.737492972506155,11,2026-09-24,distribuicao,76.74418604651163,634,296.7037166164311,,,principal,
ENMTC6,IPCA+,332.74335211625373,307.0559234404785,25.68742867577521,0.43401258843188717,31.0348101312357,13.432479021535551,11,2026-09-24,distribuicao,26.356589147286822,116,107.69221471403701,,,principal,
ENMTD2,IPCA+,310.52885305227323,283.42744647523614,27.101406577037096,0.45790303759509593,16.0315155449926,8.034382609646144,11,2026-09-24,distribuicao,11.627906976744185,66,130.064134957628,,,principal,
ENMTD5,IPCA+,325.9526704484543,294.90270538915865,31.04996505929563,0.5246175425418622,45.70356328468449,14.523386304483969,11,2026-09-24,distribuicao,14.728682170542635,186,193.72090623151198,,,principal,
ENMTD9,IPCA+,290.88032327030464,284.00955364636013,6.870769623944511,0.11608793338741402,8.105426937775576,11.949794731956603,11,2026-09-24,distribuicao,28.68217054263566,491,172.89938495361005,,,principal,
ENMTE6,IPCA+,319.7256608604648,287.6768413616356,32.04881949882923,0.5414941013535852,27.38954861081504,11.274558378255449,11,2026-09-24,distribuicao,18.6046511627907,141,106.74226167239301,,,principal,
ENMTF8,IPCA+,305.4315165967437,287.0908127458682,18.340703850875457,0.3098829568522749,9.777608593159755,9.95232501272964,11,2026-09-24,distribuicao,54.263565891472865,1078,964.4229748500517,,,principal,
ENMTG8,IPCA+,326.8690916252956,302.5028356607093,24.366255964586287,0.41169016778846035,41.96258227333999,14.360694231200275,11,2026-09-24,distribuicao,16.27906976744186,442,193.203473266678,,,principal,
ENSEA1,IPCA+,257.36631209316977,261.97697755412617,-4.6106654609563975,-0.0779014075858177,-40.384645154878854,22.387015792839698,11,2026-09-24,distribuicao,57.36434108527132,225,7.349189410135001,,,principal,
ENSEA5,IPCA+,291.14428287754464,292.15182568276725,-1.007542805222613,-0.017023356692099673,11.114234985341284,14.648595956473711,11,2026-09-24,distribuicao,16.27906976744186,264,306.47840612749496,,,principal,
ENSEB4,IPCA+,306.9925342285191,298.0468320980935,8.945702130425616,0.15114581478636455,20.46870457034322,10.340575813413764,11,2026-09-24,distribuicao,79.84496124031008,3910,118.25283718847099,,,principal,
ENSEB5,IPCA+,309.1989798652434,319.41253776664485,-10.21355790140143,-0.17256739698771784,22.95467692014688,12.25230287571326,11,2026-09-24,distribuicao,0.0,0,0.0,,,principal,
ENSEC4,IPCA+,322.0184170026964,308.7460376476247,13.272379355071735,0.22424898152523182,41.51613031034748,12.739492853640593,11,2026-09-24,distribuicao,48.06201550387597,176,118.44887642220101,,,principal,
ENTV12,IPCA+,316.32174393528334,349.87058009091953,-33.548836155636195,-0.5668382539400094,51.12352888726042,14.981308482236614,11,2026-09-24,rodovias,96.12403100775194,1956,378.89734694367877,,,principal,
ENTV13,IPCA+,357.11026778579543,370.5387768610429,-13.428509075247462,-0.22688693586624056,68.40639889577403,25.20505277343462,11,2026-09-24,rodovias,86.04651162790698,1784,634.4992222633308,,,principal,
EPRL12,IPCA+,378.3900639309752,391.28940091921015,-12.89933698823495,-0.21794608973839147,-18.499319887980164,9.550920754907613,11,2026-09-24,rodovias,26.356589147286822,93,154.65542928987702,,,principal,
EQMAA0,IPCA+,282.58733190999317,268.8108914124719,13.776440497521264,0.23276555529070048,23.187256939937072,10.43412129882051,11,2026-09-24,distribuicao,50.3875968992248,229,267.63375024141203,,,principal,
EQMAA2,IPCA+,316.94812297576857,293.4411551652556,23.506967810512947,0.39717170894754356,18.893381941896223,7.111616435629149,11,2026-09-24,distribuicao,86.04651162790698,1052,223.41063255900403,,,principal,
EQPA18,IPCA+,314.2238848755012,285.46205796987954,28.76182690562166,0.4859573568416744,30.239002173836298,12.092362439340272,11,2026-09-24,distribuicao,96.12403100775194,2966,499.650716253455,,,principal,
EQPA19,IPCA+,310.12406554635226,289.5132542404703,20.610811305881953,0.34823849741656066,30.760985966534463,11.455091078895602,11,2026-09-24,distribuicao,96.12403100775194,2751,927.6687657912163,,,principal,
EQPAA1,IPCA+,332.01151630723984,291.5865209371015,40.42499537013833,0.6830172493865352,29.75350942355078,12.698145035461241,11,2026-09-24,distribuicao,72.09302325581395,417,742.7006678708431,,,principal,
EQSP11,IPCA+,287.4862512492437,221.46117092831756,66.02508032092615,1.1155540857436026,17.901793552992103,10.813787616690727,11,2026-09-24,transmissao,31.782945736434108,130,6.892991101237998,2047-02-10,14.083333333333334,principal,
EQSP21,IPCA+,286.2383727667454,224.5038635290429,61.7345092377025,1.0430609652687988,7.040707321571858,10.703997138337659,11,2026-09-24,transmissao,28.68217054263566,83,3.490197527649999,2047-02-10,13.083333333333334,principal,
EQTC11,IPCA+,293.7331543454611,248.3628234712123,45.37033087424882,0.7665732132743194,6.129983082996546,13.400265406392622,11,2026-09-24,transmissao,38.75968992248062,118,5.647418942425,2047-02-10,7.833333333333333,principal,
EQTN11,IPCA+,266.1887658431234,217.88785765620355,48.300908186919855,0.8160879958213014,11.045607803065309,5.134804177486372,11,2026-09-24,transmissao,19.37984496124031,49,3.7403075046530003,2047-02-10,14.083333333333334,principal,
EQTR11,IPCA+,295.42686962981145,243.57709779050188,51.84977183930957,0.8760492912552056,3.2288637715122377,13.1447309769852,11,2026-09-24,transmissao,53.48837209302326,234,10.459682456236003,2047-07-21,8.25,principal,
EQTR21,IPCA+,295.603298308934,244.5195815307519,51.083716778182065,0.8631060907442553,8.070635841769388,13.38087525569918,11,2026-09-24,transmissao,51.16279069767442,262,6.967111791972998,2047-07-21,8.25,principal,
EQTS11,IPCA+,289.33575375929547,218.45622970655043,70.87952405274504,1.1975743500540819,24.58249753790801,10.439370474573813,11,2026-09-24,transmissao,28.68217054263566,91,4.415153400214001,2047-02-10,14.083333333333334,principal,
EQUA11,IPCA+,280.04370529950506,230.21884087079656,49.82486442870851,0.8418366295792369,14.703969574198084,13.94822221892565,11,2026-09-24,transmissao,91.47286821705427,792,70.14063395487298,,,principal,
ERDVA4,IPCA+,332.74554631403674,334.6004200778739,-1.8548737638371335,-0.03133978778563193,0.946511392935065,14.651098445135322,11,2026-09-24,rodovias,93.7984496124031,2839,160.13220329573204,,,principal,
ERDVB4,IPCA+,369.9357574094932,345.41503443645416,24.520722973039028,0.41430002909501956,0.6379269261458376,10.959996876875994,11,2026-09-24,rodovias,95.34883720930233,4912,316.482441078699,,,principal,
ERDVC3,IPCA+,358.8412981430733,351.5861893432904,7.2551087997828745,0.12258169508878261,-1.9617875873978505,11.213365546224548,11,2026-09-24,rodovias,74.4186046511628,536,48.360974474616995,,,principal,
ERDVC4,IPCA+,391.6681188438585,372.3797971848718,19.288321658986717,0.3258938259405608,3.1914020125393563,12.213353824794874,11,2026-09-24,rodovias,95.34883720930233,2947,80.61527269678093,,,principal,
ESAM14,IPCA+,219.2932225214766,292.04848428571756,-72.75526176424097,-1.2292666533072054,-33.93843722427138,14.942467567658614,11,2026-09-24,geracao,54.263565891472865,247,44.14175733114299,,,principal,
ESCEA5,IPCA+,228.19264479656715,278.37087081463403,-50.17822601806688,-0.8478069966403223,-25.257399872414425,11.97214995187554,11,2026-09-24,distribuicao,6.976744186046512,72,15.124318914187999,,,principal,
ESSDA4,IPCA+,295.98172266309905,287.4726623185291,8.509060344569946,0.14376835267878277,19.05262227419837,11.061471776141405,11,2026-09-24,distribuicao,42.63565891472868,354,36.949923132717,,,principal,
ESSDA5,IPCA+,316.1954663125867,294.47502155833376,21.720444754252924,0.3669867688460112,28.283346484468723,11.231683102566814,11,2026-09-24,distribuicao,34.883720930232556,104,14.545605674678004,,,principal,
ESSDB5,IPCA+,333.2844710623878,305.87180285469833,27.412668207689478,0.4631620873701468,34.77986922923486,14.59230120811558,11,2026-09-24,distribuicao,8.527131782945736,36,55.64436849303601,,,principal,
ESULA6,IPCA+,277.55661645495167,276.5960161155514,0.9606003394002869,0.016230220821784377,10.404612364943887,8.841033870172215,11,2026-09-24,distribuicao,91.47286821705427,1224,86.70145221385101,,,principal,
ETBA12,IPCA+,202.9289853771673,198.31984273411746,4.609142643049836,0.077875678185274,-7.270442531755606,9.02293850757587,11,2026-09-24,transmissao,95.34883720930233,1296,116.57469863143699,2046-09-29,17.583333333333332,principal,
ETEN12,IPCA+,226.85423238746705,211.58215768284597,15.272074704621076,0.2580356623833121,27.98062291161432,23.18954019858136,11,2026-09-24,transmissao,24.8062015503876,151,30.481255423661004,,,principal,
ETEN21,IPCA+,189.05986535859765,221.07383369517908,-32.01396833658143,-0.5409052591098579,36.598838149578256,23.43347128133764,11,2026-09-24,transmissao,56.58914728682171,299,14.353680821394006,,,principal,
ETEN22,IPCA+,259.7773591053004,221.30235057428354,38.47500853101684,0.6500704392508301,8.948467780706437,5.605133989308959,11,2026-09-24,transmissao,22.48062015503876,70,33.682219279127,,,principal,
ETSP12,IPCA+,297.5322519129068,244.5645106612893,52.967741251617525,0.8949384064153009,11.28049830447219,13.223192684772533,11,2026-09-24,transmissao,65.89147286821705,307,12.671203370207001,2047-02-10,7.833333333333333,principal,
EUBE11,IPCA+,201.15944815289367,278.7658890109427,-77.60644085804904,-1.3112317585742768,-5.470570380981684,11.132885660366773,11,2026-09-24,outros_corporativo,19.37984496124031,63,4.270855630206,,,principal,
EXTZ11,IPCA+,302.8544394013356,241.39619605163603,61.45824334969956,1.0383932005555223,-20.262921326427204,15.333172170074551,11,2026-09-24,integrada_gt,39.53488372093023,421,51.782012752954984,2043-01-01,14.0,principal,
FBRI13,IPCA+,198.77323504855957,275.8642757952853,-77.09104074672575,-1.302523602564701,37.18303128236704,17.08539402466697,11,2026-09-24,telecom,71.31782945736434,1007,242.95579057604493,,,principal,
FLCLA9,IPCA+,317.07801488137096,287.32555186781804,29.752463013552926,0.5026950594285746,24.612477205602715,10.974447727552318,11,2026-09-24,distribuicao,28.68217054263566,225,146.85534786141204,,,principal,
FLCLB9,IPCA+,334.40199926178303,309.2542965136082,25.147702748174822,0.42489342552000897,31.602005260026942,13.556657454308846,11,2026-09-24,distribuicao,27.131782945736433,150,25.583737349754,,,principal,
FRAG14,IPCA+,312.9927726281885,354.51040180774567,-41.51762917955716,-0.7014782963764691,-25.140894102700656,13.911118449298328,11,2026-09-24,agro_acucar_etanol,16.27906976744186,263,52.003263988682,,,principal,
FRAG16,IPCA+,324.7698553381069,371.86515099612774,-47.09529565802086,-0.7957180700915679,-34.57005305168019,16.24227433638742,11,2026-09-24,agro_acucar_etanol,9.30232558139535,144,10.051688986145999,,,principal,
FSII14,IPCA+,517.4238447144493,356.3971020141318,161.02674270031747,2.720694012944492,14.428979509358555,13.920119091963988,11,2026-09-24,agro_acucar_etanol,39.53488372093023,114,140.12635888200305,,,principal,
FURN21,IPCA+,235.46109784561946,217.2317478632915,18.22934998232796,0.30800153145426373,1.7989451308608864,7.232421171304969,11,2026-09-24,integrada_gt,95.34883720930233,1702,153.82349937523009,,,principal,
GASC15,IPCA+,371.7313721497163,319.6335985437379,52.09777360597843,0.8802395078022258,10.98920034230332,12.233922954375403,11,2026-09-24,ferrovias,70.54263565891473,468,180.60649558421895,,,principal,
GASC16,IPCA+,376.09336906515676,321.1395093473662,54.95385971779058,0.9284956934180695,15.493746148515243,16.64195520166867,11,2026-09-24,ferrovias,79.84496124031008,618,200.21670510817597,,,principal,
GASC17,IPCA+,372.50912455194447,323.22685114964924,49.28227340229523,0.8326690582039196,30.297844673178872,18.45507015727176,11,2026-09-24,ferrovias,49.6124031007752,380,76.99284000037801,,,principal,
GASC18,IPCA+,376.1855922124832,332.37514559357237,43.81044661891082,0.7402175428855641,4.940374587270412,8.936253469490186,11,2026-09-24,ferrovias,81.3953488372093,590,139.276187880803,,,principal,
GASC19,IPCA+,396.94548806354743,330.10717785174353,66.8383102118039,1.129294348125835,49.565398814453545,20.980388995898902,11,2026-09-24,ferrovias,64.34108527131782,565,268.03676690630397,,,principal,
GASC22,IPCA+,334.1536331903967,300.0147668465382,34.138866343858524,0.576807353318369,13.321132456232078,14.747182731490486,11,2026-09-24,ferrovias,89.14728682170542,982,37.213292135592,,,principal,
GASC23,IPCA+,359.2741559073981,321.704702528372,37.56945337902607,0.6347702571872985,22.75565643649918,16.295900466737567,11,2026-09-24,ferrovias,89.92248062015504,511,76.208777604911,,,principal,
GASC25,IPCA+,387.1845486882561,339.19322092456497,47.99132776369112,0.8108573515824697,17.570829961551794,11.575664454086116,11,2026-09-24,ferrovias,94.57364341085271,2495,341.1715223723247,,,principal,
GASC26,IPCA+,388.1101158683425,338.34460125393355,49.76551461440897,0.840833860214805,36.111900318529365,17.408841520604753,11,2026-09-24,ferrovias,38.75968992248062,466,22.703926613594,,,principal,
GASC27,IPCA+,371.43818696351985,321.8765843942008,49.561602569319064,0.8373885798164065,7.545470831600596,13.57104099368796,11,2026-09-24,ferrovias,23.25581395348837,245,65.36830948910998,,,principal,
GASC28,IPCA+,394.4578231925455,331.30389345301774,63.15392973952777,1.0670433721436232,32.622918453905186,17.98227752490602,11,2026-09-24,ferrovias,88.37209302325581,1262,398.9482656502809,,,principal,
GASP19,IPCA+,228.7658377981413,232.4443189523607,-3.678481154219412,-0.062151301611059466,-11.65508802753817,8.270738992120709,11,2026-09-24,distribuicao_gas,80.62015503875969,757,63.805994964897046,,,principal,
GASP29,IPCA+,257.2032700498592,262.1794682451497,-4.976198195290465,-0.08407741726694731,-0.9549473235123855,9.878391121155914,11,2026-09-24,distribuicao_gas,90.69767441860465,538,31.055970926762004,,,principal,
GSTS14,IPCA+,519.4064023632477,263.84527074113134,255.56113162211636,4.317938927943306,1.4099698382235601,15.82621373972459,11,2026-09-24,saneamento,78.29457364341086,483,134.15852509577698,,,principal,
HARG11,IPCA+,374.0756961147441,364.4016390274959,9.67405708724823,0.16345203757330676,-5.179166847495594,11.205247236670763,11,2026-09-24,rodovias,96.12403100775194,4117,595.611915568088,,,principal,
HBSA11,IPCA+,248.9154218300612,254.26665129713814,-5.351229467076934,-0.09041391342097647,-17.00068443205427,9.064620488199232,11,2026-09-24,logistica,93.02325581395348,758,112.584665477155,,,principal,
HBSA21,IPCA+,251.69826813266968,273.526483521739,-21.828215389069328,-0.368807652234691,-30.306220443291863,10.232699892367835,11,2026-09-24,logistica,80.62015503875969,447,49.706358803373,,,principal,
HSBH11,IPCA+,365.6007972454188,290.26329587050594,75.33750137491285,1.2728959519623861,-32.470882610298474,19.577613437228834,11,2026-09-24,outros_corporativo,15.503875968992247,154,44.17639334249601,,,principal,
HVSP11,IPCA+,446.91365442112317,301.72382061010046,145.1898338110227,2.453114960694516,5.896055179288908,9.008502246550952,11,2026-09-24,geracao,93.02325581395348,2623,421.87491873042023,,,principal,
HZTC14,IPCA+,274.99158899157294,296.8323845025743,-21.840795511001375,-0.36902020489425963,-57.76311687128867,24.291643746372582,11,2026-09-24,saneamento,67.44186046511628,351,109.91983375061399,,,principal,
IBPB11,IPCA+,253.9339428605949,245.834000526965,8.099942333629883,0.13685592990796439,-28.220247200532157,22.44996834042329,11,2026-09-24,transmissao,51.16279069767442,99,5.270835985759,2048-03-08,7.333333333333333,principal,
IPIPA5,IPCA+,220.91543002105217,220.03140622943155,0.8840237916206206,0.01493639004819769,-8.4783174275546,6.374617379975449,11,2026-09-24,oleo_gas,6.976744186046512,45,33.77743062581799,,,principal,
ISAEA8,IPCA+,220.7323640819942,215.9179155566834,4.814448525310809,0.08134450873678843,16.69554291877637,11.548542137721348,11,2026-09-24,transmissao,79.06976744186046,571,201.5168524156379,2053-09-29,20.25,principal,
ISAEA9,IPCA+,234.43236108422494,248.78383829590825,-14.351477211683317,-0.24248132621923263,23.269077666337466,7.923302679456522,11,2026-09-24,transmissao,95.34883720930233,1524,125.436423077094,2053-09-29,18.25,principal,
ISAEB0,IPCA+,238.2134073555806,236.84106289386148,1.3723444617191376,0.023187014144883576,22.697878364827943,12.53482071777834,11,2026-09-24,transmissao,87.59689922480621,1684,292.44998287161,2053-09-29,15.916666666666666,principal,
ISAEB2,IPCA+,241.53731767043448,249.5022379873875,-7.964920316953027,-0.13457460951218336,16.26351947189923,10.562090273356903,11,2026-09-24,transmissao,57.36434108527132,902,598.457813570251,2053-09-29,12.5,principal,
ISAEB8,IPCA+,220.04886464341712,210.47433510288522,9.574529540531898,0.16177042869310898,13.345667079233408,8.019823852105647,11,2026-09-24,transmissao,82.94573643410853,1373,452.70171343030086,2053-09-29,20.5,principal,
ISAEC0,IPCA+,249.33523095472677,248.98983967200982,0.3453912827169461,0.005835701444697738,21.696771963354138,10.67106229665666,11,2026-09-24,transmissao,91.47286821705427,1970,618.2778628199815,2053-09-29,12.916666666666666,principal,
ISAEC2,IPCA+,228.5399079068163,253.19378514482554,-24.653877238009244,-0.4165497921183995,8.789523376158542,10.505490415672973,11,2026-09-24,transmissao,27.906976744186046,722,215.381892345796,2053-09-29,12.5,principal,
ITPE13,IPCA+,347.1207766910929,313.5038716150125,33.6169050760804,0.5679883405729161,-28.398742625793943,14.286329241258757,11,2026-09-24,saneamento,38.75968992248062,489,99.82615100704801,,,principal,
ITPO14,IPCA+,219.6220034035338,226.01426106956853,-6.392257666034737,-0.10800303644932983,-27.08646388491414,12.78380364787047,11,2026-09-24,portos,96.12403100775194,2313,235.16226166473191,,,principal,
ITPO15,IPCA+,250.2541267444699,260.4615745706243,-10.207447826154407,-0.1724641616811815,-10.735632825187736,13.951280086417976,11,2026-09-24,portos,75.1937984496124,825,170.61589466624395,,,principal,
IVIAA0,IPCA+,468.17088534451085,337.139411151878,131.03147419263286,2.213896532743341,31.308733052319553,21.101530513200558,11,2026-09-24,rodovias,96.12403100775194,2950,889.63960855598,,,principal,
JALL11,IPCA+,301.49369856793624,353.5292061241047,-52.035507556168454,-0.8791874659731056,-0.08629988456340243,12.139307107669353,11,2026-09-24,agro_acucar_etanol,96.12403100775194,1222,86.46643273150198,,,principal,
JALL13,IPCA+,403.4517099215919,365.4855612747516,37.96614864684028,0.6414727863573393,26.545473865003657,13.697490445737476,11,2026-09-24,agro_acucar_etanol,93.7984496124031,663,113.04814732506503,,,principal,
JALL14,IPCA+,377.6635175940027,368.9056021009393,8.757915493063422,0.14797298789180863,1.0983363891316458,12.393682823027788,11,2026-09-24,agro_acucar_etanol,94.57364341085271,1082,97.43407381373491,,,principal,
JALL15,IPCA+,384.32652582160097,375.5992488466982,8.727276974902793,0.14745532212072457,-15.510535871018192,19.89879379910356,11,2026-09-24,agro_acucar_etanol,96.12403100775194,1181,54.63396490269398,,,principal,
JALL21,IPCA+,278.3389767250937,372.889285545637,-94.55030882054331,-1.5975138962405269,-35.05794602895264,15.801203495665858,11,2026-09-24,agro_acucar_etanol,93.7984496124031,951,53.63986158362704,,,principal,
JALL24,IPCA+,377.4419657879828,378.12538524498166,-0.6834194569988767,-0.011546996441746653,26.313161045001777,19.438238356601527,11,2026-09-24,agro_acucar_etanol,74.4186046511628,311,20.93567628935501,,,principal,
JTEE11,IPCA+,204.86220302929632,217.0683202033543,-12.206117174057965,-0.20623350730358517,-15.272047956169502,9.679610111745244,11,2026-09-24,transmissao,66.66666666666667,624,24.753528761578,2047-02-10,13.583333333333334,principal,
JTEE12,IPCA+,219.50708819532449,272.1433678625708,-52.63627966724633,-0.8893380599573332,-6.139219573153838,10.995203483884483,11,2026-09-24,transmissao,51.93798449612403,159,10.901257188803998,2047-02-10,2.1666666666666665,principal,
KLBNA5,IPCA+,225.109660970872,290.6085905124906,-65.4989295416186,-1.1066642873712151,15.089729898977026,12.161985466004582,11,2026-09-24,papel_celulose,96.12403100775194,4585,207.50555883262297,,,principal,
LCAMD1,IPCA+,166.43339298313305,163.65839632899443,2.7749966541386186,0.04688610510433589,-2.6572759804917325,4.149912460334958,11,2026-09-24,locacao,96.12403100775194,2097,286.640062394332,,,principal,
LCAMD3,IPCA+,164.5167847706893,161.2118510315145,3.3049337391747997,0.05583987657308182,-10.875898375472957,6.556509231270805,11,2026-09-24,locacao,95.34883720930233,1154,185.54072876898184,,,principal,
LORTA7,IPCA+,168.69010959707046,163.29571883973477,5.394390757335685,0.0911431628737614,-7.530894334579756,4.31674860986928,11,2026-09-24,locacao,96.12403100775194,1877,243.39461687756395,,,principal,
LTTE15,IPCA+,237.85269368710746,261.75403921130373,-23.901345524196273,-0.40383508092206,-33.47720715128898,24.251373435383286,11,2026-09-24,transmissao,75.1937984496124,701,138.19696850911706,2041-12-09,3.1666666666666665,principal,
MGPRA0,IPCA+,437.97661116111203,325.18525715179715,112.79135400931489,1.9057130288982784,29.468071035416983,14.07407996776951,11,2026-09-24,mobilidade_urbana,96.12403100775194,7627,1969.0816718818746,,,principal,
MGSP12,IPCA+,229.9664376965236,231.12138037321807,-1.1549426766944748,-0.019513812259276044,-30.279289397439072,12.021471965533586,11,2026-09-24,transmissao,82.17054263565892,916,42.40638391564902,2047-08-11,8.083333333333334,principal,
MOTVB9,IPCA+,263.24654263370365,297.9271675044291,-34.68062487072547,-0.5859608588528606,23.27477548525013,10.778080590561226,11,2026-09-24,mobilidade_urbana,88.37209302325581,3003,529.892274467242,,,principal,
MRSAA1,IPCA+,237.38689256538262,323.11850063103606,-85.73160806565343,-1.4485138857861724,9.13448981367651,10.499017041066276,11,2026-09-24,ferrovias,82.94573643410853,1992,226.73916519021898,,,principal,
MRSAA2,IPCA+,250.89657968476752,318.8620398436526,-67.9654601588851,-1.1483385768128782,14.20867383606111,10.599185117838791,11,2026-09-24,ferrovias,54.263565891472865,1055,293.0486319634898,,,principal,
MRSAA4,IPCA+,266.5972815504138,328.6935084670628,-62.096226916649016,-1.0491725161018022,20.103728998744344,7.999371299031781,11,2026-09-24,ferrovias,42.63565891472868,410,172.02861955418498,,,principal,
MRSAB1,IPCA+,260.97009270668804,323.6746301637502,-62.704537457062145,-1.0594504787405494,21.967121558984502,9.207361741321309,11,2026-09-24,ferrovias,93.7984496124031,2575,174.01555628706697,,,principal,
MRSAB2,IPCA+,260.1060589811428,322.2583513037133,-62.15229232257053,-1.0501197923844,18.115200128325398,8.205826024532769,11,2026-09-24,ferrovias,78.29457364341086,1383,268.5870857794839,,,principal,
MRSAC1,IPCA+,275.8966962212587,336.0769622146521,-60.18026599339339,-1.0168006049178415,23.48766880478388,9.54902758022433,11,2026-09-24,ferrovias,93.7984496124031,1241,199.909977766217,,,principal,
MRSAC2,IPCA+,283.42615005680494,337.3235861757654,-53.89743611896046,-0.9106464510358927,28.21542112811369,9.951652938918896,11,2026-09-24,ferrovias,93.7984496124031,1058,157.258448554213,,,principal,
MSGT12,IPCA+,225.4018485302927,229.2107091058573,-3.80886057556458,-0.06435418111490145,4.074391055875623,6.826096911540419,11,2026-09-24,transmissao,48.83720930232558,399,71.20966172325599,2044-05-14,13.5,principal,
MSGT13,IPCA+,93.81279152554261,200.16945150374193,-106.35665997819932,-1.796992991269701,-5.136845563752232,5.416087638842287,11,2026-09-24,transmissao,31.782945736434108,123,170.832487612632,2044-05-14,12.5,principal,
MSGT23,IPCA+,258.52489684789583,245.6107219945231,12.914174853372742,0.21819678903323098,-2.284427971201467,9.856571726411596,11,2026-09-24,transmissao,94.57364341085271,1295,141.235453824261,2044-05-14,6.5,principal,
MSGT33,IPCA+,279.81647197467674,264.56818827047636,15.24828370420039,0.25763369168378064,20.46654978213786,17.09032232024888,11,2026-09-24,transmissao,94.57364341085271,1158,84.486666063683,2044-05-14,2.5,principal,
NNAE12,IPCA+,318.97420600819987,330.70926425699145,-11.735058248791574,-0.19827453616485013,-18.9521628816168,10.78322201495058,11,2026-09-24,aeroportos,47.286821705426355,454,151.84251261905504,,,principal,
NTSD19,IPCA+,210.52359683606477,236.2031565508749,-25.679559714810125,-0.43387963514334155,6.75726997818856,8.025951287203034,11,2026-09-24,oleo_gas,27.906976744186046,162,85.43344760015198,,,principal,
NTSDA1,IPCA+,211.7523547246331,231.70470568483142,-19.952350960198316,-0.33711320797568256,-5.258565390141598,7.235246213514727,11,2026-09-24,oleo_gas,41.86046511627907,413,650.1952285170859,,,principal,
ODYA11,IPCA+,220.91427422919688,230.2802358852639,-9.365961656067014,-0.1582464836325536,-56.71430432488913,19.024680247299965,11,2026-09-24,transmissao,6.2015503875969,30,4.798777020508,2044-09-05,13.0,principal,
OMGE12,IPCA+,342.73415070900023,256.43062574818214,86.3035249608181,1.4581769445209078,-10.056844350381368,11.911370449793253,11,2026-09-24,geracao,24.8062015503876,176,40.702430572831005,,,principal,
OMGE22,IPCA+,335.2757287875825,259.8219397450114,75.45378904257115,1.2748607384063748,21.122805275941687,18.55626318133835,11,2026-09-24,geracao,6.976744186046512,32,4.521661035317999,,,principal,
OMGE41,IPCA+,377.0061630387128,250.4720682946413,126.53409474407152,2.1379091958920178,9.5610014432973,8.485240561470597,11,2026-09-24,geracao,54.263565891472865,346,145.99859275565302,,,principal,
OMNG12,IPCA+,349.5592695559063,348.3808838319592,1.1783857239471445,0.019909903971968852,7.86971247560416,12.019560875690765,11,2026-09-24,energia_diversificada,57.36434108527132,339,12.643417085978,,,principal,
ONZE21,IPCA+,318.28249937325734,338.5801486787354,-20.297649305478046,-0.34294733915742415,16.371579712311018,17.3872247278887,11,2026-09-24,aeroportos,17.829457364341085,357,67.571029759456,,,principal,
ORIG12,IPCA+,558.2074102313562,369.10102719838534,189.10638303297088,3.1951252040471005,-39.45301243533402,28.429433968552843,11,2026-09-24,energia_diversificada,96.12403100775194,2065,228.2072949667249,,,principal,
ORVR16,IPCA+,306.96188466280756,282.31243255542785,24.649452107379716,0.4164750254913886,-10.979129031442255,10.278190085825555,11,2026-09-24,saneamento,23.25581395348837,105,112.66356314403501,,,principal,
PALF38,IPCA+,214.0282599900905,261.75899232648044,-47.730732336389934,-0.806454353627164,59.87127778737974,23.6086087478772,11,2026-09-24,distribuicao,76.74418604651163,395,24.672371024647997,,,principal,
PALFA3,IPCA+,225.15970515366558,288.13301508917755,-62.97330993551196,-1.0639916354496781,7.263547884646243,9.131443452923257,11,2026-09-24,distribuicao,72.86821705426357,2438,89.671613773287,,,principal,
PALFA7,IPCA+,262.6606322002013,276.89293594629305,-14.232303746091759,-0.24046778158124524,34.78943973174543,13.867313293702662,11,2026-09-24,distribuicao,24.8062015503876,98,190.31210785515,,,principal,
PALFB3,IPCA+,250.8761435209158,293.08319897565696,-42.20705545474115,-0.7131267835023035,14.490057723291216,11.38547529959634,11,2026-09-24,distribuicao,93.02325581395348,885,74.76073644097102,,,principal,
PALFB6,IPCA+,247.0740127029255,282.27825912382707,-35.20424642090157,-0.5948079235870964,17.85353881928367,9.082368469362793,11,2026-09-24,distribuicao,76.74418604651163,1144,532.4420766663692,,,principal,
PASN12,IPCA+,329.5357911712667,255.57699173900943,73.95879943225725,1.249601522365689,-48.79200731852967,18.702937140261437,11,2026-09-24,saneamento,73.64341085271317,267,32.371103227847016,,,principal,
PAXA12,IPCA+,387.61517056834253,336.70256571570724,50.9126048526353,0.8602149983482245,-16.22620135090392,11.334771515134126,11,2026-09-24,aeroportos,34.883720930232556,508,51.59647335231599,,,principal,
PEJA11,IPCA+,275.8637682857205,190.67736762671333,85.18640065900715,1.4393021082751776,-13.322556129738757,4.4432498576005415,11,2026-09-24,oleo_gas,96.12403100775194,2980,632.5690782791828,,,principal,
PEJA22,IPCA+,296.48071512265653,210.56520437298505,85.91551074967148,1.4516210897386457,20.857806347500286,10.547618973826227,11,2026-09-24,oleo_gas,96.12403100775194,2078,771.651759825485,,,principal,
PEJA23,IPCA+,300.338778344448,214.08407300492195,86.25470533952603,1.4573520923930179,6.674466630995198,8.525358307727615,11,2026-09-24,oleo_gas,94.57364341085271,6870,476.40455208427426,,,principal,
PETR17,IPCA+,161.0140800931651,189.72913950015248,-28.715059406987393,-0.48516717720193936,28.609241649458767,8.774291582003931,11,2026-09-24,oleo_gas,96.12403100775194,3149,202.02155413675297,,,principal,
PETR18,IPCA+,172.02504874948252,222.25608553229847,-50.23103678281595,-0.8486992827852344,8.500135674188158,9.488474178428834,11,2026-09-24,oleo_gas,96.12403100775194,2856,96.829511994544,,,principal,
PETR26,IPCA+,150.25073969999576,183.77257395914293,-33.52183425914717,-0.5663820322163138,-5.88122230338854,4.731644903762817,11,2026-09-24,oleo_gas,96.12403100775194,4417,281.9270130329409,,,principal,
PETR27,IPCA+,172.55025201655207,221.1996837903988,-48.64943177384674,-0.8219766204088746,1.5079439383151794,6.785774878700135,11,2026-09-24,oleo_gas,96.12403100775194,6145,171.46009575839702,,,principal,
PETR28,IPCA+,166.8986549599976,241.56822322280945,-74.66956826281185,-1.261610611473803,4.371693046770758,8.402444241811526,11,2026-09-24,oleo_gas,96.12403100775194,1989,106.01691365407602,,,principal,
PETR38,IPCA+,176.61132241576638,254.74898372177614,-78.13766130600976,-1.3202072136327585,-8.348239410032022,5.393184052568442,11,2026-09-24,oleo_gas,96.12403100775194,3364,145.86882679919606,,,principal,
PLSB1A,IPCA+,491.8352973192716,322.03030634945253,169.80499096981907,2.869010541680475,-27.039962178872088,13.338182790093347,11,2026-09-24,rodovias,96.12403100775194,4063,435.6608639193943,,,principal,
POTE11,IPCA+,283.5698076988772,271.04922674134633,12.520580957530854,0.21154666037763584,-20.52540843818815,10.52112236874443,11,2026-09-24,outros_corporativo,70.54263565891473,396,143.39347504844403,,,principal,
POTE12,IPCA+,277.66254206507585,272.49990501947434,5.162637045601514,0.08722747206725798,-49.59718619538057,22.670474227003336,11,2026-09-24,outros_corporativo,75.96899224806202,660,47.803277571367985,,,principal,
PRPO12,IPCA+,225.16381692933177,295.0241654175876,-69.86034848825582,-1.180354447260633,-35.30483597476902,12.449232229403925,11,2026-09-24,geracao,36.434108527131784,117,18.994131336624005,,,principal,
PRSS11,IPCA+,320.7482609320765,339.6281582304727,-18.8798972983962,-0.3189931230264659,-22.566161383757446,13.993342429212833,11,2026-09-24,aeroportos,33.333333333333336,273,35.92008289171402,,,principal,
PRTE12,IPCA+,240.2673640423767,220.58176907460648,19.685594967770214,0.3326061216411667,137.66437966764693,45.014733666960744,11,2026-09-24,transmissao,24.8062015503876,94,20.00505446082,2043-05-02,15.166666666666666,principal,
PTAZ11,IPCA+,268.7107990510468,266.24349132758806,2.4673077234587595,0.04168741936113645,-21.507214055869213,11.402925103708288,11,2026-09-24,transmissao,58.13953488372093,252,24.359260528322004,2049-03-22,2.9166666666666665,principal,
QMCT14,IPCA+,335.01109696457183,277.7535107410393,57.25758622353254,0.9674192585758049,-31.75888523441847,16.15750326358229,11,2026-09-24,telecom,62.7906976744186,1263,215.44182019029995,,,principal,
QUAT13,IPCA+,366.1371685310015,360.67032198785927,5.466846543142253,0.09236736960701186,8.520276745045123,6.624744640192419,11,2026-09-24,agro_acucar_etanol,78.29457364341086,1067,186.54658460007903,,,principal,
RALM11,IPCA+,348.20908902926243,260.31277781208985,87.89631121717258,1.4850885242926533,-48.550611895480415,24.191557214635782,11,2026-09-24,transmissao,96.12403100775194,1396,250.7456883151949,2053-09-29,4.75,principal,
RALM21,IPCA+,349.7229789234961,254.11439672286045,95.60858220063565,1.6153943923680196,-57.8429964838943,25.987880303873965,11,2026-09-24,transmissao,65.89147286821705,633,142.20675264629898,2053-09-29,4.75,principal,
RATL11,IPCA+,189.09458335799275,290.9972067723492,-101.90262341435647,-1.7217379720755557,-45.315055782299,29.703892198008255,11,2026-09-24,outros_corporativo,48.06201550387597,161,54.15941605181099,,,principal,
RDOE18,IPCA+,212.35847760040915,233.85288316098132,-21.494405560572176,-0.36316763004567826,-19.31149412212119,11.43604093323917,11,2026-09-24,outros_corporativo,25.58139534883721,1047,282.68346189449,,,principal,
RDSM12,IPCA+,401.9565179124514,384.6101292656532,17.346388646798175,0.293083092572915,73.18862844617456,33.6504889235226,11,2026-09-24,rodovias,55.81395348837209,1548,103.77074169311902,,,principal,
RDVE11,IPCA+,218.5305697015382,270.17375893639627,-51.643189234858056,-0.8725588893152265,-13.11059338658714,6.15195189473212,11,2026-09-24,outros_corporativo,21.705426356589147,66,207.49801649089707,,,principal,
RECV11,IPCA+,242.55831326230333,197.91311600948424,44.64519725281909,0.7543214178934721,-16.810742353699766,13.026982017427905,11,2026-09-24,oleo_gas,76.74418604651163,1189,310.8851536068619,,,principal,
RECV14,IPCA+,229.17007442354733,200.79816069043633,28.371913733111,0.4793694173713205,-20.452702053666002,17.144454522760817,11,2026-09-24,oleo_gas,23.25581395348837,132,186.77475168018205,,,principal,
RECV24,IPCA+,245.40499225440598,217.10624131362556,28.298750940780423,0.4781332651165701,49.01548263829534,22.127278533101535,11,2026-09-24,oleo_gas,7.751937984496124,63,46.18583032642599,,,principal,
RENTD1,IPCA+,168.66993827555362,180.14425942622313,-11.47432115066951,-0.1938691445515239,-7.624708152404736,5.46708141448102,11,2026-09-24,locacao,93.02325581395348,733,151.729895890806,,,principal,
RIGEA3,IPCA+,210.92455393363963,257.61078220709305,-46.68622827345342,-0.7888065026995927,2.6408244881454834,5.499367891623367,11,2026-09-24,distribuicao,78.29457364341086,1103,303.2165261994449,,,principal,
RIPR22,IPCA+,197.7494384722619,260.57972794867356,-62.83028947641168,-1.0615751740577535,-13.87725150461955,10.66559437090699,11,2026-09-24,geracao,64.34108527131782,579,485.5054887150078,,,principal,
RLMS13,IPCA+,367.1078774681892,381.42134367081746,-14.313466202628263,-0.24183909547527146,-6.529681491777467,10.087330462807014,11,2026-09-24,rodovias,20.155038759689923,128,199.49302651650004,,,principal,
ROTY13,IPCA+,222.62931167808523,239.37401807963974,-16.74470640155451,-0.28291712104000005,-3.227465306703266,8.295782984840702,11,2026-09-24,outros_corporativo,61.24031007751938,747,778.2105194785371,,,principal,
RPTA14,IPCA+,388.55653482630146,341.1505606609567,47.40597416534473,0.8009672674649488,1.5803252281688742,11.771525689195759,11,2026-09-24,rodovias,80.62015503875969,1501,947.0871594028257,,,principal,
RRRP13,IPCA+,382.0598604779346,332.83438531904596,49.22547515888863,0.8317093999621225,6.8693691772873535,11.57210907998861,11,2026-09-24,energia_diversificada,96.12403100775194,2032,273.61827141641794,,,principal,
RSAN16,IPCA+,452.4562475799938,270.17946243996397,182.27678514002986,3.0797329046901916,-2.326663525900642,13.14379908981098,11,2026-09-24,saneamento,72.86821705426357,481,328.281614208825,,,principal,
RSAN26,IPCA+,506.9898192630777,291.70802992785707,215.28178933522065,3.6373826205400697,30.387678398496917,10.092190562845884,11,2026-09-24,saneamento,94.57364341085271,2315,253.01793946456598,,,principal,
RSAN34,IPCA+,326.38888627007685,249.10500071163312,77.28388555844373,1.3057818919386899,-15.513781405310112,27.902482720647566,11,2026-09-24,saneamento,62.7906976744186,325,13.428809065424,,,principal,
RSAN44,IPCA+,420.228404186813,253.67347619168896,166.55492799512405,2.8140977568308077,-30.04299577407346,14.116942376818836,11,2026-09-24,saneamento,82.94573643410853,584,68.425944756765,,,principal,
RUMOA2,IPCA+,376.49499293222686,287.93853294428965,88.55645998793722,1.4962423412186692,2.2012491996610493,9.77651793770673,11,2026-09-24,ferrovias,96.12403100775194,1910,188.37366407405494,,,principal,
RUMOA3,IPCA+,349.88600485505617,288.5797867413569,61.30621811369929,1.035824595226579,-0.22114208238457422,6.164435506385285,11,2026-09-24,ferrovias,96.12403100775194,1738,252.808289735858,,,principal,
RUMOA4,IPCA+,349.41338273088485,292.718353112194,56.69502961869085,0.9579143505023452,-1.5881519091063865,10.056128430598761,11,2026-09-24,ferrovias,96.12403100775194,2036,176.52355460603798,,,principal,
RUMOA5,IPCA+,357.13292201816097,305.1200391909641,52.01288282719685,0.8788052004957986,12.201839732733731,13.520956405894228,11,2026-09-24,ferrovias,96.12403100775194,1409,65.84847326600897,,,principal,
RUMOA6,IPCA+,344.2111243789493,301.19714117245405,43.013983206495254,0.7267605654832379,-4.930413440766017,15.527920764042202,11,2026-09-24,ferrovias,96.12403100775194,2464,120.38658634625206,,,principal,
RUMOA7,IPCA+,323.05492758691474,273.99343139127154,49.0614961956432,0.8289388254844348,16.268477408848753,12.914056326286897,11,2026-09-24,ferrovias,0.0,0,0.0,,,principal,
RUMOB3,IPCA+,359.1744650544243,301.6517372528172,57.52272780160706,0.971899067904076,22.288455246514218,10.75355717509551,11,2026-09-24,ferrovias,95.34883720930233,975,53.16853442983697,,,principal,
RUMOB5,IPCA+,377.42912394476065,326.8595047407057,50.56961920405496,0.854419942291262,17.325936369582223,12.751707370975966,11,2026-09-24,ferrovias,96.12403100775194,2754,103.45147557565998,,,principal,
RUMOB6,IPCA+,375.3362601423363,338.7280238008469,36.60823634148937,0.6185296166867739,32.75991311400429,19.516875054878238,11,2026-09-24,ferrovias,94.57364341085271,2045,27.475725827414003,,,principal,
RUMOB7,IPCA+,357.055720759398,307.8140726251344,49.24164813426364,0.831982657164848,7.1327646638198985,12.313309369106369,11,2026-09-24,ferrovias,56.58914728682171,276,130.45406580693896,,,principal,
SAELA1,IPCA+,264.71399327395847,270.54605111855426,-5.832057844595795,-0.09853794838580222,8.700768518854375,6.949442989939955,11,2026-09-24,distribuicao,31.782945736434108,94,8.896420649383998,,,principal,
SAELA3,IPCA+,274.5099266881654,279.31554944879576,-4.805622760630342,-0.08119538937485431,10.588490132067136,8.607011630727158,11,2026-09-24,distribuicao,52.713178294573645,265,22.29746667863701,,,principal,
SAELA7,IPCA+,310.15883532215383,300.0388492680112,10.119986054142657,0.17098641509397805,5.080169858991383,7.147819698234606,11,2026-09-24,distribuicao,87.59689922480621,2378,220.48575602033603,,,principal,
SAELB3,IPCA+,325.02748758568777,302.02622016624326,23.001267419444503,0.3886274385782163,25.793722967065264,12.950190903435322,11,2026-09-24,distribuicao,30.232558139534884,137,18.845291776036003,,,principal,
SAELB7,IPCA+,326.8145694131908,317.2692976872533,9.545271725937482,0.16127609117088132,25.610677306243872,12.972665169438452,11,2026-09-24,distribuicao,86.04651162790698,837,168.68910171518812,,,principal,
SAELB8,IPCA+,311.25704474755923,288.9609648559331,22.296079891626107,0.37671265068171583,17.203174972870386,10.054827485330867,11,2026-09-24,distribuicao,12.4031007751938,123,289.01527349581903,,,principal,
SAPR10,IPCA+,340.2861868643257,237.76061069579947,102.52557616852624,1.7322633283002122,43.95905277583057,21.823036461132013,11,2026-09-24,saneamento,72.09302325581395,436,110.875460451381,,,principal,
SAPRA2,IPCA+,185.15499672995853,255.76146006308545,-70.60646333312692,-1.1929607395905208,-15.67996747648749,6.122079734379653,11,2026-09-24,saneamento,65.11627906976744,298,30.74108876233699,,,principal,
SAPRA3,IPCA+,166.86974693438708,267.04491067691896,-100.17516374253188,-1.6925509618440746,-16.018805326187845,11.189152497902336,11,2026-09-24,saneamento,45.736434108527135,281,40.49152731149201,,,principal,
SAPRB3,IPCA+,184.14500398340658,272.7369170328591,-88.5919130494525,-1.4968413531007185,-6.175552980453745,8.592102428019002,11,2026-09-24,saneamento,78.29457364341086,527,69.135703488611,,,principal,
SAVI13,IPCA+,266.30044647217596,265.59502500111546,0.7054214710605038,0.011918740581424088,-26.660691890499663,11.211760705716925,11,2026-09-24,geracao,16.27906976744186,31,1.9743229266900002,,,principal,
SBSPB6,IPCA+,299.29367147033275,244.31398861696783,54.97968285336492,0.9289319988986028,40.188700225882144,16.05419227158103,11,2026-09-24,saneamento,94.57364341085271,1209,229.18531442113706,,,principal,
SBSPC6,IPCA+,206.16592015650755,260.08447737321984,-53.91855721671229,-0.9110033112892679,22.246813194478904,10.434573076030532,11,2026-09-24,saneamento,89.14728682170542,1008,146.96533986659304,,,principal,
SBSPD4,IPCA+,221.68571967552376,256.9939325900872,-35.30821291456343,-0.5965645325335934,12.06196808996043,8.050534749358807,11,2026-09-24,saneamento,89.92248062015504,661,93.431550428365,,,principal,
SBSPE3,IPCA+,236.34516839248923,278.7175579904855,-42.37238959799626,-0.7159202549850288,14.769702051319342,7.916178017141834,11,2026-09-24,saneamento,96.12403100775194,3851,217.9813525574019,,,principal,
SBSPE9,IPCA+,210.46370244510663,267.2567141349576,-56.79301168985094,-0.9595698471602965,3.237689871458116,10.866129773030282,11,2026-09-24,saneamento,96.12403100775194,1755,115.07129825392602,,,principal,
SBSPF3,IPCA+,252.8976692959991,294.51234402232944,-41.61467472633035,-0.7031179695988239,-2.7685730940168867,11.202783610211206,11,2026-09-24,saneamento,96.12403100775194,2037,250.92840763432199,,,principal,
SBSPF9,IPCA+,247.75275079012928,299.5574954132256,-51.8047446230963,-0.8752885152777706,17.589252752177458,12.654804497858358,11,2026-09-24,saneamento,68.21705426356588,286,15.973021417763004,,,principal,
SBSPI8,IPCA+,227.65205910377998,283.8880917738524,-56.23603267007243,-0.9501591774849663,-13.756327558018143,9.955937794967888,11,2026-09-24,saneamento,92.24806201550388,3731,1278.3575382993008,,,principal,
SBSPJ8,IPCA+,241.07512649495183,292.1456992381505,-51.07057274319865,-0.8628840102582092,-9.923436799439145,10.240924202101116,11,2026-09-24,saneamento,86.82170542635659,2071,717.4283262486999,,,principal,
SBSPK8,IPCA+,249.23085775388356,300.4768025388229,-51.245944784939326,-0.8658470812115208,20.92201151806418,10.541947147150301,11,2026-09-24,saneamento,89.92248062015504,1441,281.8408745094421,,,principal,
SERI11,IPCA+,273.0764543675914,282.6842930123672,-9.607838644775825,-0.162333216457261,-76.38930129329697,38.83405159436771,11,2026-09-24,outros_corporativo,64.34108527131782,302,170.60618363376904,,,principal,
SMTO14,IPCA+,317.37890423191055,365.4221684885573,-48.04326425664675,-0.8117348661062572,-12.773294683487734,12.024498231563268,11,2026-09-24,agro_acucar_etanol,95.34883720930233,2298,91.86094536584899,,,principal,
SMTO15,IPCA+,254.61865703376643,332.5116534831194,-77.89299644935298,-1.3160733772306719,-54.489119631443685,24.684194965366313,11,2026-09-24,agro_acucar_etanol,0.7751937984496124,1,599.831051,,,principal,
SMTO24,IPCA+,346.3678832012053,385.9817275684468,-39.613844367241484,-0.6693121117170577,-7.449090272677722,14.408119648623634,11,2026-09-24,agro_acucar_etanol,96.12403100775194,1418,71.40000385217502,,,principal,
SPRZ11,IPCA+,259.42332617768744,225.67024241368458,33.75308376400287,0.5702892039867083,13.604022874744032,8.082895034730031,11,2026-09-24,transmissao,15.503875968992247,57,6.105214589507999,2044-09-05,14.0,principal,
SRBS11,IPCA+,226.9960104268575,277.3297675786686,-50.33375715181111,-0.8504348373164013,-15.961562995385066,10.65668498493599,11,2026-09-24,outros_corporativo,89.92248062015504,1850,1090.1781757035876,,,principal,
SRNA11,IPCA+,394.3378815262376,308.23067395261,86.10720757362759,1.454859982810019,-22.760411373910642,13.951117724519907,11,2026-09-24,geracao,11.627906976744185,73,16.948960541664,,,principal,
SRTI11,IPCA+,239.25142843945181,294.0641985403349,-54.812770100883114,-0.926111855369981,-23.109452980959446,9.765849559616267,11,2026-09-24,geracao,29.45736434108527,104,4.072850011805,,,principal,
STBP35,IPCA+,222.73879924116594,227.3460773545749,-4.607278113408967,-0.07784417525261944,1.7810235032919763,7.59330105690716,11,2026-09-24,portos,95.34883720930233,3442,152.06262528432504,,,principal,
STBP45,IPCA+,249.52228692022535,247.14502334948588,2.3772635707394727,0.040166041091317294,5.761486218839877,9.219207103677133,11,2026-09-24,portos,95.34883720930233,5323,210.10619734319198,,,principal,
STRZ11,IPCA+,278.3471646196934,297.87999749864485,-19.532832878951467,-0.33002506651029595,-12.642793879161388,12.224001149251375,11,2026-09-24,geracao,20.155038759689923,134,112.99713927932801,,,principal,
TAEE17,IPCA+,225.58808687441112,248.6239581331416,-23.03587125873048,-0.3892121020744249,-7.515724729755789,9.466854778937714,11,2026-09-24,transmissao,96.12403100775194,2857,82.72584155907303,2053-03-30,8.5,principal,
TAEE18,IPCA+,193.81280286533706,250.64314953749815,-56.830346672161085,-0.9602006558144442,-28.02954133339935,11.133562742206154,11,2026-09-24,transmissao,58.91472868217054,1138,107.38064018386503,2053-03-30,13.25,principal,
TAEE26,IPCA+,219.51589429292838,285.8102186971946,-66.29432440426623,-1.1201032106484476,-2.9220458253069523,9.27915645922369,11,2026-09-24,transmissao,82.94573643410853,407,65.72812760760499,2053-03-30,8.833333333333334,principal,
TAEEA2,IPCA+,224.18798541458057,236.237027404498,-12.049041989917441,-0.20357957848463976,8.415415547575208,6.714650459060376,11,2026-09-24,transmissao,24.8062015503876,79,13.976736291118002,2053-03-30,16.833333333333332,principal,
TAEEA4,IPCA+,214.1328056097142,230.5662914983048,-16.43348588859058,-0.27765876598588146,-5.094143272955932,7.381533001513882,11,2026-09-24,transmissao,96.12403100775194,1581,45.265355430995974,2053-03-30,19.5,principal,
TAEEA7,IPCA+,223.1481065675716,244.10340649648526,-20.95529992891366,-0.3540589476007524,0.45358160159923955,11.591180293950476,11,2026-09-24,transmissao,90.69767441860465,1087,369.8344187345089,2053-03-30,13.166666666666666,principal,
TAEEA8,IPCA+,178.44587357404123,206.76980898236621,-28.323935408324985,-0.4785587797169319,-19.265361622414332,10.77157874599459,11,2026-09-24,transmissao,53.48837209302326,265,698.3327571533769,2053-03-30,20.666666666666668,principal,
TAEEB0,IPCA+,211.66328137629773,277.773145683404,-66.10986430710625,-1.1169865886914083,5.102377787766642,8.584880333677075,11,2026-09-24,transmissao,89.92248062015504,641,68.164526983091,2053-03-30,12.25,principal,
TAEEB2,IPCA+,177.73671840704392,193.46866452996505,-15.73194612292113,-0.2658056103653176,-4.069738059579862,8.369289564250343,11,2026-09-24,transmissao,96.12403100775194,1783,99.96183541990303,2053-03-30,23.916666666666668,principal,
TAEEB4,IPCA+,235.64671775572276,246.28453633148746,-10.637818575764697,-0.1797356688990248,11.398958682541377,9.947720775031206,11,2026-09-24,transmissao,62.01550387596899,251,15.800086772928001,2053-03-30,17.5,principal,
TAEEB8,IPCA+,188.30629146932947,226.25473810878177,-37.9484466394523,-0.6411736947610619,-18.244557365502402,11.4112447447871,11,2026-09-24,transmissao,73.64341085271317,569,318.53913156171177,2053-03-30,17.666666666666668,principal,
TAEEC2,IPCA+,189.38088037526245,214.71984683745893,-25.33896646219648,-0.42812500080313265,-0.9949564638410493,7.366310059485088,11,2026-09-24,transmissao,92.24806201550388,694,45.20622794082599,2053-03-30,20.916666666666668,principal,
TAEEC4,IPCA+,223.42147220130317,251.193441882485,-27.771969681181815,-0.46923281420334134,-1.522869026395739,11.226419094825172,11,2026-09-24,transmissao,96.12403100775194,874,29.012889016682998,2053-03-30,14.5,principal,
TAEED2,IPCA+,211.35587692581427,244.74089185905876,-33.38501493324449,-0.5640703446382368,-14.030447561256807,9.414524442270919,11,2026-09-24,transmissao,94.57364341085271,856,37.279529209799996,2053-03-30,15.916666666666666,principal,
TBEG11,IPCA+,337.34701925390453,308.81258448903077,28.534434764873765,0.48211535876390904,-32.71222889369716,16.17782235980183,11,2026-09-24,geracao,70.54263565891473,322,29.927866010257993,,,principal,
TCII11,IPCA+,270.13085538568146,260.63579076901743,9.495064616664024,0.1604277961652389,-27.092413980473054,14.683232510479716,11,2026-09-24,outros_corporativo,29.45736434108527,167,31.479308087977,,,principal,
TIET18,IPCA+,256.49715113660034,284.6055715647706,-28.10842042817029,-0.4749174571243364,8.869970297171989,6.691493192410328,11,2026-09-24,geracao,51.93798449612403,214,31.87675003850701,,,principal,
TIET29,IPCA+,285.9403078350257,252.1483527931797,33.791955041845995,0.5709459697582182,3.224919706001799,8.293536703017512,11,2026-09-24,geracao,93.7984496124031,1306,232.45007464970405,,,principal,
TIET39,IPCA+,280.13995708964825,260.38422241843807,19.755734671210178,0.3337911960456956,-7.363406342297935,10.484471262746396,11,2026-09-24,geracao,78.29457364341086,341,47.79773840802799,,,principal,
TIMS12,IPCA+,45.04965848626745,244.58197308972836,-199.53231460346092,-3.3712808483054704,44.45426131794647,13.110003838979651,11,2026-09-24,telecom,88.37209302325581,1724,538.4485581754224,,,principal,
TNHL11,IPCA+,267.0307331803531,261.5006918382653,5.53004134208777,0.09343510350174933,-26.31489694147848,16.239796590515187,11,2026-09-24,outros_corporativo,20.930232558139537,153,27.938525987847996,,,principal,
TPEN11,IPCA+,198.28856059313554,178.97990827052982,19.308652322605724,0.3262373310867238,-1.3184473151531222,15.102711738812873,11,2026-09-24,transmissao,39.53488372093023,365,68.48840692233502,2047-02-10,18.416666666666668,principal,
TPNO12,IPCA+,206.29732926157712,223.76340257215926,-17.466073310582146,-0.29510527437165096,-11.531035146681575,18.184967011110476,11,2026-09-24,transmissao,33.333333333333336,98,33.499611439722,2042-05-10,12.916666666666666,principal,
TPNO13,IPCA+,214.91867364237686,251.66548211570796,-36.7468084733311,-0.6208709195234361,-3.54349809615087,22.851813074468076,11,2026-09-24,transmissao,39.53488372093023,153,14.183418489084001,2042-05-10,3.4166666666666665,principal,
TRCC11,IPCA+,200.1022020434435,185.37709913966617,14.725102903777326,0.24879407381951313,-16.77856255227107,13.878341792837803,11,2026-09-24,transmissao,48.83720930232558,378,306.59515846424904,2047-02-10,18.416666666666668,principal,
TRGO11,IPCA+,224.66523719497278,216.401776760888,8.263460434084777,0.13961871768752995,-45.550947731894524,14.119834088358461,11,2026-09-24,transmissao,23.25581395348837,83,16.045923971,2046-06-27,14.5,principal,
TRPLA4,IPCA+,219.82031747400188,218.30232224655393,1.5179952274479547,0.02564791697166846,6.92584589018287,9.948924324895266,11,2026-09-24,transmissao,96.12403100775194,2141,370.00746162238306,2053-09-29,19.916666666666668,principal,
TRPLA7,IPCA+,232.52356149548328,249.2141327593185,-16.69057126383521,-0.2820024584031427,13.433022733006368,5.985709868735626,11,2026-09-24,transmissao,96.12403100775194,4099,124.54624320898506,2053-09-29,16.916666666666668,principal,
TRPLB4,IPCA+,240.23114494442868,239.0329370005045,1.1982079439241886,0.020244818498031027,17.13018592947384,10.351059466173476,11,2026-09-24,transmissao,96.12403100775194,2374,175.03335424649413,2053-09-29,14.916666666666666,principal,
TRPLB7,IPCA+,245.4810067999639,246.5607993416117,-1.0797925416478051,-0.01824408203270144,8.338919435035024,11.11576064474492,11,2026-09-24,transmissao,94.57364341085271,3004,228.353479228996,2053-09-29,13.916666666666666,principal,
TRRG12,IPCA+,216.41215478199632,248.84636332607244,-32.434208544076114,-0.5480056015582995,-12.328949189528146,14.45156363287212,11,2026-09-24,outros_corporativo,86.04651162790698,954,193.91186426411798,,,principal,
TSSG21,IPCA+,205.08157481379845,240.7561643566272,-35.674589542828755,-0.6027548005740976,-5.593105063151768,8.65972530022321,11,2026-09-24,distribuicao_gas,51.93798449612403,689,265.79052343435103,,,principal,
TVVH11,IPCA+,254.60572049388418,272.2432166758585,-17.637496181974313,-0.2980016204819763,-36.246732720689465,16.019338694838087,11,2026-09-24,outros_corporativo,58.13953488372093,397,15.83034710535999,,,principal,
UHSM12,IPCA+,253.42618841963227,292.039693928213,-38.613505508580744,-0.6524104722872698,35.25561494441041,14.710400135611547,11,2026-09-24,geracao,96.12403100775194,1823,327.45858510700003,,,principal,
ULFT14,IPCA+,269.10088850440934,274.60036160025754,-5.499473095848202,-0.09291862503900737,16.202021451128417,9.406883527434893,11,2026-09-24,quimica,46.51162790697674,300,331.08391188742485,,,principal,
UNEG11,IPCA+,420.30078267816043,312.4036247875598,107.89715789060062,1.8230211116734272,46.16700752254536,22.231178388646775,11,2026-09-24,geracao,95.34883720930233,4687,533.0696519221011,,,principal,
UNTE11,IPCA+,236.84428262332503,252.8249895755023,-15.980706952177258,-0.27000865196861096,50.33924540182372,20.007609629763152,11,2026-09-24,telecom,20.930232558139537,75,11.961321228864001,,,principal,
USAS11,IPCA+,259.1987572811672,369.3967800781836,-110.19802279701639,-1.8618963274947502,12.468368683620099,14.68521147429026,11,2026-09-24,agro_acucar_etanol,55.81395348837209,267,87.219471769909,,,principal,
USAS12,IPCA+,336.889724736337,360.0667188303882,-23.176994094051224,-0.3915965013779708,-27.49430306748792,15.822242749687806,11,2026-09-24,agro_acucar_etanol,29.45736434108527,291,68.384613947638,,,principal,
USAS22,IPCA+,387.53131160910044,370.5052842619352,17.026027347165268,0.2876702955724038,-32.43118933640392,21.0205139816374,11,2026-09-24,agro_acucar_etanol,21.705426356589147,187,75.01138927476201,,,principal,
USNA12,IPCA+,354.6637921527021,371.3687664881191,-16.704974335416978,-0.2822458114634071,-156.45960219123788,53.48237983728178,11,2026-09-24,agro_acucar_etanol,18.6046511627907,191,15.558099659486002,,,principal,
USNA13,IPCA+,542.8787787611261,381.77289495104765,161.10588381007847,2.7220311743370273,-85.22827644482891,35.05816890492594,11,2026-09-24,agro_acucar_etanol,21.705426356589147,78,76.215393349898,,,principal,
UTPS11,IPCA+,333.65411426027833,284.56880647996127,49.085307780317066,0.8293411439737398,158.0005746654702,58.995483318343055,11,2026-09-24,geracao,44.18604651162791,131,12.817264485367003,,,principal,
UTPS12,IPCA+,343.13704063432095,290.0381085369248,53.09893209739613,0.8971549956766712,150.62294066795263,52.779785317753905,11,2026-09-24,geracao,82.94573643410853,405,23.080202806755995,,,principal,
UTPS21,IPCA+,321.0349070366522,318.8187047452376,2.2162022914146178,0.03744476355053121,-13.548094619082576,6.275900701814775,11,2026-09-24,geracao,89.14728682170542,486,56.41523666414297,,,principal,
UTPS22,IPCA+,323.33322333508494,315.6926521160629,7.640571219022036,0.1290944350141678,-15.669236918507465,7.292004867345777,11,2026-09-24,geracao,93.7984496124031,948,98.37617240811397,,,principal,
VALEA0,IPCA+,174.14050740752842,168.54011581795893,5.600391589569483,0.09462373524032254,9.623453895237219,7.908294447671446,11,2026-09-24,mineracao_siderurgia,96.12403100775194,3006,341.67474002812975,,,principal,
VALEB0,IPCA+,202.2439878412683,181.69820139809877,20.545786443169533,0.34713984292161465,32.56324413507511,11.222949452756822,11,2026-09-24,mineracao_siderurgia,96.12403100775194,3053,131.72821841637403,,,principal,
VALEB1,IPCA+,139.9073443352624,159.47467644078165,-19.567332105519256,-0.330607962479004,3.506274934601521,8.84327665229242,11,2026-09-24,mineracao_siderurgia,93.7984496124031,1302,1101.7873494178898,,,principal,
VALEC0,IPCA+,189.0408748110071,196.9790852327806,-7.938210421773505,-0.13412332141753103,9.772242037074392,6.04291161355743,11,2026-09-24,mineracao_siderurgia,96.12403100775194,1875,97.26496488151098,,,principal,
VALEC1,IPCA+,176.34782593727297,174.67952917379932,1.6682967634736485,0.028187398813901986,-9.761789843134721,7.873000271015654,11,2026-09-24,mineracao_siderurgia,96.12403100775194,5957,730.6562391097427,,,principal,
VALED1,IPCA+,182.67179867498282,182.9807309439434,-0.30893226896057513,-0.005219693079991348,3.804788010268595,7.26458505908307,11,2026-09-24,mineracao_siderurgia,96.12403100775194,4009,263.954689936817,,,principal,
VBBRA0,IPCA+,265.60253842130226,270.3098445835917,-4.707306162289456,-0.07953424057439117,-8.858870952857671,11.893482527868791,11,2026-09-24,varejo,83.72093023255815,2377,1104.207666115667,,,principal,
VDBF12,IPCA+,253.5686433330573,298.199127026302,-44.630483693244685,-0.7540728188547542,-28.836769059808603,11.520314187393382,11,2026-09-24,geracao,23.25581395348837,59,9.034418449655998,,,principal,
VIALA5,IPCA+,223.78831786032234,327.7097632502869,-103.92144538996459,-1.7558478147646044,17.45125069852429,14.771610101866772,11,2026-09-24,rodovias,64.34108527131782,1692,1501.4664639639182,,,principal,
VLIM13,IPCA+,213.16646227358424,289.04946168538817,-75.88299941180392,-1.2821126399370328,19.12818130473906,12.657084859969718,11,2026-09-24,ferrovias,95.34883720930233,1943,231.821619809699,,,principal,
VLIM14,IPCA+,212.59447627850514,290.64442377138175,-78.04994749287661,-1.3187252085804175,11.49564089814993,7.118315590849106,11,2026-09-24,ferrovias,80.62015503875969,2951,451.7725999184439,,,principal,
VLIM15,IPCA+,230.6839582256979,302.18478634063007,-71.50082811493218,-1.2080718501206176,8.387824221297166,7.172236456288699,11,2026-09-24,ferrovias,89.14728682170542,1260,359.49099574294695,,,principal,
VLIM16,IPCA+,251.7769473563427,307.60096122282715,-55.82401386648445,-0.943197743170738,1.0182607839495859,7.902407998754963,11,2026-09-24,ferrovias,29.45736434108527,205,183.11912705639403,,,principal,
VLIM17,IPCA+,254.33354717112118,312.61986567193316,-58.28631850081197,-0.9848006307676637,12.85768611972216,8.700897420643976,11,2026-09-24,ferrovias,58.13953488372093,505,353.8378267431393,,,principal,
VLIM18,IPCA+,283.29134841645185,316.79584479482037,-33.504496378368515,-0.5660890928719502,32.42823012212378,10.995738631385644,11,2026-09-24,ferrovias,68.21705426356588,921,290.81951021824807,,,principal,
VLIM19,IPCA+,264.97813817285186,327.3752188232846,-62.39708065043277,-1.0542557149453682,9.582632492885494,13.829379930477947,11,2026-09-24,ferrovias,45.736434108527135,625,563.437190678369,,,principal,
VLIM26,IPCA+,257.51899186275733,309.86279966775624,-52.3438078049989,-0.884396480495267,1.9314201185570425,12.4725729560614,11,2026-09-24,ferrovias,0.0,0,0.0,,,principal,
VLIM27,IPCA+,279.39139842903575,328.06663360079415,-48.6752351717584,-0.8224125924035546,19.636514123497363,9.183758036145116,11,2026-09-24,ferrovias,79.84496124031008,617,157.91099920214597,,,principal,
VLIM28,IPCA+,283.6302105688241,321.2472285417507,-37.61701797292659,-0.6355739044801839,21.892724289632326,10.236986927114753,11,2026-09-24,ferrovias,43.41085271317829,356,165.29741997092103,,,principal,
VLIM29,IPCA+,280.7076460185174,345.64973301789985,-64.94208699938247,-1.097255923608718,19.464320087613203,10.97480214936068,11,2026-09-24,ferrovias,79.06976744186046,1765,210.6192459286019,,,principal,
VPLT12,IPCA+,394.48345926697215,310.83773289260125,83.6457263743709,1.4132710079013193,61.68640859308823,19.72776460624493,11,2026-09-24,rodovias,74.4186046511628,1011,12.295218164911004,,,principal,
VRDN12,IPCA+,398.7079809626394,336.57659964029455,62.13138132234485,1.0497664819207797,28.952301364923983,9.54832478892658,11,2026-09-24,rodovias,86.04651162790698,505,112.20429806175,,,principal,
WNTY12,IPCA+,403.8794961900813,245.3435799392533,158.535916250828,2.6786092232085297,-39.552008737645394,22.027419476738118,11,2026-09-24,outros_corporativo,17.05426356589147,93,183.70134401462795,,,principal,
XNGU17,IPCA+,212.9584923706706,230.55787122538422,-17.59937885471362,-0.2973575933947451,20.371346474786378,15.035909524353961,11,2026-09-24,transmissao,37.2093023255814,197,14.385784944838997,2045-10-22,10.833333333333334,principal,
ARTR19,IPCA+,653.2664873502339,714.7952336585854,-61.528746308351515,-0.20855351173681919,66.4050325968941,24.84486843225435,11,2026-09-24,rodovias,,,,,,high_yield,Z-spread de mercado 377 bps
ASAB11,IPCA+,351.66892187922366,308.934084395682,42.73483748354164,0.14485099998673526,-14.653110722201973,7.514615557369829,11,2026-09-24,energia_diversificada,,,,,,high_yield,Z-spread de mercado 352 bps
BTEL23,IPCA+,540.2051636690642,1015.2601264229831,-475.05496275391897,-1.6102128955110195,38.52479427232731,18.98280086280872,11,2026-09-24,telecom,,,,,,high_yield,evento de crédito negativo: 2025-11-11: Decisão da Recuperação Judicial da Oi
BTEL33,IPCA+,551.6717516793651,1015.2601264229831,-463.58837474361803,-1.5713465551308161,-26.357514085957632,13.096622989309063,11,2026-09-24,telecom,,,,,,high_yield,evento de crédito negativo: 2025-11-11: Decisão da Recuperação Judicial da Oi
CCLS11,IPCA+,967.1856721416244,861.4558961392946,105.7297760023298,0.35837421373625783,87.34872004280749,41.944974412472625,11,2026-09-24,saneamento,,,,,,high_yield,Z-spread de mercado 643 bps
CEAM11,IPCA+,780.4951247679173,861.4558961392946,-80.96077137137729,-0.2744189374151226,146.33366461679873,52.69424675164192,11,2026-09-24,saneamento,,,,,,high_yield,Z-spread de mercado 483 bps
CGEE13,IPCA+,1018.9346935345783,932.2354926430492,86.69920089152913,0.2938695145857394,9.061385498572122,18.19031467043544,11,2026-09-24,geracao,,,,,,high_yield,Z-spread de mercado 686 bps
CGEE23,IPCA+,1056.1306421199,932.2354926430492,123.89514947685075,0.419946286262104,47.98411676830176,21.837286344837533,11,2026-09-24,geracao,,,,,,high_yield,Z-spread de mercado 717 bps
CMGTA1,IPCA+,279.6211775742733,279.6211775742733,0.0,0.0,21.88958423896503,10.105398325664954,11,2026-09-24,integrada_gt,,,,,,high_yield,"evento de crédito negativo: 2026-04-27: Cemig (CMIG4) anuncia repactuação de R$ 14,2 mi em UBP"
CMGTB1,IPCA+,282.74798107661513,279.6211775742733,3.1268035023418292,0.01059839327224942,7.905712139877039,7.825227708783124,11,2026-09-24,integrada_gt,,,,,,high_yield,"evento de crédito negativo: 2026-04-27: Cemig (CMIG4) anuncia repactuação de R$ 14,2 mi em UBP"
CMIN11,IPCA+,1083.9832614194308,1085.9056605251426,-1.9223991057117473,-0.006516028824099199,118.94823213646373,48.13430775093482,11,2026-09-24,mineracao_siderurgia,,,,,,high_yield,Z-spread de mercado 742 bps
CMIN12,IPCA+,1093.7371159819747,1085.9056605251426,7.8314554568321455,0.02654495070235372,49.10208136177448,30.224873458545424,11,2026-09-24,mineracao_siderurgia,,,,,,high_yield,Z-spread de mercado 749 bps
CMIN21,IPCA+,1087.8280596308543,1085.9056605251426,1.9223991057117473,0.006516028824099199,262.7011144153413,90.27939075897952,11,2026-09-24,mineracao_siderurgia,,,,,,high_yield,Z-spread de mercado 743 bps
CMIN22,IPCA+,1052.297491257206,1085.9056605251426,-33.608169267936546,-0.1139158871976275,146.32943294472,52.479109678358384,11,2026-09-24,mineracao_siderurgia,,,,,,high_yield,Z-spread de mercado 713 bps
CMTR29,IPCA+,206.7453921961474,279.6211775742733,-72.8757853781259,-0.24701463743498947,10.2623164821658,4.314490058784286,11,2026-09-24,integrada_gt,,,,,,high_yield,"evento de crédito negativo: 2026-04-27: Cemig (CMIG4) anuncia repactuação de R$ 14,2 mi em UBP"
CONX12,IPCA+,1085.1073838437514,1015.2601264229831,69.8472574207683,0.23674935203920477,113.57343420851521,36.67942869973032,11,2026-09-24,telecom,,,,,,high_yield,Z-spread de mercado 746 bps
CSAN33,IPCA+,234.25186832411563,714.7952336585854,-480.54336533446974,-1.628815998949256,-16.99336736940228,9.306099762142598,11,2026-09-24,agro_acucar_etanol,,,,,,high_yield,evento de crédito negativo: 2026-03-11: Pedido de recuperação extrajudicial da Raízen
CYAR11,IPCA+,779.1041424768022,861.4558961392946,-82.35175366249246,-0.27913371317411473,142.60298277479012,54.28141957916955,11,2026-09-24,saneamento,,,,,,high_yield,Z-spread de mercado 481 bps
ELPLA5,IPCA+,706.3460504823246,714.7952336585854,-8.449183176260817,-0.028638757141028707,-27.95742555567199,26.88483805162953,11,2026-09-24,distribuicao,,,,,,high_yield,Z-spread de mercado 423 bps
ELPLA7,IPCA+,699.0457370396161,714.7952336585854,-15.74949661896926,-0.05338338622263408,-46.190189405973456,29.714738353106924,11,2026-09-24,distribuicao,,,,,,high_yield,Z-spread de mercado 415 bps
GSTS24,IPCA+,589.511777872262,861.4558961392946,-271.94411826703265,-0.9217626599530507,23.219899812952917,16.845940833332953,11,2026-09-24,saneamento,,,,,,high_yield,Z-spread de mercado 320 bps
HGLB23,IPCA+,734.8293574006736,1015.2601264229831,-280.4307690223095,-0.9505284145651625,-14.268054611869843,17.177495281240954,11,2026-09-24,telecom,,,,,,high_yield,Z-spread de mercado 445 bps
IGSN15,IPCA+,704.4641591212394,861.4558961392946,-156.99173701805523,-0.5321281520136311,-42.41133255685622,17.714195501374945,11,2026-09-24,saneamento,,,,,,high_yield,Z-spread de mercado 420 bps
IRJS14,IPCA+,714.5088225993609,861.4558961392946,-146.94707353993374,-0.4980814670368486,-4.120638235174965,14.26772622295512,11,2026-09-24,saneamento,,,,,,high_yield,Z-spread de mercado 426 bps
IRJS15,IPCA+,715.0816447178099,861.4558961392946,-146.3742514214847,-0.4961398694654569,-3.722677826163931,11.349805870041148,11,2026-09-24,saneamento,,,,,,high_yield,Z-spread de mercado 427 bps
JSMLB5,IPCA+,589.5049825486125,714.7952336585854,-125.29025110997293,-0.42467502465308776,115.97571378937232,33.72209287380896,11,2026-09-24,logistica,,,,,,high_yield,Z-spread de mercado 590 bps
MOVI18,IPCA+,524.4935949362093,609.6171252785489,-85.12353034233956,-0.28852873249460226,-11.916498449774167,9.947992285745554,11,2026-09-24,locacao,,,,,,high_yield,Z-spread de mercado 524 bps
MOVI37,IPCA+,606.5047428875263,609.6171252785489,-3.1123823910226065,-0.010549512487425704,25.106077048800557,8.114194704849634,11,2026-09-24,locacao,,,,,,high_yield,Z-spread de mercado 607 bps
NEOE16,IPCA+,264.6248828449183,308.934084395682,-44.3092015507637,-0.15018735371846823,-2.4922653074772825,6.794225585321327,11,2026-09-24,energia_diversificada,,,,,,high_yield,evento de crédito negativo: 2025-11-28: Neoenergia (NEOE3) busca “waiver” de debenturistas para OPA 
NEOE26,IPCA+,266.1992469121404,308.934084395682,-42.73483748354164,-0.14485099998673526,-14.752650206358737,11.97621158737643,11,2026-09-24,energia_diversificada,,,,,,high_yield,evento de crédito negativo: 2025-11-28: Neoenergia (NEOE3) busca “waiver” de debenturistas para OPA 
NMCH11,IPCA+,290.25030360483765,714.7952336585854,-424.54493005374775,-1.4390076405758567,10.898902699782695,11.44179055139341,11,2026-09-24,transmissao,,,,,,high_yield,evento de crédito negativo: 2025-11-28: Neoenergia (NEOE3) busca “waiver” de debenturistas para OPA 
NTEN11,IPCA+,845.5362917515199,932.2354926430492,-86.69920089152924,-0.2938695145857398,16.500034314858794,12.309787580455902,11,2026-09-24,geracao,,,,,,high_yield,Z-spread de mercado 542 bps
ORIG11,IPCA+,624.0887891465791,308.934084395682,315.15470475089705,1.0682262252962351,-21.79123450828547,16.100546159761116,11,2026-09-24,energia_diversificada,,,,,,high_yield,Z-spread de mercado 350 bps
RIS412,IPCA+,987.9238594040893,861.4558961392946,126.46796326479466,0.4286669149554239,27.45749589037314,34.039662879083636,11,2026-09-24,saneamento,,,,,,high_yield,Z-spread de mercado 661 bps
RIS414,IPCA+,1002.5457098212628,861.4558961392946,141.08981368196817,0.4782281109094214,33.84287919264648,46.23869621631618,11,2026-09-24,saneamento,,,,,,high_yield,Z-spread de mercado 672 bps
RIS422,IPCA+,861.4558961392946,861.4558961392946,0.0,0.0,33.27914376558499,27.610213823311046,11,2026-09-24,saneamento,,,,,,high_yield,Z-spread de mercado 551 bps
RIS424,IPCA+,895.160305906629,861.4558961392946,33.70440976733437,0.11424209722667854,59.256690121420775,27.00172124839144,11,2026-09-24,saneamento,,,,,,high_yield,Z-spread de mercado 580 bps
RISP12,IPCA+,940.4927126165513,861.4558961392946,79.0368164772567,0.26789763520003707,-8.491970675495736,30.663856310504915,11,2026-09-24,saneamento,,,,,,high_yield,Z-spread de mercado 620 bps
RISP14,IPCA+,1009.4069869625044,861.4558961392946,147.95109082320982,0.5014846134169539,40.98686522302967,47.31139725664291,11,2026-09-24,saneamento,,,,,,high_yield,Z-spread de mercado 678 bps
RISP22,IPCA+,853.4101781909781,861.4558961392946,-8.045717948316565,-0.027271199776381917,36.019687340977384,25.83357995401132,11,2026-09-24,saneamento,,,,,,high_yield,Z-spread de mercado 544 bps
RISP24,IPCA+,897.3949068144799,861.4558961392946,35.93901067518527,0.12181634332503165,81.64497584379876,31.98238437931795,11,2026-09-24,saneamento,,,,,,high_yield,Z-spread de mercado 582 bps
SAUC16,IPCA+,728.7327196965659,714.7952336585854,13.937486037980534,0.04724152257932791,-33.101273341663614,22.88972932578309,11,2026-09-24,agro_acucar_etanol,,,,,,high_yield,Z-spread de mercado 442 bps
SUMI17,IPCA+,1031.7829839872672,1015.2601264229831,16.522857564284095,0.05600471609952161,131.91491587277233,51.09099207340918,11,2026-09-24,telecom,,,,,,high_yield,Z-spread de mercado 699 bps
SUMI18,IPCA+,1050.9264380634415,1015.2601264229831,35.66631164045839,0.12089202185333262,40.836163774557235,19.839216149301567,11,2026-09-24,telecom,,,,,,high_yield,Z-spread de mercado 715 bps
SUMI19,IPCA+,1061.8724524921072,1015.2601264229831,46.61232606912404,0.15799386262836979,140.1740972061,56.05914698354071,11,2026-09-24,telecom,,,,,,high_yield,Z-spread de mercado 724 bps
SUMI37,IPCA+,998.737268858699,1015.2601264229831,-16.522857564284095,-0.05600471609952161,12.549311586612475,16.25524188005075,11,2026-09-24,telecom,,,,,,high_yield,Z-spread de mercado 668 bps
SUZB19,IPCA+,159.74627821321397,192.48536714085094,-32.73908892763697,-0.11097011359056304,-10.082066712737287,11.06076286377881,11,2026-09-24,papel_celulose,,,,,,high_yield,evento de crédito negativo: 2026-04-02: Suzano ativa gatilho de juros maiores após não bater meta cl
SUZB29,IPCA+,184.37484287397075,192.48536714085094,-8.11052426688019,-0.027490862716553748,-3.3596878441954914,8.625703067169901,11,2026-09-24,papel_celulose,,,,,,high_yield,evento de crédito negativo: 2026-04-02: Suzano ativa gatilho de juros maiores após não bater meta cl
SUZBA0,IPCA+,230.79023270329867,192.48536714085094,38.30486556244773,0.1298354786821148,20.8795173484136,8.96306941491648,11,2026-09-24,papel_celulose,,,,,,high_yield,evento de crédito negativo: 2026-04-02: Suzano ativa gatilho de juros maiores após não bater meta cl
SUZBC1,IPCA+,200.5958914077311,192.48536714085094,8.110524266880162,0.02749086271655365,-5.09297246549454,9.507382739518517,11,2026-09-24,papel_celulose,,,,,,high_yield,evento de crédito negativo: 2026-04-02: Suzano ativa gatilho de juros maiores após não bater meta cl
TUPW21,IPCA+,772.0949675798411,932.2354926430492,-160.1405250632081,-0.5428010625462223,-91.8519675659835,69.98765790601054,11,2026-09-24,geracao,,,,,,high_yield,Z-spread de mercado 476 bps
VAMO33,IPCA+,626.8289735005386,609.6171252785489,17.211848221989726,0.058340070382514146,24.71442238920349,10.314031292183424,11,2026-09-24,locacao,,,,,,high_yield,Z-spread de mercado 627 bps
VAMO34,IPCA+,612.7295076695716,609.6171252785489,3.11238239102272,0.01054951248742609,51.44419651775195,22.724679279812754,11,2026-09-24,locacao,,,,,,high_yield,Z-spread de mercado 613 bps
VBRR11,IPCA+,678.3816559839121,714.7952336585854,-36.41357767467332,-0.12342490225457063,-22.6071044789943,18.340086704038608,11,2026-09-24,rodovias,,,,,,high_yield,Z-spread de mercado 400 bps
AALM12,DI+,72.48,138.31,-65.83,-0.4079136332322873,-0.13999999999998636,1.23357573375496,11,2026-09-24,mineracao_siderurgia,,,,,,principal,
ACOV15,DI+,159.69,138.31,21.379999999999995,0.1324805328650509,7.509999999999991,2.3762460845933995,11,2026-09-24,mineracao_siderurgia,,,,,,principal,
ADPA21,DI+,274.46000000000004,130.0,144.46000000000004,0.8951420850180197,-2.269999999999982,4.682120542849974,9,2026-09-28,saneamento,,,,,,principal,
AEGE16,DI+,631.8800000000001,130.0,501.8800000000001,3.1098844637189793,91.85000000000014,63.75987170626994,11,2026-09-24,saneamento,,,,,,high_yield,spread sobre CDI 632 bps
AEGE17,DI+,662.9100000000001,130.0,532.9100000000001,3.302160934009088,70.93000000000006,31.231923440899095,11,2026-09-24,saneamento,,,,,,high_yield,spread sobre CDI 663 bps
AEGP17,DI+,238.42,130.0,108.41999999999999,0.6718212990284762,-6.070000000000022,19.84132858454796,11,2026-09-24,saneamento,,,,,,principal,
AEGP19,DI+,321.14,130.0,191.14,1.1843933139301137,14.839999999999975,8.486810087102539,11,2026-09-24,saneamento,,,,,,high_yield,spread sobre CDI 321 bps
AEGPA4,DI+,306.51,130.0,176.51,1.093738954911606,-11.230000000000018,10.533069310078089,11,2026-09-24,saneamento,,,,,,high_yield,spread sobre CDI 307 bps
AEGPA9,DI+,286.39,130.0,156.39,0.9690659744979099,-5.010000000000048,2.9082678381094476,11,2026-09-24,saneamento,,,,,,principal,
AEGPB3,DI+,450.19000000000005,130.0,320.19000000000005,1.9840477931740255,67.3300000000001,29.617076769384877,11,2026-09-24,saneamento,,,,,,high_yield,spread sobre CDI 450 bps
AEGPB5,DI+,446.6000000000001,130.0,316.6000000000001,1.961802465157864,45.42000000000007,18.18616622100936,11,2026-09-24,saneamento,,,,,,high_yield,spread sobre CDI 447 bps
AEGPB7,DI+,310.04,130.0,180.04000000000002,1.1156124947157986,17.910000000000025,18.296839617813777,11,2026-09-24,saneamento,,,,,,high_yield,spread sobre CDI 310 bps
AESLA8,DI+,40.0,61.08,-21.08,-0.13062159180520455,-2.3500000000000014,0.7854182441106259,11,2026-09-24,distribuicao,,,,,,principal,
ALGAA2,DI+,114.97,99.1,15.870000000000005,0.09833798206587273,1.9199999999999875,1.2172017088387572,11,2026-09-24,telecom,,,,,,principal,
ALGTA5,DI+,91.22999999999999,99.1,-7.8700000000000045,-0.048766220469969666,-14.720000000000027,5.55809156259429,11,2026-09-24,telecom,,,,,,principal,
ALGTA6,DI+,100.88999999999999,99.1,1.789999999999992,0.01109168165708326,-12.480000000000004,5.0713725952645206,11,2026-09-24,telecom,,,,,,principal,
ANHBA5,DI+,49.62,124.745,-75.125,-0.46550982373652716,-0.3400000000000034,0.728945689459662,11,2026-09-24,rodovias,,,,,,principal,
ANHBA6,DI+,55.65,124.745,-69.095,-0.42814510843361525,0.539999999999992,1.0084623759151161,11,2026-09-24,rodovias,,,,,,principal,
ANIM15,DI+,158.95,91.71000000000001,67.23999999999998,0.4166506562135651,-44.34000000000003,17.243720859806015,11,2026-09-24,educacao,,,,,,principal,
ANIM17,DI+,160.35999999999999,91.71000000000001,68.64999999999998,0.425387679194843,-45.35000000000002,17.848025915795542,11,2026-09-24,educacao,,,,,,principal,
ANIM18,DI+,187.45000000000002,91.71000000000001,95.74000000000001,0.5932500568989699,-30.259999999999962,12.697672299212233,11,2026-09-24,educacao,,,,,,principal,
APFL18,DI+,242.15,124.745,117.405,0.7274965837708749,-14.609999999999985,5.135297105683009,11,2026-09-24,rodovias,,,,,,principal,
APPSB2,DI+,139.99999999999997,124.745,15.254999999999967,0.09452715289318744,4.6699999999999875,1.43201574394595,11,2026-09-24,rodovias,,,,,,principal,
APRB28,DI+,67.03999999999999,124.745,-57.70500000000001,-0.3575673128614483,0.8999999999999915,1.6572271474308542,11,2026-09-24,rodovias,,,,,,principal,
ARML13,DI+,312.14,129.61,182.52999999999997,1.131041705512523,7.989999999999952,5.141856403355422,11,2026-09-24,locacao,,,,,,high_yield,spread sobre CDI 312 bps
ARML14,DI+,361.06,129.61,231.45,1.4341730276714704,1.8100000000000023,5.683828575241101,11,2026-09-24,locacao,,,,,,high_yield,spread sobre CDI 361 bps
ARML15,DI+,375.53000000000003,129.61,245.92000000000002,1.5238359514580602,-19.379999999999995,6.938917521028508,11,2026-09-24,locacao,,,,,,high_yield,spread sobre CDI 376 bps
ARML25,DI+,431.69000000000005,129.61,302.08000000000004,1.8718297178613,-9.309999999999945,9.087472495894335,11,2026-09-24,locacao,,,,,,high_yield,spread sobre CDI 432 bps
ARML26,DI+,369.8,129.61,240.19,1.4883301772149946,-1.1599999999999682,2.487863998036711,11,2026-09-24,locacao,,,,,,high_yield,spread sobre CDI 370 bps
ARTRA1,DI+,185.49,124.745,60.745000000000005,0.3764045822678915,12.430000000000007,4.0373713320336595,11,2026-09-24,rodovias,,,,,,principal,
ARTRA4,DI+,262.46000000000004,124.745,137.71500000000003,0.853346893522474,3.9500000000000455,3.2795002390885535,11,2026-09-24,rodovias,,,,,,principal,
ARTRA5,DI+,265.21,124.745,140.46499999999997,0.8703871865710653,5.859999999999957,2.899804695617846,11,2026-09-24,rodovias,,,,,,principal,
ASAI18,DI+,179.91,98.065,81.845,0.5071501034770858,-45.09,18.564703851419477,11,2026-09-24,varejo,,,,,,principal,
ASAI19,DI+,185.41000000000003,98.065,87.34500000000003,0.5412306895742692,-43.91,17.851102385108778,11,2026-09-24,varejo,,,,,,principal,
ASAI22,DI+,190.0,98.065,91.935,0.5696724877899185,-41.46000000000001,16.188711049819425,11,2026-09-24,varejo,,,,,,principal,
ASAI28,DI+,189.2,98.065,91.13499999999999,0.5647153116303282,-43.77000000000001,18.459265965904493,11,2026-09-24,varejo,,,,,,principal,
ASAIA0,DI+,191.22,98.065,93.155,0.5772321814332937,-42.75,18.275705433468474,11,2026-09-24,varejo,,,,,,principal,
ASAIA1,DI+,197.61999999999998,98.065,99.55499999999998,0.616889590710016,-38.95000000000002,15.973142515428258,11,2026-09-24,varejo,,,,,,principal,
ASAIA2,DI+,196.75000000000003,98.065,98.68500000000003,0.6114986616364619,-40.49999999999997,16.152344946562003,11,2026-09-24,varejo,,,,,,principal,
ASAIA3,DI+,199.21,98.065,101.14500000000001,0.6267419783272019,-34.74000000000001,14.635589126882081,11,2026-09-24,varejo,,,,,,principal,
AURE13,DI+,83.31,83.31,0.0,0.0,2.0200000000000102,1.6405292937452713,11,2026-09-24,geracao,,,,,,principal,
AXIAA0,DI+,67.55,59.019999999999996,8.530000000000001,0.052855890801631646,3.6400000000000006,1.2479568757118016,11,2026-09-24,integrada_gt,,,,,,principal,
AXIAB0,DI+,73.92999999999999,59.019999999999996,14.909999999999997,0.09238937067436431,3.539999999999992,1.5735963442209238,11,2026-09-24,integrada_gt,,,,,,principal,
AZZA11,DI+,143.98,98.065,45.91499999999999,0.28451092920948606,0.01999999999998181,3.638659843204013,11,2026-09-24,varejo,,,,,,high_yield,evento de crédito negativo: 2026-05-12: Comunicado acerca de pedido judicial
AZZA12,DI+,163.54999999999998,98.065,65.48499999999999,0.4057758510134639,-2.920000000000016,2.5496841159071257,11,2026-09-24,varejo,,,,,,high_yield,evento de crédito negativo: 2026-05-12: Comunicado acerca de pedido judicial
AZZA13,DI+,195.94,98.065,97.875,0.6064795207748765,-5.530000000000001,3.303148085194982,11,2026-09-24,varejo,,,,,,high_yield,evento de crédito negativo: 2026-05-12: Comunicado acerca de pedido judicial
BCBF16,DI+,449.59,102.885,346.705,2.148347200513446,-2.1200000000000614,6.0762913330119845,11,2026-09-24,saude,,,,,,high_yield,spread sobre CDI 450 bps
BCPSA4,DI+,25.13,99.1,-73.97,-0.45835290065611867,-0.010000000000001563,0.49550708645515085,11,2026-09-24,telecom,,,,,,principal,
BCPSA6,DI+,34.99999999999999,99.1,-64.1,-0.39719373978717326,-1.1400000000000077,0.4916391877272327,11,2026-09-24,telecom,,,,,,principal,
BKBR19,DI+,152.91,187.405,-34.495000000000005,-0.21374723953133454,-8.639999999999986,3.4564203763694357,11,2026-09-24,alimentos_bebidas,,,,,,principal,
BRIT11,DI+,97.31,99.1,-1.789999999999992,-0.01109168165708326,3.480000000000004,1.192281998369667,11,2026-09-24,telecom,,,,,,principal,
BRIT12,DI+,136.2,99.1,37.099999999999994,0.22988904440100041,5.8799999999999955,2.7686724748021834,11,2026-09-24,telecom,,,,,,principal,
BRKPA0,DI+,221.63,130.0,91.63,0.5677825643790747,17.30000000000001,7.787648495592821,11,2026-09-24,saneamento,,,,,,principal,
BRKPA2,DI+,253.05,130.0,123.05000000000001,0.762475658046984,4.650000000000006,11.49577092199166,11,2026-09-24,saneamento,,,,,,principal,
BRKPA3,DI+,258.40999999999997,130.0,128.40999999999997,0.7956887383162389,5.749999999999943,8.377687465686888,11,2026-09-24,saneamento,,,,,,principal,
BRKPA4,DI+,294.96000000000004,130.0,164.96000000000004,1.0221697241075214,24.250000000000057,8.823371649926537,11,2026-09-24,saneamento,,,,,,principal,
BRKPA5,DI+,226.20000000000002,130.0,96.20000000000002,0.5961004331907345,3.4000000000000057,3.3489743341669658,11,2026-09-24,saneamento,,,,,,principal,
BRMLA1,DI+,45.00000000000001,98.065,-53.06499999999999,-0.32881569113582443,4.550000000000004,2.0925643250675603,11,2026-09-24,varejo,,,,,,principal,
BRMLB1,DI+,56.27,98.065,-41.794999999999995,-0.258981471987596,2.1400000000000006,0.9445932265458828,11,2026-09-24,varejo,,,,,,principal,
BRST14,DI+,160.84,99.1,61.74000000000001,0.38257007011638194,2.030000000000001,1.0120707844450822,11,2026-09-24,telecom,,,,,,principal,
BSA312,DI+,41.8,45.41,-3.6099999999999994,-0.022369257420151254,1.269999999999996,0.7317712012023235,11,2026-09-24,financeiro,,,,,,principal,
BSA318,DI+,34.31,45.41,-11.099999999999994,-0.06878081921431546,-0.6299999999999955,0.4193436429816134,11,2026-09-24,financeiro,,,,,,principal,
BSA319,DI+,46.300000000000004,45.41,0.8900000000000077,0.005514858477544263,-0.79999999999999,0.9348475811596244,11,2026-09-24,financeiro,,,,,,principal,
BSA3A0,DI+,36.57,45.41,-8.839999999999996,-0.05477679656347286,3.75,1.7158162647980268,11,2026-09-24,financeiro,,,,,,principal,
BTGH18,DI+,116.45,80.98,35.47,0.2197887979758352,2.8800000000000097,0.9756778529449577,11,2026-09-24,outros_corporativo,,,,,,principal,
CAEC13,DI+,130.0,130.0,0.0,0.0,2.789999999999992,2.4622270037877914,11,2026-09-24,saneamento,,,,,,principal,
CAEC22,DI+,115.86000000000001,130.0,-14.139999999999986,-0.08761808862075858,-0.20999999999999375,0.14073831293315986,11,2026-09-24,saneamento,,,,,,principal,
CAEC32,DI+,120.44,130.0,-9.560000000000002,-0.05923825510710417,-7.569999999999993,2.950558652803965,11,2026-09-24,saneamento,,,,,,principal,
CAMLA1,DI+,388.13,187.405,200.725,1.2437864807922052,-35.450000000000045,16.173923007562053,11,2026-09-24,alimentos_bebidas,,,,,,high_yield,spread sobre CDI 388 bps
CAMLB1,DI+,382.99,187.405,195.585,1.2119366239668377,2.980000000000018,25.387258006545512,11,2026-09-24,alimentos_bebidas,,,,,,high_yield,spread sobre CDI 383 bps
CASN13,DI+,320.49,130.0,190.49,1.1803656083004468,-20.159999999999968,5.48725515088455,11,2026-09-24,saneamento,,,,,,high_yield,spread sobre CDI 320 bps
CASN14,DI+,168.08,130.0,38.08000000000001,0.23596158519649865,-14.049999999999983,6.777249374997876,11,2026-09-24,saneamento,,,,,,principal,
CBAN22,DI+,83.99000000000001,124.745,-40.754999999999995,-0.25253714298012864,2.0200000000000102,1.0239566752198455,11,2026-09-24,rodovias,,,,,,principal,
CBOH11,DI+,137.74,102.24000000000001,35.5,0.21997469208181983,3.530000000000001,2.1349277185975986,11,2026-09-24,oleo_gas,,,,,,principal,
CDAR11,DI+,155.57000000000002,129.61,25.960000000000008,0.1608603663787055,0.9400000000000261,1.887633438991792,11,2026-09-24,locacao,,,,,,principal,
CDES12,DI+,142.82999999999998,106.595,36.234999999999985,0.22452909767844334,4.859999999999985,1.6340156892537052,11,2026-09-24,portos,,,,,,principal,
CDGS26,DI+,75.0,102.24000000000001,-27.24000000000001,-0.16879184823404997,-1.2700000000000102,0.4949545433673691,11,2026-09-24,oleo_gas,,,,,,principal,
CEAB13,DI+,123.94000000000001,98.065,25.875000000000014,0.16033366641174907,1.7100000000000222,1.2654334507123728,11,2026-09-24,varejo,,,,,,principal,
CEAB14,DI+,88.43,98.065,-9.634999999999991,-0.059702990372065695,1.720000000000013,0.7855860580136687,11,2026-09-24,varejo,,,,,,principal,
CEAB22,DI+,71.89999999999999,98.065,-26.165000000000006,-0.16213064276960049,1.9499999999999886,1.3887260348967327,11,2026-09-24,varejo,,,,,,principal,
CEAP15,DI+,74.79,61.08,13.710000000000008,0.08495360643497891,-5.310000000000002,5.2362073366824635,11,2026-09-24,distribuicao,,,,,,principal,
CEAP16,DI+,75.53,61.08,14.450000000000003,0.08953899438259992,-4.469999999999999,3.701818717628111,11,2026-09-24,distribuicao,,,,,,principal,
CEEBA3,DI+,82.41,61.08,21.33,0.13217070935507652,-1.7099999999999937,1.0432266379755721,11,2026-09-24,distribuicao,,,,,,principal,
CEEBB8,DI+,65.08000000000001,61.08,4.000000000000014,0.024785880797951618,-2.6299999999999955,0.773258747709385,11,2026-09-24,distribuicao,,,,,,principal,
CEED16,DI+,66.03,61.08,4.950000000000003,0.03067252748746504,3.8500000000000014,1.3519420374880253,11,2026-09-24,distribuicao,,,,,,principal,
CEED18,DI+,65.64999999999999,61.08,4.569999999999993,0.028317868811659583,5.499999999999986,3.1818590906461055,11,2026-09-24,distribuicao,,,,,,principal,
CEEDA0,DI+,81.99,61.08,20.909999999999997,0.1295681918712916,4.25,1.7212632781556902,11,2026-09-24,distribuicao,,,,,,principal,
CEEDA1,DI+,89.80999999999999,61.08,28.72999999999999,0.1780245888312868,3.839999999999989,1.629815940528254,11,2026-09-24,distribuicao,,,,,,principal,
CEMTE2,DI+,56.35999999999999,61.08,-4.720000000000006,-0.029247339341582843,0.8399999999999892,0.9111650883247315,11,2026-09-24,distribuicao,,,,,,principal,
CEPEA1,DI+,85.69,61.08,24.61,0.1524951316093968,-2.5600000000000023,2.3386075888326068,11,2026-09-24,distribuicao,,,,,,principal,
CERO19,DI+,57.08,61.08,-4.0,-0.02478588079795153,6.979999999999997,3.8854069635917505,11,2026-09-24,distribuicao,,,,,,principal,
CEROA2,DI+,79.88000000000001,61.08,18.80000000000001,0.11649363975037226,22.63000000000001,10.702707219118999,11,2026-09-24,distribuicao,,,,,,principal,
CEROB2,DI+,82.25,61.08,21.17,0.1311792741231585,15.0,6.954196509368216,11,2026-09-24,distribuicao,,,,,,principal,
CESPA4,DI+,85.08999999999999,83.31,1.779999999999987,0.01102971695508835,8.699999999999989,3.2498164983160613,11,2026-09-24,geracao,,,,,,principal,
CGASA3,DI+,45.00000000000001,66.9,-21.9,-0.13570269736878462,-1.3399999999999892,0.5508060209613458,11,2026-09-24,distribuicao_gas,,,,,,principal,
CGASA5,DI+,66.9,66.9,0.0,0.0,-0.9799999999999898,1.1588207171713203,11,2026-09-24,distribuicao_gas,,,,,,principal,
CGBP14,DI+,83.42,83.31,0.10999999999999943,0.0006816117219436635,0.8999999999999915,2.301170848226454,11,2026-09-24,geracao,,,,,,principal,
CGOS15,DI+,65.28,61.08,4.200000000000003,0.026025174837849125,0.7199999999999989,1.060048026356266,11,2026-09-24,distribuicao,,,,,,principal,
CGOS17,DI+,67.05,61.08,5.969999999999999,0.03699292709094265,1.0900000000000034,1.035407693089583,11,2026-09-24,distribuicao,,,,,,principal,
CGOS18,DI+,67.08,61.08,6.0,0.037178821196927295,1.0999999999999943,0.8871506995073419,11,2026-09-24,distribuicao,,,,,,principal,
CGOS19,DI+,74.45,61.08,13.370000000000005,0.08284680656715301,3.6700000000000017,2.700074409749076,11,2026-09-24,distribuicao,,,,,,principal,
CGOSA1,DI+,74.42,61.08,13.340000000000003,0.08266091246116837,1.2000000000000028,1.691836011825345,11,2026-09-24,distribuicao,,,,,,principal,
CHSF12,DI+,46.2,59.019999999999996,-12.819999999999993,-0.07943874795743461,-1.4399999999999977,0.6129837607221663,11,2026-09-24,integrada_gt,,,,,,principal,
CHSF14,DI+,58.95,59.019999999999996,-0.06999999999999318,-0.0004337529139641095,3.0900000000000034,1.3393757026044903,11,2026-09-24,integrada_gt,,,,,,principal,
CHSF24,DI+,62.970000000000006,59.019999999999996,3.95000000000001,0.024476057287977197,1.0700000000000074,1.0601706552163266,11,2026-09-24,integrada_gt,,,,,,principal,
CHTH11,DI+,40.0,83.31,-43.31,-0.2683691243398202,-0.35999999999999943,0.19962237076312533,11,2026-09-24,geracao,,,,,,principal,
CIEL17,DI+,28.15,45.41,-17.259999999999998,-0.10695107564316084,0.620000000000001,0.8288403728320454,11,2026-09-24,financeiro,,,,,,principal,
CIEL18,DI+,39.56,45.41,-5.849999999999994,-0.03624935066700408,0.1600000000000037,0.12659886542648296,11,2026-09-24,financeiro,,,,,,principal,
CIEL19,DI+,33.800000000000004,45.41,-11.609999999999992,-0.07194101901605426,0.3400000000000034,0.45833294765823995,11,2026-09-24,financeiro,,,,,,principal,
CLCD16,DI+,76.05,80.98,-4.930000000000007,-0.030548598083475303,-1.1099999999999994,0.7125766306478575,11,2026-09-24,outros_corporativo,,,,,,principal,
CLCD17,DI+,85.05,80.98,4.069999999999993,0.02521963371191564,-5.160000000000011,3.3690125340439803,11,2026-09-24,outros_corporativo,,,,,,principal,
CLCD18,DI+,80.0,80.98,-0.980000000000004,-0.0060725407954981495,0.14000000000000057,0.6786577662094238,11,2026-09-24,outros_corporativo,,,,,,principal,
CLCD19,DI+,39.58,80.98,-41.400000000000006,-0.25653386625879837,-0.4200000000000017,0.12663476472266125,11,2026-09-24,outros_corporativo,,,,,,principal,
CLII12,DI+,183.93,140.81,43.120000000000005,0.26719179500191753,-0.1699999999999875,1.1815452132309983,11,2026-09-24,logistica,,,,,,principal,
CLIS11,DI+,174.02,106.595,67.42500000000001,0.4177970032004706,-3.269999999999982,1.8114828180250577,5,2026-10-02,portos,,,,,,principal,
CLMOA2,DI+,74.08,80.98,-6.900000000000006,-0.04275564437646642,3.969999999999999,1.6982547190893071,11,2026-09-24,outros_corporativo,,,,,,principal,
CLMOA4,DI+,69.99999999999999,80.98,-10.980000000000018,-0.06803724279037707,-1.8400000000000176,0.5513982227029821,11,2026-09-24,outros_corporativo,,,,,,principal,
CMED13,DI+,145.38,80.98,64.39999999999999,0.3990526808470196,3.7700000000000102,2.2732831683792356,11,2026-09-24,outros_corporativo,,,,,,principal,
CMGD18,DI+,54.720000000000006,61.08,-6.359999999999992,-0.039409550468742886,6.38000000000001,3.141470993022218,11,2026-09-24,distribuicao,,,,,,principal,
CMGDA0,DI+,44.660000000000004,61.08,-16.419999999999995,-0.101746040675591,-0.6699999999999946,1.4989754076459254,11,2026-09-24,distribuicao,,,,,,principal,
CMGDA1,DI+,60.0,61.08,-1.0799999999999983,-0.006692187815446902,0.8299999999999983,0.7571165396063221,11,2026-09-24,distribuicao,,,,,,principal,
CMGDA2,DI+,64.71000000000001,61.08,3.6300000000000097,0.022493186824141073,2.6000000000000085,0.8514703859687778,11,2026-09-24,distribuicao,,,,,,principal,
CMGDA3,DI+,50.49,61.08,-10.589999999999996,-0.06562061941257666,-2.979999999999997,1.8557228437262063,11,2026-09-24,distribuicao,,,,,,principal,
CMGDA6,DI+,74.19999999999999,61.08,13.11999999999999,0.08129768901728096,-0.18000000000000682,1.8640030237977805,11,2026-09-24,distribuicao,,,,,,principal,
CMGDB3,DI+,60.540000000000006,61.08,-0.539999999999992,-0.0033460939077234074,-1.789999999999992,1.1654105792302658,11,2026-09-24,distribuicao,,,,,,principal,
CMGTA0,DI+,51.04,59.019999999999996,-7.979999999999997,-0.04944783219191329,-0.35999999999999943,0.5224070165197747,11,2026-09-24,integrada_gt,,,,,,high_yield,"evento de crédito negativo: 2026-04-27: Cemig (CMIG4) anuncia repactuação de R$ 14,2 mi em UBP"
CMGTA2,DI+,56.14,59.019999999999996,-2.8799999999999955,-0.017845834174525073,4.459999999999994,1.5840282366629235,11,2026-09-24,integrada_gt,,,,,,high_yield,"evento de crédito negativo: 2026-04-27: Cemig (CMIG4) anuncia repactuação de R$ 14,2 mi em UBP"
CMGTC3,DI+,65.75,59.019999999999996,6.730000000000004,0.04170224444255347,0.75,2.0518448461633945,11,2026-09-24,integrada_gt,,,,,,high_yield,"evento de crédito negativo: 2026-04-27: Cemig (CMIG4) anuncia repactuação de R$ 14,2 mi em UBP"
CMTR19,DI+,55.98,59.019999999999996,-3.039999999999999,-0.018837269406443157,7.499999999999993,2.7823244043261894,11,2026-09-24,integrada_gt,,,,,,high_yield,"evento de crédito negativo: 2026-04-27: Cemig (CMIG4) anuncia repactuação de R$ 14,2 mi em UBP"
CNLM16,DI+,60.19,71.24,-11.049999999999997,-0.06847099570434109,-2.559999999999995,1.677798340900144,11,2026-09-24,mobilidade_urbana,,,,,,principal,
CNLM17,DI+,71.24,71.24,0.0,0.0,1.4399999999999977,0.9766398796616168,11,2026-09-24,mobilidade_urbana,,,,,,principal,
COCEA2,DI+,147.14,60.69,86.44999999999999,0.5356848487457274,17.45999999999998,6.29887940971898,11,2026-09-24,energia_diversificada,,,,,,principal,
COGNA4,DI+,121.95,91.71000000000001,30.239999999999995,0.18738125883251355,7.410000000000011,2.2776542957413652,11,2026-09-24,educacao,,,,,,principal,
COGNA5,DI+,101.98,91.71000000000001,10.269999999999996,0.06363774894874052,6.260000000000005,2.5329630510889483,11,2026-09-24,educacao,,,,,,principal,
COGNB2,DI+,115.0,91.71000000000001,23.289999999999992,0.14431579094607275,-1.1299999999999955,1.6303870148470319,11,2026-09-24,educacao,,,,,,principal,
COLNA3,DI+,78.72,124.745,-46.025000000000006,-0.2851925409314298,0.9099999999999966,0.4904580419455789,11,2026-09-24,rodovias,,,,,,principal,
CPFGA3,DI+,50.0,49.985,0.015000000000000568,9.294705299232176e-05,-2.1000000000000014,0.8030985448419597,11,2026-09-24,transmissao,,,,,,principal,
CPFPA6,DI+,31.269999999999996,61.08,-29.810000000000002,-0.1847167766467338,-2.1600000000000037,0.7959876655051666,11,2026-09-24,distribuicao,,,,,,principal,
CPFPA8,DI+,40.56,61.08,-20.519999999999996,-0.12715156849349132,-2.280000000000001,0.7788639745867646,11,2026-09-24,distribuicao,,,,,,principal,
CPFPB8,DI+,51.71999999999999,61.08,-9.360000000000007,-0.057998961067206624,-0.9300000000000068,0.36836987341035937,11,2026-09-24,distribuicao,,,,,,principal,
CPGT17,DI+,51.24,59.019999999999996,-7.779999999999994,-0.04820853815201569,-3.260000000000005,1.3430521549474896,11,2026-09-24,integrada_gt,,,,,,principal,
CPGT18,DI+,50.0,59.019999999999996,-9.019999999999996,-0.055892161199380674,-0.8600000000000065,0.34413527995410637,11,2026-09-24,integrada_gt,,,,,,principal,
CPGT19,DI+,37.919999999999995,59.019999999999996,-21.1,-0.13074552120919433,-1.6400000000000077,0.7931456360593573,11,2026-09-24,integrada_gt,,,,,,principal,
CPGT29,DI+,60.69,59.019999999999996,1.6700000000000017,0.010348105233144774,-0.10999999999999943,1.8268174014339311,11,2026-09-24,integrada_gt,,,,,,principal,
CPGT39,DI+,77.72,59.019999999999996,18.700000000000003,0.11587399273042343,-5.25,1.829494217238495,11,2026-09-24,integrada_gt,,,,,,principal,
CPGTA0,DI+,41.67000000000001,59.019999999999996,-17.349999999999987,-0.10750875796111468,-0.30999999999999517,0.7081820515812444,11,2026-09-24,integrada_gt,,,,,,principal,
CPGTB0,DI+,59.08,59.019999999999996,0.060000000000002274,0.000371788211969287,-0.9399999999999977,0.9067223690554088,11,2026-09-24,integrada_gt,,,,,,principal,
CPLD19,DI+,52.99000000000001,61.08,-8.08999999999999,-0.0501294439138569,-1.8799999999999883,1.4597677274764684,11,2026-09-24,distribuicao,,,,,,principal,
CPLD27,DI+,75.77000000000001,61.08,14.690000000000012,0.09102614723047707,-9.169999999999987,3.229690387637798,11,2026-09-24,distribuicao,,,,,,principal,
CPLDA0,DI+,44.1,61.08,-16.979999999999997,-0.10521606398730422,-0.4799999999999969,0.609509489820969,11,2026-09-24,distribuicao,,,,,,principal,
CPLDA2,DI+,37.57,61.08,-23.509999999999998,-0.14567901438996012,0.7999999999999972,0.5635488201808883,11,2026-09-24,distribuicao,,,,,,principal,
CPLDB0,DI+,57.25,61.08,-3.8299999999999983,-0.02373248086403858,0.29999999999999716,0.25149371942275206,11,2026-09-24,distribuicao,,,,,,principal,
CPREA0,DI+,41.07000000000001,83.31,-42.239999999999995,-0.2617389012263681,-3.269999999999996,1.2359721973925102,11,2026-09-24,geracao,,,,,,principal,
CPTE12,DI+,86.09,49.985,36.105000000000004,0.22372355655251003,-2.6499999999999915,2.4414045882721642,11,2026-09-24,transmissao,,,,,,principal,
CSAN15,DI+,210.42000000000002,177.825,32.59500000000003,0.2019739461523077,-17.589999999999975,5.2816216517966526,11,2026-09-24,agro_acucar_etanol,,,,,,high_yield,evento de crédito negativo: 2026-03-11: Pedido de recuperação extrajudicial da Raízen
CSAN18,DI+,152.26999999999998,177.825,-25.555000000000007,-0.15835079594791288,-2.430000000000007,1.861344089141445,11,2026-09-24,agro_acucar_etanol,,,,,,high_yield,evento de crédito negativo: 2026-03-11: Pedido de recuperação extrajudicial da Raízen
CSAN23,DI+,181.75,177.825,3.9250000000000114,0.02432114553299001,1.3799999999999955,2.8564644389365483,11,2026-09-24,agro_acucar_etanol,,,,,,high_yield,evento de crédito negativo: 2026-03-11: Pedido de recuperação extrajudicial da Raízen
CSAN24,DI+,188.57999999999998,177.825,10.754999999999995,0.06664303699549215,0.06999999999999318,1.4510742102443788,11,2026-09-24,agro_acucar_etanol,,,,,,high_yield,evento de crédito negativo: 2026-03-11: Pedido de recuperação extrajudicial da Raízen
CSANA0,DI+,145.0,177.825,-32.82499999999999,-0.20339913429818968,3.2700000000000102,1.9868279881624096,11,2026-09-24,agro_acucar_etanol,,,,,,high_yield,evento de crédito negativo: 2026-03-11: Pedido de recuperação extrajudicial da Raízen
CSANA2,DI+,168.04,177.825,-9.784999999999997,-0.06063246090198891,1.299999999999983,5.203778172897775,11,2026-09-24,agro_acucar_etanol,,,,,,high_yield,evento de crédito negativo: 2026-03-11: Pedido de recuperação extrajudicial da Raízen
CSANB0,DI+,181.02,177.825,3.1950000000000216,0.019797722287363918,-6.269999999999982,4.577148179220921,11,2026-09-24,agro_acucar_etanol,,,,,,high_yield,evento de crédito negativo: 2026-03-11: Pedido de recuperação extrajudicial da Raízen
CSANB1,DI+,168.65,177.825,-9.174999999999983,-0.05685261408030122,11.819999999999993,4.285140498386146,11,2026-09-24,agro_acucar_etanol,,,,,,high_yield,evento de crédito negativo: 2026-03-11: Pedido de recuperação extrajudicial da Raízen
CSANB2,DI+,148.5,177.825,-29.32499999999999,-0.1817114885999821,-1.1399999999999864,2.121303201507807,11,2026-09-24,agro_acucar_etanol,,,,,,high_yield,evento de crédito negativo: 2026-03-11: Pedido de recuperação extrajudicial da Raízen
CSANC1,DI+,215.34,177.825,37.515000000000015,0.23246057953378801,15.389999999999986,6.267156379962849,11,2026-09-24,agro_acucar_etanol,,,,,,high_yield,evento de crédito negativo: 2026-03-11: Pedido de recuperação extrajudicial da Raízen
CSANC2,DI+,185.23000000000002,177.825,7.40500000000003,0.045884861827207954,-2.609999999999985,4.846806821365637,11,2026-09-24,agro_acucar_etanol,,,,,,high_yield,evento de crédito negativo: 2026-03-11: Pedido de recuperação extrajudicial da Raízen
CSED12,DI+,78.79,91.71000000000001,-12.920000000000002,-0.08005839497738346,-1.3299999999999983,0.7471327008820255,11,2026-09-24,educacao,,,,,,principal,
CSED13,DI+,91.71000000000001,91.71000000000001,0.0,0.0,-0.3599999999999852,1.352134339748556,11,2026-09-24,educacao,,,,,,principal,
CSMGA7,DI+,73.69,130.0,-56.31,-0.3489232369331627,2.3700000000000045,1.026649448891437,11,2026-09-24,saneamento,,,,,,principal,
CSMGA8,DI+,81.51,130.0,-48.489999999999995,-0.3004668399731674,-2.509999999999991,1.0556350953551394,11,2026-09-24,saneamento,,,,,,principal,
CSMGA9,DI+,65.77,130.0,-64.23,-0.3979992809131067,0.75,1.4304341362613706,11,2026-09-24,saneamento,,,,,,principal,
CSMGB0,DI+,54.83,130.0,-75.17,-0.46578866489550413,-8.100000000000001,4.141882312537271,11,2026-09-24,saneamento,,,,,,principal,
CSMGD1,DI+,68.46,130.0,-61.540000000000006,-0.38133077607648436,0.01999999999999602,0.6348915440666018,11,2026-09-24,saneamento,,,,,,principal,
CSMGD2,DI+,63.85999999999999,130.0,-66.14000000000001,-0.40983453899412864,-2.270000000000003,1.059843899312106,11,2026-09-24,saneamento,,,,,,principal,
CSNAA1,DI+,1702.44,138.31,1564.13,9.692084933124983,-0.4600000000000364,9.971173269161318,11,2026-09-24,mineracao_siderurgia,,,,,,high_yield,spread sobre CDI 1702 bps
CSNAA2,DI+,1743.42,138.31,1605.1100000000001,9.946016281899997,-12.259999999999764,5.664434658463276,11,2026-09-24,mineracao_siderurgia,,,,,,high_yield,spread sobre CDI 1743 bps
CSRNA2,DI+,73.95,61.08,12.870000000000005,0.07974857146740907,-1.2399999999999949,0.60808043726288,11,2026-09-24,distribuicao,,,,,,principal,
CTEE19,DI+,36.69,49.985,-13.295000000000002,-0.08238207130219141,-1.750000000000007,1.5224245017853473,11,2026-09-24,transmissao,,,,,,principal,
CTNSA2,DI+,84.27000000000001,61.08,23.190000000000012,0.14369614392612406,-0.7299999999999898,0.21428952377565907,11,2026-09-24,distribuicao,,,,,,principal,
CVCB14,DI+,710.61,73.79,636.82,3.9460361524378738,30.850000000000023,22.679284059567333,11,2026-09-24,servicos_lazer,,,,,,high_yield,spread sobre CDI 711 bps
DASAB2,DI+,278.03000000000003,102.885,175.14500000000004,1.0852807730893055,-4.739999999999952,2.2601427951670323,11,2026-09-24,saude,,,,,,principal,
DASAB4,DI+,145.05999999999997,102.885,42.17499999999997,0.2613361306634013,-12.690000000000026,6.340252504292072,11,2026-09-24,saude,,,,,,principal,
DASAB5,DI+,238.79999999999998,102.885,135.91499999999996,0.8421932471633954,-7.960000000000008,2.950343277407813,11,2026-09-24,saude,,,,,,principal,
DASAC2,DI+,277.67,102.885,174.78500000000003,1.0830500438174897,-5.67999999999995,2.0473876925575976,11,2026-09-24,saude,,,,,,principal,
DASAC5,DI+,283.47,102.885,180.58500000000004,1.1189895709745195,-6.289999999999964,2.5292895157623643,11,2026-09-24,saude,,,,,,principal,
DASAD3,DI+,253.94,102.885,151.055,0.9360078059836422,-9.139999999999986,2.6961457338545016,11,2026-09-24,saude,,,,,,principal,
DGCD11,DI+,93.10000000000001,80.98,12.120000000000005,0.07510121881779316,3.1000000000000085,1.3576262707052664,11,2026-09-24,outros_corporativo,,,,,,principal,
DXCO13,DI+,74.99000000000001,61.68,13.31000000000001,0.08247501835518378,-0.0899999999999892,0.04069844759156611,11,2026-09-24,imobiliario_construcao,,,,,,principal,
EBENA6,DI+,51.3,61.08,-9.780000000000001,-0.0606014785509915,-7.18,3.191065937611102,11,2026-09-24,distribuicao,,,,,,principal,
EBENA7,DI+,65.99000000000001,61.08,4.910000000000011,0.03042466867948557,-1.6799999999999926,1.8420862678446472,11,2026-09-24,distribuicao,,,,,,principal,
EBENA9,DI+,55.08999999999999,61.08,-5.990000000000009,-0.037116856494932474,-0.010000000000012221,0.4022798663978746,11,2026-09-24,distribuicao,,,,,,principal,
EBENB1,DI+,45.96,61.08,-15.119999999999997,-0.09369062941625678,-2.3499999999999943,1.518401072899325,11,2026-09-24,distribuicao,,,,,,principal,
EBENC1,DI+,67.53,61.08,6.450000000000003,0.03996723278669686,2.460000000000008,1.1040421599328043,11,2026-09-24,distribuicao,,,,,,principal,
ECOV17,DI+,78.33,124.745,-46.415000000000006,-0.2876091643092301,7.309999999999988,3.8238681034689543,11,2026-09-24,rodovias,,,,,,principal,
EDPR13,DI+,61.72,49.985,11.735,0.0727155777909903,-1.2000000000000028,1.3515479341043817,11,2026-09-24,transmissao,,,,,,principal,
EDPR23,DI+,69.31,49.985,19.325000000000003,0.11974678660510335,-1.7399999999999949,0.964209520799291,3,2026-10-06,transmissao,,,,,,principal,
EDVP18,DI+,38.050000000000004,61.08,-23.029999999999994,-0.1427047086942059,7.710000000000004,2.9333183195208057,11,2026-09-24,distribuicao,,,,,,principal,
EEELA3,DI+,39.129999999999995,49.985,-10.855000000000004,-0.06726268401544098,-3.000000000000007,1.0024696776189574,11,2026-09-24,transmissao,,,,,,principal,
EEELA5,DI+,45.690000000000005,49.985,-4.294999999999995,-0.02661383950680042,-0.04999999999999005,0.5824790281047184,11,2026-09-24,transmissao,,,,,,principal,
EGIEE1,DI+,60.51,83.31,-22.800000000000004,-0.14127952054832374,-5.789999999999999,3.6558234988228646,11,2026-09-24,geracao,,,,,,principal,
EKTRA0,DI+,69.69,61.08,8.61,0.053351608417590665,-2.1899999999999977,2.639595010258547,11,2026-09-24,distribuicao,,,,,,principal,
EKTRA3,DI+,59.18,61.08,-1.8999999999999986,-0.011773293379026968,-0.7500000000000071,0.8186696525461297,11,2026-09-24,distribuicao,,,,,,principal,
EKTRA4,DI+,60.489999999999995,61.08,-0.5900000000000034,-0.003655917417697872,-2.010000000000005,0.8326387408277832,11,2026-09-24,distribuicao,,,,,,principal,
ELET15,DI+,50.809999999999995,59.019999999999996,-8.21,-0.050873020337795526,-1.8599999999999994,1.1633939378153257,11,2026-09-24,integrada_gt,,,,,,principal,
ELET17,DI+,71.64,59.019999999999996,12.620000000000005,0.0781994539175371,4.489999999999995,2.951090707456543,11,2026-09-24,integrada_gt,,,,,,principal,
ELET24,DI+,92.23,59.019999999999996,33.21000000000001,0.20578477532499265,-1.4599999999999937,1.9588999696026024,11,2026-09-24,integrada_gt,,,,,,principal,
ELET25,DI+,56.54,59.019999999999996,-2.479999999999997,-0.01536724609472993,1.3099999999999952,0.8794130273809208,11,2026-09-24,integrada_gt,,,,,,principal,
ELPLA6,DI+,247.56999999999996,61.08,186.48999999999995,1.155579727502495,-10.120000000000033,6.720379859393772,11,2026-09-24,distribuicao,,,,,,principal,
ELPLB8,DI+,249.17999999999998,61.08,188.09999999999997,1.1655560445236706,-33.170000000000044,22.449093684884648,11,2026-09-24,distribuicao,,,,,,principal,
ELTN16,DI+,59.019999999999996,59.019999999999996,0.0,0.0,3.29999999999999,2.116519870834281,11,2026-09-24,integrada_gt,,,,,,principal,
ELTN19,DI+,63.32,59.019999999999996,4.300000000000004,0.026644821857797922,0.09000000000000341,1.055568782479595,11,2026-09-24,integrada_gt,,,,,,principal,
ELTN26,DI+,64.2,59.019999999999996,5.180000000000007,0.032097715633347276,2.9100000000000037,2.4540230420493394,11,2026-09-24,integrada_gt,,,,,,principal,
ENERB5,DI+,58.269999999999996,61.08,-2.8100000000000023,-0.017412081260560965,-4.820000000000007,2.0536273894125645,11,2026-09-24,distribuicao,,,,,,principal,
ENERC3,DI+,61.08,61.08,0.0,0.0,10.269999999999996,5.18128415111017,11,2026-09-24,distribuicao,,,,,,principal,
ENEV48,DI+,79.13,83.31,-4.180000000000007,-0.025901245433859393,-0.6400000000000006,0.5285658125359783,11,2026-09-24,geracao,,,,,,principal,
ENEVA3,DI+,59.84,83.31,-23.47,-0.1454311555819806,1.8900000000000006,1.460666721989404,11,2026-09-24,geracao,,,,,,principal,
ENEVD0,DI+,59.28,83.31,-24.03,-0.14890117889369384,-1.970000000000006,1.252169753232001,11,2026-09-24,geracao,,,,,,principal,
ENGIA7,DI+,35.230000000000004,60.69,-25.459999999999994,-0.15776213127896146,-6.699999999999996,3.5037668041954233,11,2026-09-24,energia_diversificada,,,,,,principal,
ENGIB1,DI+,60.69,60.69,0.0,0.0,8.649999999999999,4.505314639400894,11,2026-09-24,energia_diversificada,,,,,,principal,
ENGIB5,DI+,31.740000000000002,60.69,-28.949999999999996,-0.17938781227517417,-4.490000000000002,2.464893875642888,11,2026-09-24,energia_diversificada,,,,,,principal,
ENGIB7,DI+,56.510000000000005,60.69,-4.179999999999993,-0.025901245433859302,-1.0399999999999991,1.8838172078859625,11,2026-09-24,energia_diversificada,,,,,,principal,
ENGIB8,DI+,50.72,60.69,-9.969999999999999,-0.061778807888894186,-5.130000000000003,2.0353579091112746,11,2026-09-24,energia_diversificada,,,,,,principal,
ENGIC3,DI+,66.31,60.69,5.6200000000000045,0.03482416252112193,6.039999999999999,3.1495237735251336,11,2026-09-24,energia_diversificada,,,,,,principal,
ENGIC4,DI+,79.16,60.69,18.47,0.11444880458454118,6.72999999999999,2.265738089654029,11,2026-09-24,energia_diversificada,,,,,,principal,
ENGIC5,DI+,52.49,60.69,-8.199999999999996,-0.050811055635800614,-2.4100000000000037,1.2308969383044537,11,2026-09-24,energia_diversificada,,,,,,principal,
ENGIC6,DI+,40.61000000000001,60.69,-20.07999999999999,-0.12442512160571663,-3.6599999999999895,2.406984911385271,11,2026-09-24,energia_diversificada,,,,,,principal,
ENGIC9,DI+,54.61000000000001,60.69,-6.079999999999991,-0.03767453881288627,-2.279999999999987,0.8540310831047588,11,2026-09-24,energia_diversificada,,,,,,principal,
ENGID3,DI+,72.27,60.69,11.579999999999998,0.07175512491006968,5.8799999999999955,2.673607369012207,11,2026-09-24,energia_diversificada,,,,,,principal,
ENMTA8,DI+,57.02,61.08,-4.059999999999995,-0.025157669009920773,6.810000000000002,3.3354648033738057,11,2026-09-24,distribuicao,,,,,,principal,
ENMTB0,DI+,59.550000000000004,61.08,-1.529999999999994,-0.009480599405216424,-1.749999999999993,0.7903934578308548,11,2026-09-24,distribuicao,,,,,,principal,
ENMTB2,DI+,64.47,61.08,3.3900000000000006,0.021006033976263924,1.8699999999999974,0.6671554268956844,11,2026-09-24,distribuicao,,,,,,principal,
ENMTC2,DI+,67.53,61.08,6.450000000000003,0.03996723278669686,3.8499999999999943,1.8774150507352545,11,2026-09-24,distribuicao,,,,,,principal,
ENMTC3,DI+,64.80000000000001,61.08,3.720000000000013,0.023050869142095004,5.790000000000013,2.7940296738191286,11,2026-09-24,distribuicao,,,,,,principal,
EQMAA1,DI+,62.36,61.08,1.2800000000000011,0.007931481855344497,-0.3500000000000014,0.8052746567024657,11,2026-09-24,distribuicao,,,,,,principal,
EQPA17,DI+,65.02,61.08,3.9399999999999977,0.024414092585982244,1.3599999999999923,1.0009804284709143,11,2026-09-24,distribuicao,,,,,,principal,
EQPAA0,DI+,74.61,61.08,13.530000000000001,0.08383824179907105,2.5,0.8326136286090047,11,2026-09-24,distribuicao,,,,,,principal,
EQTL17,DI+,63.349999999999994,60.69,2.6599999999999966,0.016482610730637746,5.499999999999993,1.6670294756624027,11,2026-09-24,energia_diversificada,,,,,,principal,
ERDVA3,DI+,149.23,124.745,24.484999999999985,0.15172057283446072,-13.030000000000001,5.2866100153638556,11,2026-09-24,rodovias,,,,,,principal,
ERDVA6,DI+,92.94,124.745,-31.805000000000007,-0.19707873469471215,11.899999999999991,5.877206510208433,11,2026-09-24,rodovias,,,,,,principal,
ERDVB3,DI+,123.08,124.745,-1.6650000000000063,-0.010317122882147364,-2.450000000000003,1.6812749491220815,11,2026-09-24,rodovias,,,,,,principal,
ESCEA3,DI+,53.92,61.08,-7.159999999999997,-0.04436672662833322,0.2700000000000031,1.2579225297724388,11,2026-09-24,distribuicao,,,,,,principal,
ESCEA4,DI+,45.25000000000001,61.08,-15.829999999999991,-0.09809012325789312,2.490000000000009,1.0795394640982132,11,2026-09-24,distribuicao,,,,,,principal,
ESCEA6,DI+,51.28000000000001,61.08,-9.79999999999999,-0.060725407954981186,-0.8099999999999952,0.5813479633966667,11,2026-09-24,distribuicao,,,,,,principal,
ESCEB4,DI+,48.94,61.08,-12.14,-0.0752251482217829,3.200000000000003,0.8353213861633247,11,2026-09-24,distribuicao,,,,,,principal,
ESCEB6,DI+,60.46,61.08,-0.6199999999999974,-0.0038418115236824716,0.00999999999999801,0.12778533135337036,11,2026-09-24,distribuicao,,,,,,principal,
ESSDA2,DI+,60.870000000000005,61.08,-0.20999999999999375,-0.0013012587418924167,1.0500000000000114,0.7310316496070967,11,2026-09-24,distribuicao,,,,,,principal,
EUFA17,DI+,120.54,102.885,17.655,0.10939868137195857,0.45999999999999375,0.7381475585422033,11,2026-09-24,saude,,,,,,principal,
EUFA18,DI+,97.87,102.885,-5.015000000000001,-0.031075298050431736,1.9000000000000057,0.8471653267863903,11,2026-09-24,saude,,,,,,principal,
EUFA19,DI+,135.32,102.885,32.43499999999999,0.2009825109203894,14.909999999999997,5.442723248855885,11,2026-09-24,saude,,,,,,principal,
FENS12,DI+,47.29,92.94,-45.65,-0.28286886460662186,-1.740000000000002,0.9165587815301328,11,2026-09-24,ferrovias,,,,,,principal,
FISI15,DI+,122.03999999999999,98.065,23.974999999999994,0.14856037303272196,-0.8500000000000227,1.906459355120715,11,2026-09-24,varejo,,,,,,principal,
FLCLA4,DI+,40.65,61.08,-20.43,-0.12659388617553743,-4.400000000000006,4.077482289131593,11,2026-09-24,distribuicao,,,,,,principal,
FLCLA8,DI+,71.49,61.08,10.409999999999997,0.06450525477666884,6.6499999999999915,3.327536626394963,3,2026-10-06,distribuicao,,,,,,principal,
FLRY18,DI+,64.36,102.885,-38.525000000000006,-0.23871901443527072,0.8200000000000003,0.8214964172997722,11,2026-09-24,saude,,,,,,principal,
FLRY19,DI+,39.7,102.885,-63.185,-0.39152396955464186,-0.1799999999999926,1.6498066002358616,11,2026-09-24,saude,,,,,,principal,
FLRY27,DI+,89.07,102.885,-13.815000000000012,-0.08560423580592517,-3.1700000000000017,1.9238607018180949,11,2026-09-24,saude,,,,,,principal,
FLRY29,DI+,57.21,102.885,-45.675000000000004,-0.2830237763616091,-3.6799999999999997,1.3940646913383763,11,2026-09-24,saude,,,,,,principal,
FLRYA0,DI+,40.83,102.885,-62.05500000000001,-0.3845219582292206,-6.100000000000001,1.7048364357695058,11,2026-09-24,saude,,,,,,principal,
FLRYA1,DI+,49.480000000000004,102.885,-53.405,-0.3309224910036504,-0.519999999999996,0.40237702808096876,11,2026-09-24,saude,,,,,,principal,
FLRYB0,DI+,55.08,102.885,-47.80500000000001,-0.2962222578865183,-4.399999999999999,1.4345857812052796,11,2026-09-24,saude,,,,,,principal,
FRAS15,DI+,104.56,133.385,-28.82499999999999,-0.17861325350023816,-1.509999999999991,1.0912361630904481,11,2026-09-24,industria,,,,,,principal,
FRAS16,DI+,100.24,133.385,-33.144999999999996,-0.20538200476202584,-1.1200000000000045,0.9483018315053362,11,2026-09-24,industria,,,,,,principal,
GGBRA7,DI+,38.1,138.31,-100.21000000000001,-0.6209482786906808,-0.39000000000000057,0.36821436444253225,11,2026-09-24,mineracao_siderurgia,,,,,,principal,
GGBRA8,DI+,38.900000000000006,138.31,-99.41,-0.6159911025310904,-1.3699999999999974,1.032248208347372,11,2026-09-24,mineracao_siderurgia,,,,,,principal,
GGBRA9,DI+,44.400000000000006,138.31,-93.91,-0.581910516433907,-6.060000000000002,2.347198717233337,11,2026-09-24,mineracao_siderurgia,,,,,,principal,
GRRB16,DI+,224.57999999999998,130.0,94.57999999999998,0.5860621514675638,-0.4200000000000159,1.0070280306652042,11,2026-09-24,saneamento,,,,,,principal,
GSHC15,DI+,134.85,102.885,31.96499999999999,0.1980701699266301,-2.0900000000000034,1.6267787467597148,11,2026-09-24,saude,,,,,,principal,
GSHC17,DI+,277.56,102.885,174.675,1.082368432095546,-6.050000000000011,6.963716092588911,11,2026-09-24,saude,,,,,,principal,
GUAR17,DI+,97.95,98.065,-0.11499999999999488,-0.0007125940729410748,0.09999999999999432,0.8800433873601696,11,2026-09-24,varejo,,,,,,principal,
HAPV15,DI+,994.4300000000001,102.885,891.5450000000001,5.524432024002425,-34.47999999999979,18.235074494451123,11,2026-09-24,saude,,,,,,high_yield,spread sobre CDI 994 bps
HAPV17,DI+,1035.7,102.885,932.815,5.78016034913529,-3.1099999999999,20.260851951933883,11,2026-09-24,saude,,,,,,high_yield,spread sobre CDI 1036 bps
HAPV18,DI+,994.98,102.885,892.095,5.527840082612143,34.23000000000002,14.091072221929638,11,2026-09-24,saude,,,,,,high_yield,spread sobre CDI 995 bps
HAPV19,DI+,983.4799999999999,102.885,880.5949999999999,5.4565806753180315,8.359999999999786,17.716605102661074,11,2026-09-24,saude,,,,,,high_yield,spread sobre CDI 983 bps
HAPV28,DI+,905.23,102.885,802.345,4.971706882208105,-19.629999999999995,34.3560889402843,11,2026-09-24,saude,,,,,,high_yield,spread sobre CDI 905 bps
HAPVA0,DI+,960.97,102.885,858.085,5.31709813112756,1.8900000000001,26.14539006819712,11,2026-09-24,saude,,,,,,high_yield,spread sobre CDI 961 bps
HBSA14,DI+,47.279999999999994,140.81,-93.53,-0.5795558577581017,-6.18,3.2664684850211523,11,2026-09-24,logistica,,,,,,principal,
HBSA24,DI+,60.0,140.81,-80.81,-0.5007367568206158,-0.28999999999999915,0.10048066299723248,11,2026-09-24,logistica,,,,,,principal,
HGLB13,DI+,277.02,99.1,177.92,1.102475977892884,-3.3700000000000045,2.336785282079941,11,2026-09-24,telecom,,,,,,principal,
HSPE15,DI+,120.11000000000001,102.885,17.22500000000001,0.10673419918617884,4.410000000000011,2.250374514285445,11,2026-09-24,saude,,,,,,principal,
HYPEA6,DI+,69.99999999999999,102.885,-32.88500000000002,-0.20377092251015913,0.8899999999999864,1.217081456898949,11,2026-09-24,saude,,,,,,principal,
HYPEA7,DI+,68.84,102.885,-34.045,-0.21095882794156498,3.470000000000013,1.3787919613659168,11,2026-09-24,saude,,,,,,principal,
HYPEA8,DI+,46.7,102.885,-56.185,-0.3481486781582267,-3.6199999999999974,1.2629748431958,11,2026-09-24,saude,,,,,,principal,
HYPEA9,DI+,50.0,102.885,-52.885000000000005,-0.3277003264999167,-2.3000000000000043,1.0544037522350114,11,2026-09-24,saude,,,,,,principal,
HYPEB1,DI+,61.85,102.885,-41.035000000000004,-0.2542721546359853,0.0899999999999963,0.5278343404034003,11,2026-09-24,saude,,,,,,principal,
HYPEC0,DI+,54.21000000000001,102.885,-48.675,-0.30161318696007267,-4.119999999999997,1.3028200182680651,11,2026-09-24,saude,,,,,,principal,
IEAS11,DI+,74.52,49.985,24.534999999999997,0.1520303963444352,4.519999999999996,2.0398186193875167,11,2026-09-24,transmissao,,,,,,principal,
IEPS11,DI+,74.58,49.985,24.595,0.15240218455640447,4.579999999999998,2.2111872582187804,11,2026-09-24,transmissao,,,,,,principal,
IGTAA3,DI+,45.07,98.065,-52.995,-0.32838193822186035,-0.3999999999999986,0.27082365950089055,11,2026-09-24,varejo,,,,,,principal,
IGTAB0,DI+,28.100000000000005,98.065,-69.96499999999999,-0.4335360375071696,1.7500000000000036,0.5414861703933651,11,2026-09-24,varejo,,,,,,principal,
INEL12,DI+,124.53999999999999,91.71000000000001,32.829999999999984,0.2034301166491871,-0.09000000000000341,0.750166042226049,11,2026-09-24,educacao,,,,,,principal,
IOCHA3,DI+,130.55,133.385,-2.8349999999999795,-0.01756699301554802,3.5300000000000153,1.8105031947449965,11,2026-09-24,industria,,,,,,principal,
IOCHA4,DI+,119.15,133.385,-14.234999999999985,-0.08820675328970992,1.6300000000000097,0.6245391027862824,11,2026-09-24,industria,,,,,,principal,
IOCHA5,DI+,131.53,133.385,-1.8549999999999898,-0.01149445222004996,0.6800000000000068,0.7838170009058832,11,2026-09-24,industria,,,,,,principal,
IOCHA6,DI+,135.24,133.385,1.8550000000000182,0.011494452220050135,2.5900000000000034,2.0320790965278492,11,2026-09-24,industria,,,,,,principal,
IOCHA7,DI+,130.41,133.385,-2.9749999999999943,-0.018434498843476414,-1.450000000000017,1.1006725216884485,11,2026-09-24,industria,,,,,,principal,
IPIPA6,DI+,50.0,102.24000000000001,-52.24000000000001,-0.323703603221247,-0.13999999999999346,0.07170647238442181,11,2026-09-24,oleo_gas,,,,,,principal,
ISAEB1,DI+,50.419999999999995,49.985,0.43499999999999517,0.002695464536777199,-1.6500000000000128,0.5156796045467151,11,2026-09-24,transmissao,,,,,,principal,
ISAEB3,DI+,44.37,49.985,-5.615000000000002,-0.03479318017012448,4.229999999999997,1.8066533601209638,11,2026-09-24,transmissao,,,,,,principal,
ISAEC1,DI+,49.97,49.985,-0.015000000000000568,-9.294705299232176e-05,-8.519999999999996,3.1124892113723193,11,2026-09-24,transmissao,,,,,,principal,
ISAED1,DI+,59.97,49.985,9.985,0.06187175494188651,5.510000000000005,1.9294261982634782,11,2026-09-24,transmissao,,,,,,principal,
ISPE12,DI+,249.31000000000003,130.0,119.31000000000003,0.7393008595008995,-0.37999999999996703,1.6227373058003989,11,2026-09-24,saneamento,,,,,,principal,
ISPE13,DI+,258.12,130.0,128.12,0.7938917619583875,-1.9800000000000182,2.5582668138622937,11,2026-09-24,saneamento,,,,,,principal,
ITSA17,DI+,45.41,45.41,0.0,0.0,-2.4200000000000017,1.0602624031985486,11,2026-09-24,financeiro,,,,,,principal,
ITSA18,DI+,46.04,45.41,0.6300000000000026,0.003903776225677382,-0.8400000000000034,0.47909004657503884,11,2026-09-24,financeiro,,,,,,principal,
JHSFA1,DI+,55.010000000000005,80.98,-25.97,-0.1609223310807003,-5.579999999999991,2.7027423783328586,11,2026-09-24,outros_corporativo,,,,,,principal,
JHSFA3,DI+,113.35999999999999,80.98,32.37999999999998,0.20064170505941753,-4.280000000000001,1.8521309594381004,11,2026-09-24,outros_corporativo,,,,,,principal,
JSLGA5,DI+,236.41000000000003,140.81,95.60000000000002,0.5923825510710418,-49.29000000000002,15.906076426093492,11,2026-09-24,logistica,,,,,,principal,
JSMLA5,DI+,383.95,140.81,243.14,1.5066097643034837,-19.680000000000007,6.604678369431509,11,2026-09-24,logistica,,,,,,high_yield,spread sobre CDI 384 bps
LCAMC2,DI+,163.93,129.61,34.31999999999999,0.2126628572464241,9.400000000000006,3.8948684188300935,11,2026-09-24,locacao,,,,,,principal,
LETS18,DI+,125.09999999999998,129.61,-4.5100000000000335,-0.02794608059969056,-0.13000000000000966,1.0791756112885467,11,2026-09-24,locacao,,,,,,principal,
LMTP18,DI+,151.56,140.81,10.75,0.06661205464449474,-3.4499999999999886,0.9711005939841459,11,2026-09-24,logistica,,,,,,principal,
LMTP26,DI+,151.8,140.81,10.990000000000009,0.06809920749237189,-1.0300000000000011,0.31825947104381436,11,2026-09-24,logistica,,,,,,principal,
LMTPA0,DI+,174.58999999999997,140.81,33.77999999999997,0.2093167633387005,-3.8300000000000125,1.794697746140012,11,2026-09-24,logistica,,,,,,principal,
LMTPA1,DI+,130.06,140.81,-10.75,-0.06661205464449474,-3.0600000000000023,2.6961494428502686,11,2026-09-24,logistica,,,,,,principal,
LMTPA2,DI+,164.76999999999998,140.81,23.95999999999998,0.14846742597972953,-6.110000000000014,6.6936534391643265,11,2026-09-24,logistica,,,,,,principal,
LMTPB1,DI+,175.00000000000003,140.81,34.190000000000026,0.21185731612049089,-8.629999999999967,4.406888615874837,11,2026-09-24,logistica,,,,,,principal,
LMTPB2,DI+,183.44,140.81,42.629999999999995,0.2641555246041684,-2.109999999999985,1.3378714437493644,3,2026-10-06,logistica,,,,,,principal,
LOGGB1,DI+,97.58,61.68,35.9,0.22245328016161497,6.670000000000002,3.1569044101057995,11,2026-09-24,imobiliario_construcao,,,,,,principal,
LORTB2,DI+,124.53,129.61,-5.0800000000000125,-0.031478068613398524,-4.490000000000009,1.9047008832216847,11,2026-09-24,locacao,,,,,,principal,
LVTC12,DI+,235.48,98.065,137.415,0.8514879524626273,-2.0,2.4108516035926963,11,2026-09-24,varejo,,,,,,principal,
LVTC22,DI+,562.5600000000001,98.065,464.49500000000006,2.8782294253111242,-13.319999999999936,5.198840954744357,11,2026-09-24,varejo,,,,,,high_yield,spread sobre CDI 563 bps
MATD12,DI+,65.83,102.885,-37.05500000000001,-0.22961020324202353,-5.540000000000006,1.9399372061065192,11,2026-09-24,saude,,,,,,high_yield,evento de crédito negativo: 2026-09-09: Extensão Waiver B3
MATD13,DI+,71.38,102.885,-31.50500000000001,-0.1952197936348658,2.0799999999999983,1.00388608553325,11,2026-09-24,saude,,,,,,high_yield,evento de crédito negativo: 2026-09-09: Extensão Waiver B3
MDRO18,DI+,204.45999999999998,187.405,17.05499999999998,0.1056807992522657,-7.6299999999999955,7.826645630037293,11,2026-09-24,alimentos_bebidas,,,,,,principal,
MGLUA0,DI+,170.79,98.065,72.725,0.4506382952577562,-1.5700000000000216,1.124898379248706,11,2026-09-24,varejo,,,,,,principal,
MILS18,DI+,93.38,129.61,-36.23000000000002,-0.2244981153274461,-0.37000000000000455,1.6299392068975496,11,2026-09-24,locacao,,,,,,principal,
MILS19,DI+,94.1,129.61,-35.51000000000002,-0.22003665678381484,-1.0799999999999983,2.814782407220853,11,2026-09-24,locacao,,,,,,principal,
MILS29,DI+,131.76,129.61,2.1499999999999773,0.013322410928898807,10.829999999999984,6.727569870587474,11,2026-09-24,locacao,,,,,,principal,
MILSA0,DI+,80.08999999999999,129.61,-49.520000000000024,-0.3068492042786401,-0.18000000000000682,1.3745855573755517,11,2026-09-24,locacao,,,,,,principal,
MILSA1,DI+,82.64999999999999,129.61,-46.96000000000002,-0.2909862405679511,-0.8200000000000074,1.1890699191920018,11,2026-09-24,locacao,,,,,,principal,
MILSB0,DI+,107.72999999999999,129.61,-21.880000000000024,-0.135578767964795,-7.269999999999996,2.439963487059141,11,2026-09-24,locacao,,,,,,principal,
MNLT11,DI+,81.96000000000001,80.98,0.980000000000004,0.0060725407954981495,-1.8799999999999955,2.085912052534597,11,2026-09-24,outros_corporativo,,,,,,principal,
MNRVA1,DI+,170.35000000000002,187.405,-17.05499999999998,-0.1056807992522657,-4.059999999999974,2.2521270753748195,11,2026-09-24,alimentos_bebidas,,,,,,principal,
MOVI27,DI+,185.48,129.61,55.869999999999976,0.34619679004538784,-7.390000000000015,2.849619113304281,11,2026-09-24,locacao,,,,,,principal,
MOVI34,DI+,117.16,129.61,-12.450000000000017,-0.07714605398362424,-18.49000000000001,6.334708144242107,11,2026-09-24,locacao,,,,,,principal,
MOVIA2,DI+,154.74,129.61,25.129999999999995,0.15571729611313045,28.61,11.641211980014633,11,2026-09-24,locacao,,,,,,principal,
MOVIA3,DI+,184.4,129.61,54.78999999999999,0.33950460222994105,-3.079999999999984,2.4857674871153983,11,2026-09-24,locacao,,,,,,principal,
MRFGA1,DI+,118.38999999999999,187.405,-69.01500000000001,-0.4276493908176563,0.769999999999996,1.4680450822901723,11,2026-09-24,alimentos_bebidas,,,,,,principal,
MTRO12,DI+,90.14,71.24,18.900000000000006,0.11711328677032101,4.420000000000002,2.341748763793262,11,2026-09-24,mobilidade_urbana,,,,,,principal,
MULPA0,DI+,60.0,61.68,-1.6799999999999997,-0.010410069935139642,-1.2299999999999969,0.7467967960198107,11,2026-09-24,imobiliario_construcao,,,,,,principal,
MULPB1,DI+,60.019999999999996,61.68,-1.6600000000000037,-0.010286140531149908,-0.14000000000000767,0.13804478851576824,11,2026-09-24,imobiliario_construcao,,,,,,principal,
MULTA4,DI+,46.19,61.68,-15.490000000000002,-0.09598332339006732,-0.23000000000000398,1.5051807502453285,11,2026-09-24,imobiliario_construcao,,,,,,principal,
MULTA5,DI+,50.0,61.68,-11.68,-0.07237477193001847,-2.75,0.7164609993826347,11,2026-09-24,imobiliario_construcao,,,,,,principal,
MULTB5,DI+,62.480000000000004,61.68,0.8000000000000043,0.004957176159590333,2.5700000000000074,1.3305637902783933,11,2026-09-24,imobiliario_construcao,,,,,,principal,
MVLV19,DI+,204.54,129.61,74.92999999999998,0.46430151204762693,-4.750000000000028,1.8737628645928677,11,2026-09-24,locacao,,,,,,principal,
MVLVA1,DI+,213.37,129.61,83.75999999999999,0.519016343909105,0.6000000000000227,1.3909297087004295,11,2026-09-24,locacao,,,,,,principal,
MVLVA3,DI+,212.14000000000001,129.61,82.53,0.511394685563735,-2.139999999999958,2.5099764576947363,11,2026-09-24,locacao,,,,,,principal,
NATUA3,DI+,163.48000000000002,102.885,60.59500000000001,0.3754751117379683,-8.20999999999998,4.069157384297371,11,2026-09-24,saude,,,,,,principal,
NIGP12,DI+,114.60999999999999,102.24000000000001,12.369999999999976,0.07665033636766497,9.89,3.3978643024967634,11,2026-09-24,oleo_gas,,,,,,principal,
NTSD16,DI+,81.93,102.24000000000001,-20.310000000000002,-0.12585030975159892,4.560000000000002,1.4835124168368434,11,2026-09-24,oleo_gas,,,,,,principal,
NTSD17,DI+,47.7,102.24000000000001,-54.540000000000006,-0.33795548468006914,-0.5899999999999963,1.3984302888336166,11,2026-09-24,oleo_gas,,,,,,principal,
NTSD18,DI+,72.57000000000001,102.24000000000001,-29.67,-0.18384927081880548,3.5900000000000176,1.6762241117247052,11,2026-09-24,oleo_gas,,,,,,principal,
NTSD26,DI+,86.28,102.24000000000001,-15.960000000000008,-0.09889566438382666,1.2700000000000102,1.5957449101224834,11,2026-09-24,oleo_gas,,,,,,principal,
NTSD35,DI+,102.24000000000001,102.24000000000001,0.0,0.0,2.660000000000011,1.2585648392297708,11,2026-09-24,oleo_gas,,,,,,principal,
NTSD36,DI+,111.44000000000001,102.24000000000001,9.200000000000003,0.057007525835288536,12.440000000000012,3.827955067656887,11,2026-09-24,oleo_gas,,,,,,principal,
NTSDA0,DI+,83.75,102.24000000000001,-18.49000000000001,-0.114572733988531,17.97,6.575108848044749,11,2026-09-24,oleo_gas,,,,,,principal,
NTSDA2,DI+,72.59,102.24000000000001,-29.650000000000006,-0.18372534141481575,7.27000000000001,3.4306903625416805,11,2026-09-24,oleo_gas,,,,,,principal,
OMGE15,DI+,150.26,83.31,66.94999999999999,0.4148536798557137,4.009999999999991,1.3130907328616983,11,2026-09-24,geracao,,,,,,principal,
OMGE16,DI+,151.04,83.31,67.72999999999999,0.41968692661131424,7.259999999999991,3.040178523466253,11,2026-09-24,geracao,,,,,,principal,
OMGE17,DI+,164.62,83.31,81.31,0.5038349919203597,5.990000000000009,2.204849613506966,11,2026-09-24,geracao,,,,,,principal,
OMGE26,DI+,157.30999999999997,83.31,73.99999999999997,0.45853879476210313,-5.010000000000019,1.7168591830856363,11,2026-09-24,geracao,,,,,,principal,
OPCT16,DI+,130.70999999999998,102.24000000000001,28.46999999999997,0.17641350657941984,0.009999999999990905,0.522598403087005,11,2026-09-24,oleo_gas,,,,,,principal,
OPCT17,DI+,134.22,102.24000000000001,31.97999999999999,0.19816311697962244,-2.640000000000015,1.2851791527041885,11,2026-09-24,oleo_gas,,,,,,principal,
ORMA16,DI+,121.08000000000001,130.0,-8.919999999999987,-0.05527251417943184,-3.9199999999999875,2.0032686925486174,11,2026-09-24,saneamento,,,,,,principal,
ORMA17,DI+,129.35,130.0,-0.6500000000000057,-0.004027705629667159,-11.52000000000001,5.217864418601648,11,2026-09-24,saneamento,,,,,,principal,
OVSAA3,DI+,216.9,129.61,87.28999999999999,0.5408898837132973,-4.859999999999985,2.972767917431349,11,2026-09-24,locacao,,,,,,principal,
OVSAA8,DI+,208.48,129.61,78.86999999999998,0.48871560463360914,-3.9099999999999966,1.3269445422404833,11,2026-09-24,locacao,,,,,,principal,
OVSAA9,DI+,240.11,129.61,110.5,0.6847099570434111,9.330000000000041,3.8892065093958736,11,2026-09-24,locacao,,,,,,principal,
OVSAB0,DI+,229.87,129.61,100.25999999999999,0.621258102200655,9.679999999999978,3.839880916714142,11,2026-09-24,locacao,,,,,,principal,
OVSAB1,DI+,233.73,129.61,104.11999999999998,0.6451764771706782,-3.969999999999999,1.4467329966639928,11,2026-09-24,locacao,,,,,,principal,
OZNH11,DI+,180.76000000000002,102.885,77.87500000000001,0.48255011678511894,0.0700000000000216,2.9328565039441146,11,2026-09-24,saude,,,,,,principal,
PALFA4,DI+,30.86,61.08,-30.22,-0.1872573294285238,-2.3200000000000003,0.608491428190914,11,2026-09-24,distribuicao,,,,,,principal,
PALFA5,DI+,43.690000000000005,61.08,-17.389999999999993,-0.10775661676909425,-2.219999999999999,1.040494637616691,11,2026-09-24,distribuicao,,,,,,principal,
PALFA6,DI+,45.12,61.08,-15.96,-0.09889566438382662,-1.0,1.0246791071976027,11,2026-09-24,distribuicao,,,,,,principal,
PALFA8,DI+,27.1,61.08,-33.98,-0.21055605737859823,1.2700000000000031,0.987697966347645,11,2026-09-24,distribuicao,,,,,,principal,
PASS12,DI+,94.99000000000001,66.9,28.090000000000003,0.17405884790361464,-0.9499999999999886,0.7616930901855188,11,2026-09-24,distribuicao_gas,,,,,,high_yield,evento de crédito negativo: 2026-03-19: Compass tem rating rebaixado antes de IPO
PASS13,DI+,74.8,66.9,7.8999999999999915,0.04895211457595422,-3.5200000000000102,1.832326886279252,11,2026-09-24,distribuicao_gas,,,,,,high_yield,evento de crédito negativo: 2026-03-19: Compass tem rating rebaixado antes de IPO
PASS14,DI+,75.26,66.9,8.36,0.051802490867718695,0.4300000000000068,1.204481782193637,11,2026-09-24,distribuicao_gas,,,,,,high_yield,evento de crédito negativo: 2026-03-19: Compass tem rating rebaixado antes de IPO
PEJA21,DI+,106.04,102.24000000000001,3.799999999999997,0.023546586758053937,7.930000000000007,2.5982382142871017,11,2026-09-24,oleo_gas,,,,,,principal,
PFOR15,DI+,120.88000000000001,102.24000000000001,18.64,0.11550220451845414,-1.7899999999999778,1.2270407861636428,11,2026-09-24,oleo_gas,,,,,,principal,
PFOR16,DI+,122.15,102.24000000000001,19.909999999999997,0.12337172167180373,-0.35999999999999943,0.7523297149521636,11,2026-09-24,oleo_gas,,,,,,principal,
PFOR25,DI+,131.65,102.24000000000001,29.409999999999997,0.1822381885669386,-9.099999999999994,3.912777669496325,11,2026-09-24,oleo_gas,,,,,,principal,
PFOR26,DI+,133.79,102.24000000000001,31.549999999999983,0.1954986347938426,-0.4000000000000057,1.6691761713219773,11,2026-09-24,oleo_gas,,,,,,principal,
PGMN18,DI+,178.16000000000003,98.065,80.09500000000003,0.49630628062798215,11.79000000000002,7.250180436626139,11,2026-09-24,varejo,,,,,,principal,
PLSB2A,DI+,126.41,124.745,1.664999999999992,0.010317122882147275,1.3300000000000125,1.2123373367927832,11,2026-09-24,rodovias,,,,,,principal,
PRLG17,DI+,103.03,130.0,-26.97,-0.1671188012801882,0.3500000000000085,2.7560036944163095,11,2026-09-24,saneamento,,,,,,principal,
PSAN13,DI+,234.23,130.0,104.22999999999999,0.645858088892622,-0.7700000000000102,0.9111531155629149,11,2026-09-24,saneamento,,,,,,principal,
PSAN23,DI+,232.99,130.0,102.99000000000001,0.638174465845257,1.2200000000000273,1.8767806090604913,11,2026-09-24,saneamento,,,,,,principal,
QUAL16,DI+,342.89,45.41,297.48,1.8433259549436554,-23.819999999999993,8.549733860823327,11,2026-09-24,financeiro,,,,,,high_yield,spread sobre CDI 343 bps
QUAL17,DI+,423.21,45.41,377.79999999999995,2.341026441366522,,,1,2026-10-08,financeiro,,,,,,high_yield,spread sobre CDI 423 bps
QUAL18,DI+,563.38,45.41,517.97,3.209585669228739,55.349999999999966,22.20277611634921,11,2026-09-24,financeiro,,,,,,high_yield,spread sobre CDI 563 bps
QUNT11,DI+,77.42999999999999,60.69,16.739999999999995,0.10372891113942713,2.0,1.2978940984953629,11,2026-09-24,energia_diversificada,,,,,,principal,
QYAN11,DI+,77.11,60.69,16.42,0.10174604067559105,10.11,3.9455657504227566,11,2026-09-24,energia_diversificada,,,,,,principal,
RADL15,DI+,60.029999999999994,98.065,-38.035000000000004,-0.23568274403752165,-3.3100000000000023,1.5631378697990777,11,2026-09-24,varejo,,,,,,principal,
RADL19,DI+,46.61,98.065,-51.455,-0.318839374114649,1.6099999999999994,0.9327281587803684,11,2026-09-24,varejo,,,,,,principal,
RADLA0,DI+,50.0,98.065,-48.065,-0.2978333401383851,-0.0800000000000054,0.25620659277586366,11,2026-09-24,varejo,,,,,,principal,
RADLA1,DI+,50.07,98.065,-47.995,-0.2973995872244209,3.700000000000003,1.4610917462326207,11,2026-09-24,varejo,,,,,,principal,
RDORA5,DI+,114.39,102.885,11.504999999999995,0.07129038964510806,-0.9299999999999926,1.1330160875051445,11,2026-09-24,saude,,,,,,principal,
RDORB3,DI+,99.98,102.885,-2.905000000000001,-0.018000745929512306,2.6299999999999955,1.0104589416335896,11,2026-09-24,saude,,,,,,principal,
RDORB5,DI+,102.25999999999999,102.885,-0.6250000000000142,-0.003872793874680015,-0.5800000000000125,0.5858389477725717,11,2026-09-24,saude,,,,,,principal,
RDORB9,DI+,101.42,102.885,-1.4650000000000034,-0.00907782884224977,4.840000000000003,1.6512810454035671,11,2026-09-24,saude,,,,,,principal,
RDORC3,DI+,103.04,102.885,0.15500000000000114,0.0009604528809206289,1.2800000000000011,0.9835695658717261,11,2026-09-24,saude,,,,,,principal,
RDORC4,DI+,37.22,102.885,-65.665,-0.40689121564937186,-0.8299999999999983,0.8289149534180212,11,2026-09-24,saude,,,,,,principal,
RDORC7,DI+,48.95,102.885,-53.935,-0.33420662020937897,0.7100000000000009,0.3227805333772043,11,2026-09-24,saude,,,,,,principal,
RDORC9,DI+,100.49,102.885,-2.3950000000000102,-0.014840546127773543,3.8700000000000045,1.482487467369993,11,2026-09-24,saude,,,,,,principal,
RDORD3,DI+,102.73,102.885,-0.15500000000000114,-0.0009604528809206289,-1.3899999999999864,0.9719698835588756,11,2026-09-24,saude,,,,,,principal,
RDORD4,DI+,95.16,102.885,-7.7250000000000085,-0.04786773229104395,6.840000000000003,2.421476258964201,11,2026-09-24,saude,,,,,,principal,
RDORD7,DI+,94.79999999999998,102.885,-8.085000000000022,-0.050098461562859666,-1.7400000000000233,2.0829943481789557,11,2026-09-24,saude,,,,,,principal,
RDORE4,DI+,114.29,102.885,11.405000000000001,0.07067074262515931,5.180000000000007,2.4810459671092553,11,2026-09-24,saude,,,,,,principal,
RDORF1,DI+,102.43,102.885,-0.4549999999999983,-0.002819393940766976,3.5400000000000063,2.023172576110915,11,2026-09-24,saude,,,,,,principal,
RDORF8,DI+,114.27,102.885,11.384999999999991,0.07054681322116949,7.159999999999997,3.0400660877983943,11,2026-09-24,saude,,,,,,principal,
RDORG6,DI+,101.26999999999998,102.885,-1.6150000000000233,-0.010007299372173074,4.639999999999972,1.5842681132136185,11,2026-09-24,saude,,,,,,principal,
RDORG9,DI+,110.00000000000001,102.885,7.115000000000009,0.04408788546935634,1.8200000000000074,0.8437104199470764,11,2026-09-24,saude,,,,,,principal,
RDORH6,DI+,106.92,102.885,4.034999999999997,0.025002757254933585,-0.539999999999992,0.35058392848088477,11,2026-09-24,saude,,,,,,principal,
RDORI6,DI+,120.31,102.885,17.424999999999997,0.10797349322607634,-0.4200000000000017,0.96454416930769,11,2026-09-24,saude,,,,,,principal,
RECV12,DI+,84.48,102.24000000000001,-17.760000000000005,-0.11004931074290483,-3.739999999999995,2.972193863737079,11,2026-09-24,oleo_gas,,,,,,principal,
RECV13,DI+,67.78999999999999,102.24000000000001,-34.45000000000002,-0.21346839837235768,-1.5300000000000153,3.2970830083023954,11,2026-09-24,oleo_gas,,,,,,principal,
RENTA5,DI+,128.01,129.61,-1.6000000000000227,-0.009914352319180753,0.8099999999999881,1.2613153307703646,11,2026-09-24,locacao,,,,,,principal,
RENTC4,DI+,122.94000000000001,129.61,-6.670000000000002,-0.041330456230584185,-10.439999999999984,6.210109646228622,11,2026-09-24,locacao,,,,,,principal,
RENTC8,DI+,128.11999999999998,129.61,-1.4900000000000375,-0.009232740597237178,-11.170000000000016,4.639099246425089,11,2026-09-24,locacao,,,,,,principal,
RENTD0,DI+,112.75,129.61,-16.860000000000014,-0.10447248756336579,9.969999999999999,3.635575482768731,11,2026-09-24,locacao,,,,,,principal,
RENTD5,DI+,109.69,129.61,-19.920000000000016,-0.12343368637379873,10.399999999999991,2.923413944502059,11,2026-09-24,locacao,,,,,,principal,
RENTD9,DI+,124.14000000000001,129.61,-5.469999999999999,-0.03389469199119871,-4.259999999999991,2.9984232219921525,11,2026-09-24,locacao,,,,,,principal,
RENTE2,DI+,111.36,129.61,-18.250000000000014,-0.11308558114065395,1.0400000000000063,2.2461008639215447,11,2026-09-24,locacao,,,,,,principal,
RENTE3,DI+,112.97,129.61,-16.640000000000015,-0.10310926411947846,2.460000000000008,1.2962028460784265,11,2026-09-24,locacao,,,,,,principal,
RENTE4,DI+,122.36,129.61,-7.250000000000014,-0.044924408946287235,5.679999999999993,2.6866122635291925,11,2026-09-24,locacao,,,,,,principal,
RENTE5,DI+,126.35000000000001,129.61,-3.260000000000005,-0.02020049285033053,-0.8199999999999932,1.6333061840662617,11,2026-09-24,locacao,,,,,,principal,
RENTE9,DI+,123.52,129.61,-6.090000000000018,-0.037736503514881316,-10.690000000000012,3.704498248444358,11,2026-09-24,locacao,,,,,,principal,
RENTF2,DI+,123.22999999999999,129.61,-6.380000000000024,-0.03953347987273284,-0.8000000000000114,0.24436931811576243,11,2026-09-24,locacao,,,,,,principal,
RENTH7,DI+,129.61,129.61,0.0,0.0,-3.1599999999999966,1.838324335811385,11,2026-09-24,locacao,,,,,,principal,
RENTQ8,DI+,137.31,129.61,7.699999999999989,0.047712820536056626,3.3799999999999955,1.4239892747297827,11,2026-09-24,locacao,,,,,,principal,
RNDNA0,DI+,157.81,133.385,24.42500000000001,0.1513487846224916,-1.9399999999999977,0.6609249716736529,11,2026-09-24,industria,,,,,,principal,
RNDNA1,DI+,193.54,133.385,60.155,0.3727486648501936,-0.7900000000000205,0.6404288336022143,11,2026-09-24,industria,,,,,,principal,
RNDNA2,DI+,198.07,133.385,64.685,0.4008186748538737,-4.9900000000000375,3.9578423874172137,11,2026-09-24,industria,,,,,,principal,
RNDNB0,DI+,187.16,133.385,53.775000000000006,0.33321518497746094,-1.7800000000000011,1.0520482187359317,11,2026-09-24,industria,,,,,,principal,
RNDNB2,DI+,190.04,133.385,56.655,0.351061019151986,-12.390000000000015,5.132584144463683,11,2026-09-24,industria,,,,,,principal,
RODB11,DI+,225.0,124.745,100.255,0.6212271198496576,-2.210000000000008,1.4406551539932368,11,2026-09-24,rodovias,,,,,,principal,
RSAN15,DI+,234.94,130.0,104.94,0.6502575827342584,5.740000000000009,3.9243549556814883,11,2026-09-24,saneamento,,,,,,principal,
RSAN25,DI+,232.56000000000003,130.0,102.56000000000003,0.6355099836594774,-21.70999999999995,8.796731211080619,11,2026-09-24,saneamento,,,,,,principal,
SAELA4,DI+,61.42,61.08,0.3400000000000034,0.0021067998678259013,-0.4099999999999966,0.7372763143058146,11,2026-09-24,distribuicao,,,,,,principal,
SAELB6,DI+,79.58,61.08,18.5,0.11463469869052582,14.579999999999998,6.763041273918656,11,2026-09-24,distribuicao,,,,,,principal,
SAPRB1,DI+,73.61999999999999,130.0,-56.38000000000001,-0.3493569898471269,-3.5500000000000114,1.6232274248321699,11,2026-09-24,saneamento,,,,,,principal,
SAPRB4,DI+,51.75,130.0,-78.25,-0.48487379310992684,-0.17999999999999972,0.8103680420872744,11,2026-09-24,saneamento,,,,,,principal,
SAPRC1,DI+,91.36,130.0,-38.64,-0.2394316085082118,-3.1099999999999994,1.6216461894125838,11,2026-09-24,saneamento,,,,,,principal,
SBFC13,DI+,74.28999999999999,98.065,-23.775000000000006,-0.14732107899282446,-6.460000000000008,3.3559404588932136,11,2026-09-24,varejo,,,,,,principal,
SBIOA4,DI+,73.79,73.79,0.0,0.0,1.3800000000000097,0.7646306297814657,11,2026-09-24,servicos_lazer,,,,,,principal,
SBSPA1,DI+,46.410000000000004,130.0,-83.59,-0.5179629439751922,2.690000000000005,0.8560618074542397,11,2026-09-24,saneamento,,,,,,principal,
SBSPB1,DI+,53.44,130.0,-76.56,-0.4744017584727923,2.710000000000001,1.1362466121561665,11,2026-09-24,saneamento,,,,,,principal,
SBSPC1,DI+,66.01,130.0,-63.989999999999995,-0.39651212806522956,5.270000000000003,1.9948588466810926,11,2026-09-24,saneamento,,,,,,principal,
SBSPC3,DI+,34.480000000000004,130.0,-95.52,-0.5918868334550825,-5.699999999999996,2.330741590918299,11,2026-09-24,saneamento,,,,,,principal,
SBSPD3,DI+,58.47,130.0,-71.53,-0.4432335133693683,5.359999999999999,2.4220581030490274,11,2026-09-24,saneamento,,,,,,principal,
SBSPD7,DI+,64.95,130.0,-65.05,-0.40308038647668676,2.289999999999999,0.6568478445645466,11,2026-09-24,saneamento,,,,,,principal,
SBSPE7,DI+,70.43,130.0,-59.56999999999999,-0.3691237297834931,3.970000000000013,2.5459968578142442,11,2026-09-24,saneamento,,,,,,principal,
SBSPL8,DI+,71.69,130.0,-58.31,-0.36131617733213844,12.21,3.1740771028041297,11,2026-09-24,saneamento,,,,,,principal,
SBSPM8,DI+,75.66000000000001,130.0,-54.33999999999999,-0.3367161906401715,4.410000000000011,1.6850875348182994,11,2026-09-24,saneamento,,,,,,principal,
SIMH16,DI+,381.72999999999996,140.81,240.91999999999996,1.4928536004606205,-24.53000000000003,7.819199796305606,11,2026-09-24,logistica,,,,,,high_yield,spread sobre CDI 382 bps
SLFT13,DI+,190.0,73.79,116.21,0.7200918018824868,-10.110000000000014,4.627144613336313,11,2026-09-24,servicos_lazer,,,,,,principal,
SMFT18,DI+,135.4,73.79,61.61,0.38176452899044844,-4.589999999999975,2.737635343271139,11,2026-09-24,servicos_lazer,,,,,,principal,
SMFTA0,DI+,61.25,73.79,-12.540000000000006,-0.07770373630157809,-2.289999999999999,1.6348544555736715,11,2026-09-24,servicos_lazer,,,,,,principal,
SMFTA1,DI+,68.81,73.79,-4.980000000000004,-0.030858421593449682,0.3300000000000125,1.203293963932491,11,2026-09-24,servicos_lazer,,,,,,principal,
SMFTA2,DI+,71.89,73.79,-1.9000000000000057,-0.011773293379027012,0.539999999999992,0.4354558739778551,11,2026-09-24,servicos_lazer,,,,,,principal,
SMFTA3,DI+,73.12,73.79,-0.6700000000000017,-0.004151635033656892,1.1800000000000068,0.406159395490804,11,2026-09-24,servicos_lazer,,,,,,principal,
SMFTA5,DI+,64.21,73.79,-9.580000000000013,-0.05936218451109399,-1.740000000000009,1.270317784149809,11,2026-09-24,servicos_lazer,,,,,,principal,
SMFTB3,DI+,89.58000000000001,73.79,15.790000000000006,0.0978422644499137,0.6200000000000188,1.2615019907742018,11,2026-09-24,servicos_lazer,,,,,,principal,
SMFTB5,DI+,71.77,73.79,-2.0200000000000102,-0.012516869802965586,-3.3700000000000045,1.9629583425395105,11,2026-09-24,servicos_lazer,,,,,,principal,
SMFTC3,DI+,93.65,73.79,19.86,0.12306189816182934,0.3400000000000034,1.532325624070099,11,2026-09-24,servicos_lazer,,,,,,principal,
SMFTC5,DI+,102.15,73.79,28.36,0.17573189485747634,-0.8899999999999864,1.6186970068545898,11,2026-09-24,servicos_lazer,,,,,,principal,
SNGO10,DI+,29.08,130.0,-100.92,-0.6253477725323171,0.28999999999999915,0.29184989915428056,11,2026-09-24,saneamento,,,,,,principal,
SNGOA1,DI+,39.07,130.0,-90.93,-0.5634450352394332,-0.030000000000001137,0.4440147417700125,11,2026-09-24,saneamento,,,,,,principal,
SNGOA2,DI+,48.849999999999994,130.0,-81.15,-0.5028435566884417,-1.6100000000000136,1.2517914435647073,11,2026-09-24,saneamento,,,,,,principal,
SNGOA3,DI+,59.03,130.0,-70.97,-0.439763490057655,1.1500000000000057,0.5298164347634526,11,2026-09-24,saneamento,,,,,,principal,
STBP15,DI+,63.83,106.595,-42.765,-0.26499204808109933,-8.63000000000001,3.806102993877074,11,2026-09-24,portos,,,,,,principal,
STBP25,DI+,70.36,106.595,-36.235,-0.22452909767844342,0.03999999999999204,0.4675487334832808,11,2026-09-24,portos,,,,,,principal,
SUMI39,DI+,457.01,99.1,357.90999999999997,2.2177786490987077,-14.419999999999959,6.269626928149855,11,2026-09-24,telecom,,,,,,high_yield,spread sobre CDI 457 bps
SUZBA1,DI+,50.0,92.94,-42.94,-0.26607643036600964,6.269999999999996,1.9512755734740188,11,2026-09-24,papel_celulose,,,,,,high_yield,evento de crédito negativo: 2026-04-02: Suzano ativa gatilho de juros maiores após não bater meta cl
SUZBB1,DI+,57.11000000000001,92.94,-35.82999999999999,-0.22201952724765078,-2.749999999999993,2.2169909992846346,11,2026-09-24,papel_celulose,,,,,,high_yield,evento de crédito negativo: 2026-04-02: Suzano ativa gatilho de juros maiores após não bater meta cl
SVEA14,DI+,217.51,130.0,87.50999999999999,0.5422531071571846,5.460000000000008,5.38795103574971,11,2026-09-24,saneamento,,,,,,principal,
SVEA15,DI+,187.75,130.0,57.75,0.35784615402042524,-2.469999999999999,3.913236047523373,11,2026-09-24,saneamento,,,,,,principal,
SVEA16,DI+,225.32999999999998,130.0,95.32999999999998,0.5907095041171797,-0.3200000000000216,5.1632220384350935,11,2026-09-24,saneamento,,,,,,principal,
TAEEA1,DI+,40.50000000000001,49.985,-9.484999999999992,-0.05877351984214252,-1.019999999999996,0.8854521187198386,11,2026-09-24,transmissao,,,,,,principal,
TAEEA5,DI+,37.53,49.985,-12.454999999999998,-0.07717703633462157,-1.0799999999999983,0.7084631253636291,11,2026-09-24,transmissao,,,,,,principal,
TAEEA6,DI+,34.99999999999999,49.985,-14.985000000000007,-0.09285410593932596,-4.190000000000012,1.7512193154796747,11,2026-09-24,transmissao,,,,,,principal,
TAEEA9,DI+,47.910000000000004,49.985,-2.0749999999999957,-0.01285767566393733,0.18000000000000682,0.6941233843685656,11,2026-09-24,transmissao,,,,,,principal,
TAEEC1,DI+,28.95,49.985,-21.035,-0.1303427506462276,0.41999999999999815,0.48572345293106084,11,2026-09-24,transmissao,,,,,,principal,
TAEEE1,DI+,40.0,49.985,-9.985,-0.06187175494188651,-0.0799999999999983,0.15280409323408486,11,2026-09-24,transmissao,,,,,,principal,
TAEEE2,DI+,20.76,49.985,-29.224999999999998,-0.18109184158003336,-3.1799999999999997,1.3526600056588836,11,2026-09-24,transmissao,,,,,,principal,
TBSP12,DI+,46.629999999999995,99.1,-52.47,-0.3251287913671292,1.4099999999999966,0.6387345443780381,11,2026-09-24,telecom,,,,,,principal,
TBSP22,DI+,56.39,99.1,-42.709999999999994,-0.2646512422201274,2.9099999999999966,0.7598875514897518,11,2026-09-24,telecom,,,,,,principal,
TEPA14,DI+,411.36,99.1,312.26,1.9349097844920862,-1.7700000000000387,6.662698197631881,11,2026-09-24,telecom,,,,,,high_yield,spread sobre CDI 411 bps
TFLE19,DI+,114.85000000000001,129.61,-14.760000000000005,-0.09145990014444118,9.730000000000018,4.17157720336522,11,2026-09-24,locacao,,,,,,principal,
TFLEA3,DI+,127.38000000000001,129.61,-2.230000000000004,-0.013818128544858003,-7.509999999999977,6.867631853319396,11,2026-09-24,locacao,,,,,,principal,
TFLEA4,DI+,126.67999999999999,129.61,-2.930000000000021,-0.018155657684499626,-9.810000000000016,3.531490800317519,11,2026-09-24,locacao,,,,,,principal,
TFLEA6,DI+,117.62,129.61,-11.990000000000009,-0.07429567769185977,1.8700000000000045,1.2791275435730656,11,2026-09-24,locacao,,,,,,principal,
TFLEA7,DI+,108.27999999999999,129.61,-21.330000000000027,-0.13217070935507672,2.609999999999985,1.1192749276367997,11,2026-09-24,locacao,,,,,,principal,
TFLEA8,DI+,112.87,129.61,-16.74000000000001,-0.10372891113942721,6.8799999999999955,3.7855497979457713,11,2026-09-24,locacao,,,,,,principal,
TFLEA9,DI+,126.59,129.61,-3.0200000000000102,-0.01871334000245347,7.25,2.5195609285602294,11,2026-09-24,locacao,,,,,,principal,
TFLEB5,DI+,111.77,129.61,-17.840000000000018,-0.11054502835886394,5.420000000000002,1.8868776517642256,11,2026-09-24,locacao,,,,,,principal,
TFLEC0,DI+,104.83,129.61,-24.780000000000015,-0.15354853154330983,4.959999999999994,1.7048449676250224,11,2026-09-24,locacao,,,,,,principal,
TFLED0,DI+,130.09,129.61,0.47999999999998977,0.00297430569575412,12.560000000000002,4.897490823231461,11,2026-09-24,locacao,,,,,,principal,
TFLEE1,DI+,134.04000000000002,129.61,4.430000000000007,0.027450362983731363,0.5700000000000216,0.3998090453294777,11,2026-09-24,locacao,,,,,,principal,
TIET19,DI+,53.46999999999999,83.31,-29.84000000000001,-0.1849026707527185,-3.1300000000000026,1.5350854284785829,11,2026-09-24,geracao,,,,,,principal,
TIGR12,DI+,132.58,61.68,70.9,0.43932973714369095,-2.259999999999991,3.09751014379438,11,2026-09-24,imobiliario_construcao,,,,,,principal,
TIGR21,DI+,126.75999999999999,61.68,65.07999999999998,0.40326628058267133,7.22999999999999,2.8614166866336377,11,2026-09-24,imobiliario_construcao,,,,,,principal,
TLPP27,DI+,67.03999999999999,99.1,-32.06,-0.19865883459558153,0.18999999999999773,0.33810702985351376,11,2026-09-24,telecom,,,,,,principal,
TOTS16,DI+,59.86,127.16,-67.3,-0.4170224444255345,-2.75,0.8374343936311447,11,2026-09-24,tecnologia_midia,,,,,,principal,
TOTS17,DI+,55.14,127.16,-72.02,-0.4462697837671173,-1.2299999999999969,1.8360872429262105,11,2026-09-24,tecnologia_midia,,,,,,principal,
TRES11,DI+,174.63,177.825,-3.194999999999993,-0.019797722287363744,-4.210000000000008,4.025180289581618,11,2026-09-24,agro_acucar_etanol,,,,,,principal,
TRPLA3,DI+,98.34,49.985,48.355000000000004,0.2996303164962366,0.11000000000001364,2.495056931396372,11,2026-09-24,transmissao,,,,,,principal,
TRPLA5,DI+,53.42,49.985,3.4350000000000023,0.02128487513524089,-8.18,5.71941478252325,11,2026-09-24,transmissao,,,,,,principal,
TRPLA6,DI+,66.65,49.985,16.665000000000006,0.10326417587446561,-7.1299999999999955,3.91017228171947,11,2026-09-24,transmissao,,,,,,principal,
TRPLB5,DI+,65.53,49.985,15.545000000000002,0.09632412925103914,-4.990000000000009,4.004899045373847,11,2026-09-24,transmissao,,,,,,principal,
TSSG13,DI+,48.08,66.9,-18.820000000000007,-0.116617569154362,0.04999999999999716,0.6116014745210825,11,2026-09-24,distribuicao_gas,,,,,,principal,
TSSG14,DI+,40.05,66.9,-26.85000000000001,-0.1663752248562497,-0.8300000000000054,0.271155775423382,11,2026-09-24,distribuicao_gas,,,,,,principal,
TUPW11,DI+,655.38,83.31,572.0699999999999,3.5448147070210325,-44.620000000000005,23.099125288436994,11,2026-09-24,geracao,,,,,,high_yield,spread sobre CDI 655 bps
TUPY15,DI+,195.04999999999998,138.31,56.73999999999998,0.3515877191189423,-19.470000000000027,4.818679939945838,11,2026-09-24,mineracao_siderurgia,,,,,,high_yield,evento de crédito negativo: 2025-11-26: Tupy chama credores da empresa para mudar limite de dívida
TUPY25,DI+,274.48,138.31,136.17000000000002,0.8437733470642651,-34.22000000000003,11.13808552179902,11,2026-09-24,mineracao_siderurgia,,,,,,high_yield,evento de crédito negativo: 2025-11-26: Tupy chama credores da empresa para mudar limite de dívida
TUPY35,DI+,216.52999999999997,138.31,78.21999999999997,0.484687899003942,-8.010000000000048,8.385557606005486,11,2026-09-24,mineracao_siderurgia,,,,,,high_yield,evento de crédito negativo: 2025-11-26: Tupy chama credores da empresa para mudar limite de dívida
UNIP18,DI+,145.82999999999998,152.07999999999998,-6.25,-0.038727938746799265,-1.8300000000000125,1.937169913230973,11,2026-09-24,quimica,,,,,,principal,
UNIP19,DI+,130.67000000000002,152.07999999999998,-21.409999999999968,-0.13266642697103537,1.7700000000000102,2.8303526924460067,11,2026-09-24,quimica,,,,,,principal,
UNIP29,DI+,152.07999999999998,152.07999999999998,0.0,0.0,3.7299999999999898,1.4718362063021202,11,2026-09-24,quimica,,,,,,principal,
UNIP39,DI+,159.92,152.07999999999998,7.840000000000003,0.04858032636398502,-0.03999999999999204,0.07647934955980842,11,2026-09-24,quimica,,,,,,principal,
UNIPA0,DI+,156.54999999999998,152.07999999999998,4.469999999999999,0.027698221791710827,-2.5700000000000216,1.505988651412029,11,2026-09-24,quimica,,,,,,principal,
UNIPB0,DI+,173.14,152.07999999999998,21.060000000000002,0.13049766240121483,14.96999999999997,6.366484116056525,11,2026-09-24,quimica,,,,,,principal,
UNIPC0,DI+,149.06,152.07999999999998,-3.019999999999982,-0.018713340002453293,-1.710000000000008,0.7848728906934233,11,2026-09-24,quimica,,,,,,principal,
UQFN14,DI+,93.36,102.885,-9.525000000000006,-0.059021378650122115,-1.7399999999999949,1.2611805436321841,11,2026-09-24,saude,,,,,,principal,
UQFN15,DI+,215.62,102.885,112.735,0.6985590679392665,-7.810000000000002,3.0864654689319186,11,2026-09-24,saude,,,,,,principal,
USIM28,DI+,125.83,138.31,-12.480000000000004,-0.0773319480896088,3.3700000000000045,1.471340143604399,11,2026-09-24,mineracao_siderurgia,,,,,,principal,
USIM29,DI+,128.85999999999999,138.31,-9.450000000000017,-0.058556643385160596,2.32999999999997,1.275108551528769,11,2026-09-24,mineracao_siderurgia,,,,,,principal,
USIM39,DI+,144.9,138.31,6.590000000000003,0.040834738614625166,2.2600000000000193,1.3061344772753294,11,2026-09-24,mineracao_siderurgia,,,,,,principal,
USIMA0,DI+,126.05999999999999,138.31,-12.250000000000014,-0.07590675994372666,2.7599999999999767,1.1026447544633093,11,2026-09-24,mineracao_siderurgia,,,,,,principal,
USIMB0,DI+,138.31,138.31,0.0,0.0,2.8799999999999955,2.2218796301575625,11,2026-09-24,mineracao_siderurgia,,,,,,principal,
VAMO13,DI+,264.9,129.61,135.28999999999996,0.8383204532887154,-1.490000000000009,5.951648969365168,11,2026-09-24,locacao,,,,,,principal,
VAMO14,DI+,324.71,129.61,195.09999999999997,1.2089313359200857,-41.73000000000002,13.381879742941413,11,2026-09-24,locacao,,,,,,high_yield,spread sobre CDI 325 bps
VAMO17,DI+,225.64000000000001,129.61,96.03,0.5950470332568214,4.439999999999998,5.307469579124622,3,2026-10-06,locacao,,,,,,principal,
VAMO23,DI+,316.82,129.61,187.20999999999998,1.1600411860461264,-12.009999999999991,5.1675415290586075,11,2026-09-24,locacao,,,,,,high_yield,spread sobre CDI 317 bps
VAMO24,DI+,399.01,129.61,269.4,1.6693290717420355,-3.8500000000000227,5.032317196246287,11,2026-09-24,locacao,,,,,,high_yield,spread sobre CDI 399 bps
VAMOA0,DI+,351.22,129.61,221.61,1.3731997609085098,-25.519999999999982,10.085573675485017,11,2026-09-24,locacao,,,,,,high_yield,spread sobre CDI 351 bps
VAMOA1,DI+,319.0,129.61,189.39,1.17354949108101,-8.409999999999968,7.174009149194556,11,2026-09-24,locacao,,,,,,high_yield,spread sobre CDI 319 bps
VBBR15,DI+,95.47,98.065,-2.594999999999999,-0.01607984016767105,-1.6000000000000085,1.5201136321161848,11,2026-09-24,varejo,,,,,,principal,
VBBR16,DI+,74.3,98.065,-23.765,-0.14725911429082952,-0.7000000000000028,0.6121244674380886,11,2026-09-24,varejo,,,,,,principal,
VBBR17,DI+,78.28,98.065,-19.784999999999997,-0.12259716289686774,1.4200000000000017,1.3381710720912399,11,2026-09-24,varejo,,,,,,principal,
VBBR18,DI+,80.97,98.065,-17.095,-0.10592865806024535,3.3799999999999955,1.9303494737764693,11,2026-09-24,varejo,,,,,,principal,
VBBR24,DI+,98.18,98.065,0.1150000000000091,0.0007125940729411629,-11.11999999999999,4.927841496860652,11,2026-09-24,varejo,,,,,,principal,
VBBR26,DI+,90.83000000000001,98.065,-7.234999999999985,-0.04483146189329474,-0.8499999999999801,0.6612275086396646,11,2026-09-24,varejo,,,,,,principal,
VEBMA6,DI+,126.79,61.68,65.11000000000001,0.40345217468865613,-0.6699999999999875,0.4647443089778197,11,2026-09-24,imobiliario_construcao,,,,,,principal,
VEBMA8,DI+,61.45,61.68,-0.22999999999999687,-0.0014251881458821937,0.38000000000000256,0.7946628787788518,11,2026-09-24,imobiliario_construcao,,,,,,principal,
VEBMA9,DI+,61.68,61.68,0.0,0.0,3.019999999999996,1.286720284641961,11,2026-09-24,imobiliario_construcao,,,,,,principal,
VEBMB0,DI+,61.089999999999996,61.68,-0.5900000000000034,-0.003655917417697872,6.020000000000003,2.1397663423841418,11,2026-09-24,imobiliario_construcao,,,,,,principal,
VIVA11,DI+,64.51,98.065,-33.55499999999999,-0.20792255754381586,-2.1899999999999977,1.5399208952528562,11,2026-09-24,varejo,,,,,,principal,
VIXL15,DI+,95.80999999999999,140.81,-45.000000000000014,-0.27884115897695483,-0.5400000000000205,1.269545373173186,11,2026-09-24,logistica,,,,,,principal,
VIXL18,DI+,106.47,140.81,-34.34,-0.21278678665041392,-0.39000000000000057,0.35980802962387454,11,2026-09-24,logistica,,,,,,principal,
VIXL19,DI+,123.11000000000001,140.81,-17.69999999999999,-0.10967752253093545,-0.30999999999998806,0.6357572435507712,11,2026-09-24,logistica,,,,,,principal,
VIXL25,DI+,106.50999999999999,140.81,-34.30000000000001,-0.21253892784243444,-2.3200000000000074,1.5405872552079243,11,2026-09-24,logistica,,,,,,principal,
VIXL26,DI+,100.59,140.81,-40.22,-0.24922203142340263,-7.529999999999987,3.7255557242571804,11,2026-09-24,logistica,,,,,,principal,
VIXL35,DI+,104.0,140.81,-36.81,-0.22809206804314897,-1.0,0.6312066366744098,11,2026-09-24,logistica,,,,,,principal,
VIXL45,DI+,102.64999999999999,140.81,-38.16000000000001,-0.23645730281245766,-5.730000000000018,2.97857836742784,11,2026-09-24,logistica,,,,,,principal,
VLIDA0,DI+,127.16,127.16,0.0,0.0,-2.640000000000015,2.3326485142234956,11,2026-09-24,tecnologia_midia,,,,,,principal,
VLIDA1,DI+,147.28,127.16,20.120000000000005,0.12467298041369623,-2.6200000000000045,4.286154453586569,11,2026-09-24,tecnologia_midia,,,,,,principal,
VLIDB1,DI+,167.41,127.16,40.25,0.2494079255293873,20.659999999999997,8.061291234264916,11,2026-09-24,tecnologia_midia,,,,,,principal,
WIZC12,DI+,205.41,45.41,160.0,0.9914352319180613,-9.590000000000003,4.518405189283654,11,2026-09-24,financeiro,,,,,,principal,
YDUQ17,DI+,58.89,91.71000000000001,-32.82000000000001,-0.20336815194719235,0.13000000000000256,0.4898181480731587,11,2026-09-24,educacao,,,,,,principal,
YDUQ18,DI+,76.42999999999999,91.71000000000001,-15.280000000000015,-0.09468206464817494,-0.030000000000001137,0.6950173313731768,11,2026-09-24,educacao,,,,,,principal,
YDUQA0,DI+,70.42,91.71000000000001,-21.290000000000006,-0.13192285054709707,-1.8799999999999955,1.1683010197407462,11,2026-09-24,educacao,,,,,,principal,
YDUQA1,DI+,76.32,91.71000000000001,-15.390000000000015,-0.09536367637011861,-7.02000000000001,3.4617696472915527,11,2026-09-24,educacao,,,,,,principal,
YDUQA2,DI+,76.59,91.71000000000001,-15.120000000000005,-0.09369062941625682,2.3299999999999983,1.2398826923983954,11,2026-09-24,educacao,,,,,,principal,
YDUQA3,DI+,87.10000000000001,91.71000000000001,-4.609999999999999,-0.028565727619639134,7.1000000000000085,2.0388450384737666,11,2026-09-24,educacao,,,,,,principal,
