codigo,classe,spread_bps,spread_justo_bps,desvio_bps,desvio_em_dp,variacao_hist_bps,dp_hist_bps,n_dias_hist,inicio_hist,segmento,liquidez_pct_dias,negocios_180d,volume_negociado_180d_mi,fim_concessao,tail_anos,faixa,motivo_faixa
ACRC21,IPCA+,363.8190302930297,334.64370097211156,29.175329320918138,0.4693052826277134,3.8303316133707312,3.115607428328244,7,2026-09-24,comercializacao,43.07692307692308,545,203.110366906087,,,principal,
AEAB11,IPCA+,328.03024701295357,303.86002519817333,24.170221814780234,0.3887946783801032,22.44799916391878,17.521423681703027,7,2026-09-24,outros_corporativo,96.15384615384616,1177,104.34350380753101,,,principal,
AESLA5,IPCA+,243.35955357045933,284.0382031931047,-40.678649622645395,-0.6543441188984853,17.317063795073125,6.60932181481168,7,2026-09-24,distribuicao,16.923076923076923,65,60.357861887807,,,principal,
AESLA7,IPCA+,249.53849050989302,288.55557260989167,-39.017082099998646,-0.6276166599812805,23.77651340391668,9.070223587331395,7,2026-09-24,distribuicao,84.61538461538461,785,257.4093139246489,,,principal,
AESLA9,IPCA+,252.8616656369432,287.70220098930474,-34.84053535236154,-0.5604340266595599,27.003221845103837,13.07226986326864,7,2026-09-24,distribuicao,80.76923076923077,1893,521.007766717143,,,principal,
AESLB0,IPCA+,270.70552962161787,293.02049417800896,-22.31496455639109,-0.3589515865535039,40.69242555711466,15.785204409718679,7,2026-09-24,distribuicao,19.23076923076923,489,101.67602725335801,,,principal,
AESLB7,IPCA+,301.7846449996515,325.9400364261104,-24.15539142645889,-0.38855612136139506,46.030009949284704,17.50208058011265,7,2026-09-24,distribuicao,88.46153846153847,2596,40.20461524042501,,,principal,
AESLC2,IPCA+,247.50228234108573,282.1320557823331,-34.62977344124738,-0.5570437760414916,38.23433094670537,14.769152674203733,7,2026-09-24,distribuicao,76.92307692307692,935,899.5128877581222,,,principal,
AESLD2,IPCA+,269.10019827275124,288.3751446683415,-19.274946395590234,-0.31005079895810517,34.621176712548305,15.04910915735182,7,2026-09-24,distribuicao,36.15384615384615,549,686.3483137913748,,,principal,
AESOA1,IPCA+,304.87324015936076,290.22010595341646,14.653134205944298,0.23570576408102367,18.216435985751446,7.803690247780756,7,2026-09-24,geracao,83.07692307692308,607,286.83719749117205,,,principal,
AGEO15,IPCA+,252.45896992209103,306.76514790749667,-54.30617798540564,-0.8735523060436755,16.844140532074476,8.631859210551506,7,2026-09-24,outros_corporativo,23.076923076923077,274,75.686666384646,,,principal,
AGIZ11,IPCA+,355.2778977708236,353.13663407223294,2.141263698590649,0.03444370256095273,13.397853975895543,5.48014656411006,7,2026-09-24,saneamento,38.46153846153846,329,202.91111111783601,,,principal,
AHGD13,IPCA+,348.8817765100291,302.6155543135592,46.266222196469926,0.7442240752519329,-1.2412467759457968,2.366190045864838,7,2026-09-24,geracao,20.0,192,35.597234590622,,,principal,
ALGAB1,IPCA+,372.5168710303331,283.4938681311577,89.02300289917542,1.4319963650251095,26.05458966495513,8.964018012614662,7,2026-09-24,telecom,83.07692307692308,418,76.74671663801202,,,principal,
ALGAC2,IPCA+,365.7200195877082,285.6607676265711,80.05925196113708,1.287808252489757,21.38323926300768,10.089257492350846,7,2026-09-24,telecom,77.6923076923077,347,91.55161316942801,,,principal,
ALGE16,IPCA+,242.12124162015937,296.8546961303773,-54.73345451021794,-0.8804253434662026,25.24759126110692,12.215470485642868,7,2026-09-24,geracao,51.53846153846154,323,140.850315048475,,,principal,
ALGTA4,IPCA+,378.1186066594166,288.8057955797165,89.31281107970011,1.436658129373094,32.58535289582335,12.541865338244461,7,2026-09-24,telecom,95.38461538461539,1409,235.23297075559202,,,principal,
ALIG12,IPCA+,230.70507730502044,302.2228130335936,-71.51773572857314,-1.1504120762375647,10.561410528832084,10.520502757292572,7,2026-09-24,geracao,49.23076923076923,207,15.874346063825996,,,principal,
ALIG13,IPCA+,228.18786964844261,287.978598907122,-59.79072925867936,-0.9617750937653707,24.81432177477859,11.02311927624714,7,2026-09-24,geracao,59.23076923076923,308,32.64443471382101,,,principal,
ALIG15,IPCA+,233.26899393631285,293.81069558790927,-60.54170165159641,-0.9738550023493282,24.52664524632553,11.564218187002963,7,2026-09-24,geracao,55.38461538461539,254,30.096271507338002,,,principal,
ALUP18,IPCA+,200.9835695659152,251.7988815247721,-50.81531195885691,-0.8173993197591191,4.22339354896522,5.694197537343793,7,2026-09-24,transmissao,88.46153846153847,2621,340.67919564067586,,,principal,
ANHBB6,IPCA+,249.79429315055168,365.96876306713983,-116.17446991658815,-1.8687464274563816,16.763997386783245,9.119409545945606,7,2026-09-24,rodovias,95.38461538461539,1479,496.948397304617,,,principal,
APFD19,IPCA+,258.852488254997,330.6513312805862,-71.79884302558918,-1.1549338808768095,35.11825592116324,11.272712144113868,7,2026-09-24,rodovias,94.61538461538461,851,209.03267085113492,,,principal,
APPSA2,IPCA+,473.95360655616867,341.58797580123826,132.3656307549304,2.1291924100784505,63.48973788660396,30.689374464999265,7,2026-09-24,rodovias,70.76923076923077,445,132.678136001072,,,principal,
APRB18,IPCA+,343.37536449960277,328.2537384445632,15.121626055039542,0.24324177840428907,28.559310877016003,9.30466378574772,7,2026-09-24,rodovias,62.30769230769231,376,140.266348502628,,,principal,
ARTRA7,IPCA+,536.6774703413328,360.8640374489763,175.81343289235645,2.8280802559489087,23.198555523869572,9.421859336149776,7,2026-09-24,rodovias,63.84615384615385,696,212.93768320931295,,,principal,
ARTRA8,IPCA+,557.343481994124,353.8097452280026,203.53373676612136,3.2739804513128026,18.477956437013745,16.33916183812475,7,2026-09-24,rodovias,80.0,399,199.06555590792797,,,principal,
ASCP13,IPCA+,320.7620906135872,329.65724899176564,-8.89515837817845,-0.14308475392928105,60.333827909849845,22.931702826178824,7,2026-09-24,rodovias,83.84615384615384,453,41.414852674537,,,principal,
ASCP23,IPCA+,382.4795549186784,355.5323463159074,26.947208602771013,0.4334644250368112,68.58644499683777,26.021902436907457,7,2026-09-24,rodovias,85.38461538461539,1320,76.38617049916299,,,principal,
ASSR21,IPCA+,435.7914885012977,321.07553632124393,114.71595218005376,1.8452851643106374,32.77863388167907,13.23670870116486,7,2026-09-24,geracao,44.61538461538461,462,217.56682530948495,,,principal,
ATHT11,IPCA+,351.48619520415065,303.36628013923735,48.1199150649133,0.7740420027879233,2.196842330980246,3.335513613953369,7,2026-09-24,geracao,19.23076923076923,150,16.57581495349,,,principal,
ATII12,IPCA+,351.2632939891989,302.8804364960327,48.38285749316623,0.778271612992103,-4.46061803340757,2.8014586444730525,7,2026-09-24,geracao,28.46153846153846,174,42.277283437176,,,principal,
AURE12,IPCA+,291.9479582901865,292.86339600815535,-0.9154377179688709,-0.014725446703061583,19.149555960120438,8.002987025719172,7,2026-09-24,geracao,83.84615384615384,1647,124.550054563139,,,principal,
AURP12,IPCA+,294.815401109055,284.31713310257027,10.49826800648475,0.16887187732110093,21.595129024936966,9.010877385077286,7,2026-09-24,geracao,95.38461538461539,4981,777.060871928503,,,principal,
AURP13,IPCA+,315.5822979378317,298.38434670595416,17.19795123187754,0.276640900080847,33.810682330516954,13.690516433707462,7,2026-09-24,geracao,66.92307692307692,1141,490.39868303450993,,,principal,
AXIA18,IPCA+,249.428252884921,256.70884636578853,-7.280593480867537,-0.11711336463942615,17.902021282695785,8.014051840344315,7,2026-09-24,integrada_gt,94.61538461538461,2312,984.2549884634071,2043-01-01,9.916666666666666,principal,
AXIA19,IPCA+,270.9427571134777,263.18361866205686,7.759138451420824,0.12481109035094226,24.51756490236687,9.817746392215167,7,2026-09-24,integrada_gt,46.15384615384615,700,524.9975585628209,2043-01-01,6.583333333333333,principal,
AXIA28,IPCA+,269.85620744695467,281.31940917257896,-11.463201725624288,-0.18439350132049512,18.16564363585445,6.95045623998417,7,2026-09-24,integrada_gt,73.07692307692308,2814,356.35221154526096,2043-01-01,6.916666666666667,principal,
AXIA38,IPCA+,265.7057739131961,300.3888621229369,-34.683088209740845,-0.5579013808424806,35.10284831203583,13.82409229108006,7,2026-09-24,integrada_gt,85.38461538461539,1017,98.116625074771,2043-01-01,1.9166666666666667,principal,
AXIAA1,IPCA+,278.5936933587658,267.7829290402753,10.810764318490499,0.17389859590284548,30.51573714372384,10.52311736552721,7,2026-09-24,integrada_gt,28.46153846153846,435,380.76299133624406,2043-01-01,6.5,principal,
BARU11,IPCA+,339.74311374066076,340.23214066756645,-0.4890269269056944,-0.007866335204637774,31.659011093457593,14.471945465276395,7,2026-09-24,geracao,37.69230769230769,183,206.27721713587798,,,principal,
BCPSA5,IPCA+,192.79286910978652,260.2074276202371,-67.4145585104506,-1.0844096423715675,21.7916883577565,8.363316895348683,7,2026-09-24,telecom,71.53846153846153,1445,1480.1162831866047,,,principal,
BCPSA7,IPCA+,236.38840460857506,298.5247645538656,-62.136359945290565,-0.9995061801984223,18.71808129246324,7.4001595274461955,7,2026-09-24,telecom,91.53846153846153,1887,1740.3644174915028,,,principal,
BHSA11,IPCA+,354.02524825502144,303.23130038844505,50.79394786657639,0.8170556636085574,38.31428630809501,14.167768973809476,7,2026-09-24,outros_corporativo,89.23076923076923,1494,403.23073683602007,,,principal,
BION17,IPCA+,580.4772846261176,409.1234378797774,171.3538467463402,2.7563447388057236,-10.222793241956424,9.40347243187013,7,2026-09-24,agro_acucar_etanol,19.23076923076923,252,43.38867077127401,,,principal,
BRKP28,IPCA+,479.42363434144306,294.6161252371726,184.80750910427048,2.972756171417707,29.3675183877902,10.605053953844044,7,2026-09-24,saneamento,87.6923076923077,479,145.85283493568505,,,principal,
BRST11,IPCA+,252.83985549083945,290.737986241968,-37.89813075112852,-0.6096175562436014,31.870001567260857,15.62595712553044,7,2026-09-24,telecom,84.61538461538461,608,101.55737670842997,,,principal,
BRST15,IPCA+,328.2602217739901,291.96757936173844,36.292642412251666,0.5837921696526134,9.842058775599014,7.01460934653612,7,2026-09-24,telecom,54.61538461538461,432,176.08563849502397,,,principal,
BTCL12,IPCA+,544.1465694882162,319.0731909910116,225.0733784972046,3.620460435792635,4.495652937694899,3.136620595088005,7,2026-09-24,telecom,49.23076923076923,384,112.16898204153199,,,principal,
CAEC12,IPCA+,303.11011190475836,310.4980102300452,-7.387898325286869,-0.11883943702694266,14.368128785377678,7.327957090636519,7,2026-09-24,saneamento,62.30769230769231,604,161.28479218158,,,principal,
CAJS11,IPCA+,316.8438215542593,308.05673077839134,8.787090775867966,0.14134641205531775,-7.8221056150826485,12.819276139557417,7,2026-09-24,saneamento,18.46153846153846,127,18.304698181301,,,principal,
CAJS12,IPCA+,352.05994647140875,291.48105301222984,60.578893459178914,0.9744532582105372,1.3619988336030815,4.1980704816578545,7,2026-09-24,saneamento,11.538461538461538,41,98.949864882727,,,principal,
CART13,IPCA+,384.9856885354011,371.53922086701033,13.446467668390767,0.2162957010714541,29.156036756114872,12.014023784875594,7,2026-09-24,rodovias,67.6923076923077,834,324.90450195604205,,,principal,
CASN23,IPCA+,320.97307384823773,300.5187886567064,20.454285191531312,0.3290212764068765,-10.179498062518348,6.92016495352956,7,2026-09-24,saneamento,69.23076923076923,230,33.44203943899999,,,principal,
CASN24,IPCA+,399.54218058247045,298.65887948523834,100.8833010972321,1.6227774368225465,14.574733764845405,16.559302595466498,7,2026-09-24,saneamento,69.23076923076923,770,127.09468207649103,,,principal,
CASN34,IPCA+,414.1867233449979,315.37234170101726,98.81438164398065,1.5894974413146299,47.80560665511803,17.3616186922786,7,2026-09-24,saneamento,50.76923076923077,356,131.62790037291998,,,principal,
CBAN12,IPCA+,262.60849094891245,378.83249783523155,-116.2240068863191,-1.8695432637602458,20.79895273988484,8.91896763903364,7,2026-09-24,rodovias,96.15384615384616,5926,370.5393522397431,,,principal,
CBAN32,IPCA+,267.64877291825246,387.69891594359626,-120.0501430253438,-1.9310893009050492,18.64215370834478,6.08900582624698,7,2026-09-24,rodovias,78.46153846153847,612,72.92930881690398,,,principal,
CBAN52,IPCA+,267.54276626179427,390.5054658502141,-122.96269958841981,-1.9779397808419992,18.5832765722063,6.093447355523406,7,2026-09-24,rodovias,87.6923076923077,1169,54.45920512606101,,,principal,
CBAN72,IPCA+,266.7300487109727,391.8720639066227,-125.14201519565,-2.0129955745825296,19.149096988823487,6.14163208425672,7,2026-09-24,rodovias,86.15384615384616,2378,89.0997372788231,,,principal,
CCPV11,IPCA+,248.97452664800235,330.5560987374288,-81.58157208942643,-1.3122958210857507,17.86403528980142,6.253580897903227,7,2026-09-24,rodovias,57.69230769230769,446,395.05840352055606,,,principal,
CCROA5,IPCA+,254.5317220476618,294.48791258768574,-39.956190540023954,-0.6427228665648049,27.38942176930783,11.40247094736015,7,2026-09-24,mobilidade_urbana,86.15384615384616,633,65.800004263973,,,principal,
CCROB4,IPCA+,171.324840114764,257.75312806970754,-86.42828795494356,-1.3902585866149098,32.70109299840894,15.122379626898365,7,2026-09-24,mobilidade_urbana,62.30769230769231,359,62.798024582037996,,,principal,
CCROB6,IPCA+,254.49083332997523,289.8493591146447,-35.35852578466947,-0.5687662598130834,10.102326276181657,6.81794203754962,7,2026-09-24,mobilidade_urbana,96.15384615384616,8627,398.253013756416,,,principal,
CDES11,IPCA+,283.86566664749154,263.5156447412997,20.35002190619184,0.32734412959370063,17.5632184490683,9.110852190658722,7,2026-09-24,portos,65.38461538461539,599,283.132823478634,,,principal,
CEAD11,IPCA+,367.6561063353749,297.1995597598322,70.45654657554269,1.133342117235342,56.40442597368474,23.124271893706858,7,2026-09-24,geracao,37.69230769230769,119,19.76992767347801,,,principal,
CEAL12,IPCA+,322.4028866053705,311.6117879651632,10.79109864020728,0.17358225991214413,37.22923029183096,13.201915596513635,7,2026-09-24,distribuicao,46.92307692307692,408,127.375813430827,,,principal,
CEAL21,IPCA+,304.48413764791576,298.05293826859327,6.431199379322493,0.10345027503028494,26.66697862619094,10.858458349614624,7,2026-09-24,distribuicao,19.23076923076923,515,91.02775607155999,,,principal,
CEAP12,IPCA+,284.42531353621894,274.9212053527375,9.504108183481435,0.15288013129555836,23.890755964989353,9.345755695620126,7,2026-09-24,distribuicao,23.076923076923077,55,77.69193888300599,,,principal,
CEAP14,IPCA+,302.6621282681147,295.68712684017225,6.975001427942459,0.11219770582408724,17.96578765911312,7.020206588752659,7,2026-09-24,distribuicao,36.92307692307692,267,163.19364230727,,,principal,
CEAP17,IPCA+,321.80933798782144,306.117521343297,15.691816644524408,0.2524136870674759,23.383550693687084,7.606710815375509,7,2026-09-24,distribuicao,41.53846153846154,290,65.72200386601399,,,principal,
CEAP19,IPCA+,332.4263405354862,313.50225639466214,18.92408414082405,0.30440693774148536,47.3941021939483,16.593249888584342,7,2026-09-24,distribuicao,36.92307692307692,196,15.428957725984004,,,principal,
CEEBB6,IPCA+,281.4830568643515,263.73156518290284,17.75149168144867,0.28554497976661064,10.422193699406705,3.940156941898736,7,2026-09-24,distribuicao,78.46153846153847,1574,237.87249017228598,,,principal,
CEEBB7,IPCA+,303.9181343698472,284.4876070281191,19.430527341728123,0.3125534257183926,21.60680506603353,8.003523461423244,7,2026-09-24,distribuicao,89.23076923076923,1417,213.83995703922002,,,principal,
CEEBC3,IPCA+,281.21660067661253,276.6363302331833,4.580270443429242,0.07367680725453683,12.534380501125668,5.594508457087571,7,2026-09-24,distribuicao,82.3076923076923,1111,122.02392082566799,,,principal,
CEEBC4,IPCA+,280.2050349602104,276.02941798355613,4.1756169766542826,0.06716767731457254,8.183209403840351,3.5259376822837236,7,2026-09-24,distribuicao,67.6923076923077,415,65.43636440134298,,,principal,
CEEBD2,IPCA+,308.9442369648545,297.12274626771267,11.821490697141826,0.1901568263952826,14.649291112223125,6.255119466033279,7,2026-09-24,distribuicao,96.15384615384616,3410,717.9952971140821,,,principal,
CEEBE3,IPCA+,279.5422854469478,266.83582829789634,12.70645714905146,0.20439212177999383,14.453847073848806,6.059817770499087,7,2026-09-24,distribuicao,70.0,1088,604.4815894563978,,,principal,
CEED12,IPCA+,251.65498725236787,268.9957446068545,-17.340757354486612,-0.27893803499901115,14.464791585971767,6.691074247028073,7,2026-09-24,distribuicao,52.30769230769231,327,239.023838777716,,,principal,
CEED13,IPCA+,294.48076755882283,270.7218175540179,23.758950004804944,0.3821790878277498,30.57796448853844,10.942451592591603,7,2026-09-24,distribuicao,36.92307692307692,128,30.495879086982008,,,principal,
CEED15,IPCA+,326.3280286465757,302.96470107943014,23.363327567145575,0.3758152282161815,47.66201270953127,17.001788967379937,7,2026-09-24,distribuicao,80.76923076923077,580,45.85560098117602,,,principal,
CEED17,IPCA+,318.41331730090377,299.2190808059936,19.19423649491017,0.30875252457248054,22.78198445779998,7.703541410292827,7,2026-09-24,distribuicao,62.30769230769231,1504,226.86671319400696,,,principal,
CEED19,IPCA+,329.20468630855777,303.5141019488732,25.69058435968458,0.4132507578979905,43.47850408297404,17.734810780507047,7,2026-09-24,distribuicao,58.46153846153846,744,136.534497834853,,,principal,
CEED21,IPCA+,271.38454673476025,263.51451773485195,7.8700289999083,0.12659484126001405,28.35467562230437,10.02569804854068,7,2026-09-24,distribuicao,68.46153846153847,371,180.590689366288,,,principal,
CEPEA7,IPCA+,293.73813213465763,326.8817343055532,-33.143602170895576,-0.5331376867427644,17.607535259963186,6.436762688774125,7,2026-09-24,distribuicao,80.76923076923077,771,167.43021387730204,,,principal,
CEPEA8,IPCA+,277.9289813438914,269.0651816668203,8.863799677071086,0.1425803276064742,15.396438008411735,6.607994046773822,7,2026-09-24,distribuicao,43.07692307692308,224,363.524741323374,,,principal,
CEPEB3,IPCA+,298.5739611535144,286.7189281372754,11.85503301623902,0.19069637771861975,18.052102857054763,7.05255341724374,7,2026-09-24,distribuicao,83.07692307692308,1558,239.53187765246,,,principal,
CEPEB7,IPCA+,304.91079444053196,324.97070722690563,-20.059912786373673,-0.3226775244297436,19.36695909177638,6.659753577993506,7,2026-09-24,distribuicao,88.46153846153847,547,103.046704077373,,,principal,
CEPEC1,IPCA+,278.03338843285263,278.2564489232511,-0.2230604903984954,-0.0035880817432448397,7.829630415224756,3.157440211456459,7,2026-09-24,distribuicao,62.30769230769231,517,63.342376304232005,,,principal,
CEPEC2,IPCA+,282.14757614545624,276.5034044823658,5.644171663090447,0.09079039171793778,9.748942138295547,4.162647040928524,7,2026-09-24,distribuicao,71.53846153846153,263,72.848057585381,,,principal,
CEROA4,IPCA+,318.755861517538,303.98446659363395,14.77139492390404,0.23760806924630112,25.75887749126514,9.579061182044532,7,2026-09-24,distribuicao,12.307692307692308,68,27.982891070700003,,,principal,
CEROB4,IPCA+,342.2143031554421,328.9600163515517,13.254286803890409,0.21320433939605002,38.552537112212576,14.93592358469884,7,2026-09-24,distribuicao,55.38461538461539,277,75.41444888108103,,,principal,
CERR18,IPCA+,504.94640208893907,295.9880548680854,208.95834722085368,3.3612390496511635,27.85287090731822,14.842516196595048,7,2026-09-24,geracao,81.53846153846153,639,125.627518240969,,,principal,
CERT11,IPCA+,327.4566736851367,250.52912171705557,76.92755196808113,1.237432699426417,32.11750666513393,13.165734827432653,7,2026-09-24,outros_corporativo,96.15384615384616,3177,1838.8754269104254,,,principal,
CESE32,IPCA+,273.42459537036285,267.80253682190687,5.622058548455982,0.09043468702651324,18.710404054264615,7.572066774668989,7,2026-09-24,geracao,96.15384615384616,1376,1170.5754755297917,,,principal,
CESPA2,IPCA+,270.4862213185214,258.8327614445424,11.653459873978989,0.18745393478137157,19.55868543117731,6.690245465400329,7,2026-09-24,geracao,95.38461538461539,1227,455.382928908602,,,principal,
CESPA3,IPCA+,291.8991202142284,284.38331932177624,7.515800892452148,0.12089683798280006,21.08526400454167,8.882945826027784,7,2026-09-24,geracao,86.15384615384616,721,363.4453614091699,,,principal,
CGASA1,IPCA+,279.97783516723183,255.97180349825658,24.006031668975254,0.3861535667088651,31.416187187406223,14.946490462977104,7,2026-09-24,distribuicao_gas,23.076923076923077,313,59.55970179078999,,,principal,
CGASA2,IPCA+,273.93367780730847,277.4857253048069,-3.5520474974984495,-0.05713713241705791,23.06574997560233,10.171191537788058,7,2026-09-24,distribuicao_gas,95.38461538461539,1171,223.62232884443102,,,principal,
CGASA4,IPCA+,283.62909278753864,285.78455463423074,-2.1554618466921056,-0.03467208955992199,33.18050914683178,18.62149152841791,7,2026-09-24,distribuicao_gas,71.53846153846153,605,151.62049191393498,,,principal,
CGASB1,IPCA+,287.8703820509194,280.1782073178943,7.69217473302507,0.12373393278257883,32.09837096925682,14.888517650197954,7,2026-09-24,distribuicao_gas,65.38461538461539,400,19.447088773975,,,principal,
CGASB4,IPCA+,281.75188990153873,282.8660736312869,-1.114183729748163,-0.017922413297791224,43.91000473383909,20.029579120970972,7,2026-09-24,distribuicao_gas,38.46153846153846,377,179.05155548004194,,,principal,
CGMG18,IPCA+,223.37396906578175,231.55935839095883,-8.185389325177084,-0.13166762946925362,18.57863218075198,6.033429100261845,7,2026-09-24,distribuicao_gas,93.84615384615384,1313,319.0465048626021,,,principal,
CGOS13,IPCA+,288.1306462251097,264.036868702544,24.093777522565688,0.38756501924692244,26.104834463078078,11.570780644304161,7,2026-09-24,distribuicao,96.15384615384616,1398,136.64958047109596,,,principal,
CGOS16,IPCA+,316.500461490221,293.32224023502715,23.178221255193876,0.37283766559499865,27.13570469126188,9.42865473526351,7,2026-09-24,distribuicao,96.15384615384616,1286,258.279390772317,,,principal,
CGOS24,IPCA+,279.48462298454734,273.595012691839,5.889610292708369,0.09473844125573723,22.6305993898726,9.146597144576292,7,2026-09-24,distribuicao,89.23076923076923,901,93.816176340644,,,principal,
CGOS28,IPCA+,318.62874110693883,297.7969150114047,20.831826095534154,0.3350942820860117,25.7480210936601,11.445716467344049,7,2026-09-24,distribuicao,96.15384615384616,7332,375.4824685052521,,,principal,
CGOS34,IPCA+,308.82175910181866,291.8957508338165,16.926008268002136,0.2722665100571272,22.932502870967596,10.170186586515118,7,2026-09-24,distribuicao,93.84615384615384,1263,133.728777110496,,,principal,
CGOSA0,IPCA+,311.7985694439173,297.07887522611173,14.719694217805568,0.23677642775150576,23.33193532144753,10.03520166505539,7,2026-09-24,distribuicao,60.0,517,359.1816613107331,,,principal,
CGOSA2,IPCA+,343.10571583302305,297.11129854999217,45.994417283030884,0.7398519058646399,30.888075965601388,11.740817600601718,7,2026-09-24,distribuicao,94.61538461538461,1592,1157.7586788717467,,,principal,
CGOSB0,IPCA+,319.828218693287,301.5127761539509,18.315442539336118,0.29461651804601746,28.89184739835798,11.296218255451128,7,2026-09-24,distribuicao,96.15384615384616,1602,391.79326133095907,,,principal,
CHSF13,IPCA+,238.7442822857256,227.0050928310304,11.739189454695207,0.188832954180434,24.00044149605887,9.758107105904402,7,2026-09-24,integrada_gt,96.15384615384616,4899,1707.3699718734574,2043-01-01,11.583333333333334,principal,
CJEN13,IPCA+,286.8950211205148,271.1133173681009,15.781703752413875,0.25385958315689583,-17.633506329513693,17.872503394774657,7,2026-09-24,portos,73.07692307692308,675,175.00953624816503,,,principal,
CLAG13,IPCA+,365.2741587102111,362.4723059471613,2.8018527630497942,0.045069733005603074,55.69823262761264,27.452334844731467,7,2026-09-24,agro_acucar_etanol,96.15384615384616,988,109.04547572578898,,,principal,
CLAG15,IPCA+,420.64626114900557,381.2186114600475,39.42764968895807,0.6342209226531754,78.65289314468782,34.06219408718573,7,2026-09-24,agro_acucar_etanol,34.61538461538461,327,125.746823814353,,,principal,
CLCD26,IPCA+,194.3607563470901,261.9970602714871,-67.636303924397,-1.0879765702036004,6.2483736925457265,3.9547110401222936,7,2026-09-24,outros_corporativo,40.0,523,265.17444360983205,,,principal,
CLCD27,IPCA+,231.8208522644611,279.6823705980521,-47.86151833359099,-0.7698855132522133,21.773674140940784,10.536635810396104,7,2026-09-24,outros_corporativo,60.76923076923077,939,813.0384898227072,,,principal,
CLIS13,IPCA+,248.30455399662173,252.50188797847963,-4.197333981857895,-0.06751701031276432,7.401548182863365,5.036306275111153,7,2026-09-24,portos,59.23076923076923,568,118.20084522433095,,,principal,
CLTM14,IPCA+,416.031537712319,328.0345800125998,87.99695769971919,1.4154917207407904,22.278643351631274,8.729378610859994,7,2026-09-24,mobilidade_urbana,96.15384615384616,2155,527.8731660252367,,,principal,
CMGD28,IPCA+,220.6233930770534,260.4857087838546,-39.86231570680118,-0.6412128251646672,16.418437162775973,7.264636017103066,7,2026-09-24,distribuicao,93.07692307692308,810,165.77645526110197,,,principal,
CMGDA4,IPCA+,292.5834292750747,295.45770280138885,-2.8742735263141412,-0.04623467090220878,36.52144403662072,15.282931026960254,7,2026-09-24,distribuicao,93.84615384615384,1647,1139.0297336242609,,,principal,
CMGDB1,IPCA+,280.65407878347025,298.08621533686585,-17.432136553395594,-0.28040793240097556,31.19416901393984,12.381963338013852,7,2026-09-24,distribuicao,96.15384615384616,3510,754.4338911915064,,,principal,
CMGDB2,IPCA+,303.2341756199252,313.7356697839297,-10.501494164004498,-0.1689237722885905,36.042891495852984,14.811832996873793,7,2026-09-24,distribuicao,96.15384615384616,1819,127.93889909120595,,,principal,
CMGDB4,IPCA+,287.50530933168807,320.165252308685,-32.659942976996945,-0.5253576952235137,19.59938192650094,8.540671754863505,7,2026-09-24,distribuicao,91.53846153846153,1603,255.98093095720787,,,principal,
CNRD12,IPCA+,383.1375060091105,400.27547994633477,-17.137973937224274,-0.2756761239541105,4.051327488240304,3.539776980177385,7,2026-09-24,rodovias,46.92307692307692,332,565.148872602373,,,principal,
COCE18,IPCA+,426.68617497242377,331.3732324049995,95.31294256742427,1.5331743802327165,25.800670229572518,17.036366550198558,7,2026-09-24,energia_diversificada,58.46153846153846,223,200.41497701558396,,,principal,
COCEB2,IPCA+,438.87841062442186,326.260549935982,112.61786068843986,1.8115359164574285,30.118184971432015,12.21559081276634,7,2026-09-24,energia_diversificada,64.61538461538461,397,231.10510302097802,,,principal,
COMR14,IPCA+,485.6388847520007,347.8521738723978,137.78671087960288,2.2163942206243488,21.481210027757527,8.485077596984139,7,2026-09-24,energia_diversificada,84.61538461538461,3052,532.7129073465389,,,principal,
COMR15,IPCA+,484.28089637756426,379.71825959874855,104.56263677881572,1.681962087420125,17.558127162628637,7.1494417115900015,7,2026-09-24,energia_diversificada,65.38461538461539,1398,503.28583122636815,,,principal,
COMT11,IPCA+,250.34554585282567,334.6540566333202,-84.30851078049452,-1.3561605096053961,26.100072240159562,9.30128137721394,7,2026-09-24,rodovias,81.53846153846153,1975,1073.6037505297816,,,principal,
CONF11,IPCA+,312.36915284105515,334.88865490423296,-22.51950206317781,-0.3622417133374949,3.732915292411235,2.1487657394948885,7,2026-09-24,geracao,36.92307692307692,302,23.093613324548,,,principal,
CPFGA2,IPCA+,234.39111198457715,267.57768120505693,-33.18656922047978,-0.5338288413524345,30.50788913162546,10.844692515023837,7,2026-09-24,outros_corporativo,69.23076923076923,1053,139.77949187782593,,,principal,
CPFPA2,IPCA+,244.37923046433934,265.5435954775798,-21.164365013240456,-0.34044339979578087,37.49646354932884,12.917960378780084,7,2026-09-24,distribuicao,0.0,0,0.0,,,principal,
CPFPA5,IPCA+,243.06529270256928,284.8441217343254,-41.778829031756146,-0.6720412630456714,23.556351700445134,9.917232043804924,7,2026-09-24,distribuicao,36.15384615384615,323,85.57672229469901,,,principal,
CPFPA7,IPCA+,255.89154233969757,288.9481828870042,-33.056640547306614,-0.531738849084849,29.30441369748212,10.823896545533161,7,2026-09-24,distribuicao,43.84615384615385,781,82.65252621201003,,,principal,
CPFPA9,IPCA+,255.09315186293688,297.98072895662875,-42.887577093691874,-0.6898762398799038,27.862125936877504,10.054214239770488,7,2026-09-24,distribuicao,82.3076923076923,1110,93.942611738652,,,principal,
CPFPB0,IPCA+,256.9805715720731,293.37102865987515,-36.390457087802076,-0.5853655861323174,25.719527937128078,8.929618768313512,7,2026-09-24,distribuicao,43.07692307692308,921,120.99985327736698,,,principal,
CPFPB1,IPCA+,278.6363643382237,302.4480167321425,-23.81165239391879,-0.38302684208430576,55.21375112603448,19.32195053277592,7,2026-09-24,distribuicao,10.76923076923077,422,25.81394646085,,,principal,
CPFPB7,IPCA+,300.48892543798894,321.772102404491,-21.283176966502083,-0.3423545719608546,52.50017930116894,19.693353987581997,7,2026-09-24,distribuicao,24.615384615384617,290,18.882619432932,,,principal,
CPGT27,IPCA+,240.75941405390634,244.86226102072777,-4.102846966821431,-0.06599712154617743,35.9673022325413,13.55595316013696,7,2026-09-24,integrada_gt,92.3076923076923,1345,185.10796643728798,2046-04-07,14.5,principal,
CPGT28,IPCA+,264.054117352818,266.4263806368981,-2.372263284080077,-0.038159490121138846,29.26424951287447,11.620965223898866,7,2026-09-24,integrada_gt,56.92307692307692,666,86.66408884857698,2046-04-07,11.25,principal,
CPGTA1,IPCA+,282.8052266093028,262.10787618352896,20.697350425773834,0.3329311482440856,25.103989872792,9.393296584165563,7,2026-09-24,integrada_gt,80.0,1082,627.3560889773172,2046-04-07,8.25,principal,
CPGTC0,IPCA+,256.79602276595193,260.34123230586687,-3.5452095399149357,-0.05702713915593553,21.82583455446209,8.647780888746585,7,2026-09-24,integrada_gt,87.6923076923077,1350,608.7834050940288,2046-04-07,9.166666666666666,principal,
CPIS13,IPCA+,323.9072441697141,302.9157157675847,20.991528402129404,0.337663203770102,34.97373999913583,12.603633989523754,7,2026-09-24,distribuicao,17.692307692307693,140,110.69081175246698,,,principal,
CPIS14,IPCA+,325.3655225821574,310.70580119577556,14.659721386381818,0.23581172341889253,33.91168213148296,12.386873292595794,7,2026-09-24,distribuicao,40.0,338,115.435621292704,,,principal,
CPIS15,IPCA+,333.8300304315117,309.9281798893092,23.90185054220251,0.3844777414728668,47.445681945608214,17.59485585292281,7,2026-09-24,distribuicao,26.923076923076923,262,60.03639708108998,,,principal,
CPIS16,IPCA+,335.19548842115677,306.50488799468906,28.69060042646771,0.4615080842377445,26.846472291081398,9.537674933136474,7,2026-09-24,distribuicao,46.92307692307692,787,727.955607294907,,,principal,
CPJG18,IPCA+,267.3473414270241,306.5855656842562,-39.238224257232105,-0.6311738840132622,41.95209453968869,14.123511245729071,7,2026-09-24,geracao,23.846153846153847,150,172.43199152327202,,,principal,
CPLD15,IPCA+,148.82922640213576,237.57231264155078,-88.74308623941502,-1.4274937126068257,21.0573305939336,12.108779182921486,7,2026-09-24,distribuicao,17.692307692307693,82,201.88097792080308,,,principal,
CPLD26,IPCA+,244.6545624695174,272.19967723569846,-27.545114766181058,-0.44308215781087856,35.34609611877738,13.113820497456699,7,2026-09-24,distribuicao,90.76923076923077,632,111.53445932352007,,,principal,
CPLD29,IPCA+,259.92926002744434,284.2471697055008,-24.31790967805648,-0.39117033946187363,25.218717896068995,9.978950811185966,7,2026-09-24,distribuicao,94.61538461538461,2495,480.4983504609911,,,principal,
CPLD37,IPCA+,245.08656424422188,281.0374828731067,-35.95091862888481,-0.5782953070475831,30.21494234293513,12.214550700879547,7,2026-09-24,distribuicao,79.23076923076923,1321,96.179894532689,,,principal,
CPLDA1,IPCA+,288.09273901807995,290.15452759608917,-2.061788578009214,-0.033165290464346166,38.513851451126044,14.325921235054397,7,2026-09-24,distribuicao,84.61538461538461,1317,1095.673995745629,,,principal,
CPLDC0,IPCA+,276.0597698819372,292.6010678426426,-16.54129796070538,-0.26607817958415286,42.28876935232037,18.74340160827457,7,2026-09-24,distribuicao,84.61538461538461,1213,547.898311762744,,,principal,
CRMG15,IPCA+,164.22876652010956,369.3563547638355,-205.12758824372594,-3.299618650968959,-11.878755399230954,6.394529648785397,7,2026-09-24,rodovias,79.23076923076923,307,82.50223797898003,,,principal,
CRNP13,IPCA+,419.47875589853885,400.48314805112835,18.995607847410497,0.30555744586308753,24.74573287199007,10.447457247299425,7,2026-09-24,rodovias,58.46153846153846,1034,148.79737082463598,,,principal,
CRNP23,IPCA+,412.96740446389924,415.7142588754957,-2.7468544115964733,-0.044185046612214084,41.3655799326325,18.03869783069248,7,2026-09-24,rodovias,43.07692307692308,1068,116.73247230762604,,,principal,
CRTA12,IPCA+,423.48669522962666,406.9299574795864,16.55673775004027,0.2663265392382229,68.17503459959062,30.698590062903108,7,2026-09-24,rodovias,16.923076923076923,266,205.75271350380396,,,principal,
CRTR12,IPCA+,411.301014788529,390.9668818559808,20.334132932548243,0.3270885445004031,9.85317218482561,6.822962574410837,7,2026-09-24,rodovias,90.0,1259,358.0407690451531,,,principal,
CSMGA6,IPCA+,206.9918796230621,276.53941612813503,-69.54753650507294,-1.1187200636728694,5.243048587620393,3.1446839842023184,7,2026-09-24,saneamento,49.23076923076923,452,140.09738343042397,,,principal,
CSMGB8,IPCA+,60.22736905172223,257.35842137505045,-197.13105232332822,-3.1709888586918855,1.0770370663115685,1.4643652515937822,7,2026-09-24,saneamento,41.53846153846154,182,50.38375670669501,,,principal,
CSMGB9,IPCA+,117.33137172099916,270.1622912195181,-152.83091949851897,-2.4583906862048956,-5.524683173740016,3.060525168326767,7,2026-09-24,saneamento,28.46153846153846,202,324.32581206751394,,,principal,
CSMGC0,IPCA+,87.83570644275741,279.0405568391506,-191.2048503963932,-3.0756618157770665,-6.936926034024623,2.9127296545364425,7,2026-09-24,saneamento,19.23076923076923,73,62.723924709916005,,,principal,
CSMGE1,IPCA+,89.35420332132425,287.06803501436696,-197.71383169304272,-3.180363266562489,2.4658436922249365,1.548368128087332,7,2026-09-24,saneamento,31.53846153846154,147,147.66422049229902,,,principal,
CSMGE2,IPCA+,107.23623024331476,278.8962697389225,-171.66003949560775,-2.7612700602357902,-3.6414573604946696,1.297693551465197,7,2026-09-24,saneamento,29.23076923076923,300,654.2635961540828,,,principal,
CSNP12,IPCA+,281.1233722159726,296.32874339089835,-15.205371174925745,-0.24458887638301546,4.223229460555842,5.843897023860085,7,2026-09-24,geracao,36.92307692307692,176,141.352967394583,,,principal,
CSRN29,IPCA+,301.51579455376464,268.2443423646486,33.27145218911602,0.5351942424126223,14.615519975238612,6.007819433743431,7,2026-09-24,distribuicao,20.76923076923077,66,43.63803342567399,,,principal,
CSRNA1,IPCA+,271.3734527174514,251.35739200494726,20.016060712504157,0.32197213359439875,0.9221297334274823,2.4924059096444893,7,2026-09-24,distribuicao,53.07692307692308,799,625.4375204163389,,,principal,
CSRNA4,IPCA+,278.4353468107372,277.3894887378,1.0458580729372216,0.016823348011237884,12.216189413861969,5.139326727760812,7,2026-09-24,distribuicao,68.46153846153847,370,230.14896578035587,,,principal,
CSRNB2,IPCA+,293.244141183631,298.63143775766116,-5.387296574030188,-0.08665837884687792,5.645326210522455,2.879559884899938,7,2026-09-24,distribuicao,88.46153846153847,4547,36.849288550496,,,principal,
CSRNB3,IPCA+,314.33155471219095,306.1038042659717,8.227750446219261,0.1323490373006597,18.777636466920285,6.6225416063538445,7,2026-09-24,distribuicao,70.76923076923077,745,185.66326457472405,,,principal,
CSRNC0,IPCA+,280.9772373046831,262.4258638029304,18.55137350175272,0.2984116302032662,17.438539198873798,9.716913346685079,7,2026-09-24,distribuicao,46.15384615384615,221,299.2904098703241,,,principal,
CTEE18,IPCA+,221.06048276208887,205.91645284335272,15.144029918736152,0.243602159994791,45.00572266364745,17.6113360416369,7,2026-09-24,transmissao,93.84615384615384,605,106.94124860463803,2053-09-29,23.75,principal,
CTEE1B,IPCA+,225.37835430407125,224.20054025987815,1.1778140441930987,0.018945950765896523,36.549585663519366,13.846788747891114,7,2026-09-24,transmissao,96.15384615384616,1119,49.37948695167201,2053-09-29,21.916666666666668,principal,
CTEE29,IPCA+,263.8319436988214,254.43966008051638,9.392283618305044,0.15108135608422937,31.171285848043937,11.432886270656738,7,2026-09-24,transmissao,96.15384615384616,4081,77.26322141648497,2053-09-29,9.333333333333334,principal,
CTEE2B,IPCA+,266.8010833406836,274.379778006684,-7.578694666000388,-0.12190852768288571,30.501384767844826,11.002104919532101,7,2026-09-24,transmissao,83.07692307692308,440,36.495780171139,2053-09-29,13.916666666666666,principal,
CTGE11,IPCA+,183.87612967912685,221.3225756878597,-37.44644600873286,-0.6023518958167066,129.80152411313856,44.498266007970344,7,2026-09-24,integrada_gt,80.76923076923077,635,44.499403423519006,2044-01-29,15.166666666666666,principal,
CTGE13,IPCA+,221.41677141380538,241.860815834708,-20.444044420902628,-0.3288565465523698,15.867712587663021,6.0265480138122545,7,2026-09-24,integrada_gt,76.92307692307692,657,82.05617362723396,2044-01-29,14.333333333333334,principal,
CTGE15,IPCA+,230.20805479603493,243.04347525633352,-12.835420460298593,-0.20646658553557679,15.828497809815389,6.442155937249464,7,2026-09-24,integrada_gt,73.07692307692308,967,151.77238232972994,2044-01-29,12.75,principal,
CTNSA3,IPCA+,298.9016195929584,298.14182144581974,0.7597981471386674,0.012221876924188356,,,1,2026-10-02,distribuicao,48.46153846153846,643,158.31626738789402,,,principal,
CTNSA5,IPCA+,319.9016419858872,308.22003752383114,11.681604462056043,0.1879066598806037,29.271380070790087,10.609134947938767,7,2026-09-24,distribuicao,17.692307692307693,94,341.445978972434,,,principal,
CTRR11,IPCA+,187.24691484092844,258.09289756157864,-70.8459827206502,-1.1396064660670135,-8.401140201593222,8.074037639596058,7,2026-09-24,transmissao,7.6923076923076925,47,5.718199042977001,2044-09-05,12.083333333333334,principal,
CUTI11,IPCA+,238.14627369527005,297.45822644960856,-59.311952754338506,-0.9540736436732857,6.027241858119481,2.215678405630136,7,2026-09-24,geracao,40.76923076923077,139,132.81305257187998,,,principal,
DESK17,IPCA+,271.8836697726277,273.574706033005,-1.6910362603773024,-0.02720148387634744,21.42223518071404,9.037969789882029,7,2026-09-24,telecom,31.53846153846154,168,131.32792457059395,,,principal,
DESK18,IPCA+,259.59714286464714,311.0915750685031,-51.49443220385598,-0.8283234370162627,14.351571515925627,7.4686662196556455,7,2026-09-24,telecom,42.30769230769231,653,231.532795874718,,,principal,
DESK19,IPCA+,263.62300576609175,286.138979923074,-22.515974156982224,-0.3621849645345596,25.192787971782394,9.02199787645967,7,2026-09-24,telecom,87.6923076923077,887,1296.719241221471,,,principal,
EBAS13,IPCA+,341.9053522687601,282.0553685062714,59.849983762488705,0.9627282433031643,6.086673402096437,6.745806839903396,7,2026-09-24,saneamento,23.076923076923077,163,133.410700591395,,,principal,
EBENA8,IPCA+,270.27465056342425,294.62391795484206,-24.34926739141781,-0.3916747498961047,17.565718501987703,6.812420676016157,7,2026-09-24,distribuicao,52.30769230769231,1028,341.65988730741793,,,principal,
ECER12,IPCA+,237.7699419301494,318.59132147331206,-80.82137954316266,-1.3000675999797766,6.322276689851037,4.9184654618645975,7,2026-09-24,rodovias,96.15384615384616,1451,256.59315837386896,,,principal,
ECHP11,IPCA+,293.40447616781375,274.0991528159011,19.305323351912648,0.3105394332393312,23.026732188350138,6.95687094628108,7,2026-09-24,geracao,68.46153846153847,258,48.149907582735004,,,principal,
ECHP12,IPCA+,304.24080289960705,274.86054249723855,29.380260402368492,0.4726017403314592,22.379373861513386,7.19335865238416,7,2026-09-24,geracao,34.61538461538461,92,4.735843765324001,,,principal,
ECHP22,IPCA+,294.17952724397446,274.2758884524656,19.903638791508854,0.3201637495029663,29.341527591011356,10.721284793079752,7,2026-09-24,geracao,9.23076923076923,27,11.055851566667998,,,principal,
ECOC13,IPCA+,345.44939937428006,324.6130504381437,20.836348936136346,0.3351670350946837,30.310590246913193,10.393445971756526,7,2026-09-24,rodovias,36.15384615384615,290,940.0055377626209,,,principal,
ECOV16,IPCA+,359.723251427516,336.8697611709476,22.85349025656842,0.36761414364562917,26.799942417207888,8.795624414433776,7,2026-09-24,rodovias,70.0,625,297.21815316999505,,,principal,
ECPN11,IPCA+,451.5268545964472,374.6867043841673,76.84015021227992,1.2360267819384854,1.123091532576609,2.747301640171054,7,2026-09-24,rodovias,14.615384615384615,691,13.225551102515999,,,principal,
ECRD14,IPCA+,424.38366096692783,408.6727103205917,15.71095064633613,0.25272147067564965,24.709000745186813,10.123316611189077,7,2026-09-24,rodovias,75.38461538461539,682,285.16945640777,,,principal,
EDFT11,IPCA+,324.93290329957665,298.7673632669095,26.16554003266714,0.42089074728398523,8.420253657080536,3.635634408223557,7,2026-09-24,transmissao,20.0,144,26.209884098348002,2053-03-30,3.8333333333333335,principal,
EDPA11,IPCA+,258.0267239074415,282.33405325282826,-24.307329345386734,-0.39100014751787693,11.208125604394723,5.057280463051809,7,2026-09-24,transmissao,38.46153846153846,302,66.960120246288,2047-08-11,2.8333333333333335,principal,
EDPT11,IPCA+,252.7610935613995,261.12226303433005,-8.361169472930555,-0.13449517431080016,-2.165890743949518,6.9192307702934315,7,2026-09-24,transmissao,22.307692307692307,65,3.8467048707730003,2047-02-10,13.75,principal,
EDTE12,IPCA+,232.88377131717365,212.90668962985535,19.977081687318304,0.32134512910611407,9.801065619217269,6.320746139760667,7,2026-09-24,transmissao,80.76923076923077,471,61.80325624499301,2046-12-01,18.0,principal,
EDVP17,IPCA+,282.68971095546334,283.56621273045755,-0.8765017749942103,-0.014099135221840416,18.276977240661154,6.536761201178595,7,2026-09-24,distribuicao,23.846153846153847,114,9.966921318624,,,principal,
EEELA0,IPCA+,242.11188764751404,231.91543960260134,10.1964480449127,0.1640168951952711,20.93130128122081,7.9628507772200665,7,2026-09-24,transmissao,85.38461538461539,1968,221.85814872016394,2056-02-23,22.333333333333332,principal,
EEELA1,IPCA+,250.99375236306085,234.77929884354091,16.214453519519935,0.2608206614544139,16.98599967627584,6.854822498068605,7,2026-09-24,transmissao,88.46153846153847,1356,248.8761443015991,2056-02-23,21.833333333333332,principal,
EEELA4,IPCA+,256.39963557496196,236.8198894288332,19.57974614612877,0.31495371304342396,29.01557525628914,10.569436105559074,7,2026-09-24,transmissao,28.46153846153846,90,17.924857045538,2056-02-23,21.0,principal,
EEELB1,IPCA+,301.33299496433517,268.9901679145736,32.34282704976158,0.5202566669465085,52.74637242143265,19.719328250635723,7,2026-09-24,transmissao,32.30769230769231,281,19.506324756274008,2056-02-23,16.833333333333332,principal,
EEELB5,IPCA+,258.54575763360816,234.26498672304967,24.280770910558488,0.3905729367869844,32.004633115741825,11.5717872278916,7,2026-09-24,transmissao,32.30769230769231,392,284.7455466798761,2056-02-23,20.75,principal,
EGIE27,IPCA+,127.99801413543234,260.1326034244663,-132.13458928903395,-2.1254759488430492,58.34312173993564,21.392318830806598,7,2026-09-24,geracao,90.0,652,54.29218423249701,,,principal,
EGIE29,IPCA+,220.56575395315963,259.0722717324388,-38.50651777927919,-0.6194038809514625,0.9525138128715867,0.8674033787290851,7,2026-09-24,geracao,96.15384615384616,2346,102.14651911099102,,,principal,
EGIE49,IPCA+,223.70086464129324,269.1680158212124,-45.46715117991917,-0.7313704671525346,-0.5660635176557491,1.5803022469723211,7,2026-09-24,geracao,63.07692307692308,538,70.807801985253,,,principal,
EGIEA0,IPCA+,261.07307685478025,328.93832103164357,-67.86524417686331,-1.0916592319726153,40.03525538563812,14.290014517521882,7,2026-09-24,geracao,93.84615384615384,669,30.65875378031599,,,principal,
EGIEA1,IPCA+,221.45411777670424,283.418668834189,-61.96455105748478,-0.9967425158105165,19.609207514089803,9.09803955972575,7,2026-09-24,geracao,95.38461538461539,1276,603.4128149443101,,,principal,
EGIEA6,IPCA+,260.4298152797904,301.46668469709846,-41.03686941730808,-0.6601063312158791,28.785385049508477,10.13555497935732,7,2026-09-24,geracao,90.0,2501,1154.6676636740922,,,principal,
EGIEB1,IPCA+,270.8284215925522,323.7700041648331,-52.94158257228088,-0.8516018482104598,17.705312175707007,9.186297554122639,7,2026-09-24,geracao,42.30769230769231,133,5.823382764890999,,,principal,
EGIEB2,IPCA+,214.74359723438843,289.65318373996325,-74.90958650557482,-1.2049723339821279,7.262908210881051,2.903889428747626,7,2026-09-24,geracao,71.53846153846153,747,256.569543564073,,,principal,
EGIEB4,IPCA+,205.75303148341848,269.6764932884826,-63.923461805064136,-1.0282529454588993,5.325912412405245,4.461361749915704,7,2026-09-24,geracao,70.76923076923077,552,577.3918962437979,,,principal,
EGIEB5,IPCA+,234.64365955746683,290.71142455681183,-56.067764999345,-0.9018886474215732,21.645288758033445,8.815242555852867,7,2026-09-24,geracao,96.15384615384616,3391,426.13410640361514,,,principal,
EGVG11,IPCA+,255.15318958299318,244.88969111474725,10.263498468245928,0.16509544747231933,13.941828064460026,7.150384750241425,7,2026-09-24,outros_corporativo,24.615384615384617,99,23.32154980496401,,,principal,
EGVG21,IPCA+,251.37416347017682,249.89753282763715,1.476630642539675,0.02375262172403187,16.12788853508519,6.898281794227525,7,2026-09-24,outros_corporativo,22.307692307692307,105,127.94452301746297,,,principal,
EKTRA6,IPCA+,282.5851909581866,326.47177844180743,-43.886587483620815,-0.7059460106179319,19.17224114231857,10.353968583383853,7,2026-09-24,distribuicao,76.92307692307692,1756,203.67309554533693,,,principal,
EKTRA8,IPCA+,279.7895802812534,274.4620081571394,5.327572124113999,0.08569766990202274,10.73184569928469,4.695936274409181,7,2026-09-24,distribuicao,86.15384615384616,1665,580.4334555423642,,,principal,
EKTRB3,IPCA+,287.8598926017768,290.4088879628865,-2.5489953611097462,-0.04100234740125614,1.4945699037660916,2.9251989629705455,7,2026-09-24,distribuicao,59.23076923076923,303,97.638639789818,,,principal,
EKTRB6,IPCA+,300.6946119913389,324.4244160340877,-23.72980404274881,-0.38171025493781896,22.066984266919405,10.01013450276627,7,2026-09-24,distribuicao,83.84615384615384,2184,133.54347857762605,,,principal,
EKTRC0,IPCA+,279.3489629476102,277.3470099574879,2.001952990122277,0.0322027937886243,9.856747395633931,3.9871050895157434,7,2026-09-24,distribuicao,73.07692307692308,620,62.68754089955901,,,principal,
EKTRC1,IPCA+,274.14631829731314,263.4657702010913,10.680548096221855,0.17180397820985227,11.349812670967424,7.419421098533564,7,2026-09-24,distribuicao,76.15384615384616,453,237.179448427809,,,principal,
EKTT11,IPCA+,301.1820743066645,307.90099313213886,-6.718918825474361,-0.10807844064612185,10.757736579405275,4.596642657133193,7,2026-09-24,outros_corporativo,88.46153846153847,1482,352.9496195563331,2052-09-30,14.333333333333334,principal,
ELDC15,IPCA+,380.4875273821648,293.2083457084779,87.27918167368688,1.4039457986003685,0.07233897193299299,3.9893885008659207,7,2026-09-24,papel_celulose,71.53846153846153,289,840.4288918412313,,,principal,
ELET14,IPCA+,239.55519728416039,230.8260768758726,8.729120408287798,0.1404139187339232,22.904091314988477,11.05875452418313,7,2026-09-24,integrada_gt,96.15384615384616,8182,958.0200663333366,2043-01-01,11.333333333333334,principal,
ELET16,IPCA+,262.41611393984266,263.94335895280517,-1.52724501296251,-0.024566788760675445,14.3166518948548,6.176267781673948,7,2026-09-24,integrada_gt,96.15384615384616,3937,288.0608500217069,2043-01-01,8.333333333333334,principal,
ELET23,IPCA+,236.60392887523426,243.87260268947597,-7.268673814241708,-0.11692162858554546,24.014529889519878,11.671639462515994,7,2026-09-24,integrada_gt,96.15384615384616,4366,228.84907148002998,2043-01-01,11.75,principal,
ELET42,IPCA+,257.30900598139294,227.422425454797,29.886580526595935,0.4807462485351864,18.666442118298022,8.081784305725993,7,2026-09-24,integrada_gt,96.15384615384616,2005,204.64470238165296,2043-01-01,13.666666666666666,principal,
ELPLC8,IPCA+,497.79170829000327,262.632160052716,235.15954823728725,3.7827034284400822,-12.366305084574151,7.122141285090593,7,2026-09-24,distribuicao,46.15384615384615,272,392.181734044861,,,principal,
ELTE12,IPCA+,234.0536828376289,278.42491367202797,-44.37123083439906,-0.7137418329789686,12.856914034010117,6.422124709392909,7,2026-09-24,transmissao,49.23076923076923,207,129.082960130803,2044-09-05,5.166666666666667,principal,
ELTN15,IPCA+,230.19628179643308,239.53377948957774,-9.337497693144655,-0.15020008671418725,15.88737868596354,6.602782485130085,7,2026-09-24,integrada_gt,93.84615384615384,1521,234.80268909307105,2043-01-01,11.75,principal,
ELTN27,IPCA+,244.58291068188385,278.6365061780748,-34.05359549619095,-0.547775556636863,15.998245395645995,7.6776689091954555,7,2026-09-24,integrada_gt,91.53846153846153,649,259.566422855012,2043-01-01,10.5,principal,
ELTN37,IPCA+,267.96233756779924,292.2888463540744,-24.326508786275156,-0.3913086620449205,30.065762872040892,11.598914413325815,7,2026-09-24,integrada_gt,96.15384615384616,2635,293.6484256457891,2043-01-01,7.5,principal,
ENAT11,IPCA+,387.7732931771476,346.6623726719397,41.1109205052079,0.6612974940080262,27.96570844024518,11.839154070442037,7,2026-09-24,energia_diversificada,96.15384615384616,1958,279.7643381908131,,,principal,
ENAT12,IPCA+,401.20280284599977,365.30363056368606,35.899172282313714,0.5774629313943258,31.819318727209918,15.437353548437837,7,2026-09-24,energia_diversificada,85.38461538461539,432,26.304640175876997,,,principal,
ENAT13,IPCA+,400.4122062994582,333.70243263405064,66.70977366540757,1.073072692332155,20.9900563612332,12.44035803826213,7,2026-09-24,energia_diversificada,95.38461538461539,1469,191.18442373267098,,,principal,
ENAT14,IPCA+,386.40865407335536,338.35386839864736,48.054785674708,0.7729943516529024,13.762295622060776,11.142924814563724,7,2026-09-24,energia_diversificada,84.61538461538461,552,214.17162279535188,,,principal,
ENAT24,IPCA+,412.02332529087363,361.33875120209296,50.684574088780664,0.8152963110015696,31.968872542821316,17.29250721518915,7,2026-09-24,energia_diversificada,79.23076923076923,672,88.39643341329096,,,principal,
ENAT33,IPCA+,412.3641643449273,353.02652258912036,59.33764175580694,0.9544868689692869,26.729028358440928,10.212592731819225,7,2026-09-24,energia_diversificada,96.15384615384616,1457,201.73727172583204,,,principal,
ENERA1,IPCA+,289.12319563070935,266.70264714533175,22.420548485377594,0.36064997683005956,24.706019010267823,8.054946482881148,7,2026-09-24,distribuicao,23.076923076923077,112,96.792156183038,,,principal,
ENERB4,IPCA+,314.24440942966686,303.8251081518316,10.419301277835245,0.1676016430591531,21.053174308501184,6.8845999673658795,7,2026-09-24,distribuicao,83.84615384615384,1180,70.57868860405597,,,principal,
ENERB7,IPCA+,323.8917288096457,302.74257091449726,21.14915789514845,0.34019878281903243,23.453272232436063,6.912200676722562,7,2026-09-24,distribuicao,90.76923076923077,2362,259.5488708942269,,,principal,
ENERB8,IPCA+,318.0912354304588,295.7752021548297,22.316033275629138,0.3589687776391141,35.02218223982743,12.20552989592344,7,2026-09-24,distribuicao,27.692307692307693,526,222.447833499733,,,principal,
ENERC7,IPCA+,325.48161643123643,322.33298445767434,3.1486319735620896,0.05064791564096421,33.992983354738044,12.24784534931555,7,2026-09-24,distribuicao,81.53846153846153,934,194.43558332434304,,,principal,
ENEV13,IPCA+,225.75792303972116,253.83841327878727,-28.08049023906611,-0.4516940413255616,14.478985476681771,7.139262363438099,7,2026-09-24,geracao,91.53846153846153,687,35.039536631711,,,principal,
ENEV15,IPCA+,261.31589961782214,270.9597046457332,-9.643805027911071,-0.15512725133098654,22.801690297100265,7.966533226863449,7,2026-09-24,geracao,95.38461538461539,1746,105.15134409369199,,,principal,
ENEV16,IPCA+,256.16753338918755,278.1118244892667,-21.94429110007917,-0.3529890485041962,23.459310372789133,9.390953299472208,7,2026-09-24,geracao,91.53846153846153,862,57.51734530850299,,,principal,
ENEV18,IPCA+,279.6984382420826,285.18558207562046,-5.487143833537857,-0.08826449084059079,24.105091715516835,10.536293431579885,7,2026-09-24,geracao,96.15384615384616,1810,108.07059760742303,,,principal,
ENEV19,IPCA+,276.5041430645298,286.15396868464154,-9.649825620111756,-0.15522409670651766,21.42092328629107,8.865341989805568,7,2026-09-24,geracao,96.15384615384616,2548,104.472260398355,,,principal,
ENEV26,IPCA+,295.5886739003432,310.39874885947825,-14.810074959135022,-0.2382302642750685,23.041844219981215,8.339554046629418,7,2026-09-24,geracao,96.15384615384616,3489,64.60861524655198,,,principal,
ENEV28,IPCA+,304.23996331240664,317.27747267950315,-13.037509367096504,-0.2097173249009323,28.14763856309247,10.309724988673416,7,2026-09-24,geracao,96.15384615384616,1046,53.03783260731699,,,principal,
ENEV29,IPCA+,302.9197016039493,316.5034144612991,-13.58371285734978,-0.2185033845387157,31.249634417072798,12.593836547152415,7,2026-09-24,geracao,96.15384615384616,3317,78.50312679211598,,,principal,
ENEV32,IPCA+,287.58231689269894,264.28116572317526,23.301151169523678,0.37481507800235697,28.670710144571103,10.5607022140584,7,2026-09-24,geracao,95.38461538461539,1087,135.31195938543502,,,principal,
ENEV39,IPCA+,307.06509655066765,338.64574910590716,-31.58065255523951,-0.5079965648366462,28.617170492255696,11.856745996408325,7,2026-09-24,geracao,96.15384615384616,1793,67.21224249792097,,,principal,
ENEVA0,IPCA+,284.2657716150795,296.52598005938694,-12.260208444307466,-0.19721390376577672,16.6448495801161,6.312121480319872,7,2026-09-24,geracao,94.61538461538461,1501,74.143497582812,,,principal,
ENEVA4,IPCA+,299.43948591417796,303.00712192310016,-3.567636008922193,-0.05738788436844103,21.139248018002434,6.637543094841282,7,2026-09-24,geracao,83.07692307692308,1070,908.957102713734,,,principal,
ENEVB0,IPCA+,315.81155451809633,318.0069432442226,-2.195388726126282,-0.035314340937145146,30.53095141707746,10.110456359387625,7,2026-09-24,geracao,96.15384615384616,1239,161.7650390883701,,,principal,
ENEVB4,IPCA+,308.0049314028605,324.4312174498649,-16.426286047004396,-0.2642281336747724,28.75332117568945,9.062065298753689,7,2026-09-24,geracao,88.46153846153847,853,184.75366024248697,,,principal,
ENGI39,IPCA+,186.46205411096372,331.22840407798833,-144.7663499670246,-2.32866652639789,-11.299995069607576,15.976311998420636,7,2026-09-24,energia_diversificada,36.15384615384615,187,18.862307971059998,,,principal,
ENGIA4,IPCA+,143.12757548778995,320.2235109700507,-177.09593548226076,-2.8487101941341915,41.619382034467336,16.433478082909787,7,2026-09-24,energia_diversificada,13.076923076923077,54,57.712763106983985,,,principal,
ENGIA5,IPCA+,287.5997203986682,336.02347850425224,-48.42375810558406,-0.7789295275355606,26.276993706795395,10.57303788937402,7,2026-09-24,energia_diversificada,81.53846153846153,772,71.55160815870005,,,principal,
ENGIA6,IPCA+,295.1382804680928,318.62390526478123,-23.485624796688455,-0.3777824634526337,22.408391431674033,8.985721203814876,7,2026-09-24,energia_diversificada,92.3076923076923,1009,99.675967393854,,,principal,
ENGIA9,IPCA+,289.04488598461126,337.61458334357803,-48.56969735896678,-0.7812770610218801,27.127779918774422,10.868708294302568,7,2026-09-24,energia_diversificada,80.0,573,26.674862833035007,,,principal,
ENGIB0,IPCA+,276.21521625569073,335.0015627668972,-58.78634651120649,-0.9456189049530923,14.41336778392963,6.094281276793964,7,2026-09-24,energia_diversificada,91.53846153846153,1176,370.7854497183611,,,principal,
ENGIB2,IPCA+,313.8442704886964,356.5245198755845,-42.68024938688808,-0.6865412308053584,18.063480385419723,5.763011749897014,7,2026-09-24,energia_diversificada,96.15384615384616,3848,265.27342936440107,,,principal,
ENGIB4,IPCA+,254.10177020282845,328.0700751065293,-73.96830490370087,-1.1898311705923115,17.338799435117068,5.696396930007628,7,2026-09-24,energia_diversificada,89.23076923076923,825,82.78455082452602,,,principal,
ENGIB6,IPCA+,280.19256874387406,345.48843861588875,-65.29586987201469,-1.050329075214151,21.24219445941668,7.179340262982105,7,2026-09-24,energia_diversificada,91.53846153846153,1692,42.294854774605994,,,principal,
ENGIB9,IPCA+,293.2982916206452,340.5695835490206,-47.271291928375376,-0.7603913146823464,16.38748766745732,6.711186996654378,7,2026-09-24,energia_diversificada,96.15384615384616,3750,519.3544030289521,,,principal,
ENGIC0,IPCA+,332.5881334901003,370.42523501132456,-37.83710152122427,-0.6086358590132558,28.93694994750058,11.31803325535015,7,2026-09-24,energia_diversificada,96.15384615384616,3937,348.838487355524,,,principal,
ENJG21,IPCA+,281.3038050887619,270.17466588483245,11.12913920392947,0.17901987539035327,72.20035027252794,22.922290953667602,7,2026-09-24,geracao,70.76923076923077,605,255.37809470684405,,,principal,
ENMI21,IPCA+,229.68760049844738,274.1859428651831,-44.49834236673573,-0.7157865095943491,54.910647760516866,19.487427361074303,7,2026-09-24,geracao,67.6923076923077,448,86.31051238600797,,,principal,
ENMTA3,IPCA+,150.57554871597065,262.88613464361464,-112.31058592764398,-1.8065931901261003,-36.014135508718056,13.08019320479951,7,2026-09-24,distribuicao,40.0,187,24.880904732108,,,principal,
ENMTA4,IPCA+,285.7748055472988,276.9355421746117,8.839263372687071,0.14218564423762792,23.439315868103563,9.314980299650259,7,2026-09-24,distribuicao,92.3076923076923,856,175.86111160129002,,,principal,
ENMTA5,IPCA+,276.39721972407096,262.7582744189602,13.63894530511078,0.21939183653257585,6.5518337806558975,5.512459225074193,7,2026-09-24,distribuicao,80.0,518,54.38040470038801,,,principal,
ENMTA7,IPCA+,285.0848308932805,266.4264360763144,18.65839481696611,0.30013314182806894,23.30541751622394,7.880736610766736,7,2026-09-24,distribuicao,20.76923076923077,121,59.817172835784994,,,principal,
ENMTB3,IPCA+,253.45407649137752,277.4113040990528,-23.957227607675293,-0.3853685197423057,10.906879169623465,7.023209437589714,7,2026-09-24,distribuicao,36.15384615384615,184,17.88010379266,,,principal,
ENMTB5,IPCA+,282.87680705727837,282.9565308079219,-0.0797237506435522,-0.001282411482535964,21.795115843363476,7.95763905793463,7,2026-09-24,distribuicao,22.307692307692307,135,71.13095656285799,,,principal,
ENMTC5,IPCA+,318.9746589650827,300.8162434865246,18.158415478558084,0.29209062953493914,27.123243232731568,8.496201411163486,7,2026-09-24,distribuicao,76.92307692307692,636,289.8133222650241,,,principal,
ENMTC6,IPCA+,341.7510152702537,321.1572768195586,20.59373845069507,0.33126447820540017,40.042473285235644,15.23416360166191,7,2026-09-24,distribuicao,24.615384615384617,114,107.646025613767,,,principal,
ENMTD2,IPCA+,311.4824332562936,296.7300344817325,14.752398774561073,0.23730250309010875,16.98509574901294,5.689437079186431,7,2026-09-24,distribuicao,10.76923076923077,64,122.98528806016401,,,principal,
ENMTD5,IPCA+,309.85588234945914,312.1315504650347,-2.27566811557557,-0.03660569025287218,29.606775185689344,13.376020802515619,7,2026-09-24,distribuicao,14.615384615384615,186,193.72090623151198,,,principal,
ENMTD9,IPCA+,321.5614087089254,295.4463132182307,26.11509549069467,0.42007931205502824,38.78651237639633,13.343209617177001,7,2026-09-24,distribuicao,25.384615384615383,444,147.24355188584406,,,principal,
ENMTE6,IPCA+,319.2859231548016,300.66257334989507,18.623349804906525,0.2995694186526283,26.94981090515182,9.515226152415394,7,2026-09-24,distribuicao,17.692307692307693,140,106.618951704713,,,principal,
ENMTF8,IPCA+,319.3370898393777,297.38220322672055,21.954886612657162,0.35315948462748054,23.68318183579379,7.786467562265577,7,2026-09-24,distribuicao,52.30769230769231,1052,948.5261309310117,,,principal,
ENMTG8,IPCA+,316.5775265749558,319.1085343152393,-2.531007740283485,-0.040713004121431834,31.671017223000206,11.788940748980227,7,2026-09-24,distribuicao,13.076923076923077,325,156.075972984324,,,principal,
ENSEA1,IPCA+,244.16697858171,261.7324356294737,-17.565457047763687,-0.28255248445045744,-53.58397866633862,25.08942972735693,7,2026-09-24,distribuicao,57.69230769230769,219,8.504690388938998,,,principal,
ENSEA5,IPCA+,318.5608308253876,305.7498360859591,12.810994739428509,0.2060736809787771,38.53078293318424,16.25195668849352,7,2026-09-24,distribuicao,15.384615384615385,257,294.67428366349503,,,principal,
ENSEB4,IPCA+,318.24562892051875,305.21258773913803,13.033041181380725,0.2096454510537818,31.72179926234287,11.64630036367149,7,2026-09-24,distribuicao,80.76923076923077,3903,169.27127050406108,,,principal,
ENSEB5,IPCA+,301.9169455075007,337.03599005115854,-35.11904454365782,-0.5649140389774329,15.672642562404178,8.80911941731989,7,2026-09-24,distribuicao,0.0,0,0.0,,,principal,
ENSEC4,IPCA+,312.71481427309203,321.84403350071415,-9.129219227622116,-0.14684978403029467,32.212527580743085,12.378645333120662,7,2026-09-24,distribuicao,46.92307692307692,176,119.68171543256396,,,principal,
ENTV12,IPCA+,295.53220320609245,359.59197665871216,-64.05977345261971,-1.0304456122691983,30.33398815806953,11.229659906866917,7,2026-09-24,rodovias,96.15384615384616,1920,406.0936070744297,,,principal,
ENTV13,IPCA+,318.28106867159147,387.3048434275629,-69.02377475597143,-1.110294994910563,29.577199781570073,13.813777755792884,7,2026-09-24,rodovias,86.15384615384616,1731,507.0795228601489,,,principal,
EPRL12,IPCA+,396.6613828300211,414.4097470746372,-17.748364244616084,-0.28549467278942203,-0.22800098893424092,4.550231464733721,7,2026-09-24,rodovias,26.923076923076923,95,177.72142471272505,,,principal,
EQMAA0,IPCA+,291.5667482878417,274.48996477036854,17.07678351747313,0.27469183387396984,32.16667331778558,11.171207779150189,7,2026-09-24,distribuicao,50.76923076923077,230,267.96419531572604,,,principal,
EQMAA2,IPCA+,320.03637709001566,300.00737074946085,20.029006340554815,0.32218037294499113,21.981636056143316,6.948998784078599,7,2026-09-24,distribuicao,87.6923076923077,1102,242.40149922226402,,,principal,
EQPA18,IPCA+,309.6603353468493,291.05296172359755,18.60737362325176,0.29931243075835884,25.675452645184407,11.618932019510968,7,2026-09-24,distribuicao,96.15384615384616,2954,495.2104646420551,,,principal,
EQPA19,IPCA+,310.98010696552996,295.53402625205325,15.446080713476704,0.24846085523124906,31.617027385712163,11.284811056751357,7,2026-09-24,distribuicao,96.15384615384616,2655,981.4677505231222,,,principal,
EQPAA1,IPCA+,327.29704679572507,300.16173302291554,27.135313772809525,0.4364902263574278,25.039039912036003,9.428641605365875,7,2026-09-24,distribuicao,68.46153846153847,406,736.972890382599,,,principal,
EQSP11,IPCA+,299.9603997402132,241.08122130809022,58.879178432122956,0.9471121703899057,30.375942043961572,10.104083243769548,7,2026-09-24,transmissao,32.30769230769231,146,7.357886627390998,2047-02-10,14.083333333333334,principal,
EQSP21,IPCA+,300.6989209598953,244.63469459665026,56.06422636324504,0.9018317260207299,21.501255514721777,7.002332351173358,7,2026-09-24,transmissao,27.692307692307693,81,3.3969031250199992,2047-02-10,13.083333333333334,principal,
EQTC11,IPCA+,322.70656296261205,270.35748712934094,52.349075833271115,0.8420709688996842,35.10339170014748,12.358051565000808,7,2026-09-24,transmissao,36.92307692307692,111,5.248637691413001,2047-02-10,7.833333333333333,principal,
EQTN11,IPCA+,273.9645258171262,238.92110442113625,35.043421395989924,0.5636975885202984,18.821367777068076,5.654703244594792,7,2026-09-24,transmissao,21.53846153846154,52,3.780895521403,2047-02-10,14.083333333333334,principal,
EQTR11,IPCA+,326.04185594613074,261.9069943326936,64.13486161343712,1.0316534570940774,33.84385008783153,11.495227328953666,7,2026-09-24,transmissao,56.15384615384615,249,10.764283473912002,2047-07-21,8.25,principal,
EQTR21,IPCA+,325.47814361074387,262.9330002634571,62.545143347286796,1.0060817429931774,37.945481143579286,13.370745778913955,7,2026-09-24,transmissao,53.07692307692308,268,7.093971084694998,2047-07-21,8.25,principal,
EQTS11,IPCA+,296.8384832022754,238.6401939652315,58.19828923704392,0.9361595983513918,32.08522698088797,10.59786380316101,7,2026-09-24,transmissao,30.76923076923077,93,5.015627857348998,2047-02-10,14.083333333333334,principal,
EQUA11,IPCA+,301.929256869025,244.85798649752206,57.07127037150292,0.9180307230471373,36.589521143718,13.194574543676856,7,2026-09-24,transmissao,90.76923076923077,784,69.72489440923998,,,principal,
ERDVA4,IPCA+,365.7799148506348,343.2528276832013,22.52708716743348,0.3623637249678457,33.9808799295331,14.20135689553944,7,2026-09-24,rodovias,93.84615384615384,2883,178.02170492472206,,,principal,
ERDVB4,IPCA+,382.57045043341526,355.8742368405417,26.696213592873562,0.42942699729221284,13.272619950067906,7.534153683874477,7,2026-09-24,rodovias,96.15384615384616,4791,316.70471391400406,,,principal,
ERDVC3,IPCA+,385.4943448529305,362.87235318437973,22.621991668550777,0.3638903292858152,24.69125912245937,9.51735842719748,7,2026-09-24,rodovias,76.15384615384616,551,51.27369572768,,,principal,
ERDVC4,IPCA+,420.0587419963435,385.3667259761669,34.692016020176595,0.558044990827263,31.582025165024334,13.256157258849255,7,2026-09-24,rodovias,95.38461538461539,2941,86.30982745607193,,,principal,
ESAM14,IPCA+,253.4462531350703,304.20538751610115,-50.75913438103086,-0.8164956646966862,0.2145933893223173,6.971398201464901,7,2026-09-24,geracao,54.61538461538461,342,44.487567667752984,,,principal,
ESCEA5,IPCA+,263.98309931428423,293.2517757105768,-29.268676396292562,-0.4708068346790781,10.533054645302656,3.732796169016101,7,2026-09-24,distribuicao,7.6923076923076925,74,15.570740824188,,,principal,
ESSDA4,IPCA+,300.70214938845214,297.2393377457498,3.46281164270232,0.05570171218255188,23.773048999551463,9.618306439525954,7,2026-09-24,distribuicao,45.38461538461539,369,60.69716496566302,,,principal,
ESSDA5,IPCA+,317.88619401031224,305.61203333864717,12.274160671665072,0.19743833496006843,29.974074182194272,11.377515384777892,7,2026-09-24,distribuicao,34.61538461538461,102,14.407640400638002,,,principal,
ESSDB5,IPCA+,341.89166686596565,321.9371070559937,19.954559809971954,0.3209828491847095,43.3870650328127,16.62328819209338,7,2026-09-24,distribuicao,8.461538461538462,36,55.64436849303601,,,principal,
ESULA6,IPCA+,285.05661334717473,277.632371514949,7.424241832225732,0.11942404738756664,17.904609257166953,6.767483342028959,7,2026-09-24,distribuicao,91.53846153846153,1269,88.930937326171,,,principal,
ETBA12,IPCA+,227.1309394725101,211.1829613868625,15.947978085647605,0.25653422041955193,16.931511563587208,6.3804024851709515,7,2026-09-24,transmissao,95.38461538461539,1310,125.91084021309197,2046-09-29,17.583333333333332,principal,
ETEN12,IPCA+,155.18787960342956,224.90402289904767,-69.71614329561811,-1.1214322201191385,-43.68572987242317,20.08570220389172,7,2026-09-24,transmissao,24.615384615384617,152,32.363770443813,,,principal,
ETEN21,IPCA+,144.15543634709573,231.18844207080363,-87.0330057237079,-1.399985888756328,-8.305590861923662,11.751875916436381,7,2026-09-24,transmissao,56.92307692307692,302,14.288624104582006,,,principal,
ETEN22,IPCA+,261.1910726774517,237.6294269884464,23.561645689005303,0.37900531190661124,10.36218135285776,3.3368732120364264,7,2026-09-24,transmissao,21.53846153846154,68,33.466098195422994,,,principal,
ETSP12,IPCA+,324.38595193952494,261.113435265414,63.27251667411093,1.0177820443322376,38.13419833109032,12.749514856167663,7,2026-09-24,transmissao,63.84615384615385,295,12.363136892692001,2047-02-10,7.833333333333333,principal,
EUBE11,IPCA+,230.9372979682286,309.0333694401902,-78.09607147196161,-1.2562291411046755,24.307279434353234,7.700429490334912,7,2026-09-24,outros_corporativo,20.0,65,4.272587152758001,,,principal,
EXTZ11,IPCA+,347.2282303458509,253.8180895403571,93.41014080549377,1.5025665022943155,24.11086961808809,10.741739916197906,7,2026-09-24,integrada_gt,40.76923076923077,427,58.39043158715298,2043-01-01,14.0,principal,
FBRI13,IPCA+,214.11791902040477,289.70153185638316,-75.58361283597839,-1.2158145121117767,52.52771525421224,21.000463464999353,7,2026-09-24,telecom,71.53846153846153,1004,249.25531801397497,,,principal,
FLCLA9,IPCA+,318.82718831841987,299.64070000428984,19.18648831413003,0.3086278897438252,26.361650642651625,9.606144272426267,7,2026-09-24,distribuicao,30.0,241,161.32827617673604,,,principal,
FLCLB9,IPCA+,343.333345761838,323.5391714195319,19.79417434230612,0.3184029383838972,40.53335176008193,15.225889663001686,7,2026-09-24,distribuicao,28.46153846153846,153,25.747818656485997,,,principal,
FRAG14,IPCA+,349.76083249490074,380.35478415441014,-30.5939516595094,-0.49212480079771803,11.627165764011579,5.371137509020799,7,2026-09-24,agro_acucar_etanol,16.923076923076923,265,51.951688032862,,,principal,
FRAG16,IPCA+,359.0080625055815,401.1650314932608,-42.156968987679306,-0.6781239048878703,-0.3318458842055634,1.349788042159331,7,2026-09-24,agro_acucar_etanol,9.23076923076923,144,10.612867079702001,,,principal,
FSII14,IPCA+,544.6413294760499,381.0548974020039,163.586432074046,2.6314005197372494,41.6464642709592,17.377471140685138,7,2026-09-24,agro_acucar_etanol,39.23076923076923,114,146.85428615879604,,,principal,
FURN21,IPCA+,253.79374933841743,226.1393988295294,27.65435050888803,0.4448392900283164,20.13159662365885,8.031130295294933,7,2026-09-24,integrada_gt,95.38461538461539,1655,156.71351553846003,,,principal,
GASC15,IPCA+,394.4406376648925,338.5383044498004,55.902333215092085,0.8992275631400409,33.698465857479505,12.952387921122394,7,2026-09-24,ferrovias,70.76923076923077,486,202.02286586034498,,,principal,
GASC16,IPCA+,388.36959160633694,338.89730301539197,49.47228859094497,0.7957958631427225,27.769968689695418,18.665186618523066,7,2026-09-24,ferrovias,79.23076923076923,611,199.35817409959697,,,principal,
GASC17,IPCA+,401.9076947459879,345.83541478653706,56.07227995945084,0.9019612736670292,59.6964148672223,23.744216502369174,7,2026-09-24,ferrovias,51.53846153846154,397,88.199355343658,,,principal,
GASC18,IPCA+,398.30655722010084,351.36843726962877,46.93811995047207,0.7550320137629413,27.061339594888068,10.0582613557028,7,2026-09-24,ferrovias,81.53846153846153,579,75.57450253449305,,,principal,
GASC19,IPCA+,409.5575296817659,352.7273884760083,56.83014120575763,0.9141519942062346,62.17744043267203,23.08010214939179,7,2026-09-24,ferrovias,62.30769230769231,542,263.515125839126,,,principal,
GASC22,IPCA+,369.91773906512634,313.08751057859195,56.830228486534395,0.9141533981776914,49.085238330961715,17.482182935041596,7,2026-09-24,ferrovias,89.23076923076923,987,36.633441862714996,,,principal,
GASC23,IPCA+,384.5631068243711,338.031846728334,46.5312600960371,0.7484873925566068,48.0446073534722,19.812683637557473,7,2026-09-24,ferrovias,91.53846153846153,527,79.44838802331901,,,principal,
GASC25,IPCA+,406.1108334082489,358.44565428372874,47.66517912452014,0.7667272617380535,36.49711468154459,14.399992187604928,7,2026-09-24,ferrovias,94.61538461538461,2499,337.11287127544267,,,principal,
GASC26,IPCA+,407.30748834227006,362.19626793198415,45.11122041028591,0.7256450753805599,55.30927279245691,22.047287551079695,7,2026-09-24,ferrovias,36.92307692307692,461,22.582895089238,,,principal,
GASC27,IPCA+,395.11003823277156,346.7578973115748,48.352140921196735,0.7777775157590973,31.2173221008523,16.13048851271343,7,2026-09-24,ferrovias,22.307692307692307,233,65.42112137805599,,,principal,
GASC28,IPCA+,418.97857727943534,351.2703676188827,67.70820966055265,1.0891332235341555,57.14367254079502,22.939529296935014,7,2026-09-24,ferrovias,87.6923076923077,1222,364.88769954424293,,,principal,
GASP19,IPCA+,247.310105879038,242.46781727218038,4.842288606857608,0.07789155002191937,6.88918005335853,3.7695528135300216,7,2026-09-24,distribuicao_gas,81.53846153846153,782,64.85493534685105,,,principal,
GASP29,IPCA+,285.20441113285545,276.08790493603783,9.116506196817625,0.14664528616673572,27.046193759483856,10.34869889209458,7,2026-09-24,distribuicao_gas,90.76923076923077,548,31.48793379886001,,,principal,
GSTS14,IPCA+,554.6021816031587,278.7178415536229,275.88434004953575,4.43778977626406,36.60574907813452,13.558724677018441,7,2026-09-24,saneamento,77.6923076923077,487,134.89120250517098,,,principal,
HARG11,IPCA+,402.9682112974679,375.00621898164303,27.961992315824887,0.4497879205498264,23.713348335228204,9.173615588757778,7,2026-09-24,rodovias,96.15384615384616,4255,563.369546325468,,,principal,
HBSA11,IPCA+,267.5451025211299,267.55855391469805,-0.013451393568175263,-0.00021637493756490137,1.6289962590144,7.372882027562893,7,2026-09-24,logistica,93.07692307692308,735,112.43462552213501,,,principal,
HBSA21,IPCA+,260.39905126807673,289.98581220988984,-29.58676094181311,-0.47592344384886726,-21.605437307884813,10.845557157598577,7,2026-09-24,logistica,80.0,453,52.612767839533,,,principal,
HSBH11,IPCA+,412.726522036851,324.39844035909334,88.32808167775767,1.4208180781706874,14.654842181133745,8.068193617719407,7,2026-09-24,outros_corporativo,14.615384615384615,150,43.19076072062601,,,principal,
HVSP11,IPCA+,462.30013245779844,312.8083265964916,149.49180586130683,2.4046787417054607,21.28253321596418,7.870873593689732,7,2026-09-24,geracao,93.07692307692308,2672,414.2082123315742,,,principal,
HZTC14,IPCA+,308.59665073957535,316.2399715871309,-7.643320847555572,-0.12294808435990871,-24.15805512328626,10.83539539504886,7,2026-09-24,saneamento,65.38461538461539,346,109.75297211637499,,,principal,
IBPB11,IPCA+,293.5842551806075,266.65696927148144,26.927285909126056,0.433143954776856,11.430065119480446,14.492647333873228,7,2026-09-24,transmissao,51.53846153846154,101,5.364848435198999,2048-03-08,7.333333333333333,principal,
IPIPA5,IPCA+,233.54423392543572,243.54468305122901,-10.000449125793295,-0.16086411747954166,4.150486476828945,2.0191120412516677,7,2026-09-24,oleo_gas,6.153846153846154,42,29.470711645817996,,,principal,
ISAEA8,IPCA+,238.11261263781532,232.31593616645145,5.796676471363867,0.09324353668029908,34.07579147459748,13.549798924033308,7,2026-09-24,transmissao,78.46153846153847,603,244.15706479829993,2053-09-29,20.25,principal,
ISAEA9,IPCA+,230.08386928391195,269.65640040815236,-39.57253112424041,-0.6365514404061983,18.92058586602448,7.8110548592652504,7,2026-09-24,transmissao,95.38461538461539,1575,133.564317046979,2053-09-29,18.25,principal,
ISAEB0,IPCA+,256.75244534620634,256.24568495761173,0.5067603885946141,0.008151590159546517,41.23691635545367,15.797583480927047,7,2026-09-24,transmissao,88.46153846153847,1701,291.32775367841793,2053-09-29,15.916666666666666,principal,
ISAEB2,IPCA+,256.74875595294776,273.84480655978984,-17.096050606842084,-0.2750017582872386,31.474957754412515,11.647601990186597,7,2026-09-24,transmissao,55.38461538461539,899,598.3306970265651,2053-09-29,12.5,principal,
ISAEB8,IPCA+,228.08247000761415,226.66027015489206,1.4221998527220876,0.02287706495077285,21.379272443430438,9.414263181425863,7,2026-09-24,transmissao,81.53846153846153,1366,414.3173988232688,2053-09-29,20.5,principal,
ISAEC0,IPCA+,255.73542269900085,269.07157506877905,-13.336152369778205,-0.21452120345313896,28.09696370762822,10.67103286683966,7,2026-09-24,transmissao,90.0,1962,729.3866991526802,2053-09-29,12.916666666666666,principal,
ISAEC2,IPCA+,251.9138919949892,279.9012348242175,-27.98734282922831,-0.4501957010319827,32.163507464331445,11.502617168825656,7,2026-09-24,transmissao,25.384615384615383,716,215.36083965023198,2053-09-29,12.5,principal,
ITPE13,IPCA+,384.86165540956864,341.5938179967905,43.267837412778135,0.6959929892251436,9.342136092681812,6.060197199539887,7,2026-09-24,saneamento,39.23076923076923,481,96.87872211069201,,,principal,
ITPO14,IPCA+,246.73006411735594,249.01049263688287,-2.280428519526936,-0.03668226463176757,0.021596828908002408,9.85412913878611,7,2026-09-24,portos,96.15384615384616,2298,233.47960521301795,,,principal,
ITPO15,IPCA+,272.63419836643146,287.423253688802,-14.78905532237053,-0.23789214892891475,11.64443879677384,10.181002180958659,7,2026-09-24,portos,75.38461538461539,829,170.15657705414995,,,principal,
IVIAA0,IPCA+,483.98889206106395,347.9807885007117,136.00810356035225,2.1877840959034542,47.12673976887265,26.79326553197118,7,2026-09-24,rodovias,96.15384615384616,2990,902.8069231478978,,,principal,
JALL11,IPCA+,335.02151144351194,365.84560898952475,-30.82409754601281,-0.49582685602126086,33.4415129910123,12.219050079987378,7,2026-09-24,agro_acucar_etanol,96.15384615384616,1249,86.42053975297897,,,principal,
JALL13,IPCA+,384.1415397987706,380.92507820012753,3.216461598643093,0.05173900191522774,7.235303742182396,3.8502707931736846,7,2026-09-24,agro_acucar_etanol,93.84615384615384,688,114.18221756172602,,,principal,
JALL14,IPCA+,390.5673901575747,383.1951640614662,7.372226096108534,0.11858733841777043,14.002208952703654,4.8703824017547035,7,2026-09-24,agro_acucar_etanol,94.61538461538461,1080,97.61628805868993,,,principal,
JALL15,IPCA+,406.83410216416985,392.6907306957847,14.143371468385169,0.22750587906886935,6.99704047155069,9.28786837544357,7,2026-09-24,agro_acucar_etanol,96.15384615384616,1213,55.68230851399998,,,principal,
JALL21,IPCA+,317.4905858242491,387.3303058514294,-69.8397200271803,-1.1234200370275298,4.093663070202751,3.198194281415563,7,2026-09-24,agro_acucar_etanol,93.07692307692308,947,53.45187417482902,,,principal,
JALL24,IPCA+,404.12549328008805,396.1500419476816,7.975451332406465,0.12829063214566658,52.99668853710705,24.444358137292873,7,2026-09-24,agro_acucar_etanol,73.84615384615384,311,20.407580557467007,,,principal,
JTEE11,IPCA+,232.17578142234026,233.88979452831762,-1.714013105977358,-0.02757108227572167,12.041530436874439,5.021600014385009,7,2026-09-24,transmissao,66.15384615384616,615,23.261365771916005,2047-02-10,13.583333333333334,principal,
JTEE12,IPCA+,246.41067741580264,296.0726920382434,-49.66201462244078,-0.7988477371371365,20.764369647324315,7.364386580616507,7,2026-09-24,transmissao,53.07692307692308,154,7.255021122325999,2047-02-10,2.1666666666666665,principal,
KLBNA5,IPCA+,231.45083557741816,314.23008290809906,-82.7792473306809,-1.331561252896666,21.430904505523188,10.453926822388222,7,2026-09-24,papel_celulose,96.15384615384616,5579,221.08350885130997,,,principal,
LCAMD1,IPCA+,175.3185581472485,171.03500819878965,4.283549948458841,0.06890385356404746,6.2278891836237165,2.2284889288848757,7,2026-09-24,locacao,96.15384615384616,2109,297.5353015999489,,,principal,
LCAMD3,IPCA+,175.4827002343643,166.48383926621653,8.998860968147767,0.1447528815709417,0.09001708820204612,3.171744739770655,7,2026-09-24,locacao,95.38461538461539,1150,194.77025343851886,,,principal,
LORTA7,IPCA+,177.66221490914452,170.8353750184124,6.826839890732117,0.10981442537058428,1.4412109774943076,1.1157001491029435,7,2026-09-24,locacao,96.15384615384616,1742,176.52199701716395,,,principal,
LTTE15,IPCA+,268.8099908802546,279.998463119484,-11.188472239229384,-0.17997428816130429,-2.5199099581418523,10.991720348431423,7,2026-09-24,transmissao,75.38461538461539,712,145.185920103802,2041-12-09,3.1666666666666665,principal,
MGPRA0,IPCA+,447.49632828406493,339.2129588051892,108.28336947887573,1.7418126375947849,38.98778815836988,14.94798420387188,7,2026-09-24,mobilidade_urbana,96.15384615384616,7655,1895.4211554055996,,,principal,
MGSP12,IPCA+,260.35068142729426,249.44050569012347,10.910175737170789,0.1754976970964257,0.10495433333159099,1.5560161971849698,7,2026-09-24,transmissao,83.07692307692308,922,42.78737026937302,2047-08-11,8.083333333333334,principal,
MOTVB9,IPCA+,273.5399269680645,308.07724986710605,-34.537322899041556,-0.5555566453441224,33.56815981961097,13.119873552543813,7,2026-09-24,mobilidade_urbana,86.92307692307692,2990,527.9052818556551,,,principal,
MRSAA1,IPCA+,253.75173507033423,340.1026673363848,-86.35093226605056,-1.3890142670379322,25.49933231862812,11.982208515037716,7,2026-09-24,ferrovias,82.3076923076923,1988,227.00024842086893,,,principal,
MRSAA2,IPCA+,268.5042092017056,339.77472600610184,-71.27051680439627,-1.1464353894346309,31.81630335299917,12.6691463757349,7,2026-09-24,ferrovias,53.07692307692308,1049,305.0902636901498,,,principal,
MRSAA4,IPCA+,269.6825545680823,354.91199171031576,-85.22943714223345,-1.3709742449268114,23.189002016412843,8.85748819181449,7,2026-09-24,ferrovias,39.23076923076923,391,168.99967043301498,,,principal,
MRSAB1,IPCA+,265.8392490804224,340.94715245299767,-75.10790337257527,-1.208162397487281,26.836277932718872,10.965990731823855,7,2026-09-24,ferrovias,94.61538461538461,2588,183.55307009782499,,,principal,
MRSAB2,IPCA+,268.56739769673476,341.9767334418065,-73.40933574507176,-1.180839766379351,26.576538843917376,9.915159591357993,7,2026-09-24,ferrovias,78.46153846153847,1400,269.44130358590195,,,principal,
MRSAC1,IPCA+,280.50497426850666,355.63310309929625,-75.12812883078959,-1.2084877379240295,28.09594685203183,10.775127162984665,7,2026-09-24,ferrovias,94.61538461538461,1268,183.689494436305,,,principal,
MRSAC2,IPCA+,280.79883387692803,357.6210355856456,-76.82220170871756,-1.2357380678868142,25.588104948236776,10.489473273807052,7,2026-09-24,ferrovias,93.84615384615384,1077,157.87585083721402,,,principal,
MSGT12,IPCA+,229.4660410782961,246.99315190575814,-17.527110827462053,-0.2819356590649267,8.138583603878999,5.486908238272585,7,2026-09-24,transmissao,47.69230769230769,397,71.179214129011,2044-05-14,13.5,principal,
MSGT13,IPCA+,89.96880112465945,220.11857587788842,-130.14977475322897,-2.0935488389056234,-8.98083596463539,5.074637662835352,7,2026-09-24,transmissao,30.76923076923077,111,161.09479509718201,2044-05-14,12.5,principal,
MSGT23,IPCA+,266.7683124919159,263.9202378520504,2.8480746398655015,0.04581324375483825,5.95898767281858,4.001021400976086,7,2026-09-24,transmissao,94.61538461538461,1308,142.23642996338305,2044-05-14,6.5,principal,
MSGT33,IPCA+,304.9335793233796,284.73538856000346,20.198190763376147,0.3249018210045832,45.58365713084072,21.29614016560108,7,2026-09-24,transmissao,94.61538461538461,1145,85.62785301514698,2044-05-14,2.5,principal,
NEOE16,IPCA+,282.53429833015093,312.6085926064511,-30.07429427630018,-0.4837657535899209,15.417150177755332,7.0041971240591225,7,2026-09-24,energia_diversificada,96.15384615384616,3828,249.10318752432693,,,principal,
NEOE26,IPCA+,288.7898873046923,332.05949686671613,-43.269609562023845,-0.6960214954673001,7.837990186193167,3.260818880615462,7,2026-09-24,energia_diversificada,96.15384615384616,2540,62.64154182435399,,,principal,
NNAE12,IPCA+,347.7700432734648,362.3053494121484,-14.535306138683609,-0.23381041840046585,9.843674383648136,7.271945706346118,7,2026-09-24,aeroportos,48.46153846153846,460,150.32440718795502,,,principal,
NTSD19,IPCA+,229.65590929086324,258.4471987179231,-28.791289427059837,-0.4631277362170114,25.889582432987027,9.811998185620766,7,2026-09-24,oleo_gas,27.692307692307693,169,85.35645585100198,,,principal,
NTSDA1,IPCA+,235.06324032201147,253.6298504236571,-18.566610101645637,-0.298656721415104,18.05232020723676,6.132772851168447,7,2026-09-24,oleo_gas,40.76923076923077,412,649.867824447538,,,principal,
ODYA11,IPCA+,253.38579683638514,250.07043948818009,3.3153573482050547,0.05332980821558985,-24.242781717700865,13.605357951637925,7,2026-09-24,transmissao,6.153846153846154,30,4.798777020508,2044-09-05,13.0,principal,
OMGE12,IPCA+,370.81270320475176,265.60416463702086,105.2085385677309,1.6923518629137386,18.021708145370155,13.473456222231073,7,2026-09-24,geracao,24.615384615384617,176,40.702430572831005,,,principal,
OMGE22,IPCA+,369.6994013907032,270.54367277228926,99.15572861841395,1.5949882426882298,55.546477879062365,22.480479230223974,7,2026-09-24,geracao,6.923076923076923,32,4.521661035317999,,,principal,
OMGE41,IPCA+,375.7123622793511,254.64352176706467,121.06884051228644,1.9474757521688224,8.267200683935584,9.256252708788171,7,2026-09-24,geracao,53.84615384615385,349,147.05463006104205,,,principal,
OMNG12,IPCA+,371.2862160160424,352.7999272397563,18.486288776286074,0.29736469753135386,29.59665893574021,15.016687633748449,7,2026-09-24,energia_diversificada,58.46153846153846,343,13.429041679177997,,,principal,
ONZE21,IPCA+,359.2723469412652,375.8510613751172,-16.578714433851985,-0.266680049345822,57.36142728031888,21.12761235685052,7,2026-09-24,aeroportos,16.153846153846153,348,62.596442899821994,,,principal,
ORVR16,IPCA+,334.91607149322573,309.0636794894525,25.852392003773218,0.4158535453868672,16.97505779897591,10.580045527425115,7,2026-09-24,saneamento,21.53846153846154,102,112.476829779155,,,principal,
PALF38,IPCA+,178.082880241529,259.9558556582625,-81.87297541673351,-1.3169832444692617,23.925898038818247,14.606509820513919,7,2026-09-24,distribuicao,76.15384615384616,393,25.334572585930992,,,principal,
PALFA3,IPCA+,243.84214144326003,292.9722438147162,-49.13010237145616,-0.7902915619339144,25.945984174240692,9.781634852600549,7,2026-09-24,distribuicao,72.3076923076923,2431,89.81974436371202,,,principal,
PALFA7,IPCA+,271.37623722346996,289.508616289624,-18.132379066154044,-0.2916718158945691,43.5050447550141,16.914256227028226,7,2026-09-24,distribuicao,25.384615384615383,113,246.71522707425802,,,principal,
PALFB3,IPCA+,273.0464934973068,298.11364181763497,-25.067148320328158,-0.4032223594716292,36.660407699682224,13.60749492498358,7,2026-09-24,distribuicao,93.07692307692308,873,72.74768702019301,,,principal,
PALFB6,IPCA+,253.43356547658618,288.6581068686286,-35.2245413920424,-0.566611028502482,24.21309159294435,10.879388580350867,7,2026-09-24,distribuicao,76.15384615384616,1152,539.6269518478321,,,principal,
PASN12,IPCA+,386.4701788652396,270.7929251824208,115.67725368281879,1.8607483616059675,8.142380375443224,6.753261164362455,7,2026-09-24,saneamento,74.61538461538461,270,31.692790718790015,,,principal,
PAXA12,IPCA+,420.0952060719956,370.12964489145395,49.96556118054167,0.8037304927582726,16.253834152749164,5.94475068842885,7,2026-09-24,aeroportos,36.15384615384615,514,53.767074449232,,,principal,
PEJA11,IPCA+,287.9911712174083,198.27102056119784,89.72015065621045,1.4432104672396824,-1.1951531980509458,1.8485228151976258,7,2026-09-24,oleo_gas,96.15384615384616,3005,671.4000846985546,,,principal,
PEJA22,IPCA+,300.7943547890655,221.63221236296846,79.16214242609703,1.2733776272426882,25.171446013909247,13.253273105460806,7,2026-09-24,oleo_gas,96.15384615384616,2090,899.9329654825688,,,principal,
PEJA23,IPCA+,314.83841854526395,224.9501363759739,89.88828216929005,1.44591497852031,21.174106831811173,8.861551686769321,7,2026-09-24,oleo_gas,94.61538461538461,7001,474.2761758745802,,,principal,
PETR17,IPCA+,141.09124293703084,197.39963756165417,-56.30839462462333,-0.9057593408097324,8.686404493324517,3.244196770087092,7,2026-09-24,oleo_gas,96.15384615384616,3101,195.98031457541597,,,principal,
PETR18,IPCA+,193.2031223309156,235.3746798334122,-42.1715575024966,-0.6783585712045428,29.678209255621226,11.864444744483615,7,2026-09-24,oleo_gas,96.15384615384616,2855,97.759982282595,,,principal,
PETR26,IPCA+,148.912758283253,190.44560648123206,-41.532848197979064,-0.6680844917802315,-7.219203720131304,3.479637562148025,7,2026-09-24,oleo_gas,96.15384615384616,4375,279.66717878978994,,,principal,
PETR27,IPCA+,186.3375619486126,234.83945198902597,-48.50189004041337,-0.7801863335634889,15.295253870375717,7.6143688863036,7,2026-09-24,oleo_gas,96.15384615384616,6195,178.37497652396604,,,principal,
PETR28,IPCA+,183.93714380611456,257.2212524375228,-73.28410863140826,-1.178825401937255,21.41018189288772,7.4380429825255225,7,2026-09-24,oleo_gas,96.15384615384616,1995,106.26851385901602,,,principal,
PETR38,IPCA+,190.55333553695547,272.881001956138,-82.32766641918252,-1.3242972626613243,5.59377371115707,3.826955030559461,7,2026-09-24,oleo_gas,96.15384615384616,3354,145.84021446951107,,,principal,
PLSB1A,IPCA+,523.6032391994347,331.5277599948831,192.07547920455158,3.0896664802791274,4.727979701291019,5.571136550790079,7,2026-09-24,rodovias,96.15384615384616,4132,447.75733096152123,,,principal,
POTE11,IPCA+,319.64929590889034,298.7156547835788,20.93364112531151,0.33673204702089293,15.554079771825002,4.650711185355903,7,2026-09-24,outros_corporativo,70.76923076923077,400,143.35627492540604,,,principal,
POTE12,IPCA+,324.71270251882123,298.43920392828556,26.273498590535667,0.42262733510293554,-2.5470257416351956,2.75834440003679,7,2026-09-24,outros_corporativo,76.92307692307692,668,45.88689685597999,,,principal,
PRPO12,IPCA+,252.5908235451537,307.97943625296415,-55.38861270781044,-0.8909640146738165,-7.877829358947082,7.967453766905536,7,2026-09-24,geracao,35.38461538461539,117,19.574181472218005,,,principal,
PRSS11,IPCA+,354.5732775989219,373.424818206954,-18.85154060803211,-0.3032400250124035,11.25885528308794,5.073465089156233,7,2026-09-24,aeroportos,34.61538461538461,279,38.18971777339,,,principal,
PRTE12,IPCA+,213.803529308002,239.55819931817535,-25.754670010173356,-0.41428161976022326,111.20054493327221,41.735106431711266,7,2026-09-24,transmissao,23.846153846153847,92,20.000571159746,2043-05-02,15.166666666666666,principal,
PTAZ11,IPCA+,302.1972257534842,289.563774929988,12.633450823496162,0.20321776471031117,11.979212646568158,3.9682345299761974,7,2026-09-24,transmissao,58.46153846153846,261,25.524517292761008,2049-03-22,2.9166666666666665,principal,
QMCT14,IPCA+,357.4058027409632,293.0654942713708,64.3403084695924,1.0349582113894744,-9.364179458027081,9.498965287472757,7,2026-09-24,telecom,63.84615384615385,1259,205.37677986181595,,,principal,
QUAT13,IPCA+,369.93445568071365,379.94705624756966,-10.012600566856008,-0.16105958178500135,12.317563894757257,6.590678358652209,7,2026-09-24,agro_acucar_etanol,77.6923076923077,1077,181.585268243513,,,principal,
RALM11,IPCA+,397.6881936278025,279.8744979791393,117.81369564866321,1.8951145032720857,0.9284927030596464,8.249979978358244,7,2026-09-24,transmissao,96.15384615384616,1407,295.9489102520869,2053-09-29,4.75,principal,
RALM21,IPCA+,405.9866657105439,276.51231527156017,129.47435043898372,2.0826841732422534,-1.579309696846508,9.459844608465708,7,2026-09-24,transmissao,64.61538461538461,624,138.77933449434795,2053-09-29,4.75,principal,
RATL11,IPCA+,273.57454223504976,320.7114148193552,-47.13687258430542,-0.7582290868779751,39.16490309475802,13.922868408914571,7,2026-09-24,outros_corporativo,50.0,169,54.895850920215,,,principal,
RDOE18,IPCA+,247.43022329581345,262.87640512242655,-15.446181826613099,-0.2484624817057451,15.760251573283114,6.172357482779175,7,2026-09-24,outros_corporativo,25.384615384615383,1047,273.077557003544,,,principal,
RDSM12,IPCA+,395.1160812753783,403.10215237170553,-7.986071096327237,-0.1284614583685159,66.34819180910148,32.13518294944489,7,2026-09-24,rodovias,55.38461538461539,1590,105.70358917167701,,,principal,
RDVE11,IPCA+,235.34542638652894,302.42594138785205,-67.0805150013231,-1.0790363222716763,3.704263298403589,3.740456969897186,7,2026-09-24,outros_corporativo,20.76923076923077,73,276.12841199741996,,,principal,
RECV11,IPCA+,273.76237562179017,210.65500553858877,63.1073700832014,1.0151255475822172,14.393320005787075,7.445648939842574,7,2026-09-24,oleo_gas,78.46153846153847,1186,319.64607256898296,,,principal,
RECV14,IPCA+,263.96365264405983,221.00243474104605,42.96121790301379,0.691060803058321,14.340876166846499,7.3688865334979345,7,2026-09-24,oleo_gas,22.307692307692307,128,177.76208674108602,,,principal,
RECV24,IPCA+,277.42681800200614,240.78116716937294,36.64565083263321,0.5894705534225042,81.0373083858955,27.91078869064554,7,2026-09-24,oleo_gas,7.6923076923076925,63,46.18583032642599,,,principal,
RENTD1,IPCA+,170.2519818634122,190.36123267078358,-20.10925080737138,-0.32347116050609875,-6.042664564546158,3.7637214447527754,7,2026-09-24,locacao,93.07692307692308,740,166.317818196576,,,principal,
RIGEA3,IPCA+,215.21995998185903,258.07632560067805,-42.85636561881901,-0.6893741817925617,6.936230536364889,4.221817638754917,7,2026-09-24,distribuicao,79.23076923076923,1102,304.5682140704709,,,principal,
RIPR22,IPCA+,222.74886117386518,268.82525349560416,-46.07639232173898,-0.7411705308675027,11.122171196983743,11.199711312917985,7,2026-09-24,geracao,65.38461538461539,585,486.28285333560376,,,principal,
RLMS13,IPCA+,390.7106125607612,406.7199722715292,-16.009359710767967,-0.25752158616985404,17.073053600794537,7.035503902187476,7,2026-09-24,rodovias,20.76923076923077,128,180.52431639089403,,,principal,
ROTY13,IPCA+,242.3700040338541,266.2882678486691,-23.918263814814992,-0.3847417602764771,16.51322704906559,7.135637354420517,7,2026-09-24,outros_corporativo,60.76923076923077,777,816.5882597515819,,,principal,
RPTA14,IPCA+,418.456305822128,355.6022697883368,62.8540360337912,1.0110504947747605,31.480096223995417,12.94244795156407,7,2026-09-24,rodovias,80.76923076923077,1466,840.8008200932218,,,principal,
RRRP13,IPCA+,406.6215543781503,335.6604283687771,70.96112600937317,1.1414586252341794,31.43106307750304,14.222374302973028,7,2026-09-24,energia_diversificada,96.15384615384616,2072,276.9054883599449,,,principal,
RSAN16,IPCA+,447.33297317874093,288.8808193379943,158.45215384074663,2.5488121153061027,-7.449937927153542,14.438473797134877,7,2026-09-24,saneamento,74.61538461538461,508,497.56663890767675,,,principal,
RSAN26,IPCA+,493.37945633063885,311.3174748869784,182.06198144366044,2.928592466509637,16.77731546605804,8.32920663427569,7,2026-09-24,saneamento,94.61538461538461,2200,245.556148269112,,,principal,
RSAN34,IPCA+,332.2635755182833,260.47835751495745,71.78521800332584,1.154714713002001,-9.639092157103676,20.201147814124912,7,2026-09-24,saneamento,61.53846153846154,306,13.735461725587,,,principal,
RSAN44,IPCA+,431.222425931876,265.4151337554245,165.80729217645148,2.6671245853192183,-19.04897402901048,11.743479377553582,7,2026-09-24,saneamento,82.3076923076923,582,60.70527356988302,,,principal,
RUMOA2,IPCA+,391.1981574352161,297.0702433843,94.1279140509161,1.5141123797067095,16.904413702650288,6.777573840616931,7,2026-09-24,ferrovias,96.15384615384616,1921,186.07161641983097,,,principal,
RUMOA3,IPCA+,361.7535165731539,298.8318005166605,62.92171605649338,1.0121391745916402,11.646369635713143,6.110254197884935,7,2026-09-24,ferrovias,96.15384615384616,1749,252.85872021789007,,,principal,
RUMOA4,IPCA+,368.06468049472016,303.4784261835202,64.58625431119998,1.0389144197817477,17.06314585472893,6.883611216044196,7,2026-09-24,ferrovias,96.15384615384616,2046,169.69475029994,,,principal,
RUMOA5,IPCA+,386.65204183733243,316.5305377270819,70.12150411025056,1.127952728236964,41.720959551905196,14.83313260345701,7,2026-09-24,ferrovias,96.15384615384616,1409,67.57320147859501,,,principal,
RUMOA6,IPCA+,381.352315631973,313.53023265804404,67.82208297392896,1.0909649542724784,32.210777812257675,11.63398977009126,7,2026-09-24,ferrovias,96.15384615384616,2516,125.89339929316304,,,principal,
RUMOA7,IPCA+,350.45244275208665,295.65012917456477,54.802313577521886,0.8815329890282149,43.66599257402066,16.30022145742465,7,2026-09-24,ferrovias,0.0,0,0.0,,,principal,
RUMOB3,IPCA+,369.5327726406368,311.2868319284704,58.24594071216637,0.9369261051748105,32.64676283272672,13.175679559721974,7,2026-09-24,ferrovias,95.38461538461539,990,51.94775713334396,,,principal,
RUMOB5,IPCA+,400.77634830200685,344.22839553990434,56.54795276210251,0.9096127985780678,40.67316072682843,14.212480529137817,7,2026-09-24,ferrovias,96.15384615384616,2745,104.89123787861097,,,principal,
RUMOB6,IPCA+,405.4504770698826,355.80283878805886,49.64763828182373,0.7986164837887263,62.874130041550586,22.566190642939898,7,2026-09-24,ferrovias,94.61538461538461,2052,27.663192425605008,,,principal,
RUMOB7,IPCA+,383.7382151016687,327.1335418684403,56.60467323322837,0.9105251864534435,33.81525900609057,13.526927106106077,7,2026-09-24,ferrovias,55.38461538461539,266,129.07880336688694,,,principal,
SAELA1,IPCA+,257.43207848587116,275.9113163726179,-18.479237886746716,-0.29725127911294813,1.4188537307670686,1.0766720695797205,7,2026-09-24,distribuicao,33.07692307692308,99,9.148424517134,,,principal,
SAELA3,IPCA+,281.83088143642516,284.76931125081387,-2.938429814388712,-0.047266669018699414,17.909444880326873,5.811832228501444,7,2026-09-24,distribuicao,53.84615384615385,278,22.894139180537014,,,principal,
SAELA7,IPCA+,319.1800612630133,305.6752589358332,13.504802327180073,0.2172340542680529,14.10139579985082,4.28595288908677,7,2026-09-24,distribuicao,86.15384615384616,2288,219.71402645046004,,,principal,
SAELB3,IPCA+,339.06792470048146,315.83949819997156,23.228426500509897,0.37364525157228995,39.834160081858954,14.641637238699959,7,2026-09-24,distribuicao,33.07692307692308,163,20.336096551441,,,principal,
SAELB7,IPCA+,342.2198539252884,325.2895252460791,16.93032867920931,0.2723360068494461,41.01596181834151,15.617642360790848,7,2026-09-24,distribuicao,86.15384615384616,817,159.1045846599251,,,principal,
SAELB8,IPCA+,316.03210978368406,303.42615675272043,12.605953030963633,0.20277544376324771,21.978240008995215,8.571805800975307,7,2026-09-24,distribuicao,12.307692307692308,123,289.01527349581903,,,principal,
SAPR10,IPCA+,345.9274021434343,248.27254529979913,97.65485684363514,1.5708456856427637,49.600268054939136,26.96929194766098,7,2026-09-24,saneamento,72.3076923076923,439,114.197416256274,,,principal,
SAPRA2,IPCA+,199.31054403949122,269.9297548570005,-70.61921081750927,-1.1359586836915367,-1.5244201669547977,4.433309786735041,7,2026-09-24,saneamento,66.92307692307692,305,32.03074300860899,,,principal,
SAPRA3,IPCA+,197.57558453783025,285.86500212291935,-88.2894175850891,-1.4201961395890257,14.687032277255327,6.318720685548147,7,2026-09-24,saneamento,48.46153846153846,291,40.64013762491001,,,principal,
SAPRB3,IPCA+,206.544663872422,288.8041557889744,-82.2594919165524,-1.3232006287939597,16.22410690856168,6.991847420847097,7,2026-09-24,saneamento,78.46153846153847,503,65.07424260555199,,,principal,
SAVI13,IPCA+,292.2578012195736,279.92983043232334,12.327970787250251,0.19830390776046958,-0.7033371431020328,2.940450596389427,7,2026-09-24,geracao,16.923076923076923,32,1.975586373768,,,principal,
SBSPB6,IPCA+,271.0944220766163,256.11811093136794,14.97631114524836,0.24090428791499832,11.989450832165687,5.886650509909277,7,2026-09-24,saneamento,94.61538461538461,1179,223.75959523548104,,,principal,
SBSPC6,IPCA+,219.42030705258304,275.0279711856793,-55.60766413309625,-0.8944876078412826,35.50120009055439,13.36340385511007,7,2026-09-24,saneamento,88.46153846153847,1005,147.31611962544207,,,principal,
SBSPD4,IPCA+,236.54364613889942,270.3525758188809,-33.808929679981475,-0.5438399383354372,26.919894553336093,9.82598517554596,7,2026-09-24,saneamento,90.0,621,76.068658009634,,,principal,
SBSPE3,IPCA+,244.32353994755664,298.86994537920793,-54.546405431651294,-0.877416530104873,22.748073606386754,9.88279781136649,7,2026-09-24,saneamento,96.15384615384616,3871,196.08964261806688,,,principal,
SBSPE9,IPCA+,233.82160247885233,283.2721134635895,-49.45051098473718,-0.7954455553356063,26.59558990520381,8.894171222139413,7,2026-09-24,saneamento,96.15384615384616,1769,112.88710164007703,,,principal,
SBSPF3,IPCA+,276.816029174727,316.964233156346,-40.14820398161896,-0.6458115351273722,21.14978678471104,8.150018151652196,7,2026-09-24,saneamento,96.15384615384616,2198,264.446388327819,,,principal,
SBSPF9,IPCA+,268.48391480609916,322.66054508288914,-54.17663027678998,-0.8714684418535957,38.32041676814734,14.309288302586836,7,2026-09-24,saneamento,68.46153846153847,289,16.466256974827,,,principal,
SBSPI8,IPCA+,252.35922053532985,305.64286701839757,-53.28364648306771,-0.8571041819994895,10.950833873531735,3.6424446801089294,7,2026-09-24,saneamento,90.76923076923077,3650,941.993935403091,,,principal,
SBSPJ8,IPCA+,269.4259023011506,315.84306069735015,-46.41715839619957,-0.7466519880646286,18.42733900675961,6.041228063628781,7,2026-09-24,saneamento,86.92307692307692,2043,589.111793409508,,,principal,
SBSPK8,IPCA+,261.19591264807764,325.2055392122077,-64.00962656413009,-1.0296389650016848,32.887066412258264,10.838758634754228,7,2026-09-24,saneamento,89.23076923076923,1343,215.4827965246561,,,principal,
SERI11,IPCA+,330.0760089811504,310.15758707643687,19.91842190471351,0.3204015460688359,-19.389746679737982,12.163370374348029,7,2026-09-24,outros_corporativo,63.84615384615385,304,169.12783969592905,,,principal,
SMTO14,IPCA+,340.93328043306076,381.896774138528,-40.963493705467215,-0.6589260323131758,10.781081517662471,4.778711462768882,7,2026-09-24,agro_acucar_etanol,95.38461538461539,2351,95.06778134345001,,,principal,
SMTO15,IPCA+,306.6308749578298,356.2874612312533,-49.6565862734235,-0.7987604184014426,-2.476901707380307,2.984206965796197,7,2026-09-24,agro_acucar_etanol,0.7692307692307693,1,599.831051,,,principal,
SMTO24,IPCA+,379.19178837678953,405.5685576020467,-26.376769225257192,-0.4242885144466895,25.374814902906508,8.43938556107547,7,2026-09-24,agro_acucar_etanol,96.15384615384616,1538,72.607384286889,,,principal,
SPRZ11,IPCA+,251.24129347048378,243.92580390579417,7.315489564689614,0.11767469220151053,5.421990167540372,2.6728394529612194,7,2026-09-24,transmissao,15.384615384615385,57,6.105214589507999,2044-09-05,14.0,principal,
SRBS11,IPCA+,260.2449076544857,306.3722621405902,-46.12735448610448,-0.7419902924094478,17.287334232243126,7.189117774208092,7,2026-09-24,outros_corporativo,90.0,1850,1090.125295504779,,,principal,
SRNA11,IPCA+,430.22917506339786,325.3911998829604,104.83797518043747,1.6863910954004637,13.130882163249623,5.763615668597256,7,2026-09-24,geracao,11.538461538461538,73,16.948960541664,,,principal,
SRTI11,IPCA+,268.24378963330696,308.0639211424023,-39.82013150909535,-0.640534263267079,5.8829082128957,2.887192411899713,7,2026-09-24,geracao,28.46153846153846,98,3.9303380331680002,,,principal,
STBP35,IPCA+,236.91532178934654,248.89474016173205,-11.97941837238551,-0.19269720191083284,15.957546051472576,8.359397918990052,7,2026-09-24,portos,96.15384615384616,3466,151.82131998276702,,,principal,
STBP45,IPCA+,269.4438203058302,272.3293097683297,-2.8854894624995495,-0.04641508696687522,25.683019604444695,10.909039215577277,7,2026-09-24,portos,95.38461538461539,5362,209.899514838005,,,principal,
STRZ11,IPCA+,310.739757738679,317.35957666706145,-6.619818928382472,-0.10648435049202233,19.7497992398242,6.452377450912927,7,2026-09-24,geracao,20.76923076923077,144,254.67789216218597,,,principal,
TAEE17,IPCA+,251.03798824674095,264.55921200663977,-13.521223759898817,-0.2174982043325972,17.934176642574045,7.271558530771426,7,2026-09-24,transmissao,96.15384615384616,2834,77.29931435629705,2053-03-30,8.5,principal,
TAEE18,IPCA+,227.676006339508,268.96072849466043,-41.28472215515242,-0.6640932133485409,5.833662140771594,4.030393103112972,7,2026-09-24,transmissao,57.69230769230769,1157,106.72531905491901,2053-03-30,13.25,principal,
TAEE26,IPCA+,242.5362277046462,305.31573719119024,-62.77950948654404,-1.0098516838912783,20.098287586410862,8.177466941078832,7,2026-09-24,transmissao,83.07692307692308,411,39.963071159044986,2053-03-30,8.833333333333334,principal,
TAEEA2,IPCA+,233.69896100556474,260.2278161078035,-26.528855102238765,-0.42673492061045293,17.92639113855938,6.479287390238855,7,2026-09-24,transmissao,24.615384615384617,79,13.976736291118002,2053-03-30,16.833333333333332,principal,
TAEEA4,IPCA+,226.3955194977225,246.17938599703717,-19.783866499314684,-0.31823712962420275,7.168570615052346,5.814764409383136,7,2026-09-24,transmissao,96.15384615384616,1581,44.43234401491798,2053-03-30,19.5,principal,
TAEEA7,IPCA+,252.5419696561964,262.1027854104815,-9.560815754285102,-0.15379231166035942,29.847444690224023,11.033490935517733,7,2026-09-24,transmissao,90.76923076923077,1087,330.0753460864339,2053-03-30,13.166666666666666,principal,
TAEEA8,IPCA+,211.6380787687603,224.99595685906155,-13.357878090301256,-0.21487067664325135,13.926843572304733,5.262143386693464,7,2026-09-24,transmissao,53.84615384615385,261,692.6995123744758,2053-03-30,20.666666666666668,principal,
TAEEB0,IPCA+,229.0295233766388,303.6989381379343,-74.66941476129551,-1.2011090059254543,22.468619788107702,8.24427947387546,7,2026-09-24,transmissao,90.0,683,76.83718425426899,2053-03-30,12.25,principal,
TAEEB2,IPCA+,201.07892950068478,204.60035626663372,-3.521426765948945,-0.056644576843270296,19.272473034060994,7.95974570279251,7,2026-09-24,transmissao,96.15384615384616,1735,92.82940494956902,2053-03-30,23.916666666666668,principal,
TAEEB4,IPCA+,244.4989046398597,266.36307200759705,-21.864167367737366,-0.3517002030403372,20.251145566678304,9.938012329257202,7,2026-09-24,transmissao,61.53846153846154,259,15.426526715414001,2053-03-30,17.5,principal,
TAEEB8,IPCA+,216.70283954398093,244.08308760445522,-27.380248060474287,-0.4404301632072687,10.15199070914906,5.046665564910126,7,2026-09-24,transmissao,73.07692307692308,565,319.01113616203276,2053-03-30,17.666666666666668,principal,
TAEEC2,IPCA+,204.82292116881538,228.00688375125716,-23.18396258244178,-0.37293001880126747,14.447084329711885,5.280764330630487,7,2026-09-24,transmissao,92.3076923076923,670,36.657841410955996,2053-03-30,20.916666666666668,principal,
TAEEC4,IPCA+,254.80713361733055,269.26391781458995,-14.456784197259395,-0.23254733884762782,29.862792389631636,10.980200179807998,7,2026-09-24,transmissao,96.15384615384616,880,28.350800703022998,2053-03-30,14.5,principal,
TAEED2,IPCA+,237.84628184289036,261.894134650482,-24.047852807591624,-0.3868262885507432,12.459957355819284,5.772584669118752,7,2026-09-24,transmissao,94.61538461538461,865,34.559337205663,2053-03-30,15.916666666666666,principal,
TBEG11,IPCA+,375.48683727760283,320.27554117839304,55.21129609920979,0.8881117548004634,5.427589130001138,2.3771973579177743,7,2026-09-24,geracao,69.23076923076923,321,29.830448746886994,,,principal,
TCII11,IPCA+,307.16083861896425,292.8777381110726,14.283100507891675,0.22975351698430097,9.937569252809737,4.015918713909781,7,2026-09-24,outros_corporativo,32.30769230769231,180,33.592618179217006,,,principal,
TIET18,IPCA+,268.89161136938907,292.3049376562898,-23.413326286900713,-0.3766194920874683,21.26443052996072,7.883544288471641,7,2026-09-24,geracao,50.76923076923077,215,33.694472408621,,,principal,
TIET29,IPCA+,300.81875869195494,254.07503144830406,46.74372724365088,0.7519050730791879,18.103370562931048,7.39551751563949,7,2026-09-24,geracao,93.84615384615384,1323,237.204830096987,,,principal,
TIET39,IPCA+,302.80121094020086,263.10506542715746,39.696145513043405,0.6385398630572648,15.297847508254677,6.589731901350304,7,2026-09-24,geracao,76.92307692307692,337,56.28957267474798,,,principal,
TIMS12,IPCA+,22.815608309578668,249.00876047522078,-226.19315216564212,-3.6384727671073787,22.22021114125769,9.373803194017805,7,2026-09-24,telecom,87.6923076923077,1735,591.6739948152964,,,principal,
TNHL11,IPCA+,306.2946800102256,293.95981383630044,12.33486617392515,0.19841482480811265,12.949049888394029,5.113835652205185,7,2026-09-24,outros_corporativo,21.53846153846154,161,27.454066587956,,,principal,
TPEN11,IPCA+,231.1340823738132,197.8119852060163,33.3220971677969,0.5360089018041947,31.52707446552452,12.980320834661496,7,2026-09-24,transmissao,40.0,366,68.934812724407,2047-02-10,18.416666666666668,principal,
TPNO12,IPCA+,236.9251554175538,242.29690418276033,-5.371748765206519,-0.08640828162487323,19.096791009295117,14.560668020505581,7,2026-09-24,transmissao,32.30769230769231,96,31.034148372894006,2042-05-10,12.916666666666666,principal,
TPNO13,IPCA+,249.6202585193432,274.81575350777337,-25.19549498843017,-0.40528690409717194,31.158086780815466,18.115362448810725,7,2026-09-24,transmissao,39.23076923076923,155,14.384023889460002,2042-05-10,3.4166666666666665,principal,
TRCC11,IPCA+,234.52706421362691,202.57859742284063,31.948466790786284,0.513913110349091,17.646299617912348,9.49273171509689,7,2026-09-24,transmissao,46.15384615384615,371,305.906275540613,2047-02-10,18.416666666666668,principal,
TRGO11,IPCA+,252.0405047130426,235.5334220113168,16.507082701725807,0.2655278035589515,-18.175680213824705,9.12499115782454,7,2026-09-24,transmissao,23.076923076923077,83,16.045923971,2046-06-27,14.5,principal,
TRPLA4,IPCA+,235.11634727723794,233.6040480773176,1.512299199920335,0.02432637505577067,22.221875693418923,9.804565355121067,7,2026-09-24,transmissao,96.15384615384616,2190,367.73893873822504,2053-09-29,19.916666666666668,principal,
TRPLA7,IPCA+,239.88665861734947,271.0493337494469,-31.162675132097405,-0.5012731098743378,20.796119854872558,7.17556076363342,7,2026-09-24,transmissao,96.15384615384616,4141,122.17965697607008,2053-09-29,16.916666666666668,principal,
TRPLB4,IPCA+,258.37861726148,257.44050946284256,0.938107798637418,0.015090110577059999,35.277658246525135,12.598962016232399,7,2026-09-24,transmissao,96.15384615384616,2360,168.66954983804013,2053-09-29,14.916666666666666,principal,
TRPLB7,IPCA+,267.5166441413051,265.281480896152,2.235163245153103,0.035954141492194246,30.374556776376238,12.2751253261493,7,2026-09-24,transmissao,94.61538461538461,2987,225.271240515712,2053-09-29,13.916666666666666,principal,
TRRG12,IPCA+,246.89063560859793,273.02737576703055,-26.136740158432616,-0.4204274814552227,18.149531637073466,10.479321609916282,7,2026-09-24,outros_corporativo,85.38461538461539,957,196.052085912646,,,principal,
TSSG21,IPCA+,228.3483259575881,258.9982447642272,-30.649918806639107,-0.49302507093735076,17.673646080637866,7.6188974009062616,7,2026-09-24,distribuicao_gas,50.76923076923077,693,264.022755042298,,,principal,
TVVH11,IPCA+,292.27742693093603,298.27007552894696,-5.9926485980109305,-0.09639588342064292,1.4249737163623877,2.5534097361015498,7,2026-09-24,outros_corporativo,58.46153846153846,405,15.686573686057995,,,principal,
UHSM12,IPCA+,253.96119115137762,304.7207897797533,-50.7595986283757,-0.8165031324352328,35.79061767615576,16.255376756571415,7,2026-09-24,geracao,96.15384615384616,1839,337.898768618296,,,principal,
ULFT14,IPCA+,286.5130848826022,302.21504064565966,-15.70195576305747,-0.2525767817779559,33.61421782932126,11.161658175440742,7,2026-09-24,quimica,46.15384615384615,315,354.08046361102487,,,principal,
UNEG11,IPCA+,424.41101349029145,326.1625448702872,98.24846862000425,1.5803943402411647,50.27723833467638,19.84425931550698,7,2026-09-24,geracao,95.38461538461539,4729,526.7862095177661,,,principal,
UNTE11,IPCA+,223.61780512330196,262.791943612807,-39.174138489505054,-0.630143020265171,37.11276790180065,18.290799237767573,7,2026-09-24,telecom,21.53846153846154,76,11.965189449735,,,principal,
USAS11,IPCA+,248.73088378824258,388.1687901812519,-139.4379063930093,-2.242954838623516,2.0004951906954602,15.055729701848067,7,2026-09-24,agro_acucar_etanol,56.92307692307692,273,87.45066098524102,,,principal,
USAS12,IPCA+,370.4854880142405,384.69222039213696,-14.206732377896458,-0.2285250829729166,6.10146021041561,5.960452600978995,7,2026-09-24,agro_acucar_etanol,30.0,293,68.486941234238,,,principal,
USAS22,IPCA+,411.90539139947595,398.2589289255612,13.646462473914767,0.21951275537435858,-8.057109546028414,9.515417741464386,7,2026-09-24,agro_acucar_etanol,22.307692307692307,197,77.60082633995599,,,principal,
USNA12,IPCA+,426.5041740450194,395.95910152455656,30.54507252046284,0.4913385461538536,-84.6192202989206,34.927263453158865,7,2026-09-24,agro_acucar_etanol,21.53846153846154,203,15.851085902432002,,,principal,
UTPS11,IPCA+,267.2978194755842,294.21230653153145,-26.914487055947234,-0.43293807640124876,91.64427988077608,39.05493385587613,7,2026-09-24,geracao,43.84615384615385,131,12.817264485367003,,,principal,
UTPS12,IPCA+,314.7559001221604,295.6623494891218,19.093550633038603,0.30713292308169726,122.2418001557921,39.51253544690582,7,2026-09-24,geracao,82.3076923076923,402,23.104917241664996,,,principal,
UTPS21,IPCA+,338.432250047334,330.0037759165741,8.428474130759867,0.13557781612496125,3.8492483915991897,4.100458387879927,7,2026-09-24,geracao,89.23076923076923,491,58.27089252601198,,,principal,
UTPS22,IPCA+,332.2507170467183,327.0496811820321,5.201035864686219,0.08366224694791641,-6.751743206874096,5.37193617665559,7,2026-09-24,geracao,93.84615384615384,958,98.40492469813199,,,principal,
VALEA0,IPCA+,188.1455045862835,180.36186530016394,7.783639286119552,0.1252052031654515,23.628451073992295,8.506908302573317,7,2026-09-24,mineracao_siderurgia,96.15384615384616,3019,343.9712578604217,,,principal,
VALEB0,IPCA+,209.61060575943137,194.84316226263132,14.767443496800041,0.23754450781762187,39.92986205323817,13.345811239092999,7,2026-09-24,mineracao_siderurgia,96.15384615384616,3074,133.707397933152,,,principal,
VALEB1,IPCA+,154.5760818599829,169.0516488252421,-14.47556696525919,-0.2328494726178319,18.175012459322033,8.073369955683395,7,2026-09-24,mineracao_siderurgia,93.84615384615384,1311,1102.023955195041,,,principal,
VALEC0,IPCA+,193.10464582534388,212.03163487437985,-18.926989049035967,-0.3044536651924219,13.836013051411186,5.529400627685332,7,2026-09-24,mineracao_siderurgia,96.15384615384616,1866,95.77418834478398,,,principal,
VALEC1,IPCA+,190.5425364737539,186.71224668364601,3.8302897901078836,0.061612851485580294,4.432920693346205,2.01262353697992,7,2026-09-24,mineracao_siderurgia,96.15384615384616,5900,746.0238316018417,,,principal,
VALED1,IPCA+,203.40041746416577,196.3792340229718,7.021183441193983,0.11294057534041466,24.53340679945154,8.367491899599518,7,2026-09-24,mineracao_siderurgia,96.15384615384616,3951,325.18765869968513,,,principal,
VBBRA0,IPCA+,305.120305388101,293.4934009536276,11.626904434473374,0.18702677223230826,30.658896013941046,11.840050634201035,7,2026-09-24,varejo,80.0,2286,973.664441871886,,,principal,
VDBF12,IPCA+,287.454489384626,313.63074962859514,-26.176260243969125,-0.4210631892721996,5.049076991760103,2.9358960567934065,7,2026-09-24,geracao,23.846153846153847,60,9.053490478193998,,,principal,
VIALA5,IPCA+,250.81536836855398,341.60357664700825,-90.78820827845428,-1.4603909103036254,44.47830120675593,15.804917978243266,7,2026-09-24,rodovias,62.30769230769231,1679,1485.1482136135533,,,principal,
VLIM13,IPCA+,237.4733337846637,299.7620417517225,-62.2887079670588,-1.0019568031417752,43.43505281581852,15.841071720394385,7,2026-09-24,ferrovias,95.38461538461539,2004,227.375464191018,,,principal,
VLIM14,IPCA+,224.30110670891895,304.0386635763752,-79.73755686745625,-1.2826335651640655,23.20227132856374,8.953973665740298,7,2026-09-24,ferrovias,81.53846153846153,2938,475.6823010053759,,,principal,
VLIM15,IPCA+,246.78956396305676,316.24445432813314,-69.45489036507638,-1.117229786650211,24.493429958656037,7.859953138471735,7,2026-09-24,ferrovias,88.46153846153847,1250,374.8589731791289,,,principal,
VLIM16,IPCA+,262.17948995121594,330.15699683677826,-67.97750688556232,-1.093465055024517,11.420803378822825,4.338354195285753,7,2026-09-24,ferrovias,28.46153846153846,198,188.92404061711204,,,principal,
VLIM17,IPCA+,265.3572912976599,332.66567450404193,-67.30838320638202,-1.0827017394191827,23.88143024626089,8.948151571910248,7,2026-09-24,ferrovias,56.92307692307692,500,403.72554157666934,,,principal,
VLIM18,IPCA+,282.39543627725,336.2002649670659,-53.804828689815906,-0.8654877570449689,31.53231798292191,11.752680307350156,7,2026-09-24,ferrovias,66.92307692307692,893,304.173941417182,,,principal,
VLIM19,IPCA+,299.6855895382385,350.6115624531176,-50.92597291487908,-0.8191793775151288,44.29008385827214,16.467497128393717,7,2026-09-24,ferrovias,43.07692307692308,404,540.011532337651,,,principal,
VLIM26,IPCA+,288.6449280826379,337.1198569724365,-48.474928889798605,-0.7797526448715789,33.057356338437586,11.254018465482982,7,2026-09-24,ferrovias,0.0,0,0.0,,,principal,
VLIM27,IPCA+,293.41376865722907,347.79226334354337,-54.3784946863143,-0.87471557002556,33.65888435169069,11.762892283006998,7,2026-09-24,ferrovias,80.0,617,154.56265496390495,,,principal,
VLIM28,IPCA+,300.37456127218513,345.24938460844555,-44.87482333626042,-0.7218424654967923,38.63707499299335,13.071756554732115,7,2026-09-24,ferrovias,44.61538461538461,362,162.42388023823003,,,principal,
VLIM29,IPCA+,297.40604830305585,367.7028903154094,-70.29684201235352,-1.130773159252383,36.16272237215168,13.139925598803586,7,2026-09-24,ferrovias,79.23076923076923,1618,204.9980733736579,,,principal,
VPLT12,IPCA+,393.59867052259955,315.7549943862335,77.84367613636607,1.2521691881559815,60.80161984871563,19.40099517367013,7,2026-09-24,rodovias,73.07692307692308,999,12.258845568046002,,,principal,
VRDN12,IPCA+,404.03485953349735,348.0842099942778,55.95064953921957,0.9000047645179847,34.27917993578194,11.062438381742774,7,2026-09-24,rodovias,84.61538461538461,490,101.25465165558698,,,principal,
WNTY12,IPCA+,450.9765756186106,277.03590012818904,173.94067549042154,2.7979556622505593,7.545070690883904,5.342510225631331,7,2026-09-24,outros_corporativo,16.923076923076923,93,183.70134401462795,,,principal,
XNGU17,IPCA+,240.76437567593499,253.24025539885645,-12.475879722921462,-0.20068312494409782,48.177229780050766,16.546868721919164,7,2026-09-24,transmissao,36.15384615384615,212,14.507294516250997,2045-10-22,10.833333333333334,principal,
ARTR19,IPCA+,638.5041673697392,746.847210306244,-108.34304293650484,-0.38235580174145,51.64271261639942,19.311165544260756,7,2026-09-24,rodovias,,,,,,high_yield,Z-spread de mercado 354 bps
ASAB11,IPCA+,372.96357041045627,588.7088591949778,-215.7452887845215,-0.7613914159074436,6.641537809030638,3.0931758381380834,7,2026-09-24,energia_diversificada,,,,,,high_yield,Z-spread de mercado 373 bps
BTEL23,IPCA+,557.1596961017235,1018.3916728685085,-461.231976766785,-1.6277438540175744,55.47932670498665,23.048508853425055,7,2026-09-24,telecom,,,,,,high_yield,evento de crédito negativo: 2025-11-11: Decisão da Recuperação Judicial da Oi
BTEL33,IPCA+,587.5570950448533,1018.3916728685085,-430.8345778236552,-1.5204677287700434,9.527829279530579,4.000158008281908,7,2026-09-24,telecom,,,,,,high_yield,evento de crédito negativo: 2025-11-11: Decisão da Recuperação Judicial da Oi
CCLS11,IPCA+,963.8014420740212,887.5055196232317,76.29592245078948,0.26925760812691646,83.96448997520429,44.524448612523784,7,2026-09-24,saneamento,,,,,,high_yield,Z-spread de mercado 620 bps
CEAM11,IPCA+,803.1688947098309,887.5055196232317,-84.3366249134009,-0.29763422699720254,169.00743455871225,62.738385615204216,7,2026-09-24,saneamento,,,,,,high_yield,Z-spread de mercado 485 bps
CGEE13,IPCA+,1045.7191120951825,955.3465313349534,90.37258076022908,0.31893585075206177,35.84580405917632,15.406279820293982,7,2026-09-24,geracao,,,,,,high_yield,Z-spread de mercado 690 bps
CGEE23,IPCA+,1066.931488548041,955.3465313349534,111.58495721308759,0.3937969122992022,58.784963196442845,24.360898699726786,7,2026-09-24,geracao,,,,,,high_yield,Z-spread de mercado 708 bps
CMGTA1,IPCA+,291.73727434598817,286.06357237548417,5.673701970503998,0.020023185679263932,34.00568101067989,12.185431887557305,7,2026-09-24,integrada_gt,,,,,,high_yield,"evento de crédito negativo: 2026-04-27: Cemig (CMIG4) anuncia repactuação de R$ 14,2 mi em UBP"
CMGTB1,IPCA+,286.06357237548417,286.06357237548417,0.0,0.0,11.221303438746077,4.5315773165234825,7,2026-09-24,integrada_gt,,,,,,high_yield,"evento de crédito negativo: 2026-04-27: Cemig (CMIG4) anuncia repactuação de R$ 14,2 mi em UBP"
CMIN11,IPCA+,1123.7387674725667,1106.9058442381324,16.832923234434247,0.0594054374375136,158.70373818959956,59.8072371397495,7,2026-09-24,mineracao_siderurgia,,,,,,high_yield,Z-spread de mercado 755 bps
CMIN12,IPCA+,1133.6306060983852,1106.9058442381324,26.724761860252784,0.09431494141635674,88.99557147818496,36.723392705927395,7,2026-09-24,mineracao_siderurgia,,,,,,high_yield,Z-spread de mercado 763 bps
CMIN21,IPCA+,1051.5049953962778,1106.9058442381324,-55.40084884185467,-0.19551634698407505,226.37805018076472,89.37650180995635,7,2026-09-24,mineracao_siderurgia,,,,,,high_yield,Z-spread de mercado 693 bps
CMIN22,IPCA+,1090.0729210036982,1106.9058442381324,-16.832923234434247,-0.0594054374375136,184.10486269121213,64.80939406891616,7,2026-09-24,mineracao_siderurgia,,,,,,high_yield,Z-spread de mercado 726 bps
CMTR29,IPCA+,204.1164993257085,286.06357237548417,-81.94707304977567,-0.2892012072678725,7.633423611726897,2.945549621027532,7,2026-09-24,integrada_gt,,,,,,high_yield,"evento de crédito negativo: 2026-04-27: Cemig (CMIG4) anuncia repactuação de R$ 14,2 mi em UBP"
CONX12,IPCA+,1073.488351018749,1018.3916728685085,55.09667815024045,0.19444289154562513,101.95440138351273,36.06884397308743,7,2026-09-24,telecom,,,,,,high_yield,Z-spread de mercado 719 bps
CSAN33,IPCA+,254.96335610738754,612.8915501474435,-357.9281940400559,-1.2631722156655707,3.7181204138696273,2.5197025309224133,7,2026-09-24,agro_acucar_etanol,,,,,,high_yield,evento de crédito negativo: 2026-03-11: Pedido de recuperação extrajudicial da Raízen
CYAR11,IPCA+,817.2756193965855,887.5055196232317,-70.22990022664624,-0.2478498764624751,180.77445969457347,65.87324223333744,7,2026-09-24,saneamento,,,,,,high_yield,Z-spread de mercado 497 bps
ELPLA5,IPCA+,720.2992809604885,746.847210306244,-26.547929345755506,-0.09369087792301192,-14.00419507750803,12.654839458523956,7,2026-09-24,distribuicao,,,,,,high_yield,Z-spread de mercado 414 bps
ELPLA7,IPCA+,716.0395383836396,746.847210306244,-30.807671922604413,-0.1087240285899891,-29.19638806194996,14.180507624501173,7,2026-09-24,distribuicao,,,,,,high_yield,Z-spread de mercado 409 bps
GSTS24,IPCA+,623.2227952131483,887.5055196232317,-264.28272441008346,-0.9326859412417757,56.93091715383923,20.045271834252375,7,2026-09-24,saneamento,,,,,,high_yield,Z-spread de mercado 329 bps
HGLB23,IPCA+,766.7068046347378,1018.3916728685085,-251.68486823377077,-0.8882265715585699,17.609392622194264,6.960781244968943,7,2026-09-24,telecom,,,,,,high_yield,Z-spread de mercado 452 bps
IGSN15,IPCA+,748.4125356243693,887.5055196232317,-139.09298399886245,-0.49087609109026026,1.537043946273684,3.6466525919616486,7,2026-09-24,saneamento,,,,,,high_yield,Z-spread de mercado 438 bps
IRJS14,IPCA+,745.2818849881188,887.5055196232317,-142.22363463511294,-0.501924538702143,26.652424153582956,10.589234308853369,7,2026-09-24,saneamento,,,,,,high_yield,Z-spread de mercado 435 bps
IRJS15,IPCA+,737.1887093892798,887.5055196232317,-150.31681023395197,-0.530486341664812,18.384386845305926,7.161508406875794,7,2026-09-24,saneamento,,,,,,high_yield,Z-spread de mercado 428 bps
JSMLB5,IPCA+,549.0412320855016,746.847210306244,-197.80597822074242,-0.6980814027548455,75.51196332626148,26.08726861241517,7,2026-09-24,logistica,,,,,,high_yield,Z-spread de mercado 549 bps
MOVI18,IPCA+,519.7371025437473,596.9798636551429,-77.24276111139568,-0.27259911714663315,-16.67299084223623,9.525216380791678,7,2026-09-24,locacao,,,,,,high_yield,Z-spread de mercado 520 bps
MOVI37,IPCA+,592.5116770424585,596.9798636551429,-4.4681866126844625,-0.015768775071460954,11.113011203732754,4.659930130597759,7,2026-09-24,locacao,,,,,,high_yield,Z-spread de mercado 593 bps
NMCH11,IPCA+,303.81823309881145,746.847210306244,-443.0289772074326,-1.5635032502651542,24.46683219375649,9.852104462922465,7,2026-09-24,transmissao,,,,,,high_yield,evento de crédito negativo: 2025-11-28: Neoenergia (NEOE3) busca “waiver” de debenturistas para OPA 
NTEN11,IPCA+,864.9739505747242,955.3465313349534,-90.3725807602292,-0.3189358507520622,35.93769313806308,15.180380222797623,7,2026-09-24,geracao,,,,,,high_yield,Z-spread de mercado 541 bps
ORIG11,IPCA+,655.703395429311,588.7088591949778,66.99453623433317,0.23643188265616058,9.8233717744464,4.144973267306708,7,2026-09-24,energia_diversificada,,,,,,high_yield,Z-spread de mercado 357 bps
ORIG12,IPCA+,588.7088591949778,588.7088591949778,0.0,0.0,-8.951563471712461,16.584776446552116,7,2026-09-24,energia_diversificada,,,,,,high_yield,Z-spread de mercado 300 bps
RIS412,IPCA+,987.0159418263386,887.5055196232317,99.51042220310683,0.3511844067864847,26.54957831262243,39.65528013895623,7,2026-09-24,saneamento,,,,,,high_yield,Z-spread de mercado 640 bps
RIS414,IPCA+,1008.0918709616094,887.5055196232317,120.58635133837765,0.425563929121714,39.38904033299309,52.180553389777856,7,2026-09-24,saneamento,,,,,,high_yield,Z-spread de mercado 657 bps
RIS422,IPCA+,887.5055196232317,887.5055196232317,0.0,0.0,59.328767249522116,33.690908834294575,7,2026-09-24,saneamento,,,,,,high_yield,Z-spread de mercado 555 bps
RIS424,IPCA+,911.8988271348971,887.5055196232317,24.393307511665398,0.08608695489764547,75.99521134968893,33.443212388889314,7,2026-09-24,saneamento,,,,,,high_yield,Z-spread de mercado 576 bps
RISP12,IPCA+,960.0661585916454,887.5055196232317,72.56063896841363,0.25607533751751127,11.08147529959831,38.845963577791736,7,2026-09-24,saneamento,,,,,,high_yield,Z-spread de mercado 617 bps
RISP14,IPCA+,1015.24038327927,887.5055196232317,127.73486365603821,0.4507919002437692,46.82026153979518,55.490604116564214,7,2026-09-24,saneamento,,,,,,high_yield,Z-spread de mercado 663 bps
RISP22,IPCA+,877.2701997529786,887.5055196232317,-10.235319870253193,-0.0361216911487746,59.87970890297788,32.73519898826752,7,2026-09-24,saneamento,,,,,,high_yield,Z-spread de mercado 547 bps
RISP24,IPCA+,890.9380010534023,887.5055196232317,3.432481430170583,0.012113645266218616,75.1880700827212,38.06730118589175,7,2026-09-24,saneamento,,,,,,high_yield,Z-spread de mercado 558 bps
SAUC16,IPCA+,785.7254830890581,612.8915501474435,172.83393294161465,0.6099520117479816,23.891490050828565,7.54720813411797,7,2026-09-24,agro_acucar_etanol,,,,,,high_yield,Z-spread de mercado 470 bps
SUMI17,IPCA+,1032.9150207289351,1018.3916728685085,14.523347860426611,0.051254664486374196,133.04695261444022,54.64736715167398,7,2026-09-24,telecom,,,,,,high_yield,Z-spread de mercado 679 bps
SUMI18,IPCA+,1068.0956898071959,1018.3916728685085,49.704016938687346,0.1754115329537144,58.005415518311565,24.87680951764785,7,2026-09-24,telecom,,,,,,high_yield,Z-spread de mercado 709 bps
SUMI19,IPCA+,1020.520508102239,1018.3916728685085,2.128835233730456,0.007512918970214724,98.82215281623178,41.79582002929614,7,2026-09-24,telecom,,,,,,high_yield,Z-spread de mercado 668 bps
SUMI37,IPCA+,1016.2628376347782,1018.3916728685085,-2.1288352337303422,-0.0075129189702143225,30.0748803626916,19.60916394363368,7,2026-09-24,telecom,,,,,,high_yield,Z-spread de mercado 663 bps
SUZB19,IPCA+,183.50713286162855,215.83410052114323,-32.32696765951468,-0.11408580839443061,13.678787935677292,8.127535030389696,7,2026-09-24,papel_celulose,,,,,,high_yield,evento de crédito negativo: 2026-04-02: Suzano ativa gatilho de juros maiores após não bater meta cl
SUZB29,IPCA+,205.426500193713,215.83410052114323,-10.407600327430231,-0.036729689877100104,17.691969475546756,7.599397619237186,7,2026-09-24,papel_celulose,,,,,,high_yield,evento de crédito negativo: 2026-04-02: Suzano ativa gatilho de juros maiores após não bater meta cl
SUZBA0,IPCA+,228.96450104360568,215.83410052114323,13.130400522462452,0.04633878357925366,19.05378568872061,9.697885406070393,7,2026-09-24,papel_celulose,,,,,,high_yield,evento de crédito negativo: 2026-04-02: Suzano ativa gatilho de juros maiores após não bater meta cl
SUZBC1,IPCA+,226.2417008485735,215.83410052114323,10.40760032743026,0.0367296898771002,20.552836975347844,8.0698156881589,7,2026-09-24,papel_celulose,,,,,,high_yield,evento de crédito negativo: 2026-04-02: Suzano ativa gatilho de juros maiores após não bater meta cl
TUPW21,IPCA+,842.5544597486836,955.3465313349534,-112.7920715862698,-0.398056966027084,-21.39247539714097,40.37532426011575,7,2026-09-24,geracao,,,,,,high_yield,Z-spread de mercado 517 bps
USNA13,IPCA+,612.8915501474435,612.8915501474435,0.0,0.0,-15.215505058511553,21.13809263872834,7,2026-09-24,agro_acucar_etanol,,,,,,high_yield,Z-spread de mercado 322 bps
VAMO33,IPCA+,601.4480502678275,596.9798636551429,4.468186612684576,0.015768775071461356,-0.6665008435076061,2.364692098211835,7,2026-09-24,locacao,,,,,,high_yield,Z-spread de mercado 601 bps
VAMO34,IPCA+,613.6705074651383,596.9798636551429,16.690643809995322,0.05890331600979498,52.3851963133186,26.14182198299796,7,2026-09-24,locacao,,,,,,high_yield,Z-spread de mercado 614 bps
VBRR11,IPCA+,702.3054570479048,746.847210306244,-44.54175325833921,-0.1571932753268075,1.3166965849984535,8.861947279516524,7,2026-09-24,rodovias,,,,,,high_yield,Z-spread de mercado 401 bps
AALM12,DI+,74.92999999999999,143.15,-68.22000000000001,-0.4148972005160475,2.3100000000000023,1.37263042575716,7,2026-09-24,mineracao_siderurgia,,,,,,principal,
ACOV15,DI+,156.03,143.15,12.879999999999995,0.07833298068963192,3.8499999999999943,1.869825558453951,7,2026-09-24,mineracao_siderurgia,,,,,,principal,
ADPA21,DI+,276.77,140.20999999999998,136.56,0.8305242114111908,0.03999999999996362,0.1225969004502262,5,2026-09-28,saneamento,,,,,,principal,
AEGE16,DI+,681.98,140.20999999999998,541.77,3.294911409023439,141.95000000000005,61.71467800250103,7,2026-09-24,saneamento,,,,,,high_yield,spread sobre CDI 682 bps
AEGE17,DI+,658.11,140.20999999999998,517.9000000000001,3.1497399611149373,66.13,24.26047294714279,7,2026-09-24,saneamento,,,,,,high_yield,spread sobre CDI 658 bps
AEGP17,DI+,291.65000000000003,140.20999999999998,151.44000000000005,0.921020698419089,47.160000000000025,17.256997062613408,7,2026-09-24,saneamento,,,,,,principal,
AEGP19,DI+,334.83,140.20999999999998,194.62,1.1836307998304478,28.529999999999973,8.830888430740726,7,2026-09-24,saneamento,,,,,,high_yield,spread sobre CDI 335 bps
AEGPA4,DI+,322.93,140.20999999999998,182.72000000000003,1.1112579372367664,5.189999999999998,8.232957866896632,7,2026-09-24,saneamento,,,,,,high_yield,spread sobre CDI 323 bps
AEGPA9,DI+,294.82,140.20999999999998,154.61,0.94029985593354,3.419999999999959,2.860002497501394,7,2026-09-24,saneamento,,,,,,principal,
AEGPB3,DI+,475.77,140.20999999999998,335.56,2.040793090078641,92.91000000000003,33.603822061528334,7,2026-09-24,saneamento,,,,,,high_yield,spread sobre CDI 476 bps
AEGPB5,DI+,465.7,140.20999999999998,325.49,1.9795498357661725,64.51999999999998,21.987786653157276,7,2026-09-24,saneamento,,,,,,high_yield,spread sobre CDI 466 bps
AEGPB7,DI+,355.65000000000003,140.20999999999998,215.44000000000005,1.3102529006035954,63.52000000000004,20.950619720348772,7,2026-09-24,saneamento,,,,,,high_yield,spread sobre CDI 356 bps
AESLA8,DI+,41.28,61.375,-20.095,-0.12221282973277592,-1.0700000000000003,0.6389798416970905,7,2026-09-24,distribuicao,,,,,,principal,
ALGAA2,DI+,114.56,109.665,4.894999999999996,0.029770181713955592,1.509999999999991,0.5866125516167227,7,2026-09-24,telecom,,,,,,principal,
ALGTA5,DI+,104.77000000000001,109.665,-4.894999999999996,-0.029770181713955592,-1.1800000000000068,2.5867123830029812,7,2026-09-24,telecom,,,,,,principal,
ALGTA6,DI+,114.75,109.665,5.084999999999994,0.030925714814190833,1.3800000000000097,1.0219239557954256,7,2026-09-24,telecom,,,,,,principal,
ANHBA5,DI+,51.080000000000005,127.205,-76.125,-0.46297345923899313,1.1200000000000045,0.5322280213091649,7,2026-09-24,rodovias,,,,,,principal,
ANHBA6,DI+,55.53,127.205,-71.675,-0.43590965768085166,0.4199999999999946,0.1757568666950898,7,2026-09-24,rodovias,,,,,,principal,
ANIM15,DI+,200.78,94.02000000000001,106.75999999999999,0.6492879672690299,-2.5100000000000193,2.5060574234290423,7,2026-09-24,educacao,,,,,,principal,
ANIM17,DI+,202.89000000000001,94.02000000000001,108.87,0.6621204664348005,-2.819999999999993,2.147285107602929,7,2026-09-24,educacao,,,,,,principal,
ANIM18,DI+,214.81,94.02000000000001,120.78999999999999,0.7346149640916647,-2.8999999999999773,1.9431650666349702,7,2026-09-24,educacao,,,,,,principal,
APFL18,DI+,242.24,127.205,115.03500000000001,0.6996144746608549,-14.519999999999982,4.278869454601736,7,2026-09-24,rodovias,,,,,,principal,
APPSB2,DI+,138.94,127.205,11.735,0.07136937332242475,3.6100000000000136,1.4793676255172545,7,2026-09-24,rodovias,,,,,,principal,
APRB28,DI+,67.15,127.205,-60.05499999999999,-0.3652396859717272,1.0100000000000051,0.8699698954835293,7,2026-09-24,rodovias,,,,,,principal,
ARML13,DI+,314.65000000000003,130.865,183.78500000000003,1.1177350043512428,10.5,3.855839109467005,7,2026-09-24,locacao,,,,,,high_yield,spread sobre CDI 315 bps
ARML14,DI+,370.82,130.865,239.95499999999998,1.4593470792997385,11.569999999999993,6.849451837642945,7,2026-09-24,locacao,,,,,,high_yield,spread sobre CDI 371 bps
ARML15,DI+,388.03999999999996,130.865,257.17499999999995,1.564074868700007,-6.870000000000061,4.006980813292639,7,2026-09-24,locacao,,,,,,high_yield,spread sobre CDI 388 bps
ARML25,DI+,453.28,130.865,322.41499999999996,1.9608484448018384,12.279999999999973,4.962096331189057,7,2026-09-24,locacao,,,,,,high_yield,spread sobre CDI 453 bps
ARML26,DI+,376.35999999999996,130.865,245.49499999999995,1.4930399918013346,5.399999999999977,2.3597982157480266,7,2026-09-24,locacao,,,,,,high_yield,spread sobre CDI 376 bps
ARTRA1,DI+,185.01000000000002,127.205,57.80500000000002,0.3515557413636783,11.950000000000017,4.368908003478346,7,2026-09-24,rodovias,,,,,,principal,
ARTRA4,DI+,265.58000000000004,127.205,138.37500000000006,0.8415625933950174,7.07000000000005,4.054045011143936,7,2026-09-24,rodovias,,,,,,principal,
ARTRA5,DI+,267.38,127.205,140.175,0.8525097490814564,8.029999999999973,3.4780858172824014,7,2026-09-24,rodovias,,,,,,principal,
ASAI18,DI+,224.96,102.215,122.745,0.7465047915177696,-0.03999999999999204,0.04775931721614099,7,2026-09-24,varejo,,,,,,principal,
ASAI19,DI+,229.16,102.215,126.945,0.7720481547861279,-0.160000000000025,0.6087809833710951,7,2026-09-24,varejo,,,,,,principal,
ASAI22,DI+,224.06,102.215,121.845,0.74103121367455,-7.400000000000006,5.352278108654383,7,2026-09-24,varejo,,,,,,principal,
ASAI28,DI+,232.22,102.215,130.005,0.7906583194530745,-0.75,1.311436871018448,7,2026-09-24,varejo,,,,,,principal,
ASAIA0,DI+,233.11,102.215,130.895,0.7960710797647029,-0.8599999999999852,0.711243043316877,7,2026-09-24,varejo,,,,,,principal,
ASAIA1,DI+,232.43999999999997,102.215,130.22499999999997,0.7919963051480836,-4.130000000000024,2.071399342979349,7,2026-09-24,varejo,,,,,,principal,
ASAIA2,DI+,235.23000000000002,102.215,133.01500000000001,0.8089643964620647,-2.019999999999982,1.179525731970684,7,2026-09-24,varejo,,,,,,principal,
ASAIA3,DI+,235.17999999999998,102.215,132.96499999999997,0.8086603088041079,1.2299999999999613,1.1899559815788276,7,2026-09-24,varejo,,,,,,principal,
AURE13,DI+,83.33,83.33,0.0,0.0,2.0400000000000063,1.8420175274487958,7,2026-09-24,geracao,,,,,,principal,
AXIAA0,DI+,66.74,58.53,8.209999999999994,0.04993119343648119,2.8299999999999983,1.1506519890914024,7,2026-09-24,integrada_gt,,,,,,principal,
AXIAB0,DI+,76.17,58.53,17.64,0.10728212572710462,5.780000000000001,1.7280225417400965,7,2026-09-24,integrada_gt,,,,,,principal,
AZZA11,DI+,146.67,102.215,44.454999999999984,0.27036433668925364,2.7099999999999795,2.7320252386758583,7,2026-09-24,varejo,,,,,,high_yield,evento de crédito negativo: 2026-05-12: Comunicado acerca de pedido judicial
AZZA12,DI+,168.46,102.215,66.245,0.40288573802676,1.990000000000009,1.764706909430138,7,2026-09-24,varejo,,,,,,high_yield,evento de crédito negativo: 2026-05-12: Comunicado acerca de pedido judicial
AZZA13,DI+,206.0,102.215,103.785,0.6311947516206096,4.530000000000001,1.740372155056281,7,2026-09-24,varejo,,,,,,high_yield,evento de crédito negativo: 2026-05-12: Comunicado acerca de pedido judicial
BCBF16,DI+,459.56,104.07500000000002,355.485,2.161972021774364,7.849999999999966,3.0073948542756703,7,2026-09-24,saude,,,,,,high_yield,spread sobre CDI 460 bps
BCPSA4,DI+,24.97,109.665,-84.69500000000001,-0.5150940838127622,-0.1700000000000017,0.6003808315204129,7,2026-09-24,telecom,,,,,,principal,
BCPSA6,DI+,36.08,109.665,-73.58500000000001,-0.4475258062147956,-0.060000000000002274,0.06502746672423405,7,2026-09-24,telecom,,,,,,principal,
BKBR19,DI+,160.81,214.5,-53.69,-0.3265293271138462,-0.7399999999999807,1.7682073246248986,7,2026-09-24,alimentos_bebidas,,,,,,principal,
BRIT11,DI+,96.17,109.665,-13.495000000000005,-0.08207325888249871,2.3400000000000034,0.8172660579785573,7,2026-09-24,telecom,,,,,,principal,
BRIT12,DI+,133.03,109.665,23.364999999999995,0.14210016256314054,2.710000000000008,1.3425526503819611,7,2026-09-24,telecom,,,,,,principal,
BRKPA0,DI+,225.61,140.20999999999998,85.40000000000003,0.5193817197899512,21.28000000000003,7.892768540765355,7,2026-09-24,saneamento,,,,,,principal,
BRKPA2,DI+,273.51,140.20999999999998,133.3,0.8106976961124176,25.109999999999985,13.02176730745576,7,2026-09-24,saneamento,,,,,,principal,
BRKPA3,DI+,276.44,140.20999999999998,136.23000000000002,0.8285172328686771,23.779999999999973,8.61060558679983,7,2026-09-24,saneamento,,,,,,principal,
BRKPA4,DI+,294.47999999999996,140.20999999999998,154.26999999999998,0.9382320598594347,23.769999999999982,9.640727595541145,7,2026-09-24,saneamento,,,,,,principal,
BRKPA5,DI+,230.92999999999998,140.20999999999998,90.72,0.551736646596538,8.129999999999967,2.6338555841380504,7,2026-09-24,saneamento,,,,,,principal,
BRMLA1,DI+,47.47,102.215,-54.745000000000005,-0.33294557669673147,7.019999999999996,2.6606667621195284,7,2026-09-24,varejo,,,,,,principal,
BRMLB1,DI+,55.88999999999999,102.215,-46.32500000000001,-0.28173721509683236,1.759999999999991,1.2166992820155438,7,2026-09-24,varejo,,,,,,principal,
BRST14,DI+,162.20000000000002,109.665,52.53500000000001,0.31950490221504774,3.390000000000015,1.1303012662033813,7,2026-09-24,telecom,,,,,,principal,
BSA312,DI+,42.9,45.015,-2.115000000000002,-0.012862907931566126,2.3699999999999974,0.8651369283309468,7,2026-09-24,financeiro,,,,,,principal,
BSA318,DI+,34.660000000000004,45.015,-10.354999999999997,-0.06297655396282131,-0.27999999999999403,0.25056127470331857,7,2026-09-24,financeiro,,,,,,principal,
BSA319,DI+,47.48,45.015,2.4649999999999963,0.014991521537262612,0.38000000000000256,0.8170883265188273,7,2026-09-24,financeiro,,,,,,principal,
BSA3A0,DI+,37.41,45.015,-7.605000000000004,-0.04625173277520584,4.589999999999996,2.2011696025176284,7,2026-09-24,financeiro,,,,,,principal,
BTGH18,DI+,114.99,80.0,34.989999999999995,0.21280054303806065,1.4200000000000017,0.7443981269647136,7,2026-09-24,outros_corporativo,,,,,,principal,
CAEC13,DI+,131.69,140.20999999999998,-8.519999999999982,-0.051816536915812325,4.47999999999999,2.7172316093862157,7,2026-09-24,saneamento,,,,,,principal,
CAEC22,DI+,116.05000000000001,140.20999999999998,-24.159999999999968,-0.14693515632465104,-0.01999999999999602,0.07724420150837273,7,2026-09-24,saneamento,,,,,,principal,
CAEC32,DI+,126.44,140.20999999999998,-13.769999999999982,-0.08374574100126013,-1.5699999999999932,3.3848084984868136,7,2026-09-24,saneamento,,,,,,principal,
CAMLA1,DI+,405.79,214.5,191.29000000000002,1.1633785618105354,-17.79000000000002,11.351582646108335,7,2026-09-24,alimentos_bebidas,,,,,,high_yield,spread sobre CDI 406 bps
CAMLB1,DI+,403.36,214.5,188.86,1.1485999016338424,23.350000000000023,27.287164085143104,7,2026-09-24,alimentos_bebidas,,,,,,high_yield,spread sobre CDI 403 bps
CASN13,DI+,337.07,140.20999999999998,196.86,1.1972539269069058,-3.579999999999984,1.4998936470233217,7,2026-09-24,saneamento,,,,,,high_yield,spread sobre CDI 337 bps
CASN14,DI+,163.05,140.20999999999998,22.840000000000032,0.13890724215459596,-19.079999999999984,7.84479172080796,7,2026-09-24,saneamento,,,,,,principal,
CBAN22,DI+,85.26,127.205,-41.94499999999999,-0.25509913625983005,3.2900000000000063,1.0336942534056262,7,2026-09-24,rodovias,,,,,,principal,
CBOH11,DI+,140.38,101.63,38.75,0.23566793491640045,6.1699999999999875,2.634219862827371,7,2026-09-24,oleo_gas,,,,,,principal,
CDAR11,DI+,160.35,130.865,29.484999999999985,0.1793204918970339,5.719999999999999,2.0593098705287507,7,2026-09-24,locacao,,,,,,principal,
CDES12,DI+,139.64000000000001,105.55000000000001,34.09,0.2073269651948411,1.670000000000016,0.9719004456169766,7,2026-09-24,portos,,,,,,principal,
CDGS26,DI+,76.5,101.63,-25.129999999999995,-0.15283445688901012,0.22999999999998977,0.5410395637324604,7,2026-09-24,oleo_gas,,,,,,principal,
CEAB13,DI+,120.57,102.215,18.35499999999999,0.11163057923588458,-1.6599999999999966,0.9948534230394639,7,2026-09-24,varejo,,,,,,principal,
CEAB14,DI+,88.58,102.215,-13.635000000000005,-0.08292470432477732,1.8700000000000045,0.8424652034639885,7,2026-09-24,varejo,,,,,,principal,
CEAB22,DI+,74.48,102.215,-27.735,-0.1686774238685514,4.530000000000001,1.3792717194920205,7,2026-09-24,varejo,,,,,,principal,
CEAP15,DI+,71.67,61.375,10.295000000000002,0.06261164877327337,-8.430000000000007,3.2068126884879966,7,2026-09-24,distribuicao,,,,,,principal,
CEAP16,DI+,73.17,61.375,11.795000000000002,0.07173427851197274,-6.829999999999998,2.581497350653021,7,2026-09-24,distribuicao,,,,,,principal,
CEEBA3,DI+,85.53,61.375,24.155,0.14690474755885558,1.4100000000000108,0.8764457443887452,7,2026-09-24,distribuicao,,,,,,principal,
CEEBB8,DI+,67.35,61.375,5.974999999999994,0.03633847512581913,-0.36000000000001364,0.21298334386027779,7,2026-09-24,distribuicao,,,,,,principal,
CEED16,DI+,65.39,61.375,4.015000000000001,0.024418238933918656,3.210000000000001,1.228975570294606,7,2026-09-24,distribuicao,,,,,,principal,
CEED18,DI+,71.58,61.375,10.204999999999998,0.06206429098895139,11.429999999999993,3.923072168351637,7,2026-09-24,distribuicao,,,,,,principal,
CEEDA0,DI+,81.67999999999999,61.375,20.304999999999993,0.12348999789619379,3.9399999999999977,1.6327248623667354,7,2026-09-24,distribuicao,,,,,,principal,
CEEDA1,DI+,88.3,61.375,26.924999999999997,0.16375120380965372,2.3299999999999983,0.934071986621202,7,2026-09-24,distribuicao,,,,,,principal,
CEMTE2,DI+,55.55,61.375,-5.825000000000003,-0.03542621215194924,0.02999999999999403,0.8127613132900419,7,2026-09-24,distribuicao,,,,,,principal,
CEPEA1,DI+,89.05,61.375,27.674999999999997,0.1683125186790034,0.7999999999999972,0.5003141870008119,7,2026-09-24,distribuicao,,,,,,principal,
CERO19,DI+,56.24,61.375,-5.134999999999998,-0.031229802472147506,6.140000000000001,2.544064988687724,7,2026-09-24,distribuicao,,,,,,principal,
CEROA2,DI+,75.76,61.375,14.385000000000005,0.087486019194127,18.510000000000005,7.052598642985979,7,2026-09-24,distribuicao,,,,,,principal,
CEROB2,DI+,77.9,61.375,16.525000000000006,0.10050097095467145,10.650000000000006,4.351795469633633,7,2026-09-24,distribuicao,,,,,,principal,
CESPA4,DI+,83.77,83.33,0.4399999999999977,0.0026759713900184686,7.3799999999999955,2.525858647027164,7,2026-09-24,geracao,,,,,,principal,
CGASA3,DI+,45.87,68.10000000000001,-22.23000000000001,-0.13519737272752477,-0.46999999999999886,0.4340835995848844,7,2026-09-24,distribuicao_gas,,,,,,principal,
CGASA5,DI+,68.10000000000001,68.10000000000001,0.0,0.0,0.22000000000001307,0.8720828925214437,7,2026-09-24,distribuicao_gas,,,,,,principal,
CGBP14,DI+,85.22999999999999,83.33,1.8999999999999915,0.011555331002352487,2.7099999999999795,1.7403707869849057,7,2026-09-24,geracao,,,,,,principal,
CGOS15,DI+,67.58999999999999,61.375,6.214999999999989,0.037798095884011,3.029999999999987,1.0276649444713153,7,2026-09-24,distribuicao,,,,,,principal,
CGOS17,DI+,67.11,61.375,5.734999999999999,0.03487885436762726,1.1500000000000057,0.7909427768116187,7,2026-09-24,distribuicao,,,,,,principal,
CGOS18,DI+,67.57,61.375,6.194999999999993,0.037676460820828366,1.5899999999999892,0.7206181209145905,7,2026-09-24,distribuicao,,,,,,principal,
CGOS19,DI+,79.62,61.375,18.245000000000005,0.11096158638838007,8.840000000000003,3.4100775022612866,7,2026-09-24,distribuicao,,,,,,principal,
CGOSA1,DI+,76.77000000000001,61.375,15.39500000000001,0.09362858988485129,3.5500000000000114,2.118229269483177,7,2026-09-24,distribuicao,,,,,,principal,
CHSF12,DI+,47.83,58.53,-10.700000000000003,-0.0650747588027222,0.18999999999999773,0.43208795400936567,7,2026-09-24,integrada_gt,,,,,,principal,
CHSF14,DI+,57.089999999999996,58.53,-1.4400000000000048,-0.008757724549151427,1.2299999999999969,0.40279972572932243,7,2026-09-24,integrada_gt,,,,,,principal,
CHSF24,DI+,61.83,58.53,3.299999999999997,0.0200697854251386,-0.07000000000000028,0.35347930497783975,7,2026-09-24,integrada_gt,,,,,,principal,
CHTH11,DI+,40.68,83.33,-42.65,-0.2593867722370188,0.3200000000000003,0.14602674249537148,7,2026-09-24,geracao,,,,,,principal,
CIEL17,DI+,27.939999999999998,45.015,-17.075000000000003,-0.10384593519219454,0.41000000000000014,0.7535124102368526,7,2026-09-24,financeiro,,,,,,principal,
CIEL18,DI+,39.28,45.015,-5.734999999999999,-0.03487885436762726,-0.11999999999999744,0.11964232409262907,7,2026-09-24,financeiro,,,,,,principal,
CIEL19,DI+,32.75,45.015,-12.265,-0.07459270249676521,-0.7100000000000009,0.2605671469990761,7,2026-09-24,financeiro,,,,,,principal,
CLCD16,DI+,77.62,80.0,-2.3799999999999955,-0.014474572518736309,0.46000000000000796,0.6696516507359122,7,2026-09-24,outros_corporativo,,,,,,principal,
CLCD17,DI+,91.56,80.0,11.560000000000002,0.0703050665195765,1.3499999999999943,0.9340133577101302,7,2026-09-24,outros_corporativo,,,,,,principal,
CLCD18,DI+,80.0,80.0,0.0,0.0,0.14000000000000057,0.8295753359974243,7,2026-09-24,outros_corporativo,,,,,,principal,
CLCD19,DI+,40.0,80.0,-40.0,-0.24327012636531659,0.0,0.0,7,2026-09-24,outros_corporativo,,,,,,principal,
CLII12,DI+,186.26,136.32,49.94,0.30372275276709776,2.1599999999999966,0.8981462390204991,7,2026-09-24,logistica,,,,,,principal,
CLIS11,DI+,177.29,105.55000000000001,71.73999999999998,0.4363049716361952,,,1,2026-10-02,portos,,,,,,principal,
CLMOA2,DI+,74.55000000000001,80.0,-5.449999999999989,-0.03314555471727432,4.440000000000012,1.9151016384814417,7,2026-09-24,outros_corporativo,,,,,,principal,
CLMOA4,DI+,70.62,80.0,-9.379999999999995,-0.05704684463266671,-1.2199999999999989,0.43569320792109223,7,2026-09-24,outros_corporativo,,,,,,principal,
CMED13,DI+,140.76,80.0,60.75999999999999,0.36952732194891585,-0.8499999999999943,1.3711656494002489,7,2026-09-24,outros_corporativo,,,,,,principal,
CMGD18,DI+,59.45,61.375,-1.9249999999999972,-0.011707374831330844,11.110000000000007,3.8390264142779507,7,2026-09-24,distribuicao,,,,,,principal,
CMGDA0,DI+,49.61,61.375,-11.765,-0.07155182591719875,4.280000000000001,1.276007538416305,7,2026-09-24,distribuicao,,,,,,principal,
CMGDA1,DI+,60.97,61.375,-0.40500000000000114,-0.0024631100294488376,1.7999999999999972,0.7337963905996955,7,2026-09-24,distribuicao,,,,,,principal,
CMGDA2,DI+,64.21,61.375,2.8349999999999937,0.017241770206141774,2.0999999999999943,1.0251318149853899,7,2026-09-24,distribuicao,,,,,,principal,
CMGDA3,DI+,54.02,61.375,-7.354999999999997,-0.04473129448542257,0.5500000000000043,0.6994691864958322,7,2026-09-24,distribuicao,,,,,,principal,
CMGDA6,DI+,76.4,61.375,15.025000000000006,0.09137834121597208,2.0200000000000102,1.876987200910264,7,2026-09-24,distribuicao,,,,,,principal,
CMGDB3,DI+,61.339999999999996,61.375,-0.035000000000003695,-0.0002128613605696745,-0.990000000000002,0.9828529900244521,7,2026-09-24,distribuicao,,,,,,principal,
CMGTA0,DI+,51.5,58.53,-7.030000000000001,-0.042754724708704395,0.10000000000000142,0.5320221978899198,7,2026-09-24,integrada_gt,,,,,,high_yield,"evento de crédito negativo: 2026-04-27: Cemig (CMIG4) anuncia repactuação de R$ 14,2 mi em UBP"
CMGTA2,DI+,56.31,58.53,-2.219999999999999,-0.013501492013275064,4.6299999999999955,1.8182120993149364,7,2026-09-24,integrada_gt,,,,,,high_yield,"evento de crédito negativo: 2026-04-27: Cemig (CMIG4) anuncia repactuação de R$ 14,2 mi em UBP"
CMGTC3,DI+,68.91000000000001,58.53,10.38000000000001,0.06312859779179972,3.910000000000011,2.3487788113745225,7,2026-09-24,integrada_gt,,,,,,high_yield,"evento de crédito negativo: 2026-04-27: Cemig (CMIG4) anuncia repactuação de R$ 14,2 mi em UBP"
CMTR19,DI+,57.38999999999999,58.53,-1.1400000000000077,-0.00693319860141157,8.90999999999999,3.385158081699469,7,2026-09-24,integrada_gt,,,,,,high_yield,"evento de crédito negativo: 2026-04-27: Cemig (CMIG4) anuncia repactuação de R$ 14,2 mi em UBP"
CNLM16,DI+,63.77,73.48,-9.71,-0.05905382317518061,1.0200000000000102,0.4448916400974224,7,2026-09-24,mobilidade_urbana,,,,,,principal,
CNLM17,DI+,73.48,73.48,0.0,0.0,3.680000000000007,1.1039905969233803,7,2026-09-24,mobilidade_urbana,,,,,,principal,
COCEA2,DI+,138.17999999999998,61.08,77.09999999999998,0.4689031685691476,8.499999999999972,3.881663855322126,7,2026-09-24,energia_diversificada,,,,,,principal,
COGNA4,DI+,119.17,94.02000000000001,25.14999999999999,0.15295609195219276,4.63000000000001,2.734202242841943,7,2026-09-24,educacao,,,,,,principal,
COGNA5,DI+,103.02,94.02000000000001,8.999999999999986,0.054735778432196146,7.299999999999997,2.1791796184628294,7,2026-09-24,educacao,,,,,,principal,
COGNB2,DI+,120.00999999999999,94.02000000000001,25.98999999999998,0.15806476460586433,3.8799999999999955,1.5776232877639822,7,2026-09-24,educacao,,,,,,principal,
COLNA3,DI+,77.21000000000001,127.205,-49.99499999999999,-0.30405724919085003,-0.5999999999999943,0.20864643139371725,7,2026-09-24,rodovias,,,,,,principal,
CPFGA3,DI+,52.129999999999995,80.0,-27.870000000000005,-0.16949846054503437,0.02999999999999403,0.34638266755274316,7,2026-09-24,outros_corporativo,,,,,,principal,
CPFPA6,DI+,32.550000000000004,61.375,-28.824999999999996,-0.17530653481200625,-0.8799999999999955,0.4359827432146269,7,2026-09-24,distribuicao,,,,,,principal,
CPFPA8,DI+,43.29,61.375,-18.085,-0.10998850588291877,0.44999999999999574,0.4319667094756715,7,2026-09-24,distribuicao,,,,,,principal,
CPFPB8,DI+,52.01,61.375,-9.365000000000002,-0.05695561833527976,-0.6400000000000006,0.3537890143385852,7,2026-09-24,distribuicao,,,,,,principal,
CPGT17,DI+,52.89,58.53,-5.640000000000001,-0.034301087817509644,-1.6100000000000065,0.5368958398582939,7,2026-09-24,integrada_gt,,,,,,principal,
CPGT18,DI+,50.739999999999995,58.53,-7.790000000000006,-0.04737685710964545,-0.12000000000001165,0.3219730837611541,7,2026-09-24,integrada_gt,,,,,,principal,
CPGT19,DI+,39.48,58.53,-19.050000000000004,-0.11585739768148205,-0.0800000000000054,0.9071278588936359,7,2026-09-24,integrada_gt,,,,,,principal,
CPGT29,DI+,65.38000000000001,58.53,6.8500000000000085,0.04166000914006052,4.5800000000000125,1.6388512236726478,7,2026-09-24,integrada_gt,,,,,,principal,
CPGT39,DI+,81.39999999999999,58.53,22.86999999999999,0.1390896947493697,-1.5700000000000074,0.6516754962256575,7,2026-09-24,integrada_gt,,,,,,principal,
CPGTA0,DI+,43.230000000000004,58.53,-15.299999999999997,-0.09305082333473358,1.25,0.6294101547140345,7,2026-09-24,integrada_gt,,,,,,principal,
CPGTB0,DI+,57.95,58.53,-0.5799999999999983,-0.00352741683229708,-2.069999999999993,0.8800378779726844,7,2026-09-24,integrada_gt,,,,,,principal,
CPLD19,DI+,57.620000000000005,61.375,-3.7549999999999955,-0.022836983112544066,2.750000000000007,0.9576658130704119,7,2026-09-24,distribuicao,,,,,,principal,
CPLD27,DI+,84.50999999999999,61.375,23.13499999999999,0.14070135933653993,-0.4300000000000068,0.9540515110382084,7,2026-09-24,distribuicao,,,,,,principal,
CPLDA0,DI+,44.82,61.375,-16.555,-0.1006834235494454,0.240000000000002,0.5669173115148609,7,2026-09-24,distribuicao,,,,,,principal,
CPLDA2,DI+,38.12,61.375,-23.255000000000003,-0.14143116971563596,1.3499999999999943,0.5296180114905807,7,2026-09-24,distribuicao,,,,,,principal,
CPLDB0,DI+,57.47,61.375,-3.905000000000001,-0.02374924608641404,0.519999999999996,0.26120599424318386,7,2026-09-24,distribuicao,,,,,,principal,
CPREA0,DI+,43.94,83.33,-39.39,-0.2395602569382455,-0.4000000000000057,0.1998213487807848,7,2026-09-24,geracao,,,,,,principal,
CPTE12,DI+,89.91,49.739999999999995,40.17,0.2443040244023692,1.1700000000000017,1.1380894600371374,7,2026-09-24,transmissao,,,,,,principal,
CSAN15,DI+,210.21,179.245,30.965000000000003,0.18832148657255074,-17.799999999999983,6.081915033621434,7,2026-09-24,agro_acucar_etanol,,,,,,high_yield,evento de crédito negativo: 2026-03-11: Pedido de recuperação extrajudicial da Raízen
CSAN18,DI+,154.20000000000002,179.245,-25.044999999999987,-0.1523175078704838,-0.4999999999999716,1.991013142431083,7,2026-09-24,agro_acucar_etanol,,,,,,high_yield,evento de crédito negativo: 2026-03-11: Pedido de recuperação extrajudicial da Raízen
CSAN23,DI+,180.85999999999999,179.245,1.6149999999999807,0.009822031351999539,0.4899999999999807,2.1845649016506217,7,2026-09-24,agro_acucar_etanol,,,,,,high_yield,evento de crédito negativo: 2026-03-11: Pedido de recuperação extrajudicial da Raízen
CSAN24,DI+,189.16,179.245,9.914999999999992,0.060300582572802804,0.6500000000000057,1.0900611603636448,7,2026-09-24,agro_acucar_etanol,,,,,,high_yield,evento de crédito negativo: 2026-03-11: Pedido de recuperação extrajudicial da Raízen
CSANA0,DI+,147.58,179.245,-31.664999999999992,-0.1925787137839437,5.850000000000023,2.480199684741236,7,2026-09-24,agro_acucar_etanol,,,,,,high_yield,evento de crédito negativo: 2026-03-11: Pedido de recuperação extrajudicial da Raízen
CSANA2,DI+,177.63,179.245,-1.615000000000009,-0.009822031351999713,10.889999999999986,5.500611654300689,7,2026-09-24,agro_acucar_etanol,,,,,,high_yield,evento de crédito negativo: 2026-03-11: Pedido de recuperação extrajudicial da Raízen
CSANB0,DI+,192.41,179.245,13.164999999999992,0.08006628033998478,5.1200000000000045,2.103597825042559,7,2026-09-24,agro_acucar_etanol,,,,,,high_yield,evento de crédito negativo: 2026-03-11: Pedido de recuperação extrajudicial da Raízen
CSANB1,DI+,170.16,179.245,-9.085000000000008,-0.05525272745072258,13.329999999999984,4.958440615085885,7,2026-09-24,agro_acucar_etanol,,,,,,high_yield,evento de crédito negativo: 2026-03-11: Pedido de recuperação extrajudicial da Raízen
CSANB2,DI+,154.85999999999999,179.245,-24.38500000000002,-0.14830355078545623,5.219999999999999,2.0460973304596948,7,2026-09-24,agro_acucar_etanol,,,,,,high_yield,evento de crédito negativo: 2026-03-11: Pedido de recuperação extrajudicial da Raízen
CSANC1,DI+,215.49,179.245,36.245000000000005,0.22043314325277252,15.539999999999992,6.179328442476575,7,2026-09-24,agro_acucar_etanol,,,,,,high_yield,evento de crédito negativo: 2026-03-11: Pedido de recuperação extrajudicial da Raízen
CSANC2,DI+,183.07,179.245,3.8249999999999886,0.02326270583368333,-4.77000000000001,2.4467451654722705,7,2026-09-24,agro_acucar_etanol,,,,,,high_yield,evento de crédito negativo: 2026-03-11: Pedido de recuperação extrajudicial da Raízen
CSED12,DI+,80.4,94.02000000000001,-13.620000000000005,-0.08283347802739033,0.28000000000000114,0.4355347014767889,7,2026-09-24,educacao,,,,,,principal,
CSED13,DI+,94.02000000000001,94.02000000000001,0.0,0.0,1.950000000000017,0.9134132742213731,7,2026-09-24,educacao,,,,,,principal,
CSMGA7,DI+,71.17,140.20999999999998,-69.03999999999998,-0.4198842381065363,-0.14999999999999147,0.16670475755201347,7,2026-09-24,saneamento,,,,,,principal,
CSMGA8,DI+,82.38,140.20999999999998,-57.829999999999984,-0.3517077851926564,-1.6400000000000006,0.7415395824775308,7,2026-09-24,saneamento,,,,,,principal,
CSMGA9,DI+,65.4,140.20999999999998,-74.80999999999997,-0.4549759538347332,0.38000000000000966,0.7020853292327175,7,2026-09-24,saneamento,,,,,,principal,
CSMGB0,DI+,63.959999999999994,140.20999999999998,-76.24999999999999,-0.4637336783838847,1.029999999999994,0.6439572597470667,7,2026-09-24,saneamento,,,,,,principal,
CSMGD1,DI+,68.01,140.20999999999998,-72.19999999999997,-0.4391025780893963,-0.4299999999999926,0.21633307652783793,7,2026-09-24,saneamento,,,,,,principal,
CSMGD2,DI+,66.2,140.20999999999998,-74.00999999999998,-0.4501105513074269,0.07000000000000739,0.2652492089661021,7,2026-09-24,saneamento,,,,,,principal,
CSNAA1,DI+,1684.36,143.15,1541.2099999999998,9.373258786387238,-18.54000000000019,11.241691535148476,7,2026-09-24,mineracao_siderurgia,,,,,,high_yield,spread sobre CDI 1684 bps
CSNAA2,DI+,1751.7600000000002,143.15,1608.6100000000001,9.783168949312799,-3.919999999999618,4.350687411476601,7,2026-09-24,mineracao_siderurgia,,,,,,high_yield,spread sobre CDI 1752 bps
CSRNA2,DI+,75.52,61.375,14.144999999999996,0.08602639843593506,0.3299999999999983,0.14418902936935207,7,2026-09-24,distribuicao,,,,,,principal,
CTEE19,DI+,37.68,49.739999999999995,-12.059999999999995,-0.07334594309914293,-0.7600000000000051,0.48330213363997526,7,2026-09-24,transmissao,,,,,,principal,
CTNSA2,DI+,85.0,61.375,23.625,0.14368141838451512,0.0,0.04535573676110898,7,2026-09-24,distribuicao,,,,,,principal,
CVCB14,DI+,689.0799999999999,77.32,611.76,3.720573312631152,9.319999999999936,6.67563159130704,7,2026-09-24,servicos_lazer,,,,,,high_yield,spread sobre CDI 689 bps
DASAB2,DI+,283.21999999999997,104.07500000000002,179.14499999999995,1.0895156696928658,0.44999999999998863,0.1565703858150894,7,2026-09-24,saude,,,,,,principal,
DASAB4,DI+,145.79999999999998,104.07500000000002,41.724999999999966,0.2537611505648207,-11.950000000000017,6.364638919171193,7,2026-09-24,saude,,,,,,principal,
DASAB5,DI+,245.92000000000002,104.07500000000002,141.845,0.8626662768572083,-0.839999999999975,0.6472358810466818,7,2026-09-24,saude,,,,,,principal,
DASAC2,DI+,282.64,104.07500000000002,178.56499999999997,1.0859882528605687,-0.7099999999999795,0.3079965986206655,7,2026-09-24,saude,,,,,,principal,
DASAC5,DI+,288.03999999999996,104.07500000000002,183.96499999999995,1.1188297199198864,-1.7200000000000273,1.093293408097967,7,2026-09-24,saude,,,,,,principal,
DASAD3,DI+,260.97,104.07500000000002,156.895,0.9541966619021587,-2.109999999999957,0.9191662889089535,7,2026-09-24,saude,,,,,,principal,
DGCD11,DI+,90.0,80.0,10.0,0.060817531591329146,0.0,1.415250272331129,7,2026-09-24,outros_corporativo,,,,,,principal,
DXCO13,DI+,75.0,62.83,12.170000000000002,0.07401493594664758,-0.0799999999999983,0.04157609203101356,7,2026-09-24,imobiliario_construcao,,,,,,principal,
EBENA6,DI+,59.96,61.375,-1.4149999999999991,-0.00860568072017307,1.480000000000004,0.5872453855562788,7,2026-09-24,distribuicao,,,,,,principal,
EBENA7,DI+,68.25,61.375,6.875,0.04181205296903879,0.5799999999999983,0.6589566067077615,7,2026-09-24,distribuicao,,,,,,principal,
EBENA9,DI+,55.85,61.375,-5.524999999999999,-0.03360168620420934,0.75,0.31784991966110576,7,2026-09-24,distribuicao,,,,,,principal,
EBENB1,DI+,48.74,61.375,-12.634999999999998,-0.07684295116564437,0.4300000000000068,0.38165055070986637,7,2026-09-24,distribuicao,,,,,,principal,
EBENC1,DI+,67.94,61.375,6.564999999999998,0.03992670948970757,2.8700000000000045,1.1057339730005684,7,2026-09-24,distribuicao,,,,,,principal,
ECOV17,DI+,77.45,127.205,-49.754999999999995,-0.30259762843265814,6.429999999999993,2.2184657933334186,7,2026-09-24,rodovias,,,,,,principal,
EDPR13,DI+,63.05,49.739999999999995,13.310000000000002,0.08094813454805912,0.12999999999999545,0.17883219056129757,7,2026-09-24,transmissao,,,,,,principal,
EDVP18,DI+,39.61,61.375,-21.765,-0.1323693575085279,9.27,3.754008651079663,7,2026-09-24,distribuicao,,,,,,principal,
EEELA3,DI+,41.88,49.739999999999995,-7.859999999999992,-0.04780257983078466,-0.25,0.16334305121722387,7,2026-09-24,transmissao,,,,,,principal,
EEELA5,DI+,45.989999999999995,49.739999999999995,-3.75,-0.02280657434674843,0.25,0.5381272641122679,7,2026-09-24,transmissao,,,,,,principal,
EGIEE1,DI+,68.15,83.33,-15.179999999999993,-0.0923210129556376,1.8500000000000085,0.8173097565153876,7,2026-09-24,geracao,,,,,,principal,
EKTRA0,DI+,74.42999999999999,61.375,13.054999999999993,0.07939728749248016,2.549999999999997,1.6253146215571983,7,2026-09-24,distribuicao,,,,,,principal,
EKTRA3,DI+,60.08,61.375,-1.2950000000000017,-0.007875870341077135,0.14999999999999147,0.2646651073481715,7,2026-09-24,distribuicao,,,,,,principal,
EKTRA4,DI+,61.41,61.375,0.03499999999999659,0.0002128613605696313,-1.0900000000000034,0.3980129215418597,7,2026-09-24,distribuicao,,,,,,principal,
ELET15,DI+,52.5,58.53,-6.030000000000001,-0.036672971549571484,-0.1699999999999946,0.08580154288766896,7,2026-09-24,integrada_gt,,,,,,principal,
ELET17,DI+,76.44999999999999,58.53,17.919999999999987,0.10898501661166175,9.299999999999983,3.3172815893223655,7,2026-09-24,integrada_gt,,,,,,principal,
ELET24,DI+,94.24,58.53,35.709999999999994,0.21717940531263635,0.5499999999999972,0.8699972632688203,7,2026-09-24,integrada_gt,,,,,,principal,
ELET25,DI+,58.53,58.53,0.0,0.0,3.299999999999997,1.098433950156832,7,2026-09-24,integrada_gt,,,,,,principal,
ELPLA6,DI+,245.67000000000002,61.375,184.29500000000002,1.1208366984624005,-12.019999999999982,5.337399491637599,7,2026-09-24,distribuicao,,,,,,principal,
ELPLB8,DI+,266.32,61.375,204.945,1.2464249011984951,-16.03000000000003,15.028130764859426,7,2026-09-24,distribuicao,,,,,,principal,
ELTN16,DI+,59.14,58.53,0.6099999999999994,0.0037098694270710744,3.4199999999999946,2.603900005394838,7,2026-09-24,integrada_gt,,,,,,principal,
ELTN19,DI+,64.17,58.53,5.640000000000001,0.034301087817509644,0.9400000000000048,0.7045329422153874,7,2026-09-24,integrada_gt,,,,,,principal,
ELTN26,DI+,64.89,58.53,6.359999999999999,0.03867995009208534,3.6000000000000014,1.77269501580154,7,2026-09-24,integrada_gt,,,,,,principal,
ENERB5,DI+,63.09,61.375,1.7150000000000034,0.010430206667912969,0.0,0.30358963530836586,7,2026-09-24,distribuicao,,,,,,principal,
ENERC3,DI+,58.98,61.375,-2.395000000000003,-0.01456579881612335,8.169999999999995,3.1964965941152608,7,2026-09-24,distribuicao,,,,,,principal,
ENEV48,DI+,79.75,83.33,-3.5799999999999983,-0.021772676309695826,-0.01999999999999602,0.34727510708370535,7,2026-09-24,geracao,,,,,,principal,
ENEVA3,DI+,61.78,83.33,-21.549999999999997,-0.1310617805793143,3.8299999999999983,1.859188250925912,7,2026-09-24,geracao,,,,,,principal,
ENEVD0,DI+,61.31999999999999,83.33,-22.010000000000005,-0.1338593870325155,0.06999999999998607,0.9294442784086977,7,2026-09-24,geracao,,,,,,principal,
ENGIA7,DI+,39.08,61.08,-22.0,-0.1337985695009241,-2.8500000000000014,1.4034328660551634,7,2026-09-24,energia_diversificada,,,,,,principal,
ENGIB1,DI+,59.29,61.08,-1.7899999999999991,-0.010886338154847913,7.25,2.9552068656944512,7,2026-09-24,energia_diversificada,,,,,,principal,
ENGIB5,DI+,37.22,61.08,-23.86,-0.14511063037691135,0.9899999999999949,0.5393779485931642,7,2026-09-24,energia_diversificada,,,,,,principal,
ENGIB7,DI+,61.08,61.08,0.0,0.0,3.529999999999994,1.8886540937170784,7,2026-09-24,energia_diversificada,,,,,,principal,
ENGIB8,DI+,54.16,61.08,-6.920000000000002,-0.04208573186119978,-1.6900000000000048,0.6367850799879327,7,2026-09-24,energia_diversificada,,,,,,principal,
ENGIC3,DI+,64.57000000000001,61.08,3.490000000000009,0.02122531852537393,4.300000000000004,1.8254288472001545,7,2026-09-24,energia_diversificada,,,,,,principal,
ENGIC4,DI+,79.47999999999999,61.08,18.39999999999999,0.11190425812804558,7.049999999999983,2.877385552727964,7,2026-09-24,energia_diversificada,,,,,,principal,
ENGIC5,DI+,54.06999999999999,61.08,-7.010000000000005,-0.04263308964552177,-0.8300000000000125,0.4464569514788743,7,2026-09-24,energia_diversificada,,,,,,principal,
ENGIC6,DI+,42.15,61.08,-18.93,-0.11512758730238608,-2.1199999999999974,1.3027662875588994,7,2026-09-24,energia_diversificada,,,,,,principal,
ENGIC9,DI+,55.43,61.08,-5.649999999999999,-0.03436190534910096,-1.4599999999999937,0.8613112926562264,7,2026-09-24,energia_diversificada,,,,,,principal,
ENGID3,DI+,74.9,61.08,13.820000000000007,0.08404982865921692,8.510000000000005,2.574680747661923,7,2026-09-24,energia_diversificada,,,,,,principal,
ENMTA8,DI+,55.08,61.375,-6.295000000000002,-0.03828463613674171,4.869999999999997,1.8902204456976255,7,2026-09-24,distribuicao,,,,,,principal,
ENMTB0,DI+,60.27,61.375,-1.1049999999999969,-0.0067203372408418515,-1.029999999999994,0.5676098593056247,7,2026-09-24,distribuicao,,,,,,principal,
ENMTB2,DI+,63.1,61.375,1.7250000000000014,0.010491024199504286,0.5,0.2056233264514311,7,2026-09-24,distribuicao,,,,,,principal,
ENMTC2,DI+,68.89,61.375,7.515000000000001,0.04570437499088386,5.209999999999994,1.5870097668256469,7,2026-09-24,distribuicao,,,,,,principal,
ENMTC3,DI+,62.91,61.375,1.5349999999999966,0.009335491099269004,3.8999999999999986,1.5734871797259429,7,2026-09-24,distribuicao,,,,,,principal,
EQMAA1,DI+,64.5,61.375,3.125,0.019005478622290357,1.7899999999999991,0.8902006194432479,7,2026-09-24,distribuicao,,,,,,principal,
EQPA17,DI+,67.27,61.375,5.894999999999996,0.035851934873088506,3.6099999999999923,1.180463992714404,7,2026-09-24,distribuicao,,,,,,principal,
EQPAA0,DI+,75.32,61.375,13.944999999999993,0.08481004780410846,3.2099999999999937,1.049251433846326,7,2026-09-24,distribuicao,,,,,,principal,
EQTL17,DI+,63.04,61.08,1.9600000000000009,0.011920236191900519,5.189999999999998,1.6971713160993718,7,2026-09-24,energia_diversificada,,,,,,principal,
ERDVA3,DI+,153.29,127.205,26.084999999999994,0.15864253115598204,-8.969999999999999,3.129091607114483,7,2026-09-24,rodovias,,,,,,principal,
ERDVA6,DI+,91.99000000000001,127.205,-35.21499999999999,-0.21416893749886554,10.950000000000003,3.8608634612825523,7,2026-09-24,rodovias,,,,,,principal,
ERDVB3,DI+,124.56,127.205,-2.644999999999996,-0.016086237105906537,-0.9699999999999989,1.5894743066273747,7,2026-09-24,rodovias,,,,,,principal,
ESCEA3,DI+,54.82,61.375,-6.555,-0.039865891958116254,1.1700000000000017,0.5075384104629326,7,2026-09-24,distribuicao,,,,,,principal,
ESCEA4,DI+,42.64,61.375,-18.735,-0.11394164543635515,-0.11999999999999744,0.09710083124552284,7,2026-09-24,distribuicao,,,,,,principal,
ESCEA6,DI+,52.73,61.375,-8.645000000000003,-0.05257675606070407,0.6399999999999935,0.2650067384588006,7,2026-09-24,distribuicao,,,,,,principal,
ESCEB4,DI+,46.85,61.375,-14.524999999999999,-0.08833746463640559,1.1100000000000065,0.4341274774379843,7,2026-09-24,distribuicao,,,,,,principal,
ESCEB6,DI+,60.540000000000006,61.375,-0.8349999999999937,-0.005078263887875946,0.09000000000000341,0.12933897876731326,7,2026-09-24,distribuicao,,,,,,principal,
ESSDA2,DI+,61.050000000000004,61.375,-0.32499999999999574,-0.001976569776718171,1.230000000000011,0.7577127235493495,7,2026-09-24,distribuicao,,,,,,principal,
EUFA17,DI+,121.92,104.07500000000002,17.844999999999985,0.10852888512472678,1.8399999999999892,0.7097518010175198,7,2026-09-24,saude,,,,,,principal,
EUFA18,DI+,96.89999999999999,104.07500000000002,-7.175000000000026,-0.04363657891677882,0.9299999999999926,0.3233897839774004,7,2026-09-24,saude,,,,,,principal,
EUFA19,DI+,133.51,104.07500000000002,29.434999999999974,0.1790164042390772,13.099999999999994,6.260980829900452,7,2026-09-24,saude,,,,,,principal,
FENS12,DI+,48.730000000000004,94.02000000000001,-45.290000000000006,-0.27544260057712977,-0.29999999999999716,0.14491376746189572,7,2026-09-24,ferrovias,,,,,,principal,
FISI15,DI+,123.10000000000001,102.215,20.885000000000005,0.12701741472849096,0.20999999999999375,0.3839022693094661,7,2026-09-24,varejo,,,,,,principal,
FLCLA4,DI+,52.17,61.375,-9.204999999999998,-0.05598253782981847,7.119999999999997,4.020774031144229,7,2026-09-24,distribuicao,,,,,,principal,
FLRY18,DI+,62.99,104.07500000000002,-41.085000000000015,-0.2498688285429759,-0.5499999999999972,0.39118866474959496,7,2026-09-24,saude,,,,,,principal,
FLRY19,DI+,45.32,104.07500000000002,-58.75500000000002,-0.3573334068648545,5.440000000000005,1.994464959880338,7,2026-09-24,saude,,,,,,principal,
FLRY27,DI+,90.12,104.07500000000002,-13.955000000000013,-0.0848708653356999,-2.1199999999999903,0.8250627681749848,7,2026-09-24,saude,,,,,,principal,
FLRY29,DI+,61.650000000000006,104.07500000000002,-42.42500000000001,-0.258018377776214,0.7600000000000051,0.9277520194124126,7,2026-09-24,saude,,,,,,principal,
FLRYA0,DI+,45.61,104.07500000000002,-58.46500000000002,-0.35556969844870595,-1.3200000000000003,0.5007803434450592,7,2026-09-24,saude,,,,,,principal,
FLRYA1,DI+,50.27,104.07500000000002,-53.805000000000014,-0.3272287287271466,0.2700000000000031,0.16425879696671655,7,2026-09-24,saude,,,,,,principal,
FLRYB0,DI+,56.92,104.07500000000002,-47.155000000000015,-0.2867850702189127,-2.559999999999995,1.185210449466172,7,2026-09-24,saude,,,,,,principal,
FRAS15,DI+,107.75999999999999,132.735,-24.975000000000023,-0.15189178514934468,1.6899999999999977,0.9318593803583787,7,2026-09-24,industria,,,,,,principal,
FRAS16,DI+,100.27999999999999,132.735,-32.45500000000003,-0.1973832987796589,-1.0800000000000125,1.0886032991210164,7,2026-09-24,industria,,,,,,principal,
GGBRA7,DI+,38.73,143.15,-104.42000000000002,-0.635056664876659,0.23999999999999488,0.3862518300156979,7,2026-09-24,mineracao_siderurgia,,,,,,principal,
GGBRA8,DI+,40.28,143.15,-102.87,-0.625629947480003,0.00999999999999801,0.25150972716207576,7,2026-09-24,mineracao_siderurgia,,,,,,principal,
GGBRA9,DI+,50.0,143.15,-93.15,-0.566515306773231,-0.46000000000000796,0.21709115925935887,7,2026-09-24,mineracao_siderurgia,,,,,,principal,
GRRB16,DI+,224.95,140.20999999999998,84.74000000000001,0.5153677627049232,-0.05000000000001137,0.06267831705280487,7,2026-09-24,saneamento,,,,,,principal,
GSHC15,DI+,140.73,104.07500000000002,36.65499999999997,0.22292666204801684,3.789999999999992,1.321373744036322,7,2026-09-24,saude,,,,,,principal,
GSHC17,DI+,282.43,104.07500000000002,178.355,1.084711084697151,-1.1800000000000068,1.8827348395858723,7,2026-09-24,saude,,,,,,principal,
GUAR17,DI+,100.17,102.215,-2.0450000000000017,-0.012437185210426822,2.319999999999993,0.9103086865244656,7,2026-09-24,varejo,,,,,,principal,
HAPV15,DI+,1024.95,104.07500000000002,920.875,5.6005344404165225,-3.959999999999809,10.712695628040933,7,2026-09-24,saude,,,,,,high_yield,spread sobre CDI 1025 bps
HAPV17,DI+,1034.91,104.07500000000002,930.835,5.661108701881487,-3.8999999999998636,8.24146773798152,7,2026-09-24,saude,,,,,,high_yield,spread sobre CDI 1035 bps
HAPV18,DI+,987.28,104.07500000000002,883.2049999999999,5.371434798911985,26.529999999999973,13.101419043461723,7,2026-09-24,saude,,,,,,high_yield,spread sobre CDI 987 bps
HAPV19,DI+,982.9200000000001,104.07500000000002,878.845,5.344918355138167,7.7999999999999545,17.05330801591626,7,2026-09-24,saude,,,,,,high_yield,spread sobre CDI 983 bps
HAPV28,DI+,967.95,104.07500000000002,863.875,5.2538745103459465,43.09000000000003,29.337987157884392,7,2026-09-24,saude,,,,,,high_yield,spread sobre CDI 968 bps
HAPVA0,DI+,996.04,104.07500000000002,891.9649999999999,5.42471095658599,36.960000000000036,25.085491822964126,7,2026-09-24,saude,,,,,,high_yield,spread sobre CDI 996 bps
HBSA14,DI+,54.86,136.32,-81.46,-0.4954196123429672,1.4000000000000057,0.7114237903836332,7,2026-09-24,logistica,,,,,,principal,
HBSA24,DI+,60.08,136.32,-76.24,-0.46367286085229337,-0.21000000000000085,0.08938946353165053,7,2026-09-24,logistica,,,,,,principal,
HGLB13,DI+,281.70000000000005,109.665,172.03500000000003,1.0462744047314312,1.3100000000000591,0.5537663251382791,7,2026-09-24,telecom,,,,,,principal,
HSPE15,DI+,122.22999999999999,104.07500000000002,18.154999999999973,0.1104142286040579,6.529999999999987,2.803002641726156,7,2026-09-24,saude,,,,,,principal,
HYPEA6,DI+,69.39,104.07500000000002,-34.68500000000002,-0.21094560832452525,0.28000000000000114,1.0298451108690814,7,2026-09-24,saude,,,,,,principal,
HYPEA7,DI+,68.77,104.07500000000002,-35.30500000000002,-0.2147162952831877,3.4000000000000057,1.2914314686018935,7,2026-09-24,saude,,,,,,principal,
HYPEA8,DI+,48.03,104.07500000000002,-56.045000000000016,-0.34085185580360433,-2.289999999999999,1.1808673164448327,7,2026-09-24,saude,,,,,,principal,
HYPEA9,DI+,50.93,104.07500000000002,-53.14500000000002,-0.32321477164211887,-1.3700000000000045,0.8617589984610365,7,2026-09-24,saude,,,,,,principal,
HYPEB1,DI+,62.77,104.07500000000002,-41.305000000000014,-0.25120681423798513,1.009999999999998,0.4353542618756977,7,2026-09-24,saude,,,,,,principal,
HYPEC0,DI+,56.879999999999995,104.07500000000002,-47.19500000000002,-0.287028340345278,-1.45000000000001,0.7656307701434697,7,2026-09-24,saude,,,,,,principal,
IEAS11,DI+,73.72,49.739999999999995,23.980000000000004,0.14584044075600733,3.719999999999999,2.198231973546877,7,2026-09-24,transmissao,,,,,,principal,
IEPS11,DI+,73.72,49.739999999999995,23.980000000000004,0.14584044075600733,3.719999999999999,2.3897907858220564,7,2026-09-24,transmissao,,,,,,principal,
IGTAA3,DI+,45.7,102.215,-56.515,-0.3437102797883967,0.23000000000000398,0.27954895644165473,7,2026-09-24,varejo,,,,,,principal,
IGTAB0,DI+,27.76,102.215,-74.455,-0.45281693146324115,1.4100000000000001,0.6821499625658352,7,2026-09-24,varejo,,,,,,principal,
INEL12,DI+,125.32000000000001,94.02000000000001,31.299999999999997,0.19035887388086023,0.6900000000000119,0.5302425321087951,7,2026-09-24,educacao,,,,,,principal,
IOCHA3,DI+,129.04,132.735,-3.6950000000000216,-0.022472077922996252,2.019999999999996,0.8639830245245937,7,2026-09-24,industria,,,,,,principal,
IOCHA4,DI+,118.27000000000001,132.735,-14.465000000000003,-0.08797255944685764,0.7500000000000142,0.5718058278488481,7,2026-09-24,industria,,,,,,principal,
IOCHA5,DI+,129.67,132.735,-3.065000000000026,-0.018640573432742544,-1.1800000000000068,0.7152721759682058,7,2026-09-24,industria,,,,,,principal,
IOCHA6,DI+,134.87,132.735,2.134999999999991,0.012984542994748717,2.219999999999999,1.5415190405508936,7,2026-09-24,industria,,,,,,principal,
IOCHA7,DI+,130.6,132.735,-2.1350000000000193,-0.01298454299474889,-1.2600000000000193,0.7886788229148103,7,2026-09-24,industria,,,,,,principal,
IPIPA6,DI+,50.01,101.63,-51.62,-0.31394009807444107,-0.12999999999999545,0.06669047194029215,7,2026-09-24,oleo_gas,,,,,,principal,
ISAEB1,DI+,51.449999999999996,49.739999999999995,1.7100000000000009,0.01039979790211729,-0.6200000000000117,0.38388366293275306,7,2026-09-24,transmissao,,,,,,principal,
ISAEB3,DI+,44.34,49.739999999999995,-5.3999999999999915,-0.03284146705931769,4.200000000000003,2.228395750096384,7,2026-09-24,transmissao,,,,,,principal,
ISAEC1,DI+,52.05,49.739999999999995,2.3100000000000023,0.014048849797597048,-6.439999999999998,2.9361482705521955,7,2026-09-24,transmissao,,,,,,principal,
ISAED1,DI+,59.18,49.739999999999995,9.440000000000005,0.057411749822214746,4.720000000000006,2.2032389577079257,7,2026-09-24,transmissao,,,,,,principal,
ISPE12,DI+,249.96,140.20999999999998,109.75000000000003,0.6674724092148375,0.27000000000001023,0.11180339887499074,7,2026-09-24,saneamento,,,,,,principal,
ISPE13,DI+,257.29,140.20999999999998,117.08000000000004,0.7120516598712819,-2.8100000000000023,1.198073850971192,7,2026-09-24,saneamento,,,,,,principal,
ITSA17,DI+,47.13,45.015,2.115000000000002,0.012862907931566126,-0.6999999999999957,0.8419308873343585,7,2026-09-24,financeiro,,,,,,principal,
ITSA18,DI+,47.21,45.015,2.1950000000000003,0.01334944818429675,0.3299999999999983,0.20540320394403852,7,2026-09-24,financeiro,,,,,,principal,
JHSFA1,DI+,60.73,80.0,-19.270000000000003,-0.11719538337649128,0.14000000000000057,0.40685787854401095,7,2026-09-24,outros_corporativo,,,,,,principal,
JHSFA3,DI+,116.21999999999998,80.0,36.219999999999985,0.2202810994237941,-1.4200000000000017,0.6806719369228315,7,2026-09-24,outros_corporativo,,,,,,principal,
JSLGA5,DI+,275.0,136.32,138.68,0.8434175281085526,-10.700000000000045,6.150240413419394,7,2026-09-24,logistica,,,,,,principal,
JSMLA5,DI+,404.52000000000004,136.32,268.20000000000005,1.631126197279448,0.8900000000000432,3.1777185586667764,7,2026-09-24,logistica,,,,,,high_yield,spread sobre CDI 405 bps
LCAMC2,DI+,158.73999999999998,130.865,27.87499999999997,0.16952886931082983,4.2099999999999795,1.5139871673356786,7,2026-09-24,locacao,,,,,,principal,
LETS18,DI+,126.81,130.865,-4.055000000000007,-0.024661509060284012,1.5800000000000125,1.0556334140040815,7,2026-09-24,locacao,,,,,,principal,
LMTP18,DI+,152.75,136.32,16.430000000000007,0.09992320440455384,-2.259999999999991,1.0613311497943552,7,2026-09-24,logistica,,,,,,principal,
LMTP26,DI+,152.33,136.32,16.01000000000002,0.09736886807771808,-0.5,0.1749149453169678,7,2026-09-24,logistica,,,,,,principal,
LMTPA0,DI+,179.44,136.32,43.120000000000005,0.2622451962218113,1.0200000000000102,0.46459403681884065,7,2026-09-24,logistica,,,,,,principal,
LMTPA1,DI+,136.32,136.32,0.0,0.0,3.1999999999999886,2.7223388054076896,7,2026-09-24,logistica,,,,,,principal,
LMTPA2,DI+,171.82,136.32,35.5,0.21590223714921847,0.9399999999999977,0.4821035257326078,7,2026-09-24,logistica,,,,,,principal,
LMTPB1,DI+,184.26,136.32,47.94,0.2915592464488319,0.6299999999999955,0.23391084992852304,7,2026-09-24,logistica,,,,,,principal,
LOGGB1,DI+,98.09,62.83,35.260000000000005,0.2144426163910266,7.180000000000007,3.654444782270852,7,2026-09-24,imobiliario_construcao,,,,,,principal,
LORTB2,DI+,128.33,130.865,-2.5349999999999966,-0.015417244258401918,-0.6899999999999977,0.7634445749677118,7,2026-09-24,locacao,,,,,,principal,
LVTC12,DI+,236.24,102.215,134.025,0.815106967152789,-1.2399999999999807,1.5460995470938501,7,2026-09-24,varejo,,,,,,principal,
LVTC22,DI+,565.4300000000001,102.215,463.21500000000003,2.8171592896077535,-10.449999999999932,5.475581725999098,7,2026-09-24,varejo,,,,,,high_yield,spread sobre CDI 565 bps
MATD12,DI+,68.45,104.07500000000002,-35.625000000000014,-0.21666245629411018,-2.9200000000000017,1.2917282627402344,7,2026-09-24,saude,,,,,,high_yield,evento de crédito negativo: 2026-09-09: Extensão Waiver B3
MATD13,DI+,69.89999999999999,104.07500000000002,-34.175000000000026,-0.2078439142133675,0.5999999999999943,0.8909064404943352,7,2026-09-24,saude,,,,,,high_yield,evento de crédito negativo: 2026-09-09: Extensão Waiver B3
MDRO18,DI+,214.5,214.5,0.0,0.0,2.410000000000025,5.541307650382762,7,2026-09-24,alimentos_bebidas,,,,,,principal,
MEAL14,DI+,455.88,214.5,241.38,1.4680135775515029,-4.909999999999968,1.9009596573961185,7,2026-09-24,alimentos_bebidas,,,,,,high_yield,spread sobre CDI 456 bps
MGLUA0,DI+,172.4,102.215,70.185,0.42684784547374366,0.03999999999999204,0.5813121446553533,7,2026-09-24,varejo,,,,,,principal,
MILS18,DI+,95.73,130.865,-35.135000000000005,-0.213682397246135,1.980000000000004,1.3928593406576057,7,2026-09-24,locacao,,,,,,principal,
MILS19,DI+,99.95,130.865,-30.915000000000006,-0.1880173989145941,4.77000000000001,1.831335708216952,7,2026-09-24,locacao,,,,,,principal,
MILS29,DI+,120.7,130.865,-10.165000000000006,-0.06182102086258612,-0.23000000000000398,1.3822772790545579,7,2026-09-24,locacao,,,,,,principal,
MILSA0,DI+,80.77,130.865,-50.09500000000001,-0.3046654245067634,0.5,1.4899520605902536,7,2026-09-24,locacao,,,,,,principal,
MILSA1,DI+,82.39,130.865,-48.47500000000001,-0.2948129843889681,-1.0799999999999983,0.7664357830397842,7,2026-09-24,locacao,,,,,,principal,
MILSB0,DI+,114.95,130.865,-15.915000000000006,-0.09679110152760037,-0.04999999999998295,0.018898223650454914,7,2026-09-24,locacao,,,,,,principal,
MNLT11,DI+,85.83,80.0,5.829999999999998,0.03545662091774488,1.9899999999999949,0.763669088146479,7,2026-09-24,outros_corporativo,,,,,,principal,
MNRVA1,DI+,178.78,214.5,-35.72,-0.2172402228442277,4.3700000000000045,1.7704142641389524,7,2026-09-24,alimentos_bebidas,,,,,,principal,
MOVI27,DI+,187.82000000000002,130.865,56.95500000000001,0.34638625117841526,-5.049999999999983,1.7266910275906027,7,2026-09-24,locacao,,,,,,principal,
MOVI34,DI+,123.03,130.865,-7.835000000000008,-0.04765053600180644,-12.620000000000005,4.739538354051353,7,2026-09-24,locacao,,,,,,principal,
MOVIA2,DI+,147.13,130.865,16.264999999999986,0.09891971513329678,20.999999999999986,7.434219784854613,7,2026-09-24,locacao,,,,,,principal,
MOVIA3,DI+,188.54999999999998,130.865,57.684999999999974,0.35082593098458204,1.0699999999999932,1.7988038353570515,7,2026-09-24,locacao,,,,,,principal,
MRFGA1,DI+,116.84,214.5,-97.66,-0.5939440135209204,-0.7799999999999869,1.6232551071403227,7,2026-09-24,alimentos_bebidas,,,,,,principal,
MTRO12,DI+,92.34,73.48,18.86,0.11470186458124677,6.6200000000000045,3.01849694542231,7,2026-09-24,mobilidade_urbana,,,,,,principal,
MULPA0,DI+,61.129999999999995,62.83,-1.7000000000000028,-0.010338980370525972,-0.10000000000000142,0.45151069174705905,7,2026-09-24,imobiliario_construcao,,,,,,principal,
MULPB1,DI+,60.27,62.83,-2.559999999999995,-0.015569288087380232,0.10999999999999943,0.13471309902017162,7,2026-09-24,imobiliario_construcao,,,,,,principal,
MULTA4,DI+,50.09,62.83,-12.739999999999995,-0.07748153524735331,3.6700000000000017,1.2776391919324892,7,2026-09-24,imobiliario_construcao,,,,,,principal,
MULTA5,DI+,50.91,62.83,-11.920000000000002,-0.07249449765686436,-1.8400000000000034,0.7725591362786531,7,2026-09-24,imobiliario_construcao,,,,,,principal,
MULTB5,DI+,64.11,62.83,1.2800000000000011,0.007784644043690138,4.200000000000003,1.56601252807736,7,2026-09-24,imobiliario_construcao,,,,,,principal,
MVLV19,DI+,208.12,130.865,77.255,0.4698458403088133,-1.170000000000016,0.8750619025722324,7,2026-09-24,locacao,,,,,,principal,
MVLVA1,DI+,212.74,130.865,81.875,0.4979435399040074,-0.029999999999972715,1.3921138431827207,7,2026-09-24,locacao,,,,,,principal,
MVLVA3,DI+,212.31,130.865,81.445,0.4953283860455802,-1.9699999999999704,0.8160357135041841,7,2026-09-24,locacao,,,,,,principal,
NATUA3,DI+,172.49,104.07500000000002,68.41499999999999,0.41608314238207833,0.8000000000000114,1.2649995294559657,7,2026-09-24,saude,,,,,,principal,
NIGP12,DI+,109.26,101.63,7.63000000000001,0.046403776604184196,4.5400000000000205,2.72100296634479,7,2026-09-24,oleo_gas,,,,,,principal,
NTSD16,DI+,78.21000000000001,101.63,-23.419999999999987,-0.14243465898689278,0.8400000000000034,0.47922556573824365,7,2026-09-24,oleo_gas,,,,,,principal,
NTSD17,DI+,49.03,101.63,-52.599999999999994,-0.31990021617039127,0.740000000000002,1.552737981146607,7,2026-09-24,oleo_gas,,,,,,principal,
NTSD18,DI+,71.65,101.63,-29.97999999999999,-0.18233095971080474,2.670000000000016,1.565288654347362,7,2026-09-24,oleo_gas,,,,,,principal,
NTSD26,DI+,83.32000000000001,101.63,-18.309999999999988,-0.1113569003437236,-1.6899999999999835,0.6151345187765607,7,2026-09-24,oleo_gas,,,,,,principal,
NTSD35,DI+,102.61,101.63,0.980000000000004,0.005960118095950281,3.030000000000001,1.5241469120540225,7,2026-09-24,oleo_gas,,,,,,principal,
NTSD36,DI+,101.63,101.63,0.0,0.0,2.6299999999999955,1.8729108996680113,7,2026-09-24,oleo_gas,,,,,,principal,
NTSDA0,DI+,66.66,101.63,-34.97,-0.212678907974878,0.8799999999999955,0.7335984369303614,7,2026-09-24,oleo_gas,,,,,,principal,
NTSDA2,DI+,62.03999999999999,101.63,-39.59,-0.24077660757007213,-3.280000000000001,1.4973071065845382,7,2026-09-24,oleo_gas,,,,,,principal,
OMGE15,DI+,150.93,83.33,67.60000000000001,0.4111265135573851,4.680000000000007,1.636626902824105,7,2026-09-24,geracao,,,,,,principal,
OMGE16,DI+,153.85999999999999,83.33,70.52999999999999,0.4289460503136444,10.079999999999984,3.788987803019235,7,2026-09-24,geracao,,,,,,principal,
OMGE17,DI+,165.46,83.33,82.13000000000001,0.49949438695958637,6.8300000000000125,2.7655241473405736,7,2026-09-24,geracao,,,,,,principal,
OMGE26,DI+,162.97,83.33,79.64,0.48435082159334536,0.6500000000000057,0.21172758778338926,7,2026-09-24,geracao,,,,,,principal,
OPCT16,DI+,131.28,101.63,29.650000000000006,0.18032398116829096,0.5800000000000125,0.5450338565281073,7,2026-09-24,oleo_gas,,,,,,principal,
OPCT17,DI+,136.9,101.63,35.27000000000001,0.21450343392261798,0.03999999999999204,0.37632938966258195,7,2026-09-24,oleo_gas,,,,,,principal,
ORMA16,DI+,125.0,140.20999999999998,-15.20999999999998,-0.09250346555041151,0.0,0.0,7,2026-09-24,saneamento,,,,,,principal,
ORMA17,DI+,140.20999999999998,140.20999999999998,0.0,0.0,-0.660000000000025,1.0314391240721261,7,2026-09-24,saneamento,,,,,,principal,
OVSAA3,DI+,223.60999999999999,130.865,92.74499999999998,0.564052196743782,1.8499999999999943,0.754380856193,7,2026-09-24,locacao,,,,,,principal,
OVSAA8,DI+,211.28999999999996,130.865,80.42499999999995,0.4891249978232644,-1.1000000000000227,0.8779792816733273,7,2026-09-24,locacao,,,,,,principal,
OVSAA9,DI+,241.08999999999997,130.865,110.22499999999997,0.6703612419654253,10.310000000000002,3.8976592487090977,7,2026-09-24,locacao,,,,,,principal,
OVSAB0,DI+,230.72,130.865,99.85499999999999,0.6072934617052171,10.529999999999973,4.260914277029105,7,2026-09-24,locacao,,,,,,principal,
OVSAB1,DI+,235.61,130.865,104.745,0.6370332346533772,-2.089999999999975,0.6656289542694906,7,2026-09-24,locacao,,,,,,principal,
OZNH11,DI+,183.39000000000001,104.07500000000002,79.315,0.48237425181662713,2.700000000000017,3.3486166297940683,7,2026-09-24,saude,,,,,,principal,
PALFA4,DI+,31.540000000000003,61.375,-29.834999999999997,-0.1814491055027305,-1.639999999999997,0.6344213711646822,7,2026-09-24,distribuicao,,,,,,principal,
PALFA5,DI+,45.49,61.375,-15.884999999999998,-0.09660864893282634,-0.4200000000000017,0.20505516098752286,7,2026-09-24,distribuicao,,,,,,principal,
PALFA6,DI+,48.33,61.375,-13.045000000000002,-0.07933646996088889,2.210000000000001,0.8489938022096963,7,2026-09-24,distribuicao,,,,,,principal,
PALFA8,DI+,28.15,61.375,-33.225,-0.20206624871219112,2.3200000000000003,1.2063542084273908,7,2026-09-24,distribuicao,,,,,,principal,
PASS12,DI+,95.0,68.10000000000001,26.89999999999999,0.16359915998067537,-0.9399999999999977,0.7196725445843914,7,2026-09-24,distribuicao_gas,,,,,,high_yield,evento de crédito negativo: 2026-03-19: Compass tem rating rebaixado antes de IPO
PASS13,DI+,74.55000000000001,68.10000000000001,6.450000000000003,0.03922730787640732,-3.769999999999996,1.8977869316904963,7,2026-09-24,distribuicao_gas,,,,,,high_yield,evento de crédito negativo: 2026-03-19: Compass tem rating rebaixado antes de IPO
PASS14,DI+,76.16000000000001,68.10000000000001,8.060000000000002,0.049018930462611306,1.3300000000000125,0.7208064266929839,7,2026-09-24,distribuicao_gas,,,,,,high_yield,evento de crédito negativo: 2026-03-19: Compass tem rating rebaixado antes de IPO
PEJA21,DI+,106.76,101.63,5.13000000000001,0.031199393706351913,8.650000000000006,2.6930015118557127,7,2026-09-24,oleo_gas,,,,,,principal,
PFOR15,DI+,121.12,101.63,19.49000000000001,0.11853336907150057,-1.549999999999983,0.5621938320205033,7,2026-09-24,oleo_gas,,,,,,principal,
PFOR16,DI+,122.50000000000001,101.63,20.87000000000002,0.12692618843110404,-0.009999999999990905,0.5972636013719651,7,2026-09-24,oleo_gas,,,,,,principal,
PFOR25,DI+,133.44,101.63,31.810000000000002,0.19346056799201802,-7.310000000000002,3.758960089224274,7,2026-09-24,oleo_gas,,,,,,principal,
PFOR26,DI+,136.62,101.63,34.99000000000001,0.21280054303806076,2.430000000000007,1.4266611036829655,7,2026-09-24,oleo_gas,,,,,,principal,
PGMN18,DI+,189.16,102.215,86.945,0.5287780284208112,22.789999999999992,8.961041340422547,7,2026-09-24,varejo,,,,,,principal,
PLSB2A,DI+,129.85,127.205,2.644999999999996,0.016086237105906537,4.77000000000001,1.462893414728887,7,2026-09-24,rodovias,,,,,,principal,
PRLG17,DI+,97.08,140.20999999999998,-43.12999999999998,-0.2623060137534025,-5.599999999999994,2.4334739033109116,7,2026-09-24,saneamento,,,,,,principal,
PSAN13,DI+,235.0,140.20999999999998,94.79000000000002,0.5764893819542091,0.0,0.0,7,2026-09-24,saneamento,,,,,,principal,
PSAN23,DI+,238.24999999999997,140.20999999999998,98.03999999999999,0.5962550797213909,6.47999999999999,2.0222170765676717,7,2026-09-24,saneamento,,,,,,principal,
QUAL16,DI+,356.21999999999997,45.015,311.205,1.8926719918879586,-10.490000000000009,6.085824669242595,7,2026-09-24,financeiro,,,,,,high_yield,spread sobre CDI 356 bps
QUAL18,DI+,531.21,45.015,486.19500000000005,2.9569179772046277,23.180000000000007,12.502411386456227,7,2026-09-24,financeiro,,,,,,high_yield,spread sobre CDI 531 bps
QUNT11,DI+,78.66,61.08,17.58,0.10691722053755663,3.230000000000004,1.177778376759357,7,2026-09-24,energia_diversificada,,,,,,principal,
QYAN11,DI+,75.81,61.08,14.730000000000004,0.08958422403402785,8.810000000000002,3.055916977181902,7,2026-09-24,energia_diversificada,,,,,,principal,
RADL15,DI+,64.13,102.215,-38.08500000000001,-0.2316235690655771,0.7899999999999991,1.2577890655166821,7,2026-09-24,varejo,,,,,,principal,
RADL19,DI+,47.42,102.215,-54.795,-0.33324966435468806,2.4200000000000017,0.9575787919837945,7,2026-09-24,varejo,,,,,,principal,
RADLA0,DI+,50.28,102.215,-51.935,-0.3158558503195679,0.19999999999999574,0.2673235955951208,7,2026-09-24,varejo,,,,,,principal,
RADLA1,DI+,50.57000000000001,102.215,-51.644999999999996,-0.3140921419034194,4.20000000000001,1.6510083498966854,7,2026-09-24,varejo,,,,,,principal,
RDORA5,DI+,116.52,104.07500000000002,12.444999999999979,0.07568741806540899,1.2000000000000028,0.618242516755206,7,2026-09-24,saude,,,,,,principal,
RDORB3,DI+,99.42,104.07500000000002,-4.655000000000015,-0.02831056095576381,2.069999999999993,0.6590902821313627,7,2026-09-24,saude,,,,,,principal,
RDORB5,DI+,102.66,104.07500000000002,-1.4150000000000205,-0.008605680720173198,-0.18000000000000682,0.38828070356625183,7,2026-09-24,saude,,,,,,principal,
RDORB9,DI+,100.11000000000001,104.07500000000002,-3.9650000000000034,-0.024114151275962028,3.5300000000000153,1.0829413210150933,7,2026-09-24,saude,,,,,,principal,
RDORC3,DI+,102.95,104.07500000000002,-1.1250000000000142,-0.006841972304024615,1.1899999999999977,1.1620876124662982,7,2026-09-24,saude,,,,,,principal,
RDORC4,DI+,38.43,104.07500000000002,-65.64500000000001,-0.39923668613128027,0.38000000000000256,0.429783998904433,7,2026-09-24,saude,,,,,,principal,
RDORC7,DI+,48.42,104.07500000000002,-55.655000000000015,-0.33847997207154246,0.17999999999999972,0.26564387187862326,7,2026-09-24,saude,,,,,,principal,
RDORC9,DI+,98.95,104.07500000000002,-5.125000000000014,-0.031168984940556275,2.3300000000000125,1.077556760188797,7,2026-09-24,saude,,,,,,principal,
RDORD3,DI+,103.33000000000001,104.07500000000002,-0.7450000000000045,-0.004530906103554049,-0.7899999999999778,0.8432815719104778,7,2026-09-24,saude,,,,,,principal,
RDORD4,DI+,92.13,104.07500000000002,-11.945000000000022,-0.0726465414858428,3.8100000000000023,1.3831778455357635,7,2026-09-24,saude,,,,,,principal,
RDORD7,DI+,101.54,104.07500000000002,-2.535000000000011,-0.015417244258402005,5.0,2.0616636832561075,7,2026-09-24,saude,,,,,,principal,
RDORE4,DI+,113.03,104.07500000000002,8.954999999999984,0.054462099540035155,3.9200000000000017,1.803717061541316,7,2026-09-24,saude,,,,,,principal,
RDORF1,DI+,104.82000000000001,104.07500000000002,0.7449999999999903,0.004530906103553963,5.930000000000007,2.0934614762113415,7,2026-09-24,saude,,,,,,principal,
RDORF8,DI+,112.21000000000001,104.07500000000002,8.134999999999991,0.049475061949546206,5.1000000000000085,1.9803595152203628,7,2026-09-24,saude,,,,,,principal,
RDORG6,DI+,99.66000000000001,104.07500000000002,-4.415000000000006,-0.02685094019757186,3.030000000000001,1.0382632017896396,7,2026-09-24,saude,,,,,,principal,
RDORG9,DI+,111.02000000000001,104.07500000000002,6.944999999999993,0.04223777569017805,2.8400000000000034,0.9947193909171886,7,2026-09-24,saude,,,,,,principal,
RDORH6,DI+,107.74999999999999,104.07500000000002,3.6749999999999687,0.02235044285981327,0.28999999999999204,0.3075556473070774,7,2026-09-24,saude,,,,,,principal,
RDORI6,DI+,120.59,104.07500000000002,16.514999999999986,0.10044015342308,-0.14000000000000057,1.0368771796670468,7,2026-09-24,saude,,,,,,principal,
RECV12,DI+,86.14,101.63,-15.489999999999995,-0.09420635643496882,-2.0799999999999983,1.4161853524101102,7,2026-09-24,oleo_gas,,,,,,principal,
RECV13,DI+,68.08,101.63,-33.55,-0.20404281848890926,-1.240000000000009,0.5279655472165036,7,2026-09-24,oleo_gas,,,,,,principal,
RENTA5,DI+,129.12,130.865,-1.7450000000000045,-0.010612659262686964,1.9200000000000017,1.337397971186335,7,2026-09-24,locacao,,,,,,principal,
RENTC4,DI+,137.14,130.865,6.274999999999977,0.038163001073558904,3.759999999999991,3.5701907378684856,7,2026-09-24,locacao,,,,,,principal,
RENTC8,DI+,134.93,130.865,4.064999999999998,0.024722326591875284,-4.359999999999985,1.5340888407874407,7,2026-09-24,locacao,,,,,,principal,
RENTD0,DI+,110.89,130.865,-19.97500000000001,-0.12148301935368003,8.11,2.854189068386192,7,2026-09-24,locacao,,,,,,principal,
RENTD5,DI+,108.13,130.865,-22.735000000000014,-0.1382686580728869,8.83999999999999,3.3100187022921475,7,2026-09-24,locacao,,,,,,principal,
RENTD9,DI+,129.99,130.865,-0.875,-0.0053215340142413,1.5900000000000034,0.5582028987657421,7,2026-09-24,locacao,,,,,,principal,
RENTE2,DI+,110.75999999999999,130.865,-20.105000000000018,-0.12227364726436736,0.4399999999999977,1.6310630480354453,7,2026-09-24,locacao,,,,,,principal,
RENTE3,DI+,114.58999999999999,130.865,-16.27500000000002,-0.09898053266488831,4.079999999999998,1.3579624091858715,7,2026-09-24,locacao,,,,,,principal,
RENTE4,DI+,122.63999999999999,130.865,-8.225000000000023,-0.05002241973386836,5.9599999999999795,2.2095162150936756,7,2026-09-24,locacao,,,,,,principal,
RENTE5,DI+,128.76000000000002,130.865,-2.1049999999999898,-0.012802090399974724,1.5900000000000176,0.6659579566308989,7,2026-09-24,locacao,,,,,,principal,
RENTE9,DI+,127.83,130.865,-3.035000000000011,-0.018458120837968463,-6.38000000000001,3.073113823376643,7,2026-09-24,locacao,,,,,,principal,
RENTF2,DI+,123.53,130.865,-7.335000000000008,-0.04460965942223998,-0.5,0.1762033457333292,7,2026-09-24,locacao,,,,,,principal,
RENTH7,DI+,131.20000000000002,130.865,0.33500000000000796,0.002037387308309575,-1.5699999999999932,1.434627876090921,7,2026-09-24,locacao,,,,,,principal,
RENTQ8,DI+,139.74,130.865,8.875,0.05397555928730462,5.810000000000002,1.7326060745373744,7,2026-09-24,locacao,,,,,,principal,
RNDNA0,DI+,160.21,132.735,27.474999999999994,0.1670961680471768,0.46000000000000796,0.6432321657439272,7,2026-09-24,industria,,,,,,principal,
RNDNA1,DI+,194.32,132.735,61.58499999999998,0.37454476830520045,-0.010000000000019327,0.6923321526000422,7,2026-09-24,industria,,,,,,principal,
RNDNA2,DI+,203.98000000000002,132.735,71.245,0.43329450382242457,0.9199999999999875,0.88056529462341,7,2026-09-24,industria,,,,,,principal,
RNDNB0,DI+,190.97,132.735,58.234999999999985,0.3541708952221052,2.030000000000001,0.9176756351939225,7,2026-09-24,industria,,,,,,principal,
RNDNB2,DI+,199.48999999999998,132.735,66.75499999999997,0.40598743213791755,-2.940000000000026,4.584411474925488,7,2026-09-24,industria,,,,,,principal,
RODB11,DI+,228.33999999999997,127.205,101.13499999999998,0.6150781057489072,1.129999999999967,0.5669719065854432,7,2026-09-24,rodovias,,,,,,principal,
RSAN15,DI+,234.19,140.20999999999998,93.98000000000002,0.5715631618953114,4.990000000000009,3.318159271701861,7,2026-09-24,saneamento,,,,,,principal,
RSAN25,DI+,257.16,140.20999999999998,116.95000000000005,0.7112610319605946,2.890000000000043,0.9328578720918972,7,2026-09-24,saneamento,,,,,,principal,
SAELA4,DI+,60.809999999999995,61.375,-0.5650000000000048,-0.003436190534910126,-1.0200000000000031,0.7198346370951515,7,2026-09-24,distribuicao,,,,,,principal,
SAELB6,DI+,76.44999999999999,61.375,15.074999999999989,0.09168242887392862,11.449999999999989,4.107918022087399,7,2026-09-24,distribuicao,,,,,,principal,
SAPRB1,DI+,76.13,140.20999999999998,-64.07999999999998,-0.3897187424372371,-1.0400000000000063,0.40181730034574614,7,2026-09-24,saneamento,,,,,,principal,
SAPRB4,DI+,53.0,140.20999999999998,-87.20999999999998,-0.5303896930079813,1.0700000000000003,0.6275803875657225,7,2026-09-24,saneamento,,,,,,principal,
SAPRC1,DI+,94.33,140.20999999999998,-45.87999999999998,-0.279030834941018,-0.14000000000000057,0.1647653454086123,7,2026-09-24,saneamento,,,,,,principal,
SBFC13,DI+,83.44,102.215,-18.775000000000006,-0.11418491556272051,2.6899999999999977,0.8733051613049723,7,2026-09-24,varejo,,,,,,principal,
SBIOA4,DI+,74.52,77.32,-2.799999999999997,-0.017028908845572146,2.1099999999999994,0.7442605790472916,7,2026-09-24,servicos_lazer,,,,,,principal,
SBSPA1,DI+,46.589999999999996,140.20999999999998,-93.61999999999998,-0.5693737307580233,2.8699999999999974,1.0481957287235468,7,2026-09-24,saneamento,,,,,,principal,
SBSPB1,DI+,54.94,140.20999999999998,-85.26999999999998,-0.5185910918792636,4.210000000000001,1.263181923330355,7,2026-09-24,saneamento,,,,,,principal,
SBSPC1,DI+,64.41,140.20999999999998,-75.79999999999998,-0.46099688946227485,3.6699999999999946,2.2168435303591543,7,2026-09-24,saneamento,,,,,,principal,
SBSPC3,DI+,40.82,140.20999999999998,-99.38999999999999,-0.6044654464862204,0.6400000000000006,0.2946103156633151,7,2026-09-24,saneamento,,,,,,principal,
SBSPD3,DI+,61.42999999999999,140.20999999999998,-78.77999999999999,-0.47912051387649096,8.319999999999993,3.0102760512554165,7,2026-09-24,saneamento,,,,,,principal,
SBSPD7,DI+,63.9,140.20999999999998,-76.30999999999997,-0.4640985835734326,1.2399999999999949,0.6733215463371889,7,2026-09-24,saneamento,,,,,,principal,
SBSPE7,DI+,72.34,140.20999999999998,-67.86999999999998,-0.4127685869103508,5.88000000000001,3.1567116706200116,7,2026-09-24,saneamento,,,,,,principal,
SBSPL8,DI+,68.73,140.20999999999998,-71.47999999999998,-0.4347237158148206,9.250000000000007,3.2911237044655803,7,2026-09-24,saneamento,,,,,,principal,
SBSPM8,DI+,73.77,140.20999999999998,-66.43999999999998,-0.40407167989279075,2.519999999999996,1.6208536845337624,7,2026-09-24,saneamento,,,,,,principal,
SIMH16,DI+,397.57,136.32,261.25,1.588858012823474,-8.689999999999998,3.50925850260354,7,2026-09-24,logistica,,,,,,high_yield,spread sobre CDI 398 bps
SLFT13,DI+,199.95000000000002,77.32,122.63000000000002,0.7458053899044695,-0.1599999999999966,1.207790189915917,7,2026-09-24,servicos_lazer,,,,,,principal,
SMFT18,DI+,138.56,77.32,61.24000000000001,0.37244656346529975,-1.4299999999999784,0.8973054902635583,7,2026-09-24,servicos_lazer,,,,,,principal,
SMFTA0,DI+,67.07,77.32,-10.25,-0.06233796988111238,3.529999999999994,1.2261709660953635,7,2026-09-24,servicos_lazer,,,,,,principal,
SMFTA1,DI+,71.78,77.32,-5.539999999999992,-0.0336929125015963,3.3000000000000114,1.270018747518173,7,2026-09-24,servicos_lazer,,,,,,principal,
SMFTA2,DI+,72.14,77.32,-5.179999999999993,-0.03150348136430845,0.789999999999992,0.4668639038969528,7,2026-09-24,servicos_lazer,,,,,,principal,
SMFTA3,DI+,73.26,77.32,-4.059999999999988,-0.024691917826079563,1.3200000000000074,0.5095329327176124,7,2026-09-24,servicos_lazer,,,,,,principal,
SMFTA5,DI+,67.36999999999999,77.32,-9.950000000000003,-0.06051344393337252,1.4199999999999875,0.8151657733830805,7,2026-09-24,servicos_lazer,,,,,,principal,
SMFTB3,DI+,89.92999999999999,77.32,12.61,0.07669090733666606,0.9699999999999989,0.36884633527746974,7,2026-09-24,servicos_lazer,,,,,,principal,
SMFTB5,DI+,77.32,77.32,0.0,0.0,2.1799999999999926,0.8855399213931311,7,2026-09-24,servicos_lazer,,,,,,principal,
SMFTC3,DI+,95.84,77.32,18.52000000000001,0.11263406850714164,2.530000000000001,0.9913626985114974,7,2026-09-24,servicos_lazer,,,,,,principal,
SMFTC5,DI+,104.96000000000001,77.32,27.640000000000015,0.16809965731843385,1.920000000000016,0.946743792968203,7,2026-09-24,servicos_lazer,,,,,,principal,
SNGO10,DI+,29.48,140.20999999999998,-110.72999999999998,-0.6734325273107875,0.6900000000000013,0.3115552385479447,7,2026-09-24,saneamento,,,,,,principal,
SNGOA1,DI+,39.58,140.20999999999998,-100.62999999999998,-0.6120068204035451,0.4799999999999969,0.4069573512228099,7,2026-09-24,saneamento,,,,,,principal,
SNGOA2,DI+,53.03,140.20999999999998,-87.17999999999998,-0.5302072404132074,2.569999999999993,1.156501291869247,7,2026-09-24,saneamento,,,,,,principal,
SNGOA3,DI+,58.86,140.20999999999998,-81.34999999999998,-0.4947506194954625,0.980000000000004,0.671710680349241,7,2026-09-24,saneamento,,,,,,principal,
STBP15,DI+,68.07,105.55000000000001,-37.48000000000002,-0.22794410840430177,-4.390000000000015,1.4857257325566393,7,2026-09-24,portos,,,,,,principal,
STBP25,DI+,71.46000000000001,105.55000000000001,-34.09,-0.2073269651948411,1.1400000000000006,0.5618676339630524,7,2026-09-24,portos,,,,,,principal,
SUMI39,DI+,458.38,109.665,348.715,2.120798552887034,-13.049999999999955,7.115321161978237,7,2026-09-24,telecom,,,,,,high_yield,spread sobre CDI 458 bps
SUZBA1,DI+,50.0,94.02000000000001,-44.02000000000001,-0.267718774065031,6.269999999999996,2.3532672323105728,7,2026-09-24,papel_celulose,,,,,,high_yield,evento de crédito negativo: 2026-04-02: Suzano ativa gatilho de juros maiores após não bater meta cl
SUZBB1,DI+,60.35,94.02000000000001,-33.67000000000001,-0.2047726288680053,0.490000000000002,1.0011636087216569,7,2026-09-24,papel_celulose,,,,,,high_yield,evento de crédito negativo: 2026-04-02: Suzano ativa gatilho de juros maiores após não bater meta cl
SVEA14,DI+,223.88,140.20999999999998,83.67000000000002,0.5088602868246511,11.830000000000013,4.897735628401593,7,2026-09-24,saneamento,,,,,,principal,
SVEA15,DI+,193.18,140.20999999999998,52.97000000000003,0.3221504648392707,2.960000000000008,1.3521675720328283,7,2026-09-24,saneamento,,,,,,principal,
SVEA16,DI+,235.51000000000002,140.20999999999998,95.30000000000004,0.579591076065367,9.860000000000014,4.751030464666631,7,2026-09-24,saneamento,,,,,,principal,
TAEEA1,DI+,41.32,49.739999999999995,-8.419999999999995,-0.05120836159989911,-0.20000000000000284,0.5683895377878324,7,2026-09-24,transmissao,,,,,,principal,
TAEEA5,DI+,39.160000000000004,49.739999999999995,-10.579999999999991,-0.06434494842362619,0.5500000000000043,0.6016089538340792,7,2026-09-24,transmissao,,,,,,principal,
TAEEA6,DI+,39.290000000000006,49.739999999999995,-10.449999999999989,-0.0635543205129389,0.10000000000000142,0.293468583538018,7,2026-09-24,transmissao,,,,,,principal,
TAEEA9,DI+,48.03,49.739999999999995,-1.7099999999999937,-0.010399797902117246,0.30000000000000426,0.2274391598396635,7,2026-09-24,transmissao,,,,,,principal,
TAEEC1,DI+,30.25,49.739999999999995,-19.489999999999995,-0.11853336907150047,1.7199999999999989,0.5926895919289894,7,2026-09-24,transmissao,,,,,,principal,
TAEEE1,DI+,40.0,49.739999999999995,-9.739999999999995,-0.059236275769954556,-0.0799999999999983,0.18776885486454595,7,2026-09-24,transmissao,,,,,,principal,
TAEEE2,DI+,23.61,49.739999999999995,-26.129999999999995,-0.15891621004814305,-0.33000000000000185,0.17424667790780066,7,2026-09-24,transmissao,,,,,,principal,
TBSP12,DI+,46.39,109.665,-63.275000000000006,-0.38482293114413524,1.1700000000000017,0.503908532894425,7,2026-09-24,telecom,,,,,,principal,
TBSP22,DI+,55.05,109.665,-54.61500000000001,-0.3321549487860442,1.5699999999999932,0.7879720807236755,7,2026-09-24,telecom,,,,,,principal,
TEPA14,DI+,425.72,109.665,316.055,1.9221684947097535,12.589999999999975,5.936311184244848,7,2026-09-24,telecom,,,,,,high_yield,spread sobre CDI 426 bps
TFLE19,DI+,114.44000000000001,130.865,-16.424999999999997,-0.09989279563875811,9.320000000000022,3.0793706840073405,7,2026-09-24,locacao,,,,,,principal,
TFLEA3,DI+,130.53,130.865,-0.33500000000000796,-0.002037387308309575,-4.359999999999985,3.3040220799446676,7,2026-09-24,locacao,,,,,,principal,
TFLEA4,DI+,128.91,130.865,-1.9550000000000125,-0.011889827426104924,-7.5800000000000125,2.236477885724191,7,2026-09-24,locacao,,,,,,principal,
TFLEA6,DI+,117.08000000000001,130.865,-13.784999999999997,-0.08383696729864722,1.3300000000000125,0.9421151481538496,7,2026-09-24,locacao,,,,,,principal,
TFLEA7,DI+,109.27,130.865,-21.595000000000013,-0.13133545947147537,3.5999999999999943,1.1892214339842757,7,2026-09-24,locacao,,,,,,principal,
TFLEA8,DI+,113.06,130.865,-17.805000000000007,-0.10828561499836159,7.069999999999993,2.422704116910533,7,2026-09-24,locacao,,,,,,principal,
TFLEA9,DI+,125.75,130.865,-5.115000000000009,-0.031108167408964913,6.409999999999997,1.9494932186401182,7,2026-09-24,locacao,,,,,,principal,
TFLEB5,DI+,110.99000000000001,130.865,-19.875,-0.12087484403776669,4.640000000000015,1.5227481422618523,7,2026-09-24,locacao,,,,,,principal,
TFLEC0,DI+,102.46,130.865,-28.405000000000015,-0.17275219848517054,2.589999999999989,1.0243836706829645,7,2026-09-24,locacao,,,,,,principal,
TFLED0,DI+,130.12,130.865,-0.7450000000000045,-0.004530906103554049,12.590000000000003,3.8373763358390005,7,2026-09-24,locacao,,,,,,principal,
TFLEE1,DI+,134.10999999999999,130.865,3.244999999999976,0.019735289001386165,0.6399999999999864,0.4702785395506558,7,2026-09-24,locacao,,,,,,principal,
TIET19,DI+,57.03,83.33,-26.299999999999997,-0.15995010808519564,0.4300000000000068,0.2643770755856839,7,2026-09-24,geracao,,,,,,principal,
TIGR12,DI+,133.13,62.83,70.3,0.4275472470870439,-1.710000000000008,2.0352383737771915,7,2026-09-24,imobiliario_construcao,,,,,,principal,
TIGR21,DI+,126.44999999999999,62.83,63.61999999999999,0.386921135984036,6.9199999999999875,3.4252139314487255,7,2026-09-24,imobiliario_construcao,,,,,,principal,
TLPP27,DI+,67.57,109.665,-42.09500000000001,-0.25601139923370014,0.7199999999999989,0.29635082170260557,7,2026-09-24,telecom,,,,,,principal,
TOTS16,DI+,61.89,131.22,-69.33,-0.42164794652268495,-0.7199999999999989,0.3659234892706376,7,2026-09-24,tecnologia_midia,,,,,,principal,
TOTS17,DI+,59.0,131.22,-72.22,-0.4392242131525791,2.6300000000000026,1.267648742094331,7,2026-09-24,tecnologia_midia,,,,,,principal,
TRES11,DI+,169.06,179.245,-10.185000000000002,-0.06194265592576875,-9.780000000000001,4.215370401168518,7,2026-09-24,agro_acucar_etanol,,,,,,principal,
TRPLA3,DI+,103.25999999999999,49.739999999999995,53.519999999999996,0.3254954290767936,5.030000000000001,2.9360258205689536,7,2026-09-24,transmissao,,,,,,principal,
TRPLA5,DI+,68.7,49.739999999999995,18.960000000000008,0.11531003989716011,7.100000000000001,2.419562140632257,7,2026-09-24,transmissao,,,,,,principal,
TRPLA6,DI+,72.7,49.739999999999995,22.960000000000008,0.13963705253369177,-1.0799999999999983,0.5588806840888451,7,2026-09-24,transmissao,,,,,,principal,
TRPLB5,DI+,72.21,49.739999999999995,22.47,0.13665699348571658,1.6899999999999835,1.892682651436212,7,2026-09-24,transmissao,,,,,,principal,
TSSG13,DI+,49.51,68.10000000000001,-18.59000000000001,-0.11305979122828096,1.4799999999999969,0.6745227589792285,7,2026-09-24,distribuicao_gas,,,,,,principal,
TSSG14,DI+,40.54,68.10000000000001,-27.56000000000001,-0.1676131170657032,-0.3400000000000034,0.14071247279470536,7,2026-09-24,distribuicao_gas,,,,,,principal,
TUPW11,DI+,682.86,83.33,599.53,3.646193471494956,-17.139999999999986,7.623308555563882,7,2026-09-24,geracao,,,,,,high_yield,spread sobre CDI 683 bps
TUPY15,DI+,204.32999999999998,143.15,61.17999999999998,0.37208165827575157,-10.190000000000026,4.123024202139565,7,2026-09-24,mineracao_siderurgia,,,,,,high_yield,evento de crédito negativo: 2025-11-26: Tupy chama credores da empresa para mudar limite de dívida
TUPY25,DI+,291.29,143.15,148.14000000000001,0.9009509129939501,-17.410000000000025,6.175024195055748,7,2026-09-24,mineracao_siderurgia,,,,,,high_yield,evento de crédito negativo: 2025-11-26: Tupy chama credores da empresa para mudar limite de dívida
TUPY35,DI+,216.07,143.15,72.91999999999999,0.4434814403639721,-8.470000000000027,10.108290326921434,7,2026-09-24,mineracao_siderurgia,,,,,,high_yield,evento de crédito negativo: 2025-11-26: Tupy chama credores da empresa para mudar limite de dívida
UNIP18,DI+,151.62,152.14000000000001,-0.5200000000000102,-0.003162511642749178,3.960000000000008,1.6344898723629826,7,2026-09-24,quimica,,,,,,principal,
UNIP19,DI+,128.43,152.14000000000001,-23.710000000000008,-0.14419836740304146,-0.46999999999999886,2.7269274528914993,7,2026-09-24,quimica,,,,,,principal,
UNIP29,DI+,152.14000000000001,152.14000000000001,0.0,0.0,3.7900000000000205,1.5445495567748404,7,2026-09-24,quimica,,,,,,principal,
UNIP39,DI+,159.87,152.14000000000001,7.72999999999999,0.04701195192009737,-0.08999999999997499,0.056273143387113096,7,2026-09-24,quimica,,,,,,principal,
UNIPA0,DI+,160.47,152.14000000000001,8.329999999999984,0.05066100381557708,1.3499999999999943,0.7285340793414579,7,2026-09-24,quimica,,,,,,principal,
UNIPB0,DI+,170.99,152.14000000000001,18.849999999999994,0.11464104704965541,12.819999999999993,4.513058302093523,7,2026-09-24,quimica,,,,,,principal,
UNIPC0,DI+,151.48999999999998,152.14000000000001,-0.6500000000000341,-0.003953139553436602,0.7199999999999704,0.5078291801289812,7,2026-09-24,quimica,,,,,,principal,
UQFN14,DI+,95.53,104.07500000000002,-8.545000000000016,-0.051968580744790854,0.4300000000000068,0.1935507808351724,7,2026-09-24,saude,,,,,,principal,
UQFN15,DI+,224.06,104.07500000000002,119.98499999999999,0.7297191527985627,0.6299999999999955,1.5160851841879734,7,2026-09-24,saude,,,,,,principal,
USIM28,DI+,126.2,143.15,-16.950000000000003,-0.10308571604730292,3.740000000000009,1.288964146680805,7,2026-09-24,mineracao_siderurgia,,,,,,principal,
USIM29,DI+,131.12,143.15,-12.030000000000001,-0.07316349050436897,4.589999999999989,1.5247997526607502,7,2026-09-24,mineracao_siderurgia,,,,,,principal,
USIM39,DI+,145.89000000000001,143.15,2.740000000000009,0.016664003656024242,3.2500000000000284,1.5514693496351053,7,2026-09-24,mineracao_siderurgia,,,,,,principal,
USIMA0,DI+,126.74000000000001,143.15,-16.409999999999997,-0.0998015693413711,3.4399999999999977,1.1846498377559638,7,2026-09-24,mineracao_siderurgia,,,,,,principal,
USIMB0,DI+,143.15,143.15,0.0,0.0,7.719999999999999,2.7333731123702454,7,2026-09-24,mineracao_siderurgia,,,,,,principal,
VAMO13,DI+,272.5,130.865,141.635,0.8613891086937904,6.110000000000014,2.0251043476936315,7,2026-09-24,locacao,,,,,,principal,
VAMO14,DI+,360.99,130.865,230.125,1.399563445745462,-5.449999999999989,1.9519636023148337,7,2026-09-24,locacao,,,,,,high_yield,spread sobre CDI 361 bps
VAMO23,DI+,328.49,130.865,197.625,1.2019064680736422,-0.339999999999975,1.7025149464416165,7,2026-09-24,locacao,,,,,,high_yield,spread sobre CDI 328 bps
VAMO24,DI+,400.53999999999996,130.865,269.67499999999995,1.6400967831891686,-2.32000000000005,1.5004427917879957,7,2026-09-24,locacao,,,,,,high_yield,spread sobre CDI 401 bps
VAMOA0,DI+,369.01,130.865,238.14499999999998,1.448339106081708,-7.730000000000018,2.783942049205292,7,2026-09-24,locacao,,,,,,high_yield,spread sobre CDI 369 bps
VAMOA1,DI+,319.41,130.865,188.54500000000002,1.1466841493887154,-7.999999999999943,4.1319844189076,7,2026-09-24,locacao,,,,,,high_yield,spread sobre CDI 319 bps
VBBR15,DI+,93.8,102.215,-8.415000000000006,-0.051177952834103514,-3.2700000000000102,1.097412541259798,7,2026-09-24,varejo,,,,,,principal,
VBBR16,DI+,74.00999999999999,102.215,-28.205000000000013,-0.17153584785334394,-0.9900000000000091,0.4321981467975522,7,2026-09-24,varejo,,,,,,principal,
VBBR17,DI+,76.88000000000001,102.215,-25.334999999999994,-0.15408121628663235,0.020000000000010232,0.1911743158680588,7,2026-09-24,varejo,,,,,,principal,
VBBR18,DI+,81.43,102.215,-20.784999999999997,-0.12640923941257762,3.8400000000000034,1.6129003748054667,7,2026-09-24,varejo,,,,,,principal,
VBBR24,DI+,104.25999999999999,102.215,2.0449999999999875,0.012437185210426735,-5.040000000000006,2.086331937247996,7,2026-09-24,varejo,,,,,,principal,
VBBR26,DI+,90.97,102.215,-11.245000000000005,-0.06838931427444965,-0.7099999999999937,0.7008430297726816,7,2026-09-24,varejo,,,,,,principal,
VEBMA6,DI+,127.45,62.83,64.62,0.393002889143169,-0.009999999999990905,0.47542462223634546,7,2026-09-24,imobiliario_construcao,,,,,,principal,
VEBMA8,DI+,61.83,62.83,-1.0,-0.006081753159132915,0.759999999999998,0.9436050424783011,7,2026-09-24,imobiliario_construcao,,,,,,principal,
VEBMA9,DI+,62.83,62.83,0.0,0.0,4.169999999999995,1.650189022361925,7,2026-09-24,imobiliario_construcao,,,,,,principal,
VEBMB0,DI+,62.23,62.83,-0.6000000000000014,-0.0036490518954797576,7.160000000000004,2.7378989163573015,7,2026-09-24,imobiliario_construcao,,,,,,principal,
VIVA11,DI+,66.13,102.215,-36.08500000000001,-0.21946006274731128,-0.5700000000000074,0.24815509743092576,7,2026-09-24,varejo,,,,,,principal,
VIXL15,DI+,98.13,136.32,-38.19,-0.23226215314728602,1.779999999999987,0.8077098724760214,7,2026-09-24,logistica,,,,,,principal,
VIXL18,DI+,107.11999999999999,136.32,-29.200000000000003,-0.17758719224668112,0.2599999999999909,0.43708994388754296,7,2026-09-24,logistica,,,,,,principal,
VIXL19,DI+,123.75,136.32,-12.569999999999993,-0.07644763721030069,0.3299999999999983,0.10703804397102333,7,2026-09-24,logistica,,,,,,principal,
VIXL25,DI+,109.71,136.32,-26.61,-0.16183545156452686,0.8799999999999955,0.4915185410444609,7,2026-09-24,logistica,,,,,,principal,
VIXL26,DI+,108.21000000000001,136.32,-28.109999999999985,-0.17095808130322615,0.09000000000001762,1.5987465328157815,7,2026-09-24,logistica,,,,,,principal,
VIXL35,DI+,104.96000000000001,136.32,-31.359999999999985,-0.1907237790704081,-0.03999999999999204,0.01511857892036608,7,2026-09-24,logistica,,,,,,principal,
VIXL45,DI+,109.66,136.32,-26.659999999999997,-0.16213953922248348,1.279999999999987,0.6899620417440465,7,2026-09-24,logistica,,,,,,principal,
VLIDA0,DI+,131.22,131.22,0.0,0.0,1.4199999999999875,1.3379799984269058,7,2026-09-24,tecnologia_midia,,,,,,principal,
VLIDA1,DI+,156.95,131.22,25.72999999999999,0.15648350878448983,7.049999999999983,4.367702894134233,7,2026-09-24,tecnologia_midia,,,,,,principal,
VLIDB1,DI+,166.07,131.22,34.849999999999994,0.21194909759578204,19.319999999999993,8.845054038974606,7,2026-09-24,tecnologia_midia,,,,,,principal,
WIZC12,DI+,214.32999999999998,45.015,169.315,1.0297320361385895,-0.6700000000000159,0.3258030371982718,7,2026-09-24,financeiro,,,,,,principal,
YDUQ17,DI+,59.88,94.02000000000001,-34.14000000000001,-0.20763105285279776,1.1200000000000045,0.4936405092584616,7,2026-09-24,educacao,,,,,,principal,
YDUQ18,DI+,78.39,94.02000000000001,-15.63000000000001,-0.09505780187724752,1.9300000000000068,0.7203240011735457,7,2026-09-24,educacao,,,,,,principal,
YDUQA0,DI+,71.39999999999999,94.02000000000001,-22.62000000000002,-0.13756925645958665,-0.9000000000000057,0.8561291624849269,7,2026-09-24,educacao,,,,,,principal,
YDUQA1,DI+,86.79,94.02000000000001,-7.230000000000004,-0.043971075340531,3.450000000000003,1.7401669323317657,7,2026-09-24,educacao,,,,,,principal,
YDUQA2,DI+,77.41,94.02000000000001,-16.610000000000014,-0.1010179199731978,3.1499999999999915,1.5699575365807399,7,2026-09-24,educacao,,,,,,principal,
YDUQA3,DI+,85.2,94.02000000000001,-8.820000000000007,-0.05364106286355235,5.200000000000003,1.6389616341132693,7,2026-09-24,educacao,,,,,,principal,
