codigo,classe,spread_bps,spread_justo_bps,desvio_bps,desvio_em_dp,variacao_hist_bps,dp_hist_bps,n_dias_hist,inicio_hist,segmento,liquidez_pct_dias,negocios_180d,volume_negociado_180d_mi,fim_concessao,tail_anos,faixa,motivo_faixa
ACRC21,IPCA+,330.35223767974077,309.6717418506869,20.680495829053882,0.34430126466543043,-29.6364609999182,11.21503883584844,8,2026-09-24,comercializacao,42.1875,541,202.541130539177,,,principal,
AEAB11,IPCA+,305.07293115171564,273.59187424028244,31.4810569114332,0.5241154659543149,-0.5093166973191501,17.86903098614525,8,2026-09-24,outros_corporativo,96.09375,1156,103.34385395735302,,,principal,
AESLA5,IPCA+,221.66463170020808,259.6873133940928,-38.02268169388475,-0.6330243482259171,-4.377858075178125,8.034619669259708,8,2026-09-24,distribuicao,17.1875,65,60.357861887807,,,principal,
AESLA7,IPCA+,225.63266880309706,265.7092739153068,-40.07660511220976,-0.6672192938549164,-0.12930830287928075,10.204130100163159,8,2026-09-24,distribuicao,84.375,771,257.2361459201549,,,principal,
AESLA9,IPCA+,224.7493164712513,264.1044736036999,-39.355157132448596,-0.6552081963514843,-1.1091273205880725,13.23974480872886,8,2026-09-24,distribuicao,80.46875,1881,483.439305852575,,,principal,
AESLB0,IPCA+,251.5414118978076,266.75631654360575,-15.214904645798157,-0.2533068333861073,21.528307833304382,14.61532349762779,8,2026-09-24,distribuicao,19.53125,489,101.67602725335801,,,principal,
AESLB7,IPCA+,269.17119235877243,298.4717729555206,-29.300580596748148,-0.4878135920087023,13.416557308405629,16.54173358069172,8,2026-09-24,distribuicao,88.28125,2555,40.105404217191,,,principal,
AESLC2,IPCA+,224.75755599331274,259.4591781243574,-34.701622131044644,-0.5777333621215776,15.489604598932374,13.763549056516126,8,2026-09-24,distribuicao,78.125,935,902.090171182122,,,principal,
AESLD2,IPCA+,235.37797948051394,262.7504537440169,-27.372474263502966,-0.4557133244699954,0.8989579203110054,15.538632739713309,8,2026-09-24,distribuicao,37.5,553,688.6199371362887,,,principal,
AESOA1,IPCA+,276.5536092593885,271.4033836346167,5.150225624771792,0.08574403682478626,-10.103194914220808,10.505772408548046,8,2026-09-24,geracao,82.8125,601,263.95412947307597,,,principal,
AGEO15,IPCA+,230.0817227395712,274.0960583269003,-44.01433558732907,-0.7327769861705175,-5.533106650445347,8.90691221169893,8,2026-09-24,outros_corporativo,23.4375,274,75.686666384646,,,principal,
AGIZ11,IPCA+,316.15927605197396,327.59214450639115,-11.43286845441719,-0.19034123263520558,-25.72076774295408,12.646936813247105,8,2026-09-24,saneamento,36.71875,323,200.50597884764602,,,principal,
AHGD13,IPCA+,317.7887299348749,279.6602905370064,38.128439397868476,0.63478506574114,-32.33429335110003,12.020357240095185,8,2026-09-24,geracao,19.53125,190,35.537098060874,,,principal,
ALGAB1,IPCA+,335.7269882586643,265.5847617176974,70.14222654096687,1.1677697432464733,-10.735293106713698,12.140936922552708,8,2026-09-24,telecom,82.8125,410,74.29103387572803,,,principal,
ALGAC2,IPCA+,336.4378230684795,267.00373401274476,69.43408905573472,1.155980246817674,-7.898957256221024,11.069362940410613,8,2026-09-24,telecom,77.34375,337,91.50207288681102,,,principal,
ALGE16,IPCA+,214.37633277364594,275.6375835199801,-61.261250746334184,-1.019913946033946,-2.497317585406506,12.014349499396031,8,2026-09-24,geracao,50.78125,304,127.66966970209698,,,principal,
ALGTA4,IPCA+,349.1903506222449,269.59342228116395,79.59692834108097,1.325177274174262,3.6570968586516415,12.516514681126257,8,2026-09-24,telecom,95.3125,1333,231.0160753205,,,principal,
ALIG12,IPCA+,220.19840025732796,288.25935195571515,-68.06095169838719,-1.1331194347461422,0.054733481139606965,9.751924550135149,8,2026-09-24,geracao,49.21875,209,15.413415370151997,,,principal,
ALIG13,IPCA+,201.9769643785805,269.03345344401873,-67.05648906543823,-1.1163965400103384,-1.3965834950835188,10.675650921465236,8,2026-09-24,geracao,59.375,303,31.999026721209017,,,principal,
ALIG15,IPCA+,211.12083754388422,273.8753829806951,-62.7545454368109,-1.0447752092598976,2.378488853896897,10.838814942571211,8,2026-09-24,geracao,56.25,254,30.095768861763005,,,principal,
ALUP18,IPCA+,188.09370705522042,229.43126261338352,-41.3375555581631,-0.6882123511206056,-8.66646896172955,7.6752215549724045,8,2026-09-24,transmissao,88.28125,2585,338.73099815771286,,,principal,
ANHBB6,IPCA+,224.24469023190196,340.6333733647045,-116.38868313280253,-1.937708415050185,-8.78560553186648,10.610110022146907,8,2026-09-24,rodovias,94.53125,1434,489.10561581401294,,,principal,
APFD19,IPCA+,243.68888917735163,311.8422122945694,-68.15332311721775,-1.1346572893790867,19.954656843517853,10.491142886171419,8,2026-09-24,rodovias,94.53125,838,166.7669842585379,,,principal,
APPSA2,IPCA+,449.93317497727907,320.9386389169492,128.9945360603299,2.147578194818065,39.46930630771436,29.497347093910836,8,2026-09-24,rodovias,70.3125,441,133.269819710084,,,principal,
APRB18,IPCA+,333.6025797052854,308.0796785198456,25.52290118543982,0.42492052553847154,18.78652608269863,8.653451180744776,8,2026-09-24,rodovias,60.9375,369,139.640388420362,,,principal,
ARTRA7,IPCA+,528.0429671979471,335.84765481971766,192.1953123782294,3.1997825227007244,14.564052380483872,8.725653209891068,8,2026-09-24,rodovias,62.5,690,206.65184377825298,,,principal,
ARTRA8,IPCA+,535.0087066606172,331.64490605672836,203.36380060388888,3.38572219514771,-3.856818896492996,15.20756418326513,8,2026-09-24,rodovias,81.25,403,201.013749787489,,,principal,
ASCP13,IPCA+,315.28923674856435,311.45102600060926,3.838210747955088,0.06390082836973461,54.860974044827,21.691608216684394,8,2026-09-24,rodovias,84.375,448,39.698359460141994,,,principal,
ASCP23,IPCA+,355.76569792395514,332.2658868706103,23.499811053344843,0.3912389109016565,41.872588002114526,24.2866262303081,8,2026-09-24,rodovias,85.9375,1323,74.60305949286298,,,principal,
ASSR21,IPCA+,405.4743242587354,301.7264927018813,103.74783155685412,1.727255956848841,2.4614696391167854,12.843600444280124,8,2026-09-24,geracao,43.75,456,217.018027387555,,,principal,
ATHT11,IPCA+,324.593036563961,280.29573338241465,44.29730318154634,0.7374879999369992,-24.696316309209408,10.581584059527163,8,2026-09-24,geracao,18.75,148,16.515716237558,,,principal,
ATII12,IPCA+,321.5193591976455,280.19318358892724,41.326175608718245,0.6880228909152952,-34.20455282496101,11.889068800298855,8,2026-09-24,geracao,28.125,172,42.217269485100005,,,principal,
AURE12,IPCA+,273.7545248592999,273.8283899096074,-0.07386505030746093,-0.0012297495401297606,0.9561225292338804,8.367230902219326,8,2026-09-24,geracao,83.59375,1629,124.52519137075701,,,principal,
AURP12,IPCA+,271.2307904395511,265.65364898334417,5.577141456206903,0.09285158694755945,-1.989481644566979,9.82270557819113,8,2026-09-24,geracao,95.3125,4922,758.846625019525,,,principal,
AURP13,IPCA+,292.13139448168994,276.40759629166246,15.72379819002748,0.26177919750670414,10.359778874375195,12.857362989099093,8,2026-09-24,geracao,66.40625,1134,482.45887906272395,,,principal,
AXIA18,IPCA+,228.36803614401913,235.94298667580725,-7.574950531788119,-0.12611230743359025,-3.1581954582060803,8.959437265970294,8,2026-09-24,integrada_gt,94.53125,2315,956.2273405940073,2043-01-01,9.916666666666666,principal,
AXIA19,IPCA+,245.9158972571277,239.53231209329172,6.383585163835988,0.10627774416899757,-0.5092949539831011,10.4488081290038,8,2026-09-24,integrada_gt,47.65625,702,525.599489656773,2043-01-01,6.583333333333333,principal,
AXIA28,IPCA+,244.09819987435236,256.76730310817965,-12.669103233827286,-0.21092280870052946,-7.592363936747859,9.570100663977072,8,2026-09-24,integrada_gt,74.21875,2813,355.64858130372704,2043-01-01,6.916666666666667,principal,
AXIA38,IPCA+,245.37542693731825,272.98664681639514,-27.611219879076884,-0.45968810428450757,14.772501336158001,13.308274252478675,8,2026-09-24,integrada_gt,85.15625,1011,99.370387916781,2043-01-01,1.9166666666666667,principal,
AXIAA1,IPCA+,244.4157396653674,243.26749595577311,1.1482437095942828,0.019116648102896254,-3.662216549674554,12.077460842927218,8,2026-09-24,integrada_gt,29.6875,437,382.76007065936403,2043-01-01,6.5,principal,
BARU11,IPCA+,320.4971623201154,317.3481884676173,3.148973852498102,0.05242600026495933,12.413059672912254,13.408359858377613,8,2026-09-24,geracao,39.0625,192,207.28442184437796,,,principal,
BCPSA5,IPCA+,178.1779108472461,243.2129285429926,-65.03501769574649,-1.0827418754982803,7.176730095216072,8.259112173902372,8,2026-09-24,telecom,71.09375,1440,1438.383624951519,,,principal,
BCPSA7,IPCA+,217.64295624448724,275.5064717287638,-57.863515484276576,-0.9633464170252238,-0.02736707162458174,7.984826428852051,8,2026-09-24,telecom,92.1875,1852,1696.5124527962741,,,principal,
BHSA11,IPCA+,323.53597621893726,272.89126209677283,50.64471412216443,0.8431634940001402,7.825014272010833,13.541732857383023,8,2026-09-24,outros_corporativo,89.0625,1471,392.97800694922,,,principal,
BION17,IPCA+,534.8848743805903,376.8561563188924,158.02871806169793,2.630956623663725,-55.8152034874837,19.845740457364695,8,2026-09-24,agro_acucar_etanol,17.96875,248,43.268112156592004,,,principal,
BRKP28,IPCA+,450.7460941083538,274.69699951585216,176.04909459250166,2.9309706310931984,0.6899781547009525,10.718033224598358,8,2026-09-24,saneamento,87.5,478,145.81885595959005,,,principal,
BRST11,IPCA+,252.94873660400015,277.6110771990167,-24.66234059501653,-0.4105933980820926,31.97888268042155,14.94236205619825,8,2026-09-24,telecom,85.15625,602,100.89099522736397,,,principal,
BRST15,IPCA+,304.47145063668336,270.56304907123445,33.90840156544891,0.5645273516781745,-13.946712361707739,8.10543173963415,8,2026-09-24,telecom,54.6875,430,175.874812346818,,,principal,
BTCL12,IPCA+,515.8164287779581,298.9347282856976,216.8817004922605,3.6107762782634705,-23.834487772563193,10.445120444763198,8,2026-09-24,telecom,47.65625,376,111.091069290206,,,principal,
CAEC12,IPCA+,296.4278030019973,286.2531921961131,10.174610805884186,0.1693930066716754,7.685819882616613,6.819475799053819,8,2026-09-24,saneamento,61.71875,598,160.963890807168,,,principal,
CAJS11,IPCA+,291.2641910375969,283.6303145966129,7.633876440984011,0.1270933412166006,-33.401736131745054,14.742528409221347,8,2026-09-24,saneamento,18.75,127,18.304698181301,,,principal,
CAJS12,IPCA+,317.3878608597537,269.28047737091373,48.10738348883996,0.8009204959042905,-33.31008677805198,12.308962903051558,8,2026-09-24,saneamento,11.71875,41,98.949864882727,,,principal,
CART13,IPCA+,364.66880421992613,350.5076389808042,14.161165239121942,0.23576354944623576,8.839152440639907,11.130495933733618,8,2026-09-24,rodovias,67.96875,828,327.591439633186,,,principal,
CASN23,IPCA+,304.14376098542357,285.4805454317966,18.66321555362697,0.3107163759976093,-27.00881092533251,9.72644229104714,8,2026-09-24,saneamento,68.75,226,33.516528971957996,,,principal,
CASN24,IPCA+,363.01502173572186,283.6479544926667,79.36706724305515,1.3213504091221926,-21.952425081903186,19.90812937734649,8,2026-09-24,saneamento,67.96875,762,126.43984221178103,,,principal,
CASN34,IPCA+,365.2819387992337,297.5246699200195,67.75726887921422,1.1280635415237215,-1.0991778906461604,20.05405814036659,8,2026-09-24,saneamento,50.0,352,131.30578790814,,,principal,
CBAN12,IPCA+,239.13790419490218,358.00516298488446,-118.86725878998229,-1.9789732251587049,-2.6716340141254307,9.510518173642918,8,2026-09-24,rodovias,96.09375,5869,367.18250027509504,,,principal,
CBAN32,IPCA+,242.95499036723004,365.9434743201752,-122.98848395294516,-2.0475858467954478,-6.051628842677644,7.689465749345101,8,2026-09-24,rodovias,78.90625,606,70.87134796851997,,,principal,
CBAN52,IPCA+,242.86082906075862,368.8086934239515,-125.9478643631929,-2.096855382027912,-6.09866062882935,7.734268932702867,8,2026-09-24,rodovias,87.5,1159,54.39595853220901,,,principal,
CBAN72,IPCA+,238.64711346226136,369.9501458135464,-131.30303235128503,-2.1860114219041713,-8.933838259887864,8.662272894646987,8,2026-09-24,rodovias,85.15625,2361,88.74326360416309,,,principal,
CCPV11,IPCA+,219.0016110740251,310.04720859023314,-91.04559751620803,-1.5157815666590964,-12.108880284175825,10.010346773153602,8,2026-09-24,rodovias,58.59375,446,396.67581050822,,,principal,
CCROA5,IPCA+,225.49317433500616,271.68439339723994,-46.191219062233785,-0.7690190443703986,-1.6491259433477978,12.026470163065966,8,2026-09-24,mobilidade_urbana,86.71875,633,65.023750845315,,,principal,
CCROB4,IPCA+,170.29079391923642,240.39145329250226,-70.10065937326584,-1.1670777081750552,31.667046802881373,14.65944404670461,8,2026-09-24,mobilidade_urbana,61.71875,355,60.41048932724799,,,principal,
CCROB6,IPCA+,231.2636025963024,266.9631310330337,-35.69952843673127,-0.5943471031994302,-13.12490445749117,9.300921555943217,8,2026-09-24,mobilidade_urbana,96.09375,8582,397.2051051320391,,,principal,
CDES11,IPCA+,243.84542762764258,230.5164433064129,13.328984321229683,0.2219089037535434,-22.457020570780656,12.958940159548918,8,2026-09-24,portos,65.625,592,282.083197165582,,,principal,
CEAD11,IPCA+,351.4249033090802,282.7367576858221,68.6881456232581,1.1435613343654032,40.17322294739006,22.119012874802866,8,2026-09-24,geracao,37.5,118,19.454519430996008,,,principal,
CEAL12,IPCA+,293.2102183630379,283.3454143262825,9.864804036755402,0.1642351582673303,8.036562049498343,13.0692593938671,8,2026-09-24,distribuicao,45.3125,402,126.954369203787,,,principal,
CEAL21,IPCA+,277.4521816540636,271.89569568668503,5.556485967378592,0.0925077020144004,-0.36497736766119715,12.182012973167735,8,2026-09-24,distribuicao,17.96875,497,89.942026841456,,,principal,
CEAP12,IPCA+,258.94453576964355,252.58228451181742,6.362251257826131,0.10592256454080277,-1.5900218015860332,10.054610018415127,8,2026-09-24,distribuicao,23.4375,55,81.043619531194,,,principal,
CEAP14,IPCA+,275.6201371046709,270.26792088273373,5.352216221937169,0.0891068971077037,-9.076203504330692,10.411638511872068,8,2026-09-24,distribuicao,37.5,267,163.19364230727,,,principal,
CEAP17,IPCA+,295.80030997483857,279.01157367505243,16.788736299786137,0.2795089241540315,-2.6254773192957828,8.734632436244883,8,2026-09-24,distribuicao,42.96875,292,66.257465631638,,,principal,
CEAP19,IPCA+,302.7595676765852,285.3354882526331,17.424079423952094,0.29008649651762564,17.72732933504733,15.87294155662824,8,2026-09-24,distribuicao,37.5,196,15.428957725984004,,,principal,
CEEBB6,IPCA+,251.91215141176815,244.78190613682415,7.130245274944002,0.11870858831580743,-19.148711753176656,9.444757018733435,8,2026-09-24,distribuicao,78.90625,1570,236.66065400050297,,,principal,
CEEBB7,IPCA+,280.84464042937304,262.3373239298966,18.507316499476417,0.30812087529260346,-1.4666888744406492,8.350437415928358,8,2026-09-24,distribuicao,89.0625,1352,208.27081289168805,,,principal,
CEEBC3,IPCA+,254.51043322313092,256.4768897864265,-1.9664565632955942,-0.03273874510789637,-14.171786952355944,8.479858863498194,8,2026-09-24,distribuicao,82.03125,1112,125.60234234891398,,,principal,
CEEBC4,IPCA+,255.11024106106444,254.9694642904047,0.14077677065975536,0.002343735884009822,-16.91158449530562,8.114593839547382,8,2026-09-24,distribuicao,67.1875,412,65.12663771583298,,,principal,
CEEBD2,IPCA+,283.5932022666867,272.5178350609878,11.07536720569891,0.18438933800605223,-10.701743585944655,9.905358720052714,8,2026-09-24,distribuicao,96.09375,3400,719.2228398461581,,,principal,
CEEBE3,IPCA+,251.2919360059484,246.4747676679102,4.8171683380381864,0.08019909989598616,-13.796502367150595,8.969717291786143,8,2026-09-24,distribuicao,70.3125,1078,568.0380277352781,,,principal,
CEED12,IPCA+,232.22268069553235,249.07202145403156,-16.84934075849921,-0.2805179034334335,-4.9675149708637605,7.6493385160553995,8,2026-09-24,distribuicao,52.34375,326,239.01005906974004,,,principal,
CEED13,IPCA+,269.2093607082164,250.08745028963807,19.121910418578352,0.3183530024790898,5.3065576379320305,11.669033546060609,8,2026-09-24,distribuicao,36.71875,127,30.343643105631013,,,principal,
CEED15,IPCA+,298.15857745503683,278.5560763521786,19.60250110285824,0.3263541636578042,19.492561517992385,15.903043820075206,8,2026-09-24,distribuicao,82.03125,580,45.85560098117602,,,principal,
CEED17,IPCA+,296.1167414148775,273.7602746371661,22.356466777711375,0.37220383150595165,0.48540857177368935,8.240443438275198,8,2026-09-24,distribuicao,62.5,1501,226.22928673639095,,,principal,
CEED19,IPCA+,300.4554315583858,277.5994198010531,22.85601175733268,0.3805205551310811,14.729249332802056,16.662783752177823,8,2026-09-24,distribuicao,58.59375,734,136.263521682147,,,principal,
CEED21,IPCA+,252.54802070080441,245.466944690412,7.081076010392422,0.11788998898880315,9.518149588348535,9.67818216129894,8,2026-09-24,distribuicao,70.3125,373,181.97779088648798,,,principal,
CEPEA7,IPCA+,277.37802910621673,297.2554594716959,-19.877430365479142,-0.33093135047171635,1.247432231522282,6.735193358897825,8,2026-09-24,distribuicao,81.25,771,167.35596612388005,,,principal,
CEPEA8,IPCA+,239.27242064600833,247.68413947906535,-8.411718833057023,-0.14004332662869473,-23.26012268947133,12.428609274179328,8,2026-09-24,distribuicao,42.96875,222,363.46907079388603,,,principal,
CEPEB3,IPCA+,270.2657258246045,264.26268245948125,6.003043365123233,0.09994225668175905,-10.256132471855153,9.35639684564247,8,2026-09-24,distribuicao,82.8125,1535,238.26349555920004,,,principal,
CEPEB7,IPCA+,288.4298703977502,296.6042784521683,-8.174408054418052,-0.13609243483772776,2.8860350489946427,6.907537967626123,8,2026-09-24,distribuicao,88.28125,539,99.569908872143,,,principal,
CEPEC1,IPCA+,251.48584639061744,257.31936984787836,-5.833523457260924,-0.09711998785680358,-18.717911627010437,8.37813172263469,8,2026-09-24,distribuicao,61.71875,512,63.336239087558,,,principal,
CEPEC2,IPCA+,256.42839256881285,255.67471347156433,0.7536790972485221,0.012547700426505572,-15.970241438347841,8.239779170903468,8,2026-09-24,distribuicao,71.875,262,74.157726742283,,,principal,
CEROA4,IPCA+,292.5320026348855,275.59750557794035,16.934497056945133,0.2819356364264678,-0.4649813913873686,10.922211254192854,8,2026-09-24,distribuicao,12.5,68,27.982891070700003,,,principal,
CEROB4,IPCA+,313.3788544101318,298.9547135661453,14.424140843986493,0.24014172461570238,9.71708836690226,14.772822740579635,8,2026-09-24,distribuicao,55.46875,273,75.84383352891103,,,principal,
CERR18,IPCA+,466.0077067781973,275.71541657400655,190.29229020419075,3.168099871248656,-11.085824403423544,17.572404344941233,8,2026-09-24,geracao,81.25,635,125.553519488939,,,principal,
CERT11,IPCA+,305.3469491838271,228.39860787205865,76.94834131176847,1.281082013049642,10.007782163824345,12.977357673634199,8,2026-09-24,outros_corporativo,96.09375,3143,1715.8719224754855,,,principal,
CESE32,IPCA+,248.72407433978344,251.9801231633607,-3.2560488235772596,-0.05420864843071441,-5.990116976314795,9.059380079322993,8,2026-09-24,geracao,96.09375,1362,1085.8069663163096,,,principal,
CESPA2,IPCA+,254.993080825933,245.07271397781744,9.920366848115549,0.16516020118592364,4.065544938588886,7.11851144214432,8,2026-09-24,geracao,95.3125,1219,453.62306191935795,,,principal,
CESPA3,IPCA+,269.41284987980396,265.98599113978264,3.4268587400213164,0.057052394090161475,-1.4010063298827617,9.762428538628676,8,2026-09-24,geracao,86.71875,701,355.8188674393359,,,principal,
CGASA1,IPCA+,253.58077042723573,234.31063363332186,19.270136793913878,0.3208207638377462,5.019122447410126,13.943279894894744,8,2026-09-24,distribuicao_gas,24.21875,322,60.47302099943998,,,principal,
CGASA2,IPCA+,256.1973390143484,255.570759518385,0.6265794959634263,0.010431670239286775,5.329411182642275,9.711678078080952,8,2026-09-24,distribuicao_gas,95.3125,1155,217.71910365237898,,,principal,
CGASA4,IPCA+,258.4875576050095,262.26869606642646,-3.7811384614169583,-0.06295065480548091,8.038973964302642,17.259573209598,8,2026-09-24,distribuicao_gas,72.65625,605,151.09323003589296,,,principal,
CGASB1,IPCA+,267.1274272473272,256.21565342785664,10.911773819470568,0.1816657374582265,11.35541616566465,13.820916586161132,8,2026-09-24,distribuicao_gas,65.625,401,19.595676766867,,,principal,
CGASB4,IPCA+,267.19992121679326,257.1889964887268,10.01092472806647,0.16666786293882604,29.358036049093613,19.127664111003607,8,2026-09-24,distribuicao_gas,39.0625,377,179.05155548004194,,,principal,
CGMG18,IPCA+,209.97778122840822,217.45862863087535,-7.480847402467134,-0.12454562224857302,5.1824443433784495,6.1392029004776045,8,2026-09-24,distribuicao_gas,93.75,1245,289.878187920426,,,principal,
CGOS13,IPCA+,256.8158944011965,245.59266044833294,11.223233952863552,0.18685111205980703,-5.209917360835107,12.54103142702246,8,2026-09-24,distribuicao,96.09375,1389,126.06276979500296,,,principal,
CGOS16,IPCA+,297.0392777379836,269.6068978699047,27.432379868078897,0.45671066880770045,7.674520939024433,9.111971961658856,8,2026-09-24,distribuicao,96.09375,1294,260.363901933137,,,principal,
CGOS24,IPCA+,255.87417507363355,254.1077300286512,1.7664450449823619,0.029408833713501666,-0.9798485210411911,9.431464459530819,8,2026-09-24,distribuicao,90.625,903,94.557529411118,,,principal,
CGOS28,IPCA+,297.4811752667209,273.45969567968285,24.021479587038073,0.3999239606882484,4.600455253442192,11.247860586891248,8,2026-09-24,distribuicao,96.09375,7235,372.6702470133211,,,principal,
CGOS34,IPCA+,283.67497033035505,268.67846806058515,14.996502269769906,0.24967073999192382,-2.2142859004960087,10.873699618793546,8,2026-09-24,distribuicao,93.75,1265,128.76028178445898,,,principal,
CGOSA0,IPCA+,295.1027190707551,270.98988823254683,24.112830838208254,0.4014448309597666,6.6360849482853155,9.600454928738845,8,2026-09-24,distribuicao,58.59375,505,295.74518025829695,,,principal,
CGOSA2,IPCA+,312.63631375254437,272.2019688263596,40.43434492618479,0.6731751602611628,0.41867388512270054,12.540675765517873,8,2026-09-24,distribuicao,94.53125,1598,1156.681117097409,,,principal,
CGOSB0,IPCA+,298.6173661025545,276.63341719928184,21.983948903272676,0.3660019311095631,7.6809948076254955,11.063421722430581,8,2026-09-24,distribuicao,96.09375,1578,359.00029031755616,,,principal,
CHSF13,IPCA+,215.02842358440918,210.43796484864524,4.590458735763946,0.07642470283026605,0.2845827947424482,9.805787076635117,8,2026-09-24,integrada_gt,96.09375,4860,1706.1404834038465,2043-01-01,11.583333333333334,principal,
CJEN13,IPCA+,249.30768998059133,243.58986253697813,5.717827443613203,0.09519381141766346,-55.22083746943716,21.108155333184406,8,2026-09-24,portos,71.875,659,134.327587782733,,,principal,
CLAG13,IPCA+,324.5532422406516,334.67579715374404,-10.122554913092415,-0.1685263490310827,14.977316158053156,26.665765560454957,8,2026-09-24,agro_acucar_etanol,96.09375,970,104.48060566537596,,,principal,
CLAG15,IPCA+,387.0299641736824,346.61613145421717,40.41383271946523,0.6728336607742549,45.03659616936466,33.35691736623926,8,2026-09-24,agro_acucar_etanol,35.9375,357,132.765640192913,,,principal,
CLCD26,IPCA+,182.79007224880053,236.86293431037492,-54.0728620615744,-0.9002373514528627,-5.322310405743849,4.341940915868976,8,2026-09-24,outros_corporativo,39.0625,512,234.05542875327205,,,principal,
CLCD27,IPCA+,211.7933905204856,251.44892071706172,-39.65553019657614,-0.6602089867921684,1.7462123969652623,9.87624163373606,8,2026-09-24,outros_corporativo,60.9375,932,760.997790181187,,,principal,
CLIS13,IPCA+,217.75615291033716,220.99038236903016,-3.234229458692994,-0.053845386592799714,-23.146852903421205,10.684251591305193,8,2026-09-24,portos,57.8125,560,117.93418928451995,,,principal,
CLTM14,IPCA+,385.4968162986716,305.3518792228728,80.1449370757988,1.3343008513829853,-8.256078062016115,10.978276295630414,8,2026-09-24,mobilidade_urbana,96.09375,2131,514.6571292579948,,,principal,
CMGD28,IPCA+,209.36725815859944,243.3053550789286,-33.93809692032917,-0.5650217377085907,5.162302244322007,7.182911854676624,8,2026-09-24,distribuicao,92.96875,799,161.64678841504198,,,principal,
CMGDA4,IPCA+,268.32327117547453,270.5243877907627,-2.2011166152881856,-0.03664550601611398,12.261285937020546,14.507839235948685,8,2026-09-24,distribuicao,93.75,1637,1136.3412445485108,,,principal,
CMGDB1,IPCA+,252.25573820685264,273.0646319216029,-20.80889371475024,-0.34643890946810085,2.7958284373222284,11.910249506726974,8,2026-09-24,distribuicao,96.09375,3501,737.2949758408695,,,principal,
CMGDB2,IPCA+,272.5901421533807,286.8039174338113,-14.213775280430582,-0.23663943288280295,5.398858029308485,14.759147241055139,8,2026-09-24,distribuicao,96.09375,1811,127.46768166461695,,,principal,
CMGDB4,IPCA+,266.0727217364039,292.5117391621648,-26.439017425760937,-0.4401725766851355,-1.8332056687832505,9.593496161257953,8,2026-09-24,distribuicao,92.1875,1599,255.28622980723986,,,principal,
CNRD12,IPCA+,357.92526767991285,373.97810202482026,-16.05283434490741,-0.26725718822715167,-21.160910840957342,8.396782929187179,8,2026-09-24,rodovias,48.4375,334,571.980036537689,,,principal,
COCE18,IPCA+,393.27283435687116,318.3383398852985,74.93449447157263,1.2475542862652678,-7.6126703859800955,16.3456346508103,8,2026-09-24,energia_diversificada,58.59375,221,200.33192642723097,,,principal,
COCEB2,IPCA+,404.29061844571385,314.55699780154424,89.7336206441696,1.493938990930326,-4.469607207275999,12.999479700316707,8,2026-09-24,energia_diversificada,64.0625,391,247.81024891357404,,,principal,
COMR14,IPCA+,456.3270767926221,332.83741349467255,123.48966329794956,2.055929780313076,-7.830597931621071,10.534227671622393,8,2026-09-24,energia_diversificada,85.9375,3036,532.6809939886988,,,principal,
COMR15,IPCA+,465.61218562079137,364.94363259684235,100.66855302394902,1.6759902859529396,-1.1105835941442592,8.042418725571467,8,2026-09-24,energia_diversificada,65.625,1396,503.6954638678081,,,principal,
COMT11,IPCA+,219.2716902016837,314.03514114497574,-94.76345094329204,-1.5776786143588608,-4.973783410982406,10.604100258096443,8,2026-09-24,rodovias,81.25,1965,1095.8693183761454,,,principal,
CONF11,IPCA+,283.7251895959279,313.7344747452894,-30.009285149361517,-0.49961252931445715,-24.911047952716046,9.542464759543615,8,2026-09-24,geracao,37.5,302,23.093613324548,,,principal,
CPFGA2,IPCA+,213.690303661992,242.8195183998581,-29.129214737866107,-0.484960590687009,9.807080809040315,10.284251477836005,8,2026-09-24,outros_corporativo,69.53125,1053,134.01130417904395,,,principal,
CPFPA2,IPCA+,221.19173478887595,243.58829128692352,-22.396556498047573,-0.37287126914990043,14.308967873865441,12.387117070286074,8,2026-09-24,distribuicao,0.0,0,0.0,,,principal,
CPFPA5,IPCA+,220.07612701008392,261.0097400724841,-40.933613062400156,-0.6814872748316753,0.5671860079597764,10.413073862527138,8,2026-09-24,distribuicao,35.9375,321,85.554903618119,,,principal,
CPFPA7,IPCA+,221.92634174153653,265.0991103570946,-43.172768615558084,-0.7187660758385546,-4.660786900678914,13.019885730331442,8,2026-09-24,distribuicao,45.3125,783,82.96023721004003,,,principal,
CPFPA9,IPCA+,233.26720789437198,274.12919355161876,-40.86198565724678,-0.6802947789465251,6.036181968312604,10.341226877360016,8,2026-09-24,distribuicao,82.8125,1086,92.41656013110403,,,principal,
CPFPB0,IPCA+,236.2902005586321,268.1190813157842,-31.828880757152064,-0.529906245389765,5.029156923687111,9.18350223130854,8,2026-09-24,distribuicao,42.1875,912,120.04366565109997,,,principal,
CPFPB1,IPCA+,248.9887963247984,275.49465641382255,-26.505860089024168,-0.4412854133252901,25.566183112609167,17.97784603723098,8,2026-09-24,distribuicao,10.9375,422,25.81394646085,,,principal,
CPFPB7,IPCA+,266.27683287455966,292.46783440330677,-26.19100152874711,-0.4360434596801638,18.28808673773966,18.470872963085636,8,2026-09-24,distribuicao,24.21875,288,18.868830544616003,,,principal,
CPGT27,IPCA+,218.0352512628541,227.85552882468815,-9.820277561834047,-0.16349385487918916,13.243139441489063,12.752538117851364,8,2026-09-24,integrada_gt,92.1875,1334,183.82898245459,2046-04-07,14.5,principal,
CPGT28,IPCA+,243.55678561034702,244.5002537959062,-0.9434681855591691,-0.015707422691638724,8.766917770403467,11.36087744539945,8,2026-09-24,integrada_gt,57.03125,668,86.34718526837497,2046-04-07,11.25,principal,
CPGTA1,IPCA+,260.9026398675803,240.10270181068026,20.79993805690006,0.34628981031935624,3.201403131069526,9.467063954622585,8,2026-09-24,integrada_gt,79.6875,1070,623.8788170761852,2046-04-07,8.25,principal,
CPGTC0,IPCA+,237.72023454103626,239.19582817793503,-1.4755936368987648,-0.024566565498045388,2.7500463295464215,8.725225957333523,8,2026-09-24,integrada_gt,87.5,1320,559.1238218528639,2046-04-07,9.166666666666666,principal,
CPIS13,IPCA+,295.8778605161246,274.9187423790338,20.959118137090798,0.3489399355084351,6.944356345546339,12.37769380870867,8,2026-09-24,distribuicao,18.75,141,110.740294922014,,,principal,
CPIS14,IPCA+,299.9103809976871,282.2115364611532,17.698844536533954,0.294660950463501,8.456540547012708,11.807367558397452,8,2026-09-24,distribuicao,38.28125,330,107.68338406358403,,,principal,
CPIS15,IPCA+,303.74125464219577,281.1832401242224,22.55801451797339,0.3755593188422457,17.35690615629227,16.625333564777176,8,2026-09-24,distribuicao,26.5625,260,59.299678139145975,,,principal,
CPIS16,IPCA+,297.41669751987587,278.63347133683953,18.783226183036334,0.3127143847407502,-10.932318610199502,13.114539761337713,8,2026-09-24,distribuicao,47.65625,789,730.231342515495,,,principal,
CPJG18,IPCA+,236.29534658890705,282.35598060389407,-46.060634014987016,-0.7668449863939795,10.900099701571634,13.818343855335307,8,2026-09-24,geracao,24.21875,150,172.43199152327202,,,principal,
CPLD15,IPCA+,148.84319853105504,220.90586391690715,-72.06266538585211,-1.1997423578526318,21.071302722852877,12.116243106598695,8,2026-09-24,distribuicao,17.1875,80,181.88152333657706,,,principal,
CPLD26,IPCA+,217.5297332613497,252.76030173658785,-35.23056847523816,-0.5865395772506233,8.221266910609671,12.850253101918256,8,2026-09-24,distribuicao,90.625,622,115.19379652641007,,,principal,
CPLD29,IPCA+,240.72806798734422,261.60100071632064,-20.872932728976423,-0.3475050692820752,6.01752585596887,9.47929909663089,8,2026-09-24,distribuicao,94.53125,2484,481.20794350934005,,,principal,
CPLD37,IPCA+,224.1441594523271,260.0912766336724,-35.947117181345305,-0.5984691087157475,9.272537551040358,11.711870789440018,8,2026-09-24,distribuicao,79.6875,1336,96.836390164878,,,principal,
CPLDA1,IPCA+,271.93554936404706,265.6034119973398,6.332137366707286,0.10542121046873798,22.356661797093153,13.342711259621673,8,2026-09-24,distribuicao,84.375,1331,1102.5614173231152,,,principal,
CPLDC0,IPCA+,252.78003809670233,268.24412047110064,-15.464082374398316,-0.2574552932582814,19.0090375670855,17.432022159540573,8,2026-09-24,distribuicao,84.375,1194,532.8106217104561,,,principal,
CRMG15,IPCA+,153.41633622670693,350.2216328520161,-196.80529662530918,-3.2765322979226226,-22.69118569263358,7.8712803998563565,8,2026-09-24,rodovias,78.90625,299,82.31053335104004,,,principal,
CRNP13,IPCA+,394.2675002939383,373.9267910548374,20.34070923910093,0.3386442942714809,-0.4655227326104523,10.356775952707498,8,2026-09-24,rodovias,58.59375,1038,142.16420121679204,,,principal,
CRNP23,IPCA+,385.1545108980098,388.11806839860856,-2.9635575005987675,-0.04933907793116769,13.552686366743046,16.90283828650974,8,2026-09-24,rodovias,44.53125,1076,116.81695158139804,,,principal,
CRTA12,IPCA+,394.93703327483615,378.10520644574206,16.831826829094098,0.28022632106068546,39.62537264480011,29.71699672025269,8,2026-09-24,rodovias,17.1875,266,205.75271350380396,,,principal,
CRTR12,IPCA+,384.2741907346189,367.71259586639394,16.561594868224972,0.27572733773604263,-17.173651869084495,9.589782319851347,8,2026-09-24,rodovias,89.84375,1249,357.09456609006315,,,principal,
CSMGA6,IPCA+,194.32392618117,258.075925188308,-63.75199900713801,-1.06138141292868,-7.424904854271688,4.272862001793226,8,2026-09-24,saneamento,49.21875,435,141.07989907008,,,principal,
CSMGB8,IPCA+,57.30416281182045,240.9269814234229,-183.62281861160244,-3.0570625188099276,-1.8461691735902122,1.7028844103080065,8,2026-09-24,saneamento,42.96875,185,50.38697680334801,,,principal,
CSMGB9,IPCA+,107.97773598163842,250.754118380284,-142.77638239864558,-2.3770266163128895,-14.878318913100756,4.560818103756535,8,2026-09-24,saneamento,29.6875,206,327.248987529478,,,principal,
CSMGC0,IPCA+,80.06771117727969,257.7719989878361,-177.70428781055642,-2.9585272778463807,-14.704921299502345,5.256497681621845,8,2026-09-24,saneamento,17.96875,67,61.82882129015201,,,principal,
CSMGE1,IPCA+,85.6335317579287,265.6292129125107,-179.995681154582,-2.996675764841823,-1.254827871170619,1.5352732038704866,8,2026-09-24,saneamento,31.25,143,113.75148051022498,,,principal,
CSMGE2,IPCA+,101.08650578784844,257.56917189117814,-156.4826661033297,-2.6052170258849903,-9.791181815960996,3.182669103743807,8,2026-09-24,saneamento,29.6875,300,654.2635961540828,,,principal,
CSNP12,IPCA+,266.9039901040523,281.75961000348883,-14.855619899436533,-0.24732524602138284,-9.996152651364469,7.2198164708816295,8,2026-09-24,geracao,36.71875,174,139.414994996083,,,principal,
CSRN29,IPCA+,287.48299981920013,249.1889585581341,38.29404126106604,0.6375421046149261,0.5827252406741081,6.055378981053156,8,2026-09-24,distribuicao,21.09375,60,44.17259291967599,,,principal,
CSRNA1,IPCA+,276.7407365320664,233.9101187540505,42.83061777801592,0.7130697440365577,6.289413548042489,3.499952878922791,8,2026-09-24,distribuicao,53.125,797,625.1819215848329,,,principal,
CSRNA4,IPCA+,243.71057419693608,256.2155427751128,-12.504968578176715,-0.2081901967756005,-22.508583199939153,11.064836234413814,8,2026-09-24,distribuicao,67.1875,364,230.11520437578187,,,principal,
CSRNB2,IPCA+,268.6036710840025,275.29786387391283,-6.694192789910346,-0.11144892571880768,-18.995143889106032,8.343181671537764,8,2026-09-24,distribuicao,88.28125,4523,39.45837671068,,,principal,
CSRNB3,IPCA+,286.8741963810114,280.182668488892,6.6915278921194385,0.1114045589063677,-8.67972186425925,8.946922518178447,8,2026-09-24,distribuicao,70.3125,747,175.30227743984506,,,principal,
CSRNC0,IPCA+,255.43747893565276,243.57182642428685,11.865652511365909,0.19754648048642678,-8.101219170156554,9.884903717093636,8,2026-09-24,distribuicao,46.09375,222,299.32611211751805,,,principal,
CTEE18,IPCA+,215.22084559343713,191.24058729733395,23.980258296103187,0.3992376839801202,39.16608549499571,17.33863828807479,8,2026-09-24,transmissao,93.75,592,106.21364952056503,2053-09-29,23.75,principal,
CTEE1B,IPCA+,201.71017785215165,205.85496679923773,-4.144788947086084,-0.0690049256095773,12.88140921159976,13.15309550788426,8,2026-09-24,transmissao,96.09375,1105,48.67619059051601,2053-09-29,21.916666666666668,principal,
CTEE29,IPCA+,236.3404778116062,232.0316801753348,4.308797636271407,0.07173544036944558,3.6798199608287234,11.633801453274689,8,2026-09-24,transmissao,96.09375,4017,75.93779246075997,2053-09-29,9.333333333333334,principal,
CTEE2B,IPCA+,243.13697608479575,248.1642902433742,-5.027314158578463,-0.08369773321572131,6.837277511956984,10.934540499444477,8,2026-09-24,transmissao,82.8125,430,36.800818157781,2053-09-29,13.916666666666666,principal,
CTGE11,IPCA+,204.55114017734746,208.182571502912,-3.6314313255645345,-0.06045824086001764,150.47653461135917,50.797696379431535,8,2026-09-24,integrada_gt,79.6875,610,43.39237865427802,2044-01-29,15.166666666666666,principal,
CTGE13,IPCA+,209.6025650643373,225.3728178984377,-15.770252834100376,-0.2625526022082205,4.053506238194956,5.91933063642886,8,2026-09-24,integrada_gt,76.5625,654,81.67241651913696,2044-01-29,14.333333333333334,principal,
CTGE15,IPCA+,212.6024662741586,224.9901673626523,-12.387701088493714,-0.2062378574634417,-1.7770907120609536,7.731792369715153,8,2026-09-24,integrada_gt,72.65625,955,151.18967300294995,2044-01-29,12.75,principal,
CTNSA3,IPCA+,274.0979877487059,271.75556373662107,2.342424012084848,0.03899807608144672,-24.803631844252493,,2,2026-10-02,distribuicao,46.875,637,152.29510889112197,,,principal,
CTNSA5,IPCA+,292.8620667840082,279.34799162092827,13.514075163079951,0.22499040680133334,2.2318048689111265,11.426783657405121,8,2026-09-24,distribuicao,18.75,96,341.455719932724,,,principal,
CTRR11,IPCA+,168.3223144820111,238.7761229758582,-70.45380849384708,-1.1729571459717438,-27.325740560510553,10.690533755839725,8,2026-09-24,transmissao,7.8125,47,5.718199042977001,2044-09-05,12.083333333333334,principal,
CUTI11,IPCA+,229.38222840940944,282.1268047880444,-52.744576378634974,-0.8781232568850463,-2.736803427741137,3.106292277864698,8,2026-09-24,geracao,40.625,133,121.66855338458798,,,principal,
DESK17,IPCA+,238.81996673165145,254.69912925085316,-15.879162519201714,-0.2643657957904568,-11.641467860262196,11.871561979867423,8,2026-09-24,telecom,31.25,166,131.40233061076594,,,principal,
DESK18,IPCA+,237.50204714833723,292.423691948946,-54.92164480060876,-0.91436839419436,-7.743524200384286,8.5951201112154,8,2026-09-24,telecom,42.1875,651,230.33251114596803,,,principal,
DESK19,IPCA+,238.2194714387082,266.81447418633496,-28.59500274762675,-0.4760667099329293,-0.2107463556011453,10.082915167487347,8,2026-09-24,telecom,87.5,885,1290.6655345473373,,,principal,
EBAS13,IPCA+,322.57103435068143,261.37843634289936,61.19259800778207,1.0187709741776798,-13.247644515982245,7.149077315610273,8,2026-09-24,saneamento,21.875,161,133.200333617055,,,principal,
EBENA8,IPCA+,244.13903639986418,268.8470813880013,-24.708044988137118,-0.41135431215699,-8.56989566157236,8.347674180922331,8,2026-09-24,distribuicao,52.34375,1025,287.20391625505704,,,principal,
ECER12,IPCA+,239.99182091675405,302.60321572268765,-62.6113948059336,-1.0423919519310543,8.544155676455688,4.964503489349239,8,2026-09-24,rodovias,96.09375,1431,223.18200429969195,,,principal,
ECHP11,IPCA+,286.69645138111895,258.4036805276389,28.29277085348002,0.47103497257822063,16.31870740165533,6.5437409055223705,8,2026-09-24,geracao,67.96875,253,47.679963327955,,,principal,
ECHP12,IPCA+,295.2940201173957,258.25445251312186,37.03956760427383,0.6166568768093031,13.432591079302028,6.669989938808133,8,2026-09-24,geracao,33.59375,89,4.562120895394999,,,principal,
ECHP22,IPCA+,290.28756129808926,256.91655486355285,33.37100643453641,0.5555804760941628,25.449561645126153,10.412350710374916,8,2026-09-24,geracao,8.59375,21,4.720062622262,,,principal,
ECOC13,IPCA+,313.6727458134987,303.17450543768604,10.498240375812657,0.1747809853318853,-1.466063313868176,11.041573939168629,8,2026-09-24,rodovias,37.5,292,943.5690744959488,,,principal,
ECOV16,IPCA+,333.57252660656604,315.10074420208286,18.47178240448318,0.30752928242432587,0.6492175962579267,9.93412930738316,8,2026-09-24,rodovias,69.53125,639,318.87180614319107,,,principal,
ECPN11,IPCA+,418.3076965840134,352.5844794677642,65.7232171162492,1.094199431099448,-32.0960664798572,11.368768454193797,8,2026-09-24,rodovias,14.84375,691,13.225551102515999,,,principal,
ECRD14,IPCA+,398.98719298387164,381.8864954155658,17.10069756830586,0.2847026419529575,-0.6874672378693845,10.301647607097447,8,2026-09-24,rodovias,75.78125,678,283.99340194067,,,principal,
EDFT11,IPCA+,298.9823665818605,273.6343454742061,25.348021107654404,0.4220090173984338,-17.53028306063561,8.135381564450663,8,2026-09-24,transmissao,18.75,140,26.0871041718,2053-03-30,3.8333333333333335,principal,
EDPA11,IPCA+,235.70960218440345,258.3114271851311,-22.601825000727644,-0.3762887019645159,-11.108996118643347,7.146677047698237,8,2026-09-24,transmissao,37.5,298,66.396614343962,2047-08-11,2.8333333333333335,principal,
EDPT11,IPCA+,224.23262392887978,241.55101047873157,-17.318386549851795,-0.2883268583290802,-30.694360376469234,10.419241087713802,8,2026-09-24,transmissao,21.09375,60,2.8234305428670003,2047-02-10,13.75,principal,
EDTE12,IPCA+,219.1154466601921,196.69774657149506,22.417700088697046,0.3732232802941378,-3.967259037764279,8.065846144171589,8,2026-09-24,transmissao,79.6875,459,61.17600012144301,2046-12-01,18.0,principal,
EDVP17,IPCA+,256.7341105105423,260.7211177851778,-3.9870072746355163,-0.06637808194901877,-7.678623204259907,9.604139736618665,8,2026-09-24,distribuicao,22.65625,109,9.472772132419,,,principal,
EEELA0,IPCA+,220.08789370987748,211.94118822983378,8.146705480043693,0.13563122580916182,-1.0926926564157498,8.950580653860584,8,2026-09-24,transmissao,84.375,1953,221.06304225726396,2056-02-23,22.333333333333332,principal,
EEELA1,IPCA+,234.69227860419363,214.43081221045148,20.261466393742154,0.33732501198259185,0.6845259174086209,7.212715581000579,8,2026-09-24,transmissao,88.28125,1353,251.56484290032313,2056-02-23,21.833333333333332,principal,
EEELA4,IPCA+,231.678829043973,213.9986994726964,17.68012957127661,0.2943493725274816,4.294768725300173,11.157942819896597,8,2026-09-24,transmissao,28.90625,90,17.924857045538,2056-02-23,21.0,principal,
EEELB1,IPCA+,267.95153860151294,242.20307810775515,25.74846049375779,0.4286757718223557,19.36491605861042,18.463913259037618,8,2026-09-24,transmissao,32.8125,281,19.506324756274008,2056-02-23,16.833333333333332,principal,
EEELB5,IPCA+,240.0783470166367,211.39315626799515,28.68519074864156,0.4775682137200591,13.537222498770376,11.186212085160316,8,2026-09-24,transmissao,32.03125,372,263.514473190804,2056-02-23,20.75,principal,
EGIE27,IPCA+,137.39196281138462,248.06651377541561,-110.674550964031,-1.8425761247784262,67.73707041588791,22.815394149882557,8,2026-09-24,geracao,89.84375,646,54.71904038328199,,,principal,
EGIE29,IPCA+,211.24859674300396,246.52567299681596,-35.277076253812,-0.5873138665670941,-8.364643397284084,3.246698797547445,8,2026-09-24,geracao,96.09375,2335,100.50985593304303,,,principal,
EGIE49,IPCA+,215.8050038349176,255.08989485534394,-39.28489102042633,-0.6540383640886426,-8.461924324031372,3.6925860940332598,8,2026-09-24,geracao,63.28125,535,70.728177068774,,,principal,
EGIEA0,IPCA+,246.81401876970912,304.3018596311828,-57.4878408614737,-0.9570919611938494,25.77619730056699,13.23161345990537,8,2026-09-24,geracao,92.96875,660,30.339465678581988,,,principal,
EGIEA1,IPCA+,208.83696266742808,265.51033883667947,-56.673376169251384,-0.9435322658231262,6.9920524048136485,8.904054174400802,8,2026-09-24,geracao,95.3125,1246,554.6169149149181,,,principal,
EGIEA6,IPCA+,237.7452144359237,279.5743099532452,-41.82909551732146,-0.6963958023768398,6.100784205641816,9.911036027214017,8,2026-09-24,geracao,90.625,2502,1154.2400705986895,,,principal,
EGIEB1,IPCA+,243.71410337173083,299.0577058021936,-55.34360243046277,-0.9213933972114472,-9.409006045114381,9.760030352918859,8,2026-09-24,geracao,42.1875,130,5.850437918349999,,,principal,
EGIEB2,IPCA+,201.5683789061278,269.8616927395947,-68.29331383346687,-1.1369879385590875,-5.912310117379576,4.349131004294525,8,2026-09-24,geracao,70.3125,735,209.61962026877103,,,principal,
EGIEB4,IPCA+,192.09419195090538,253.145682132005,-61.05149018109961,-1.0164217266749818,-8.332927120107854,6.816637189665885,8,2026-09-24,geracao,70.3125,515,571.397778372318,,,principal,
EGIEB5,IPCA+,223.1614718078246,271.2199130789781,-48.0584412711535,-0.8001056765893055,10.163101008391209,8.162646243172368,8,2026-09-24,geracao,96.09375,2213,397.16700785677625,,,principal,
EGVG11,IPCA+,227.03488388311453,221.77808848601953,5.256795397095004,0.08751827413946614,-14.176477635418621,10.25483825676557,8,2026-09-24,outros_corporativo,22.65625,94,23.04818429397501,,,principal,
EGVG21,IPCA+,233.00676334235916,226.56755905204193,6.439204290317235,0.10720372465541204,-2.2395115927324696,7.398761070803044,8,2026-09-24,outros_corporativo,21.09375,99,127.75144861234898,,,principal,
EKTRA6,IPCA+,267.35449969445455,296.8352330068275,-29.480733312372934,-0.49081288217733476,3.9415498785864997,9.696338789056192,8,2026-09-24,distribuicao,78.125,1756,203.67309554533693,,,principal,
EKTRA8,IPCA+,245.84135981756717,254.28958134264428,-8.448221525077116,-0.14065104527964478,-23.216374764401536,10.509028081627104,8,2026-09-24,distribuicao,86.71875,1658,556.7281772984081,,,principal,
EKTRB3,IPCA+,267.77745500767134,266.73689052711586,1.0405644805554743,0.017323939889190124,-18.58786769033935,7.657216894810473,8,2026-09-24,distribuicao,59.375,301,97.57955601581001,,,principal,
EKTRB6,IPCA+,288.883891927423,295.83911758586135,-6.955225658438337,-0.11579475705168943,10.256264203003525,9.371818275152659,8,2026-09-24,distribuicao,83.59375,2141,133.28885574734403,,,principal,
EKTRC0,IPCA+,253.01541846786492,257.0598816913291,-4.0444632234641915,-0.06733464295257427,-16.476797084111325,8.413732172339765,8,2026-09-24,distribuicao,74.21875,623,62.72629874108601,,,principal,
EKTRC1,IPCA+,255.97909810262865,245.5901099759336,10.388988126695068,0.17296208853900075,-6.8174075237170655,7.641617113200991,8,2026-09-24,distribuicao,76.5625,448,236.05147035202802,,,principal,
EKTT11,IPCA+,277.72825087569976,282.7271838620913,-4.998932986391537,-0.08322522648486635,-12.696086851559471,7.825386948221536,8,2026-09-24,outros_corporativo,88.28125,1463,280.5662276516348,2052-09-30,14.333333333333334,principal,
ELDC15,IPCA+,357.25450487565286,268.84680899225606,88.4076958833968,1.4718642024069326,-23.160683534578936,9.948710213800082,8,2026-09-24,papel_celulose,71.875,288,840.4364120551413,,,principal,
ELET14,IPCA+,214.35080194219339,213.55639451249377,0.7944074296996178,0.013225770066931009,-2.300304026978523,11.190534514979383,8,2026-09-24,integrada_gt,96.09375,8085,926.7856390717766,2043-01-01,11.333333333333334,principal,
ELET16,IPCA+,242.66666117204204,241.66932952862564,0.9973316434164019,0.016604173756641926,-5.432800872945819,6.887652306716312,8,2026-09-24,integrada_gt,96.09375,3863,282.699787057276,2043-01-01,8.333333333333334,principal,
ELET23,IPCA+,213.4767309676342,225.33047660332394,-11.853745635689734,-0.19734824769803486,0.8873319819198286,11.767601217549053,8,2026-09-24,integrada_gt,96.09375,4345,228.00436889476595,2043-01-01,11.75,principal,
ELET42,IPCA+,244.32276789727362,212.84240850062372,31.480359396649902,0.5241038533109819,5.680204034178701,7.9245152051037655,8,2026-09-24,integrada_gt,96.09375,1981,202.85097054814395,2043-01-01,13.666666666666666,principal,
ELPLC8,IPCA+,466.2908321263387,243.21106112634752,223.0797709999912,3.713965463471455,-43.867181248238694,17.62581814952305,8,2026-09-24,distribuicao,46.875,275,392.31546097166495,,,principal,
ELTE12,IPCA+,214.37559391124495,256.15307126889587,-41.77747735765092,-0.6955364323790808,-6.821174892373847,9.244993513549096,8,2026-09-24,transmissao,50.0,207,129.073107931521,2044-09-05,5.166666666666667,principal,
ELTN15,IPCA+,212.68485564290222,222.38386302729816,-9.69900738439594,-0.16147487642706318,-1.6240474675673227,7.964728591456413,8,2026-09-24,integrada_gt,93.75,1515,234.26058851065508,2043-01-01,11.75,principal,
ELTN27,IPCA+,224.528640494036,261.4394689530751,-36.910828459039095,-0.6145135505137125,-4.056024792201839,8.750219524559842,8,2026-09-24,integrada_gt,91.40625,632,214.70539881620599,2043-01-01,10.5,principal,
ELTN37,IPCA+,243.08626212170108,272.48504381389523,-29.39878169219415,-0.48944850258498007,5.189687425942736,11.30098066938935,8,2026-09-24,integrada_gt,96.09375,2607,279.8013345404981,2043-01-01,7.5,principal,
ENAT11,IPCA+,375.67017271157755,338.9021845653738,36.76798814620378,0.6121354595452496,15.862587974675137,11.081371075893214,8,2026-09-24,energia_diversificada,96.09375,1917,278.1622599844591,,,principal,
ENAT12,IPCA+,391.26509390370336,355.82627365828876,35.438820245414604,0.5900066772869693,21.881609784913508,14.928747148384566,8,2026-09-24,energia_diversificada,85.15625,419,25.477538986937,,,principal,
ENAT13,IPCA+,373.2796504685283,321.4310716076408,51.84857886088753,0.8632061542658658,-6.142499469696702,12.086424655228814,8,2026-09-24,energia_diversificada,95.3125,1448,189.63727610875796,,,principal,
ENAT14,IPCA+,352.6290091136373,325.36038544964674,27.26862366399058,0.4539843575707519,-20.017349337657265,12.376859746298177,8,2026-09-24,energia_diversificada,83.59375,543,213.4349704621099,,,principal,
ENAT24,IPCA+,388.31256620569565,344.7852918108864,43.52727439480924,0.7246681001002697,8.258113457643333,16.010906294760627,8,2026-09-24,energia_diversificada,78.90625,663,87.96519995896597,,,principal,
ENAT33,IPCA+,390.96032272919285,337.4754518940458,53.484870835147035,0.8904481218065066,5.325186742706478,9.635235355912556,8,2026-09-24,energia_diversificada,96.09375,1434,200.68904076830003,,,principal,
ENERA1,IPCA+,258.4712424926546,245.28682756424604,13.184414928408557,0.21950202602722227,-5.945934127786927,11.00051057541207,8,2026-09-24,distribuicao,23.4375,112,96.792156183038,,,principal,
ENERB4,IPCA+,290.11105206864846,279.10883519418877,11.002216874459691,0.183171487536482,-3.0801830525172136,8.162391707867144,8,2026-09-24,distribuicao,84.375,1176,70.42272425206598,,,principal,
ENERB7,IPCA+,297.45593487452265,277.7371340186267,19.71880085589595,0.3282903915114374,-2.982521702686995,8.174350241164753,8,2026-09-24,distribuicao,90.625,2357,258.7110664275169,,,principal,
ENERB8,IPCA+,283.1326481632183,269.6593769062177,13.47327125700059,0.22431107896593994,0.06359497258688407,14.35475233055981,8,2026-09-24,distribuicao,28.125,526,222.447833499733,,,principal,
ENERC7,IPCA+,299.90692459454107,294.0437686576379,5.863155936903183,0.09761332710264842,8.418291518042679,11.752984735674273,8,2026-09-24,distribuicao,81.25,936,196.97015488308904,,,principal,
ENEV13,IPCA+,224.37735925021886,241.59214735912659,-17.214788108907726,-0.2866020895165115,13.098421687179467,6.61030633565508,8,2026-09-24,geracao,91.40625,669,34.121747078876,,,principal,
ENEV15,IPCA+,237.6349187061417,255.72739368829494,-18.09247498215325,-0.3012143455734547,-0.8792906145801851,8.683121414960025,8,2026-09-24,geracao,95.3125,1726,101.67340515321999,,,principal,
ENEV16,IPCA+,240.62701578664073,262.10142465887526,-21.474408872234534,-0.3575188038898749,7.918792770242305,8.758011244373856,8,2026-09-24,geracao,92.1875,858,57.17217409624098,,,principal,
ENEV18,IPCA+,257.59826805295836,267.2444992528963,-9.646231199937915,-0.16059622693996597,2.004921526392593,10.153527421942323,8,2026-09-24,geracao,96.09375,1785,106.84505425062304,,,principal,
ENEV19,IPCA+,249.7207953976966,267.99045997139814,-18.269664573701533,-0.3041643038800596,-5.362424380542109,9.856993942012364,8,2026-09-24,geracao,96.09375,2520,100.94092664117099,,,principal,
ENEV26,IPCA+,271.2909306679654,288.12070449277275,-16.82977382480732,-0.28019214141730825,-1.2558990123965827,9.469892806998399,8,2026-09-24,geracao,96.09375,3447,63.62493671676197,,,principal,
ENEV28,IPCA+,280.395448958799,294.1242736702186,-13.728824711419577,-0.22856568573520628,4.303124209484849,10.764668594936417,8,2026-09-24,geracao,96.09375,996,51.75742977775099,,,principal,
ENEV29,IPCA+,279.1976304073778,293.2685693054151,-14.070938898037298,-0.23426140735069015,7.527563220501293,12.447266412149052,8,2026-09-24,geracao,96.09375,3268,77.43180846512098,,,principal,
ENEV32,IPCA+,265.4449253179502,250.6085504357702,14.836374882179996,0.24700484346262866,6.53331856982237,10.452957821506464,8,2026-09-24,geracao,95.3125,1076,134.16747643135201,,,principal,
ENEV39,IPCA+,290.99657223561815,311.6839628674084,-20.687390631790265,-0.3444160534655336,12.548646177206194,11.18579778612934,8,2026-09-24,geracao,96.09375,1772,67.13718166181101,,,principal,
ENEVA0,IPCA+,258.6709180128218,276.6365426545895,-17.965624641767704,-0.2991024652307878,-8.95000402214157,9.027837655551037,8,2026-09-24,geracao,94.53125,1493,73.13164412046602,,,principal,
ENEVA4,IPCA+,275.6431979932037,280.4116502855411,-4.768452292337372,-0.07938804602750371,-2.6570399029718033,8.19944005851614,8,2026-09-24,geracao,82.8125,1022,876.1835937044161,,,principal,
ENEVB0,IPCA+,291.10201635393565,294.19072565164646,-3.088709297710807,-0.051422679909428275,5.821413252916784,9.708161401093902,8,2026-09-24,geracao,96.09375,1232,161.49601305078608,,,principal,
ENEVB4,IPCA+,281.6774458249827,299.1312477131145,-17.45380188813175,-0.2905813338798736,2.4258355978116697,9.029131907176076,8,2026-09-24,geracao,88.28125,848,185.681949757501,,,principal,
ENGI39,IPCA+,165.1894046030509,321.07834850443146,-155.88894390138057,-2.5953323835301467,-32.57264457752041,15.396446117753769,8,2026-09-24,energia_diversificada,36.71875,188,18.655125502619995,,,principal,
ENGIA4,IPCA+,140.02231579137373,309.9139145374131,-169.8915987460394,-2.828456957115872,38.51412233805111,15.663259196569069,8,2026-09-24,energia_diversificada,14.0625,55,57.76293697978898,,,principal,
ENGIA5,IPCA+,257.8661732552965,323.766364324645,-65.90019106934852,-1.0971457993281697,-3.456553436576314,11.619198193859141,8,2026-09-24,energia_diversificada,80.46875,758,60.073243076626014,,,principal,
ENGIA6,IPCA+,275.2316981781785,310.32625696854717,-35.094558790368694,-0.5842752066622976,2.501809141759736,9.632314217877887,8,2026-09-24,energia_diversificada,92.1875,995,97.633231419339,,,principal,
ENGIA9,IPCA+,251.92425491576054,325.77574532114096,-73.85149040538042,-1.2295237867690263,-9.99285115007629,13.360105136178458,8,2026-09-24,energia_diversificada,79.6875,566,26.351711668781004,,,principal,
ENGIB0,IPCA+,252.63318993401694,322.8629250085105,-70.22973507449356,-1.169226637656129,-9.168658537744165,8.640466488271722,8,2026-09-24,energia_diversificada,92.1875,1173,359.7021862996121,,,principal,
ENGIB2,IPCA+,289.5816331829689,340.47655960810744,-50.89492642513852,-0.8473291780853255,-6.1991569203077574,7.839620052512929,8,2026-09-24,energia_diversificada,96.09375,3782,255.95311708338102,,,principal,
ENGIB4,IPCA+,240.656330238593,317.56978811679596,-76.91345787820296,-1.2805012527820083,3.89335947088162,5.456904736242026,8,2026-09-24,energia_diversificada,89.84375,825,82.39119343863003,,,principal,
ENGIB6,IPCA+,255.7806905785063,332.7521026012385,-76.97141202273221,-1.2814661080455843,-3.169683705951087,8.937844461429737,8,2026-09-24,energia_diversificada,91.40625,1682,42.302544247886,,,principal,
ENGIB9,IPCA+,270.2741472904239,326.863908047978,-56.589760757554075,-0.942140186434369,-6.636656662763983,8.697696099965471,8,2026-09-24,energia_diversificada,96.09375,3715,516.6370847827341,,,principal,
ENGIC0,IPCA+,297.9108502641701,352.1821090606693,-54.27125879649918,-0.9035403789675187,-5.740333278429603,12.278338543924114,8,2026-09-24,energia_diversificada,96.09375,3899,300.65416174899616,,,principal,
ENJG21,IPCA+,273.74714464165845,260.9045880044437,12.842556637214727,0.21381056471181997,64.64368982542447,22.505822823107266,8,2026-09-24,geracao,70.3125,576,203.91489669182303,,,principal,
ENMI21,IPCA+,221.13433765248888,264.59993251148376,-43.465594858994876,-0.7236412222942248,46.35738491455837,18.454061453523266,8,2026-09-24,geracao,67.1875,432,86.01228178668697,,,principal,
ENMTA3,IPCA+,151.7649003229047,245.27477384308793,-93.50987352018322,-1.556808307587684,-34.824783901784,12.328579376361025,8,2026-09-24,distribuicao,40.625,193,25.052630777712004,,,principal,
ENMTA4,IPCA+,263.16262023427316,257.11968504381133,6.042935190461833,0.10060639965141631,0.8271305550779289,9.657042744014309,8,2026-09-24,distribuicao,92.1875,845,173.10788174653098,,,principal,
ENMTA5,IPCA+,271.0041413046251,245.81513455486166,25.189006749763422,0.4193616512533286,1.1587553612100123,5.8784558418387745,8,2026-09-24,distribuicao,79.6875,507,51.777071087106016,,,principal,
ENMTA7,IPCA+,256.70565537185337,244.81825848433343,11.887396887519941,0.1979084938671058,-5.073758005203217,10.28854516837916,8,2026-09-24,distribuicao,20.3125,110,59.795935802464996,,,principal,
ENMTB3,IPCA+,239.64393548061201,256.7191003629729,-17.075164882360866,-0.28427755852488923,-2.90326184114204,6.6085656721745725,8,2026-09-24,distribuicao,36.71875,182,17.662825428286002,,,principal,
ENMTB5,IPCA+,251.26131579750125,259.9846355383335,-8.723319740832267,-0.14523104492639577,-9.82037541641364,10.989556175110303,8,2026-09-24,distribuicao,21.09375,131,70.117528523792,,,principal,
ENMTC5,IPCA+,291.7047398104996,275.5579721515745,16.146767658925057,0.26882104622542335,-0.14667592185156764,10.05844547368951,8,2026-09-24,distribuicao,77.34375,633,286.8858388130561,,,principal,
ENMTC6,IPCA+,315.2414404792106,291.77839511191473,23.463045367295877,0.3906268137688031,13.53289849419258,14.84155646755,8,2026-09-24,distribuicao,25.78125,115,107.647013571105,,,principal,
ENMTD2,IPCA+,289.6362027565894,270.1755454085536,19.460657348035795,0.32399266398323395,-4.861134750691235,7.554507519792147,8,2026-09-24,distribuicao,11.71875,66,130.695812414564,,,principal,
ENMTD5,IPCA+,285.1521486607802,282.2360719138263,2.916076746953877,0.04854858994372607,4.903041497010406,13.534839736381727,8,2026-09-24,distribuicao,14.84375,186,193.72090623151198,,,principal,
ENMTD9,IPCA+,285.44935191552526,269.40132180315754,16.048030112367712,0.267177204490164,2.6744555829961882,13.550535447904014,8,2026-09-24,distribuicao,26.5625,451,152.18231642677407,,,principal,
ENMTE6,IPCA+,292.2155491623315,273.7523509747402,18.46319818759133,0.30738636724683416,-0.12056308731825993,10.90838899623946,8,2026-09-24,distribuicao,17.96875,140,106.618951704713,,,principal,
ENMTF8,IPCA+,292.67392585851366,271.3897223109576,21.284203547556046,0.35435215187271685,-2.9799821450702666,9.799516207669019,8,2026-09-24,distribuicao,53.90625,1056,948.5485557468836,,,principal,
ENMTG8,IPCA+,294.08690751753295,288.6473058723557,5.439601645177277,0.09056174190366956,9.180398165577344,11.523550936363135,8,2026-09-24,distribuicao,14.0625,349,157.773412043422,,,principal,
ENSEA1,IPCA+,232.5148733074752,244.8829927848713,-12.368119477396107,-0.20591185108908674,-65.23608394057342,26.00730241940513,8,2026-09-24,distribuicao,57.03125,216,7.196782039063001,,,principal,
ENSEA5,IPCA+,282.72598274687704,278.0129629661622,4.713019780714831,0.07846517241688122,2.6959348546736805,16.629490054690358,8,2026-09-24,distribuicao,15.625,257,294.67428366349503,,,principal,
ENSEB4,IPCA+,289.3407009287981,279.6511827836617,9.689518145136446,0.16131689389585294,2.8168712706222436,11.692209628417686,8,2026-09-24,distribuicao,79.6875,3885,168.2556155621611,,,principal,
ENSEB5,IPCA+,275.4898557315475,305.10687092941555,-29.617015197868056,-0.49308178452449414,-10.754447213549042,12.438685991566562,8,2026-09-24,distribuicao,0.0,0,0.0,,,principal,
ENSEC4,IPCA+,292.09543167017426,292.3680162610021,-0.27258459082781883,-0.004538151315428134,11.593144977825318,12.545128855526674,8,2026-09-24,distribuicao,46.875,173,117.58038367181301,,,principal,
ENTV12,IPCA+,282.46550810512355,342.0690382139269,-59.60353010880334,-0.992315221289542,17.26729305710063,10.403428464396491,8,2026-09-24,rodovias,96.09375,1901,376.97243983066176,,,principal,
ENTV13,IPCA+,307.60726685799676,363.5577443584633,-55.95047750046655,-0.9314970163810937,18.903397967975366,12.963401218836319,8,2026-09-24,rodovias,85.9375,1721,490.74395299807077,,,principal,
EPRL12,IPCA+,380.6605598071955,385.27840537793884,-4.617845570743327,-0.0768806552405239,-16.228824011759855,7.134062194141272,8,2026-09-24,rodovias,26.5625,93,177.69147203786105,,,principal,
EQMAA0,IPCA+,263.7999912659659,253.17864591963428,10.621345346331623,0.17683051051670867,4.399916295909804,11.445003475415946,8,2026-09-24,distribuicao,50.0,223,267.75192277678804,,,principal,
EQMAA2,IPCA+,298.3744288329889,275.15223251223597,23.222196320752914,0.38661701477734445,0.31968779911653655,7.367839164422473,8,2026-09-24,distribuicao,86.71875,1080,223.093091805546,,,principal,
EQPA18,IPCA+,290.56008159639873,267.27550694333473,23.284574653064,0.38765552656545416,6.5751988947338305,11.03075663680142,8,2026-09-24,distribuicao,96.09375,2912,487.79127787060503,,,principal,
EQPA19,IPCA+,298.0337392778012,271.0321615079405,27.001577769860717,0.4495384177909401,18.67065969798341,10.63085266153803,8,2026-09-24,distribuicao,96.09375,2708,930.2723502189002,,,principal,
EQPAA1,IPCA+,292.7979384736821,274.5553148180279,18.2426236556542,0.3037141105017978,-9.460068410006954,12.789570165415123,8,2026-09-24,distribuicao,70.3125,408,737.124531984579,,,principal,
EQSP11,IPCA+,270.0165391025975,219.85813011901294,50.158408983584565,0.8350671951681211,0.4320814063459011,11.517824462970772,8,2026-09-24,transmissao,30.46875,122,6.5777409213199975,2047-02-10,14.083333333333334,principal,
EQSP21,IPCA+,269.564976258146,223.13469739623923,46.43027886190674,0.7729990549097218,-9.632689187027552,10.661073409608626,8,2026-09-24,transmissao,28.90625,83,3.490197527649999,2047-02-10,13.083333333333334,principal,
EQTC11,IPCA+,291.455489920076,244.88388230318458,46.57160761689141,0.7753519805589439,3.85231865761142,13.528115572174602,8,2026-09-24,transmissao,38.28125,113,5.272509135473001,2047-02-10,7.833333333333333,principal,
EQTN11,IPCA+,262.95862506284857,217.5964443765501,45.36218068629847,0.7552167175959268,7.815467022790472,5.245560438414407,8,2026-09-24,transmissao,20.3125,50,3.7453694277330003,2047-02-10,14.083333333333334,principal,
EQTR11,IPCA+,295.1660030784369,238.32033878708,56.84566429135691,0.9464006215346188,2.967997220137704,12.784173358671866,8,2026-09-24,transmissao,55.46875,243,10.707654459114003,2047-07-21,8.25,principal,
EQTR21,IPCA+,295.5182674675328,239.17377762896618,56.3444898385666,0.9380567694654973,7.985605000368196,13.898860189193226,8,2026-09-24,transmissao,52.34375,264,7.084872635818999,2047-07-21,8.25,principal,
EQTS11,IPCA+,271.26404594013826,217.5443076337404,53.71973830639786,0.8943583359546037,6.5107897187508,11.334676931375647,8,2026-09-24,transmissao,28.90625,90,4.469163646976001,2047-02-10,14.083333333333334,principal,
EQUA11,IPCA+,273.28209920022306,223.93981683423675,49.34228236598631,0.8214798310696533,7.942363474916078,14.206824432195747,8,2026-09-24,transmissao,90.625,783,69.65613213074597,,,principal,
ERDVA4,IPCA+,327.7027176913118,322.23397387391935,5.468743817392465,0.09104691821818958,-4.096317229789861,15.516233458457105,8,2026-09-24,rodovias,93.75,2831,173.65909670556002,,,principal,
ERDVB4,IPCA+,350.3555232843511,332.6753312200605,17.680192064290566,0.29435041294855835,-18.942307198996275,12.320098075018997,8,2026-09-24,rodovias,95.3125,4738,311.41750832271697,,,principal,
ERDVC3,IPCA+,358.88780745887766,339.23163419874214,19.656173260135517,0.3272477298363252,-1.915278271593479,11.018864894164855,8,2026-09-24,rodovias,75.78125,543,50.059844789934,,,principal,
ERDVC4,IPCA+,388.04762520962583,358.20240833216144,29.845216877464395,0.49688102258596323,-0.42909162169331694,13.763214709629544,8,2026-09-24,rodovias,95.3125,2935,80.59451321682994,,,principal,
ESAM14,IPCA+,223.15473767355786,288.41565626623344,-65.26091859267558,-1.0865028087536848,-30.076922072190115,11.300132953499615,8,2026-09-24,geracao,53.90625,338,44.365694667478984,,,principal,
ESCEA5,IPCA+,240.45895546871913,265.95474683862386,-25.495791369904737,-0.4244691851136224,-12.99108920026245,6.984495582162119,8,2026-09-24,distribuicao,7.03125,72,15.124318914187999,,,principal,
ESSDA4,IPCA+,273.03921421193206,272.05589711281584,0.9833170991162206,0.016370851240288947,-3.8898861769686164,11.73126092309096,8,2026-09-24,distribuicao,44.53125,363,56.403666414515016,,,principal,
ESSDA5,IPCA+,294.08527070788523,279.002336405661,15.082934302224203,0.25110971216781386,6.173150879767263,11.588207124998698,8,2026-09-24,distribuicao,35.15625,102,14.407640400638002,,,principal,
ESSDB5,IPCA+,312.3566555253877,291.8935833295168,20.463072195870893,0.340681465967573,13.852053692234733,15.756945026936881,8,2026-09-24,distribuicao,8.59375,36,55.64436849303601,,,principal,
ESULA6,IPCA+,257.1129010030173,257.7700495947738,-0.6571485917564814,-0.010940602831049933,-10.039103086990451,9.518130757700828,8,2026-09-24,distribuicao,91.40625,1226,86.25907274467802,,,principal,
ETBA12,IPCA+,214.02690209340025,195.22147832747822,18.80542376592203,0.31308394337818496,3.827474184477353,6.505594277988588,8,2026-09-24,transmissao,95.3125,1289,117.27877489276298,2046-09-29,17.583333333333332,principal,
ETEN12,IPCA+,152.92974586158837,207.60995669192187,-54.68021083033349,-0.910348857042732,-45.94386361426436,22.118134083653157,8,2026-09-24,transmissao,25.0,152,32.363770443813,,,principal,
ETEN21,IPCA+,154.71292171273402,214.40466824082336,-59.69174652808934,-0.9937839010047427,2.251894503714624,12.054520499394965,8,2026-09-24,transmissao,57.03125,299,14.284304789851008,,,principal,
ETEN22,IPCA+,246.4128544646337,217.49457053731152,28.918283927322193,0.481448888384149,-4.416036859960229,4.770453570353581,8,2026-09-24,transmissao,22.65625,70,33.682219279127,,,principal,
ETSP12,IPCA+,293.7217199567429,238.05182979854732,55.669890158195585,0.9268256304727693,7.469966348308276,13.630451990340337,8,2026-09-24,transmissao,64.84375,295,12.294887769766,2047-02-10,7.833333333333333,principal,
EUBE11,IPCA+,201.0603327639624,283.50628142113055,-82.44594865716815,-1.3726094685469052,-5.569685769912951,10.10758487082087,8,2026-09-24,outros_corporativo,20.3125,65,4.272587152758001,,,principal,
EXTZ11,IPCA+,320.8085936074537,240.22024049639657,80.58835311105713,1.341683106768656,-2.308767120309085,11.06954154738282,8,2026-09-24,integrada_gt,39.84375,421,51.782012752954984,2043-01-01,14.0,principal,
FBRI13,IPCA+,208.6822873146734,268.39500772706594,-59.71272041239254,-0.9941330867762169,47.09208354848087,19.672812511282334,8,2026-09-24,telecom,70.3125,989,234.77160238437295,,,principal,
FLCLA9,IPCA+,291.41591998582396,272.85921512866406,18.5567048571599,0.3089431222131189,-1.0496176899442844,11.017608593629165,8,2026-09-24,distribuicao,28.125,221,146.81492885713206,,,principal,
FLCLB9,IPCA+,315.8160519103537,293.8402558867934,21.975796023560292,0.36586619709144075,13.016057908597588,14.959557128521885,8,2026-09-24,distribuicao,27.34375,150,25.583737349754,,,principal,
FRAG14,IPCA+,311.99252585772575,345.9948291498545,-34.00230329212877,-0.5660906837915527,-26.14114087316341,11.649841169718862,8,2026-09-24,agro_acucar_etanol,15.625,261,51.589324238466006,,,principal,
FRAG16,IPCA+,331.62162142041944,363.228962814163,-31.60734139374358,-0.5262179255532766,-27.718286969367625,10.075893711233462,8,2026-09-24,agro_acucar_etanol,9.375,144,10.612867079702001,,,principal,
FSII14,IPCA+,507.56262693115605,346.80117253832367,160.76145439283238,2.6764528526992453,4.567761726065328,16.599638345937596,8,2026-09-24,agro_acucar_etanol,39.0625,113,146.84901663474605,,,principal,
FURN21,IPCA+,244.56818800965777,211.6045038081158,32.96368420154198,0.5487991319182023,10.906035294899198,7.4993683270904405,8,2026-09-24,integrada_gt,95.3125,1656,154.59246099034803,,,principal,
GASC15,IPCA+,363.65382670739314,313.39110957040947,50.26271713698367,0.836803779698158,2.9116548999801353,13.82450643576282,8,2026-09-24,ferrovias,70.3125,465,201.86982091762297,,,principal,
GASC16,IPCA+,352.53087624020947,314.289758194988,38.24111804522147,0.6366610072613584,-8.068746676432056,19.271080495537703,8,2026-09-24,ferrovias,79.6875,604,198.47139834406795,,,principal,
GASC17,IPCA+,370.3501516338559,318.6933237458245,51.65682788803139,0.8600137693733119,28.138871755090292,22.002738562215484,8,2026-09-24,ferrovias,51.5625,396,87.633590844798,,,principal,
GASC18,IPCA+,383.23498863577095,324.6799092299712,58.555079405799745,0.9748599868518668,11.989771010558172,9.555016738306499,8,2026-09-24,ferrovias,81.25,570,73.17257604818606,,,principal,
GASC19,IPCA+,394.60171952633544,324.3048637365333,70.29685578980212,1.170344103473052,47.22163027724156,22.2029228202208,8,2026-09-24,ferrovias,63.28125,543,263.15423865825994,,,principal,
GASC22,IPCA+,335.32938964770347,293.11849160444956,42.210898043253906,0.7027522792049397,14.49688891353884,16.787184313115674,8,2026-09-24,ferrovias,89.0625,975,35.904534101185,,,principal,
GASC23,IPCA+,351.31977612200353,314.1515293660693,37.168246755934206,0.6187992042959827,14.801276651104615,19.171547492849037,8,2026-09-24,ferrovias,91.40625,516,78.699923013967,,,principal,
GASC25,IPCA+,384.01976356057605,330.7864715188446,53.23329204173143,0.8862596875710804,14.40604483387176,13.68875696297509,8,2026-09-24,ferrovias,94.53125,2479,336.37744928750874,,,principal,
GASC26,IPCA+,376.629130317212,333.01333295603087,43.61579736118114,0.7261418833947186,24.63091476739885,20.776232664108115,8,2026-09-24,ferrovias,37.5,461,22.582895089238,,,principal,
GASC27,IPCA+,366.85796036586976,318.6247831035542,48.233177262315564,0.8030147858890518,2.9652442339505,15.633902782391559,8,2026-09-24,ferrovias,22.65625,228,65.05197025447198,,,principal,
GASC28,IPCA+,396.71401956878407,323.97295006255456,72.74106950622951,1.2110368354382237,34.87911483014375,21.239932699505097,8,2026-09-24,ferrovias,88.28125,1218,363.63258136968193,,,principal,
GASP19,IPCA+,221.62249927197902,226.3291075099644,-4.706608237985364,-0.0783584292184367,-18.798426553700438,8.10820063810959,8,2026-09-24,distribuicao_gas,81.25,763,63.713973908721044,,,principal,
GASP29,IPCA+,260.6355599559878,254.34692065910258,6.288639296885208,0.10469702858383334,2.4773425826161883,10.312642400897966,8,2026-09-24,distribuicao_gas,90.625,542,30.491470153804002,,,principal,
GSTS14,IPCA+,524.0673182520472,260.9831719627837,263.0841462892636,4.379982232029615,6.0708857270230965,14.716596752722923,8,2026-09-24,saneamento,78.125,482,134.49035187393798,,,principal,
HARG11,IPCA+,373.1405923517138,354.7801904627219,18.360401888991873,0.3056749529798225,-6.114270610525921,10.373392995220065,8,2026-09-24,rodovias,96.09375,4127,601.168138247858,,,principal,
HBSA11,IPCA+,256.28083983590824,250.96884293424097,5.311996901667271,0.08843730180653805,-9.635266426207238,8.312645931737332,8,2026-09-24,logistica,92.96875,735,112.554479382907,,,principal,
HBSA21,IPCA+,252.79544290264155,269.8846898004946,-17.08924689785303,-0.2845120043420044,-29.20904567331999,11.139031296777567,8,2026-09-24,logistica,80.46875,441,51.748392720089,,,principal,
HSBH11,IPCA+,379.4079635644873,295.2600033666597,84.14796019782762,1.4009455747393371,-18.663716291229946,12.651099484368888,8,2026-09-24,outros_corporativo,15.625,154,44.17639334249601,,,principal,
HVSP11,IPCA+,432.2516564668889,296.02871723173666,136.22293923515224,2.267920974564502,-8.765942774945358,9.545148066765115,8,2026-09-24,geracao,92.96875,2635,415.78926301901816,,,principal,
HZTC14,IPCA+,279.48159184436514,298.2417937409734,-18.760201896608237,-0.3123310626482462,-53.27311401849647,18.29488815273175,8,2026-09-24,saneamento,65.625,343,109.59637748889999,,,principal,
IBPB11,IPCA+,262.936864132347,241.6772480578755,21.259616074471523,0.35394280491373165,-19.217325928780042,18.23992593819498,8,2026-09-24,transmissao,50.78125,98,5.273673184390999,2048-03-08,7.333333333333333,principal,
IPIPA5,IPCA+,215.09833492747495,221.11044241596298,-6.012107488488027,-0.10009316162926991,-14.295412521131823,6.389403747475128,8,2026-09-24,oleo_gas,6.25,42,29.470711645817996,,,principal,
ISAEA8,IPCA+,209.7965433805727,212.22058954560762,-2.424046165034923,-0.040356970506305954,5.759722217354863,13.131832248096023,8,2026-09-24,transmissao,78.90625,590,250.48306392838796,2053-09-29,20.25,principal,
ISAEA9,IPCA+,214.68878351912363,243.05141817335252,-28.362634654228884,-0.4721981069223389,3.5255001012361618,7.774515343823126,8,2026-09-24,transmissao,95.3125,1521,127.22779126968501,2053-09-29,18.25,principal,
ISAEB0,IPCA+,231.6333744640061,231.94630957452605,-0.3129351105199589,-0.005209930903052594,16.117845473253425,14.700176377149697,8,2026-09-24,transmissao,88.28125,1689,290.6651333145459,2053-09-29,15.916666666666666,principal,
ISAEB2,IPCA+,238.44461409982426,245.5663703429675,-7.121756243143238,-0.11856725783664736,13.170815901289018,11.163958036591984,8,2026-09-24,transmissao,56.25,899,598.3306970265651,2053-09-29,12.5,principal,
ISAEB8,IPCA+,207.63281537965173,207.11007362385934,0.5227417557923957,0.008702917430050004,0.9296178154680206,9.28025801438902,8,2026-09-24,transmissao,82.8125,1368,416.2259155473028,2053-09-29,20.5,principal,
ISAEC0,IPCA+,229.06290363389988,243.23756908447524,-14.174665450575361,-0.23598830904170603,1.4244446425272486,11.606515691457242,8,2026-09-24,transmissao,91.40625,1961,669.1784450959962,2053-09-29,12.916666666666666,principal,
ISAEC2,IPCA+,233.19567132450197,250.37631457120253,-17.180643246700555,-0.2860336254266303,13.445286793844218,10.972106353488499,8,2026-09-24,transmissao,26.5625,718,215.368287233784,2053-09-29,12.5,principal,
ITPE13,IPCA+,355.3778698964054,317.2456868226086,38.132183073796796,0.6348473926972862,-20.14164942048143,10.344133846975282,8,2026-09-24,saneamento,39.0625,479,96.51965500722,,,principal,
ITPO14,IPCA+,218.10724031773844,219.17771595898336,-1.0704756412449115,-0.017821918783802307,-28.60122697070949,12.111368025886154,8,2026-09-24,portos,96.09375,2281,231.92260250488894,,,principal,
ITPO15,IPCA+,231.78303556617382,257.3718538667065,-25.588818300532665,-0.42601795309906604,-29.2067240034838,15.092868086416201,8,2026-09-24,portos,75.0,823,170.08241003792995,,,principal,
IVIAA0,IPCA+,454.5499905189444,325.2908075751624,129.25918294378204,2.151984194433138,17.687838226753115,25.00368422150295,8,2026-09-24,rodovias,96.09375,2948,880.7030990990899,,,principal,
JALL11,IPCA+,301.7826720127562,337.9386376957976,-36.15596568304136,-0.6019461434953688,0.202673560256585,12.827520948601856,8,2026-09-24,agro_acucar_etanol,96.09375,1225,86.31602291643298,,,principal,
JALL13,IPCA+,354.8386828694916,349.99679861201776,4.8418842574738505,0.0806105853066557,-22.06755318709662,10.389010886188482,8,2026-09-24,agro_acucar_etanol,93.75,667,113.21550326299604,,,principal,
JALL14,IPCA+,353.3645892335294,352.683787121598,0.6808021119313707,0.011334400783348653,-23.20059197134168,11.527238504095196,8,2026-09-24,agro_acucar_etanol,94.53125,1072,97.41946902252194,,,principal,
JALL15,IPCA+,349.40278665787554,359.7852114008943,-10.38242474301876,-0.17285281740164907,-50.43427503474362,20.810181042583388,8,2026-09-24,agro_acucar_etanol,96.09375,1181,54.55721999252497,,,principal,
JALL21,IPCA+,289.7389826959123,356.34535089448167,-66.60636819856938,-1.1089026585775,-23.657940058134045,9.253364798741163,8,2026-09-24,agro_acucar_etanol,93.75,940,53.17913912481503,,,principal,
JALL24,IPCA+,368.84039025430735,362.7059269706443,6.134463283663024,0.10213021409484531,17.711585511326348,22.820240774083764,8,2026-09-24,agro_acucar_etanol,73.4375,303,20.350945190389005,,,principal,
JTEE11,IPCA+,204.6167115275852,214.02341753392204,-9.406706006336833,-0.15660846824415053,-15.517539457880616,8.38656538349194,8,2026-09-24,transmissao,65.625,612,22.858939141198004,2047-02-10,13.583333333333334,principal,
JTEE12,IPCA+,218.40248285246008,271.3562073775168,-52.953724525056714,-0.8816052803292942,-7.243824916018241,9.996583088979044,8,2026-09-24,transmissao,52.34375,150,6.510185332551999,2047-02-10,2.1666666666666665,principal,
KLBNA5,IPCA+,203.656384060918,287.6423583397236,-83.98597427880563,-1.3982487362670744,-6.363547010976987,11.138132188717227,8,2026-09-24,papel_celulose,96.09375,5535,219.735587105571,,,principal,
LCAMD1,IPCA+,168.65759502248537,164.01449351551798,4.643101506967383,0.07730113117369933,-0.433073941139412,2.400299782218669,8,2026-09-24,locacao,96.09375,2070,276.86579913032193,,,principal,
LCAMD3,IPCA+,169.9990565293339,161.14483932320525,8.854217206128652,0.14741030422537876,-5.393626616828357,4.087402025688695,8,2026-09-24,locacao,95.3125,1135,193.69801318076688,,,principal,
LORTA7,IPCA+,167.2338421461709,163.7449743616273,3.4888677845436007,0.05808475775427263,-8.987161785479316,3.2561986605636717,8,2026-09-24,locacao,96.09375,1721,175.58509144599896,,,principal,
LTTE15,IPCA+,225.76333317812205,259.4625146834842,-33.699181505362134,-0.5610441309722157,-45.56656766027439,21.575417710632152,8,2026-09-24,transmissao,75.0,701,137.74900609468904,2041-12-09,3.1666666666666665,principal,
MGPRA0,IPCA+,416.0254261426471,313.7080457984366,102.3173803442105,1.7034409494318778,7.516886016952071,14.199121366147885,8,2026-09-24,mobilidade_urbana,96.09375,7460,1870.6944083792764,,,principal,
MGSP12,IPCA+,238.18512262949753,226.73899446858,11.446128160917539,0.19056198816035835,-22.060604464465143,8.056514286376292,8,2026-09-24,transmissao,82.8125,914,42.34858655005502,2047-08-11,8.083333333333334,principal,
MOTVB9,IPCA+,251.28561128364694,281.7565218314518,-30.470910547804834,-0.5072979450704191,11.31384413519342,12.268574294301299,8,2026-09-24,mobilidade_urbana,86.71875,2986,527.368002684533,,,principal,
MRSAA1,IPCA+,229.87917480281345,315.65416332202545,-85.774988519212,-1.4280333154458298,1.6267720511073378,12.158475945378694,8,2026-09-24,ferrovias,82.8125,1975,223.91223603993492,,,principal,
MRSAA2,IPCA+,242.71096587467477,313.6801333796643,-70.96916750498954,-1.18153715105285,6.023060025968363,12.532206493197894,8,2026-09-24,ferrovias,53.125,1036,285.88343748282983,,,principal,
MRSAA4,IPCA+,260.2368534533313,324.661848427759,-64.4249949744277,-1.0725858523467642,13.743300901661854,8.204545802142137,8,2026-09-24,ferrovias,40.625,398,170.50013067499097,,,principal,
MRSAB1,IPCA+,245.9304087336154,316.07129678972365,-70.14088805610825,-1.1677474593499282,6.927437585911861,10.538673982338569,8,2026-09-24,ferrovias,94.53125,2581,173.04197506774696,,,principal,
MRSAB2,IPCA+,249.09154018748012,315.98003715007656,-66.88849696259643,-1.1135997069972259,7.100681334662738,9.624457093856094,8,2026-09-24,ferrovias,78.90625,1396,269.1506736854799,,,principal,
MRSAC1,IPCA+,257.4107977060599,328.2583994796231,-70.84760177356321,-1.1795132520411415,5.0017702895850675,10.629734583692356,8,2026-09-24,ferrovias,94.53125,1249,181.090858591941,,,principal,
MRSAC2,IPCA+,260.07291325139687,329.62594493630155,-69.55303168490468,-1.1579604748540018,4.862184322705616,10.243744997442956,8,2026-09-24,ferrovias,93.75,1051,157.455474873316,,,principal,
MSGT12,IPCA+,232.63456560202448,230.61819853618883,2.0163670658356523,0.03356968500830665,11.307108127607393,5.987073386962322,8,2026-09-24,transmissao,47.65625,396,71.14186105370099,2044-05-14,13.5,principal,
MSGT13,IPCA+,92.74833701550112,200.53819618275875,-107.78985916725763,-1.7945500502583114,-6.201300073793718,4.711442249366984,8,2026-09-24,transmissao,31.25,111,161.09479509718201,2044-05-14,12.5,principal,
MSGT23,IPCA+,237.08538422946296,239.67474590892385,-2.589361679460893,-0.043109242074462144,-23.72394058963434,11.185078124440773,8,2026-09-24,transmissao,94.53125,1285,140.955487820465,2044-05-14,6.5,principal,
MSGT33,IPCA+,282.520038472431,257.24992416388085,25.27011430855015,0.4207119784067503,23.170116279892113,19.765652395491752,8,2026-09-24,transmissao,94.53125,1146,82.52375384723,2044-05-14,2.5,principal,
NNAE12,IPCA+,324.2496544316688,338.289375905352,-14.039721473683244,-0.2337416809972437,-13.676714458147899,9.146637054444673,8,2026-09-24,aeroportos,46.875,452,149.81797523332702,,,principal,
NTSD19,IPCA+,219.05260445370286,233.86666110795932,-14.814056654256461,-0.24663327625443976,15.286277595826647,9.101706452786324,8,2026-09-24,oleo_gas,26.5625,157,85.30021885441798,,,principal,
NTSDA1,IPCA+,217.24774831799903,229.54090021576954,-12.293151897770514,-0.20466374598138734,0.23682820322432008,6.495881313940033,8,2026-09-24,oleo_gas,41.40625,412,648.908160330738,,,principal,
ODYA11,IPCA+,237.42579259033772,232.65429813205054,4.771494458287179,0.07943869382591719,-40.20278596374828,14.950315800854789,8,2026-09-24,transmissao,6.25,30,4.798777020508,2044-09-05,13.0,principal,
OMGE12,IPCA+,359.41600771959196,250.25280683089474,109.16320088869722,1.817414264705489,6.625012660210359,12.50621996440117,8,2026-09-24,geracao,25.0,176,40.702430572831005,,,principal,
OMGE22,IPCA+,359.8600092663233,254.29170534172678,105.5683039245965,1.7575642697482639,45.70708575468245,21.75770553173855,8,2026-09-24,geracao,7.03125,32,4.521661035317999,,,principal,
OMGE41,IPCA+,368.6140922732875,242.5076397509331,126.1064525223544,2.0994956525616364,1.1689306778719697,8.57736803735168,8,2026-09-24,geracao,54.6875,348,146.62115177795505,,,principal,
OMNG12,IPCA+,343.7771572574322,343.40676589792196,0.3703913595102222,0.006166496903877756,2.087600177130014,14.330824095132899,8,2026-09-24,energia_diversificada,57.8125,340,12.615264819853998,,,principal,
ONZE21,IPCA+,336.5867593735586,347.9340296380967,-11.34727026453811,-0.18891614276927335,34.67583971261229,19.56068686809225,8,2026-09-24,aeroportos,16.40625,348,62.596442899821994,,,principal,
ORIG12,IPCA+,554.9470567776217,361.4120755098994,193.5349812677223,3.2220861317001437,-42.71336588906854,23.630760703763602,8,2026-09-24,energia_diversificada,95.3125,2049,209.9530430680009,,,principal,
ORVR16,IPCA+,315.2968922285485,283.87493086474024,31.421961363808236,0.5231316079292676,-2.644121465701346,9.976133783838522,8,2026-09-24,saneamento,22.65625,103,112.538976402995,,,principal,
PALF38,IPCA+,179.04985489372478,243.7225323824771,-64.67267748875233,-1.076709418997312,24.89287269101402,14.922980164882608,8,2026-09-24,distribuicao,76.5625,390,24.073911375233994,,,principal,
PALFA3,IPCA+,220.1114271095362,269.9835529582738,-49.87212584873757,-0.8303009822980347,2.215269840516868,10.228352113092074,8,2026-09-24,distribuicao,72.65625,2418,89.66429148286701,,,principal,
PALFA7,IPCA+,249.14171795241558,263.66361510600194,-14.521897153586366,-0.24176923013116378,21.270525483959716,15.673318382843764,8,2026-09-24,distribuicao,25.78125,113,246.71522707425802,,,principal,
PALFB3,IPCA+,244.15748712952012,274.06107367828093,-29.903586548760813,-0.4978527957877077,7.771401331895532,13.479623819253012,8,2026-09-24,distribuicao,92.96875,868,72.65816265694102,,,principal,
PALFB6,IPCA+,232.784811284771,264.94325821878266,-32.158446934011664,-0.5353930602331644,3.5643374011291655,10.543030564707182,8,2026-09-24,distribuicao,75.78125,1135,491.5367571199451,,,principal,
PASN12,IPCA+,368.04461954115493,254.40972951235443,113.6348900288005,1.8918616202647907,-10.283178948641421,7.932008730892563,8,2026-09-24,saneamento,73.4375,263,31.053228463421014,,,principal,
PAXA12,IPCA+,389.9043375899064,344.83516326147276,45.06917432843363,0.7503385724875224,-13.937034329340065,9.104453115787502,8,2026-09-24,aeroportos,35.15625,510,53.584820597867996,,,principal,
PEJA11,IPCA+,281.9156459813791,186.03653564467967,95.87911033669943,1.5962527792754668,-7.270678434080139,2.433893666326803,8,2026-09-24,oleo_gas,96.09375,2947,666.6069690634256,,,principal,
PEJA22,IPCA+,287.0674385390879,205.3263789163413,81.7410596227466,1.3608740542702722,11.444529763931655,12.356922130654668,8,2026-09-24,oleo_gas,96.09375,2061,898.1411029242748,,,principal,
PEJA23,IPCA+,297.0396569077783,208.50876272146343,88.53089418631487,1.4739152814453633,3.3753451943255186,9.22032243191968,8,2026-09-24,oleo_gas,94.53125,6883,474.8939064306823,,,principal,
PETR17,IPCA+,134.5427922837051,185.24318155995726,-50.70038927625217,-0.8440904072676607,2.1379538399987723,3.3241990850517755,8,2026-09-24,oleo_gas,96.09375,3104,197.37815372768796,,,principal,
PETR18,IPCA+,169.5329391587897,216.67345294775802,-47.14051378896832,-0.7848234708046887,6.008026083495338,11.237726691032188,8,2026-09-24,oleo_gas,96.09375,2832,96.86432337444201,,,principal,
PETR26,IPCA+,138.27038819846948,179.48096552548583,-41.21057732701635,-0.6860983415760479,-17.861573804914826,5.415355311248455,8,2026-09-24,oleo_gas,96.09375,4311,273.208737135037,,,principal,
PETR27,IPCA+,168.13902525683662,215.84408042224473,-47.70505516540811,-0.7942222933218505,-2.9032828214002677,7.555142350473797,8,2026-09-24,oleo_gas,96.09375,6119,172.803089665196,,,principal,
PETR28,IPCA+,164.1738858761157,235.2021596094936,-71.02827373337792,-1.1825211868976353,1.6469239628888488,8.209738856721284,8,2026-09-24,oleo_gas,96.09375,1976,105.84966936874402,,,principal,
PETR38,IPCA+,177.46633199721592,248.09006476836765,-70.62373277115174,-1.1757861469810504,-7.493229828582486,4.803316206610687,8,2026-09-24,oleo_gas,96.09375,3292,142.13612477436405,,,principal,
PLSB1A,IPCA+,510.02860339612795,311.7402524850365,198.28835091109147,3.3012230727658913,-8.846656102015743,6.5787964787212045,8,2026-09-24,rodovias,96.09375,4096,443.49717014222415,,,principal,
POTE11,IPCA+,296.74873980700613,269.14754744060576,27.60119236640037,0.45952116025548084,-7.346476330059204,6.796470252030893,8,2026-09-24,outros_corporativo,69.53125,392,142.76213052168606,,,principal,
POTE12,IPCA+,291.9841129614276,270.1696441549971,21.81446880643051,0.36318032508228404,-35.2756152990288,12.640279854896443,8,2026-09-24,outros_corporativo,77.34375,662,47.87691698432799,,,principal,
PRPO12,IPCA+,236.52777323600264,291.7535924440598,-55.225819208057146,-0.9194324716724351,-23.940879668098148,9.897064647028616,8,2026-09-24,geracao,35.15625,113,18.897942114100005,,,principal,
PRSS11,IPCA+,327.9292464297837,347.61142901998653,-19.682182590202842,-0.3276807487208483,-15.385175886050263,9.57053630526799,8,2026-09-24,aeroportos,33.59375,275,38.00579050583801,,,principal,
PRTE12,IPCA+,211.01929996747432,223.99360361888716,-12.97430365141284,-0.21600396780907927,108.41631559274454,40.76496070387007,8,2026-09-24,transmissao,24.21875,92,20.000571159746,2043-05-02,15.166666666666666,principal,
PTAZ11,IPCA+,277.40435565097056,260.7351890995059,16.669166551464684,0.27751825546295655,-12.813657455945474,7.484835512773594,8,2026-09-24,transmissao,57.8125,251,24.332723752058005,2049-03-22,2.9166666666666665,principal,
QMCT14,IPCA+,327.3257807608407,271.24861064360994,56.077170117230764,0.9336062708465699,-39.444201438149605,14.83447163669189,8,2026-09-24,telecom,64.0625,1231,200.19331404861995,,,principal,
QUAT13,IPCA+,359.63935842106747,347.97041500506253,11.668943416004936,0.1942715498046959,2.0224666351110727,6.190298944328384,8,2026-09-24,agro_acucar_etanol,78.125,1071,181.435846149581,,,principal,
RALM11,IPCA+,357.7016032931135,253.3464450178828,104.35515827523074,1.7373670953307534,-39.05809763162932,15.721281533365485,8,2026-09-24,transmissao,96.09375,1381,237.4943916439639,2053-09-29,4.75,principal,
RALM21,IPCA+,359.21732625772376,249.47833741394192,109.73898884378184,1.8270003269911061,-48.34864914966664,18.338161321979523,8,2026-09-24,transmissao,65.625,624,138.77933449434795,2053-09-29,4.75,principal,
RATL11,IPCA+,219.57503825142325,293.51899397686617,-73.94395572544292,-1.2310632047258474,-14.834600888868493,18.510379581978466,8,2026-09-24,outros_corporativo,48.4375,161,53.962615396463,,,principal,
RDOE18,IPCA+,218.00115584019153,236.95927094216725,-18.95811510197572,-0.31562604007360767,-13.668815882338805,9.130089880682291,8,2026-09-24,outros_corporativo,25.0,1045,272.677200074194,,,principal,
RDSM12,IPCA+,379.3223875394841,377.17157701839,2.1508105210941153,0.03580798006922332,50.5544980732073,31.35632248176158,8,2026-09-24,rodovias,56.25,1558,103.96607650115101,,,principal,
RDVE11,IPCA+,219.6411502467612,275.9037519810678,-56.26260173430657,-0.9366934473241503,-12.00001284136414,5.3552594755071325,8,2026-09-24,outros_corporativo,20.3125,59,236.43789569306,,,principal,
RECV11,IPCA+,234.97674992520882,195.7213628141642,39.25538711104463,0.6535471653574002,-24.392305690794274,13.35660850801875,8,2026-09-24,oleo_gas,77.34375,1176,302.12389563364087,,,principal,
RECV14,IPCA+,229.81281409104625,202.070329956645,27.742484134401252,0.461873470123273,-19.809962386167086,13.694647205772874,8,2026-09-24,oleo_gas,22.65625,128,177.76208674108602,,,principal,
RECV24,IPCA+,246.93843753373488,218.55951482230716,28.37892271142772,0.47246928024133755,50.54892791762424,26.02569714534986,8,2026-09-24,oleo_gas,7.8125,63,46.18583032642599,,,principal,
RENTD1,IPCA+,163.06057976964806,180.0467662672885,-16.986186497640432,-0.28279619315336396,-13.234066658310297,5.415600504431026,8,2026-09-24,locacao,92.96875,721,148.12436282392702,,,principal,
RIGEA3,IPCA+,206.1928593637897,240.52531020216531,-34.33245083837562,-0.5715871776202589,-2.090870081704452,4.928057263877062,8,2026-09-24,distribuicao,78.125,1085,300.0979802667609,,,principal,
RIPR22,IPCA+,198.7237757082689,252.67176291270968,-53.94798720444078,-0.8981583601370153,-12.902914268612534,11.408687235948747,8,2026-09-24,geracao,64.84375,571,485.3073055076378,,,principal,
RLMS13,IPCA+,368.3303984286623,378.04125247212744,-9.710854043465133,-0.16167210669336332,-5.307160531304362,8.723733261828485,8,2026-09-24,rodovias,21.09375,128,180.52431639089403,,,principal,
ROTY13,IPCA+,221.50834288766194,240.29264979249112,-18.78430690482918,-0.31273237724359465,-4.348434097126557,8.3412902310243,8,2026-09-24,outros_corporativo,60.15625,791,816.9915989296339,,,principal,
RPTA14,IPCA+,383.061716691198,331.3885461004944,51.67317059070359,0.8602858524628375,-3.9144929069345835,13.180183973387575,8,2026-09-24,rodovias,81.25,1502,947.5602538925838,,,principal,
RRRP13,IPCA+,378.29834402175965,322.8688703658131,55.42947365594654,0.9228230327374435,3.1078527211124083,13.519624750030234,8,2026-09-24,energia_diversificada,96.09375,2030,262.43935549051696,,,principal,
RSAN16,IPCA+,437.3292753485755,268.28374239278514,169.04553295579035,2.8143711477629036,-17.453635757318978,15.529156910942122,8,2026-09-24,saneamento,74.21875,487,368.50330391583185,,,principal,
RSAN26,IPCA+,484.2944160270264,287.6790370842144,196.61537894281201,3.273370434744553,7.692275162445583,7.82214857312149,8,2026-09-24,saneamento,94.53125,2197,245.73665305646398,,,principal,
RSAN34,IPCA+,306.2421905323543,246.6510370068563,59.59115352549799,0.9921091685275824,-35.660477143032665,27.59313370721271,8,2026-09-24,saneamento,60.9375,303,13.210043664116998,,,principal,
RSAN44,IPCA+,415.89709981062236,250.60403364650404,165.29306616411833,2.751897836065386,-34.374300150264105,14.257898876794444,8,2026-09-24,saneamento,82.8125,578,60.566650063773004,,,principal,
RUMOA2,IPCA+,367.89136029092356,280.6856192108561,87.20574108006747,1.4518533398880764,-6.402383441642257,9.385817698700563,8,2026-09-24,ferrovias,96.09375,1883,183.27674451406298,,,principal,
RUMOA3,IPCA+,348.83557500496516,281.60562233738574,67.22995266757943,1.119284465816582,-1.271571932475581,6.627160603379963,8,2026-09-24,ferrovias,96.09375,1732,248.466524796966,,,principal,
RUMOA4,IPCA+,336.71761606583055,285.56722016466097,51.15039590116959,0.8515823867321578,-14.28391857416068,10.57620706646529,8,2026-09-24,ferrovias,96.09375,2025,171.18977300267,,,principal,
RUMOA5,IPCA+,356.23328076282104,297.07903551033536,59.15424525248568,0.9848352582604217,11.302198477393802,14.702027179945587,8,2026-09-24,ferrovias,96.09375,1393,66.59658966774597,,,principal,
RUMOA6,IPCA+,337.5004698598684,293.8080081018929,43.692461757975536,0.7274182381296008,-11.641067959846907,15.437302848612847,8,2026-09-24,ferrovias,96.09375,2487,122.45329042903005,,,principal,
RUMOA7,IPCA+,327.95588656633777,274.4947486107857,53.46113795555209,0.8900530026311136,21.169436388271777,15.143070611421619,8,2026-09-24,ferrovias,0.0,0,0.0,,,principal,
RUMOB3,IPCA+,357.84462000785874,293.37017269779784,64.4744473100609,1.073409164410455,20.95861019994868,12.215196965320217,8,2026-09-24,ferrovias,95.3125,981,51.73507479398397,,,principal,
RUMOB5,IPCA+,368.5199108204104,318.8723245518406,49.647586268569796,0.8265627130583486,8.416723245231992,14.611154168879315,8,2026-09-24,ferrovias,96.09375,2705,102.68972594760498,,,principal,
RUMOB6,IPCA+,361.32217940302746,329.74445288749314,31.577726515534323,0.5257248793466168,18.745832374695453,22.694731483518005,8,2026-09-24,ferrovias,94.53125,2035,27.38404739648501,,,principal,
RUMOB7,IPCA+,355.3930994124957,303.1117940119995,52.281305400496194,0.8704104445340056,5.470143316917586,13.111583806400157,8,2026-09-24,ferrovias,56.25,272,130.36103875806097,,,principal,
SAELA1,IPCA+,242.58718194847532,255.33692087669584,-12.749738928220523,-0.21226527997328118,-13.426042806628772,5.114798561937227,8,2026-09-24,distribuicao,32.8125,97,9.076873316534,,,principal,
SAELA3,IPCA+,256.71732065776644,262.72345300729353,-6.006132349527093,-0.0999936839418002,-7.20411589833185,8.489532825239168,8,2026-09-24,distribuicao,53.125,266,22.69675636995502,,,principal,
SAELA7,IPCA+,294.3910113890443,280.7505366137181,13.640474775326197,0.22709478315233275,-10.687654074118143,7.292268045127972,8,2026-09-24,distribuicao,86.71875,2291,218.24136240834304,,,principal,
SAELB3,IPCA+,306.7282079587875,287.12047673524904,19.60773122353845,0.3264412378353014,7.494443340164992,14.825610156359355,8,2026-09-24,distribuicao,32.03125,151,19.64574558703,,,principal,
SAELB7,IPCA+,314.65510221379947,297.5071081094162,17.147994104383258,0.2854900629761452,13.451210106852557,15.141681710994309,8,2026-09-24,distribuicao,85.9375,815,159.53957341530312,,,principal,
SAELB8,IPCA+,290.2633707691466,275.59720566956526,14.666165099581349,0.24417108919041192,-3.7904990055422445,10.084246321166498,8,2026-09-24,distribuicao,12.5,123,289.01527349581903,,,principal,
SAPR10,IPCA+,339.56434748920447,236.06682669059384,103.49752079861062,1.7230886336214393,43.23721340070932,24.978395351557612,8,2026-09-24,saneamento,72.65625,437,112.62758988905802,,,principal,
SAPRA2,IPCA+,185.42913131303996,253.7516151028831,-68.32248378984315,-1.1374735774409406,-15.405832893406057,5.849801824170513,8,2026-09-24,saneamento,65.625,295,31.478853547078995,,,principal,
SAPRA3,IPCA+,172.20530483351266,266.21062740025525,-94.00532256674259,-1.565056839669203,-10.68324742706227,9.292278918882225,8,2026-09-24,saneamento,47.65625,285,40.91438750305601,,,principal,
SAPRB3,IPCA+,187.13744057145703,269.54945693977817,-82.41201636832113,-1.3720445435054753,-3.183116392403292,8.255916790305212,8,2026-09-24,saneamento,78.90625,499,65.32578083400799,,,principal,
SAVI13,IPCA+,274.18967534446483,261.269138370412,12.920536974052823,0.21510882800368328,-18.771463018210795,6.829166820146531,8,2026-09-24,geracao,16.40625,31,1.9743229266900002,,,principal,
SBSPB6,IPCA+,266.70785307300554,242.60096987699748,24.106883196008056,0.40134581105481687,7.602881828554928,5.463690798809636,8,2026-09-24,saneamento,94.53125,1182,223.80513227189803,,,principal,
SBSPC6,IPCA+,202.02861013204407,258.020679812758,-55.99206968071391,-0.9321894678763447,18.109503170015415,12.39242975925214,8,2026-09-24,saneamento,88.28125,994,147.00917056663104,,,principal,
SBSPD4,IPCA+,230.764254243428,254.75866955384961,-23.9944153104216,-0.3994733784225556,21.140502657864687,9.098861849609081,8,2026-09-24,saneamento,89.84375,615,75.822909679722,,,principal,
SBSPE3,IPCA+,229.95173342055816,276.594571352152,-46.642837931593846,-0.7765378654447459,8.37626707938827,9.238362859871335,8,2026-09-24,saneamento,96.09375,3815,193.98244241325892,,,principal,
SBSPE9,IPCA+,199.8670421897767,264.84245377869433,-64.97541158891764,-1.0817495173782141,-7.358970383871821,11.843906778029442,8,2026-09-24,saneamento,96.09375,1720,110.20053020215703,,,principal,
SBSPF3,IPCA+,248.65189480628027,291.9065772270849,-43.25468242080461,-0.7201298258652978,-7.014347583735713,10.434590585496359,8,2026-09-24,saneamento,96.09375,2051,252.52839791937603,,,principal,
SBSPF9,IPCA+,235.46484032651188,297.40355139113797,-61.93871106462609,-1.0311927106378804,5.3013422885600505,14.63917869916033,8,2026-09-24,saneamento,67.96875,284,15.915048131063005,,,principal,
SBSPI8,IPCA+,229.6816645592676,281.85564386721666,-52.173979307949054,-0.8686236155478425,-11.726722102530516,7.666710016161898,8,2026-09-24,saneamento,91.40625,3663,942.7661302713399,,,principal,
SBSPJ8,IPCA+,246.40462100918435,290.2206296844168,-43.81600867523244,-0.7294751211080692,-4.593942285206623,8.0112259888116,8,2026-09-24,saneamento,86.71875,2038,588.0825938078258,,,principal,
SBSPK8,IPCA+,237.05199018932512,298.36497739751746,-61.31298720819234,-1.0207752855972871,8.74314395350575,10.840906542600996,8,2026-09-24,saneamento,89.84375,1358,216.8530014185621,,,principal,
SERI11,IPCA+,290.6814035436036,284.81123169799207,5.870171845611537,0.09773013214741286,-58.784352117284755,25.127419555619298,8,2026-09-24,outros_corporativo,64.0625,300,169.02857014215303,,,principal,
SMTO14,IPCA+,313.927421193672,350.1194149577652,-36.19199376409318,-0.6025459605390291,-16.224777721726298,10.225712868542226,8,2026-09-24,agro_acucar_etanol,95.3125,2306,93.026652351357,,,principal,
SMTO15,IPCA+,266.4192840986273,324.9489425812254,-58.52965848259811,-0.9744367641168011,-42.688492566582795,15.563466397153048,8,2026-09-24,agro_acucar_etanol,0.78125,1,599.831051,,,principal,
SMTO24,IPCA+,343.0060874489486,369.9446796837253,-26.938592234776706,-0.44848979692786645,-10.810886024934405,12.461549626286267,8,2026-09-24,agro_acucar_etanol,96.09375,1388,72.258194321829,,,principal,
SPRZ11,IPCA+,236.50398400369457,227.84089486656922,8.663089137125354,0.14422828980875885,-9.315319299248841,5.54025459350557,8,2026-09-24,transmissao,15.625,57,6.105214589507999,2044-09-05,14.0,principal,
SRBS11,IPCA+,236.6727318042241,275.0256906222199,-38.352958817995784,-0.6385229993444137,-6.284841618018476,8.176305982878583,8,2026-09-24,outros_corporativo,89.84375,1847,1089.331757589954,,,principal,
SRNA11,IPCA+,406.60782247900374,305.1174431647845,101.49037931421924,1.6896725416113274,-10.490470421144494,8.481517295921046,8,2026-09-24,geracao,11.71875,73,16.948960541664,,,principal,
SRTI11,IPCA+,254.4224924654074,291.6043598728522,-37.18186740744483,-0.6190259690495667,-7.938388955003859,4.659939462526822,8,2026-09-24,geracao,29.6875,104,4.072850011805,,,principal,
STBP35,IPCA+,217.44880749402333,219.05355716375172,-1.6047496697283918,-0.026716832387678514,-3.5089682438506316,8.810224960278143,8,2026-09-24,portos,95.3125,3435,150.61385334146902,,,principal,
STBP45,IPCA+,250.80099120963894,238.3495299042544,12.451461305384527,0.20729937569261334,7.04019050825346,10.544464685103414,8,2026-09-24,portos,95.3125,5320,208.255156843697,,,principal,
STRZ11,IPCA+,277.3981784216852,297.11056944122413,-19.712391019538927,-0.328183676721702,-13.591780077169574,10.322543895830812,8,2026-09-24,geracao,20.3125,142,254.26644659578596,,,principal,
TAEE17,IPCA+,226.34140336215503,240.86652222188823,-14.525118859733197,-0.24182286702216985,-6.7624082420118725,8.999253995968026,8,2026-09-24,transmissao,96.09375,2810,77.06039500030003,2053-03-30,8.5,principal,
TAEE18,IPCA+,198.36452113925742,249.29044092504597,-50.92591978578855,-0.847845174092203,-23.477823059478993,9.111359812006032,8,2026-09-24,transmissao,57.8125,1125,103.10475842936101,2053-03-30,13.25,principal,
TAEE26,IPCA+,224.0806813295714,280.95300058984094,-56.872319260269535,-0.9468443894008293,1.642741211336073,8.75638794650555,8,2026-09-24,transmissao,82.8125,398,39.457956992048985,2053-03-30,8.833333333333334,principal,
TAEEA2,IPCA+,211.7219330171314,234.51875875276323,-22.796825735631842,-0.37953519083950127,-4.0506368498739675,7.743856442433838,8,2026-09-24,transmissao,25.0,79,13.976736291118002,2053-03-30,16.833333333333332,principal,
TAEEA4,IPCA+,202.10647078106652,224.83473989649207,-22.728269115425547,-0.3783938192189498,-17.120478101603624,8.471976354576812,8,2026-09-24,transmissao,96.09375,1556,44.36909911966097,2053-03-30,19.5,principal,
TAEEA7,IPCA+,227.59589483330947,237.74243202904609,-10.146537195736613,-0.1689256204176208,4.9013698673371096,11.432296784035264,8,2026-09-24,transmissao,90.625,1080,328.8296956279109,2053-03-30,13.166666666666666,principal,
TAEEA8,IPCA+,189.4364910013762,204.90153282858964,-15.46504182721344,-0.2574712668026473,-8.274744195079364,6.950754355234046,8,2026-09-24,transmissao,52.34375,257,692.607509555147,2053-03-30,20.666666666666668,principal,
TAEEB0,IPCA+,199.78630129557064,270.9472191509657,-71.16091785539504,-1.1847295255824732,-6.774602292960452,9.731251387796569,8,2026-09-24,transmissao,89.84375,665,72.95816748046701,2053-03-30,12.25,principal,
TAEEB2,IPCA+,179.53472228937915,189.77210974332996,-10.237387453950817,-0.17043814985873731,-2.271734177244639,8.471761801024961,8,2026-09-24,transmissao,96.09375,1721,91.96847043405705,2053-03-30,23.916666666666668,principal,
TAEEB4,IPCA+,218.77317093868953,241.4661559852119,-22.69298504652238,-0.3778063889345736,-5.474588134491853,11.252454030661129,8,2026-09-24,transmissao,61.71875,248,15.302328407021001,2053-03-30,17.5,principal,
TAEEB8,IPCA+,197.79877972298084,222.00416013594452,-24.205380412963677,-0.4029856516391128,-8.752069111851029,7.506996781320867,8,2026-09-24,transmissao,73.4375,566,318.6119493552088,2053-03-30,17.666666666666668,principal,
TAEEC2,IPCA+,178.41138626108747,209.80076764788595,-31.389381386798476,-0.5225891969841938,-11.964450578016027,8.121086932936741,8,2026-09-24,transmissao,92.1875,661,35.69192204018799,2053-03-30,20.916666666666668,principal,
TAEEC4,IPCA+,231.0277457674038,244.10915447945692,-13.081408712053133,-0.21778711692384628,6.083404539704873,10.804369673215428,8,2026-09-24,transmissao,96.09375,869,28.338526065303,2053-03-30,14.5,principal,
TAEED2,IPCA+,213.20149553354713,238.07801392836458,-24.876518394817452,-0.4141591582043,-12.184828953523947,8.503353899507307,8,2026-09-24,transmissao,94.53125,857,34.077448578157984,2053-03-30,15.916666666666666,principal,
TBEG11,IPCA+,346.2583690098067,303.12545872301337,43.13291028679333,0.7181024905398948,-23.800879137794993,9.618196169078656,8,2026-09-24,geracao,70.3125,321,29.766193920556997,,,principal,
TCII11,IPCA+,278.3312685057069,262.4825306698676,15.848737835839302,0.26385926746321975,-18.892000860447638,10.170788791734532,8,2026-09-24,outros_corporativo,30.46875,168,31.490587691977005,,,principal,
TIET18,IPCA+,259.0985658282497,279.36526844541254,-20.26670261716282,-0.3374121877621626,11.47138498882137,7.459461133129406,8,2026-09-24,geracao,50.78125,215,30.106599527849006,,,principal,
TIET29,IPCA+,290.2728199730193,242.14534955036353,48.12747042265576,0.8012549151935183,7.557431843995403,7.382785249521161,8,2026-09-24,geracao,93.75,1282,229.25856968679608,,,principal,
TIET39,IPCA+,285.74812067553677,250.26288647746966,35.485234198067104,0.5907794045333793,-1.755242756409416,8.307642074046528,8,2026-09-24,geracao,77.34375,336,48.148410178049986,,,principal,
TIMS12,IPCA+,40.57437468176127,235.81004820354661,-195.23567352178534,-3.250400273620183,39.97897751344029,11.107718740508849,8,2026-09-24,telecom,88.28125,1719,537.1764858931023,,,principal,
TNHL11,IPCA+,277.4649259426715,263.51083870241547,13.954087240256058,0.23231599105676304,-15.880704179160034,10.3397872521262,8,2026-09-24,outros_corporativo,21.09375,153,27.938525987847996,,,principal,
TPEN11,IPCA+,213.39171182468786,180.93159719628355,32.46011462840431,0.5404154044528893,13.784703916399195,13.032402145719702,8,2026-09-24,transmissao,39.0625,357,66.42809942623101,2047-02-10,18.416666666666668,principal,
TPNO12,IPCA+,218.11139407101422,226.26599278941987,-8.154598718405651,-0.13576263716277695,0.2830296627555242,15.967569343713274,8,2026-09-24,transmissao,32.03125,94,31.016778393390002,2042-05-10,12.916666666666666,principal,
TPNO13,IPCA+,220.2154004425052,247.73324221028628,-27.51784176778108,-0.4581334896332453,1.75322870397747,20.668994552202907,8,2026-09-24,transmissao,38.28125,151,14.087254589532002,2042-05-10,3.4166666666666665,principal,
TRCC11,IPCA+,220.9772693415304,186.01823620225622,34.95903313927417,0.5820188945577833,4.096504745815821,9.73587745312139,8,2026-09-24,transmissao,47.65625,372,305.90820712232295,2047-02-10,18.416666666666668,principal,
TRGO11,IPCA+,234.61050094884854,219.43117617654653,15.17932477230201,0.2527144783699307,-35.60568397801876,11.121283813005515,8,2026-09-24,transmissao,23.4375,83,16.045923971,2046-06-27,14.5,principal,
TRPLA4,IPCA+,212.5646225888537,213.54136314057396,-0.976740551720269,-0.016261360945458728,-0.3298489949653174,10.27357512631089,8,2026-09-24,transmissao,96.09375,2161,367.854858753921,2053-09-29,19.916666666666668,principal,
TRPLA7,IPCA+,230.9641884800192,243.57595835369767,-12.611769873678469,-0.20996828862664305,11.873649717542293,6.645165690995866,8,2026-09-24,transmissao,96.09375,4092,119.48568941183206,2053-09-29,16.916666666666668,principal,
TRPLB4,IPCA+,233.5288291107166,233.26793886429277,0.26089024642382697,0.004343456874781751,10.427870095761762,12.313922506869673,8,2026-09-24,transmissao,96.09375,2325,167.55843962700914,2053-09-29,14.916666666666666,principal,
TRPLB7,IPCA+,241.17379599699652,240.24791510688385,0.9258808901126656,0.015414618877149488,4.031708632067648,12.224643538550191,8,2026-09-24,transmissao,94.53125,2970,225.53098363277704,2053-09-29,13.916666666666666,principal,
TRRG12,IPCA+,217.60398869696044,247.4532372014255,-29.849248504465066,-0.49694814352380073,-11.137115274564025,13.018940229652197,8,2026-09-24,outros_corporativo,85.15625,946,194.76622716305,,,principal,
TSSG21,IPCA+,206.65501959288338,237.79447962531472,-31.139460032431344,-0.5184283567854491,-4.019660284066845,8.416963734705082,8,2026-09-24,distribuicao_gas,50.0,681,263.61006002043,,,principal,
TVVH11,IPCA+,263.03923872111136,274.95475596488313,-11.915517243771774,-0.19837665837826546,-27.813214493462283,10.114206686781518,8,2026-09-24,outros_corporativo,57.8125,401,15.258378067111995,,,principal,
UHSM12,IPCA+,236.67067029575557,282.8201130713819,-46.14944277562634,-0.7683235277623413,18.500096820533713,15.052005913630794,8,2026-09-24,geracao,96.09375,1818,336.393745117464,,,principal,
ULFT14,IPCA+,259.8084477465642,276.065615911955,-16.257168165390794,-0.2706590598934736,6.90958069328326,10.958411472614326,8,2026-09-24,quimica,45.3125,298,330.46933661572484,,,principal,
UNEG11,IPCA+,414.1847382544801,306.4587686588585,107.72596959562162,1.7934863784539679,40.050963098865054,20.161007072178435,8,2026-09-24,geracao,95.3125,4686,525.0846626647311,,,principal,
UNTE11,IPCA+,222.91004512847852,247.04548346453842,-24.135438336059906,-0.4018212141067465,36.405007906977204,18.120365478758682,8,2026-09-24,telecom,21.875,76,11.965189449735,,,principal,
USAS11,IPCA+,242.88733552772578,361.06866510104,-118.1813295733142,-1.9675534652689057,-3.8430530698213374,16.49975762279482,8,2026-09-24,agro_acucar_etanol,55.46875,265,87.13047259538101,,,principal,
USAS12,IPCA+,343.9884090962138,350.5524283200342,-6.564019223820424,-0.10928171832681646,-20.395618707611106,11.418601441455015,8,2026-09-24,agro_acucar_etanol,30.46875,293,68.486941234238,,,principal,
USAS22,IPCA+,380.62195710810016,361.3328075190857,19.28914958901447,0.32113730022314385,-39.3405438374042,17.97569947489634,8,2026-09-24,agro_acucar_etanol,22.65625,197,77.60082633995599,,,principal,
USNA12,IPCA+,399.3441794840649,365.8808758138219,33.46330367024302,0.557117095682087,-111.77921485987508,39.46965032518797,8,2026-09-24,agro_acucar_etanol,20.3125,197,15.631266457868,,,principal,
UTPS11,IPCA+,277.2734219444267,281.22869630933116,-3.955274364904483,-0.0658497734866772,101.61988234961854,42.06049035910493,8,2026-09-24,geracao,44.53125,131,12.817264485367003,,,principal,
UTPS12,IPCA+,336.8036774323871,283.8121877908846,52.99148964150248,0.882234016577206,144.28957746601876,46.13136473260683,8,2026-09-24,geracao,82.8125,399,22.971313104492992,,,principal,
UTPS21,IPCA+,319.82155246249397,311.6481901674283,8.173362295065658,0.13607502441050487,-14.761449193240821,6.189492486488675,8,2026-09-24,geracao,89.0625,486,58.29952548250797,,,principal,
UTPS22,IPCA+,315.67023256773587,308.7495718539042,6.920660713831694,0.11521929917874817,-23.332227685856537,7.843433226567575,8,2026-09-24,geracao,93.75,933,97.77169026581797,,,principal,
VALEA0,IPCA+,171.0268769764247,168.33071307075633,2.6961639056683566,0.04488734942045005,6.50982346413349,8.683346872872216,8,2026-09-24,mineracao_siderurgia,96.09375,2963,340.5549971442807,,,principal,
VALEB0,IPCA+,203.34766404046752,180.71781900991255,22.629845030554975,0.37675519618134995,33.66692033427432,12.715930132920844,8,2026-09-24,mineracao_siderurgia,96.09375,3015,130.77837521022005,,,principal,
VALEB1,IPCA+,141.95505797526812,159.37036957255816,-17.415311597290042,-0.28994052449485286,5.553988574607246,8.393756048683153,8,2026-09-24,mineracao_siderurgia,93.75,1287,1100.5159610931728,,,principal,
VALEC0,IPCA+,180.00442160877378,195.47923554919217,-15.474813940418386,-0.25763395878850337,0.7357888348410881,6.443744974884701,8,2026-09-24,mineracao_siderurgia,96.09375,1829,94.92298919755298,,,principal,
VALEC1,IPCA+,174.66945687991253,173.9990456818416,0.6704111980709229,0.011161406634042253,-11.440158900495163,5.697972438558361,8,2026-09-24,mineracao_siderurgia,96.09375,5905,746.9307634314537,,,principal,
VALED1,IPCA+,188.86828622345593,181.97458082007725,6.893705403378675,0.11477053104692295,10.001275558741696,7.891205709919884,8,2026-09-24,mineracao_siderurgia,96.09375,3941,258.96682351955394,,,principal,
VBBRA0,IPCA+,272.65669933378746,269.7244986058462,2.9322007279412787,0.04881703162381405,-1.8047100403724698,11.881667777247557,8,2026-09-24,varejo,82.03125,2322,996.5729926947581,,,principal,
VDBF12,IPCA+,264.78947974682205,296.0641897173957,-31.274709970573667,-0.5206800786558166,-17.61593264604386,7.465601077609791,8,2026-09-24,geracao,24.21875,60,9.053490478193998,,,principal,
VIALA5,IPCA+,210.99220033402955,319.2813013705213,-108.28910103649176,-1.8028617275204086,4.655133172231501,16.725773668784356,8,2026-09-24,rodovias,64.0625,1683,1485.2474761688493,,,principal,
VLIM13,IPCA+,218.12408109691754,282.1957221662352,-64.07164106931768,-1.0667030051747477,24.08580012807235,14.756014393253784,8,2026-09-24,ferrovias,95.3125,1957,224.83281051278902,,,principal,
VLIM14,IPCA+,215.38943880730722,284.9498305340887,-69.56039172678146,-1.1580830092335985,14.290603426952003,8.298200465674961,8,2026-09-24,ferrovias,81.25,2925,472.21890369332795,,,principal,
VLIM15,IPCA+,227.07135231151454,295.31177478099943,-68.24042246948488,-1.1361073714943803,4.775218307113818,8.028083999064119,8,2026-09-24,ferrovias,88.28125,1234,347.1309209326109,,,principal,
VLIM16,IPCA+,243.80673352175774,304.5268726813257,-60.720139159567964,-1.0109051966698717,-6.951953050635382,6.831664314313969,8,2026-09-24,ferrovias,28.125,196,179.815844175952,,,principal,
VLIM17,IPCA+,244.42921707707004,307.48418297330073,-63.0549658962307,-1.049776788765757,2.953356025671013,9.478871735215282,8,2026-09-24,ferrovias,56.25,496,342.8306882177473,,,principal,
VLIM18,IPCA+,262.30187123810913,311.0160816932047,-48.714210455095554,-0.8110233142139638,11.438752943781054,10.94559126074187,8,2026-09-24,ferrovias,67.1875,868,281.50038709964304,,,principal,
VLIM19,IPCA+,268.97762394965395,322.47137268040944,-53.4937487307555,-0.8905959263229373,13.582118269687584,15.673994064264964,8,2026-09-24,ferrovias,44.53125,414,549.5684925765751,,,principal,
VLIM26,IPCA+,255.89441009195588,309.08974933641286,-53.19533924445699,-0.885627826700471,0.30683834775558694,12.665487460362513,8,2026-09-24,ferrovias,0.0,0,0.0,,,principal,
VLIM27,IPCA+,274.8760144354045,321.11715930466033,-46.241144869255834,-0.7698502390689795,15.121130129866117,10.94028703914482,8,2026-09-24,ferrovias,79.6875,605,153.67614783379196,,,principal,
VLIM28,IPCA+,277.9514724282995,317.4224903069395,-39.47101787864,-0.6571371153565468,16.21398614910771,12.129633217792454,8,2026-09-24,ferrovias,44.53125,361,167.39645245632005,,,principal,
VLIM29,IPCA+,277.2979383952689,338.02582676587735,-60.72788837060847,-1.011034210170489,16.05461246436471,12.420350694635543,8,2026-09-24,ferrovias,78.90625,1609,198.13356183425097,,,principal,
VPLT12,IPCA+,399.9925994479228,299.79760386340774,100.19499558451508,1.6681062184413782,67.19554877403891,20.636678479846356,8,2026-09-24,rodovias,73.4375,1002,12.272190523019,,,principal,
VRDN12,IPCA+,382.34157808873,325.9600365142304,56.38154157449958,0.9386736289279214,12.585898491014575,10.367228880213814,8,2026-09-24,rodovias,85.15625,484,100.66687478385998,,,principal,
WNTY12,IPCA+,411.02350171604115,248.6467037814013,162.37679793463985,2.703346058206054,-32.408003211685525,14.459175248426341,8,2026-09-24,outros_corporativo,17.1875,93,183.70134401462795,,,principal,
XNGU17,IPCA+,206.86359483834244,233.7187889814105,-26.855194143068076,-0.44710133561227144,14.276448942458217,16.82039518138202,8,2026-09-24,transmissao,36.71875,194,14.181517687898998,2045-10-22,10.833333333333334,principal,
ARTR19,IPCA+,643.8035741462108,703.2587053634102,-59.45513121719932,-0.20515600314239837,56.942119392871064,21.041873443139743,8,2026-09-24,rodovias,,,,,,high_yield,Z-spread de mercado 367 bps
ASAB11,IPCA+,354.20603605835555,313.89220348352217,40.313832574833384,0.13910699704270593,-12.115996543070082,5.2543067243095685,8,2026-09-24,energia_diversificada,,,,,,high_yield,Z-spread de mercado 354 bps
BTEL23,IPCA+,522.284481443005,1017.0992315900796,-494.8147501470746,-1.7074088368458942,20.604112046268142,21.34646986396468,8,2026-09-24,telecom,,,,,,high_yield,evento de crédito negativo: 2025-11-11: Decisão da Recuperação Judicial da Oi
BTEL33,IPCA+,564.9263927619536,1017.0992315900796,-452.17283882812603,-1.5602685663015516,-13.102873003369155,7.103480543860728,8,2026-09-24,telecom,,,,,,high_yield,evento de crédito negativo: 2025-11-11: Decisão da Recuperação Judicial da Oi
CCLS11,IPCA+,945.4427692334876,845.1483960089506,100.29437322453703,0.3460759790984318,65.6058171346707,44.14098325732987,8,2026-09-24,saneamento,,,,,,high_yield,Z-spread de mercado 622 bps
CEAM11,IPCA+,772.9542836261927,845.1483960089506,-72.19411238275791,-0.2491131588416235,138.7928234750741,59.34830189710219,8,2026-09-24,saneamento,,,,,,high_yield,Z-spread de mercado 476 bps
CGEE13,IPCA+,990.3586621224795,920.5470483902001,69.8116137322794,0.24089210389451182,-19.514645913526692,19.408104096475846,8,2026-09-24,geracao,,,,,,high_yield,Z-spread de mercado 660 bps
CGEE23,IPCA+,1018.9153029858026,920.5470483902001,98.36825459560248,0.33942971003131356,10.768777634204412,23.79733023371213,8,2026-09-24,geracao,,,,,,high_yield,Z-spread de mercado 685 bps
CMGTA1,IPCA+,267.78271246751217,261.34657447454987,6.436137992962301,0.022208551545961627,10.051119132203894,11.850295292500348,8,2026-09-24,integrada_gt,,,,,,high_yield,"evento de crédito negativo: 2026-04-27: Cemig (CMIG4) anuncia repactuação de R$ 14,2 mi em UBP"
CMGTB1,IPCA+,261.34657447454987,261.34657447454987,0.0,0.0,-13.495694462188226,8.690473538597141,8,2026-09-24,integrada_gt,,,,,,high_yield,"evento de crédito negativo: 2026-04-27: Cemig (CMIG4) anuncia repactuação de R$ 14,2 mi em UBP"
CMIN11,IPCA+,1111.7598289682107,1076.4487821456871,35.31104682252362,0.12184437380885624,146.72479968524362,56.823100448384885,8,2026-09-24,mineracao_siderurgia,,,,,,high_yield,Z-spread de mercado 763 bps
CMIN12,IPCA+,1122.3398744298122,1076.4487821456871,45.89109228412508,0.15835190134315125,77.70483980961194,34.66089865672045,8,2026-09-24,mineracao_siderurgia,,,,,,high_yield,Z-spread de mercado 771 bps
CMIN21,IPCA+,1026.7643723352585,1076.4487821456871,-49.68440981042863,-0.17144113092543026,201.63742711974544,86.63804198690612,8,2026-09-24,mineracao_siderurgia,,,,,,high_yield,Z-spread de mercado 690 bps
CMIN22,IPCA+,1041.1377353231635,1076.4487821456871,-35.31104682252362,-0.12184437380885624,135.16967701067745,60.35578591963225,8,2026-09-24,mineracao_siderurgia,,,,,,high_yield,Z-spread de mercado 702 bps
CMTR29,IPCA+,197.7792541141759,261.34657447454987,-63.56732036037397,-0.21934553180893715,1.296178400194293,2.8168869769200398,8,2026-09-24,integrada_gt,,,,,,high_yield,"evento de crédito negativo: 2026-04-27: Cemig (CMIG4) anuncia repactuação de R$ 14,2 mi em UBP"
CONX12,IPCA+,1051.5382500036224,1017.0992315900796,34.439018413542726,0.11883535071277412,80.00430036838611,34.81155166092339,8,2026-09-24,telecom,,,,,,high_yield,Z-spread de mercado 715 bps
CSAN33,IPCA+,229.47436221894415,586.4854195393949,-357.01105732045073,-1.231903119176322,-21.77087347457376,7.810957948065194,8,2026-09-24,agro_acucar_etanol,,,,,,high_yield,evento de crédito negativo: 2026-03-11: Pedido de recuperação extrajudicial da Raízen
CYAR11,IPCA+,776.9242997867601,845.1483960089506,-68.2240962221905,-0.23541421257343112,140.42314008474807,62.05463260769213,8,2026-09-24,saneamento,,,,,,high_yield,Z-spread de mercado 480 bps
ELPLA5,IPCA+,675.6497090862346,703.2587053634102,-27.608996277175606,-0.09526766169780422,-58.65376695176201,25.779041682620754,8,2026-09-24,distribuicao,,,,,,high_yield,Z-spread de mercado 393 bps
ELPLA7,IPCA+,670.7089496919693,703.2587053634102,-32.549755671440835,-0.11231625664771305,-74.52697675362026,28.18612807199974,8,2026-09-24,distribuicao,,,,,,high_yield,Z-spread de mercado 388 bps
GSTS24,IPCA+,589.9829121300191,845.1483960089506,-255.16548387893147,-0.8804745652862018,23.69103407071009,19.175293955894247,8,2026-09-24,saneamento,,,,,,high_yield,Z-spread de mercado 319 bps
HGLB23,IPCA+,721.9884095211662,1017.0992315900796,-295.1108220689134,-1.0183100348151537,-27.109002491377282,15.302280859274815,8,2026-09-24,telecom,,,,,,high_yield,Z-spread de mercado 432 bps
IGSN15,IPCA+,716.9936352436548,845.1483960089506,-128.1547607652958,-0.4422110920288846,-29.881856434440806,11.118681725924802,8,2026-09-24,saneamento,,,,,,high_yield,Z-spread de mercado 428 bps
IRJS14,IPCA+,703.0832869325934,845.1483960089506,-142.0651090763572,-0.4902101697096755,-15.546173901942439,15.024746766207409,8,2026-09-24,saneamento,,,,,,high_yield,Z-spread de mercado 416 bps
IRJS15,IPCA+,703.2587053634102,845.1483960089506,-141.88969064554044,-0.48960487049651913,-15.545617180563681,11.139751487891338,8,2026-09-24,saneamento,,,,,,high_yield,Z-spread de mercado 416 bps
JSMLB5,IPCA+,552.999483893184,703.2587053634102,-150.25922147022618,-0.5184847914893251,79.47021513394384,27.065101096036994,8,2026-09-24,logistica,,,,,,high_yield,Z-spread de mercado 553 bps
MOVI18,IPCA+,508.9935869465106,595.2913090034083,-86.29772205689767,-0.29777910459585566,-27.41650643947287,10.509262466193997,8,2026-09-24,locacao,,,,,,high_yield,Z-spread de mercado 509 bps
MOVI37,IPCA+,587.7747096346303,595.2913090034083,-7.516599368777975,-0.02593679388390734,6.376043795904593,4.334807132167504,8,2026-09-24,locacao,,,,,,high_yield,Z-spread de mercado 588 bps
NEOE16,IPCA+,273.5783709086887,313.89220348352217,-40.31383257483344,-0.13910699704270613,6.461222756293125,6.6297559686406995,8,2026-09-24,energia_diversificada,,,,,,high_yield,evento de crédito negativo: 2025-11-28: Neoenergia (NEOE3) busca “waiver” de debenturistas para OPA 
NEOE26,IPCA+,256.4019722627565,313.89220348352217,-57.49023122076568,-0.1983759150055106,-24.54992485574263,10.206243184003414,8,2026-09-24,energia_diversificada,,,,,,high_yield,evento de crédito negativo: 2025-11-28: Neoenergia (NEOE3) busca “waiver” de debenturistas para OPA 
NMCH11,IPCA+,268.76643224434315,703.2587053634102,-434.492273119067,-1.499259968390699,-10.584968660711809,11.8537049191619,8,2026-09-24,transmissao,,,,,,high_yield,evento de crédito negativo: 2025-11-28: Neoenergia (NEOE3) busca “waiver” de debenturistas para OPA 
NTEN11,IPCA+,850.7354346579207,920.5470483902001,-69.8116137322794,-0.24089210389451182,21.69917722125956,14.08067537280299,8,2026-09-24,geracao,,,,,,high_yield,Z-spread de mercado 543 bps
ORIG11,IPCA+,619.118792677486,313.89220348352217,305.22658919396383,1.053215522526772,-26.761230977378546,12.957471367048504,8,2026-09-24,energia_diversificada,,,,,,high_yield,Z-spread de mercado 344 bps
RIS412,IPCA+,936.6828289628306,845.1483960089506,91.53443295388001,0.3158489104350252,-23.78353455088552,36.91051368931777,8,2026-09-24,saneamento,,,,,,high_yield,Z-spread de mercado 614 bps
RIS414,IPCA+,972.0637941162174,845.1483960089506,126.91539810726681,0.43793454458613645,3.3609634876011114,49.113747157292785,8,2026-09-24,saneamento,,,,,,high_yield,Z-spread de mercado 644 bps
RIS422,IPCA+,842.8966504394991,845.1483960089506,-2.2517455694514865,-0.007769878085621551,14.719898065789494,32.04495629463633,8,2026-09-24,saneamento,,,,,,high_yield,Z-spread de mercado 535 bps
RIS424,IPCA+,888.200967482908,845.1483960089506,43.052571473957414,0.14855729535492898,52.29735169769981,31.32951457810876,8,2026-09-24,saneamento,,,,,,high_yield,Z-spread de mercado 573 bps
RISP12,IPCA+,924.7424687959435,845.1483960089506,79.59407278699291,0.27464747806461576,-24.242214496103543,35.99399801927972,8,2026-09-24,saneamento,,,,,,high_yield,Z-spread de mercado 604 bps
RISP14,IPCA+,982.4328992456554,845.1483960089506,137.28450323670484,0.4737142009583935,14.012777506180669,52.14936242206866,8,2026-09-24,saneamento,,,,,,high_yield,Z-spread de mercado 653 bps
RISP22,IPCA+,845.1483960089506,845.1483960089506,0.0,0.0,27.75790515894994,30.5011375693943,8,2026-09-24,saneamento,,,,,,high_yield,Z-spread de mercado 537 bps
RISP24,IPCA+,873.0918564071968,845.1483960089506,27.943460398246202,0.09642176431045692,57.34192543651568,35.39763471756665,8,2026-09-24,saneamento,,,,,,high_yield,Z-spread de mercado 560 bps
SAUC16,IPCA+,742.2397375363493,586.4854195393949,155.75431799695434,0.5374461833360074,-19.594255501880298,13.098390905341926,8,2026-09-24,agro_acucar_etanol,,,,,,high_yield,Z-spread de mercado 451 bps
SUMI17,IPCA+,1058.1329553662445,1017.0992315900796,41.033723776164834,0.1415910551641657,158.26488725174954,57.210904996576126,8,2026-09-24,telecom,,,,,,high_yield,Z-spread de mercado 718 bps
SUMI18,IPCA+,1048.107407967121,1017.0992315900796,31.00817637704131,0.10699687983209859,38.01713367823663,23.207522942966545,8,2026-09-24,telecom,,,,,,high_yield,Z-spread de mercado 709 bps
SUMI19,IPCA+,1041.860450650391,1017.0992315900796,24.761219060311305,0.08544111553280553,120.16209536438373,46.644794254635165,8,2026-09-24,telecom,,,,,,high_yield,Z-spread de mercado 704 bps
SUMI37,IPCA+,992.3380125297684,1017.0992315900796,-24.76121906031119,-0.08544111553280515,6.150055257681856,18.630610915611076,8,2026-09-24,telecom,,,,,,high_yield,Z-spread de mercado 661 bps
SUZB19,IPCA+,170.8293933127001,193.97315957817344,-23.143766265473346,-0.07985992945404259,1.0010483867488347,8.51079546628215,8,2026-09-24,papel_celulose,,,,,,high_yield,evento de crédito negativo: 2026-04-02: Suzano ativa gatilho de juros maiores após não bater meta cl
SUZB29,IPCA+,183.3069428972977,193.97315957817344,-10.666216680875749,-0.0368048701281182,-4.427587820868553,8.435678371762734,8,2026-09-24,papel_celulose,,,,,,high_yield,evento de crédito negativo: 2026-04-02: Suzano ativa gatilho de juros maiores após não bater meta cl
SUZBA0,IPCA+,213.51645073391262,193.97315957817344,19.543291155739183,0.06743612232748346,3.60573537902755,9.499480305715862,8,2026-09-24,papel_celulose,,,,,,high_yield,evento de crédito negativo: 2026-04-02: Suzano ativa gatilho de juros maiores após não bater meta cl
SUZBC1,IPCA+,204.6393762590492,193.97315957817344,10.666216680875749,0.0368048701281182,-1.0494876141764564,8.733590308016574,8,2026-09-24,papel_celulose,,,,,,high_yield,evento de crédito negativo: 2026-04-02: Suzano ativa gatilho de juros maiores após não bater meta cl
TUPW21,IPCA+,781.5865685702888,920.5470483902001,-138.96047981991126,-0.4794973293466699,-82.36036657553575,55.729057647934326,8,2026-09-24,geracao,,,,,,high_yield,Z-spread de mercado 483 bps
USNA13,IPCA+,586.4854195393949,586.4854195393949,0.0,0.0,-41.62163566656011,23.374050050802115,8,2026-09-24,agro_acucar_etanol,,,,,,high_yield,Z-spread de mercado 317 bps
VAMO33,IPCA+,605.4111571798494,595.2913090034083,10.11984817644111,0.034919569796289573,3.2966060685142793,2.994612714798988,8,2026-09-24,locacao,,,,,,high_yield,Z-spread de mercado 605 bps
VAMO34,IPCA+,602.8079083721864,595.2913090034083,7.516599368778088,0.02593679388390773,41.52259722036672,24.588244401721674,8,2026-09-24,locacao,,,,,,high_yield,Z-spread de mercado 603 bps
VBRR11,IPCA+,669.1433233310564,703.2587053634102,-34.11538203235375,-0.11771861032255206,-31.845437131849962,14.18309308070326,8,2026-09-24,rodovias,,,,,,high_yield,Z-spread de mercado 389 bps
AALM12,DI+,74.76,139.96,-65.2,-0.3979035091909375,2.140000000000015,1.3164020228312796,8,2026-09-24,mineracao_siderurgia,,,,,,principal,
ACOV15,DI+,154.01,139.96,14.049999999999983,0.08574454454191204,1.829999999999984,1.7491548979844143,8,2026-09-24,mineracao_siderurgia,,,,,,principal,
ADPA21,DI+,276.22,136.59,139.63000000000002,0.852135996753537,-0.5099999999999909,0.2594609797252712,6,2026-09-28,saneamento,,,,,,principal,
AEGE16,DI+,717.12,136.59,580.53,3.5428669354388793,177.09000000000003,74.74758835096765,8,2026-09-24,saneamento,,,,,,high_yield,spread sobre CDI 717 bps
AEGE17,DI+,668.0600000000001,136.59,531.47,3.2434628532163736,76.08000000000004,31.068050079048852,8,2026-09-24,saneamento,,,,,,high_yield,spread sobre CDI 668 bps
AEGP17,DI+,281.8,136.59,145.21,0.886189701987976,37.31,15.993328966433829,8,2026-09-24,saneamento,,,,,,principal,
AEGP19,DI+,329.69,136.59,193.1,1.1784534911774545,23.389999999999986,8.718328394824317,8,2026-09-24,saneamento,,,,,,high_yield,spread sobre CDI 330 bps
AEGPA4,DI+,326.04,136.59,189.45000000000002,1.1561782180402318,8.300000000000011,7.6311746661778255,8,2026-09-24,saneamento,,,,,,high_yield,spread sobre CDI 326 bps
AEGPA9,DI+,292.56,136.59,155.97,0.9518559866335969,1.1599999999999682,2.653476156720774,8,2026-09-24,saneamento,,,,,,principal,
AEGPB3,DI+,460.6499999999999,136.59,324.05999999999995,1.9776780857118892,77.78999999999996,33.06503286274318,8,2026-09-24,saneamento,,,,,,high_yield,spread sobre CDI 461 bps
AEGPB5,DI+,453.64000000000004,136.59,317.05000000000007,1.934897355659306,52.460000000000036,21.43803945593639,8,2026-09-24,saneamento,,,,,,high_yield,spread sobre CDI 454 bps
AEGPB7,DI+,337.12,136.59,200.53,1.2237974033444585,44.99000000000001,19.815890403915738,8,2026-09-24,saneamento,,,,,,high_yield,spread sobre CDI 337 bps
AESLA8,DI+,40.37,60.870000000000005,-20.500000000000007,-0.12510769844193592,-1.980000000000004,0.6881445030971753,8,2026-09-24,distribuicao,,,,,,principal,
ALGAA2,DI+,113.75999999999999,101.445,12.314999999999998,0.07515616128353365,0.7099999999999795,0.5442147029042279,8,2026-09-24,telecom,,,,,,principal,
ALGTA5,DI+,95.14,101.445,-6.304999999999993,-0.03847824578909291,-10.810000000000016,3.7354823746644255,8,2026-09-24,telecom,,,,,,principal,
ALGTA6,DI+,106.69,101.445,5.2450000000000045,0.03200926235746118,-6.679999999999993,2.5193674801425847,8,2026-09-24,telecom,,,,,,principal,
ANHBA5,DI+,48.989999999999995,126.50999999999999,-77.52,-0.47309018454726187,-0.970000000000006,0.7110643430801492,8,2026-09-24,rodovias,,,,,,principal,
ANHBA6,DI+,54.54,126.50999999999999,-71.97,-0.43921956374956705,-0.5700000000000074,0.3520044642574041,8,2026-09-24,rodovias,,,,,,principal,
ANIM15,DI+,181.73,91.31,90.41999999999999,0.5518164923473092,-21.56000000000003,7.390654209395619,8,2026-09-24,educacao,,,,,,principal,
ANIM17,DI+,181.59,91.31,90.28,0.5509620983091693,-24.120000000000005,8.110446526372199,8,2026-09-24,educacao,,,,,,principal,
ANIM18,DI+,202.28000000000003,91.31,110.97000000000003,0.6772293315171525,-15.42999999999995,4.643203750798415,8,2026-09-24,educacao,,,,,,principal,
APFL18,DI+,241.15,126.50999999999999,114.64000000000001,0.699626660945538,-15.609999999999985,5.022553242269162,8,2026-09-24,rodovias,,,,,,principal,
APPSB2,DI+,137.10999999999999,126.50999999999999,10.599999999999994,0.06468983431631803,1.7800000000000011,1.3733113006785531,8,2026-09-24,rodovias,,,,,,principal,
APRB28,DI+,61.95000000000001,126.50999999999999,-64.55999999999997,-0.3939977078737257,-4.189999999999991,1.811242667341952,8,2026-09-24,rodovias,,,,,,principal,
ARML13,DI+,309.18,129.95,179.23000000000002,1.0938074532560083,5.029999999999973,3.7256387275971012,8,2026-09-24,locacao,,,,,,high_yield,spread sobre CDI 309 bps
ARML14,DI+,363.43,129.95,233.48000000000002,1.4248851430352776,4.180000000000007,6.341573571058122,8,2026-09-24,locacao,,,,,,high_yield,spread sobre CDI 363 bps
ARML15,DI+,377.17,129.95,247.22000000000003,1.5087378150641653,-17.74000000000001,5.175110764860157,8,2026-09-24,locacao,,,,,,high_yield,spread sobre CDI 377 bps
ARML25,DI+,437.45000000000005,129.95,307.50000000000006,1.8766154766290384,-3.5499999999999545,4.921120480715173,8,2026-09-24,locacao,,,,,,high_yield,spread sobre CDI 437 bps
ARML26,DI+,369.77000000000004,129.95,239.82000000000005,1.4635769873339057,-1.1899999999999409,2.598414008033127,8,2026-09-24,locacao,,,,,,high_yield,spread sobre CDI 370 bps
ARTRA1,DI+,184.4,126.50999999999999,57.890000000000015,0.3532919347709107,11.340000000000003,4.339120220242147,8,2026-09-24,rodovias,,,,,,principal,
ARTRA4,DI+,262.72,126.50999999999999,136.21000000000004,0.8312643709646873,4.210000000000036,3.8510664107491164,8,2026-09-24,rodovias,,,,,,principal,
ARTRA5,DI+,265.41,126.50999999999999,138.90000000000003,0.8476809421260925,6.060000000000002,3.2680900385393366,8,2026-09-24,rodovias,,,,,,principal,
ASAI18,DI+,213.77,99.775,113.995,0.6956903455555355,-11.22999999999999,3.9772163632369772,8,2026-09-24,varejo,,,,,,principal,
ASAI19,DI+,222.86999999999998,99.775,123.09499999999997,0.7512259580346387,-6.4500000000000455,2.3460966823336964,8,2026-09-24,varejo,,,,,,principal,
ASAI22,DI+,216.16,99.775,116.38499999999999,0.7102760723494977,-15.300000000000011,6.380440535619107,8,2026-09-24,varejo,,,,,,principal,
ASAI28,DI+,228.79999999999998,99.775,129.02499999999998,0.7874156483644279,-4.170000000000016,2.2984715418232704,8,2026-09-24,varejo,,,,,,principal,
ASAIA0,DI+,224.6,99.775,124.82499999999999,0.7617838272202265,-9.370000000000005,3.5268399453334984,8,2026-09-24,varejo,,,,,,principal,
ASAIA1,DI+,225.92,99.775,126.14499999999998,0.7698395424369755,-10.650000000000006,4.223782791696159,8,2026-09-24,varejo,,,,,,principal,
ASAIA2,DI+,231.28000000000003,99.775,131.50500000000002,0.8025506284686234,-5.96999999999997,2.2544586775036306,8,2026-09-24,varejo,,,,,,principal,
ASAIA3,DI+,231.34000000000003,99.775,131.56500000000003,0.802916797342112,-2.609999999999985,1.936435882897077,8,2026-09-24,varejo,,,,,,principal,
AURE13,DI+,84.7,81.98,2.719999999999999,0.01659965559814953,3.410000000000011,1.7061396484461653,8,2026-09-24,geracao,,,,,,principal,
AXIAA0,DI+,67.32000000000001,59.050000000000004,8.270000000000003,0.05047027639584439,3.410000000000011,1.1365109514901945,8,2026-09-24,integrada_gt,,,,,,principal,
AXIAB0,DI+,74.03,59.050000000000004,14.979999999999997,0.09142016208098531,3.6400000000000006,1.6202821623761354,8,2026-09-24,integrada_gt,,,,,,principal,
AZZA11,DI+,140.57,99.775,40.79499999999999,0.2489643198994523,-3.390000000000015,3.56747184391732,8,2026-09-24,varejo,,,,,,high_yield,evento de crédito negativo: 2026-05-12: Comunicado acerca de pedido judicial
AZZA12,DI+,164.75,99.775,64.975,0.3965303759153552,-1.7199999999999989,2.2166367702960645,8,2026-09-24,varejo,,,,,,high_yield,evento de crédito negativo: 2026-05-12: Comunicado acerca de pedido judicial
AZZA13,DI+,199.12,99.775,99.345,0.6062841122787375,-2.3499999999999943,2.154569894102169,8,2026-09-24,varejo,,,,,,high_yield,evento de crédito negativo: 2026-05-12: Comunicado acerca de pedido judicial
BCBF16,DI+,449.35,103.575,345.77500000000003,2.11020070384197,-2.3600000000000136,3.86520744222462,8,2026-09-24,saude,,,,,,high_yield,spread sobre CDI 449 bps
BCPSA4,DI+,24.73,101.445,-76.71499999999999,-0.4681774188279565,-0.41000000000000014,0.5559274747148741,8,2026-09-24,telecom,,,,,,principal,
BCPSA6,DI+,35.38,101.445,-66.065,-0.40318244378373136,-0.759999999999998,0.2493097614271385,8,2026-09-24,telecom,,,,,,principal,
BKBR19,DI+,152.57,207.22,-54.650000000000006,-0.3335188156025266,-8.97999999999999,2.8756983623858354,8,2026-09-24,alimentos_bebidas,,,,,,principal,
BRIT11,DI+,96.2,101.445,-5.24499999999999,-0.03200926235746109,2.3700000000000045,0.9994989816331563,8,2026-09-24,telecom,,,,,,principal,
BRIT12,DI+,134.35999999999999,101.445,32.91499999999999,0.2008741411812838,4.039999999999992,1.7560507639912575,8,2026-09-24,telecom,,,,,,principal,
BRKPA0,DI+,225.53999999999996,136.59,88.94999999999996,0.5428453549468385,21.20999999999998,8.237540266539346,8,2026-09-24,saneamento,,,,,,principal,
BRKPA2,DI+,271.63,136.59,135.04,0.8241240779316594,23.22999999999999,12.12860837324004,8,2026-09-24,saneamento,,,,,,principal,
BRKPA3,DI+,277.47999999999996,136.59,140.88999999999996,0.859825543096797,24.819999999999936,9.509791570496457,8,2026-09-24,saneamento,,,,,,principal,
BRKPA4,DI+,292.3,136.59,155.71,0.9502692548484798,21.590000000000032,9.358140841000418,8,2026-09-24,saneamento,,,,,,principal,
BRKPA5,DI+,231.36999999999998,136.59,94.77999999999997,0.5784247638208135,8.569999999999965,3.2423511641135505,8,2026-09-24,saneamento,,,,,,principal,
BRMLA1,DI+,46.11000000000001,99.775,-53.665,-0.3275075432627555,5.660000000000004,2.468237876357487,8,2026-09-24,varejo,,,,,,principal,
BRMLB1,DI+,56.550000000000004,99.775,-43.225,-0.2637941592757404,2.4200000000000017,1.1273412146664876,8,2026-09-24,varejo,,,,,,principal,
BRST14,DI+,159.5,101.445,58.05500000000001,0.3542988991730043,0.6899999999999977,1.055109168353147,8,2026-09-24,telecom,,,,,,principal,
BSA312,DI+,41.97,43.61,-1.6400000000000006,-0.010008615875354872,1.4399999999999977,0.8060474551786644,8,2026-09-24,financeiro,,,,,,principal,
BSA318,DI+,34.32,43.61,-9.29,-0.05669514724515044,-0.6199999999999974,0.333720905633948,8,2026-09-24,financeiro,,,,,,principal,
BSA319,DI+,46.93,43.61,3.3200000000000003,0.020261344333035468,-0.1699999999999946,0.8743323983801276,8,2026-09-24,financeiro,,,,,,principal,
BSA3A0,DI+,36.730000000000004,43.61,-6.8799999999999955,-0.04198736416002528,3.9100000000000037,2.04258065061963,8,2026-09-24,financeiro,,,,,,principal,
BTGH18,DI+,115.29,80.0,35.290000000000006,0.21536832575687404,1.720000000000013,0.7923338041146945,8,2026-09-24,outros_corporativo,,,,,,principal,
CAEC13,DI+,130.0,136.59,-6.590000000000003,-0.040217547938163796,2.789999999999992,2.5331963857094495,8,2026-09-24,saneamento,,,,,,principal,
CAEC22,DI+,116.12,136.59,-20.47,-0.12492461400519156,0.04999999999999716,0.07186296483088651,8,2026-09-24,saneamento,,,,,,principal,
CAEC32,DI+,121.05999999999999,136.59,-15.530000000000015,-0.09477671008796419,-6.950000000000003,3.2732552604402825,8,2026-09-24,saneamento,,,,,,principal,
CAMLA1,DI+,396.19,207.22,188.97,1.1532488670523229,-27.390000000000043,13.833891031500432,8,2026-09-24,alimentos_bebidas,,,,,,high_yield,spread sobre CDI 396 bps
CAMLB1,DI+,398.36999999999995,207.22,191.14999999999995,1.166553002789075,18.359999999999957,26.249926224386126,8,2026-09-24,alimentos_bebidas,,,,,,high_yield,spread sobre CDI 398 bps
CASN13,DI+,332.7,136.59,196.10999999999999,1.1968229629974654,-7.949999999999989,2.176796056462009,8,2026-09-24,saneamento,,,,,,high_yield,spread sobre CDI 333 bps
CASN14,DI+,173.11,136.59,36.52000000000001,0.2228747876633902,-9.019999999999982,7.2632350869685744,8,2026-09-24,saneamento,,,,,,principal,
CBAN22,DI+,85.56000000000002,126.50999999999999,-40.949999999999974,-0.2499102561559644,3.5900000000000176,1.1759547792569045,8,2026-09-24,rodovias,,,,,,principal,
CBOH11,DI+,136.57,101.35,35.22,0.21494112873780397,2.359999999999985,2.441413159275932,8,2026-09-24,oleo_gas,,,,,,principal,
CDAR11,DI+,159.98999999999998,129.95,30.039999999999992,0.18332854932662207,5.359999999999985,2.0270311682711855,8,2026-09-24,locacao,,,,,,principal,
CDES12,DI+,138.95,104.60999999999999,34.34,0.20957065192663796,0.9799999999999898,0.9040375703318029,8,2026-09-24,portos,,,,,,principal,
CDGS26,DI+,75.0,101.35,-26.349999999999994,-0.16080916360707362,-1.2700000000000102,0.5500584384538493,8,2026-09-24,oleo_gas,,,,,,principal,
CEAB13,DI+,119.74000000000001,99.775,19.965000000000003,0.12184269265332927,-2.4899999999999807,1.2523349620380544,8,2026-09-24,varejo,,,,,,principal,
CEAB14,DI+,87.22,99.775,-12.555000000000007,-0.07662083677748809,0.5100000000000051,0.8898314447129861,8,2026-09-24,varejo,,,,,,principal,
CEAB22,DI+,71.36,99.775,-28.415000000000006,-0.17341147566963944,1.4099999999999966,1.2998619432188063,8,2026-09-24,varejo,,,,,,principal,
CEAP15,DI+,67.91,60.870000000000005,7.039999999999992,0.04296381448932817,-12.190000000000012,4.8988305820296105,8,2026-09-24,distribuicao,,,,,,principal,
CEAP16,DI+,71.69,60.870000000000005,10.819999999999993,0.06603245351910952,-8.310000000000002,3.526482464358581,8,2026-09-24,distribuicao,,,,,,principal,
CEEBA3,DI+,82.62,60.870000000000005,21.75,0.13273621663961488,-1.4999999999999858,1.0082862051166663,8,2026-09-24,distribuicao,,,,,,principal,
CEEBB8,DI+,66.21000000000001,60.870000000000005,5.340000000000003,0.032589029740484776,-1.5,0.4284002634386259,8,2026-09-24,distribuicao,,,,,,principal,
CEED16,DI+,66.11,60.870000000000005,5.239999999999995,0.03197874828467041,3.9299999999999997,1.2410126913130257,8,2026-09-24,distribuicao,,,,,,principal,
CEED18,DI+,68.08,60.870000000000005,7.209999999999994,0.04400129296421253,7.929999999999993,3.632069215435502,8,2026-09-24,distribuicao,,,,,,principal,
CEEDA0,DI+,81.02,60.870000000000005,20.14999999999999,0.12297171334658569,3.280000000000001,1.7236837628421615,8,2026-09-24,distribuicao,,,,,,principal,
CEEDA1,DI+,90.27,60.870000000000005,29.39999999999999,0.1794227480094104,4.299999999999997,1.1999337779346704,8,2026-09-24,distribuicao,,,,,,principal,
CEMTE2,DI+,54.87,60.870000000000005,-6.000000000000007,-0.036616887348859324,-0.6500000000000057,0.7615397935386292,8,2026-09-24,distribuicao,,,,,,principal,
CEPEA1,DI+,86.11,60.870000000000005,25.239999999999995,0.15403503944753466,-2.1400000000000006,1.147217129778465,8,2026-09-24,distribuicao,,,,,,principal,
CERO19,DI+,55.67,60.870000000000005,-5.200000000000003,-0.03173463570234473,5.57,2.9071819934185656,8,2026-09-24,distribuicao,,,,,,principal,
CEROA2,DI+,75.62,60.870000000000005,14.75,0.0900165147326124,18.370000000000005,8.604767781377289,8,2026-09-24,distribuicao,,,,,,principal,
CEROB2,DI+,75.86000000000001,60.870000000000005,14.990000000000009,0.09148119022656682,8.610000000000014,4.871001657036997,8,2026-09-24,distribuicao,,,,,,principal,
CESPA4,DI+,84.61999999999999,81.98,2.6399999999999864,0.016111430433497997,8.22999999999999,2.748401808324248,8,2026-09-24,geracao,,,,,,principal,
CGASA3,DI+,45.00000000000001,69.02,-24.01999999999999,-0.1465896056865999,-1.3399999999999892,0.5247312237163464,8,2026-09-24,distribuicao_gas,,,,,,principal,
CGASA5,DI+,69.02,69.02,0.0,0.0,1.1400000000000006,0.8309536260053425,8,2026-09-24,distribuicao_gas,,,,,,principal,
CGBP14,DI+,81.98,81.98,0.0,0.0,-0.5400000000000063,2.099519928119619,8,2026-09-24,geracao,,,,,,principal,
CGOS15,DI+,67.14,60.870000000000005,6.269999999999996,0.038264647279557924,2.5799999999999983,1.0699324077449253,8,2026-09-24,distribuicao,,,,,,principal,
CGOS17,DI+,67.32000000000001,60.870000000000005,6.450000000000003,0.03936315390002374,1.3600000000000136,0.9625848756640346,8,2026-09-24,distribuicao,,,,,,principal,
CGOS18,DI+,66.69,60.870000000000005,5.819999999999993,0.03551838072839346,0.7099999999999937,0.6886581154680452,8,2026-09-24,distribuicao,,,,,,principal,
CGOS19,DI+,76.44,60.870000000000005,15.569999999999993,0.09502082267028979,5.659999999999997,3.2076646489307454,8,2026-09-24,distribuicao,,,,,,principal,
CGOSA1,DI+,75.34,60.870000000000005,14.469999999999999,0.08830772665633228,2.1200000000000045,1.9619592066532439,8,2026-09-24,distribuicao,,,,,,principal,
CHSF12,DI+,46.33,59.050000000000004,-12.720000000000006,-0.0776278011795817,-1.3100000000000023,0.5315459259824796,8,2026-09-24,integrada_gt,,,,,,principal,
CHSF14,DI+,59.15,59.050000000000004,0.09999999999999432,0.0006102814558142867,3.289999999999999,1.05171883124721,8,2026-09-24,integrada_gt,,,,,,principal,
CHSF24,DI+,62.339999999999996,59.050000000000004,3.289999999999992,0.020078259896291122,0.4399999999999977,0.4543441112511171,8,2026-09-24,integrada_gt,,,,,,principal,
CHTH11,DI+,40.220000000000006,81.98,-41.76,-0.25485353594806054,-0.13999999999999346,0.14694508206420606,8,2026-09-24,geracao,,,,,,principal,
CIEL17,DI+,26.019999999999996,43.61,-17.590000000000003,-0.10734850807773914,-1.5100000000000016,0.8112952606788726,8,2026-09-24,financeiro,,,,,,principal,
CIEL18,DI+,39.45,43.61,-4.159999999999997,-0.025387708561875746,0.05000000000000426,0.11360960723962958,8,2026-09-24,financeiro,,,,,,principal,
CIEL19,DI+,32.99,43.61,-10.619999999999997,-0.06481189060748091,-0.46999999999999886,0.24266378857529267,8,2026-09-24,financeiro,,,,,,principal,
CLCD16,DI+,76.48,80.0,-3.519999999999996,-0.021481907244664086,-0.6799999999999926,0.6936652136091491,8,2026-09-24,outros_corporativo,,,,,,principal,
CLCD17,DI+,88.02,80.0,8.019999999999996,0.04894457275630854,-2.190000000000012,1.4611834733725753,8,2026-09-24,outros_corporativo,,,,,,principal,
CLCD18,DI+,80.0,80.0,0.0,0.0,0.14000000000000057,0.7846518791340352,8,2026-09-24,outros_corporativo,,,,,,principal,
CLCD19,DI+,40.0,80.0,-40.0,-0.24411258232572852,0.0,0.0,8,2026-09-24,outros_corporativo,,,,,,principal,
CLII12,DI+,185.38,136.9,48.47999999999999,0.2958644497787829,1.2800000000000011,0.8599293990953979,8,2026-09-24,logistica,,,,,,principal,
CLIS11,DI+,172.85999999999999,104.60999999999999,68.25,0.41651709359327427,-4.430000000000007,,2,2026-10-02,portos,,,,,,principal,
CLMOA2,DI+,71.50999999999999,80.0,-8.490000000000009,-0.05181289559863594,1.3999999999999915,1.7795886362543818,8,2026-09-24,outros_corporativo,,,,,,principal,
CLMOA4,DI+,69.99999999999999,80.0,-10.000000000000014,-0.061028145581432214,-1.8400000000000176,0.5060473580322622,8,2026-09-24,outros_corporativo,,,,,,principal,
CMED13,DI+,137.61,80.0,57.610000000000014,0.3515831466946306,-3.9999999999999716,1.5399605746344722,8,2026-09-24,outros_corporativo,,,,,,principal,
CMGD18,DI+,55.339999999999996,60.870000000000005,-5.530000000000008,-0.03374856450653202,7.0,3.6008270379376555,8,2026-09-24,distribuicao,,,,,,principal,
CMGDA0,DI+,46.42,60.870000000000005,-14.450000000000003,-0.08818567036516944,1.0900000000000034,1.254546019198066,8,2026-09-24,distribuicao,,,,,,principal,
CMGDA1,DI+,60.0,60.870000000000005,-0.8700000000000045,-0.0053094486655846235,0.8299999999999983,0.7296464407995332,8,2026-09-24,distribuicao,,,,,,principal,
CMGDA2,DI+,63.99,60.870000000000005,3.1199999999999974,0.01904078142140681,1.8800000000000026,0.9495713318575469,8,2026-09-24,distribuicao,,,,,,principal,
CMGDA3,DI+,50.529999999999994,60.870000000000005,-10.34000000000001,-0.06310310253120088,-2.940000000000005,1.4082917717169687,8,2026-09-24,distribuicao,,,,,,principal,
CMGDA6,DI+,73.99,60.870000000000005,13.11999999999999,0.0800689270028389,-0.39000000000000057,1.9036801764702265,8,2026-09-24,distribuicao,,,,,,principal,
CMGDB3,DI+,60.099999999999994,60.870000000000005,-0.7700000000000102,-0.004699167209770336,-2.230000000000004,1.2016863151421873,8,2026-09-24,distribuicao,,,,,,principal,
CMGTA0,DI+,51.459999999999994,59.050000000000004,-7.5900000000000105,-0.04632036249630705,0.05999999999999517,0.530671744113065,8,2026-09-24,integrada_gt,,,,,,high_yield,"evento de crédito negativo: 2026-04-27: Cemig (CMIG4) anuncia repactuação de R$ 14,2 mi em UBP"
CMGTA2,DI+,56.67999999999999,59.050000000000004,-2.3700000000000117,-0.014463670502799486,4.999999999999986,1.766578108741786,8,2026-09-24,integrada_gt,,,,,,high_yield,"evento de crédito negativo: 2026-04-27: Cemig (CMIG4) anuncia repactuação de R$ 14,2 mi em UBP"
CMGTC3,DI+,65.35,59.050000000000004,6.29999999999999,0.03844773171630218,0.3499999999999943,2.3135810214594077,8,2026-09-24,integrada_gt,,,,,,high_yield,"evento de crédito negativo: 2026-04-27: Cemig (CMIG4) anuncia repactuação de R$ 14,2 mi em UBP"
CMTR19,DI+,56.57,59.050000000000004,-2.480000000000004,-0.015134980104195192,8.089999999999996,3.1825596167685073,8,2026-09-24,integrada_gt,,,,,,high_yield,"evento de crédito negativo: 2026-04-27: Cemig (CMIG4) anuncia repactuação de R$ 14,2 mi em UBP"
CNLM16,DI+,60.51,70.73,-10.220000000000006,-0.062370764784223674,-2.239999999999995,1.1359451697029366,8,2026-09-24,mobilidade_urbana,,,,,,principal,
CNLM17,DI+,70.73,70.73,0.0,0.0,0.9300000000000068,1.0743029301432108,8,2026-09-24,mobilidade_urbana,,,,,,principal,
COCEA2,DI+,139.57,59.3,80.27,0.4898729245821557,9.889999999999986,3.969540275649051,8,2026-09-24,energia_diversificada,,,,,,principal,
COGNA4,DI+,119.9,91.31,28.590000000000003,0.17447946821731447,5.360000000000014,2.532750833720974,8,2026-09-24,educacao,,,,,,principal,
COGNA5,DI+,104.57000000000001,91.31,13.260000000000005,0.08092332104097903,8.850000000000009,2.7122628270241744,8,2026-09-24,educacao,,,,,,principal,
COGNB2,DI+,113.99999999999999,91.31,22.689999999999984,0.1384728623242694,-2.1300000000000097,1.7655998575959573,8,2026-09-24,educacao,,,,,,principal,
COLNA3,DI+,77.42999999999999,126.50999999999999,-49.08,-0.2995261385136689,-0.38000000000000966,0.19316905993011813,8,2026-09-24,rodovias,,,,,,principal,
CPFGA3,DI+,51.3,80.0,-28.700000000000003,-0.17515077781871022,-0.8000000000000043,0.38477962152751666,8,2026-09-24,outros_corporativo,,,,,,principal,
CPFPA6,DI+,31.259999999999998,60.870000000000005,-29.610000000000007,-0.1807043390666206,-2.1700000000000017,0.6945180754615803,8,2026-09-24,distribuicao,,,,,,principal,
CPFPA8,DI+,41.52,60.870000000000005,-19.35,-0.11808946170007117,-1.3200000000000003,0.5713892843637478,8,2026-09-24,distribuicao,,,,,,principal,
CPFPB8,DI+,52.14,60.870000000000005,-8.730000000000004,-0.05327757109259027,-0.509999999999998,0.3312638137281448,8,2026-09-24,distribuicao,,,,,,principal,
CPGT17,DI+,51.04999999999999,59.050000000000004,-8.000000000000014,-0.04882251646514579,-3.450000000000017,1.0459138178099197,8,2026-09-24,integrada_gt,,,,,,principal,
CPGT18,DI+,50.0,59.050000000000004,-9.050000000000004,-0.0552304717511961,-0.8600000000000065,0.3412764903375901,8,2026-09-24,integrada_gt,,,,,,principal,
CPGT19,DI+,38.01,59.050000000000004,-21.040000000000006,-0.12840321830333323,-1.5500000000000043,0.8498865470503373,8,2026-09-24,integrada_gt,,,,,,principal,
CPGT29,DI+,64.31,59.050000000000004,5.259999999999998,0.03210080457583329,3.510000000000005,1.5205074340965448,8,2026-09-24,integrada_gt,,,,,,principal,
CPGT39,DI+,78.63,59.050000000000004,19.57999999999999,0.11949310904844405,-4.340000000000003,1.307663537983466,8,2026-09-24,integrada_gt,,,,,,principal,
CPGTA0,DI+,41.11,59.050000000000004,-17.940000000000005,-0.10948449317308927,-0.8700000000000045,0.7019857039651384,8,2026-09-24,integrada_gt,,,,,,principal,
CPGTB0,DI+,56.660000000000004,59.050000000000004,-2.3900000000000006,-0.014585726793962283,-3.3599999999999923,0.974084735240507,8,2026-09-24,integrada_gt,,,,,,principal,
CPLD19,DI+,54.30000000000001,60.870000000000005,-6.569999999999993,-0.04009549164700087,-0.5699999999999861,1.1824543180544906,8,2026-09-24,distribuicao,,,,,,principal,
CPLD27,DI+,81.51,60.870000000000005,20.64,0.12596209248007592,-3.4299999999999926,1.6319833463786138,8,2026-09-24,distribuicao,,,,,,principal,
CPLDA0,DI+,43.410000000000004,60.870000000000005,-17.46,-0.1065551421851805,-1.1699999999999946,0.6040577077446436,8,2026-09-24,distribuicao,,,,,,principal,
CPLDA2,DI+,36.85,60.870000000000005,-24.020000000000003,-0.14658960568659998,0.0799999999999983,0.5951950460623321,8,2026-09-24,distribuicao,,,,,,principal,
CPLDB0,DI+,56.97,60.870000000000005,-3.9000000000000057,-0.023800976776758565,0.01999999999999602,0.28484331532565943,8,2026-09-24,distribuicao,,,,,,principal,
CPREA0,DI+,41.97,81.98,-40.010000000000005,-0.24417361047130998,-2.3700000000000045,0.7323726120337546,8,2026-09-24,geracao,,,,,,principal,
CPTE12,DI+,85.51999999999998,48.379999999999995,37.139999999999986,0.22665853268943884,-3.220000000000013,2.104130292000548,8,2026-09-24,transmissao,,,,,,principal,
CSAN15,DI+,209.35000000000002,178.72000000000003,30.629999999999995,0.1869292099159266,-18.659999999999968,5.959714159013229,8,2026-09-24,agro_acucar_etanol,,,,,,high_yield,evento de crédito negativo: 2026-03-11: Pedido de recuperação extrajudicial da Raízen
CSAN18,DI+,152.58,178.72000000000003,-26.140000000000015,-0.1595275725498637,-2.119999999999976,1.9220506162503974,8,2026-09-24,agro_acucar_etanol,,,,,,high_yield,evento de crédito negativo: 2026-03-11: Pedido de recuperação extrajudicial da Raízen
CSAN23,DI+,182.25000000000003,178.72000000000003,3.530000000000001,0.02154293539024555,1.8800000000000239,2.035020182420097,8,2026-09-24,agro_acucar_etanol,,,,,,high_yield,evento de crédito negativo: 2026-03-11: Pedido de recuperação extrajudicial da Raízen
CSAN24,DI+,186.66000000000003,178.72000000000003,7.939999999999998,0.048456347591657095,-1.849999999999966,1.4211256856047951,8,2026-09-24,agro_acucar_etanol,,,,,,high_yield,evento de crédito negativo: 2026-03-11: Pedido de recuperação extrajudicial da Raízen
CSANA0,DI+,144.26000000000002,178.72000000000003,-34.46000000000001,-0.21030298967361516,2.5300000000000296,2.3015507194684544,8,2026-09-24,agro_acucar_etanol,,,,,,high_yield,evento de crédito negativo: 2026-03-11: Pedido de recuperação extrajudicial da Raízen
CSANA2,DI+,176.29,178.72000000000003,-2.4300000000000352,-0.014829839376288222,9.549999999999983,5.217834115525605,8,2026-09-24,agro_acucar_etanol,,,,,,high_yield,evento de crédito negativo: 2026-03-11: Pedido de recuperação extrajudicial da Raízen
CSANB0,DI+,181.15000000000003,178.72000000000003,2.430000000000007,0.014829839376288049,-6.139999999999958,3.374024462185841,8,2026-09-24,agro_acucar_etanol,,,,,,high_yield,evento de crédito negativo: 2026-03-11: Pedido de recuperação extrajudicial da Raízen
CSANB1,DI+,166.69,178.72000000000003,-12.03000000000003,-0.07341685913446304,9.859999999999985,4.7305328528008905,8,2026-09-24,agro_acucar_etanol,,,,,,high_yield,evento de crédito negativo: 2026-03-11: Pedido de recuperação extrajudicial da Raízen
CSANB2,DI+,149.48999999999998,178.72000000000003,-29.230000000000047,-0.1783852695345264,-0.15000000000000568,2.0007851137562427,8,2026-09-24,agro_acucar_etanol,,,,,,high_yield,evento de crédito negativo: 2026-03-11: Pedido de recuperação extrajudicial da Raízen
CSANC1,DI+,209.01999999999998,178.72000000000003,30.299999999999955,0.18491528111173908,9.069999999999965,5.8806497150764265,8,2026-09-24,agro_acucar_etanol,,,,,,high_yield,evento de crédito negativo: 2026-03-11: Pedido de recuperação extrajudicial da Raízen
CSANC2,DI+,184.67999999999998,178.72000000000003,5.959999999999951,0.03637277476653325,-3.160000000000025,2.609542584438898,8,2026-09-24,agro_acucar_etanol,,,,,,high_yield,evento de crédito negativo: 2026-03-11: Pedido de recuperação extrajudicial da Raízen
CSED12,DI+,80.42999999999999,91.31,-10.88000000000001,-0.06639862239259822,0.30999999999998806,0.4133486940310118,8,2026-09-24,educacao,,,,,,principal,
CSED13,DI+,91.31,91.31,0.0,0.0,-0.7599999999999909,1.182334252956533,8,2026-09-24,educacao,,,,,,principal,
CSMGA7,DI+,70.28,136.59,-66.31,-0.40467763335047646,-1.039999999999992,0.4011033888805066,8,2026-09-24,saneamento,,,,,,principal,
CSMGA8,DI+,80.77,136.59,-55.82000000000001,-0.3406591086355542,-3.25,1.0863824306910916,8,2026-09-24,saneamento,,,,,,principal,
CSMGA9,DI+,63.010000000000005,136.59,-73.58,-0.4490450951881776,-2.009999999999991,1.1969693873636509,8,2026-09-24,saneamento,,,,,,principal,
CSMGB0,DI+,56.46,136.59,-80.13,-0.4890185305440156,-6.469999999999999,2.7346036537050744,8,2026-09-24,saneamento,,,,,,principal,
CSMGD1,DI+,67.69,136.59,-68.9,-0.4204839230560674,-0.75,0.2791536955053361,8,2026-09-24,saneamento,,,,,,principal,
CSMGD2,DI+,64.31,136.59,-72.28,-0.4411114362625914,-1.8199999999999932,0.6483385359076346,8,2026-09-24,saneamento,,,,,,principal,
CSNAA1,DI+,1690.68,139.96,1550.72,9.463756591603843,-12.220000000000027,11.591615196215926,8,2026-09-24,mineracao_siderurgia,,,,,,high_yield,spread sobre CDI 1691 bps
CSNAA2,DI+,1746.03,139.96,1606.07,9.80154737739707,-9.649999999999864,4.698409875387937,8,2026-09-24,mineracao_siderurgia,,,,,,high_yield,spread sobre CDI 1746 bps
CSRNA2,DI+,74.31,60.870000000000005,13.439999999999998,0.08202182766144477,-0.8799999999999955,0.3572114219898341,8,2026-09-24,distribuicao,,,,,,principal,
CTEE19,DI+,34.14,48.379999999999995,-14.239999999999995,-0.08690407930795932,-4.300000000000004,1.6123978372952146,8,2026-09-24,transmissao,,,,,,principal,
CTNSA2,DI+,84.88000000000001,60.870000000000005,24.010000000000005,0.14652857754101858,-0.11999999999999034,0.0555492059863519,8,2026-09-24,distribuicao,,,,,,principal,
CVCB14,DI+,717.88,74.94,642.94,3.9237435920125976,38.120000000000005,14.980493745439182,8,2026-09-24,servicos_lazer,,,,,,high_yield,spread sobre CDI 718 bps
DASAB2,DI+,280.17,103.575,176.59500000000003,1.0777265368953008,-2.599999999999966,1.0244998779892536,8,2026-09-24,saude,,,,,,principal,
DASAB4,DI+,143.19,103.575,39.614999999999995,0.24176299872084336,-14.560000000000002,6.63979332186951,8,2026-09-24,saude,,,,,,principal,
DASAB5,DI+,241.48999999999998,103.575,137.91499999999996,0.841669669786321,-5.27000000000001,1.5354611917689696,8,2026-09-24,saude,,,,,,principal,
DASAC2,DI+,282.0,103.575,178.425,1.088894687536703,-1.349999999999966,0.4781810774770755,8,2026-09-24,saude,,,,,,principal,
DASAC5,DI+,287.64,103.575,184.065,1.1233145616446305,-2.1200000000000045,1.1438835792409636,8,2026-09-24,saude,,,,,,principal,
DASAD3,DI+,259.84,103.575,156.265,0.9536563169282491,-3.240000000000009,0.9934706480673857,8,2026-09-24,saude,,,,,,principal,
DGCD11,DI+,90.00000000000001,80.0,10.000000000000014,0.061028145581432214,1.4210854715202004e-14,1.3677764802773855,8,2026-09-24,outros_corporativo,,,,,,principal,
DXCO13,DI+,75.0,62.150000000000006,12.849999999999994,0.07842116707214025,-0.0799999999999983,0.04051013982413942,8,2026-09-24,imobiliario_construcao,,,,,,principal,
EBENA6,DI+,57.269999999999996,60.870000000000005,-3.6000000000000085,-0.02197013240931562,-1.2100000000000009,0.7904429138147824,8,2026-09-24,distribuicao,,,,,,principal,
EBENA7,DI+,63.339999999999996,60.870000000000005,2.4699999999999918,0.015073951958613685,-4.330000000000005,1.9548031504841763,8,2026-09-24,distribuicao,,,,,,principal,
EBENA9,DI+,55.08,60.870000000000005,-5.790000000000006,-0.03533529629164924,-0.020000000000003126,0.385484389159554,8,2026-09-24,distribuicao,,,,,,principal,
EBENB1,DI+,45.8,60.870000000000005,-15.070000000000007,-0.09196941539121826,-2.509999999999998,1.1674384352076146,8,2026-09-24,distribuicao,,,,,,principal,
EBENC1,DI+,65.99000000000001,60.870000000000005,5.1200000000000045,0.031246410537693278,0.9200000000000159,1.0237187113655792,8,2026-09-24,distribuicao,,,,,,principal,
ECOV17,DI+,77.69000000000001,126.50999999999999,-48.81999999999998,-0.2979394067285515,6.670000000000002,2.7244396540520803,8,2026-09-24,rodovias,,,,,,principal,
EDPR13,DI+,58.919999999999995,48.379999999999995,10.54,0.06432366544282946,-4.000000000000007,1.4770603044077606,8,2026-09-24,transmissao,,,,,,principal,
EDVP18,DI+,36.41,60.870000000000005,-24.460000000000008,-0.14927484409218303,6.069999999999997,3.483327380947295,8,2026-09-24,distribuicao,,,,,,principal,
EEELA3,DI+,40.26,48.379999999999995,-8.119999999999997,-0.04955485421212288,-1.8700000000000045,0.5792097448864526,8,2026-09-24,transmissao,,,,,,principal,
EEELA5,DI+,45.86,48.379999999999995,-2.519999999999996,-0.015379092686520872,0.12000000000000455,0.5658101019145672,8,2026-09-24,transmissao,,,,,,principal,
EGIEE1,DI+,61.870000000000005,81.98,-20.11,-0.12272760076426001,-4.429999999999993,2.0550803772949755,8,2026-09-24,geracao,,,,,,principal,
EKTRA0,DI+,72.88,60.870000000000005,12.009999999999991,0.07329480284329994,1.0,1.6904262987272094,8,2026-09-24,distribuicao,,,,,,principal,
EKTRA3,DI+,57.89,60.870000000000005,-2.980000000000004,-0.0181863873832668,-2.0400000000000063,0.8251406806461208,8,2026-09-24,distribuicao,,,,,,principal,
EKTRA4,DI+,61.03,60.870000000000005,0.1599999999999966,0.0009764503293028932,-1.4699999999999989,0.537959106252511,8,2026-09-24,distribuicao,,,,,,principal,
ELET15,DI+,50.4,59.050000000000004,-8.650000000000006,-0.052789345927938824,-2.269999999999996,0.7868880842552238,8,2026-09-24,integrada_gt,,,,,,principal,
ELET17,DI+,77.0,59.050000000000004,17.949999999999996,0.10954552131867065,9.849999999999994,3.4648974423082537,8,2026-09-24,integrada_gt,,,,,,principal,
ELET24,DI+,89.73,59.050000000000004,30.68,0.18723435064383379,-3.9599999999999937,1.5079503591677945,8,2026-09-24,integrada_gt,,,,,,principal,
ELET25,DI+,56.449999999999996,59.050000000000004,-2.6000000000000085,-0.015867317851172406,1.2199999999999918,1.0229500406736827,8,2026-09-24,integrada_gt,,,,,,principal,
ELPLA6,DI+,240.66,60.870000000000005,179.79,1.0972250294085681,-17.03,6.587180190122541,8,2026-09-24,distribuicao,,,,,,principal,
ELPLB8,DI+,250.25,60.870000000000005,189.38,1.1557510210211617,-32.10000000000002,19.184343644530262,8,2026-09-24,distribuicao,,,,,,principal,
ELTN16,DI+,59.050000000000004,59.050000000000004,0.0,0.0,3.3299999999999983,2.425117081120591,8,2026-09-24,integrada_gt,,,,,,principal,
ELTN19,DI+,66.66,59.050000000000004,7.609999999999992,0.046442418787469804,3.4299999999999997,1.2062626757291062,8,2026-09-24,integrada_gt,,,,,,principal,
ELTN26,DI+,64.64,59.050000000000004,5.589999999999996,0.03411473338002054,3.3500000000000014,2.0874711289705825,8,2026-09-24,integrada_gt,,,,,,principal,
ENERB5,DI+,59.519999999999996,60.870000000000005,-1.3500000000000085,-0.00823879965349339,-3.5700000000000074,1.2104183161205078,8,2026-09-24,distribuicao,,,,,,principal,
ENERC3,DI+,59.209999999999994,60.870000000000005,-1.6600000000000108,-0.0101306721665178,8.399999999999991,3.9204261339079642,8,2026-09-24,distribuicao,,,,,,principal,
ENEV48,DI+,79.79,81.98,-2.1899999999999977,-0.013365163882333622,0.020000000000010232,0.34450533895925106,8,2026-09-24,geracao,,,,,,principal,
ENEVA3,DI+,59.95,81.98,-22.03,-0.134445004715895,2.0,1.7212765196629087,8,2026-09-24,geracao,,,,,,principal,
ENEVD0,DI+,60.169999999999995,81.98,-21.81000000000001,-0.13310238551310352,-1.0800000000000125,0.9909438141777478,8,2026-09-24,geracao,,,,,,principal,
ENGIA7,DI+,34.81,59.3,-24.489999999999995,-0.14945792852892725,-7.119999999999997,2.814914360534411,8,2026-09-24,energia_diversificada,,,,,,principal,
ENGIB1,DI+,59.3,59.3,0.0,0.0,7.259999999999998,3.5870857152529028,8,2026-09-24,energia_diversificada,,,,,,principal,
ENGIB5,DI+,32.04,59.3,-27.259999999999998,-0.16636272485498396,-4.190000000000005,1.7777252720420953,8,2026-09-24,energia_diversificada,,,,,,principal,
ENGIB7,DI+,56.46,59.3,-2.8399999999999963,-0.017331993345126702,-1.0900000000000034,2.0231689252259666,8,2026-09-24,energia_diversificada,,,,,,principal,
ENGIB8,DI+,49.65,59.3,-9.649999999999999,-0.058892160486082,-6.200000000000003,1.9595699236603645,8,2026-09-24,energia_diversificada,,,,,,principal,
ENGIC3,DI+,64.75999999999999,59.3,5.459999999999994,0.0333213674874619,4.489999999999988,2.2294870486280014,8,2026-09-24,energia_diversificada,,,,,,principal,
ENGIC4,DI+,79.5,59.3,20.200000000000003,0.12327685407449292,7.069999999999993,2.6859901074171617,8,2026-09-24,energia_diversificada,,,,,,principal,
ENGIC5,DI+,50.53999999999999,59.3,-8.760000000000005,-0.05346065552933458,-4.360000000000014,1.3694883038148673,8,2026-09-24,energia_diversificada,,,,,,principal,
ENGIC6,DI+,38.519999999999996,59.3,-20.78,-0.12681648651821598,-5.75,2.128366241308778,8,2026-09-24,energia_diversificada,,,,,,principal,
ENGIC9,DI+,54.010000000000005,59.3,-5.289999999999992,-0.032283889012577546,-2.8799999999999883,0.9061220353005099,8,2026-09-24,energia_diversificada,,,,,,principal,
ENGID3,DI+,73.05000000000001,59.3,13.750000000000014,0.08391370017446927,6.660000000000011,2.6619528277456137,8,2026-09-24,energia_diversificada,,,,,,principal,
ENMTA8,DI+,55.35,60.870000000000005,-5.520000000000003,-0.03368753636095056,5.140000000000001,2.346180787090859,8,2026-09-24,distribuicao,,,,,,principal,
ENMTB0,DI+,59.73000000000001,60.870000000000005,-1.1399999999999935,-0.006957208596283223,-1.569999999999986,0.6954905771159938,8,2026-09-24,distribuicao,,,,,,principal,
ENMTB2,DI+,63.55,60.870000000000005,2.6799999999999926,0.016355543015823766,0.9499999999999957,0.35531676008879487,8,2026-09-24,distribuicao,,,,,,principal,
ENMTC2,DI+,67.93,60.870000000000005,7.060000000000002,0.0430858707804911,4.25,1.6430459518832656,8,2026-09-24,distribuicao,,,,,,principal,
ENMTC3,DI+,63.699999999999996,60.870000000000005,2.829999999999991,0.01727096519954524,4.689999999999998,2.099377033448595,8,2026-09-24,distribuicao,,,,,,principal,
EQMAA1,DI+,63.68000000000001,60.870000000000005,2.8100000000000023,0.017148908908382443,0.970000000000006,0.8922833870789841,8,2026-09-24,distribuicao,,,,,,principal,
EQPA17,DI+,65.68,60.870000000000005,4.810000000000002,0.029354538024668867,2.020000000000003,1.1046363331755045,8,2026-09-24,distribuicao,,,,,,principal,
EQPAA0,DI+,74.07000000000001,60.870000000000005,13.200000000000003,0.08055715216749043,1.960000000000008,0.9731530124879051,8,2026-09-24,distribuicao,,,,,,principal,
EQTL17,DI+,61.16,59.3,1.8599999999999994,0.011351235078146373,3.309999999999995,1.6092411698863347,8,2026-09-24,energia_diversificada,,,,,,principal,
ERDVA3,DI+,147.33,126.50999999999999,20.82000000000002,0.12706059910054182,-14.929999999999978,4.714872934206631,8,2026-09-24,rodovias,,,,,,principal,
ERDVA6,DI+,91.82000000000001,126.50999999999999,-34.68999999999998,-0.21170663702198797,10.780000000000001,4.649495940421933,8,2026-09-24,rodovias,,,,,,principal,
ERDVB3,DI+,125.25,126.50999999999999,-1.259999999999991,-0.0076895463432603926,-0.28000000000000114,1.5058973357152499,8,2026-09-24,rodovias,,,,,,principal,
ESCEA3,DI+,52.42,60.870000000000005,-8.450000000000003,-0.05156878301631017,-1.2299999999999969,0.8949381463063731,8,2026-09-24,distribuicao,,,,,,principal,
ESCEA4,DI+,41.18,60.870000000000005,-19.690000000000005,-0.1201644186498399,-1.5799999999999983,0.5224649680668969,8,2026-09-24,distribuicao,,,,,,principal,
ESCEA6,DI+,51.63,60.870000000000005,-9.240000000000002,-0.0563900065172433,-0.46000000000000085,0.4320052909728892,8,2026-09-24,distribuicao,,,,,,principal,
ESCEB4,DI+,46.01,60.870000000000005,-14.860000000000007,-0.09068782433400818,0.2700000000000031,0.4496169004195216,8,2026-09-24,distribuicao,,,,,,principal,
ESCEB6,DI+,60.27,60.870000000000005,-0.6000000000000014,-0.0036616887348859366,-0.17999999999999972,0.1436202830880295,8,2026-09-24,distribuicao,,,,,,principal,
ESSDA2,DI+,60.71,60.870000000000005,-0.1600000000000037,-0.0009764503293029366,0.8900000000000077,0.7248140155535476,8,2026-09-24,distribuicao,,,,,,principal,
EUFA17,DI+,122.56,103.575,18.985,0.1158619343863489,2.4799999999999898,0.7838139356468998,8,2026-09-24,saude,,,,,,principal,
EUFA18,DI+,97.60999999999999,103.575,-5.965000000000018,-0.03640328883932437,1.6399999999999864,0.5819425597575205,8,2026-09-24,saude,,,,,,principal,
EUFA19,DI+,128.21,103.575,24.635000000000005,0.1503428366398581,7.800000000000011,5.872985976972385,8,2026-09-24,saude,,,,,,principal,
FENS12,DI+,46.4,91.31,-44.910000000000004,-0.2740774018062117,-2.6300000000000026,0.855577290488709,8,2026-09-24,ferrovias,,,,,,principal,
FISI15,DI+,118.36,99.775,18.584999999999994,0.11342080856309157,-4.530000000000015,1.5401339227482809,8,2026-09-24,varejo,,,,,,principal,
FLCLA4,DI+,43.34,60.870000000000005,-17.53,-0.10698233920425053,-1.7100000000000009,4.004768586144701,8,2026-09-24,distribuicao,,,,,,principal,
FLRY18,DI+,61.54,103.575,-42.035000000000004,-0.25653180995155,-2.0,0.8052683669790721,8,2026-09-24,saude,,,,,,principal,
FLRY19,DI+,39.32,103.575,-64.255,-0.3921363494334921,-0.5599999999999952,1.9214429101960977,8,2026-09-24,saude,,,,,,principal,
FLRY27,DI+,87.63999999999999,103.575,-15.935000000000016,-0.0972483499840122,-4.6000000000000085,1.7000372895069993,8,2026-09-24,saude,,,,,,principal,
FLRY29,DI+,61.11999999999999,103.575,-42.45500000000001,-0.2590949920659702,0.22999999999998977,0.9007368015765115,8,2026-09-24,saude,,,,,,principal,
FLRYA0,DI+,43.27,103.575,-60.305,-0.36803023192882645,-3.6599999999999966,1.0394744551248676,8,2026-09-24,saude,,,,,,principal,
FLRYA1,DI+,48.89,103.575,-54.685,-0.3337324141120616,-1.1099999999999994,0.4435711410167002,8,2026-09-24,saude,,,,,,principal,
FLRYB0,DI+,55.38999999999999,103.575,-48.18500000000001,-0.29406411948413075,-4.090000000000003,1.3485230015518033,8,2026-09-24,saude,,,,,,principal,
FRAS15,DI+,105.13999999999999,133.095,-27.955000000000013,-0.1706041809728936,-0.9300000000000068,1.0523231103474975,8,2026-09-24,industria,,,,,,principal,
FRAS16,DI+,100.88999999999999,133.095,-32.20500000000001,-0.19654114284500224,-0.4700000000000131,1.0185844519303753,8,2026-09-24,industria,,,,,,principal,
GGBRA7,DI+,37.4,139.96,-102.56,-0.6259046610831679,-1.0900000000000034,0.43633006837877714,8,2026-09-24,mineracao_siderurgia,,,,,,principal,
GGBRA8,DI+,38.46,139.96,-101.5,-0.6194356776515361,-1.8100000000000023,0.7940391767952714,8,2026-09-24,mineracao_siderurgia,,,,,,principal,
GGBRA9,DI+,46.36000000000001,139.96,-93.6,-0.5712234426422047,-4.100000000000001,1.3075249246463432,8,2026-09-24,mineracao_siderurgia,,,,,,principal,
GRRB16,DI+,222.08,136.59,85.49000000000001,0.5217296165756633,-2.9199999999999875,1.0390483283136638,8,2026-09-24,saneamento,,,,,,principal,
GSHC15,DI+,136.43,103.575,32.855000000000004,0.2005079723077953,-0.5099999999999909,1.3353758165507519,8,2026-09-24,saude,,,,,,principal,
GSHC17,DI+,277.18,103.575,173.60500000000002,1.0594791213664525,-6.430000000000007,3.418356957035682,8,2026-09-24,saude,,,,,,principal,
GUAR17,DI+,99.29,99.775,-0.48499999999999943,-0.002959865060699455,1.4399999999999977,0.8427845005015862,8,2026-09-24,varejo,,,,,,principal,
HAPV15,DI+,1014.4399999999999,103.575,910.8649999999999,5.558840182503117,-14.469999999999914,11.533692259760418,8,2026-09-24,saude,,,,,,high_yield,spread sobre CDI 1014 bps
HAPV17,DI+,1026.6299999999999,103.575,923.0549999999998,5.633233491966882,-12.180000000000064,9.826301349657765,8,2026-09-24,saude,,,,,,high_yield,spread sobre CDI 1027 bps
HAPV18,DI+,982.3,103.575,878.7249999999999,5.3626957226043945,21.549999999999955,12.383825208138019,8,2026-09-24,saude,,,,,,high_yield,spread sobre CDI 982 bps
HAPV19,DI+,974.18,103.575,870.6049999999999,5.313140868392272,-0.9400000000001683,16.870041070320063,8,2026-09-24,saude,,,,,,high_yield,spread sobre CDI 974 bps
HAPV28,DI+,949.6399999999999,103.575,846.0649999999998,5.163377799135437,24.77999999999986,27.872701666940817,8,2026-09-24,saude,,,,,,high_yield,spread sobre CDI 950 bps
HAPVA0,DI+,957.64,103.575,854.0649999999999,5.212200315600583,-1.4399999999999409,26.274127924905237,8,2026-09-24,saude,,,,,,high_yield,spread sobre CDI 958 bps
HBSA14,DI+,49.51,136.9,-87.39000000000001,-0.5333249642361355,-3.9499999999999957,1.8940583789464234,8,2026-09-24,logistica,,,,,,principal,
HBSA24,DI+,60.07,136.9,-76.83000000000001,-0.46887924250214313,-0.21999999999999886,0.09187530369240307,8,2026-09-24,logistica,,,,,,principal,
HGLB13,DI+,276.49,101.445,175.04500000000002,1.0682671743301788,-3.8999999999999773,1.807650408679727,8,2026-09-24,telecom,,,,,,principal,
HSPE15,DI+,122.38000000000001,103.575,18.805000000000007,0.11476342776588316,6.680000000000007,2.60352748346217,8,2026-09-24,saude,,,,,,principal,
HYPEA6,DI+,70.61,103.575,-32.965,-0.20117928190919104,1.5,1.0811031072804418,8,2026-09-24,saude,,,,,,principal,
HYPEA7,DI+,69.57,103.575,-34.00500000000001,-0.20752620904966002,4.200000000000003,1.3794072225830514,8,2026-09-24,saude,,,,,,principal,
HYPEA8,DI+,46.75,103.575,-56.825,-0.3467924372664881,-3.5700000000000003,1.238936756139831,8,2026-09-24,saude,,,,,,principal,
HYPEA9,DI+,50.0,103.575,-53.575,-0.32695828995252263,-2.3000000000000043,1.01055854428557,8,2026-09-24,saude,,,,,,principal,
HYPEB1,DI+,61.839999999999996,103.575,-41.73500000000001,-0.25470096558410704,0.07999999999999119,0.4767149492696281,8,2026-09-24,saude,,,,,,principal,
HYPEC0,DI+,56.26,103.575,-47.315000000000005,-0.28875467081854617,-2.0700000000000074,0.8006325624154979,8,2026-09-24,saude,,,,,,principal,
IEAS11,DI+,72.15,48.379999999999995,23.77000000000001,0.14506390204706424,2.1500000000000057,2.0433638232790816,8,2026-09-24,transmissao,,,,,,principal,
IEPS11,DI+,72.16,48.379999999999995,23.78,0.1451249301926456,2.1599999999999966,2.2150572388605605,8,2026-09-24,transmissao,,,,,,principal,
IGTAA3,DI+,45.43,99.775,-54.345000000000006,-0.33165745716229295,-0.03999999999999915,0.2600412055260239,8,2026-09-24,varejo,,,,,,principal,
IGTAB0,DI+,27.93,99.775,-71.845,-0.4384567119297991,1.5799999999999983,0.633330200493504,8,2026-09-24,varejo,,,,,,principal,
INEL12,DI+,124.24,91.31,32.92999999999999,0.20096568339965595,-0.39000000000000057,0.6225466132863394,8,2026-09-24,educacao,,,,,,principal,
IOCHA3,DI+,129.85,133.095,-3.2450000000000045,-0.019803633241174755,2.8299999999999983,1.0536975711410592,8,2026-09-24,industria,,,,,,principal,
IOCHA4,DI+,118.74000000000001,133.095,-14.35499999999999,-0.08760590298214577,1.220000000000013,0.6112501825883482,8,2026-09-24,industria,,,,,,principal,
IOCHA5,DI+,130.59,133.095,-2.5049999999999955,-0.015287550468148722,-0.2599999999999909,0.663771690525336,8,2026-09-24,industria,,,,,,principal,
IOCHA6,DI+,134.87,133.095,1.7750000000000057,0.010832495840704238,2.219999999999999,1.544289018101394,8,2026-09-24,industria,,,,,,principal,
IOCHA7,DI+,131.32,133.095,-1.7750000000000057,-0.010832495840704238,-0.5400000000000205,0.735875329114929,8,2026-09-24,industria,,,,,,principal,
IPIPA6,DI+,50.0,101.35,-51.349999999999994,-0.31337952756065396,-0.13999999999999346,0.07089982873241193,8,2026-09-24,oleo_gas,,,,,,principal,
ISAEB1,DI+,52.02,48.379999999999995,3.6400000000000077,0.022214244991641343,-0.05000000000000426,0.3740678891782704,8,2026-09-24,transmissao,,,,,,principal,
ISAEB3,DI+,44.720000000000006,48.379999999999995,-3.6599999999999895,-0.022336301282804095,4.580000000000005,2.1265662295285885,8,2026-09-24,transmissao,,,,,,principal,
ISAEC1,DI+,49.73,48.379999999999995,1.3500000000000014,0.008238799653493346,-8.759999999999998,3.0773690061479444,8,2026-09-24,transmissao,,,,,,principal,
ISAED1,DI+,58.77,48.379999999999995,10.390000000000008,0.06340824325910803,4.310000000000009,2.064706395592362,8,2026-09-24,transmissao,,,,,,principal,
ISPE12,DI+,245.78000000000003,136.59,109.19000000000003,0.6663663216036576,-3.909999999999968,1.4708931931701426,8,2026-09-24,saneamento,,,,,,principal,
ISPE13,DI+,257.39,136.59,120.79999999999998,0.7372199986237,-2.7100000000000364,1.1557673703153721,8,2026-09-24,saneamento,,,,,,principal,
ITSA17,DI+,45.25000000000001,43.61,1.6400000000000077,0.010008615875354916,-2.579999999999991,1.0155988732903207,8,2026-09-24,financeiro,,,,,,principal,
ITSA18,DI+,46.239999999999995,43.61,2.6299999999999955,0.016050402287916623,-0.6400000000000077,0.3667984070692953,8,2026-09-24,financeiro,,,,,,principal,
JHSFA1,DI+,55.36,80.0,-24.64,-0.15037335071264876,-5.229999999999997,1.8455075763284512,8,2026-09-24,outros_corporativo,,,,,,principal,
JHSFA3,DI+,111.96,80.0,31.959999999999994,0.19504595327825705,-5.679999999999993,1.651782046327973,8,2026-09-24,outros_corporativo,,,,,,principal,
JSLGA5,DI+,274.82000000000005,136.9,137.92000000000004,0.8417001838591122,-10.879999999999995,6.902835338778232,8,2026-09-24,logistica,,,,,,principal,
JSMLA5,DI+,403.50000000000006,136.9,266.6,1.6270103612009807,-0.1299999999999386,3.035475957031176,8,2026-09-24,logistica,,,,,,high_yield,spread sobre CDI 404 bps
LCAMC2,DI+,161.88000000000002,129.95,31.930000000000035,0.194862868841513,7.350000000000023,2.7108288136920162,8,2026-09-24,locacao,,,,,,principal,
LETS18,DI+,124.53,129.95,-5.4199999999999875,-0.03307725490513614,-0.6999999999999886,1.0763820020261026,8,2026-09-24,locacao,,,,,,principal,
LMTP18,DI+,151.57,136.9,14.669999999999987,0.08952828956796086,-3.4399999999999977,1.0778276763935877,8,2026-09-24,logistica,,,,,,principal,
LMTP26,DI+,152.23000000000002,136.9,15.330000000000013,0.09355614717633554,-0.5999999999999943,0.19059587013963378,8,2026-09-24,logistica,,,,,,principal,
LMTPA0,DI+,178.94,136.9,42.03999999999999,0.25656232402434065,0.5200000000000102,0.4420649596738438,8,2026-09-24,logistica,,,,,,principal,
LMTPA1,DI+,136.9,136.9,0.0,0.0,3.780000000000001,2.665583559801815,8,2026-09-24,logistica,,,,,,principal,
LMTPA2,DI+,168.67,136.9,31.769999999999982,0.19388641851220978,-2.210000000000008,1.1712630545087441,8,2026-09-24,logistica,,,,,,principal,
LMTPB1,DI+,176.07999999999998,136.9,39.17999999999998,0.23910827438805096,-7.550000000000011,2.812533174407529,8,2026-09-24,logistica,,,,,,principal,
LOGGB1,DI+,95.86000000000001,62.150000000000006,33.71000000000001,0.20572587875500775,4.950000000000017,3.4198869551074753,8,2026-09-24,imobiliario_construcao,,,,,,principal,
LORTB2,DI+,124.42999999999999,129.95,-5.519999999999996,-0.03368753636095051,-4.590000000000018,1.4193754914448475,8,2026-09-24,locacao,,,,,,principal,
LVTC12,DI+,233.13,99.775,133.355,0.8138408354011881,-4.349999999999994,2.169963380204512,8,2026-09-24,varejo,,,,,,principal,
LVTC22,DI+,562.25,99.775,462.475,2.8223991627772826,-13.629999999999995,5.584263444205127,8,2026-09-24,varejo,,,,,,high_yield,spread sobre CDI 562 bps
MATD12,DI+,66.51,103.575,-37.065,-0.22620082159757818,-4.859999999999999,1.6259321502273265,8,2026-09-24,saude,,,,,,high_yield,evento de crédito negativo: 2026-09-09: Extensão Waiver B3
MATD13,DI+,68.95,103.575,-34.625,-0.21130995407570874,-0.3499999999999943,0.9462067125407332,8,2026-09-24,saude,,,,,,high_yield,evento de crédito negativo: 2026-09-09: Extensão Waiver B3
MDRO18,DI+,207.22,207.22,0.0,0.0,-4.869999999999976,5.8206528843421035,8,2026-09-24,alimentos_bebidas,,,,,,principal,
MEAL14,DI+,448.51000000000005,207.22,241.29000000000005,1.4725481247343761,-12.279999999999916,3.8259629973567035,8,2026-09-24,alimentos_bebidas,,,,,,high_yield,spread sobre CDI 449 bps
MGLUA0,DI+,171.09,99.775,71.315,0.4352222202139832,-1.2700000000000102,0.8654932532542197,8,2026-09-24,varejo,,,,,,principal,
MILS18,DI+,90.62,129.95,-39.329999999999984,-0.24002369657177247,-3.1299999999999955,1.927722101341371,8,2026-09-24,locacao,,,,,,principal,
MILS19,DI+,94.33,129.95,-35.61999999999999,-0.2173822545610612,-0.8499999999999943,2.398176390510091,8,2026-09-24,locacao,,,,,,principal,
MILS29,DI+,115.92999999999999,129.95,-14.019999999999996,-0.08556146010516782,-5.000000000000014,2.1094007273563347,8,2026-09-24,locacao,,,,,,principal,
MILSA0,DI+,80.05999999999999,129.95,-49.89,-0.3044694183057649,-0.21000000000000796,1.4756959617172416,8,2026-09-24,locacao,,,,,,principal,
MILSA1,DI+,81.18,129.95,-48.76999999999998,-0.2976342660006444,-2.289999999999992,1.0667365118501753,8,2026-09-24,locacao,,,,,,principal,
MILSB0,DI+,113.19,129.95,-16.75999999999999,-0.1022831719944802,-1.809999999999988,0.6376463417466242,8,2026-09-24,locacao,,,,,,principal,
MNLT11,DI+,82.14000000000001,80.0,2.140000000000015,0.013060023154426566,-1.6999999999999886,1.3349772603734766,8,2026-09-24,outros_corporativo,,,,,,principal,
MNRVA1,DI+,175.25,207.22,-31.97,-0.1951069814238385,0.8400000000000034,1.6587344573499405,8,2026-09-24,alimentos_bebidas,,,,,,principal,
MOVI27,DI+,185.4,129.95,55.45000000000002,0.3384010672490413,-7.469999999999999,2.138056109780897,8,2026-09-24,locacao,,,,,,principal,
MOVI34,DI+,118.55,129.95,-11.399999999999991,-0.06957208596283257,-17.10000000000001,5.413446057206603,8,2026-09-24,locacao,,,,,,principal,
MOVIA2,DI+,139.46,129.95,9.51000000000002,0.05803776644794208,13.329999999999998,6.938056412693274,8,2026-09-24,locacao,,,,,,principal,
MOVIA3,DI+,184.92,129.95,54.97,0.3354717162611324,-2.5600000000000023,2.1656535635098404,8,2026-09-24,locacao,,,,,,principal,
MRFGA1,DI+,116.58,207.22,-90.64,-0.5531591115501008,-1.039999999999992,1.7025275328170144,8,2026-09-24,alimentos_bebidas,,,,,,principal,
MTRO12,DI+,89.77000000000001,70.73,19.040000000000006,0.11619758918704681,4.050000000000011,2.7968336688885462,8,2026-09-24,mobilidade_urbana,,,,,,principal,
MULPA0,DI+,60.400000000000006,62.150000000000006,-1.75,-0.010679925476750623,-0.8299999999999912,0.6123666035495878,8,2026-09-24,imobiliario_construcao,,,,,,principal,
MULPB1,DI+,60.31,62.150000000000006,-1.8400000000000034,-0.011229178786983533,0.14999999999999858,0.13274572901388637,8,2026-09-24,imobiliario_construcao,,,,,,principal,
MULTA4,DI+,47.3,62.150000000000006,-14.850000000000009,-0.09062679618842677,0.8799999999999955,1.3277236158176897,8,2026-09-24,imobiliario_construcao,,,,,,principal,
MULTA5,DI+,50.3,62.150000000000006,-11.850000000000009,-0.07231835251399713,-2.450000000000003,0.7667545239514404,8,2026-09-24,imobiliario_construcao,,,,,,principal,
MULTB5,DI+,63.78,62.150000000000006,1.6299999999999955,0.00994758772977341,3.8700000000000045,1.5714324675276397,8,2026-09-24,imobiliario_construcao,,,,,,principal,
MVLV19,DI+,207.0,129.95,77.05000000000001,0.47022186170493463,-2.2900000000000205,0.9530964574180614,8,2026-09-24,locacao,,,,,,principal,
MVLVA1,DI+,213.92000000000002,129.95,83.97000000000003,0.5124533384472858,1.150000000000034,1.3040424784930509,8,2026-09-24,locacao,,,,,,principal,
MVLVA3,DI+,212.14000000000001,129.95,82.19000000000003,0.5015903285337908,-2.139999999999958,1.02962458484356,8,2026-09-24,locacao,,,,,,principal,
NATUA3,DI+,164.04999999999998,103.575,60.47499999999998,0.36906771040371067,-7.640000000000015,2.7293245501405714,8,2026-09-24,saude,,,,,,principal,
NIGP12,DI+,106.88999999999999,101.35,5.539999999999992,0.03380959265211335,2.1700000000000017,2.5235915449442863,8,2026-09-24,oleo_gas,,,,,,principal,
NTSD16,DI+,75.98,101.35,-25.36999999999999,-0.15482840534009326,-1.3900000000000006,0.8130706787059919,8,2026-09-24,oleo_gas,,,,,,principal,
NTSD17,DI+,46.050000000000004,101.35,-55.29999999999999,-0.33748564506531964,-2.239999999999995,1.469673797626049,8,2026-09-24,oleo_gas,,,,,,principal,
NTSD18,DI+,68.88,101.35,-32.47,-0.1981583887029101,-0.09999999999999432,1.5156557986561476,8,2026-09-24,oleo_gas,,,,,,principal,
NTSD26,DI+,80.95,101.35,-20.39999999999999,-0.12449741698612149,-4.059999999999988,1.1905550926233628,8,2026-09-24,oleo_gas,,,,,,principal,
NTSD35,DI+,101.52000000000001,101.35,0.17000000000001592,0.0010374784748844433,1.940000000000012,1.430084912563886,8,2026-09-24,oleo_gas,,,,,,principal,
NTSD36,DI+,101.35,101.35,0.0,0.0,2.3499999999999943,1.7863350349648464,8,2026-09-24,oleo_gas,,,,,,principal,
NTSDA0,DI+,65.27,101.35,-36.08,-0.22018954925780712,-0.5100000000000051,0.7216635048869503,8,2026-09-24,oleo_gas,,,,,,principal,
NTSDA2,DI+,62.0,101.35,-39.349999999999994,-0.2401457528629354,-3.319999999999993,1.386568219948597,8,2026-09-24,oleo_gas,,,,,,principal,
OMGE15,DI+,150.03,81.98,68.05,0.4152965306816456,3.780000000000001,1.5238713622125168,8,2026-09-24,geracao,,,,,,principal,
OMGE16,DI+,152.25,81.98,70.27,0.42884477900072354,8.469999999999999,3.555271488528387,8,2026-09-24,geracao,,,,,,principal,
OMGE17,DI+,164.6,81.98,82.61999999999999,0.5042145387937922,5.969999999999999,2.5835800189438127,8,2026-09-24,geracao,,,,,,principal,
OMGE26,DI+,161.29999999999998,81.98,79.31999999999998,0.48407525075191954,-1.0200000000000102,0.5535711981566418,8,2026-09-24,geracao,,,,,,principal,
OPCT16,DI+,130.69,101.35,29.340000000000003,0.17905657913592188,-0.009999999999990905,0.5139326665179814,8,2026-09-24,oleo_gas,,,,,,principal,
OPCT17,DI+,134.5,101.35,33.150000000000006,0.20230830260244753,-2.3600000000000136,0.84353740707977,8,2026-09-24,oleo_gas,,,,,,principal,
ORMA16,DI+,121.83,136.59,-14.760000000000005,-0.09007754287819386,-3.1700000000000017,1.1207642481806785,8,2026-09-24,saneamento,,,,,,principal,
ORMA17,DI+,136.59,136.59,0.0,0.0,-4.280000000000001,1.5159149759421586,8,2026-09-24,saneamento,,,,,,principal,
OVSAA3,DI+,219.3,129.95,89.35000000000002,0.5452864807700962,-2.4599999999999795,1.46956747767109,8,2026-09-24,locacao,,,,,,principal,
OVSAA8,DI+,208.17000000000002,129.95,78.22000000000003,0.4773621547379623,-4.21999999999997,1.2534003749799922,8,2026-09-24,locacao,,,,,,principal,
OVSAA9,DI+,239.39,129.95,109.44,0.6678920252431932,8.610000000000014,3.8824292836904433,8,2026-09-24,locacao,,,,,,principal,
OVSAB0,DI+,229.31,129.95,99.36000000000001,0.6063756544971097,9.119999999999976,4.212932470382119,8,2026-09-24,locacao,,,,,,principal,
OVSAB1,DI+,234.32,129.95,104.37,0.6369507554334072,-3.3799999999999955,1.0531983600985535,8,2026-09-24,locacao,,,,,,principal,
OZNH11,DI+,181.07999999999998,103.575,77.50499999999998,0.4729986423288896,0.38999999999998636,3.254434337506737,8,2026-09-24,saude,,,,,,principal,
PALFA4,DI+,31.380000000000003,60.870000000000005,-29.490000000000002,-0.17997200131964336,-1.7999999999999972,0.6073537448872531,8,2026-09-24,distribuicao,,,,,,principal,
PALFA5,DI+,43.71,60.870000000000005,-17.160000000000004,-0.10472429781773755,-2.200000000000003,0.7248337247751574,8,2026-09-24,distribuicao,,,,,,principal,
PALFA6,DI+,46.58,60.870000000000005,-14.290000000000006,-0.08720922003586655,0.46000000000000085,0.8565670685107768,8,2026-09-24,distribuicao,,,,,,principal,
PALFA8,DI+,25.979999999999997,60.870000000000005,-34.89000000000001,-0.21292719993361675,0.14999999999999858,1.1766288102638225,8,2026-09-24,distribuicao,,,,,,principal,
PASS12,DI+,95.0,69.02,25.980000000000004,0.1585511222205607,-0.9399999999999977,0.7552293880480491,8,2026-09-24,distribuicao_gas,,,,,,high_yield,evento de crédito negativo: 2026-03-19: Compass tem rating rebaixado antes de IPO
PASS13,DI+,75.32,69.02,6.299999999999997,0.038447731716302225,-3.000000000000014,1.9222977322539214,8,2026-09-24,distribuicao_gas,,,,,,high_yield,evento de crédito negativo: 2026-03-19: Compass tem rating rebaixado antes de IPO
PASS14,DI+,77.91,69.02,8.89,0.054254021421893166,3.0799999999999983,1.005072847395366,8,2026-09-24,distribuicao_gas,,,,,,high_yield,evento de crédito negativo: 2026-03-19: Compass tem rating rebaixado antes de IPO
PEJA21,DI+,102.39,101.35,1.0400000000000063,0.00634692714046898,4.280000000000001,2.4998196363509395,8,2026-09-24,oleo_gas,,,,,,principal,
PFOR15,DI+,124.37,101.35,23.02000000000001,0.14048679112845683,1.700000000000017,1.0427701773915168,8,2026-09-24,oleo_gas,,,,,,principal,
PFOR16,DI+,124.57000000000001,101.35,23.220000000000013,0.1417073540400855,2.0600000000000023,0.7509565328870363,8,2026-09-24,oleo_gas,,,,,,principal,
PFOR25,DI+,130.87,101.35,29.52000000000001,0.18015508575638772,-9.879999999999995,3.9494210696903784,8,2026-09-24,oleo_gas,,,,,,principal,
PFOR26,DI+,138.06,101.35,36.71000000000001,0.2240343224294374,3.8700000000000045,1.7822092028875667,8,2026-09-24,oleo_gas,,,,,,principal,
PGMN18,DI+,182.17000000000002,99.775,82.39500000000001,0.5028414055182101,15.800000000000011,8.310146874239264,8,2026-09-24,varejo,,,,,,principal,
PLSB2A,DI+,127.77,126.50999999999999,1.2600000000000051,0.007689546343260479,2.690000000000012,1.391484305131959,8,2026-09-24,rodovias,,,,,,principal,
PRLG17,DI+,98.06,136.59,-38.53,-0.23514144492525801,-4.61999999999999,2.6314471846712575,8,2026-09-24,saneamento,,,,,,principal,
PSAN13,DI+,232.58999999999997,136.59,95.99999999999997,0.5858701975817483,-2.410000000000025,0.8520636713297987,8,2026-09-24,saneamento,,,,,,principal,
PSAN23,DI+,233.19,136.59,96.6,0.5895318863166343,1.420000000000016,1.9308505712694222,8,2026-09-24,saneamento,,,,,,principal,
QUAL16,DI+,354.85999999999996,43.61,311.24999999999994,1.8995010312220746,-11.850000000000023,6.072509483613122,8,2026-09-24,financeiro,,,,,,high_yield,spread sobre CDI 355 bps
QUAL18,DI+,553.9399999999999,43.61,510.3299999999999,3.1144493534572253,45.90999999999991,15.223349957501823,8,2026-09-24,financeiro,,,,,,high_yield,spread sobre CDI 554 bps
QUNT11,DI+,78.94999999999999,59.3,19.64999999999999,0.11992030606751408,3.519999999999996,1.4248809474077855,8,2026-09-24,energia_diversificada,,,,,,principal,
QYAN11,DI+,75.83,59.3,16.53,0.10087952464610732,8.829999999999998,3.4382013570220944,8,2026-09-24,energia_diversificada,,,,,,principal,
RADL15,DI+,60.099999999999994,99.775,-39.67500000000001,-0.24212916759433203,-3.240000000000002,1.4346222748265725,8,2026-09-24,varejo,,,,,,principal,
RADL19,DI+,46.760000000000005,99.775,-53.015,-0.32354071379996246,1.7600000000000051,0.9757552020285174,8,2026-09-24,varejo,,,,,,principal,
RADLA0,DI+,50.0,99.775,-49.775000000000006,-0.3037675946315785,-0.0800000000000054,0.2647235755057917,8,2026-09-24,varejo,,,,,,principal,
RADLA1,DI+,50.07,99.775,-49.705000000000005,-0.3033403976125084,3.700000000000003,1.5370048563916225,8,2026-09-24,varejo,,,,,,principal,
RDORA5,DI+,114.47,103.575,10.894999999999996,0.06649016461097028,-0.8499999999999943,0.9117007262724527,8,2026-09-24,saude,,,,,,principal,
RDORB3,DI+,99.31,103.575,-4.265000000000001,-0.026028504090480808,1.9599999999999937,0.7618105782560729,8,2026-09-24,saude,,,,,,principal,
RDORB5,DI+,102.55,103.575,-1.0250000000000057,-0.006255384922096828,-0.29000000000000625,0.4475967572970744,8,2026-09-24,saude,,,,,,principal,
RDORB9,DI+,99.71000000000001,103.575,-3.864999999999995,-0.023587378267223486,3.1300000000000097,1.1536742545945529,8,2026-09-24,saude,,,,,,principal,
RDORC3,DI+,103.53000000000002,103.575,-0.044999999999987494,-0.00027462665511636825,1.7700000000000102,1.0808065771186157,8,2026-09-24,saude,,,,,,principal,
RDORC4,DI+,37.3,103.575,-66.275,-0.40446403484094146,-0.75,0.6163718729097608,8,2026-09-24,saude,,,,,,principal,
RDORC7,DI+,48.330000000000005,103.575,-55.245,-0.3371499902646218,0.09000000000000341,0.2707133433832062,8,2026-09-24,saude,,,,,,principal,
RDORC9,DI+,99.19000000000001,103.575,-4.384999999999991,-0.026760841837457933,2.5700000000000216,1.0700166887884153,8,2026-09-24,saude,,,,,,principal,
RDORD3,DI+,103.61999999999999,103.575,0.044999999999987494,0.00027462665511636825,-0.5,0.8182548939227742,8,2026-09-24,saude,,,,,,principal,
RDORD4,DI+,94.49,103.575,-9.085000000000008,-0.055444070260731136,6.170000000000002,1.7398768429321174,8,2026-09-24,saude,,,,,,principal,
RDORD7,DI+,96.69000000000001,103.575,-6.884999999999991,-0.04201787823281596,0.15000000000000568,2.0476816158768445,8,2026-09-24,saude,,,,,,principal,
RDORE4,DI+,113.45,103.575,9.875,0.06026529376166423,4.340000000000003,2.0754276667713585,8,2026-09-24,saude,,,,,,principal,
RDORF1,DI+,103.0,103.575,-0.5750000000000028,-0.003509118370932365,4.109999999999999,2.1468448609861994,8,2026-09-24,saude,,,,,,principal,
RDORF8,DI+,112.81000000000002,103.575,9.235000000000014,0.05635949244445265,5.700000000000017,2.288327133831309,8,2026-09-24,saude,,,,,,principal,
RDORG6,DI+,100.45,103.575,-3.125,-0.01907129549419754,3.819999999999993,1.2425829952160126,8,2026-09-24,saude,,,,,,principal,
RDORG9,DI+,110.03999999999999,103.575,6.464999999999989,0.039454696118395804,1.8599999999999852,0.9239192528107,8,2026-09-24,saude,,,,,,principal,
RDORH6,DI+,106.71,103.575,3.134999999999991,0.019132323639778917,-0.75,0.3514866386405874,8,2026-09-24,saude,,,,,,principal,
RDORI6,DI+,119.91,103.575,16.334999999999994,0.09968947580726935,-0.8200000000000074,0.9941830817309275,8,2026-09-24,saude,,,,,,principal,
RECV12,DI+,81.03000000000002,101.35,-20.31999999999998,-0.12400919182146997,-7.1899999999999835,3.0252827494774235,8,2026-09-24,oleo_gas,,,,,,principal,
RECV13,DI+,61.209999999999994,101.35,-40.14,-0.24496697636386858,-8.110000000000014,2.5786981072958977,8,2026-09-24,oleo_gas,,,,,,principal,
RENTA5,DI+,128.08,129.95,-1.8699999999999761,-0.011412263223727662,0.8800000000000097,1.3021383512185924,8,2026-09-24,locacao,,,,,,principal,
RENTC4,DI+,131.2,129.95,1.25,0.007628518197679016,-2.180000000000007,3.8871169999665036,8,2026-09-24,locacao,,,,,,principal,
RENTC8,DI+,130.02,129.95,0.0700000000000216,0.00042719701907015673,-9.269999999999982,2.5629670306111954,8,2026-09-24,locacao,,,,,,principal,
RENTD0,DI+,110.14999999999999,129.95,-19.799999999999997,-0.1208357282512356,7.36999999999999,3.0405579845059436,8,2026-09-24,locacao,,,,,,principal,
RENTD5,DI+,106.92999999999999,129.95,-23.019999999999996,-0.14048679112845674,7.639999999999986,3.0723839045833516,8,2026-09-24,locacao,,,,,,principal,
RENTD9,DI+,124.70000000000002,129.95,-5.249999999999972,-0.032039776430251694,-3.6999999999999886,1.771584742539849,8,2026-09-24,locacao,,,,,,principal,
RENTE2,DI+,105.49999999999999,129.95,-24.450000000000003,-0.14921381594660157,-4.820000000000007,2.462024428334193,8,2026-09-24,locacao,,,,,,principal,
RENTE3,DI+,112.13,129.95,-17.819999999999993,-0.10875215542611201,1.6200000000000045,1.2578780317889076,8,2026-09-24,locacao,,,,,,principal,
RENTE4,DI+,121.9,129.95,-8.049999999999983,-0.04912765719305276,5.219999999999999,2.3824462218484572,8,2026-09-24,locacao,,,,,,principal,
RENTE5,DI+,124.64999999999999,129.95,-5.299999999999997,-0.032344917158159014,-2.5200000000000102,1.4365776544074682,8,2026-09-24,locacao,,,,,,principal,
RENTE9,DI+,125.03,129.95,-4.9199999999999875,-0.03002584762606453,-9.180000000000007,3.3009944389099353,8,2026-09-24,locacao,,,,,,principal,
RENTF2,DI+,123.65999999999998,129.95,-6.290000000000006,-0.03838670357072085,-0.37000000000001876,0.16758793001202058,8,2026-09-24,locacao,,,,,,principal,
RENTH7,DI+,129.88,129.95,-0.06999999999999318,-0.00042719701906998326,-2.890000000000015,1.5948667655951752,8,2026-09-24,locacao,,,,,,principal,
RENTQ8,DI+,137.69,129.95,7.740000000000009,0.04723578468002852,3.759999999999991,1.669327815961519,8,2026-09-24,locacao,,,,,,principal,
RNDNA0,DI+,158.98000000000002,133.095,25.88500000000002,0.1579713548375372,-0.7699999999999818,0.6006410266183498,8,2026-09-24,industria,,,,,,principal,
RNDNA1,DI+,193.78,133.095,60.685,0.3703493014609209,-0.5500000000000114,0.6523364600747514,8,2026-09-24,industria,,,,,,principal,
RNDNA2,DI+,194.60999999999999,133.095,61.514999999999986,0.37541463754417964,-8.450000000000045,3.6263401463656004,8,2026-09-24,industria,,,,,,principal,
RNDNB0,DI+,187.22000000000003,133.095,54.12500000000003,0.33031483795950156,-1.7199999999999704,1.0731362581570967,8,2026-09-24,industria,,,,,,principal,
RNDNB2,DI+,190.98,133.095,57.88499999999999,0.35326142069811983,-11.450000000000017,4.759933222820908,8,2026-09-24,industria,,,,,,principal,
RODB11,DI+,226.74,126.50999999999999,100.23000000000002,0.6116851031626943,-0.46999999999999886,0.6435046342379422,8,2026-09-24,rodovias,,,,,,principal,
RSAN15,DI+,231.46,136.59,94.87,0.5789740171310467,2.2600000000000193,3.2034345407925717,8,2026-09-24,saneamento,,,,,,principal,
RSAN25,DI+,252.84,136.59,116.25,0.7094521923841485,-1.4299999999999784,1.412927558551495,8,2026-09-24,saneamento,,,,,,principal,
SAELA4,DI+,61.209999999999994,60.870000000000005,0.3399999999999892,0.0020749569497686264,-0.6200000000000045,0.7220160267315033,8,2026-09-24,distribuicao,,,,,,principal,
SAELB6,DI+,75.62,60.870000000000005,14.75,0.0900165147326124,10.620000000000005,4.826000266414063,8,2026-09-24,distribuicao,,,,,,principal,
SAPRB1,DI+,72.69999999999999,136.59,-63.890000000000015,-0.38990882211976996,-4.470000000000013,1.379459003688457,8,2026-09-24,saneamento,,,,,,principal,
SAPRB4,DI+,52.0,136.59,-84.59,-0.5162370834733344,0.07000000000000028,0.7167672963681145,8,2026-09-24,saneamento,,,,,,principal,
SAPRC1,DI+,90.63,136.59,-45.96000000000001,-0.28048535709226213,-3.8400000000000034,1.2743787001627787,8,2026-09-24,saneamento,,,,,,principal,
SBFC13,DI+,77.76,99.775,-22.015,-0.13435346249752284,-2.989999999999995,1.6739410298539714,8,2026-09-24,varejo,,,,,,principal,
SBIOA4,DI+,73.07000000000001,74.94,-1.8699999999999903,-0.011412263223727749,0.6600000000000108,0.7471660744822006,8,2026-09-24,servicos_lazer,,,,,,principal,
SBSPA1,DI+,46.04,136.59,-90.55000000000001,-0.552609858239868,2.3200000000000003,0.9747371440547453,8,2026-09-24,saneamento,,,,,,principal,
SBSPB1,DI+,54.36,136.59,-82.23,-0.5018344411161164,3.6300000000000026,1.2376446524403877,8,2026-09-24,saneamento,,,,,,principal,
SBSPC1,DI+,64.56,136.59,-72.03,-0.4395857326230556,3.8200000000000003,2.0524045131782103,8,2026-09-24,saneamento,,,,,,principal,
SBSPC3,DI+,39.92,136.59,-96.67,-0.5899590833357045,-0.259999999999998,0.28734933940613616,8,2026-09-24,saneamento,,,,,,principal,
SBSPD3,DI+,60.11,136.59,-76.48,-0.46674325740679296,7.0,2.791200458584084,8,2026-09-24,saneamento,,,,,,principal,
SBSPD7,DI+,64.14999999999999,136.59,-72.44000000000001,-0.4420878865918944,1.4899999999999878,0.63320048732045,8,2026-09-24,saneamento,,,,,,principal,
SBSPE7,DI+,72.15,136.59,-64.44,-0.3932653701267486,5.690000000000012,2.9226990339166212,8,2026-09-24,saneamento,,,,,,principal,
SBSPL8,DI+,67.71000000000001,136.59,-68.88,-0.4203618667649045,8.230000000000011,3.090740780367804,8,2026-09-24,saneamento,,,,,,principal,
SBSPM8,DI+,73.61,136.59,-62.980000000000004,-0.38435526087185956,2.3599999999999994,1.5118389936951453,8,2026-09-24,saneamento,,,,,,principal,
SIMH16,DI+,404.57,136.9,267.66999999999996,1.6335403727781936,-1.6899999999999977,3.2489459829304645,8,2026-09-24,logistica,,,,,,high_yield,spread sobre CDI 405 bps
SLFT13,DI+,195.92000000000002,74.94,120.98000000000002,0.738318505244166,-4.189999999999998,2.0285352738226745,8,2026-09-24,servicos_lazer,,,,,,principal,
SMFT18,DI+,130.60999999999999,74.94,55.66999999999999,0.3397436864518326,-9.379999999999995,2.7811479515788884,8,2026-09-24,servicos_lazer,,,,,,principal,
SMFTA0,DI+,65.61,74.94,-9.329999999999998,-0.05693925982747617,2.0700000000000003,1.1785576839025373,8,2026-09-24,servicos_lazer,,,,,,principal,
SMFTA1,DI+,69.89,74.94,-5.049999999999997,-0.03081921351862321,1.4100000000000108,1.1864563082678519,8,2026-09-24,servicos_lazer,,,,,,principal,
SMFTA2,DI+,71.36,74.94,-3.5799999999999983,-0.021848076118152693,0.009999999999990905,0.49047899328833927,8,2026-09-24,servicos_lazer,,,,,,principal,
SMFTA3,DI+,73.14,74.94,-1.7999999999999972,-0.010985066204657766,1.2000000000000028,0.47635333524601375,8,2026-09-24,servicos_lazer,,,,,,principal,
SMFTA5,DI+,65.05,74.94,-9.89,-0.06035683598003638,-0.9000000000000057,0.9443818840157544,8,2026-09-24,servicos_lazer,,,,,,principal,
SMFTB3,DI+,86.41,74.94,11.469999999999999,0.06999928298190265,-2.549999999999997,1.2389598171738374,8,2026-09-24,servicos_lazer,,,,,,principal,
SMFTB5,DI+,74.94,74.94,0.0,0.0,-0.20000000000000284,1.0754367883396447,8,2026-09-24,servicos_lazer,,,,,,principal,
SMFTC3,DI+,93.16999999999999,74.94,18.22999999999999,0.1112543093949507,-0.14000000000001478,1.1521772867054814,8,2026-09-24,servicos_lazer,,,,,,principal,
SMFTC5,DI+,103.4,74.94,28.460000000000008,0.1736861023247559,0.36000000000001364,0.9110590383880612,8,2026-09-24,servicos_lazer,,,,,,principal,
SNGO10,DI+,28.970000000000002,136.59,-107.62,-0.6567849027473726,0.18000000000000327,0.30612497447937803,8,2026-09-24,saneamento,,,,,,principal,
SNGOA1,DI+,39.379999999999995,136.59,-97.21000000000001,-0.5932546031971018,0.27999999999999403,0.40878740545318076,8,2026-09-24,saneamento,,,,,,principal,
SNGOA2,DI+,52.54999999999999,136.59,-84.04000000000002,-0.5128805354663557,2.089999999999982,1.2135654376376093,8,2026-09-24,saneamento,,,,,,principal,
SNGOA3,DI+,59.209999999999994,136.59,-77.38000000000001,-0.4722357905091219,1.3299999999999983,0.6249285673464735,8,2026-09-24,saneamento,,,,,,principal,
STBP15,DI+,63.309999999999995,104.60999999999999,-41.29999999999999,-0.25204624125131464,-9.150000000000013,3.000197314939711,8,2026-09-24,portos,,,,,,principal,
STBP25,DI+,70.27,104.60999999999999,-34.33999999999999,-0.20957065192663787,-0.05000000000001137,0.5273095458484115,8,2026-09-24,portos,,,,,,principal,
SUMI39,DI+,464.62,101.445,363.175,2.2163896771536615,-6.809999999999945,6.596719422778045,8,2026-09-24,telecom,,,,,,high_yield,spread sobre CDI 465 bps
SUZBA1,DI+,50.0,91.31,-41.31,-0.25210726939689615,6.269999999999996,2.232664967509199,8,2026-09-24,papel_celulose,,,,,,high_yield,evento de crédito negativo: 2026-04-02: Suzano ativa gatilho de juros maiores após não bater meta cl
SUZBB1,DI+,57.06,91.31,-34.25,-0.20902139861640504,-2.799999999999997,1.7010500958441597,8,2026-09-24,papel_celulose,,,,,,high_yield,evento de crédito negativo: 2026-04-02: Suzano ativa gatilho de juros maiores após não bater meta cl
SVEA14,DI+,221.23,136.59,84.63999999999999,0.5165422242012415,9.180000000000007,4.545537646967634,8,2026-09-24,saneamento,,,,,,principal,
SVEA15,DI+,189.08999999999997,136.59,52.49999999999997,0.3203977643025185,-1.1300000000000239,1.5257825860849277,8,2026-09-24,saneamento,,,,,,principal,
SVEA16,DI+,227.63,136.59,91.03999999999999,0.5556002373733581,1.9799999999999898,4.6991632993848675,8,2026-09-24,saneamento,,,,,,principal,
TAEEA1,DI+,40.52,48.379999999999995,-7.859999999999992,-0.047968122427005606,-1.0,0.7804016822856573,8,2026-09-24,transmissao,,,,,,principal,
TAEEA5,DI+,36.78,48.379999999999995,-11.599999999999994,-0.07079264887446124,-1.8299999999999983,0.7666427273695178,8,2026-09-24,transmissao,,,,,,principal,
TAEEA6,DI+,34.99999999999999,48.379999999999995,-13.380000000000003,-0.0816556587879562,-4.190000000000012,1.3890226522888085,8,2026-09-24,transmissao,,,,,,principal,
TAEEA9,DI+,47.029999999999994,48.379999999999995,-1.3500000000000014,-0.008238799653493346,-0.7000000000000028,0.37735924528226666,8,2026-09-24,transmissao,,,,,,principal,
TAEEC1,DI+,29.360000000000003,48.379999999999995,-19.019999999999992,-0.11607553289588386,0.8300000000000018,0.5492592414204005,8,2026-09-24,transmissao,,,,,,principal,
TAEEE1,DI+,40.0,48.379999999999995,-8.379999999999995,-0.0511415859972401,-0.0799999999999983,0.17691301333060358,8,2026-09-24,transmissao,,,,,,principal,
TAEEE2,DI+,21.01,48.379999999999995,-27.369999999999994,-0.1670340344563797,-2.9299999999999997,1.0259455568958251,8,2026-09-24,transmissao,,,,,,principal,
TBSP12,DI+,47.45,101.445,-53.99499999999999,-0.3295214720669427,2.230000000000004,0.6566786015352475,8,2026-09-24,telecom,,,,,,principal,
TBSP22,DI+,55.00000000000001,101.445,-46.444999999999986,-0.2834452221529614,1.5200000000000031,0.7295974917720037,8,2026-09-24,telecom,,,,,,principal,
TEPA14,DI+,416.73,101.445,315.285,1.9241258879641832,3.599999999999966,5.817789835618719,8,2026-09-24,telecom,,,,,,high_yield,spread sobre CDI 417 bps
TFLE19,DI+,114.84000000000002,129.95,-15.109999999999971,-0.09221352797354378,9.720000000000027,3.696967869561687,8,2026-09-24,locacao,,,,,,principal,
TFLEA3,DI+,123.81,129.95,-6.139999999999986,-0.03747128138699925,-11.079999999999984,5.569502253984896,8,2026-09-24,locacao,,,,,,principal,
TFLEA4,DI+,126.38,129.95,-3.569999999999993,-0.02178704797257123,-10.110000000000014,2.989738402316452,8,2026-09-24,locacao,,,,,,principal,
TFLEA6,DI+,116.89,129.95,-13.059999999999988,-0.07970275812935029,1.1400000000000006,1.0398823765901855,8,2026-09-24,locacao,,,,,,principal,
TFLEA7,DI+,109.22000000000001,129.95,-20.729999999999976,-0.12651134579030865,3.5500000000000114,1.2327872021213913,8,2026-09-24,locacao,,,,,,principal,
TFLEA8,DI+,114.41,129.95,-15.539999999999992,-0.09483773823354548,8.419999999999987,3.240672053315926,8,2026-09-24,locacao,,,,,,principal,
TFLEA9,DI+,126.0,129.95,-3.9499999999999886,-0.02410611750466562,6.659999999999997,2.244303503157656,8,2026-09-24,locacao,,,,,,principal,
TFLEB5,DI+,109.60000000000001,129.95,-20.34999999999998,-0.12419227625821426,3.250000000000014,1.452227353314316,8,2026-09-24,locacao,,,,,,principal,
TFLEC0,DI+,102.78,129.95,-27.169999999999987,-0.165813471544751,2.9099999999999966,1.0893240040108756,8,2026-09-24,locacao,,,,,,principal,
TFLED0,DI+,131.9,129.95,1.950000000000017,0.01190048838837937,14.370000000000005,4.771047915739868,8,2026-09-24,locacao,,,,,,principal,
TFLEE1,DI+,134.07999999999998,129.95,4.1299999999999955,0.025204624125131442,0.6099999999999852,0.45716517802649,8,2026-09-24,locacao,,,,,,principal,
TIET19,DI+,54.25,81.98,-27.730000000000004,-0.16923104769731132,-2.3499999999999943,0.9322467101424541,8,2026-09-24,geracao,,,,,,principal,
TIGR12,DI+,133.46,62.150000000000006,71.31,0.4351917061411925,-1.3799999999999955,2.154642413156163,8,2026-09-24,imobiliario_construcao,,,,,,principal,
TIGR21,DI+,126.24999999999999,62.150000000000006,64.09999999999998,0.39119041317697983,6.719999999999985,3.270495812127394,8,2026-09-24,imobiliario_construcao,,,,,,principal,
TLPP27,DI+,66.36999999999999,101.445,-35.075,-0.2140562206268732,-0.480000000000004,0.3958692966119017,8,2026-09-24,telecom,,,,,,principal,
TOTS16,DI+,61.89,127.69999999999999,-65.80999999999999,-0.4016262260714048,-0.7199999999999989,0.39600685419753423,8,2026-09-24,tecnologia_midia,,,,,,principal,
TOTS17,DI+,57.980000000000004,127.69999999999999,-69.71999999999998,-0.4254882309937447,1.6100000000000065,1.225712620711492,8,2026-09-24,tecnologia_midia,,,,,,principal,
TRES11,DI+,166.46,178.72000000000003,-12.26000000000002,-0.0748205064828359,-12.379999999999995,4.386039337651747,8,2026-09-24,agro_acucar_etanol,,,,,,principal,
TRPLA3,DI+,100.52,48.379999999999995,52.14,0.31820075106158713,2.2900000000000063,2.7215249795446863,8,2026-09-24,transmissao,,,,,,principal,
TRPLA5,DI+,61.33,48.379999999999995,12.950000000000003,0.07903144852795463,-0.2700000000000031,2.7209386510645817,8,2026-09-24,transmissao,,,,,,principal,
TRPLA6,DI+,67.76,48.379999999999995,19.38000000000001,0.11827254613681552,-6.019999999999996,2.1521218765275716,8,2026-09-24,transmissao,,,,,,principal,
TRPLB5,DI+,66.38,48.379999999999995,18.0,0.10985066204657784,-4.140000000000015,2.7483397585763343,8,2026-09-24,transmissao,,,,,,principal,
TSSG13,DI+,47.67,69.02,-21.349999999999994,-0.13029509081635757,-0.35999999999999943,0.6824627148371222,8,2026-09-24,distribuicao_gas,,,,,,principal,
TSSG14,DI+,40.05,69.02,-28.97,-0.17679853774940887,-0.8300000000000054,0.25499299710272405,8,2026-09-24,distribuicao_gas,,,,,,principal,
TUPW11,DI+,684.2199999999999,81.98,602.2399999999999,3.675359039496168,-15.780000000000086,7.640845129023005,8,2026-09-24,geracao,,,,,,high_yield,spread sobre CDI 684 bps
TUPY15,DI+,204.86,139.96,64.9,0.39607266482349457,-9.659999999999997,3.881202869509107,8,2026-09-24,mineracao_siderurgia,,,,,,high_yield,evento de crédito negativo: 2025-11-26: Tupy chama credores da empresa para mudar limite de dívida
TUPY25,DI+,285.92,139.96,145.96,0.8907668129065834,-22.78000000000003,7.120750236356521,8,2026-09-24,mineracao_siderurgia,,,,,,high_yield,evento de crédito negativo: 2025-11-26: Tupy chama credores da empresa para mudar limite de dívida
TUPY35,DI+,211.55,139.96,71.59,0.4369004942174726,-12.990000000000009,9.866556788319972,8,2026-09-24,mineracao_siderurgia,,,,,,high_yield,evento de crédito negativo: 2025-11-26: Tupy chama credores da empresa para mudar limite de dívida
UNIP18,DI+,151.17000000000002,151.17000000000002,0.0,0.0,3.5100000000000193,1.5684973473268762,8,2026-09-24,quimica,,,,,,principal,
UNIP19,DI+,125.11000000000001,151.17000000000002,-26.060000000000002,-0.15903934738521214,-3.789999999999992,2.5919642303528336,8,2026-09-24,quimica,,,,,,principal,
UNIP29,DI+,150.56,151.17000000000002,-0.6100000000000136,-0.0037227168804674434,2.210000000000008,1.4299925074728854,8,2026-09-24,quimica,,,,,,principal,
UNIP39,DI+,159.9,151.17000000000002,8.72999999999999,0.05327757109259019,-0.05999999999997385,0.0550162313711648,8,2026-09-24,quimica,,,,,,principal,
UNIPA0,DI+,156.44000000000003,151.17000000000002,5.27000000000001,0.0321618327214148,-2.6799999999999784,1.3341282600581155,8,2026-09-24,quimica,,,,,,principal,
UNIPB0,DI+,170.91000000000003,151.17000000000002,19.74000000000001,0.12046955937774707,12.740000000000009,5.472413772733207,8,2026-09-24,quimica,,,,,,principal,
UNIPC0,DI+,149.93,151.17000000000002,-1.240000000000009,-0.007567490052097639,-0.8400000000000034,0.598425016188324,8,2026-09-24,quimica,,,,,,principal,
UQFN14,DI+,91.27999999999999,103.575,-12.295000000000016,-0.0750341049923709,-3.8200000000000074,1.3639117849563689,8,2026-09-24,saude,,,,,,principal,
UQFN15,DI+,221.4,103.575,117.825,0.7190641253132241,-2.030000000000001,1.4941385477926756,8,2026-09-24,saude,,,,,,principal,
USIM28,DI+,124.83,139.96,-15.13000000000001,-0.09233558426470687,2.3700000000000045,1.296621984785297,8,2026-09-24,mineracao_siderurgia,,,,,,principal,
USIM29,DI+,129.03,139.96,-10.930000000000007,-0.06670376312050535,2.499999999999986,1.448001085240311,8,2026-09-24,mineracao_siderurgia,,,,,,principal,
USIM39,DI+,144.48000000000002,139.96,4.52000000000001,0.027584721802807386,1.8400000000000318,1.4550503182266445,8,2026-09-24,mineracao_siderurgia,,,,,,principal,
USIMA0,DI+,127.17,139.96,-12.790000000000006,-0.07805499819865173,3.8699999999999903,1.2039154870670927,8,2026-09-24,mineracao_siderurgia,,,,,,principal,
USIMB0,DI+,139.96,139.96,0.0,0.0,4.530000000000001,2.6150413135223314,8,2026-09-24,mineracao_siderurgia,,,,,,principal,
VAMO13,DI+,265.89000000000004,129.95,135.94000000000005,0.8296166110339888,-0.49999999999994316,2.444953622113455,8,2026-09-24,locacao,,,,,,principal,
VAMO14,DI+,358.76,129.95,228.81,1.3963849990487487,-7.680000000000007,2.9223519759653507,8,2026-09-24,locacao,,,,,,high_yield,spread sobre CDI 359 bps
VAMO23,DI+,322.46999999999997,129.95,192.51999999999998,1.1749138587337313,-6.360000000000014,2.2808457078147812,8,2026-09-24,locacao,,,,,,high_yield,spread sobre CDI 322 bps
VAMO24,DI+,403.39,129.95,273.44,1.6687536127786802,0.5299999999999727,1.390528548019452,8,2026-09-24,locacao,,,,,,high_yield,spread sobre CDI 403 bps
VAMOA0,DI+,368.65999999999997,129.95,238.70999999999998,1.4568028631743664,-8.080000000000041,3.467325029059556,8,2026-09-24,locacao,,,,,,high_yield,spread sobre CDI 369 bps
VAMOA1,DI+,316.36000000000007,129.95,186.41000000000008,1.1376256617834768,-11.049999999999898,3.9188883263351117,8,2026-09-24,locacao,,,,,,high_yield,spread sobre CDI 316 bps
VBBR15,DI+,91.92999999999999,99.775,-7.845000000000013,-0.047876580208633585,-5.140000000000015,1.6428285711801227,8,2026-09-24,varejo,,,,,,principal,
VBBR16,DI+,73.75,99.775,-26.025000000000006,-0.15882574887567716,-1.25,0.4888470400559142,8,2026-09-24,varejo,,,,,,principal,
VBBR17,DI+,77.3,99.775,-22.47500000000001,-0.13716075719426876,0.4399999999999977,0.2376522068666144,8,2026-09-24,varejo,,,,,,principal,
VBBR18,DI+,80.61999999999999,99.775,-19.155000000000015,-0.11689941286123334,3.029999999999987,1.613476725229445,8,2026-09-24,varejo,,,,,,principal,
VBBR24,DI+,100.26,99.775,0.48499999999999943,0.002959865060699455,-9.039999999999992,3.6115993687007992,8,2026-09-24,varejo,,,,,,principal,
VBBR26,DI+,91.36999999999999,99.775,-8.405000000000015,-0.0512941563611938,-0.3100000000000023,0.6516791498012757,8,2026-09-24,varejo,,,,,,principal,
VEBMA6,DI+,126.32000000000001,62.150000000000006,64.17,0.39161761019605,-1.1399999999999864,0.5221110992882616,8,2026-09-24,imobiliario_construcao,,,,,,principal,
VEBMA8,DI+,61.8,62.150000000000006,-0.3500000000000085,-0.0021359850953501765,0.7299999999999969,0.8748703985652474,8,2026-09-24,imobiliario_construcao,,,,,,principal,
VEBMA9,DI+,62.150000000000006,62.150000000000006,0.0,0.0,3.490000000000002,1.5312827255978183,8,2026-09-24,imobiliario_construcao,,,,,,principal,
VEBMB0,DI+,61.42,62.150000000000006,-0.730000000000004,-0.004455054627444569,6.3500000000000085,2.546273187004323,8,2026-09-24,imobiliario_construcao,,,,,,principal,
VIVA11,DI+,62.39,99.775,-37.385000000000005,-0.22815372225618405,-4.310000000000002,1.482131067078751,8,2026-09-24,varejo,,,,,,principal,
VIXL15,DI+,95.72000000000001,136.9,-41.17999999999999,-0.25131390350433747,-0.6299999999999955,1.064866691857979,8,2026-09-24,logistica,,,,,,principal,
VIXL18,DI+,106.52,136.9,-30.38000000000001,-0.18540350627639088,-0.3400000000000034,0.4050749489732872,8,2026-09-24,logistica,,,,,,principal,
VIXL19,DI+,122.66,136.9,-14.240000000000009,-0.0869040793079594,-0.7600000000000051,0.3308619694935392,8,2026-09-24,logistica,,,,,,principal,
VIXL25,DI+,106.44000000000001,136.9,-30.459999999999994,-0.18589173144104224,-2.3899999999999864,1.2382245353731234,8,2026-09-24,logistica,,,,,,principal,
VIXL26,DI+,104.85,136.9,-32.05000000000001,-0.19559520658849006,-3.269999999999996,1.6782282323927247,8,2026-09-24,logistica,,,,,,principal,
VIXL35,DI+,103.38,136.9,-33.52000000000001,-0.20456634398896056,-1.6200000000000045,0.5709077984103181,8,2026-09-24,logistica,,,,,,principal,
VIXL45,DI+,106.03,136.9,-30.870000000000005,-0.188393885409881,-2.3500000000000085,1.4119180216995584,8,2026-09-24,logistica,,,,,,principal,
VLIDA0,DI+,127.69999999999999,127.69999999999999,0.0,0.0,-2.1000000000000227,1.8528125338830905,8,2026-09-24,tecnologia_midia,,,,,,principal,
VLIDA1,DI+,149.78,127.69999999999999,22.080000000000013,0.13475014544380223,-0.12000000000000455,4.310700763382744,8,2026-09-24,tecnologia_midia,,,,,,principal,
VLIDB1,DI+,165.6,127.69999999999999,37.900000000000006,0.2312966717536278,18.849999999999994,8.76616832731708,8,2026-09-24,tecnologia_midia,,,,,,principal,
WIZC12,DI+,204.96,43.61,161.35000000000002,0.9846891289564076,-10.039999999999992,3.492520324104887,8,2026-09-24,financeiro,,,,,,principal,
YDUQ17,DI+,59.330000000000005,91.31,-31.979999999999997,-0.19516800956941993,0.5700000000000074,0.47269553777095435,8,2026-09-24,educacao,,,,,,principal,
YDUQ18,DI+,77.49000000000001,91.31,-13.819999999999993,-0.08434089719353915,1.0300000000000153,0.6670403714490275,8,2026-09-24,educacao,,,,,,principal,
YDUQA0,DI+,71.07,91.31,-20.24000000000001,-0.12352096665681869,-1.230000000000004,0.9079952407049597,8,2026-09-24,educacao,,,,,,principal,
YDUQA1,DI+,79.2,91.31,-12.11,-0.07390508429911431,-4.140000000000001,2.2220823567095755,8,2026-09-24,educacao,,,,,,principal,
YDUQA2,DI+,76.53,91.31,-14.780000000000001,-0.0901995991693567,2.269999999999996,1.4650792275017577,8,2026-09-24,educacao,,,,,,principal,
YDUQA3,DI+,85.14,91.31,-6.170000000000002,-0.03765436582374364,5.140000000000001,1.6616853535750125,8,2026-09-24,educacao,,,,,,principal,
