data_referencia,codigo,emissor,emissor_atual,grupo_risco,fonte_grupo,indexador_tipo,incentivada,garantia,resgate_antecipado_snd,emissor_snd,cnpj_snd,taxa_indicativa,desvio_padrao,pu_anbima,vencimento,ntnb_referencia,spread_ntnb_bps,duration_anbima_anos,status,metodo_di,spread_di_bps,n_fluxos,duration_mac_modelo_anos,erro_duration_pct,duration_mod_anos,convexidade,choque_-100_pct,choque_-50_pct,choque_50_pct,choque_100_pct,choque_200_pct,choque_-100_aprox_pct,choque_-50_aprox_pct,choque_50_aprox_pct,choque_100_aprox_pct,choque_200_aprox_pct,breakeven_6m_bps,breakeven_12m_bps,leitura_vna_snd,preco_real_por_saldo,zspread_bps,inflacao_implicita_na_duration_pct,zspread_grossup_bps,zspread_comparavel_bps
2026-10-08,AALM12,AURA ALMAS MINERACAO S.A.,AURA ALMAS MINERACAO S.A.,Aura Almas,CVM FRE,DI_MAIS,N,Real,S,AURA ALMAS MINERACAO S.A.,08213823000107,0.7248,0.0553,1020.810885,2030-10-02,,,2.1215,ok DI+,ok DI+,72.48,8,2.1214654919775544,-0.0016265860214827303,2.1061997561450156,7.580147052866111,2.1447223071490384,1.062652201677583,-1.0437006852707653,-2.068902447735599,-4.0655534739969745,2.144100491409346,1.0625750618885905,-1.0436246942564251,-2.0682990208806853,-4.060796571232709,17.206345169429795,34.41269033885959,,,,,,
2026-10-08,ABSP12,AGUAS DE BOMBINHAS SANEAMENTO SPE S.A.,AGUAS DE BOMBINHAS SANEAMENTO SPE S.A.,Isolada (a identificar),,DI_MAIS,N,Quirografária,S,AGUAS DE BOMBINHAS SANEAMENTO SPE S.A.,26025075000110,,,,2026-10-15,,,,fora do escopo (não IPCA+ nem DI+),,,,,,,,,,,,,,,,,,,,,,,,,
2026-10-08,ACOV15,ACO VERDE DO BRASIL S/A,ACO VERDE DO BRASIL S/A,Aco Verde,CVM FRE,DI_MAIS,N,Quirografária,S,ACO VERDE DO BRASIL S/A,07636657000199,1.5969,0.1434,1036.577903,2032-06-10,,,2.4298,ok DI+,ok DI+,159.69,12,2.428491488082038,-0.053852659394275554,2.3903204606459827,10.468104247607998,2.4436962484109204,1.2083736117312505,-1.1822010947624695,-2.3389790885339656,-4.579134504985094,2.4426609818840226,1.2082453606325014,-1.1820751000134813,-2.337979939407943,-4.571278836339805,33.4034709213935,66.806941842787,,,,,,
2026-10-08,ADPA21,AGUAS DO PARA A SPE S.A.,AGUAS DO PARA A SPE S.A.,Aegea,CVM FRE,DI_MAIS,N,Real,S,AGUAS DO PARA A SPE S.A.,61067901000195,2.7446,0.2337,1050.849748,2027-11-27,,,1.0612,ok DI+,ok DI+,274.46000000000004,2,1.0617657958218945,0.05331660590789036,1.033403016627535,2.0957229148385434,1.043987777157418,0.5193343637775572,-0.514094925537778,-1.023028453190622,-2.0257158505445183,1.0438816312017278,0.5193211619573157,-0.5140818546702193,-1.0229244020533423,-2.0248915749582994,132.7942707655761,265.5885415311522,,,,,,
2026-10-08,AEGE16,EQUIPAV SANEAMENTO S.A.,EQUIPAV SANEAMENTO S.A.,Isolada (a identificar),,DI_MAIS,N,Quirografária,S,EQUIPAV SANEAMENTO S.A.,15385166000140,6.3188,0.547,934.575772,2034-03-11,,,3.4401,ok DI+,ok DI+,631.8800000000001,15,3.432744933658525,-0.21380385283785297,3.2287280647058894,16.974413433697272,3.315546713097839,1.6358229067678032,-1.593382081168604,-3.1457258655096965,-6.132636349062559,3.313600131874376,1.635582049145066,-1.5931460155608232,-3.1438559975374027,-6.117967860737834,97.85277473616522,195.70554947233043,,,,,,
2026-10-08,AEGE17,EQUIPAV SANEAMENTO S.A.,EQUIPAV SANEAMENTO S.A.,Isolada (a identificar),,DI_MAIS,N,Real,S,EQUIPAV SANEAMENTO S.A.,15385166000140,6.6291,0.2027,933.505287,2035-06-15,,,3.8795,ok DI+,ok DI+,662.9100000000001,18,3.86891764699844,-0.27277620831448113,3.628388167018609,22.02491127943889,3.7413732848897485,1.8420787628841806,-1.7870086726415768,-3.520999102462452,-6.837691055264539,3.7385127234158038,1.841725222608603,-1.7866629444100062,-3.5182636106214145,-6.81627810844844,91.35047981163258,182.70095962326516,,,,,,
2026-10-08,AEGP17,AEGEA SANEAMENTO E PARTICIPAÇÕES S/A,AEGEA SANEAMENTO E PARTICIPACOES S/A,Aegea,CVM FRE,DI_MAIS,N,Quirografária,S,AEGEA SANEAMENTO E PARTICIPACOES S/A,08827501000158,2.3842,0.0948,359.141903,2027-04-12,,,0.4562,ok DI+,ok DI+,238.42,2,0.45677511752460204,0.12606697163569539,0.4461382884513451,0.6498982306894934,0.4494143665211281,0.22388482614725813,-0.22226005246746006,-0.4429149346469985,-0.8794859595302906,0.4493877796047926,0.2238815170140344,-0.2222567714373107,-0.44288879729789765,-0.8792786122889004,267.2041451851331,534.4082903702662,,,,,,
2026-10-08,AEGP19,AEGEA SANEAMENTO E PARTICIPAÇÕES S/A,AEGEA SANEAMENTO E PARTICIPACOES S/A,Aegea,CVM FRE,DI_MAIS,N,Quirografária,S,AEGEA SANEAMENTO E PARTICIPACOES S/A,08827501000158,3.2114,0.3475,656.328247,2028-10-04,,,1.361,ok DI+,ok DI+,321.14,4,1.3616115373569337,0.044932943198659495,1.3192452939858714,3.2820920669643603,1.3358522860020594,0.6637496871839677,-0.6555441791637473,-1.3030269181273368,-2.574368214706524,1.3356557543206933,0.6637252620766411,-0.6555200319092302,-1.3028348336510496,-2.572848746632456,121.71352873646833,243.42705747293667,,,,,,
2026-10-08,AEGPA4,AEGEA SANEAMENTO E PARTICIPAÇÕES S/A,AEGEA SANEAMENTO E PARTICIPACOES S/A,Aegea,CVM FRE,DI_MAIS,N,Quirografária,S,AEGEA SANEAMENTO E PARTICIPACOES S/A,08827501000158,3.0651,0.4177,1078.919311,2028-10-25,,,0.9054,ok DI+,ok DI+,306.51,5,0.9065017667351439,0.12168839575259,0.879542897387325,2.193238754259017,0.8906414551814734,0.4425294466719354,-0.43704616127855367,-0.8687060495736532,-1.7162441105502357,0.8905090911586202,0.44251299713648623,-0.43702990025083877,-0.8685767036160299,-1.7152210196894697,174.24391744307496,348.4878348861499,,,,,,
2026-10-08,AEGPA9,AEGEA SANEAMENTO E PARTICIPAÇÕES S/A,AEGEA SANEAMENTO E PARTICIPACOES S/A,Aegea,CVM FRE,DI_MAIS,N,Quirografária,S,AEGEA SANEAMENTO E PARTICIPACOES S/A,08827501000158,2.8639,0.1416,1045.26574,2029-06-25,,,1.8447,ok DI+,ok DI+,286.39,6,1.8454969888899002,0.04320425488698474,1.7941153202337263,5.496103084732785,1.8219800868149116,0.9039755076483358,-0.8902346364483171,-1.7670092358411327,-3.481266166322272,1.8215958356573902,0.9039277889727791,-0.8901875312609472,-1.7666348048100622,-3.478308578772797,79.81371006928666,159.6274201385733,,,,,,
2026-10-08,AEGPB3,AEGEA SANEAMENTO E PARTICIPAÇÕES S/A,AEGEA SANEAMENTO E PARTICIPACOES S/A,Aegea,CVM FRE,DI_MAIS,N,Quirografária,S,AEGEA SANEAMENTO E PARTICIPACOES S/A,08827501000158,4.5019,0.5541,928.548395,2032-08-22,,,3.5046,ok DI+,ok DI+,450.19000000000005,12,3.4985341212960055,-0.17308333915409585,3.3478186724796446,17.061622228386096,3.4349668639894526,1.6954642066874914,-1.652805929187895,-3.2642830565950187,-6.368327943637652,3.433126783621575,1.695236364025305,-1.6525823084543396,-3.2625105613377143,-6.354404900391566,67.23631774037447,134.47263548074895,,,,,,
2026-10-08,AEGPB5,AEGEA SANEAMENTO E PARTICIPAÇÕES S/A,AEGEA SANEAMENTO E PARTICIPACOES S/A,Aegea,CVM FRE,DI_MAIS,N,Quirografária,S,AEGEA SANEAMENTO E PARTICIPACOES S/A,08827501000158,4.466,0.3143,968.532325,2030-12-15,,,3.082,ok DI+,ok DI+,446.6000000000001,9,3.0801996268626555,-0.058415740991057105,2.948518778227036,13.39484917703,3.0167755556337994,1.4911619207076399,-1.4576721682048932,-2.8827849706584585,-5.6389032119051326,3.0154930241121862,1.4910029505848057,-1.4575158276422306,-2.8815445323418865,-5.629140572913473,75.73294145146052,151.46588290292104,,,,,,
2026-10-08,AEGPB7,AEGEA SANEAMENTO E PARTICIPAÇÕES S/A,AEGEA SANEAMENTO E PARTICIPACOES S/A,Aegea,CVM FRE,DI_MAIS,N,Quirografária,S,AEGEA SANEAMENTO E PARTICIPACOES S/A,08827501000158,3.1004,0.2013,1008.744689,2028-09-15,,,1.3039,ok DI+,ok DI+,310.04,4,1.3043751850090537,0.036443362915379696,1.2651504601427868,3.0939630351959213,1.2808034364427456,0.6364654484119825,-0.6287302839903974,-1.249859696118072,-2.4698381638516564,1.2806202753187663,0.6364426838653884,-0.6287077762773985,-1.2496806449668072,-2.4684216595816553,122.53088062150664,245.06176124301328,,,,,,
2026-10-08,AERI11,AERIS INDUSTRIA E COMERCIO DE EQUIPAMENTOS PARA GERACAO DE ENERGIA S.A,AERIS INDUSTRIA E COMERCIO DE EQUIPAMENTOS PARA GERACAO DE ENERGIA S.A.,Isolada (a identificar),,DI_MAIS,N,Quirografária,N,AERIS INDUSTRIA E COMERCIO DE EQUIPAMENTOS PARA GERACAO DE ENERGIA S.A.,12528708000107,,,126.766951,2030-03-30,,,,fora do escopo (não IPCA+ nem DI+),,,,,,,,,,,,,,,,,,,,,,,,,
2026-10-08,AERI12,AERIS INDUSTRIA E COMERCIO DE EQUIPAMENTOS PARA GERACAO DE ENERGIA S.A,AERIS INDUSTRIA E COMERCIO DE EQUIPAMENTOS PARA GERACAO DE ENERGIA S.A.,Isolada (a identificar),,DI_MAIS,N,Quirografária,S,AERIS INDUSTRIA E COMERCIO DE EQUIPAMENTOS PARA GERACAO DE ENERGIA S.A.,12528708000107,,,166.779427,2030-03-30,,,,fora do escopo (não IPCA+ nem DI+),,,,,,,,,,,,,,,,,,,,,,,,,
2026-10-08,AESLA8,RGE SUL DISTRIBUIDORA DE ENERGIA S/A,RGE SUL DISTRIBUIDORA DE ENERGIA S/A,CPFL,CVM FRE,DI_MAIS,N,Quirografária,S,RGE SUL DISTRIBUIDORA DE ENERGIA S/A,02016440000162,0.4,0.0,1012.528966,2029-09-10,,,2.0812,ok DI+,ok DI+,40.0,12,2.0813826796759063,0.008777612718928974,2.073090318402297,6.85231126844949,2.1078582438374793,1.0451734135204838,-1.0280417906715078,-2.039321609925271,-4.0130251393512895,2.1073518747445443,1.0451105482867102,-1.0279797701155866,-2.03882876206005,-4.009134411435604,9.647433024246494,19.294866048492988,,,,,,
2026-10-08,ALGAA2,ALGAR TELECOM S/A,ALGAR TELECOM S.A.,Algar Telecom,CVM FRE,DI_MAIS,N,Quirografária,S,ALGAR TELECOM S.A.,71208516000174,1.1497,0.0815,1041.628001,2029-01-15,,,1.5518,ok DI+,ok DI+,114.97,5,1.5524843910346957,0.04410304386490795,1.534838354473316,4.239130495499097,1.5563092622976837,0.772752285463274,-0.7621540431865581,-1.5139112992634263,-2.9870171690471237,1.5560340069508114,0.7727180903560318,-0.7621202641172841,-1.5136427019958203,-2.9848940990366497,37.45345549416253,74.90691098832507,,,,,,
2026-10-08,ALGTA5,ALGAR TELECOM S/A,ALGAR TELECOM S.A.,Algar Telecom,CVM FRE,DI_MAIS,N,Quirografária,S,ALGAR TELECOM S.A.,71208516000174,0.9123,0.0472,1043.466257,2032-01-28,,,3.5685,ok DI+,ok DI+,91.22999999999999,11,3.5626009322509167,-0.16530945072392067,3.5303931554933508,18.546809229820635,3.6251656660371445,1.7886324652553576,-1.7422607057288153,-3.439621752801103,-6.705263194820565,3.6231272016424536,1.7883800892839512,-1.7420130662093993,-3.4376591093442475,-6.689850126390288,12.92065727269562,25.84131454539124,,,,,,
2026-10-08,ALGTA6,ALGAR TELECOM S/A,ALGAR TELECOM S.A.,Algar Telecom,CVM FRE,DI_MAIS,N,Quirografária,S,ALGAR TELECOM S.A.,71208516000174,1.0089,0.0416,1028.255877,2033-02-22,,,4.1533,ok DI+,ok DI+,100.88999999999999,13,4.142096861790327,-0.26974064502138334,4.100724650788521,24.827539408513992,4.227973834019538,2.0817815148600705,-2.019704567547531,-3.9795687884968456,-7.728263368136224,4.224862347831091,2.081396749654903,-2.019327901133618,-3.976586953745951,-7.704898513406762,12.301484321874673,24.602968643749346,,,,,,
2026-10-08,AMBP16,AMBIPAR PARTICIPACOES E EMPREENDIMENTOS S/A,AMBIPAR PARTICIPACOES E EMPREENDIMENTOS S/A,Ambipar Empreendimentos,CVM FRE,DI_MAIS,N,Quirografária,S,AMBIPAR PARTICIPACOES E EMPREENDIMENTOS S/A,12648266000124,,,,2029-04-25,,,,fora do escopo (não IPCA+ nem DI+),,,,,,,,,,,,,,,,,,,,,,,,,
2026-10-08,ANHBA5,CONCESSIONÁRIA DO SISTEMA ANHANGUERA-BANDEIRANTES S/A,CONCESSIONARIA DO SISTEMA ANHANGUERA-BANDEIRANTES S/A,Motiva (ex-CCR),CVM FRE,DI_MAIS,N,Quirografária,S,CONCESSIONARIA DO SISTEMA ANHANGUERA-BANDEIRANTES S/A,02451848000162,0.4962,0.0423,1059.589797,2030-11-05,,,2.7865,ok DI+,ok DI+,49.62,9,2.7874512322849743,0.034137171540429515,2.7736881914788563,11.9671450047589,2.834629530004862,1.4019400928141135,-1.3720200111178693,-2.7149225567875135,-5.31645837815603,2.8335239165026507,1.4018030269953767,-1.3718851644834795,-2.713852466455062,-5.308033482862534,8.944768945629743,17.889537891259486,,,,,,
2026-10-08,ANHBA6,CONCESSIONÁRIA DO SISTEMA ANHANGUERA-BANDEIRANTES S/A,CONCESSIONARIA DO SISTEMA ANHANGUERA-BANDEIRANTES S/A,Motiva (ex-CCR),CVM FRE,DI_MAIS,N,Quirografária,S,CONCESSIONARIA DO SISTEMA ANHANGUERA-BANDEIRANTES S/A,02451848000162,0.5565,0.0419,1030.47728,2032-07-15,,,3.8458,ok DI+,ok DI+,55.65,12,3.8380897236227502,-0.20048563048650106,3.816848959164997,21.575856798929525,3.9272603789646032,1.9357076176536259,-1.8817617525258679,-3.7114021885687465,-7.221263402586542,3.924728243159645,1.9353943005811607,-1.8814546585838365,-3.7089696751703496,-7.202180782351404,7.290044824327345,14.58008964865469,,,,,,
2026-10-08,ANIM15,ANIMA HOLDING S/A,ANIMA HOLDING S/A,Anima Holding,CVM FRE,DI_MAIS,N,Quirografária,S,ANIMA HOLDING S/A,09288252000132,1.5895,0.0731,800.6362,2029-05-15,,,1.3503,ok DI+,ok DI+,158.95,6,1.3514856475761277,0.08780623388340383,1.3303398949459615,3.751857467852537,1.3493517478846417,0.6698911385043305,-0.6605110995564822,-1.3118268450949877,-2.587588131036511,1.3490991822852243,0.6698597693077963,-0.660480125638165,-1.3115806076066987,-2.5856426405348722,59.74037184176024,119.48074368352049,,,,,,
2026-10-08,ANIM17,ANIMA HOLDING S/A,ANIMA HOLDING S/A,Anima Holding,CVM FRE,DI_MAIS,N,Quirografária,S,ANIMA HOLDING S/A,09288252000132,1.6036,0.0742,1061.429265,2029-05-15,,,1.7526,ok DI+,ok DI+,160.35999999999999,6,1.7542810789301253,0.09591914470645717,1.7265934267389398,5.2147590893359705,1.7530287094401853,0.8698600553158187,-0.8568225832434107,-1.700871923883418,-3.3516745581457674,1.7526672221856197,0.86981516223114,-0.8567782645077999,-1.7005196312922601,-3.3488916716911605,46.43826320562216,92.87652641124431,,,,,,
2026-10-08,ANIM18,ANIMA HOLDING S/A,ANIMA HOLDING S/A,Anima Holding,CVM FRE,DI_MAIS,N,Quirografária,S,ANIMA HOLDING S/A,09288252000132,1.8745,0.1676,1065.371537,2029-10-15,,,2.1438,ok DI+,ok DI+,187.45000000000002,7,2.146517636134434,0.12676724202041487,2.1070215177835805,7.375563873588474,2.144470581539837,1.0628011144984129,-1.044361215749534,-2.0706991114777695,-4.070914189596997,2.143899337151523,1.062730213733776,-1.0442913040498045,-2.070143698415638,-4.066531758095391,44.482222515976616,88.96444503195323,,,,,,
2026-10-08,APFL18,AUTOPISTA FLUMINENSE S/A,AUTOPISTA FLUMINENSE S/A,Arteris,CVM FRE,DI_MAIS,N,Real,S,AUTOPISTA FLUMINENSE S/A,09324949000111,2.4215,0.0484,1014.539551,2029-01-15,,,1.9377,ok DI+,ok DI+,242.15,5,1.938513443280084,0.041979835892239525,1.8926821451356246,5.787805288993695,1.922019001803199,0.9536252412831958,-0.9391551065675907,-1.8641310005053202,-3.67267285034093,1.9216211715805933,0.9535758291790545,-0.9391063159565702,-1.8637431186906563,-3.6696081844913757,63.97006507995778,127.94013015991555,,,,,,
2026-10-08,APPSB2,AUTOPISTA PLANALTO SUL S/A,AUTOPISTA PLANALTO SUL S/A,Arteris,CVM FRE,DI_MAIS,N,Quirografária,S,AUTOPISTA PLANALTO SUL S/A,09325109000173,1.4,0.0,509.142797,2028-09-15,,,1.0917,ok DI+,ok DI+,139.99999999999997,4,1.0920949610915751,0.03617853728819446,1.0770167269147684,2.5244314517603885,1.089785169848967,0.5416820853146653,-0.5353708041197835,-1.0645376109871707,-2.10467659247483,1.0896388841735702,0.5416639027720845,-0.5353528241426837,-1.0643945696559662,-2.1035448247943287,64.99434804557085,129.9886960911417,,,,,,
2026-10-08,APRB28,AUTOPISTA REGIS BITTENCOURT S/A,AUTOPISTA REGIS BITTENCOURT S/A,Arteris,CVM FRE,DI_MAIS,N,Quirografária,S,AUTOPISTA REGIS BITTENCOURT S/A,09336431000106,0.6704,0.0303,324.252915,2027-06-15,,,0.4822,ok DI+,ok DI+,67.03999999999999,2,0.4823124205646253,0.023314094696244902,0.4791005306074331,0.7606999710684759,0.48293727978290235,0.24050527764156726,-0.2386034906175838,-0.4753296867384349,-0.9432460011233657,0.4829040304627755,0.24050114026755212,-0.23859939033988095,-0.4752970307520907,-0.9429870617934967,69.96443931611029,139.92887863222057,,,,,,
2026-10-08,ARML13,ARMAC LOCACAO LOGISTICA E SERVICOS S.A.,ARMAC LOCACAO LOGISTICA E SERVICOS S.A.,Isolada (a identificar),,DI_MAIS,N,Quirografária,S,ARMAC LOCACAO LOGISTICA E SERVICOS S.A.,00242184000104,3.1214,0.0997,1051.649836,2029-11-04,,,2.0585,ok DI+,ok DI+,312.14,7,2.060557078820963,0.09993096045483815,1.9981857100669334,6.715810505954028,2.0322687774142034,1.0075501858710645,-0.9907598086540736,-1.9650970511732258,-3.865925938441228,2.0317647625967035,1.0074876181659091,-0.9906980919010241,-1.9646066575371632,-3.862055210014786,78.10585333170665,156.2117066634133,,,,,,
2026-10-08,ARML14,ARMAC LOCACAO LOGISTICA E SERVICOS S.A.,ARMAC LOCACAO LOGISTICA E SERVICOS S.A.,Isolada (a identificar),,DI_MAIS,N,Quirografária,S,ARMAC LOCACAO LOGISTICA E SERVICOS S.A.,00242184000104,3.6106,0.1155,955.307648,2032-03-15,,,3.3232,ok DI+,ok DI+,361.06,11,3.3186471736454615,-0.13700127451066635,3.2029996676454546,15.48264031660378,3.2820065293010847,1.621050537647739,-1.5823404195770663,-3.1271238216587838,-6.108430967664957,3.2804128692284733,1.620853134218482,-1.5821465334269722,-3.1255864660624355,-6.096346528958834,56.36279073756781,112.72558147513563,,,,,,
2026-10-08,ARML15,ARMAC LOCACAO LOGISTICA E SERVICOS S.A.,ARMAC LOCACAO LOGISTICA E SERVICOS S.A.,Isolada (a identificar),,DI_MAIS,N,Quirografária,S,ARMAC LOCACAO LOGISTICA E SERVICOS S.A.,00242184000104,3.7553,0.1441,922.015025,2032-09-25,,,3.6433,ok DI+,ok DI+,375.53000000000003,12,3.6367306067047456,-0.18031436596641537,3.5051034565990804,18.322475287835676,3.5987356228231793,1.7757048706123602,-1.7298939597929497,-3.4154352695919266,-6.659023795453667,3.596715833038259,1.775454822409335,-1.7296486341897455,-3.413491080159902,-6.643757407441448,53.5690322197177,107.1380644394354,,,,,,
2026-10-08,ARML25,ARMAC LOCACAO LOGISTICA E SERVICOS S.A.,ARMAC LOCACAO LOGISTICA E SERVICOS S.A.,Isolada (a identificar),,DI_MAIS,N,Quirografária,S,ARMAC LOCACAO LOGISTICA E SERVICOS S.A.,00242184000104,4.3169,0.0891,891.424918,2034-09-25,,,4.4712,ok DI+,ok DI+,431.69000000000005,16,4.455260401745628,-0.356494861656194,4.2708903367964615,27.812400094461033,4.413729971211988,2.170677403752186,-2.101135806388077,-4.135436316319263,-8.01375828451234,4.409952337268766,2.170210668516307,-2.1006796682801547,-4.131828336324157,-7.985532671703703,50.53864252620977,101.07728505241954,,,,,,
2026-10-08,ARML26,ARMAC LOCACAO LOGISTICA E SERVICOS S.A.,ARMAC LOCACAO LOGISTICA E SERVICOS S.A.,Isolada (a identificar),,DI_MAIS,N,Quirografária,S,ARMAC LOCACAO LOGISTICA E SERVICOS S.A.,00242184000104,3.698,0.0831,1001.151909,2030-11-05,,,2.9927,ok DI+,ok DI+,369.8,9,2.992978495693859,0.00930583399134798,2.886245150045188,13.006149871725873,2.952511758094234,1.4595334552853778,-1.4270155619750313,-2.8224099414342785,-5.521777510947956,2.951275899403817,1.4593802623622512,-1.4268648876829366,-2.8212144006865585,-5.512367302655858,64.06247230839179,128.12494461678358,,,,,,
2026-10-08,ARTRA1,ARTERIS S/A,ARTERIS S.A.,Arteris,CVM FRE,DI_MAIS,N,Quirografária,S,ARTERIS S.A.,02919555000167,1.8549,0.1259,336.714858,2027-03-11,,,0.4087,ok DI+,ok DI+,185.49,1,0.4087301587301587,0.007379185260267585,0.40128669188243155,0.5550098057575134,0.4040838008277037,0.20133985408818944,-0.19995230673838238,-0.3985333368672461,-0.791645312484357,0.404061740911219,0.20133710819841263,-0.19994958368401883,-0.39851164285364393,-0.7914731876497126,231.11905247825243,462.23810495650486,,,,,,
2026-10-08,ARTRA4,ARTERIS S/A,ARTERIS S.A.,Arteris,CVM FRE,DI_MAIS,N,Quirografária,S,ARTERIS S.A.,02919555000167,2.6246,0.099,680.607057,2028-08-24,,,1.2462,ok DI+,ok DI+,262.46000000000004,4,1.2466107674230396,0.03296159709834553,1.21472899034251,2.9275444077841293,1.2295385136975812,0.6110452790605736,-0.6037261785376669,-1.2002592367955756,-2.3722360056838476,1.2293667123814307,0.6110239256809852,-0.6037050646615248,-1.2000912683035894,-2.3709070925293374,108.03232741074028,216.06465482148056,,,,,,
2026-10-08,ARTRA5,ARTERIS S/A,ARTERIS S.A.,Arteris,CVM FRE,DI_MAIS,N,Quirografária,S,ARTERIS S.A.,02919555000167,2.6521,0.1033,1076.479884,2029-04-12,,,1.2501,ok DI+,ok DI+,265.21,6,1.251982261955847,0.15056891095487987,1.2196362879627858,3.3382420992187893,1.2365463935080978,0.6140181379568732,-0.6056721979993962,-1.2031586145446749,-2.374195347793795,1.23632749845888,0.6139909466054164,-0.6056453413573695,-1.2029450774666919,-2.372507733941196,108.72503656110149,217.45007312220298,,,,,,
2026-10-08,ASAI18,SENDAS DISTRIBUIDORA S/A,SENDAS  DISTRIBUIDORA S/A,Sendas Distribuidora,inferido,DI_MAIS,N,Quirografária,S,SENDAS  DISTRIBUIDORA S/A,06057223000171,1.7991,0.0558,1047.147586,2027-12-22,,,1.0888,ok DI+,ok DI+,179.91,3,1.089564836301527,0.07024580285882674,1.0703089087246613,2.2695211648333364,1.081775463671275,0.5380061478589937,-0.5323321942512727,-1.059077839266942,-2.0961503198004605,1.081656514548828,0.5379913558183723,-0.532317552906289,-1.0589613029004947,-2.095227394152656,84.04582944860928,168.09165889721857,,,,,,
2026-10-08,ASAI19,SENDAS DISTRIBUIDORA S/A,SENDAS  DISTRIBUIDORA S/A,Sendas Distribuidora,inferido,DI_MAIS,N,Quirografária,S,SENDAS  DISTRIBUIDORA S/A,06057223000171,1.8541,0.1088,994.621773,2029-03-25,,,1.7482,ok DI+,ok DI+,185.41000000000003,5,1.748855849674251,0.037515711832229154,1.7170205712624735,4.988273401476083,1.7422972918281987,0.8647872816963442,-0.8523160783081685,-1.6924062361680758,-3.336859818713067,1.7419619382698537,0.8647456273830819,-0.8522749438793916,-1.6920792042550932,-3.334275674495425,53.99178178269397,107.98356356538794,,,,,,
2026-10-08,ASAI22,SENDAS DISTRIBUIDORA S/A,SENDAS  DISTRIBUIDORA S/A,Sendas Distribuidora,inferido,DI_MAIS,N,Quirografária,S,SENDAS  DISTRIBUIDORA S/A,06057223000171,1.9,0.0521,1061.540295,2028-05-20,,,0.9826,ok DI+,ok DI+,190.0,4,0.9835327008688076,0.09492172489391308,0.965194014591568,2.150218823662363,0.9760648032787644,0.48529966107002664,-0.4799239538209821,-0.9545600488978678,-1.8883107324788928,0.9759451087098797,0.48528478082536197,-0.47990923376620603,-0.9544429204732563,-1.8873836527098886,98.4258072095487,196.8516144190974,,,,,,
2026-10-08,ASAI28,SENDAS DISTRIBUIDORA S/A,SENDAS  DISTRIBUIDORA S/A,Sendas Distribuidora,inferido,DI_MAIS,N,Quirografária,S,SENDAS  DISTRIBUIDORA S/A,06057223000171,1.892,0.2322,1048.006456,2028-12-22,,,1.8703,ok DI+,ok DI+,189.2,5,1.8713752679173996,0.05749173487673293,1.836626298352569,5.550068998789962,1.864755124927453,0.9252977459683898,-0.9114219853168404,-1.8092450203928023,-3.565167419925497,1.8643766433465188,0.925250735424772,-0.911375562927797,-1.8088759533586192,-3.5622512167293383,51.50748417620668,103.01496835241336,,,,,,
2026-10-08,ASAIA0,SENDAS DISTRIBUIDORA S/A,SENDAS  DISTRIBUIDORA S/A,Sendas Distribuidora,inferido,DI_MAIS,N,Quirografária,S,SENDAS  DISTRIBUIDORA S/A,06057223000171,1.9122,0.1972,1032.099521,2029-06-20,,,1.8582,ok DI+,ok DI+,191.22,6,1.8590742877612283,0.047050250846422385,1.824192086679738,5.644005930690579,1.8528103311671984,0.9192005006445569,-0.9050898445141731,-1.7963600062855023,-3.5385680831063637,1.8524121163331912,0.9191510507532323,-0.9050410359265059,-1.7959720570262854,-3.535504054745665,52.41224358889879,104.82448717779758,,,,,,
2026-10-08,ASAIA1,SENDAS DISTRIBUIDORA S/A,SENDAS  DISTRIBUIDORA S/A,Sendas Distribuidora,inferido,DI_MAIS,N,Quirografária,S,SENDAS  DISTRIBUIDORA S/A,06057223000171,1.9762,0.2069,989.799182,2029-09-25,,,2.1342,ok DI+,ok DI+,197.61999999999998,6,2.1346440821174015,0.02080789604543418,2.0932767470423506,6.953614391127181,2.128562719755589,1.0553946849920282,-1.0380097784743136,-2.0590126412524556,-4.051459304196237,2.1280448189979864,1.0553303915100842,-1.037946355532266,-2.0585086750867143,-4.047481206262157,47.20350528883073,94.40701057766147,,,,,,
2026-10-08,ASAIA2,SENDAS DISTRIBUIDORA S/A,SENDAS  DISTRIBUIDORA S/A,Sendas Distribuidora,inferido,DI_MAIS,N,Quirografária,S,SENDAS  DISTRIBUIDORA S/A,06057223000171,1.9675,0.2079,1031.556327,2029-12-09,,,2.5289,ok DI+,ok DI+,196.75000000000003,7,2.529494219215753,0.02349714167237316,2.4806867082313016,9.543177998791332,2.5291944369698394,1.2523705693843423,-1.2285111816710104,-2.433739561882542,-4.776571146198439,2.5284025982252585,1.25227232661414,-1.2284143816171618,-2.432970818237345,-4.770509856486776,39.65635792443139,79.31271584886278,,,,,,
2026-10-08,ASAIA3,SENDAS DISTRIBUIDORA S/A,SENDAS  DISTRIBUIDORA S/A,Sendas Distribuidora,inferido,DI_MAIS,N,Quirografária,S,SENDAS  DISTRIBUIDORA S/A,06057223000171,1.9921,0.1937,1033.458284,2029-06-05,,,2.1823,ok DI+,ok DI+,199.21,6,2.1834095099710087,0.05084131288129771,2.14076336301636,7.294862034382213,2.17778496076122,1.0795682016989883,-1.061330128449367,-2.1048216442660195,-4.1398336405902185,2.177237673188271,1.0795002590511578,-1.0612631039652023,-2.1042890528444493,-4.135629485345076,46.52779551479965,93.0555910295993,,,,,,
2026-10-08,AURE13,AUREN ENERGIA S.A.,AUREN ENERGIA S.A.,Auren,CVM FRE,DI_MAIS,N,Quirografária,S,AUREN ENERGIA S.A.,28594234000123,0.8331,0.0412,1061.763307,2031-10-10,,,2.9967,ok DI+,ok DI+,83.31,11,2.999054540577379,0.07857111413817958,2.974275848483661,14.003565301337758,3.0457034506394365,1.504817033396244,-1.4698050594288858,-2.9056188018950935,-5.679179942236945,3.0442936749903495,1.5046423808685028,-1.4696334676151583,-2.9042580219769722,-5.668480390940567,14.005089683001817,28.010179366003634,,,,,,
2026-10-08,AXIAA0,CENTRAIS ELETRICAS BRASILEIRAS S/A ELETROBRAS,AXIA ENERGIA S.A.,Axia (ex-Eletrobras),inferido,DI_MAIS,N,Quirografária,S,AXIA ENERGIA S.A.,00001180000126,0.6755,0.0263,1033.199369,2033-07-15,,,4.5562,ok DI+,ok DI+,67.55,14,4.540708838733237,-0.3400017836522219,4.5102421529897905,30.378414917486776,4.666332608898083,2.293612763081909,-2.217654849958084,-4.362358332464278,-8.444266954436142,4.662134227577225,2.293094095141754,-2.217148057848037,-4.358350078402356,-8.412916007629846,7.488511448905447,14.977022897810894,,,,,,
2026-10-08,AXIAB0,CENTRAIS ELETRICAS BRASILEIRAS S/A ELETROBRAS,AXIA ENERGIA S.A.,Axia (ex-Eletrobras),inferido,DI_MAIS,N,Quirografária,S,AXIA ENERGIA S.A.,00001180000126,0.7393,0.0272,1038.402416,2036-07-15,,,5.2765,ok DI+,ok DI+,73.92999999999999,20,5.250473572456637,-0.49325173018787566,5.211941687560502,42.04495365906831,5.429183170830942,2.659391857091231,-2.554255843093922,-5.008355286367205,-9.634684499105806,5.422166455855844,2.6585270358540867,-2.5534146517064156,-5.00171691926516,-9.582984301939637,7.092366380119999,14.184732760239998,,,,,,
2026-10-08,AZZA11,AZZAS 2154 S.A.,AZZAS 2154 S.A.,Azzas 2154,inferido,DI_MAIS,N,Quirografária,S,AZZAS 2154 S.A.,16590234000176,1.4398,0.0565,999.795004,2030-03-28,,,2.4959,ok DI+,ok DI+ aprox,143.98,,,,2.460474093994665,,2.460474093994665,1.2302370469973325,-1.2302370469973325,-2.460474093994665,-4.92094818798933,2.460474093994665,1.2302370469973325,-1.2302370469973325,-2.460474093994665,-4.92094818798933,29.258588893785806,58.51717778757161,,,,,,
2026-10-08,AZZA12,AZZAS 2154 S.A.,AZZAS 2154 S.A.,Azzas 2154,inferido,DI_MAIS,N,Quirografária,S,AZZAS 2154 S.A.,16590234000176,1.6355,0.2453,1010.528485,2030-08-15,,,2.7159,ok DI+,ok DI+,163.54999999999998,8,2.7148710804823164,-0.037885029554975504,2.6711838683160085,10.847035117824642,2.726370611352702,1.3492687393506397,-1.3221493237012383,-2.6178710029470253,-5.132693451073534,2.7254190439051316,1.3491507280552852,-1.3220331402607235,-2.6169486927268855,-5.125427034275525,30.61376679080999,61.22753358161998,,,,,,
2026-10-08,AZZA13,AZZAS 2154 S.A.,AZZAS 2154 S.A.,Azzas 2154,inferido,DI_MAIS,N,Quirografária,S,AZZAS 2154 S.A.,16590234000176,1.9594,0.0543,1017.065068,2028-01-28,,,1.2015,ok DI+,ok DI+,195.94,3,1.202132747495306,0.05266312903088331,1.1790308176541897,2.6159456435993143,1.192251994705451,0.5928029287285197,-0.5862628812802084,-1.1660896022572143,-2.3068394339898712,1.1921105458721861,0.592785340881594,-0.5862454767725958,-1.165951089436193,-2.3057427224363933,83.09367196603223,166.18734393206446,,,,,,
2026-10-08,BCBF16,BCBF PARTICIPAÇÕES S/A,HAPVIDA PARTICIPACOES E INVESTIMENTOS S.A.,Hapvida Investimentos,CVM FRE,DI_MAIS,N,Quirografária,S,HAPVIDA PARTICIPACOES E INVESTIMENTOS S.A.,05197443000138,4.4959,0.0286,324.232258,2027-10-07,,,0.9547,ok DI+,ok DI+,449.59,2,0.9550371762667439,0.03531750987157215,0.913947031669897,1.7243007358691183,0.9226511566365891,0.4591391700310865,-0.45482832087290204,-0.9054065917092347,-1.7940505021610154,0.9225685353492425,0.45912889175478483,-0.4548181399151121,-0.9053255279905513,-1.7934080486224115,245.9606434623143,491.9212869246286,,,,,,
2026-10-08,BCPSA4,CLARO S/A,CLARO S/A,Claro,inferido,DI_MAIS,N,Quirografária,S,CLARO S/A,40432544000147,0.2513,0.004,1022.655193,2027-02-20,,,0.3571,ok DI+,ok DI+,25.13,1,0.3571428571428571,0.012001440172814976,0.35624760690670054,0.48226693054272607,0.3586780000115031,0.1787290094215077,-0.1775233222485073,-0.353855013971649,-0.702998576098901,0.35865894155941414,0.17872663711652864,-0.17752096979017185,-0.35383627225398684,-0.7028498752025465,35.27041236600001,70.54082473200002,,,,,,
2026-10-08,BCPSA6,CLARO S/A,CLARO S/A,Claro,inferido,DI_MAIS,N,Quirografária,S,CLARO S/A,40432544000147,0.35,0.0,1074.385727,2028-10-10,,,1.6998,ok DI+,ok DI+,34.99999999999999,5,1.7026342456623753,0.16673994954555443,1.6966958103262333,4.930900571424388,1.7216770992062091,0.8545521256949629,-0.8422243766251669,-1.6723601283601175,-3.2972934214062333,1.7213503131833552,0.8545115308773973,-0.8421842794488361,-1.6720413074691114,-3.294773609223979,10.314164680252953,20.628329360505905,,,,,,
2026-10-08,BKBR19,BK BRASIL OPERAÇÃO E ASSESSORIA A RESTAURANTES S/A,ZAMP S.A.,Zamp,CVM FRE,DI_MAIS,N,Quirografária,S,ZAMP S.A.,13574594000196,1.5291,0.0429,536.909718,2027-04-24,,,0.4925,ok DI+,ok DI+,152.91,2,0.49288340905179845,0.07784955366466104,0.48546023657434023,0.7290275785017666,0.4891358650145783,0.24364519745214697,-0.24182259571272624,-0.481845064368569,-0.9565776025132644,0.48910537446684904,0.24364140276029733,-0.24181883381404287,-0.48181509868183137,-0.9563399215786451,157.4897267374692,314.9794534749384,,,,,,
2026-10-08,BRIT11,BRISANET PARTICIPACOES S.A.,BRISANET SERVICOS DE TELECOMUNICACOES S.A.,Brisanet Servicos,inferido,DI_MAIS,N,Quirografária,S,BRISANET SERVICOS DE TELECOMUNICACOES S.A.,04601397000128,0.9731,0.0439,342.373908,2027-08-25,,,0.8346,ok DI+,ok DI+,97.31,2,0.8347336029771809,0.016008025063611573,0.8266890914284903,1.517810000864402,0.8343504300130311,0.4152508009015454,-0.411456190362669,-0.8191709614125298,-1.6235840236837107,0.8342781414328124,0.4152418082153257,-0.41144728321316465,-0.8191000414241683,-1.6230219828396928,58.855258288125995,117.71051657625199,,,,,,
2026-10-08,BRIT12,BRISANET PARTICIPACOES S.A.,BRISANET SERVICOS DE TELECOMUNICACOES S.A.,Brisanet Servicos,inferido,DI_MAIS,N,Quirografária,S,BRISANET SERVICOS DE TELECOMUNICACOES S.A.,04601397000128,1.362,0.0173,1042.702446,2030-07-10,,,2.2506,ok DI+,ok DI+,136.2,8,2.250636196517425,0.0016083052263905903,2.22039442445633,8.156927864443183,2.261850349918726,1.120476651364255,-1.1000830959358,-2.1802612912790953,-4.282786475062428,2.2611790637785454,1.120393372058719,-1.100001052397611,-2.179609785134114,-4.277650291623796,30.670226537194843,61.340453074389686,,,,,,
2026-10-08,BRKMA6,BRASKEM S/A,BRASKEM S/A,Braskem,CVM FRE,DI_MAIS,N,Quirografária,S,BRASKEM S/A,42150391000170,,,482.392547,2029-05-12,,,,fora do escopo (não IPCA+ nem DI+),,,,,,,,,,,,,,,,,,,,,,,,,
2026-10-08,BRKMA8,BRASKEM S/A,BRASKEM S/A,Braskem,CVM FRE,DI_MAIS,N,Quirografária,S,BRASKEM S/A,42150391000170,,,458.869664,2029-11-09,,,,fora do escopo (não IPCA+ nem DI+),,,,,,,,,,,,,,,,,,,,,,,,,
2026-10-08,BRKMB6,BRASKEM S/A,BRASKEM S/A,Braskem,CVM FRE,DI_MAIS,N,Quirografária,S,BRASKEM S/A,42150391000170,,,464.704179,2032-05-12,,,,fora do escopo (não IPCA+ nem DI+),,,,,,,,,,,,,,,,,,,,,,,,,
2026-10-08,BRKMB8,BRASKEM S/A,BRASKEM S/A,Braskem,CVM FRE,DI_MAIS,N,Quirografária,S,BRASKEM S/A,42150391000170,,,465.68191,2032-11-09,,,,fora do escopo (não IPCA+ nem DI+),,,,,,,,,,,,,,,,,,,,,,,,,
2026-10-08,BRKPA0,BRK AMBIENTAL PARTICIPACOES S/A,BRK AMBIENTAL PARTICIPACOES S/A,BRK,CVM FRE,DI_MAIS,N,Quirografária,S,BRK AMBIENTAL PARTICIPACOES S/A,24396489000120,2.2163,0.0764,421.441441,2027-04-15,,,0.4674,ok DI+,ok DI+,221.63,2,0.4679051580930609,0.1080783254302306,0.4577598270462352,0.6729809448720382,0.4611524365988995,0.22972458790671002,-0.22804210610598563,-0.4544221563361095,-0.9022760734114899,0.4611247317705953,0.22972113970420763,-0.22803868734202754,-0.454394922321875,-0.9020600351950295,242.08109461035627,484.16218922071255,,,,,,
2026-10-08,BRKPA2,BRK AMBIENTAL PARTICIPACOES S/A,BRK AMBIENTAL PARTICIPACOES S/A,BRK,CVM FRE,DI_MAIS,N,Quirografária,S,BRK AMBIENTAL PARTICIPACOES S/A,24396489000120,2.5305,0.062,1035.784336,2029-02-21,,,2.0117,ok DI+,ok DI+,253.05,5,2.0122011561798936,0.024912073365500283,1.9625391041493934,6.141887394559849,1.9936788344683265,0.9890003500532929,-0.9736449488328414,-1.93224903226481,-3.8055532327430197,1.9932485411221925,0.9889469113178964,-0.9735921928314968,-1.931829667176594,-3.8022404604075897,64.47005296989416,128.9401059397883,,,,,,
2026-10-08,BRKPA3,BRK AMBIENTAL PARTICIPACOES S/A,BRK AMBIENTAL PARTICIPACOES S/A,BRK,CVM FRE,DI_MAIS,N,Quirografária,S,BRK AMBIENTAL PARTICIPACOES S/A,24396489000120,2.5841,0.114,1028.443856,2029-08-23,,,2.3728,ok DI+,ok DI+,258.40999999999997,6,2.372757587216913,-0.0017874571429079703,2.3129876727649927,8.243427514286157,2.354846691257273,1.1668777896380211,-1.1462681111897854,-2.272394654766341,-4.466031443591922,2.3542048103364235,1.1667981207753542,-1.1461895519896386,-2.271770535193562,-4.4611067952442625,55.8606522297396,111.7213044594792,,,,,,
2026-10-08,BRKPA4,BRK AMBIENTAL PARTICIPACOES S/A,BRK AMBIENTAL PARTICIPACOES S/A,BRK,CVM FRE,DI_MAIS,N,Quirografária,S,BRK AMBIENTAL PARTICIPACOES S/A,24396489000120,2.9496,0.0501,1043.871119,2030-10-15,,,2.936,ok DI+,ok DI+,294.96000000000004,9,2.9372605874475095,0.04293553976531215,2.853105390839313,12.815572670402558,2.918398330833716,1.4427227793986086,-1.410681373860001,-2.7902030036671133,-5.4591517636669025,2.9171832541913254,1.4425721612576596,-1.4105332295816533,-2.7890275274873,-5.4498993282705746,51.69104529875605,103.3820905975121,,,,,,
2026-10-08,BRKPA5,BRK AMBIENTAL PARTICIPACOES S/A,BRK AMBIENTAL PARTICIPACOES S/A,BRK,CVM FRE,DI_MAIS,N,Quirografária,S,BRK AMBIENTAL PARTICIPACOES S/A,24396489000120,2.262,0.0228,1005.243807,2028-03-15,,,1.3221,ok DI+,ok DI+,226.20000000000002,3,1.3227053935105213,0.04579029653742122,1.2934476086039008,3.007853127603763,1.3086548990443925,0.6505045103249341,-0.6429846542957196,-1.2785727946061365,-2.528039915787972,1.3084868742419198,0.6504836207114552,-0.6429639878924458,-1.2784083429658821,-2.526738154655727,87.44072759319253,174.88145518638507,,,,,,
2026-10-08,BRMLA1,BR MALLS PARTICIPAÇÕES S/A,BR MALLS PARTICIPACOES S/A,Br Malls,CVM FRE,DI_MAIS,N,Quirografária,S,BR MALLS PARTICIPACOES S/A,06977745000191,0.45,0.0,1024.638374,2031-08-20,,,3.3885,ok DI+,ok DI+,45.00000000000001,10,3.384244847191854,-0.1255762965367052,3.3690839693298695,16.674863415463935,3.454193884038559,1.7056005388844886,-1.6639095305596596,-3.2873836224463937,-6.417827783156804,3.4524582864071895,1.7053855639342648,-1.6636984053956048,-3.2857096522525495,-6.404670670350461,6.6783731734876834,13.356746346975367,,,,,,
2026-10-08,BRMLB1,BR MALLS PARTICIPAÇÕES S/A,BR MALLS PARTICIPACOES S/A,Br Malls,CVM FRE,DI_MAIS,N,Quirografária,S,BR MALLS PARTICIPACOES S/A,06977745000191,0.5627,0.0342,1037.130988,2034-08-20,,,4.6298,ok DI+,ok DI+,56.27,16,4.613207240323207,-0.3583904202512772,4.587393974429094,31.367464923679815,4.7486682281360215,2.3334542727972307,-2.2550227168033676,-4.434787151266195,-8.580507758311484,4.7442312990474935,2.332906318369147,-2.2544876560599474,-4.430556649810695,-8.547438650384592,6.133111774752555,12.26622354950511,,,,,,
2026-10-08,BRST14,BRISANET SERVICOS DE TELECOMUNICACOES S.A.,BRISANET SERVICOS DE TELECOMUNICACOES S.A.,Brisanet Servicos,inferido,DI_MAIS,N,Quirografária,S,BRISANET SERVICOS DE TELECOMUNICACOES S.A.,04601397000128,1.6084,0.0646,1054.692624,2031-05-15,,,2.7411,ok DI+,ok DI+,160.84,10,2.7411025647581924,9.356675030066279e-05,2.69771255600737,11.658506150448574,2.7570977128872576,1.3635648445514015,-1.3344163444421464,-2.640476878707987,-5.170573165023118,2.756005086759613,1.3634294106917457,-1.3342831453156243,-2.639420025255127,-5.162254989005769,29.81044063457304,59.62088126914608,,,,,,
2026-10-08,BSA312,"B3 S/A - BRASIL, BOLSA, BALCÃO",B3 S.A. - BRASIL BOLSA BALCAO,B3 Brasil,inferido,DI_MAIS,N,Quirografária,S,B3 S.A. - BRASIL BOLSA BALCAO,09346601000125,0.418,0.0369,10667.099563,2029-11-05,,,2.4658,ok DI+,ok DI+ aprox,41.8,,,,2.4555358601047623,,2.4555358601047623,1.2277679300523812,-1.2277679300523812,-2.4555358601047623,-4.911071720209525,2.4555358601047623,1.2277679300523812,-1.2277679300523812,-2.4555358601047623,-4.911071720209525,8.51138048503528,17.02276097007056,,,,,,
2026-10-08,BSA318,"B3 S/A - BRASIL, BOLSA, BALCÃO",B3 S.A. - BRASIL BOLSA BALCAO,B3 Brasil,inferido,DI_MAIS,N,Quirografária,S,B3 S.A. - BRASIL BOLSA BALCAO,09346601000125,0.3431,0.0211,1056.117259,2029-05-28,,,1.405,ok DI+,ok DI+,34.31,6,1.4060076436285907,0.07171840772887021,1.4012001259962974,4.051536261167555,1.421736461287626,0.705699088400813,-0.6955698032562241,-1.381213982598406,-2.7235143993292965,1.4214578073021351,0.7056644833246082,-0.6955356426716893,-1.3809424446904597,-2.721369526769244,12.243076261360065,24.48615252272013,,,,,,
2026-10-08,BSA319,"B3 S/A - BRASIL, BOLSA, BALCÃO",B3 S.A. - BRASIL BOLSA BALCAO,B3 Brasil,inferido,DI_MAIS,N,Quirografária,S,B3 S.A. - BRASIL BOLSA BALCAO,09346601000125,0.463,0.022,1039.6444,2031-01-08,,,2.9605,ok DI+,ok DI+,46.300000000000004,9,2.958909562232877,-0.05372193099554799,2.945272948481408,13.103636761354148,3.0120345242665714,1.4891701372710342,-1.4564084932868093,-2.880957303537901,-5.637937405758775,3.0107911322881784,1.4890160201923968,-1.4562569282890112,-2.879754764674637,-5.628473161735733,7.86005249935705,15.7201049987141,,,,,,
2026-10-08,BSA3A0,"B3 S/A - BRASIL, BOLSA, BALCÃO",B3 S.A. - BRASIL BOLSA BALCAO,B3 Brasil,inferido,DI_MAIS,N,Quirografária,S,B3 S.A. - BRASIL BOLSA BALCAO,09346601000125,0.3657,0.043,1009.796685,2030-09-18,,,2.8484,ok DI+,ok DI+,36.57,8,2.847059327900889,-0.047067550172410086,2.8366855687758754,11.946420807502085,2.8974989849321897,1.433409882446779,-1.403541696303523,-2.778000615411913,-5.442689219375996,2.896417672813386,1.4332758103973153,-1.4034097583785603,-2.7769534647383654,-5.43444272140171,6.445902993714805,12.89180598742961,,,,,,
2026-10-08,BTGH18,BTG PACTUAL HOLDING S/A,BTG PACTUAL HOLDING S.A.,Btg Pactual,inferido,DI_MAIS,N,Quirografária,S,BTG PACTUAL HOLDING S.A.,10923227000162,1.1645,0.0856,1056.749243,2029-12-10,,,1.8128,ok DI+,ok DI+,116.45,7,1.8136820087780114,0.048654500110959745,1.7928047969179026,5.809030141058992,1.82228436801406,0.9037176106873712,-0.8891942945372433,-1.7641822097759996,-3.472763900207143,1.8218499476231977,0.9036636861352751,-0.8891411107826276,-1.763759646212608,-3.469428991014626,32.47704384777273,64.95408769554545,,,,,,
2026-10-08,CAEC13,COMPANHIA DE AGUA E ESGOTO DO CEARA - CAGECE,COMPANHIA DE AGUA E ESGOTO DO CEARA - CAGECE,Isolada (a identificar),,DI_MAIS,N,Real,S,COMPANHIA DE AGUA E ESGOTO DO CEARA - CAGECE,07040108000157,1.3,0.0,1027.332441,2032-08-07,,,3.7163,ok DI+,ok DI+,130.0,12,3.7091763149449055,-0.19168756707193768,3.661575829165751,19.937393153473025,3.7635296410649888,1.8559902235363968,-1.8061413142874017,-3.5640688453543845,-6.941514092014045,3.7612627949331157,1.8557096560247166,-1.8058661731410341,-3.561888863398386,-6.924403795262041,17.751919674106414,35.50383934821283,,,,,,
2026-10-08,CAEC22,COMPANHIA DE AGUA E ESGOTO DO CEARA - CAGECE,COMPANHIA DE AGUA E ESGOTO DO CEARA - CAGECE,Isolada (a identificar),,DI_MAIS,N,Quirografária,S,COMPANHIA DE AGUA E ESGOTO DO CEARA - CAGECE,07040108000157,1.1586,0.0205,1068.770926,2029-06-15,,,1.6479,ok DI+,ok DI+,115.86000000000001,6,1.6488675643151411,0.0587149896924099,1.6299825860729003,4.764370409467905,1.654128425531587,0.82098699525055,-0.8090755605710265,-1.6064765794984948,-3.167173125217071,1.6538044381202397,0.8209467560482849,-0.8090358300246153,-1.6061607340255608,-3.1646777639564423,35.54025699107015,71.0805139821403,,,,,,
2026-10-08,CAEC32,COMPANHIA DE AGUA E ESGOTO DO CEARA - CAGECE,COMPANHIA DE AGUA E ESGOTO DO CEARA - CAGECE,Isolada (a identificar),,DI_MAIS,N,Quirografária,S,COMPANHIA DE AGUA E ESGOTO DO CEARA - CAGECE,07040108000157,1.2044,0.0926,1092.14952,2031-06-15,,,2.9628,ok DI+,ok DI+,120.44,10,2.9612625139684345,-0.0518930076807601,2.9260215108912604,13.273590875817797,2.993674314981165,1.4797619750936741,-1.446575313514742,-2.8608954355287985,-5.5963422049801315,2.9923894652703495,1.4796027440404025,-1.446418766850858,-2.8596535565121712,-5.586571204266165,20.580846646495466,41.16169329299093,,,,,,
2026-10-08,CAMLA1,CAMIL ALIMENTOS S/A,CAMIL ALIMENTOS S/A,Camil Alimentos,CVM FRE,DI_MAIS,N,Quirografária,S,CAMIL ALIMENTOS S/A,64904295000103,3.8813,0.5351,1035.707217,2028-10-30,,,1.3325,ok DI+,ok DI+,388.13,5,1.3341880916366755,0.12668605153287,1.2843390404593276,3.2411534561917303,1.3007405119561666,0.6462452836191623,-0.6381421217803274,-1.2683245258992004,-2.505367813512671,1.3005448077402864,0.6462209620499035,-0.6381180784094242,-1.268133273178369,-2.503855011794821,151.10106746470552,302.20213492941105,,,,,,
2026-10-08,CAMLB1,CAMIL ALIMENTOS S/A,CAMIL ALIMENTOS S/A,Camil Alimentos,CVM FRE,DI_MAIS,N,Quirografária,S,CAMIL ALIMENTOS S/A,64904295000103,3.8299,0.5757,1036.390518,2028-10-30,,,1.3327,ok DI+,ok DI+,382.99,5,1.3343778303009652,0.12589707368239245,1.2851575801392134,3.2449831058152,1.301578534868475,0.6466593820489974,-0.638546645585758,-1.2691242428919502,-2.506930865433854,1.3013824956682896,0.6466350189518757,-0.6385225611873377,-1.2689326646101375,-2.5054154981621233,149.00507374298527,298.01014748597055,,,,,,
2026-10-08,CASN13,COMPANHIA CATARINENSE DE AGUAS E SANEAMENTO - CASAN,COMPANHIA CATARINENSE DE AGUAS E SANEAMENTO - CASAN,Casan,CVM FRE,DI_MAIS,N,Real,S,COMPANHIA CATARINENSE DE AGUAS E SANEAMENTO - CASAN,82508433000117,3.2049,0.206,725.578719,2028-11-16,,,0.9363,ok DI+,ok DI+,320.49,26,0.9366893326208257,0.04158203789657515,0.9076016086647297,2.0595455509292027,0.918015620993895,0.4563896917589183,-0.45124067026194314,-0.8974176436053916,-1.774912640758075,0.9178993364193758,0.4563752362710264,-0.45122637239370345,-0.8973038809100837,-1.7740123063108755,176.5587439138122,353.1174878276244,,,,,,
2026-10-08,CASN14,COMPANHIA CATARINENSE DE AGUAS E SANEAMENTO - CASAN,COMPANHIA CATARINENSE DE AGUAS E SANEAMENTO - CASAN,Casan,CVM FRE,DI_MAIS,N,Real,S,COMPANHIA CATARINENSE DE AGUAS E SANEAMENTO - CASAN,82508433000117,1.6808,0.3207,1020.682563,2030-04-15,,,1.6973,ok DI+,ok DI+,168.08,43,1.6972729590127973,-0.0015931766454216798,1.6692167636493787,5.265219111757563,1.695929969785781,0.8412379618795152,-0.8280742619533377,-1.6432673413982912,-3.2361023773416098,1.6955428592081663,0.8411899057143863,-0.8280268579349923,-1.6428906680905908,-3.233129145063606,50.34696621202441,100.69393242404882,,,,,,
2026-10-08,CBAN22,CONCESSIONÁRIA ROTA DAS BANDEIRAS S/A,CONCESSIONARIA ROTA DAS BANDEIRAS S/A,Isolada (a identificar),,DI_MAIS,N,Real,S,CONCESSIONARIA ROTA DAS BANDEIRAS S/A,10647979000148,0.8399,0.0319,894.247751,2032-07-15,,,3.1318,ok DI+,ok DI+,83.99000000000001,12,3.127782576516777,-0.12827841762639103,3.1017311366996365,15.413021410240862,3.180446359633704,1.5703361605598376,-1.5317998112396647,-3.026255382222509,-5.907685781808015,3.1787962437508406,1.5701318451126192,-1.531599291587017,-3.024666029648432,-5.895201845194455,13.539213474409754,27.07842694881951,,,,,,
2026-10-08,CBOH11,CBO HOLDING S.A.,OCEANPACT SERVICOS MARITIMOS S.A.,Oceanpact Servicos,CVM FRE,DI_MAIS,N,Real,S,OCEANPACT SERVICOS MARITIMOS S.A.,09114805000130,1.3774,0.0187,1011.687021,2029-08-28,,,1.3552,ok DI+,ok DI+,137.74,35,1.3555308266535584,0.024411647989849166,1.3371134263194346,3.72141641799285,1.3559681485017627,0.6732392428786982,-0.663935317333586,-1.3187478314740875,-2.601706688695349,1.3557205084093988,0.6732084836822084,-0.6639049426372262,-1.3185063442294704,-2.599798524279012,51.50647554977662,103.01295109955323,,,,,,
2026-10-08,CBRDB8,COMPANHIA BRASILEIRA DE DISTRIBUIÇÃO,COMPANHIA BRASILEIRA DE DISTRIBUICAO,Brasileira Distribuicao,inferido,DI_MAIS,N,Quirografária,S,COMPANHIA BRASILEIRA DE DISTRIBUICAO,47508411000156,,,403.9004,2028-05-10,,,,fora do escopo (não IPCA+ nem DI+),,,,,,,,,,,,,,,,,,,,,,,,,
2026-10-08,CDAR11,UNIDAS LOCADORA S.A.,UNIDAS LOCADORA S.A..,Unidas,CVM FRE,DI_MAIS,N,Quirografária,S,UNIDAS LOCADORA S.A..,45736131000170,1.5557,0.0523,504.377618,2027-09-27,,,0.9224,ok DI+,ok DI+,155.57000000000002,2,0.9226802152629645,0.030378931370827367,0.9085459656749592,1.7354370926025775,0.9173078210675811,0.45645281128803283,-0.4521141167340481,-0.8999518209643065,-1.7830411858318018,0.9172231511379719,0.4564422792032328,-0.45210368647172633,-0.8998687802119463,-1.7823831894978666,85.6148207561667,171.2296415123334,,,,,,
2026-10-08,CDES12,VPORTS AUTORIDADE PORTUARIA S/A,VPORTS AUTORIDADE PORTUARIA S/A,Isolada (a identificar),,DI_MAIS,N,Quirografária,S,VPORTS AUTORIDADE PORTUARIA S/A,27316538000166,1.4283,0.043,1026.178604,2031-02-03,,,3.2984,ok DI+,ok DI+,142.82999999999998,9,3.294858838001967,-0.10735999266411002,3.2484610685597284,15.63485398677476,3.328213429792881,1.643969624061059,-1.6048790958476,-3.1718105724885315,-6.196208109932488,3.326635338493602,1.6437741017633327,-1.6046869667963957,-3.170286798625855,-6.184225057383961,21.984256080884265,43.96851216176853,,,,,,
2026-10-08,CDGS26,COPA ENERGIA S A,COPA ENERGIA S A,Copa Energia,inferido,DI_MAIS,N,Quirografária,S,COPA ENERGIA S A,03237583000167,0.75,0.0,1047.315945,2032-01-03,,,3.3712,ok DI+,ok DI+,75.0,11,3.367182817934556,-0.11916178409598273,3.3421169408779714,16.795893156556314,3.427872337183313,1.6922732775195293,-1.6502795482271404,-3.2598494306532166,-6.361768241538401,3.426096406660753,1.6920533368846808,-1.6500636039932903,-3.2581374750951895,-6.348316018624817,11.220433235393847,22.440866470787693,,,,,,
2026-10-08,CEAB13,C E A MODAS S.A.,C E A MODAS S.A.,C Modas,CVM FRE,DI_MAIS,N,Quirografária,S,C E A MODAS S.A.,45242914000105,1.2394,0.064,1039.9961,2027-07-15,,,0.7194,ok DI+,ok DI+,123.94000000000001,2,0.7195558856263959,0.021668838809549885,0.7107468886879968,1.2225725212449354,0.7169155128570415,0.35690859777230965,-0.35385210265852507,-0.7046887656526502,-1.3974762665617257,0.7168597512942215,0.35690165999555457,-0.3538452286924423,-0.7046340260817722,-1.397042326951095,87.18997013746133,174.37994027492266,,,,,,
2026-10-08,CEAB14,C E A MODAS S.A.,C E A MODAS S.A.,C Modas,CVM FRE,DI_MAIS,N,Quirografária,S,C E A MODAS S.A.,45242914000105,0.8843,0.0246,1007.755976,2028-09-15,,,1.7472,ok DI+,ok DI+,88.43,4,1.7479730667531779,0.04424603669744659,1.7326512319094032,4.8964459113342205,1.757450774317082,0.8724855959723943,-0.860244006787958,-1.708478722839546,-3.369821978538212,1.7571334614660743,0.8724461733438693,-0.8602050585655339,-1.7081690023527318,-3.367373545592122,25.51869596472368,51.03739192944736,,,,,,
2026-10-08,CEAB22,C E A MODAS S.A.,C E A MODAS S.A.,C Modas,CVM FRE,DI_MAIS,N,Quirografária,S,C E A MODAS S.A.,45242914000105,0.719,0.0246,541.656974,2028-05-13,,,0.9638,ok DI+,ok DI+,71.89999999999999,4,0.9648006526130328,0.10382367846366856,0.9579132563002342,2.14727338926959,0.9687700811538358,0.48165569437270683,-0.47628734820102103,-0.9472947427214051,-1.8738137816421085,0.968649623246582,0.4816407198867041,-0.47627253641353007,-0.9471768893538863,-1.8728810448150766,37.529494203734416,75.05898840746883,,,,,,
2026-10-08,CEAP15,COMPANHIA DE ELETRICIDADE DO AMAPA - CEA,COMPANHIA DE ELETRICIDADE DO AMAPA - CEA,Isolada (a identificar),,DI_MAIS,N,Quirografária,S,COMPANHIA DE ELETRICIDADE DO AMAPA - CEA,05965546000109,0.7479,0.0718,1068.805546,2029-05-14,,,1.7609,ok DI+,ok DI+,74.79,6,1.762551917547311,0.09381098002788847,1.7494676490004366,5.333100498397912,1.7765061066620014,0.881446514833617,-0.8681131660319474,-1.723165535730442,-3.3951435277065345,1.7761331514924266,0.8814002001232158,-0.868067448877221,-1.722802146508447,-3.392273288032915,21.375073738211587,42.75014747642317,,,,,,
2026-10-08,CEAP16,COMPANHIA DE ELETRICIDADE DO AMAPA - CEA,COMPANHIA DE ELETRICIDADE DO AMAPA - CEA,Isolada (a identificar),,DI_MAIS,N,Quirografária,S,COMPANHIA DE ELETRICIDADE DO AMAPA - CEA,05965546000109,0.7553,0.0395,1021.162295,2029-09-09,,,2.0975,ok DI+,ok DI+,75.53,6,2.0978893175705657,0.018561028394068885,2.0821627423773896,6.9326750257060805,2.117344781826147,1.0498116007051417,-1.0324790363378522,-2.0480039976467634,-4.029655029228508,2.11682611750592,1.0497472149708273,-1.0324155274065623,-2.0474993672488595,-4.025671984240658,18.13739110367538,36.27478220735076,,,,,,
2026-10-08,CEEBA3,CIA DE ELETRICIDADE DO ESTADO DA BAHIA - COELBA,CIA. DE ELETRIC. DO EST. DA BAHIA-COELBA,Neoenergia,CVM FRE,DI_MAIS,N,Quirografária,S,CIA. DE ELETRIC. DO EST. DA BAHIA-COELBA,15139629000194,0.8241,0.0102,1073.090148,2026-10-15,,,0.0159,ok DI+,ok DI+,82.41,1,0.015873015873015872,-0.16971149046621886,0.015743275539296532,0.015862461166921082,0.015823120344293784,0.0078915321492401,-0.007851875539166553,-0.015664487974309527,-0.031173468605349974,0.015822587845131138,0.007891465846106917,-0.007851809693189615,-0.015663963233461926,-0.03116930185525464,2617.307935515,5234.61587103,,,,,,
2026-10-08,CEEBB8,CIA DE ELETRICIDADE DO ESTADO DA BAHIA - COELBA,CIA. DE ELETRIC. DO EST. DA BAHIA-COELBA,Neoenergia,CVM FRE,DI_MAIS,N,Quirografária,S,CIA. DE ELETRIC. DO EST. DA BAHIA-COELBA,15139629000194,0.6508,0.0109,1063.856642,2031-06-10,,,3.1558,ok DI+,ok DI+,65.08000000000001,10,3.153705311268247,-0.06637583914547825,3.1333137056717355,14.937553654848209,3.209506811167606,1.5855152962944263,-1.548168162724961,-3.060079258531856,-5.979304617478731,3.208001473945977,1.5853287949044281,-1.5479849107673076,-3.0586259373974944,-5.967876338246507,10.385171437222535,20.77034287444507,,,,,,
2026-10-08,CEED16,COMPANHIA ESTADUAL DE DISTRIBUICAO DE ENERGIA ELETRICA - CEEE D,COMPANHIA ESTADUAL DE DISTRIBUICAO DE ENERGIA ELETRICA - CEEE D,Equatorial,CVM FRE,DI_MAIS,N,Quirografária,S,COMPANHIA ESTADUAL DE DISTRIBUICAO DE ENERGIA ELETRICA - CEEE D,08467115000100,0.6603,0.0216,1034.625594,2030-08-05,,,2.3456,ok DI+,ok DI+,66.03,8,2.34522086537415,-0.01616365219347513,2.3298369519802247,8.780238519128432,2.374475903282436,1.1759852873977517,-1.1540333090956811,-2.286651394960093,-4.489709418770427,2.3737381445758667,1.1758937741390227,-1.1539431778412017,-2.285935759384582,-4.48406913357788,14.170519517230247,28.341039034460493,,,,,,
2026-10-08,CEED18,COMPANHIA ESTADUAL DE DISTRIBUICAO DE ENERGIA ELETRICA - CEEE D,COMPANHIA ESTADUAL DE DISTRIBUICAO DE ENERGIA ELETRICA - CEEE D,Equatorial,CVM FRE,DI_MAIS,N,Quirografária,S,COMPANHIA ESTADUAL DE DISTRIBUICAO DE ENERGIA ELETRICA - CEEE D,08467115000100,0.6565,0.027,1008.960017,2030-03-25,,,2.8546,ok DI+,ok DI+,65.64999999999999,7,2.853678266027783,-0.03228942661729054,2.8350660573612068,11.770184801399909,2.8949596991057813,1.4323750720014905,-1.4029476008807662,-2.7772256911226423,-5.4426896923178925,2.893916981368206,1.4322457596823532,-1.4028202976788535,-2.7762151333542073,-5.434728418694415,11.578213465174956,23.156426930349912,,,,,,
2026-10-08,CEEDA0,COMPANHIA ESTADUAL DE DISTRIBUICAO DE ENERGIA ELETRICA - CEEE D,COMPANHIA ESTADUAL DE DISTRIBUICAO DE ENERGIA ELETRICA - CEEE D,Equatorial,CVM FRE,DI_MAIS,N,Quirografária,S,COMPANHIA ESTADUAL DE DISTRIBUICAO DE ENERGIA ELETRICA - CEEE D,08467115000100,0.8199,0.0304,1063.177906,2032-10-15,,,3.49,ok DI+,ok DI+,81.99,13,3.487345490908265,-0.07606043242794117,3.4589852706740087,18.88520960894707,3.555589412128213,1.7533686750687005,-1.706150333928158,-3.3666521978171216,-6.556687607754174,3.553411318718744,1.753099147348188,-1.7058861233258207,-3.3645592226292735,-6.540266349169076,11.851741708056426,23.703483416112853,,,,,,
2026-10-08,CEEDA1,COMPANHIA ESTADUAL DE DISTRIBUICAO DE ENERGIA ELETRICA - CEEE D,COMPANHIA ESTADUAL DE DISTRIBUICAO DE ENERGIA ELETRICA - CEEE D,Equatorial,CVM FRE,DI_MAIS,N,Quirografária,S,COMPANHIA ESTADUAL DE DISTRIBUICAO DE ENERGIA ELETRICA - CEEE D,08467115000100,0.8981,0.0394,1057.913961,2033-04-15,,,3.8188,ok DI+,ok DI+,89.80999999999999,14,3.8130263869520573,-0.15118919681425214,3.7790864118869014,22.10636693262911,3.8923156678490445,1.9175097948255448,-1.8622369863729116,-3.671141678623391,-7.136325182325576,3.8896182465500466,1.917176164609237,-1.8619102472776643,-3.6685545772237558,-7.116045485121219,11.882501511146682,23.765003022293364,,,,,,
2026-10-08,CEMTE2,ENERGISA MATO GROSSO - DISTRIBUIDORA DE ENERGIA S.A.,ENERGISA MATO GROSSO - DISTRIBUIDORA DE ENERGIA S.A.,Energisa,CVM FRE,DI_MAIS,N,Quirografária,S,ENERGISA MATO GROSSO - DISTRIBUIDORA DE ENERGIA S.A.,03467321000199,0.5636,0.0475,1056.146452,2029-06-10,,,1.437,ok DI+,ok DI+,56.35999999999999,6,1.4377905180169297,0.05501169220108853,1.4297325453911054,4.155783264211235,1.450798309106971,0.720096623781008,-0.7097067067128426,-1.4092331313826034,-2.778557136176818,1.4505114617121615,0.7200610017758168,-0.7096715436152886,-1.4089536290700493,-2.776349425497986,19.709980087423496,39.41996017484699,,,,,,
2026-10-08,CEPEA1,COMPANHIA ENERGÉTICA DE PERNAMBUCO - CELPE,COMPANHIA ENERGETICA DE PERNAMBUCO-CELPE,Neoenergia,CVM FRE,DI_MAIS,N,Quirografária,S,COMPANHIA ENERGETICA DE PERNAMBUCO-CELPE,10835932000108,0.8569,0.0681,1073.349299,2026-10-15,,,0.0159,ok DI+,ok DI+,85.69,1,0.015873015873015872,-0.16971149046621886,0.015738155617529264,0.01585212834288534,0.015817948323415543,0.007888959229007675,-0.007849328408759959,-0.015659419120495066,-0.03116343103165553,0.01581741625924369,0.00788889296919324,-0.007849262648336026,-0.015658894975814838,-0.03115926866820082,2722.364744715,5444.72948943,,,,,,
2026-10-08,CERO19,CENTRAIS ELETRICAS DE RONDONIA S/A CERON,ENERGISA RONDONIA - DISTRIBUIDORA DE ENERGIA S/A,Energisa,inferido,DI_MAIS,N,Quirografária,S,ENERGISA RONDONIA - DISTRIBUIDORA DE ENERGIA S/A,05914650000166,0.5708,0.0373,1076.614352,2029-04-15,,,2.0592,ok DI+,ok DI+,57.08,6,2.0619551318271245,0.13379622315095135,2.050252291745839,6.858415828368325,2.085052115521635,1.0337622031187044,-1.0166153190715121,-2.0164544413290186,-3.9672380544520824,2.0845443708876807,1.0336991656583798,-1.0165531260874592,-2.0159602126039973,-3.963336266924311,13.920238067724586,27.840476135449173,,,,,,
2026-10-08,CEROA2,CENTRAIS ELETRICAS DE RONDONIA S/A CERON,ENERGISA RONDONIA - DISTRIBUIDORA DE ENERGIA S/A,Energisa,inferido,DI_MAIS,N,Quirografária,S,ENERGISA RONDONIA - DISTRIBUIDORA DE ENERGIA S/A,05914650000166,0.7988,0.0159,1050.747238,2029-12-15,,,2.5683,ok DI+,ok DI+,79.88000000000001,7,2.5686510574670343,0.013668865281877298,2.548295274811837,9.979003523739332,2.5990319273017315,1.2867258006867166,-1.2617767353230391,-2.4992169744317394,-4.903448618706053,2.5981902924305333,1.2866213918105927,-1.2616738830012444,-2.4984002571931403,-4.8970104791488875,15.67322295605996,31.34644591211992,,,,,,
2026-10-08,CEROB2,CENTRAIS ELETRICAS DE RONDONIA S/A CERON,ENERGISA RONDONIA - DISTRIBUIDORA DE ENERGIA S/A,Energisa,inferido,DI_MAIS,N,Quirografária,S,ENERGISA RONDONIA - DISTRIBUIDORA DE ENERGIA S/A,05914650000166,0.8225,0.0093,1057.197615,2031-12-15,,,3.4546,ok DI+,ok DI+,82.25,11,3.4505021674526835,-0.11861959553397382,3.422353311465877,17.70390906573962,3.5127910385706507,1.733544054920877,-1.6892798798955555,-3.335681475456198,-6.505142204402004,3.5108728567945753,1.733306542065113,-1.6890467694007638,-3.333833766137179,-6.490628441616961,12.016585155664469,24.033170311328938,,,,,,
2026-10-08,CESPA4,CESP-COMPANHIA ENERGETICA DE SAO PAULO,CESP - COMPANHIA ENERGETICA DE SAO PAULO,Auren,CVM FRE,DI_MAIS,N,Quirografária,S,CESP - COMPANHIA ENERGETICA DE SAO PAULO,60933603000178,0.8509,0.0438,1011.374359,2032-08-14,,,3.9735,ok DI+,ok DI+,85.08999999999999,12,3.9643178610726,-0.23108440738391417,3.9308700874980786,22.69009007832789,4.047035094951945,1.9941334879903794,-1.9374014824487973,-3.8200256481935257,-7.428375481354143,4.0443205378897185,1.993797656346949,-1.9370724311511296,-3.817419637106439,-7.407938373429598,10.823303506089424,21.646607012178848,,,,,,
2026-10-08,CGASA3,COMPANHIA DE GAS DE SÃO PAULO - COMGAS,COMPANHIA DE GAS DE SAO PAULO - COMGAS,Compass,CVM FRE,DI_MAIS,N,Quirografária,S,COMPANHIA DE GAS DE SAO PAULO - COMGAS,61856571000117,0.45,0.0,1056.615503,2028-05-15,,,1.4014,ok DI+,ok DI+,45.00000000000001,4,1.4030011000401459,0.11425003854330731,1.3967158785865066,3.518256161736118,1.414516532819654,0.702781782067019,-0.6939858485607298,-1.3793292796228984,-2.724685929073567,1.4143071593951873,0.7027557594954235,-0.6939601190910831,-1.379124597777826,-2.723066633938291,16.10921759031642,32.21843518063284,,,,,,
2026-10-08,CGASA5,COMPANHIA DE GAS DE SÃO PAULO - COMGAS,COMPANHIA DE GAS DE SAO PAULO - COMGAS,Compass,CVM FRE,DI_MAIS,N,Quirografária,S,COMPANHIA DE GAS DE SAO PAULO - COMGAS,61856571000117,0.669,0.062,1010.920011,2029-03-15,,,2.1232,ok DI+,ok DI+,66.9,5,2.123636782577728,0.02057189985529448,2.1095240665723587,6.891268736748054,2.1444809287056055,1.0634382661594,-1.0462092747737906,-2.07555512361397,-4.085071427466092,2.143980410256099,1.0633761192071145,-1.0461479473652442,-2.0750677228886185,-4.081222758409757,15.856657210055412,31.713314420110823,,,,,,
2026-10-08,CGBP14,ESSENTIA PCHS S.A,ESSENTIA PCHS S.A,Isolada (a identificar),,DI_MAIS,N,Quirografária,S,ESSENTIA PCHS S.A,07802794000156,0.8342,0.0566,898.962201,2032-03-25,,,3.1032,ok DI+,ok DI+,83.42,11,3.098038726311872,-0.16632101340965305,3.072408692994908,15.752251264605457,3.1529207298302664,1.5561113716278108,-1.5167265854900691,-2.995331655470268,-5.842993549612496,3.151169949317935,1.5558946605782107,-1.516514032416697,-2.9936474366718806,-5.8297723606977065,13.575667877486094,27.151335754972187,,,,,,
2026-10-08,CGOS15,EQUATORIAL GOIAS DISTRIBUIDORA DE ENERGIA S.A.,EQUATORIAL GOIAS DISTRIBUIDORA DE ENERGIA S.A.,Equatorial,CVM FRE,DI_MAIS,N,Quirografária,S,EQUATORIAL GOIAS DISTRIBUIDORA DE ENERGIA S.A.,01543032000104,0.6528,0.006,1015.536814,2030-03-20,,,2.1034,ok DI+,ok DI+,65.28,7,2.1034473748897424,0.0022523005487434045,2.089805127020552,7.258494361289109,2.1266699830898794,1.0540467090809802,-1.0358994541886046,-2.054068728883096,-4.0388263224369165,2.1260975988269974,1.0539756814618872,-1.0358294455586645,-2.053512655214106,-4.034440366815321,15.618681176524367,31.237362353048734,,,,,,
2026-10-08,CGOS17,EQUATORIAL GOIAS DISTRIBUIDORA DE ENERGIA S.A.,EQUATORIAL GOIAS DISTRIBUIDORA DE ENERGIA S.A.,Equatorial,CVM FRE,DI_MAIS,N,Quirografária,S,EQUATORIAL GOIAS DISTRIBUIDORA DE ENERGIA S.A.,01543032000104,0.6705,0.03,1033.093631,2030-08-05,,,2.3465,ok DI+,ok DI+,67.05,8,2.346114124751757,-0.016444715458889866,2.3304882013616273,8.78280320287013,2.375140160949396,1.1763141409298683,-1.154355750614,-2.2872900014354047,-4.490962052011172,2.374402217375978,1.1762226046844013,-1.154265596677226,-2.2865741853472765,-4.485320338665852,14.385397866598273,28.770795733196547,,,,,,
2026-10-08,CGOS18,EQUATORIAL GOIAS DISTRIBUIDORA DE ENERGIA S.A.,EQUATORIAL GOIAS DISTRIBUIDORA DE ENERGIA S.A.,Equatorial,CVM FRE,DI_MAIS,N,Quirografária,S,EQUATORIAL GOIAS DISTRIBUIDORA DE ENERGIA S.A.,01543032000104,0.6708,0.0327,1017.508562,2030-09-15,,,2.4633,ok DI+,ok DI+,67.08,8,2.4663312960363557,0.1230583378539309,2.449897384381922,9.476099667394053,2.4980903048780645,1.2368945785686591,-1.213202782617473,-2.403304548662577,-4.716479231824877,2.4972778827188917,1.2367938167752033,-1.2131035676067183,-2.4025168860449515,-4.710272775415962,13.690369324779583,27.380738649559166,,,,,,
2026-10-08,CGOS19,EQUATORIAL GOIAS DISTRIBUIDORA DE ENERGIA S.A.,EQUATORIAL GOIAS DISTRIBUIDORA DE ENERGIA S.A.,Equatorial,CVM FRE,DI_MAIS,N,Quirografária,S,EQUATORIAL GOIAS DISTRIBUIDORA DE ENERGIA S.A.,01543032000104,0.7445,0.0555,1061.773007,2031-11-25,,,3.6804,ok DI+,ok DI+,74.45,11,3.6752229663786724,-0.14066497177827705,3.6480631363287053,20.084273236262895,3.750774681624347,1.8494203711844293,-1.799204217327055,-3.549844370702615,-6.911729244506793,3.7484845025100197,1.8491369097096815,-1.7989262266190238,-3.547641770147391,-6.894440807932152,10.204044888724722,20.408089777449444,,,,,,
2026-10-08,CGOSA1,EQUATORIAL GOIAS DISTRIBUIDORA DE ENERGIA S.A.,EQUATORIAL GOIAS DISTRIBUIDORA DE ENERGIA S.A.,Equatorial,CVM FRE,DI_MAIS,N,Quirografária,S,EQUATORIAL GOIAS DISTRIBUIDORA DE ENERGIA S.A.,01543032000104,0.7442,0.0409,1065.969727,2032-10-15,,,3.4927,ok DI+,ok DI+,74.42,13,3.4900092427687675,-0.07703946033821077,3.464228454609563,18.93278648796635,3.5610779745960164,1.756050663119768,-1.7087133570939828,-3.3716646274100093,-6.566278111601697,3.558892387049395,1.7557802104147393,-1.7084482441948237,-3.369564522169731,-6.5498011794597994,10.741208464611425,21.48241692922285,,,,,,
2026-10-08,CHSF12,COMPANHIA HIDRO ELETRICA DO SAO FRANCISCO - CHESF,COMPANHIA HIDRO ELETRICA DO SAO FRANCISCO - CHESF,Axia (ex-Eletrobras),CVM FRE,DI_MAIS,N,Quirografária,S,COMPANHIA HIDRO ELETRICA DO SAO FRANCISCO - CHESF,33541368000116,0.462,0.0199,1079.017095,2029-04-15,,,2.0599,ok DI+,ok DI+,46.2,6,2.062629352384729,0.1324992662133782,2.0531438278998317,6.875845175641885,2.088032658092387,1.035229988222297,-1.0180395270523501,-2.01926062726856,-3.972686664996883,2.087523053778041,1.0351667204194681,-1.0179771074803634,-2.018764602021622,-3.968770752286826,11.251038376414707,22.502076752829414,,,,,,
2026-10-08,CHSF14,COMPANHIA HIDRO ELETRICA DO SAO FRANCISCO - CHESF,COMPANHIA HIDRO ELETRICA DO SAO FRANCISCO - CHESF,Axia (ex-Eletrobras),CVM FRE,DI_MAIS,N,Quirografária,S,COMPANHIA HIDRO ELETRICA DO SAO FRANCISCO - CHESF,33541368000116,0.5895,0.0357,1019.073155,2031-09-15,,,3.7433,ok DI+,ok DI+,58.95,10,3.736588574509788,-0.1792916808754865,3.7146904741645876,19.924913695049202,3.8165320399207836,1.8825258412366264,-1.8327083721555226,-3.6171999024977697,-7.047639336954181,3.814315042639834,1.8822513792011053,-1.8324390949634826,-3.6150659056893417,-7.030882674428192,7.934712247223978,15.869424494447957,,,,,,
2026-10-08,CHSF24,COMPANHIA HIDRO ELETRICA DO SAO FRANCISCO - CHESF,COMPANHIA HIDRO ELETRICA DO SAO FRANCISCO - CHESF,Axia (ex-Eletrobras),CVM FRE,DI_MAIS,N,Quirografária,S,COMPANHIA HIDRO ELETRICA DO SAO FRANCISCO - CHESF,33541368000116,0.6297,0.0424,1029.273137,2034-09-15,,,4.6904,ok DI+,ok DI+,62.970000000000006,16,4.6732083097176265,-0.3665292998971065,4.643965260472432,31.93328482268902,4.8081740721769295,2.3624601791238264,-2.2826136999595237,-4.48862881903398,-8.683107591090844,4.803631684585877,2.3618992362645774,-2.2820660242078543,-4.484298836358986,-8.649264824491084,6.779766478441966,13.559532956883931,,,,,,
2026-10-08,CHTH11,CHINA THREE GORGES BRASIL ENERGIA S.A.,CHINA THREE GORGES BRASIL ENERGIA S.A.,CTG,CVM FRE,DI_MAIS,N,Quirografária,S,CHINA THREE GORGES BRASIL ENERGIA S.A.,19014221000147,0.4,0.0,1045.651389,2029-12-15,,,2.2341,ok DI+,ok DI+,40.0,7,2.234874784498623,0.0346799381685145,2.225970900895043,7.945849466251324,2.266328595774336,1.1229957508001487,-1.1031300159592528,-2.1868523140576746,-4.297841760645104,2.2657001482262995,1.1229177622803355,-1.1030531386147073,-2.186241653563786,-4.29302481246506,8.984843419093297,17.969686838186593,,,,,,
2026-10-08,CIEL17,CIELO S/A,CIELO S.A - INSTITUICAO DE PAGAMENTO,Cielo Instituicao,CVM FRE,DI_MAIS,N,Quirografária,S,CIELO S.A - INSTITUICAO DE PAGAMENTO,01027058000191,0.2815,0.0157,1047.087956,2027-12-17,,,1.0856,ok DI+,ok DI+,28.15,3,1.0863130771923906,0.0656850766756324,1.0832636899053072,2.3228397011767017,1.0950011252396585,0.5445507188153398,-0.5387434614314013,-1.0717701968640192,-2.1210264085983033,1.0948778884111907,0.5445353945791246,-0.5387282953261827,-1.071649491399424,-2.1200705857870807,12.993142972631489,25.986285945262978,,,,,,
2026-10-08,CIEL18,CIELO S/A,CIELO S.A - INSTITUICAO DE PAGAMENTO,Cielo Instituicao,CVM FRE,DI_MAIS,N,Quirografária,S,CIELO S.A - INSTITUICAO DE PAGAMENTO,01027058000191,0.3956,0.0357,1063.184877,2029-05-08,,,2.1291,ok DI+,ok DI+,39.56,6,2.1310948856152123,0.0936961915932603,2.1226974943276518,7.228068375384835,2.159380939394606,1.0704512541200861,-1.0523801689139245,-2.0870856209919686,-4.105005039591047,2.1588378362045755,1.0703838326330568,-1.0523136616945947,-2.0865571524507276,-4.100833621147607,9.318332005788308,18.636664011576617,,,,,,
2026-10-08,CIEL19,CIELO S/A,CIELO S.A - INSTITUICAO DE PAGAMENTO,Cielo Instituicao,CVM FRE,DI_MAIS,N,Quirografária,S,CIELO S.A - INSTITUICAO DE PAGAMENTO,01027058000191,0.338,0.0221,1067.291522,2028-10-20,,,1.7301,ok DI+,ok DI+,33.800000000000004,5,1.7327087454739234,0.15078582012157818,1.726871918389766,5.063444852624007,1.7525270561208783,0.8698072408957591,-0.8571481113813118,-1.7018843258888916,-3.355080020701273,1.7521891426528862,0.8697652652606632,-0.8571066531291031,-1.7015546941266464,-3.352474939727052,9.786481452404717,19.572962904809433,,,,,,
2026-10-08,CLCD16,CELESC DISTRIBUIÇÃO S/A,CELESC DISTRIBUICAO S.A.,Celesc Distribuicao,inferido,DI_MAIS,N,Quirografária,S,CELESC DISTRIBUICAO S.A.,08336783000190,0.7605,0.0207,1070.7197,2028-11-15,,,0.9639,ok DI+,ok DI+,76.05,5,0.9648614731637668,0.09974822738529142,0.9575790842282111,2.345372004435631,0.9694470966344015,0.4817387983636401,-0.47587516643273764,-0.9459901438936047,-1.8693415825147164,0.9693059442503893,0.4817212571196501,-0.475857827108561,-0.9458522242060329,-1.8682507283677097,39.70951394646152,79.41902789292304,,,,,,
2026-10-08,CLCD17,CELESC DISTRIBUIÇÃO S/A,CELESC DISTRIBUICAO S.A.,Celesc Distribuicao,inferido,DI_MAIS,N,Quirografária,S,CELESC DISTRIBUICAO S.A.,08336783000190,0.8505,0.0728,1036.982063,2031-07-15,,,3.1109,ok DI+,ok DI+,85.05,10,3.1084186296692686,-0.07976374459903467,3.0822044805620883,14.321845615781838,3.155227044598119,1.5591796768301691,-1.523372062688566,-3.0119605629690627,-5.888711327696694,3.153813708640998,1.5590045473007716,-1.5231999332613169,-3.0105952524831796,-5.877972048808541,13.796943151625326,27.593886303250653,,,,,,
2026-10-08,CLCD18,CELESC DISTRIBUIÇÃO S/A,CELESC DISTRIBUICAO S.A.,Celesc Distribuicao,inferido,DI_MAIS,N,Quirografária,S,CELESC DISTRIBUICAO S.A.,08336783000190,0.8,0.0,1022.771589,2031-07-30,,,3.0997,ok DI+,ok DI+,80.0,10,3.0967120624756155,-0.09639440992303838,3.0721349826146978,14.382431866838125,3.1454870553967895,1.5542239284494164,-1.5182647437509633,-3.001613031029815,-5.867553519805114,3.1440471419488887,1.5540455311408967,-1.5180894514738013,-3.0002228232805073,-5.856621327892634,13.020261227570135,26.04052245514027,,,,,,
2026-10-08,CLCD19,CELESC DISTRIBUIÇÃO S/A,CELESC DISTRIBUICAO S.A.,Celesc Distribuicao,inferido,DI_MAIS,N,Quirografária,S,CELESC DISTRIBUICAO S.A.,08336783000190,0.3958,0.0031,1124.473723,2027-02-28,,,0.377,ok DI+,ok DI+,39.58,1,0.376984126984127,-0.004210349037937586,0.37549790627110596,0.5150162475767327,0.3780934824363369,0.18839527447300775,-0.18710771255441294,-0.37294297839177704,-0.740855381814487,0.37807298750898966,0.1883927234450239,-0.18710518282608207,-0.3729228250332223,-0.7406954875906773,52.703356448842094,105.40671289768419,,,,,,
2026-10-08,CLII12,CORREDOR LOGISTICA E INFRAESTRUTURA S.A,CORREDOR LOGISTICA E INFRAESTRUTURA S.A,Isolada (a identificar),,DI_MAIS,N,Real,S,CORREDOR LOGISTICA E INFRAESTRUTURA S.A,15114494000102,1.8393,0.019,1048.192702,2031-10-10,,,2.3041,ok DI+,ok DI+,183.93,11,2.3049205253541514,0.03561153396776771,2.2632917992898136,9.857062125159766,2.313529727943542,1.144085270384121,-1.1194405972427157,-2.2149268063556327,-4.336681718177893,2.3125771099156127,1.1439672273013566,-1.119324571988457,-2.214006488664015,-4.329442356076433,40.63329351913757,81.26658703827513,,,,,,
2026-10-08,CLIS11,CLI SUL S/A,CLI SUL S/A,Isolada (a identificar),,DI_MAIS,N,Quirografária,S,CLI SUL S/A,43514079000181,1.7402,0.1001,1130.986858,2031-10-10,,,2.1729,ok DI+,ok DI+,174.02,6,2.183050887010953,0.4671584983640763,2.1457112203543467,9.33978283437819,2.193314240744737,1.0846423678641637,-1.0612909907117274,-2.0998856770324648,-4.111496556532468,2.1924101345262375,1.0845303387201461,-1.0611808816342005,-2.099012306182456,-4.1046267840211295,40.55065713159249,81.10131426318497,,,,,,
2026-10-08,CLMOA2,CALAMO DISTRIBUIDORA DE PRODUTOS DE BELEZA S/A,CALAMO DISTRIBUIDORA DE PRODUTOS DE BELEZA S.A.,Calamo Distribuidora,inferido,DI_MAIS,N,Quirografária,S,CALAMO DISTRIBUIDORA DE PRODUTOS DE BELEZA S.A.,06147451001104,0.7408,0.0778,1027.381518,2031-08-27,,,3.0677,ok DI+,ok DI+,74.08,10,3.0647548082916756,-0.09600651003436783,3.0422180569259676,13.995546074071573,3.11357901141609,1.5387748474328333,-1.5037830235285599,-2.9735761879981393,-5.8150315046814445,3.1121957872963257,1.5386034610555734,-1.5036145958703944,-2.97224032655561,-5.804525192370504,12.175327115580712,24.350654231161425,,,,,,
2026-10-08,CLMOA4,CALAMO DISTRIBUIDORA DE PRODUTOS DE BELEZA S/A,CALAMO DISTRIBUIDORA DE PRODUTOS DE BELEZA S.A.,Calamo Distribuidora,inferido,DI_MAIS,N,Quirografária,S,CALAMO DISTRIBUIDORA DE PRODUTOS DE BELEZA S.A.,06147451001104,0.7,0.0,1063.534239,2032-11-27,,,3.6694,ok DI+,ok DI+,69.99999999999999,13,3.66386201077479,-0.15092356312231137,3.6383932579690073,20.205670651894515,3.7417675790728078,1.8447440156964978,-1.7942241061277064,-3.5396190984068987,-6.890358857291257,3.7394216112284795,1.8444537172993714,-1.7939395406696355,-3.537364904709534,-6.872673102900123,9.61963084208698,19.23926168417396,,,,,,
2026-10-08,CMED13,CIMED & CO S.A.,CIMED & CO S.A.,Cimed Co,inferido,DI_MAIS,N,Quirografária,S,CIMED & CO S.A.,16619378000108,1.4538,0.1357,1050.530971,2029-05-02,,,1.7296,ok DI+,ok DI+,145.38,6,1.731661628658505,0.11919684658330824,1.7068474799943472,5.122169456031746,1.7328116217106393,0.8598703285820131,-0.8470643456351401,-1.6815809748318533,-3.313971787015779,1.7324583272745058,0.8598264518172132,-0.8470210281771338,-1.681236632714188,-3.311251570868059,42.587284951928304,85.17456990385661,,,,,,
2026-10-08,CMGD18,CEMIG DISTRIBUIÇÃO S/A,CEMIG DISTRIBUICAO S/A,Cemig,CVM FRE,DI_MAIS,N,Quirografária,S,CEMIG DISTRIBUICAO S/A,06981180000116,0.5472,0.0224,1053.347022,2027-06-15,,,0.6329,ok DI+,ok DI+,54.720000000000006,2,0.6330353121510587,0.021379704701953564,0.6295901946061737,1.0376659829064718,0.6348246962689652,0.3160979248448159,-0.3135037078649705,-0.6244472035658588,-1.238786539122383,0.6347785245207062,0.31609217978171994,-0.3134980148244538,-0.6244018646916414,-1.238427069554218,43.456839440001836,86.91367888000367,,,,,,
2026-10-08,CMGDA0,CEMIG DISTRIBUIÇÃO S/A,CEMIG DISTRIBUICAO S/A,Cemig,CVM FRE,DI_MAIS,N,Quirografária,S,CEMIG DISTRIBUICAO S/A,06981180000116,0.4466,0.0528,1026.273099,2029-02-15,,,1.6479,ok DI+,ok DI+,44.660000000000004,5,1.6484649799429814,0.034284843921441606,1.6411356680494722,4.690998252494003,1.6649034677569619,0.8264704367288322,-0.8147424579680873,-1.6179857516545604,-3.1908621265565595,1.664590659311942,0.8264315818403536,-0.8147040862091186,-1.6176806767870022,-3.188451371049064,13.606431469824628,27.212862939649256,,,,,,
2026-10-08,CMGDA1,CEMIG DISTRIBUIÇÃO S/A,CEMIG DISTRIBUICAO S/A,Cemig,CVM FRE,DI_MAIS,N,Quirografária,N,CEMIG DISTRIBUICAO S/A,06981180000116,0.6,0.0,1007.324099,2031-09-15,,,3.4629,ok DI+,ok DI+,60.0,10,3.458280312806096,-0.13340515735088893,3.4376543864871727,17.198187160816932,3.525451569767468,1.7405486374735268,-1.6975491334906945,-3.353405088245842,-6.545032203865675,3.523645322291258,1.740324927194608,-1.6973294592925652,-3.3516634506830885,-6.5313450297580085,8.726880781827527,17.453761563655053,,,,,,
2026-10-08,CMGDA2,CEMIG DISTRIBUIÇÃO S/A,CEMIG DISTRIBUICAO S/A,Cemig,CVM FRE,DI_MAIS,N,Quirografária,S,CEMIG DISTRIBUICAO S/A,06981180000116,0.6471,0.0205,1017.253624,2032-03-15,,,3.7317,ok DI+,ok DI+,64.71000000000001,11,3.724831562705666,-0.18405652368448566,3.700883147855891,19.91822553134697,3.802709409311955,1.875616032310834,-1.8258151826273439,-3.6034425389644964,-7.020284714361402,3.8004742755126255,1.8753393558421292,-1.8255437920137614,-3.601292020199156,-7.003401785084843,8.742507857548784,17.485015715097568,,,,,,
2026-10-08,CMGDA3,CEMIG DISTRIBUIÇÃO S/A,CEMIG DISTRIBUICAO S/A,Cemig,CVM FRE,DI_MAIS,N,Quirografária,S,CEMIG DISTRIBUICAO S/A,06981180000116,0.5049,0.042,1072.853983,2030-04-15,,,2.3953,ok DI+,ok DI+,50.49,8,2.397721569566191,0.10109671298754484,2.3856762899780914,9.161997462152124,2.4322543749069503,1.2043859265989054,-1.181479509585337,-2.3406116163342428,-4.5939877545639,2.4314862772888524,1.2042906418167358,-1.1813856481613558,-2.339866302667331,-4.58811263071314,10.581905058138393,21.163810116276785,,,,,,
2026-10-08,CMGDA6,CEMIG DISTRIBUIÇÃO S/A,CEMIG DISTRIBUICAO S/A,Cemig,CVM FRE,DI_MAIS,N,Quirografária,S,CEMIG DISTRIBUICAO S/A,06981180000116,0.742,0.0252,1011.875761,2036-08-15,,,5.087,ok DI+,ok DI+ aprox,74.19999999999999,,,,5.0495324690794305,,5.0495324690794305,2.5247662345397153,-2.5247662345397153,-5.0495324690794305,-10.099064938158861,5.0495324690794305,2.5247662345397153,-2.5247662345397153,-5.0495324690794305,-10.099064938158861,7.347214861411441,14.694429722822882,,,,,,
2026-10-08,CMGDB3,CEMIG DISTRIBUIÇÃO S/A,CEMIG DISTRIBUICAO S/A,Cemig,CVM FRE,DI_MAIS,N,Quirografária,S,CEMIG DISTRIBUICAO S/A,06981180000116,0.6054,0.0511,1077.625863,2032-04-15,,,3.5663,ok DI+,ok DI+,60.540000000000006,12,3.563695597280703,-0.07302814455589406,3.542250810871686,19.31675649737166,3.6410278745926172,1.7955428190235878,-1.7472456883358523,-3.44777643553299,-6.7147234931625555,3.638834593358544,1.7952713510575578,-1.7469794598141284,-3.445667028384828,-6.698166491795939,8.54541409295382,17.09082818590764,,,,,,
2026-10-08,CMGTA0,CEMIG GERAÇÃO E TRANSMISSÃO S/A,CEMIG GERACAO E TRANSMISSAO S/A,Cemig,CVM FRE,DI_MAIS,N,Quirografária,S,CEMIG GERACAO E TRANSMISSAO S/A,06981176000158,0.5104,0.0252,1012.349929,2030-03-15,,,2.4797,ok DI+,ok DI+,51.04,7,2.4794671027417836,-0.009392154624195685,2.466876166786505,9.295462731997032,2.5141209495916694,1.2451526277109215,-1.2219125662807029,-2.421143837527562,-4.753716675068054,2.51335348044649,1.2450574118082487,-1.2218187549782562,-2.4203988531265197,-4.7478430789330694,10.345067313712718,20.690134627425437,,,,,,
2026-10-08,CMGTA2,CEMIG GERAÇÃO E TRANSMISSÃO S/A,CEMIG GERACAO E TRANSMISSAO S/A,Cemig,CVM FRE,DI_MAIS,N,Quirografária,S,CEMIG GERACAO E TRANSMISSAO S/A,06981176000158,0.5614,0.0282,1051.630424,2031-06-10,,,3.176,ok DI+,ok DI+,56.14,10,3.173824807564194,-0.068488426820095,3.1561064260881353,15.088507697911627,3.2330724714129566,1.5971025975504816,-1.5593780346498387,-3.0821346706875197,-6.022007988975043,3.2315489645776934,1.596913847666457,-1.559192578421678,-3.0806638875985772,-6.0104426982180374,8.893869917685766,17.787739835371532,,,,,,
2026-10-08,CMGTC3,CEMIG GERAÇÃO E TRANSMISSÃO S/A,CEMIG GERACAO E TRANSMISSAO S/A,Cemig,CVM FRE,DI_MAIS,N,Quirografária,S,CEMIG GERACAO E TRANSMISSAO S/A,06981176000158,0.6575,0.0002,1010.709396,2033-08-15,,,4.4531,ok DI+,ok DI+,65.75,14,4.439066204964813,-0.31514664020990824,4.410069994749335,28.48345780390893,4.5562760191944385,2.2411075560789806,-2.169888527057473,-4.271275190924461,-8.27882438071319,4.55248728376888,2.2406393196295538,-2.1694306751197816,-4.267652705729791,-8.250470833420492,7.454530209076327,14.909060418152654,,,,,,
2026-10-08,CMPH14,CM HOSPITALAR S.A.,CM HOSPITALAR S.A.,Cm Hospitalar,CVM FRE,DI_MAIS,N,Quirografária,S,CM HOSPITALAR S.A.,12420164000157,,,513.167547,2034-01-30,,,,fora do escopo (não IPCA+ nem DI+),,,,,,,,,,,,,,,,,,,,,,,,,
2026-10-08,CMTR19,CEMIG GERAÇÃO E TRANSMISSÃO S/A,CEMIG GERACAO E TRANSMISSAO S/A,Cemig,CVM FRE,DI_MAIS,N,Quirografária,S,CEMIG GERACAO E TRANSMISSAO S/A,06981176000158,0.5598,0.0229,702.007941,2027-12-15,,,0.6271,ok DI+,ok DI+,55.98,3,0.6275395440276847,0.07009153686569244,0.6240461337708356,1.2440756188962923,0.6303304495628437,0.31358611269021175,-0.31047584317065446,-0.6178884045300759,-1.2237069424070102,0.630266511865317,0.31357816140903816,-0.31046797236179746,-0.6178257556763542,-1.2232107551637454,44.85245318462078,89.70490636924156,,,,,,
2026-10-08,CNLM16,CONCESSIONARIA DA LINHA 4 DO METRO DE SAO PAULO S/A,CONCESSIONARIA DA LINHA 4 DO METRO DE SAO PAULO S/A,Motiva (ex-CCR),CVM FRE,DI_MAIS,N,Quirografária,S,CONCESSIONARIA DA LINHA 4 DO METRO DE SAO PAULO S/A,07682638000107,0.6019,0.0567,1062.074862,2031-06-15,,,2.8568,ok DI+,ok DI+,60.19,10,2.855529040034802,-0.0444889374544204,2.8384444429327895,12.621337750194279,2.902763855001833,1.4351491854822207,-1.4035933064520778,-2.7765099039977925,-5.433684485338319,2.901551131683761,1.4349988936541376,-1.4034455492786522,-2.7753377541818183,-5.424462130861694,10.60263838347482,21.20527676694964,,,,,,
2026-10-08,CNLM17,CONCESSIONARIA DA LINHA 4 DO METRO DE SAO PAULO S/A,CONCESSIONARIA DA LINHA 4 DO METRO DE SAO PAULO S/A,Motiva (ex-CCR),CVM FRE,DI_MAIS,N,Quirografária,S,CONCESSIONARIA DA LINHA 4 DO METRO DE SAO PAULO S/A,07682638000107,0.7124,0.0363,1081.095568,2033-04-15,,,4.043,ok DI+,ok DI+,71.24,14,4.035957048506249,-0.17420112524737963,4.007408271976687,24.83879491800026,4.134781186386682,2.035145655864956,-1.973040242814239,-3.8862583478766255,-7.541883929330728,4.131602246566689,2.034752629635844,-1.9726556423408432,-3.883214297386686,-7.51804064559337,8.88853782358196,17.77707564716392,,,,,,
2026-10-08,COCEA2,COMPANHIA ENERGÉTICA DO CEARÁ - COELCE,COMPANHIA ENERGETICA DO CEARA-COELCE,Enel,CVM FRE,DI_MAIS,N,Quirografária,S,COMPANHIA ENERGETICA DO CEARA-COELCE,07047251000170,1.4714,0.063,1051.130213,2029-05-15,,,2.1302,ok DI+,ok DI+,147.14,6,2.1319887711616077,0.08397198204900033,2.1010735745851616,7.100210375415708,2.137104062600903,1.0594777787244825,-1.0417263681827715,-2.0660878014715833,-4.064210666688406,2.1365746264622403,1.0594120502618505,-1.0416615243233112,-2.065572522708083,-4.060142941662009,35.01543253406809,70.03086506813618,,,,,,
2026-10-08,COGNA4,COGNA EDUCACAO S.A,COGNA EDUCACAO S.A,Cogna Educacao,inferido,DI_MAIS,N,Quirografária,S,COGNA EDUCACAO S.A,02800026000140,1.2195,0.0365,1068.717887,2029-11-19,,,2.1269,ok DI+,ok DI+,121.95,7,2.128462900868102,0.0734825740797489,2.1028190228840313,7.287143477833924,2.139817066078087,1.0605882345170237,-1.0423694020413765,-2.066930044788995,-4.06420916539052,2.1392547402732007,1.060518440789308,-1.0423005820947233,-2.066383305494862,-4.059895176211384,28.996789232186217,57.99357846437243,,,,,,
2026-10-08,COGNA5,COGNA EDUCACAO S.A,COGNA EDUCACAO S.A,Cogna Educacao,inferido,DI_MAIS,N,Quirografária,S,COGNA EDUCACAO S.A,02800026000140,1.0198,0.0634,1024.785819,2028-11-17,,,1.8394,ok DI+,ok DI+,101.98,5,1.840237117744407,0.045510369925360984,1.8216598307900107,5.407663065806824,1.8490622167380177,0.9176347174372657,-0.9041149988934127,-1.7949766098354636,-3.537972509074516,1.848698146119045,0.9175894942272639,-0.9040703365627469,-1.7946215154609768,-3.5351664002638854,27.99095590634331,55.98191181268662,,,,,,
2026-10-08,COGNB2,COGNA EDUCACAO S.A,COGNA EDUCACAO S.A,Cogna Educacao,inferido,DI_MAIS,N,Quirografária,S,COGNA EDUCACAO S.A,02800026000140,1.15,0.0,1069.791667,2029-05-15,,,1.7551,ok DI+,ok DI+ aprox,115.0,,,,1.7351458230350965,,1.7351458230350965,0.8675729115175482,-0.8675729115175482,-1.7351458230350965,-3.470291646070193,1.7351458230350965,0.8675729115175482,-0.8675729115175482,-1.7351458230350965,-3.470291646070193,33.13842516095949,66.27685032191899,,,,,,
2026-10-08,COLNA3,RODOVIAS DAS COLINAS S/A,RODOVIAS DAS COLINAS S.A,Isolada (a identificar),,DI_MAIS,N,Quirografária,S,RODOVIAS DAS COLINAS S.A,03025305000146,0.7872,0.0379,1028.67275,2032-01-15,,,3.0569,ok DI+,ok DI+,78.72,11,3.053740218528687,-0.1033655491286312,3.029888932849297,14.50145062376639,3.1038930356920957,1.5332566770172917,-1.4969997200621088,-2.9588252132098036,-5.781094199041881,3.102396185968129,1.5330712797043566,-1.4968176531449404,-2.957381679730465,-5.769748853223266,12.990575190155896,25.981150380311792,,,,,,
2026-10-08,CPFGA3,CPFL GERAÇÃO DE ENERGIA S/A,CPFL TRANSMISSAO S.A.,CPFL,CVM FRE,DI_MAIS,N,Quirografária,S,CPFL TRANSMISSAO S.A.,92715812000131,0.5,0.0,1013.801249,2031-09-10,,,3.3987,ok DI+,ok DI+,50.0,20,3.393636341667289,-0.14898809346840938,3.3767525787734223,16.803313783062286,3.4625204660091224,1.7095973562767153,-1.6675851913401374,-3.2944252131018703,-6.430715977425939,3.4607691476887337,1.709380431615539,-1.6673721471578835,-3.2927360098581113,-6.4174388818856,7.40356286603653,14.80712573207306,,,,,,
2026-10-08,CPFPA6,COMPANHIA PIRATININGA DE FORÇA E LUZ,COMPANHIA PIRATININGA DE FORCA E LUZ,CPFL,CVM FRE,DI_MAIS,N,Quirografária,S,COMPANHIA PIRATININGA DE FORCA E LUZ,04172213000151,0.3127,0.0217,417.515696,2028-06-05,,,0.8368,ok DI+,ok DI+,31.269999999999996,7,0.8371471451602586,0.04148484228711488,0.8345375462531249,1.7716681228156341,0.8434915226123607,0.41949524892024304,-0.41506595294461546,-0.8257728307084045,-1.634382937764911,0.8433958868672032,0.419483358280082,-0.415054187973043,-0.8256792056390467,-1.6336417300499375,18.73492699063982,37.46985398127964,,,,,,
2026-10-08,CPFPA8,COMPANHIA PIRATININGA DE FORÇA E LUZ,COMPANHIA PIRATININGA DE FORCA E LUZ,CPFL,CVM FRE,DI_MAIS,N,Quirografária,S,COMPANHIA PIRATININGA DE FORCA E LUZ,04172213000151,0.4056,0.0166,1012.411438,2029-09-10,,,2.0812,ok DI+,ok DI+,40.56,12,2.0813551426076664,0.007454478554029873,2.072947268486684,6.851428421286248,2.1077106847736893,1.0451007732700912,-1.0279713576473504,-2.0391828822468594,-4.012755973876381,2.107204410593115,1.0450379197699498,-1.0279093487167341,-2.038690126380253,-4.008865968547643,9.783172157005726,19.566344314011452,,,,,,
2026-10-08,CPFPB8,COMPANHIA PIRATININGA DE FORÇA E LUZ,COMPANHIA PIRATININGA DE FORCA E LUZ,CPFL,CVM FRE,DI_MAIS,N,Quirografária,S,COMPANHIA PIRATININGA DE FORCA E LUZ,04172213000151,0.5172,0.0385,1013.211808,2031-09-10,,,3.3983,ok DI+,ok DI+,51.71999999999999,20,3.3932835396977574,-0.1476167584451771,3.3758237791121894,16.795327719819188,3.4615505715933415,1.709122829914822,-1.667130633726921,-3.2935352328986367,-6.429009406928055,3.4598004177112855,1.7089060492058685,-1.666917729906321,-3.2918471405130934,-6.4157410038279945,7.660352462710876,15.320704925421753,,,,,,
2026-10-08,CPGT17,COPEL GERAÇÃO E TRANSMISSÃO S/A,COPEL GERACAO E TRANSMISSAO S.A.,Copel,CVM FRE,DI_MAIS,N,Quirografária,S,COPEL GERACAO E TRANSMISSAO S.A.,04370282000170,0.5124,0.0336,536.67733,2026-10-15,,,0.0159,ok DI+,ok DI+,51.24,1,0.015873015873015872,-0.16971149046621886,0.01579209716713149,0.01596102515874796,0.015872439629438517,0.007916066751523232,-0.007876163797970737,-0.015712821811630917,-0.03126917985293298,0.01587190229292523,0.00791599986501418,-0.00787609730211731,-0.015712292041337752,-0.03126497383108802,1622.3304434400002,3244.6608868800004,,,,,,
2026-10-08,CPGT18,COPEL GERAÇÃO E TRANSMISSÃO S/A,COPEL GERACAO E TRANSMISSAO S.A.,Copel,CVM FRE,DI_MAIS,N,Quirografária,S,COPEL GERACAO E TRANSMISSAO S.A.,04370282000170,0.5,0.0,1056.24829,2030-01-15,,,2.2936,ok DI+,ok DI+,50.0,7,2.293778946467703,0.0078019910927314955,2.2823671109131376,8.261795727432895,2.3243372161267706,1.1515928382144214,-1.1309371686007097,-2.2417003668877777,-4.404563630883285,2.323676089550302,1.15151080011586,-1.1308563107972778,-2.2410581322759735,-4.399498307277618,10.953540243575414,21.90708048715083,,,,,,
2026-10-08,CPGT19,COPEL GERAÇÃO E TRANSMISSÃO S/A,COPEL GERACAO E TRANSMISSAO S.A.,Copel,CVM FRE,DI_MAIS,N,Quirografária,S,COPEL GERACAO E TRANSMISSAO S.A.,04370282000170,0.3792,0.0203,1073.105038,2029-10-10,,,1.6692,ok DI+,ok DI+,37.919999999999995,7,1.6715945886887154,0.14345726627817745,1.665279847506969,5.268021898307826,1.692007309199206,0.8392730373685486,-0.8261023304106385,-1.639316650415068,-3.2281743890376635,1.6916199569985084,0.8392249511263694,-0.8260548963805998,-1.63893973801543,-3.2251992570477817,11.385473755888139,22.770947511776278,,,,,,
2026-10-08,CPGT29,COPEL GERAÇÃO E TRANSMISSÃO S/A,COPEL GERACAO E TRANSMISSAO S.A.,Copel,CVM FRE,DI_MAIS,N,Quirografária,S,COPEL GERACAO E TRANSMISSAO S.A.,04370282000170,0.6069,0.041,1074.414171,2031-10-10,,,3.2954,ok DI+,ok DI+,60.69,11,3.294898786064391,-0.015209502203346803,3.275022673459167,16.57196908945253,3.359640704527833,1.6584440377725107,-1.6170101523773073,-3.1938575767423094,-6.231922584575167,3.35788251890643,1.6582262980913993,-1.6167963753677679,-3.1921628280119045,-6.218605965129284,9.265584707524727,18.531169415049455,,,,,,
2026-10-08,CPGT39,COPEL GERAÇÃO E TRANSMISSÃO S/A,COPEL GERACAO E TRANSMISSAO S.A.,Copel,CVM FRE,DI_MAIS,N,Quirografária,S,COPEL GERACAO E TRANSMISSAO S.A.,04370282000170,0.7772,0.0026,1081.047334,2034-10-10,,,4.4394,ok DI+,ok DI+,77.72,17,4.428349882772306,-0.24891015064410107,4.394198174559629,30.38903302186738,4.55048864645986,2.235621953838951,-2.159636623206218,-4.246394223308025,-8.212979700225508,4.5461433396689666,2.2350853785571485,-2.1591127960024803,-4.242253009450292,-8.180615688681911,8.84347916418094,17.68695832836188,,,,,,
2026-10-08,CPGTA0,COPEL GERAÇÃO E TRANSMISSÃO S/A,COPEL GERACAO E TRANSMISSAO S.A.,Copel,CVM FRE,DI_MAIS,N,Quirografária,S,COPEL GERACAO E TRANSMISSAO S.A.,04370282000170,0.4167,0.0336,1022.946284,2029-02-15,,,1.6501,ok DI+,ok DI+,41.67000000000001,5,1.6506219258034276,0.031629949907744495,1.6437723265188235,4.701692981000817,1.6675944718652858,0.8278022425981746,-0.8160475253948696,-1.6205697833521215,-3.1959282289702684,1.6672807914238277,0.8277632794856629,-0.8160090470331609,-1.6202638616138199,-3.193510793417631,12.675113009186806,25.35022601837361,,,,,,
2026-10-08,CPGTB0,COPEL GERAÇÃO E TRANSMISSÃO S/A,COPEL GERACAO E TRANSMISSAO S.A.,Copel,CVM FRE,DI_MAIS,N,Quirografária,S,COPEL GERACAO E TRANSMISSAO S.A.,04370282000170,0.5908,0.0325,1027.739577,2032-02-15,,,3.6561,ok DI+,ok DI+,59.08,11,3.6497627749812978,-0.17333292357162422,3.6283266213026417,19.32710273029691,3.7271108049483415,1.8385881839282359,-1.7902653864810714,-3.5337590868793733,-6.886348578161083,3.724962134954126,1.8383221890641919,-1.7900044322384498,-3.5316911076511572,-6.870111187999345,8.141494160576578,16.282988321153155,,,,,,
2026-10-08,CPLD19,COPEL DISTRIBUICAO S/A,COPEL  DISTRIBUICAO S/A,Copel,CVM FRE,DI_MAIS,N,Quirografária,N,COPEL  DISTRIBUICAO S/A,04368898000106,0.5299,0.0153,1059.309026,2031-05-15,,,2.7865,ok DI+,ok DI+,52.99000000000001,10,2.786533992316031,0.0012198929133626715,2.771845980465544,12.171162158462515,2.833858535433964,1.401280308693198,-1.3708500075213181,-2.7121085626312436,-5.309069441715919,2.8327017912578567,1.40113694293085,-1.370709037534694,-2.7109901696732313,-5.3002687177618375,9.558611909435909,19.117223818871818,,,,,,
2026-10-08,CPLD27,COPEL DISTRIBUICAO S/A,COPEL  DISTRIBUICAO S/A,Copel,CVM FRE,DI_MAIS,N,Quirografária,S,COPEL  DISTRIBUICAO S/A,04368898000106,0.7577,0.0505,531.990643,2027-05-15,,,0.5532,ok DI+,ok DI+,75.77000000000001,2,0.5534376588563091,0.04296074770591262,0.549275796148889,0.8620007667932776,0.5536229614599986,0.2757200234303703,-0.27356498071360313,-0.5450022992695258,-1.081601081374861,0.5535857999828554,0.2757153990329361,-0.2735603971159529,-0.5449657923149226,-1.0813115769619126,68.97263681673448,137.94527363346896,,,,,,
2026-10-08,CPLDA0,COPEL DISTRIBUICAO S/A,COPEL  DISTRIBUICAO S/A,Copel,CVM FRE,DI_MAIS,N,Quirografária,S,COPEL  DISTRIBUICAO S/A,04368898000106,0.441,0.0322,1032.272007,2030-07-15,,,2.3369,ok DI+,ok DI+,44.1,8,2.336960189687426,0.002575621011860149,2.3266994451343836,8.638645289742264,2.3706032528184595,1.1742361861549089,-1.1526382702231386,-2.284195947213774,-4.486063813565244,2.369892671583095,1.1741480291793698,-1.1525514159550139,-2.2835062186856723,-4.480625984473922,9.47694385113263,18.95388770226526,,,,,,
2026-10-08,CPLDA2,COPEL DISTRIBUICAO S/A,COPEL  DISTRIBUICAO S/A,Copel,CVM FRE,DI_MAIS,N,Quirografária,S,COPEL  DISTRIBUICAO S/A,04368898000106,0.3757,0.0287,1027.29664,2028-07-15,,,1.5839,ok DI+,ok DI+,37.57,4,1.5847477623805686,0.0535237313320598,1.5788161501046254,4.236636407754975,1.6002636758928768,0.7947367181017295,-0.7841447431731874,-1.5578911662911477,-3.0749413943390036,1.5999993321434005,0.7947038705620064,-0.7841122795426191,-1.5576329680658507,-3.072899572054151,11.898155462087939,23.796310924175877,,,,,,
2026-10-08,CPLDB0,COPEL DISTRIBUICAO S/A,COPEL  DISTRIBUICAO S/A,Copel,CVM FRE,DI_MAIS,N,Quirografária,S,COPEL  DISTRIBUICAO S/A,04368898000106,0.5725,0.0406,1033.207233,2032-07-15,,,3.9464,ok DI+,ok DI+,57.25,12,3.937719113788486,-0.21996974993700513,3.9153039983976594,22.71267394699078,4.0315955580006335,1.9863803487813358,-1.929591828036048,-3.8043593869801717,-7.39689031682701,4.028867368132613,1.9860428416325682,-1.9292611567650915,-3.801740628662706,-7.3763545178555034,7.311054265956053,14.622108531912106,,,,,,
2026-10-08,CPREA0,CPFL ENERGIAS RENOVÁVEIS,CPFL ENERGIAS RENOVAVEIS S.A,CPFL,CVM FRE,DI_MAIS,N,Quirografária,S,CPFL ENERGIAS RENOVAVEIS S.A,08439659000150,0.4107,0.0275,1061.680782,2028-12-12,,,1.8587,ok DI+,ok DI+,41.07000000000001,5,1.8599045675217165,0.06480698992395185,1.8522971829911716,5.6401192586411195,1.880885729619508,0.9332469243062524,-0.9191460176165456,-1.8244747968078734,-3.5947800867480506,1.8804977792843773,0.9331987405688873,-0.9190984424222846,-1.8240965866979664,-3.5917919808095213,11.086233995583353,22.172467991166705,,,,,,
2026-10-08,CPTE12,CACHOEIRA PAULISTA TRANS. DE ENERGIA S/A,CACHOEIRA PAULISTA TRANSMISSORA DE ENERGIA S.A.,Isolada (a identificar),,DI_MAIS,N,Real,S,CACHOEIRA PAULISTA TRANSMISSORA DE ENERGIA S.A.,05336882000184,0.8609,0.0455,661.327493,2031-07-15,,,2.1974,ok DI+,ok DI+,86.09,10,2.1964610355017133,-0.04273070439094732,2.177713103394589,8.866207172485039,2.2228583557140302,1.1000402395001885,-1.0778730652390545,-2.134169770278349,-4.184302408032847,2.2220441392570143,1.099939310662901,-1.0777737927316884,-2.1333820675321644,-4.178102063339478,19.766148228112346,39.53229645622469,,,,,,
2026-10-08,CSAN15,COSAN S.A.,COSAN S.A.,Rumo,CVM FRE,DI_MAIS,N,Quirografária,S,COSAN S.A.,50746577000115,2.1042,0.1213,1080.466813,2028-04-20,,,1.3152,ok DI+,ok DI+,210.42000000000002,4,1.3173283126002484,0.16182425488507324,1.2901803379295351,3.1212643823661192,1.305966202395581,0.6490140681485901,-0.6412106632266656,-1.2747496525768454,-2.5193253465511045,1.3057866598413657,0.6489917494427251,-0.6411885884868099,-1.2745740160177044,-2.5179353882117477,81.54673955800602,163.09347911601205,,,,,,
2026-10-08,CSAN18,COSAN S.A.,COSAN S.A.,Rumo,CVM FRE,DI_MAIS,N,Quirografária,S,COSAN S.A.,50746577000115,1.5227,0.036,1041.719428,2031-01-21,,,2.9396,ok DI+,ok DI+,152.26999999999998,9,2.9377236191913547,-0.06383116099623325,2.893661830498356,12.742012637837743,2.958570657595727,1.4629070265766764,-1.4310495538238155,-2.831111452675139,-5.541611547231784,2.957371893687545,1.4627584310464754,-1.430903399451881,-2.8299517673091676,-5.532483408239957,26.31095285480811,52.62190570961622,,,,,,
2026-10-08,CSAN23,COSAN S.A.,COSAN S.A.,Rumo,CVM FRE,DI_MAIS,N,Quirografária,S,COSAN S.A.,50746577000115,1.8175,0.1302,1027.605911,2031-08-15,,,2.9866,ok DI+,ok DI+,181.75,10,2.984004433079663,-0.08690708231223612,2.9307382651112657,13.18786769357418,2.997956545790892,1.4820124562202386,-1.4490400963207417,-2.8660347970591804,-5.607441796592916,2.9966776035791365,1.4818539671726005,-1.4488842979386651,-2.864798926643395,-5.597719176351048,31.00754546450429,62.01509092900858,,,,,,
2026-10-08,CSAN24,COSAN S.A.,COSAN S.A.,Rumo,CVM FRE,DI_MAIS,N,Quirografária,S,COSAN S.A.,50746577000115,1.8858,0.1038,1068.433083,2032-05-05,,,3.2502,ok DI+,ok DI+,188.57999999999998,12,3.248192937247711,-0.06175197687185443,3.1880722703730164,16.061950170627824,3.270098828081447,1.6143261624850025,-1.574167369135926,-3.1094166066055418,-6.0678997771336345,3.268382021226156,1.6141135728997928,-1.5739586974732236,-3.1077625195198775,-6.054905537333476,29.575866543630053,59.151733087260105,,,,,,
2026-10-08,CSANA0,COSAN S.A.,COSAN S.A.,Rumo,CVM FRE,DI_MAIS,N,Quirografária,S,COSAN S.A.,50746577000115,1.45,0.0,1032.252178,2029-06-28,,,1.888,ok DI+,ok DI+,145.0,6,1.8887127685329959,0.037752570603599336,1.8617178595692419,5.829528184443348,1.8912809767189787,0.9381974303439344,-0.9236229349548486,-1.8329748904017173,-3.610040898155875,1.890865500491459,0.9381458400151752,-0.9235720195540668,-1.8325702186470252,-3.6068451554496175,38.94252806747785,77.8850561349557,,,,,,
2026-10-08,CSANA2,COSAN S.A.,COSAN S.A.,Rumo,CVM FRE,DI_MAIS,N,Quirografária,S,COSAN S.A.,50746577000115,1.6804,0.03,1213.119447,2029-01-27,,,2.2817,ok DI+,ok DI+,168.04,1,2.2817460317460316,0.0020174320038477377,2.2440372301309117,7.242654791251118,2.2807654990111947,1.1311358875490285,-1.1130284256286482,-2.2083257479876495,-4.3471847934160035,2.2802505040871672,1.1310719335545198,-1.1129652965763919,-2.207823956174656,-4.3432213644368005,37.44144654636522,74.88289309273044,,,,,,
2026-10-08,CSANB0,COSAN S.A.,COSAN S.A.,Rumo,CVM FRE,DI_MAIS,N,Quirografária,S,COSAN S.A.,50746577000115,1.8102,0.1125,1028.625507,2034-06-28,,,4.359,ok DI+,ok DI+,181.02,16,4.345041233431265,-0.32022864346720104,4.267785775326308,28.10842252760331,4.412174435334393,2.1695036272243007,-2.0992217088085074,-4.130916313568012,-8.002130411544861,4.408327887964324,2.169028415822658,-2.09875735950365,-4.127243662688291,-7.9734031001005485,21.20771865431314,42.41543730862628,,,,,,
2026-10-08,CSANB1,COSAN S.A.,COSAN S.A.,Rumo,CVM FRE,DI_MAIS,N,Quirografária,S,COSAN S.A.,50746577000115,1.6865,0.14,1010.379467,2030-01-08,,,2.6285,ok DI+,ok DI+,168.65,7,2.628321048871296,-0.006808108377546439,2.584729584429886,10.155227020572832,2.6363633993726987,1.3051652254493895,-1.2797755717717574,-2.534785738986489,-4.972915531068645,2.6355057195327505,1.305058825990659,-1.279670758439227,-2.533953449327022,-4.966354628448316,32.62430256068724,65.24860512137448,,,,,,
2026-10-08,CSANB2,COSAN S.A.,COSAN S.A.,Rumo,CVM FRE,DI_MAIS,N,Quirografária,S,COSAN S.A.,50746577000115,1.485,0.0418,1222.040249,2030-03-27,,,2.3849,ok DI+,ok DI+,148.5,7,2.40280563574204,0.7507918882150272,2.3676460912864363,9.536163371358212,2.416160083824459,1.1958465838559196,-1.1720045854873407,-2.320772998907583,-4.550933182644934,2.4153269081432276,1.195743249857416,-1.1719028414290205,-2.319965274429645,-4.5445689151457085,31.360261262550868,62.720522525101735,,,,,,
2026-10-08,CSANC1,COSAN S.A.,COSAN S.A.,Rumo,CVM FRE,DI_MAIS,N,Quirografária,S,COSAN S.A.,50746577000115,2.1534,0.1738,995.265478,2035-01-08,,,4.9339,ok DI+,ok DI+,215.34,17,4.912124047923794,-0.4413537379396865,4.808576168706861,36.18772765460703,4.995140519794328,2.4502167824264953,-2.3597297463641254,-4.6329795854605615,-8.935074459837878,4.989514806979897,2.4495227439216896,-2.3590534247851718,-4.627637530433827,-8.893397784321582,22.391243524578503,44.782487049157005,,,,,,
2026-10-08,CSANC2,COSAN S.A.,COSAN S.A.,Rumo,CVM FRE,DI_MAIS,N,Quirografária,S,COSAN S.A.,50746577000115,1.8523,0.0971,1216.393754,2032-03-27,,,3.2839,ok DI+,ok DI+,185.23000000000002,11,3.3041099953705655,0.6154266381608894,3.2440209944896337,18.073748736997462,3.3365038293914573,1.6448642847580075,-1.59967473918734,-3.155683519073227,-6.142503215020101,3.3343897381746217,1.6446026831660638,-1.59941831132357,-3.1536522508046465,-6.126567014239319,28.549445320273175,57.09889064054635,,,,,,
2026-10-08,CSED12,CRUZEIRO DO SUL EDUCACIONAL S/A,CRUZEIRO DO SUL EDUCACIONAL S.A.,Cruzeiro Sul,CVM FRE,DI_MAIS,N,Quirografária,S,CRUZEIRO DO SUL EDUCACIONAL S.A.,62984091000102,0.7879,0.0256,1037.226055,2030-02-05,,,1.9864,ok DI+,ok DI+,78.79,7,1.9866383409344355,0.011998637456480695,1.9711079811509473,6.546516775614018,2.0043357961088804,0.9937986065494453,-0.9774314644920068,-1.9388570208559996,-3.8150862920528827,2.0038405650290176,0.9937371365449912,-0.9773708446059561,-1.9383753972728772,-3.8112856267896142,19.986221138933708,39.972442277867415,,,,,,
2026-10-08,CSED13,CRUZEIRO DO SUL EDUCACIONAL S/A,CRUZEIRO DO SUL EDUCACIONAL S.A.,Cruzeiro Sul,CVM FRE,DI_MAIS,N,Quirografária,S,CRUZEIRO DO SUL EDUCACIONAL S.A.,62984091000102,0.9171,0.0548,1058.02728,2030-11-15,,,2.7969,ok DI+,ok DI+,91.71000000000001,9,2.7972548686056,0.012687926118205094,2.771834375547454,11.952547135791278,2.8327009647654666,1.4009947200638528,-1.3711111379791974,-2.7131400492185653,-5.313029551817749,2.8315971112264102,1.400857871693466,-1.3709765038539878,-2.7120716398684976,-5.304617808379082,16.5431962329796,33.0863924659592,,,,,,
2026-10-08,CSMGA7,CIA DE SANEAMENTO DE M.GERAIS COPASA MG,COMPANHIA DE SANEAMENTO DE MINAS GERAIS COPASA MG,Copasa,inferido,DI_MAIS,N,Quirografária,S,COMPANHIA DE SANEAMENTO DE MINAS GERAIS COPASA MG,17281106000103,0.7369,0.0622,777.918926,2029-12-16,,,1.4697,ok DI+,ok DI+,73.69,13,1.4698895438190165,0.012896769341803088,1.4591371620717102,4.404432088262049,1.4814734442306632,0.7351131226395191,-0.7241015255974093,-1.4374208488964313,-2.832600597627555,1.4811593225130202,0.7350741211461825,-0.7240630409255274,-1.4371150016303997,-2.830185682378179,25.251224461781767,50.502448923563534,,,,,,
2026-10-08,CSMGA8,CIA DE SANEAMENTO DE M.GERAIS COPASA MG,COMPANHIA DE SANEAMENTO DE MINAS GERAIS COPASA MG,Copasa,inferido,DI_MAIS,N,Quirografária,S,COMPANHIA DE SANEAMENTO DE MINAS GERAIS COPASA MG,17281106000103,0.8151,0.0427,956.435733,2030-09-15,,,1.7421,ok DI+,ok DI+,81.51,16,1.7418766081952157,-0.012823133275027637,1.7277933644813284,5.932104845360191,1.7579261561698534,0.8713704109500897,-0.8565392959341112,-1.6985914548595549,-3.3405611541003077,1.757453888708129,0.8713118132973643,-0.8564815511839639,-1.6981328402545273,-3.3369446320554523,23.587890101797196,47.17578020359439,,,,,,
2026-10-08,CSMGA9,CIA DE SANEAMENTO DE M.GERAIS COPASA MG,COMPANHIA DE SANEAMENTO DE MINAS GERAIS COPASA MG,Copasa,inferido,DI_MAIS,N,Quirografária,S,COMPANHIA DE SANEAMENTO DE MINAS GERAIS COPASA MG,17281106000103,0.6577,0.0361,1041.336633,2034-07-15,,,3.0727,ok DI+,ok DI+,65.77,32,3.0663655894022606,-0.20615128706803942,3.046329877795996,16.512070199082757,3.1308860582538456,1.544051823174586,-1.5027664426964127,-2.9656820301618203,-5.777403977808193,3.1288902287914095,1.5438050266468515,-1.5025248511491447,-2.963769526800582,-5.762418351610337,10.794956987321454,21.589913974642908,,,,,,
2026-10-08,CSMGB0,CIA DE SANEAMENTO DE M.GERAIS COPASA MG,COMPANHIA DE SANEAMENTO DE MINAS GERAIS COPASA MG,Copasa,inferido,DI_MAIS,N,Quirografária,S,COMPANHIA DE SANEAMENTO DE MINAS GERAIS COPASA MG,17281106000103,0.5483,0.0889,1021.947094,2035-05-15,,,3.6058,ok DI+,ok DI+,54.83,35,3.5949224527365646,-0.30166806987174166,3.5753189787759365,21.189069668089,3.684024399423169,1.8144868723892094,-1.761506521599876,-3.4720108048826304,-6.747491940586103,3.681264327116382,1.8141458264730796,-1.7611731523028573,-3.469373630435492,-6.7268565641900935,7.667847306140479,15.335694612280959,,,,,,
2026-10-08,CSMGD1,CIA DE SANEAMENTO DE M.GERAIS COPASA MG,COMPANHIA DE SANEAMENTO DE MINAS GERAIS COPASA MG,Copasa,inferido,DI_MAIS,N,Quirografária,S,COMPANHIA DE SANEAMENTO DE MINAS GERAIS COPASA MG,17281106000103,0.6846,0.0351,1026.389648,2035-10-15,,,3.7751,ok DI+,ok DI+,68.46,37,3.7641589568631777,-0.2898212798819217,3.738564742635098,23.085711794233635,3.8571057710903967,1.8985239635972428,-1.8408007701572138,-3.6261059410283347,-7.038637721257568,3.853993301606266,1.8981395110603414,-1.840425231574757,-3.6231361836639304,-7.015415249385525,9.155920080676003,18.311840161352006,,,,,,
2026-10-08,CSMGD2,CIA DE SANEAMENTO DE M.GERAIS COPASA MG,COMPANHIA DE SANEAMENTO DE MINAS GERAIS COPASA MG,Copasa,inferido,DI_MAIS,N,Quirografária,S,COMPANHIA DE SANEAMENTO DE MINAS GERAIS COPASA MG,17281106000103,0.6386,0.0463,1009.593375,2036-03-15,,,4.0738,ok DI+,ok DI+,63.85999999999999,38,4.0630446256666595,-0.2640133127139486,4.037262666279797,26.006961057658085,4.170933830029289,2.051589022670375,-1.9865608767187681,-3.910692219192591,-7.581456698795308,4.167297471568087,2.051140034461971,-1.9861226318178258,-3.907227860991506,-7.554386111406432,7.908824032354186,15.817648064708372,,,,,,
2026-10-08,CSNAA1,COMPANHIA SIDERÚRGICA NACIONAL,COMPANHIA SIDERURGICA NACIONAL,Siderurgica Nacional,CVM FRE,DI_MAIS,N,Quirografária,S,COMPANHIA SIDERURGICA NACIONAL,33042730000104,17.0244,0.0292,881.242992,2028-11-10,,,1.312,ok DI+,ok DI+,1702.44,5,1.3137156397180632,0.13076522241334604,1.1225997652780644,2.5069837600673552,1.135268809561607,0.5644502919531114,-0.5581826630566722,-1.110196259112628,-2.1961006216255963,1.1351346840784013,0.5644336123391164,-0.5581661529389481,-1.1100648464777276,-2.195059855354782,758.2577747904262,1516.5155495808524,,,,,,
2026-10-08,CSNAA2,COMPANHIA SIDERÚRGICA NACIONAL,COMPANHIA SIDERURGICA NACIONAL,Siderurgica Nacional,CVM FRE,DI_MAIS,N,Quirografária,S,COMPANHIA SIDERURGICA NACIONAL,33042730000104,17.4342,0.0631,963.772349,2027-12-20,,,0.6046,ok DI+,ok DI+,1743.42,3,0.6049092692472315,0.051152703809380404,0.5151048580798707,0.870411788477307,0.519495036724904,0.258645187862272,-0.25646911738111955,-0.5107902610400727,-1.0130986087797167,0.5194569170222573,0.25864044377553197,-0.2564644143043387,-0.5107527991374842,-1.0128014803901952,1692.2962117838056,3384.592423567611,,,,,,
2026-10-08,CSRNA2,COMPANHIA ENERGÉTICA DO R. G. N. - COSERN,COMPANHIA ENERGETICA DO RIO GRANDE DO NORTE-COSERN,Neoenergia,CVM FRE,DI_MAIS,N,Quirografária,S,COMPANHIA ENERGETICA DO RIO GRANDE DO NORTE-COSERN,08324196000181,0.7395,0.0455,1016.277356,2031-03-15,,,3.1358,ok DI+,ok DI+,73.95,9,3.13312334009556,-0.08535811928184527,3.110123973312911,14.245469577339039,3.182736879665926,1.5730405314920315,-1.53742395480565,-3.040235719966744,-5.945873963610071,3.1813513211996063,1.572868823628129,-1.5372551496847817,-3.0388966254262155,-5.935338555079041,11.88859361146757,23.77718722293514,,,,,,
2026-10-08,CTEE19,ISA ENERGIA BRASIL S.A.,ISA ENERGIA BRASIL S.A.,ISA,CVM FRE,DI_MAIS,N,Quirografária,S,ISA ENERGIA BRASIL S.A.,02998611000104,0.3669,0.0501,1091.544277,2028-11-15,,,0.958,ok DI+,ok DI+,36.69,5,0.9589281367049727,0.09688274582178656,0.9554226908522359,2.4819415559140587,0.9679882809656926,0.4808331403369115,-0.47462805592313195,-0.9431651762766724,-1.8624098437861059,0.9678323986318061,0.48081377237101053,-0.47460891848122533,-0.9430129830726657,-1.8612065505861906,19.20092559622619,38.40185119245238,,,,,,
2026-10-08,CTNSA2,ENERGISA TOCANTINS - DISTRIBUIDORA DE ENERGIA S.A,ENERGISA TOCANTINS DISTRIBUIDORA DE ENERGIA S/A,Energisa,inferido,DI_MAIS,N,Quirografária,S,ENERGISA TOCANTINS DISTRIBUIDORA DE ENERGIA S/A,25086034000171,0.8427,0.0166,1021.647841,2030-02-25,,,2.7679,ok DI+,ok DI+,84.27000000000001,7,2.7670145211484467,-0.03199099864710874,2.743891745409878,11.18781560329665,2.800807116060211,1.3860517291516494,-1.3580803327116975,-2.688899227532271,-5.271485712649493,2.799830823426361,1.3859306422090596,-1.3579611032008179,-2.6879526673933944,-5.264027178753823,15.35592651221958,30.71185302443916,,,,,,
2026-10-08,CVCB14,CVC BRASIL OPERADORA E AGENCIA DE VIAGENS S.A.,CVC BRASIL OPERADORA E AGENCIA DE VIAGENS S.A.,Cvc Brasil,inferido,DI_MAIS,N,Flutuante,S,CVC BRASIL OPERADORA E AGENCIA DE VIAGENS S.A.,10760260000119,7.1061,0.5242,0.606481,2028-10-30,,,0.7003,ok DI+,ok DI+ aprox,710.61,,,,0.6538376432341388,,0.6538376432341388,0.3269188216170694,-0.3269188216170694,-0.6538376432341388,-1.3076752864682777,0.6538376432341388,0.3269188216170694,-0.3269188216170694,-0.6538376432341388,-1.3076752864682777,543.4147202698844,1086.8294405397687,,,,,,
2026-10-08,DASAB2,DIAGNÓSTICOS DA AMÉRICA S/A,DIAGNOSTICOS DA AMERICA S/A,Diagnosticos America,CVM FRE,DI_MAIS,N,Quirografária,S,DIAGNOSTICOS DA AMERICA S/A,61486650000183,2.7803,0.0131,1082.292852,2030-11-20,,,2.3823,ok DI+,ok DI+,278.03000000000003,9,2.3830305262281786,0.0306647453376446,2.3185673968923797,8.98736454843662,2.3642749198480972,1.1706134927267131,-1.1481436167092185,-2.2743778293540795,-4.463275721068283,2.3635042196345624,1.1705179041317355,-1.148049492760644,-2.2736305741501965,-4.457387502816027,59.957282322836285,119.91456464567257,,,,,,
2026-10-08,DASAB4,DIAGNÓSTICOS DA AMÉRICA S/A,DIAGNOSTICOS DA AMERICA S/A,Diagnosticos America,CVM FRE,DI_MAIS,N,Quirografária,S,DIAGNOSTICOS DA AMERICA S/A,61486650000183,1.4506,0.2609,1081.103357,2027-10-20,,,0.4727,ok DI+,ok DI+,145.05999999999997,3,0.4733356040482306,0.13446245995993186,0.4665675748080649,0.9065801171192587,0.4711454532955184,0.23442260694777062,-0.2321561018570284,-0.4620787747838029,-0.915352943203418,0.4711004753936611,0.23441701255043154,-0.23215056225763336,-0.46203467422246863,-0.9150035472737446,155.45443771963184,310.9088754392637,,,,,,
2026-10-08,DASAB5,DIAGNÓSTICOS DA AMÉRICA S/A,DIAGNOSTICOS DA AMERICA S/A,Diagnosticos America,CVM FRE,DI_MAIS,N,Quirografária,S,DIAGNOSTICOS DA AMERICA S/A,61486650000183,2.388,0.0676,1055.94337,2028-10-30,,,1.7265,ok DI+,ok DI+,238.79999999999998,5,1.7287344746055187,0.12942221868049422,1.6884151215040033,4.870506646682666,1.7130874009602781,0.8503354170990907,-0.8381586688826159,-1.6643746257058445,-3.28188663068808,1.7127676547374164,0.8502956940603549,-0.8381194274436482,-1.6640625882705897,-3.2794201100743527,70.71720602314973,141.43441204629946,,,,,,
2026-10-08,DASAC2,DIAGNÓSTICOS DA AMÉRICA S/A,DIAGNOSTICOS DA AMERICA S/A,Diagnosticos America,CVM FRE,DI_MAIS,N,Quirografária,S,DIAGNOSTICOS DA AMERICA S/A,61486650000183,2.7767,0.0131,1082.383167,2030-11-20,,,2.3823,ok DI+,ok DI+,277.67,9,2.383080691243691,0.03277048414099636,2.318697419983022,8.988253459444941,2.364409495113473,1.1706796287347387,-1.1482075301590289,-2.27450351126256,-4.463518800366573,2.363638687280247,1.1705840268158172,-1.148113393167205,-2.2737561526857974,-4.457629770777145,59.87629037039968,119.75258074079936,,,,,,
2026-10-08,DASAC5,DIAGNÓSTICOS DA AMÉRICA S/A,DIAGNOSTICOS DA AMERICA S/A,Diagnosticos America,CVM FRE,DI_MAIS,N,Quirografária,S,DIAGNOSTICOS DA AMERICA S/A,61486650000183,2.8347,0.1,1041.674551,2031-10-30,,,3.4835,ok DI+,ok DI+,283.47,11,3.480253301501927,-0.09320219601185646,3.3843180380765707,17.89880288788893,3.4757825161152223,1.7147764877722294,-1.6700249172519666,-3.296721436565464,-6.425561660432133,3.4738120525160148,1.7145325226481465,-1.669785515428424,-3.294824023637126,-6.410660018395362,41.87992925172986,83.75985850345972,,,,,,
2026-10-08,DASAD3,DIAGNÓSTICOS DA AMÉRICA S/A,DIAGNOSTICOS DA AMERICA S/A,Diagnosticos America,CVM FRE,DI_MAIS,N,Quirografária,S,DIAGNOSTICOS DA AMERICA S/A,61486650000183,2.5394,0.052,1038.210914,2028-07-20,,,1.5634,ok DI+,ok DI+,253.94,4,1.564276324859209,0.05605250474665395,1.5255368422861937,4.0048873723849265,1.5458060130550733,0.7678049448462287,-0.7577923779586659,-1.5057515624493423,-2.972867616116792,1.5455612791481186,0.767774530358578,-0.7577623119276158,-1.5055124054242692,-2.970975937124689,83.22971722513154,166.45943445026307,,,,,,
2026-10-08,DGCD11,EDGE COMERCIALIZACAO S.A.,EDGE COMERCIALIZACAO S.A.,Edge Comercializacao,inferido,DI_MAIS,N,Quirografária,S,EDGE COMERCIALIZACAO S.A.,19046324000199,0.931,0.012,1006.988543,2029-03-16,,,2.1246,ok DI+,ok DI+,93.10000000000001,5,2.1251201439026737,0.02448196849635842,2.105517773432022,6.865622749395099,2.1403435811003124,1.061402712236137,-1.04423784201787,-2.0716743354287304,-4.077550341331104,2.1398458871789976,1.0613409151527549,-1.0441768582792672,-2.0711896596850465,-4.0737230918761425,22.108576136179032,44.217152272358064,,,,,,
2026-10-08,DXCO13,DEXCO S.A,DEXCO S.A,Dexco,CVM FRE,DI_MAIS,N,Quirografária,S,DEXCO S.A,97837181000147,0.7499,0.0,1061.128719,2031-10-15,,,3.312,ok DI+,ok DI+,74.99000000000001,11,3.3113289821727148,-0.02026020009918689,3.2866821527095462,16.64492260137921,3.3716735208267234,1.6643660302371854,-1.6227497408576208,-3.205160536530627,-6.253847238504462,3.369906765716442,1.6641472296064972,-1.622534923103049,-3.2034575397026503,-6.240465853391508,11.408161257421582,22.816322514843165,,,,,,
2026-10-08,EBENA6,EDP SÃO PAULO DISTRIBUIÇÃO DE ENERGIA S.A.,EDP SAO PAULO DISTRIBUICAO DE ENERGIA S/A,EDP,CVM FRE,DI_MAIS,N,Quirografária,S,EDP SAO PAULO DISTRIBUICAO DE ENERGIA S/A,02302100000106,0.513,0.0335,1015.846533,2028-03-04,,,0.846,ok DI+,ok DI+,51.3,3,0.8463254189512653,0.0384655970762844,0.842005928537866,1.7869205989749548,0.8510369651664629,0.4232486049937201,-0.4187811770350103,-0.8331657358032318,-1.6490208842604437,0.8509405315327407,0.42323661501765175,-0.4187693135202143,-0.8330713255429913,-1.6482734450962329,30.46296840752765,60.9259368150553,,,,,,
2026-10-08,EBENA7,EDP SÃO PAULO DISTRIBUIÇÃO DE ENERGIA S.A.,EDP SAO PAULO DISTRIBUICAO DE ENERGIA S/A,EDP,CVM FRE,DI_MAIS,N,Quirografária,S,EDP SAO PAULO DISTRIBUICAO DE ENERGIA S/A,02302100000106,0.6599,0.0494,1043.113386,2028-06-20,,,1.0752,ok DI+,ok DI+,65.99000000000001,4,1.0757479904780771,0.0509663763092622,1.068695667766486,2.4782044281686124,1.0812290584043094,0.537463285826445,-0.5312675788496479,-1.0564438781969332,-2.088928965447223,1.0810866899073293,0.5374455894184538,-0.5312500783480323,-1.056304645625643,-2.0878272469696,30.874084171181963,61.748168342363925,,,,,,
2026-10-08,EBENA9,EDP SÃO PAULO DISTRIBUIÇÃO DE ENERGIA S.A.,EDP SAO PAULO DISTRIBUICAO DE ENERGIA S/A,EDP,CVM FRE,DI_MAIS,N,Quirografária,S,EDP SAO PAULO DISTRIBUICAO DE ENERGIA S/A,02302100000106,0.5509,0.0028,1039.484609,2030-06-23,,,2.5942,ok DI+,ok DI+,55.08999999999999,8,2.594025593219786,-0.00672295043612111,2.5798134011926157,10.306421444544661,2.632238335679782,1.3029004619396156,-1.2771327092001572,-2.5291469215490636,-4.9603191734326035,2.631345508415339,1.3027897274019886,-1.277023673790627,-2.5282812939698927,-4.953498373494338,10.677128813760826,21.35425762752165,,,,,,
2026-10-08,EBENB1,EDP SÃO PAULO DISTRIBUIÇÃO DE ENERGIA S.A.,EDP SAO PAULO DISTRIBUICAO DE ENERGIA S/A,EDP,CVM FRE,DI_MAIS,N,Quirografária,S,EDP SAO PAULO DISTRIBUICAO DE ENERGIA S/A,02302100000106,0.4596,0.0204,1048.457032,2030-12-19,,,2.9079,ok DI+,ok DI+,45.96,9,2.9068691730962914,-0.03544918682584352,2.8935703238877033,12.759442097559932,2.9585691190649133,1.4628834077904163,-1.4309823516990283,-2.830935466386708,-5.541100720005132,2.957367534375503,1.4627344645658016,-1.4308358593219017,-2.8297731133999036,-5.531951805824208,7.941745811494517,15.883491622989034,,,,,,
2026-10-08,EBENC1,EDP SÃO PAULO DISTRIBUIÇÃO DE ENERGIA S.A.,EDP SAO PAULO DISTRIBUICAO DE ENERGIA S/A,EDP,CVM FRE,DI_MAIS,N,Quirografária,S,EDP SAO PAULO DISTRIBUICAO DE ENERGIA S/A,02302100000106,0.6753,0.0422,1045.901011,2032-12-19,,,4.0104,ok DI+,ok DI+,67.53,13,4.001347300310482,-0.22573059269692541,3.9745074514905663,23.719044644422308,4.096031357812047,2.017264744898406,-1.9579596116521158,-3.8587204989484314,-7.496644931912022,4.093102674712678,2.0169025315508113,-1.9576049199397552,-3.8559122282684553,-7.474634010092688,8.495392300079107,16.990784600158214,,,,,,
2026-10-08,ECOV17,CONCESSIONÁRIA ECOVIAS DOS IMIGRANTES S/A,CONCESSIONARIA ECOVIAS DOS IMIGRANTES S.A.,EcoRodovias,CVM FRE,DI_MAIS,N,Quirografária,S,CONCESSIONARIA ECOVIAS DOS IMIGRANTES S.A.,02509491000126,0.7833,0.0478,1033.440583,2032-02-25,,,3.357,ok DI+,ok DI+,78.33,11,3.35238821574923,-0.13737814270986728,3.3263330489765965,16.56613885147594,3.410916556441279,1.6840912627338556,-1.6426719467278472,-3.245191634667244,-6.334615937609145,3.409163743233976,1.6838741980526433,-1.6424588509239533,-3.2435023547192166,-6.321343320923674,11.774226880874055,23.54845376174811,,,,,,
2026-10-08,EDPR13,EDP TRANSMISSAO GOIAS S.A.,EDP TRANSMISSAO GOIAS S.A.,EDP,inferido,DI_MAIS,N,Quirografária,S,EDP TRANSMISSAO GOIAS S.A.,07779299000173,0.6172,0.0221,1044.802308,2030-12-10,,,2.1717,ok DI+,ok DI+,61.72,9,2.171913530209207,0.009832399005720147,2.1585907083572264,8.234504052196048,2.2004758231071397,1.0896768532209222,-1.0690892143110031,-2.118108712498279,-4.157931057629249,2.1997632286182065,1.0895884842438581,-1.0690022241133679,-2.117418188096246,-4.152491335670532,14.296364697819758,28.592729395639516,,,,,,
2026-10-08,EDPR23,EDP TRANSMISSAO GOIAS S.A.,EDP TRANSMISSAO GOIAS S.A.,EDP,inferido,DI_MAIS,N,Quirografária,S,EDP TRANSMISSAO GOIAS S.A.,07779299000173,0.6931,0.0606,1043.420101,2032-12-10,,,3.9892,ok DI+,ok DI+,69.31,13,3.9807577081509518,-0.21162869369919032,3.9533569908473885,23.530521805514294,4.0739069978042775,2.0064500015499753,-1.947616274342745,-3.8384829510236917,-7.457882782518743,4.07100959987496,2.006091647680587,-1.9472653431668014,-3.835704381819817,-7.436103545584491,8.765967778834924,17.531935557669847,,,,,,
2026-10-08,EDVP18,ENERGISA SUL-SUDESTE - DISTRIBUICAO DE ENERGIA S.A,ENERGISA SUL-SUDESTE - DISTRIBUIDORA DE ENERGIA SA,Energisa,CVM FRE,DI_MAIS,N,Quirografária,S,ENERGISA SUL-SUDESTE - DISTRIBUIDORA DE ENERGIA SA,07282377000120,0.3805,0.0593,514.40723,2027-08-22,,,0.8278,ok DI+,ok DI+,38.050000000000004,2,0.827942928853261,0.017266109357460684,0.8248045475498339,1.5174780538320536,0.8324644555381511,0.41430814233973656,-0.4105143611328743,-0.8172882969405881,-1.6198232943515523,0.832391937818994,0.4142991213422069,-0.4105054262076268,-0.8172171572806735,-1.6192595340230265,23.066070690948184,46.13214138189637,,,,,,
2026-10-08,EEELA3,CPFL TRANSMISSAO S.A,CPFL TRANSMISSAO S.A.,CPFL,CVM FRE,DI_MAIS,N,Quirografária,S,CPFL TRANSMISSAO S.A.,92715812000131,0.3913,0.0128,1012.711598,2029-09-10,,,2.0812,ok DI+,ok DI+,39.129999999999995,12,2.081425461009822,0.010833221690478402,2.0733125888496535,6.85368307790512,2.108087521166424,1.0452862818246311,-1.0281512291155148,-2.0395371639585935,-4.013443365639469,2.1075810042391794,1.0452233982722081,-1.0280891905774454,-2.0390441734601277,-4.0095515161412045,9.436589593494606,18.873179186989212,,,,,,
2026-10-08,EEELA5,CPFL TRANSMISSAO S.A,CPFL TRANSMISSAO S.A.,CPFL,CVM FRE,DI_MAIS,N,Quirografária,S,CPFL TRANSMISSAO S.A.,92715812000131,0.4569,0.0207,1019.630592,2030-05-15,,,2.8732,ok DI+,ok DI+,45.690000000000005,15,2.871443095878047,-0.061147992550228784,2.858383143296326,12.2368265820955,2.920680444743473,1.4446256289401216,-1.414031369330082,-2.798277072897437,-5.480519899190595,2.9195672762068035,1.4444876048757822,-1.4138955384205434,-2.7971990103858477,-5.472029754950741,7.992280549784813,15.984561099569627,,,,,,
2026-10-08,EGIEE1,ENGIE BRASIL ENERGIA S.A.,ENGIE BRASIL ENERGIA SA,Engie,CVM FRE,DI_MAIS,N,Quirografária,S,ENGIE BRASIL ENERGIA SA,02474103000119,0.6051,0.0913,1073.985992,2030-11-15,,,2.7947,ok DI+,ok DI+,60.51,9,2.7950694788848267,0.013220699353294594,2.7782582382849643,12.014055995183687,2.8394414079168317,1.4042846542457132,-1.3742472752433899,-2.719265006971794,-5.324714715646827,2.8383285182608824,1.4041466891364616,-1.3741115491485025,-2.718187958309046,-5.316235356666255,10.88991641708461,21.77983283416922,,,,,,
2026-10-08,EKTRA0,ELEKTRO REDES S.A.,ELEKTRO REDES S.A.,Neoenergia,CVM FRE,DI_MAIS,N,Quirografária,S,ELEKTRO REDES S.A.,02328280000197,0.6969,0.0531,1072.846887,2026-10-15,,,0.0159,ok DI+,ok DI+,69.69,1,0.015873015873015872,-0.16971149046621886,0.015763162394290063,0.01590252470286051,0.015843209725630025,0.00790152595380178,-0.007861769090999893,-0.01568417631470087,-0.031212456044904524,0.015842675017804363,0.007901459353023606,-0.007861703041266455,-0.01568364977077576,-0.031208274294522914,2210.5335927150004,4421.067185430001,,,,,,
2026-10-08,EKTRA3,ELEKTRO REDES S.A.,ELEKTRO REDES S.A.,Neoenergia,CVM FRE,DI_MAIS,N,Quirografária,S,ELEKTRO REDES S.A.,02328280000197,0.5918,0.0486,1083.610112,2031-04-15,,,3.0051,ok DI+,ok DI+,59.18,10,3.005844027001287,0.024758810065790223,2.988160095555788,13.910473942517179,3.059084472325302,1.511638150792316,-1.4768590575759966,-2.9199331774194204,-5.708536714239232,3.0577124652683736,1.5114681402060404,-1.4766919553497473,-2.9186077258432017,-5.698110712261232,9.90241454733581,19.80482909467162,,,,,,
2026-10-08,EKTRA4,ELEKTRO REDES S.A.,ELEKTRO REDES S.A.,Neoenergia,CVM FRE,DI_MAIS,N,Quirografária,S,ELEKTRO REDES S.A.,02328280000197,0.6049,0.0191,1030.932523,2032-02-08,,,3.9129,ok DI+,ok DI+,60.489999999999995,11,3.904321866196581,-0.21922701330008396,3.880846624962185,22.03483766507147,3.993606089942059,1.9682867643386892,-1.9131933393553235,-3.773156366025743,-7.340483781026908,3.991020813287542,1.9679668595624318,-1.9128797653997534,-3.770672436636828,-7.32099649662294,7.793402554344622,15.586805108689244,,,,,,
2026-10-08,ELET15,CENTRAIS ELETRICAS BRASILEIRAS S/A ELETROBRAS,AXIA ENERGIA S.A.,Axia (ex-Eletrobras),inferido,DI_MAIS,N,Quirografária,S,AXIA ENERGIA S.A.,00001180000126,0.5081,0.0335,1077.997953,2029-04-15,,,2.0596,ok DI+,ok DI+,50.809999999999995,6,2.0623437014807355,0.1332152593093532,2.051917906597315,6.868452879327037,2.086768986660825,1.0346076895633605,-1.0174357105477205,-2.0180709048847834,-3.970376674079812,2.0862601709939503,1.0345445193978164,-1.017373387199499,-2.01757564220068,-3.96646675560809,12.381099613350994,24.762199226701988,,,,,,
2026-10-08,ELET17,CENTRAIS ELETRICAS BRASILEIRAS S/A ELETROBRAS,AXIA ENERGIA S.A.,Axia (ex-Eletrobras),inferido,DI_MAIS,N,Quirografária,N,AXIA ENERGIA S.A.,00001180000126,0.7164,0.0388,1065.242212,2035-11-15,,,4.9264,ok DI+,ok DI+,71.64,19,4.907415349349954,-0.38536559455274433,4.872508697044329,37.292815075477634,5.064869736355337,2.483597682552774,-2.390346726441017,-4.691638687071242,-9.042783653928243,5.0589727724217175,2.4828703673665116,-2.3896383296778176,-4.686044621666941,-8.999161092579106,7.351449166571722,14.702898333143445,,,,,,
2026-10-08,ELET24,CENTRAIS ELETRICAS BRASILEIRAS S/A ELETROBRAS,AXIA ENERGIA S.A.,Axia (ex-Eletrobras),inferido,DI_MAIS,N,Quirografária,S,AXIA ENERGIA S.A.,00001180000126,0.9223,0.0695,1018.00311,2028-09-15,,,1.3163,ok DI+,ok DI+,92.23,4,1.3167644880348972,0.035287399141318954,1.304730954442078,3.2713630795600386,1.3212860789072023,0.6564793250170675,-0.6483006330095353,-1.2885678973785342,-2.545567114373559,1.3210877698398782,0.6564546810704891,-0.6482762733715889,-1.2883741390442778,-2.544034647292955,35.34445154611929,70.68890309223858,,,,,,
2026-10-08,ELET25,CENTRAIS ELETRICAS BRASILEIRAS S/A ELETROBRAS,AXIA ENERGIA S.A.,Axia (ex-Eletrobras),inferido,DI_MAIS,N,Quirografária,S,AXIA ENERGIA S.A.,00001180000126,0.5654,0.0272,1086.571508,2031-04-15,,,3.2967,ok DI+,ok DI+,56.54,10,3.296158137721557,-0.016436505549276396,3.2776264378419984,16.479018016953134,3.361750074594272,1.659626088743349,-1.6184247010147201,-3.1968983808039697,-6.238774548740578,3.360021527926764,1.6594119914421903,-1.6182144463998078,-3.1952313477572325,-6.225672515344933,8.62514399859829,17.25028799719658,,,,,,
2026-10-08,ELFA12,ELFA MEDICAMENTOS SA,ELFA MEDICAMENTOS SA,Elfa Medicamentos,CVM FRE,DI_MAIS,N,Real,S,ELFA MEDICAMENTOS SA,09053134000145,,,290.237474,2031-12-13,,,,fora do escopo (não IPCA+ nem DI+),,,,,,,,,,,,,,,,,,,,,,,,,
2026-10-08,ELPLA6,ELETROPAULO METROP. ELETRIC. DE S.P. S/A,ELETROPAULO METROPOL. ELETR. DE S.P. S/A,Enel,CVM FRE,DI_MAIS,N,Quirografária,S,ELETROPAULO METROPOL. ELETR. DE S.P. S/A,61695227000193,2.4757,0.0741,990.581364,2028-10-04,,,1.3642,ok DI+,ok DI+,247.56999999999996,4,1.3648170360955931,0.045230618354570346,1.3318445603158537,3.340518798573977,1.3487487561595568,0.6701229827805744,-0.6617713986427853,-1.315338972130209,-2.5984370115587185,1.3485471543087235,0.6700979286561443,-0.6617466316597094,-1.3151419663229837,-2.596878744660228,92.94252774561299,185.88505549122598,,,,,,
2026-10-08,ELPLB8,ELETROPAULO METROP. ELETRIC. DE S.P. S/A,ELETROPAULO METROPOL. ELETR. DE S.P. S/A,Enel,CVM FRE,DI_MAIS,N,Quirografária,S,ELETROPAULO METROPOL. ELETR. DE S.P. S/A,61695227000193,2.4918,0.0131,1039.406635,2028-05-15,,,1.3906,ok DI+,ok DI+,249.17999999999998,4,1.3922586354552076,0.1192748062136849,1.3584097805436215,3.3494183996815394,1.3753520634233185,0.683415925923625,-0.6750421122993178,-1.3418535939551224,-2.6513418343239947,1.3751568725420291,0.6833916632714128,-0.6750181172722088,-1.3416626885452139,-2.6498311930936125,91.71753750929294,183.43507501858588,,,,,,
2026-10-08,ELTN16,CENTRAIS ELETRICAS DO NORTE DO BRASIL S/A - ELETRONORTE,CENTRAIS ELETRICAS DO NORTE DO BRASIL S/A - ELETRONORTE,Axia (ex-Eletrobras),CVM FRE,DI_MAIS,N,Quirografária,S,CENTRAIS ELETRICAS DO NORTE DO BRASIL S/A - ELETRONORTE,00357038000116,0.5902,0.0303,1019.046609,2031-09-15,,,3.7433,ok DI+,ok DI+,59.019999999999996,10,3.736571442611466,-0.17974934919814828,3.71464759252041,19.92451834914053,3.816487120687717,1.882503898747867,-1.8326874180910724,-3.6171589391247982,-7.047561024714854,3.814270184266112,1.8822294441966307,-1.8324181483237791,-3.6150250007747076,-7.030804818058009,7.944226003947065,15.88845200789413,,,,,,
2026-10-08,ELTN19,CENTRAIS ELETRICAS DO NORTE DO BRASIL S/A - ELETRONORTE,CENTRAIS ELETRICAS DO NORTE DO BRASIL S/A - ELETRONORTE,Axia (ex-Eletrobras),CVM FRE,DI_MAIS,N,Quirografária,S,CENTRAIS ELETRICAS DO NORTE DO BRASIL S/A - ELETRONORTE,00357038000116,0.6332,0.024,1058.200742,2032-11-15,,,4.1583,ok DI+,ok DI+,63.32,13,4.148994583744976,-0.22377933903334732,4.122888454053907,25.80211578348865,4.255217573225223,2.09410715207603,-2.0295930560347397,-3.9970554304660344,-7.754622868915906,4.251899032971351,2.0936968717563142,-2.0291915822975928,-3.9938778751364636,-7.7297345924380405,7.679082360055052,15.358164720110103,,,,,,
2026-10-08,ELTN26,CENTRAIS ELETRICAS DO NORTE DO BRASIL S/A - ELETRONORTE,CENTRAIS ELETRICAS DO NORTE DO BRASIL S/A - ELETRONORTE,Axia (ex-Eletrobras),CVM FRE,DI_MAIS,N,Quirografária,S,CENTRAIS ELETRICAS DO NORTE DO BRASIL S/A - ELETRONORTE,00357038000116,0.642,0.0095,1028.683283,2034-09-15,,,4.6897,ok DI+,ok DI+,64.2,16,4.672496369508347,-0.3668386142323169,4.642690297796493,31.918806460403104,4.806823946009198,2.361804258522282,-2.2819939852727456,-4.4874236359180415,-8.680826924728057,4.802284330098509,2.3612436569737505,-2.2814466408227427,-4.483096265494478,-8.647004466384924,6.91409461777695,13.8281892355539,,,,,,
2026-10-08,ENERB5,ENERGISA MATO GROSSO DO SUL - DISTRIBUIDORA DE ENERGIA S.A.,ENERGISA MATO GROSSO DO SUL - DISTRIBUIDORA DE ENERGIA S.A.,Energisa,CVM FRE,DI_MAIS,N,Quirografária,S,ENERGISA MATO GROSSO DO SUL - DISTRIBUIDORA DE ENERGIA S.A.,15413826000150,0.5827,0.0506,1052.032056,2029-12-15,,,2.5748,ok DI+,ok DI+,58.269999999999996,7,2.5751622012094137,0.014067158979864396,2.560243661394468,10.054047038656329,2.611363999503391,1.292794846998646,-1.267658153431328,-2.510798301960815,-4.925908614017505,2.6105138965877495,1.2926893894955545,-1.2675542718989135,-2.5099734262011864,-4.919406382015809,11.379776245254432,22.759552490508863,,,,,,
2026-10-08,ENERC3,ENERGISA MATO GROSSO DO SUL - DISTRIBUIDORA DE ENERGIA S.A.,ENERGISA MATO GROSSO DO SUL - DISTRIBUIDORA DE ENERGIA S.A.,Energisa,CVM FRE,DI_MAIS,N,Quirografária,S,ENERGISA MATO GROSSO DO SUL - DISTRIBUIDORA DE ENERGIA S.A.,15413826000150,0.6108,0.045,1017.25419,2029-09-04,,,2.4659,ok DI+,ok DI+,61.08,6,2.4658360208653964,-0.002594555115922881,2.450866130540058,9.043422251984355,2.496808789964544,1.2368273788978534,-1.214217535184181,-2.4063539490444374,-4.726424036377141,2.49608324179998,1.2367373430850095,-1.2141287874550486,-2.405649019280136,-4.7208638160404295,12.460900911495475,24.92180182299095,,,,,,
2026-10-08,ENEV48,ENEVA S.A.,ENEVA S.A.,Eneva,inferido,DI_MAIS,N,Quirografária,S,ENEVA S.A.,04423567000121,0.7913,0.0306,1080.089593,2032-07-15,,,3.4843,ok DI+,ok DI+,79.13,12,3.478904404806554,-0.15485449569342832,3.4515919576457033,18.130745793172043,3.544258902296127,1.7487086225871584,-1.7033770077304666,-3.3628754001230776,-6.555777726754808,3.5422456866115635,1.7484594110643168,-1.7031325465813867,-3.360938228679843,-6.5405689994279665,11.4628265697394,22.9256531394788,,,,,,
2026-10-08,ENEVA3,ENEVA S.A.,ENEVA S.A.,Eneva,inferido,DI_MAIS,N,Quirografária,S,ENEVA S.A.,04423567000121,0.5984,0.023,1054.625867,2029-12-15,,,2.5717,ok DI+,ok DI+,59.84,7,2.5720550379426803,0.013805573849221767,2.556755413548009,10.035293411841185,2.607780109176705,1.291027048769089,-1.2659372430460114,-2.5074020097278438,-4.9192929295750805,2.606931880607215,1.290921823538806,-1.2658335900092033,-2.506578946488803,-4.912804958859194,11.702331729291236,23.404663458582473,,,,,,
2026-10-08,ENEVD0,ENEVA S.A.,ENEVA S.A.,Eneva,inferido,DI_MAIS,N,Quirografária,S,ENEVA S.A.,04423567000121,0.5928,0.0489,1089.89652,2031-04-15,,,2.9981,ok DI+,ok DI+,59.28,10,2.998859136754167,0.025320594848972876,2.981186662220524,13.868165899811661,3.0518947890352255,1.508097965842925,-1.4734246534176432,-2.9131667457159227,-5.6954003515125144,3.0505274917195826,1.5079285384850265,-1.4732581237354976,-2.9118458327214656,-5.685010006444815,9.942349593742907,19.884699187485815,,,,,,
2026-10-08,ENGIA7,ENERGISA S/A,ENERGISA SA,Energisa,CVM FRE,DI_MAIS,N,Quirografária,S,ENERGISA SA,00864214000106,0.3523,0.0511,1077.689424,2027-10-20,,,0.4761,ok DI+,ok DI+,35.230000000000004,3,0.47673268615439895,0.13288934139864136,0.47505905311029145,0.9338623554227042,0.47977522464379696,0.23870268261854122,-0.23636796908798052,-0.47043567725815194,-0.9318047566236776,0.479728364887405,0.23869685449942413,-0.23636219861086738,-0.47038974133317796,-0.9314408591121289,37.079600703684385,74.15920140736877,,,,,,
2026-10-08,ENGIB1,ENERGISA S/A,ENERGISA SA,Energisa,CVM FRE,DI_MAIS,N,Quirografária,S,ENERGISA SA,00864214000106,0.6069,0.0531,1017.351435,2029-09-04,,,2.4659,ok DI+,ok DI+,60.69,6,2.465859590734522,-0.0016387227980765604,2.4509845654070666,9.044231280852392,2.4969313639494395,1.2368876192199618,-1.2142757528478265,-2.4064684297863237,-4.72664543939919,2.4962057218113283,1.2367975718045987,-1.2141869936024678,-2.4057634090028044,-4.721084505197085,12.380738919488143,24.761477838976287,,,,,,
2026-10-08,ENGIB5,ENERGISA S/A,ENERGISA SA,Energisa,CVM FRE,DI_MAIS,N,Quirografária,S,ENERGISA SA,00864214000106,0.3174,0.0526,1074.763273,2026-10-15,,,0.0159,ok DI+,ok DI+,31.740000000000002,1,0.015873015873015872,-0.16971149046621886,0.01582279432383203,0.01602312715452685,0.015903450490850624,0.007931493360469055,-0.007891435125062518,-0.015743211498819853,-0.031329356391296415,0.015902909959604663,0.007931426070859173,-0.007891368252972856,-0.015742678688059394,-0.03132512610457352,1002.9833969400001,2005.9667938800003,,,,,,
2026-10-08,ENGIB7,ENERGISA S/A,ENERGISA SA,Energisa,CVM FRE,DI_MAIS,N,Quirografária,S,ENERGISA SA,00864214000106,0.5651,0.0665,1096.490607,2029-10-20,,,2.0544,ok DI+,ok DI+,56.510000000000005,7,2.0567953539335346,0.11659627791738948,2.045237715602664,7.017525959292194,2.080863180411341,1.031457521367929,-1.013912779300019,-2.0106730791601746,-3.954251788499996,2.080325345399125,1.0313907652504473,-1.0138469503522167,-2.010150085806203,-3.950124912019484,13.815020026498088,27.630040052996176,,,,,,
2026-10-08,ENGIB8,ENERGISA S/A,ENERGISA SA,Energisa,CVM FRE,DI_MAIS,N,Quirografária,N,ENERGISA SA,00864214000106,0.5072,0.0211,1072.080531,2028-06-20,,,1.485,ok DI+,ok DI+,50.72,4,1.486127145646242,0.07590206371998881,1.4786275467292314,3.8473499462149525,1.4980989859112226,0.7441521265395323,-0.7345334167590312,-1.45962012532308,-2.882121980544783,1.4978642964603062,0.7441229607973844,-0.734504585931847,-1.4593907969981568,-2.8803080945341635,17.151039865378596,34.30207973075719,,,,,,
2026-10-08,ENGIC3,ENERGISA S/A,ENERGISA SA,Energisa,CVM FRE,DI_MAIS,N,Quirografária,N,ENERGISA SA,00864214000106,0.6631,0.0467,1020.845518,2030-02-25,,,2.7756,ok DI+,ok DI+,66.31,7,2.7746253023164558,-0.03511664805966563,2.7563479590003244,11.26841572873998,2.8136755887459897,1.3923817324329013,-1.3642088142224673,-2.7009613559831336,-5.2948561574690185,2.812690037644024,1.392259499161087,-1.364088459839237,-2.7000058803566245,-5.287327603425849,12.02859743877355,24.0571948775471,,,,,,
2026-10-08,ENGIC4,ENERGISA S/A,ENERGISA SA,Energisa,CVM FRE,DI_MAIS,N,Quirografária,S,ENERGISA SA,00864214000106,0.7916,0.0367,1007.528189,2032-09-15,,,4.0041,ok DI+,ok DI+,79.16,12,3.994772175207525,-0.23295683905184858,3.9633979172942237,22.84008652404083,4.080327278012463,2.0105866790963045,-1.953479651592882,-3.8518173746790008,-7.490540375767507,4.077598349914427,2.010249066802163,-1.9531488504920609,-3.84919748467402,-7.46999410410763,9.986380581998414,19.97276116399683,,,,,,
2026-10-08,ENGIC5,ENERGISA S/A,ENERGISA SA,Energisa,CVM FRE,DI_MAIS,N,Quirografária,S,ENERGISA SA,00864214000106,0.5249,0.0409,1098.49337,2028-10-15,,,1.6912,ok DI+,ok DI+,52.49,5,1.6937681462780523,0.1518534932623132,1.684923980305429,4.894226568510588,1.7097194205812238,0.8486200603308403,-0.8363840001682998,-1.6607692519636674,-3.2744641496510796,1.7093951131479816,0.8485797733633527,-0.8363442069420761,-1.6604528474628761,-3.2719634292406456,15.576370392237235,31.15274078447447,,,,,,
2026-10-08,ENGIC6,ENERGISA S/A,ENERGISA SA,Energisa,CVM FRE,DI_MAIS,N,Quirografária,S,ENERGISA SA,00864214000106,0.4061,0.0728,1079.299587,2027-04-15,,,0.4695,ok DI+,ok DI+,40.61000000000001,2,0.47004274598554435,0.11560084889124164,0.4681416228551296,0.7006883287646558,0.47167443513729257,0.23495032707536723,-0.23319857452492876,-0.46466704395186076,-0.9224984027463856,0.47164506449895294,0.23494667183852064,-0.23319495101660903,-0.4646381812113064,-0.9222694791349663,43.37362671612636,86.74725343225272,,,,,,
2026-10-08,ENGIC9,ENERGISA S/A,ENERGISA SA,Energisa,CVM FRE,DI_MAIS,N,Quirografária,S,ENERGISA SA,00864214000106,0.5461,0.0086,1025.512797,2028-09-15,,,1.7408,ok DI+,ok DI+,54.61000000000001,4,1.7415511395271939,0.04314909967796226,1.7320921841097705,4.906040171600179,1.7569412239991866,0.8722182537585388,-0.8599526752776199,-1.7078731708904837,-3.3685235087874577,1.7566223849677713,0.8721786422693855,-0.859913541840385,-1.7075619832517697,-3.366063564787537,15.764172513735888,31.528345027471776,,,,,,
2026-10-08,ENGID3,ENERGISA S/A,ENERGISA SA,Energisa,CVM FRE,DI_MAIS,N,Quirografária,N,ENERGISA SA,00864214000106,0.7227,0.072,1026.265304,2032-02-25,,,3.9445,ok DI+,ok DI+,72.27,11,3.9355119179859743,-0.22786365861391272,3.9072740484379134,22.25526928384293,4.0211699751735885,1.9817802506831406,-1.9261356441786504,-3.7985142952279283,-7.389185147179111,4.018550394857128,1.9814561108237605,-1.925817937614153,-3.795997702018699,-7.369442711198968,9.248135542078597,18.496271084157193,,,,,,
2026-10-08,ENMTA8,ENERGISA MATO GROSSO - DISTRIBUIDORA DE ENERGIA S.A.,ENERGISA MATO GROSSO - DISTRIBUIDORA DE ENERGIA S.A.,Energisa,CVM FRE,DI_MAIS,N,Quirografária,S,ENERGISA MATO GROSSO - DISTRIBUIDORA DE ENERGIA S.A.,03467321000199,0.5702,0.0363,1073.920388,2029-04-15,,,2.0615,ok DI+,ok DI+,57.02,6,2.0642329236592,0.1325696657385277,2.0525294010146142,6.867790402572392,2.08737686129874,1.0349125707240558,-1.0177422489624721,-2.018685420124433,-3.9716106375249027,2.0868683530274765,1.0348494385105227,-1.0176799625040918,-2.0181904490017524,-3.9677029939777806,13.890178618589744,27.780357237179487,,,,,,
2026-10-08,ENMTB0,ENERGISA MATO GROSSO - DISTRIBUIDORA DE ENERGIA S.A.,ENERGISA MATO GROSSO - DISTRIBUIDORA DE ENERGIA S.A.,Energisa,CVM FRE,DI_MAIS,N,Quirografária,S,ENERGISA MATO GROSSO - DISTRIBUIDORA DE ENERGIA S.A.,03467321000199,0.5955,0.0475,1017.635765,2029-09-04,,,2.466,ok DI+,ok DI+,59.550000000000004,6,2.4659284856977166,-0.0029000122580527896,2.4513308107198797,9.046596508143818,2.497289711099393,1.2370637325663125,-1.2144459524133455,-2.4068031141821655,-4.727292709135833,2.4965637932605986,1.2369736509951195,-1.21435715972476,-2.4060978281791603,-4.721729691276884,12.146463410728316,24.292926821456632,,,,,,
2026-10-08,ENMTB2,ENERGISA MATO GROSSO - DISTRIBUIDORA DE ENERGIA S.A.,ENERGISA MATO GROSSO - DISTRIBUIDORA DE ENERGIA S.A.,Energisa,CVM FRE,DI_MAIS,N,Quirografária,S,ENERGISA MATO GROSSO - DISTRIBUIDORA DE ENERGIA S.A.,03467321000199,0.6447,0.0326,1050.364375,2029-12-15,,,2.5742,ok DI+,ok DI+,64.47,7,2.574567334175284,0.014269838213197014,2.5580754219301003,10.03887292251514,2.6091180576785833,1.291691532922834,-1.2665927788919618,-2.5087041707461455,-4.921861785532844,2.608269786542676,1.291586302118194,-1.2664891198119061,-2.5078810573175243,-4.9153733854098975,12.601270362731638,25.202540725463276,,,,,,
2026-10-08,ENMTC2,ENERGISA MATO GROSSO - DISTRIBUIDORA DE ENERGIA S.A.,ENERGISA MATO GROSSO - DISTRIBUIDORA DE ENERGIA S.A.,Energisa,CVM FRE,DI_MAIS,N,Quirografária,S,ENERGISA MATO GROSSO - DISTRIBUIDORA DE ENERGIA S.A.,03467321000199,0.6753,0.0621,1056.632492,2031-12-15,,,3.4658,ok DI+,ok DI+,67.53,11,3.4615529509748537,-0.12254166498778056,3.4383338822678984,17.831215835782455,3.5294259240236103,1.7416956712608123,-1.697113180511245,-3.351042512423563,-6.534690266903853,3.5274899614468107,1.7414559609286773,-1.6968779213392213,-3.3491778030889865,-6.520043447820148,9.820163240728927,19.640326481457855,,,,,,
2026-10-08,ENMTC3,ENERGISA MATO GROSSO - DISTRIBUIDORA DE ENERGIA S.A.,ENERGISA MATO GROSSO - DISTRIBUIDORA DE ENERGIA S.A.,Energisa,CVM FRE,DI_MAIS,N,Quirografária,N,ENERGISA MATO GROSSO - DISTRIBUIDORA DE ENERGIA S.A.,03467321000199,0.648,0.046,1007.75914,2030-03-25,,,2.8562,ok DI+,ok DI+,64.80000000000001,7,2.855241013230115,-0.03357561689954158,2.836858172273781,11.780845549864837,2.896806256634177,1.433284596475537,-1.4038304710131344,-2.7789656014493347,-5.446069348634497,2.8957624000231053,1.4331551430742215,-1.4037030291995596,-2.777953944524457,-5.438099433550265,11.42108559273901,22.84217118547802,,,,,,
2026-10-08,EQMAA1,EQUATORIAL MARANHAO DISTRIBUIDORA DE ENERGIA S.A,EQUATORIAL MARANHAO DISTRIBUIDORA DE ENERGIA S.A,Equatorial,CVM FRE,DI_MAIS,N,Quirografária,S,EQUATORIAL MARANHAO DISTRIBUIDORA DE ENERGIA S.A,06272793000184,0.6236,0.0405,1065.999474,2030-05-15,,,2.1114,ok DI+,ok DI+,62.36,8,2.112700725695143,0.0616048922583463,2.0996075728707213,7.541170977339483,2.1379238593102645,1.059305987058412,-1.040451949772403,-2.062494384431235,-4.053064890109869,2.137313427757419,1.059230250157035,-1.0403773227136865,-2.061901717984024,-4.048391726194653,14.850394141686516,29.700788283373033,,,,,,
2026-10-08,EQPA17,EQUATORIAL PARA DISTRIBUIDORA DE ENERGIA S.A.,EQUATORIAL PARA DISTRIBUIDORA DE ENERGIA S.A.,Equatorial,CVM FRE,DI_MAIS,N,Quirografária,S,EQUATORIAL PARA DISTRIBUIDORA DE ENERGIA S.A.,04895728000180,0.6502,0.0285,1032.295828,2030-08-05,,,2.3477,ok DI+,ok DI+,65.02,8,2.34732837778709,-0.015829203599692605,2.3321646432765064,8.792440422269106,2.3768658252635744,1.1771645367694816,-1.1551820510814492,-2.2889192565461625,-4.494130045208122,2.376126845387852,1.1770728721660895,-1.155091771110417,-2.288202441165161,-4.488480478107631,13.939839150603891,27.879678301207782,,,,,,
2026-10-08,EQPAA0,EQUATORIAL PARA DISTRIBUIDORA DE ENERGIA S.A.,EQUATORIAL PARA DISTRIBUIDORA DE ENERGIA S.A.,Equatorial,CVM FRE,DI_MAIS,N,Quirografária,S,EQUATORIAL PARA DISTRIBUIDORA DE ENERGIA S.A.,04895728000180,0.7461,0.03,1005.610895,2032-09-15,,,3.6567,ok DI+,ok DI+,74.61,12,3.6497352492926156,-0.19046546633260114,3.622706238050521,19.564575924529603,3.722764290470848,1.836085452783509,-1.7871685998748998,-3.527031876951081,-6.870980614494382,3.7205291176731685,1.8358088389309226,-1.7868973991195982,-3.524883358427873,-6.854120957610449,10.297550380478782,20.595100760957564,,,,,,
2026-10-08,EQTL17,EQUATORIAL ENERGIA S.A,EQUATORIAL ENERGIA S.A.,Equatorial,inferido,DI_MAIS,N,Quirografária,S,EQUATORIAL ENERGIA S.A.,03220438000173,0.6335,0.0264,1010.992809,2030-03-15,,,2.095,ok DI+,ok DI+,63.349999999999994,7,2.0950033558932577,0.000160185835680486,2.0818150575039702,7.217319819220156,2.118469964631098,1.049999700912152,-1.0319553909641233,-2.0462805917282445,-4.023638667496621,2.1179016566000715,1.0499291785260105,-1.03188587897796,-2.0457284584078694,-4.019283718623537,15.215088336414144,30.43017667282829,,,,,,
2026-10-08,ERDVA3,ECORODOVIAS CONCESSÕES E SERVIÇOS S/A,ECORODOVIAS CONCESSOES E SERVICOS S/A,EcoRodovias,CVM FRE,DI_MAIS,N,Quirografária,S,ECORODOVIAS CONCESSOES E SERVICOS S/A,08873873000110,1.4923,0.2378,1080.528436,2028-10-15,,,1.2963,ok DI+,ok DI+,149.23,5,1.2983461688801676,0.15784686262189465,1.2792558340683653,3.2708173974723738,1.2958105842020728,0.6437413740507436,-0.6355640406502494,-1.263097768727628,-2.494645544029972,1.2956099210557273,0.643716438781023,-0.6355393952873422,-1.2629017470810033,-2.493095320187283,58.32687880945982,116.65375761891964,,,,,,
2026-10-08,ERDVA6,ECORODOVIAS CONCESSÕES E SERVIÇOS S/A,ECORODOVIAS CONCESSOES E SERVICOS S/A,EcoRodovias,CVM FRE,DI_MAIS,N,Quirografária,S,ECORODOVIAS CONCESSOES E SERVICOS S/A,08873873000110,0.9294,0.0659,1042.568051,2031-07-15,,,2.9343,ok DI+,ok DI+,92.94,10,2.9322334178004734,-0.07042845651523327,2.9052321898282103,13.045365757535196,2.971722426442547,1.4690793666408686,-1.436463295222068,-2.8412262364791996,-5.559161788111034,2.970459018615886,1.4689228021110243,-1.4363093877171862,-2.8400053610405345,-5.549557064505716,15.99527919410387,31.99055838820774,,,,,,
2026-10-08,ERDVB3,ECORODOVIAS CONCESSÕES E SERVIÇOS S/A,ECORODOVIAS CONCESSOES E SERVICOS S/A,EcoRodovias,CVM FRE,DI_MAIS,N,Quirografária,S,ECORODOVIAS CONCESSOES E SERVICOS S/A,08873873000110,1.2308,0.0789,1106.07074,2030-10-15,,,2.3316,ok DI+,ok DI+,123.08,9,2.3336695370370575,0.08876038072815189,2.305295954429934,8.964060510987053,2.3508879104305658,1.1639487559648165,-1.1415371311673805,-2.261223718169336,-4.437204883659584,2.3501162569848693,1.1638530528537008,-1.141442901576233,-2.260475651874999,-4.431310698640127,26.695054004559665,53.39010800911933,,,,,,
2026-10-08,ESCEA3,EDP ESPIRITO SANTO DISTRIBUICAO DE ENERGIA SA,EDP ESPIRITO SANTO DISTRIBUICAO DE ENERGIA SA,EDP,CVM FRE,DI_MAIS,N,Quirografária,S,EDP ESPIRITO SANTO DISTRIBUICAO DE ENERGIA SA,28152650000171,0.5392,0.0336,1022.339469,2028-02-19,,,0.811,ok DI+,ok DI+,53.92,3,0.8112988362560621,0.036847873743783593,0.8069477738594122,1.695848052612527,0.8155178917179873,0.40560499651631776,-0.401365257861519,-0.7985575150378788,-1.5806830876993527,0.8154270141224749,0.40559369699547176,-0.4013540768639404,-0.7984685335963495,-1.5799785866665739,33.40984494084126,66.81968988168252,,,,,,
2026-10-08,ESCEA4,EDP ESPIRITO SANTO DISTRIBUICAO DE ENERGIA SA,EDP ESPIRITO SANTO DISTRIBUICAO DE ENERGIA SA,EDP,CVM FRE,DI_MAIS,N,Quirografária,S,EDP ESPIRITO SANTO DISTRIBUICAO DE ENERGIA SA,28152650000171,0.4525,0.0919,761.71252,2029-08-28,,,1.6681,ok DI+,ok DI+,45.25000000000001,6,1.6683786403224037,0.01670405385790822,1.6608632341877045,5.0978869340009085,1.6867192275622278,0.836849486419089,-0.8241041627127466,-1.6357306540794259,-3.222586210379774,1.686352668857709,0.8368039757613533,-0.8240592584263512,-1.6353737995177,-3.219768729695391,13.622434125989576,27.244868251979153,,,,,,
2026-10-08,ESCEA6,EDP ESPIRITO SANTO DISTRIBUICAO DE ENERGIA SA,EDP ESPIRITO SANTO DISTRIBUICAO DE ENERGIA SA,EDP,CVM FRE,DI_MAIS,N,Quirografária,S,EDP ESPIRITO SANTO DISTRIBUICAO DE ENERGIA SA,28152650000171,0.5128,0.0405,1046.007845,2030-06-11,,,2.5577,ok DI+,ok DI+,51.28000000000001,8,2.5579602025567776,0.010173302450541509,2.544909904566162,10.096632150613544,2.5962629132761705,1.2851836307079534,-1.2599404020931626,-2.4952702070954347,-4.894533759114649,2.5953930653192296,1.285075742471348,-1.2598341620948141,-2.4944267438130945,-4.887887166120053,10.07501285369508,20.15002570739016,,,,,,
2026-10-08,ESCEB4,EDP ESPIRITO SANTO DISTRIBUICAO DE ENERGIA SA,EDP ESPIRITO SANTO DISTRIBUICAO DE ENERGIA SA,EDP,CVM FRE,DI_MAIS,N,Quirografária,S,EDP ESPIRITO SANTO DISTRIBUICAO DE ENERGIA SA,28152650000171,0.4894,0.0883,847.292631,2031-08-28,,,2.3671,ok DI+,ok DI+,48.94,10,2.365487721435788,-0.06811197516844707,2.3539674049559336,9.803921273947381,2.4039113318744754,1.189353154964956,-1.1648414214009972,-2.3058412183665,-4.518885852257625,2.4029870113256706,1.189238604070401,-1.1647288008855325,-2.3049477985861966,-4.51185638443292,10.39521615655425,20.7904323131085,,,,,,
2026-10-08,ESCEB6,EDP ESPIRITO SANTO DISTRIBUICAO DE ENERGIA SA,EDP ESPIRITO SANTO DISTRIBUICAO DE ENERGIA SA,EDP,CVM FRE,DI_MAIS,N,Quirografária,S,EDP ESPIRITO SANTO DISTRIBUICAO DE ENERGIA SA,28152650000171,0.6046,0.014,1045.669131,2032-06-11,,,3.7405,ok DI+,ok DI+,60.46,12,3.7343335444827415,-0.1648564501338985,3.711891448783397,20.695258274706674,3.8177660600820396,1.8821115900860441,-1.8303676141878222,-3.6107201438183245,-7.027963771565293,3.81536774015693,1.8818147972350818,-1.8300766515483153,-3.6084151574098637,-7.0098777320726615,8.144095919051763,16.288191838103526,,,,,,
2026-10-08,ESSDA2,ENERGISA SUL-SUDESTE - DISTRIBUICAO DE ENERGIA S.A,ENERGISA SUL-SUDESTE - DISTRIBUIDORA DE ENERGIA SA,Energisa,CVM FRE,DI_MAIS,N,Quirografária,S,ENERGISA SUL-SUDESTE - DISTRIBUIDORA DE ENERGIA SA,07282377000120,0.6087,0.0509,1017.30655,2029-09-04,,,2.4659,ok DI+,ok DI+,60.870000000000005,6,2.4658487123675656,-0.0020798747895023357,2.4509299020537645,9.043857803432461,2.496874790171688,1.2368598154254729,-1.2142488826183517,-2.4064155914725105,-4.726543251402604,2.496149191070927,1.2367697732811729,-1.2141601287725918,-2.4057106130366024,-4.720982648038881,12.417735804886503,24.835471609773005,,,,,,
2026-10-08,EUFA17,EUROFARMA LABORATÓRIOS S/A,EUROFARMA LABORATORIOS S.A,Eurofarma Laboratorios,CVM FRE,DI_MAIS,N,Quirografária,S,EUROFARMA LABORATORIOS S.A,61190096000192,1.2054,0.0646,1010.486849,2031-03-18,,,2.79,ok DI+,ok DI+,120.54,9,2.7884369447432804,-0.05602348590392922,2.755225457083595,11.635806695324133,2.8144747807426596,1.3922901690257117,-1.3631984954789456,-2.6980821889267315,-5.285888941747863,2.8134044905602154,1.3921574869109525,-1.3630679701726423,-2.6970464236069738,-5.277734780260706,21.874797884524405,43.74959576904881,,,,,,
2026-10-08,EUFA18,EUROFARMA LABORATÓRIOS S/A,EUROFARMA LABORATORIOS S.A,Eurofarma Laboratorios,CVM FRE,DI_MAIS,N,Quirografária,S,EUROFARMA LABORATORIOS S.A,61190096000192,0.9787,0.0433,1009.590741,2028-09-11,,,1.731,ok DI+,ok DI+,97.87,4,1.731723706078632,0.041808554513680755,1.7149395922889004,4.815094603361632,1.739325521368551,0.8635272361021684,-0.8514890375124096,-1.6911671784015314,-3.335973182416263,1.7390150653057088,0.8634886643986524,-0.8514509278902482,-1.6908641192720926,-3.3335772925105687,28.534532773068292,57.069065546136585,,,,,,
2026-10-08,EUFA19,EUROFARMA LABORATÓRIOS S/A,EUROFARMA LABORATORIOS S.A,Eurofarma Laboratorios,CVM FRE,DI_MAIS,N,Quirografária,S,EUROFARMA LABORATORIOS S.A,61190096000192,1.3532,0.2318,1033.022173,2031-12-16,,,3.1547,ok DI+,ok DI+,135.32,11,3.1520346837142426,-0.08448715522101949,3.1099508290949296,14.943326460181348,3.1861993752305917,1.5738443302606209,-1.5364826385288244,-3.036712071857506,-5.932652352077261,3.1846674613958363,1.5736545726226916,-1.5362962564722382,-3.035234196794023,-5.921035128986232,21.75597098417491,43.51194196834982,,,,,,
2026-10-08,FENS12,FERROVIA NORTE SUL S/A,FERROVIA NORTE SUL S/A,VLI,CVM FRE,DI_MAIS,N,Quirografária,S,FERROVIA NORTE SUL S/A,09257877000137,0.4729,0.0768,1077.220489,2031-03-22,,,3.2849,ok DI+,ok DI+,47.29,10,3.2842312960086764,-0.02035690557775188,3.2687732672279552,16.306318372942,3.3520027936209784,1.654979849768945,-1.6142103031121957,-3.1888795678800985,-6.224294613853942,3.3503048590926654,1.6547695315801554,-1.6140037356478003,-3.1872416753632455,-6.211420166997071,7.233600518292253,14.467201036584505,,,,,,
2026-10-08,FISI15,FISIA COMERCIO DE PRODUTOS ESPORTIVOS S.A.,FISIA COMERCIO DE PRODUTOS ESPORTIVOS S.A.,Fisia Comercio,CVM FRE,DI_MAIS,N,Quirografária,S,FISIA COMERCIO DE PRODUTOS ESPORTIVOS S.A.,59546515000134,1.2204,0.1247,1024.943279,2030-07-15,,,2.2824,ok DI+,ok DI+,122.03999999999999,8,2.2823413975325515,-0.0025675809432390254,2.2548235311582956,8.338518557629422,2.2972056694876786,1.1379204557451006,-1.1170728853389544,-2.213800089022777,-4.348151678046641,2.296516123946443,1.1378349137761847,-1.116988617382111,-2.2131309383701487,-4.342876691164003,27.06198474372592,54.12396948745184,,,,,,
2026-10-08,FLCLA4,ENERGISA MINAS RIO - DISTRIBUIDORA DE ENERGIA S.A.,ENERGISA MINAS RIO - DISTRIBUIDORA DE ENERGIA S.A.,Energisa,CVM FRE,DI_MAIS,N,Quirografária,S,ENERGISA MINAS RIO - DISTRIBUIDORA DE ENERGIA S.A.,19527639000158,0.4065,0.0959,514.296959,2027-08-22,,,0.8278,ok DI+,ok DI+,40.65,2,0.8279388844862633,0.0167775412253338,0.8245869385809318,1.5166833824201886,0.8322428161521289,0.41419833741696,-0.41040654302750834,-0.8170746059017908,-1.6194035315747257,0.8321703554930328,0.41418932351849114,-0.41039761506244066,-0.8170035216688308,-1.61884020951346,24.648704762384657,49.297409524769314,,,,,,
2026-10-08,FLCLA8,ENERGISA MINAS RIO - DISTRIBUIDORA DE ENERGIA S.A.,ENERGISA MINAS RIO - DISTRIBUIDORA DE ENERGIA S.A.,Energisa,CVM FRE,DI_MAIS,N,Quirografária,S,ENERGISA MINAS RIO - DISTRIBUIDORA DE ENERGIA S.A.,19527639000158,0.7149,0.1099,1048.481021,2029-12-15,,,2.5735,ok DI+,ok DI+,71.49,7,2.5738936154530916,0.015294946690944902,2.555623463313861,10.021727262679585,2.606578302022755,1.2904438654516515,-1.265387980607291,-2.506335951033245,-4.917285165372142,2.6057320996272586,1.29033889073528,-1.2652845725785808,-2.505514827000463,-4.9108123813741305,13.98680224732703,27.97360449465406,,,,,,
2026-10-08,FLRY18,FLEURY S/A,FLEURY S/A,Fleury,inferido,DI_MAIS,N,Quirografária,S,FLEURY S/A,60840055000131,0.6436,0.1026,1077.545493,2028-10-23,,,1.3274,ok DI+,ok DI+,64.36,5,1.3292315618500157,0.1379811548904446,1.3207313349780965,3.431607856446352,1.3381028310371246,0.6646817004191563,-0.6561023684886869,-1.3037817536475926,-2.5744788550167708,1.337889374260328,0.6646551773096061,-0.6560761576684903,-1.3035732956958646,-2.5728305128272657,24.365288494146075,48.73057698829215,,,,,,
2026-10-08,FLRY19,FLEURY S/A,FLEURY S/A,Fleury,inferido,DI_MAIS,N,Quirografária,S,FLEURY S/A,60840055000131,0.397,0.0067,1059.324509,2029-05-17,,,1.7823,ok DI+,ok DI+,39.7,6,1.7839487420071216,0.0925064246828041,1.7768944709574206,5.460892456512457,1.804583448772723,0.8953210994852467,-0.8816682484052096,-1.749964601926246,-3.447529602998467,1.804198933239983,0.8952733510493509,-0.8816211199080697,-1.7495900086748581,-3.4445710927845923,11.171175511230269,22.342351022460537,,,,,,
2026-10-08,FLRY27,FLEURY S/A,FLEURY S/A,Fleury,inferido,DI_MAIS,N,Quirografária,S,FLEURY S/A,60840055000131,0.8907,0.0598,1085.955362,2029-04-22,,,2.061,ok DI+,ok DI+,89.07,6,2.063479744708111,0.12031755012667897,2.0452625908117503,6.841810752954289,2.0799781703813913,1.0312464451175396,-1.0141410760588832,-2.0115465835321644,-3.9575814353962957,2.079471644576522,1.0311835588470681,-1.0140790319646824,-2.011053537046979,-3.953688966564415,21.774710103275478,43.549420206550955,,,,,,
2026-10-08,FLRY29,FLEURY S/A,FLEURY S/A,Fleury,inferido,DI_MAIS,N,Quirografária,S,FLEURY S/A,60840055000131,0.5721,0.0698,1060.159699,2031-05-17,,,3.1085,ok DI+,ok DI+,57.21,10,3.1076526685173262,-0.027258532497139283,3.089974921988629,14.617145940249033,3.164522653932167,1.5634400366145274,-1.5268940364012606,-3.0183010040894076,-5.898710034235444,3.1630606516898743,1.5632588934196259,-1.5267160285690033,-3.016889192287384,-5.887606925172277,9.25735668482078,18.51471336964156,,,,,,
2026-10-08,FLRYA0,FLEURY S/A,FLEURY S/A,Fleury,inferido,DI_MAIS,N,Quirografária,S,FLEURY S/A,60840055000131,0.4083,0.0312,1066.961514,2029-10-21,,,2.0841,ok DI+,ok DI+,40.83,7,2.0865894880636304,0.11945146891370784,2.078104587034767,7.165218662969103,2.114481689681158,1.0480772068934385,-1.0301632077228562,-2.042814257257608,-4.0171322931562,2.1139306803496125,1.0480088168460948,-1.0300957701886722,-2.042278493719922,-4.012904800810152,9.823855896074036,19.647711792148073,,,,,,
2026-10-08,FLRYA1,FLEURY S/A,FLEURY S/A,Fleury,inferido,DI_MAIS,N,Quirografária,S,FLEURY S/A,60840055000131,0.4948,0.0255,1015.054895,2031-08-10,,,3.3821,ok DI+,ok DI+ aprox,49.480000000000004,,,,3.365447764461445,,3.3654477644614453,1.6827238822307227,-1.6827238822307227,-3.3654477644614453,-6.730895528922891,3.3654477644614453,1.6827238822307227,-1.6827238822307227,-3.3654477644614453,-6.730895528922891,7.3511763460571835,14.702352692114367,,,,,,
2026-10-08,FLRYB0,FLEURY S/A,FLEURY S/A,Fleury,inferido,DI_MAIS,N,Quirografária,S,FLEURY S/A,60840055000131,0.5508,0.0025,1066.507201,2031-10-21,,,3.3331,ok DI+,ok DI+,55.08,11,3.3319392879665077,-0.034823798670673464,3.313687497231755,16.859530896228975,3.399782526370476,1.6781407465320752,-1.6359878513916626,-3.231122098754391,-6.30379470726814,3.3979851517129003,1.6779181622361643,-1.6357693349955915,-3.229389842750611,-6.290184376538932,8.310982862145822,16.621965724291645,,,,,,
2026-10-08,FRAS15,FRAS-LE S/A,FRAS-LE S.A,Fras Le,CVM FRE,DI_MAIS,N,Quirografária,S,FRAS-LE S.A,88610126000129,1.0456,0.0721,1051.33819,2031-12-20,,,3.7338,ok DI+,ok DI+,104.56,11,3.727311000310687,-0.173790767832052,3.6887415189881465,20.412728931924345,3.7931457501553245,1.8701763567831264,-1.8191389158491167,-3.588928515841927,-6.986892322640981,3.790805163647768,1.8698866706589787,-1.8188548483291676,-3.5866778743285246,-6.969228459337806,14.172855357547755,28.34571071509551,,,,,,
2026-10-08,FRAS16,FRAS-LE S/A,FRAS-LE S.A,Fras Le,CVM FRE,DI_MAIS,N,Quirografária,S,FRAS-LE S.A,88610126000129,1.0024,0.0072,1057.580025,2030-10-25,,,3.0535,ok DI+,ok DI+,100.24,9,3.0539242944816105,0.013895348996574748,3.0236155719880027,14.021979064388482,3.0950929578948294,1.529504733569098,-1.4944469304016827,-2.954827458319176,-5.777191290138628,3.093725467309945,1.529335259824487,-1.4942803121635155,-2.95350567666606,-5.766791562688235,16.57618133215477,33.15236266430954,,,,,,
2026-10-08,GGBRA7,GERDAU S/A,GERDAU S/A,Gerdau,CVM FRE,DI_MAIS,N,Quirografária,S,GERDAU S/A,33611500000119,0.381,0.0214,1056.402327,2029-05-29,,,2.1895,ok DI+,ok DI+,38.1,6,2.1907454713738757,0.05688382616468933,2.1824304115060373,7.544996544847963,2.2207294792514043,1.1007177138506075,-1.081854246196079,-2.145263885179971,-4.218368406129624,2.2201553942302774,1.1006464514340786,-1.0817839600719588,-2.1447054287817973,-4.213960892115116,8.728800652504699,17.457601305009398,,,,,,
2026-10-08,GGBRA8,GERDAU S/A,GERDAU S/A,Gerdau,CVM FRE,DI_MAIS,N,Quirografária,S,GERDAU S/A,33611500000119,0.389,0.0292,1049.086665,2028-12-10,,,1.864,ok DI+,ok DI+,38.900000000000006,5,1.8652735269303933,0.06832226021422619,1.8580457290444106,5.6597955476472785,1.8867339950433326,0.9361459588902221,-0.9219958595183875,-1.8301262672344443,-3.605893974123364,1.8863447067826469,0.9360976089567643,-0.9219481200876462,-1.829746751306174,-3.602895547135875,10.467987787363606,20.935975574727212,,,,,,
2026-10-08,GGBRA9,GERDAU S/A,GERDAU S/A,Gerdau,CVM FRE,DI_MAIS,N,Quirografária,S,GERDAU S/A,33611500000119,0.444,0.0612,1057.809508,2032-06-04,,,3.986,ok DI+,ok DI+,44.400000000000006,12,3.977784601895798,-0.2061063247416546,3.9602013080878877,23.503037704851423,4.0805901863072425,2.00983490846971,-1.9510700192954755,-3.8454430269938666,-7.471955275074816,4.077716496612145,2.0094794511750083,-1.9507218569128797,-3.8426861195636306,-7.450341862078746,5.60577563434998,11.21155126869996,,,,,,
2026-10-08,GRRB16,AGUAS GUARIROBA S/A,AGUAS GUARIROBA  S/A,Aegea,CVM FRE,DI_MAIS,N,Quirografária,S,AGUAS GUARIROBA  S/A,04089570000150,2.2458,0.011,991.581413,2029-08-12,,,2.386,ok DI+,ok DI+,224.57999999999998,6,2.386007802263234,0.0003270018119745935,2.3335998175604606,8.329390419218349,2.3758954369019314,1.1772921579741968,-1.1564675605592378,-2.2925835838733533,-4.505588544740591,2.3752467696565525,1.1772116468042533,-1.1563881707562074,-2.2919528654643693,-4.500611826736554,48.11879018630866,96.23758037261732,,,,,,
2026-10-08,GSHC15,GSH CORP PARTICIPACOES S.A.,GSH CORP PARTICIPACOES S.A.,Gsh Corp,CVM FRE,DI_MAIS,N,Quirografária,S,GSH CORP PARTICIPACOES S.A.,08397078000101,1.3485,0.1185,1077.027684,2029-04-22,,,1.2907,ok DI+,ok DI+,134.85,6,1.2923507560227465,0.12789618212958534,1.2751552869778502,3.565124200573943,1.2932192551433186,0.6420636530639179,-0.6331504715907488,-1.2575620745531202,-2.4808444484525793,1.29298090798072,0.6420340487396425,-0.6331212382382077,-1.2573296659749804,-2.4790080899442213,52.875912987663604,105.75182597532721,,,,,,
2026-10-08,GSHC17,GSH CORP PARTICIPACOES S.A.,GSH CORP PARTICIPACOES S.A.,Gsh Corp,CVM FRE,DI_MAIS,N,Real,S,GSH CORP PARTICIPACOES S.A.,08397078000101,2.7756,0.0869,1005.393568,2030-09-15,,,1.8365,ok DI+,ok DI+,277.56,8,1.8363939452749107,-0.0057748284829451935,1.7867995373171366,6.090916049854621,1.8177351563260613,0.9010731035854702,-0.8858449519333567,-1.7568122068233771,-3.4554658174650976,1.8172541175664099,0.9010134137208865,-0.8857861235962501,-1.7563449570678635,-3.4517807536371805,77.66959700939755,155.3391940187951,,,,,,
2026-10-08,GUAR17,GUARARAPES CONFECCOES S/A,GUARARAPES CONFECCOES S.A..,Guararapes Confeccoes,inferido,DI_MAIS,N,Quirografária,S,GUARARAPES CONFECCOES S.A..,08402943000152,0.9795,0.0401,1070.593214,2028-10-15,,,1.3068,ok DI+,ok DI+,97.95,5,1.3088047909723366,0.1534122262271682,1.2961093994051631,3.3358270298083896,1.3129944201595745,0.6522500668851627,-0.6439102000994512,-1.2796313605066167,-2.5270925127499733,1.3127885345542052,0.6522244834898421,-0.6438849159153212,-1.2794302642561213,-2.525502258214159,37.786162203959485,75.57232440791897,,,,,,
2026-10-08,HAPV15,HAPVIDA PARTICIPACOES E INVESTIMENTOS S/A,HAPVIDA PARTICIPACOES E INVESTIMENTOS S.A.,Hapvida Investimentos,CVM FRE,DI_MAIS,N,Quirografária,S,HAPVIDA PARTICIPACOES E INVESTIMENTOS S.A.,05197443000138,9.9443,0.7027,854.309894,2030-01-27,,,2.5343,ok DI+,ok DI+,994.4300000000001,8,2.5343467897164587,0.001846257998605599,2.3051188553808237,8.38125398862426,2.3476819963324402,1.1631175272467598,-1.1421632616794741,-2.263851359806135,-4.447653193029155,2.347025125323945,1.1630359951761922,-1.1420828602046316,-2.2632125854377025,-4.442612630989162,215.70037433833588,431.40074867667175,,,,,,
2026-10-08,HAPV17,HAPVIDA PARTICIPACOES E INVESTIMENTOS S/A,HAPVIDA PARTICIPACOES E INVESTIMENTOS S.A.,Hapvida Investimentos,CVM FRE,DI_MAIS,N,Quirografária,S,HAPVIDA PARTICIPACOES E INVESTIMENTOS S.A.,05197443000138,10.357,0.3878,855.018217,2031-05-10,,,2.5687,ok DI+,ok DI+,1035.7,10,2.569773250066186,0.041781837746169656,2.3286001341701805,9.06262185642228,2.374682759271063,1.1757238000958958,-1.1530658097531177,-2.2840335583496074,-4.481831953055537,2.373913243452292,1.1756283444056181,-1.1529717897645624,-2.283287024888069,-4.475947831211916,222.3868290656699,444.7736581313398,,,,,,
2026-10-08,HAPV18,HAPVIDA PARTICIPACOES E INVESTIMENTOS S/A,HAPVIDA PARTICIPACOES E INVESTIMENTOS S.A.,Hapvida Investimentos,CVM FRE,DI_MAIS,N,Quirografária,S,HAPVIDA PARTICIPACOES E INVESTIMENTOS S.A.,05197443000138,9.9498,0.3788,805.468641,2031-10-15,,,3.2578,ok DI+,ok DI+,994.98,11,3.257301948315031,-0.015287976087208572,2.9625355828887643,14.42029470071395,3.0361051235379133,1.4994750483437347,-1.4634211506529105,-2.8918515770918862,-5.647811999536268,3.0346370563923344,1.4992931598202748,-1.4632424230684897,-2.8904341093851946,-5.63666527176325,167.92709693461242,335.85419386922484,,,,,,
2026-10-08,HAPV19,HAPVIDA PARTICIPACOES E INVESTIMENTOS S/A,HAPVIDA PARTICIPACOES E INVESTIMENTOS S.A.,Hapvida Investimentos,CVM FRE,DI_MAIS,N,Quirografária,S,HAPVIDA PARTICIPACOES E INVESTIMENTOS S.A.,05197443000138,9.8348,0.7827,776.910525,2032-05-16,,,3.5332,ok DI+,ok DI+,983.4799999999999,12,3.5283434577765096,-0.13745449517407168,3.212409416484128,16.847560448934477,3.298491240079504,1.6274924885186115,-1.5853693537918323,-3.1299478612119014,-6.101819821568899,3.2966472187288,1.6272641588032322,-1.5851452576808958,-3.1281716142394558,-6.087867623989566,153.07513341129243,306.15026682258485,,,,,,
2026-10-08,HAPV28,HAPVIDA PARTICIPACOES E INVESTIMENTOS S/A,HAPVIDA PARTICIPACOES E INVESTIMENTOS S.A.,Hapvida Investimentos,CVM FRE,DI_MAIS,N,Quirografária,S,HAPVIDA PARTICIPACOES E INVESTIMENTOS S.A.,05197443000138,9.0523,0.883,805.82913,2032-10-15,,,3.6314,ok DI+,ok DI+,905.23,13,3.6273925850479856,-0.11035454513451068,3.3262870980694457,18.476701360652996,3.420808805882447,1.6865040485755989,-1.6403071336716701,-3.235959165357294,-6.299171268269587,3.4186706048727102,1.6862394257355389,-1.6400476723339066,-3.233903591266181,-6.283040168925831,136.07213889104602,272.14427778209205,,,,,,
2026-10-08,HAPVA0,HAPVIDA PARTICIPACOES E INVESTIMENTOS S/A,HAPVIDA PARTICIPACOES E INVESTIMENTOS S.A.,Hapvida Investimentos,CVM FRE,DI_MAIS,N,Quirografária,S,HAPVIDA PARTICIPACOES E INVESTIMENTOS S.A.,05197443000138,9.6097,0.7954,774.445946,2033-10-15,,,3.7459,ok DI+,ok DI+,960.97,15,3.7405145971743337,-0.14376792828602286,3.412576256639999,19.847293532335325,3.514228052272683,1.7313960139954565,-1.6817716633471647,-3.3156571955395786,-6.446375323335063,3.511812724301676,1.731097245235419,-1.6814790114045803,-3.3133397889783227,-6.428206642633293,140.79831888447893,281.59663776895786,,,,,,
2026-10-08,HBSA14,HIDROVIAS DO BRASIL S.A.,HIDROVIAS DO BRASIL S.A.,Hidrovias do Brasil,CVM FRE,DI_MAIS,N,Quirografária,S,HIDROVIAS DO BRASIL S.A.,12648327000153,0.4728,0.048,1046.767988,2028-06-11,,,1.4803,ok DI+,ok DI+,47.279999999999994,4,1.4815180170059497,0.0822817676112748,1.4745463618073245,3.8205697016831195,1.4938814101759013,0.7420777499138165,-0.7325259952134733,-1.4556704244918728,-2.8744761589074352,1.4936492103157402,0.7420488930307662,-0.7324974687765584,-1.455443513298909,-2.8726813295809865,16.032049321952062,32.064098643904124,,,,,,
2026-10-08,HBSA24,HIDROVIAS DO BRASIL S.A.,HIDROVIAS DO BRASIL S.A.,Hidrovias do Brasil,CVM FRE,DI_MAIS,N,Quirografária,S,HIDROVIAS DO BRASIL S.A.,12648327000153,0.6,0.0,1052.640369,2031-06-11,,,3.4697,ok DI+,ok DI+,60.0,10,3.465832073916472,-0.11147724827876042,3.4451611072728348,17.74966735310115,3.535813292560075,1.7450034052723051,-1.7006249231583448,-3.358247564285477,-6.549744496761988,3.533909444038341,1.7447676378277939,-1.700393469445041,-3.3564127705073292,-6.535328867483647,8.707865631209273,17.415731262418547,,,,,,
2026-10-08,HGLB13,HIGHLINE DO BRASIL II INFRAESTRUTURA DE TELECOMUNICACOES S.A,HIGHLINE DO BRASIL II INFRAESTRUTURA DE TELECOMUNICACOES S.A,Highline Brasil,inferido,DI_MAIS,N,Quirografária,S,HIGHLINE DO BRASIL II INFRAESTRUTURA DE TELECOMUNICACOES S.A,27902165000105,2.7702,0.1253,1089.385579,2034-10-15,,,3.5145,ok DI+,ok DI+,277.02,17,3.5093545648841253,-0.14640589318180736,3.4147589134633636,19.99183188009154,3.5172454944063736,1.7326816839675407,-1.682695334268125,-3.317218796347443,-6.448625025824583,3.5147180728638214,1.7323692465817961,-1.6823896668815674,-3.314799754062906,-6.429681189324897,40.562160758669336,81.12432151733867,,,,,,
2026-10-08,HSPE15,HOSPITAL ESPERANÇA S/A,HOSPITAL ESPERANCA S/A,Hospital Esperanca,inferido,DI_MAIS,N,Quirografária,S,HOSPITAL ESPERANCA S/A,02284062000106,1.2011,0.0639,1064.313853,2034-11-25,,,4.8842,ok DI+,ok DI+,120.11000000000001,17,4.865091656094329,-0.39122771192152606,4.807350568417071,36.37103457319873,4.994873745317219,2.4498383175926897,-2.3588928516790397,-4.63087713866237,-8.929265021112743,4.989205741283065,2.449139077425034,-2.358211490992037,-4.625495395551077,-8.887280445370168,12.492327976774632,24.984655953549264,,,,,,
2026-10-08,HYPEA6,HYPERA S/A,HYPERA S/A,Hypera,CVM FRE,DI_MAIS,N,Quirografária,S,HYPERA S/A,02932074000191,0.7,0.0,1083.938007,2028-10-10,,,1.2919,ok DI+,ok DI+,69.99999999999999,5,1.2940109405679523,0.1633981397904053,1.285015829759635,3.3038536822781017,1.301739025030746,0.6466630718918509,-0.6384031411151292,-1.2686957413612587,-2.505529675946594,1.3015350981710256,0.6466377319826652,-0.6383780977769699,-1.2684965613482444,-2.503954585873708,27.23701855606465,54.4740371121293,,,,,,
2026-10-08,HYPEA7,HYPERA S/A,HYPERA S/A,Hypera,CVM FRE,DI_MAIS,N,Quirografária,S,HYPERA S/A,02932074000191,0.6884,0.024,1057.25252,2028-12-15,,,1.4698,ok DI+,ok DI+,68.84,5,1.4707924770909198,0.0675246353871114,1.460736765199288,3.9603218461419405,1.4807925281863588,0.7353503601264855,-0.7254491744658087,-1.4411832112615763,-2.8442279827534667,1.4805383744299976,0.7353187849073214,-0.7254179802919665,-1.4409351559685784,-2.842267093475737,23.563451554054705,47.12690310810941,,,,,,
2026-10-08,HYPEA8,HYPERA S/A,HYPERA S/A,Hypera,CVM FRE,DI_MAIS,N,Quirografária,S,HYPERA S/A,02932074000191,0.467,0.0356,1070.782641,2029-05-03,,,1.7365,ok DI+,ok DI+,46.7,6,1.7384887859855074,0.11452841839950742,1.7304077816452244,5.253996731317101,1.7570442624346594,0.8718168999517939,-0.8586813216831191,-1.7044949084869532,-3.3585563312635958,1.75667776530181,0.8717713867367586,-0.8586363949084658,-1.7041377979886387,-3.3557356286641067,13.493929146457873,26.987858292915746,,,,,,
2026-10-08,HYPEA9,HYPERA S/A,HYPERA S/A,Hypera,CVM FRE,DI_MAIS,N,Quirografária,S,HYPERA S/A,02932074000191,0.5,0.0,1043.18317,2030-01-15,,,2.3043,ok DI+,ok DI+,50.0,7,2.304511666858961,0.00918573358334955,2.2930464346855337,8.31181759722858,2.335271136364936,1.156995583968512,-1.1362148510975167,-2.2521339314896416,-4.424956118370959,2.334605522671677,1.1569129893393026,-1.1361334453462313,-2.2514873466993905,-4.419856517426496,10.90252670937668,21.80505341875336,,,,,,
2026-10-08,HYPEB1,HYPERA S/A,HYPERA S/A,Hypera,CVM FRE,DI_MAIS,N,Quirografária,S,HYPERA S/A,02932074000191,0.6185,0.0203,1054.08402,2030-12-15,,,3.1968,ok DI+,ok DI+,61.85,9,3.1946853746035395,-0.06614819183122396,3.175047704550892,15.122736204867492,3.25217301921108,1.6066145741325366,-1.568804508904531,-3.1008940356575865,-6.059123859827043,3.25066138557523,1.6064272725315305,-1.5686204320193617,-3.099434023526555,-6.047640685004434,9.740011136108054,19.480022272216107,,,,,,
2026-10-08,HYPEC0,HYPERA S/A,HYPERA S/A,Hypera,CVM FRE,DI_MAIS,N,Quirografária,S,HYPERA S/A,02932074000191,0.5421,0.0377,1026.071653,2030-08-15,,,2.7421,ok DI+,ok DI+,54.21000000000001,8,2.741064256612931,-0.0377719042729708,2.7262850652740807,11.227102198651705,2.7834181716068773,1.377300118068403,-1.3492304234851926,-2.6711161123964877,-5.235641729944485,2.7824205762673393,1.377176410385355,-1.3491086548887259,-2.670149554280822,-5.228028086575128,9.942100459430518,19.884200918861037,,,,,,
2026-10-08,IEAS11,INTERLIGACAO ELETRICA AIMORES S.A,INTERLIGACAO ELETRICA AIMORES S.A,ISA,inferido,DI_MAIS,N,Quirografária,S,INTERLIGACAO ELETRICA AIMORES S.A,26707830000147,0.7452,0.0464,1037.82151,2030-06-15,,,2.9019,ok DI+,ok DI+,74.52,8,2.9012750269121916,-0.021536685888841427,2.879814648154147,12.510302294104127,2.9435187369206917,1.455688100068131,-1.4244100498535528,-2.8183789865211417,-5.518209544635033,2.9423661596246675,1.4555452019447035,-1.4242694462094434,-2.8172631366836263,-5.509423250426211,12.938332688835464,25.87666537767093,,,,,,
2026-10-08,IEPS11,INTERLIGACAO ELETRICA PARAGUACU S.A,INTERLIGACAO ELETRICA PARAGUACU S.A,ISA,inferido,DI_MAIS,N,Quirografária,S,INTERLIGACAO ELETRICA PARAGUACU S.A,26712591000113,0.7458,0.0458,1037.803574,2030-06-15,,,2.9019,ok DI+,ok DI+,74.58,8,2.9012668154218058,-0.0218196553359581,2.8797893464757895,12.51011028156896,2.943492449990992,1.4556752060727263,-1.4243976360514998,-2.818354621127439,-5.518162594371823,2.9423398978836346,1.455532311089856,-1.4242570353859336,-2.817238795067945,-5.5093764873202,12.948863792983513,25.897727585967026,,,,,,
2026-10-08,IGTAA3,IGUATEMI EMPRESA DE SHOPPING CENTERS S/A,IGUATEMI EMPRESA DE SHOPPING CENTERS S.A,Iguatemi Empresa,CVM FRE,DI_MAIS,N,Quirografária,S,IGUATEMI EMPRESA DE SHOPPING CENTERS S.A,51218147000193,0.4507,0.0022,1006.835752,2030-09-20,,,2.8543,ok DI+,ok DI+,45.07,8,2.8530109184708388,-0.045162790497182276,2.8402100915880513,11.969165559372987,2.9011397370738656,1.4352008852082987,-1.4052758318012892,-2.781413833476065,-5.449302390649868,2.900055919384916,1.4350665027432419,-1.4051435888448092,-2.7803642637911863,-5.441036871988643,7.93427220991246,15.86854441982492,,,,,,
2026-10-08,IGTAB0,IGUATEMI EMPRESA DE SHOPPING CENTERS S/A,IGUATEMI EMPRESA DE SHOPPING CENTERS S.A,Iguatemi Empresa,CVM FRE,DI_MAIS,N,Quirografária,N,IGUATEMI EMPRESA DE SHOPPING CENTERS S.A,51218147000193,0.281,0.022,512.467058,2027-09-28,,,0.9254,ok DI+,ok DI+,28.100000000000005,2,0.9256573458792012,0.027809150551246137,0.9230635373392779,1.7888352596521997,0.9320962203794858,0.4637788213729177,-0.45930662524833465,-0.9142061413374813,-1.8110379092060147,0.932007713637539,0.4637678127442042,-0.45929572459507373,-0.9141193610410169,-1.8103503694855119,15.221054057122652,30.442108114245304,,,,,,
2026-10-08,INEL12,INSPIRALI EDUCACAO S/A,INSPIRALI EDUCACAO S/A,Inspirali Educacao,CVM FRE,DI_MAIS,N,Quirografária,S,INSPIRALI EDUCACAO S/A,35822503000127,1.2454,0.0191,1067.452421,2029-05-15,,,1.3546,ok DI+,ok DI+,124.53999999999999,6,1.3558537064841507,0.09255178533520486,1.3391756133949302,3.7933720717669237,1.3583988618409926,0.6743613649765834,-0.664877532001007,-1.320458693097848,-2.6044584380970237,1.3581424737537646,0.6743295217871736,-0.6648460916077564,-1.3202087530360955,-2.6024837853545217,46.49875593398835,92.9975118679767,,,,,,
2026-10-08,IOCHA3,IOCHPE-MAXION S/A,IOCHPE-MAXION S/A,Iochpe Maxion,inferido,DI_MAIS,N,Quirografária,S,IOCHPE-MAXION S/A,61156113000175,1.3055,0.045,1008.490142,2030-04-02,,,2.1271,ok DI+,ok DI+,130.55,7,2.1273847409163804,0.013386343678267198,2.0999696373014105,7.2875978892918765,2.1369810963952407,1.0591654796828998,-1.040945466825749,-2.0640888191742923,-4.058582090226592,2.13640762674787,1.05909431601232,-1.0408753212890907,-2.0635316478549512,-4.054187316816984,31.083782755965167,62.167565511930334,,,,,,
2026-10-08,IOCHA4,IOCHPE-MAXION S/A,IOCHPE-MAXION S/A,Iochpe Maxion,inferido,DI_MAIS,N,Quirografária,S,IOCHPE-MAXION S/A,61156113000175,1.1915,0.0529,1077.146051,2028-10-10,,,1.29,ok DI+,ok DI+,119.15,5,1.2921513090015213,0.16676813965281187,1.2769366093016918,3.2656007046348994,1.2934651305407607,0.6425752225721837,-0.6344109306607781,-1.260804479322819,-2.490110236484233,1.2932646128248664,0.6425503055316396,-0.6343863037700523,-1.2606086057785175,-2.488561204510686,46.654626052721056,93.30925210544211,,,,,,
2026-10-08,IOCHA5,IOCHPE-MAXION S/A,IOCHPE-MAXION S/A,Iochpe Maxion,inferido,DI_MAIS,N,Quirografária,S,IOCHPE-MAXION S/A,61156113000175,1.3153,0.0384,1031.784931,2030-02-05,,,2.3453,ok DI+,ok DI+,131.53,7,2.345286506262462,-0.0005753523019658978,2.3148394233274363,8.416956712184719,2.357599163687718,1.1680246615206835,-1.1469810643125133,-2.2734103009952156,-4.4665108942848475,2.3569242068883596,1.1679409075539489,-1.1468985157734872,-2.2727546397665126,-4.461339712411178,28.410177974879545,56.82035594975909,,,,,,
2026-10-08,IOCHA6,IOCHPE-MAXION S/A,IOCHPE-MAXION S/A,Iochpe Maxion,inferido,DI_MAIS,N,Quirografária,S,IOCHPE-MAXION S/A,61156113000175,1.3524,0.0246,1054.656038,2030-06-04,,,2.5023,ok DI+,ok DI+,135.24,8,2.5027582931969654,0.018314878190682272,2.4693626329489633,9.635860609738108,2.518360394709296,1.2468276666719014,-1.222736483387754,-2.421977270117437,-4.75226556940026,2.517541935997654,1.2467261422366542,-1.222636490712309,-2.4211833299002725,-4.746008053703164,27.383584370209256,54.76716874041851,,,,,,
2026-10-08,IOCHA7,IOCHPE-MAXION S/A,IOCHPE-MAXION S/A,Iochpe Maxion,inferido,DI_MAIS,N,Quirografária,S,IOCHPE-MAXION S/A,61156113000175,1.3041,0.0325,1047.915226,2030-07-07,,,2.9156,ok DI+,ok DI+,130.41,8,2.914455772265846,-0.039245017634579195,2.876937628650613,12.498967241853222,2.9405851867776667,1.454235438491791,-1.4229857238513999,-2.815558753578473,-5.5126829710814285,2.9394324648598795,1.4540925233776232,-1.4228451052729902,-2.8144427924413473,-5.503895912464162,22.66472493203945,45.3294498640789,,,,,,
2026-10-08,IPIPA6,IPIRANGA PRODUTOS DE PETRÓLEO S/A,IPIRANGA  PRODUTOS DE PETROLEO S.A.,Ipiranga Produtos,inferido,DI_MAIS,N,Quirografária,S,IPIRANGA  PRODUTOS DE PETROLEO S.A.,33337122000127,0.5,0.0,1059.040354,2030-11-19,,,2.8197,ok DI+,ok DI+,50.0,9,2.819927761590348,0.00807751144972425,2.8058982702391524,12.178440854058858,2.8679216892371517,1.4183124204738773,-1.3878640372946616,-2.746100768629378,-5.37684576448858,2.866790474509447,1.4181721861871497,-1.3877260840520025,-2.745006065968858,-5.368227723397127,8.909802705665875,17.81960541133175,,,,,,
2026-10-08,ISAEB1,ISA ENERGIA BRASIL S.A.,ISA ENERGIA BRASIL S.A.,ISA,CVM FRE,DI_MAIS,N,Quirografária,S,ISA ENERGIA BRASIL S.A.,02998611000104,0.5042,0.0317,1034.084726,2030-01-15,,,2.6653,ok DI+,ok DI+,50.419999999999995,7,2.6650222183883425,-0.010422151789939495,2.651652586049481,10.602236251072446,2.7055738622991266,1.339191976971188,-1.312684677771836,-2.599524151360111,-5.098217559906604,2.704663767304843,1.3390790883385808,-1.3125734977108998,-2.5986414047941184,-5.091260447077512,9.50727864299851,19.01455728599702,,,,,,
2026-10-08,ISAEB3,ISA ENERGIA BRASIL S.A.,ISA ENERGIA BRASIL S.A.,ISA,CVM FRE,DI_MAIS,N,Quirografária,S,ISA ENERGIA BRASIL S.A.,02998611000104,0.4437,0.0289,1031.782957,2030-07-15,,,2.9921,ok DI+,ok DI+,44.37,8,2.990704653194948,-0.04663436399359201,2.977493514471239,13.170088727789453,3.0445768070193058,1.5053622007545453,-1.4724344907959264,-2.9128360920822938,-5.700977145413777,3.0433439581101864,1.5052093681453562,-1.4722841463258827,-2.911643070832292,-5.691585254386689,7.450897841481862,14.901795682963725,,,,,,
2026-10-08,ISAEC1,ISA ENERGIA BRASIL S.A.,ISA ENERGIA BRASIL S.A.,ISA,CVM FRE,DI_MAIS,N,Quirografária,S,ISA ENERGIA BRASIL S.A.,02998611000104,0.4997,0.0545,1036.35327,2031-01-15,,,3.2963,ok DI+,ok DI+,49.97,9,3.293204052027104,-0.09392191162502828,3.2768297338470704,15.858700835425719,3.3577307374065057,1.6584374015384151,-1.6187871792216035,-3.1990881777191116,-6.248689232062709,3.356123238024199,1.6582382429678175,-1.618591490879253,-3.1975362296699417,-6.236485450985627,7.624747707189246,15.249495414378492,,,,,,
2026-10-08,ISAED1,ISA ENERGIA BRASIL S.A.,ISA ENERGIA BRASIL S.A.,ISA,CVM FRE,DI_MAIS,N,Quirografária,S,ISA ENERGIA BRASIL S.A.,02998611000104,0.5997,0.0226,1045.651737,2035-01-15,,,4.893,ok DI+,ok DI+,59.97,17,4.88756515371374,-0.11107390734232368,4.858429154076742,35.98449672686172,5.043854290018057,2.474874166038754,-2.3848958051032265,-4.683735236859599,-9.037972299948239,5.038351637711051,2.474195197946948,-2.384233956129794,-4.678506670442433,-8.99716837361625,6.1717479146195595,12.343495829239119,,,,,,
2026-10-08,ISPE12,IGUA SERGIPE S.A.,IGUA SERGIPE S.A.,Iguá,CVM FRE,DI_MAIS,N,Real,S,IGUA SERGIPE S.A.,58070452000120,2.4931,0.0153,1058.065263,2029-06-01,,,2.1411,ok DI+,ok DI+,249.31000000000003,6,2.1422788999972884,0.055060482802699366,2.0901688991720304,7.0476334898766995,2.125931314292129,1.0539590771655671,-1.036339120367391,-2.055441004981129,-4.043413502857607,2.1254070666214138,1.0538939914483612,-1.0362749077236693,-2.054930731722647,-4.039385128546527,59.63872108583141,119.27744217166283,,,,,,
2026-10-08,ISPE13,IGUA SERGIPE S.A.,IGUA SERGIPE S.A.,Iguá,CVM FRE,DI_MAIS,N,Real,S,IGUA SERGIPE S.A.,58070452000120,2.5812,0.1024,1056.12084,2029-06-01,,,2.1405,ok DI+,ok DI+,258.12,6,2.1417014034628528,0.05612723489151659,2.0878108303108687,7.03329296711391,2.1235000088074996,1.0527619270071398,-1.0351778248787191,-2.0531531578327322,-4.038972529724116,2.1229772951464385,1.0526970313643267,-1.035113798946542,-2.052644365475299,-4.034955801279459,61.81594526012846,123.63189052025692,,,,,,
2026-10-08,ITSA17,ITAUSA S/A,ITAUSA S/A,Itausa,CVM FRE,DI_MAIS,N,Quirografária,S,ITAUSA S/A,61532644000115,0.4541,0.0079,1049.687131,2034-07-25,,,4.7124,ok DI+,ok DI+,45.41,8,4.697896462118039,-0.30777391312199054,4.676659750192416,31.82872674892287,4.840283139584534,2.3786690579832293,-2.299084281071073,-4.521788383825243,-8.750144012949047,4.83580338393703,2.3781157835323614,-2.2985439666600542,-4.517516116447801,-8.716744965406374,4.854960850864942,9.709921701729884,,,,,,
2026-10-08,ITSA18,ITAUSA S/A,ITAUSA S/A,Itausa,CVM FRE,DI_MAIS,N,Quirografária,S,ITAUSA S/A,61532644000115,0.4604,0.0196,1016.774083,2035-09-12,,,5.0756,ok DI+,ok DI+,46.04,9,5.056674503563018,-0.37287210254908987,5.0335002683276375,36.67539643368986,5.222417643259103,2.563278060157992,-2.4715724391099148,-4.855389419179157,-9.374596304052819,5.216877250496086,2.5625943797059314,-2.4709058886217066,-4.850123286159189,-9.333492607981478,4.573358254264742,9.146716508529485,,,,,,
2026-10-08,JHSFA1,JHSF PARTICIPAÇÕES S/A,JHSF PARTICIPACOES S/A,Jhsf,CVM FRE,DI_MAIS,N,Quirografária,S,JHSF PARTICIPACOES S/A,08294224000165,0.5501,0.0588,230.869298,2027-01-21,,,0.1503,ok DI+,ok DI+,55.010000000000005,2,0.15028064961934856,-0.0128745047581027,0.14945847852896074,0.18592651376951502,0.15039511933923055,0.07496251989929092,-0.07449769647031035,-0.1485357411593724,-0.2952531500143296,0.1503881110978083,0.07496164740669226,-0.07449683112226849,-0.14852884596011318,-0.29519842678253116,184.0310450816635,368.062090163327,,,,,,
2026-10-08,JHSFA3,JHSF PARTICIPAÇÕES S/A,JHSF PARTICIPACOES S/A,Jhsf,CVM FRE,DI_MAIS,N,Quirografária,S,JHSF PARTICIPACOES S/A,08294224000165,1.1336,0.0512,633.6223,2027-12-20,,,0.5708,ok DI+,ok DI+,113.35999999999999,15,0.5709416179144446,0.02481042649696381,0.5645419701409271,1.0007124922151112,0.5695928484882318,0.2835277617690535,-0.2810259244203084,-0.5595848266807923,-1.1094375590493089,0.5695455326020027,0.28352187568573245,-0.28102009445519466,-0.5595384076798515,-1.109069690437552,100.3999755515979,200.7999511031958,,,,,,
2026-10-08,JSLGA5,JSL S/A,JSL S.A,Simpar,CVM FRE,DI_MAIS,N,Quirografária,S,JSL S.A,52548435000179,2.3641,0.3315,1080.947869,2028-10-20,,,0.8763,ok DI+,ok DI+,236.41000000000003,5,0.8776145088138045,0.15000671160613618,0.8573459922119224,2.1656645793842344,0.8683061118092361,0.43139645517928926,-0.4259821045962564,-0.8466464388510286,-1.6723971416824357,0.8681743151088436,0.4313800768301915,-0.42596591538173084,-0.846517669315001,-1.67137869283616,137.8731586474619,275.7463172949238,,,,,,
2026-10-08,JSMLA5,SIMPAR S.A.,JSL S.A,Simpar,CVM FRE,DI_MAIS,N,Quirografária,S,JSL S.A,52548435000179,3.8395,0.089,1031.408276,2031-01-15,,,2.5206,ok DI+,ok DI+,383.95,9,2.5198567277692097,-0.02948790886258402,2.4266841883572337,9.547801914349433,2.4752506902216975,1.2253794729922607,-1.2015083840479668,-2.379747313288616,-4.668732285591259,2.474423197928981,1.2252768465715536,-1.20140734178568,-2.3789451787854863,-4.662412338427479,79.11000571110955,158.2200114222191,,,,,,
2026-10-08,KRSA12,KORA SAUDE PARTICIPACOES S.A.,KORA SAUDE PARTICIPACOES S.A.,Kora Saude,CVM FRE,DI_MAIS,N,Real,S,KORA SAUDE PARTICIPACOES S.A.,13270520000166,,,,2030-10-30,,,,fora do escopo (não IPCA+ nem DI+),,,,,,,,,,,,,,,,,,,,,,,,,
2026-10-08,LCAMC2,COMPANHIA DE LOCAÇÃO DAS AMÉRICAS,LOCALIZA RENT A CAR S/A,Localiza,inferido,DI_MAIS,N,Quirografária,S,LOCALIZA RENT A CAR S/A,16670085000155,1.6393,0.0914,1084.608093,2031-05-20,,,2.7225,ok DI+,ok DI+,163.93,10,2.722312095001012,-0.00690192833748874,2.6784050018063996,11.555496734407269,2.737264931402872,1.3537810439113507,-1.3248900883688575,-2.6216745278136555,-5.133940780066548,2.7361824854784356,1.353646871821209,-1.3247581299851907,-2.6206275181343632,-5.125700068924654,30.60216806073774,61.20433612147548,,,,,,
2026-10-08,LETS18,LETS RENT A CAR S/A,LETS RENT A CAR S/A,Isolada (a identificar),,DI_MAIS,N,Quirografária,S,LETS RENT A CAR S/A,00873894000124,1.251,0.0517,1072.510295,2031-10-15,,,2.9708,ok DI+,ok DI+ aprox,125.09999999999998,,,,2.934094478079229,,2.934094478079229,1.4670472390396145,-1.4670472390396145,-2.934094478079229,-5.868188956158458,2.934094478079229,1.4670472390396145,-1.4670472390396145,-2.934094478079229,-5.868188956158458,21.318331930793047,42.636663861586094,,,,,,
2026-10-08,LMTP18,LM TRANSPORTES INTERESTADUAIS SERVIÇOS E COMÉRCIOS S.A.,LM TRANSPORTES INTERESTADUAIS SERVICOS E COMERCIO S.A.,Isolada (a identificar),,DI_MAIS,N,Quirografária,S,LM TRANSPORTES INTERESTADUAIS SERVICOS E COMERCIO S.A.,00389481000179,1.5156,0.0442,1052.643721,2026-12-10,,,0.1667,ok DI+,ok DI+,151.56,1,0.16666666666666669,-0.01999600079982118,0.1641783791522354,0.18868175279850086,0.1651285526185431,0.08232588406065222,-0.08185417306467713,-0.16324163011522952,-0.3246359930121123,0.1651217879162279,0.08232504176711582,-0.08185333738511957,-0.1632349703882429,-0.32458312324850075,461.57113008,923.14226016,,,,,,
2026-10-08,LMTP26,LM TRANSPORTES INTERESTADUAIS SERVIÇOS E COMÉRCIOS S.A.,LM TRANSPORTES INTERESTADUAIS SERVICOS E COMERCIO S.A.,Isolada (a identificar),,DI_MAIS,N,Quirografária,S,LM TRANSPORTES INTERESTADUAIS SERVICOS E COMERCIO S.A.,00389481000179,1.518,0.0318,1006.847936,2027-09-25,,,0.9227,ok DI+,ok DI+,151.8,2,0.9230269456262248,0.03543357821879453,0.9092249114701085,1.7376649818670604,0.9179980547460609,0.4567950874882154,-0.45245082299065764,-0.9006197722002285,-1.7843556649754677,0.9179132363794439,0.4567845369623881,-0.45244037450772046,-0.9005365865607733,-1.7836965233028759,83.47769516926095,166.9553903385219,,,,,,
2026-10-08,LMTPA0,LM TRANSPORTES INTERESTADUAIS SERVIÇOS E COMÉRCIOS S.A.,LM TRANSPORTES INTERESTADUAIS SERVICOS E COMERCIO S.A.,Isolada (a identificar),,DI_MAIS,N,Quirografária,S,LM TRANSPORTES INTERESTADUAIS SERVICOS E COMERCIO S.A.,00389481000179,1.7459,0.0529,1073.699603,2029-10-15,,,2.3665,ok DI+,ok DI+,174.58999999999997,7,2.3692268779889156,0.1152283113845679,2.3285723336163087,8.685195682876785,2.372700521179416,1.1752297978369297,-1.1535155555951526,-2.2858285090523123,-4.488820943562755,2.371998312030693,1.1751426614117504,-1.1534296722045585,-2.285146355201925,-4.483440753575082,37.48863573605614,74.97727147211228,,,,,,
2026-10-08,LMTPA1,LM TRANSPORTES INTERESTADUAIS SERVIÇOS E COMÉRCIOS S.A.,LM TRANSPORTES INTERESTADUAIS SERVICOS E COMERCIO S.A.,Isolada (a identificar),,DI_MAIS,N,Quirografária,S,LM TRANSPORTES INTERESTADUAIS SERVICOS E COMERCIO S.A.,00389481000179,1.3006,0.2345,1036.30525,2028-01-17,,,1.164,ok DI+,ok DI+,130.06,3,1.1646115961116315,0.05254262127418638,1.1496591294736964,2.5275596605077757,1.1624329979628367,0.578005933558523,-0.5716868582855139,-1.137154581851374,-2.249822133882906,1.1622969277762354,0.577989014312483,-0.5716701151612136,-1.1370213311711574,-2.2487670657372374,56.564592349882126,113.12918469976425,,,,,,
2026-10-08,LMTPA2,LM TRANSPORTES INTERESTADUAIS SERVIÇOS E COMÉRCIOS S.A.,LM TRANSPORTES INTERESTADUAIS SERVICOS E COMERCIO S.A.,Isolada (a identificar),,DI_MAIS,N,Quirografária,S,LM TRANSPORTES INTERESTADUAIS SERVICOS E COMERCIO S.A.,00389481000179,1.6477,0.0911,1000.101562,2028-09-23,,,1.7646,ok DI+,ok DI+,164.76999999999998,4,1.7654080872660372,0.04579435940367251,1.7367909822514793,4.9044710170473325,1.7616304583009335,0.8745654794388491,-0.8623038293242957,-1.7125781843236765,-3.377939775349592,1.761313337336716,0.8745260798970488,-0.8622649023544305,-1.7122686271662426,-3.375492544162012,47.435184107877305,94.87036821575461,,,,,,
2026-10-08,LMTPB1,LM TRANSPORTES INTERESTADUAIS SERVIÇOS E COMÉRCIOS S.A.,LM TRANSPORTES INTERESTADUAIS SERVICOS E COMERCIO S.A.,Isolada (a identificar),,DI_MAIS,N,Quirografária,S,LM TRANSPORTES INTERESTADUAIS SERVICOS E COMERCIO S.A.,00389481000179,1.75,0.0,1033.069189,2030-01-17,,,2.628,ok DI+,ok DI+,175.00000000000003,7,2.627659483495151,-0.012957249042964988,2.5824663228453573,10.16652338709017,2.6341598567183766,1.3040481146187721,-1.2786302099984659,-2.5324690726274635,-4.968187093492671,2.633298939780808,1.3039413156565414,-1.278525007188816,-2.5316337059099063,-4.961602177948912,33.88233922973007,67.76467845946014,,,,,,
2026-10-08,LMTPB2,LM TRANSPORTES INTERESTADUAIS SERVIÇOS E COMÉRCIOS S.A.,LM TRANSPORTES INTERESTADUAIS SERVICOS E COMERCIO S.A.,Isolada (a identificar),,DI_MAIS,N,Quirografária,S,LM TRANSPORTES INTERESTADUAIS SERVICOS E COMERCIO S.A.,00389481000179,1.8344,0.0563,995.913699,2030-09-23,,,3.1382,ok DI+,ok DI+,183.44,8,3.135879508637183,-0.07394338674452733,3.079391157248615,13.866252252953162,3.1500404797901504,1.5571917734427787,-1.522523450967772,-3.011334867326332,-5.891492355888506,3.1487224185133806,1.5570283939404987,-1.522362763308116,-3.010059895983849,-5.881457269438166,29.785108586838412,59.570217173676824,,,,,,
2026-10-08,LOGGB1,LOG COMMERCIAL PROPERTIES E PARTICIPAÇÕES S/A,LOG COMMERCIAL PROPERTIES E PARTICIPACOES S/A,Log Commercial,CVM FRE,DI_MAIS,N,Quirografária,S,LOG COMMERCIAL PROPERTIES E PARTICIPACOES S/A,09041168000110,0.9758,0.0546,130.203558,2027-07-11,,,0.7081,ok DI+,ok DI+,97.58,2,0.7082058620965889,0.014950161924716236,0.701361971974066,1.201840026278452,0.7074259046303988,0.35219009576863414,-0.3491854331373445,-0.695406501829765,-1.3791130811323216,0.7073711721054582,0.352183286019881,-0.34917868595418494,-0.6953527718426737,-1.378687143422563,69.56464985216519,139.12929970433038,,,,,,
2026-10-08,LORTB2,LOCALIZA RENT A CAR,LOCALIZA RENT A CAR S/A,Localiza,inferido,DI_MAIS,N,Quirografária,S,LOCALIZA RENT A CAR S/A,16670085000155,1.2453,0.0176,1065.513434,2028-12-05,,,1.8231,ok DI+,ok DI+,124.53,5,1.8244693813995405,0.07511279685922714,1.8020287177770626,5.400150640194272,1.829395779005516,0.9078100465948591,-0.8943091025358507,-1.7753851893948847,-3.4988771648765904,1.8290294709780341,0.9077645471887743,-0.8942641705882884,-1.7750279645760914,-3.49605442275024,34.55272348645395,69.1054469729079,,,,,,
2026-10-08,LVTC12,LIVETECH DA BAHIA INDUSTRIA E COMERCIO S/A,LIVETECH DA BAHIA INDUSTRIA E COMERCIO S/A,Livetech Bahia,CVM FRE,DI_MAIS,N,Real,S,LIVETECH DA BAHIA INDUSTRIA E COMERCIO S/A,05917486000140,2.3548,0.1008,420.407346,2027-06-15,,,0.4046,ok DI+,ok DI+,235.48,2,0.40464513678343766,0.011155902975197545,0.3953357700698333,0.5990728641337641,0.3983565129926703,0.19841988446376302,-0.1969221746836225,-0.39236534274442736,-0.7788878598419813,0.39833113439050216,0.19841672611508385,-0.19691904395474943,-0.39234040574916446,-0.7786900828569913,297.82278486766336,595.6455697353267,,,,,,
2026-10-08,LVTC22,LIVETECH DA BAHIA INDUSTRIA E COMERCIO S/A,LIVETECH DA BAHIA INDUSTRIA E COMERCIO S/A,Livetech Bahia,CVM FRE,DI_MAIS,N,Real,S,LIVETECH DA BAHIA INDUSTRIA E COMERCIO S/A,05917486000140,5.6256,0.1839,678.151949,2029-06-15,,,1.2047,ok DI+,ok DI+,562.5600000000001,6,1.2054040248356044,0.05843984689999815,1.1412044285055936,3.004485785551657,1.1564171464824025,0.5743814640426947,-0.5668699674592714,-1.1263677738937883,-2.2237878924311727,1.1562268574333519,0.5743578214847364,-0.5668466070208572,-1.126181999577835,-2.222319141300154,246.47643574984716,492.9528714996943,,,,,,
2026-10-08,MATD12,HOSPITAL MATER DEI S.A.,HOSPITAL MATER DEI S.A.,Hospital Mater,CVM FRE,DI_MAIS,N,Quirografária,S,HOSPITAL MATER DEI S.A.,16676520000159,0.6583,0.0382,1068.237104,2031-05-15,,,3.0886,ok DI+,ok DI+,65.83,10,3.087710873088099,-0.02878737654279952,3.0675174060043724,14.459426050773684,3.1412567236972277,1.5520116774540238,-1.5158600264208455,-2.996613066274123,-5.856800240390392,3.1398145362582404,1.5518329855656532,-1.515684420438719,-2.995220275750504,-5.845846290993271,10.730175462271879,21.460350924543757,,,,,,
2026-10-08,MATD13,HOSPITAL MATER DEI S.A.,HOSPITAL MATER DEI S.A.,Hospital Mater,CVM FRE,DI_MAIS,N,Quirografária,S,HOSPITAL MATER DEI S.A.,16676520000159,0.7138,0.0184,1047.58531,2032-07-18,,,3.819,ok DI+,ok DI+,71.38,12,3.8111783289287753,-0.2048094022315964,3.7841669452734132,21.30792361821179,3.893201090597098,1.9190270465125003,-1.865751117922021,-3.6800238895700166,-7.1609766779822,3.8907065633644726,1.9187183771594716,-1.865448568113942,-3.6776273271823547,-7.142175418182592,9.43140208033854,18.86280416067708,,,,,,
2026-10-08,MDRO18,MADERO INDUSTRIA E COMERCIO S.A.,MADERO INDUSTRIA E COMERCIO S.A.,Madero Industria,inferido,DI_MAIS,N,Real,S,MADERO INDUSTRIA E COMERCIO S.A.,13783221000478,2.0446,0.1661,1065.470019,2030-11-25,,,2.4329,ok DI+,ok DI+,204.45999999999998,9,2.43338792684035,0.020055359461956027,2.3846317461583957,9.374312121490329,2.432316559041303,1.2041346213823356,-1.180697279928855,-2.3385484489429453,-4.587987659717941,2.431503306765847,1.204033763231061,-1.180597982927335,-2.3377601855509442,-4.581777249886985,42.87035101528399,85.74070203056797,,,,,,
2026-10-08,MEAL14,INTERNATIONAL MEAL COMPANY ALIMENTAÇÃO S.A.,INTERNATIONAL MEAL COMPANY ALIMENTACAO S/A,International Meal,inferido,DI_MAIS,N,Quirografária,S,INTERNATIONAL MEAL COMPANY ALIMENTACAO S/A,17314329000120,4.6644,0.1901,,2029-10-11,,,,fora do escopo (não IPCA+ nem DI+),,,,,,,,,,,,,,,,,,,,,,,,,
2026-10-08,MGLUA0,MAGAZINE LUIZA S/A,MAGAZINE LUIZA S/A,Magazine Luiza,CVM FRE,DI_MAIS,N,Quirografária,S,MAGAZINE LUIZA S/A,47960950000121,1.7079,0.0554,536.232476,2026-10-15,,,0.0159,ok DI+,ok DI+,170.79,1,0.015873015873015872,-0.16971149046621886,0.015606472921981352,0.01558799464242259,0.015684931536896762,0.007822786026312478,-0.007783815629613944,-0.015529044223883126,-0.030905245787649083,0.015684412895193466,0.007822721454293705,-0.007783751467687648,-0.015528532948769238,-0.030901185951114254,5471.768055915,10943.53611183,,,,,,
2026-10-08,MILS18,MILLS ESTR. E SERVIÇOS DE ENGENHARIA S/A,MILLS LOCACAO SERVICOS E LOGISTICA SA,Isolada (a identificar),,DI_MAIS,N,Quirografária,S,MILLS LOCACAO SERVICOS E LOGISTICA SA,27093558000115,0.9338,0.0436,1059.051611,2030-01-10,,,1.8936,ok DI+,ok DI+,93.38,7,1.893961469660248,0.019089018813270044,1.87643927966672,6.2067045719506195,1.9079446148991375,0.9460365807933302,-0.9305190039421873,-1.845864515944129,-3.6323643609657674,1.9074728025264733,0.9459780205482984,-0.9304612591184218,-1.845405756806967,-3.628744467894428,24.882233337330664,49.76446667466133,,,,,,
2026-10-08,MILS19,MILLS ESTR. E SERVIÇOS DE ENGENHARIA S/A,MILLS LOCACAO SERVICOS E LOGISTICA SA,Isolada (a identificar),,DI_MAIS,N,Quirografária,S,MILLS LOCACAO SERVICOS E LOGISTICA SA,27093558000115,0.941,0.0189,1051.776443,2029-06-20,,,1.8627,ok DI+,ok DI+,94.1,6,1.863539983205017,0.045094926988618236,1.8461675465915903,5.7721407593984715,1.8754397146999224,0.9303500410356103,-0.9159190199273026,-1.817707594900797,-3.580057023129668,1.8750282503885825,0.9302989492450432,-0.9158685973465471,-1.8173068427945982,-3.5768922779952113,25.4852275389978,50.9704550779956,,,,,,
2026-10-08,MILS29,MILLS ESTR. E SERVIÇOS DE ENGENHARIA S/A,MILLS LOCACAO SERVICOS E LOGISTICA SA,Isolada (a identificar),,DI_MAIS,N,Quirografária,S,MILLS LOCACAO SERVICOS E LOGISTICA SA,27093558000115,1.3176,0.2087,1048.076386,2032-06-20,,,3.4256,ok DI+,ok DI+,131.76,12,3.4210043997221837,-0.13415460876390908,3.376515432385078,17.494799378073854,3.4659059477146537,1.710363486205213,-1.6666220211147609,-3.290886451006647,-6.417623424309982,3.463989429275447,1.7101262154151313,-1.6663892169699466,-3.2890414354947084,-6.403134877208679,19.511239121884948,39.022478243769896,,,,,,
2026-10-08,MILSA0,MILLS ESTR. E SERVIÇOS DE ENGENHARIA S/A,MILLS LOCACAO SERVICOS E LOGISTICA SA,Isolada (a identificar),,DI_MAIS,N,Quirografária,S,MILLS LOCACAO SERVICOS E LOGISTICA SA,27093558000115,0.8009,0.001,1063.809639,2029-11-25,,,2.1563,ok DI+,ok DI+,80.08999999999999,7,2.157604775725155,0.06050993484927755,2.1404618170325413,7.488567704719761,2.1784872423443513,1.0796639228532356,-1.0609414875153877,-2.1035853019632844,-4.135620357210213,2.1779046555561403,1.0795916181471703,-1.060870198885371,-2.1030189785089424,-4.131152279970688,18.70857946698481,37.41715893396962,,,,,,
2026-10-08,MILSA1,MILLS ESTR. E SERVIÇOS DE ENGENHARIA S/A,MILLS LOCACAO SERVICOS E LOGISTICA SA,Isolada (a identificar),,DI_MAIS,N,Quirografária,S,MILLS LOCACAO SERVICOS E LOGISTICA SA,27093558000115,0.8265,0.0662,1021.415712,2030-08-19,,,2.7444,ok DI+,ok DI+,82.64999999999999,8,2.743370793294499,-0.037502066225809164,2.7208826977972054,11.184302388769499,2.7777961550967234,1.3745447358392227,-1.3465820554615426,-2.6659223284642097,-5.225650553370553,2.776804209741053,1.3744217268845644,-1.3464609709126407,-2.664961185853358,-5.21807934781902,15.188085849293037,30.376171698586074,,,,,,
2026-10-08,MILSB0,MILLS ESTR. E SERVIÇOS DE ENGENHARIA S/A,MILLS LOCACAO SERVICOS E LOGISTICA SA,Isolada (a identificar),,DI_MAIS,N,Quirografária,S,MILLS LOCACAO SERVICOS E LOGISTICA SA,27093558000115,1.0773,0.0929,1064.966862,2032-11-25,,,3.6265,ok DI+,ok DI+,107.72999999999999,13,3.6211756310756367,-0.14681839030369193,3.5825804914413393,19.80580690954189,3.683908147901005,1.8163319386581778,-1.7668117944138473,-3.4857599993250887,-6.786371862956974,3.6816095259890482,1.8160475043575968,-1.766532987083742,-3.483551456893629,-6.769044844691841,15.035251860685786,30.070503721371573,,,,,,
2026-10-08,MNLT11,MNLT S.A.,MNLT S.A.,Mnlt,CVM FRE,DI_MAIS,N,Quirografária,S,MNLT S.A.,12592831000189,0.8196,0.0617,1075.259465,2026-10-15,,,0.0159,ok DI+,ok DI+,81.96000000000001,1,0.015873015873015872,-0.16971149046621886,0.015743978227463578,0.01586386698545215,0.015823830184191756,0.007891885272259813,-0.007852225122018108,-0.01566518365236913,-0.031174846215964447,0.01582329756239084,0.007891818947463602,-0.007852159279999974,-0.015664658892536314,-0.031170679115218113,2602.8999410400006,5205.799882080001,,,,,,
2026-10-08,MNRVA1,MINERVA S/A,MINERVA S/A,Minerva,CVM FRE,DI_MAIS,N,Quirografária,S,MINERVA S/A,67620377000114,1.7035,0.0674,1074.317737,2026-10-15,,,0.0159,ok DI+,ok DI+,170.35000000000002,1,0.015873015873015876,-0.16971149046619705,0.015607148105046412,0.015589293116014731,0.015685613531446485,0.007823125312222956,-0.007784151543466233,-0.015529712729167588,-0.030906569702215947,0.015685094570626487,0.007823060668918224,-0.007784087436128188,-0.015529201639466337,-0.03090251034777253,5457.435235874999,10914.870471749999,,,,,,
2026-10-08,MOVI27,MOVIDA PARTICIPACOES S/A,MOVIDA PARTICIPACOES S/A,Simpar,CVM FRE,DI_MAIS,N,Quirografária,S,MOVIDA PARTICIPACOES S/A,21314559000166,1.8548,0.1928,1028.171384,2029-09-15,,,1.6887,ok DI+,ok DI+,185.48,6,1.6889665080064344,0.015781844403052744,1.6582100283996772,5.051124261114345,1.6838257739810736,0.8354636339255261,-0.8228352329489708,-1.6333050810543037,-3.2181665659777536,1.683465649705249,0.8354189195262316,-0.8227911088734456,-1.6329544070941056,-3.215397571577068,55.92777658539582,111.85555317079164,,,,,,
2026-10-08,MOVI34,MOVIDA PARTICIPACOES S/A,MOVIDA PARTICIPACOES S/A,Simpar,CVM FRE,DI_MAIS,N,Quirografária,S,MOVIDA PARTICIPACOES S/A,21314559000166,1.1716,0.1006,346.061946,2027-07-27,,,0.7508,ok DI+,ok DI+,117.16,2,0.7509203918720797,0.01603514545547199,0.7422244897501667,1.3000703276568097,0.748784850223938,0.3727447987020627,-0.36949455354737815,-0.7357830371345964,-1.458914448606663,0.7487248413884507,0.3727373327846544,-0.3694871569655124,-0.7357241381118828,-1.4584475729471973,78.92490858085006,157.84981716170012,,,,,,
2026-10-08,MOVIA2,MOVIDA PARTICIPACOES S/A,MOVIDA PARTICIPACOES S/A,Simpar,CVM FRE,DI_MAIS,N,Quirografária,S,MOVIDA PARTICIPACOES S/A,21314559000166,1.5474,0.2327,538.492124,2026-10-15,,,0.0159,ok DI+,ok DI+,154.74,1,0.015873015873015872,-0.16971149046621886,0.0156311396185583,0.015637260469676645,0.015709847272549204,0.00783518132410066,-0.007796087639799776,-0.015553466772788571,-0.030953612088191473,0.015709325920906684,0.007835116384866246,-0.0077960232336920544,-0.015552953316209917,-0.030949534027723068,4949.7350729400005,9899.470145880001,,,,,,
2026-10-08,MOVIA3,MOVIDA PARTICIPACOES S/A,MOVIDA PARTICIPACOES S/A,Simpar,CVM FRE,DI_MAIS,N,Quirografária,S,MOVIDA PARTICIPACOES S/A,21314559000166,1.844,0.0643,1016.03683,2027-03-05,,,0.3929,ok DI+,ok DI+,184.4,1,0.3928571428571429,-0.01090790095625408,0.38574402307170075,0.5275581875402489,0.38840264593080764,0.19353405234017185,-0.19221513546858748,-0.3831267203356026,-0.7610994456199172,0.38838181400940197,0.19353145927027568,-0.19221256380142507,-0.3831062321339995,-0.7609368823925966,239.01860945454544,478.0372189090909,,,,,,
2026-10-08,MRFGA1,MARFRIG GLOBAL FOODS S.A.,MARFRIG GLOBAL FOODS S.A.,Marfrig Global,CVM FRE,DI_MAIS,N,Quirografária,S,MARFRIG GLOBAL FOODS S.A.,03853896000140,1.1839,0.0901,1065.861936,2027-11-11,,,0.5334,ok DI+,ok DI+,118.38999999999999,3,0.5339492104743815,0.10296409343485202,0.527701749462495,1.0308395129467052,0.5329077229401236,0.26514586369139614,-0.2625687009938926,-0.522598305412536,-1.035188767760853,0.5328559470272286,0.2651394241224309,-0.26256232534006413,-0.5225475518977616,-1.034786708666056,112.17510660196724,224.3502132039345,,,,,,
2026-10-08,MTRO12,COMPANHIA DO METROPOLITANO DE SAO PAULO,COMPANHIA DO METROPOLITANO DE SAO PAULO - METRO,Isolada (a identificar),,DI_MAIS,N,Real,N,COMPANHIA DO METROPOLITANO DE SAO PAULO - METRO,62070362000106,0.9014,0.0887,169.338581,2027-04-25,,,0.2791,ok DI+,ok DI+ aprox,90.14,,,,0.2766066674991625,,0.2766066674991625,0.13830333374958126,-0.13830333374958126,-0.2766066674991625,-0.553213334998325,0.2766066674991625,0.13830333374958126,-0.13830333374958126,-0.2766066674991625,-0.553213334998325,162.9389501254031,325.8779002508062,,,,,,
2026-10-08,MULPA0,MULTIPLAN EMPREENDIMENTOS IMOBILIÁRIOS S/A,MULTIPLAN EMPREENDIMENTOS IMOBILIARIOS S/A,Multiplan Empreendimentos,CVM FRE,DI_MAIS,N,Quirografária,S,MULTIPLAN EMPREENDIMENTOS IMOBILIARIOS S/A,07816890000153,0.6,0.0622,1079.331633,2028-10-15,,,0.8778,ok DI+,ok DI+,60.0,5,0.8791174525457016,0.15008573088420957,0.8738742073018902,2.2492754567463322,0.8852597883796332,0.4397659951450361,-0.4341426034697671,-0.8627637847866354,-1.7038379861728736,0.8851205845856219,0.439748697971878,-0.43412550933001226,-0.8626278300181586,-1.7027629054688538,34.32988380859277,68.65976761718554,,,,,,
2026-10-08,MULPB1,MULTIPLAN EMPREENDIMENTOS IMOBILIÁRIOS S/A,MULTIPLAN EMPREENDIMENTOS IMOBILIARIOS S/A,Multiplan Empreendimentos,CVM FRE,DI_MAIS,N,Quirografária,S,MULTIPLAN EMPREENDIMENTOS IMOBILIARIOS S/A,07816890000153,0.6002,0.0028,1040.493472,2028-01-10,,,0.6973,ok DI+,ok DI+,60.019999999999996,3,0.6976238409282743,0.04644212365901483,0.6934616839014975,1.4060460003119755,0.7005652244868488,0.34849751575964927,-0.3449823074231806,-0.6865032690932749,-1.3593711646958884,0.7004919139030574,0.34848839945113874,-0.3449732844503588,-0.6864314538999378,-1.3588024477967557,43.275642615407655,86.55128523081531,,,,,,
2026-10-08,MULTA4,MULTIPLAN EMPREENDIMENTOS IMOBILIÁRIOS S/A,MULTIPLAN EMPREENDIMENTOS IMOBILIARIOS S/A,Multiplan Empreendimentos,CVM FRE,DI_MAIS,N,Quirografária,S,MULTIPLAN EMPREENDIMENTOS IMOBILIARIOS S/A,07816890000153,0.4619,0.0234,1043.954423,2031-07-03,,,3.2466,ok DI+,ok DI+,46.19,10,3.243553573791054,-0.09383435621714398,3.228640483398238,15.621315355181753,3.3083411278136854,1.6340443613334976,-1.5949875957031567,-3.152072310430143,-6.156949790917587,3.306747060174147,1.6338468858930963,-1.5947935975051417,-3.150533906622329,-6.144854659692841,7.153165587421441,14.306331174842882,,,,,,
2026-10-08,MULTA5,MULTIPLAN EMPREENDIMENTOS IMOBILIÁRIOS S/A,MULTIPLAN EMPREENDIMENTOS IMOBILIARIOS S/A,Multiplan Empreendimentos,CVM FRE,DI_MAIS,N,Quirografária,S,MULTIPLAN EMPREENDIMENTOS IMOBILIARIOS S/A,07816890000153,0.5,0.0033,1070.549847,2031-10-15,,,3.0158,ok DI+,ok DI+,50.0,11,3.0162037141813647,0.013386636426972775,3.001197725553597,14.213020250289492,3.073701566797604,1.518543370764469,-1.4830076806600534,-2.9315211105268135,-5.729051505190663,3.0722628268050443,1.5183651380896603,-1.4828325874639365,-2.9301326243021495,-5.718135046101404,8.330007645660379,16.660015291320757,,,,,,
2026-10-08,MULTB5,MULTIPLAN EMPREENDIMENTOS IMOBILIÁRIOS S/A,MULTIPLAN EMPREENDIMENTOS IMOBILIARIOS S/A,Multiplan Empreendimentos,CVM FRE,DI_MAIS,N,Quirografária,S,MULTIPLAN EMPREENDIMENTOS IMOBILIARIOS S/A,07816890000153,0.6248,0.0459,1078.582814,2034-10-15,,,4.4743,ok DI+,ok DI+,62.480000000000004,17,4.462709751801912,-0.25904048003237906,4.43499987259792,30.809445014026284,4.593469380954973,2.2565578008283182,-2.1795211726902797,-4.285166551907138,-8.28674044726605,4.589047097668051,2.2560117425664923,-2.178988130031427,-4.280952647527788,-8.253810844915312,7.043968635268604,14.087937270537209,,,,,,
2026-10-08,MVLV19,MOVIDA PARTICIPACOES S/A,MOVIDA PARTICIPACOES S/A,Simpar,CVM FRE,DI_MAIS,N,Flutuante,S,MOVIDA PARTICIPACOES S/A,21314559000166,2.0454,0.0592,503.027636,2027-04-05,,,0.4722,ok DI+,ok DI+,204.54,1,0.47222222222222215,0.004706103816634002,0.462756990733754,0.6676255350736306,0.46612230690052936,0.23221641131081494,-0.23054731886356095,-0.4594455931072994,-0.9123735234596531,0.46609511840912216,0.23221302728571902,-0.23054396344803496,-0.45941886305838586,-0.9121614707660354,221.00152358117649,442.00304716235297,,,,,,
2026-10-08,MVLVA1,MOVIDA PARTICIPACOES S/A,MOVIDA PARTICIPACOES S/A,Simpar,CVM FRE,DI_MAIS,N,Flutuante,S,MOVIDA PARTICIPACOES S/A,21314559000166,2.1337,0.0262,703.271096,2027-12-22,,,0.642,ok DI+,ok DI+,213.37,3,0.6423447324595573,0.05369664479084733,0.628925352219255,1.237070593295316,0.635173472091477,0.3160168205706748,-0.31292406598935063,-0.6228015164788769,-1.2335965791653192,0.6351107051857316,0.3160090143512467,-0.3129163378680084,-0.6227399992527785,-1.2331092925726037,169.6306240852693,339.2612481705386,,,,,,
2026-10-08,MVLVA3,MOVIDA PARTICIPACOES S/A,MOVIDA PARTICIPACOES S/A,Simpar,CVM FRE,DI_MAIS,N,Quirografária,S,MOVIDA PARTICIPACOES S/A,21314559000166,2.1214,0.121,1029.010829,2027-08-10,,,0.7896,ok DI+,ok DI+,212.14000000000001,2,0.7896528579731097,0.00669427217701636,0.7732491504945189,1.371012526820191,0.7801677856519973,0.38834625016830326,-0.3849186453024678,-0.7664564834755305,-1.5195726384125918,0.7801042131286198,0.3883383409057847,-0.38491080958873425,-0.766394087860418,-1.519078050452634,137.1744151702781,274.3488303405562,,,,,,
2026-10-08,NATUA3,NATURA COSMÉTICOS S/A,NATURA COSMETICOS S/A,Natura Cosmeticos,CVM FRE,DI_MAIS,N,Quirografária,S,NATURA COSMETICOS S/A,71673990000177,1.6348,0.0957,1037.646969,2029-06-15,,,2.215,ok DI+,ok DI+,163.48000000000002,6,2.2158175360380996,0.036909076212178475,2.18017601848786,7.5164003861198445,2.2183277039684812,1.0995542283211535,-1.0807622630592983,-2.1431482664294177,-4.214398633254857,2.2177580204184593,1.0994835097265798,-1.0806925087612802,-2.1425940165572603,-4.210024029253323,37.492385617879485,74.98477123575897,,,,,,
2026-10-08,NIGP12,NOVA TRANSPORTE DO SUDESTE S.A. - NTS,NOVA TRANSPORTADORA DO SUDESTE S.A.  NTS,Nova Transportadora,CVM FRE,DI_MAIS,N,Quirografária,S,NOVA TRANSPORTADORA DO SUDESTE S.A.  NTS,04992714000184,1.1461,0.096,1031.529185,2032-03-24,,,3.4043,ok DI+,ok DI+,114.60999999999999,11,3.399560449933196,-0.1392224559176316,3.3610395753599955,16.81666117582911,3.446910049145502,1.701761925319345,-1.659716210788198,-3.2786784184321682,-6.399275883188049,3.4451228812391412,1.7015406141497842,-1.6594989612102113,-3.27695626948085,-6.385745927203408,17.04978436436951,34.09956872873902,,,,,,
2026-10-08,NTSD16,NOVA TRANSPORTE DO SUDESTE S.A. - NTS,NOVA TRANSPORTADORA DO SUDESTE S.A.  NTS,Nova Transportadora,CVM FRE,DI_MAIS,N,Quirografária,S,NOVA TRANSPORTADORA DO SUDESTE S.A.  NTS,04992714000184,0.8193,0.0405,190.328068,2029-02-15,,,2.0339,ok DI+,ok DI+,81.93,5,2.034411610502193,0.025154162062695884,2.0178791268161884,6.428224857249514,2.050477996700928,1.0170316867066154,-1.000960386851324,-1.9861839411890125,-3.9107157571385054,2.0500202511024366,1.0169748444796562,-1.0009042823365324,-1.985738002529941,-3.907193756487387,20.30101776444589,40.60203552889178,,,,,,
2026-10-08,NTSD17,NOVA TRANSPORTE DO SUDESTE S.A. - NTS,NOVA TRANSPORTADORA DO SUDESTE S.A.  NTS,Nova Transportadora,CVM FRE,DI_MAIS,N,Quirografária,S,NOVA TRANSPORTADORA DO SUDESTE S.A.  NTS,04992714000184,0.477,0.0309,1048.298719,2028-06-20,,,1.4988,ok DI+,ok DI+,47.7,4,1.499848318364881,0.06994384606892597,1.4927280057773231,3.8929699000172997,1.512430637262696,0.7512597651821329,-0.7415270007437136,-1.4734955013719908,-2.9094343423883062,1.5121928552774098,0.7512302152636832,-0.74149779051364,-1.4732631562772367,-2.9075966135543,15.977458658036198,31.954917316072397,,,,,,
2026-10-08,NTSD18,NOVA TRANSPORTE DO SUDESTE S.A. - NTS,NOVA TRANSPORTADORA DO SUDESTE S.A.  NTS,Nova Transportadora,CVM FRE,DI_MAIS,N,Quirografária,S,NOVA TRANSPORTADORA DO SUDESTE S.A.  NTS,04992714000184,0.7257,0.0544,1057.555597,2030-11-22,,,3.1319,ok DI+,ok DI+,72.57000000000001,9,3.1308064947168353,-0.03491507657219749,3.10824992501103,14.632283484836599,3.1828583446338987,1.572594625156798,-1.5360108579944964,-3.0364865515340567,-5.934851697063726,3.181411342435213,1.5724153168615609,-1.5358346081494694,-3.035088507586847,-5.923854180325328,11.673771696422142,23.347543392844283,,,,,,
2026-10-08,NTSD26,NOVA TRANSPORTE DO SUDESTE S.A. - NTS,NOVA TRANSPORTADORA DO SUDESTE S.A.  NTS,Nova Transportadora,CVM FRE,DI_MAIS,N,Quirografária,S,NOVA TRANSPORTADORA DO SUDESTE S.A.  NTS,04992714000184,0.8628,0.0521,1037.852491,2031-02-15,,,3.0414,ok DI+,ok DI+,86.28,9,3.0390626810298813,-0.07685010094425507,3.0130659480302757,13.578102643842822,3.0822595874681724,1.5236671102947463,-1.4897191537954546,-2.9464353428127144,-5.764484068847908,3.0809564612494897,1.5235056023199414,-1.4895603457103344,-2.9451754348110617,-5.7545698431836945,14.317642143943715,28.63528428788743,,,,,,
2026-10-08,NTSD35,NOVA TRANSPORTE DO SUDESTE S.A. - NTS,NOVA TRANSPORTADORA DO SUDESTE S.A.  NTS,Nova Transportadora,CVM FRE,DI_MAIS,N,Quirografária,S,NOVA TRANSPORTADORA DO SUDESTE S.A.  NTS,04992714000184,1.0224,0.0366,1039.921337,2032-09-13,,,3.524,ok DI+,ok DI+,102.24000000000001,12,3.518356867506954,-0.16013429321923758,3.482749239284509,17.96771396896529,3.574543529373919,1.7640764017567978,-1.719152588404771,-3.3947938977009318,-6.620934602402306,3.572587809129336,1.763834262103461,-1.7189149771810481,-3.3929106694396824,-6.606144199189712,14.678059339839814,29.35611867967963,,,,,,
2026-10-08,NTSD36,NOVA TRANSPORTE DO SUDESTE S.A. - NTS,NOVA TRANSPORTADORA DO SUDESTE S.A.  NTS,Nova Transportadora,CVM FRE,DI_MAIS,N,Quirografária,S,NOVA TRANSPORTADORA DO SUDESTE S.A.  NTS,04992714000184,1.1144,0.0682,1047.401429,2034-02-15,,,4.3192,ok DI+,ok DI+,111.44000000000001,15,4.305851850941467,-0.3090421619404799,4.258396282766319,27.242682270951544,4.398233655699446,2.1636993383071124,-2.0955826469134298,-4.125646967806174,-7.999049729526608,4.394609694121076,2.163251494221849,-2.09514478854447,-4.122182871411562,-7.971938920113606,13.084738079802063,26.169476159604127,,,,,,
2026-10-08,NTSDA0,NOVA TRANSPORTE DO SUDESTE S.A. - NTS,NOVA TRANSPORTADORA DO SUDESTE S.A.  NTS,Nova Transportadora,CVM FRE,DI_MAIS,N,Quirografária,S,NOVA TRANSPORTADORA DO SUDESTE S.A.  NTS,04992714000184,0.8375,0.1227,1019.444932,2031-08-25,,,3.6746,ok DI+,ok DI+,83.75,10,3.6682019699284547,-0.17411500766192667,3.6377359315021245,19.273382010721544,3.7362238073830545,1.8432222917682095,-1.795033924022582,-3.543411344270053,-6.906043910270365,3.7341028415557322,1.842959693264464,-1.7947762382376602,-3.5413690214485163,-6.890004222789818,11.511280859440676,23.022561718881352,,,,,,
2026-10-08,NTSDA2,NOVA TRANSPORTE DO SUDESTE S.A. - NTS,NOVA TRANSPORTADORA DO SUDESTE S.A.  NTS,Nova Transportadora,CVM FRE,DI_MAIS,N,Quirografária,S,NOVA TRANSPORTADORA DO SUDESTE S.A.  NTS,04992714000184,0.7259,0.1228,1000.843631,2031-03-10,,,3.1494,ok DI+,ok DI+,72.59,9,3.1468794071263355,-0.08003406597016773,3.1242008332775737,14.287575088956649,3.1970256041015555,1.5801317618535649,-1.5444099242116205,-3.0541034324028216,-5.973196759230859,3.195638708722357,1.5799598854999826,-1.544240947777591,-3.0527629578327904,-5.962650164776014,11.617370949204698,23.234741898409396,,,,,,
2026-10-08,OMGE15,OMEGA GERAÇÃO S/A,SERENA GERACAO S.A.,Serena,CVM FRE,DI_MAIS,N,Quirografária,S,SERENA GERACAO S.A.,09149503000106,1.5026,0.0162,1052.430089,2029-06-15,,,2.2058,ok DI+,ok DI+,150.26,6,2.2065783542764996,0.03528671123853648,2.17391313550244,7.495847813671299,2.211960903635357,1.0963969523035244,-1.0776563697015962,-2.1369870096610066,-4.202274893052083,2.2113923745707966,1.0963263775183092,-1.0775867579841307,-2.1364338964340837,-4.197909314731454,34.559798537044934,69.11959707408987,,,,,,
2026-10-08,OMGE16,OMEGA GERAÇÃO S/A,SERENA GERACAO S.A.,Serena,CVM FRE,DI_MAIS,N,Quirografária,S,SERENA GERACAO S.A.,09149503000106,1.5104,0.0442,999.423617,2030-03-15,,,2.809,ok DI+,ok DI+,151.04,7,2.808128620765837,-0.03102097665230508,2.766345734787605,11.307466346524196,2.823871017740953,1.3974297330504593,-1.3691591872151965,-2.710766260513775,-5.3140896667230875,2.8228830665202262,1.3973072003269578,-1.3690385344606473,-2.709808403054984,-5.306542142644726,27.299552275882935,54.59910455176587,,,,,,
2026-10-08,OMGE17,OMEGA GERAÇÃO S/A,SERENA GERACAO S.A.,Serena,CVM FRE,DI_MAIS,N,Quirografária,S,SERENA GERACAO S.A.,09149503000106,1.6462,0.0214,995.167866,2031-02-15,,,3.3573,ok DI+,ok DI+,164.62,9,3.3533937984464846,-0.11634949374543228,3.2990842731420207,15.98514956318978,3.3806314293409967,1.669724455974264,-1.6297580829691571,-3.2207239201639815,-6.290775134424509,3.3790100209579697,1.6695235735249978,-1.629560699617023,-3.219158525326072,-6.278465555020246,24.949347511395533,49.89869502279107,,,,,,
2026-10-08,OMGE26,OMEGA GERAÇÃO S/A,SERENA GERACAO S.A.,Serena,CVM FRE,DI_MAIS,N,Quirografária,S,SERENA GERACAO S.A.,09149503000106,1.5731,0.1101,998.578475,2031-03-15,,,3.4212,ok DI+,ok DI+,157.30999999999997,9,3.4168882351931673,-0.12603077302795762,3.363969628959998,16.482009304794083,3.4480689596329217,1.7027966003728023,-1.6615878980066001,-3.28318997134176,-6.411117707631164,3.446379675483968,1.7025873261109916,-1.6613823028490065,-3.281559582436028,-6.3982990718241135,23.381602295950845,46.76320459190169,,,,,,
2026-10-08,OMGE27,OMEGA GERAÇÃO S/A,SERENA GERACAO S.A.,Serena,CVM FRE,DI_MAIS,N,Quirografária,S,SERENA GERACAO S.A.,09149503000106,,,,2033-02-15,,,,fora do escopo (não IPCA+ nem DI+),,,,,,,,,,,,,,,,,,,,,,,,,
2026-10-08,ONCO19,ONCOCLINICAS DO BRASIL SERVICOS MEDICOS S.A.,ONCOCLINICAS DO BRASIL SERVICOS MEDICOS  S.A.,Oncoclinicas Brasil,inferido,DI_MAIS,N,Quirografária,S,ONCOCLINICAS DO BRASIL SERVICOS MEDICOS  S.A.,12104241000402,,,636.001492,2027-11-25,,,,fora do escopo (não IPCA+ nem DI+),,,,,,,,,,,,,,,,,,,,,,,,,
2026-10-08,ONCO29,ONCOCLINICAS DO BRASIL SERVICOS MEDICOS S.A.,ONCOCLINICAS DO BRASIL SERVICOS MEDICOS  S.A.,Oncoclinicas Brasil,inferido,DI_MAIS,N,Quirografária,S,ONCOCLINICAS DO BRASIL SERVICOS MEDICOS  S.A.,12104241000402,,,636.42595,2029-11-25,,,,fora do escopo (não IPCA+ nem DI+),,,,,,,,,,,,,,,,,,,,,,,,,
2026-10-08,OPCT16,OCEANPACT SERVICOS MARITIMOS S.A.,OCEANPACT SERVICOS MARITIMOS S.A.,Oceanpact Servicos,CVM FRE,DI_MAIS,N,Real,S,OCEANPACT SERVICOS MARITIMOS S.A.,09114805000130,1.3071,0.0271,1030.949317,2029-12-18,,,1.8829,ok DI+,ok DI+,130.70999999999998,39,1.8830655425129137,0.008791890855259148,1.8587695655219758,5.887979278841855,1.8886350312675715,0.9367975954057473,-0.9220769459607814,-1.829744014150947,-3.6030510825056705,1.8882094619161853,0.9367447568595403,-0.9220248086624355,-1.8293296691277665,-3.599779545467115,35.16035619060028,70.32071238120056,,,,,,
2026-10-08,OPCT17,OCEANPACT SERVICOS MARITIMOS S.A.,OCEANPACT SERVICOS MARITIMOS S.A.,Oceanpact Servicos,CVM FRE,DI_MAIS,N,Real,S,OCEANPACT SERVICOS MARITIMOS S.A.,09114805000130,1.3422,0.021,1019.725381,2030-07-27,,,2.297,ok DI+,ok DI+,134.22,46,2.296535582465947,-0.02021843857436351,2.2661197235366384,8.24202021402945,2.3079940290077205,1.143444802546334,-1.1228385574939659,-2.2255547078181226,-4.372486322981583,2.3073298246067857,1.143362387035856,-1.1227573365007824,-2.224909622466491,-4.367399042792687,29.614498873547696,59.22899774709539,,,,,,
2026-10-08,ORMA16,ORIZON MEIO AMBIENTE S.A.,ORIZON MEIO AMBIENTE S.A.,Isolada (a identificar),,DI_MAIS,N,Quirografária,S,ORIZON MEIO AMBIENTE S.A.,03279285000130,1.2108,0.0242,1020.652745,2035-09-15,,,4.5918,ok DI+,ok DI+,121.08000000000001,18,4.574897755365946,-0.3680962723562507,4.520167566471113,30.98813625634087,4.6795767668246,2.299370611997853,-2.2218869188627477,-4.369481628638905,-8.45380964690311,4.675108247752817,2.2988189535559824,-2.2213486129151305,-4.365226885189409,-8.42057240781541,13.39330878993574,26.78661757987148,,,,,,
2026-10-08,ORMA17,ORIZON MEIO AMBIENTE S.A.,ORIZON MEIO AMBIENTE S.A.,Isolada (a identificar),,DI_MAIS,N,Quirografária,S,ORIZON MEIO AMBIENTE S.A.,03279285000130,1.2935,0.0551,1130.171782,2035-12-15,,,4.2329,ok DI+,ok DI+,129.35,19,4.231465451343544,-0.033890445237449045,4.177430389258486,29.190192606720814,4.32767647265595,2.125733064601709,-2.0527445196495187,-4.03556539454023,-7.802962137427993,4.32338135229209,2.125202935387644,-2.0522274538708416,-4.031479426224882,-7.771056926382555,15.482005437194161,30.964010874388322,,,,,,
2026-10-08,OVSAA3,UNIDAS LOCACOES E SERVICOS S.A.,UNIDAS LOCACOES E SERVICOS S/A,Unidas,CVM FRE,DI_MAIS,N,Quirografária,S,UNIDAS LOCACOES E SERVICOS S/A,75609123000123,2.169,0.0597,728.352236,2028-07-15,,,1.3556,ok DI+,ok DI+,216.9,4,1.3563775813877967,0.057360680716791235,1.3275823208485908,3.2319019535662994,1.343929864585336,0.6678544105504836,-0.6597743969495307,-1.3116067041708535,-2.5919817119116284,1.3437418306164224,0.6678310378662533,-0.6597512829823375,-1.3114228110807593,-2.5905266026258555,81.68984950829922,163.37969901659844,,,,,,
2026-10-08,OVSAA8,UNIDAS LOCACOES E SERVICOS S.A.,UNIDAS LOCACOES E SERVICOS S/A,Unidas,CVM FRE,DI_MAIS,N,Quirografária,S,UNIDAS LOCACOES E SERVICOS S/A,75609123000123,2.0848,0.0539,1066.12019,2029-06-10,,,1.8095,ok DI+,ok DI+,208.48,6,1.8105364787594718,0.05727984302136831,1.7735612733330248,5.423897765621496,1.8010600637223373,0.8936076124185011,-0.8800472614887145,-1.746811377992863,-3.4415639146888943,1.8006807621611325,0.8935605088735393,-0.8800007644594855,-1.7464417845049172,-3.43864459135362,58.774400167242845,117.54880033448569,,,,,,
2026-10-08,OVSAA9,UNIDAS LOCACOES E SERVICOS S.A.,UNIDAS LOCACOES E SERVICOS S/A,Unidas,CVM FRE,DI_MAIS,N,Quirografária,S,UNIDAS LOCACOES E SERVICOS S/A,75609123000123,2.4011,0.0468,1066.775696,2029-11-18,,,2.0975,ok DI+,ok DI+,240.11,7,2.0990869183785317,0.0756576104186666,2.0498675486674767,6.997022229420135,2.085385211731139,1.0337461564992045,-1.0162526904105018,-2.015400415315116,-3.9638824139813233,2.0848526598145773,1.0336800521205134,-1.0161874965469633,-2.014882437520376,-3.959794652746551,58.56719868463802,117.13439736927604,,,,,,
2026-10-08,OVSAB0,UNIDAS LOCACOES E SERVICOS S.A.,UNIDAS LOCACOES E SERVICOS S/A,Unidas,CVM FRE,DI_MAIS,N,Quirografária,S,UNIDAS LOCACOES E SERVICOS S/A,75609123000123,2.2987,0.0522,1063.803922,2028-05-16,,,1.3824,ok DI+,ok DI+,229.87,4,1.3839605190946263,0.11288477247006497,1.352862274002139,3.3416631306718383,1.3697657575375999,0.6806324754324189,-0.6722780492887437,-1.3363448312271209,-2.6404016336730063,1.3695705896554982,0.6806082159144093,-0.6722540580877296,-1.3361539583487798,-2.6388912853908413,84.9569111421746,169.9138222843492,,,,,,
2026-10-08,OVSAB1,UNIDAS LOCACOES E SERVICOS S.A.,UNIDAS LOCACOES E SERVICOS S/A,Unidas,CVM FRE,DI_MAIS,N,Quirografária,S,UNIDAS LOCACOES E SERVICOS S/A,75609123000123,2.3373,0.046,1035.727506,2032-01-20,,,3.4579,ok DI+,ok DI+,233.73,11,3.452654172028404,-0.15170560084433088,3.373798382435733,17.270038016709496,3.4620052511619592,1.7087166518684693,-1.6655373254444217,-3.2892371355528582,-6.416249948010567,3.460148572519281,1.7084867387387535,-1.6653116436969797,-3.287448192352185,-6.402196004537276,34.638999357047716,69.27799871409543,,,,,,
2026-10-08,OZNH11,OZN HEALTH SPE S.A,OZN HEALTH SPE S.A,Ozn Health,CVM FRE,DI_MAIS,N,Quirografária,S,OZN HEALTH SPE S.A,18080368000172,1.8076,0.1022,927.511861,2031-11-26,,,2.2077,ok DI+,ok DI+,180.76000000000002,62,2.2060476184422986,-0.07484629060567202,2.166879111620644,8.751490185595657,2.2114341312430508,1.094477788887116,-1.072597450968804,-2.123893416632483,-4.164803841110132,2.210636562548622,1.0943789185423165,-1.0725001930783276,-2.1231216606926657,-4.158728419529375,41.70975644894345,83.4195128978869,,,,,,
2026-10-08,PALFA4,COMPANHIA PAULISTA DE FORÇA E LUZ,COMPANHIA PAULISTA DE FORCA E LUZ,State Grid,CVM FRE,DI_MAIS,N,Quirografária,S,COMPANHIA PAULISTA DE FORCA E LUZ,33050196000188,0.3086,0.02,289.429773,2027-09-05,,,0.5039,ok DI+,ok DI+,30.86,4,0.5040120243564449,0.022231465855301044,0.5024614283884382,0.8300135758193907,0.5066489802636909,0.25227289487896876,-0.25019781799018315,-0.4983481572159998,-0.988614285905387,0.5066114962675352,0.25226823116399333,-0.2501931972244449,-0.4983113605093413,-0.9883225852604887,30.70882485346023,61.41764970692046,,,,,,
2026-10-08,PALFA5,COMPANHIA PAULISTA DE FORÇA E LUZ,COMPANHIA PAULISTA DE FORCA E LUZ,State Grid,CVM FRE,DI_MAIS,N,Quirografária,S,COMPANHIA PAULISTA DE FORCA E LUZ,33050196000188,0.4369,0.0356,1011.754944,2029-09-10,,,2.081,ok DI+,ok DI+,43.690000000000005,12,2.0812012349998525,0.00967011051670275,2.0721480202991653,6.846497025548711,2.1068862484935558,1.0446949191407873,-1.02757783313141,-2.0384077782701016,-4.0112520739551405,2.106380505426909,1.0446321314315186,-1.0275158888676468,-2.0379155351714218,-4.007366100087357,10.542200550347818,21.084401100695636,,,,,,
2026-10-08,PALFA6,COMPANHIA PAULISTA DE FORÇA E LUZ,COMPANHIA PAULISTA DE FORCA E LUZ,State Grid,CVM FRE,DI_MAIS,N,Quirografária,S,COMPANHIA PAULISTA DE FORCA E LUZ,33050196000188,0.4512,0.0039,1023.381774,2030-02-15,,,2.3689,ok DI+,ok DI+,45.12,14,2.368658944367854,-0.010175846686054148,2.3580195601126257,8.666960534720806,2.402051844395392,1.189930029436126,-1.1682613817090015,-2.3153622886440295,-4.548043535733304,2.40135436278623,1.1898434807247138,-1.168176079387912,-2.314684757439022,-4.542699909530835,9.567350662232194,19.134701324464388,,,,,,
2026-10-08,PALFA8,COMPANHIA PAULISTA DE FORÇA E LUZ,COMPANHIA PAULISTA DE FORCA E LUZ,State Grid,CVM FRE,DI_MAIS,N,Quirografária,S,COMPANHIA PAULISTA DE FORCA E LUZ,33050196000188,0.271,0.0314,455.931853,2026-12-19,,,0.1944,ok DI+,ok DI+,27.1,1,0.19444444444444445,0.022862368541387887,0.19391892415997092,0.23099937600410517,0.19508241445449492,0.09724926872778372,-0.09667176190589766,-0.19277228649717815,-0.38328421083502207,0.19507392103999144,0.0972482112999906,-0.09667071285998033,-0.1927639272799504,-0.38321786079985976,69.87456257142858,139.74912514285717,,,,,,
2026-10-08,PASS12,COMPASS GAS E ENERGIA S.A,COMPASS GAS E ENERGIA S.A,Compass,CVM FRE,DI_MAIS,N,Quirografária,S,COMPASS GAS E ENERGIA S.A,21389501000181,0.9499,0.0,1084.390957,2030-11-01,,,2.7355,ok DI+,ok DI+,94.99000000000001,9,2.7363752822918554,0.03199715927089768,2.710627036076168,11.574716809826494,2.7695612086719112,1.369913405726142,-1.3409744998371553,-2.653780201916789,-5.197844307876808,2.768500620125301,1.3697819140503673,-1.340845122025801,-2.6527534520270355,-5.189759735955807,17.521776093826805,35.04355218765361,,,,,,
2026-10-08,PASS13,COMPASS GAS E ENERGIA S.A,COMPASS GAS E ENERGIA S.A,Compass,CVM FRE,DI_MAIS,N,Quirografária,S,COMPASS GAS E ENERGIA S.A,21389501000181,0.748,0.0711,1016.472414,2029-03-15,,,2.1174,ok DI+,ok DI+,74.8,5,2.1178947288871015,0.02336492335418715,2.102170493595011,6.856184261712781,2.1369487753652106,1.0597172324057214,-1.0425759582095795,-2.0683739112437594,-4.071041846033074,2.136451414903575,1.0596554771246465,-1.0425150164703645,-2.067889572286447,-4.0672173019557665,17.791135454499063,35.582270908998126,,,,,,
2026-10-08,PASS14,COMPASS GAS E ENERGIA S.A,COMPASS GAS E ENERGIA S.A,Compass,CVM FRE,DI_MAIS,N,Quirografária,S,COMPASS GAS E ENERGIA S.A,21389501000181,0.7526,0.056,1047.922816,2030-06-01,,,2.8562,ok DI+,ok DI+,75.26,8,2.85615249812234,-0.0016631145458925684,2.834817660410094,12.213592356288942,2.8970029421232946,1.4328143543048455,-1.4022781622332392,-2.7748316236588133,-5.433883434157815,2.8958856221915386,1.4326758206504082,-1.4021418397596856,-2.773749698628649,-5.425363473694409,13.27422236905224,26.54844473810448,,,,,,
2026-10-08,PEJA21,PRIO FORTE S.A,PRIO FORTE S.A.,Prio Forte,CVM FRE,DI_MAIS,N,Quirografária,S,PRIO FORTE S.A.,08926302000105,1.0604,0.0475,1030.268995,2027-08-15,,,0.8069,ok DI+,ok DI+,106.04,2,0.8069672820219677,0.008338334609952569,0.7984999881476499,1.4434982011358015,0.8057855132112879,0.4010628305627817,-0.3974540052263609,-0.7913492533848432,-1.5686590941040635,0.8057174791533289,0.40105436682524476,-0.3974456213224052,-0.791282497141971,-1.5681300122725839,66.3995000463245,132.799000092649,,,,,,
2026-10-08,PFOR15,PRIO FORTE S.A,PRIO FORTE S.A.,Prio Forte,CVM FRE,DI_MAIS,N,Quirografária,S,PRIO FORTE S.A.,08926302000105,1.2088,0.075,1019.008656,2030-02-20,,,2.3954,ok DI+,ok DI+,120.88000000000001,7,2.3953038639255775,-0.004013362044856501,2.3666952517227524,8.707148748873703,2.4109358538701775,1.1943190210591537,-1.172549880519247,-2.323844058244129,-4.564645955351265,2.410230995467121,1.1942315617974681,-1.172463689925284,-2.3231595079783838,-4.559247528468031,25.53771971951388,51.07543943902776,,,,,,
2026-10-08,PFOR16,PRIO FORTE S.A,PRIO FORTE S.A.,Prio Forte,CVM FRE,DI_MAIS,N,Quirografária,S,PRIO FORTE S.A.,08926302000105,1.2215,0.0366,1041.157963,2030-07-15,,,2.6219,ok DI+,ok DI+,122.15,8,2.6214246962696306,-0.018128217337408943,2.589790406454785,10.36304881391065,2.642504530803902,1.307960499126981,-1.2820511655319722,-2.5388466450762426,-4.979186720274431,2.641605650524338,1.3078490142447807,-1.2819413922100042,-2.537975162385232,-4.972319836631357,23.582989514432082,47.165979028864164,,,,,,
2026-10-08,PFOR25,PRIO FORTE S.A,PRIO FORTE S.A.,Prio Forte,CVM FRE,DI_MAIS,N,Quirografária,S,PRIO FORTE S.A.,08926302000105,1.3165,0.1846,1020.646459,2032-02-20,,,3.6237,ok DI+,ok DI+,131.65,11,3.617486428278074,-0.17147036790921014,3.570481045316482,18.83781008802134,3.666748012981458,1.8090450388540846,-1.7619456725095572,-3.478292413822859,-6.779914816671617,3.6646700957565894,1.8087877852682677,-1.7616932600482145,-3.4762919948763753,-6.764205888872538,18.435891176721086,36.87178235344217,,,,,,
2026-10-08,PFOR26,PRIO FORTE S.A,PRIO FORTE S.A.,Prio Forte,CVM FRE,DI_MAIS,N,Quirografária,S,PRIO FORTE S.A.,08926302000105,1.3379,0.0369,1045.482285,2032-07-15,,,3.7604,ok DI+,ok DI+,133.79,12,3.7530885740500324,-0.19443213354876632,3.7035389267490566,20.60795432359803,3.8089676472281786,1.8778250376831673,-1.826299340783466,-3.6027950787167584,-7.012933484078943,3.806578698367047,1.8775294062790258,-1.8260095204700308,-3.6004991551310663,-6.994918767026152,18.062453594546128,36.124907189092255,,,,,,
2026-10-08,PGMN18,EMPREENDIMENTOS PAGUE MENOS S/A,EMPREENDIMENTOS PAGUE MENOS S/A,Empreendimentos Pague,inferido,DI_MAIS,N,Quirografária,S,EMPREENDIMENTOS PAGUE MENOS S/A,06626253000151,1.7816,0.0894,1039.794065,2029-06-25,,,2.2323,ok DI+,ok DI+,178.16000000000003,6,2.232777834579671,0.021405482223321694,2.1936949650817743,7.587741919148224,2.2322103771475366,1.1064037487092504,-1.087433415684902,-2.1563173002506764,-4.2400631948039,2.2316336746775156,1.1063321599398224,-1.087362805141952,-2.1557562554860334,-4.235635091780584,40.60728652703972,81.21457305407944,,,,,,
2026-10-08,PLSB2A,AUTOPISTA LITORAL SUL S/A.,AUTOPISTA LITORAL SUL S/A.,Isolada (a identificar),,DI_MAIS,N,Quirografária,S,AUTOPISTA LITORAL SUL S/A.,09313969000197,1.2641,0.068,872.400745,2028-10-15,,,0.9764,ok DI+,ok DI+,126.41,5,0.9778840929609406,0.15199641140316897,0.9656769703783875,2.323865923059629,0.9774335716302263,0.48576037826351115,-0.47995052038358743,-0.9541918211889766,-1.8859381029792566,0.9772962999936857,0.4857433175930183,-0.47993365278536926,-0.9540576407630894,-1.8848766222955826,65.4514935519628,130.9029871039256,,,,,,
2026-10-08,PRLG17,PROLAGOS S/A - C.S.PUBL. DE ÁGUA E ESGOTO,PROLAGOS S/A - CONCESSIONARIA DE SERVICOS PUBLICOS DE AGUA E ESGOTO,Aegea,CVM FRE,DI_MAIS,N,Quirografária,S,PROLAGOS S/A - CONCESSIONARIA DE SERVICOS PUBLICOS DE AGUA E ESGOTO,02382073000110,1.0303,0.0397,1079.035656,2030-04-10,,,2.6861,ok DI+,ok DI+,103.03,8,2.688461227532931,0.0879054217240898,2.661044486191698,11.09719618407819,2.717517227955235,1.34451610837647,-1.3167712114400265,-2.6065147475419326,-5.107678093408774,2.7165304671120887,1.3443937383259466,-1.316650747865751,-2.6055585052713064,-5.100145048701831,19.358939794999326,38.71787958999865,,,,,,
2026-10-08,PSAN13,PARSAN S.A.,PARSAN S.A.,Isolada (a identificar),,DI_MAIS,N,Quirografária,S,PARSAN S.A.,44854238000150,2.3423,0.0186,1007.39094,2030-03-18,,,2.4383,ok DI+,ok DI+,234.23,7,2.437996554988506,-0.012444941618916508,2.382198323653568,8.765690264884437,2.4267352153586774,1.2021441803531152,-1.1802286832090059,-2.339057960647195,-4.594509394051549,2.4260267749779905,1.2020562746578896,-1.1801420489956784,-2.338369872329146,-4.589082842009447,49.1625734251971,98.3251468503942,,,,,,
2026-10-08,PSAN23,PARSAN S.A.,PARSAN S.A.,Isolada (a identificar),,DI_MAIS,N,Quirografária,S,PARSAN S.A.,44854238000150,2.3299,0.0386,1018.7363,2030-03-18,,,2.7646,ok DI+,ok DI+,232.99,7,2.7636927157609463,-0.03281792082231934,2.7007675330093615,10.89268561513455,2.7561725069345844,1.3641164093623592,-1.3368829204072452,-2.6472172371695746,-5.190877470961619,2.7552309610850347,1.363999623523599,-1.3367679094857627,-2.646304104933689,-5.1836813537160324,43.1340345202514,86.2680690405028,,,,,,
2026-10-08,QUAL16,QUALICORP S/A,QUALICORP CONSULTORIA E CORRETORA DE SEGUROS S.A.,Qualicorp Consultoria,inferido,DI_MAIS,N,Quirografária,S,QUALICORP CONSULTORIA E CORRETORA DE SEGUROS S.A.,11992680000193,3.4289,0.0796,261.130373,2027-06-03,,,0.5998,ok DI+,ok DI+,342.89,2,0.5999832778356539,0.030556491439456678,0.5800924865638655,0.9121681841253333,0.5846923112707181,0.2911913050235526,-0.28891084211657425,-0.575569951021826,-1.1422454119731529,0.5846533274844922,0.2911864535120894,-0.28890603305177603,-0.5755316456432388,-1.1419416094452244,295.5476996703434,591.0953993406868,,,,,,
2026-10-08,QUAL17,QUALICORP S/A,QUALICORP CONSULTORIA E CORRETORA DE SEGUROS S.A.,Qualicorp Consultoria,inferido,DI_MAIS,N,Quirografária,S,QUALICORP CONSULTORIA E CORRETORA DE SEGUROS S.A.,11992680000193,4.2321,0.8721,502.419867,2028-03-15,,,0.8707,ok DI+,ok DI+,423.21,3,0.87099431893578,0.033802565267029364,0.8356296370655297,1.6530226097113874,0.843978349390273,0.41989149417738236,-0.4157588341492713,-0.8274464672164639,-1.6388479377642318,0.8438947501140868,0.4198810967949041,-0.41574854027062563,-0.8273645240169727,-1.638198821936832,253.22821333035847,506.45642666071694,,,,,,
2026-10-08,QUAL18,QUALICORP S/A,QUALICORP CONSULTORIA E CORRETORA DE SEGUROS S.A.,Qualicorp Consultoria,inferido,DI_MAIS,N,Quirografária,S,QUALICORP CONSULTORIA E CORRETORA DE SEGUROS S.A.,11992680000193,5.6338,1.0115,1029.66416,2029-10-15,,,1.5411,ok DI+,ok DI+,563.38,7,1.5433858257347113,0.1483242965875911,1.4610719539907788,4.162272912220793,1.4821618764225164,0.7357734179741726,-0.7253673041490383,-1.4405322393124087,-2.8410449917714797,1.4818833185518827,0.7357388181356654,-0.7253331358551134,-1.440260589429675,-2.8388984497371417,192.79680184852674,385.5936036970535,,,,,,
2026-10-08,QUNT11,QUANTUM PARTICIPACOES S.A.,QUANTUM PARTICIPACOES S.A.,Isolada (a identificar),,DI_MAIS,N,Real,S,QUANTUM PARTICIPACOES S.A.,28367479000118,0.7743,0.0147,1065.497295,2031-11-18,,,3.0132,ok DI+,ok DI+,77.42999999999999,11,3.0112873984729642,-0.06347409820243101,2.988150151847211,14.651912463619828,3.0629503146573533,1.5125807609915665,-1.475947509964215,-2.9163756448183253,-5.694931183954655,3.06140971416531,1.51238996650313,-1.4757601853440807,-2.9148905895291115,-5.683262054422024,12.956176240363025,25.91235248072605,,,,,,
2026-10-08,QYAN11,MANTIQUEIRA HOLDING S.A.,MANTIQUEIRA HOLDING S.A.,State Grid,CVM FRE,DI_MAIS,N,Real,S,MANTIQUEIRA HOLDING S.A.,46568486000160,0.7711,0.0172,1066.155902,2032-11-18,,,3.2438,ok DI+,ok DI+,77.11,13,3.2408102097206966,-0.09216937786864911,3.2160115446995183,16.59461807465793,3.3008252759440415,1.628976878124222,-1.5874859606610392,-3.1348091017994295,-6.11403037615087,3.298984635072808,1.6287490449430817,-1.587262499756437,-3.133038454326229,-6.100130727905879,11.988451989093313,23.976903978186627,,,,,,
2026-10-08,RADL15,RAIA DROGASIL S/A,RAIA DROGASIL S/A,Raia Drogasil,CVM FRE,DI_MAIS,N,Quirografária,S,RAIA DROGASIL S/A,61585865000151,0.6003,0.0642,1044.745442,2029-01-25,,,1.5833,ok DI+,ok DI+,60.029999999999994,5,1.5838584893132015,0.0352737518601384,1.5744073221582853,4.415370032614482,1.5967745828560087,0.7927589488614606,-0.7817200801067292,-1.5526137797621686,-3.062746286015061,1.5964841723213576,0.7927228736199108,-0.7816844485383745,-1.552330471995213,-3.060507243664281,19.064316824221674,38.12863364844335,,,,,,
2026-10-08,RADL19,RAIA DROGASIL S/A,RAIA DROGASIL S/A,Raia Drogasil,CVM FRE,DI_MAIS,N,Quirografária,S,RAIA DROGASIL S/A,61585865000151,0.4661,0.0252,1072.973501,2031-04-22,,,3.0381,ok DI+,ok DI+,46.61,10,3.038566462872565,0.015353769545604854,3.024469410948136,14.15615860822613,3.0966527523401677,1.530103692909912,-1.4947103121434435,-2.955043395020085,-5.776471645647041,3.0952502039892664,1.5299299037343508,-1.4945395072137853,-2.9536886179070057,-5.765815649731749,7.70548378358178,15.41096756716356,,,,,,
2026-10-08,RADLA0,RAIA DROGASIL S/A,RAIA DROGASIL S/A,Raia Drogasil,CVM FRE,DI_MAIS,N,Quirografária,S,RAIA DROGASIL S/A,61585865000151,0.5,0.0,1073.015521,2032-04-15,,,3.5808,ok DI+,ok DI+,50.0,12,3.5781519321168846,-0.07395185107002164,3.560350181210831,19.460874145915557,3.6598681365240138,1.8047751601921513,-1.7561176789960942,-3.46517461972472,-6.748191703761708,3.657654551940409,1.8045011832878104,-1.7558489979230212,-3.463045810481254,-6.731482879503352,7.0217812090320315,14.043562418064063,,,,,,
2026-10-08,RADLA1,RAIA DROGASIL S/A,RAIA DROGASIL S/A,Raia Drogasil,CVM FRE,DI_MAIS,N,Quirografária,S,RAIA DROGASIL S/A,61585865000151,0.5007,0.002,1056.400635,2032-11-10,,,3.9186,ok DI+,ok DI+,50.07,13,3.9119552000856492,-0.1695707628834495,3.8924656247027625,23.00870632800935,4.010322171734559,1.9753416363565757,-1.9178127089927721,-3.7801204609529515,-7.345910420302381,4.00750915634281,1.9749936952613931,-1.9174719294413698,-3.7774220930627163,-7.324757122845339,6.4316560282820046,12.863312056564009,,,,,,
2026-10-08,RAIZ14,RAIZEN S.A.,RAIZEN S.A.,Rumo,CVM FRE,DI_MAIS,N,Quirografária,S,RAIZEN S.A.,33453598000123,,,494.694402,2030-07-15,,,,fora do escopo (não IPCA+ nem DI+),,,,,,,,,,,,,,,,,,,,,,,,,
2026-10-08,RDORA5,REDE DOR SÃO LUIZ S/A,REDE DOR SAO LUIZ S/A,Rede Dor,CVM FRE,DI_MAIS,N,Quirografária,S,REDE DOR SAO LUIZ S/A,06047087000139,1.1439,0.0276,1112.743258,2032-10-15,,,3.9625,ok DI+,ok DI+,114.39,13,3.955874994611469,-0.1671925650102475,3.911135515450234,23.901850896361147,4.03365930894608,1.9858178352168743,-1.926055336691468,-3.7945147904049903,-7.36686620446797,4.03064476993204,1.9854450713455682,-1.9256904441046652,-3.7916262609684273,-7.344234012973244,14.623630343173097,29.247260686346195,,,,,,
2026-10-08,RDORB3,REDE DOR SÃO LUIZ S/A,REDE DOR SAO LUIZ S/A,Rede Dor,CVM FRE,DI_MAIS,N,Quirografária,S,REDE DOR SAO LUIZ S/A,06047087000139,0.9998,0.0412,1094.29652,2032-05-15,,,3.308,ok DI+,ok DI+,99.98,12,3.3051371672433,-0.08654270727629874,3.2724195169132018,16.74623942321886,3.357966763801268,1.6573674077582368,-1.6154976100432705,-3.1904371497732398,-6.223649489671301,3.356150714029296,1.6571425577356242,-1.6152769591775775,-3.1886883197971074,-6.209914245362026,15.276158738704265,30.55231747740853,,,,,,
2026-10-08,RDORB5,REDE DOR SÃO LUIZ S/A,REDE DOR SAO LUIZ S/A,Rede Dor,CVM FRE,DI_MAIS,N,Quirografária,S,REDE DOR SAO LUIZ S/A,06047087000139,1.0226,0.0209,1113.324961,2032-10-15,,,3.7378,ok DI+,ok DI+,102.25999999999999,13,3.7332442574731326,-0.12188299338828756,3.6954545393537015,21.33425147616367,3.804684844123396,1.8747116652454876,-1.8213696228203236,-3.591239652966005,-6.983486342463296,3.802125796734521,1.8743950840220556,-1.8210594553316466,-3.5887832819728835,-6.964224049184131,13.835916382005374,27.671832764010748,,,,,,
2026-10-08,RDORB9,REDE DOR SÃO LUIZ S/A,REDE DOR SAO LUIZ S/A,Rede Dor,CVM FRE,DI_MAIS,N,Quirografária,S,REDE DOR SAO LUIZ S/A,06047087000139,1.0142,0.0183,1047.321131,2031-08-20,,,3.0163,ok DI+,ok DI+,101.42,10,3.0135766716343215,-0.09028705253717066,2.9833198417987976,13.589724627873629,3.052601233449259,1.5088122209265808,-1.4748350767298968,-2.9166586426804697,-5.7049716499491865,3.051268464938166,1.508647076684241,-1.474672765114557,-2.9153712186594296,-5.694845191040123,16.997842232505757,33.995684465011514,,,,,,
2026-10-08,RDORC3,REDE DOR SÃO LUIZ S/A,REDE DOR SAO LUIZ S/A,Rede Dor,CVM FRE,DI_MAIS,N,Quirografária,S,REDE DOR SAO LUIZ S/A,06047087000139,1.0304,0.0428,1093.200652,2032-05-15,,,3.3071,ok DI+,ok DI+,103.04,12,3.3042726090252423,-0.0854945715206016,3.2705726286595342,16.73030218716725,3.3560378058153706,1.6564237477062482,-1.6145937999976434,-3.188667674776269,-6.220256690303627,3.3542241395953707,1.6561991920637262,-1.614373436595808,-3.186921117723698,-6.206539213575724,15.752593154036092,31.505186308072183,,,,,,
2026-10-08,RDORC4,REDE DOR SÃO LUIZ S/A,REDE DOR SAO LUIZ S/A,Rede Dor,CVM FRE,DI_MAIS,N,Quirografária,S,REDE DOR SAO LUIZ S/A,06047087000139,0.3722,0.0184,1011.622239,2027-09-15,,,0.8933,ok DI+,ok DI+,37.22,2,0.8935029799495139,0.02272248399349647,0.8901896939087854,1.6940462396469131,0.898742697538335,0.44722270064592173,-0.4429874849480875,-0.8818006355103214,-1.7471416353841307,0.8986599251070199,0.4472124047539513,-0.44297728915483403,-0.8817194627105509,-1.7464984630246323,20.905656544151025,41.81131308830205,,,,,,
2026-10-08,RDORC7,REDE DOR SÃO LUIZ S/A,REDE DOR SAO LUIZ S/A,Rede Dor,CVM FRE,DI_MAIS,N,Quirografária,S,REDE DOR SAO LUIZ S/A,06047087000139,0.4895,0.0374,1047.81201,2029-06-20,,,1.4663,ok DI+,ok DI+,48.95,6,1.466971740442438,0.04581193769611389,1.4598258926976828,4.273044641001102,1.481487734061071,0.7352910863297257,-0.7246079979325692,-1.4387496557437873,-2.8364733731320313,1.4811911159026883,0.7352542521500928,-0.72457164054759,-1.4384606694926774,-2.8341908925753434,16.76569796605776,33.53139593211552,,,,,,
2026-10-08,RDORC9,REDE DOR SÃO LUIZ S/A,REDE DOR SAO LUIZ S/A,Rede Dor,CVM FRE,DI_MAIS,N,Quirografária,S,REDE DOR SAO LUIZ S/A,06047087000139,1.0049,0.0406,1047.612036,2031-08-20,,,3.0165,ok DI+,ok DI+,100.49,10,3.013739775467433,-0.0915042112569892,2.983756011309781,13.59326309798077,3.053055585946929,1.5090347893890632,-1.4750487977940763,-2.917077589640782,-5.705776896894865,3.051722326799685,1.5088695845273665,-1.4748864267824144,-2.9157896958198775,-5.695646760659947,16.839513622946644,33.67902724589329,,,,,,
2026-10-08,RDORD3,REDE DOR SÃO LUIZ S/A,REDE DOR SAO LUIZ S/A,Rede Dor,CVM FRE,DI_MAIS,N,Quirografária,S,REDE DOR SAO LUIZ S/A,06047087000139,1.0273,0.0427,1100.188346,2034-05-05,,,4.6362,ok DI+,ok DI+,102.73,16,4.621410554237716,-0.31899930465216064,4.5744175626169525,32.95366839114759,4.744072461434268,2.329004062793416,-2.2466051510386276,-4.414299775638753,-8.526082050865625,4.739185904572691,2.328400866797411,-2.246016695819542,-4.4096492206612155,-8.489761757410955,11.22875192237914,22.45750384475828,,,,,,
2026-10-08,RDORD4,REDE DOR SÃO LUIZ S/A,REDE DOR SAO LUIZ S/A,Rede Dor,CVM FRE,DI_MAIS,N,Quirografária,S,REDE DOR SAO LUIZ S/A,06047087000139,0.9516,0.0313,1014.962705,2031-09-15,,,3.722,ok DI+,ok DI+,95.16,10,3.7153533432201677,-0.17857755990951713,3.6803313104697373,19.630618521663376,3.7806583981472297,1.8649730778681706,-1.8158914682695815,-3.584271158839636,-6.984485797842455,3.778484403078054,1.8647039283869478,-1.8156273820827895,-3.5821782178614203,-6.968050250506207,12.928183901445315,25.85636780289063,,,,,,
2026-10-08,RDORD7,REDE DOR SÃO LUIZ S/A,REDE DOR SAO LUIZ S/A,Rede Dor,CVM FRE,DI_MAIS,N,Quirografária,S,REDE DOR SAO LUIZ S/A,06047087000139,0.948,0.0555,1038.104327,2030-02-20,,,2.3868,ok DI+,ok DI+,94.79999999999998,7,2.3867213551904376,-0.00329498950739206,2.364307718023574,8.711265988704687,2.4085706922460037,1.193130620935423,-1.1713511810667265,-2.3214376269459547,-4.559801690757881,2.4078640479670974,1.193042941497668,-1.1712647765259063,-2.3207513880800508,-4.554390116273054,20.048151786106622,40.096303572213245,,,,,,
2026-10-08,RDORE4,REDE DOR SÃO LUIZ S/A,REDE DOR SAO LUIZ S/A,Rede Dor,CVM FRE,DI_MAIS,N,Quirografária,S,REDE DOR SAO LUIZ S/A,06047087000139,1.1429,0.0583,1017.500765,2034-09-15,,,5.0502,ok DI+,ok DI+,114.29,16,5.027965196728724,-0.44027569742339406,4.971149924244534,37.06669998471105,5.162170699987856,2.532610090378151,-2.439925653744346,-4.791220527611784,-9.243139851932858,5.156483424168089,2.5319083371031557,-2.4392415871413777,-4.785816424320978,-9.200965848794846,11.49532821798456,22.99065643596912,,,,,,
2026-10-08,RDORF1,REDE DOR SÃO LUIZ S/A,REDE DOR SAO LUIZ S/A,Rede Dor,CVM FRE,DI_MAIS,N,Quirografária,S,REDE DOR SAO LUIZ S/A,06047087000139,1.0243,0.0349,1042.936714,2033-06-10,,,4.1878,ok DI+,ok DI+,102.43,14,4.177113309121253,-0.25518627629654833,4.134760952682922,25.967749522535744,4.267967423078312,2.1002564748153763,-2.035328071238285,-4.008145370111304,-7.775406963409215,4.264599700295601,2.0998401632446306,-2.0349207894382912,-4.004922205070243,-7.750166914915129,12.38644762928027,24.77289525856054,,,,,,
2026-10-08,RDORF8,REDE DOR SÃO LUIZ S/A,REDE DOR SAO LUIZ S/A,Rede Dor,CVM FRE,DI_MAIS,N,Quirografária,S,REDE DOR SAO LUIZ S/A,06047087000139,1.1427,0.047,1058.122321,2035-11-20,,,4.8762,ok DI+,ok DI+,114.27,19,4.8573519901362525,-0.38653069734111295,4.802474118385462,36.45167125950357,4.990460071261493,2.4475081245318497,-2.3563606658392633,-4.6256506705407485,-8.918301834588672,4.984732474682979,2.4468016482671104,-2.355672470118351,-4.620215762087944,-8.87591481158085,11.896992798205469,23.793985596410938,,,,,,
2026-10-08,RDORG6,REDE DOR SÃO LUIZ S/A,REDE DOR SAO LUIZ S/A,Rede Dor,CVM FRE,DI_MAIS,N,Quirografária,S,REDE DOR SAO LUIZ S/A,06047087000139,1.0127,0.0304,1018.414802,2032-08-20,,,4.1699,ok DI+,ok DI+,101.26999999999998,12,4.158685985156828,-0.268927668365473,4.116993195070351,24.88229542906816,4.244503483067752,2.0899827021424233,-2.0277689683886324,-3.9955525349455567,-7.759623157288975,4.241404672215691,2.0895994668215105,-2.0273937282488403,-3.9925817179250105,-7.736340481559338,12.29902445809963,24.59804891619926,,,,,,
2026-10-08,RDORG9,REDE DOR SÃO LUIZ S/A,REDE DOR SAO LUIZ S/A,Rede Dor,CVM FRE,DI_MAIS,N,Quirografária,S,REDE DOR SAO LUIZ S/A,06047087000139,1.1,0.0,1046.763788,2036-01-10,,,5.0192,ok DI+,ok DI+,110.00000000000001,19,4.996736788317931,-0.4475456583134452,4.942370710502405,37.92125163300317,5.138004323691625,2.519330261441466,-2.4245076918610553,-4.7584805500022975,-9.170884460274731,5.131976968667421,2.5185869197924564,-2.4237837907099484,-4.75276445233739,-9.126316388344746,11.128262775417976,22.256525550835953,,,,,,
2026-10-08,RDORH6,REDE DOR SÃO LUIZ S/A,REDE DOR SAO LUIZ S/A,Rede Dor,CVM FRE,DI_MAIS,N,Quirografária,S,REDE DOR SAO LUIZ S/A,06047087000139,1.0692,0.0226,1023.213099,2035-08-20,,,4.9784,ok DI+,ok DI+,106.92,18,4.956722479887643,-0.4354314661810447,4.904285855520419,36.49475844707945,5.092379322476659,2.4984547132587354,-2.4072002037026308,-4.727149736598946,-9.120324309127492,5.086759647755815,2.4977613758190587,-2.4065244797013596,-4.721812063285022,-9.078676542099249,10.90066965403816,21.80133930807632,,,,,,
2026-10-08,RDORI6,REDE DOR SÃO LUIZ S/A,REDE DOR SAO LUIZ S/A,Rede Dor,CVM FRE,DI_MAIS,N,Quirografária,S,REDE DOR SAO LUIZ S/A,06047087000139,1.2031,0.03,1041.701575,2040-08-20,,,6.2725,ok DI+,ok DI+,120.31,28,6.2294971668408,-0.685577252438419,6.155441055502055,62.64293400244877,6.482205031691679,3.157687382609642,-3.001021939009396,-5.854845058499292,-11.155580523713448,6.4686557255142985,3.1560241952540884,-2.9994168602479663,-5.842226385489811,-11.058023430955135,9.772654706234302,19.545309412468605,,,,,,
2026-10-08,RECV12,PETRORECONCAVO S.A.,PETRORECONCAVO S.A.,Petroreconcavo,inferido,DI_MAIS,N,Quirografária,S,PETRORECONCAVO S.A.,03342704000130,0.8448,0.0824,1078.673712,2029-10-15,,,2.0461,ok DI+,ok DI+,84.48,7,2.0487361144283027,0.12883605045221122,2.031573382493002,6.926255649070484,2.066732278813621,1.024510001430845,-1.0071934576328934,-1.9974552422195146,-3.928671067029166,2.0662046607383546,1.0244445108078393,-1.007128871685163,-1.9969421042476498,-3.9246216520045953,20.791766797104856,41.58353359420971,,,,,,
2026-10-08,RECV13,PETRORECONCAVO S.A.,PETRORECONCAVO S.A.,Petroreconcavo,inferido,DI_MAIS,N,Quirografária,S,PETRORECONCAVO S.A.,03342704000130,0.6779,0.0575,1053.577835,2032-07-04,,,3.498,ok DI+,ok DI+,67.78999999999999,12,3.492771196217379,-0.1494798108239319,3.469253129254165,18.249973797538274,3.5625291866347997,1.7576898507235539,-1.712060138183702,-3.3799529599827127,-6.588814034976953,3.560502998241856,1.7574390318740054,-1.7118140973801594,-3.378003260266474,-6.573506782557565,9.7701144128641,19.5402288257282,,,,,,
2026-10-08,RENTA5,LOCALIZA RENT A CAR,LOCALIZA RENT A CAR S/A,Localiza,inferido,DI_MAIS,N,Quirografária,S,LOCALIZA RENT A CAR S/A,16670085000155,1.2801,0.0365,1069.244377,2033-08-11,,,4.0314,ok DI+,ok DI+,128.01,14,4.020859172375626,-0.2614681655100772,3.9700387068887433,23.805488338177856,4.092049689592536,2.015145134065821,-1.9556236042267305,-3.853869793336173,-7.486363821012121,4.089066148579633,2.0147762138670937,-1.9552624930216496,-3.851011265197854,-7.463967647013929,16.12200905974534,32.24401811949068,,,,,,
2026-10-08,RENTC4,LOCALIZA RENT A CAR,LOCALIZA RENT A CAR S/A,Localiza,inferido,DI_MAIS,N,Quirografária,S,LOCALIZA RENT A CAR S/A,16670085000155,1.2294,0.0472,1070.375073,2028-11-25,,,1.7969,ok DI+,ok DI+,122.94000000000001,5,1.7985202796030253,0.09017082770467773,1.7766778026966723,5.288603733300428,1.8034776573804479,0.8949939800852791,-0.8817719203728869,-1.7505828093778542,-3.450333722900223,1.803120821363174,0.8949496560149616,-0.8817281466817105,-1.7502347840301702,-3.4475835307273357,34.598282202152674,69.19656440430535,,,,,,
2026-10-08,RENTC8,LOCALIZA RENT A CAR,LOCALIZA RENT A CAR S/A,Localiza,inferido,DI_MAIS,N,Quirografária,S,LOCALIZA RENT A CAR S/A,16670085000155,1.2812,0.2504,1028.864369,2029-02-27,,,2.0544,ok DI+,ok DI+,128.11999999999998,5,2.054814477266294,0.020175100578961137,2.028821219798239,6.480445984517148,2.061685633168331,1.0225685604132284,-1.0063667003063381,-1.9968692452520198,-3.9315895830707603,2.0612234497208246,1.022511167379766,-1.0063100524184732,-1.9964189898756535,-3.928033519906135,31.574985205631176,63.14997041126235,,,,,,
2026-10-08,RENTD0,LOCALIZA RENT A CAR,LOCALIZA RENT A CAR S/A,Localiza,inferido,DI_MAIS,N,Quirografária,S,LOCALIZA RENT A CAR S/A,16670085000155,1.1275,0.0176,1063.089488,2030-12-10,,,2.8367,ok DI+,ok DI+,112.75,9,2.836056101550815,-0.022698856036415506,2.8044360846958694,12.166186188978568,2.866397181982716,1.4175658797240809,-1.3871481359930105,-2.744698851917926,-5.374158612494096,2.8652670156407622,1.417425775084158,-1.3870103096117117,-2.7436051537509765,-5.365548445612168,20.102080524368112,40.204161048736225,,,,,,
2026-10-08,RENTD5,LOCALIZA RENT A CAR,LOCALIZA RENT A CAR S/A,Localiza,inferido,DI_MAIS,N,Quirografária,S,LOCALIZA RENT A CAR S/A,16670085000155,1.0969,0.0992,1019.148599,2031-08-27,,,3.3731,ok DI+,ok DI+,109.69,10,3.3687619610696036,-0.12860688774114062,3.3322109392766777,16.379427281139368,3.4158031729860205,1.6867897224513762,-1.645837413592921,-3.251949021020706,-6.349687030616213,3.4141080756823747,1.686579753739763,-1.6456311855369148,-3.2503138028709815,-6.336833332930569,16.45904205929568,32.91808411859136,,,,,,
2026-10-08,RENTD9,LOCALIZA RENT A CAR,LOCALIZA RENT A CAR S/A,Localiza,inferido,DI_MAIS,N,Quirografária,S,LOCALIZA RENT A CAR S/A,16670085000155,1.2414,0.078,1092.312592,2030-04-16,,,2.6774,ok DI+,ok DI+,124.14000000000001,8,2.679369877143802,0.07357425651011891,2.6465160271823605,11.019334329496985,2.7025918154366835,1.337153604190755,-1.3096033775581772,-2.5923682065963627,-5.080120253235432,2.7016126988298454,1.3370321815030517,-1.309483845679309,-2.591419355534876,-5.072645367774782,23.45347595196068,46.90695190392136,,,,,,
2026-10-08,RENTE2,LOCALIZA RENT A CAR,LOCALIZA RENT A CAR S/A,Localiza,inferido,DI_MAIS,N,Quirografária,S,LOCALIZA RENT A CAR S/A,16670085000155,1.1136,0.0383,1060.481749,2030-05-20,,,2.7931,ok DI+,ok DI+,111.36,8,2.793602405024195,0.017987362579036693,2.7628354692387522,11.740373315508899,2.822598886526473,1.3962248311236047,-1.366871817857651,-2.705161858927563,-5.298962068658231,2.8215373358162967,1.3960932012637621,-1.36674226797499,-2.704133602661208,-5.290863472167326,20.15320876684039,40.30641753368078,,,,,,
2026-10-08,RENTE3,LOCALIZA RENT A CAR,LOCALIZA RENT A CAR S/A,Localiza,inferido,DI_MAIS,N,Quirografária,S,LOCALIZA RENT A CAR S/A,16670085000155,1.1297,0.0502,1035.343142,2031-07-17,,,2.9381,ok DI+,ok DI+,112.97,10,2.9359187196036247,-0.07424118976124769,2.9031221486898757,13.021015559106264,2.9694867876312925,1.4679934333379885,-1.4354382484898953,-2.8392342790520275,-5.555400050457926,2.968227226485407,1.4678373437938206,-1.4352848048960551,-2.8380170708943444,-5.545823986197626,19.456639130906225,38.91327826181245,,,,,,
2026-10-08,RENTE4,LOCALIZA RENT A CAR,LOCALIZA RENT A CAR S/A,Localiza,inferido,DI_MAIS,N,Quirografária,S,LOCALIZA RENT A CAR S/A,16670085000155,1.2236,0.0574,1029.693156,2032-08-01,,,3.5565,ok DI+,ok DI+,122.36,12,3.550589327097646,-0.16619353022225117,3.5076694832999875,18.51852187938557,3.602324579696603,1.7772382003443443,-1.730937020764367,-3.4170613224349,-6.660547915639614,3.6002620926969153,1.7769828939992258,-1.7306865893007617,-3.4150768739030597,-6.644968529012265,17.44178015952699,34.88356031905398,,,,,,
2026-10-08,RENTE5,LOCALIZA RENT A CAR,LOCALIZA RENT A CAR S/A,Localiza,inferido,DI_MAIS,N,Quirografária,S,LOCALIZA RENT A CAR S/A,16670085000155,1.2635,0.0611,1017.091692,2032-08-27,,,3.9088,ok DI+,ok DI+,126.35000000000001,12,3.8999442423123933,-0.2265594987619344,3.85128327809368,21.849370377637612,3.9631066077898236,1.9532721415818965,-1.8986423564148036,-3.7445111035866008,-7.284990906468214,3.960530129981868,1.9529533520188869,-1.8983299260747928,-3.742036426205492,-7.2655791486346075,16.40362327002613,32.80724654005226,,,,,,
2026-10-08,RENTE9,LOCALIZA RENT A CAR,LOCALIZA RENT A CAR S/A,Localiza,inferido,DI_MAIS,N,Quirografária,S,LOCALIZA RENT A CAR S/A,16670085000155,1.2352,0.0596,1117.085644,2034-04-16,,,4.1437,ok DI+,ok DI+,123.52,16,4.1348697486302,-0.21310064362285402,4.084419005079458,26.49036313664874,4.220443349605563,2.075763880102488,-2.009528006960304,-3.9553801780716547,-7.665734338361318,4.216870820762702,2.07532245646054,-2.0090965486189183,-3.9519671893962145,-7.6390307474259425,15.12087763845828,30.24175527691656,,,,,,
2026-10-08,RENTF2,LOCALIZA RENT A CAR,LOCALIZA RENT A CAR S/A,Localiza,inferido,DI_MAIS,N,Quirografária,S,LOCALIZA RENT A CAR S/A,16670085000155,1.2323,0.0456,1065.565855,2032-05-20,,,3.8651,ok DI+,ok DI+,123.22999999999999,12,3.858279862050054,-0.17645437245985768,3.811313051318654,22.18904719575314,3.9249277249236103,1.9337230767055624,-1.8782437758156467,-3.7029302698185718,-7.198939730969389,3.92225828729742,1.9333928346540186,-1.8779202166646358,-3.700367815339889,-7.178845158722245,16.166344556420572,32.332689112841145,,,,,,
2026-10-08,RENTH7,LOCALIZA RENT A CAR,LOCALIZA RENT A CAR S/A,Localiza,inferido,DI_MAIS,N,Quirografária,S,LOCALIZA RENT A CAR S/A,16670085000155,1.2961,0.0323,1039.704347,2033-06-23,,,4.1981,ok DI+,ok DI+,129.61,14,4.186571790241191,-0.2746054109908947,4.133003926351747,25.905718337891564,4.2658894176079265,2.0992990870891903,-2.0345257949260454,-4.0066882123272585,-7.773053242343786,4.262532518041205,2.0988841110982377,-2.0341198152535087,-4.003475334662288,-7.747893485945662,15.679878643910259,31.359757287820518,,,,,,
2026-10-08,RENTQ8,LOCALIZA RENT A CAR,LOCALIZA RENT A CAR S/A,Localiza,inferido,DI_MAIS,N,Quirografária,S,LOCALIZA RENT A CAR S/A,16670085000155,1.3731,0.0185,1028.610598,2033-07-14,,,4.2526,ok DI+,ok DI+,137.31,14,4.240265738153946,-0.2900404892549085,4.182831281823232,26.367140832854716,4.318102771096011,2.124799270701838,-2.058872165805792,-4.054283232764422,-7.864062373125713,4.314666985987505,2.1243745669526843,-2.0584567148705473,-4.0509955776589575,-7.838319746989368,16.41352360979627,32.82704721959254,,,,,,
2026-10-08,RNDNA0,RANDON S.A. IMPLEMENTOS E PARTICIPACOES,RANDONCORP S.A.,Randoncorp,inferido,DI_MAIS,N,Quirografária,S,RANDONCORP S.A.,89086144001198,1.5781,0.0521,1062.797559,2027-11-09,,,0.9712,ok DI+,ok DI+,157.81,3,0.9721971102642906,0.10266786082069736,0.9570932221259214,1.9299277878175758,0.9668405773087807,0.4809711740020539,-0.47614623384995003,-0.9475393671927956,-1.8763466557912056,0.9667428610650094,0.48095902079773273,-0.4761342013281888,-0.9474435831868336,-1.8755878884954915,82.4423349532599,164.8846699065198,,,,,,
2026-10-08,RNDNA1,RANDON S.A. IMPLEMENTOS E PARTICIPACOES,RANDONCORP S.A.,Randoncorp,inferido,DI_MAIS,N,Quirografária,S,RANDONCORP S.A.,89086144001198,1.9354,0.0166,1032.622994,2031-05-17,,,3.3444,ok DI+,ok DI+,193.54,10,3.3421057602251136,-0.06859944309550851,3.278650753541079,16.428772508822316,3.3625129950131782,1.6600741872327962,-1.6189984488178766,-3.1981643261907444,-6.241753430305275,3.3607946160851907,1.6598613424065674,-1.6187894111345118,-3.1965068909969676,-6.228726056905712,29.51519002000575,59.0303800400115,,,,,,
2026-10-08,RNDNA2,RANDON S.A. IMPLEMENTOS E PARTICIPACOES,RANDONCORP S.A.,Randoncorp,inferido,DI_MAIS,N,Quirografária,S,RANDONCORP S.A.,89086144001198,1.9807,0.0745,995.148835,2030-07-25,,,2.9883,ok DI+,ok DI+,198.07,8,2.986624129874022,-0.05608105364180402,2.928617012703406,12.793016855974994,2.9937655142544983,1.480446496452248,-1.4484615932430667,-2.8657975523541657,-5.610394102225314,2.9925820969832806,1.4802997774216717,-1.448317235281734,-2.864651928423531,-5.601373688287311,33.81630290694132,67.63260581388263,,,,,,
2026-10-08,RNDNB0,RANDON S.A. IMPLEMENTOS E PARTICIPACOES,RANDONCORP S.A.,Randoncorp,inferido,DI_MAIS,N,Quirografária,S,RANDONCORP S.A.,89086144001198,1.8716,0.0398,1060.453473,2029-11-09,,,2.0963,ok DI+,ok DI+,187.16,7,2.098232988736216,0.09220954711711384,2.0596839440395716,7.051126920806472,2.0954777614798026,1.0387226825615992,-1.0210939424920351,-2.024951720904189,-3.982475826519738,2.0949395786436042,1.038655880670794,-1.0210280633687776,-2.024428309435539,-3.9783453496630137,45.43415521143768,90.86831042287535,,,,,,
2026-10-08,RNDNB2,RANDON S.A. IMPLEMENTOS E PARTICIPACOES,RANDONCORP S.A.,Randoncorp,inferido,DI_MAIS,N,Quirografária,S,RANDONCORP S.A.,89086144001198,1.9004,0.1486,996.979086,2032-07-25,,,4.0521,ok DI+,ok DI+,190.04,12,4.041647804901222,-0.25794514199496377,3.9662727574192274,23.46623331871546,4.086470336063908,2.012823731373903,-1.9541508790150375,-3.851691633695953,-7.484780865837404,4.083603924012805,2.012469170358008,-1.9538035870612191,-3.8489415908256497,-7.463220848464146,23.95700089517484,47.91400179034968,,,,,,
2026-10-08,RODB11,RODOVIAS DO BRASIL HOLDING S.A.,RODOVIAS DO BRASIL HOLDING S.A.,Isolada (a identificar),,DI_MAIS,N,Real,S,RODOVIAS DO BRASIL HOLDING S.A.,41508382000146,2.25,0.0,1518.059065,2030-05-10,,,2.2385,ok DI+,ok DI+,225.0,8,2.2394902395799137,0.04423674692488318,2.1902105032566395,8.484821065821158,2.2333568046016383,1.1058008599118097,-1.0845874524792576,-2.148486907018543,-4.216245509347017,2.232634608585745,1.105711277960596,-1.0844992252960433,-2.1477863979275336,-4.210724585196855,51.36492580631997,102.72985161263993,,,,,,
2026-10-08,RSAN15,COMPANHIA RIOGRANDENSE DE SANEAMENTO - CORSAN,COMPANHIA RIOGRANDENSE DE SANEAMENTO - CORSAN,Aegea,CVM FRE,DI_MAIS,N,Quirografária,S,COMPANHIA RIOGRANDENSE DE SANEAMENTO - CORSAN,92802784000190,2.3494,0.2103,1056.149673,2026-12-05,,,0.1548,ok DI+,ok DI+,234.94,1,0.15476190476190477,-0.024609326934900498,0.15120939132218145,0.1706027193829685,0.152068437516939,0.07581870020743064,-0.07539218767929068,-0.15036231820558799,-0.29905389159418094,0.15206240491909626,0.07581794906031943,-0.07539144226186201,-0.15035637772526658,-0.2990067282567035,776.8697365476924,1553.7394730953847,,,,,,
2026-10-08,RSAN25,COMPANHIA RIOGRANDENSE DE SANEAMENTO - CORSAN,COMPANHIA RIOGRANDENSE DE SANEAMENTO - CORSAN,Aegea,CVM FRE,DI_MAIS,N,Quirografária,S,COMPANHIA RIOGRANDENSE DE SANEAMENTO - CORSAN,92802784000190,2.3256,0.1911,1068.065287,2028-12-05,,,1.803,ok DI+,ok DI+,232.56000000000003,5,1.8042849350830534,0.07126650488372134,1.763278138689686,5.215208445101883,1.7897037227681656,0.8882014999371579,-0.8751629432643182,-1.7375430672360026,-3.424946784627425,1.7893541809151956,0.8881580799012203,-0.8751200587884658,-1.7372020964641768,-3.4222521084773345,65.9453534009156,131.8907068018312,,,,,,
2026-10-08,SAELA4,ENERGISA PARAIBA - DISTR.DE ENERGIA S/A,ENERGISA PARAIBA - DISTRIBUIDORA DE ENERGIA S/A,Energisa,CVM FRE,DI_MAIS,N,Quirografária,S,ENERGISA PARAIBA - DISTRIBUIDORA DE ENERGIA S/A,09095183000140,0.6142,0.0475,1017.169425,2029-09-04,,,2.4659,ok DI+,ok DI+,61.42,6,2.465815472549962,-0.0034278539291156688,2.45076288689863,9.042717005854135,2.4967019382706734,1.2367748654289468,-1.214166784860049,-2.4062541522041347,-4.726231031400618,2.495976471927901,1.2366848397066328,-1.2140780471919976,-2.4055493018693594,-4.720671433680177,12.530792009365955,25.06158401873191,,,,,,
2026-10-08,SAELB6,ENERGISA PARAIBA - DISTR.DE ENERGIA S/A,ENERGISA PARAIBA - DISTRIBUIDORA DE ENERGIA S/A,Energisa,CVM FRE,DI_MAIS,N,Quirografária,S,ENERGISA PARAIBA - DISTRIBUIDORA DE ENERGIA S/A,09095183000140,0.7958,0.011,1011.127241,2032-03-25,,,4.031,ok DI+,ok DI+,79.58,11,4.021722768754262,-0.23014714080223506,3.9899705828558947,22.97096221568298,4.107555614345393,2.0240367945584037,-1.9666026276272675,-3.877737751082433,-7.541087702787264,4.10482539393431,2.023698994197551,-1.9662715886583435,-3.8751157717774793,-7.52052192139813,9.972504602156635,19.94500920431327,,,,,,
2026-10-08,SAPRB1,COMPANHIA DE SANEAMENTO DO PARANA - SANEPAR,COMPANHIA DE SANEAMENTO  DO PARANA - SANEPAR,Sanepar,CVM FRE,DI_MAIS,N,Quirografária,S,COMPANHIA DE SANEAMENTO  DO PARANA - SANEPAR,76484013000145,0.7362,0.0532,517.01109,2027-01-15,,,0.2619,ok DI+,ok DI+,73.61999999999999,1,0.2619047619047619,0.0018182148766308923,0.2599907102955659,0.32568583739330326,0.2616314269939357,0.13040399212471687,-0.129589765250393,-0.25837437148593656,-0.513563656761018,0.26161913948253246,0.13040246244452458,-0.12958824785104134,-0.25836228110859943,-0.5134677038432658,141.58198174909091,283.16396349818183,,,,,,
2026-10-08,SAPRB4,COMPANHIA DE SANEAMENTO DO PARANA - SANEPAR,COMPANHIA DE SANEAMENTO  DO PARANA - SANEPAR,Sanepar,CVM FRE,DI_MAIS,N,Quirografária,S,COMPANHIA DE SANEAMENTO  DO PARANA - SANEPAR,76484013000145,0.5175,0.0397,1048.61883,2030-01-15,,,2.6504,ok DI+,ok DI+,51.75,7,2.65010814398355,-0.011011772428689528,2.6364644405039424,10.521816618423857,2.6899757674831104,1.331496406387167,-1.305190172249393,-2.5847305077288496,-5.069389864546636,2.6890735235960617,1.331384491025001,-1.3050799494789413,-2.583855357411823,-5.0624925486394075,9.814279913084725,19.62855982616945,,,,,,
2026-10-08,SAPRC1,COMPANHIA DE SANEAMENTO DO PARANA - SANEPAR,COMPANHIA DE SANEAMENTO  DO PARANA - SANEPAR,Sanepar,CVM FRE,DI_MAIS,N,Quirografária,S,COMPANHIA DE SANEAMENTO  DO PARANA - SANEPAR,76484013000145,0.9136,0.0337,1089.662782,2028-04-15,,,1.3106,ok DI+,ok DI+,91.36,4,1.312760665859587,0.16486081638844524,1.30087586396639,3.1730854000922117,1.3169254660805763,0.6544271821255832,-0.6464942158940112,-1.2851905672641495,-2.539715398220932,1.316741290966851,0.6544042887333102,-0.6464715752330797,-1.285010436965929,-2.5382900199309355,35.11480323781317,70.22960647562634,,,,,,
2026-10-08,SBFC13,SBF COMERCIO DE PRODUTOS ESPORTIVOS S.A.,SBF COMERCIO DE PRODUTOS ESPORTIVOS S.A.,Sbf Comercio,CVM FRE,DI_MAIS,N,Quirografária,S,SBF COMERCIO DE PRODUTOS ESPORTIVOS S.A.,06347409000165,0.7429,0.0698,359.366154,2027-04-29,,,0.5041,ok DI+,ok DI+,74.28999999999999,2,0.5045093276061168,0.08119968381606482,0.5007889663749175,0.7634447506616928,0.504638517122169,0.25135281217172345,-0.2494441651616719,-0.497003507096927,-0.9865609624946314,0.5046061901282259,0.2513487891257859,-0.24944017724913164,-0.49697174262160904,-0.9863090377366012,74.17296005717358,148.34592011434717,,,,,,
2026-10-08,SBIOA4,SMARTFIT ESCOLA DE GINASTICA E DANCA S/A,SMARTFIT ESCOLA DE GINASTICA E DANCA S/A,Smartfit Escola,inferido,DI_MAIS,N,Quirografária,S,SMARTFIT ESCOLA DE GINASTICA E DANCA S/A,07594978000178,0.7379,0.0555,1005.715073,2031-03-15,,,3.1476,ok DI+,ok DI+,73.79,9,3.1449035835599326,-0.08566579108106406,3.1218673245719164,14.318824629329294,3.194855187045742,1.5790049140263607,-1.5432049313101603,-3.051620181030068,-5.967955516943457,3.1934614477185623,1.57883219307262,-1.5430351314992965,-3.0502732014252696,-5.957358156557246,11.81824727450876,23.63649454901752,,,,,,
2026-10-08,SBSPA1,CIA. DE SANEAMENTO BÁSICO DO ESTADO DE SP - SABESP,CIA SANEAMENTO BASICO EST. SP - SABESP,Sabesp,inferido,DI_MAIS,N,Quirografária,S,CIA SANEAMENTO BASICO EST. SP - SABESP,43776517000180,0.4641,0.0461,1018.79382,2029-02-20,,,2.0591,ok DI+,ok DI+,46.410000000000004,5,2.059656640631393,0.027033200495035117,2.050141931925328,6.587786678468131,2.083553334054633,1.0333643674202975,-1.0168941344874782,-2.0176632048908516,-3.9721625293055562,2.0830808653176685,1.0333056993107492,-1.0168362326145788,-2.0172029985329876,-3.968528130281293,11.318728541983303,22.637457083966606,,,,,,
2026-10-08,SBSPB1,CIA. DE SANEAMENTO BÁSICO DO ESTADO DE SP - SABESP,CIA SANEAMENTO BASICO EST. SP - SABESP,Sabesp,inferido,DI_MAIS,N,Quirografária,S,CIA SANEAMENTO BASICO EST. SP - SABESP,43776517000180,0.5344,0.0231,1036.759001,2031-02-20,,,3.0691,ok DI+,ok DI+,53.44,9,3.06675099282502,-0.07653732934672451,3.05044939127803,13.844844923910832,3.1210104935873506,1.5426964351269223,-1.508081538049233,-2.982517468433632,-5.83417011744416,3.119673615897584,1.5425307517939035,-1.5079186394841266,-2.9812251666584757,-5.824001884077843,8.759365120561881,17.518730241123762,,,,,,
2026-10-08,SBSPC1,CIA. DE SANEAMENTO BÁSICO DO ESTADO DE SP - SABESP,CIA SANEAMENTO BASICO EST. SP - SABESP,Sabesp,inferido,DI_MAIS,N,Quirografária,S,CIA SANEAMENTO BASICO EST. SP - SABESP,43776517000180,0.6601,0.0345,1048.403899,2034-02-20,,,4.3799,ok DI+,ok DI+,66.01,15,4.36611291472344,-0.31478082322792317,4.337481201313569,28.037306118623054,4.481429289805683,2.204252041634036,-2.1341483367630087,-4.200889095997818,-8.142342611874076,4.477667731906684,2.2037872333050634,-2.1336939680085054,-4.197294670720454,-8.114216280254675,7.6092548804602815,15.218509760920563,,,,,,
2026-10-08,SBSPC3,CIA. DE SANEAMENTO BÁSICO DO ESTADO DE SP - SABESP,CIA SANEAMENTO BASICO EST. SP - SABESP,Sabesp,inferido,DI_MAIS,N,Quirografária,N,CIA SANEAMENTO BASICO EST. SP - SABESP,43776517000180,0.3448,0.0589,353.786778,2027-05-10,,,0.5351,ok DI+,ok DI+,34.480000000000004,2,0.5354411149041999,0.06374787968601334,0.5336012577674178,0.8308748334947287,0.5377913332295314,0.2678436651813998,-0.26576643879441253,-0.529481956261868,-1.050863153529924,0.5377556319348914,0.26783922242557734,-0.26576203534184045,-0.5294468835999442,-1.0505850188649408,32.30876942106917,64.61753884213834,,,,,,
2026-10-08,SBSPD3,CIA. DE SANEAMENTO BÁSICO DO ESTADO DE SP - SABESP,CIA SANEAMENTO BASICO EST. SP - SABESP,Sabesp,inferido,DI_MAIS,N,Quirografária,S,CIA SANEAMENTO BASICO EST. SP - SABESP,43776517000180,0.5847,0.0555,1029.775929,2032-01-15,,,3.8572,ok DI+,ok DI+,58.47,11,3.8494573053183863,-0.20073355495213951,3.8270803664159523,21.567519332713413,3.9374295276942473,1.9408103876960903,-1.8868854802933877,-3.721656537327722,-7.241749667329644,3.9349179630795197,1.940499582373868,-1.8865807840420845,-3.7192427697523853,-7.222810346177637,7.638982514333369,15.277965028666738,,,,,,
2026-10-08,SBSPD7,CIA. DE SANEAMENTO BÁSICO DO ESTADO DE SP - SABESP,CIA SANEAMENTO BASICO EST. SP - SABESP,Sabesp,inferido,DI_MAIS,N,Quirografária,S,CIA SANEAMENTO BASICO EST. SP - SABESP,43776517000180,0.6495,0.0144,1059.896175,2032-11-14,,,3.9108,ok DI+,ok DI+,64.95,13,3.9038968329641164,-0.1765154708981199,3.878704646286486,22.88956724545516,3.9959483297118625,1.968310102432369,-1.9110790714522263,-3.766938789653862,-7.320643073527611,3.993152482513762,1.967964282200062,-1.9107403640864242,-3.7642568100592104,-7.29961794766387,8.372640600797464,16.745281201594928,,,,,,
2026-10-08,SBSPE7,CIA. DE SANEAMENTO BÁSICO DO ESTADO DE SP - SABESP,CIA SANEAMENTO BASICO EST. SP - SABESP,Sabesp,inferido,DI_MAIS,N,Quirografária,S,CIA SANEAMENTO BASICO EST. SP - SABESP,43776517000180,0.7043,0.0508,1069.277142,2035-11-14,,,4.9191,ok DI+,ok DI+,70.43,19,4.900262161593142,-0.3829529468166566,4.8659909870712,37.223283443439584,5.05799097052313,2.480250263715278,-2.3871731856216605,-4.685456020301359,-9.031040844532455,5.052107404288398,2.4795245978398994,-2.3864663892313,-4.679874569854002,-8.987516305273607,7.236963671647822,14.473927343295644,,,,,,
2026-10-08,SBSPL8,CIA. DE SANEAMENTO BÁSICO DO ESTADO DE SP - SABESP,CIA SANEAMENTO BASICO EST. SP - SABESP,Sabesp,inferido,DI_MAIS,N,Quirografária,S,CIA SANEAMENTO BASICO EST. SP - SABESP,43776517000180,0.7169,0.0357,1016.669089,2033-02-15,,,4.4279,ok DI+,ok DI+,71.69,13,4.414047678943273,-0.31284177729232726,4.382628614406593,28.227182167921107,4.527497747583187,2.2270597023796634,-2.15648159231544,-4.245063358246826,-8.228666023076103,4.523764525246198,2.2265982849131976,-2.1560303294933947,-4.241492703566987,-8.200713585454762,8.1788814781545,16.357762956309,,,,,,
2026-10-08,SBSPM8,CIA. DE SANEAMENTO BÁSICO DO ESTADO DE SP - SABESP,CIA SANEAMENTO BASICO EST. SP - SABESP,Sabesp,inferido,DI_MAIS,N,Quirografária,S,CIA SANEAMENTO BASICO EST. SP - SABESP,43776517000180,0.7566,0.0592,1018.305463,2036-02-15,,,5.2058,ok DI+,ok DI+,75.66000000000001,19,5.180993456555462,-0.47651741220442856,5.14208841560301,40.18864314491451,5.349521123888512,2.622080197501475,-2.521587378467749,-4.947295077997415,-9.528337640935437,5.343031631327583,2.6212800117326482,-2.520808403870362,-4.941145199878438,-9.480403968307732,7.356933009010445,14.71386601802089,,,,,,
2026-10-08,SIMH16,SIMPAR S.A.,SIMPAR S.A.,Simpar,CVM FRE,DI_MAIS,N,Quirografária,S,SIMPAR S.A.,07415333000120,3.8173,0.1522,1035.284421,2029-12-20,,,2.4907,ok DI+,ok DI+ aprox,381.72999999999996,,,,2.3991184513563732,,2.3991184513563732,1.1995592256781866,-1.1995592256781866,-2.3991184513563732,-4.7982369027127465,2.3991184513563732,1.1995592256781866,-1.1995592256781866,-2.3991184513563732,-4.7982369027127465,79.5563053137672,159.1126106275344,,,,,,
2026-10-08,SLFT13,SELF IT ACADEMIAS HOLDING S.A.,SELF IT ACADEMIAS  HOLDING S.A.,Self It,inferido,DI_MAIS,N,Real,S,SELF IT ACADEMIAS  HOLDING S.A.,22902694000195,1.9,0.0002,813.196842,2029-12-20,,,1.4489,ok DI+,ok DI+,190.0,13,1.448959459361251,0.004103758799837567,1.42194255089426,4.498986979648251,1.4447706375985137,0.716636365154355,-0.7053883333060451,-1.3997717337496551,-2.7564635520973657,1.4444374857925013,0.7165950091716903,-0.7053475417225697,-1.3994476159960187,-2.753905362195555,66.81001278163768,133.62002556327536,,,,,,
2026-10-08,SMFT18,SMARTFIT ESCOLA DE GINASTICA E DANCA S/A,SMARTFIT ESCOLA DE GINASTICA E DANCA S/A,Smartfit Escola,inferido,DI_MAIS,N,Quirografária,S,SMARTFIT ESCOLA DE GINASTICA E DANCA S/A,07594978000178,1.354,0.1624,1088.219174,2026-10-21,,,0.0314,ok DI+,ok DI+ aprox,135.4,,,,0.030980523708980398,,0.030980523708980398,0.015490261854490199,-0.015490261854490199,-0.030980523708980398,-0.061961047417960796,0.030980523708980398,0.015490261854490199,-0.015490261854490199,-0.030980523708980398,-0.061961047417960796,2185.243885350319,4370.487770700638,,,,,,
2026-10-08,SMFTA0,SMARTFIT ESCOLA DE GINASTICA E DANCA S/A,SMARTFIT ESCOLA DE GINASTICA E DANCA S/A,Smartfit Escola,inferido,DI_MAIS,N,Quirografária,S,SMARTFIT ESCOLA DE GINASTICA E DANCA S/A,07594978000178,0.6125,0.0471,1042.17454,2029-07-18,,,1.9489,ok DI+,ok DI+,61.25,6,1.9493874265814268,0.025010343343771006,1.9375201158717128,6.213243214008946,1.9690382030660425,0.9765827147669714,-0.9610488597164624,-1.9068938124783275,-3.754248619501732,1.9685863319417574,0.9765266119533677,-0.9609935039183451,-1.9064538998016682,-3.7507753674632465,15.806287505934597,31.612575011869193,,,,,,
2026-10-08,SMFTA1,SMARTFIT ESCOLA DE GINASTICA E DANCA S/A,SMARTFIT ESCOLA DE GINASTICA E DANCA S/A,Smartfit Escola,inferido,DI_MAIS,N,Quirografária,S,SMARTFIT ESCOLA DE GINASTICA E DANCA S/A,07594978000178,0.6881,0.0198,1069.002845,2029-10-30,,,2.0955,ok DI+,ok DI+,68.81,7,2.097565124021302,0.09855041857800527,2.0832304155320265,7.191109131907506,2.1197394380182644,1.0506727902906965,-1.0326940602673695,-2.0478130262240435,-4.026884996744984,2.1191859611915635,1.0506040941808976,-1.0326263213511286,-2.047274869872489,-4.022638648425902,16.515215860658156,33.03043172131631,,,,,,
2026-10-08,SMFTA2,SMARTFIT ESCOLA DE GINASTICA E DANCA S/A,SMARTFIT ESCOLA DE GINASTICA E DANCA S/A,Smartfit Escola,inferido,DI_MAIS,N,Quirografária,S,SMARTFIT ESCOLA DE GINASTICA E DANCA S/A,07594978000178,0.7189,0.0353,1010.477152,2030-09-04,,,2.8005,ok DI+,ok DI+,71.89,8,2.799289146455141,-0.043237048557727885,2.779308696237887,11.559044930397551,2.8381389782941913,1.4042315010768691,-1.375331864746554,-2.722516130970132,-5.335333762605831,2.8371039208898745,1.4041031542819404,-1.3752055419559464,-2.721513471585899,-5.327436493867823,12.933072187575164,25.866144375150327,,,,,,
2026-10-08,SMFTA3,SMARTFIT ESCOLA DE GINASTICA E DANCA S/A,SMARTFIT ESCOLA DE GINASTICA E DANCA S/A,Smartfit Escola,inferido,DI_MAIS,N,Quirografária,S,SMARTFIT ESCOLA DE GINASTICA E DANCA S/A,07594978000178,0.7312,0.0196,1067.17187,2030-10-09,,,2.7062,ok DI+,ok DI+,73.12,9,2.7084058413993892,0.08151065698726205,2.688745732602599,11.409052467263724,2.7468296031311734,1.3587629545438462,-1.330238264673378,-2.632706125663531,-5.157229597549307,2.745790994938918,1.358634181885379,-1.3301115507172199,-2.6317004702662805,-5.149310415859923,13.59741814061807,27.19483628123614,,,,,,
2026-10-08,SMFTA5,SMARTFIT ESCOLA DE GINASTICA E DANCA S/A,SMARTFIT ESCOLA DE GINASTICA E DANCA S/A,Smartfit Escola,inferido,DI_MAIS,N,Quirografária,S,SMARTFIT ESCOLA DE GINASTICA E DANCA S/A,07594978000178,0.6421,0.043,1018.742346,2031-08-20,,,3.3838,ok DI+,ok DI+,64.21,10,3.3795858575576347,-0.1245387564975819,3.358023985546441,16.580897677602035,3.4426505053010814,1.6999514136119886,-1.6584953572773675,-3.276780506363708,-6.397485728901708,3.4409284739344512,1.699738114870223,-1.6582858706762182,-3.275119497158431,-6.384430017540842,9.560682156585504,19.121364313171007,,,,,,
2026-10-08,SMFTB3,SMARTFIT ESCOLA DE GINASTICA E DANCA S/A,SMARTFIT ESCOLA DE GINASTICA E DANCA S/A,Smartfit Escola,inferido,DI_MAIS,N,Quirografária,S,SMARTFIT ESCOLA DE GINASTICA E DANCA S/A,07594978000178,0.8958,0.0256,1063.354262,2032-10-09,,,3.8008,ok DI+,ok DI+,89.58000000000001,13,3.796645555288083,-0.10930448094920234,3.762937164171435,21.876943380060002,3.874956184450973,1.9091406440402858,-1.854441667057516,-3.656080796313421,-7.108161212255459,3.872321881071735,1.9088147613107926,-1.8541224028606424,-3.6535524472711347,-7.0883354607416695,11.902935936976338,23.805871873952675,,,,,,
2026-10-08,SMFTB5,SMARTFIT ESCOLA DE GINASTICA E DANCA S/A,SMARTFIT ESCOLA DE GINASTICA E DANCA S/A,Smartfit Escola,inferido,DI_MAIS,N,Quirografária,S,SMARTFIT ESCOLA DE GINASTICA E DANCA S/A,07594978000178,0.7177,0.0711,1020.054518,2033-08-20,,,4.4256,ok DI+,ok DI+,71.77,14,4.411635517839302,-0.3155387328429719,4.380198830830432,28.28860305114941,4.525407321411534,2.2259255266639855,-2.155193689807988,-4.242355927530827,-8.222803537272016,4.521641846086179,2.225460169229153,-2.154738661601279,-4.238755815574685,-8.194625600637876,8.192550472234304,16.385100944468608,,,,,,
2026-10-08,SMFTC3,SMARTFIT ESCOLA DE GINASTICA E DANCA S/A,SMARTFIT ESCOLA DE GINASTICA E DANCA S/A,Smartfit Escola,inferido,DI_MAIS,N,Quirografária,S,SMARTFIT ESCOLA DE GINASTICA E DANCA S/A,07594978000178,0.9365,0.0489,1074.178354,2035-10-09,,,4.7949,ok DI+,ok DI+,93.65,19,4.779445747035349,-0.32230605361219383,4.735101521288482,35.803771126297924,4.919715211801856,2.4129956260436014,-2.3234684362429037,-4.561393116461144,-8.795549589056439,4.914120376919971,2.412305474552113,-2.3227960467363684,-4.556082665656993,-8.754127620051005,9.888911523750883,19.777823047501766,,,,,,
2026-10-08,SMFTC5,SMARTFIT ESCOLA DE GINASTICA E DANCA S/A,SMARTFIT ESCOLA DE GINASTICA E DANCA S/A,Smartfit Escola,inferido,DI_MAIS,N,Quirografária,S,SMARTFIT ESCOLA DE GINASTICA E DANCA S/A,07594978000178,1.0215,0.0206,1020.551335,2036-08-20,,,5.3354,ok DI+,ok DI+,102.15,20,5.3076528720032,-0.5200571278029683,5.253983431252951,42.45003621483115,5.473340470770216,2.680930148940641,-2.574781044113228,-5.048455605183966,-9.71131571131696,5.466233612327106,2.680054260895014,-2.573929170357937,-5.041733250178796,-9.65896613820928,9.721195483066039,19.442390966132077,,,,,,
2026-10-08,SNGO10,SANEAMENTO DE GOIÁS - SANEAGO,SANEAMENTO DE GOIAS S/A,Isolada (a identificar),,DI_MAIS,N,Real,N,SANEAMENTO DE GOIAS S/A,01616929000102,0.2908,0.0092,253.470954,2027-06-15,,,0.3291,ok DI+,ok DI+,29.08,9,0.32916702071878495,0.020364849220586203,0.32821257854038954,0.47868110884062637,0.33062590218277954,0.16470711949758687,-0.16351039535871248,-0.32583874773934873,-0.6470067928591283,0.3306059840845927,0.16470464065624554,-0.163507937884144,-0.3258191729961864,-0.6468515349039665,44.30055686671593,88.60111373343186,,,,,,
2026-10-08,SNGOA1,SANEAMENTO DE GOIÁS - SANEAGO,SANEAMENTO DE GOIAS S/A,Isolada (a identificar),,DI_MAIS,N,Real,S,SANEAMENTO DE GOIAS S/A,01616929000102,0.3907,0.0119,653.407726,2028-08-23,,,0.87,ok DI+,ok DI+,39.07,23,0.8703379793680627,0.03884820322559537,0.8669508025823732,1.912705962960565,0.8766206274402721,0.4358794979647307,-0.4310975903070391,-0.8574912817043367,-1.6964706984127553,0.8765143323971762,0.43586628374488734,-0.431084518837486,-0.8573872727675704,-1.6956474859055355,22.532997191779963,45.065994383559925,,,,,,
2026-10-08,SNGOA2,SANEAMENTO DE GOIÁS - SANEAGO,SANEAMENTO DE GOIAS S/A,Isolada (a identificar),,DI_MAIS,N,Real,S,SANEAMENTO DE GOIAS S/A,01616929000102,0.4885,0.0298,956.781205,2029-07-15,,,1.2258,ok DI+,ok DI+,48.849999999999994,34,1.226118701592664,0.025999477293523067,1.2201582286457295,3.3426113560610444,1.237091349174646,0.614284713789881,-0.6059278463123485,-1.2036598090588102,-2.3751603907186225,1.2368712854260349,0.6142573785179412,-0.6059008501277885,-1.2034451718654244,-2.373464230170238,20.017895570076714,40.03579114015343,,,,,,
2026-10-08,SNGOA3,SANEAMENTO DE GOIÁS - SANEAGO,SANEAMENTO DE GOIAS S/A,Isolada (a identificar),,DI_MAIS,N,Real,S,SANEAMENTO DE GOIAS S/A,01616929000102,0.5903,0.0208,1010.180822,2030-04-15,,,1.7583,ok DI+,ok DI+,59.03,43,1.7583448954184537,0.002553342345092469,1.748026296192032,5.626072362430886,1.7765768480588973,0.8810978961873994,-0.8670319978656305,-1.720304641349868,-3.3867566430798024,1.7761566580041865,0.8810457385490547,-0.8669805576429774,-1.7198959343798776,-3.383531145135447,16.88475743431127,33.76951486862254,,,,,,
2026-10-08,STBP15,SANTOS BRASIL PARTICIPAÇÕES S/A,SANTOS BRASIL PARTICIPACOES S/A,Santos Brasil,CVM FRE,DI_MAIS,N,Quirografária,S,SANTOS BRASIL PARTICIPACOES S/A,02762121000104,0.6383,0.0563,1017.821228,2029-08-15,,,2.4144,ok DI+,ok DI+,63.83,6,2.4143624365893257,-0.0015558072678264418,2.3990493048763004,8.736282899450446,2.443423961250435,1.2105310386518298,-1.188689111863439,-2.3560416104772997,-4.628687682773069,2.442730719373553,1.2104450060624634,-1.1886042988138372,-2.3553678903790485,-4.623372951763592,13.303186364335934,26.606372728671868,,,,,,
2026-10-08,STBP25,SANTOS BRASIL PARTICIPAÇÕES S/A,SANTOS BRASIL PARTICIPACOES S/A,Santos Brasil,CVM FRE,DI_MAIS,N,Quirografária,S,SANTOS BRASIL PARTICIPACOES S/A,02762121000104,0.7036,0.0182,1020.08129,2031-08-15,,,3.368,ok DI+,ok DI+,70.36,10,3.363854222091554,-0.12309316830302693,3.3403515088751083,16.445984920585754,3.4242851442133126,1.6909442692739418,-1.6498255438324394,-3.259765054027308,-6.364701660824467,3.422581433478037,1.6907332355882865,-1.6496182732868219,-3.25812158427218,-6.351783319338502,10.531825739455533,21.063651478911066,,,,,,
2026-10-08,SUMI39,GIGA MAIS FIBRA TELECOMUNICACOES S.A.,GIGA MAIS FIBRA TELECOMUNICACOES S.A.,Giga Mais,CVM FRE,DI_MAIS,N,Quirografária,S,GIGA MAIS FIBRA TELECOMUNICACOES S.A.,07714104000107,4.5701,0.0705,1026.408662,2031-04-15,,,1.8865,ok DI+,ok DI+,457.01,10,1.8881032737951224,0.08498668407751778,1.8055861797924286,6.722551678494701,1.8397738668835872,0.9112675821708383,-0.8944601012206399,-1.7725307155805559,-3.4811121544887302,1.8391989381849019,0.9111962794943326,-0.894389900298096,-1.7719734213999552,-3.476721326014963,126.55446887961287,253.10893775922574,,,,,,
2026-10-08,SUZBA1,SUZANO S.A.,SUZANO S.A.,Suzano,CVM FRE,DI_MAIS,N,Quirografária,S,SUZANO S.A.,16404287000155,0.5,0.0,1069.679166,2032-05-15,,,3.6552,ok DI+,ok DI+,50.0,12,3.6504297718290206,-0.1305052574682415,3.632268429680618,20.05329737566519,3.7348386278742707,1.8414859430754271,-1.79134713967245,-3.5342166520271,-6.88085104764844,3.7325349165589445,1.8412008365598906,-1.7910675931207278,-3.5320019428022924,-6.863470911847933,6.8827512294288855,13.765502458857771,,,,,,
2026-10-08,SUZBB1,SUZANO S.A.,SUZANO S.A.,Suzano,CVM FRE,DI_MAIS,N,Quirografária,S,SUZANO S.A.,16404287000155,0.5711,0.0227,1079.620833,2034-05-15,,,4.5563,ok DI+,ok DI+,57.11000000000001,16,4.542337445448874,-0.306445022301564,4.516543465716169,31.493128359536296,4.678528252252989,2.298196188057955,-2.219450114402566,-4.363384793232649,-8.436883925306905,4.674009107513851,2.297638143307505,-2.2189053224086646,-4.359077823918488,-8.403224364241614,6.322312674892449,12.644625349784897,,,,,,
2026-10-08,SVEA14,SOLVI ESSENCIS AMBIENTAL S.A.,SOLVI ESSENCIS AMBIENTAL S.A.,Isolada (a identificar),,DI_MAIS,N,Quirografária,S,SOLVI ESSENCIS AMBIENTAL S.A.,40263170000183,2.1751,0.0797,937.472471,2029-04-12,,,1.0527,ok DI+,ok DI+,217.51,6,1.0543334575052932,0.1551683770583453,1.031888843275214,2.744047092607321,1.045784453323817,0.5193962685002829,-0.5125358879697783,-1.018339775984034,-2.0102498437545746,1.0456090787382508,0.5193744805033662,-0.5125143627718479,-1.0181686078121774,-2.0088967446982817,105.39410393740837,210.78820787481675,,,,,,
2026-10-08,SVEA15,SOLVI ESSENCIS AMBIENTAL S.A.,SOLVI ESSENCIS AMBIENTAL S.A.,Isolada (a identificar),,DI_MAIS,N,Quirografária,S,SOLVI ESSENCIS AMBIENTAL S.A.,40263170000183,1.8775,0.066,1059.330979,2032-06-06,,,2.394,ok DI+,ok DI+,187.75,12,2.3927803350880166,-0.050946738178093295,2.3486837968030394,10.204932519912127,2.4007113578692785,1.1872223113484237,-1.1617078058607788,-2.298627229419692,-4.500881150587377,2.3997084594026,1.18709806405141,-1.1615857327516295,-2.297659134203479,-4.493268943207837,39.96919471568712,79.93838943137423,,,,,,
2026-10-08,SVEA16,SOLVI ESSENCIS AMBIENTAL S.A.,SOLVI ESSENCIS AMBIENTAL S.A.,Isolada (a identificar),,DI_MAIS,N,Quirografária,S,SOLVI ESSENCIS AMBIENTAL S.A.,40263170000183,2.2533,0.0592,1077.846017,2035-11-12,,,4.0833,ok DI+,ok DI+,225.32999999999998,19,4.072875764768613,-0.2552894774174733,3.9831240309785727,25.899675698316738,4.116207656929394,2.0243793989867864,-1.9596198244145158,-3.8570446315589257,-7.4749825440480695,4.112622409470157,2.0239366101121825,-1.9591874208663904,-3.853625652486989,-7.448254547990811,28.285586671103605,56.57117334220721,,,,,,
2026-10-08,TAEEA1,TRANS. ALIANÇA DE ENERGIA ELÉTRICA S/A,TRANSMISSORA ALIANCA DE ENERGIA ELETRICA S/A,Taesa (Cemig + ISA),CVM FRE,DI_MAIS,N,Quirografária,S,TRANSMISSORA ALIANCA DE ENERGIA ELETRICA S/A,07859971000130,0.405,0.0487,1080.962181,2028-05-15,,,1.3882,ok DI+,ok DI+,40.50000000000001,4,1.3897864355403091,0.1142800418029835,1.3841805044970956,3.482198481441179,1.4017986381288594,0.6964687455042418,-0.6877629593290524,-1.3669720120790818,-2.7003190750272577,1.4015914969043015,0.6964430003503493,-0.6877375041467463,-1.3667695120898897,-2.6987170393653677,14.629594864404833,29.259189728809666,,,,,,
2026-10-08,TAEEA5,TRANSMISSORA ALIANÇA DE ENERGIA ELÉTRICA S.A.,TRANSMISSORA ALIANCA DE ENERGIA ELETRICA S/A,Taesa (Cemig + ISA),CVM FRE,DI_MAIS,N,Quirografária,S,TRANSMISSORA ALIANCA DE ENERGIA ELETRICA S/A,07859971000130,0.3753,0.0138,1014.565201,2029-03-15,,,2.1262,ok DI+,ok DI+,37.53,5,2.1266613351243633,0.0216976354229807,2.118709817180485,6.9443578158695,2.1539375804341176,1.0680981789136013,-1.0507364534569352,-2.0844807018481792,-4.102422631917069,2.1534316062598324,1.0680353558600795,-1.0506744613204055,-2.0839880281011376,-4.0985324780435795,8.85680514048493,17.71361028096986,,,,,,
2026-10-08,TAEEA6,TRANSMISSORA ALIANÇA DE ENERGIA ELÉTRICA S.A.,TRANSMISSORA ALIANCA DE ENERGIA ELETRICA S/A,Taesa (Cemig + ISA),CVM FRE,DI_MAIS,N,Quirografária,S,TRANSMISSORA ALIANCA DE ENERGIA ELETRICA S/A,07859971000130,0.35,0.0,1016.047302,2031-09-15,,,3.4678,ok DI+,ok DI+,34.99999999999999,10,3.4632173870697085,-0.13214755551910423,3.451138402660397,17.31687793815163,3.5395466020832433,1.7474411785920463,-1.7041448976875762,-3.366312413565997,-6.569757516849728,3.537722792351155,1.747215298752888,-1.703923103907509,-3.3645540129696387,-6.555939246557761,5.070790550303541,10.141581100607082,,,,,,
2026-10-08,TAEEA9,TRANSMISSORA ALIANÇA DE ENERGIA ELÉTRICA S.A.,TRANSMISSORA ALIANCA DE ENERGIA ELETRICA S/A,Taesa (Cemig + ISA),CVM FRE,DI_MAIS,N,Quirografária,S,TRANSMISSORA ALIANCA DE ENERGIA ELETRICA S/A,07859971000130,0.4791,0.0573,1071.139419,2032-10-23,,,3.8617,ok DI+,ok DI+,47.910000000000004,13,3.856423889714591,-0.13662662261203837,3.838035859909763,22.545735682898865,3.95350543263433,1.947539137492127,-1.8911678534922705,-3.727936898179829,-7.245774116994208,3.9507645383242576,1.9472000995585055,-1.890835760351258,-3.7253071814952694,-7.225157006161551,6.241473731452632,12.482947462905264,,,,,,
2026-10-08,TAEEC1,TRANS. ALIANÇA DE ENERGIA ELÉTRICA S/A,TRANSMISSORA ALIANCA DE ENERGIA ELETRICA S/A,Taesa (Cemig + ISA),CVM FRE,DI_MAIS,N,Quirografária,S,TRANSMISSORA ALIANCA DE ENERGIA ELETRICA S/A,07859971000130,0.2895,0.0076,345.895636,2027-01-15,,,0.2619,ok DI+,ok DI+,28.95,1,0.261904761904762,0.0018182148766520878,0.2611487363131354,0.32859353609152847,0.2628041570838624,0.13098666036714945,-0.13016516392364563,-0.2595180206443781,-0.5158228349891436,0.26279170399359303,0.1309851100766821,-0.1301636262364533,-0.25950576863267777,-0.5157256019044402,55.428183204545455,110.85636640909091,,,,,,
2026-10-08,TAEEE1,TRANS. ALIANÇA DE ENERGIA ELÉTRICA S/A,TRANSMISSORA ALIANCA DE ENERGIA ELETRICA S/A,Taesa (Cemig + ISA),CVM FRE,DI_MAIS,N,Quirografária,S,TRANSMISSORA ALIANCA DE ENERGIA ELETRICA S/A,07859971000130,0.4,0.0,1013.774702,2033-03-15,,,4.2837,ok DI+,ok DI+,40.0,13,4.271524939530974,-0.2842183268908978,4.254506911883441,26.260714100053008,4.389154562969955,2.1604928137211266,-2.0948322062756763,-4.126406186369847,-8.008889093644033,4.385810482383706,2.160079348566786,-2.0944275633166543,-4.123203341383175,-7.983799541765821,4.7008972870950485,9.401794574190097,,,,,,
2026-10-08,TAEEE2,TRANSMISSORA ALIANÇA DE ENERGIA ELÉTRICA S.A.,TRANSMISSORA ALIANCA DE ENERGIA ELETRICA S/A,Taesa (Cemig + ISA),CVM FRE,DI_MAIS,N,Quirografária,S,TRANSMISSORA ALIANCA DE ENERGIA ELETRICA S/A,07859971000130,0.2076,0.019,1038.250983,2028-01-03,,,1.2222,ok DI+,ok DI+,20.76,1,1.2222222222222223,0.001818214876646032,1.2196901454802054,2.7048074124545267,1.2333606825650767,0.6132442975354646,-0.6064820882499822,-1.2063095547127922,-2.386419869589751,1.233214182542478,0.6132260820056707,-0.6064640634745345,-1.2061661084179327,-2.38528414271132,8.510358174545454,17.020716349090907,,,,,,
2026-10-08,TBSP12,TIM BRASIL SERVICOS E PARTICIPACOES S.A,TIM BRASIL SERVICOS E PARTICIPACOES S.A,Tim Brasil,CVM FRE,DI_MAIS,N,Quirografária,S,TIM BRASIL SERVICOS E PARTICIPACOES S.A,02600854000134,0.4663,0.0297,1036.085225,2030-07-23,,,2.6307,ok DI+,ok DI+,46.629999999999995,16,2.6297248355581626,-0.03706862971214613,2.617519342862395,10.640770731804741,2.671658452109793,1.322176620372817,-1.2955728919952114,-2.5652219061099046,-5.029364158299455,2.670723196521419,1.3220606348459536,-1.2954587080164417,-2.5643154892033717,-5.022223271088695,8.907288522461814,17.814577044923627,,,,,,
2026-10-08,TBSP22,TIM BRASIL SERVICOS E PARTICIPACOES S.A,TIM BRASIL SERVICOS E PARTICIPACOES S.A,Tim Brasil,CVM FRE,DI_MAIS,N,Quirografária,S,TIM BRASIL SERVICOS E PARTICIPACOES S.A,02600854000134,0.5639,0.0296,1041.235765,2032-07-23,,,3.7885,ok DI+,ok DI+,56.39,24,3.7798993108601233,-0.2270209618549996,3.7587039791218553,21.273209895778564,3.8675704442590275,1.9062528890098518,-1.8530637096408786,-3.6547398184489155,-7.110785564820832,3.8650700286007478,1.9059435019306508,-1.8527604771912045,-3.6523379296429628,-7.091943760328139,7.50125579364917,15.00251158729834,,,,,,
2026-10-08,TEPA14,BRASIL TECNOLOGIA E PARTICIPACAO S.A.,BRASIL TECNOLOGIA E PARTICIPACAO S.A.,Brasil Tecnologia,CVM FRE,DI_MAIS,N,Real,S,BRASIL TECNOLOGIA E PARTICIPACAO S.A.,35764708000101,4.1136,0.1004,999.070315,2030-12-04,,,2.1265,ok DI+,ok DI+,411.36,17,2.126058821713699,-0.020746686400244133,2.042056774248224,7.1896190509065505,2.078578857834512,1.0300866327287883,-1.0121115539350467,-2.0066661610289915,-3.944717653688601,2.0780048695027564,1.0300154109377453,-1.0120413633104788,-2.0061086789936913,-3.9403211674783165,100.72197922886859,201.44395845773718,,,,,,
2026-10-08,TFLE19,LOCALIZA FLEET S.A.,LOCALIZA FLEET S/A,Localiza,CVM FRE,DI_MAIS,N,Quirografária,S,LOCALIZA FLEET S/A,02286479000108,1.1485,0.0157,1059.106444,2030-05-28,,,2.814,ok DI+,ok DI+,114.85000000000001,8,2.8140727504193985,0.0025853027504787033,2.782120101058739,11.86796632734727,2.842536761189929,1.4060285294390296,-1.3763564976589593,-2.7238232256668327,-5.3350948714181,2.8414599326954755,1.4058950084385535,-1.3762250926201853,-2.7227802694220022,-5.326880875570533,20.640733654218185,41.28146730843637,,,,,,
2026-10-08,TFLEA3,LOCALIZA FLEET S.A.,LOCALIZA FLEET S/A,Localiza,CVM FRE,DI_MAIS,N,Quirografária,S,LOCALIZA FLEET S/A,02286479000108,1.2738,0.1343,1057.722895,2028-12-20,,,1.8682,ok DI+,ok DI+,127.38000000000001,5,1.8692064108481286,0.05387061600088157,1.8456959360151675,5.601176848406237,1.8740855335489526,0.9298970979747967,-0.9158935567912807,-1.8180641756535998,-3.5823243242360303,1.8737018202571984,0.9298494390680916,-0.9158464969470759,-1.8176900517731365,-3.57936833506221,34.50730900860401,69.01461801720802,,,,,,
2026-10-08,TFLEA4,LOCALIZA FLEET S.A.,LOCALIZA FLEET S/A,Localiza,CVM FRE,DI_MAIS,N,Quirografária,S,LOCALIZA FLEET S/A,02286479000108,1.2668,0.08,1042.773979,2029-01-26,,,1.97,ok DI+,ok DI+,126.67999999999999,5,1.9706282754633206,0.031892155498511224,1.945976643345421,6.077766734841533,1.9767913832457795,0.9806384232666554,-0.9654433292880737,-1.9160028771801563,-3.773676694318484,1.976365477019629,0.9805855300912625,-0.9653911132541588,-1.9155878096712136,-3.7703979519940116,32.54920875674499,65.09841751348998,,,,,,
2026-10-08,TFLEA6,LOCALIZA FLEET S.A.,LOCALIZA FLEET S/A,Localiza,CVM FRE,DI_MAIS,N,Quirografária,S,LOCALIZA FLEET S/A,02286479000108,1.1762,0.0185,1058.529688,2031-12-11,,,3.1254,ok DI+,ok DI+,117.62,11,3.1229523938368353,-0.07831337310951045,3.0866472488953285,14.803015124758614,3.162178681655936,1.5620152243297492,-1.5250043456730311,-3.0140950495096464,-5.888733557202941,3.1606623245191217,1.5618273933536124,-1.524819855541716,-3.0126321732715353,-5.877234195295485,19.05303562661634,38.10607125323268,,,,,,
2026-10-08,TFLEA7,LOCALIZA FLEET S.A.,LOCALIZA FLEET S/A,Localiza,CVM FRE,DI_MAIS,N,Quirografária,S,LOCALIZA FLEET S/A,02286479000108,1.0828,0.0586,1032.817532,2031-02-10,,,2.6872,ok DI+,ok DI+,108.27999999999999,9,2.685864380591951,-0.04970301458949606,2.6570933735432245,11.03217615524307,2.7132556040733613,1.3424610538402382,-1.3148786169704718,-2.602901884444353,-5.101176156248799,2.71225425431944,1.342336906965666,-1.3147564665775584,-2.601932492767009,-5.093543223981587,20.375648270051006,40.75129654010201,,,,,,
2026-10-08,TFLEA8,LOCALIZA FLEET S.A.,LOCALIZA FLEET S/A,Localiza,CVM FRE,DI_MAIS,N,Quirografária,S,LOCALIZA FLEET S/A,02286479000108,1.1287,0.0365,1046.659269,2030-06-20,,,2.8866,ok DI+,ok DI+,112.87,8,2.8858466493746744,-0.02609819945006811,2.853637641317128,12.3390153598757,2.9164655314431576,1.4423830411901317,-1.4115332546090875,-2.793039390513452,-5.469131890128953,2.9153327181165065,1.4422425898584086,-1.4113950514587195,-2.7919425645177496,-5.460494975436743,19.776512330399388,39.553024660798776,,,,,,
2026-10-08,TFLEA9,LOCALIZA FLEET S.A.,LOCALIZA FLEET S/A,Localiza,CVM FRE,DI_MAIS,N,Quirografária,S,LOCALIZA FLEET S/A,02286479000108,1.2659,0.0212,1010.83356,2032-09-09,,,3.779,ok DI+,ok DI+,126.59,12,3.771213747106168,-0.2060400342374159,3.724070735663405,20.492380685890982,3.8288946447657013,1.887943145361426,-1.8367064570894875,-3.623879004879238,-7.056107105989106,3.82653263909286,1.887650843689066,-1.8364198919743386,-3.6216088322339495,-7.038293857608989,16.996186295243568,33.992372590487136,,,,,,
2026-10-08,TFLEB5,LOCALIZA FLEET S.A.,LOCALIZA FLEET S/A,Localiza,CVM FRE,DI_MAIS,N,Quirografária,S,LOCALIZA FLEET S/A,02286479000108,1.1177,0.0245,1158.260643,2030-11-04,,,2.3147,ok DI+,ok DI+,111.77,5,2.325237712691376,0.45525176875517054,2.2995358010431173,9.0993295975989,2.3458261133895597,1.1612404871879756,-1.1384906316673105,-2.2548083019452103,-4.423144338279683,2.345032449031112,1.1611420625185573,-1.1383937385245602,-2.254039153055123,-4.417085010134257,24.302731001034818,48.605462002069636,,,,,,
2026-10-08,TFLEC0,LOCALIZA FLEET S.A.,LOCALIZA FLEET S/A,Localiza,CVM FRE,DI_MAIS,N,Quirografária,S,LOCALIZA FLEET S/A,02286479000108,1.0483,0.0532,1003.745069,2030-09-18,,,2.8276,ok DI+,ok DI+,104.83,8,2.8263119370548275,-0.04555322341110354,2.796991079567719,11.669690064420932,2.856387034776864,1.4132125408121254,-1.3840362639276793,-2.7396572912176897,-5.3685799486531955,2.855339529889824,1.4130826523643856,-1.3839084272033335,-2.7386426292456143,-5.3605883578470195,18.739780896298335,37.47956179259667,,,,,,
2026-10-08,TFLED0,LOCALIZA FLEET S.A.,LOCALIZA FLEET S/A,Localiza,CVM FRE,DI_MAIS,N,Quirografária,S,LOCALIZA FLEET S/A,02286479000108,1.3009,0.0375,1001.811725,2032-09-18,,,3.9779,ok DI+,ok DI+,130.09,12,3.9686123507334723,-0.23348121537815678,3.9176476721662614,22.418671694720825,4.032404526976885,1.9871767101051763,-1.931123415460112,-3.808111905144007,-7.406981550585057,4.029741030639865,1.9868471757015318,-1.9308004964647296,-3.805554313692657,-7.386921910438106,16.603075478717923,33.206150957435845,,,,,,
2026-10-08,TFLEE1,LOCALIZA FLEET S.A.,LOCALIZA FLEET S/A,Localiza,CVM FRE,DI_MAIS,N,Quirografária,S,LOCALIZA FLEET S/A,02286479000108,1.3404,0.0284,1027.650491,2033-07-14,,,4.2635,ok DI+,ok DI+,134.04000000000002,14,4.250883187139857,-0.2959261841243642,4.194657991422826,26.456232794577474,4.330387961132143,2.1308255982213087,-2.064675724976228,-4.065676888558367,-7.886030896484531,4.3269391553957135,2.130399286704635,-2.064258704718191,-4.062376827449938,-7.860191326954102,15.977464703210964,31.95492940642193,,,,,,
2026-10-08,TIET19,AES TIETE ENERGIA S/A,AUREN OPERACOES S.A.,Auren,CVM FRE,DI_MAIS,N,Quirografária,S,AUREN OPERACOES S.A.,00194724000113,0.5347,0.042,216.996213,2027-03-15,,,0.4167,ok DI+,ok DI+,53.46999999999999,1,0.4166666666666667,-0.007999360051195023,0.4144505993121447,0.5840156279619023,0.41739427569855714,0.20795825637529575,-0.2064981924819187,-0.41155372190641026,-0.8174049424449992,0.41737067745195416,0.20795531919102472,-0.20649528012111995,-0.4115305211723352,-0.8172208860650513,64.507084908,129.014169816,,,,,,
2026-10-08,TIGR12,TIGRE S.A PARTICIPACOES,TIGRE S.A PARTICIPACOES,Tigre,CVM FRE,DI_MAIS,N,Quirografária,S,TIGRE S.A PARTICIPACOES,84684455000163,1.3258,0.1328,1047.095914,2029-10-24,,,2.4302,ok DI+,ok DI+,132.58,7,2.432469085297599,0.09337031098670226,2.4006413818569396,9.080189791409023,2.4467849340298997,1.2117630703230686,-1.1890612580531146,-2.3559616221050295,-4.625366246693153,2.446042330813985,1.2116709281677311,-1.1889704536892085,-2.3552404328998944,-4.619678967885699,27.613453846539745,55.22690769307949,,,,,,
2026-10-08,TIGR21,TIGRE S.A PARTICIPACOES,TIGRE S.A PARTICIPACOES,Tigre,CVM FRE,DI_MAIS,N,Quirografária,S,TIGRE S.A PARTICIPACOES,84684455000163,1.2676,0.0985,1070.692699,2028-11-10,,,1.3682,ok DI+,ok DI+,126.75999999999999,5,1.3696968488965238,0.1094027844265227,1.3525519009994549,3.5422557845072467,1.3704845318988301,0.6807312739471882,-0.6718753097866403,-1.3350567770367805,-2.6359678402694375,1.370263179921991,0.6807037702303614,-0.6718481307690933,-1.3348406220769187,-2.634258686308765,46.859569642515,93.71913928503,,,,,,
2026-10-08,TLPP27,TELEFÔNICA BRASIL S/A,TELEFONICA BRASIL S/A,Telefonica Brasil,CVM FRE,DI_MAIS,N,Quirografária,S,TELEFONICA BRASIL S/A,02558157000162,0.6704,0.033,1040.930256,2027-07-12,,,0.7088,ok DI+,ok DI+,67.03999999999999,2,0.7088967159648084,0.013645028895093794,0.7041759205931519,1.210368367702876,0.7102830528345816,0.35360779985333934,-0.3505818153978768,-0.6981783527881258,-1.3845747137850695,0.7102277624316664,0.3536009207562046,-0.3505749998369474,-0.6981240787546376,-1.3841444738322466,47.601741297494144,95.20348259498829,,,,,,
2026-10-08,TOTS16,TOTVS SA,TOTVS SA,Totvs,inferido,DI_MAIS,N,Quirografária,S,TOTVS SA,53113791000122,0.5986,0.0034,1026.963012,2033-01-29,,,3.5803,ok DI+,ok DI+,59.86,13,3.5738437366279583,-0.18032744105358564,3.5525780046918727,19.183098065107348,3.65069744221147,1.8005405971899924,-1.7525774638056157,-3.4587802016766256,-6.73810876644223,3.6484934950174095,1.8002678749273204,-1.7523101297645522,-3.4566625143663354,-6.721494048081598,8.424867789101773,16.849735578203546,,,,,,
2026-10-08,TOTS17,TOTVS SA,TOTVS SA,Totvs,inferido,DI_MAIS,N,Quirografária,S,TOTVS SA,53113791000122,0.5514,0.019,1014.553137,2033-09-02,,,4.2309,ok DI+,ok DI+,55.14,14,4.218977150413324,-0.2818040981038523,4.195841281586655,25.869687681783205,4.328503376406889,2.130667407602216,-2.0659843598808014,-4.069665162873315,-7.8991341766948775,4.325189719995572,2.1302577503955566,-2.065583531191099,-4.066492843177739,-7.874288809537647,6.5707919222279125,13.141583844455825,,,,,,
2026-10-08,TRES11,TRES TENTOS AGROINDUSTRIAL S.A,TRES TENTOS AGROINDUSTRIAL S.A,Tres Tentos,CVM FRE,DI_MAIS,N,Quirografária,S,TRES TENTOS AGROINDUSTRIAL S.A,94813102000170,1.7463,0.1171,1009.286815,2029-04-05,,,2.1542,ok DI+,ok DI+,174.63,5,2.1547366385644704,0.024911269356164892,2.1177542953055495,6.926457357445904,2.1528894064507753,1.0675976534465281,-1.050280688218408,-2.0836116792821713,-4.100846130432512,2.152386582092779,1.0675352193495822,-1.0502190759559673,-2.08312200851832,-4.096979443462182,41.22999546904576,82.45999093809152,,,,,,
2026-10-08,TRPLA3,ISA ENERGIA BRASIL S.A.,ISA ENERGIA BRASIL S.A.,ISA,CVM FRE,DI_MAIS,N,Quirografária,S,ISA ENERGIA BRASIL S.A.,02998611000104,0.9834,0.1167,1024.237709,2030-03-15,,,2.8039,ok DI+,ok DI+,98.34,7,2.8029973766045355,-0.03219171138287889,2.7757011316756377,11.396039629588676,2.833681848484537,1.4022197020362892,-1.373727689607307,-2.719690826849741,-5.331123275184202,2.832681329823581,1.4020956153748048,-1.373605516300833,-2.718720933527694,-5.323481470759502,17.7144431865822,35.4288863731644,,,,,,
2026-10-08,TRPLA5,ISA ENERGIA BRASIL S.A.,ISA ENERGIA BRASIL S.A.,ISA,CVM FRE,DI_MAIS,N,Quirografária,S,ISA ENERGIA BRASIL S.A.,02998611000104,0.5342,0.1112,1013.360332,2029-03-15,,,2.124,ok DI+,ok DI+,53.42,5,2.1244392998291377,0.020682666155254048,2.1131508479991266,6.913078955782132,2.1482190531668444,1.0652792036798697,-1.0479956817497693,-2.079075067471814,-4.091906197722528,2.147716242778037,1.065216772694291,-1.0479340753048356,-2.078585453220216,-4.088040116882611,12.639892710589416,25.279785421178833,,,,,,
2026-10-08,TRPLA6,ISA ENERGIA BRASIL S.A.,ISA ENERGIA BRASIL S.A.,ISA,CVM FRE,DI_MAIS,N,Quirografária,S,ISA ENERGIA BRASIL S.A.,02998611000104,0.6665,0.1053,1060.667481,2031-05-20,,,3.1071,ok DI+,ok DI+ aprox,66.65,,,,3.086528288954121,,3.086528288954121,1.5432641444770605,-1.5432641444770605,-3.086528288954121,-6.173056577908242,3.086528288954121,1.5432641444770605,-1.5432641444770605,-3.086528288954121,-6.173056577908242,10.796920319590614,21.593840639181227,,,,,,
2026-10-08,TRPLB5,ISA ENERGIA BRASIL S.A.,ISA ENERGIA BRASIL S.A.,ISA,CVM FRE,DI_MAIS,N,Quirografária,S,ISA ENERGIA BRASIL S.A.,02998611000104,0.6553,0.1118,1013.79414,2031-03-17,,,3.1427,ok DI+,ok DI+,65.53,8,3.163215179274358,0.652788343601301,3.1426215800602235,14.456537665056885,3.216313195782261,1.5895560644335838,-1.5534117655733315,-3.071700523225429,-6.006824940049215,3.2149042683855074,1.5893814621114326,-1.5532401179487905,-3.0703388917349383,-5.996112406819308,10.426008720837494,20.852017441674988,,,,,,
2026-10-08,TSSG13,TRANSPORTADORA ASSOCIADA DE GAS S.A. - TAG,TRANSPORTADORA ASSOCIADA DE GAS S.A. - TAG,Isolada (a identificar),,DI_MAIS,N,Quirografária,S,TRANSPORTADORA ASSOCIADA DE GAS S.A. - TAG,06248349000123,0.4808,0.0237,1055.491923,2029-06-20,,,2.2418,ok DI+,ok DI+,48.08,6,2.242507865835034,0.031575779955131014,2.2317774797125765,7.815719833749565,2.271457187669812,1.1257330019540213,-1.1061926711509296,-2.19328348181006,-4.311853873110727,2.2708560788813243,1.125658389648475,-1.1061190900641011,-2.1926988805438286,-4.307240562750161,10.771683207008628,21.543366414017257,,,,,,
2026-10-08,TSSG14,TRANSPORTADORA ASSOCIADA DE GAS S.A. - TAG,TRANSPORTADORA ASSOCIADA DE GAS S.A. - TAG,Isolada (a identificar),,DI_MAIS,N,Quirografária,S,TRANSPORTADORA ASSOCIADA DE GAS S.A. - TAG,06248349000123,0.4005,0.0015,849.115428,2030-05-20,,,1.9822,ok DI+,ok DI+,40.05,4,1.9868169855898703,0.2329222878554302,1.9788915250321166,7.453930062254211,2.016801322201056,0.9988425669951617,-0.9802065169412177,-1.9422424139780459,-3.8135936646900848,2.0161611753433877,0.9987631750938761,-0.9801283499382406,-1.9416218747208458,-3.8087044488191495,10.119301511322103,20.238603022644206,,,,,,
2026-10-08,TUPW11,TUPI ENERGIAS RENOVAVEIS S.A,TUPI ENERGIAS RENOVAVEIS S.A.,Isolada (a identificar),,DI_MAIS,N,Quirografária,S,TUPI ENERGIAS RENOVAVEIS S.A.,59115685000164,6.5538,0.3009,954.186166,2034-10-15,,,2.9137,ok DI+,ok DI+,655.38,17,2.911612728452928,-0.07163646041362835,2.732528289420863,14.130637986773195,2.8048008908504007,1.3841278084680608,-1.3487972095093448,-2.663430410666423,-5.1946436897397525,2.8031814793547287,1.383927442193898,-1.348600847226965,-2.661875099486997,-5.182443819106262,119.92190575617104,239.84381151234209,,,,,,
2026-10-08,TUPY15,TUPY S/A,TUPY S/A,Tupy,inferido,DI_MAIS,N,Quirografária,S,TUPY S/A,84683374000300,1.9505,0.1144,1007.284711,2029-07-17,,,2.3131,ok DI+,ok DI+,195.04999999999998,6,2.3133801125977427,0.01210983518839407,2.269120909262576,7.976504275791482,2.3096171897162066,1.1446072685344033,-1.1246649569007228,-2.229835323614382,-4.383422494893507,2.3090034306415337,1.1445310849760275,-1.1245898242865486,-2.2292383878836186,-4.378711733009323,42.97919939034623,85.95839878069246,,,,,,
2026-10-08,TUPY25,TUPY S/A,TUPY S/A,Tupy,inferido,DI_MAIS,N,Quirografária,S,TUPY S/A,84683374000300,2.7448,0.1185,976.928034,2031-07-17,,,3.2273,ok DI+,ok DI+,274.48,10,3.2240855711941614,-0.09960117763575325,3.1379549828255655,14.856974263037404,3.213725482166563,1.5877327834656452,-1.5505871687265027,-3.065104850135847,-5.9900543024540065,3.2122398541407517,1.5875487092415794,-1.5504062735839859,-3.063670111510378,-5.9787704803903825,43.73549039139577,87.47098078279154,,,,,,
2026-10-08,TUPY35,TUPY S/A,TUPY S/A,Tupy,inferido,DI_MAIS,N,Quirografária,S,TUPY S/A,84683374000300,2.1653,0.2813,989.598251,2034-07-17,,,4.4189,ok DI+,ok DI+,216.52999999999997,16,4.404054204707838,-0.3359613318283311,4.310714307801023,28.46706421173036,4.456953800003238,2.1914233056126387,-2.1202446032884015,-4.172106384802554,-8.081241848442566,4.453049628859675,2.1909409841651746,-2.1197733236358483,-4.168378986742372,-8.052087331367439,25.115327128980624,50.23065425796125,,,,,,
2026-10-08,UNIP18,UNIPAR CARBOCLORO S/A,UNIPAR CARBOCLORO S/A,Unipar Carbocloro,CVM FRE,DI_MAIS,N,Quirografária,S,UNIPAR CARBOCLORO S/A,33958695000178,1.4583,0.0493,1092.735448,2030-10-16,,,2.6642,ok DI+,ok DI+,145.82999999999998,9,2.6660035086346547,0.06769419092615478,2.6276839929652427,11.038491587978907,2.6838736147430042,1.3277637519353291,-1.3001655596450723,-2.5734572713653203,-5.042203781256371,2.682876450905137,1.3276401109675948,-1.3000438819976474,-2.572491535025348,-5.034598154170906,27.748770474381953,55.497540948763906,,,,,,
2026-10-08,UNIP19,UNIPAR CARBOCLORO S/A,UNIPAR CARBOCLORO S/A,Unipar Carbocloro,CVM FRE,DI_MAIS,N,Quirografária,S,UNIPAR CARBOCLORO S/A,33958695000178,1.3067,0.0578,1000.82865,2029-09-05,,,2.4646,ok DI+,ok DI+,130.67000000000002,6,2.4645340437829377,-0.0026761428654621315,2.432745360161705,8.918715326647979,2.4780498749687796,1.2276093012042466,-1.205311258531494,-2.3888426447238875,-4.692566148846089,2.4773389367949448,1.2275210742391625,-1.2052242859225424,-2.3881517835284654,-4.68711641379045,26.85648940900957,53.71297881801914,,,,,,
2026-10-08,UNIP29,UNIPAR CARBOCLORO S/A,UNIPAR CARBOCLORO S/A,Unipar Carbocloro,CVM FRE,DI_MAIS,N,Quirografária,S,UNIPAR CARBOCLORO S/A,33958695000178,1.5208,0.1132,1001.526709,2031-09-05,,,3.3925,ok DI+,ok DI+,152.07999999999998,10,3.388129903751832,-0.12881639640878012,3.337375103182631,16.398243344453444,3.4210621157132692,1.689395413074224,-1.6483960663419839,-3.2570198403615858,-6.359645051197205,3.4193663199048983,1.6891853557718823,-1.6481897474107488,-3.255383886460364,-6.3467853394761935,22.784373242158406,45.56874648431681,,,,,,
2026-10-08,UNIP39,UNIPAR CARBOCLORO S/A,UNIPAR CARBOCLORO S/A,Unipar Carbocloro,CVM FRE,DI_MAIS,N,Quirografária,S,UNIPAR CARBOCLORO S/A,33958695000178,1.5992,0.0018,1015.055962,2034-09-05,,,4.5696,ok DI+,ok DI+,159.92,16,4.553086258631128,-0.361382645502292,4.481419399592839,30.181030019693264,4.6365440586658035,2.2789571536557363,-2.203492434868426,-4.334539339971388,-8.390688677519131,4.6323245496913055,2.278435987321036,-2.202983412271803,-4.330514249494373,-8.359218198791812,17.84256122229149,35.68512244458298,,,,,,
2026-10-08,UNIPA0,UNIPAR CARBOCLORO S/A,UNIPAR CARBOCLORO S/A,Unipar Carbocloro,CVM FRE,DI_MAIS,N,Quirografária,S,UNIPAR CARBOCLORO S/A,33958695000178,1.5655,0.0425,1010.476594,2032-07-18,,,3.7966,ok DI+,ok DI+,156.54999999999998,12,3.788879055724168,-0.20336470199210194,3.7304784161198126,20.794643134510665,3.83686313889553,1.891530935899488,-1.8395384638746237,-3.628822831887135,-7.063249111298053,3.8344516317923656,1.8912325119780447,-1.839245904141768,-3.6265052004472595,-7.045063969549411,20.982563432551974,41.96512686510395,,,,,,
2026-10-08,UNIPB0,UNIPAR CARBOCLORO S/A,UNIPAR CARBOCLORO S/A,Unipar Carbocloro,CVM FRE,DI_MAIS,N,Quirografária,S,UNIPAR CARBOCLORO S/A,33958695000178,1.7314,0.2501,1014.420865,2035-07-18,,,4.8137,ok DI+,ok DI+,173.14,18,4.79365088077766,-0.4165012199002797,4.712066167159461,34.36086940765228,4.889067299439143,2.3996254678094298,-2.313707258253761,-4.545201862198711,-8.775475068275718,4.883870514197723,2.3989841703392956,-2.313081996820165,-4.540261820121199,-8.736914946165877,18.371983102305702,36.743966204611404,,,,,,
2026-10-08,UNIPC0,UNIPAR CARBOCLORO S/A,UNIPAR CARBOCLORO S/A,Unipar Carbocloro,CVM FRE,DI_MAIS,N,Quirografária,S,UNIPAR CARBOCLORO S/A,33958695000178,1.4906,0.0364,1018.982743,2032-07-18,,,3.9225,ok DI+,ok DI+,149.06,6,3.916212974625688,-0.1602810802883854,3.8586952630348894,21.542593923338703,3.9689104592163904,1.9565855193907744,-1.9027229403453694,-3.753386961597338,-7.305406151493409,3.9664082326515824,1.9562758739216182,-1.902419389113271,-3.750982293418196,-7.286538647603004,19.314818849255705,38.62963769851141,,,,,,
2026-10-08,UQFN14,UNIÃO QUÍMICA FARMACÊUTICA NACIONAL S/A,UNIAO QUIMICA FARMACEUTICA NACIONAL S.A.,Uniao Quimica,CVM FRE,DI_MAIS,N,Quirografária,N,UNIAO QUIMICA FARMACEUTICA NACIONAL S.A.,60665981000118,0.9336,0.0344,100.878041,2026-10-15,,,0.0159,ok DI+,ok DI+,93.36,1,0.015873015873015872,-0.16971149046621886,0.015726196106168683,0.01582801138010391,0.01580586718155086,0.007882949218318558,-0.007843378607341744,-0.015647578833510867,-0.0311399842352289,0.0158053361630692,0.00788288306730947,-0.00784331303885921,-0.015647056049268162,-0.031135831984735282,2968.29568224,5936.59136448,,,,,,
2026-10-08,UQFN15,UNIÃO QUÍMICA FARMACÊUTICA NACIONAL S/A,UNIAO QUIMICA FARMACEUTICA NACIONAL S.A.,Uniao Quimica,CVM FRE,DI_MAIS,N,Quirografária,S,UNIAO QUIMICA FARMACEUTICA NACIONAL S.A.,60665981000118,2.1562,0.0932,1023.259774,2031-06-13,,,2.8185,ok DI+,ok DI+,215.62,10,2.817332101755343,-0.041436872260300635,2.757866974060647,12.012781196557286,2.819063327765048,1.3940898283926417,-1.364055549702714,-2.6988982865530975,-5.284097875306282,2.8179308800434337,1.3939494635260203,-1.363917510534627,-2.6978030680778606,-5.275478324190148,39.09180573755592,78.18361147511185,,,,,,
2026-10-08,USIM28,USINAS SIDERURGICAS DE MINAS GERAIS S/A - USIMINAS,USINAS SIDERURGICAS DE MG S/A - USIMINAS,Usinas Siderurgicas,CVM FRE,DI_MAIS,N,Quirografária,S,USINAS SIDERURGICAS DE MG S/A - USIMINAS,60894730000105,1.2583,0.0264,1066.309342,2029-05-23,,,1.7774,ok DI+,ok DI+,125.83,6,1.7788677297394493,0.08257734552994246,1.7567623886036496,5.359653143425712,1.7839353762378662,0.8851272951658773,-0.8717275624111509,-1.7303292424286187,-3.409215656117104,1.7835606543207785,0.885080760731107,-0.8716816278725429,-1.7299641228865212,-3.4063317143387852,35.813039035977745,71.62607807195549,,,,,,
2026-10-08,USIM29,USINAS SIDERURGICAS DE MINAS GERAIS S/A - USIMINAS,USINAS SIDERURGICAS DE MG S/A - USIMINAS,Usinas Siderurgicas,CVM FRE,DI_MAIS,N,Quirografária,S,USINAS SIDERURGICAS DE MG S/A - USIMINAS,60894730000105,1.2886,0.0294,1059.785207,2029-12-09,,,2.1828,ok DI+,ok DI+,128.85999999999999,7,2.1837491885320284,0.04348490617686101,2.155967392709573,7.563009307798777,2.1943717622518566,1.0875105983725097,-1.0686020466450397,-2.1187252071773743,-4.165194212325051,2.1937824392485665,1.0874374579895347,-1.068529934720038,-2.1181523461705787,-4.16067459926317,29.884496499284147,59.768992998568294,,,,,,
2026-10-08,USIM39,USINAS SIDERURGICAS DE MINAS GERAIS S/A - USIMINAS,USINAS SIDERURGICAS DE MG S/A - USIMINAS,Usinas Siderurgicas,CVM FRE,DI_MAIS,N,Quirografária,S,USINAS SIDERURGICAS DE MG S/A - USIMINAS,60894730000105,1.449,0.047,1071.549385,2032-12-09,,,3.6226,ok DI+,ok DI+,144.9,13,3.6167020151995786,-0.16281082096895194,3.5650445201032825,19.6505429291706,3.665574393697968,1.807367220483358,-1.7582352947298485,-3.468979824496843,-6.754244557560951,3.6632972347491357,1.8070854387131048,-1.7579590813901778,-3.4667918054574294,-6.737078181623153,20.322326857758586,40.64465371551717,,,,,,
2026-10-08,USIMA0,USINAS SIDERURGICAS DE MINAS GERAIS S/A - USIMINAS,USINAS SIDERURGICAS DE MG S/A - USIMINAS,Usinas Siderurgicas,CVM FRE,DI_MAIS,N,Quirografária,S,USINAS SIDERURGICAS DE MG S/A - USIMINAS,60894730000105,1.2606,0.0495,1009.535029,2029-09-19,,,2.4902,ok DI+,ok DI+,126.05999999999999,6,2.4901118471440946,-0.0035399910009467767,2.4591122777705197,9.084147793294015,2.505262010621645,1.241001787486784,-1.218290124355137,-2.414399827683056,-4.742128360885567,2.50453301673699,1.2409113236268774,-1.2182009541436425,-2.41369153880405,-4.736541599675159,25.63120056362138,51.26240112724276,,,,,,
2026-10-08,USIMB0,USINAS SIDERURGICAS DE MINAS GERAIS S/A - USIMINAS,USINAS SIDERURGICAS DE MG S/A - USIMINAS,Usinas Siderurgicas,CVM FRE,DI_MAIS,N,Quirografária,S,USINAS SIDERURGICAS DE MG S/A - USIMINAS,60894730000105,1.3831,0.0427,1011.375639,2031-09-19,,,3.4224,ok DI+,ok DI+,138.31,10,3.41791029296478,-0.1311859231889935,3.3712820903728336,16.677361253967224,3.4564046931280457,1.7067027473114837,-1.665005495675398,-3.2895694743316106,-6.422175898040738,3.4546688966426693,1.7064877467538757,-1.6647943436189576,-3.287895284102997,-6.4090169556663215,20.512967513896793,41.02593502779359,,,,,,
2026-10-08,VAMO13,"VAMOS LOCACAO DE CAMINHOES, MAQUINAS E EQUIPAMENTOS S.A.",VAMOS LOCACAO DE CAMINHOES MAQUINAS E EQUIPAMENTOS S.A.,Simpar,CVM FRE,DI_MAIS,N,Quirografária,S,VAMOS LOCACAO DE CAMINHOES MAQUINAS E EQUIPAMENTOS S.A.,23373000000132,2.649,0.1608,1046.147012,2029-06-15,,,1.4263,ok DI+,ok DI+,264.9,6,1.4270221283450044,0.05062948503151606,1.3901958405293813,3.949920649877113,1.4102123297852431,0.7000684685766645,-0.6901932485415485,-1.3707064255559565,-2.7034489406524753,1.4099454437787666,0.700035321077037,-0.6901605194523441,-1.3704462372799957,-2.70139326806122,95.27434634645688,190.54869269291376,,,,,,
2026-10-08,VAMO14,"VAMOS LOCACAO DE CAMINHOES, MAQUINAS E EQUIPAMENTOS S.A.",VAMOS LOCACAO DE CAMINHOES MAQUINAS E EQUIPAMENTOS S.A.,Simpar,CVM FRE,DI_MAIS,N,Flutuante,S,VAMOS LOCACAO DE CAMINHOES MAQUINAS E EQUIPAMENTOS S.A.,23373000000132,3.2471,0.3337,1070.797056,2028-10-15,,,0.8587,ok DI+,ok DI+,324.71,5,0.8600721168584006,0.1597900149528999,0.8330230261754573,2.0810103249662566,0.8435532402779167,0.4191283309845195,-0.4139256273924308,-0.8227402935815364,-1.6253934009934468,0.8434280778002887,0.41911277599393654,-0.4139102501815209,-0.8226179745506261,-1.6244258458515897,194.89857410712634,389.7971482142527,,,,,,
2026-10-08,VAMO17,"VAMOS LOCACAO DE CAMINHOES, MAQUINAS E EQUIPAMENTOS S.A.",VAMOS LOCACAO DE CAMINHOES MAQUINAS E EQUIPAMENTOS S.A.,Simpar,CVM FRE,DI_MAIS,N,Quirografária,S,VAMOS LOCACAO DE CAMINHOES MAQUINAS E EQUIPAMENTOS S.A.,23373000000132,2.2564,0.0919,524.752655,2028-06-15,,,1.4705,ok DI+,ok DI+,225.64000000000001,4,1.4715940995764403,0.07440323539206767,1.439121756268009,3.6687298432972866,1.4576848272926934,0.7241740618267434,-0.7150019299213883,-1.4209926098087355,-2.8065658955575667,1.4574654054844953,0.724146790438126,-0.714974965829883,-1.4207781070515224,-2.804868915670072,78.39503468599459,156.79006937198918,,,,,,
2026-10-08,VAMO23,"VAMOS LOCACAO DE CAMINHOES, MAQUINAS E EQUIPAMENTOS S.A.",VAMOS LOCACAO DE CAMINHOES MAQUINAS E EQUIPAMENTOS S.A.,Simpar,CVM FRE,DI_MAIS,N,Quirografária,S,VAMOS LOCACAO DE CAMINHOES MAQUINAS E EQUIPAMENTOS S.A.,23373000000132,3.1682,0.198,1040.999771,2031-06-15,,,2.7592,ok DI+,ok DI+,316.82,10,2.758061101777566,-0.041276392520797636,2.6733635963189877,11.455272489084567,2.7317052321433666,1.3511329411290962,-1.3224925980983238,-2.617117902484134,-5.125734851225461,2.73063995876441,1.3510008887708493,-1.322362707548138,-2.6160872338735643,-5.117621742856284,59.254940187753796,118.50988037550759,,,,,,
2026-10-08,VAMO24,"VAMOS LOCACAO DE CAMINHOES, MAQUINAS E EQUIPAMENTOS S.A.",VAMOS LOCACAO DE CAMINHOES MAQUINAS E EQUIPAMENTOS S.A.,Simpar,CVM FRE,DI_MAIS,N,Flutuante,S,VAMOS LOCACAO DE CAMINHOES MAQUINAS E EQUIPAMENTOS S.A.,23373000000132,3.9901,0.0327,1045.419527,2031-10-15,,,2.8506,ok DI+,ok DI+,399.01,11,2.85130863324765,0.0248590909861013,2.741903924746346,12.333613249139407,2.804765412279364,1.3865168753362633,-1.355680341360066,-2.681389247110344,-5.246209907161359,2.8035719909920425,1.386368978934597,-1.3555349458117485,-2.6802358585006485,-5.237135584509903,72.76148452884112,145.52296905768225,,,,,,
2026-10-08,VAMOA0,"VAMOS LOCACAO DE CAMINHOES, MAQUINAS E EQUIPAMENTOS S.A.",VAMOS LOCACAO DE CAMINHOES MAQUINAS E EQUIPAMENTOS S.A.,Simpar,CVM FRE,DI_MAIS,N,Quirografária,S,VAMOS LOCACAO DE CAMINHOES MAQUINAS E EQUIPAMENTOS S.A.,23373000000132,3.5122,0.2308,1001.434579,2029-02-21,,,1.6381,ok DI+,ok DI+,351.22,5,1.638720202483837,0.03786108807991549,1.583117934392117,4.387812659461388,1.6053408824452609,0.7970790017419738,-0.7861090442088048,-1.561455938839973,-3.0806698241443664,1.605056997689424,0.7970437330203852,-0.7860742013717318,-1.56117887109481,-3.0784796155950063,110.9266695708494,221.8533391416988,,,,,,
2026-10-08,VAMOA1,"VAMOS LOCACAO DE CAMINHOES, MAQUINAS E EQUIPAMENTOS S.A.",VAMOS LOCACAO DE CAMINHOES MAQUINAS E EQUIPAMENTOS S.A.,Simpar,CVM FRE,DI_MAIS,N,Quirografária,S,VAMOS LOCACAO DE CAMINHOES MAQUINAS E EQUIPAMENTOS S.A.,23373000000132,3.19,0.0834,1030.495692,2029-06-25,,,1.8488,ok DI+,ok DI+,319.0,6,1.8495293693483603,0.03945095999352662,1.7923532991068516,5.475953027342514,1.820114764706604,0.9030689936939451,-0.8893785035609114,-1.7653455088204928,-3.4781258353105082,1.819733064243564,0.9030215908376039,-0.8893317082692476,-1.764973533970139,-3.4751875376668524,88.9891519040808,177.9783038081616,,,,,,
2026-10-08,VBBR15,VIBRA ENERGIA S.A,VIBRA ENERGIA S.A,Vibra Energia,inferido,DI_MAIS,N,Quirografária,S,VIBRA ENERGIA S.A,34274233000102,0.9547,0.0556,1013.418043,2029-10-03,,,2.1601,ok DI+,ok DI+,95.47,6,2.1606094324476293,0.023583743698409997,2.1401771610906963,7.2300642718546975,2.1768743115621936,1.0791940388646282,-1.0611179460608744,-2.104558748397367,-4.139950910423062,2.17632748244997,1.0791261608851666,-1.0610510002055298,-2.104026839731423,-4.1357530367442985,22.30422829840538,44.60845659681076,,,,,,
2026-10-08,VBBR16,VIBRA ENERGIA S.A,VIBRA ENERGIA S.A,Vibra Energia,inferido,DI_MAIS,N,Quirografária,S,VIBRA ENERGIA S.A,34274233000102,0.743,0.0402,1012.057498,2031-04-05,,,3.1918,ok DI+,ok DI+,74.3,9,3.1891577268509277,-0.08278316777594162,3.1656370436168544,14.651407473474006,3.2403318618151156,1.6013109489157573,-1.5646793956867633,-3.09376921125456,-6.049174223473496,3.238894080984224,1.6011327811502698,-1.5645042624665844,-3.092380006249484,-6.038245937764229,11.735394641943786,23.470789283887573,,,,,,
2026-10-08,VBBR17,VIBRA ENERGIA S.A,VIBRA ENERGIA S.A,Vibra Energia,inferido,DI_MAIS,N,Quirografária,S,VIBRA ENERGIA S.A,34274233000102,0.7828,0.0278,1060.586198,2031-06-14,,,3.1637,ok DI+,ok DI+,78.28,10,3.161284904425146,-0.07633769241248743,3.136730577464752,14.959757811518951,3.2130373692465186,1.587251817463664,-1.549849167379802,-3.063387677436591,-5.985714449302105,3.2115293665223463,1.5870649859967747,-1.5496655914679773,-3.061931788407157,-5.974265998699124,12.477960421973737,24.955920843947474,,,,,,
2026-10-08,VBBR18,VIBRA ENERGIA S.A,VIBRA ENERGIA S.A,Vibra Energia,inferido,DI_MAIS,N,Quirografária,S,VIBRA ENERGIA S.A,34274233000102,0.8097,0.0143,1044.97283,2032-01-08,,,3.226,ok DI+,ok DI+,80.97,11,3.222456090352476,-0.10985460779677762,3.1965734352472785,15.601606022476918,3.2762037783542475,1.617989656857599,-1.578982021516917,-3.12012976571584,-6.093409091766821,3.274581465359663,1.6177887251517358,-1.5787847100955432,-3.1185654051348943,-6.08111475004502,12.665124333947356,25.33024866789471,,,,,,
2026-10-08,VBBR24,VIBRA ENERGIA S.A,VIBRA ENERGIA S.A,Vibra Energia,inferido,DI_MAIS,N,Quirografária,S,VIBRA ENERGIA S.A,34274233000102,0.9818,0.0377,1170.011257,2031-11-16,,,2.9303,ok DI+,ok DI+,98.18,6,2.940322556109806,0.3420317411120349,2.911735140500373,13.873457205433276,2.9825152197088034,1.473384402040101,-1.4386976612636326,-2.843731057368093,-5.556717887309803,2.981102426527539,1.473209391756978,-1.4385257487433947,-2.8423678544732067,-5.54600113689208,16.859363105245908,33.718726210491816,,,,,,
2026-10-08,VBBR26,VIBRA ENERGIA S.A,VIBRA ENERGIA S.A,Vibra Energia,inferido,DI_MAIS,N,Quirografária,S,VIBRA ENERGIA S.A,34274233000102,0.9083,0.0305,1016.990061,2034-04-05,,,4.4977,ok DI+,ok DI+,90.83000000000001,15,4.483278163845981,-0.32064913520286753,4.442923093388731,29.01401707763185,4.5919224089854715,2.2582145486493843,-2.185668513026928,-4.30160624656245,-8.334929636752552,4.58799317877689,2.2577290680414053,-2.1851940253473257,-4.297853008000572,-8.305565845224825,10.221873988226257,20.443747976452514,,,,,,
2026-10-08,VEBMA6,VOTORANTIM CIMENTOS S/A,VOTORANTIM CIMENTOS S/A,Votorantim,CVM FRE,DI_MAIS,N,Quirografária,S,VOTORANTIM CIMENTOS S/A,01637895000132,1.2679,0.0132,1052.380156,2030-12-20,,,3.176,ok DI+,ok DI+,126.79,9,3.1737715361887857,-0.07016573712891822,3.1340351050913324,14.817479868410386,3.2095947269367153,1.585721829510689,-1.5486750061730947,-3.0613699233258407,-5.982907547695316,3.2081225044333848,1.585539402381179,-1.5484957027101531,-3.0599477057492805,-5.971720612814457,20.227916367947813,40.455832735895626,,,,,,
2026-10-08,VEBMA8,VOTORANTIM CIMENTOS S/A,VOTORANTIM CIMENTOS S/A,Votorantim,CVM FRE,DI_MAIS,N,Quirografária,S,VOTORANTIM CIMENTOS S/A,01637895000132,0.6145,0.0273,1071.219138,2032-04-16,,,3.8388,ok DI+,ok DI+,61.45,12,3.8339807815044544,-0.12553971281508708,3.8105648604370685,22.197844905234625,3.9242198722132082,1.933359533547474,-1.8778582604310312,-3.7021347921085024,-7.197242302506246,3.9215540849632413,1.9330297363500775,-1.877535124086991,-3.6995756359108958,-7.177172822769444,8.063109046902792,16.126218093805583,,,,,,
2026-10-08,VEBMA9,VOTORANTIM CIMENTOS S/A,VOTORANTIM CIMENTOS S/A,Votorantim,CVM FRE,DI_MAIS,N,Quirografária,S,VOTORANTIM CIMENTOS S/A,01637895000132,0.6168,0.0418,1064.223155,2033-01-25,,,4.2183,ok DI+,ok DI+,61.68,14,4.209279502661786,-0.21384200597903777,4.183475823780707,26.802623836342242,4.32101377740004,2.1256768786245273,-2.058660779624899,-4.052834822239959,-7.857300285202307,4.317488942962418,2.1252411916857814,-2.058234632094926,-4.049462704598996,-7.830899170834569,7.371860457443531,14.743720914887062,,,,,,
2026-10-08,VEBMB0,VOTORANTIM CIMENTOS S/A,VOTORANTIM CIMENTOS S/A,Votorantim,CVM FRE,DI_MAIS,N,Quirografária,S,VOTORANTIM CIMENTOS S/A,01637895000132,0.6109,0.051,1008.273593,2033-03-20,,,4.5294,ok DI+,ok DI+,61.089999999999996,13,4.514598309425221,-0.326791419940367,4.487186089603831,29.236761406293642,4.637278680486512,2.280622058803017,-2.2075194209544513,-4.344739217108451,-8.41888498887643,4.633369896635299,2.2801389965597827,-2.2070470930440487,-4.341002282572362,-8.38963695108179,6.807161412531652,13.614322825063304,,,,,,
2026-10-08,VERO14,VERO S.A.,VERO S.A.,Vero,CVM FRE,DI_MAIS,N,Quirografária,S,VERO S.A.,31748174000160,,,912.242553,2029-10-15,,,,fora do escopo (não IPCA+ nem DI+),,,,,,,,,,,,,,,,,,,,,,,,,
2026-10-08,VIVA11,VIVARA PARTICIPACOES S.A.,VIVARA PARTICIPACOES S.A.,Vivara,CVM FRE,DI_MAIS,N,Quirografária,S,VIVARA PARTICIPACOES S.A.,33839910000111,0.6451,0.0483,1017.311001,2030-08-27,,,2.7754,ok DI+,ok DI+,64.51,8,2.774150447349218,-0.04502243463220012,2.7563691102191936,11.413847644494288,2.8144569628791194,1.3925781752465394,-1.3640415696455799,-2.700286687607212,-5.29223406507483,2.8134383484416654,1.3924518646652149,-1.3639172455539792,-2.6992998719967227,-5.284461267548502,11.701988634401363,23.403977268802727,,,,,,
2026-10-08,VIXL15,VIX LOGÍSTICA S/A,VIX LOGISTICA S/A,Isolada (a identificar),,DI_MAIS,N,Quirografária,S,VIX LOGISTICA S/A,32681371000172,0.9581,0.0702,536.489822,2026-10-26,,,0.0437,ok DI+,ok DI+,95.80999999999999,1,0.04365079365079364,-0.11260034143332105,0.04323654431966691,0.04469563808663927,0.043461541825040584,0.021674330894705385,-0.021562590411505766,-0.04301456284323546,-0.08559106055053833,0.04346002251010011,0.021674141707441755,-0.021562402612225157,-0.04301306612923372,-0.08557917587760104,1107.9747642600003,2215.9495285200005,,,,,,
2026-10-08,VIXL18,VIX LOGÍSTICA S/A,VIX LOGISTICA S/A,Isolada (a identificar),,DI_MAIS,N,Quirografária,S,VIX LOGISTICA S/A,32681371000172,1.0647,0.0245,1072.644668,2030-06-11,,,2.1633,ok DI+,ok DI+,106.47,8,2.1638014947188755,0.023181931256668325,2.1410062016894873,7.751395845964726,2.1803943690896554,1.0802706552381913,-1.0608910129401128,-2.1028619603723264,-4.131815604446032,2.1797631809193105,1.0801923456521996,-1.0608138560372877,-2.1022492224596636,-4.12698448645968,24.864477252794398,49.728954505588796,,,,,,
2026-10-08,VIXL19,VIX LOGÍSTICA S/A,VIX LOGISTICA S/A,Isolada (a identificar),,DI_MAIS,N,Quirografária,S,VIX LOGISTICA S/A,32681371000172,1.2311,0.0316,1073.136815,2031-10-15,,,2.9713,ok DI+,ok DI+,123.11000000000001,11,2.971719985593184,0.014134742139277305,2.9355800594809147,13.73927905708578,3.005653322473556,1.4851347103165935,-1.4507835349379827,-2.8682128650554084,-5.606826488528737,3.0042764547663436,1.4849641285618145,-1.4506159309191002,-2.8668836641954862,-5.596374537820114,20.968598625405736,41.93719725081147,,,,,,
2026-10-08,VIXL25,VIX LOGÍSTICA S/A,VIX LOGISTICA S/A,Isolada (a identificar),,DI_MAIS,N,Quirografária,S,VIX LOGISTICA S/A,32681371000172,1.0651,0.0643,1087.767245,2028-10-26,,,0.9009,ok DI+,ok DI+,106.50999999999999,5,0.9020825924382371,0.13126789191220337,0.8925757679339724,2.2905805207809307,0.9041703684611102,0.44916871674742787,-0.4434420588979804,-0.881261257624899,-1.7404342865342648,0.904028670537877,0.44915110961796245,-0.44342465831601,-0.8811228653300678,-1.7393399254523263,59.66440263471223,119.32880526942446,,,,,,
2026-10-08,VIXL26,VIX LOGÍSTICA S/A,VIX LOGISTICA S/A,Isolada (a identificar),,DI_MAIS,N,Quirografária,S,VIX LOGISTICA S/A,32681371000172,1.0059,0.065,1024.144441,2028-09-29,,,1.112,ok DI+,ok DI+,100.59,8,1.1124738811058488,0.042615207360492124,1.101394949310732,2.568818570101821,1.1143870038814452,0.5539268892970517,-0.5475046388074056,-1.088695552010066,-2.152558446796027,1.1142390421612411,0.5539084978679933,-0.5474864514427388,-1.088550856460223,-2.151413527219428,45.664818084988774,91.32963616997755,,,,,,
2026-10-08,VIXL35,VIX LOGÍSTICA S/A,VIX LOGISTICA S/A,Isolada (a identificar),,DI_MAIS,N,Quirografária,S,VIX LOGISTICA S/A,32681371000172,1.04,0.0198,536.470833,2026-10-26,,,0.0437,ok DI+,ok DI+,104.0,1,0.04365079365079364,-0.11260034143332105,0.043201498070856735,0.044623188115769215,0.04342612973264881,0.021656716774365314,-0.02154515736703111,-0.04297987510951673,-0.08552238788943622,0.04342461401143558,0.02165652802057308,-0.021544970050283656,-0.04297838213027789,-0.08551053237939808,1203.661963636364,2407.323927272728,,,,,,
2026-10-08,VIXL45,VIX LOGÍSTICA S/A,VIX LOGISTICA S/A,Isolada (a identificar),,DI_MAIS,N,Quirografária,S,VIX LOGISTICA S/A,32681371000172,1.0265,0.0465,1088.141718,2028-10-26,,,0.9012,ok DI+,ok DI+,102.64999999999999,5,0.9023208964209024,0.12437820915472775,0.8931526841184267,2.2930361191813895,0.9047597726155931,0.4494602703506212,-0.4437274732619678,-0.8818261001655947,-1.7415406167378356,0.9046178647143337,0.44944263720819017,-0.44371004691023663,-0.88168750352252,-1.7404446458532257,57.4649787350296,114.9299574700592,,,,,,
2026-10-08,VLIDA0,VALID SOLUCOES S/A,VALID SOLUCOES S/A,Valid Solucoes,inferido,DI_MAIS,N,Quirografária,S,VALID SOLUCOES S/A,33113309000147,1.2716,0.1133,1079.270948,2029-04-26,,,1.0884,ok DI+,ok DI+,127.16,11,1.0898016028845197,0.12877645024987375,1.0761176903342295,2.829939959474037,1.090447520585558,0.5416186490851516,-0.5345435296130185,-1.0621438051934495,-2.097026428536719,1.0902673901315998,0.5415962701164573,-0.5345214202177723,-1.0619679905368595,-2.0956365814789786,59.0827569986818,118.1655139973636,,,,,,
2026-10-08,VLIDA1,VALID SOLUCOES S/A,VALID SOLUCOES S/A,Valid Solucoes,inferido,DI_MAIS,N,Quirografária,N,VALID SOLUCOES S/A,33113309000147,1.4728,0.1405,1034.555471,2030-12-15,,,2.5324,ok DI+,ok DI+,147.28,9,2.5322804173284386,-0.004722108338391429,2.4955263058952135,10.028048550475736,2.5465522581747058,1.2604080443193055,-1.2353361969856924,-2.4462441445356697,-4.797250549006171,2.545666548647592,1.2602982136357015,-1.2352280922595122,-2.445386063142835,-4.790491640780912,29.508805347408796,59.01761069481759,,,,,,
2026-10-08,VLIDB1,VALID SOLUCOES S/A,VALID SOLUCOES S/A,Valid Solucoes,inferido,DI_MAIS,N,Quirografária,N,VALID SOLUCOES S/A,33113309000147,1.6741,0.2408,1029.696789,2032-12-15,,,3.6704,ok DI+,ok DI+,167.41,13,3.664140399114214,-0.17054274427272317,3.603809032107699,19.926736441771517,3.705755265196542,1.8270990962439226,-1.777276596956423,-3.5063973245263336,-6.82651591504726,3.703442714316557,1.8268129366060641,-1.7769960955016353,-3.5041753498988415,-6.8090833353799685,23.226813422753665,46.45362684550733,,,,,,
2026-10-08,VLME11,VRENTAL LOCACAO DE MAQUINAS E EQUIPAMENTOS S.A.,VRENTAL LOCACAO DE MAQUINAS E EQUIPAMENTOS S.A.,Vrental Locacao,CVM FRE,DI_MAIS,N,Real,S,VRENTAL LOCACAO DE MAQUINAS E EQUIPAMENTOS S.A.,41570356000148,,,,2030-10-06,,,,fora do escopo (não IPCA+ nem DI+),,,,,,,,,,,,,,,,,,,,,,,,,
2026-10-08,VLME12,VRENTAL LOCACAO DE MAQUINAS E EQUIPAMENTOS S.A.,VRENTAL LOCACAO DE MAQUINAS E EQUIPAMENTOS S.A.,Vrental Locacao,CVM FRE,DI_MAIS,N,Real,S,VRENTAL LOCACAO DE MAQUINAS E EQUIPAMENTOS S.A.,41570356000148,,,,2030-10-06,,,,fora do escopo (não IPCA+ nem DI+),,,,,,,,,,,,,,,,,,,,,,,,,
2026-10-08,VVEO15,CM HOSPITALAR S.A.,CM HOSPITALAR S.A.,Cm Hospitalar,CVM FRE,DI_MAIS,N,Quirografária,S,CM HOSPITALAR S.A.,12420164000157,,,690.102867,2034-01-30,,,,fora do escopo (não IPCA+ nem DI+),,,,,,,,,,,,,,,,,,,,,,,,,
2026-10-08,VVEO16,CM HOSPITALAR S.A.,CM HOSPITALAR S.A.,Cm Hospitalar,CVM FRE,DI_MAIS,N,Flutuante,S,CM HOSPITALAR S.A.,12420164000157,,,691.075756,2034-01-30,,,,fora do escopo (não IPCA+ nem DI+),,,,,,,,,,,,,,,,,,,,,,,,,
2026-10-08,WIZC12,WIZ SOLUCOES E CORRETAGEM DE SEGUROS S.A.,WIZ SOLUCOES E CORRETAGEM DE SEGUROS S.A.,Wiz Solucoes,CVM FRE,DI_MAIS,N,Quirografária,S,WIZ SOLUCOES E CORRETAGEM DE SEGUROS S.A.,42278473000103,2.0541,0.0171,1028.397168,2030-01-29,,,1.5429,ok DI+,ok DI+,205.41,7,1.5431945422001683,0.01909016787661774,1.5121338017778496,4.675279111741434,1.5358502124318107,0.7619532118787964,-0.7502644459778107,-1.4890883283363965,-2.933374405000322,1.5355101973365566,0.7619109997786015,-0.750222801999248,-1.4887574062191424,-2.9307620213208705,67.9205767897308,135.8411535794616,,,,,,
2026-10-08,YDUQ17,YDUQS PARTICIPACOES S.A,YDUQS PARTICIPACOES S.A,Yduqs,inferido,DI_MAIS,N,Quirografária,S,YDUQS PARTICIPACOES S.A,08807432000110,0.5889,0.0198,1054.117645,2027-11-29,,,1.0288,ok DI+,ok DI+,58.89,3,1.0296238919425498,0.08008280934582397,1.0235959354785167,2.134392918420292,1.034378849426787,0.5144797563553016,-0.5091436340072475,-1.0130326776980003,-2.0053649619130587,1.0342679000706183,0.5144659588872837,-0.5091299765912329,-1.0129239708864153,-2.0045040125886278,28.766233803219315,57.53246760643863,,,,,,
2026-10-08,YDUQ18,YDUQS PARTICIPACOES S.A,YDUQS PARTICIPACOES S.A,Yduqs,inferido,DI_MAIS,N,Quirografária,S,YDUQS PARTICIPACOES S.A,08807432000110,0.7643,0.0232,1008.517855,2030-06-02,,,2.973,ok DI+,ok DI+ aprox,76.42999999999999,,,,2.9504497128447276,,2.9504497128447276,1.4752248564223638,-1.4752248564223638,-2.9504497128447276,-5.900899425689455,2.9504497128447276,1.4752248564223638,-1.4752248564223638,-2.9504497128447276,-5.900899425689455,12.952262780020181,25.904525560040362,,,,,,
2026-10-08,YDUQA0,YDUQS PARTICIPACOES S.A,YDUQS PARTICIPACOES S.A,Yduqs,inferido,DI_MAIS,N,Quirografária,S,YDUQS PARTICIPACOES S.A,08807432000110,0.7042,0.0581,1084.17588,2029-04-10,,,1.669,ok DI+,ok DI+,70.42,6,1.671629170993903,0.15752971802894125,1.6599398743983895,4.9402550407418815,1.6849802628602806,0.8361873722198876,-0.823836199224437,-1.6355691414720597,-3.2236859318258593,1.6846411496020988,0.8361452560001221,-0.8237946183982672,-1.6352385991946798,-3.221074647981941,21.211611663200227,42.42322332640045,,,,,,
2026-10-08,YDUQA1,YDUQS PARTICIPACOES S.A,YDUQS PARTICIPACOES S.A,Yduqs,inferido,DI_MAIS,N,Quirografária,S,YDUQS PARTICIPACOES S.A,08807432000110,0.7632,0.0797,1063.350913,2031-11-29,,,3.4154,ok DI+,ok DI+,76.32,11,3.4120910793685106,-0.09688237487525192,3.386247240429552,17.427547136767497,3.4752642878152162,1.7151407630754623,-1.6715675994525947,-3.300920049082079,-6.438166413313273,3.4733849761133895,1.714908054135735,-1.6713391862938167,-3.299109504745714,-6.423943538123754,11.269112173616517,22.538224347233033,,,,,,
2026-10-08,YDUQA2,YDUQS PARTICIPACOES S.A,YDUQS PARTICIPACOES S.A,Yduqs,inferido,DI_MAIS,N,Quirografária,S,YDUQS PARTICIPACOES S.A,08807432000110,0.7659,0.0505,1040.605946,2029-12-23,,,2.5981,ok DI+,ok DI+,76.59,7,2.598165822499604,0.0025334859937546834,2.5784177211731385,10.152386669861492,2.6300397151796773,1.3020060356577101,-1.2766234723777026,-2.5284902921705155,-4.960365712944292,2.6291796545224457,1.3018993439238962,-1.2765183772492423,-2.527655787823831,-4.953787708949047,14.852131865808149,29.704263731616297,,,,,,
2026-10-08,YDUQA3,YDUQS PARTICIPACOES S.A,YDUQS PARTICIPACOES S.A,Yduqs,inferido,DI_MAIS,N,Quirografária,S,YDUQS PARTICIPACOES S.A,08807432000110,0.871,0.0091,1013.814202,2031-08-25,,,3.6806,ok DI+,ok DI+,87.10000000000001,10,3.6741696987895973,-0.17470796094122637,3.642444011449869,19.301498399882316,3.741075407005501,1.845611841355388,-1.7973531767400353,-3.547981684414603,-6.914920110610456,3.738951503449281,1.8453488787247876,-1.7970951327250815,-3.545936519450457,-6.898858054902092,11.956257903512702,23.912515807025404,,,,,,
2026-10-08,BHIAA0,GRUPO CASAS BAHIA S.A.,GRUPO CASAS BAHIA S.A,Grupo Casas,CVM FRE,PCT_DI,N,Real,S,GRUPO CASAS BAHIA S.A,33041260065290,,,,2050-11-28,,,,fora do escopo (não IPCA+ nem DI+),,,,,,,,,,,,,,,,,,,,,,,,,
2026-10-08,BHIAC0,GRUPO CASAS BAHIA S.A.,GRUPO CASAS BAHIA S.A,Grupo Casas,CVM FRE,PCT_DI,N,Real,S,GRUPO CASAS BAHIA S.A,33041260065290,,,,2050-11-28,,,,fora do escopo (não IPCA+ nem DI+),,,,,,,,,,,,,,,,,,,,,,,,,
2026-10-08,KLBNA2,KLABIN S/A,KLABIN S/A,Klabin,CVM FRE,PCT_DI,N,Quirografária,S,KLABIN S/A,89637490000145,102.8947,0.2726,10258.668698,2029-03-19,,,1.3021,fora do escopo (não IPCA+ nem DI+),,,,,,,,,,,,,,,,,,,,,,,,,
2026-10-08,RADL14,RAIA DROGASIL S/A,RAIA DROGASIL S/A,Raia Drogasil,CVM FRE,PCT_DI,N,Quirografária,S,RAIA DROGASIL S/A,61585865000151,103.5005,0.2864,524.139364,2027-06-17,,,0.6418,fora do escopo (não IPCA+ nem DI+),,,,,,,,,,,,,,,,,,,,,,,,,
2026-10-08,UNDAC3,UNIDAS S/A,LOCALIZA RENT A CAR S/A,Localiza,inferido,PCT_DI,N,Quirografária,S,LOCALIZA RENT A CAR S/A,16670085000155,107.8336,0.1531,1085.041128,2029-04-10,,,1.6636,fora do escopo (não IPCA+ nem DI+),,,,,,,,,,,,,,,,,,,,,,,,,
2026-10-08,ACRC21,ATLAS LUIZ CARLOS COMERCIALIZADORA DE ENERGIA S.A.,ATLAS LUIZ CARLOS COMERCIALIZADORA DE ENERGIA S.A.,Isolada (a identificar),,IPCA_MAIS,S,Real,N,ATLAS LUIZ CARLOS COMERCIALIZADORA DE ENERGIA S.A.,49037416000173,7.6909,0.0919,1198.609167,2044-07-15,2035-05-15,93.33,6.8828,ok,,,36,6.882843902059349,0.0006378517369337536,6.391295738135115,67.28606416071294,6.742897316396901,3.281616052575398,-3.113332801888413,-6.068946092273453,-11.545560097049757,6.727726058938679,3.279755449268449,-3.1115402888666663,-6.05486541733155,-11.436870193055972,7.747475665380403,15.494951330760806,corrigido IPCA,0.9992965302520062,99.03281640290258,5.6721749397156795,329.4301903645128,329.4301903645128
2026-10-08,AEAB11,AES CAJUINA AB1 HOLDINGS S.A.,CAJUINA AB1 HOLDINGS S.A,Cajuina Ab1,inferido,IPCA_MAIS,S,Quirografária,N,CAJUINA AB1 HOLDINGS S.A,45024644000158,7.491,0.054,1208.037859,2044-06-15,2037-05-15,71.88,7.4711,ok,,,36,7.47114968845752,0.0006650755246224727,6.950488588307412,77.70000486078689,7.357547039669132,3.5746429602752094,-3.380305405803552,-6.579144760122313,-12.479164854345948,7.338988612611347,3.5723693002296892,-3.3781192880777224,-6.561988564003476,-12.346977079399085,5.716090124064416,11.432180248128832,corrigido IPCA,0.9928635950438138,79.45923835409285,5.682615648791534,306.3467219250957,306.3467219250957
2026-10-08,AESLA5,RGE SUL DISTRIBUIDORA DE ENERGIA S/A,RGE SUL DISTRIBUIDORA DE ENERGIA S/A,CPFL,CVM FRE,IPCA_MAIS,S,Quirografária,N,RGE SUL DISTRIBUIDORA DE ENERGIA S/A,02016440000162,6.8796,0.0654,1139.626413,2033-10-15,2032-08-15,13.419999999999987,4.9165,ok,,,15,4.916568820101251,0.001399778323007098,4.600100318583949,28.798057752814625,4.747728302323306,2.336497582021857,-2.264492995328238,-4.459596563882773,-8.65156038530478,4.744090607348022,2.3360477314829926,-2.2640525871009562,-4.456110029819875,-8.624239482111605,1.3670544176154487,2.7341088352308973,corrigido IPCA,0.9965342971253753,12.57717492398884,5.57414998070791,227.26587408324596,227.26587408324596
2026-10-08,AESLA7,RGE SUL DISTRIBUIDORA DE ENERGIA S/A,RGE SUL DISTRIBUIDORA DE ENERGIA S/A,CPFL,CVM FRE,IPCA_MAIS,S,Quirografária,N,RGE SUL DISTRIBUIDORA DE ENERGIA S/A,02016440000162,7.0151,0.0755,1097.154463,2034-04-15,2033-05-15,28.390000000000004,5.2485,ok,,,16,5.248459665407473,-0.0007684975236216105,4.9044103733094415,32.613795461205434,5.071830406665212,2.4935102130136944,-2.4119638908292718,-4.745503008401563,-9.189123439753144,5.067479350615469,2.4929724309812276,-2.411437942328214,-4.741341396003414,-9.156544837394774,2.6694928872836603,5.338985774567321,corrigido IPCA,0.985752386053268,26.18457721573951,5.599457969338251,243.666989124429,243.666989124429
2026-10-08,AESLA9,RGE SUL DISTRIBUIDORA DE ENERGIA S/A,RGE SUL DISTRIBUIDORA DE ENERGIA S/A,CPFL,CVM FRE,IPCA_MAIS,S,Quirografária,N,RGE SUL DISTRIBUIDORA DE ENERGIA S/A,02016440000162,7.013,0.1944,1078.137759,2035-05-15,2033-05-15,28.17999999999996,5.8511,ok,,,18,5.851116632464681,0.00028426218456508714,5.467669005134592,40.634075686957026,5.676853825158479,2.7853696585825816,-2.6837665834306357,-5.270226716321657,-10.167406991813932,5.670839383569377,2.784627097175992,-2.6830419079586,-5.264498626699806,-10.122656496530045,2.4200518966658757,4.8401037933317514,corrigido IPCA,1.0225303273596071,26.464085492434382,5.635420260260382,244.50003498197447,244.50003498197447
2026-10-08,AESLB0,RGE SUL DISTRIBUIDORA DE ENERGIA S/A,RGE SUL DISTRIBUIDORA DE ENERGIA S/A,CPFL,CVM FRE,IPCA_MAIS,S,Quirografária,N,RGE SUL DISTRIBUIDORA DE ENERGIA S/A,02016440000162,7.1656,0.1032,1032.728204,2035-09-15,2035-05-15,40.80000000000004,6.1821,ok,,,18,6.182144433856903,0.0007187502127630649,5.768776952545316,44.28606298734553,5.9969675099208475,2.9405804030757654,-2.8298445935341365,-5.5537762379498705,-10.702031110238863,5.990207267482044,2.9397460550068404,-2.8290308975384764,-5.547346637608589,-10.651832645343722,3.6259834547190763,7.251966909438153,corrigido IPCA,0.9890078958285725,41.8349795677881,5.650261507764243,262.7900795000316,262.7900795000316
2026-10-08,AESLB7,RGE SUL DISTRIBUIDORA DE ENERGIA S/A,RGE SUL DISTRIBUIDORA DE ENERGIA S/A,CPFL,CVM FRE,IPCA_MAIS,S,Quirografária,N,RGE SUL DISTRIBUIDORA DE ENERGIA S/A,02016440000162,7.1898,0.102,1063.560868,2039-04-15,2037-05-15,41.76000000000002,7.9877,ok,,,26,7.98767290926515,-0.0003391556374184943,7.45189645774612,77.15993581579792,7.853489003814129,3.8243395958788895,-3.6313772085062257,-7.080888037092969,-13.475242217764672,7.837696136825109,3.8223981486428076,-3.629498309103312,-7.066096778667131,-13.360594199176282,3.1584346993115173,6.316869398623035,corrigido IPCA,0.9555697982124294,47.07265669564385,5.6872923088804095,268.9524081969228,268.9524081969228
2026-10-08,AESLC2,RGE SUL DISTRIBUIDORA DE ENERGIA S/A,RGE SUL DISTRIBUIDORA DE ENERGIA S/A,CPFL,CVM FRE,IPCA_MAIS,S,Quirografária,S,RGE SUL DISTRIBUIDORA DE ENERGIA S/A,02016440000162,7.0613,0.0957,1004.477948,2033-03-15,2033-05-15,33.009999999999984,5.3002,ok,,,13,5.300197029000275,-5.605448332797042e-05,4.950618971561409,32.163083977891546,5.115597672877392,2.5160281089902092,-2.435609442419928,-4.793791430899308,-9.28921655900633,5.111434391450866,2.5155133407530688,-2.43510563080834,-4.789803551671952,-9.257976263564986,3.10626150606369,6.21252301212738,corrigido IPCA,0.977817978497188,30.755834285099635,5.603037403291622,249.12198601795575,249.12198601795575
2026-10-08,AESLD2,RGE SUL DISTRIBUIDORA DE ENERGIA S/A,RGE SUL DISTRIBUIDORA DE ENERGIA S/A,CPFL,CVM FRE,IPCA_MAIS,S,Quirografária,S,RGE SUL DISTRIBUIDORA DE ENERGIA S/A,02016440000162,7.184,0.1353,986.610476,2036-03-15,2035-05-15,42.640000000000015,6.5376,ok,,,19,6.537596357039154,-5.572321411333261e-05,6.099414424764102,49.298596250468044,6.353801045283558,3.1123041462870926,-2.9890325239240956,-5.8604127132960375,-11.271284024343531,6.345907406016442,3.111330457695136,-2.988083967068966,-5.852921443511762,-11.212856924518842,3.600725275592269,7.201450551184538,corrigido IPCA,0.960424739215236,43.92463137112036,5.662847917565328,265.3941230119692,265.3941230119692
2026-10-08,AESOA1,AES TIETE ENERGIA S/A,AUREN OPERACOES S.A.,Auren,CVM FRE,IPCA_MAIS,S,Quirografária,N,AUREN OPERACOES S.A.,00194724000113,7.3098,0.0843,1077.052814,2038-03-15,2033-05-15,57.85999999999998,5.3677,ok,,,23,5.367675527787398,-0.00045591617642855796,5.002036652558665,38.22859797155247,5.199391893321748,2.5495698502559394,-2.4539776388052603,-4.816774214543196,-9.285312313873263,5.193179642416427,2.5488040737437734,-2.4532325788148923,-4.810893662700903,-9.23950134568628,5.745037495214131,11.490074990428262,corrigido IPCA,0.9638007804384536,57.47377624276982,5.6075615551990365,280.30429395753487,280.30429395753487
2026-10-08,AGEO15,AGEO TERMINAIS E ARMAZENS GERAIS S/A,AGEO TERMINAIS E ARMAZENS GERAIS S/A,Ageo Terminais,inferido,IPCA_MAIS,S,Quirografária,N,AGEO TERMINAIS E ARMAZENS GERAIS S/A,03798096000173,6.8002,0.0891,1133.443088,2037-06-15,2035-05-15,4.260000000000019,6.9346,ok,,,22,6.934612731942843,0.00018360024865349056,6.493070923034642,58.1088367070367,6.793951984458468,3.320444794291011,-3.1751364834340268,-6.212283691969489,-11.899868861417994,6.783615106569826,3.319171507401117,-3.173899415633526,-6.202526739499459,-11.823965111928551,0.5057044415817706,1.0114088831635413,corrigido IPCA,1.0785654784284309,6.567149610568132,5.673352599751413,221.42805668440616,221.42805668440616
2026-10-08,AGIZ11,AGUAS DA IMPERATRIZ S.A.,AGUAS DA IMPERATRIZ S.A.,Isolada (a identificar),,IPCA_MAIS,S,Real,N,AGUAS DA IMPERATRIZ S.A.,39523638000142,7.7313,0.1316,1051.138703,2047-03-15,2037-05-15,95.91000000000003,8.2988,ok,,,41,8.298783088268628,-0.0002037852625891609,7.703223750450081,91.55259132804274,8.184324210526906,3.9689077625809865,-3.7399090207957952,-7.266919775044178,-13.74033505596608,8.160986707090295,3.9660526143850947,-3.7371711360649873,-7.245460793809869,-13.575395674339308,6.757525101827883,13.515050203655766,corrigido IPCA,1.0051066543772664,104.10945571732631,5.688533235149018,335.1431963321386,335.1431963321386
2026-10-08,AHGD13,ATHON GERACAO DISTRIBUIDA S/A,ATHON GERACAO DISTRIBUIDA S/A,Isolada (a identificar),,IPCA_MAIS,S,Quirografária,N,ATHON GERACAO DISTRIBUIDA S/A,30997588000160,7.5944,0.0973,0.991536,2041-09-15,2033-05-15,86.32,5.8706,ok,,,30,5.870654911072863,0.0009353570821349933,5.456282958102711,48.75705236074791,5.709496907766076,2.790246988743772,-2.6683172586335124,-5.221332274879986,-10.005921448009703,5.70006821990645,2.78908779450229,-2.6671951636004207,-5.212497696298971,-9.937424868990464,8.04785209380188,16.09570418760376,corrigido IPCA,0.9902874913019828,87.82271645748483,5.636386751011169,316.1037915544876,316.1037915544876
2026-10-08,ALGAB1,ALGAR TELECOM S/A,ALGAR TELECOM S.A.,Algar Telecom,CVM FRE,IPCA_MAIS,S,Quirografária,N,ALGAR TELECOM S.A.,71208516000174,7.827,0.134,1219.898347,2031-07-15,2030-08-15,107.69999999999999,3.3638,ok,,,10,3.3638421740013174,0.0012537606670269363,3.1196659222655896,13.706677568634463,3.1894723230715627,1.5771241295863048,-1.5428548852560287,-3.0523647231364914,-5.974899656260446,3.1881993101087622,1.5769663080935878,-1.5426996141720015,-3.0511325344224174,-5.9651982931584895,17.367314671195413,34.734629342390825,corrigido IPCA,0.9247822562035197,108.36043948198308,5.4064544687881355,337.10771861122464,337.10771861122464
2026-10-08,ALGAC2,ALGAR TELECOM S/A,ALGAR TELECOM S.A.,Algar Telecom,CVM FRE,IPCA_MAIS,S,Quirografária,N,ALGAR TELECOM S.A.,71208516000174,7.8132,0.1358,1183.826296,2032-01-15,2031-05-15,107.51999999999997,3.7167,ok,,,11,3.7167571438275058,0.0015374882962272682,3.447404532865647,16.516457189719706,3.5316375319168536,1.7445523759471504,-1.7032577179514674,-3.366416693157026,-6.577020816778312,3.529986818814246,1.7443478379199733,-1.703056694945674,-3.364822246917049,-6.5644799219369,15.463826113422638,30.927652226845275,corrigido IPCA,0.947531947312667,106.62012847771872,5.4495275827637135,335.82134198583816,335.82134198583816
2026-10-08,ALGE16,ALIANCA GERACAO DE ENERGIA S.A,ALIANCA GERACAO DE ENERGIA S/A,Isolada (a identificar),,IPCA_MAIS,S,Quirografária,N,ALIANCA GERACAO DE ENERGIA S/A,12009135000105,6.904,0.3591,1030.557165,2037-11-15,2033-05-15,17.279999999999962,5.2228,ok,,,23,5.222789866277383,-0.00019402854058147214,4.885495272653393,37.41218202547587,5.078553735507563,2.490252367169732,-2.3967022682647943,-4.704117393977814,-9.06703993389868,5.072556182780772,2.489512863858541,-2.395982408794852,-4.698434362526013,-9.022746904797268,1.7530577529896039,3.5061155059792077,corrigido IPCA,0.986758565522947,17.129110729838178,5.597646013930402,232.71519564501804,232.71519564501804
2026-10-08,ALGTA4,ALGAR TELECOM S/A,ALGAR TELECOM S.A.,Algar Telecom,CVM FRE,IPCA_MAIS,S,Quirografária,N,ALGAR TELECOM S.A.,71208516000174,7.8888,0.145,1092.422877,2033-11-15,2032-08-15,114.33999999999997,4.5932,ok,,,15,4.593210959445223,0.00023860152448069042,4.257356611108125,25.16521088287166,4.386231745125446,2.160512001600323,-2.0975912921140205,-4.134456653717377,-8.034352311931015,4.383182665522483,2.160134819157652,-2.0972217919504725,-4.131530556693766,-8.011409004558818,13.362405528337902,26.724811056675804,corrigido IPCA,0.9582426525117318,113.77705103275424,5.545491298808591,345.84794050743983,345.84794050743983
2026-10-08,ALIG12,ALIANCA GERACAO DE ENERGIA S.A,ALIANCA GERACAO DE ENERGIA S/A,Isolada (a identificar),,IPCA_MAIS,S,Real,N,ALIANCA GERACAO DE ENERGIA S/A,12009135000105,6.499,0.2582,665.284689,2029-12-15,2028-08-15,-18.56,1.4365,ok,,,7,1.4365047393185677,0.0003299212368668692,1.3488434063404988,3.910987495356905,1.368666294595311,0.679343715331604,-0.6695658226657852,-1.3295496340546054,-2.621530217917567,1.3683983438172833,0.6793104375394455,-0.6695329688010533,-1.3292884688637143,-2.6194670627738597,-0.43360192673578246,-0.8672038534715649,corrigido IPCA,0.9727466924864923,-1.1697221997081924,5.5542241969351425,206.96015527029954,206.96015527029954
2026-10-08,ALIG13,ALIANCA GERACAO DE ENERGIA S.A,ALIANCA GERACAO DE ENERGIA S/A,Isolada (a identificar),,IPCA_MAIS,S,Quirografária,N,ALIANCA GERACAO DE ENERGIA S/A,12009135000105,6.7393,0.3273,853.394513,2035-02-15,2031-05-15,0.12999999999996348,3.933,ok,,,17,3.933021051418576,0.0005352509172726777,3.6846981865335224,21.903781161198403,3.7970187891448903,1.8700751353894152,-1.815308125868409,-3.5778600015180184,-6.952310608185785,3.794217092339515,1.8697288197182593,-1.8149693668152636,-3.5751792807275304,-6.931320749843077,0.18050676187078835,0.3610135237415767,corrigido IPCA,0.9063061144960316,1.3302258762446644,5.475261640741613,212.18193874375382,212.18193874375382
2026-10-08,ALIG15,ALIANCA GERACAO DE ENERGIA S.A,ALIANCA GERACAO DE ENERGIA S/A,Isolada (a identificar),,IPCA_MAIS,S,Quirografária,N,ALIANCA GERACAO DE ENERGIA S/A,12009135000105,6.765,0.2958,1028.493482,2036-04-15,2032-08-15,1.9599999999999618,4.5092,ok,,,20,4.509249457137501,0.001096805142839751,4.223527801374515,28.31670883993569,4.369120312402419,2.1476548150329844,-2.0768512573613895,-4.08576453540197,-7.910576106421741,4.365111345574194,2.1471597867371774,-2.076368014637338,-4.081944257174837,-7.880721425950317,0.32538632958880465,0.6507726591776093,corrigido IPCA,1.001796471379741,2.748556418411055,5.537402759271393,214.93196809226825,214.93196809226825
2026-10-08,ALUP18,ALUPAR INVESTIMENTO S/A,ALUPAR INVESTIMENTO S/A,Alupar,CVM FRE,IPCA_MAIS,S,Quirografária,N,ALUPAR INVESTIMENTO S/A,08364948000138,6.5722,0.1244,1124.433162,2034-10-15,2033-05-15,-15.90000000000007,5.5465,ok,,,17,5.546561223436468,0.0011038210847937084,5.204510391487149,36.75951806241379,5.393497447648676,2.648845622218854,-2.5569319993987816,-5.02566488298295,-9.71255451819566,5.388307981799218,2.648204593321592,-2.5563057981655573,-5.020712801175081,-9.673830421726024,-1.7250807167804503,-3.4501614335609005,corrigido IPCA,1.0270065360972527,-17.956401033275906,5.618781744469881,192.01389329474108,192.01389329474108
2026-10-08,ANET11,AMERICA NET S.A.,VERO S.A.,Vero,CVM FRE,IPCA_MAIS,S,Real,N,VERO S.A.,31748174000160,,,427.947347,2029-03-15,,,,sem taxa indicativa,,,,,,,,,,,,,,,,,,,,,,,,,
2026-10-08,ANET12,AMERICA NET S.A.,VERO S.A.,Vero,CVM FRE,IPCA_MAIS,S,Real,N,VERO S.A.,31748174000160,,,988.639512,2030-11-15,,,,sem taxa indicativa,,,,,,,,,,,,,,,,,,,,,,,,,
2026-10-08,ANHBB6,CONCESSIONÁRIA DO SISTEMA ANHANGUERA-BANDEIRANTES S/A,CONCESSIONARIA DO SISTEMA ANHANGUERA-BANDEIRANTES S/A,Motiva (ex-CCR),CVM FRE,IPCA_MAIS,S,Quirografária,N,CONCESSIONARIA DO SISTEMA ANHANGUERA-BANDEIRANTES S/A,02451848000162,6.9349,0.1406,1073.196876,2037-07-15,2035-05-15,17.72999999999998,6.5495,ok,,,22,6.549522217919016,0.0003392307659468345,6.1247751837043065,51.38836970545106,6.3903746806719175,3.1276901476972263,-2.9991901080767436,-5.876024810458591,-11.28558071442618,6.381717032231562,3.126623053983967,-2.99815212972034,-5.8678333351770515,-11.221782973299593,1.595400821270189,3.190801642540378,corrigido IPCA,1.0232548843653744,19.542942716354247,5.663215290332135,236.6117113017626,236.6117113017626
2026-10-08,APFD19,AUTOPISTA FERNAO DIAS S/A,AUTOPISTA FERNAO DIAS S/A,Motiva (ex-CCR),CVM FRE,IPCA_MAIS,S,Quirografária,N,AUTOPISTA FERNAO DIAS S/A,09326342000170,7.535,0.5222,1058.261679,2031-09-15,2029-05-15,85.42000000000004,2.661,ok,,,10,2.660955480152342,-0.001673049517406483,2.4745017716579176,10.13765921075535,2.5261048233198524,1.2500363782742774,-1.2246904204698983,-2.4246992620862162,-4.753225820766282,2.5251900677116943,1.2499229598424029,-1.2245788118155145,-2.423813475604141,-4.746250359100728,17.103979778265224,34.20795955653045,corrigido IPCA,0.9757598419454242,84.64765652743698,5.333629060279632,307.34699814069296,307.34699814069296
2026-10-08,APPSA2,AUTOPISTA PLANALTO SUL S/A,AUTOPISTA PLANALTO SUL S/A,Arteris,CVM FRE,IPCA_MAIS,S,Quirografária,N,AUTOPISTA PLANALTO SUL S/A,09325109000173,8.8515,0.3404,1069.158537,2031-09-15,2030-08-15,210.14999999999998,3.0724,ok,,,10,3.0723810909494107,-0.0006154488539682954,2.8225436406015634,11.764309546801245,2.882421520677747,1.4261081917507967,-1.3966953515729297,-2.764745348745268,-5.417860513959194,2.8813651883355695,1.4259772072342831,-1.3965664333672803,-2.763722092867557,-5.409801090267101,37.60342683406047,75.20685366812094,corrigido IPCA,0.9466082279220441,212.2746265506071,5.372222897230117,458.6232617832732,458.6232617832732
2026-10-08,APRB18,AUTOPISTA REGIS BITTENCOURT S/A,AUTOPISTA REGIS BITTENCOURT S/A,Arteris,CVM FRE,IPCA_MAIS,S,Quirografária,N,AUTOPISTA REGIS BITTENCOURT S/A,09336431000106,7.6948,0.3203,1307.006016,2031-06-15,2029-05-15,101.40000000000002,2.8671,ok,,,10,2.867165111642678,0.002270993082835373,2.662305990300997,11.174073800310417,2.7191931158079496,1.345246650990184,-1.3173094516993777,-2.6074201255422924,-5.108883135303987,2.7181763593025496,1.3451205874008867,-1.3171854029001107,-2.606435621299445,-5.101130504595786,18.451068152128983,36.902136304257965,corrigido IPCA,0.9297263253526743,98.24477853772989,5.350820598005468,323.9259267152024,323.9259267152024
2026-10-08,ARTR19,ARTERIS S/A,ARTERIS S.A.,Arteris,CVM FRE,IPCA_MAIS,S,Quirografária,N,ARTERIS S.A.,02919555000167,9.8518,0.0846,678.883126,2027-09-15,2027-05-15,439.5300000000001,0.9128,ok,,,2,0.912844769349613,0.004904617617557053,0.83097843581044,1.4518140043005656,0.8383024175484088,0.41731206298818435,-0.41368245628239375,-0.8237831294709785,-1.6334262284608103,0.8382375058319427,0.4173039854105957,-0.41367445039984424,-0.8237193657889372,-1.6329205915348686,226.63844951395947,453.27689902791894,corrigido IPCA,0.9613158977785391,376.6633285432268,6.1814403507798765,653.2664873502339,653.2664873502339
2026-10-08,ARTRA7,ARTERIS S/A,ARTERIS S.A.,Arteris,CVM FRE,IPCA_MAIS,S,Quirografária,N,ARTERIS S.A.,02919555000167,9.6243,0.2144,982.451846,2035-05-15,2033-05-15,289.30999999999995,5.5769,ok,,,18,5.576982889076405,0.0014862930374296335,5.087360091764695,36.38613697066332,5.274515762509435,2.5898080137165547,-2.498827516078894,-4.910411763163925,-9.485944750726938,5.2692907766180115,2.5891627170956766,-2.4981973746690183,-4.905429406911378,-9.446997444116123,28.292883775027775,56.58576755005555,corrigido IPCA,0.9325498296729413,287.87217559602624,5.620580630306149,551.8169622580647,551.8169622580647
2026-10-08,ARTRA8,ARTERIS S/A,ARTERIS S.A.,Arteris,CVM FRE,IPCA_MAIS,S,Quirografária,N,ARTERIS S.A.,02919555000167,9.6072,0.1487,1028.461121,2032-10-15,2031-05-15,286.92,4.3116,ok,,,13,4.31164998632142,0.0011593450556600113,3.933728793657187,21.890270458398884,4.0456574209962515,1.9945339049881383,-1.939802407246627,-3.8266615234700985,-7.4483707416871825,4.043180145949181,1.9942272349015921,-1.9395015587555946,-3.8242774413651928,-7.429652178146395,36.32712430223349,72.65424860446699,corrigido IPCA,0.9860875834418277,285.80210971691923,5.517345063898693,547.7913698652638,547.7913698652638
2026-10-08,ASAB11,ASA BRANCA HOLDING S.A.,ASA BRANCA HOLDING S.A.,Isolada (a identificar),,IPCA_MAIS,N,Quirografária,S,ASA BRANCA HOLDING S.A.,09359927000197,10.2153,0.0866,825.357355,2033-06-15,2030-08-15,346.5299999999999,3.0916,ok,,,14,3.0916159601305506,0.0005162417696499026,2.8050696773774155,13.651015437859424,2.8747853732345563,1.4197794614611459,-1.3856485651450368,-2.738221467847224,-5.348169685052917,2.8733247545667124,1.419598607986032,-1.3854710693913836,-2.7368146001881186,-5.3371190459976425,62.68452522149371,125.36905044298742,corrigido IPCA,0.9082722145758271,351.66892187922366,5.374377258749541,,351.66892187922366
2026-10-08,ASCP13,CONCESS. ROD. A. S. E C. PINTO S/A - ECOPISTAS,CONCESSIONARIA DAS RODOVIAS AYRTON SENNA E CARVALHO PINTO S/A - ECOPISTAS,EcoRodovias,CVM FRE,IPCA_MAIS,S,Quirografária,N,CONCESSIONARIA DAS RODOVIAS AYRTON SENNA E CARVALHO PINTO S/A - ECOPISTAS,10841050000155,7.5821,0.2234,907.325964,2030-03-15,2028-08-15,89.75,2.0036,ok,,,7,2.003595871948677,-0.0002060317090733451,1.8623877689212958,6.044835669516079,1.89305752904958,0.9388052483156661,-0.9236924171086791,-1.832597294997551,-3.607302726432482,1.892611947268876,0.9387499290475431,-0.9236378398737527,-1.8321635905737155,-3.6038788244522704,25.606789201716957,51.213578403433914,corrigido IPCA,1.0043214959962197,95.37954202124715,5.34462287690316,319.09966549625204,319.09966549625204
2026-10-08,ASCP23,CONCESS. ROD. A. S. E C. PINTO S/A - ECOPISTAS,CONCESSIONARIA DAS RODOVIAS AYRTON SENNA E CARVALHO PINTO S/A - ECOPISTAS,EcoRodovias,CVM FRE,IPCA_MAIS,S,Quirografária,N,CONCESSIONARIA DAS RODOVIAS AYRTON SENNA E CARVALHO PINTO S/A - ECOPISTAS,10841050000155,7.9197,0.1445,1182.643903,2035-03-15,2033-05-15,118.84999999999994,5.2006,ok,,,17,5.200658381003258,0.0011225820724222167,4.819007448133434,32.26309319857137,4.984745600903229,2.4503790018001848,-2.3697088205368866,-4.661915377698056,-9.025790514109211,4.980322914126291,2.4498325905649314,-2.3691748575685034,-4.657691982140578,-8.992753032295441,12.16162310738723,24.32324621477446,corrigido IPCA,1.0164942325811757,117.21390467178149,5.596064531228451,350.6466077058142,350.6466077058142
2026-10-08,ASER12,AGUAS DO SERTAO S.A.,AGUAS DO SERTAO S.A.,Isolada (a identificar),,IPCA_MAIS,S,Real,N,AGUAS DO SERTAO S.A.,45456117000112,11.1503,0.3267,,2049-06-15,2035-05-15,439.27,,fluxo divergente da ANBIMA,,,46,7.038389042121976,,6.332316729799178,64.51062283617289,6.669042399998548,3.24853501786877,-3.0871953693442866,-6.022925625704268,-11.476055542001951,6.654869843980042,3.2467966434448057,-3.0855200863543732,-6.009763615618314,-11.374421002874898,35.10756655392645,70.2151331078529,corrigido IPCA,0.8542808470929216,444.6244620639332,5.675552545065932,736.0168191078925,736.0168191078925
2026-10-08,ASSR21,ASSURUA 5 ENERGIA S.A,ASSURUA 4 E 5 HOLDING ENERGIA S.A.,Serena,CVM FRE,IPCA_MAIS,S,Real,N,ASSURUA 4 E 5 HOLDING ENERGIA S.A.,38286323000166,8.379,0.1876,884.791645,2041-06-15,2035-05-15,162.13999999999996,6.3446,ok,,,30,6.3445678809626225,-0.0005062421173489359,5.854056487846005,56.745391092049886,6.149279487551884,2.9993728590032687,-2.8574632272384104,-5.5810864666591575,-10.65654975915946,6.137783443306255,2.997959982788065,-2.8560965050579403,-5.570329532385756,-10.573205153851012,14.266905891393577,28.533811782787154,corrigido IPCA,0.9474712713049596,167.03854599000195,5.656416738449477,409.55507782803716,409.55507782803716
2026-10-08,ATHT11,ATHON GERACAO DISTRIBUIDA III S.A.,ATHON GERACAO DISTRIBUIDA III S.A.,Isolada (a identificar),,IPCA_MAIS,S,Quirografária,N,ATHON GERACAO DISTRIBUIDA III S.A.,52948225000178,7.6043,0.091,0.991001,2041-09-15,2033-05-15,87.31,5.8692,ok,,,30,5.869172926222238,-0.000461285656680621,5.454403705262929,48.72920709792036,5.7074713281813905,2.7892716857517597,-2.667411601999603,-5.219585681128569,-10.002669243974239,5.698049740752531,2.788113361503865,-2.6662903437590644,-5.2107576697733275,-9.934223268567452,8.141409946491244,16.282819892982488,corrigido IPCA,0.9897528022401295,88.81307315641261,5.636313854604458,317.2679851823977,317.2679851823977
2026-10-08,ATII12,ATHON GERACAO DISTRIBUIDA II S.A.,ATHON GERACAO DISTRIBUIDA II S.A.,Isolada (a identificar),,IPCA_MAIS,S,Quirografária,N,ATHON GERACAO DISTRIBUIDA II S.A.,38213667000145,7.6377,0.0746,0.989197,2041-09-15,2033-05-15,90.64999999999995,5.8642,ok,,,30,5.8641761235294405,-0.00040715648442739993,5.448068960530967,48.63538585436561,5.700643561261143,2.785984106338568,-2.6643586879732672,-5.213697923928939,-9.991705738730605,5.691245889802795,2.7848287125834403,-2.6632402479475266,-5.2048920312591385,-9.923430203974622,8.457517993315696,16.91503598663139,corrigido IPCA,0.9879523862557361,92.15428252503078,5.636067572057946,321.19567158956585,321.19567158956585
2026-10-08,AURE12,AUREN ENERGIA S.A.,AUREN ENERGIA S.A.,Auren,CVM FRE,IPCA_MAIS,S,Quirografária,N,AUREN ENERGIA S.A.,28594234000123,7.2336,0.0894,1097.00476,2034-04-15,2033-05-15,50.239999999999974,5.2197,ok,,,16,5.219699425467065,-1.1007010652046436e-05,4.8675969336729015,32.24739938170619,5.033123031202225,2.4746378565228433,-2.3940077233184143,-4.710462775372104,-9.122366183917464,5.028833930581433,2.4741077160635836,-2.393489217609318,-4.706359936764371,-9.090245879711679,4.937470527235317,9.874941054470634,corrigido IPCA,0.9837844084537806,48.0672327969419,5.597426250340765,269.3785548101989,269.3785548101989
2026-10-08,AURP12,AUREN PARTICIPACOES S.A.,AUREN OPERACOES S.A.,Auren,CVM FRE,IPCA_MAIS,S,Quirografária,S,AUREN OPERACOES S.A.,00194724000113,7.2838,0.09,1106.705181,2035-04-15,2033-05-15,55.26,5.6806,ok,,,18,5.680673443639702,0.0012928852533587562,5.294996489348534,38.78993084575447,5.494630086550423,2.6966874771461757,-2.5996958639901258,-5.106462034737447,-9.85650745055262,5.488946143577307,2.6959856582314603,-2.599010831117074,-5.101046835119762,-9.81419436178198,5.054046336806662,10.108092673613324,corrigido IPCA,1.0446255687191341,53.522315220792194,5.626480004720724,276.1931182974246,276.1931182974246
2026-10-08,AURP13,AUREN PARTICIPACOES S.A.,AUREN OPERACOES S.A.,Auren,CVM FRE,IPCA_MAIS,S,Quirografária,S,AUREN OPERACOES S.A.,00194724000113,7.4358,0.0721,1028.306949,2037-07-15,2035-05-15,67.82000000000004,7.0755,ok,,,22,7.075533030116887,0.0004668237847068621,6.585824306345638,59.232341408966484,6.892555779691323,3.368254518723268,-3.2201365644520363,-6.299638318902268,-12.064603426422693,6.881986013390471,3.3669525799340274,-3.218871726411612,-6.289662599300806,-11.987001784511948,5.3293066907903,10.6586133815806,corrigido IPCA,0.9816720543003143,70.1957550803544,5.676289346029351,296.32106173400973,296.32106173400973
2026-10-08,AXIA18,CENTRAIS ELETRICAS BRASILEIRAS S/A ELETROBRAS,AXIA ENERGIA S.A.,Axia (ex-Eletrobras),inferido,IPCA_MAIS,S,Quirografária,S,AXIA ENERGIA S.A.,00001180000126,6.9514,0.1348,1034.017105,2033-02-15,2033-05-15,22.01999999999993,5.2002,ok,,,13,5.200263644584945,0.0012238872532853305,4.862267950288584,31.28022481942743,5.022684793579124,2.4707308170275777,-2.3925197586141644,-4.709714511013918,-9.129077760296745,5.018669074385721,2.470234256168576,-2.3920336941200078,-4.705866826191447,-9.098931404188619,2.040174765584157,4.080349531168314,corrigido IPCA,1.002291699359573,19.839752751374743,5.596036161377915,236.16337867129127,236.16337867129127
2026-10-08,AXIA19,CENTRAIS ELETRICAS BRASILEIRAS S/A ELETROBRAS,AXIA ENERGIA S.A.,Axia (ex-Eletrobras),inferido,IPCA_MAIS,S,Quirografária,N,AXIA ENERGIA S.A.,00001180000126,7.0875,0.0956,1081.628754,2036-06-15,2035-05-15,32.99000000000003,6.3544,ok,,,20,6.354480098085063,0.0012605137395074698,5.9339139470853866,48.44742950662829,6.184042128014489,3.028489377093302,-2.907345214402357,-5.6991581337662245,-10.957201596599486,6.176151094618528,3.027516260425979,-2.906397686659408,-5.691676799552246,-10.898879304038207,2.9162238001928027,5.832447600385605,corrigido IPCA,1.0774353421885712,34.60924216157284,5.656769835138875,254.30046522879508,254.30046522879508
2026-10-08,AXIA28,CENTRAIS ELETRICAS BRASILEIRAS S/A ELETROBRAS,AXIA ENERGIA S.A.,Axia (ex-Eletrobras),inferido,IPCA_MAIS,S,Quirografária,S,AXIA ENERGIA S.A.,00001180000126,6.9696,0.0979,1024.054626,2036-02-15,2035-05-15,21.199999999999974,6.9995,ok,,,19,6.999522311122533,0.0003187530899720304,6.543468715525283,57.21223661844945,6.839389975426546,3.34446482328008,-3.20140082092758,-6.266732661101337,-12.015303414126288,6.82952989861753,3.3432496535357035,-3.2002190619895794,-6.257407532433036,-11.942692698681578,1.765851811566646,3.531703623133292,corrigido IPCA,0.9926348925117641,23.10959217047999,5.674753295096635,240.98617791529006,240.98617791529006
2026-10-08,AXIA38,CENTRAIS ELETRICAS BRASILEIRAS S/A ELETROBRAS,AXIA ENERGIA S.A.,Axia (ex-Eletrobras),inferido,IPCA_MAIS,S,Quirografária,S,AXIA ENERGIA S.A.,00001180000126,6.9646,0.1236,1016.590527,2041-02-15,2040-08-15,29.800000000000004,8.9008,ok,,,29,8.9008537860882,0.0006042837520241945,8.321307971130823,96.33802345742504,8.825181292105677,4.283798127570804,-4.042855320331262,-7.86023556206289,-14.875095909877489,8.802998088417949,4.281076514887193,-4.04023145624363,-7.839617853843698,-14.715855473113146,1.5839245151264545,3.167849030252909,corrigido IPCA,0.9853998273646827,26.360647386782578,5.688374335343638,244.21225638440313,244.21225638440313
2026-10-08,AXIAA1,CENTRAIS ELETRICAS BRASILEIRAS S/A ELETROBRAS,AXIA ENERGIA S.A.,Axia (ex-Eletrobras),inferido,IPCA_MAIS,S,Quirografária,N,AXIA ENERGIA S.A.,00001180000126,7.0245,0.1184,1076.687167,2036-07-15,2035-05-15,26.68999999999997,6.4437,ok,,,20,6.443661613166538,-0.000595726577310148,6.020735077637866,49.59123736797443,6.2768359428850395,3.0733608787268496,-2.9493561815466585,-5.780497623548464,-11.109807052506982,6.268691264477738,3.072356585528901,-2.948378492108965,-5.772778890797994,-11.049645407916243,2.3548815981747566,4.709763196349513,corrigido IPCA,1.0734304592191013,28.356236483629353,5.659834039673184,246.9812011166416,246.9812011166416
2026-10-08,BARU11,BARUERI ENERGIA RENOVAVEL S.A.,BARUERI ENERGIA RENOVAVEL S.A.,Isolada (a identificar),,IPCA_MAIS,S,Real,N,BARUERI ENERGIA RENOVAVEL S.A.,14641895000158,7.593,0.0379,1316.393848,2043-03-15,2037-05-15,82.08000000000001,7.3356,ok,,,32,7.335606919840111,9.433229879897146e-05,6.817922095154992,69.10920401122814,7.17837590997481,3.497177314861677,-3.324340061160358,-6.486254962581084,-12.360944586825962,7.163468115211133,3.495347552591531,-3.322574542563461,-6.472376075098851,-12.253660110085422,6.430505805499542,12.861011610999084,corrigido IPCA,0.9458963015671626,87.68537522867555,5.68074655019184,316.3264134359484,316.3264134359484
2026-10-08,BCPSA5,CLARO S/A,CLARO S/A,Claro,inferido,IPCA_MAIS,S,Quirografária,N,CLARO S/A,40432544000147,6.5174,0.1349,1105.162206,2029-03-15,2029-05-15,-16.339999999999932,2.2719,ok,,,5,2.271928079882335,0.0012359647138908405,2.132917326072862,6.711533741086057,2.1669398048605126,1.0749058126747313,-1.0581262544044012,-2.099812879520957,-4.135185023981935,2.166474994778292,1.0748480802127884,-1.0580692458600736,-2.099359657367432,-4.131603977324002,-4.371021157884649,-8.742042315769298,corrigido IPCA,0.9878281243063975,-18.64605352056646,5.322928976689978,185.61214749916033,185.61214749916033
2026-10-08,BCPSA7,CLARO S/A,CLARO S/A,Claro,inferido,IPCA_MAIS,S,Quirografária,N,CLARO S/A,40432544000147,6.9392,0.0758,1058.026132,2036-01-15,2035-05-15,18.159999999999954,6.2957,ok,,,19,6.295683233669235,-0.00026631400423526044,5.88716133435563,46.78148350849805,6.1284644404450805,3.002969902129826,-2.8859928632557152,-5.6602760777463175,-10.893474267308957,6.121068751898121,3.002057521563438,-2.8851038127921926,-5.65325391681314,-10.8386929985413,1.6541352710369974,3.308270542073995,corrigido IPCA,1.0212823712054164,19.476322418885765,5.654637987062094,236.51070711057437,236.51070711057437
2026-10-08,BHSA11,BARREIRAS HOLDING S.A.,BARREIRAS HOLDING S.A.,Barreiras Holding,inferido,IPCA_MAIS,S,Quirografária,N,BARREIRAS HOLDING S.A.,50258089000169,7.7253,0.1219,1016.146123,2044-03-15,2037-05-15,95.31,7.5096,ok,,,35,7.509668994419957,0.0009187495999358217,6.971128411264537,78.4602678025021,7.382270744044761,3.585947731901107,-3.389708018955939,-6.596241793052505,-12.507220324673007,7.363429750277048,3.5836395403853962,-3.3874888708791415,-6.578827072252028,-12.373051466479033,7.400878588108531,14.801757176217063,corrigido IPCA,0.9433276418361407,103.18494998776552,5.683094054968008,334.2435512121532,334.2435512121532
2026-10-08,BION17,BIOENERGETICA VALE DO PARACATU S/A.,BIOENERGETICA VALE DO PARACATU S/A.,Bioenergetica Vale,inferido,IPCA_MAIS,S,Real,N,BIOENERGETICA VALE DO PARACATU S/A.,08793343000162,9.4405,0.2562,1118.209055,2032-10-15,2030-08-15,269.05,3.3721,ok,,,13,3.372178878922506,0.00233916320707237,3.081289722655238,14.51975151895863,3.1553464779288998,1.558975187872469,-1.5226726633161491,-3.010098606622269,-5.883253580069003,3.153888480250031,1.5587945507263172,-1.5224951719289206,-3.0086909650604445,-5.872184414931303,43.87120520614468,87.74241041228936,corrigido IPCA,1.0692397922457033,270.35978744438506,5.40746714031668,527.6895792359038,527.6895792359038
2026-10-08,BLMN12,BELO MONTE TRANSMISSORA DE ENERGIA SPE S.A.,BELO MONTE TRANSMISSORA DE ENERGIA SPE S.A.,Belo Monte (State Grid + Eletrobras),escritura,IPCA_MAIS,S,Real,S,BELO MONTE TRANSMISSORA DE ENERGIA SPE S.A.,20223016000170,6.6794,0.1101,1030.51944,2031-12-15,2029-05-15,-0.13999999999994017,2.1377,fluxo divergente da ANBIMA,,,11,2.225306100745791,4.098147576638017,2.0859754561291037,8.552291992396402,2.1295296208102332,1.05377635073296,-1.0323939992840647,-2.0439807447448444,-4.006939916734442,2.1287369160910856,1.0536780930550473,-1.0322973630740564,-2.043213996167122,-4.00090507241028,0.8677713417407416,1.735542683481483,corrigido IPCA,1.0324198815903811,3.620299440806815,5.324525159583193,211.29770463844974,211.29770463844974
2026-10-08,BRKP28,BRK AMBIENTAL PARTICIPACOES S/A,BRK AMBIENTAL PARTICIPACOES S/A,BRK,CVM FRE,IPCA_MAIS,S,Quirografária,N,BRK AMBIENTAL PARTICIPACOES S/A,24396489000120,8.8713,0.2345,1218.982326,2034-09-15,2032-08-15,212.58999999999997,5.1375,ok,,,16,5.137508292736306,0.00016141579183743878,4.718882104591665,29.572314502682865,4.870485396880975,2.396869150134795,-2.3229286327880128,-4.574606468747966,-8.874416646440553,4.866743677105079,2.3964064454241862,-2.3224756591674787,-4.571020532078251,-8.846317919129673,22.442887462737612,44.885774925475225,corrigido IPCA,0.853967146076053,211.81068004655432,5.591453095224597,461.93977372552735,461.93977372552735
2026-10-08,BRST11,BRISANET SERVICOS DE TELECOMUNICACOES S.A.,BRISANET SERVICOS DE TELECOMUNICACOES S.A.,Brisanet Servicos,inferido,IPCA_MAIS,S,Real,N,BRISANET SERVICOS DE TELECOMUNICACOES S.A.,04601397000128,6.7851,0.311,576.312809,2028-03-15,2027-05-15,132.85999999999999,0.901,ok,,,3,0.9010355910027529,0.003950166787220309,0.8437840026396499,1.649173896213483,0.8521118320600651,0.4239636631805155,-0.4198406289439349,-0.8356185007635797,-1.65522128137785,0.8520298721207175,0.4239534686900919,-0.4198305339495581,-0.8355381331585825,-1.6545845273550304,39.28681025008514,78.57362050017028,corrigido IPCA,0.9951766004578428,66.29916400752253,6.204036715160011,289.50172974700087,289.50172974700087
2026-10-08,BRST15,BRISANET SERVICOS DE TELECOMUNICACOES S.A.,BRISANET SERVICOS DE TELECOMUNICACOES S.A.,Brisanet Servicos,inferido,IPCA_MAIS,S,Quirografária,N,BRISANET SERVICOS DE TELECOMUNICACOES S.A.,04601397000128,7.6014,0.1529,1084.214011,2032-12-15,2031-05-15,86.33999999999995,4.2177,ok,,,13,4.217680482577129,-0.00046275038221691583,3.919726400006997,21.4767997309783,4.029528637554902,1.9870085531576764,-1.9333108560121604,-3.8146694283801352,-7.428186600151454,4.027110398661889,1.9867091996672217,-1.9330172003397756,-3.8123424013521063,-7.409916805394428,10.890595510689506,21.781191021379012,corrigido IPCA,1.0430070109765732,85.37630947009468,5.507323185203283,311.79255697705014,311.79255697705014
2026-10-08,BTCL12,BRAZIL TOWER CESSAO DE INFRA-ESTRUTURAS S.A.,BRAZIL TOWER CESSAO DE INFRA-ESTRUTURAS S.A.,Brazil Tower,CVM FRE,IPCA_MAIS,S,Real,N,BRAZIL TOWER CESSAO DE INFRA-ESTRUTURAS S.A.,14292540000109,9.2205,0.109,1173.313439,2039-02-15,2033-05-15,248.92999999999992,5.522,ok,,,25,5.521991364572886,-0.00015638223675884405,5.055819525247445,39.731281889794786,5.261116580304259,2.5783921324128434,-2.4790411953512947,-4.863439774608258,-9.365875782959588,5.254475934696419,2.577573864985966,-2.478245660261479,-4.857163115798471,-9.317013412698994,24.629658592162063,49.259317184324125,corrigido IPCA,1.095521906948251,249.0462176208629,5.617306012393408,505.7838341397887,505.7838341397887
2026-10-08,BTEL23,V.TAL - REDE NEUTRA DE TELECOMUNICACOES S.A.,V.TAL - REDE NEUTRA DE TELECOMUNICACOES S.A.,V Tal,CVM FRE,IPCA_MAIS,S,Quirografária,N,V.TAL - REDE NEUTRA DE TELECOMUNICACOES S.A.,02041460000193,9.5463,0.1094,1046.404073,2032-04-15,2031-05-15,280.83,3.9945,ok,,,12,3.9945460723685198,0.0011533951313013862,3.6464454503424757,18.879212226304414,3.7428436314597358,1.8470697230849709,-1.799867242002906,-3.5539802654153796,-6.930482279837646,3.7408415114739983,1.8468217404541183,-1.7996237098883576,-3.552049389210954,-6.915306656158863,38.3734430614041,76.7468861228082,corrigido IPCA,0.9915067940994677,279.85333373046603,5.4823890268278275,540.2051636690642,540.2051636690642
2026-10-08,BTEL33,V.TAL - REDE NEUTRA DE TELECOMUNICACOES S.A.,V.TAL - REDE NEUTRA DE TELECOMUNICACOES S.A.,V Tal,CVM FRE,IPCA_MAIS,S,Quirografária,N,V.TAL - REDE NEUTRA DE TELECOMUNICACOES S.A.,02041460000193,9.625,0.0861,1035.094241,2035-04-15,2033-05-15,289.38,5.4058,ok,,,18,5.405815336769983,0.0002837095338874484,4.931188448592915,34.79115985322268,5.110086801860669,2.509693654463385,-2.422701540584926,-4.761947639426434,-9.203418274841034,5.105144247859029,2.509083174112986,-2.4221052744799296,-4.757232649326802,-9.166553700121378,29.190548088844494,58.38109617768899,corrigido IPCA,0.9807903180330888,287.88818708761187,5.610047207265123,551.6717516793651,551.6717516793651
2026-10-08,CAEC12,COMPANHIA DE AGUA E ESGOTO DO CEARA - CAGECE,COMPANHIA DE AGUA E ESGOTO DO CEARA - CAGECE,Isolada (a identificar),,IPCA_MAIS,S,Quirografária,N,COMPANHIA DE AGUA E ESGOTO DO CEARA - CAGECE,07040108000157,7.3692,0.0629,1190.627041,2036-06-15,2035-05-15,61.16000000000001,6.2841,ok,,,20,6.284119409760443,0.00030887096709704165,5.85281385142149,47.48333966786394,6.0979148752249746,2.9867088128470165,-2.867975706560888,-5.622685099937408,-10.81278507098361,6.090230549760809,2.985761100295575,-2.867052751125915,-5.615397153082171,-10.755960909485701,5.366613641974304,10.733227283948608,corrigido IPCA,1.0758986041220981,62.81958131794947,5.654208046525522,287.4570162515077,287.4570162515077
2026-10-08,CAJS11,CONCESSIONARIA AGUAS DE JUTURNAIBA S/A,CONCESSIONARIA AGUAS DE JUTURNAIBA S/A,Isolada (a identificar),,IPCA_MAIS,S,Quirografária,N,CONCESSIONARIA AGUAS DE JUTURNAIBA S/A,02013199000118,7.2875,0.3613,1120.035679,2040-11-15,2033-05-15,55.62999999999994,5.928,ok,,,29,5.92803639256362,0.0006139096427197083,5.525374710533492,50.06817987553276,5.7853634360438555,2.8264589752518665,-2.7012510300370884,-5.284081195527756,-10.119558212090462,5.775715609911155,2.8252725801111622,-2.70010213042233,-5.275033811155828,-10.049385823556328,5.152836917105177,10.305673834210355,corrigido IPCA,0.9170799481729426,56.942709578552616,5.639157656586002,279.85957662045,279.85957662045
2026-10-08,CAJS12,CONCESSIONARIA AGUAS DE JUTURNAIBA S/A,CONCESSIONARIA AGUAS DE JUTURNAIBA S/A,Isolada (a identificar),,IPCA_MAIS,S,Quirografária,N,CONCESSIONARIA AGUAS DE JUTURNAIBA S/A,02013199000118,7.6176,0.0726,953.698983,2037-09-15,2031-05-15,87.96,4.4695,ok,,,22,4.469532157054778,0.0007194776771026648,4.153160967216123,28.910279499858074,4.302088581654817,2.1132582039610215,-2.0409686964611096,-4.012764697713667,-7.760532376181817,4.297712364715413,2.112718332982884,-2.0404426342332393,-4.008609569716834,-7.728116344435085,10.784961476307211,21.569922952614423,corrigido IPCA,0.9726251496639111,89.58336207265737,5.533485160641649,316.884246316195,316.884246316195
2026-10-08,CART13,CONCESSIONÁRIA AUTO RAPOSO TAVARES S/A,CONCESSIONARIA AUTO RAPOSO TAVARES S/A,Isolada (a identificar),,IPCA_MAIS,S,Real,N,CONCESSIONARIA AUTO RAPOSO TAVARES S/A,10531501000158,8.147,0.1147,11533.395199,2035-12-15,2031-05-15,140.89999999999998,3.8483,ok,,,19,3.8483286040651246,0.0007432909368943307,3.558423815792509,21.103321599150757,3.666658733851924,1.805927021351561,-1.7531612980890676,-3.4555067409631657,-6.7151302514077305,3.663940423788263,1.8055910598951932,-1.7528327558973162,-3.4529072077967555,-6.694781199602004,19.988198010664583,39.976396021329165,corrigido IPCA,0.973603077283694,142.2529596718506,5.4652980634713355,377.8262177199615,377.8262177199615
2026-10-08,CASN23,COMPANHIA CATARINENSE DE AGUAS E SANEAMENTO - CASAN,COMPANHIA CATARINENSE DE AGUAS E SANEAMENTO - CASAN,Casan,CVM FRE,IPCA_MAIS,S,Real,N,COMPANHIA CATARINENSE DE AGUAS E SANEAMENTO - CASAN,82508433000117,7.4676,0.1042,1199.225039,2033-11-16,2029-05-15,78.68000000000004,2.9233,ok,,,15,2.923359176853619,0.002024316820686004,2.7202237482307403,13.668343775969507,2.790080238776249,1.3773847913854942,-1.3432103150255004,-2.6533389012030506,-5.178516008388656,2.7885654671105877,1.377197303835332,-1.3430264443954083,-2.651882029350893,-5.16708062094209,14.167868729088577,28.335737458177153,corrigido IPCA,1.1215893645246802,77.07954595736484,5.356345105677196,299.0739749319055,299.0739749319055
2026-10-08,CASN24,COMPANHIA CATARINENSE DE AGUAS E SANEAMENTO - CASAN,COMPANHIA CATARINENSE DE AGUAS E SANEAMENTO - CASAN,Casan,CVM FRE,IPCA_MAIS,S,Real,N,COMPANHIA CATARINENSE DE AGUAS E SANEAMENTO - CASAN,82508433000117,7.8397,0.3767,1173.435433,2032-04-15,2029-05-15,115.89,2.8902,ok,,,12,2.8902526413830514,0.001821375096923303,2.6801378725859317,11.596344579505367,2.73921706673097,1.3547003896831056,-1.325707261118536,-2.623217329129235,-5.136699702581371,2.7381195954834587,1.3545643670173475,-1.3255735055685842,-2.6221561496884047,-5.128348853581756,20.91913049770988,41.83826099541976,corrigido IPCA,1.108113102575344,112.13230781695928,5.353054514078548,340.37791523936323,340.37791523936323
2026-10-08,CASN34,COMPANHIA CATARINENSE DE AGUAS E SANEAMENTO - CASAN,COMPANHIA CATARINENSE DE AGUAS E SANEAMENTO - CASAN,Casan,CVM FRE,IPCA_MAIS,S,Real,N,COMPANHIA CATARINENSE DE AGUAS E SANEAMENTO - CASAN,82508433000117,7.8704,0.4344,1240.287559,2037-04-15,2031-05-15,113.23999999999997,4.3763,ok,,,22,4.376371103827567,0.0016247475622590485,4.057063943238893,27.13572329909202,4.196680395515129,2.062937657238595,-1.9950863751813097,-3.925131453435249,-7.600665370873072,4.192742559734353,2.0624516257433116,-1.9946123174955814,-3.9213853267434327,-7.571413420495945,14.01163369060475,28.0232673812095,corrigido IPCA,1.1712437406333676,113.69218766404767,5.524069534706011,345.179990742234,345.179990742234
2026-10-08,CBAN12,CONCESSIONÁRIA ROTA DAS BANDEIRAS S/A,CONCESSIONARIA ROTA DAS BANDEIRAS S/A,Isolada (a identificar),,IPCA_MAIS,S,Real,N,CONCESSIONARIA ROTA DAS BANDEIRAS S/A,10647979000148,7.0677,0.1571,1489.743491,2034-07-15,2031-05-15,32.969999999999985,4.0154,ok,,,16,4.015429977421898,0.0007465612865115802,3.750365401911032,21.590106219896366,3.8609802964967077,1.9024998009544047,-1.848517589115506,-3.64496802986084,-7.088934038453809,3.8583159330105143,1.9021703337303866,-1.8481950681806456,-3.64241487081155,-7.068928679424137,4.412556310900172,8.825112621800344,corrigido IPCA,0.9346654712848124,33.09739704476837,5.484785342256382,249.7931924793733,249.7931924793733
2026-10-08,CBAN32,CONCESSIONÁRIA ROTA DAS BANDEIRAS S/A,CONCESSIONARIA ROTA DAS BANDEIRAS S/A,Isolada (a identificar),,IPCA_MAIS,S,Real,N,CONCESSIONARIA ROTA DAS BANDEIRAS S/A,10647979000148,7.0961,0.2296,1506.78952,2034-07-15,2031-05-15,35.809999999999945,4.0027,ok,,,16,4.002663157175111,-0.0009204493189270812,3.737449969863619,21.48402306838188,3.847518692462226,1.8959075353417898,-1.8421905774408942,-3.6325679961362822,-7.065107475421206,3.844870085205528,1.8955800137672867,-1.841869956096332,-3.6300298545217093,-7.0452194783596,4.812978169046068,9.625956338092136,corrigido IPCA,0.9416054912744996,35.976530225710974,5.483321844572631,253.15386122811626,253.15386122811626
2026-10-08,CBAN52,CONCESSIONÁRIA ROTA DAS BANDEIRAS S/A,CONCESSIONARIA ROTA DAS BANDEIRAS S/A,Isolada (a identificar),,IPCA_MAIS,S,Real,N,CONCESSIONARIA ROTA DAS BANDEIRAS S/A,10647979000148,7.0335,0.2297,1510.321222,2034-07-15,2031-05-15,29.549999999999965,4.0054,ok,,,16,4.005363115227145,-0.0009208761385800157,3.742158403889572,21.531184128935983,3.852470917447892,1.8983216885559928,-1.8444868022145733,-3.637048198002668,-7.073640167008688,3.849814324534252,1.897993182105956,-1.8441652217836162,-3.634502483244892,-7.053693125200425,3.9696861241738826,7.939372248347765,corrigido IPCA,0.9438124823307148,29.710388580762235,5.483631724275861,245.78653703088128,245.78653703088128
2026-10-08,CBAN72,CONCESSIONÁRIA ROTA DAS BANDEIRAS S/A,CONCESSIONARIA ROTA DAS BANDEIRAS S/A,Isolada (a identificar),,IPCA_MAIS,S,Real,N,CONCESSIONARIA ROTA DAS BANDEIRAS S/A,10647979000148,7.0063,0.1764,1511.859733,2034-07-15,2031-05-15,26.83,4.0065,ok,,,16,4.006536917355928,0.0009214365637791695,3.7442065722821254,21.55171266352057,3.8546252068427433,1.8993718624292777,-1.8454856434040767,-3.638997021852719,-7.077351647782038,3.851965135599729,1.8990429269704636,-1.8451636453116622,-3.6364480089645226,-7.05737889129384,3.6039307543358623,7.207861508671725,corrigido IPCA,0.9447739102150228,26.987722432868026,5.4837663813223525,242.58540282286182,242.58540282286182
2026-10-08,CCLS11,CICLUS AMBIENTAL DO BRASIL S.A.,REGENERA RIO S.A,Aegea,CVM FRE,IPCA_MAIS,S,Quirografária,N,REGENERA RIO S.A,10319900000150,13.1777,0.9184,1049.321795,2031-01-15,2030-08-15,642.77,3.6278,ok,,,9,3.6277829201147442,-0.00047080559170570427,3.2053866796327757,14.200082541415588,3.277683406759224,1.6206041967343543,-1.5851014757899295,-3.135642331050459,-6.136665981121059,3.2763870923398533,1.6204434429931573,-1.5849432366396181,-3.1343862669256977,-6.126771708437239,100.36475699457614,200.72951398915228,corrigido IPCA,0.8173629263064093,643.4157103499896,5.4387144773085705,967.1856721416244,967.1856721416244
2026-10-08,CCPV11,CONCESSIONARIA DE RODOVIAS PRVIAS S.A.,CONCESSIONARIA DE RODOVIAS PRVIAS S.A.,Motiva (ex-CCR),CVM FRE,IPCA_MAIS,S,Quirografária,N,CONCESSIONARIA DE RODOVIAS PRVIAS S.A.,59196897000113,6.9486,0.1587,1229.153295,2030-02-15,2030-08-15,19.85999999999999,3.152,ok,,,5,3.152025113657917,0.0007967531064973874,2.9472336371471126,11.63952467943925,3.0063982855338844,1.4882862115592532,-1.4591856550370985,-2.889975109511267,-5.669082260518355,3.005431260544309,1.4881662244228555,-1.459067412724257,-2.8890360137499167,-5.66167678070544,3.3712431618166554,6.742486323633311,corrigido IPCA,0.9584024144652387,19.871682491016465,5.381265618276387,232.63329011236866,232.63329011236866
2026-10-08,CCROA5,MOTIVA INFRAESTRUTURA DE MOBILIDADE S.A.,MOTIVA INFRAESTRUTURA DE MOBILIDADE S.A.,Motiva (ex-CCR),CVM FRE,IPCA_MAIS,S,Quirografária,S,MOTIVA INFRAESTRUTURA DE MOBILIDADE S.A.,02846056000197,6.8819,0.2227,981.971873,2033-11-15,2032-08-15,13.649999999999984,4.8847,ok,,,15,4.884682869351146,-0.0003507001218749409,4.5701684469972434,30.325177421867487,4.725877662189659,2.3234953267910363,-2.2476711649473846,-4.4224462912422435,-8.56438638585878,4.721794334106582,2.322990695275956,-2.2471777517212876,-4.418542559887905,-8.533833345557138,1.4852921027204182,2.9705842054408365,corrigido IPCA,0.9285213541674653,13.576070204854087,5.571500762084769,228.33650849549934,228.33650849549934
2026-10-08,CCROB4,MOTIVA INFRAESTRUTURA DE MOBILIDADE S.A.,MOTIVA INFRAESTRUTURA DE MOBILIDADE S.A.,Motiva (ex-CCR),CVM FRE,IPCA_MAIS,S,Quirografária,N,MOTIVA INFRAESTRUTURA DE MOBILIDADE S.A.,02846056000197,6.519,0.2204,829.709267,2028-12-15,2027-05-15,106.25,1.1144,ok,,,5,1.1144043986594068,0.0003947110020380894,1.0462024602741358,2.647866127716055,1.0596023365851526,0.5264310149433626,-0.5198111214958612,-1.033120023866041,-2.0406886227947174,1.059441790912716,0.5264110627967129,-0.5197913974774228,-1.0329631296355553,-2.0394475979939504,4.815960073946603,9.631920147893206,corrigido IPCA,0.9894544355694597,10.07693855588989,5.863352539763489,223.45759943530615,223.45759943530615
2026-10-08,CCROB6,MOTIVA INFRAESTRUTURA DE MOBILIDADE S.A.,MOTIVA INFRAESTRUTURA DE MOBILIDADE S.A.,Motiva (ex-CCR),CVM FRE,IPCA_MAIS,S,Quirografária,N,MOTIVA INFRAESTRUTURA DE MOBILIDADE S.A.,02846056000197,6.8969,0.1043,1237.827557,2036-01-15,2033-05-15,16.56999999999993,5.3444,ok,,,19,5.3444469903901135,0.0008792453804588731,4.999627669642537,36.54570722038942,5.187857934179263,2.5461749667668343,-2.454793850375925,-4.822131114166128,-9.309187488345462,5.182356205744484,2.5454959688467556,-2.4541317007957817,-4.81689913354059,-9.268341194877285,1.5633464935822314,3.126692987164463,corrigido IPCA,0.9917713446444345,15.632300773104728,5.606022495861862,231.19797089922116,231.19797089922116
2026-10-08,CDES11,VPORTS AUTORIDADE PORTUARIA S/A,VPORTS AUTORIDADE PORTUARIA S/A,Isolada (a identificar),,IPCA_MAIS,S,Quirografária,N,VPORTS AUTORIDADE PORTUARIA S/A,27316538000166,7.2275,0.1811,1168.410205,2038-12-15,2035-05-15,46.989999999999995,6.3592,ok,,,25,6.359221036868417,0.0003308099826555979,5.930587803379186,51.873463830265955,6.199270488981479,3.0312827526333352,-2.9015656570843373,-5.680000464111368,-10.891964585212977,6.189955122530516,3.0301357314774258,-2.900452071901761,-5.671220484227857,-10.823706330153055,4.192516668525453,8.385033337050906,corrigido IPCA,1.0752611895272077,49.72817643964199,5.65693782308605,271.86624283607676,271.86624283607676
2026-10-08,CEAD11,CEA II CENTRAIS EOLICAS ASSURUA II SPE S/A,ASSURUA 2 ENERGIA S.A.,Isolada (a identificar),,IPCA_MAIS,S,Real,N,ASSURUA 2 ENERGIA S.A.,24274124000123,7.7077,0.1129,722.10486,2030-06-15,2028-08-15,102.31000000000003,1.7546,ok,,,8,1.754588223809044,-0.0006711610028460405,1.6290276589408592,5.382655685045576,1.656348296496346,0.8212927138933068,-0.807835378963706,-1.6025106023805469,-3.1535291326595605,1.655940937366087,0.8212421490767365,-0.8077855098641226,-1.602114380515631,-3.150402204180806,34.358621713338806,68.71724342667761,corrigido IPCA,1.0037788882524707,111.94229018822978,5.400840737493273,339.00608756016817,339.00608756016817
2026-10-08,CEAL12,EQUATORIAL ALAGOAS DISTRIBUIDORA DE ENERGIA S.A.,EQUATORIAL ALAGOAS DISTRIBUIDORA DE ENERGIA S.A.,Equatorial,inferido,IPCA_MAIS,S,Quirografária,N,EQUATORIAL ALAGOAS DISTRIBUIDORA DE ENERGIA S.A.,12272084000100,7.6345,0.2366,1038.338016,2037-08-15,2035-05-15,87.69,6.8093,ok,,,22,6.809286441252376,-0.00019912102013730322,6.326304708297411,54.82246157008342,6.609907976107587,3.2328498908692493,-3.0957611763203996,-6.061162018825394,-11.625980058348063,6.600417016147829,3.2316804311113096,-3.0946242771861017,-6.0521924004469945,-11.556160185193155,7.098544105762733,14.197088211525466,corrigido IPCA,0.990700314235208,89.81510599668722,5.670406524002503,319.35401678163834,319.35401678163834
2026-10-08,CEAL21,EQUATORIAL ALAGOAS DISTRIBUIDORA DE ENERGIA S.A.,EQUATORIAL ALAGOAS DISTRIBUIDORA DE ENERGIA S.A.,Equatorial,inferido,IPCA_MAIS,S,Quirografária,N,EQUATORIAL ALAGOAS DISTRIBUIDORA DE ENERGIA S.A.,12272084000100,7.2946,0.0659,1186.948049,2034-10-15,2032-08-15,54.91999999999999,4.8459,ok,,,17,4.845880989186717,-0.00039230717273557253,4.516425793270786,28.68796985836387,4.663611599810502,2.2945358823164064,-2.22280582995098,-4.376569764120209,-8.487151526414127,4.659865642562606,2.294072858958348,-2.222352934312438,-4.372985943978967,-8.459092189374296,6.016171488791513,12.032342977583026,corrigido IPCA,0.9874466588159507,54.3431841774366,5.568224813379952,276.2673569565181,276.2673569565181
2026-10-08,CEAM11,AMBIENTAL CEARA 2 SPE S.A.,AMBIENTAL CEARA 2 SPE S.A.,Isolada (a identificar),,IPCA_MAIS,S,Real,N,AMBIENTAL CEARA 2 SPE S.A.,48569926000129,11.5192,0.1728,80.00898,2045-12-15,2037-05-15,474.7,7.3177,ok,,,39,7.3176601617522845,-0.0005444094143761916,6.561793988615669,70.9500332749956,6.932937250823201,3.3715941236572844,-3.194143904812252,-6.222233460883386,-11.821748374930829,6.916544154990648,3.3695845359015792,-3.19220945271409,-6.207043822240691,-11.704587311731427,36.76875199808555,73.5375039961711,corrigido IPCA,0.7694403219458581,482.53795165987617,5.680476680590818,780.4951247679173,780.4951247679173
2026-10-08,CEAP12,COMPANHIA DE ELETRICIDADE DO AMAPA - CEA,COMPANHIA DE ELETRICIDADE DO AMAPA - CEA,Isolada (a identificar),,IPCA_MAIS,S,Quirografária,N,COMPANHIA DE ELETRICIDADE DO AMAPA - CEA,05965546000109,7.1941,0.1104,1147.275612,2030-07-15,2030-08-15,44.40999999999997,2.9152,ok,,,8,2.9152170800107635,0.0005858949905153625,2.7195685956696902,10.602468843992876,2.77346353695489,1.3731468884063514,-1.3466391107370357,-2.667413147637132,-5.233844302365808,2.772580939889655,1.3730373838898362,-1.346531211779854,-2.666556251449726,-5.227087814459523,8.485817113370194,16.971634226740388,corrigido IPCA,0.9960477360952411,46.155523460236004,5.35552668292496,262.9238172754537,262.9238172754537
2026-10-08,CEAP14,COMPANHIA DE ELETRICIDADE DO AMAPA - CEA,COMPANHIA DE ELETRICIDADE DO AMAPA - CEA,Isolada (a identificar),,IPCA_MAIS,S,Quirografária,N,COMPANHIA DE ELETRICIDADE DO AMAPA - CEA,05965546000109,7.3621,0.0875,1128.815282,2033-12-15,2032-08-15,61.66999999999998,5.0002,ok,,,15,5.000226752249016,0.0005350235793600376,4.657348125874043,29.473283163308988,4.80847956621,2.3659812127226454,-2.292288135711107,-4.513588742610097,-8.753489964699368,4.804714541690588,2.3655156668911577,-2.291832458982885,-4.509981710057497,-8.725230588481905,6.556919695071657,13.113839390143314,corrigido IPCA,0.9926282014556382,61.075715306697155,5.580917535043617,284.4171912580588,284.4171912580588
2026-10-08,CEAP17,COMPANHIA DE ELETRICIDADE DO AMAPA - CEA,COMPANHIA DE ELETRICIDADE DO AMAPA - CEA,Isolada (a identificar),,IPCA_MAIS,S,Quirografária,N,COMPANHIA DE ELETRICIDADE DO AMAPA - CEA,05965546000109,7.613,0.1144,1132.385966,2036-12-15,2035-05-15,85.54000000000003,6.2927,ok,,,21,6.292659124225038,-0.0006495745063668343,5.847489731003724,47.64939994979009,6.093525329124794,2.984267007439212,-2.8651180808881738,-5.616624225048195,-10.79952568820981,6.085736730752674,2.9833066154390995,-2.8641831155646242,-5.609242731254773,-10.741991463011646,7.4648201254912605,14.929640250982521,corrigido IPCA,1.0429199226137047,87.30091805520014,5.6545258924292074,316.2361216782035,316.2361216782035
2026-10-08,CEAP19,COMPANHIA DE ELETRICIDADE DO AMAPA - CEA,COMPANHIA DE ELETRICIDADE DO AMAPA - CEA,Isolada (a identificar),,IPCA_MAIS,S,Quirografária,N,COMPANHIA DE ELETRICIDADE DO AMAPA - CEA,05965546000109,7.7407,0.1297,1030.085466,2037-06-15,2035-05-15,98.31000000000003,6.6674,ok,,,22,6.6674029096564755,4.364004673122997e-05,6.188379052351132,52.91336867740802,6.461978990791395,3.161444490809595,-3.0291304724554546,-5.932355409838486,-11.38501444226183,6.452945895738171,3.1603312370223255,-3.0280478153288057,-5.923812208964092,-11.318490731154103,8.107258313395644,16.214516626791287,corrigido IPCA,0.9799771347252387,100.34157503723434,5.666667237613354,331.7055392691302,331.7055392691302
2026-10-08,CEEBB6,CIA DE ELETRICIDADE DO ESTADO DA BAHIA - COELBA,CIA. DE ELETRIC. DO EST. DA BAHIA-COELBA,Neoenergia,CVM FRE,IPCA_MAIS,S,Quirografária,N,CIA. DE ELETRIC. DO EST. DA BAHIA-COELBA,15139629000194,7.1999,0.0543,1130.591419,2030-08-15,2030-08-15,44.99000000000004,3.0138,ok,,,8,3.0138445862449097,0.0014794029102755087,2.811424811259068,11.185440779506958,2.8682984811763124,1.4198116234286795,-1.3918462767301687,-2.7564161443814683,-5.40638191769337,2.867352015156603,1.4196942066039178,-1.3917306046551503,-2.7554976073615336,-5.3991408069279965,8.248994105006217,16.497988210012434,corrigido IPCA,0.9822068043762289,46.38285338948854,5.365800950845734,263.4095514111156,263.4095514111156
2026-10-08,CEEBB7,CIA DE ELETRICIDADE DO ESTADO DA BAHIA - COELBA,CIA. DE ELETRIC. DO EST. DA BAHIA-COELBA,Neoenergia,CVM FRE,IPCA_MAIS,S,Quirografária,S,CIA. DE ELETRIC. DO EST. DA BAHIA-COELBA,15139629000194,7.4134,0.1219,1096.419532,2033-11-15,2032-08-15,66.80000000000001,4.9885,ok,,,15,4.988493612922489,-0.00012803603310268172,4.64420045629548,29.21145097417363,4.793961735017471,2.359072581125754,-2.286034313066121,-4.501692889347031,-8.731986091396271,4.7902577111663485,2.358614541865457,-2.285585914430023,-4.498143201424612,-8.704171893107487,7.112486999723517,14.224973999447034,corrigido IPCA,0.9630080028432249,66.06363073902325,5.579984317297537,290.2819989561589,290.2819989561589
2026-10-08,CEEBC3,CIA DE ELETRICIDADE DO ESTADO DA BAHIA - COELBA,CIA. DE ELETRIC. DO EST. DA BAHIA-COELBA,Neoenergia,CVM FRE,IPCA_MAIS,S,Quirografária,N,CIA. DE ELETRIC. DO EST. DA BAHIA-COELBA,15139629000194,7.2372,0.0719,1259.459233,2031-10-15,2030-08-15,48.71999999999996,3.4832,ok,,,11,3.483215581951804,0.0004473458832095693,3.2481411133000524,15.011948034533859,3.324657298713496,1.6430159965720392,-1.6054830987262458,-3.174489350050602,-6.207121976614882,3.3232008534727213,1.6428354916931935,-1.6053056216068586,-3.173081373127383,-6.196043265909427,7.5526153910903115,15.105230782180623,corrigido IPCA,0.9811721161296042,49.06392112948639,5.421024104334249,267.6274913288327,267.6274913288327
2026-10-08,CEEBC4,CIA DE ELETRICIDADE DO ESTADO DA BAHIA - COELBA,CIA. DE ELETRIC. DO EST. DA BAHIA-COELBA,Neoenergia,CVM FRE,IPCA_MAIS,S,Quirografária,N,CIA. DE ELETRIC. DO EST. DA BAHIA-COELBA,15139629000194,7.2817,0.0246,1206.353492,2032-04-15,2031-05-15,54.36999999999994,3.8262,ok,,,12,3.826187151007491,-0.0003358160187414319,3.566486316871835,17.872251335318637,3.6577049504710635,1.8058135480543802,-1.7611288310279138,-3.4789169856785374,-6.7896136562914045,3.6558475735484284,1.8055834726050657,-1.7609028442667694,-3.4771250601952417,-6.775527607037297,7.458243325498692,14.916486650997385,corrigido IPCA,0.9934898802275887,53.19944553658355,5.46266691721089,273.21690835289286,273.21690835289286
2026-10-08,CEEBD2,CIA DE ELETRICIDADE DO ESTADO DA BAHIA - COELBA,CIA. DE ELETRIC. DO EST. DA BAHIA-COELBA,Neoenergia,CVM FRE,IPCA_MAIS,S,Quirografária,S,CIA. DE ELETRIC. DO EST. DA BAHIA-COELBA,15139629000194,7.5109,0.1364,988.159148,2035-11-15,2035-05-15,75.33000000000003,6.7775,ok,,,19,6.7774804633251255,-0.0002882578365814794,6.303993793489893,53.8182037153064,6.582133561470971,3.220385201601772,-3.0858097184544464,-6.043471614056061,-11.598385827144176,6.573084812066425,3.2192696513890793,-3.0847241421008134,-6.034902774913361,-11.531623512673656,6.112470288535509,12.224940577071019,corrigido IPCA,0.9487200479995026,77.06594952363845,5.6696064709970795,304.4242286336018,304.4242286336018
2026-10-08,CEEBE3,CIA DE ELETRICIDADE DO ESTADO DA BAHIA - COELBA,CIA. DE ELETRIC. DO EST. DA BAHIA-COELBA,Neoenergia,CVM FRE,IPCA_MAIS,S,Quirografária,N,CIA. DE ELETRIC. DO EST. DA BAHIA-COELBA,15139629000194,7.2886,0.1712,1052.617081,2031-03-15,2031-05-15,55.05999999999993,3.7892,ok,,,5,3.7892537565903646,0.0014186791503335773,3.531832605319078,17.04183336956962,3.618729170276591,1.7874277124531934,-1.74481960114502,-3.448254364047154,-6.735660245720821,3.6170417721669263,1.787218594371501,-1.7446140109475772,-3.44662343847123,-6.722828543246765,7.686292657705323,15.372585315410646,corrigido IPCA,1.027615270195354,54.29339804501658,5.458256122059724,274.3907600098338,274.3907600098338
2026-10-08,CEED12,COMPANHIA ESTADUAL DE DISTRIBUICAO DE ENERGIA ELETRICA - CEEE D,COMPANHIA ESTADUAL DE DISTRIBUICAO DE ENERGIA ELETRICA - CEEE D,Equatorial,CVM FRE,IPCA_MAIS,S,Quirografária,N,COMPANHIA ESTADUAL DE DISTRIBUICAO DE ENERGIA ELETRICA - CEEE D,08467115000100,7.2376,0.1265,1215.512388,2029-12-15,2029-05-15,55.67999999999999,2.821,ok,,,7,2.8210692566934807,0.0024550405345823566,2.630671757567757,9.912539716225211,2.6810289562488876,1.3278251552867104,-1.3030424135411112,-2.5818812707742334,-5.069184710732899,2.680234456148883,1.3277265534291598,-1.302945204138597,-2.581109058986631,-5.063092720811009,9.62736596233604,19.25473192467208,corrigido IPCA,1.0203648533683622,50.652879473773105,5.346523374901158,268.04289304067123,268.04289304067123
2026-10-08,CEED13,COMPANHIA ESTADUAL DE DISTRIBUICAO DE ENERGIA ELETRICA - CEEE D,COMPANHIA ESTADUAL DE DISTRIBUICAO DE ENERGIA ELETRICA - CEEE D,Equatorial,CVM FRE,IPCA_MAIS,S,Quirografária,N,COMPANHIA ESTADUAL DE DISTRIBUICAO DE ENERGIA ELETRICA - CEEE D,08467115000100,7.3923,0.1367,1140.985102,2030-07-15,2030-08-15,64.22999999999996,2.9138,ok,,,8,2.91379478309092,-0.00017904142632595247,2.713225047876729,10.55634411795927,2.7668837798977552,1.3699167671702872,-1.343524314496991,-2.6612948489596056,-5.222037508386379,2.7660067684665255,1.3698079540858137,-1.3434170937909153,-2.6604433272869326,-5.215323213394273,12.15994783705642,24.31989567411284,corrigido IPCA,0.990699529992561,65.98535010475186,5.355384317024137,286.25101289241746,286.25101289241746
2026-10-08,CEED15,COMPANHIA ESTADUAL DE DISTRIBUICAO DE ENERGIA ELETRICA - CEEE D,COMPANHIA ESTADUAL DE DISTRIBUICAO DE ENERGIA ELETRICA - CEEE D,Equatorial,CVM FRE,IPCA_MAIS,S,Quirografária,N,COMPANHIA ESTADUAL DE DISTRIBUICAO DE ENERGIA ELETRICA - CEEE D,08467115000100,7.6548,0.163,1067.468178,2036-05-15,2035-05-15,89.71999999999997,6.1326,ok,,,20,6.1325972376927975,-4.5043003009012136e-05,5.696538600873159,44.49672696107091,5.925972815212455,2.904747761269455,-2.793484175235328,-5.480657019970526,-10.55465615152471,5.919022235678513,2.903890209137918,-2.7926483917352405,-5.474054966067804,-10.5031426625249,7.987364542669618,15.974729085339236,corrigido IPCA,0.9632925706673174,91.00066087312612,5.648241283170363,320.55894227013727,320.55894227013727
2026-10-08,CEED17,COMPANHIA ESTADUAL DE DISTRIBUICAO DE ENERGIA ELETRICA - CEEE D,COMPANHIA ESTADUAL DE DISTRIBUICAO DE ENERGIA ELETRICA - CEEE D,Equatorial,CVM FRE,IPCA_MAIS,S,Quirografária,N,COMPANHIA ESTADUAL DE DISTRIBUICAO DE ENERGIA ELETRICA - CEEE D,08467115000100,7.6049,0.1197,1041.497769,2036-09-15,2035-05-15,84.72999999999998,6.4629,ok,,,20,6.462917087622732,0.00026439559225568694,6.006155005601726,48.44452763059701,6.256180793158506,3.0645955474697173,-2.943459124550174,-5.771333585751237,-11.101129216846983,6.2483776437547105,3.063633162339109,-2.942521843262617,-5.763932367448741,-11.043419458591512,7.172666911133949,14.345333822267898,corrigido IPCA,0.9477929543107186,86.16029854364209,5.660469445043903,315.0182948407228,315.0182948407228
2026-10-08,CEED19,COMPANHIA ESTADUAL DE DISTRIBUICAO DE ENERGIA ELETRICA - CEEE D,COMPANHIA ESTADUAL DE DISTRIBUICAO DE ENERGIA ELETRICA - CEEE D,Equatorial,CVM FRE,IPCA_MAIS,S,Quirografária,N,COMPANHIA ESTADUAL DE DISTRIBUICAO DE ENERGIA ELETRICA - CEEE D,08467115000100,7.6256,0.124,1037.458828,2037-06-15,2035-05-15,86.80000000000004,6.6784,ok,,,22,6.678400824909019,1.2351895952842684e-05,6.205215882567919,53.143373530642165,6.480017912188618,3.170156808297575,-3.037267563318591,-5.948090848192111,-11.414464455288197,6.47093275022113,3.1690371581972623,-3.036178724370657,-5.939499014914708,-11.347564294522995,7.157353553426265,14.31470710685253,corrigido IPCA,0.9869918193588948,88.82584789374918,5.666973011159149,318.16121477279194,318.16121477279194
2026-10-08,CEED21,COMPANHIA ESTADUAL DE DISTRIBUICAO DE ENERGIA ELETRICA - CEEE D,COMPANHIA ESTADUAL DE DISTRIBUICAO DE ENERGIA ELETRICA - CEEE D,Equatorial,CVM FRE,IPCA_MAIS,S,Quirografária,N,COMPANHIA ESTADUAL DE DISTRIBUICAO DE ENERGIA ELETRICA - CEEE D,08467115000100,7.1902,0.1567,1277.408609,2029-08-15,2029-05-15,50.940000000000026,2.194,ok,,,6,2.1940408595133234,0.0018623296865744536,2.046867026568962,6.438872955860485,2.079513378148845,1.0315382375429838,-1.0154403383323851,-2.0151131746781847,-3.968436439340095,2.0790613913482647,1.0314821044793068,-1.0153849220896554,-2.0146726617896595,-3.9649565940207148,12.316749953257238,24.633499906514476,corrigido IPCA,0.9720237228926614,50.421498707634086,5.3260500978500325,266.6524349929002,266.6524349929002
2026-10-08,CEPEA7,COMPANHIA ENERGÉTICA DE PERNAMBUCO - CELPE,COMPANHIA ENERGETICA DE PERNAMBUCO-CELPE,Neoenergia,CVM FRE,IPCA_MAIS,S,Quirografária,N,COMPANHIA ENERGETICA DE PERNAMBUCO-CELPE,10835932000108,7.5616,0.1285,1058.124837,2035-08-15,2040-08-15,89.50000000000004,8.7937,ok,,,1,8.793650793650794,-0.0005595636558561482,8.175455547008221,74.43879980050595,8.560448779083307,4.182354063651927,-3.996214417907784,-7.815377974974691,-14.956521779508613,8.547649546010751,4.180776273254743,-3.9946792737534786,-7.803261548005692,-14.862135098006323,4.973341249992206,9.946682499984412,corrigido IPCA,1.010002953819844,81.31866061882715,5.68861147891937,309.74265178680565,309.74265178680565
2026-10-08,CEPEA8,COMPANHIA ENERGÉTICA DE PERNAMBUCO - CELPE,COMPANHIA ENERGETICA DE PERNAMBUCO-CELPE,Neoenergia,CVM FRE,IPCA_MAIS,S,Quirografária,N,COMPANHIA ENERGETICA DE PERNAMBUCO-CELPE,10835932000108,7.3117,0.1342,1051.758778,2031-03-15,2031-05-15,57.36999999999996,3.7889,ok,,,5,3.788937452766417,0.0009884865374406775,3.5307775878738448,17.03275000023437,3.6176274530852037,1.7868886909370163,-1.744303291466176,-3.447243535564737,-6.733722263820663,3.615941337875017,1.7866797314372154,-1.7440978564366296,-3.445613837872673,-6.720900175743003,8.015913713537946,16.031827427075893,corrigido IPCA,1.0267773538841611,56.60481697218077,5.458218234944612,277.1095532595324,277.1095532595324
2026-10-08,CEPEB3,COMPANHIA ENERGÉTICA DE PERNAMBUCO - CELPE,COMPANHIA ENERGETICA DE PERNAMBUCO-CELPE,Neoenergia,CVM FRE,IPCA_MAIS,S,Quirografária,N,COMPANHIA ENERGETICA DE PERNAMBUCO-CELPE,10835932000108,7.4048,0.1338,1096.857562,2033-11-15,2032-08-15,65.93999999999997,4.9888,ok,,,15,4.9888002107445715,4.224353975454289e-06,4.64485778172351,29.218491577791283,4.794655503734102,2.3594101976303072,-2.2863543235840167,-4.502316185362565,-8.733169079588965,4.790950239612466,2.358952005333994,-2.285905776389516,-4.4987653238345535,-8.705345731891194,7.0188542322844185,14.037708464568837,corrigido IPCA,0.9633927334830892,65.20315939921855,5.580008769174261,289.2700239165428,289.2700239165428
2026-10-08,CEPEB7,COMPANHIA ENERGÉTICA DE PERNAMBUCO - CELPE,COMPANHIA ENERGETICA DE PERNAMBUCO-CELPE,Neoenergia,CVM FRE,IPCA_MAIS,S,Quirografária,N,COMPANHIA ENERGETICA DE PERNAMBUCO-CELPE,10835932000108,7.6111,0.119,985.995279,2040-08-15,2040-08-15,94.45000000000006,8.5488,ok,,,28,8.548813237765444,0.00015484939925859437,7.944174195566669,88.26104929497205,8.405007454919321,4.0848108910001235,-3.8640751883422086,-7.52106646344769,-14.263846693661142,8.385479442041529,4.08241340940205,-3.86176078616462,-7.502868949091809,-14.123127405233898,5.696641005236999,11.393282010473998,corrigido IPCA,0.9411537580936724,90.51021695042148,5.6888318878581146,319.80973926115377,319.80973926115377
2026-10-08,CEPEC1,COMPANHIA ENERGÉTICA DE PERNAMBUCO - CELPE,COMPANHIA ENERGETICA DE PERNAMBUCO-CELPE,Neoenergia,CVM FRE,IPCA_MAIS,S,Quirografária,N,COMPANHIA ENERGETICA DE PERNAMBUCO-CELPE,10835932000108,7.2306,0.0822,1262.278274,2031-10-15,2030-08-15,48.05999999999999,3.4802,ok,,,11,3.4801939571852913,-0.00017363412184983,3.2455231596067646,14.997426836121408,3.321965251165171,1.6416886838733769,-1.6041920920332742,-3.1719425640480803,-6.202165178849228,3.320510293787372,1.6415083633485341,-1.6040147962582307,-3.170536025426158,-6.191097782491101,7.458815104214276,14.917630208428552,corrigido IPCA,0.9833682692298773,48.41551432790435,5.4206541121945895,266.8573506745609,266.8573506745609
2026-10-08,CEPEC2,COMPANHIA ENERGÉTICA DE PERNAMBUCO - CELPE,COMPANHIA ENERGETICA DE PERNAMBUCO-CELPE,Neoenergia,CVM FRE,IPCA_MAIS,S,Quirografária,N,COMPANHIA ENERGETICA DE PERNAMBUCO-CELPE,10835932000108,7.2857,0.0873,1206.181411,2032-04-15,2031-05-15,54.76999999999998,3.8261,ok,,,12,3.8261087054919005,0.000227529126282235,3.5662802269938125,17.870423202331143,3.6574894505377653,1.8057081846749146,-1.761028038700807,-3.47871977904588,-6.78923602582151,3.6556323430054687,1.8054781424998203,-1.7608020844939927,-3.476928110982157,-6.775151989941003,7.5147826820281844,15.029565364056369,corrigido IPCA,0.9933481637085977,53.59964177814529,5.462657577262187,273.6875887768891,273.6875887768891
2026-10-08,CEROA4,CENTRAIS ELETRICAS DE RONDONIA S/A CERON,ENERGISA RONDONIA - DISTRIBUIDORA DE ENERGIA S/A,Energisa,inferido,IPCA_MAIS,S,Quirografária,N,ENERGISA RONDONIA - DISTRIBUIDORA DE ENERGIA S/A,05914650000166,7.6195,0.1404,1057.115409,2035-10-15,2035-05-15,86.19000000000003,6.5056,ok,,,19,6.505626679651101,0.0004101028514020817,6.045025928991587,50.63100836478478,6.3065718100767665,3.086836332493137,-2.960231327278362,-5.799821679859862,-11.139397036199995,6.29818097081551,3.0858017249517746,-2.9592242040398125,-5.791870887167663,-11.077431690687478,7.266514519358067,14.533029038716133,corrigido IPCA,1.013878327984977,87.85253736582669,5.661846277004479,317.00638493012286,317.00638493012286
2026-10-08,CEROB4,CENTRAIS ELETRICAS DE RONDONIA S/A CERON,ENERGISA RONDONIA - DISTRIBUIDORA DE ENERGIA S/A,Energisa,inferido,IPCA_MAIS,S,Quirografária,N,ENERGISA RONDONIA - DISTRIBUIDORA DE ENERGIA S/A,05914650000166,7.7121,0.1523,1033.611406,2040-10-15,2037-05-15,93.99000000000007,8.2845,ok,,,29,8.284514489668735,0.00017490094436552493,7.691349894458223,85.65595951291704,8.138685992551299,3.9550841928465585,-3.740862726305638,-7.280820095688789,-13.806811014425646,8.119629692022807,3.9527448966202576,-3.738604997837965,-7.263070096893638,-13.669580598658104,6.544993752919647,13.089987505839295,corrigido IPCA,0.9913356782253322,100.67967402149651,5.688498505147721,331.7380110491733,331.7380110491733
2026-10-08,CERR18,CERRADINHO BIOENERGIA S/A,CERRADINHO BIOENERGIA S.A.,Isolada (a identificar),,IPCA_MAIS,S,Quirografária,S,CERRADINHO BIOENERGIA S.A.,08322396000103,9.0294,0.2172,1074.452679,2034-12-15,2033-05-15,229.82000000000005,5.3565,ok,,,17,5.356485444074566,-0.00027174321728494087,4.912881703535528,33.777674383316516,5.0864501673709706,2.499241160833199,-2.4147838051567616,-4.74846258339332,-9.185170463892678,5.081770075452111,2.4986629447469095,-2.414218758788618,-4.743993331618945,-9.150209919404725,23.23610625022888,46.47221250045776,corrigido IPCA,0.9903338691624515,228.31248251631402,5.60682252171798,481.5445502554075,481.5445502554075
2026-10-08,CERT11,CONCESSIONARIA ECOVIAS RAPOSO-CASTELO S.A,CONCESSIONARIA ECOVIAS RAPOSO-CASTELO S.A,EcoRodovias,inferido,IPCA_MAIS,S,Quirografária,N,CONCESSIONARIA ECOVIAS RAPOSO-CASTELO S.A,58607200000197,7.6687,0.1186,1227.536873,2029-03-15,2029-05-15,98.79000000000006,2.4048,ok,,,1,2.4047619047619047,-0.001584133320657454,2.233482808617458,7.062848652223912,2.269284739865096,1.1256305414872436,-1.1079726647300725,-2.1986441660366896,-4.329466779456759,2.268797051878577,1.125569965124009,-1.107912843493449,-2.1981685653563385,-4.3257086441904375,21.139972698951606,42.27994539790321,corrigido IPCA,1.1461502575360856,94.43153119550165,5.322299740442804,318.938217260573,318.938217260573
2026-10-08,CESE32,CELSE - CENTRAIS ELETRICAS DE SERGIPE S.A.,ENEVA S.A.,Eneva,inferido,IPCA_MAIS,S,Quirografária,N,ENEVA S.A.,04423567000121,7.2984,0.1013,1159.491348,2030-09-15,2030-08-15,54.84,3.0549,ok,,,8,3.054902660374451,8.708548400791853e-05,2.847109239629343,11.476537847132139,2.9054746000523934,1.4380221909729318,-1.409329016571348,-2.790679931342366,-5.472202402279624,2.904491928865004,1.4379002921235866,-1.4092089475057565,-2.7897265503936826,-5.464687722316044,9.885486414069929,19.770972828139858,corrigido IPCA,1.0104951098041102,56.29011941545768,5.370283386993258,275.1367851351052,275.1367851351052
2026-10-08,CESPA2,CESP-COMPANHIA ENERGETICA DE SAO PAULO,CESP - COMPANHIA ENERGETICA DE SAO PAULO,Auren,CVM FRE,IPCA_MAIS,S,Quirografária,S,CESP - COMPANHIA ENERGETICA DE SAO PAULO,60933603000178,7.0861,0.0981,1347.147048,2030-08-15,2029-05-15,40.530000000000044,2.6421,ok,,,8,2.642092492065428,-0.0002841654203955419,2.467259982449102,9.117098324912329,2.513583793845764,1.2451179775287313,-1.222323906937406,-2.42239160476998,-4.757833466132033,2.512845474073664,1.2450263641306916,-1.2222336183184106,-2.4216744908245404,-4.752177998399958,7.501669516464544,15.003339032929087,corrigido IPCA,0.9382324548279117,37.01713799906255,5.3323559729727465,251.52731465731154,251.52731465731154
2026-10-08,CESPA3,CESP-COMPANHIA ENERGETICA DE SAO PAULO,CESP - COMPANHIA ENERGETICA DE SAO PAULO,Auren,CVM FRE,IPCA_MAIS,S,Quirografária,N,CESP - COMPANHIA ENERGETICA DE SAO PAULO,60933603000178,7.2743,0.0804,1088.832668,2034-04-15,2033-05-15,54.30999999999999,5.2342,ok,,,16,5.234263844563415,0.0012197578123626029,4.879326963273976,32.341993182285314,5.045339008243865,2.4806227183014062,-2.3997560663358897,-4.721732266725354,-9.14403174177889,5.041036929185403,2.480090973114845,-2.3992359901591316,-4.7176169973625495,-9.111814062902246,5.341003433736937,10.682006867473874,corrigido IPCA,0.9746939568557575,52.12100413034305,5.598458891540736,274.16562973661263,274.16562973661263
2026-10-08,CGASA1,COMPANHIA DE GAS DE SÃO PAULO - COMGAS,COMPANHIA DE GAS DE SAO PAULO - COMGAS,Compass,CVM FRE,IPCA_MAIS,S,Quirografária,S,COMPANHIA DE GAS DE SAO PAULO - COMGAS,61856571000117,7.0969,0.1047,1075.024859,2034-07-15,2035-05-15,33.92999999999997,6.1058,ok,,,16,6.105827307131309,0.0004472326527080998,5.70121759558989,43.09989335799287,5.923154172703127,2.905278380224363,-2.797509445918922,-5.491847834255514,-10.5883216912259,5.916717062379854,2.904483664492436,-2.796733931097454,-5.485718128799926,-10.540437324019923,3.0539687549029084,6.107937509805817,corrigido IPCA,0.9737103232330087,34.82268080366842,5.647121199055549,254.5265623590793,254.5265623590793
2026-10-08,CGASA2,COMPANHIA DE GAS DE SÃO PAULO - COMGAS,COMPANHIA DE GAS DE SAO PAULO - COMGAS,Compass,CVM FRE,IPCA_MAIS,S,Quirografária,N,COMPANHIA DE GAS DE SAO PAULO - COMGAS,61856571000117,7.2525,0.1664,1104.295517,2036-12-15,2037-05-15,48.03000000000006,7.228,ok,,,21,7.227980174952994,-0.00027428122586907857,6.73921836316449,62.47793630977727,7.063057311566068,3.449116426448029,-3.2928805636489034,-6.437621105223923,-12.312783406581351,7.051608044713376,3.4477066019694664,-3.2915117611950233,-6.4268286816156035,-12.228878000133433,3.869067778462807,7.738135556925614,corrigido IPCA,1.0173125641720504,52.14898524188917,5.679046471655935,275.08634725262044,275.08634725262044
2026-10-08,CGASA4,COMPANHIA DE GAS DE SÃO PAULO - COMGAS,COMPANHIA DE GAS DE SAO PAULO - COMGAS,Compass,CVM FRE,IPCA_MAIS,S,Quirografária,S,COMPANHIA DE GAS DE SAO PAULO - COMGAS,61856571000117,7.1983,0.0938,1018.708952,2037-09-15,2037-05-15,42.60999999999999,7.8038,ok,,,22,7.803861434436448,0.000787237454166403,7.279836932522669,71.70224848496414,7.652290380615567,3.7312616173020174,-3.551953348629977,-6.934424868270583,-13.227310823639272,7.63834817494749,3.7295462768675405,-3.5502906556551292,-6.921325690097849,-13.125628895346056,3.2501212304549485,6.500242460909897,corrigido IPCA,0.975582145939949,47.32070513728391,5.686036733845534,269.37220591935767,269.37220591935767
2026-10-08,CGASB1,COMPANHIA DE GAS DE SÃO PAULO - COMGAS,COMPANHIA DE GAS DE SAO PAULO - COMGAS,Compass,CVM FRE,IPCA_MAIS,S,Quirografária,S,COMPANHIA DE GAS DE SAO PAULO - COMGAS,61856571000117,7.2027,0.1044,1057.505921,2039-07-15,2037-05-15,43.05000000000003,8.1702,ok,,,26,8.170229264494235,0.00035818577557346544,7.621290568702313,79.94536538846218,8.037627376195267,3.91261838274255,-3.7126882587357968,-7.237105438362357,-13.764084902279205,8.021017395644623,3.9105769910867347,-3.7107135776155786,-7.2215637417600025,-13.643673829635382,3.1927596264538294,6.385519252907659,corrigido IPCA,0.957842449658803,48.66589765845218,5.688146103375269,270.7962794369525,270.7962794369525
2026-10-08,CGASB4,COMPANHIA DE GAS DE SÃO PAULO - COMGAS,COMPANHIA DE GAS DE SAO PAULO - COMGAS,Compass,CVM FRE,IPCA_MAIS,S,Quirografária,S,COMPANHIA DE GAS DE SAO PAULO - COMGAS,61856571000117,7.1681,0.106,999.456193,2040-09-15,2040-08-15,50.150000000000006,8.7552,ok,,,28,8.755255402805549,0.0006327988572346719,8.169646940466006,92.12269311871293,8.650900715094023,4.202510369011292,-3.9721148970406794,-7.728252633328325,-14.645406046448816,8.630260406059572,4.199976836631395,-3.969670103834612,-7.709033474872442,-14.496840018557755,2.8325635869723254,5.665127173944651,corrigido IPCA,0.9571444530832653,46.282088883967745,5.688676504366552,267.74472252455166,267.74472252455166
2026-10-08,CGEE13,COMPANHIA ESTADUAL DE GERACAO DE ENERGIA ELETRICA - CEEE-G,COMPANHIA ESTADUAL DE GERACAO DE ENERGIA ELETRICA - CEEE-G,Isolada (a identificar),,IPCA_MAIS,S,Real,N,COMPANHIA ESTADUAL DE GERACAO DE ENERGIA ELETRICA - CEEE-G,39881421000104,13.5729,0.1192,850.203792,2041-12-14,2033-05-15,684.1700000000001,5.3776,ok,,,31,5.377602144256319,3.9873853004496663e-05,4.734934253027192,38.0454045336881,4.931868565626774,2.4158495356794596,-2.3207115451975735,-4.551022537713612,-8.758036222023058,4.925161275695633,2.415023882180706,-2.3199103708464857,-4.5447072303587515,-8.708960415380622,72.38796064117915,144.7759212823583,corrigido IPCA,0.8008419539285924,685.5044686934067,5.608213433622566,1018.9346935345783,1018.9346935345783
2026-10-08,CGEE23,COMPANHIA ESTADUAL DE GERACAO DE ENERGIA ELETRICA - CEEE-G,COMPANHIA ESTADUAL DE GERACAO DE ENERGIA ELETRICA - CEEE-G,Isolada (a identificar),,IPCA_MAIS,S,Real,N,COMPANHIA ESTADUAL DE GERACAO DE ENERGIA ELETRICA - CEEE-G,39881421000104,13.8892,0.2528,837.630707,2041-12-15,2033-05-15,715.8000000000001,5.3366,ok,,,31,5.336643170711266,0.0008089553510896336,4.685820227652197,37.38677045614336,4.879307229153107,2.390450316017878,-2.2969595844296253,-4.505058330529199,-8.671873368816307,4.872754079932914,2.389643576896278,-2.2961766507559194,-4.49888637537148,-8.623905046181529,76.52335420032767,153.04670840065535,corrigido IPCA,0.7889988448676903,717.1493619993782,5.605501131812929,1056.1306421199,1056.1306421199
2026-10-08,CGMG18,COMPANHIA DE GÁS DE MINAS GERAIS - GASMIG,COMPANHIA DE GAS DE MINAS GERAIS GASMIG,Cemig,CVM FRE,IPCA_MAIS,S,Quirografária,N,COMPANHIA DE GAS DE MINAS GERAIS GASMIG,22261473000185,6.8109,0.2303,924.10777,2031-08-15,2029-05-15,13.010000000000055,2.6256,ok,,,10,2.6256113929831586,0.00043391922450733357,2.4581867515236353,10.093197992692023,2.5095722658041497,1.241823871682346,-1.216589036192639,-2.4086108232229897,-4.721517379034246,2.5086527414870954,1.2417098732526828,-1.2164768782709527,-2.4077207615601752,-4.71450954319343,2.6143015604366875,5.228603120873375,corrigido IPCA,0.9696459667488286,12.852882920706064,5.33129237659975,222.73548371692326,222.73548371692326
2026-10-08,CGOS13,EQUATORIAL GOIAS DISTRIBUIDORA DE ENERGIA S.A.,EQUATORIAL GOIAS DISTRIBUIDORA DE ENERGIA S.A.,Equatorial,CVM FRE,IPCA_MAIS,S,Quirografária,N,EQUATORIAL GOIAS DISTRIBUIDORA DE ENERGIA S.A.,01543032000104,7.3072,0.149,1188.56996,2031-04-15,2030-08-15,55.71999999999999,3.025,ok,,,10,3.0250321943046155,0.0010642745327451373,2.8190393508586706,11.79222270128019,2.879055950641196,1.4243908385385806,-1.3949082268507107,-2.7611008299506135,-5.4102890390115626,2.878000464365072,1.4242599538059357,-1.3947793970527351,-2.76007823735227,-5.402234247691738,10.144016743266176,20.288033486532353,corrigido IPCA,1.0277359813587021,57.19276475007314,5.367011603389105,276.15304301464573,276.15304301464573
2026-10-08,CGOS16,EQUATORIAL GOIAS DISTRIBUIDORA DE ENERGIA S.A.,EQUATORIAL GOIAS DISTRIBUIDORA DE ENERGIA S.A.,Equatorial,CVM FRE,IPCA_MAIS,S,Quirografária,N,EQUATORIAL GOIAS DISTRIBUIDORA DE ENERGIA S.A.,01543032000104,7.585,0.1763,1067.615979,2036-05-15,2035-05-15,82.74,6.1487,ok,,,20,6.148716098290876,0.00026181617051316473,5.715216896677861,44.71280162857781,5.945773513100794,2.9143621767874883,-2.8025582514776493,-5.498294528332992,-10.587998884222593,5.938780904820749,2.9134994503746525,-2.801717446303208,-5.491652888534972,-10.536177760784165,7.349702543805523,14.699405087611046,corrigido IPCA,0.9628220002473813,84.01028832782715,5.648906005752274,312.3450379828013,312.3450379828013
2026-10-08,CGOS24,EQUATORIAL GOIAS DISTRIBUIDORA DE ENERGIA S.A.,EQUATORIAL GOIAS DISTRIBUIDORA DE ENERGIA S.A.,Equatorial,CVM FRE,IPCA_MAIS,S,Quirografária,N,EQUATORIAL GOIAS DISTRIBUIDORA DE ENERGIA S.A.,01543032000104,7.1929,0.1318,1151.401901,2031-10-15,2030-08-15,44.289999999999985,3.448,ok,,,11,3.4480344640878675,0.0009995385112400925,3.2166631037017077,14.833356362579336,3.2922675961628345,1.627051431002724,-1.5899650525893705,-3.1438862089054775,-6.1475955327280785,3.2908298855146048,1.6268732473040781,-1.5897898563976296,-3.142496321888811,-6.136659080151829,6.9590358840249555,13.918071768049911,corrigido IPCA,1.0059123193178798,44.769747930958545,5.416718564899448,262.4905301022832,262.4905301022832
2026-10-08,CGOS28,EQUATORIAL GOIAS DISTRIBUIDORA DE ENERGIA S.A.,EQUATORIAL GOIAS DISTRIBUIDORA DE ENERGIA S.A.,Equatorial,CVM FRE,IPCA_MAIS,S,Quirografária,N,EQUATORIAL GOIAS DISTRIBUIDORA DE ENERGIA S.A.,01543032000104,7.6792,0.1077,1036.647172,2036-09-15,2035-05-15,92.15999999999997,6.4575,ok,,,20,6.45953471119323,0.031509271285027035,5.998869522798489,48.35484370126409,6.248428325212663,3.0608384177758685,-2.9399262761184763,-5.764479102079612,-11.088216791006245,6.240643741304809,3.0598783160258245,-2.9389912067726645,-5.757095304292169,-11.030642171571696,7.801171702955256,15.602343405910512,corrigido IPCA,0.9435570291813407,93.59642234195255,5.660358495126183,323.7650229500874,323.7650229500874
2026-10-08,CGOS34,EQUATORIAL GOIAS DISTRIBUIDORA DE ENERGIA S.A.,EQUATORIAL GOIAS DISTRIBUIDORA DE ENERGIA S.A.,Equatorial,CVM FRE,IPCA_MAIS,S,Quirografária,N,EQUATORIAL GOIAS DISTRIBUIDORA DE ENERGIA S.A.,01543032000104,7.3983,0.1338,1135.956261,2035-10-15,2033-05-15,66.70999999999995,5.7666,ok,,,19,5.766642617266031,0.0007390362784106934,5.369398414375303,39.747157654707564,5.574039057611735,2.735112103529702,-2.63572649756344,-5.1762839136629495,-9.98776104679343,5.568134202648841,2.734383154256036,-2.6350152601192676,-5.170662626101766,-9.943853675656456,6.05235250510767,12.10470501021534,corrigido IPCA,0.992418376321653,64.99498388833103,5.631104757562122,289.74540931885053,289.74540931885053
2026-10-08,CGOSA0,EQUATORIAL GOIAS DISTRIBUIDORA DE ENERGIA S.A.,EQUATORIAL GOIAS DISTRIBUIDORA DE ENERGIA S.A.,Equatorial,CVM FRE,IPCA_MAIS,S,Quirografária,N,EQUATORIAL GOIAS DISTRIBUIDORA DE ENERGIA S.A.,01543032000104,7.6016,0.2298,1040.50225,2037-08-15,2035-05-15,84.40000000000003,6.8124,ok,,,22,6.812445665335364,0.000670326689034185,6.33117506183492,54.890469189139075,6.615134006754819,3.235371997873182,-3.0981131992365407,-6.065706929180392,-11.634473538023693,6.6056274077806165,3.234200617403884,-3.0969744444310363,-6.056722715889225,-11.56454073988706,6.833138269032717,13.666276538065434,corrigido IPCA,0.9927652552273684,86.52358920593954,5.670484812627508,315.4825342886303,315.4825342886303
2026-10-08,CGOSA2,EQUATORIAL GOIAS DISTRIBUIDORA DE ENERGIA S.A.,EQUATORIAL GOIAS DISTRIBUIDORA DE ENERGIA S.A.,Equatorial,CVM FRE,IPCA_MAIS,S,Quirografária,N,EQUATORIAL GOIAS DISTRIBUIDORA DE ENERGIA S.A.,01543032000104,7.6626,0.1196,975.608303,2038-01-15,2035-05-15,90.50000000000003,7.108,ok,,,23,7.1080523454221165,0.000736429686506059,6.602155572522042,59.5856737188558,6.910784724534769,3.3768777864091826,-3.227875731518526,-6.3143216080134295,-12.091104758626592,6.900083941116321,3.3755598784095913,-3.226595694112451,-6.304227203927764,-12.012597670666967,7.038745492073229,14.077490984146458,corrigido IPCA,0.9437031729236267,92.94178554811134,5.676913094328229,323.0682362079119,323.0682362079119
2026-10-08,CGOSB0,EQUATORIAL GOIAS DISTRIBUIDORA DE ENERGIA S.A.,EQUATORIAL GOIAS DISTRIBUIDORA DE ENERGIA S.A.,Equatorial,CVM FRE,IPCA_MAIS,S,Quirografária,N,EQUATORIAL GOIAS DISTRIBUIDORA DE ENERGIA S.A.,01543032000104,7.6445,0.1163,1037.681417,2037-08-15,2035-05-15,88.68999999999998,6.8083,ok,,,22,6.8083260022346295,0.0003819196367588377,6.324824772500805,54.801804365017034,6.608320004391843,3.232083517968065,-3.0950464667019673,-6.0597809382238355,-11.623399044023442,6.5988337943258895,3.230914641706674,-3.0939101307941312,-6.05081575067572,-11.55361345770127,7.179295166552435,14.35859033310487,corrigido IPCA,0.9900738385007308,90.81556783701227,5.670382681357289,320.5307596488621,320.5307596488621
2026-10-08,CHSF13,COMPANHIA HIDRO ELETRICA DO SAO FRANCISCO - CHESF,COMPANHIA HIDRO ELETRICA DO SAO FRANCISCO - CHESF,Axia (ex-Eletrobras),CVM FRE,IPCA_MAIS,S,Quirografária,N,COMPANHIA HIDRO ELETRICA DO SAO FRANCISCO - CHESF,33541368000116,6.8718,0.0623,1127.59971,2031-06-15,2031-05-15,13.379999999999992,3.9775,ok,,,10,3.977491863340412,-0.0002045671800848834,3.7217412482436076,18.807818211855338,3.817719487493343,1.8846206395572773,-1.8375968971650947,-3.629574124038959,-7.082045642507606,3.815780339302884,1.8843803968866228,-1.8373608513569846,-3.6277021571843306,-7.067326132250108,1.6458458916016994,3.2916917832033987,corrigido IPCA,1.0175557767950631,12.250825086052645,5.480423337124796,225.32682866704894,225.32682866704894
2026-10-08,CJEN13,TESC-TERMINAL SANTA CATARINA S/A,TESC - TERMINAL SANTA CATARINA S/A,Isolada (a identificar),,IPCA_MAIS,S,Real,N,TESC - TERMINAL SANTA CATARINA S/A,01115535000170,6.9309,0.1413,1228.985057,2035-12-15,2031-05-15,19.289999999999985,3.9919,ok,,,19,3.991875309423224,-0.0006185169161443331,3.733135426170755,23.671111524856627,3.8547317704313633,1.8965568952995726,-1.8373698140987438,-3.6178717263604,-7.017024292862839,3.8514909837950384,1.8961566024914482,-1.8369788236793065,-3.6147798685464716,-6.992848621844377,2.8017333085635534,5.603466617127107,corrigido IPCA,1.0736309344326653,20.9184997377624,5.482081709306819,235.31111394540497,235.31111394540497
2026-10-08,CLAG13,COLOMBO AGROINDUSTRIA SA,COLOMBO AGROINDUSTRIA SA,Colombo Agroindustria,inferido,IPCA_MAIS,S,Quirografária,N,COLOMBO AGROINDUSTRIA SA,44330975000153,7.5152,0.7126,869.984178,2028-07-15,2028-08-15,83.06000000000004,1.2039,ok,,,4,1.2039514383296308,0.004272641384736057,1.1197964923374841,2.523862244005739,1.1325547993052298,0.5630703556916972,-0.556760517722954,-1.1073132568050537,-2.190193018614417,1.132415803557513,0.5630530739737493,-0.5567434183637349,-1.1071771811174553,-2.1891157397948535,51.47709787384927,102.95419574769853,corrigido IPCA,0.9897074454543,115.28774726969955,5.756693734650398,344.3478516545966,344.3478516545966
2026-10-08,CLAG15,COLOMBO AGROINDUSTRIA SA,COLOMBO AGROINDUSTRIA SA,Colombo Agroindustria,inferido,IPCA_MAIS,S,Quirografária,N,COLOMBO AGROINDUSTRIA SA,44330975000153,8.0677,0.4868,1052.118683,2032-12-15,2032-08-15,132.23000000000002,4.5647,ok,,,13,4.564756944037271,0.001247486960159752,4.223978990981829,24.51993477550418,4.349461051597547,2.142996113013007,-2.081689272778686,-4.104149589528583,-7.979296176450301,4.34657866485935,2.142639413960295,-2.081339577021534,-4.101379317104308,-7.957559286453575,15.60221035483986,31.20442070967972,corrigido IPCA,1.0118139860065267,131.80681750344544,5.5427796984225175,367.02050239062174,367.02050239062174
2026-10-08,CLCD26,CELESC DISTRIBUIÇÃO S/A,CELESC DISTRIBUICAO S.A.,Celesc Distribuicao,inferido,IPCA_MAIS,S,Quirografária,N,CELESC DISTRIBUICAO S.A.,08336783000190,6.6595,0.1816,1167.789142,2030-11-15,2029-05-15,-2.129999999999921,2.7534,ok,,,9,2.7533871408753745,-0.00046702711649465465,2.58147388734747,10.057237326125465,2.6326113341097246,1.303414087776078,-1.2782694093860014,-2.532013588269655,-4.96831281631549,2.6317600739780977,1.3033084903313918,-1.2781653970160785,-2.531187700716843,-4.961803028172431,-1.2241772796819863,-2.4483545593639726,corrigido IPCA,1.0224438177596615,-6.3203633619662165,5.340653527022221,200.79998294974052,200.79998294974052
2026-10-08,CLCD27,CELESC DISTRIBUIÇÃO S/A,CELESC DISTRIBUICAO S.A.,Celesc Distribuicao,inferido,IPCA_MAIS,S,Quirografária,N,CELESC DISTRIBUICAO S.A.,08336783000190,6.8342,0.1397,1128.256588,2034-07-15,2033-05-15,10.299999999999976,5.2465,ok,,,16,5.2465457440355205,0.0008718962264438892,4.910923415943135,32.55045277831168,5.078019855426175,2.496686693587158,-2.4152987244129065,-4.752325825929171,-9.203360772253866,5.073675679834695,2.4961497739444574,-2.4147736419986785,-4.748171152051577,-9.170837776320038,0.8473625397060391,1.6947250794120783,corrigido IPCA,1.0220938512037183,8.322665076070864,5.599323697817971,222.6332147501219,222.6332147501219
2026-10-08,CLIS13,CLI SUL S/A,CLI SUL S/A,Isolada (a identificar),,IPCA_MAIS,S,Quirografária,N,CLI SUL S/A,43514079000181,6.7989,0.1051,1177.660339,2035-08-15,2032-08-15,5.349999999999966,4.9576,ok,,,18,4.957655924965328,0.0011280653003070983,4.642047741095955,31.21280349099031,4.802493811181452,2.3605810592034926,-2.2825363303210056,-4.490162127694486,-8.69250224356336,4.798111758550907,2.3600398749117155,-2.2820078661842396,-4.485983723641004,-8.659839412372104,0.5859252252132895,1.171850450426579,corrigido IPCA,1.0964048054665005,5.4397857363049775,5.577506814659072,218.7964702565772,218.7964702565772
2026-10-08,CLTM14,CONCESSIONARIA DAS LINHAS 8 E 9 DO SISTEMA DE TRENS METROPOLITANOS DE SAO PAULO S.A.,CONCESSIONARIA DAS LINHAS 8 E 9 DO SISTEMA DE TRENS METROPOLITANOS DE SAO PAULO S.A.,Isolada (a identificar),,IPCA_MAIS,S,Real,N,CONCESSIONARIA DAS LINHAS 8 E 9 DO SISTEMA DE TRENS METROPOLITANOS DE SAO PAULO S.A.,42288184000187,8.1514,0.0806,1085.241968,2042-01-15,2033-05-15,142.02000000000004,5.5984,ok,,,31,5.598376217160939,-0.0004248149303514046,5.176425101441995,45.26215935447979,5.411416737008223,2.6458575314994626,-2.5326680367728116,-4.958249120178849,-9.510682149951977,5.402735898214395,2.6447902499140974,-2.5316348515278984,-4.950114304669596,-9.447607015794397,13.87799090040815,27.7559818008163,corrigido IPCA,0.9697128133663051,143.67676090891268,5.62182701776488,381.57454400887343,381.57454400887343
2026-10-08,CMGD28,CEMIG DISTRIBUIÇÃO S/A,CEMIG DISTRIBUICAO S/A,Cemig,CVM FRE,IPCA_MAIS,S,Quirografária,N,CEMIG DISTRIBUICAO S/A,06981180000116,6.6828,0.1637,1203.811452,2029-06-15,2028-08-15,-0.17999999999993577,2.0138,ok,,,6,2.0137826057443338,-0.0008637528883726189,1.8876356879875047,5.6866149951388385,1.9164556143782319,0.9509741639260216,-0.9367570275646719,-1.8595798758734516,-3.664520162257945,1.9160687629631992,0.950926112737676,-0.9367095752498288,-1.8592026130118104,-3.661539076072233,0.5537301893245076,1.1074603786490151,corrigido IPCA,1.0083796735439299,2.090481733770036,5.343172448083555,209.6578448608271,209.6578448608271
2026-10-08,CMGDA4,CEMIG DISTRIBUIÇÃO S/A,CEMIG DISTRIBUICAO S/A,Cemig,CVM FRE,IPCA_MAIS,S,Quirografária,N,CEMIG DISTRIBUICAO S/A,06981180000116,7.2468,0.1633,1043.51094,2037-10-15,2037-05-15,47.46000000000006,7.1288,ok,,,23,7.128862952028875,0.0008830662786874931,6.647156793516333,61.269729478076954,6.964695586179848,3.4015434777245446,-3.2483290683284927,-6.351356439853562,-12.15092738283018,6.953505440906718,3.4001655586057624,-3.2469912349105705,-6.340808146125948,-12.068918997471128,3.8668254538542293,7.7336509077084585,corrigido IPCA,1.0011042234306502,51.40679016985804,5.677301965163051,274.1850868786237,274.1850868786237
2026-10-08,CMGDB0,CEMIG DISTRIBUIÇÃO S/A,CEMIG DISTRIBUICAO S/A,Cemig,CVM FRE,IPCA_MAIS,S,Quirografária,N,CEMIG DISTRIBUICAO S/A,06981180000116,7.0581,0.1238,1079.645079,2034-02-15,2033-05-15,32.68999999999993,5.2488,fluxo divergente da ANBIMA,,,3,6.26901544325794,19.43711787947607,5.855713340006912,40.34411547705333,6.0628722296633075,2.9789589709406483,-2.878083874735271,-5.659194019671665,-10.945260462791062,6.057433917392179,2.9782868143497727,-2.8774265256571394,-5.6539927626216455,-10.904544370472758,2.506500545375463,5.013001090750926,corrigido IPCA,0.6510834383584299,29.354697360579397,5.653641147514432,248.33628923063253,248.33628923063253
2026-10-08,CMGDB1,CEMIG DISTRIBUIÇÃO S/A,CEMIG DISTRIBUICAO S/A,Cemig,CVM FRE,IPCA_MAIS,S,Quirografária,N,CEMIG DISTRIBUICAO S/A,06981180000116,7.1132,0.1094,1066.009773,2036-09-15,2035-05-15,35.55999999999999,7.0882,ok,,,20,7.08817933221157,-0.0002915802097855268,6.617465757919257,58.32185636797104,6.919220593432396,3.3828853730365926,-3.2370460231179843,-6.3354462906759945,-12.143146794276905,6.909075039759113,3.381635199419593,-3.235830558499665,-6.3258564760794025,-12.068494388479095,2.8357238519243393,5.671447703848679,corrigido IPCA,0.9690861290248812,37.53061097804843,5.6765342591512225,257.9580322005632,257.9580322005632
2026-10-08,CMGDB2,CEMIG DISTRIBUIÇÃO S/A,CEMIG DISTRIBUICAO S/A,Cemig,CVM FRE,IPCA_MAIS,S,Quirografária,N,CEMIG DISTRIBUICAO S/A,06981180000116,7.2771,0.0949,1093.01134,2040-03-15,2037-05-15,50.49000000000001,8.2928,ok,,,27,8.29278298004475,-0.00020523773935954853,7.730245299364683,83.32883130810747,8.164812439079206,3.9714851069402535,-3.763088586879204,-7.330331989441685,-13.923396516521457,8.146889455905221,3.9692836888174767,-3.7609616105472075,-7.313601142824147,-13.793913972567218,3.6617962154165604,7.323592430833121,corrigido IPCA,1.0259953846083871,56.61316596291051,5.688518875475124,280.02722490569505,280.02722490569505
2026-10-08,CMGDB4,CEMIG DISTRIBUIÇÃO S/A,CEMIG DISTRIBUICAO S/A,Cemig,CVM FRE,IPCA_MAIS,S,Quirografária,N,CEMIG DISTRIBUICAO S/A,06981180000116,7.2574,0.0858,1024.287699,2040-10-15,2040-08-15,59.07999999999998,8.5112,ok,,,29,8.511216090442854,0.00018905022621565449,7.935318300129273,89.69637832986103,8.403962069216675,4.0822542793352845,-3.857926378774401,-7.505605700559704,-14.221781868692817,8.38380019177858,4.079779622976963,-3.855538677152311,-7.486836408479968,-14.076709033661327,3.4823671997888654,6.964734399577731,corrigido IPCA,0.9826621871296158,55.26738433650903,5.688822763611201,278.3012903030715,278.3012903030715
2026-10-08,CMGDB6,CEMIG DISTRIBUIÇÃO S/A,CEMIG DISTRIBUICAO S/A,Cemig,CVM FRE,IPCA_MAIS,S,Quirografária,N,CEMIG DISTRIBUICAO S/A,06981180000116,7.1276,0.0726,1028.008314,2038-08-15,2037-05-15,35.540000000000035,7.8773,fluxo divergente da ANBIMA,,,24,8.104928596985902,2.8896778970700843,7.5656773763118945,78.88048645288721,7.976387161004106,3.883443685926613,-3.6861773225615457,-7.186539050869534,-13.672025130182575,7.960079808576332,3.881439296222057,-3.6842380800898384,-7.171274944047459,-13.553745023566046,2.715466354469964,5.430932708939928,corrigido IPCA,1.0235181304246102,41.088684728299086,5.687883219851386,261.8916355628848,261.8916355628848
2026-10-08,CMGTA1,CEMIG GERAÇÃO E TRANSMISSÃO S/A,CEMIG GERACAO E TRANSMISSAO S/A,Cemig,CVM FRE,IPCA_MAIS,S,Quirografária,N,CEMIG GERACAO E TRANSMISSAO S/A,06981176000158,7.293,0.093,1040.313144,2037-10-15,2037-05-15,52.08000000000004,7.1235,ok,,,23,7.123466975260818,-0.000463602711890811,6.639265353062006,61.156896835492006,6.9562131314471864,3.3974534208429663,-3.244521208591744,-6.3440041626088295,-12.137207927390714,6.945049837239465,3.3960787975753677,-3.2431865554866377,-6.333480868884546,-12.055392769414173,4.219476311019572,8.438952622039144,corrigido IPCA,0.9980363812772675,56.02844575963627,5.677201900610829,279.6211775742733,279.6211775742733
2026-10-08,CMGTB1,CEMIG GERAÇÃO E TRANSMISSÃO S/A,CEMIG GERACAO E TRANSMISSAO S/A,Cemig,CVM FRE,IPCA_MAIS,S,Quirografária,N,CEMIG GERACAO E TRANSMISSAO S/A,06981176000158,7.2952,0.1003,1021.221851,2040-10-15,2040-08-15,62.86000000000005,8.5034,ok,,,29,8.50337813700656,-0.0002571088439772245,7.9252176583915785,89.52453819962214,8.392953343762134,4.076983178489768,-3.85308512485949,-7.496319333405399,-14.204672242754645,8.372840349389689,4.074514501945317,-3.8507031564462615,-7.477594967393468,-14.059944552790714,3.7252486468556056,7.450497293711211,corrigido IPCA,0.9797209291339621,59.04681271591876,5.688819331743744,282.74798107661513,282.74798107661513
2026-10-08,CMIN11,CSN MINERACAO S.A.,CSN MINERACAO S.A.,Csn Mineracao,CVM FRE,IPCA_MAIS,S,Quirografária,N,CSN MINERACAO S.A.,08902291000115,14.169,0.6251,939.066486,2031-07-15,2031-05-15,743.1,4.1033,ok,,,10,4.103283609793494,-0.0003994396340942584,3.5940435755708586,17.32735562549252,3.6823766281887993,1.8188912336259522,-1.7755693608944356,-3.509047308635882,-6.854450909694442,3.6806803536983215,1.818680982317295,-1.7753625932535637,-3.507406797443396,-6.841540038631868,103.20518647767196,206.41037295534392,corrigido IPCA,0.7100363532087809,741.8478748513388,5.494729524965902,1083.9832614194308,1083.9832614194308
2026-10-08,CMIN12,CSN MINERACAO S.A.,CSN MINERACAO S.A.,Csn Mineracao,CVM FRE,IPCA_MAIS,S,Quirografária,N,CSN MINERACAO S.A.,08902291000115,14.2422,0.3479,891.196254,2032-07-15,2032-08-15,749.6800000000001,4.5606,ok,,,12,4.56063694914451,0.0008101816539544237,3.9920773139387284,21.99424964423363,4.104493434280676,2.0238341974549767,-1.9688429593733958,-3.8844610696729065,-7.562767720059249,4.102048562159897,2.023531469024656,-1.9685458449140725,-3.88210606571756,-7.544269634992784,93.86912876746014,187.73825753492028,corrigido IPCA,0.744516109945875,749.4656388635418,5.542384554376145,1093.7371159819747,1093.7371159819747
2026-10-08,CMIN21,CSN MINERACAO S.A.,CSN MINERACAO S.A.,Csn Mineracao,CVM FRE,IPCA_MAIS,S,Quirografária,N,CSN MINERACAO S.A.,08902291000115,14.1732,0.6294,781.286733,2036-07-15,2035-05-15,741.56,6.1129,ok,,,20,6.112958078501062,0.0009500973525274874,5.35410943943155,39.709130101880874,5.5585493317820145,2.727418823951422,-2.6281284143148897,-5.161176506604514,-9.957882072329937,5.552655089940955,2.7266911323431264,-2.627418307088424,-5.155563788922145,-9.914036276825483,69.39944099546678,138.79888199093355,corrigido IPCA,0.5907377137452587,743.144404250203,5.647421533935515,1087.8280596308543,1087.8280596308543
2026-10-08,CMIN22,CSN MINERACAO S.A.,CSN MINERACAO S.A.,Csn Mineracao,CVM FRE,IPCA_MAIS,S,Quirografária,N,CSN MINERACAO S.A.,08902291000115,13.8594,0.186,804.400214,2037-07-15,2035-05-15,710.1800000000001,6.3533,ok,,,22,6.353344897366231,0.0007066778875707693,5.579991548669878,45.71561898267829,5.816117670259002,2.8480709542244576,-2.7337571264814065,-5.358564733673998,-10.301401897125483,5.80856964358327,2.847140298063287,-2.7328512506065916,-5.3514134537564875,-10.24567071768619,63.8848625522179,127.7697251044358,corrigido IPCA,0.6720056581068526,712.9539862586254,5.65672952513856,1052.297491257206,1052.297491257206
2026-10-08,CMTR29,CEMIG GERAÇÃO E TRANSMISSÃO S/A,CEMIG GERACAO E TRANSMISSAO S/A,Cemig,CVM FRE,IPCA_MAIS,S,Quirografária,N,CEMIG GERACAO E TRANSMISSAO S/A,06981176000158,6.7158,0.1814,1250.493586,2029-12-15,2029-05-15,3.500000000000014,2.8073,ok,,,7,2.8073362470862637,0.0012911725239054118,2.630665981125816,9.947201439232153,2.6812026405294453,1.3278663545440939,-1.302996941516088,-2.581708066728472,-5.0685259459193555,2.680401988321977,1.3277669923619482,-1.302898988763868,-2.5809299739296554,-5.062387933466989,-0.26932140462539594,-0.5386428092507919,corrigido IPCA,1.048845567116429,-1.4169893142741001,5.345288040671736,206.7453921961474,206.7453921961474
2026-10-08,CNRD12,CONCESSIONARIA DA RODOVIA MS 306 S.A.,CONCESSIONARIA DA RODOVIA MS 306 S.A.,Isolada (a identificar),,IPCA_MAIS,S,Real,N,CONCESSIONARIA DA RODOVIA MS 306 S.A.,36128741000108,8.1631,0.259,1041.150702,2043-05-15,2035-05-15,140.55,6.9164,ok,,,34,6.9164029777647755,4.305368074724899e-05,6.394420072801885,64.55033866666008,6.730913625897594,3.279585081728964,-3.1181508635878763,-6.084475395506628,-11.596880988078928,6.717171766135185,3.2778979597342675,-3.1165221130676173,-6.071668379468584,-11.497833372270568,11.363477230640635,22.72695446128127,corrigido IPCA,0.9994074172583968,145.3256938008713,5.67294455842875,384.0848692229526,384.0848692229526
2026-10-08,COCE18,COMPANHIA ENERGÉTICA DO CEARÁ - COELCE,COMPANHIA ENERGETICA DO CEARA-COELCE,Enel,CVM FRE,IPCA_MAIS,S,Quirografária,N,COMPANHIA ENERGETICA DO CEARA-COELCE,07047251000170,8.3845,0.0988,1136.37657,2032-05-15,2031-05-15,164.64999999999986,3.8894,ok,,,12,3.8894662349955653,0.0017029617824119063,3.5885816099124557,18.000602180495516,3.6804546428758966,1.8170232028299926,-1.7720175868848553,-3.500382822369097,-6.831334259233746,3.6785846208149335,1.8167915576818472,-1.7717900522306085,-3.498578599009978,-6.817151176215002,22.793243443797284,45.58648688759457,corrigido IPCA,0.946747389622864,163.59082850533716,5.470158444633166,403.2122854831313,403.2122854831313
2026-10-08,COCEB2,COMPANHIA ENERGÉTICA DO CEARÁ - COELCE,COMPANHIA ENERGETICA DO CEARA-COELCE,Enel,CVM FRE,IPCA_MAIS,S,Quirografária,N,COMPANHIA ENERGETICA DO CEARA-COELCE,07047251000170,8.3567,0.0883,1073.040116,2030-05-15,2030-08-15,160.67000000000002,3.0756,ok,,,8,3.075573796962585,-0.0008519650609624931,2.8383789806837836,11.514371469855341,2.896931946240011,1.433704170337502,-1.404916434844361,-2.7817593113927286,-5.45397702321031,2.8959508380330603,1.433582454679211,-1.4047965260045725,-2.780807123334507,-5.44647053197046,28.5384085409157,57.0768170818314,corrigido IPCA,1.017935864769577,162.00563788940337,5.372579074567763,399.5847592881824,399.5847592881824
2026-10-08,COMR14,COMERC PARTICIPACOES S.A.,COMERC ENERGIA S.A.,Isolada (a identificar),,IPCA_MAIS,S,Quirografária,N,COMERC ENERGIA S.A.,25369840000157,8.7642,0.1034,1069.13155,2038-11-15,2032-08-15,201.88000000000005,5.0787,ok,,,25,5.078679634675667,-0.00040099482807770054,4.669440527927081,36.138496770992774,4.856118453307756,2.380630992271504,-2.290264399941544,-4.494407641179277,-8.660177996899032,4.850133011782046,2.3798933849272816,-2.2895471429998,-4.488748044072118,-8.616111120434308,21.828747797495527,43.657495594991055,corrigido IPCA,0.9908087129274191,203.85607927904925,5.587024513638328,452.1422987222909,452.1422987222909
2026-10-08,COMR15,COMERC PARTICIPACOES S.A.,COMERC ENERGIA S.A.,Isolada (a identificar),,IPCA_MAIS,S,Real,N,COMERC ENERGIA S.A.,25369840000157,8.8006,0.1321,965.072538,2040-04-15,2033-05-15,206.9399999999999,5.4272,ok,,,28,5.427225076546951,0.00046205312041092546,4.988230833788555,42.092455829601874,5.2063135732548504,2.5476688835116112,-2.442409616333585,-4.784938612037792,-9.190311170566211,5.1986931129365646,2.54673098668128,-2.4414998471072753,-4.777768554640546,-9.134612550985073,20.840055285750747,41.680110571501494,corrigido IPCA,0.9538647788563526,207.91001270848008,5.611420123400679,457.1333871931828,457.1333871931828
2026-10-08,COMT11,CONCESSIONARIA DE RODOVIA SUL - MATOGROSSENSE S.A,CONCESSIONARIA DE RODOVIA SUL - MATOGROSSENSE S.A,Motiva (ex-CCR),CVM FRE,IPCA_MAIS,S,Quirografária,S,CONCESSIONARIA DE RODOVIA SUL - MATOGROSSENSE S.A,19642306000170,6.9404,0.1626,1074.58437,2030-12-15,2030-08-15,19.040000000000035,3.5848,ok,,,9,3.5848260887207393,0.0007277594493216151,3.3521719469169176,15.517502929840415,3.43124208830905,1.6956666403159293,-1.6568698736085463,-3.276018887882881,-6.40528526816877,3.4297594615661198,1.6954828521207592,-1.6566890947961581,-3.2745844322677153,-6.393993835237026,2.917107729497481,5.834215458994962,corrigido IPCA,1.0361788269368075,19.55729339391192,5.433466536011289,233.10034614712754,233.10034614712754
2026-10-08,CONF11,CONFLUENCIA ENERGIA S/A,CONFLUENCIA ENERGIA S/A,Isolada (a identificar),,IPCA_MAIS,S,Real,N,CONFLUENCIA ENERGIA S/A,05104205000130,7.2575,0.0682,1204.419603,2041-11-15,2035-05-15,49.99000000000002,6.2063,ok,,,31,6.206360440369167,0.0009738551015468601,5.786411617247434,55.198147295277806,6.073619348546355,2.963581670396298,-2.82554054912747,-5.520905161015777,-10.550052894631246,6.062402353723823,2.9622034927428142,-2.8242081245046196,-5.510420880771045,-10.468860288589312,4.703549546272053,9.407099092544106,corrigido IPCA,0.9875426869107687,54.43334747369501,5.651224211516381,276.96146982441724,276.96146982441724
2026-10-08,CONX12,TRIPLE PLAY BRASIL PARTICIPACOES S.A.,ALARES INTERNET PARTICIPACOES S/A,Alares Internet,CVM FRE,IPCA_MAIS,S,Real,N,ALARES INTERNET PARTICIPACOES S/A,23438929000100,14.0142,0.4216,825.842341,2029-08-15,2028-08-15,732.9600000000002,1.6698,ok,,,6,1.6698711346019195,0.004260067188857496,1.4646168061538998,3.95194725201682,1.4846258406141288,0.7372793147773171,-0.7273990837062483,-1.4451005596220479,-2.852120121155388,1.4843765424139839,0.7372483371419709,-0.7273684690119288,-1.4448570698938157,-2.850194667267463,254.76659531461976,509.5331906292395,corrigido IPCA,0.9179361589921823,746.270874288803,5.431046546225304,1085.1073838437514,1085.1073838437514
2026-10-08,CPFGA2,CPFL TRANSMISSAO S.A,CPFL TRANSMISSAO S.A.,CPFL,CVM FRE,IPCA_MAIS,S,Quirografária,N,CPFL TRANSMISSAO S.A.,92715812000131,6.8779,0.0636,1198.362204,2031-05-15,2030-08-15,12.790000000000035,3.1577,ok,,,10,3.1577621588679254,0.0019684855409084472,2.954551089484286,12.65582155447722,3.0189847552611004,1.4932384731507486,-1.4615966359608379,-2.8923899893989358,-5.664789943780912,3.017830197256673,1.4930953216852398,-1.4614557677990465,-2.8912719817119,-5.655985747879028,2.3602414195401287,4.720482839080257,corrigido IPCA,0.9983893690149388,13.946907715096449,5.381928554845294,225.56011700760277,225.56011700760277
2026-10-08,CPFPA2,COMPANHIA PIRATININGA DE FORÇA E LUZ,COMPANHIA PIRATININGA DE FORCA E LUZ,CPFL,CVM FRE,IPCA_MAIS,S,Quirografária,N,COMPANHIA PIRATININGA DE FORCA E LUZ,04172213000151,6.8089,0.0942,1268.16161,2031-05-15,2030-08-15,5.89000000000004,3.2436,ok,,,10,3.243643591091774,0.001343910832839647,3.036866395114802,13.108430654472619,3.103609663050344,1.534967656188413,-1.502194197079243,-2.9724872197871455,-5.820722081477103,3.1024085483871655,1.534818735875492,-1.5020476592393104,-2.971324241842439,-5.811564177140152,1.0834673527828569,2.1669347055657138,corrigido IPCA,0.9413934855896928,6.580691187740503,5.3920028820185095,217.11212488574014,217.11212488574014
2026-10-08,CPFPA5,COMPANHIA PIRATININGA DE FORÇA E LUZ,COMPANHIA PIRATININGA DE FORCA E LUZ,CPFL,CVM FRE,IPCA_MAIS,S,Quirografária,N,COMPANHIA PIRATININGA DE FORCA E LUZ,04172213000151,6.8723,0.0685,1140.009196,2033-10-15,2032-08-15,12.690000000000001,4.9168,ok,,,15,4.916828868367185,0.0005871373085084259,4.600657858366653,28.80398351795534,4.748316509739037,2.3367838872312863,-2.264764482662729,-4.460125459057096,-8.652564620956781,4.744677775956429,2.336333908580771,-2.2643239497858825,-4.456637940776877,-8.6252360463742,1.2875128979247108,2.5750257958494216,corrigido IPCA,0.9968690171205212,11.846812663171487,5.5741714279446075,226.40693363966005,226.40693363966005
2026-10-08,CPFPA7,COMPANHIA PIRATININGA DE FORÇA E LUZ,COMPANHIA PIRATININGA DE FORCA E LUZ,CPFL,CVM FRE,IPCA_MAIS,S,Quirografária,N,COMPANHIA PIRATININGA DE FORCA E LUZ,04172213000151,6.9876,0.0996,1105.614418,2034-04-15,2033-05-15,25.63999999999993,5.238,ok,,,16,5.2379948529708535,-9.826325213612536e-05,4.895889666625715,32.54450903914232,5.062953672886383,2.4891620653712643,-2.40778898493903,-4.737319548255325,-9.173395814980944,5.058612211821426,2.4886254696117853,-2.4072641970139292,-4.733167121430004,-9.140889152468583,2.3944725164557563,4.788945032911513,corrigido IPCA,0.992221951266164,23.44614650067002,5.598722183245464,240.43252716242364,240.43252716242364
2026-10-08,CPFPA9,COMPANHIA PIRATININGA DE FORÇA E LUZ,COMPANHIA PIRATININGA DE FORCA E LUZ,CPFL,CVM FRE,IPCA_MAIS,S,Quirografária,N,COMPANHIA PIRATININGA DE FORCA E LUZ,04172213000151,6.9842,0.104,1125.134618,2035-02-15,2033-05-15,25.30000000000001,5.7125,ok,,,17,5.712566376293411,0.0011619482435185438,5.339635550196582,38.45346209358528,5.537441555614375,2.7185686248702323,-2.6224188706267526,-5.152649193540515,-9.95148130891449,5.531902860664509,2.7178846027152725,-2.6217509474813094,-5.147368239728656,-9.910201858521459,2.2057701272486945,4.411540254497389,corrigido IPCA,1.0505373709730883,23.55601717403753,5.628223501167051,240.97807159769883,240.97807159769883
2026-10-08,CPFPB0,COMPANHIA PIRATININGA DE FORÇA E LUZ,COMPANHIA PIRATININGA DE FORCA E LUZ,CPFL,CVM FRE,IPCA_MAIS,S,Quirografária,N,COMPANHIA PIRATININGA DE FORCA E LUZ,04172213000151,6.9768,0.0932,1080.274585,2035-05-15,2033-05-15,24.55999999999996,5.8533,ok,,,18,5.853296825400024,-5.423607154572553e-05,5.471557221191907,40.68112943485111,5.680986710301039,2.7873737408729227,-2.6856529969231047,-5.273888511740443,-10.174311085317722,5.674962868366163,2.7866300223895175,-2.68492719880239,-5.2681515740176525,-10.129491853686794,2.087337641997532,4.174675283995064,corrigido IPCA,1.0245569429903567,22.841974696274566,5.6355286908403635,240.2401788618167,240.2401788618167
2026-10-08,CPFPB1,COMPANHIA PIRATININGA DE FORÇA E LUZ,COMPANHIA PIRATININGA DE FORCA E LUZ,CPFL,CVM FRE,IPCA_MAIS,S,Quirografária,S,COMPANHIA PIRATININGA DE FORCA E LUZ,04172213000151,7.0691,0.0784,1038.498622,2035-09-15,2035-05-15,31.149999999999967,6.1879,ok,,,18,6.187956944403558,0.0009202541016800047,5.779405023861747,44.42134399772221,6.008300009517331,2.9460669877683365,-2.834992869833086,-5.563754231924034,-10.72078598308841,6.001511743850358,2.9452291919280267,-2.8341758319337207,-5.557298303873137,-10.67038316776905,2.7840070392940044,5.568014078588009,corrigido IPCA,0.9945340261818517,32.17980853872447,5.650494050641308,251.43402976521782,251.43402976521782
2026-10-08,CPFPB7,COMPANHIA PIRATININGA DE FORÇA E LUZ,COMPANHIA PIRATININGA DE FORCA E LUZ,CPFL,CVM FRE,IPCA_MAIS,S,Quirografária,N,COMPANHIA PIRATININGA DE FORCA E LUZ,04172213000151,7.1811,0.1058,1074.054697,2039-04-15,2037-05-15,40.89,7.964,ok,,,26,7.963977424658899,-0.0002834673669185589,7.430393441249342,76.84886517233895,7.830357227387719,3.8131902367656068,-3.6210058381255794,-7.060871965345128,-13.437928635263551,7.814637767111038,3.8112578020900947,-3.619135639159248,-7.0461491153876485,-13.323809579051908,3.108737293028111,6.217474586056222,corrigido IPCA,0.9640731119339541,46.19828238536662,5.6871536140771894,267.9229122412994,267.9229122412994
2026-10-08,CPGS16,COMPANHIA PARANAENSE DE GAS COMPAGAS,COMPANHIA PARANAENSE DE GAS COMPAGAS,Isolada (a identificar),,IPCA_MAIS,S,Quirografária,S,COMPANHIA PARANAENSE DE GAS COMPAGAS,00535681000192,,,,2041-02-15,2040-08-15,,,sem taxa indicativa,,,,,,,,,,,,,,,,,,,,,,,,,
2026-10-08,CPGT27,COPEL GERAÇÃO E TRANSMISSÃO S/A,COPEL GERACAO E TRANSMISSAO S.A.,Copel,CVM FRE,IPCA_MAIS,S,Quirografária,N,COPEL GERACAO E TRANSMISSAO S.A.,04370282000170,6.796,0.0836,1266.08032,2031-10-15,2030-08-15,4.600000000000026,3.4965,ok,,,11,3.496476329601982,-0.0006769740602915521,3.2739768620566143,15.212624144675662,3.35152324525676,1.6561880322913947,-1.6181533741656762,-3.1993474159407898,-6.2549812996893,3.3500399827799927,1.6560042112091518,-1.6179726508474626,-3.197913741333236,-6.243701241219715,0.7481975271948329,1.4963950543896658,corrigido IPCA,0.991243329512914,4.899162784567715,5.422648140532571,215.6969826899572,215.6969826899572
2026-10-08,CPGT28,COPEL GERAÇÃO E TRANSMISSÃO S/A,COPEL GERACAO E TRANSMISSAO S.A.,Copel,CVM FRE,IPCA_MAIS,S,Quirografária,N,COPEL GERACAO E TRANSMISSAO S.A.,04370282000170,7.0202,0.1391,1189.420193,2035-01-15,2033-05-15,28.89999999999997,5.7285,ok,,,17,5.7285585836143005,0.0010226693602184117,5.352782543495807,38.51932083301871,5.550919030636958,2.725224599688292,-2.6289102109248397,-5.165468275250229,-9.97646987906341,5.545379147660901,2.7245404227891767,-2.62824212070663,-5.160185939330714,-9.93517867033124,2.530926438317762,5.061852876635524,corrigido IPCA,1.005130865984836,27.094997715798666,5.629085358161223,245.15955363843676,245.15955363843676
2026-10-08,CPGTA1,COPEL GERAÇÃO E TRANSMISSÃO S/A,COPEL GERACAO E TRANSMISSAO S.A.,Copel,CVM FRE,IPCA_MAIS,S,Quirografária,N,COPEL GERACAO E TRANSMISSAO S.A.,04370282000170,7.1928,0.0611,1052.504443,2038-01-15,2035-05-15,43.52,6.6797,ok,,,23,6.679743517301673,0.0006514858702097729,6.231522562431127,54.26501557434837,6.5124092179988935,3.184770297418993,-3.0490741926436304,-5.969221608760966,-11.44794485315721,6.5028476403028685,3.1835925506834983,-3.047930011747628,-5.960197484559385,-11.377744813375285,3.675648187259709,7.351296374519418,corrigido IPCA,1.0161046099949393,45.8097692209359,5.667010155038565,267.47636501652465,267.47636501652465
2026-10-08,CPGTC0,COPEL GERAÇÃO E TRANSMISSÃO S/A,COPEL GERACAO E TRANSMISSAO S.A.,Copel,CVM FRE,IPCA_MAIS,S,Quirografária,N,COPEL GERACAO E TRANSMISSAO S.A.,04370282000170,7.187,0.1989,1098.52528,2037-02-15,2035-05-15,42.940000000000026,6.177,ok,,,21,6.176999221162634,-1.2608667075721112e-05,5.762824989189578,46.39041531476557,6.002376023048184,2.9403373930365406,-2.8243363122470333,-5.538070906489867,-10.653932212803706,5.994777065763406,2.939400513738246,-2.8234244754513322,-5.5308729126157505,-10.597841672083847,3.8756335087071316,7.751267017414263,corrigido IPCA,1.0279196581717585,44.66919526583589,5.65005488542718,265.9849409990319,265.9849409990319
2026-10-08,CPIS13,EQUATORIAL PIAUI DISTRIBUIDORA DE ENERGIA S.A,EQUATORIAL PIAUI DISTRIBUIDORA DE ENERGIA S.A.,Equatorial,inferido,IPCA_MAIS,S,Quirografária,N,EQUATORIAL PIAUI DISTRIBUIDORA DE ENERGIA S.A.,06840748000189,7.6732,0.1066,1047.734298,2036-09-15,2035-05-15,91.55999999999995,6.4333,ok,,,20,6.433356317701903,0.0008754092285893955,5.974890982809002,48.07501173779567,6.2229968399751145,3.0484927343531254,-2.9282803645365063,-5.741849009299271,-11.04546205524175,6.215266041497981,3.0475392560767456,-2.9273517267322564,-5.734515924120024,-10.988281730862091,7.783063120193458,15.566126240386916,corrigido IPCA,0.9534683732901647,93.00590731095438,5.6594901970754785,323.0570071407675,323.0570071407675
2026-10-08,CPIS14,EQUATORIAL PIAUI DISTRIBUIDORA DE ENERGIA S.A,EQUATORIAL PIAUI DISTRIBUIDORA DE ENERGIA S.A.,Equatorial,inferido,IPCA_MAIS,S,Quirografária,N,EQUATORIAL PIAUI DISTRIBUIDORA DE ENERGIA S.A.,06840748000189,7.6178,0.0861,1039.435807,2037-08-15,2035-05-15,86.01999999999998,6.8109,ok,,,22,6.810890178586192,-0.00014420140962946037,6.32877663229149,54.85697360930398,6.612560395562195,3.234129967471633,-3.096954939896779,-6.063468788436821,-11.630290966097945,6.60306150033801,3.232959533157375,-3.095817099134115,-6.05449176424497,-11.560413792396899,6.963773623747589,13.927547247495179,corrigido IPCA,0.9917477398578362,88.14433556508315,5.670446292657139,317.38885667997914,317.38885667997914
2026-10-08,CPIS15,EQUATORIAL PIAUI DISTRIBUIDORA DE ENERGIA S.A,EQUATORIAL PIAUI DISTRIBUIDORA DE ENERGIA S.A.,Equatorial,inferido,IPCA_MAIS,S,Quirografária,N,EQUATORIAL PIAUI DISTRIBUIDORA DE ENERGIA S.A.,06840748000189,7.714,0.1161,1016.205297,2037-09-15,2035-05-15,95.64000000000004,6.9049,ok,,,22,6.9049477004440645,0.0006908202010873413,6.4104459034517935,55.94973366334894,6.699943226885052,3.276361233467795,-3.1364532729397654,-6.139907479120666,-11.773579323516914,6.690194571768537,3.275160118805083,-3.1352857846467104,-6.130697235135049,-11.701897133636606,7.626873040884253,15.253746081768506,corrigido IPCA,0.971703045828098,97.78331408216677,5.672684433107822,328.7517515049665,328.7517515049665
2026-10-08,CPIS16,EQUATORIAL PIAUI DISTRIBUIDORA DE ENERGIA S.A,EQUATORIAL PIAUI DISTRIBUIDORA DE ENERGIA S.A.,Equatorial,inferido,IPCA_MAIS,S,Quirografária,S,EQUATORIAL PIAUI DISTRIBUIDORA DE ENERGIA S.A.,06840748000189,7.5602,0.2115,982.234593,2038-01-15,2035-05-15,80.25999999999999,7.1189,ok,,,23,7.118921895409951,0.0003075673201042374,6.618546539900401,59.82155020196818,6.9284110629133755,3.385374988527756,-3.2357830022305634,-6.329585334517695,-12.119572218950436,6.917654290910241,3.384050207702661,-3.23449633219774,-6.319438788890561,-12.040662075761437,6.247414660753832,12.494829321507664,corrigido IPCA,0.9501127664191403,82.69760937251063,5.677117200136261,311.0183635823478,311.0183635823478
2026-10-08,CPJG18,COMPANHIA JAGUARI DE ENERGIA,COMPANHIA JAGUARI DE ENERGIA,Isolada (a identificar),,IPCA_MAIS,S,Quirografária,N,COMPANHIA JAGUARI DE ENERGIA,53859112000169,7.1339,0.0691,989.631481,2036-03-15,2035-05-15,37.62999999999997,6.541,ok,,,19,6.541034576607978,0.0005286134838354469,6.105476022629604,49.37910033821054,6.360282550408569,3.1154377130703903,-2.9919647626145074,-5.866088087139754,-11.281923481633637,6.352371524320658,3.114461886737565,-2.9910141358920392,-5.858580520938552,-11.223370038494998,3.186661278672165,6.37332255734433,corrigido IPCA,0.9633655629409511,38.9121680583502,5.66295417907281,259.49840316414543,259.49840316414543
2026-10-08,CPLD15,COPEL DISTRIBUICAO S/A,COPEL  DISTRIBUICAO S/A,Copel,CVM FRE,IPCA_MAIS,S,Quirografária,N,COPEL  DISTRIBUICAO S/A,04368898000106,5.3609,0.1011,986.477859,2027-11-15,2027-05-15,-9.560000000000013,0.5756,ok,,,3,0.5755724847599291,-0.0047802710338674574,0.5462866060938442,1.034374445911,0.551508623566388,0.2744425089792113,-0.2718565132470374,-0.5411639245570643,-1.0722755373490878,0.5514584783233992,0.27443627110431085,-0.2718503349895333,-0.5411147338642892,-1.0718857232694685,-61.20132447396306,-122.40264894792612,corrigido IPCA,1.0103136580192635,-66.86692767065881,7.061932548762173,144.56162813128373,144.56162813128373
2026-10-08,CPLD26,COPEL DISTRIBUICAO S/A,COPEL  DISTRIBUICAO S/A,Copel,CVM FRE,IPCA_MAIS,S,Quirografária,N,COPEL  DISTRIBUICAO S/A,04368898000106,6.9091,0.2684,1263.550883,2031-06-15,2030-08-15,15.909999999999958,3.3042,ok,,,10,3.3041901455870617,-0.0002982389969766952,3.0906537849323037,13.521935790164338,3.159516514093319,1.5623846597799806,-1.528577311870849,-3.0242570031313254,-5.920418452257714,3.1582634638831255,1.5622293122038573,-1.5284244727284464,-3.023044105981482,-5.910868854061321,2.687082187009272,5.374164374018544,corrigido IPCA,0.9495909621304419,16.60968146340876,5.3992427008124455,229.03349298315578,229.03349298315578
2026-10-08,CPLD29,COPEL DISTRIBUICAO S/A,COPEL  DISTRIBUICAO S/A,Copel,CVM FRE,IPCA_MAIS,S,Quirografária,N,COPEL  DISTRIBUICAO S/A,04368898000106,7.0479,0.1518,1092.660775,2036-05-15,2033-05-15,31.669999999999998,5.6087,ok,,,20,5.608688196177713,-0.0002104555830533923,5.239419172330997,38.8715387183601,5.43969081211404,2.6690287720921857,-2.571831611053721,-5.050682205967516,-9.745276934359659,5.433776865922798,2.6682990095634485,-2.571120162767549,-5.045061478739197,-9.701407570294792,2.886571787599315,5.77314357519863,corrigido IPCA,0.9843811245585872,30.247919132515218,5.622422333876798,248.67026166680927,248.67026166680927
2026-10-08,CPLD37,COPEL DISTRIBUICAO S/A,COPEL  DISTRIBUICAO S/A,Copel,CVM FRE,IPCA_MAIS,S,Quirografária,N,COPEL  DISTRIBUICAO S/A,04368898000106,6.9682,0.15,1191.192503,2032-05-15,2031-05-15,23.019999999999996,3.92,ok,,,12,3.920029779467305,0.0007596802883923481,3.664668358883579,18.677857000358845,3.7600277945696314,1.855925516461543,-1.8092264814632109,-3.5731789102344647,-6.970710542875835,3.7580576438853734,1.855681500692238,-1.808986858191341,-3.571279073881785,-6.955779577759981,2.98469575872141,5.96939151744282,corrigido IPCA,0.9949578854105505,21.875840215760736,5.473744292827543,236.54246732091397,236.54246732091397
2026-10-08,CPLDA1,COPEL DISTRIBUICAO S/A,COPEL  DISTRIBUICAO S/A,Copel,CVM FRE,IPCA_MAIS,S,Quirografária,N,COPEL  DISTRIBUICAO S/A,04368898000106,7.2441,0.1003,1049.147328,2038-01-15,2035-05-15,48.650000000000034,6.6744,ok,,,23,6.674453322804733,0.00079891532920683,6.2236088724738545,54.15276686662654,6.50390796253475,3.180669909990641,-3.0452545389533348,-5.961844634841773,-11.434172798643004,6.494372706806987,3.179495394820211,-3.044113477653644,-5.9528450381407225,-11.36416240761518,4.092615964603461,8.185231929206923,corrigido IPCA,1.012863598877505,50.94168205786849,5.666863573320935,273.51213238943456,273.51213238943456
2026-10-08,CPLDC0,COPEL DISTRIBUICAO S/A,COPEL  DISTRIBUICAO S/A,Copel,CVM FRE,IPCA_MAIS,S,Quirografária,N,COPEL  DISTRIBUICAO S/A,04368898000106,7.1105,0.0968,1056.813602,2037-07-15,2035-05-15,35.29,6.4465,ok,,,22,6.44648235417246,-0.00027372725572777715,6.018534461301609,50.45655334169384,6.279386873888115,3.073394004491492,-2.9472234966566813,-5.77435501385517,-11.091031188019585,6.2708172280100785,3.072337922327922,-2.946196538973687,-5.76625169459314,-11.027937855769341,3.094102185971974,6.188204371943948,corrigido IPCA,1.0066109147002658,37.24392126612193,5.659927694834654,257.35445243600225,257.35445243600225
2026-10-08,CRCF12,CONCESSIONARIA RODOVIAS DO CAFE SPE S.A.,CONCESSIONARIA RODOVIAS DO CAFE SPE S.A.,EPR,CVM FRE,IPCA_MAIS,S,Real,N,CONCESSIONARIA RODOVIAS DO CAFE SPE S.A.,51742485000120,8.1913,0.0964,1230.631081,2041-03-15,2037-05-15,141.91000000000003,7.6042,fluxo divergente da ANBIMA,,,29,6.802612019189969,-10.541384771705518,6.287577669544565,65.78012890785706,6.630828770385211,3.2277755465922375,-3.0632637045225564,-5.972042226689755,-11.362881224681331,6.616478314083851,3.226013995907104,-3.0615636736374614,-5.95867702500528,-11.25955276093199,11.88883966550623,23.77767933101246,corrigido IPCA,1.1537345161200465,149.5040055952653,5.670240427442841,388.95149650625365,388.95149650625365
2026-10-08,CRMG15,CONCESSIONÁRIA DA RODOVIA MG-050 S/A,CONCESSIONARIA DA RODOVIA MG-050 S.A.,Isolada (a identificar),,IPCA_MAIS,S,Real,N,CONCESSIONARIA DA RODOVIA MG-050 S.A.,08822767000108,6.1342,0.1585,862.954448,2030-12-15,2029-05-15,-54.659999999999975,2.4763,ok,,,9,2.4763839616141277,0.0033906075244313034,2.333257292761549,9.312999099743111,2.3806317486143147,1.1783702895011627,-1.155086249949766,-2.2874770775009323,-4.4864382687828,2.3798222882602644,1.1782698952554536,-1.1549873975060956,-2.286692297262834,-4.480254603528236,-11.990429014010903,-23.980858028021807,corrigido IPCA,1.015059554489954,-55.95351188056121,5.324019565930982,141.80336196324785,141.80336196324785
2026-10-08,CRNP13,CONCESSIONARIA DE RODOVIAS NOROESTE PAULISTA S.A.,CONCESSIONARIA DE RODOVIAS NOROESTE PAULISTA S.A.,EcoRodovias,CVM FRE,IPCA_MAIS,S,Real,N,CONCESSIONARIA DE RODOVIAS NOROESTE PAULISTA S.A.,49314049000108,8.2783,0.0841,1083.493078,2047-12-15,2040-08-15,161.17,8.5948,ok,,,43,8.594820729070006,0.0002411815284493396,7.937713031207552,100.35617933958322,8.466574839354934,4.097611390179656,-3.8465786330348584,-7.460733139322495,-14.058576240287868,8.439493927905469,4.094301739778254,-3.8434112914292973,-7.435932134509636,-13.86830247562344,10.079924842896311,20.159849685792622,corrigido IPCA,1.0340006110177804,160.02310155810156,5.688826838661831,400.65203229397594,400.65203229397594
2026-10-08,CRNP23,CONCESSIONARIA DE RODOVIAS NOROESTE PAULISTA S.A.,CONCESSIONARIA DE RODOVIAS NOROESTE PAULISTA S.A.,EcoRodovias,CVM FRE,IPCA_MAIS,S,Real,N,CONCESSIONARIA DE RODOVIAS NOROESTE PAULISTA S.A.,49314049000108,8.2696,0.0722,1084.241729,2047-12-15,2040-08-15,160.30000000000007,8.5976,ok,,,43,8.597648881121325,0.0005685437950688527,7.940963004501101,100.422077371282,8.4701772245241,4.099321539433398,-3.8481238965976883,-7.463674290601341,-14.063915649422555,8.44307339135751,4.096009098964653,-3.8449539055364474,-7.438852617644691,-13.87348446157656,10.021128683276718,20.042257366553436,corrigido IPCA,1.0347150651162313,159.1548242744905,5.6888259564128685,399.63024155926286,399.63024155926286
2026-10-08,CRTA12,CONCESSIONARIA ROTA DO OESTE S.A.,CONCESSIONARIA ROTA DO OESTE S.A.,Isolada (a identificar),,IPCA_MAIS,S,Real,S,CONCESSIONARIA ROTA DO OESTE S.A.,19521322000104,8.2044,0.1233,1073.765884,2043-12-15,2037-05-15,143.22,7.9542,ok,,,35,7.954177854337091,-0.00027841471057821486,7.351066919956205,81.75054733200083,7.778698326170197,3.780036536044862,-3.575574702590445,-6.959823991766834,-13.202237234813586,7.759819656616209,3.7777216441431034,-3.5733452758131015,-6.942314183296201,-13.067122893272392,10.228803463459261,20.457606926918523,corrigido IPCA,0.9881621949940523,150.38523754193767,5.687094306320684,389.98763624102736,389.98763624102736
2026-10-08,CRTR12,CONCESSIONARIA RODOVIAS DO TRIANGULO SPE S.A.,EPR TRIANGULO S.A,EPR,CVM FRE,IPCA_MAIS,S,Real,N,EPR TRIANGULO S.A,48127012000108,8.1822,0.1688,1055.301126,2041-08-15,2035-05-15,142.45999999999998,6.6376,ok,,,30,6.637582234041953,-0.0002676563524003027,6.135558561428731,57.843327686883576,6.436315134818971,3.1415017334741613,-2.996847145437942,-5.857140896443324,-11.197926584873896,6.424775199863149,3.1400834403229694,-2.995475121105761,-5.846341922994313,-11.11425056911979,11.931368075874705,23.86273615174941,corrigido IPCA,0.9576434247957758,146.41121509498097,5.665824329901659,385.4297194668542,385.4297194668542
2026-10-08,CSAN33,COSAN S.A.,COSAN S.A.,Rumo,CVM FRE,IPCA_MAIS,N,Quirografária,S,COSAN S.A.,50746577000115,9.0852,0.0986,1196.567514,2031-08-15,2030-08-15,233.52000000000004,3.4014,ok,,,10,3.401445304019005,0.0013319227084350703,3.118154712114022,13.698991518666682,3.1879205567763025,1.5763586562248078,-1.542108636897821,-3.0508899734058015,-5.972015769792948,3.1866496697073554,1.5762010954553443,-1.5419536166586776,-3.0496597545206887,-5.96232959385471,37.5625794663183,75.1251589326366,corrigido IPCA,0.9067017429564214,234.25186832411563,5.411029473769635,,234.25186832411563
2026-10-08,CSMGA6,CIA DE SANEAMENTO DE M.GERAIS COPASA MG,COMPANHIA DE SANEAMENTO DE MINAS GERAIS COPASA MG,Copasa,inferido,IPCA_MAIS,S,Quirografária,N,COMPANHIA DE SANEAMENTO DE MINAS GERAIS COPASA MG,17281106000103,6.5492,0.1966,787.908932,2031-09-15,2029-05-15,-13.159999999999972,2.6982,ok,,,5,2.6982215187260903,0.0007975215362223949,2.5323714478626687,10.493123588889665,2.58580169212288,1.2794217095391636,-1.253186952697427,-2.4808392763993936,-4.862228822277026,2.584837065807117,1.2793021284174466,-1.2530693194452223,-2.4799058299182204,-4.854880423947544,-2.7729850626791563,-5.545970125358313,corrigido IPCA,0.9701438594174017,-14.044456396156736,5.336310395847699,191.25047929964632,191.25047929964632
2026-10-08,CSMGB8,CIA DE SANEAMENTO DE M.GERAIS COPASA MG,COMPANHIA DE SANEAMENTO DE MINAS GERAIS COPASA MG,Copasa,inferido,IPCA_MAIS,N,Quirografária,S,COMPANHIA DE SANEAMENTO DE MINAS GERAIS COPASA MG,17281106000103,7.1919,0.092,1083.221304,2030-09-15,2028-08-15,50.730000000000075,1.8694,ok,,,16,1.869390470510578,-0.0005097619247892927,1.7439661676960458,5.789450216099207,1.773353917684073,0.8792745724390594,-0.8648001893767687,-1.7154472909859497,-3.3755236998868177,1.7729134187765418,0.8792198966181469,-0.8647462710778989,-1.7150189166155498,-3.3721433310701077,16.921907403356975,33.84381480671395,corrigido IPCA,1.0030280004734506,59.022468008679624,5.369547602903579,,59.022468008679624
2026-10-08,CSMGB9,CIA DE SANEAMENTO DE M.GERAIS COPASA MG,COMPANHIA DE SANEAMENTO DE MINAS GERAIS COPASA MG,Copasa,inferido,IPCA_MAIS,N,Quirografária,S,COMPANHIA DE SANEAMENTO DE MINAS GERAIS COPASA MG,17281106000103,7.7155,0.0506,1108.206171,2034-07-15,2030-08-15,96.54999999999995,3.5035,ok,,,32,3.5034994197350637,-1.656243573857173e-05,3.252549001522588,17.466389286679775,3.341928084696999,1.6483607408144696,-1.6046896398099864,-3.167182104272104,-6.171180039881364,3.3398809479559866,1.6481074873696437,-1.6044415141529444,-3.1652170550891894,-6.155770217311581,15.290202307909052,30.580404615818104,corrigido IPCA,1.0022757871914378,99.46426449933591,5.423508391699472,,99.46426449933591
2026-10-08,CSMGC0,CIA DE SANEAMENTO DE M.GERAIS COPASA MG,COMPANHIA DE SANEAMENTO DE MINAS GERAIS COPASA MG,Copasa,inferido,IPCA_MAIS,N,Quirografária,S,COMPANHIA DE SANEAMENTO DE MINAS GERAIS COPASA MG,17281106000103,7.5795,0.1291,1092.325782,2035-05-15,2031-05-15,84.14999999999999,4.0823,ok,,,35,4.080958660902613,-0.03285743569523678,3.793435237106152,22.29017063357949,3.9077041916835142,1.9249287098549894,-1.869195747789909,-3.6846818491264033,-7.162191971868337,3.904886090274049,1.9245803318450505,-1.8688549052611014,-3.681984383938255,-7.1410670615407135,11.094108566964938,22.188217133929875,corrigido IPCA,1.035978619438335,84.16956472441207,5.492224107543864,,84.16956472441207
2026-10-08,CSMGE1,CIA DE SANEAMENTO DE M.GERAIS COPASA MG,COMPANHIA DE SANEAMENTO DE MINAS GERAIS COPASA MG,Copasa,inferido,IPCA_MAIS,N,Quirografária,S,COMPANHIA DE SANEAMENTO DE MINAS GERAIS COPASA MG,17281106000103,7.66,0.1112,1091.877369,2035-10-15,2031-05-15,92.19999999999997,4.3173,ok,,,37,4.3173064319764505,0.00014898145716342145,4.010130440253065,24.619902448698298,4.136458723972392,2.036239099159509,-1.9746804365959103,-3.89011711365832,-7.552015691201397,4.133229952496556,2.035840098187405,-1.97429034206566,-3.887030928009574,-7.527862831532165,11.451875167983111,22.903750335966222,corrigido IPCA,1.046972907943004,91.84702641821453,5.517938643866427,,91.84702641821453
2026-10-08,CSMGE2,CIA DE SANEAMENTO DE M.GERAIS COPASA MG,COMPANHIA DE SANEAMENTO DE MINAS GERAIS COPASA MG,Copasa,inferido,IPCA_MAIS,N,Quirografária,S,COMPANHIA DE SANEAMENTO DE MINAS GERAIS COPASA MG,17281106000103,7.8006,0.0712,1066.379655,2036-03-15,2032-08-15,105.52000000000001,4.6224,ok,,,38,4.622472228932846,0.0015625850823448365,4.2879837671894645,27.411113291422684,4.4287587355546165,2.178715246935692,-2.110176903472738,-4.154478536275185,-8.055512723597547,4.425039333646579,2.178255775209011,-2.109727991980454,-4.150928200732351,-8.027745268550476,12.337632376227946,24.67526475245589,corrigido IPCA,1.038881710280695,105.80713470963322,5.5482480474211116,,105.80713470963322
2026-10-08,CSNAA4,COMPANHIA SIDERÚRGICA NACIONAL,COMPANHIA SIDERURGICA NACIONAL,Siderurgica Nacional,CVM FRE,IPCA_MAIS,S,Quirografária,N,COMPANHIA SIDERURGICA NACIONAL,33042730000104,,,529.499005,2030-07-15,,,,sem taxa indicativa,,,,,,,,,,,,,,,,,,,,,,,,,
2026-10-08,CSNAA5,COMPANHIA SIDERÚRGICA NACIONAL,COMPANHIA SIDERURGICA NACIONAL,Siderurgica Nacional,CVM FRE,IPCA_MAIS,S,Quirografária,N,COMPANHIA SIDERURGICA NACIONAL,33042730000104,,,552.338992,2034-04-15,,,,sem taxa indicativa,,,,,,,,,,,,,,,,,,,,,,,,,
2026-10-08,CSNAA6,COMPANHIA SIDERÚRGICA NACIONAL,COMPANHIA SIDERURGICA NACIONAL,Siderurgica Nacional,CVM FRE,IPCA_MAIS,S,Quirografária,N,COMPANHIA SIDERURGICA NACIONAL,33042730000104,,,504.372657,2034-11-15,,,,sem taxa indicativa,,,,,,,,,,,,,,,,,,,,,,,,,
2026-10-08,CSNAB4,COMPANHIA SIDERÚRGICA NACIONAL,COMPANHIA SIDERURGICA NACIONAL,Siderurgica Nacional,CVM FRE,IPCA_MAIS,S,Quirografária,N,COMPANHIA SIDERURGICA NACIONAL,33042730000104,,,556.200074,2033-07-15,,,,sem taxa indicativa,,,,,,,,,,,,,,,,,,,,,,,,,
2026-10-08,CSNAB5,COMPANHIA SIDERÚRGICA NACIONAL,COMPANHIA SIDERURGICA NACIONAL,Siderurgica Nacional,CVM FRE,IPCA_MAIS,S,Quirografária,N,COMPANHIA SIDERURGICA NACIONAL,33042730000104,,,545.797628,2039-04-15,,,,sem taxa indicativa,,,,,,,,,,,,,,,,,,,,,,,,,
2026-10-08,CSNAB6,COMPANHIA SIDERÚRGICA NACIONAL,COMPANHIA SIDERURGICA NACIONAL,Siderurgica Nacional,CVM FRE,IPCA_MAIS,S,Quirografária,N,COMPANHIA SIDERURGICA NACIONAL,33042730000104,,,,2039-11-15,,,,sem taxa indicativa,,,,,,,,,,,,,,,,,,,,,,,,,
2026-10-08,CSNAC4,COMPANHIA SIDERÚRGICA NACIONAL,COMPANHIA SIDERURGICA NACIONAL,Siderurgica Nacional,CVM FRE,IPCA_MAIS,S,Quirografária,N,COMPANHIA SIDERURGICA NACIONAL,33042730000104,,,,2038-07-15,,,,sem taxa indicativa,,,,,,,,,,,,,,,,,,,,,,,,,
2026-10-08,CSNP12,COMPANHIA ENERGÉTICA SINOP S.A.,COMPANHIA ENERGETICA SINOP S.A,Axia (ex-Eletrobras),CVM FRE,IPCA_MAIS,S,Real,S,COMPANHIA ENERGETICA SINOP S.A,19527586000175,7.0591,0.1347,1190.022876,2032-06-15,2029-05-15,37.83000000000003,2.7571,ok,,,12,2.7571764251438777,0.0027719394972197295,2.575377922235361,11.51574945912431,2.6340972445526356,1.3022249574961675,-1.273433121816081,-2.5189003379853525,-4.929099960827521,2.6329566695309827,1.302083647941586,-1.2732942742937752,-2.5177991749397397,-4.920440855288236,7.254106519287093,14.508213038574185,corrigido IPCA,1.0486812079541354,37.36413155063116,5.340967102802674,251.86202668040386,251.86202668040386
2026-10-08,CSRN29,COMPANHIA ENERGÉTICA DO R. G. N. - COSERN,COMPANHIA ENERGETICA DO RIO GRANDE DO NORTE-COSERN,Neoenergia,CVM FRE,IPCA_MAIS,S,Quirografária,N,COMPANHIA ENERGETICA DO RIO GRANDE DO NORTE-COSERN,08324196000181,7.1174,0.1025,1453.996662,2029-04-15,2028-08-15,43.28000000000003,1.4066,ok,,,6,1.406614416662992,0.0010249298302179143,1.3131521271642066,3.5385137649431937,1.3310705772747067,0.6610272704868692,-0.6521806512610251,-1.2956800802827018,-2.5572774420951516,1.3308446959889226,0.6609992057882823,-0.6521529213759244,-1.2954595583394906,-2.5555339790295495,24.314177742435366,48.62835548487073,corrigido IPCA,0.986373908016956,63.85642844545521,5.575135224315231,283.2148648279848,283.2148648279848
2026-10-08,CSRNA1,COMPANHIA ENERGÉTICA DO R. G. N. - COSERN,COMPANHIA ENERGETICA DO RIO GRANDE DO NORTE-COSERN,Neoenergia,CVM FRE,IPCA_MAIS,S,Quirografária,N,COMPANHIA ENERGETICA DO RIO GRANDE DO NORTE-COSERN,08324196000181,7.1242,0.1792,1164.518754,2028-06-15,2028-08-15,43.96000000000004,1.58,ok,,,4,1.5799662526884652,-0.00213590579334344,1.4748919970356513,3.637706651351243,1.4932894651832784,0.7420191060778958,-0.7329245588339695,-1.4569079074845614,-2.8786480018221705,1.4930805302924075,0.7419931318320148,-0.7328988652036366,-1.4567034637788951,-2.877029861044278,18.57135484976414,37.14270969952828,corrigido IPCA,1.0103832035511107,54.78148528405273,5.47086983931524,272.0942428735556,272.0942428735556
2026-10-08,CSRNA4,COMPANHIA ENERGÉTICA DO R. G. N. - COSERN,COMPANHIA ENERGETICA DO RIO GRANDE DO NORTE-COSERN,Neoenergia,CVM FRE,IPCA_MAIS,S,Quirografária,N,COMPANHIA ENERGETICA DO RIO GRANDE DO NORTE-COSERN,08324196000181,7.2793,0.2049,1052.962903,2031-03-15,2031-05-15,54.12999999999997,3.7894,ok,,,5,3.7893810762910256,-0.0004993853637645602,3.532257459072744,17.045491878205937,3.6191728337851004,1.7876447764491266,-1.7450275172965934,-3.4486614195132437,-6.736440654601694,3.6174849184637736,1.7874355943841296,-1.7448218646886147,-3.4470299996817144,-6.72360508058137,7.5536434705376765,15.107286941075353,corrigido IPCA,1.0279528768975277,53.362826983965675,5.458271371990553,273.2961811325373,273.2961811325373
2026-10-08,CSRNB2,COMPANHIA ENERGÉTICA DO R. G. N. - COSERN,COMPANHIA ENERGETICA DO RIO GRANDE DO NORTE-COSERN,Neoenergia,CVM FRE,IPCA_MAIS,S,Quirografária,N,COMPANHIA ENERGETICA DO RIO GRANDE DO NORTE-COSERN,08324196000181,7.5002,0.1214,1044.697239,2034-03-15,2033-05-15,76.9,5.3177,ok,,,15,5.317708472126767,0.00015931938180711172,4.946696352310755,32.37507667028281,5.112827490319294,2.5143431047201403,-2.4333939893860013,-4.788893841168784,-9.277784082386864,5.108571735662169,2.513817021993231,-2.432879330317524,-4.784820968959341,-9.245891171215854,7.55230357574596,15.10460715149192,corrigido IPCA,0.9346038848952715,74.71790509937203,5.604227095470815,300.8450453406971,300.8450453406971
2026-10-08,CSRNB3,COMPANHIA ENERGÉTICA DO R. G. N. - COSERN,COMPANHIA ENERGETICA DO RIO GRANDE DO NORTE-COSERN,Neoenergia,CVM FRE,IPCA_MAIS,S,Quirografária,N,COMPANHIA ENERGETICA DO RIO GRANDE DO NORTE-COSERN,08324196000181,7.5995,0.0768,982.660758,2035-11-15,2035-05-15,84.18999999999998,6.7696,ok,,,19,6.769649763718975,0.0007351057518288198,6.291525298648205,53.6510126203584,6.568792113600219,3.213937418154744,-3.0797800613490134,-6.031804456629242,-11.576524472951089,6.559780361749998,3.2128264150995505,-3.0786988835486544,-6.023270235546414,-11.510030344889243,6.829080598327167,13.658161196654333,corrigido IPCA,0.9434411077638831,85.93066670176599,5.66940616221614,314.85094904307965,314.85094904307965
2026-10-08,CSRNC0,COMPANHIA ENERGÉTICA DO R. G. N. - COSERN,COMPANHIA ENERGETICA DO RIO GRANDE DO NORTE-COSERN,Neoenergia,CVM FRE,IPCA_MAIS,S,Quirografária,N,COMPANHIA ENERGETICA DO RIO GRANDE DO NORTE-COSERN,08324196000181,7.1713,0.218,1196.253055,2029-07-15,2029-05-15,49.05,2.0862,ok,,,6,2.086214088639815,0.0006753254632932612,1.946616387633457,5.9652734382153945,1.9768534949207828,0.9808158011998858,-0.9659019758985421,-1.9171904890854963,-3.7770914180012327,1.976442754824534,0.9807647856144976,-0.9658516020189591,-1.91679002044238,-3.773927306502606,12.842791061494754,25.68558212298951,corrigido IPCA,1.0045731262638202,49.999975086516336,5.33444197206665,266.0516964799137,266.0516964799137
2026-10-08,CTEE18,ISA ENERGIA BRASIL S.A.,ISA ENERGIA BRASIL S.A.,ISA,CVM FRE,IPCA_MAIS,S,Quirografária,N,ISA ENERGIA BRASIL S.A.,02998611000104,6.5894,0.0792,1386.184307,2029-12-15,2028-08-15,-9.519999999999929,2.0492,ok,,,7,2.049203948194653,0.00019267004943352467,1.922521327819326,6.13700407407006,1.9536516310572294,0.9689872058828541,-0.9536439634039828,-1.8922698678925154,-3.7257259017369537,1.9532063481896764,0.9689319190022506,-0.9535894088170755,-1.891836307448976,-3.722302574157251,-1.4466866290419846,-2.8933732580839693,corrigido IPCA,0.9518087632931221,-5.5625717980085225,5.338565405948992,200.39470648626357,200.39470648626357
2026-10-08,CTEE1B,ISA ENERGIA BRASIL S.A.,ISA ENERGIA BRASIL S.A.,ISA,CVM FRE,IPCA_MAIS,S,Quirografária,N,ISA ENERGIA BRASIL S.A.,02998611000104,6.7532,0.1378,1268.614372,2031-10-15,2031-05-15,1.5199999999999214,4.2692,ok,,,11,4.269279525225174,0.001862766447436517,3.9992051996803597,21.524707104307215,4.109170851103872,2.0267985273785705,-1.972981455985734,-3.8938388803726465,-7.58565082767082,4.106828735201896,2.0265084837205642,-1.972696715959796,-3.891581664158824,-7.567916257274576,-0.013171087055336329,-0.026342174110672658,corrigido IPCA,0.9876907102017782,-0.10534775967428744,5.512863502903853,211.36776935742182,211.36776935742182
2026-10-08,CTEE29,ISA ENERGIA BRASIL S.A.,ISA ENERGIA BRASIL S.A.,ISA,CVM FRE,IPCA_MAIS,S,Quirografária,N,ISA ENERGIA BRASIL S.A.,02998611000104,6.8902,0.1272,1049.953205,2044-05-15,2035-05-15,13.260000000000005,6.6632,ok,,,36,6.663197126363844,-4.312696835901703e-05,6.233683842264159,65.54874953304223,6.576301111623528,3.2006015985720504,-3.0366623446807517,-5.9197343980525785,-11.262837075507159,6.561427589929371,3.1987778580483823,-3.0349059842157766,-5.9059400945989475,-11.156392693867474,1.5127768608052834,3.025553721610567,corrigido IPCA,0.9215681615761186,18.86034534830598,5.666549582134217,235.01316825996702,235.01316825996702
2026-10-08,CTEE2B,ISA ENERGIA BRASIL S.A.,ISA ENERGIA BRASIL S.A.,ISA,CVM FRE,IPCA_MAIS,S,Quirografária,N,ISA ENERGIA BRASIL S.A.,02998611000104,7.0172,0.1993,1204.989559,2039-10-15,2037-05-15,24.50000000000001,8.3403,ok,,,27,8.340287334530023,-0.00015185868584960174,7.793408288135014,84.04656559281118,8.231527646753257,4.003959841330795,-3.7937701356780873,-7.389888299174263,-14.03528548199915,8.21364111609907,4.001762351058521,-3.7916459370764932,-7.373175460170958,-13.905885264413806,1.945620432106732,3.891240864213464,corrigido IPCA,0.9381550715800658,30.326028802290864,5.688622946643651,249.1578621218702,249.1578621218702
2026-10-08,CTGE11,COMPANHIA DE GERACAO E TRANSMISSAO DE ENERGIA ELETRICA DO SUL DO BRASIL ELETROSUL,AXIA ENERGIA SUL S.A.,Axia (ex-Eletrobras),CVM FRE,IPCA_MAIS,S,Quirografária,N,AXIA ENERGIA SUL S.A.,02016507000169,6.7353,0.1123,1384.136554,2028-11-15,2027-05-15,127.87999999999995,0.9335,ok,,,5,0.9334750808724426,-0.0026694298401093953,0.8745701570824672,2.0457024279873735,0.8849157434849042,0.43985675984046235,-0.4347423443508691,-0.8644561681919183,-1.7091325707675464,0.884798669222404,0.43984220657621786,-0.43472795050624935,-0.8643416449425303,-1.708226265605187,21.739723299721774,43.47944659944355,corrigido IPCA,0.9882776182631959,38.025826442334086,6.143125320865694,259.54217239507744,259.54217239507744
2026-10-08,CTGE13,COMPANHIA DE GERACAO E TRANSMISSAO DE ENERGIA ELETRICA DO SUL DO BRASIL ELETROSUL,AXIA ENERGIA SUL S.A.,Axia (ex-Eletrobras),CVM FRE,IPCA_MAIS,S,Quirografária,N,AXIA ENERGIA SUL S.A.,02016507000169,6.6742,0.0694,1400.644768,2029-09-15,2029-05-15,-0.6599999999999717,2.725,ok,,,6,2.7249631323747328,-0.001352940376782895,2.5544725269790938,9.193749374245412,2.601150057753987,1.2888164343390018,-1.2658308574720722,-2.5091933013879464,-4.930512087843331,2.6004412738503206,1.2887284502073537,-1.26574407677174,-2.5085037801078665,-4.925070066473279,-1.1223343995831563,-2.2446687991663126,corrigido IPCA,0.9697997083669041,-5.733944779637498,5.338362592251755,201.5439324312298,201.5439324312298
2026-10-08,CTGE15,COMPANHIA DE GERACAO E TRANSMISSAO DE ENERGIA ELETRICA DO SUL DO BRASIL ELETROSUL,AXIA ENERGIA SUL S.A.,Axia (ex-Eletrobras),CVM FRE,IPCA_MAIS,S,Quirografária,N,AXIA ENERGIA SUL S.A.,02016507000169,6.8675,0.1417,1127.607234,2031-04-15,2031-05-15,12.949999999999928,3.8456,ok,,,10,3.8456649854116485,0.0016898640432791742,3.598535556096707,17.737575011255064,3.689010596550224,1.8216612000405474,-1.7773134706954519,-3.511574148969998,-6.855899661111897,3.687223431152982,1.8214397468124224,-1.7770958092842843,-3.5098476810404318,-6.842319611968311,1.6203793569589098,3.2407587139178196,corrigido IPCA,1.0108632610419046,11.66198546076351,5.4649820799501425,224.39570764750775,224.39570764750775
2026-10-08,CTNSA3,ENERGISA TOCANTINS - DISTRIBUIDORA DE ENERGIA S.A,ENERGISA TOCANTINS DISTRIBUIDORA DE ENERGIA S/A,Energisa,inferido,IPCA_MAIS,S,Quirografária,N,ENERGISA TOCANTINS DISTRIBUIDORA DE ENERGIA S/A,25086034000171,7.4321,0.0488,1076.063233,2035-05-15,2033-05-15,70.08999999999999,5.7684,ok,,,18,5.768430765470117,0.0005333449503721414,5.369373553593494,39.610587626974066,5.573267823963213,2.7349212142828705,-2.635877401430209,-5.176884274245641,-9.990002931588238,5.567426491728365,2.7342000113304645,-2.6351735422630296,-5.171320615458623,-9.946535354647507,6.375423323718348,12.750846647436695,corrigido IPCA,1.0216475284185993,68.46405877467286,5.631198436602358,293.84003352837647,293.84003352837647
2026-10-08,CTNSA5,ENERGISA TOCANTINS - DISTRIBUIDORA DE ENERGIA S.A,ENERGISA TOCANTINS DISTRIBUIDORA DE ENERGIA S/A,Energisa,inferido,IPCA_MAIS,S,Quirografária,S,ENERGISA TOCANTINS DISTRIBUIDORA DE ENERGIA S/A,25086034000171,7.585,0.1393,977.509819,2036-02-15,2035-05-15,82.74,6.9528,ok,,,19,6.952823267660994,0.0003346516654349879,6.462632586011986,56.077963619149685,6.752622498131067,3.302596980699324,-3.162369735308146,-6.191325119163671,-11.874437581874297,6.743022404107735,3.3014137475299297,-3.1612188384820565,-6.182242767916238,-11.80370589964098,6.551449910497583,13.102899820995166,corrigido IPCA,0.9508284332232882,84.67922735441398,5.673753998976894,313.4107261193651,313.4107261193651
2026-10-08,CTRR11,CANTAREIRA TRANSMISSORA DE ENERGIA S/A,CANTAREIRA TRANSMISSORA DE ENERGIA S/A,Isolada (a identificar),,IPCA_MAIS,S,Real,S,CANTAREIRA TRANSMISSORA DE ENERGIA S/A,20732109000120,6.234,0.1282,716.403897,2032-08-15,2029-05-15,-44.679999999999964,2.7375,ok,,,12,2.737560873039685,0.0022236726825710664,2.5769159337309007,11.600051097364465,2.636072458756411,1.3031012769304517,-1.2740986383865338,-2.5200317553503604,-4.930606334542686,2.634916189217723,1.302958030737156,-1.2739579029937447,-2.5189156782440785,-4.921830845514512,-8.728346781100663,-17.456693562201327,corrigido IPCA,1.0274722443732702,-44.98443179069424,5.3393644186310985,154.91196744316295,154.91196744316295
2026-10-08,CUTI11,CUTIA EMPREENDIMENTOS EÓLICOS S.A.,CUTIA EMPREENDIMENTOS EOLICOS S.A.,Isolada (a identificar),,IPCA_MAIS,S,Real,N,CUTIA EMPREENDIMENTOS EOLICOS S.A.,10979076000164,6.8951,0.0686,831.230802,2031-12-15,2029-05-15,21.43000000000006,2.502,ok,,,11,2.502031858150735,0.0012733073835033307,2.34064223537911,9.881443201400968,2.3909716080348975,1.1827872270143036,-1.158081736004346,-2.2921270329447463,-4.490676550082917,2.390049451386115,1.1826729216913061,-1.1579693136878038,-2.291235019372105,-4.4836556067302,4.691688440291857,9.383376880583715,corrigido IPCA,0.9946527217222679,21.963128237174125,5.32493750197216,233.32358374956223,233.32358374956223
2026-10-08,CYAR11,AMBIENTAL CEARA 1 SPE S.A.,AMBIENTAL CEARA 1 SPE S.A.,Isolada (a identificar),,IPCA_MAIS,S,Real,S,AMBIENTAL CEARA 1 SPE S.A.,48569940000122,11.5062,0.1971,79.943057,2045-12-15,2037-05-15,473.4,7.3544,ok,,,39,7.354478147657988,0.0010625973293307866,6.5955777774312,71.95378095071045,6.972137780333099,3.389789127895293,-3.209827053448977,-6.251356675960973,-11.87196566421701,6.955346682184752,3.3877311149039877,-3.2078466625272117,-6.235808872677647,-11.75207993584819,36.49305248700901,72.98610497401802,corrigido IPCA,0.7688063462093018,481.385532027894,5.681024563992354,779.1041424768022,779.1041424768022
2026-10-08,DESK17,DESKTOP S/A,DESKTOP S/A,Desktop,CVM FRE,IPCA_MAIS,S,Quirografária,N,DESKTOP S/A,08170849000115,7.0002,0.0856,1147.065612,2031-06-15,2030-08-15,25.020000000000042,3.1796,ok,,,10,3.179641344742054,0.0013003126825378204,2.971621870559171,12.850417718330668,3.0370569091285438,1.5020206196377561,-1.4698922178934426,-2.908514992678024,-5.695252697857612,3.035873959150824,1.5018739574274989,-1.469747913131672,-2.907369781967518,-5.686235386751728,4.445595051780006,8.891190103560012,corrigido IPCA,1.0370786047530913,26.42125496703819,5.38446929238825,240.2554010078844,240.2554010078844
2026-10-08,DESK18,DESKTOP S/A,DESKTOP S/A,Desktop,CVM FRE,IPCA_MAIS,S,Real,N,DESKTOP S/A,08170849000115,7.0396,0.123,1116.524138,2032-06-15,2031-05-15,30.159999999999965,4.2411,ok,,,12,4.241080179615937,-0.00046734064424079413,3.962159966606693,21.626788407816086,4.072701092177988,2.0084114984981083,-1.9543389402869038,-3.8563437676582657,-7.509986112175904,4.070293908645774,2.0081134688131166,-1.9540464977935763,-3.8540260245676126,-7.491784165057064,3.6703054062165137,7.340610812433027,corrigido IPCA,1.06195639373814,29.084674291462374,5.509846775608929,245.61385672323473,245.61385672323473
2026-10-08,DESK19,DESKTOP S/A,DESKTOP S/A,Desktop,CVM FRE,IPCA_MAIS,S,Quirografária,S,DESKTOP S/A,08170849000115,7.2018,0.089,1089.339505,2032-09-15,2032-08-15,45.640000000000036,4.4817,ok,,,12,4.481778346722777,0.001748147416760522,4.180693184930456,23.625808406038864,4.301535497546705,2.120214689098643,-2.0611436998907884,-4.065173868002914,-7.909354878332864,4.29882222696065,2.1198788529727763,-2.0608143319576793,-4.0625641429002615,-7.888870201740134,5.398505822063412,10.797011644126824,corrigido IPCA,1.0444168850415465,45.13899299821579,5.534699300206336,264.9177527242127,264.9177527242127
2026-10-08,EBAS13,EMPRESA BAIANA DE AGUAS E SANEAMENTO SA,EMPRESA BAIANA DE AGUAS E SANEAMENTO SA,Isolada (a identificar),,IPCA_MAIS,S,Quirografária,N,EMPRESA BAIANA DE AGUAS E SANEAMENTO SA,13504675000110,7.6079,0.1011,1220.537839,2035-11-15,2030-08-15,85.78999999999999,3.6104,ok,,,19,3.61037912818225,-0.0005781026409727223,3.3551246034745126,20.245447699489233,3.4590214556962984,1.70319897121467,-1.6525779089168524,-3.2564478200322267,-6.325295774322026,3.4563518419719585,1.7028691113616177,-1.6522554921128947,-3.253897364977066,-6.30534025295924,13.315876864090562,26.631753728181124,corrigido IPCA,1.068485003087272,89.35285216709457,5.436589895171795,315.0457878232507,315.0457878232507
2026-10-08,EBENA8,EDP SÃO PAULO DISTRIBUIÇÃO DE ENERGIA S.A.,EDP SAO PAULO DISTRIBUICAO DE ENERGIA S/A,EDP,CVM FRE,IPCA_MAIS,S,Quirografária,N,EDP SAO PAULO DISTRIBUICAO DE ENERGIA S/A,02302100000106,6.9266,0.151,1135.18757,2036-12-15,2035-05-15,16.89999999999996,6.7221,ok,,,21,6.7220705534057625,-0.0004380564739835411,6.286621433212842,54.11601707616456,6.5664565742430625,3.212096372654627,-3.0767750273770877,-6.024795207728905,-11.559088966808206,6.557201518593665,3.210955737951627,-3.0756656952612156,-6.01604134783202,-11.490922524902395,1.498102436828603,2.996204873657206,corrigido IPCA,1.0463138274344925,18.836005777030167,5.668160402933653,235.85355415118545,235.85355415118545
2026-10-08,ECER12,CONCESSIONARIA ECOVIAS DO CERRADO S.A.,CONCESSIONARIA ECOVIAS DO CERRADO S.A.,EcoRodovias,CVM FRE,IPCA_MAIS,S,Quirografária,N,CONCESSIONARIA ECOVIAS DO CERRADO S.A.,35593905000105,6.5271,0.0567,1386.989962,2027-09-15,2027-05-15,107.05999999999997,0.9246,ok,,,1,0.9246031746031745,0.0003433488183604295,0.8679511360049926,1.5681094595693066,0.8758641018932423,0.43594471525618683,-0.4320243590460682,-0.8601816856608879,-1.7051037147418957,0.8757916833028392,0.435935704826958,-0.4320154311780347,-0.8601105887071461,-1.704540082818599,24.80574471710825,49.6114894342165,corrigido IPCA,1.2065915438169916,43.0603486133279,6.159423940286635,260.6336019196325,260.6336019196325
2026-10-08,ECHP11,ECHOENERGIA PARTICIPACOES S/A,ECHOENERGIA PARTICIPACOES S/A,Echoenergia,inferido,IPCA_MAIS,S,Quirografária,S,ECHOENERGIA PARTICIPACOES S/A,24743678000122,7.2471,0.1737,996.141454,2030-06-15,2028-08-15,56.25,1.9324,ok,,,8,1.9323881780370973,-0.0006117761800152116,1.8018092592126942,6.026865315259638,1.832405623786082,0.9084955580266119,-0.8934275953561999,-1.7721241755934591,-3.4866259596373683,1.8319435857889925,0.9084382112504217,-0.8933710479622724,-1.7716749326363956,-3.4830812121201955,17.91496176515631,35.82992353031262,corrigido IPCA,1.0155606092516591,64.55868797380006,5.356437463717967,282.69659996714984,282.69659996714984
2026-10-08,ECHP12,ECHOENERGIA PARTICIPACOES S/A,ECHOENERGIA PARTICIPACOES S/A,Echoenergia,inferido,IPCA_MAIS,S,Quirografária,N,ECHOENERGIA PARTICIPACOES S/A,24743678000122,7.265,0.2313,913.997358,2030-12-15,2028-08-15,58.040000000000006,1.7065,ok,,,9,1.7065729116677695,0.0042725852780293415,1.590987658292798,5.3068069308176735,1.617928999318341,0.8021778899384602,-0.7889101649575236,-1.5648496037784398,-3.0789634828183754,1.6175216929468863,0.8021273378099211,-0.7888603204828769,-1.5644536236387099,-3.0758391779692427,21.184686682329854,42.36937336465971,corrigido IPCA,0.9745211171224908,67.40915011277319,5.417149375524866,286.8985091133485,286.8985091133485
2026-10-08,ECHP22,ECHOENERGIA PARTICIPACOES S/A,ECHOENERGIA PARTICIPACOES S/A,Echoenergia,inferido,IPCA_MAIS,S,Quirografária,N,ECHOENERGIA PARTICIPACOES S/A,24743678000122,7.1874,0.0793,915.032938,2031-01-15,2028-08-15,50.28000000000006,1.7119,ok,,,10,1.711873414531415,-0.0015529802316156041,1.5970845589420164,5.354147149807752,1.6242686810627793,0.8052862678064932,-0.7919001773510015,-1.57071564339335,-3.090256287382598,1.623855294691055,0.805234963408268,-0.7918495955337483,-1.5703138231929776,-3.0870861748878773,18.65343283703473,37.30686567406946,corrigido IPCA,0.9756252855112835,59.582219110580276,5.4152472674608765,277.6718990204722,277.6718990204722
2026-10-08,ECOC13,ECO101 CONCESSIONARIA DE RODOVIAS S/A.,ECO101 CONCESSIONARIA DE RODOVIAS S/A.,EcoRodovias,CVM FRE,IPCA_MAIS,S,Quirografária,N,ECO101 CONCESSIONARIA DE RODOVIAS S/A.,15484093000144,7.6908,0.1754,1069.374342,2030-06-15,2030-08-15,94.08000000000003,3.6468,ok,,,1,3.6468253968253967,0.0006964139902634731,3.386385277874616,14.61215029704759,3.46074300871011,1.7116186907947695,-1.6750858528991497,-3.314582093430929,-6.490436954246725,3.4594460293598535,1.7114578268086174,-1.6749274510659984,-3.313324526389378,-6.480527549808279,13.718913820522918,27.437827641045835,corrigido IPCA,1.0626080899128614,92.91505558049883,5.4410360922920065,319.6985423785424,319.6985423785424
2026-10-08,ECOV16,CONCESSIONÁRIA ECOVIAS DOS IMIGRANTES S/A,CONCESSIONARIA ECOVIAS DOS IMIGRANTES S.A.,EcoRodovias,CVM FRE,IPCA_MAIS,S,Quirografária,N,CONCESSIONARIA ECOVIAS DOS IMIGRANTES S.A.,02509491000126,7.8061,0.0656,1058.945461,2033-02-15,2031-05-15,106.80999999999995,4.1663,ok,,,13,4.166278279602669,-0.0005213354134484959,3.8646034682663313,21.145362758848368,3.9727362232258923,1.9590312262971032,-1.9061620703072935,-3.7611905621629083,-7.324461682487993,3.9703302820605733,1.958733437581726,-1.905870030684605,-3.758876654472089,-7.306299681355695,13.714472605522271,27.428945211044542,corrigido IPCA,0.9433108170593397,106.00199679348991,5.5017161984897145,335.94501790526033,335.94501790526033
2026-10-08,ECPN11,CONCESSIONARIA PONTE RIO-NITEROI S.A. - ECOPONTE,CONCESSIONARIA PONTE RIO-NITEROI S/A - ECOPONTE,EcoRodovias,CVM FRE,IPCA_MAIS,S,Real,N,CONCESSIONARIA PONTE RIO-NITEROI S/A - ECOPONTE,22163297000149,8.4282,0.1579,1154.951352,2034-10-15,2031-05-15,169.01999999999998,4.2196,ok,,,9,4.219643249045655,0.0010249560540099242,3.8916474211004655,24.551851392897767,4.017648063411761,1.9769141224178055,-1.9155256215090177,-3.771987508623098,-7.316517443164406,4.0144066780649545,1.976513524791355,-1.9151338963091107,-3.7688881641359773,-7.2922578143429755,21.67911579151091,43.35823158302182,corrigido IPCA,0.8846207811692925,168.73495012354363,5.507535565492883,409.80593293004466,409.80593293004466
2026-10-08,ECRD14,ECORIOMINAS CONCESSIONARIA DE RODOVIAS S.A.,ECORIOMINAS CONCESSIONARIA DE RODOVIAS S.A.,EcoRodovias,CVM FRE,IPCA_MAIS,S,Real,N,ECORIOMINAS CONCESSIONARIA DE RODOVIAS S.A.,29884545000190,8.3076,0.1132,1090.742506,2047-09-15,2040-08-15,164.10000000000008,8.8465,ok,,,42,8.846525560736682,0.0002889361519361277,8.167963800081141,102.37660213743541,8.70696107927371,4.215267891074426,-3.9591865971823736,-7.680955607247409,-14.479386878641032,8.679846810768318,4.211952652712365,-3.9560111473687765,-7.6560807893939655,-14.288395557413574,9.956706696284023,19.913413392568046,corrigido IPCA,1.01255121298018,162.65203972654678,5.688504542037842,403.83612315937495,403.83612315937495
2026-10-08,EDFT11,EDF OITI TRANSMISSORA S.A.,ACU TRANSMISSORA S.A.,Isolada (a identificar),,IPCA_MAIS,S,Real,N,ACU TRANSMISSORA S.A.,49008174000190,7.2883,0.0584,1268.170548,2049-05-15,2035-05-15,53.06999999999995,6.7152,ok,,,46,6.715209769454324,0.0001454827007942891,6.259032689915232,75.2058230984789,6.654670056761924,3.22592122517662,-3.037805827536877,-5.900996320543306,-11.152117582887266,6.635061805407627,3.2235236238307143,-3.0355090660845176,-5.883003574422838,-11.013948917860887,4.8685599378814794,9.737119875762959,corrigido IPCA,1.1383118256546287,60.9449516080237,5.66797666665757,284.04448632718413,284.04448632718413
2026-10-08,EDPA11,EDP TRANSMISSAO ALIANCA SC S.A.,EDP TRANSMISSAO ALIANCA SC S.A.,EDP,inferido,IPCA_MAIS,S,Real,N,EDP TRANSMISSAO ALIANCA SC S.A.,27831352000145,6.7561,0.1643,1507.187643,2044-10-15,2035-05-15,-0.15000000000000568,6.5714,ok,,,37,6.571464798814267,0.0009860732000371575,6.15558717376737,65.12608805783945,6.496156017605315,3.1610324367390197,-2.998148723078009,-5.843798059449934,-11.115413776906324,6.4812176140565665,3.1592011969559843,-2.9963859768113856,-5.829956733478173,-11.00865258637795,0.44438658252110774,0.8887731650422155,corrigido IPCA,1.142407000573943,5.470920695122492,5.663882397512765,219.1782529287193,219.1782529287193
2026-10-08,EDPT11,EDP TRANSMISSÃO S.A.,HORIZON TRANSMISSAO ES S.A.,Isolada (a identificar),,IPCA_MAIS,S,Real,N,HORIZON TRANSMISSAO ES S.A.,04705039000165,6.7873,0.1824,874.439195,2033-05-15,2030-08-15,3.730000000000011,3.1762,ok,,,14,3.1762235865709565,0.0007426034555871051,2.9743458131921643,15.52595602277844,3.0537278789237954,1.5067972223744786,-1.4679781201680675,-2.898400888612307,-5.651395620016153,3.0519755933060564,1.5065803516245553,-1.4677654615676092,-2.896716033078272,-5.63817250592876,1.3130082325551256,2.626016465110251,corrigido IPCA,1.035193240559459,7.810681078374363,5.384071134624646,218.15595510453957,218.15595510453957
2026-10-08,EDTE12,EDTE - EMPRESA DIAMANTINA DE TRANSMISSAO DE ENERGIA S.A.,EDTE -  EMPRESA DIAMANTINA DE TRANSMISSAO DE ENERGIA S.A.,Isolada (a identificar),,IPCA_MAIS,S,Quirografária,S,EDTE -  EMPRESA DIAMANTINA DE TRANSMISSAO DE ENERGIA S.A.,24870962000160,6.5311,0.0815,1037.420159,2028-12-15,2028-08-15,-15.34999999999993,1.4971,ok,,,5,1.4939595848627323,-0.20976655782965836,1.4023694347122413,3.6721238879183162,1.4209545080865915,0.7058027667455002,-0.696622138024694,-1.3842281644109278,-2.7330314321763916,1.4207300541518328,0.7057748722160185,-0.6965945624962228,-1.38400881527265,-2.731296391666117,-0.5103442498802139,-1.0206884997604277,sem correção,0.9993042188112253,-1.4313823544263165,5.517624097312801,206.37144912350143,206.37144912350143
2026-10-08,EDVP17,ENERGISA SUL-SUDESTE - DISTRIBUICAO DE ENERGIA S.A,ENERGISA SUL-SUDESTE - DISTRIBUIDORA DE ENERGIA SA,Energisa,CVM FRE,IPCA_MAIS,S,Quirografária,N,ENERGISA SUL-SUDESTE - DISTRIBUIDORA DE ENERGIA SA,07282377000120,7.3378,0.1102,1212.642708,2032-01-15,2031-05-15,59.97999999999992,3.7112,ok,,,11,3.71119728069564,-7.3272913340982e-05,3.4574933347764163,16.634263548192052,3.542334626187693,1.7497464131489116,-1.7081571826506714,-3.37593481652797,-6.594985701999212,3.540664652517377,1.7495394968234483,-1.7079538379529684,-3.374322017035456,-6.582301398588992,8.547699002943418,17.095398005886835,corrigido IPCA,0.9713436005485214,59.10722466070377,5.448854774575085,279.90607239429426,279.90607239429426
2026-10-08,EEELA0,CPFL TRANSMISSAO S.A,CPFL TRANSMISSAO S.A.,CPFL,CVM FRE,IPCA_MAIS,S,Quirografária,N,CPFL TRANSMISSAO S.A.,92715812000131,6.8718,0.0677,1140.035419,2033-10-15,2032-08-15,12.640000000000029,4.9168,ok,,,15,4.916846679186099,0.000949381428951471,4.60069604814937,28.80438947210728,4.7483568002877785,2.3368034982996555,-2.264783078692323,-4.4601616866596805,-8.652633407631605,4.744717995509906,2.3363535109148192,-2.2643425372345507,-4.456674100788834,-8.625304306856595,1.2820655538308814,2.5641311076617628,corrigido IPCA,0.9968919487458351,11.796787853956339,5.574172896781304,226.34810210455137,226.34810210455137
2026-10-08,EEELA1,CPFL TRANSMISSAO S.A,CPFL TRANSMISSAO S.A.,CPFL,CVM FRE,IPCA_MAIS,S,Quirografária,N,CPFL TRANSMISSAO S.A.,92715812000131,7.0273,0.086,1093.521437,2034-04-15,2033-05-15,29.610000000000003,5.2531,ok,,,16,5.253115973825857,0.0003040837954106871,4.908201901595066,32.64461712974011,5.075780310196021,2.4954450317491217,-2.4138216440928617,-4.749144513712378,-9.196122058060208,5.071424987243766,2.4949067222097083,-2.413295179385358,-4.744978815946366,-9.16351146059533,2.791189421516617,5.582378843033234,corrigido IPCA,0.9828982705661715,27.39944245279978,5.599784078458403,245.1019042763277,245.1019042763277
2026-10-08,EEELA4,CPFL TRANSMISSAO S.A,CPFL TRANSMISSAO S.A.,CPFL,CVM FRE,IPCA_MAIS,S,Quirografária,N,CPFL TRANSMISSAO S.A.,92715812000131,6.986,0.0992,1125.026484,2035-02-15,2033-05-15,25.479999999999947,5.7125,ok,,,17,5.712471038889791,-0.0005069778592482751,5.339456600760651,38.45131830477989,5.537251467273929,2.718476418752225,-2.622332025321461,-5.152480566651263,-9.951163206063962,5.531713192284551,2.7177924482613003,-2.6216641524993505,-5.147200009236752,-9.909886835425704,2.2227102106373042,4.4454204212746085,corrigido IPCA,1.0504364067565664,23.7361294115309,5.628218338474578,241.18989957558006,241.18989957558006
2026-10-08,EEELB1,CPFL TRANSMISSAO S.A,CPFL TRANSMISSAO S.A.,CPFL,CVM FRE,IPCA_MAIS,S,Quirografária,N,CPFL TRANSMISSAO S.A.,92715812000131,7.1962,0.097,1058.532949,2039-04-15,2037-05-15,42.400000000000034,7.9985,ok,,,26,7.998469611568845,-0.0003799266256741741,7.461523460317478,77.2985097449912,7.863841358298385,3.8293303031707193,-3.636021343696527,-7.089852455520695,-13.491958980436625,7.848016009042434,3.827384867339978,-3.6341385929774996,-7.075030911592521,-13.377076725735131,3.197385607486607,6.394771214973214,corrigido IPCA,0.9514493061843086,47.71473544388553,5.68735331149226,269.70813819238623,269.70813819238623
2026-10-08,EEELB5,CPFL TRANSMISSAO S.A,CPFL TRANSMISSAO S.A.,CPFL,CVM FRE,IPCA_MAIS,S,Quirografária,N,CPFL TRANSMISSAO S.A.,92715812000131,6.9891,0.0731,1079.547892,2035-05-15,2033-05-15,25.789999999999935,5.8525,ok,,,18,5.852556161025525,0.000959607441694867,5.470235903494399,40.665136211265185,5.679582230876035,2.7866926971551242,-2.685011947957072,-5.2726441522610195,-10.171964947760658,5.6735615845507255,2.785949372011281,-2.684286531483118,-5.2669102224380735,-10.127169082763494,2.2003339450574617,4.400667890114923,corrigido IPCA,1.0238677297690721,24.0726914918616,5.6354918708309,241.6875882951163,241.6875882951163
2026-10-08,EGIE27,ENGIE BRASIL ENERGIA S.A.,ENGIE BRASIL ENERGIA SA,Engie,CVM FRE,IPCA_MAIS,S,Quirografária,N,ENGIE BRASIL ENERGIA SA,02474103000119,6.1389,0.4088,1025.156737,2028-07-15,2027-05-15,68.23999999999995,1.0684,ok,,,2,1.0684478258476087,0.0044763990648307075,1.0066505549309526,2.153138430251388,1.0175317427995045,0.5060310614066754,-0.500648065708198,-0.9959979631460669,-1.9711338521977484,1.0174162470822095,0.5060167005032905,-0.5006338544276621,-0.9958848627796958,-1.9702383412568776,-5.313431301499141,-10.626862602998282,corrigido IPCA,1.011345282436906,-10.697537136483207,5.925651395101461,196.7317715336242,196.7317715336242
2026-10-08,EGIE29,ENGIE BRASIL ENERGIA S.A.,ENGIE BRASIL ENERGIA SA,Engie,CVM FRE,IPCA_MAIS,S,Quirografária,N,ENGIE BRASIL ENERGIA SA,02474103000119,6.6606,0.0859,1419.460394,2029-07-15,2028-08-15,-2.400000000000002,1.6826,ok,,,3,1.6826332540020372,0.001976346252058172,1.577558399260868,4.5417528961394,1.600572309230519,0.7944942935556476,-0.7831394394630431,-1.5551472274773492,-3.066633331385682,1.6002671637415649,0.7944563907506083,-0.7831020085102596,-1.5548496347801708,-3.0642817405989478,3.3899950589558703,6.7799901179117406,corrigido IPCA,0.9653746134476575,10.69583035741735,5.426067782216304,219.46676056532533,219.46676056532533
2026-10-08,EGIE49,ENGIE BRASIL ENERGIA S.A.,ENGIE BRASIL ENERGIA SA,Engie,CVM FRE,IPCA_MAIS,S,Quirografária,N,ENGIE BRASIL ENERGIA SA,02474103000119,6.565,0.1103,1416.940085,2029-07-15,2028-08-15,-11.959999999999926,1.6665,ok,,,6,1.666487477649411,-0.0007514161769653822,1.5638225286439364,4.505046405242808,1.5866506828280835,0.7875801987698328,-0.7763171140215519,-1.5415927153715425,-3.0398785188567534,1.5863477606701506,0.7875425723285217,-0.7762799563154147,-1.5412972966177223,-3.0375441291830168,0.44097551179637257,0.8819510235927451,corrigido IPCA,0.9636605586248339,1.3792148798549149,5.432393345861852,208.5716425483849,208.5716425483849
2026-10-08,EGIEA0,ENGIE BRASIL ENERGIA S.A.,ENGIE BRASIL ENERGIA SA,Engie,CVM FRE,IPCA_MAIS,S,Quirografária,N,ENGIE BRASIL ENERGIA SA,02474103000119,7.0454,0.2131,1056.111839,2046-09-15,2040-08-15,37.88,9.0159,ok,,,20,9.01592176167997,0.00024137002372636755,8.422521436399855,109.95647982874979,9.00265951662298,4.35241531671402,-4.077362967299147,-7.900512970837525,-14.858895664766036,8.972303835543602,4.348706317985865,-4.0738151184139895,-7.872739037256106,-14.645913276224714,2.192385949643027,4.384771899286054,corrigido IPCA,0.894271500917965,36.9308353154605,5.688033772987255,255.78110633120522,255.78110633120522
2026-10-08,EGIEA1,ENGIE BRASIL ENERGIA S.A.,ENGIE BRASIL ENERGIA SA,Engie,CVM FRE,IPCA_MAIS,S,Quirografária,N,ENGIE BRASIL ENERGIA SA,02474103000119,6.6427,0.1158,1161.189531,2033-11-15,2032-08-15,-10.270000000000046,4.9661,ok,,,8,4.966098947710437,-2.118945577095905e-05,4.656764080157795,29.612050892616537,4.808614998764416,2.3658658122919007,-2.291825734653463,-4.512335194547434,-8.749736331289782,4.804824334620878,2.365397103694668,-2.291366976463127,-4.508703825694712,-8.72128714246326,-1.1950864672411299,-2.3901729344822598,corrigido IPCA,1.0178848301166064,-11.130471466662337,5.578188698972486,199.44015235656954,199.44015235656954
2026-10-08,EGIEA6,ENGIE BRASIL ENERGIA S.A.,ENGIE BRASIL ENERGIA SA,Engie,CVM FRE,IPCA_MAIS,S,Quirografária,N,ENGIE BRASIL ENERGIA SA,02474103000119,7.1844,0.1787,994.301201,2038-02-15,2037-05-15,41.220000000000034,7.5617,ok,,,11,7.561768274329693,0.0009028965668159131,7.0549149636791295,66.83075746856497,7.401630314088048,3.6125420954508547,-3.4454190470681434,-6.7325836939095325,-12.865061993628913,7.389068751021954,3.610995928675271,-3.443919035003858,-6.720761176336304,-12.773214777986958,3.2133848793307385,6.426769758661477,corrigido IPCA,0.9682864733314996,45.340314138501356,5.683705374411496,267.0762973828824,267.0762973828824
2026-10-08,EGIEB1,ENGIE BRASIL ENERGIA S.A.,ENGIE BRASIL ENERGIA SA,Engie,CVM FRE,IPCA_MAIS,S,Quirografária,N,ENGIE BRASIL ENERGIA SA,02474103000119,7.0573,0.1684,1117.502659,2038-11-15,2037-05-15,28.50999999999999,7.7731,ok,,,13,7.773142763536944,0.0005501477781521709,7.260731181840887,73.37345377932957,7.6422303930023805,3.7238818775865434,-3.540391648489738,-6.907589599229946,-13.160460794798666,7.627598450737535,3.7220824081446056,-3.538648773696282,-6.89386391294424,-13.053993288095183,2.3036565340277493,4.607313068055499,corrigido IPCA,0.9795894446656963,33.452461657733565,5.685785234710328,252.98690961067857,252.98690961067857
2026-10-08,EGIEB2,ENGIE BRASIL ENERGIA S.A.,ENGIE BRASIL ENERGIA SA,Engie,CVM FRE,IPCA_MAIS,S,Quirografária,N,ENGIE BRASIL ENERGIA SA,02474103000119,6.836,0.224,1127.442852,2034-06-15,2033-05-15,10.48,5.4332,ok,,,8,5.433229968067914,0.0005515730676846788,5.085579737230815,34.37821244875668,5.262136754568747,2.5863392312968747,-2.5003808110335757,-4.918148283081036,-9.518494743943318,5.257470799474598,2.585762634176353,-2.499817103054462,-4.913688674987031,-9.483595225486496,0.8311575122492421,1.6623150244984841,corrigido IPCA,1.0184822024888875,8.453835605483837,5.611802313984793,222.98484114053767,222.98484114053767
2026-10-08,EGIEB4,ENGIE BRASIL ENERGIA S.A.,ENGIE BRASIL ENERGIA SA,Engie,CVM FRE,IPCA_MAIS,S,Quirografária,N,ENGIE BRASIL ENERGIA SA,02474103000119,6.6785,0.0842,1232.464374,2032-01-15,2031-05-15,-5.9500000000000774,3.7393,ok,,,6,3.739313943612186,0.00037289364816309975,3.5052179620187625,18.035260056245324,3.597302686349324,1.775389432033725,-1.7302970369304838,-3.416882133473209,-6.664195688927077,3.595394262299989,1.775153056079688,-1.7300649059390747,-3.4150416617375363,-6.649730722912619,-0.8331869276096554,-1.6663738552193108,corrigido IPCA,1.1557544705687128,-5.841003568753181,5.452252544327796,203.48290419533865,203.48290419533865
2026-10-08,EGIEB5,ENGIE BRASIL ENERGIA S.A.,ENGIE BRASIL ENERGIA SA,Engie,CVM FRE,IPCA_MAIS,S,Quirografária,N,ENGIE BRASIL ENERGIA SA,02474103000119,6.9511,0.2442,1134.015767,2035-06-15,2035-05-15,19.350000000000023,6.0144,ok,,,9,6.014453896587334,0.000896125753750472,5.623554967258245,44.0314819202841,5.850572816732691,2.8676633622037206,-2.7575633455614756,-5.4099167898492,-10.41735746924629,5.843712376859667,2.866816836029478,-2.7567381312287678,-5.403397557656825,-10.36648029611081,1.8861778926983224,3.7723557853966447,corrigido IPCA,1.0800162066719794,21.214050115232684,5.6431439311595,238.37431152159868,238.37431152159868
2026-10-08,EGVG11,ENEL GREEN POWER VOLTA GRANDE S.A.,ENEL GREEN POWER VOLTA GRANDE S.A,Enel,inferido,IPCA_MAIS,S,Quirografária,N,ENEL GREEN POWER VOLTA GRANDE S.A,25176391000120,6.7529,0.0737,573.485331,2029-10-15,2028-08-15,6.830000000000069,1.3952,ok,,,7,1.395242986102783,0.0030809993393837772,1.3069836848486394,3.9902787307660947,1.327215290601691,0.6585144885143945,-0.6485383427039193,-1.2873053169001558,-2.5363182959246444,1.3269350785024698,0.6584796908377772,-0.6485039940108621,-1.2870322911948089,-2.534161795081957,5.69438532969003,11.38877065938006,corrigido IPCA,0.9768703163411915,14.88493744229262,5.583445473295412,227.71873429515082,227.71873429515082
2026-10-08,EGVG21,ENEL GREEN POWER VOLTA GRANDE S.A.,ENEL GREEN POWER VOLTA GRANDE S.A,Enel,inferido,IPCA_MAIS,S,Quirografária,N,ENEL GREEN POWER VOLTA GRANDE S.A,25176391000120,6.7515,0.071,584.056342,2029-10-15,2028-08-15,6.69000000000004,1.3823,ok,,,4,1.3823441111515118,0.0031911416849964127,1.2949177399394967,3.958673117957625,1.3149892677059016,0.652441754390698,-0.6425446257091294,-1.2753953998601353,-2.5128027091325666,1.314711105529285,0.6524072113671955,-0.6425105285723013,-1.2751243743497085,-2.510662017519841,5.559745472479622,11.119490944959244,corrigido IPCA,0.9948768986592481,14.398826083724323,5.593115962675066,227.34912249685303,227.34912249685303
2026-10-08,EKTRA6,ELEKTRO REDES S.A.,ELEKTRO REDES S.A.,Neoenergia,CVM FRE,IPCA_MAIS,S,Quirografária,N,ELEKTRO REDES S.A.,02328280000197,7.4992,0.1705,1067.05348,2035-08-15,2040-08-15,83.26000000000002,8.7937,ok,,,1,8.793650793650793,-0.0005595636558763485,8.180201149079057,74.5252437574959,8.565649110888685,4.184837681539699,-3.9984818267185918,-7.819712279742419,-14.964445673966386,8.552827367866536,4.183257129236399,-3.9969440198426582,-7.807574930291578,-14.869897423008197,4.589047338235683,9.178094676471366,corrigido IPCA,1.018792632450764,75.07866061882744,5.68861147891937,302.4014753162179,302.4014753162179
2026-10-08,EKTRA8,ELEKTRO REDES S.A.,ELEKTRO REDES S.A.,Neoenergia,CVM FRE,IPCA_MAIS,S,Quirografária,S,ELEKTRO REDES S.A.,02328280000197,7.2964,0.1753,1052.327158,2031-03-15,2031-05-15,55.839999999999975,3.7891,ok,,,5,3.7891469619676603,0.0012393963648467518,3.5314763234998194,17.038765604233575,3.61835711632299,1.787245683275862,-1.7446452425303072,-3.447913006314862,-6.735005789990167,3.616670151520987,1.7870366187552018,-1.7444397047446176,-3.4462824954786515,-6.722177334914966,7.797571332905078,15.595142665810156,corrigido IPCA,1.0273322329810057,55.073877085910425,5.458243330323986,275.308794005723,275.308794005723
2026-10-08,EKTRB3,ELEKTRO REDES S.A.,ELEKTRO REDES S.A.,Neoenergia,CVM FRE,IPCA_MAIS,S,Quirografária,N,ELEKTRO REDES S.A.,02328280000197,7.4086,0.1427,1083.978716,2034-04-15,2033-05-15,67.73999999999995,5.217,ok,,,16,5.217006282441563,0.0001204224949860276,4.85715881450979,32.121560068392064,5.022031457782705,2.469258509768446,-2.388943059886628,-4.700630957356,-9.103828637589418,5.017766614851751,2.4687313573403853,-2.388427457169405,-4.69655101416783,-9.07188642765174,6.749903664678159,13.499807329356319,corrigido IPCA,0.9733324084519992,65.57070816396691,5.597234454718603,289.969140564467,289.969140564467
2026-10-08,EKTRB6,ELEKTRO REDES S.A.,ELEKTRO REDES S.A.,Neoenergia,CVM FRE,IPCA_MAIS,S,Quirografária,N,ELEKTRO REDES S.A.,02328280000197,7.5773,0.1433,990.438441,2040-08-15,2040-08-15,91.07000000000002,8.5491,ok,,,28,8.549091164854831,-0.00010334590972572724,7.946928547988126,88.31276132641473,8.40803686863203,4.086254721378957,-3.8653896472381044,-7.52357729144415,-14.268436209717983,8.3884923546202,4.083855225652081,-3.863073322336045,-7.505364741356052,-14.12760186944796,5.481879678830479,10.963759357660958,corrigido IPCA,0.9456427716093969,87.12821223266782,5.68883191051317,315.83104019302436,315.83104019302436
2026-10-08,EKTRC0,ELEKTRO REDES S.A.,ELEKTRO REDES S.A.,Neoenergia,CVM FRE,IPCA_MAIS,S,Quirografária,N,ELEKTRO REDES S.A.,02328280000197,7.1871,0.0649,1258.95465,2031-10-15,2030-08-15,43.71000000000001,3.4871,ok,,,11,3.4871254868276136,0.0007308889224203145,3.2533070554456773,15.047656808747467,3.3300062106619066,1.6456441512432862,-1.6080219704239451,-3.1794809985439043,-6.216773022794397,3.3285453394894153,1.645463098733773,-1.6078439567119047,-3.17806877140194,-6.205660974716406,6.768446579664951,13.536893159329901,corrigido IPCA,0.9807790277272198,44.039670024062296,5.4215029040113105,261.7255560785007,261.7255560785007
2026-10-08,EKTRC1,ELEKTRO REDES S.A.,ELEKTRO REDES S.A.,Neoenergia,CVM FRE,IPCA_MAIS,S,Quirografária,N,ELEKTRO REDES S.A.,02328280000197,7.1131,0.1716,1197.609538,2029-07-15,2029-05-15,43.23000000000006,2.0864,ok,,,6,2.086438417499793,0.0018413295529805483,1.9478835151814233,5.972683175005422,1.9781584206638003,0.981458720067474,-0.9665263688288461,-1.9184212927116584,-3.7794831832831943,1.9777469310564506,0.9814076115594684,-0.966475903621955,-1.9180200993063963,-3.776313366862739,11.339610495408126,22.67922099081625,corrigido IPCA,1.005712253751267,44.176480705167485,5.334419039684146,259.200167943345,259.200167943345
2026-10-08,EKTT11,EKTT 9 SERV DE TRANS DE E E SPE S.A.,EKTT 9 SERV DE TRANS DE E E SPE S.A.,Ektt 9,inferido,IPCA_MAIS,S,Real,N,EKTT 9 SERV DE TRANS DE E E SPE S.A.,28438777000151,7.5782,0.1513,1217.983347,2038-05-15,2032-08-15,83.27999999999997,5.0791,ok,,,24,5.079128876741612,0.0005685405211794981,4.721336550287709,37.22742200671245,4.913768655527351,2.407978093771268,-2.3148877387722977,-4.541145376340417,-8.744397703202822,4.907473660321271,2.407202552652245,-2.3141339976354636,-4.5351994402541465,-8.698124660441168,9.04946660935117,18.09893321870234,corrigido IPCA,0.9700360881105606,85.45115492667573,5.587058820274193,312.80345224246264,312.80345224246264
2026-10-08,ELDC15,ELDORADO BRASIL CELULOSE S.A.,ELDORADO BRASIL CELULOSE S.A.,Eldorado Brasil,inferido,IPCA_MAIS,S,Quirografária,N,ELDORADO BRASIL CELULOSE S.A.,07401436000212,7.884,0.181,1076.504921,2035-10-15,2033-05-15,115.28,5.8729,ok,,,19,5.872889225579728,-0.00018345996477942708,5.443707338974943,41.47815319873189,5.657417828776223,2.7744813338706598,-2.6707666334971125,-5.242327021236881,-10.104777019614076,5.651098104968602,2.7737013609858865,-2.6700059779890566,-5.236316572981284,-10.057851613975249,10.455870776928837,20.911741553857674,corrigido IPCA,1.0319905464149324,113.83740096748231,5.636496525669088,347.26979898351163,347.26979898351163
2026-10-08,ELET14,CENTRAIS ELETRICAS BRASILEIRAS S/A ELETROBRAS,AXIA ENERGIA S.A.,Axia (ex-Eletrobras),inferido,IPCA_MAIS,S,Quirografária,N,AXIA ENERGIA S.A.,00001180000126,6.8747,0.1213,1132.082785,2031-09-15,2030-08-15,12.469999999999981,3.4872,ok,,,10,3.4872081286957797,0.000233100934262352,3.2628939577802596,14.881481995213267,3.3387308557506046,1.6502260070460073,-1.6130193529178105,-3.189868825306086,-6.239036140662346,3.3373013677563255,1.6500488313841464,-1.612845126396113,-3.1884865478041933,-6.228158275656253,1.9982339864288656,3.9964679728577313,corrigido IPCA,0.9859683997892539,13.040051201099814,5.421513024624858,225.21943971856146,225.21943971856146
2026-10-08,ELET16,CENTRAIS ELETRICAS BRASILEIRAS S/A ELETROBRAS,AXIA ENERGIA S.A.,Axia (ex-Eletrobras),inferido,IPCA_MAIS,S,Quirografária,N,AXIA ENERGIA S.A.,00001180000126,7.028,0.1019,1092.039634,2034-09-15,2035-05-15,27.039999999999953,6.2071,ok,,,16,6.207163941733589,0.001030138608846334,5.799570151487078,44.45546517631735,6.02858774306072,2.9561863989593595,-2.8450273470227883,-5.583706667517696,-10.760118194470502,6.021847477368665,2.9553544072139357,-2.8442157442731424,-5.5772928256054914,-10.71003099944781,2.4131416855907264,4.826283371181453,corrigido IPCA,0.9957261473348811,27.990368982122384,5.651255879490802,246.53665395404568,246.53665395404568
2026-10-08,ELET23,CENTRAIS ELETRICAS BRASILEIRAS S/A ELETROBRAS,AXIA ENERGIA S.A.,Axia (ex-Eletrobras),inferido,IPCA_MAIS,S,Quirografária,N,AXIA ENERGIA S.A.,00001180000126,6.8287,0.1011,1285.376964,2031-04-15,2031-05-15,9.07,3.9552,ok,,,10,3.9551876989627486,-0.0003110092347156155,3.702364344939842,18.395950204173293,3.796205674727293,1.8744077786032598,-1.8284139425797652,-3.612182774682393,-7.050953151833095,3.7943440959607084,1.8741771102251374,-1.8281872347147041,-3.610384593918975,-7.036809685796218,1.0101130412843105,2.020226082568621,corrigido IPCA,0.9525692974333914,7.479613016819556,5.477840883324303,219.7139312508988,219.7139312508988
2026-10-08,ELET42,CENTRAIS ELETRICAS BRASILEIRAS S/A ELETROBRAS,AXIA ENERGIA S.A.,Axia (ex-Eletrobras),inferido,IPCA_MAIS,S,Quirografária,N,AXIA ENERGIA S.A.,00001180000126,6.6718,0.0808,1473.654797,2029-05-15,2028-08-15,-1.2799999999999478,1.4811,ok,,,6,1.4811316543017368,0.0021372157002689397,1.3884941046290928,3.822395282479617,1.4078545076137594,0.6990559092731496,-0.6894995470192011,-1.3696245677145669,-2.7024566932130845,1.407606081041491,0.699025046417646,-0.689469058211447,-1.3693821282166947,-2.7005403036085935,6.2274047169936955,12.454809433987391,corrigido IPCA,0.9995403321395085,17.2934294733703,5.525402409751168,227.9465339380104,227.9465339380104
2026-10-08,ELPLA5,ELETROPAULO METROP. ELETRIC. DE S.P. S/A,ELETROPAULO METROPOL. ELETR. DE S.P. S/A,Enel,CVM FRE,IPCA_MAIS,S,Quirografária,N,ELETROPAULO METROPOL. ELETR. DE S.P. S/A,61695227000193,10.9672,0.2578,1132.16789,2031-04-15,2030-08-15,421.72,3.1204,ok,,,10,3.12043542981825,0.0011354255303771311,2.8120340333163765,11.433590310712466,2.8701928934477206,1.4204319134238919,-1.3918460697985524,-2.755827091271046,-5.402969689194082,2.869201984869939,1.420309004546579,-1.3917250287697975,-2.754866081762814,-5.3953962604185035,75.14738813610725,150.2947762722145,corrigido IPCA,0.8380402089792434,422.63402590713775,5.377641578211456,706.3460504823246,706.3460504823246
2026-10-08,ELPLA7,ELETROPAULO METROP. ELETRIC. DE S.P. S/A,ELETROPAULO METROPOL. ELETR. DE S.P. S/A,Enel,CVM FRE,IPCA_MAIS,S,Quirografária,N,ELETROPAULO METROPOL. ELETR. DE S.P. S/A,61695227000193,10.9006,0.3389,1048.474642,2032-04-15,2031-05-15,416.26000000000005,3.7652,ok,,,12,3.7652068783525348,0.0001826822621548941,3.3951185821830854,16.363413160150834,3.4785732517456314,1.7182164754142581,-1.6773044631765655,-3.314883424770343,-6.475411623635274,3.47693564798384,1.7180135575417315,-1.6771050246413541,-3.313301516382331,-6.462968901163155,61.152691769487504,122.30538353897501,corrigido IPCA,0.8706870490570029,415.24128035420324,5.455370627950806,699.0457370396161,699.0457370396161
2026-10-08,ELPLC8,ELETROPAULO METROP. ELETRIC. DE S.P. S/A,ELETROPAULO METROPOL. ELETR. DE S.P. S/A,Enel,CVM FRE,IPCA_MAIS,S,Quirografária,N,ELETROPAULO METROPOL. ELETR. DE S.P. S/A,61695227000193,8.7717,0.243,1161.58998,2029-06-15,2029-05-15,209.08999999999995,2.6548,ok,,,1,2.654761904761905,-0.0014349569871450344,2.440673359671592,8.200736186932948,2.4822696379894094,1.2306611906990783,-1.2101584002972787,-2.4002470715022706,-4.721892492719359,2.481677040606257,1.2305876000694622,-1.2100857596021297,-2.3996696787369274,-4.717331995604525,41.631676481899774,83.26335296379955,corrigido IPCA,1.102198551138558,203.21864741567822,5.333204617723486,447.3635026155688,447.3635026155688
2026-10-08,ELTE12,EMPRESA LITORANEA DE TRANSMISSAO DE ENERGIA S.A. - ELTE,EMPRESA LITORANEA DE TRANSMISSAO DE ENERGIA S.A. - ELTE,Isolada (a identificar),,IPCA_MAIS,S,Real,N,EMPRESA LITORANEA DE TRANSMISSAO DE ENERGIA S.A. - ELTE,20626892000148,6.6254,0.0714,984.839927,2039-07-15,2033-05-15,-10.580000000000034,5.569,ok,,,26,5.5690868086646965,0.0015587837079649729,5.2230395465477235,45.513880476050836,5.4591195466828335,2.669459126819995,-2.5556421821212982,-5.003464417740567,-9.597854077631684,5.450608948927979,2.6684121238689253,-2.5546274226787986,-4.995470144167469,-9.535801483574431,-0.8779394527874412,-1.7558789055748825,corrigido IPCA,1.00423282237211,-9.171024962766547,5.620116719784063,201.83321607568118,201.83321607568118
2026-10-08,ELTN15,CENTRAIS ELETRICAS DO NORTE DO BRASIL S/A - ELETRONORTE,CENTRAIS ELETRICAS DO NORTE DO BRASIL S/A - ELETRONORTE,Axia (ex-Eletrobras),CVM FRE,IPCA_MAIS,S,Quirografária,N,CENTRAIS ELETRICAS DO NORTE DO BRASIL S/A - ELETRONORTE,00357038000116,6.8609,0.0889,1127.875089,2031-04-15,2031-05-15,12.289999999999957,3.8458,ok,,,10,3.8457651957618055,-0.0009049934524565647,3.5988515872145994,17.740317610350527,3.689340733493074,1.8218226924148873,-1.7774681054524066,-3.5118768426167457,-6.856479811384086,3.687553175266352,1.8216011906202378,-1.7772503965943616,-3.510149999162847,-6.842896822222189,1.5284993545542696,3.056998709108539,corrigido IPCA,1.0111033835066772,11.001684656388248,5.464993970576115,223.6190562516969,223.6190562516969
2026-10-08,ELTN27,CENTRAIS ELETRICAS DO NORTE DO BRASIL S/A - ELETRONORTE,CENTRAIS ELETRICAS DO NORTE DO BRASIL S/A - ELETRONORTE,Axia (ex-Eletrobras),CVM FRE,IPCA_MAIS,S,Real,N,CENTRAIS ELETRICAS DO NORTE DO BRASIL S/A - ELETRONORTE,00357038000116,6.9621,0.1065,1084.135207,2032-07-15,2032-08-15,21.670000000000034,4.7253,ok,,,12,4.725283559455101,-0.0003479259496497408,4.41771763966405,26.207081927221637,4.551878985689961,2.2420044722449184,-2.1764790981703697,-4.289685394384424,-8.334853417799637,4.548753049300158,2.2416176722410524,-2.176099967422998,-4.286682230027942,-8.311293640783667,2.381405742061489,4.762811484122978,corrigido IPCA,1.0328677637119204,21.040756307804596,5.5576770550689325,236.95423030665233,236.95423030665233
2026-10-08,ELTN37,CENTRAIS ELETRICAS DO NORTE DO BRASIL S/A - ELETRONORTE,CENTRAIS ELETRICAS DO NORTE DO BRASIL S/A - ELETRONORTE,Axia (ex-Eletrobras),CVM FRE,IPCA_MAIS,S,Real,N,CENTRAIS ELETRICAS DO NORTE DO BRASIL S/A - ELETRONORTE,00357038000116,7.0323,0.1519,1078.709856,2035-07-15,2035-05-15,27.470000000000017,6.5498,ok,,,18,6.549826430743544,0.00040353512388204005,6.119485828804525,50.53069348118385,6.380388661511516,3.123923639267989,-2.9975702477223143,-5.8746549165620054,-11.289345168571474,6.3721392962104435,3.122906281253742,-2.9965795475507826,-5.866832361398605,-11.228357787985372,2.3710732852774736,4.742146570554947,corrigido IPCA,1.0276989793284101,29.019498736624975,5.66322461719273,247.8411654715567,247.8411654715567
2026-10-08,ENAT11,ENAUTA PARTICIPACOES S.A.,BRAVA ENERGIA S.A.,Isolada (a identificar),,IPCA_MAIS,S,Real,N,BRAVA ENERGIA S.A.,12091809000155,7.9058,0.2135,1103.568322,2029-12-15,2028-08-15,122.12000000000005,1.5117,ok,,,7,1.5117699767959518,0.004629013425400283,1.4010090067410201,4.093705670748719,1.4217573088697089,0.7056563833387708,-0.6954216798330304,-1.3808132203637635,-2.7222987102411,1.4214775350947637,0.705621635458946,-0.6953873712820742,-1.3805404783872766,-2.720143900067066,48.992566631262214,97.98513326252443,corrigido IPCA,1.058735013396716,137.27805422751587,5.507184213058003,369.5191418381255,369.5191418381255
2026-10-08,ENAT12,ENAUTA PARTICIPACOES S.A.,BRAVA ENERGIA S.A.,Isolada (a identificar),,IPCA_MAIS,S,Real,N,BRAVA ENERGIA S.A.,12091809000155,8.0764,0.206,1134.215046,2029-09-17,2028-08-15,139.18,1.8,ok,,,6,1.800019424541198,0.0010791411776647465,1.6655064607455448,4.775876862932019,1.6897026199596876,0.8387624272539584,-0.8268222520671054,-1.6419361189197068,-3.237937863958773,1.689385845060205,0.8387230764514374,-0.8267833842941074,-1.6416270764308845,-3.235495384232449,44.388746608387585,88.77749321677517,corrigido IPCA,0.9885952067860129,147.85948852133282,5.387226396139133,380.88882822267396,380.88882822267396
2026-10-08,ENAT13,ENAUTA PARTICIPACOES S.A.,BRAVA ENERGIA S.A.,Isolada (a identificar),,IPCA_MAIS,S,Quirografária,N,BRAVA ENERGIA S.A.,12091809000155,8.0952,0.1356,1135.349349,2030-06-15,2030-08-15,134.52,3.1593,ok,,,8,3.1593438985883817,0.0013895036363029435,2.922742081598796,12.101624484979522,2.984300166249443,1.4766283132944258,-1.4463722884401897,-2.863252489035706,-5.611479322384638,2.983250204023694,1.4764980714056224,-1.4462440101931737,-2.8622339591738983,-5.603451673498002,23.234655620731864,46.46931124146373,corrigido IPCA,1.0245491171338388,135.81781146833802,5.382111576565229,368.9392509972432,368.9392509972432
2026-10-08,ENAT14,ENAUTA PARTICIPACOES S.A.,BRAVA ENERGIA S.A.,Isolada (a identificar),,IPCA_MAIS,S,Quirografária,N,BRAVA ENERGIA S.A.,12091809000155,7.9378,0.2504,1140.017575,2030-06-15,2030-08-15,118.78000000000002,3.161,ok,,,8,3.1610505059404974,0.0015977836285156807,2.92858526479185,12.144944977122176,2.990365328992861,1.4796047209961083,-1.4492403819474031,-2.868884239481273,-5.622339848817182,2.989309989677461,1.4794738136173278,-1.4491114511745224,-2.8678605399062396,-5.614271630041257,20.499187043231565,40.99837408646313,corrigido IPCA,1.029085615194258,120.06723423003997,5.382309164497778,350.4121173114923,350.4121173114923
2026-10-08,ENAT24,ENAUTA PARTICIPACOES S.A.,BRAVA ENERGIA S.A.,Isolada (a identificar),,IPCA_MAIS,S,Quirografária,N,BRAVA ENERGIA S.A.,12091809000155,8.31,0.0989,1134.519181,2034-06-15,2032-08-15,156.46000000000004,5.1125,ok,,,16,5.112532777910838,0.0006411327303276278,4.72027770096098,30.99607362222199,4.879370444909181,2.3993922438346527,-2.3218909126350273,-4.569231253774763,-8.851432319012186,4.87525806907209,2.3988839425082675,-2.3213937584527127,-4.56529733284987,-8.82063392947752,16.54605491474202,33.09210982948404,corrigido IPCA,1.0241222578462699,156.20394810586518,5.589588662638723,396.4515646659507,396.4515646659507
2026-10-08,ENAT33,ENAUTA PARTICIPACOES S.A.,BRAVA ENERGIA S.A.,Isolada (a identificar),,IPCA_MAIS,S,Quirografária,N,BRAVA ENERGIA S.A.,12091809000155,8.4033,0.0675,1129.586233,2034-06-15,2032-08-15,165.78999999999996,5.1087,ok,,,16,5.108672696595418,-0.0005344491667484882,4.712654224175296,30.912069595948424,4.871311637300679,2.39547361339838,-2.318182344319686,-4.562013317290825,-8.837752699065105,4.867214572155039,2.394967199082583,-2.3176870250927126,-4.558093876195554,-8.807067056431624,17.56335203341171,35.12670406682342,corrigido IPCA,1.0193484377789925,165.54001030187095,5.589298441142443,407.4313475811277,407.4313475811277
2026-10-08,ENERA1,ENERGISA MATO GROSSO DO SUL - DISTRIBUIDORA DE ENERGIA S.A.,ENERGISA MATO GROSSO DO SUL - DISTRIBUIDORA DE ENERGIA S.A.,Energisa,CVM FRE,IPCA_MAIS,S,Quirografária,N,ENERGISA MATO GROSSO DO SUL - DISTRIBUIDORA DE ENERGIA S.A.,15413826000150,7.3045,0.1386,1096.555555,2031-02-15,2030-08-15,55.45,3.424,ok,,,9,3.424076513824397,0.00223463272188135,3.1909906050765784,14.048469059521526,3.262525943679284,1.6132162063793976,-1.578092479523563,-3.12200036713145,-6.110872186390182,3.2612329503741857,1.6130558888626911,-1.577934716213887,-3.1207482597789706,-6.101011828962726,8.775365899691081,17.550731799382163,corrigido IPCA,0.9706711563928002,56.004220284047236,5.413790699570775,275.64274152621323,275.64274152621323
2026-10-08,ENERB4,ENERGISA MATO GROSSO DO SUL - DISTRIBUIDORA DE ENERGIA S.A.,ENERGISA MATO GROSSO DO SUL - DISTRIBUIDORA DE ENERGIA S.A.,Energisa,CVM FRE,IPCA_MAIS,S,Quirografária,N,ENERGISA MATO GROSSO DO SUL - DISTRIBUIDORA DE ENERGIA S.A.,15413826000150,7.5639,0.0804,1032.05356,2034-09-15,2035-05-15,80.63000000000002,6.2408,ok,,,16,6.2408365930734355,0.0005863522855306705,5.801980583702743,44.36780317706575,6.0305226659461475,2.9572774878550367,-2.8463377823622182,-5.586521272406831,-10.766430335896693,6.023819599588072,2.956450045822704,-2.8455305378800393,-5.580141567817415,-10.716605103864172,7.029336930104029,14.058673860208058,corrigido IPCA,0.9399841235794095,81.56815276953645,5.652567232731998,309.59562669424975,309.59562669424975
2026-10-08,ENERB7,ENERGISA MATO GROSSO DO SUL - DISTRIBUIDORA DE ENERGIA S.A.,ENERGISA MATO GROSSO DO SUL - DISTRIBUIDORA DE ENERGIA S.A.,Energisa,CVM FRE,IPCA_MAIS,S,Quirografária,N,ENERGISA MATO GROSSO DO SUL - DISTRIBUIDORA DE ENERGIA S.A.,15413826000150,7.6335,0.0683,1014.640028,2035-09-15,2035-05-15,87.58999999999997,6.7012,ok,,,18,6.7012119640711925,0.00017853625011067078,6.225953782113554,51.91151744703347,6.494068146152832,3.1789214336632288,-3.0491147572977995,-5.974506546489266,-11.476894640327306,6.485511369348722,3.177866287865569,-3.048087494247985,-5.966396194878387,-11.41367721528644,7.164194152152286,14.328388304304571,corrigido IPCA,0.9683078693382953,89.20788335477665,5.667598557912079,318.70209298759335,318.70209298759335
2026-10-08,ENERB8,ENERGISA MATO GROSSO DO SUL - DISTRIBUIDORA DE ENERGIA S.A.,ENERGISA MATO GROSSO DO SUL - DISTRIBUIDORA DE ENERGIA S.A.,Energisa,CVM FRE,IPCA_MAIS,S,Quirografária,N,ENERGISA MATO GROSSO DO SUL - DISTRIBUIDORA DE ENERGIA S.A.,15413826000150,7.4177,0.2372,1050.080839,2036-07-15,2035-05-15,66.00999999999999,6.4073,ok,,,20,6.407288248973577,-0.00018340059655447247,5.964834705056594,48.893823564076776,6.217299216005134,3.044520571946019,-2.9222599990407216,-5.727944475407942,-11.010870597190003,6.209303822876978,3.0435346319833934,-2.9213000730732013,-5.720365587236211,-10.951792938831654,5.676143199262125,11.35228639852425,corrigido IPCA,1.04668154215357,67.71451189165937,5.658608560833978,293.2692760262053,293.2692760262053
2026-10-08,ENERC7,ENERGISA MATO GROSSO DO SUL - DISTRIBUIDORA DE ENERGIA S.A.,ENERGISA MATO GROSSO DO SUL - DISTRIBUIDORA DE ENERGIA S.A.,Energisa,CVM FRE,IPCA_MAIS,S,Quirografária,N,ENERGISA MATO GROSSO DO SUL - DISTRIBUIDORA DE ENERGIA S.A.,15413826000150,7.6252,0.0901,996.625141,2040-09-15,2040-08-15,95.86000000000006,8.5764,ok,,,28,8.57642570022894,0.0002996622002302898,7.968789558791937,88.71988811710253,8.432087603527938,4.097712894634364,-3.8758290596293876,-7.5435416363451075,-14.305073822057468,8.41238899937745,4.095294639542347,-3.8734949192495907,-7.5251901182064245,-14.163181355241825,5.769520524058982,11.539041048117964,corrigido IPCA,0.9511156165932544,91.95218982271402,5.688830969851866,321.48900819868084,321.48900819868084
2026-10-08,ENEV13,ENEVA S.A.,ENEVA S.A.,Eneva,inferido,IPCA_MAIS,S,Quirografária,N,ENEVA S.A.,04423567000121,6.422,0.1438,970.690727,2027-12-15,2027-05-15,96.54999999999995,0.6543,ok,,,3,0.6543540984613513,0.008268143260170094,0.61486731922098,1.1705846660673025,0.6207773554852691,0.3089039949366379,-0.30597746499438916,-0.6090704165240157,-1.2067668652155916,0.6207202425513165,0.3088968904430741,-0.3059704287779059,-0.6090143958906435,-1.206322945120614,33.179879425300555,66.35975885060111,corrigido IPCA,0.9997710922868944,40.80244702861981,6.806145306169853,267.16426257033794,267.16426257033794
2026-10-08,ENEV15,ENEVA S.A.,ENEVA S.A.,Eneva,inferido,IPCA_MAIS,S,Quirografária,N,ENEVA S.A.,04423567000121,7.0642,0.1682,1417.147372,2030-06-15,2029-05-15,38.339999999999996,2.4404,ok,,,8,2.440418533936719,0.0007594630683139628,2.27939734657964,8.085235187476005,2.32045858736345,1.1498840325226967,-1.1296698320483967,-2.239588428683237,-4.401959609225248,2.31982352251702,1.149805217274165,-1.129592129305475,-2.23897117064226,-4.39708998940976,8.000722652900295,16.00144530580059,corrigido IPCA,0.9815820393946972,36.4736519714811,5.322994403242398,250.48525238179678,250.48525238179678
2026-10-08,ENEV16,ENEVA S.A.,ENEVA S.A.,Eneva,inferido,IPCA_MAIS,S,Quirografária,N,ENEVA S.A.,04423567000121,7.0229,0.1045,1328.712498,2030-09-15,2029-05-15,34.21000000000003,2.734,ok,,,8,2.733971574833138,-0.0010396915457965728,2.554566896274664,9.635861059167114,2.6035390069026443,1.2894266391518805,-1.2653355456231252,-2.507157332943688,-4.922485971491919,2.6027462015704996,1.289328274461291,-1.2652386218133733,-2.506387590978829,-4.916416571365986,5.884943936487989,11.769887872975978,corrigido IPCA,0.9299914264987557,30.066965933169058,5.339076755386918,243.55473785579235,243.55473785579235
2026-10-08,ENEV18,ENEVA S.A.,ENEVA S.A.,Eneva,inferido,IPCA_MAIS,S,Quirografária,S,ENEVA S.A.,04423567000121,7.2598,0.1831,1175.579187,2032-07-15,2031-05-15,52.17999999999998,4.0566,ok,,,12,4.0566444958698575,0.001096875951711002,3.782073522298063,19.687073210791713,3.8826241583698407,1.9159075541901993,-1.8666850822807501,-3.6856767663146495,-7.186422771163903,3.8805088883520216,1.915645602662521,-1.8664279196355418,-3.683638156244104,-7.170405580380292,6.751757745240076,13.503515490480153,corrigido IPCA,0.9872119139986717,51.07128839448673,5.48947851626973,271.14588598421966,271.14588598421966
2026-10-08,ENEV19,ENEVA S.A.,ENEVA S.A.,Eneva,inferido,IPCA_MAIS,S,Quirografária,N,ENEVA S.A.,04423567000121,7.2792,0.1945,1190.610028,2032-09-15,2031-05-15,54.11999999999999,4.2049,ok,,,12,4.204891962730963,-0.00019114055118969912,3.919578038176052,20.911747708722853,4.026432801476032,1.9862129892759928,-1.9339283260812912,-3.8172305788059635,-7.4382891677074126,4.024136776719666,1.9859287037239295,-1.9336493344521224,-3.8150192996324375,-7.4209211221776465,6.746885581555086,13.493771163110171,corrigido IPCA,0.9896520880847123,52.889889103099954,5.5059362864047,273.56288218822596,273.56288218822596
2026-10-08,ENEV26,ENEVA S.A.,ENEVA S.A.,Eneva,inferido,IPCA_MAIS,S,Quirografária,N,ENEVA S.A.,04423567000121,7.3338,0.1588,1200.104598,2035-09-15,2035-05-15,57.620000000000005,6.5623,ok,,,18,6.562367117000836,0.0010227664208611294,6.113980048224172,48.01820530383777,6.361504246517047,3.117930060655283,-2.9978616122642854,-5.880954997156429,-11.322749328705639,6.354071074743361,3.117012780741883,-2.996967267482289,-5.873889021704983,-11.26759599037159,4.779917279108516,9.559834558217032,corrigido IPCA,0.8399762919856534,58.44863775326288,5.663607189447517,282.54837918747035,282.54837918747035
2026-10-08,ENEV28,ENEVA S.A.,ENEVA S.A.,Eneva,inferido,IPCA_MAIS,S,Quirografária,S,ENEVA S.A.,04423567000121,7.4464,0.1948,1141.447616,2037-07-15,2037-05-15,67.41999999999999,7.1369,ok,,,22,7.13687088275682,-0.00040798166122700487,6.64226152086698,59.944787108714536,6.952702426134416,3.3973817930732286,-3.247482166729554,-6.352651576326595,-12.16430209790328,6.941985456410553,3.3960617443193835,-3.246199776547597,-6.3425375853234085,-12.08562729955967,5.362937764889291,10.725875529778582,corrigido IPCA,0.9585493694240421,71.24407030905701,5.677449483000019,297.5709955547249,297.5709955547249
2026-10-08,ENEV29,ENEVA S.A.,ENEVA S.A.,Eneva,inferido,IPCA_MAIS,S,Quirografária,N,ENEVA S.A.,04423567000121,7.5447,0.2735,1164.884865,2037-09-15,2037-05-15,77.25,7.2206,ok,,,22,7.220671587111802,0.0009914288535855216,6.714111980517684,61.081909221320494,7.030551066054169,3.434766724817684,-3.282022822408348,-6.419105439536487,-12.287486967514605,7.0195215266242865,3.4334083767854926,-3.2807036037321913,-6.408702434411081,-12.206585776608957,6.044214463791646,12.088428927583292,corrigido IPCA,0.9682689790268737,81.16306548832351,5.678923802942193,309.2368535798597,309.2368535798597
2026-10-08,ENEV32,ENEVA S.A.,ENEVA S.A.,Eneva,inferido,IPCA_MAIS,S,Quirografária,N,ENEVA S.A.,04423567000121,7.0025,0.2046,1462.587797,2029-05-15,2028-08-15,31.790000000000074,1.4802,ok,,,6,1.4802442572758083,0.002989952425913264,1.3833735261099585,3.795198058517574,1.4025953573012506,0.6964613028488387,-0.6869729387814716,-1.364637470965746,-2.6927397560253086,1.4023495164025463,0.6964307606281261,-0.6869427654818323,-1.3643975358173706,-2.6908430910495653,18.222977911438896,36.44595582287779,corrigido IPCA,0.9925944726839085,50.41837041914223,5.525948651009438,266.9295417175419,266.9295417175419
2026-10-08,ENEV39,ENEVA S.A.,ENEVA S.A.,Eneva,inferido,IPCA_MAIS,S,Quirografária,N,ENEVA S.A.,04423567000121,7.4445,0.1746,1176.896691,2042-09-15,2040-08-15,77.78999999999998,9.6642,ok,,,32,9.664195552753359,-4.601774218540891e-05,8.994593071542385,116.8773662808592,9.609578300707389,4.64713805666932,-4.354793093693443,-8.438377121109886,-15.868266991822788,9.578979902946681,4.643393243622267,-4.3511998279201185,-8.41020624013809,-15.651638817467587,4.2595149048757905,8.519029809751581,corrigido IPCA,0.9782533788942804,76.62520650305461,5.684746542931429,302.72143885144885,302.72143885144885
2026-10-08,ENEVA0,ENEVA S.A.,ENEVA S.A.,Eneva,inferido,IPCA_MAIS,S,Quirografária,N,ENEVA S.A.,04423567000121,7.2935,0.1657,1109.070953,2034-04-15,2033-05-15,56.22999999999996,5.1849,ok,,,16,5.184908100310284,0.0001562288623476835,4.832453131187149,31.92807697656516,4.996332771433742,2.456660648929554,-2.3768289713704926,-4.676868135202394,-9.058094419688889,4.992093516069975,2.456136661814281,-2.3763164693728682,-4.672812746304323,-9.026344722842996,5.597237645706529,11.194475291413058,corrigido IPCA,0.9953239828242023,54.09677717398621,5.594928120899034,276.4301272738454,276.4301272738454
2026-10-08,ENEVA4,ENEVA S.A.,ENEVA S.A.,Eneva,inferido,IPCA_MAIS,S,Quirografária,S,ENEVA S.A.,04423567000121,7.5123,0.0817,997.211073,2036-01-15,2035-05-15,75.46999999999997,6.8607,ok,,,19,6.860716972211446,0.0002473830869449377,6.381332156610402,54.967640479029896,6.665513151288871,3.2605272558053677,-3.12307688374327,-6.115336065895926,-11.732183969829702,6.656170359005554,3.2593756289039892,-3.121956527706414,-6.106493954215254,-11.663311503640209,6.0622325057115924,12.124465011423185,corrigido IPCA,0.9643106263390446,77.37023845909248,5.671654850661434,304.79246763501436,304.79246763501436
2026-10-08,ENEVB0,ENEVA S.A.,ENEVA S.A.,Eneva,inferido,IPCA_MAIS,S,Quirografária,N,ENEVA S.A.,04423567000121,7.5616,0.1471,1076.958903,2039-04-15,2037-05-15,78.94000000000005,7.8127,ok,,,26,7.812700289690972,3.7079495136819776e-06,7.263466041497126,74.32834157866806,7.650197387028523,3.726498641309939,-3.540618385713834,-6.905962749430994,-13.149974173876222,7.635107749390466,3.724643447721898,-3.5388225937752273,-6.891824333603785,-13.04036525142089,5.798772430525845,11.59754486105169,corrigido IPCA,0.9665053784997031,84.23837326298846,5.68610681777495,312.66857953434135,312.66857953434135
2026-10-08,ENEVB4,ENEVA S.A.,ENEVA S.A.,Eneva,inferido,IPCA_MAIS,S,Quirografária,S,ENEVA S.A.,04423567000121,7.5022,0.104,980.885517,2041-01-15,2040-08-15,83.56000000000003,8.7022,ok,,,29,8.639173833816432,-0.724255546684369,8.036276312314012,90.82895317603132,8.510847622271168,4.134181483942401,-3.9070209932529854,-7.601147042567713,-14.402948491800338,8.490421078194169,4.131674347627046,-3.904601964686967,-7.582131546433857,-14.2559735611074,4.970478457238751,9.940956914477502,corrigido IPCA,0.9490066077440766,79.88827657354973,5.688805519070428,307.26215481709585,307.26215481709585
2026-10-08,ENGI39,ENERGISA S/A,ENERGISA SA,Energisa,CVM FRE,IPCA_MAIS,S,Quirografária,S,ENERGISA SA,00864214000106,6.3484,0.3178,1636.031173,2027-10-15,2027-05-15,89.18999999999997,0.9596,ok,,,2,0.9595702301057533,-0.0031023232854048596,0.9022892964123138,1.7029102184969331,0.9108848744690423,0.4532833663893676,-0.44902599641842844,-0.8938542602026311,-1.7711506245872033,0.9108038475047984,0.4532732859792781,-0.4490160104330358,-0.8937747453198293,-1.770520388454689,8.705944920736677,17.411889841473354,corrigido IPCA,1.0380667594325246,15.710561834271704,6.096706462219004,229.1525651761333,229.1525651761333
2026-10-08,ENGIA4,ENERGISA S/A,ENERGISA SA,Energisa,CVM FRE,IPCA_MAIS,S,Quirografária,N,ENERGISA SA,00864214000106,5.636,0.0975,1429.237093,2027-10-15,2027-05-15,17.95,0.9774,ok,,,3,0.9773908190175927,-0.0009393270316471948,0.9252440635934651,1.7539263401835146,0.9340976163923376,0.4648248799048016,-0.4604399656081948,-0.9165567773501193,-1.816062236543059,0.9340136952943827,0.4648144397219619,-0.4604296238715032,-0.9164744318925475,-1.8154096003832598,-29.588299605536257,-59.176599211072514,corrigido IPCA,1.0069788471261083,-54.752797123694585,6.066272876545042,145.64577478492316,145.64577478492316
2026-10-08,ENGIA5,ENERGISA S/A,ENERGISA SA,Energisa,CVM FRE,IPCA_MAIS,S,Quirografária,N,ENERGISA SA,00864214000106,7.3048,0.1672,1269.506698,2031-10-15,2030-08-15,55.48000000000002,3.4665,ok,,,11,3.4665715342852694,0.002063588209130663,3.230583845536518,14.902180956778764,3.3065386028252375,1.6340985948424036,-1.5968401439628077,-3.157468794556084,-6.174107585139388,3.3050947503204116,1.6339196489642323,-1.5966641965722856,-3.1560729407526242,-6.16312407193746,8.649637322414542,17.299274644829083,corrigido IPCA,0.988999517513854,55.886757207084315,5.418986472775789,275.6149843665714,275.6149843665714
2026-10-08,ENGIA6,ENERGISA S/A,ENERGISA SA,Energisa,CVM FRE,IPCA_MAIS,S,Quirografária,N,ENERGISA SA,00864214000106,7.1272,0.1476,1225.263137,2029-04-15,2028-08-15,44.260000000000055,1.3909,ok,,,6,1.3909085008965543,0.0006111795638969107,1.2983710027859912,3.4905955079259594,1.3160464751746037,0.6535763898923852,-0.644849571695183,-1.281135246589049,-2.5286474841205275,1.3158239803256209,0.653548745777903,-0.644822257008088,-1.2809180252463614,-2.526930095413463,25.071627610117837,50.14325522023567,corrigido IPCA,1.016369170918126,65.10454856325127,5.586665921646605,284.8218716957237,284.8218716957237
2026-10-08,ENGIA9,ENERGISA S/A,ENERGISA SA,Energisa,CVM FRE,IPCA_MAIS,S,Quirografária,N,ENERGISA SA,00864214000106,7.337,0.1178,1111.546523,2030-09-15,2030-08-15,58.699999999999974,3.1019,ok,,,8,3.101947105029673,0.0015185863397552146,2.8899141069991456,11.70119802681383,2.9494241685492417,1.4597081034036785,-1.4304532365187805,-2.8323822249745945,-5.553482171646018,2.948420097133215,1.4595835510330901,-1.4303305559660555,-2.8314081168650764,-5.545804253462014,10.349178127044794,20.69835625408959,corrigido IPCA,0.9704282110937245,59.8164717303875,5.375542580081705,279.4129483009223,279.4129483009223
2026-10-08,ENGIB0,ENERGISA S/A,ENERGISA SA,Energisa,CVM FRE,IPCA_MAIS,S,Quirografária,N,ENERGISA SA,00864214000106,7.2966,0.0942,1101.304098,2031-04-15,2031-05-15,55.85999999999993,3.8525,ok,,,10,3.8525144870501395,0.00037604283295291697,3.5905280195739095,17.638488792159986,3.6804910426575077,1.8175315260541725,-1.7734315614056695,-3.504046243794856,-6.841742875217549,3.67872046353471,1.8173121207771548,-1.773215898796755,-3.5023355756131096,-6.82828626330462,7.596879208241932,15.193758416483863,corrigido IPCA,0.9878183804883165,54.55361531702223,5.465794326031048,274.874716309915,274.874716309915
2026-10-08,ENGIB2,ENERGISA S/A,ENERGISA SA,Energisa,CVM FRE,IPCA_MAIS,S,Quirografária,N,ENERGISA SA,00864214000106,7.5521,0.0756,1032.760457,2034-09-15,2035-05-15,79.45000000000002,6.2415,ok,,,16,6.2415106036645,0.00016988968195693916,5.803243826633325,44.383718026217416,6.031868735911194,2.9579294031575554,-2.8469498985208674,-5.587708000317393,-10.768662279710261,6.025162416764411,2.957101560849434,-2.8461422657838904,-5.581325236502237,-10.7188132927423,6.926083508022909,13.852167016045819,corrigido IPCA,0.9406279588476251,80.38750272136166,5.652593168451858,308.20695129561045,308.20695129561045
2026-10-08,ENGIB4,ENERGISA S/A,ENERGISA SA,Energisa,CVM FRE,IPCA_MAIS,S,Quirografária,N,ENERGISA SA,00864214000106,7.0798,0.1292,1354.742965,2030-10-15,2029-05-15,39.900000000000006,2.7388,ok,,,9,2.738852247895569,0.0019076929885031447,2.5577674294269968,9.800609091140188,2.6075869633240822,1.2912357712860256,-1.2667327495695546,-2.5095568781419497,-4.925770553724174,2.6067704748826976,1.2911344760774237,-1.266632953349573,-2.508764383971296,-4.91952267703119,6.923892124163159,13.847784248326318,corrigido IPCA,0.9544934984430168,35.419411520101264,5.339468345072551,249.91456601169534,249.91456601169534
2026-10-08,ENGIB6,ENERGISA S/A,ENERGISA SA,Energisa,CVM FRE,IPCA_MAIS,S,Quirografária,N,ENERGISA SA,00864214000106,7.3116,0.1078,1196.296256,2032-04-15,2031-05-15,57.359999999999985,3.8257,ok,,,12,3.825753719117625,0.001404164404561414,3.5650886941557345,17.85950317748281,3.6562416795478336,1.8050985658688123,-1.7604457246099714,-3.4775812827673835,-6.787059132646222,3.654386210043149,1.8048687260497207,-1.7602199681060138,-3.4757911782683206,-6.772987324761813,7.880654667009187,15.761309334018375,corrigido IPCA,0.9923408287999003,56.19046571180016,5.462615310002872,276.7350579393631,276.7350579393631
2026-10-08,ENGIB9,ENERGISA S/A,ENERGISA SA,Energisa,CVM FRE,IPCA_MAIS,S,Quirografária,N,ENERGISA SA,00864214000106,7.3667,0.1422,1102.503826,2033-09-15,2032-08-15,62.129999999999974,4.9457,ok,,,14,4.9457302148021105,0.0006109307501480768,4.606391194664743,28.308277204976985,4.751451297025078,2.3390161473122895,-2.2682364461769855,-4.468224316045511,-8.67306741692756,4.747932580689628,2.338580943838593,-2.2678102508261504,-4.464849808639858,-8.646616845229946,6.662545444821839,13.325090889643677,corrigido IPCA,0.9625335560200255,61.380581342162024,5.576539064278241,284.71611933297,284.71611933297
2026-10-08,ENGIC0,ENERGISA S/A,ENERGISA SA,Energisa,CVM FRE,IPCA_MAIS,S,Quirografária,N,ENERGISA SA,00864214000106,7.6004,0.0957,1051.025806,2039-04-15,2037-05-15,82.81999999999998,7.8719,ok,,,26,7.871940132758787,0.000509823026034993,7.315902294748706,75.0790315805307,7.7065620910773625,3.7536766211619277,-3.565918905459453,-6.954808781170874,-13.241095543331372,7.6912974526513604,3.7517999368500163,-3.56410235789869,-6.940507136846053,-13.1302239578868,6.023176045655605,12.04635209131121,corrigido IPCA,0.9427211126779235,88.12993490817455,5.686550685866432,317.2503525804783,317.2503525804783
2026-10-08,ENJG21,COMPANHIA ENERGÉTICA JAGUARA,COMPANHIA ENERGETICA JAGUARA..,Engie,CVM FRE,IPCA_MAIS,S,Real,N,COMPANHIA ENERGETICA JAGUARA..,28925264000175,5.9042,0.2666,348.829567,2027-06-15,2027-05-15,44.770000000000024,0.4153,ok,,,2,0.4153312027160366,0.00751329545787896,0.39217632796058755,0.5771707545568608,0.39508586242167354,0.19681257485928416,-0.1953696231357882,-0.3893137563775184,-0.7729939430980659,0.3950621817333719,0.19680962742348987,-0.1953667005370977,-0.38929047418780327,-0.772809240830038,74.59080592104351,149.18161184208702,corrigido IPCA,1.0230562629832134,58.50549673147139,7.707329921489792,289.2651226669774,289.2651226669774
2026-10-08,ENMI21,COMPANHIA ENERGÉTICA MIRANDA,COMPANHIA ENERGETICA MIRANDA,Engie,CVM FRE,IPCA_MAIS,S,Real,N,COMPANHIA ENERGETICA MIRANDA,28942127000149,5.9453,0.2716,399.024751,2027-06-15,2027-05-15,48.879999999999946,0.4153,ok,,,2,0.415308113731119,0.0019537036164158327,0.39200239532203784,0.5766850492542382,0.3949094720751445,0.19672499779648245,-0.19528326031591492,-0.38914222348856997,-0.7726555647087241,0.394885820568309,0.19672205397258674,-0.1952803413494511,-0.3891189700757666,-0.7724710896589909,79.87283823063346,159.74567646126692,corrigido IPCA,1.0228914120562802,62.62068781515591,7.707436798693568,294.1080581794011,294.1080581794011
2026-10-08,ENMTA3,ENERGISA MATO GROSSO - DISTRIBUIDORA DE ENERGIA S.A.,ENERGISA MATO GROSSO - DISTRIBUIDORA DE ENERGIA S.A.,Energisa,CVM FRE,IPCA_MAIS,S,Quirografária,N,ENERGISA MATO GROSSO - DISTRIBUIDORA DE ENERGIA S.A.,03467321000199,6.0133,0.0938,1424.265483,2027-10-15,2027-05-15,55.67999999999999,0.9773,ok,,,3,0.9773032787724141,0.0003354929309452682,0.92186855684373,1.7412991719806792,0.930658070311452,0.4631212303787491,-0.458767885283784,-0.9132435249269433,-1.809556802032708,0.9305750527036335,0.46311090238684083,-0.4587576544568891,-0.9131620609838265,-1.8089111302478464,-9.231690698932129,-18.463381397864257,corrigido IPCA,1.003476064856649,-17.020810763704493,6.066419925235378,190.03863547684733,190.03863547684733
2026-10-08,ENMTA4,ENERGISA MATO GROSSO - DISTRIBUIDORA DE ENERGIA S.A.,ENERGISA MATO GROSSO - DISTRIBUIDORA DE ENERGIA S.A.,Energisa,CVM FRE,IPCA_MAIS,S,Quirografária,N,ENERGISA MATO GROSSO - DISTRIBUIDORA DE ENERGIA S.A.,03467321000199,7.3322,0.1379,1268.383667,2031-10-15,2030-08-15,58.22000000000003,3.4661,ok,,,11,3.4661437810892246,0.0012631225072746945,3.2293606029590602,14.892040161179334,3.3052632529016357,1.6334741240359163,-1.5962410289786955,-3.1562949127685536,-6.1718533956181325,3.3038208037649572,1.6332953516810043,-1.596065251278056,-3.1549004021531637,-6.160880402694533,9.077349025998371,18.154698051996743,corrigido IPCA,0.9881246279027234,58.628066647735885,5.418934119961127,278.839270517948,278.839270517948
2026-10-08,ENMTA5,ENERGISA MATO GROSSO - DISTRIBUIDORA DE ENERGIA S.A.,ENERGISA MATO GROSSO - DISTRIBUIDORA DE ENERGIA S.A.,Energisa,CVM FRE,IPCA_MAIS,S,Quirografária,N,ENERGISA MATO GROSSO - DISTRIBUIDORA DE ENERGIA S.A.,03467321000199,6.9389,0.1673,1228.266302,2029-04-15,2028-08-15,25.430000000000064,1.3921,ok,,,6,1.3921055199911465,0.00039652260230002215,1.3017765471602445,3.5069485132022247,1.3195352620872125,0.6552997866312582,-0.64653208297758,-1.2844604580744545,-2.535142799196788,1.3193112897262556,0.6552719592216251,-0.6465045879386195,-1.2842418045942334,-2.5334141240564443,17.75472447395926,35.50944894791852,corrigido IPCA,1.0188603279298936,46.225367842984355,5.585773620446011,262.59709885555765,262.59709885555765
2026-10-08,ENMTA7,ENERGISA MATO GROSSO - DISTRIBUIDORA DE ENERGIA S.A.,ENERGISA MATO GROSSO - DISTRIBUIDORA DE ENERGIA S.A.,Energisa,CVM FRE,IPCA_MAIS,S,Quirografária,N,ENERGISA MATO GROSSO - DISTRIBUIDORA DE ENERGIA S.A.,03467321000199,7.283,0.1205,1097.308217,2031-02-15,2030-08-15,53.30000000000004,3.4242,ok,,,9,3.4242823568628586,0.0024051417224091633,3.191821963277368,14.055245058773233,3.2633920861409482,1.613640467316868,-1.5784997981694637,-3.1227987126377754,-6.112406180688046,3.2620981885712337,1.6134800379621506,-1.5783419253152173,-3.1215457379835017,-6.10253902537927,8.436124048313863,16.872248096627725,corrigido IPCA,0.9713374132341149,53.85321204468114,5.4138158363379985,273.112503816181,273.112503816181
2026-10-08,ENMTB3,ENERGISA MATO GROSSO - DISTRIBUIDORA DE ENERGIA S.A.,ENERGISA MATO GROSSO - DISTRIBUIDORA DE ENERGIA S.A.,Energisa,CVM FRE,IPCA_MAIS,S,Quirografária,N,ENERGISA MATO GROSSO - DISTRIBUIDORA DE ENERGIA S.A.,03467321000199,7.1133,0.123,1353.582894,2030-10-15,2029-05-15,43.250000000000014,2.7385,ok,,,9,2.7385402692760517,0.00147048661864147,2.5566762197374664,9.792844053725775,2.6064559922827524,1.2906803442038317,-1.266196737533043,-2.5085035939153566,-4.923736370397158,2.6056404400060953,1.2905791649358904,-1.266097054801576,-2.5077119994688375,-4.917495558400418,7.582323085403512,15.164646170807025,corrigido IPCA,0.9536761633175608,38.77109024563514,5.3394432171018025,253.85732899816847,253.85732899816847
2026-10-08,ENMTB5,ENERGISA MATO GROSSO - DISTRIBUIDORA DE ENERGIA S.A.,ENERGISA MATO GROSSO - DISTRIBUIDORA DE ENERGIA S.A.,Energisa,CVM FRE,IPCA_MAIS,S,Quirografária,N,ENERGISA MATO GROSSO - DISTRIBUIDORA DE ENERGIA S.A.,03467321000199,7.3024,0.116,1196.688716,2032-04-15,2031-05-15,56.43999999999991,3.8259,ok,,,12,3.8259341353259013,0.0008922168875679755,3.5655624993717767,17.86370489050736,3.6567371125068693,1.805340797119448,-1.7606774498364341,-3.478034670745045,-6.787927334498766,3.6548810238243137,1.8051108807990224,-1.7604516185727541,-3.4762439749192393,-6.7738509009334065,7.750532249520429,15.501064499040858,corrigido IPCA,0.9926663798589015,55.27001427812324,5.462636791988107,275.65249283484536,275.65249283484536
2026-10-08,ENMTC5,ENERGISA MATO GROSSO - DISTRIBUIDORA DE ENERGIA S.A.,ENERGISA MATO GROSSO - DISTRIBUIDORA DE ENERGIA S.A.,Energisa,CVM FRE,IPCA_MAIS,S,Quirografária,N,ENERGISA MATO GROSSO - DISTRIBUIDORA DE ENERGIA S.A.,03467321000199,7.603,0.1768,1020.096784,2035-09-15,2035-05-15,84.53999999999996,6.6948,ok,,,18,6.694872408406426,0.0010815619051548263,6.221826908549414,51.86955542149751,6.489724898561455,3.1768047331295124,-3.047102979748051,-5.9705832070781835,-11.469431021857346,6.481174685656901,3.1757503985515787,-3.046076509997835,-5.962479131441927,-11.406262708668878,6.92396807871949,13.84793615743898,corrigido IPCA,0.9735154531838619,86.1594618122282,5.6674258781509,315.112775013176,315.112775013176
2026-10-08,ENMTC6,ENERGISA MATO GROSSO - DISTRIBUIDORA DE ENERGIA S.A.,ENERGISA MATO GROSSO - DISTRIBUIDORA DE ENERGIA S.A.,Energisa,CVM FRE,IPCA_MAIS,S,Quirografária,N,ENERGISA MATO GROSSO - DISTRIBUIDORA DE ENERGIA S.A.,03467321000199,7.7206,0.1385,1028.268804,2040-10-15,2037-05-15,94.84000000000003,8.2959,ok,,,29,8.29590032974886,3.974841320476046e-06,7.7013127755961825,85.81589075511205,8.149489991777292,3.9602706302092505,-3.7456491443472073,-7.290021726063911,-13.823834288499615,8.130392229371743,3.957926251241981,-3.743386524354201,-7.272233321820622,-13.686307736090123,6.59204015841489,13.18408031682978,corrigido IPCA,0.9862115925172594,101.53472617848735,5.688526380250858,332.74335211625373,332.74335211625373
2026-10-08,ENMTD2,ENERGISA MATO GROSSO - DISTRIBUIDORA DE ENERGIA S.A.,ENERGISA MATO GROSSO - DISTRIBUIDORA DE ENERGIA S.A.,Energisa,CVM FRE,IPCA_MAIS,S,Quirografária,N,ENERGISA MATO GROSSO - DISTRIBUIDORA DE ENERGIA S.A.,03467321000199,7.5696,0.0623,1076.480979,2034-12-15,2035-05-15,81.20000000000003,6.182,ok,,,17,6.182058539883074,0.0009469408455754091,5.747031261511685,44.752765971225834,5.977693504991088,2.930307935339038,-2.818404842776523,-5.529826787665149,-10.650212303614737,5.9707950913678145,2.9294565882198746,-2.8175746732918103,-5.5232674316555554,-10.599007203598854,7.170326077741245,14.34065215548249,corrigido IPCA,0.9909177374818349,82.4161762480228,5.650258064406843,310.52885305227323,310.52885305227323
2026-10-08,ENMTD5,ENERGISA MATO GROSSO - DISTRIBUIDORA DE ENERGIA S.A.,ENERGISA MATO GROSSO - DISTRIBUIDORA DE ENERGIA S.A.,Energisa,CVM FRE,IPCA_MAIS,S,Quirografária,N,ENERGISA MATO GROSSO - DISTRIBUIDORA DE ENERGIA S.A.,03467321000199,7.6632,0.2094,993.613596,2040-09-15,2040-08-15,99.66,8.5691,ok,,,27,8.550554582969577,-0.21642199332980128,7.941947279079181,88.27048451924239,8.402875420791943,4.083714954599804,-3.8629552264329514,-7.5188330669493375,-14.259505501187652,8.383299701675393,4.081311745188644,-3.860635533890538,-7.50059485648297,-14.118484867773514,6.027763099375528,12.055526198751055,corrigido IPCA,0.9440532516686313,95.74435349203873,5.688832019046797,325.9526704484543,325.9526704484543
2026-10-08,ENMTD9,ENERGISA MATO GROSSO - DISTRIBUIDORA DE ENERGIA S.A.,ENERGISA MATO GROSSO - DISTRIBUIDORA DE ENERGIA S.A.,Energisa,CVM FRE,IPCA_MAIS,S,Quirografária,N,ENERGISA MATO GROSSO - DISTRIBUIDORA DE ENERGIA S.A.,03467321000199,7.3974,0.2352,1051.3534,2036-07-15,2035-05-15,63.98000000000002,6.409,ok,,,20,6.408980549657744,-0.0003034848222175415,5.967537900971293,48.92941822165264,6.220188120808601,3.0459176141584443,-2.92356802401178,-5.730476942795337,-11.015621244228491,6.212184992079557,3.0449307232627123,-2.922607177708581,-5.7228908098630304,-10.956487437509534,5.503383441776691,11.006766883553382,corrigido IPCA,1.0479499836212816,65.6832985447605,5.658666313711369,290.88032327030464,290.88032327030464
2026-10-08,ENMTE6,ENERGISA MATO GROSSO - DISTRIBUIDORA DE ENERGIA S.A.,ENERGISA MATO GROSSO - DISTRIBUIDORA DE ENERGIA S.A.,Energisa,CVM FRE,IPCA_MAIS,S,Quirografária,N,ENERGISA MATO GROSSO - DISTRIBUIDORA DE ENERGIA S.A.,03467321000199,7.6426,0.1624,1051.892187,2035-10-15,2035-05-15,88.49999999999997,6.5126,ok,,,19,6.512643013746594,0.0006604696525792842,6.05024684813131,50.686629189968656,6.312080382055685,3.089517496103622,-2.9627734093393476,-5.804773566114141,-11.148797225694029,6.303679994081153,3.0884817105531157,-2.9617651375781944,-5.796813702181466,-11.086761112463247,7.45100456808512,14.90200913617024,corrigido IPCA,1.0088687475718288,90.16083380693797,5.662068215194149,319.7256608604648,319.7256608604648
2026-10-08,ENMTF8,ENERGISA MATO GROSSO - DISTRIBUIDORA DE ENERGIA S.A.,ENERGISA MATO GROSSO - DISTRIBUIDORA DE ENERGIA S.A.,Energisa,CVM FRE,IPCA_MAIS,S,Quirografária,N,ENERGISA MATO GROSSO - DISTRIBUIDORA DE ENERGIA S.A.,03467321000199,7.5172,0.1602,981.805568,2036-02-15,2035-05-15,75.95999999999998,6.9588,ok,,,19,6.958877953404071,0.001120213313652688,6.472339266093305,56.21211198211028,6.763030254362334,3.307621733264021,-3.167058992777849,-6.200389405107187,-11.891387458021196,6.7533998260038555,3.3064347730242902,-3.165904493069015,-6.191278706182754,-11.820436292544404,6.0175822700789485,12.035164540157897,corrigido IPCA,0.955006927798393,77.89566802715774,5.673885991581806,305.4315165967437,305.4315165967437
2026-10-08,ENMTG8,ENERGISA MATO GROSSO - DISTRIBUIDORA DE ENERGIA S.A.,ENERGISA MATO GROSSO - DISTRIBUIDORA DE ENERGIA S.A.,Energisa,CVM FRE,IPCA_MAIS,S,Quirografária,N,ENERGISA MATO GROSSO - DISTRIBUIDORA DE ENERGIA S.A.,03467321000199,7.6671,0.14,945.648682,2041-02-15,2040-08-15,100.04999999999997,8.7889,ok,,,29,8.788892261550206,-8.804799000839912e-05,8.163024973785127,93.52278193974716,8.651990305287649,4.201035898880989,-3.96713553649386,-7.715266532469656,-14.608986472820384,8.630638883483863,4.198415964317247,-3.9646090094678796,-7.695411064086391,-14.45559430877531,5.917654504142658,11.835309008285316,corrigido IPCA,0.919836968686524,96.61192300709713,5.688620121841637,326.8690916252956,326.8690916252956
2026-10-08,ENSEA1,ENERGISA SERGIPE - DIST.DE ENERGIA S/A,ENERGISA SERGIPE - DISTRIBUIDORA DE ENERGIA S/A,Energisa,CVM FRE,IPCA_MAIS,S,Quirografária,N,ENERGISA SERGIPE - DISTRIBUIDORA DE ENERGIA S/A,13017462000163,6.2185,0.2152,1260.849672,2027-07-15,2027-05-15,76.19999999999996,0.7404,ok,,,2,0.7404058374392236,0.0007884169669997264,0.6970592104381287,1.1478938279704036,0.7028486617804752,0.34997069257931557,-0.3471009033058192,-0.6913688485422065,-1.3715499953962706,0.7027986795779807,0.34996447250402735,-0.34709473793410134,-0.6913197412982767,-1.3711605443168493,27.901562785290487,55.803125570580974,corrigido IPCA,1.0099580323831294,38.89808265020892,6.56505462121677,257.36631209316977,257.36631209316977
2026-10-08,ENSEA5,ENERGISA SERGIPE - DIST.DE ENERGIA S/A,ENERGISA SERGIPE - DISTRIBUIDORA DE ENERGIA S/A,Energisa,CVM FRE,IPCA_MAIS,S,Quirografária,S,ENERGISA SERGIPE - DISTRIBUIDORA DE ENERGIA S/A,13017462000163,7.3958,0.3268,989.560864,2036-02-15,2035-05-15,63.820000000000036,6.9697,ok,,,19,6.969701941850605,2.786132266305261e-05,6.489734181272085,56.45289964868135,6.781683629632029,3.3166268740984384,-3.1754619413391083,-6.21663133028767,-11.921755987470172,6.771998679515491,3.3154332151968937,-3.1743009660751906,-6.207469683028678,-11.850410369570543,5.065641480255368,10.131282960510736,corrigido IPCA,0.962550537613925,65.74933332896597,5.6741201426152355,291.14428287754464,291.14428287754464
2026-10-08,ENSEB4,ENERGISA SERGIPE - DIST.DE ENERGIA S/A,ENERGISA SERGIPE - DISTRIBUIDORA DE ENERGIA S/A,Energisa,CVM FRE,IPCA_MAIS,S,Quirografária,N,ENERGISA SERGIPE - DISTRIBUIDORA DE ENERGIA S/A,13017462000163,7.534,0.2038,1028.018326,2035-09-15,2035-05-15,77.63999999999997,6.6917,ok,,,18,6.691677537066354,-0.00033568351309243007,6.222848156923721,51.896522483689225,6.4908894886476,3.1773501075122557,-3.04758089468683,-5.971477457439123,-11.470994443769989,6.482330769342168,3.1762947315664722,-3.0465534253572493,-5.963365544505275,-11.407765864173658,6.368378004522286,12.736756009044573,corrigido IPCA,0.9810752696407627,79.25889865607014,5.667338514405018,306.9925342285191,306.9925342285191
2026-10-08,ENSEB5,ENERGISA SERGIPE - DIST.DE ENERGIA S/A,ENERGISA SERGIPE - DISTRIBUIDORA DE ENERGIA S/A,Energisa,CVM FRE,IPCA_MAIS,S,Quirografária,S,ENERGISA SERGIPE - DISTRIBUIDORA DE ENERGIA S/A,13017462000163,7.5169,0.2747,957.343576,2041-02-15,2040-08-15,85.02999999999999,8.8201,ok,,,29,8.820091595685039,-9.52859373623505e-05,8.20344670994517,94.23246544437258,8.696166668999128,4.222159087760846,-3.9864834563320795,-7.752329078821885,-14.677089041559189,8.674609037167034,4.219513936778052,-3.9839327731671195,-7.732284382723307,-14.522244111002891,4.973185029737918,9.946370059475836,corrigido IPCA,0.9312126463413261,81.5945167403042,5.688560486706584,309.1989798652434,309.1989798652434
2026-10-08,ENSEC4,ENERGISA SERGIPE - DIST.DE ENERGIA S/A,ENERGISA SERGIPE - DISTRIBUIDORA DE ENERGIA S/A,Energisa,CVM FRE,IPCA_MAIS,S,Quirografária,N,ENERGISA SERGIPE - DISTRIBUIDORA DE ENERGIA S/A,13017462000163,7.6297,0.1526,996.267839,2040-09-15,2040-08-15,96.30999999999999,8.5756,ok,,,28,8.57556292437821,-0.0004323385161440598,7.967654768505541,88.70039209781872,8.43084980318154,4.097120452903313,-3.875285385743077,-7.542499241729694,-14.303155092574393,8.411156728994635,4.094702874375044,-3.8729518941304977,-7.5241528080164475,-14.161301695054709,5.798578570813698,11.597157141627395,corrigido IPCA,0.9507746362056673,92.40214440059562,5.688831094900126,322.0184170026964,322.0184170026964
2026-10-08,ENTV12,ENTREVIAS CONCESSIONARIA DE RODOVIAS S.A,ENTREVIAS CONCESSIONARIA DE RODOVIAS S.A,Isolada (a identificar),,IPCA_MAIS,S,Real,N,ENTREVIAS CONCESSIONARIA DE RODOVIAS S.A,26664057000189,7.578,0.1521,1472.698239,2030-12-15,2029-05-15,89.72000000000007,2.0873,ok,,,5,2.087266405455154,-0.0016094737146539453,1.9402353691787857,7.094487042574788,1.9762904685338478,0.9790580816021022,-0.9613207977037019,-1.9053285297431222,-3.7430402675895924,1.9757078043916596,0.9789857933926113,-0.9612495757861744,-1.9047629339659116,-3.7385809975060753,23.904075599135204,47.80815119827041,corrigido IPCA,1.0658344473273607,92.75906588993139,5.334334607480851,316.32174393528334,316.32174393528334
2026-10-08,ENTV13,ENTREVIAS CONCESSIONARIA DE RODOVIAS S.A,ENTREVIAS CONCESSIONARIA DE RODOVIAS S.A,Isolada (a identificar),,IPCA_MAIS,S,Real,N,ENTREVIAS CONCESSIONARIA DE RODOVIAS S.A,26664057000189,7.9704,0.1269,1145.448773,2036-12-15,2033-05-15,123.91999999999994,5.6679,ok,,,20,5.667869653638193,-0.0005354075020277665,5.249466199660456,37.97702688913374,5.4449991901107,2.672901472391853,-2.577941718324095,-5.064953754216905,-9.781343477703096,5.439351334106124,2.6722043834416453,-2.577261816218811,-5.059581065214788,-9.739391861538238,11.655011911507446,23.31002382301489,corrigido IPCA,0.9898380753855145,122.36518217219668,5.6257707410867,357.11026778579543,357.11026778579543
2026-10-08,EPRL12,EPR LITORAL PIONEIRO S.A.,EPR LITORAL PIONEIRO S.A.,EPR,CVM FRE,IPCA_MAIS,S,Real,N,EPR LITORAL PIONEIRO S.A.,51137031000120,8.0839,0.1149,1058.917813,2049-03-15,2040-08-15,141.73,9.0765,ok,,,45,9.07650741087101,8.164899476884137e-05,8.397649798786876,111.58011660844357,8.987421035774679,4.342190001194757,-4.0630632527370985,-7.868792557008019,-14.786019837545961,8.955550381829093,4.338300045153992,-4.059349753632883,-7.839749215744658,-14.56369726540488,8.416163533742795,16.83232706748559,corrigido IPCA,1.0154085390527268,141.35198801138526,5.687820873534943,378.3900639309752,378.3900639309752
2026-10-08,EQMAA0,EQUATORIAL MARANHAO DISTRIBUIDORA DE ENERGIA S.A,EQUATORIAL MARANHAO DISTRIBUIDORA DE ENERGIA S.A,Equatorial,CVM FRE,IPCA_MAIS,S,Quirografária,N,EQUATORIAL MARANHAO DISTRIBUIDORA DE ENERGIA S.A,06272793000184,7.361,0.1046,1119.979171,2031-12-15,2030-08-15,61.09999999999998,3.6183,ok,,,11,3.618308695290687,0.00024031425495489616,3.370226334787015,15.974304439060882,3.451681774049442,1.705277319690146,-1.6653382055579424,-3.291885056355315,-6.433003706388196,3.4500978569823197,1.7050810479423337,-1.6651452868446814,-3.2903548125917106,-6.420966580792813,9.132110071146064,18.264220142292128,corrigido IPCA,0.9839900895690608,61.55455570790038,5.437558204338999,282.58733190999317,282.58733190999317
2026-10-08,EQMAA2,EQUATORIAL MARANHAO DISTRIBUIDORA DE ENERGIA S.A,EQUATORIAL MARANHAO DISTRIBUIDORA DE ENERGIA S.A,Equatorial,CVM FRE,IPCA_MAIS,S,Quirografária,N,EQUATORIAL MARANHAO DISTRIBUIDORA DE ENERGIA S.A,06272793000184,7.6213,0.1031,1040.472563,2036-09-15,2035-05-15,86.36999999999998,6.4617,ok,,,20,6.461718930515927,0.00029296494616564187,6.004126441992362,48.41749326235785,6.254011173365348,3.063546749305801,-2.942477935662313,-5.769434683038465,-11.09757006392339,6.246213908304151,3.0625850875741283,-2.9415413544182334,-5.762038975680573,-11.039903018737567,7.3117266208419744,14.623453241683949,corrigido IPCA,0.9468599864741596,87.80106228163352,5.66043017495701,316.94812297576857,316.94812297576857
2026-10-08,EQPA18,EQUATORIAL PARA DISTRIBUIDORA DE ENERGIA S.A.,EQUATORIAL PARA DISTRIBUIDORA DE ENERGIA S.A.,Equatorial,CVM FRE,IPCA_MAIS,S,Quirografária,N,EQUATORIAL PARA DISTRIBUIDORA DE ENERGIA S.A.,04895728000180,7.5959,0.1901,1122.413809,2036-12-15,2035-05-15,83.83000000000003,6.3173,ok,,,21,6.3173488466546734,0.0007732204371026357,5.8713657738395915,47.92504186471487,6.118832697138665,2.99655612140306,-2.876717899485526,-5.639172118730118,-10.842154079886457,6.110990983163165,2.995589189250689,-2.8757765845889023,-5.631740564516018,-10.784230710384886,7.287785592509446,14.575571185018893,corrigido IPCA,1.033735634842192,85.5785097898825,5.655434030912798,314.2238848755012,314.2238848755012
2026-10-08,EQPA19,EQUATORIAL PARA DISTRIBUIDORA DE ENERGIA S.A.,EQUATORIAL PARA DISTRIBUIDORA DE ENERGIA S.A.,Equatorial,CVM FRE,IPCA_MAIS,S,Quirografária,N,EQUATORIAL PARA DISTRIBUIDORA DE ENERGIA S.A.,04895728000180,7.5573,0.212,1041.868639,2037-06-15,2035-05-15,79.96999999999997,6.6849,ok,,,22,6.684921105223256,0.0003157148686765254,6.2152184047231165,53.28023874718221,6.49073578655448,3.1753329624015336,-3.0421014260689994,-5.957438020070427,-11.431956482862693,6.4816195984590275,3.1742095007955364,-3.0410089039275805,-5.948817210987206,-11.364832034502589,6.596105569975336,13.192211139950672,corrigido IPCA,0.9911871130090348,81.99247347601475,5.667153006773229,310.12406554635226,310.12406554635226
2026-10-08,EQPAA1,EQUATORIAL PARA DISTRIBUIDORA DE ENERGIA S.A.,EQUATORIAL PARA DISTRIBUIDORA DE ENERGIA S.A.,Equatorial,CVM FRE,IPCA_MAIS,S,Quirografária,N,EQUATORIAL PARA DISTRIBUIDORA DE ENERGIA S.A.,04895728000180,7.7386,0.2986,970.729798,2038-01-15,2037-05-15,96.64000000000001,7.1,ok,,,23,7.099977099296667,-0.0003225451173630039,6.590003118006607,59.41107396681568,6.897717884313637,3.3705782289445763,-3.2220128507545853,-6.303003605694424,-12.069993867436468,6.887058487840686,3.3692654014618233,-3.2207377165447837,-6.292947748172528,-11.9917847566769,7.628593628603247,15.257187257206494,corrigido IPCA,0.9389842084203339,100.54491159700147,5.676760043531481,332.01151630723984,332.01151630723984
2026-10-08,EQSP11,EQUATORIAL TRANSMISSORA 3 SPE S.A.,VALE DO SERTAO TRANSMISSORA DE ENERGIA S.A.,Verene/IEB,escritura,IPCA_MAIS,S,Quirografária,N,VALE DO SERTAO TRANSMISSORA DE ENERGIA S.A.,26845460000104,7.3737,0.1053,991.847111,2033-01-15,2030-08-15,62.37000000000003,2.9907,ok,,,13,2.990726776914249,0.0008953393603175163,2.7853438755619386,13.052902349459142,2.851941942591063,1.409153250758477,-1.3765180522236076,-2.7213658135638363,-5.319741939227973,2.8506083873092347,1.4089880657177933,-1.3763558098441455,-2.720079363814643,-5.309629704134695,12.050664895675917,24.101329791351834,corrigido IPCA,0.9395878069460857,67.13049132724032,5.363326412904801,287.4862512492437,287.4862512492437
2026-10-08,EQSP21,EQUATORIAL TRANSMISSORA 3 SPE S.A.,VALE DO SERTAO TRANSMISSORA DE ENERGIA S.A.,Verene/IEB,escritura,IPCA_MAIS,S,Quirografária,N,VALE DO SERTAO TRANSMISSORA DE ENERGIA S.A.,26845460000104,7.3623,0.0844,880.746534,2034-01-15,2030-08-15,61.23000000000003,3.3526,ok,,,15,3.3526497212129414,0.0014830642767271925,3.12274394383591,16.840026015992105,3.2089093964528193,1.5826651617064424,-1.5405602210800562,-3.040431085103301,-5.923490025304035,3.2069440739158703,1.5824220044379451,-1.540321939397965,-3.0385438137559495,-5.908687367351978,10.465497095386048,20.930994190772097,corrigido IPCA,0.9263094892395453,65.36213534769817,5.405096549839961,286.2383727667454,286.2383727667454
2026-10-08,EQTC11,EQUATORIAL TRANSMISSORA 5 SPE S.A.,ALTO SERTAO TRANSMISSORA DE ENERGIA S.A,Verene/IEB,inferido,IPCA_MAIS,S,Quirografária,N,ALTO SERTAO TRANSMISSORA DE ENERGIA S.A,26845283000166,7.4105,0.0691,1235.945778,2039-04-15,2033-05-15,67.92999999999995,5.9423,ok,,,26,5.942283700191489,-0.0002743013397324651,5.532311738788563,48.85252446245174,5.785572062209954,2.828328925150192,-2.706164386243015,-5.296514752237346,-10.153333525858589,5.776574361100821,2.8272215249723462,-2.705090213816217,-5.288049116476304,-10.087572988328091,6.201308233127217,12.402616466254434,corrigido IPCA,0.8826291024851819,68.61514066795172,5.639830185193873,293.7331543454611,293.7331543454611
2026-10-08,EQTN11,EQUATORIAL TRANSMISSORA 2 SPE S/A,BURITIRAMA TRANSMISSORA DE ENERGIA S.A.,Verene/IEB,escritura,IPCA_MAIS,S,Quirografária,S,BURITIRAMA TRANSMISSORA DE ENERGIA S.A.,26845497000132,7.1874,0.0936,996.53498,2033-01-15,2029-05-15,50.66000000000006,2.8973,ok,,,13,2.8973318092831715,0.0010978940106816698,2.703052606260784,12.619272363083224,2.767442155728017,1.3674605708260623,-1.335909522133527,-2.641203524402691,-5.163523250422974,2.7661489680762,1.3673003935842458,-1.335752212676538,-2.6399562444453677,-5.153719765259903,9.10749981599567,18.21499963199134,corrigido IPCA,0.9480149511175362,49.236102228293404,5.353749720874013,266.1887658431234,266.1887658431234
2026-10-08,EQTR11,EQUATORIAL TRANSMISSORA 8 SPE S.A.,TAPAJOS TRANSMISSORA DE ENERGIA S.A.,Verene/IEB,CVM FRE,IPCA_MAIS,S,Quirografária,N,TAPAJOS TRANSMISSORA DE ENERGIA S.A.,27967244000102,7.4249,0.0628,1234.961785,2039-04-15,2033-05-15,69.36999999999998,5.9402,ok,,,26,5.940258409941457,0.0009832992400406373,5.529684840238582,48.81607563499482,5.782754245288668,2.826968850486433,-2.7048954715824802,-5.294062031737667,-10.148746396630315,5.773765218413556,2.8258625146630347,-2.7038223255755476,-5.285604462063608,-10.08304816777727,6.334528115426215,12.66905623085243,corrigido IPCA,0.8819264002839311,70.05588817987483,5.639734955698694,295.42686962981145,295.42686962981145
2026-10-08,EQTR21,EQUATORIAL TRANSMISSORA 8 SPE S.A.,TAPAJOS TRANSMISSORA DE ENERGIA S.A.,Verene/IEB,CVM FRE,IPCA_MAIS,S,Quirografária,N,TAPAJOS TRANSMISSORA DE ENERGIA S.A.,27967244000102,7.4264,0.0613,1234.859361,2039-04-15,2033-05-15,69.51999999999998,5.94,ok,,,26,5.940047464444369,0.0007990647200109436,5.529411266173278,48.812280250712234,5.782460791458455,2.8268272084756907,-2.70476332184747,-5.2938065945232875,-10.148268667809468,5.773472667426839,2.825720983400029,-2.7036902827732487,-5.285349864919716,-10.082576927332312,6.348412401870286,12.696824803740572,corrigido IPCA,0.8818532535013546,70.20596611443143,5.639725029923315,295.603298308934,295.603298308934
2026-10-08,EQTS11,EQUATORIAL TRANSMISSORA 1 SPE S.A,BARREIRAS TRANSMISSORA DE ENERGIA S.A.,Verene/IEB,escritura,IPCA_MAIS,S,Quirografária,N,BARREIRAS TRANSMISSORA DE ENERGIA S.A.,26845650000121,7.3852,0.1115,989.308851,2033-01-15,2030-08-15,63.520000000000024,2.9385,ok,,,13,2.938474187070093,-0.0008784389963208324,2.736386566370499,12.894786369577824,2.8021924144836063,1.384476730132822,-1.3522367909093114,-2.673196954305468,-5.224970834711318,2.8008604982183885,1.384311766147222,-1.3520748002232772,-2.67191263452261,-5.2148774053494416,12.575670816081283,25.151341632162566,corrigido IPCA,0.9418854063155978,68.8237933684447,5.357879596176951,289.33575375929547,289.33575375929547
2026-10-08,EQUA11,EQUATORIAL TRANSMISSAO S.A,VERENE TRANSMISSAO SUBHOLDING S.A.,Verene/IEB,inferido,IPCA_MAIS,S,Quirografária,N,VERENE TRANSMISSAO SUBHOLDING S.A.,23520790000131,7.3062,0.1276,1033.16282,2036-03-15,2031-05-15,56.819999999999915,4.0708,ok,,,19,4.070838662244171,0.0009497456070206168,3.7936658480536734,24.49304350718627,3.919559205846368,1.9278725490518678,-1.866629887401483,-3.674467823494032,-7.123004871361804,3.916131065589605,1.9274492284108196,-1.8662166196428538,-3.671200630517742,-7.097470825963621,7.754656512981409,15.509313025962818,corrigido IPCA,0.913617971965895,58.83715115336911,5.491083465405433,280.04370529950506,280.04370529950506
2026-10-08,ERDVA4,ECORODOVIAS CONCESSÕES E SERVIÇOS S/A,ECORODOVIAS CONCESSOES E SERVICOS S/A,EcoRodovias,CVM FRE,IPCA_MAIS,S,Quirografária,N,ECORODOVIAS CONCESSOES E SERVICOS S/A,08873873000110,7.7845,0.1339,1091.876758,2031-06-15,2031-05-15,104.65,3.9591,ok,,,10,3.959091359135894,-0.00021825324205029348,3.6731546364606174,18.384630288037208,3.7669559899060623,1.8597908164463162,-1.8138252107555264,-3.5830451773492755,-6.992880069369766,3.7650777879008035,1.8595581060903552,-1.8135965303702624,-3.5812314850204316,-6.978616667160491,14.100144029481099,28.200288058962197,corrigido IPCA,0.9860429639050758,103.58401883330197,5.478293800480261,332.74554631403674,332.74554631403674
2026-10-08,ERDVB4,ECORODOVIAS CONCESSÕES E SERVIÇOS S/A,ECORODOVIAS CONCESSOES E SERVICOS S/A,EcoRodovias,CVM FRE,IPCA_MAIS,S,Quirografária,N,ECORODOVIAS CONCESSOES E SERVICOS S/A,08873873000110,8.085,0.1074,1079.665507,2034-06-15,2033-05-15,135.38000000000005,5.2465,ok,,,16,5.246550207856885,0.0009569781165439167,4.854096505395646,32.23360932877976,5.019571666110623,2.4678726044840005,-2.3872768468389927,-4.697047716409841,-9.095766628911372,5.015264552039545,2.467340264358798,-2.3867562410368484,-4.692928458751747,-9.063520824215697,13.754009886823713,27.508019773647426,corrigido IPCA,0.9750153375628958,133.52658265361632,5.599324011132922,369.9357574094932,369.9357574094932
2026-10-08,ERDVC3,ECORODOVIAS CONCESSÕES E SERVIÇOS S/A,ECORODOVIAS CONCESSOES E SERVICOS S/A,EcoRodovias,CVM FRE,IPCA_MAIS,S,Quirografária,N,ECORODOVIAS CONCESSOES E SERVICOS S/A,08873873000110,7.9977,0.0895,1120.6866,2033-10-15,2032-08-15,125.22999999999999,4.8061,ok,,,15,4.806074731330675,-0.0005257624544839169,4.450163967686974,27.377332581374226,4.590458732659708,2.259725166899451,-2.1912731008563613,-4.316545576000208,-8.37839854507304,4.587050630593845,2.259303649570205,-2.1908603181167696,-4.313277304780104,-8.352781283746465,13.993300424915473,27.986600849830946,corrigido IPCA,0.9796370716170036,124.5449626799553,5.564804512996946,358.8412981430733,358.8412981430733
2026-10-08,ERDVC4,ECORODOVIAS CONCESSÕES E SERVIÇOS S/A,ECORODOVIAS CONCESSOES E SERVICOS S/A,EcoRodovias,CVM FRE,IPCA_MAIS,S,Quirografária,N,ECORODOVIAS CONCESSOES E SERVICOS S/A,08873873000110,8.231,0.1093,1060.088351,2039-06-15,2037-05-15,145.88,7.7211,ok,,,26,7.721088757455662,-0.00014560806540716385,7.133897642501373,72.41276881636443,7.510629768703936,3.6592681744705757,-3.478178515868957,-6.7855775164776695,-12.926089471869517,7.495961486583195,3.657464782271142,-3.476432860230231,-6.771833798419551,-12.819539908675456,10.611817086764688,21.223634173529376,corrigido IPCA,0.957335762528345,151.40723379585282,5.685330479611683,391.6681188438585,391.6681188438585
2026-10-08,ESAM14,EMPRESA DE ENERGIA SÃO MANOEL S/A,EMPRESA DE ENERGIA SAO MANOEL S.A.,Isolada (a identificar),,IPCA_MAIS,S,Real,S,EMPRESA DE ENERGIA SAO MANOEL S.A.,18494537000110,6.7831,0.1988,798.3694,2033-06-15,2030-08-15,3.310000000000013,3.0054,ok,,,14,3.0054530964116455,0.001766700327598214,2.8145400315327476,14.411423444934346,2.888225390684429,1.4254857973444723,-1.3894532939981885,-2.744048008607869,-5.353132997201515,2.8865971487574194,1.425284295072542,-1.3892557364602058,-2.7424829143080762,-5.340851594166809,1.6372795683425405,3.274559136685081,corrigido IPCA,1.038509894956436,9.216377775821474,5.364898416014974,219.2932225214766,219.2932225214766
2026-10-08,ESCEA5,EDP ESPIRITO SANTO DISTRIBUICAO DE ENERGIA SA,EDP ESPIRITO SANTO DISTRIBUICAO DE ENERGIA SA,EDP,CVM FRE,IPCA_MAIS,S,Quirografária,N,EDP ESPIRITO SANTO DISTRIBUICAO DE ENERGIA SA,28152650000171,6.8615,0.099,1139.846475,2036-12-15,2035-05-15,10.390000000000033,6.7281,ok,,,21,6.728134491562466,0.0005126493730133396,6.296125818524413,54.246138776925044,6.576641004897055,3.217014833888898,-3.081368063301182,-6.033676484165307,-11.575708187888612,6.567356512409038,3.2158705827333627,-3.0802552357910504,-6.024895124639787,-11.507328861510326,0.9785860229250437,1.9571720458500874,corrigido IPCA,1.0506079858433828,12.32260144917098,5.668321933290521,228.19264479656715,228.19264479656715
2026-10-08,ESSDA4,ENERGISA SUL-SUDESTE - DISTRIBUICAO DE ENERGIA S.A,ENERGISA SUL-SUDESTE - DISTRIBUIDORA DE ENERGIA SA,Energisa,CVM FRE,IPCA_MAIS,S,Quirografária,N,ENERGISA SUL-SUDESTE - DISTRIBUIDORA DE ENERGIA SA,07282377000120,7.4503,0.1228,1075.012383,2035-05-15,2033-05-15,71.91000000000001,5.7673,ok,,,18,5.767300019458358,3.373911272181294e-07,5.367411742413338,39.58706375785372,5.571183720492678,2.7339103286343924,-2.634925342529626,-5.175035683142681,-9.986515607378998,5.565347061202606,2.733189700903986,-2.6342220415093514,-5.169476423624069,-9.9430822096696,6.547398649646331,13.094797299292662,corrigido IPCA,1.02064981778559,70.28516878874589,5.631139209920821,295.98172266309905,295.98172266309905
2026-10-08,ESSDA5,ENERGISA SUL-SUDESTE - DISTRIBUICAO DE ENERGIA S.A,ENERGISA SUL-SUDESTE - DISTRIBUIDORA DE ENERGIA SA,Energisa,CVM FRE,IPCA_MAIS,S,Quirografária,N,ENERGISA SUL-SUDESTE - DISTRIBUIDORA DE ENERGIA SA,07282377000120,7.6126,0.1266,1053.803855,2035-10-15,2035-05-15,85.49999999999996,6.5154,ok,,,19,6.515374513739105,-0.00039116955052034727,6.054471793952665,50.74179989411966,6.316593162410111,3.0917004053807817,-2.964818344009479,-5.808733878154449,-11.156230665531531,6.308180793423262,3.090663146843982,-2.963808647108683,-5.8007627944820666,-11.094107590022936,7.19792222434462,14.39584444868924,corrigido IPCA,1.0107022224153064,87.15923416471907,5.662154295195898,316.1954663125867,316.1954663125867
2026-10-08,ESSDB5,ENERGISA SUL-SUDESTE - DISTRIBUICAO DE ENERGIA S.A,ENERGISA SUL-SUDESTE - DISTRIBUIDORA DE ENERGIA SA,Energisa,CVM FRE,IPCA_MAIS,S,Quirografária,N,ENERGISA SUL-SUDESTE - DISTRIBUIDORA DE ENERGIA SA,07282377000120,7.7252,0.1278,1027.904624,2040-10-15,2037-05-15,95.30000000000003,8.2949,ok,,,29,8.294941180803733,0.000496459315150128,7.700093553600951,85.79544645717525,8.148162797687174,3.959634759982178,-3.7450644145770817,-7.288899440015706,-13.821764102161826,8.129070785886828,3.9572910848719447,-3.742802468729006,-7.271116321315074,-13.684278178058396,6.6229498175343995,13.245899635068799,corrigido IPCA,0.9858623063397838,101.99466639163845,5.688524081369084,333.2844710623878,333.2844710623878
2026-10-08,ESULA6,ENERGISA MATO GROSSO DO SUL - DISTRIBUIDORA DE ENERGIA S.A.,ENERGISA MATO GROSSO DO SUL - DISTRIBUIDORA DE ENERGIA S.A.,Energisa,CVM FRE,IPCA_MAIS,S,Quirografária,N,ENERGISA MATO GROSSO DO SUL - DISTRIBUIDORA DE ENERGIA S.A.,15413826000150,7.3213,0.1141,1268.83025,2031-10-15,2030-08-15,57.129999999999995,3.4663,ok,,,11,3.46631394712205,0.00040236338603588575,3.2298471478840174,14.896073220318366,3.305770521316198,1.6337225068562944,-1.5964793275695555,-3.156761826432153,-6.17275000746047,3.304327513985609,1.6335436654674067,-1.5963034824166105,-3.1553667817824254,-6.161772831361667,8.907162327460062,17.814324654920124,corrigido IPCA,0.9884725355075804,57.53754567817369,5.418954946523846,277.55661645495167,277.55661645495167
2026-10-08,ETBA12,ETB - EMPRESA DE TRANSMISSAO BAIANA S.A.,ETB - EMPRESA DE TRANSMISSAO BAIANA S.A.,Isolada (a identificar),,IPCA_MAIS,S,Quirografária,N,ETB - EMPRESA DE TRANSMISSAO BAIANA S.A.,24870961000115,6.5893,0.1103,1069.495304,2029-02-15,2028-08-15,-9.529999999999994,1.8477,ok,,,5,1.8476790059349428,-0.001136226933867362,1.733456365634208,5.066314603021951,1.7591234121507426,0.8731027523668056,-0.8604364593050473,-1.7084521585615353,-3.3681740457484954,1.7587879386493175,0.8730610760708813,-0.8603952895633266,-1.7081247926190983,-3.3655864392079766,-1.037663143444043,-2.075326286888086,sem correção,0.9858864284544642,-3.597487562774157,5.374697533024064,202.9289853771673,202.9289853771673
2026-10-08,ETEN12,ENERGISA TRANSMISSAO DE ENERGIA S.A,ENERGISA TRANSMISSAO DE ENERGIA S.A.,Energisa,CVM FRE,IPCA_MAIS,S,Quirografária,N,ENERGISA TRANSMISSAO DE ENERGIA S.A.,28201130000101,6.3262,0.1187,1420.169256,2027-10-15,2027-05-15,86.97,0.9772,ok,,,3,0.9772307189306081,0.0031435663741435985,0.9190874111278388,1.7309297536852397,0.9278243373272765,0.4617176037495785,-0.4573901835829619,-0.9105135054044977,-1.804196200675412,0.927742059896265,0.4617073677560259,-0.45738004337181287,-0.9104327623594125,-1.8035562271819727,7.763589281040505,15.52717856208101,corrigido IPCA,1.0005900399835521,14.270834346742713,6.066541828242977,226.85423238746705,226.85423238746705
2026-10-08,ETEN21,ENERGISA TRANSMISSAO DE ENERGIA S.A,ENERGISA TRANSMISSAO DE ENERGIA S.A.,Energisa,CVM FRE,IPCA_MAIS,S,Quirografária,N,ENERGISA TRANSMISSAO DE ENERGIA S.A.,28201130000101,6.2255,0.1964,1514.008175,2028-12-15,2027-05-15,76.9,1.1131,ok,,,5,1.1131628025342597,0.005642128673050084,1.047924276688987,2.657466157438775,1.061373110030872,0.5273040418316999,-0.5206601463446869,-1.0347947661634715,-2.043947546285818,1.0612116074761808,0.5272839710412919,-0.520640305647695,-1.034636945901793,-2.0426992302291986,-9.139377320980069,-18.278754641960138,corrigido IPCA,1.0048674471350472,-19.154750736951538,5.864964824125241,189.05986535859765,189.05986535859765
2026-10-08,ETEN22,ENERGISA TRANSMISSAO DE ENERGIA S.A,ENERGISA TRANSMISSAO DE ENERGIA S.A.,Energisa,CVM FRE,IPCA_MAIS,S,Quirografária,N,ENERGISA TRANSMISSAO DE ENERGIA S.A.,28201130000101,7.1636,0.1072,1351.843852,2030-10-15,2029-05-15,48.280000000000015,2.7381,ok,,,9,2.7380719343267526,-0.0010250054142524325,2.555039149792236,9.781200057787995,2.6047593004934866,1.2898470807814144,-1.2653925871329186,-2.5069233941141578,-4.920684516281259,2.603945150081176,1.289746074968353,-1.265293074823883,-2.5061331495032957,-4.914454298428712,8.572003902650408,17.144007805300816,corrigido IPCA,0.9524509084866983,43.803611126887255,5.3394055203979995,259.7773591053004,259.7773591053004
2026-10-08,ETSP12,EQUATORIAL TRANSMISSORA 7 SPE S.A.,BELEM TRANSMISSORA DE ENERGIA S.A.,Verene/IEB,CVM FRE,IPCA_MAIS,S,Quirografária,N,BELEM TRANSMISSORA DE ENERGIA S.A.,26845702000160,7.4428,0.1285,1233.740368,2039-04-15,2033-05-15,71.15999999999998,5.9377,ok,,,26,5.937741401031076,0.0006972570368226162,5.526420943079551,48.77080229522111,5.77925320936068,2.825278988395108,-2.703318840197355,-5.291014485273882,-10.143046695248415,5.770274954555657,2.8241739744088017,-2.7022469686707495,-5.282566931603445,-10.07742584025468,6.500302798602942,13.000605597205883,corrigido IPCA,0.8810541468275576,71.84681904511582,5.639616433821049,297.5322519129068,297.5322519129068
2026-10-08,EUBE11,ENGIE SOLUCOES CIDADES INTELIGENTES E INFRAESTRUTURA DE UBERLANDIA S.A,ENGIE SOLUCOES CIDADES INTELIGENTES E INFRAESTRUTURA DE UBERLANDIA S.A,Engie,inferido,IPCA_MAIS,S,Real,N,ENGIE SOLUCOES CIDADES INTELIGENTES E INFRAESTRUTURA DE UBERLANDIA S.A,36030967000163,6.6416,0.0803,857.954158,2034-01-15,2030-08-15,-10.83999999999996,3.4205,ok,,,15,3.4204883011055425,-0.00034202293400448794,3.2074615357473464,17.405508971513594,3.296535022762992,1.625740765553707,-1.5822218790410125,-3.122398063948717,-6.0822156470356825,3.2944890806049143,1.6254876540880652,-1.581973881659281,-3.120433990889778,-6.06681289206442,-1.1020422053041121,-2.2040844106082242,corrigido IPCA,1.0085845519355854,-7.06951596856624,5.413352579842479,201.15944815289367,201.15944815289367
2026-10-08,EXTZ11,EXTREMOZ TRANSMISSORA DO NORDESTE ETN S.A.,COMPANHIA HIDRO ELETRICA DO SAO FRANCISCO - CHESF,Axia (ex-Eletrobras),CVM FRE,IPCA_MAIS,S,Real,S,COMPANHIA HIDRO ELETRICA DO SAO FRANCISCO - CHESF,33541368000116,7.3133,0.0982,517.582017,2029-01-15,2028-08-15,62.870000000000026,1.4665,ok,,,5,1.4665220992754364,0.0015069400229461018,1.3665800038536104,3.5517647937442067,1.384556381570956,0.6877567442667987,-0.678877021947244,-1.349033766643426,-2.6638061873359153,1.3843388278223316,0.6877297079189856,-0.678850295934625,-1.3488211798848895,-2.662124711832337,29.580265435556885,59.16053087111377,corrigido IPCA,1.0006922222829706,80.8475985058283,5.534531880736737,302.8544394013356,302.8544394013356
2026-10-08,FBRI13,FIBRASIL INFRAESTRUTURA FIBRA OTICA S.A.,FIBRASIL INFRAESTRUTURA E FIBRA OTICA S.A.,Fibrasil Infraestrutura,inferido,IPCA_MAIS,S,Quirografária,N,FIBRASIL INFRAESTRUTURA E FIBRA OTICA S.A.,36619747000170,6.6396,0.1072,1187.992899,2034-04-15,2031-05-15,-9.840000000000071,4.4422,ok,,,16,4.442249773187319,0.0011204625482699204,4.165666200161403,24.935661510659553,4.293446233918452,2.114386240245514,-2.0520390235049812,-4.043960539662916,-7.855912753198469,4.290344507714701,2.1140026769690263,-2.051663523192377,-4.040987892608106,-7.8326191701096155,-1.3210790313741898,-2.6421580627483796,corrigido IPCA,1.0663442107086136,-11.006348537474855,5.530760464509399,198.77323504855957,198.77323504855957
2026-10-08,FEPS11,FARO ENERGY PROJ. SOL. HOL. IV S.A,FARO ENERGY PROJ. SOL. HOL. IV S.A,Faro Energy,inferido,IPCA_MAIS,S,Real,N,FARO ENERGY PROJ. SOL. HOL. IV S.A,48904104000157,7.9705,0.175,1119.085227,2040-01-15,2032-08-15,122.51000000000003,4.9813,sem eventos futuros,,,,,,,,,,,,,,,,,,,,,,,,,
2026-10-08,FGEN13,FERREIRA GOMES ENERGIA S/A,FERREIRA GOMES ENERGIA S.A.,Alupar,CVM FRE,IPCA_MAIS,S,Real,N,FERREIRA GOMES ENERGIA S.A.,12489315000123,6.08,0.0637,521.624968,2027-12-15,2027-05-15,62.349999999999994,0.6613,fluxo divergente da ANBIMA,,,3,1.053245056199259,59.268872856382735,0.9928780695694372,1.9964330230835754,1.0029598350604685,0.4989469649086198,-0.49395576192305946,-0.9829935762321051,-1.9466013558982032,1.0028602346848552,0.49893457606357317,-0.4939434935058642,-0.9828959044540194,-1.945827478677203,-10.16141646081512,-20.32283292163024,corrigido IPCA,0.9395911397513346,-20.17809511941044,5.947486830192106,186.26569782318185,186.26569782318185
2026-10-08,FLCLA9,ENERGISA MINAS RIO - DISTRIBUIDORA DE ENERGIA S.A.,ENERGISA MINAS RIO - DISTRIBUIDORA DE ENERGIA S.A.,Energisa,CVM FRE,IPCA_MAIS,S,Quirografária,N,ENERGISA MINAS RIO - DISTRIBUIDORA DE ENERGIA S.A.,19527639000158,7.6201,0.1401,1053.325489,2035-10-15,2035-05-15,86.24999999999999,6.5147,ok,,,19,6.5146917544569565,-0.0001265682693586114,6.053415444193934,50.728003021175965,6.315464831931106,3.091154616064773,-2.964307058703708,-5.807743706272783,-11.154372152019842,6.307055459299815,3.090117725873437,-2.963297718320497,-5.799775429088054,-11.09227082796435,7.261159804975042,14.522319609950085,corrigido IPCA,1.010243421511707,87.90963381239227,5.662132795728447,317.07801488137096,317.07801488137096
2026-10-08,FLCLB9,ENERGISA MINAS RIO - DISTRIBUIDORA DE ENERGIA S.A.,ENERGISA MINAS RIO - DISTRIBUIDORA DE ENERGIA S.A.,Energisa,CVM FRE,IPCA_MAIS,S,Quirografária,N,ENERGISA MINAS RIO - DISTRIBUIDORA DE ENERGIA S.A.,19527639000158,7.7347,0.1417,1027.153099,2040-10-15,2037-05-15,96.25000000000003,8.2929,ok,,,29,8.29296023629578,0.0007263598473473577,7.697575837957297,85.75323355150033,8.145422150297165,3.9583216841290847,-3.7438569299074853,-7.286581872044073,-13.817489032029961,8.1263420057148,3.9559794609180243,-3.741596377039273,-7.268809670199795,-13.680087004884589,6.686815779715425,13.37363155943085,corrigido IPCA,0.9851415208235903,102.94454315761807,5.68851930477321,334.40199926178303,334.40199926178303
2026-10-08,FRAG14,FERRARI AGROINDUSTRIA S/A,FERRARI AGROINDUSTRIA S/A,Ferrari Agroindustria,inferido,IPCA_MAIS,S,Quirografária,N,FERRARI AGROINDUSTRIA S/A,54846951000105,7.6187,0.1084,1130.764353,2031-06-15,2030-08-15,86.86999999999996,3.5505,ok,,,10,3.5504873824220167,-0.00035537467915280706,3.29913610034503,15.255256262722332,3.3768785557914516,1.6688188547496319,-1.6306777107123027,-3.224277917224061,-6.304328104690427,3.3754123816586414,1.6686371205009178,-1.630498979844112,-3.2228598190314184,-6.293167075435613,13.265749672838032,26.531499345676064,corrigido IPCA,1.0209112955064743,87.53102728760044,5.429263877073942,312.9927726281885,312.9927726281885
2026-10-08,FRAG16,FERRARI AGROINDUSTRIA S/A,FERRARI AGROINDUSTRIA S/A,Ferrari Agroindustria,inferido,IPCA_MAIS,S,Quirografária,S,FERRARI AGROINDUSTRIA S/A,54846951000105,7.6949,0.1209,1098.669895,2035-09-15,2033-05-15,96.36999999999993,5.6539,ok,,,18,5.653942680117188,0.0007548792371283307,5.249963257421836,37.84462518580912,5.444702601833429,2.6729685087713895,-2.578340637233434,-5.065995248813726,-9.784095436679785,5.439186383350882,2.6722874101931793,-2.5776758472286563,-5.06074013149279,-9.74303401112749,9.033343896944194,18.066687793888388,corrigido IPCA,1.0482642324742009,94.8494471012256,5.62499316334053,324.7698553381069,324.7698553381069
2026-10-08,FSII14,FS I INDUSTRIA DE ETANOL S.A,FS I INDUSTRIA DE ETANOL S.A,Fs I,inferido,IPCA_MAIS,S,Quirografária,S,FS I INDUSTRIA DE ETANOL S.A,46710597000169,9.3466,0.1705,1034.789538,2033-02-15,2031-05-15,260.86,4.2667,ok,,,13,4.26676812281526,0.0015966160090917787,3.9020583381790197,21.331936184018844,4.011117589265956,1.9779911362761693,-1.9246556503057621,-3.7977078531419295,-7.395608237522355,4.008718019099114,1.9776940893195336,-1.9243642488594865,-3.7953986572589256,-7.377477952677664,33.32690779462468,66.65381558924936,corrigido IPCA,1.004985727682402,260.08707689147724,5.512595932202435,517.4238447144493,517.4238447144493
2026-10-08,FURN21,FURNAS CENTRAIS ELETRICAS S/A,FURNAS CENTRAIS ELETRICAS S/A,Axia (ex-Eletrobras),inferido,IPCA_MAIS,S,Quirografária,N,FURNAS CENTRAIS ELETRICAS S/A,23274194000119,6.7736,0.1516,1232.139968,2029-11-15,2028-08-15,8.900000000000041,1.482,ok,,,7,1.4820498147984584,0.0033613224330936156,1.388030201096955,4.083852473654565,1.4087297904928686,0.6991547318355718,-0.6889446587327819,-1.367884192425295,-2.6965421003819046,1.4084494634652278,0.6991199161405458,-0.6889102849564093,-1.3676109387286823,-2.6943833527208185,8.2901530175842,16.5803060351684,corrigido IPCA,0.9782395234452292,23.013965520243854,5.5248383509082455,235.46109784561946,235.46109784561946
2026-10-08,GASC15,RUMO MALHA PAULISTA S/A,RUMO MALHA PAULISTA S/A,Rumo,CVM FRE,IPCA_MAIS,S,Quirografária,N,RUMO MALHA PAULISTA S/A,02502844000166,8.0959,0.0581,986.148741,2034-03-15,2035-05-15,133.83000000000004,6.0013,ok,,,15,6.001328225849033,0.0004703289126217643,5.551855552198587,40.27230624898073,5.75898812701825,2.8269809811574786,-2.7262836362211385,-5.355999637408127,-10.341311835128653,5.753217083443491,2.826268158910519,-2.7255873932880674,-5.3504940209536835,-10.29826497941756,12.110725833046219,24.221451666092438,corrigido IPCA,0.8813093568067303,134.47400091470504,5.642552712199911,371.7313721497163,371.7313721497163
2026-10-08,GASC16,RUMO MALHA PAULISTA S/A,RUMO MALHA PAULISTA S/A,Rumo,CVM FRE,IPCA_MAIS,S,Quirografária,N,RUMO MALHA PAULISTA S/A,02502844000166,8.1307,0.0211,1026.967806,2034-06-15,2035-05-15,137.30999999999992,5.9531,ok,,,16,5.953149914632493,0.0008384645393667531,5.505513156423192,40.73045856213717,5.7151287573198095,2.804406039253715,-2.702562418487653,-5.3075444125555205,-10.240834821332111,5.709165449233879,2.8036696514142676,-2.701843505008925,-5.301860863612506,-10.196417141603643,12.553991635225453,25.107983270450905,corrigido IPCA,0.927230949908517,138.23233222672087,5.6403390165656875,376.09336906515676,376.09336906515676
2026-10-08,GASC17,RUMO MALHA PAULISTA S/A,RUMO MALHA PAULISTA S/A,Rumo,CVM FRE,IPCA_MAIS,S,Quirografária,N,RUMO MALHA PAULISTA S/A,02502844000166,8.087,0.0707,970.667563,2036-08-15,2035-05-15,132.93999999999997,7.0208,ok,,,20,7.0207537502264525,-0.0006587536113809694,6.4954654585902585,56.43375348181973,6.787304973711317,3.3194668383778048,-3.1783498359452156,-6.222445175293833,-11.933500037108812,6.777634225999357,3.3182749211474043,-3.1771905374428546,-6.21329669118116,-11.862255847544123,10.38412815566252,20.76825631132504,corrigido IPCA,0.8808498430481598,134.8994915053609,5.675193509845111,372.50912455194447,372.50912455194447
2026-10-08,GASC18,RUMO MALHA PAULISTA S/A,RUMO MALHA PAULISTA S/A,Rumo,CVM FRE,IPCA_MAIS,S,Quirografária,N,RUMO MALHA PAULISTA S/A,02502844000166,8.114,0.0615,1024.066439,2037-03-15,2035-05-15,135.64000000000007,7.0808,ok,,,21,7.0808427978572,0.0006044212122981171,6.549422644483786,58.679599499509315,6.853262257554582,3.3493470477633736,-3.202611530336019,-6.265881537639562,-12.001938068951413,6.842820641981333,3.3480608216162797,-3.2013618228675065,-6.25602464698624,-11.925253298977387,10.541540164734403,21.083080329468807,corrigido IPCA,0.9633249914017888,138.08200372529367,5.67639254225909,376.1855922124832,376.1855922124832
2026-10-08,GASC19,RUMO MALHA PAULISTA S/A,RUMO MALHA PAULISTA S/A,Rumo,CVM FRE,IPCA_MAIS,S,Quirografária,S,RUMO MALHA PAULISTA S/A,02502844000166,8.2659,0.1819,944.32709,2040-10-15,2037-05-15,149.37000000000006,8.3195,ok,,,29,8.319546484131857,0.000558737085852307,7.684364591373513,85.45453119869548,8.13059650313599,3.9513279896504994,-3.7376107745821563,-7.274755797099819,-13.79621804773874,8.11163724736699,3.949000459685126,-3.7353641316883874,-7.2570919353800365,-13.659638558773116,10.157683492321597,20.315366984643195,corrigido IPCA,0.9027760956444418,156.11068671755066,5.6885802049561285,396.94548806354743,396.94548806354743
2026-10-08,GASC22,RUMO MALHA PAULISTA S/A,RUMO MALHA PAULISTA S/A,Rumo,CVM FRE,IPCA_MAIS,S,Quirografária,N,RUMO MALHA PAULISTA S/A,02502844000166,7.8028,0.091,1236.589661,2031-06-15,2030-08-15,105.28000000000004,3.3071,ok,,,10,3.307111939464236,0.0003610251953658441,3.06774215462329,13.305924799712496,3.1354939116514213,1.5506550087972748,-1.517387771180323,-3.002395835306071,-5.878683679376884,3.134271778621853,1.5505034833112856,-1.5172386713120045,-3.001212530624728,-5.8693658132523305,17.268179569691714,34.53635913938343,corrigido IPCA,0.9153340826917485,105.94864479909587,5.399594328826396,334.1536331903967,334.1536331903967
2026-10-08,GASC23,RUMO MALHA PAULISTA S/A,RUMO MALHA PAULISTA S/A,Rumo,CVM FRE,IPCA_MAIS,S,Quirografária,N,RUMO MALHA PAULISTA S/A,02502844000166,7.9945,0.1376,1173.266889,2033-10-15,2033-05-15,126.33000000000001,5.6048,ok,,,15,5.6048514277497326,0.000917566188491054,5.18994155049538,36.042448186959234,5.375107601551643,2.6406359877464203,-2.5505161486144123,-5.014463494535615,-9.696080035865396,5.370153791430177,2.640023835481389,-2.5499177150139913,-5.009729309560584,-9.659034137251577,11.959182924812357,23.918365849624713,corrigido IPCA,0.9111905127869836,124.13492074291703,5.622201249416414,359.2741559073981,359.2741559073981
2026-10-08,GASC25,RUMO MALHA PAULISTA S/A,RUMO MALHA PAULISTA S/A,Rumo,CVM FRE,IPCA_MAIS,S,Quirografária,N,RUMO MALHA PAULISTA S/A,02502844000166,8.1949,0.0419,943.251505,2039-03-15,2037-05-15,142.27000000000007,8.0911,ok,,,25,8.091072155129996,-0.00034414195850256384,7.478238027051179,76.08023040527502,7.873954322141996,3.8361025102944923,-3.6458421768284066,-7.112195108672214,-13.546215189498568,7.858639179077553,3.8342193015321833,-3.644018725518996,-7.097836875024805,-13.434871445996857,9.864731963824957,19.729463927649913,corrigido IPCA,0.8429726197568053,147.54162739708607,5.687821465869769,387.1845486882561,387.1845486882561
2026-10-08,GASC26,RUMO MALHA PAULISTA S/A,RUMO MALHA PAULISTA S/A,Rumo,CVM FRE,IPCA_MAIS,S,Quirografária,N,RUMO MALHA PAULISTA S/A,02502844000166,8.2004,0.1262,997.832762,2039-06-15,2037-05-15,142.82000000000005,7.9047,ok,,,26,7.904723968791125,0.0003032220213949451,7.305632852365727,74.93782173501783,7.6955953995053505,3.748366373343548,-3.560961471227997,-6.945250804924141,-13.223412655324207,7.680321961040816,3.746488703351636,-3.5591441490140916,-6.930943743690639,-13.112509270031097,10.15477943583412,20.30955887166824,corrigido IPCA,0.9009254493831845,148.37418050991528,5.686777340697469,388.1101158683425,388.1101158683425
2026-10-08,GASC27,RUMO MALHA PAULISTA S/A,RUMO MALHA PAULISTA S/A,Rumo,CVM FRE,IPCA_MAIS,S,Quirografária,N,RUMO MALHA PAULISTA S/A,02502844000166,8.0779,0.0502,971.24154,2036-08-15,2035-05-15,132.02999999999997,7.0215,ok,,,20,7.021563499201731,0.0009043537952208467,6.496761594370109,56.45174027619706,6.788695124758659,3.3201378911553947,-3.178975905100545,-6.223655190768529,-11.935762096397095,6.779020295751096,3.3189454725303014,-3.1778161218398084,-6.214502892989125,-11.864488383216278,10.3119873073499,20.6239746146998,corrigido IPCA,0.8813707081388383,133.98904620004572,5.675210126516794,371.43818696351985,371.43818696351985
2026-10-08,GASC28,RUMO MALHA PAULISTA S/A,RUMO MALHA PAULISTA S/A,Rumo,CVM FRE,IPCA_MAIS,S,Quirografária,N,RUMO MALHA PAULISTA S/A,02502844000166,8.2497,0.0782,1011.325894,2040-03-15,2037-05-15,147.75000000000009,8.1254,ok,,,27,8.12539714368432,-3.5152923917317095e-05,7.506161350732908,79.61067714272406,7.921117970883995,3.854670595697751,-3.655574443736176,-7.1238988713752445,-13.542360633724682,7.904214736446528,3.852594021794859,-3.653567328938049,-7.108107965019288,-13.420109158611334,10.250058378098622,20.500116756197244,corrigido IPCA,0.9513401394446209,153.87718408087983,5.687970584181912,394.4578231925455,394.4578231925455
2026-10-08,GASP19,COMPANHIA DE GAS DE SÃO PAULO - COMGAS,COMPANHIA DE GAS DE SAO PAULO - COMGAS,Compass,CVM FRE,IPCA_MAIS,S,Quirografária,N,COMPANHIA DE GAS DE SAO PAULO - COMGAS,61856571000117,6.9063,0.1906,1244.63187,2031-08-15,2030-08-15,15.629999999999988,3.4585,ok,,,10,3.458550792031588,0.0014686144741419178,3.235123460480428,14.594962295818654,3.309485781171606,1.6359774193033694,-1.5994871766454533,-3.1634907463144457,-6.188910907378487,3.3080982719595218,1.6358054331099874,-1.5993180273704408,-3.1621486490013346,-6.178347675044484,2.48747002269235,4.9749400453847,corrigido IPCA,0.9502132437140527,16.09454525530761,5.418004956101896,228.7658377981413,228.7658377981413
2026-10-08,GASP29,COMPANHIA DE GAS DE SÃO PAULO - COMGAS,COMPANHIA DE GAS DE SAO PAULO - COMGAS,Compass,CVM FRE,IPCA_MAIS,S,Quirografária,N,COMPANHIA DE GAS DE SAO PAULO - COMGAS,61856571000117,7.1109,0.1072,1163.678566,2036-08-15,2035-05-15,35.33,6.9784,ok,,,20,6.978388640876661,-0.0001627754691451868,6.515105970425662,55.52154632707249,6.802033031521848,3.3281038086987014,-3.1892690436213567,-6.246322839784469,-11.988534696179942,6.792713702061024,3.3269549181216718,-3.1881510523039904,-6.2374982387903,-11.919781014309875,2.828953681572413,5.657907363144826,corrigido IPCA,0.8884095019941717,36.86186604174017,5.674306383485406,257.2032700498592,257.2032700498592
2026-10-08,GSTS14,AGUAS DE TERESINA SANEAMENTO SPE S.A.,AGUAS DE TERESINA SANEAMENTO  SPE  S.A.,Aegea,CVM FRE,IPCA_MAIS,S,Quirografária,N,AGUAS DE TERESINA SANEAMENTO  SPE  S.A.,27157474000106,9.3716,0.1435,1110.856307,2032-05-15,2031-05-15,263.36,3.8485,ok,,,12,3.848454760055225,-0.0011755214960434649,3.5186965903902157,17.43101505643198,3.607642197487415,1.7813588835962513,-1.7377774505013877,-3.4332696900454818,-6.702360571892729,3.605851665672376,1.7811370640156476,-1.7375595263745678,-3.431541515108055,-6.688772879651792,37.28998647018182,74.57997294036365,corrigido IPCA,0.9258803352800943,262.4242964966522,5.465313025533813,519.4064023632477,519.4064023632477
2026-10-08,GSTS24,AGUAS DE TERESINA SANEAMENTO SPE S.A.,AGUAS DE TERESINA SANEAMENTO  SPE  S.A.,Aegea,CVM FRE,IPCA_MAIS,S,Quirografária,N,AGUAS DE TERESINA SANEAMENTO  SPE  S.A.,27157474000106,9.936,0.0894,1030.613599,2037-05-15,2035-05-15,317.84,6.1477,ok,,,22,6.147750584824074,0.0008228251878506806,5.59211776381174,44.366244632989755,5.82105168561835,2.8523926916401265,-2.7414542454340496,-5.377023643067713,-10.34944328347528,5.813948986976689,2.8515166876971074,-2.7406010761146327,-5.3702865406467915,-10.296910634963686,28.580832355838133,57.161664711676266,corrigido IPCA,0.8589993768882512,319.6547606432155,5.648866393543384,589.511777872262,589.511777872262
2026-10-08,HARG11,HOLDING DO ARAGUAIA S.A.,HOLDING DO ARAGUAIA S.A.,EcoRodovias,CVM FRE,IPCA_MAIS,S,Real,N,HOLDING DO ARAGUAIA S.A.,18903785000178,8.1077,0.0977,1118.082286,2036-10-15,2032-08-15,136.22999999999993,4.8685,ok,,,21,4.8685284498310395,0.0005843654316410687,4.503405816450669,33.29360453646577,4.675020636307248,2.2939548591349057,-2.210704622294246,-4.341824812017703,-8.3790654272485,4.669873839132998,2.2933199138959166,-2.210085902554752,-4.33693779376834,-8.340939542172023,15.279321678484264,30.558643356968528,corrigido IPCA,0.9654896243081138,137.61797223661367,5.5701438418272575,374.0756961147441,374.0756961147441
2026-10-08,HBSA11,HIDROVIAS DO BRASIL S.A.,HIDROVIAS DO BRASIL S.A.,Hidrovias do Brasil,CVM FRE,IPCA_MAIS,S,Quirografária,N,HIDROVIAS DO BRASIL S.A.,12648327000153,7.0094,0.3692,1288.112859,2028-10-15,2028-08-15,32.48000000000006,1.8639,ok,,,5,1.8638977316641447,-0.00012169836660491239,1.7418074782814823,4.829159897679117,1.766256087179019,0.8769778185862886,-0.8649044833995978,-1.7179575175397255,-3.389371496379534,1.7659532777698779,0.87694018901284,-0.8648672892686423,-1.7176616787930865,-3.3870317586093823,10.110628817442743,20.221257634885486,corrigido IPCA,1.0106563850252541,35.22153776870006,5.370818673417466,248.9154218300612,248.9154218300612
2026-10-08,HBSA21,HIDROVIAS DO BRASIL S.A.,HIDROVIAS DO BRASIL S.A.,Hidrovias do Brasil,CVM FRE,IPCA_MAIS,S,Quirografária,N,HIDROVIAS DO BRASIL S.A.,12648327000153,7.1016,0.3521,1266.762033,2031-10-15,2030-08-15,35.16000000000004,3.4722,ok,,,11,3.4722350551438943,0.0010095946055626674,3.2420011046930153,14.991234108412215,3.3184130496343167,1.6399200151052895,-1.602438900202885,-3.1684522118164415,-6.195250548021891,3.3169572752350764,1.6397395949820228,-1.6022615097109925,-3.167044934150954,-6.184177527217787,5.482341062396064,10.964682124792128,corrigido IPCA,0.9939044865200631,35.54751156118384,5.419679706574754,251.69826813266968,251.69826813266968
2026-10-08,HGLB23,HIGHLINE DO BRASIL II INFRAESTRUTURA DE TELECOMUNICACOES S.A,HIGHLINE DO BRASIL II INFRAESTRUTURA DE TELECOMUNICACOES S.A,Highline Brasil,inferido,IPCA_MAIS,S,Quirografária,N,HIGHLINE DO BRASIL II INFRAESTRUTURA DE TELECOMUNICACOES S.A,27902165000105,11.1907,0.1733,1054.327855,2034-10-15,2031-05-15,445.2699999999999,4.0847,ok,,,17,4.084729491763221,0.0007220056116940778,3.673625124909926,21.049523929232837,3.7814181497612953,1.863439315520643,-1.81080904040809,-3.570819409210191,-6.945403520598681,3.7788727445560903,1.863124467366504,-1.8105006575434222,-3.568377505263762,-6.926259771235195,60.5920370085771,121.1840740171542,corrigido IPCA,0.9651442326813362,445.1848590483619,5.492648343067441,734.8293574006736,734.8293574006736
2026-10-08,HSBH11,HELEXIA SBH4 S.A.,HELEXIA SBH4 S.A.,Helexia Sbh4,inferido,IPCA_MAIS,S,Real,N,HELEXIA SBH4 S.A.,52609844000138,8.0036,0.0883,1090.411761,2043-11-15,2035-05-15,124.60000000000005,6.3315,ok,,,35,6.331565514287074,0.0010347356404260583,5.862365249201947,58.7870853073655,6.169081204358062,3.006234714326106,-2.8592111507680262,-5.580315848810313,-10.640825257671594,6.156300675738774,3.00466648123518,-2.8576987679667663,-5.568429822665119,-10.548988792256583,11.08060906662472,22.16121813324944,corrigido IPCA,1.0670281164110014,129.91715506434554,5.655949708422248,365.6007972454188,365.6007972454188
2026-10-08,HVSP11,HELIO VALGAS SOLAR PARTICIPACOES S.A.,HELIO VALGAS SOLAR PARTICIPACOES S.A.,Isolada (a identificar),,IPCA_MAIS,S,Real,N,HELIO VALGAS SOLAR PARTICIPACOES S.A.,32431519000110,8.7214,0.1434,1238.373455,2038-06-15,2032-08-15,197.5999999999999,4.7646,ok,,,24,4.76460766195615,0.00016081006066466754,4.382400945863602,32.1290860533633,4.548101944616545,2.231985258616054,-2.151646121590145,-4.226548149771681,-8.159581792371185,4.543046376130419,2.2313618304985052,-2.151039115365097,-4.221755515596786,-8.122220170659938,22.785944839476112,45.571889678952225,corrigido IPCA,1.0052956444047425,199.71429243383196,5.561177314995791,446.91365442112317,446.91365442112317
2026-10-08,HZTC14,ORIZON MEIO AMBIENTE S.A.,ORIZON MEIO AMBIENTE S.A.,Isolada (a identificar),,IPCA_MAIS,S,Real,N,ORIZON MEIO AMBIENTE S.A.,03279285000130,7.2707,0.1409,1132.545241,2035-11-15,2031-05-15,53.269999999999925,3.8637,ok,,,19,3.863745047832769,0.0011659247034948275,3.6018643001609654,22.32339340990445,3.7164705127746833,1.8292057013068908,-1.7733888001101317,-3.4931018126294844,-6.7795899931551435,3.7134812672104873,1.8288363918428634,-1.773027908318102,-3.490247333111443,-6.757260732123842,7.612671825819618,15.225343651639236,corrigido IPCA,1.0079587543979625,54.83962175652175,5.467123905615678,274.99158899157294,274.99158899157294
2026-10-08,IBPB11,SERRA DE IBIAPABA TRANSMISSORA DE ENERGIA S.A.,SERRA DE IBIAPABA TRANSMISSORA DE ENERGIA S.A.,Isolada (a identificar),,IPCA_MAIS,S,Quirografária,N,SERRA DE IBIAPABA TRANSMISSORA DE ENERGIA S.A.,29554549000100,7.0683,0.1032,1232.01849,2040-11-15,2033-05-15,33.70999999999995,5.8438,ok,,,29,5.843828004800917,0.00047922243946333466,5.458037537535309,49.011639283951254,5.712479701451212,2.791437368849903,-2.668871989463717,-5.221782316269808,-10.004130015231771,5.703095733955065,2.7902833178725936,-2.6677542196627155,-5.2129793411155525,-9.935842289391593,3.2015943214134497,6.403188642826899,corrigido IPCA,0.9589722927005824,34.948843972468985,5.635056696608176,253.9339428605949,253.9339428605949
2026-10-08,IGSN15,IGUA SANEAMENTO S.A,IGUA SANEAMENTO S.A,Iguá,inferido,IPCA_MAIS,S,Real,N,IGUA SANEAMENTO S.A,08159965000133,10.9204,0.0851,1009.567293,2034-07-15,2030-08-15,417.0400000000001,3.5754,ok,,,16,3.5753578593447313,-0.0011786277135107405,3.223354639313175,17.4611306756583,3.312712445532373,1.6337576133131027,-1.5900996579142124,-3.138019034667461,-6.112936313271733,3.310660292691467,1.6335037330011606,-1.5898509063120145,-3.1360489859348832,-6.097486665113185,65.20143706476571,130.40287412953143,corrigido IPCA,0.8608319421759234,420.3347093051972,5.432308250637874,704.4641591212394,704.4641591212394
2026-10-08,IPIPA5,IPIRANGA PRODUTOS DE PETRÓLEO S/A,IPIRANGA  PRODUTOS DE PETROLEO S.A.,Ipiranga Produtos,inferido,IPCA_MAIS,S,Quirografária,N,IPIRANGA  PRODUTOS DE PETROLEO S.A.,33337122000127,6.8101,0.0792,1090.916439,2035-10-15,2035-05-15,5.250000000000021,6.0702,ok,,,19,6.070257065636576,0.0009400948333851922,5.683223838978314,44.22604931509708,5.9112036953209435,2.8977397002216687,-2.78715335552302,-5.468603441060771,-10.532734209225925,5.9043540855538,2.8968944811330286,-2.786329357845286,-5.462093592402828,-10.481926691654687,0.5559057881883844,1.1118115763767689,corrigido IPCA,1.0416168892738729,6.318674055316512,5.645601458758853,220.91543002105217,220.91543002105217
2026-10-08,IRJS14,IGUA RIO DE JANEIRO S.A.,IGUA RIO DE JANEIRO S.A.,Iguá,CVM FRE,IPCA_MAIS,S,Real,N,IGUA RIO DE JANEIRO S.A.,42353180000135,10.9717,0.0998,1148.469689,2043-05-15,2035-05-15,421.41,6.5779,ok,,,34,6.577893245458841,-0.00010268537311898295,5.927541206865211,57.72812099002275,6.228223441614578,3.037409487950571,-2.8930386825307575,-5.650133417323621,-10.787430540622879,6.216181811815325,3.035930754670134,-2.8916104521950774,-5.638900601915097,-10.700519993929968,35.96262236766426,71.92524473532852,corrigido IPCA,0.8681556422651208,426.339851982525,5.664075683487324,714.5088225993609,714.5088225993609
2026-10-08,IRJS15,IGUA RIO DE JANEIRO S.A.,IGUA RIO DE JANEIRO S.A.,Iguá,CVM FRE,IPCA_MAIS,S,Real,N,IGUA RIO DE JANEIRO S.A.,42353180000135,10.9827,0.1693,1004.415633,2044-02-15,2035-05-15,422.50999999999993,6.6721,ok,,,35,6.672066611087773,-0.0005004258363489638,6.011807796249122,55.967502182317396,6.302757700396167,3.0772289375721185,-2.937265485974272,-5.742366889292949,-10.984817191467034,6.291645307160709,3.075863275852458,-2.935944520396664,-5.731970285337535,-10.904265548851894,35.48525833583692,70.97051667167383,corrigido IPCA,0.7890915992257974,426.661105430597,5.666797235300702,715.0816447178099,715.0816447178099
2026-10-08,ISAEA8,ISA ENERGIA BRASIL S.A.,ISA ENERGIA BRASIL S.A.,ISA,CVM FRE,IPCA_MAIS,S,Quirografária,N,ISA ENERGIA BRASIL S.A.,02998611000104,6.8212,0.1451,1118.773989,2033-06-15,2032-08-15,7.580000000000009,4.96,ok,,,14,4.960050699521015,0.0010221677624035958,4.6433205201973164,29.239291061405137,4.793218079240047,2.3586670747624883,-2.285559256274139,-4.500671630608311,-8.729655242004286,4.789516975504342,2.3582093739254146,-2.285111146271902,-4.497124064890291,-8.70185521916653,0.7522355310340781,1.5044710620681563,corrigido IPCA,1.0518554589306421,6.98574135454412,5.577700497762161,220.7323640819942,220.7323640819942
2026-10-08,ISAEA9,ISA ENERGIA BRASIL S.A.,ISA ENERGIA BRASIL S.A.,ISA,CVM FRE,IPCA_MAIS,S,Quirografária,N,ISA ENERGIA BRASIL S.A.,02998611000104,6.9229,0.1611,1120.311033,2035-06-15,2040-08-15,25.63000000000004,8.623,ok,,,1,8.623015873015873,0.00018407765132940883,8.064704448734437,72.5820062092507,8.439967571006935,4.124602709396408,-3.9431068776015765,-7.713494006525268,-14.768928678887306,8.427614479780692,4.123079732128782,-3.9416247166056553,-7.701794417688183,-14.677768773283862,1.0711073893187424,2.1422147786374848,corrigido IPCA,1.066196994248985,17.276329055422384,5.688815127171654,234.43236108422494,234.43236108422494
2026-10-08,ISAEB0,ISA ENERGIA BRASIL S.A.,ISA ENERGIA BRASIL S.A.,ISA,CVM FRE,IPCA_MAIS,S,Quirografária,N,ISA ENERGIA BRASIL S.A.,02998611000104,6.9332,0.0978,1055.082372,2037-10-15,2037-05-15,16.100000000000048,7.6942,ok,,,23,7.694274141144426,0.0009635978324661452,7.1954024953376745,71.69807564501701,7.567978178931067,3.689056533936541,-3.5097576869361435,-6.8501382095991765,-13.059483147713557,7.553892873562759,3.6873238422251085,-3.508078653112566,-6.83691211711259,-12.95684347777501,1.4499748750365264,2.899949750073053,corrigido IPCA,1.0115329211925477,20.866305668029508,5.685081916145895,238.2134073555806,238.2134073555806
2026-10-08,ISAEB2,ISA ENERGIA BRASIL S.A.,ISA ENERGIA BRASIL S.A.,ISA,CVM FRE,IPCA_MAIS,S,Quirografária,N,ISA ENERGIA BRASIL S.A.,02998611000104,6.9339,0.1222,982.972646,2041-03-15,2040-08-15,26.730000000000054,9.4581,ok,,,29,9.458156073088801,0.0005928578551877388,8.844862174753564,108.91652592219056,9.416110556479197,4.561844803688397,-4.289429607269168,-8.324961139464083,-15.701655669187286,9.389444804364516,4.55857674477952,-4.286285429974043,-8.300279545142612,-15.511393831063316,1.3748807771613922,2.7497615543227845,corrigido IPCA,0.962833289757953,24.32126196142116,5.686011034492799,241.53731767043448,241.53731767043448
2026-10-08,ISAEB8,ISA ENERGIA BRASIL S.A.,ISA ENERGIA BRASIL S.A.,ISA,CVM FRE,IPCA_MAIS,S,Quirografária,N,ISA ENERGIA BRASIL S.A.,02998611000104,6.8173,0.0856,1098.057538,2033-03-15,2032-08-15,7.19000000000003,4.8808,ok,,,13,4.88082365162922,0.00048458509302710484,4.569319437609095,27.858530574137397,4.712034764683892,2.319906269837979,-2.2502512997729984,-4.433311087314207,-8.607218830603413,4.708612090479782,2.319482882022219,-2.249836555586876,-4.430026784738407,-8.581468263735442,0.7100068743342518,1.4200137486685036,corrigido IPCA,1.0323781390645255,6.4884964234631495,5.571177501966762,220.04886464341712,220.04886464341712
2026-10-08,ISAEC0,ISA ENERGIA BRASIL S.A.,ISA ENERGIA BRASIL S.A.,ISA,CVM FRE,IPCA_MAIS,S,Quirografária,N,ISA ENERGIA BRASIL S.A.,02998611000104,7.0073,0.1064,1043.72813,2040-10-15,2040-08-15,34.07,8.7768,ok,,,29,8.776864304894573,0.0007326690202995672,8.202117336756066,95.78743725538826,8.703273093247699,4.223518637822532,-3.983951626361293,-7.743822496401009,-14.64788651530473,8.681054523033009,4.220792964947269,-3.981324371808798,-7.723180150479125,-14.488485928404367,1.8737477111048813,3.7474954222097625,corrigido IPCA,1.0006473395115156,30.737397171920687,5.688641234997349,249.33523095472677,249.33523095472677
2026-10-08,ISAEC2,ISA ENERGIA BRASIL S.A.,ISA ENERGIA BRASIL S.A.,ISA,CVM FRE,IPCA_MAIS,S,Quirografária,N,ISA ENERGIA BRASIL S.A.,02998611000104,6.8234,0.0665,992.645508,2041-03-15,2040-08-15,15.68000000000005,9.4846,ok,,,29,9.48462382085058,0.00025115292768456636,8.878788562103978,109.55307013950895,9.45341653524936,4.579627721248802,-4.305620096355344,-8.355884574760564,-15.758154585973383,9.426553912801522,4.576335618726375,-4.302452943377602,-8.331023211406432,-15.566515721417776,0.7476327934457413,1.4952655868914826,corrigido IPCA,0.9723079689315342,13.276146990199786,5.685858738661387,228.5399079068163,228.5399079068163
2026-10-08,ITPE13,COMPANHIA AGUAS DE ITAPEMA,COMPANHIA AGUAS DE ITAPEMA,Isolada (a identificar),,IPCA_MAIS,S,Real,N,COMPANHIA AGUAS DE ITAPEMA,06220197000150,7.8474,0.086,1224.533235,2042-06-15,2037-05-15,107.52000000000007,7.6352,ok,,,31,7.6351993755806555,-8.178166186540239e-06,7.079632309708584,74.59855030716442,7.469044257134327,3.6350793394665626,-3.4485116864851117,-6.721917202373606,-12.785358063686447,7.452625061244407,3.633064342738248,-3.4465679669703366,-6.706639558172762,-12.66729361327388,8.040240008780868,16.080480017561737,corrigido IPCA,1.0420862225270253,113.84388588795335,5.684499140046406,347.1207766910929,347.1207766910929
2026-10-08,ITPO14,ITAPOA TERMINAIS PORTUÁRIOS S/A,ITAPOA TERMINAIS PORTUARIOS S.A.,Isolada (a identificar),,IPCA_MAIS,S,Quirografária,N,ITAPOA TERMINAIS PORTUARIOS S.A.,01317277000105,6.7985,0.0609,1503.616255,2036-11-15,2032-08-15,5.30999999999997,4.9694,ok,,,21,4.969411156863746,0.00022451128397298976,4.653072053318863,33.70140263657729,4.826751171642529,2.36930081984017,-2.2850309605935926,-4.489475326278836,-8.67042108697168,4.82157906650175,2.368662779955153,-2.28440927336371,-4.484565040135976,-8.63211605390618,0.6693175003201736,1.3386350006403471,corrigido IPCA,1.0007616764627725,6.228765111074078,5.578455467305532,219.6220034035338,219.6220034035338
2026-10-08,ITPO15,ITAPOA TERMINAIS PORTUÁRIOS S/A,ITAPOA TERMINAIS PORTUARIOS S.A.,Isolada (a identificar),,IPCA_MAIS,S,Real,N,ITAPOA TERMINAIS PORTUARIOS S.A.,01317277000105,7.0477,0.1472,1105.131865,2040-05-15,2033-05-15,31.649999999999956,5.7137,ok,,,28,5.713715376504805,0.0002691164185123981,5.337541466565657,44.70869733767183,5.569132960336032,2.7256471406734484,-2.613845728685016,-5.121570907779837,-9.83973979913484,5.561084953254017,2.7246566049549186,-2.612884861610739,-5.113997979877298,-9.780908986377879,2.9795913219642696,5.959182643928539,corrigido IPCA,1.0487509311502505,31.807384468806944,5.628285698505686,250.2541267444699,250.2541267444699
2026-10-08,IVIAA0,CONC. RODOV. INTERI. PAULISTA S/A,CONCESSIONARIA DE RODOVIAS DO INTERIOR PAULISTA S/A,Arteris,CVM FRE,IPCA_MAIS,S,Quirografária,N,CONCESSIONARIA DE RODOVIAS DO INTERIOR PAULISTA S/A,03207703000183,8.9033,0.1382,1023.945002,2038-05-15,2033-05-15,217.20999999999995,5.509,ok,,,24,5.509005520554045,0.00010020973035057489,5.05862129113998,39.84845621914801,5.264503369583107,2.579939460105596,-2.4802957383896485,-4.8656572452405396,-9.369156502307096,5.25786357223572,2.579121215843925,-2.479500075296055,-4.85937901004424,-9.320273457896999,21.455510106500874,42.91102021300175,corrigido IPCA,0.923919955286397,217.07060047402868,5.616517741394511,468.17088534451085,468.17088534451085
2026-10-08,JALL11,JALLES MACHADO S.A.,JALLES MACHADO S.A.,Jalles Machado,CVM FRE,IPCA_MAIS,S,Quirografária,N,JALLES MACHADO S.A.,02635522000195,7.4786,0.3002,1234.850222,2028-12-15,2028-08-15,79.40000000000005,2.0336,ok,,,5,2.0336253806522797,0.001248065119977406,1.8921212042697613,5.499458357399875,1.91997573639473,0.9529793114261498,-0.9392301376912271,-1.8649727034520613,-3.6770109006622476,1.9196184960567606,0.9529349250816305,-0.9391862791881308,-1.864623912482762,-3.674253241391525,21.136833352538638,42.273666705077275,corrigido IPCA,0.9818370050587515,79.98690115490932,5.34050956383707,301.49369856793624,301.49369856793624
2026-10-08,JALL13,JALLES MACHADO S.A.,JALLES MACHADO S.A.,Jalles Machado,CVM FRE,IPCA_MAIS,S,Quirografária,N,JALLES MACHADO S.A.,02635522000195,8.3857,0.2062,1127.662895,2032-09-15,2031-05-15,164.76999999999995,3.8217,ok,,,12,3.8217004134247823,1.0817824068041864e-05,3.5260190351907883,17.513303087001535,3.615414632914904,1.7851276937008942,-1.741340365381372,-3.4402164409660596,-6.715635300734335,3.613585550625796,1.7849011464541458,-1.7411178887366423,-3.4384525197557805,-6.701772008641546,23.2461001212468,46.4922002424936,corrigido IPCA,0.9383672638806846,163.93238304293422,5.46213251335681,403.4517099215919,403.4517099215919
2026-10-08,JALL14,JALLES MACHADO S.A.,JALLES MACHADO S.A.,Jalles Machado,CVM FRE,IPCA_MAIS,S,Quirografária,S,JALLES MACHADO S.A.,02635522000195,8.1723,0.0908,1143.642631,2030-10-15,2030-08-15,142.23,3.4163,ok,,,9,3.4163095736578724,0.00028023469461820174,3.1582110888442534,14.019329778851969,3.2295968464577163,1.5967895514872543,-1.5617386974093428,-3.0893630565633656,-6.04586945017317,3.228307737738513,1.5966297066456914,-1.5615813821985616,-3.0881144399499934,-6.036035582111467,22.594323708731352,45.188647417462704,corrigido IPCA,0.9997038513828935,142.71528736370394,5.412842503756798,377.6635175940027,377.6635175940027
2026-10-08,JALL15,JALLES MACHADO S.A.,JALLES MACHADO S.A.,Jalles Machado,CVM FRE,IPCA_MAIS,S,Quirografária,N,JALLES MACHADO S.A.,02635522000195,8.2087,0.2497,1053.53629,2034-05-15,2033-05-15,147.75,5.2175,ok,,,16,5.217509468690975,0.0001814794628538818,4.821709778133343,31.781633615524076,4.984828776023398,2.4511024193614173,-2.371636954806966,-4.666830247092157,-9.03932875804674,4.980617946210963,2.4505819310860764,-2.3711278470472665,-4.662801610055722,-9.007786883956204,15.116817286447178,30.233634572894356,corrigido IPCA,0.9489357627558228,145.77781144863502,5.597270309881641,384.32652582160097,384.32652582160097
2026-10-08,JALL21,JALLES MACHADO S.A.,JALLES MACHADO S.A.,Jalles Machado,CVM FRE,IPCA_MAIS,S,Quirografária,N,JALLES MACHADO S.A.,02635522000195,7.3255,0.079,1215.78343,2031-12-15,2030-08-15,57.54999999999999,3.6479,ok,,,11,3.647969989087688,0.001918613111326285,3.3989778655470393,16.154473682504005,3.4813545962018244,1.7198808281288835,-1.6794912438679144,-3.319755433143068,-6.487058055907058,3.479750233959559,1.7196820248766496,-1.6792958406703897,-3.3182054971345196,-6.474866257443998,8.514775145757913,17.029550291515825,corrigido IPCA,0.9666768824487537,57.88306450108242,5.441175528046749,278.3389767250937,278.3389767250937
2026-10-08,JALL24,JALLES MACHADO S.A.,JALLES MACHADO S.A.,Jalles Machado,CVM FRE,IPCA_MAIS,S,Quirografária,S,JALLES MACHADO S.A.,02635522000195,8.1557,0.1223,1135.929325,2033-10-17,2032-08-15,141.02999999999994,4.7586,ok,,,15,4.7586227024741845,0.00047708305350569423,4.399789102630915,26.943420864756124,4.537849552654083,2.233987346793098,-2.166620247362294,-4.2682785109788846,-8.285844253949403,4.534506206954695,2.2335738273964028,-2.166215275234512,-4.265071998307135,-8.260709787966707,15.95702738028745,31.9140547605749,corrigido IPCA,0.992961344870362,140.4151103563437,5.560648389972389,377.4419657879828,377.4419657879828
2026-10-08,JSMLB5,SIMPAR S.A.,JSL S.A,Simpar,CVM FRE,IPCA_MAIS,N,Quirografária,S,JSL S.A,52548435000179,12.6322,0.5712,1153.327054,2031-09-15,2030-08-15,588.2199999999999,3.3387,ok,,,10,3.338768211346992,0.002043051097495625,2.96431057135259,12.610454558791762,3.028499189503586,1.4980592665045922,-1.4665309194852427,-2.902359257932674,-5.685084196738011,3.0273628441465488,1.4979183538747847,-1.4663922174778055,-2.901258298558631,-5.676412051529345,99.43374156636129,198.86748313272258,corrigido IPCA,0.8716380674847178,589.5049825486125,5.403415218833563,,589.5049825486125
2026-10-08,JTEE11,JANAUBA TRANSMISSORA DE ENERGIA ELETRICA  S/A,JANAUBA TRANSMISSORA DE ENERGIA ELETRICA S.A.,Isolada (a identificar),,IPCA_MAIS,S,Quirografária,N,JANAUBA TRANSMISSORA DE ENERGIA ELETRICA S.A.,26617923000180,6.6742,0.1412,929.549492,2033-07-15,2030-08-15,-7.580000000000009,3.2279,ok,,,14,3.227964173671144,0.0019880935327673244,3.026002701375913,15.337538199320669,3.1043779381943137,1.5323821729499532,-1.4940343495169595,-2.9509388759349275,-5.758003853652061,3.102690392372516,1.5321732734371074,-1.4938294279388058,-2.9493150103793098,-5.745254638765413,-0.587188890052014,-1.174377780104028,corrigido IPCA,0.9447840233905499,-3.553670335030637,5.390144614640402,204.86220302929632,204.86220302929632
2026-10-08,JTEE12,JANAUBA TRANSMISSORA DE ENERGIA ELETRICA  S/A,JANAUBA TRANSMISSORA DE ENERGIA ELETRICA S.A.,Isolada (a identificar),,IPCA_MAIS,S,Real,N,JANAUBA TRANSMISSORA DE ENERGIA ELETRICA S.A.,26617923000180,6.7513,0.2167,1390.740345,2044-12-15,2035-05-15,-0.6300000000000416,7.0677,ok,,,37,7.067715570259968,0.0002203016535445446,6.62073021149154,73.53107744044087,7.005914031879978,3.4044264980404026,-3.2205162534613474,-6.269280979362146,-11.895714112690426,6.988385598693744,3.4022789525463213,-3.2184512589452194,-6.253074824289337,-11.770838874174263,0.42951473115274125,0.8590294623054825,corrigido IPCA,0.8891153995912419,5.687402313647241,5.676136447109137,219.50708819532449,219.50708819532449
2026-10-08,KLBNA5,KLABIN S/A,KLABIN S/A,Klabin,CVM FRE,IPCA_MAIS,S,Quirografária,N,KLABIN S/A,89637490000145,6.8138,0.1038,1045.837241,2039-08-15,2037-05-15,4.159999999999986,8.4222,ok,,,26,8.422218037765939,0.00021416928995597498,7.884953103218815,84.14272117944522,8.323392759873105,4.049833073741249,-3.8394042731671796,-7.480812585195817,-14.215406885039695,8.305666709116041,4.047654953083715,-3.837298150135101,-7.464239497321589,-14.087051782848725,0.6245911216974247,1.2491822433948494,corrigido IPCA,0.9490983595323323,9.849743406542059,5.688751953094084,225.109660970872,225.109660970872
2026-10-08,LCAMD1,COMPANHIA DE LOCAÇÃO DAS AMÉRICAS,LOCALIZA RENT A CAR S/A,Localiza,inferido,IPCA_MAIS,N,Quirografária,S,LOCALIZA RENT A CAR S/A,16670085000155,8.4074,0.0248,1230.1882,2031-09-15,2030-08-15,165.7400000000001,3.4589,ok,,,10,3.458901850044126,5.348648779493933e-05,3.1906510533820813,14.296811790872738,3.2634856869993456,1.613363958884828,-1.5776191858406508,-3.120473652480138,-6.1056512510750505,3.262135112336445,1.6131965414296314,-1.57745451195245,-3.1191669944277174,-6.095365870946708,26.081415704596417,52.16283140919283,corrigido IPCA,0.9446210288422221,166.43339298313305,5.418047909212564,,166.43339298313305
2026-10-08,LCAMD3,COMPANHIA DE LOCAÇÃO DAS AMÉRICAS,LOCALIZA RENT A CAR S/A,Localiza,inferido,IPCA_MAIS,N,Quirografária,S,LOCALIZA RENT A CAR S/A,16670085000155,8.3506,0.1012,1220.285511,2029-04-15,2029-05-15,166.98000000000005,2.2432,ok,,,6,2.243214397215658,0.000641815961943824,2.0703294649181987,6.530730210700044,2.103435071685844,1.0433842822499262,-1.0270567551079468,-2.0381165381324284,-4.013526756354057,2.102983115971699,1.0433281452224745,-1.0270013196957242,-2.0376758138646984,-4.010044325622396,39.73202998808443,79.46405997616885,corrigido IPCA,1.0099956111212056,164.5167847706893,5.323818904037569,,164.5167847706893
2026-10-08,LGEN11,LAGOA 1 ENERGIA RENOVAVEL S.A.,LAGOA 1 ENERGIA RENOVAVEL S.A.,Isolada (a identificar),,IPCA_MAIS,S,Quirografária,S,LAGOA 1 ENERGIA RENOVAVEL S.A.,21540697000163,6.4356,0.0493,643.877422,2029-03-15,2027-05-15,97.90999999999998,1.1238,fluxo divergente da ANBIMA,,,5,1.3440099282128735,19.59511729959722,1.2627447284676117,3.346154463323479,1.2796876361758969,0.6355814146637995,-0.6272157151117175,-1.2462210747354208,-2.460203925922011,1.2794755007842291,0.6355550573129601,-0.6271896711546514,-1.2460139561509942,-2.4585663676687535,-0.0684506989115873,-0.1369013978231746,sem correção,1.0161077235537257,-0.17287151842106108,5.623440554892412,207.95637389585093,207.95637389585093
2026-10-08,LIGH1B,LIGHT SERVIÇOS DE ELETRICIDADE S/A,LIGHT SERVICOS DE ELETRICIDADE S/A,Light,inferido,IPCA_MAIS,N,Real,S,LIGHT SERVICOS DE ELETRICIDADE S/A,60444437000146,,,80.648674,2032-11-13,,,,sem taxa indicativa,,,,,,,,,,,,,,,,,,,,,,,,,
2026-10-08,LIGHB4,LIGHT SERVIÇOS DE ELETRICIDADE S/A,LIGHT SERVICOS DE ELETRICIDADE S/A,Light,inferido,IPCA_MAIS,N,Real,S,LIGHT SERVICOS DE ELETRICIDADE S/A,60444437000146,,,79.18934,2032-11-13,,,,sem taxa indicativa,,,,,,,,,,,,,,,,,,,,,,,,,
2026-10-08,LIGHB6,LIGHT SERVIÇOS DE ELETRICIDADE S/A,LIGHT SERVICOS DE ELETRICIDADE S/A,Light,inferido,IPCA_MAIS,N,Real,S,LIGHT SERVICOS DE ELETRICIDADE S/A,60444437000146,,,80.648674,2032-11-13,,,,sem taxa indicativa,,,,,,,,,,,,,,,,,,,,,,,,,
2026-10-08,LIGHB7,LIGHT SERVIÇOS DE ELETRICIDADE S/A,LIGHT SERVICOS DE ELETRICIDADE S/A,Light,inferido,IPCA_MAIS,N,Real,S,LIGHT SERVICOS DE ELETRICIDADE S/A,60444437000146,,,79.112509,2032-11-13,,,,sem taxa indicativa,,,,,,,,,,,,,,,,,,,,,,,,,
2026-10-08,LIGHC3,LIGHT SERVIÇOS DE ELETRICIDADE S/A,LIGHT SERVICOS DE ELETRICIDADE S/A,Light,inferido,IPCA_MAIS,N,Real,S,LIGHT SERVICOS DE ELETRICIDADE S/A,60444437000146,,,78.61696,2032-11-13,,,,sem taxa indicativa,,,,,,,,,,,,,,,,,,,,,,,,,
2026-10-08,LIGHD3,LIGHT SERVIÇOS DE ELETRICIDADE S/A,LIGHT SERVICOS DE ELETRICIDADE S/A,Light,inferido,IPCA_MAIS,N,Real,S,LIGHT SERVICOS DE ELETRICIDADE S/A,60444437000146,,,54.6956,2037-11-13,,,,sem taxa indicativa,,,,,,,,,,,,,,,,,,,,,,,,,
2026-10-08,LORTA7,LOCALIZA RENT A CAR,LOCALIZA RENT A CAR S/A,Localiza,inferido,IPCA_MAIS,N,Quirografária,S,LOCALIZA RENT A CAR S/A,16670085000155,8.4339,0.1907,1234.350016,2031-03-15,2030-08-15,168.38999999999996,3.5182,ok,,,9,3.518198897643797,-3.133296012758351e-05,3.2445562666691847,14.356177771362228,3.3176606384427654,1.640387454048331,-1.6044943961002422,-3.174057026468724,-6.21208202556568,3.3163371555259955,1.640223355548795,-1.6043329111203894,-3.1727753778123735,-6.201988977911125,25.99586749812253,51.99173499624506,corrigido IPCA,0.910030266364603,168.69010959707046,5.425309059804739,,168.69010959707046
2026-10-08,LTTE15,LINHAS DE TAUBATE TRANS.DE ENERGIA S/A,LINHAS DE TAUBATE TRANSMISSORA DE ENERGIA S.A.,Isolada (a identificar),,IPCA_MAIS,S,Real,N,LINHAS DE TAUBATE TRANSMISSORA DE ENERGIA S.A.,14395590000103,6.9493,0.3022,1167.706629,2038-10-15,2032-08-15,20.389999999999997,4.7738,ok,,,13,4.773789455518266,-0.00022088235229769272,4.463600468182836,35.46719429901343,4.646979735562251,2.2768786624331128,-2.1881895710131216,-4.29196984904987,-8.26224759649774,4.640936439677904,2.276134226965185,-2.1874662412176513,-4.286264496687769,-8.217857050385405,2.473812850806437,4.947625701612874,corrigido IPCA,0.9634130717171598,22.084224398112653,5.561986109913586,237.85269368710746,237.85269368710746
2026-10-08,MGPRA0,CONCESSÃO METROVIÁRIA DO R. JANEIRO S/A,CONCESSAO METROVIARIA DO RIO DE JANEIRO S/A,Isolada (a identificar),,IPCA_MAIS,S,Real,S,CONCESSAO METROVIARIA DO RIO DE JANEIRO S/A,10324624000118,8.6165,0.0749,1072.03898,2042-03-15,2037-05-15,184.43000000000006,7.5789,ok,,,31,7.578901936345275,2.5549159841573434e-05,6.977670921402618,74.12631196176574,7.364849825158282,3.58352349947626,-3.398134841540701,-6.6224194944782155,-12.591612288222297,7.348302481211447,3.581493350653516,-3.3961775707491015,-6.607039361593789,-12.472815603569922,13.697356806296515,27.39471361259303,corrigido IPCA,0.9545858476735625,191.15129657474284,5.68389759923118,437.97661116111203,437.97661116111203
2026-10-08,MGSP12,EDP TRANSMISSAO SP-MG S.A.,TRANSMISSAO SP-MG S/A,EDP,escritura,IPCA_MAIS,S,Quirografária,N,TRANSMISSAO SP-MG S/A,27821748000101,6.8702,0.2482,1200.647454,2039-07-15,2033-05-15,13.899999999999935,5.4262,ok,,,26,5.42616190070198,-0.0007021358965678952,5.077338585220183,42.00515494333454,5.294789163932689,2.59208990346087,-2.4870502576248787,-4.8743091412414286,-9.368960669942417,5.287364359936856,2.5911757362892596,-2.486162848930923,-4.86731281050351,-9.314574071573675,1.453980402295519,2.907960804591038,corrigido IPCA,0.8892324139324489,14.764701597458005,5.611352324784935,229.9664376965236,229.9664376965236
2026-10-08,MOTVB9,MOTIVA INFRAESTRUTURA DE MOBILIDADE S.A.,MOTIVA INFRAESTRUTURA DE MOBILIDADE S.A.,Motiva (ex-CCR),CVM FRE,IPCA_MAIS,S,Quirografária,S,MOTIVA INFRAESTRUTURA DE MOBILIDADE S.A.,02846056000197,7.1538,0.1084,1040.086696,2037-10-15,2037-05-15,38.16000000000006,7.1677,ok,,,23,7.1676786543396895,-0.00029780348382916973,6.689150225507344,61.832556815760874,7.009628398807255,3.4232591173748883,-3.2686371303660366,-6.390652823360609,-12.224564434631624,6.998313009586149,3.421865808773373,-3.267284416733971,-6.379987441428539,-12.141649314699471,3.1469687161222235,6.293937432244447,corrigido IPCA,0.9972341840060572,42.10109299422705,5.678006126931634,263.24654263370365,263.24654263370365
2026-10-08,MOVI18,MOVIDA PARTICIPACOES S/A,MOVIDA PARTICIPACOES S/A,Simpar,CVM FRE,IPCA_MAIS,N,Quirografária,S,MOVIDA PARTICIPACOES S/A,21314559000166,11.9529,0.2491,1124.484233,2029-06-15,2029-05-15,527.21,2.3719,ok,,,6,2.3719786347854988,0.003315265630871135,2.1187290680147624,6.737766034636324,2.152884632242591,1.067844715858235,-1.0509995792898685,-2.0854954232868983,-4.106299699454641,2.152417898187944,1.0677867415506765,-1.0509423264640858,-2.0850402378415804,-4.102702815336799,123.77552251823705,247.5510450364741,corrigido IPCA,0.9425300463268358,524.4935949362093,5.321963248120576,,524.4935949362093
2026-10-08,MOVI37,MOVIDA PARTICIPACOES S/A,MOVIDA PARTICIPACOES S/A,Simpar,CVM FRE,IPCA_MAIS,N,Quirografária,S,MOVIDA PARTICIPACOES S/A,21314559000166,12.8029,0.2028,1118.543365,2031-09-15,2030-08-15,605.29,3.351,ok,,,10,3.351030342671075,0.0009054810825074116,2.970695206125973,12.632875556370482,3.034996845659599,1.501279725119109,-1.469695326397391,-2.9086327167113124,-5.6974125187913005,3.0338595839078253,1.5011386975084495,-1.4695565086175233,-2.9075308283441204,-5.688732901124536,102.0812807784575,204.162561556915,corrigido IPCA,0.8574787285850977,606.5047428875263,5.404900243782218,,606.5047428875263
2026-10-08,MRSAA1,MRS LOGÍSTICA S/A,MRS LOGISTICA S/A,MRS,CVM FRE,IPCA_MAIS,S,Quirografária,N,MRS LOGISTICA S/A,01417222000177,6.9579,0.0775,1107.352256,2033-09-15,2033-05-15,22.670000000000012,5.6731,ok,,,14,5.673080204326225,-0.0003489392708547066,5.304031029336051,36.74571707413754,5.49280683879827,2.698571352160428,-2.6066930741385774,-5.125125773242067,-9.910890756692037,5.4877596147067385,2.6979476610106974,-2.6060833683253537,-5.120302443965363,-9.873147717189351,1.9310392983915223,3.8620785967830447,corrigido IPCA,0.9664354533320292,20.484584715071904,5.626060025214064,237.38689256538262,237.38689256538262
2026-10-08,MRSAA2,MRS LOGÍSTICA S/A,MRS LOGISTICA S/A,MRS,CVM FRE,IPCA_MAIS,S,Quirografária,N,MRS LOGISTICA S/A,01417222000177,7.0651,0.1181,1069.340237,2034-09-15,2035-05-15,30.75000000000001,6.256,ok,,,16,6.255998513133422,-2.376704888593514e-05,5.843172530669118,44.91308221902656,6.074556785637353,2.9785693016726844,-2.8662659556061176,-5.625095508368238,-10.838751898652044,6.067737941764251,2.977727618108342,-2.8654449125607755,-5.618607119573984,-10.788083416957704,2.7099535922978992,5.4199071845957985,corrigido IPCA,0.9729269782128915,31.66945277980636,5.65314770665426,250.89657968476752,250.89657968476752
2026-10-08,MRSAA3,MRS LOGÍSTICA S/A,MRS LOGISTICA S/A,MRS,CVM FRE,IPCA_MAIS,S,Quirografária,N,MRS LOGISTICA S/A,01417222000177,6.9871,0.0848,1080.657879,2032-07-15,2032-08-15,24.16999999999998,4.7291,fluxo divergente da ANBIMA,,,12,4.429834998779113,-6.328159717935476,4.140531894760315,24.485943801671617,4.265880371207653,2.101234542105912,-2.0400125236976985,-4.020906330938889,-7.813343590633936,4.262961613768673,2.100873377132247,-2.0396585176280677,-4.018102175751957,-7.791344913487198,2.9534402748912334,5.906880549782467,corrigido IPCA,1.1032333733395028,24.457627314913648,5.529511589638347,240.46272406362638,240.46272406362638
2026-10-08,MRSAA4,MRS LOGÍSTICA S/A,MRS LOGISTICA S/A,MRS,CVM FRE,IPCA_MAIS,S,Quirografária,N,MRS LOGISTICA S/A,01417222000177,7.1547,0.0741,977.590413,2041-02-15,2040-08-15,48.81000000000002,8.9194,ok,,,29,8.919404516131436,5.063268198327062e-05,8.323857484675367,96.34120640351543,8.82772913990193,4.285074763503838,-4.044124178996045,-7.8627544733953725,-14.880023644133878,8.805563516692944,4.282355250342077,-4.041502234333289,-7.842151452657789,-14.720890841280424,2.726572373506439,5.453144747012878,corrigido IPCA,0.9520129253075496,45.39119971744131,5.688325285378015,266.5972815504138,266.5972815504138
2026-10-08,MRSAB1,MRS LOGÍSTICA S/A,MRS LOGISTICA S/A,MRS,CVM FRE,IPCA_MAIS,S,Quirografária,N,MRS LOGISTICA S/A,01417222000177,7.15,0.113,1097.239277,2035-09-15,2035-05-15,39.24000000000003,6.2614,ok,,,18,6.261427983031783,0.00044691333860330616,5.843609876837876,45.171468387284,6.076405984625799,2.9791255869340505,-2.8661755905415642,-5.624349879516011,-10.835290972936507,6.069467218774297,2.978269273903043,-2.8653406029348334,-5.617752534901456,-10.783790385930073,3.4440157753567524,6.888031550713505,corrigido IPCA,0.9576094194128354,40.250969201720345,5.65335407517491,260.97009270668804,260.97009270668804
2026-10-08,MRSAB2,MRS LOGÍSTICA S/A,MRS LOGISTICA S/A,MRS,CVM FRE,IPCA_MAIS,S,Quirografária,N,MRS LOGISTICA S/A,01417222000177,7.135,0.1216,1063.375848,2036-09-15,2035-05-15,37.739999999999974,6.8091,ok,,,20,6.809124596909115,0.00036123583314721203,6.35564903804463,53.800043177200976,6.633674104394882,3.2461871332825742,-3.1116570536336208,-6.0951937946606805,-11.701869530522869,6.624649253930635,3.2450745729938166,-3.110574465050814,-6.086648822158626,-11.635297212545243,3.0988248820903954,6.197649764180791,corrigido IPCA,0.9675003560256015,39.39008676185317,5.670402507633288,260.1060589811428,260.1060589811428
2026-10-08,MRSAB3,MRS LOGÍSTICA S/A,MRS LOGISTICA S/A,MRS,CVM FRE,IPCA_MAIS,S,Quirografária,N,MRS LOGISTICA S/A,01417222000177,7.2128,0.1336,1035.580825,2040-07-15,2040-08-15,54.619999999999976,8.5096,fluxo divergente da ANBIMA,,,28,7.967043415346709,-6.375817719437944,7.431056194173372,82.41194807005147,7.861330680360634,3.8207793231126885,-3.6146720356804662,-7.035971380971528,-13.345142940803068,7.84311593452363,3.818543032174251,-3.6125131619991224,-7.018996453823116,-13.213873426945716,3.4390013463360924,6.878002692672185,corrigido IPCA,1.0558481950739997,51.110824512922775,5.687171934602819,273.4817391045114,273.4817391045114
2026-10-08,MRSAC1,MRS LOGÍSTICA S/A,MRS LOGISTICA S/A,MRS,CVM FRE,IPCA_MAIS,S,Quirografária,N,MRS LOGISTICA S/A,01417222000177,7.2533,0.1308,1084.171853,2038-09-15,2037-05-15,48.110000000000056,7.8604,ok,,,24,7.860372634932108,-0.00034813836309325046,7.32879327249801,72.58165197762327,7.705924319328172,3.756873286230533,-3.5753649458586056,-6.97923973308442,-13.30959032468032,7.691701532386126,3.7551237012210343,-3.5736695712769757,-6.965885012609895,-13.205953505443555,3.6079244976834595,7.215848995366919,corrigido IPCA,0.9462049027443397,52.8834655726066,5.686467512121918,275.8966962212587,275.8966962212587
2026-10-08,MRSAC2,MRS LOGÍSTICA S/A,MRS LOGISTICA S/A,MRS,CVM FRE,IPCA_MAIS,S,Quirografária,N,MRS LOGISTICA S/A,01417222000177,7.3093,0.115,1042.697223,2039-09-15,2037-05-15,53.71000000000006,8.2925,ok,,,26,8.292538846381511,0.00046845199289282703,7.727698201722974,81.70989614973519,8.15338083873347,3.968091838130916,-3.7637476926710045,-7.335170432604576,-13.945294197114332,8.13624768247165,3.965986471048656,-3.761711730674318,-7.319148720974298,-13.821198480451244,3.8450581235372843,7.6901162470745685,corrigido IPCA,0.9486861626044959,59.42689749355877,5.688518283699029,283.42615005680494,283.42615005680494
2026-10-08,MSGT12,MATA DE SANTA GENEBRA TRANSMISSÃO S/A,MATA DE SANTA GENEBRA TRANSMISSAO S/A,Mata de Santa Genebra (Copel + Furnas),escritura,IPCA_MAIS,S,Real,N,MATA DE SANTA GENEBRA TRANSMISSAO S/A,19699063000106,6.7592,0.0693,851.32788,2030-11-15,2028-08-15,7.460000000000022,1.8405,ok,,,9,1.8405036566506188,0.00019867702356664467,1.723976628384831,5.734078780707225,1.7530868004307365,0.8692104945237311,-0.8548745327252694,-1.6957337703929487,-3.336644913957887,1.7526470222883672,0.8691559126682995,-0.8548207157165314,-1.6953062344812948,-3.3332716811555176,4.52471456086983,9.04942912173966,corrigido IPCA,0.9879796151066623,15.60100430610424,5.376474495675199,225.4018485302927,225.4018485302927
2026-10-08,MSGT13,MATA DE SANTA GENEBRA TRANSMISSÃO S/A,MATA DE SANTA GENEBRA TRANSMISSAO S/A,Mata de Santa Genebra (Copel + Furnas),escritura,IPCA_MAIS,N,Quirografária,S,MATA DE SANTA GENEBRA TRANSMISSAO S/A,19699063000106,7.6351,0.0705,1002.200597,2031-11-15,2029-05-15,95.43000000000008,2.6911,ok,,,11,2.6910947085686874,-0.00019662707861731727,2.500201800870429,10.65640758526188,2.554474958813935,1.263544272164463,-1.236901245566191,-2.4478787461173934,-4.794824476536141,2.5534838387967387,1.263421409916792,-1.2367803909536372,-2.4469197629441197,-4.7872754500356205,18.761043907112274,37.52208781422455,corrigido IPCA,1.0132624188866484,93.81279152554261,5.335781140108531,,93.81279152554261
2026-10-08,MSGT23,MATA DE SANTA GENEBRA TRANSMISSÃO S/A,MATA DE SANTA GENEBRA TRANSMISSAO S/A,Mata de Santa Genebra (Copel + Furnas),escritura,IPCA_MAIS,S,Quirografária,N,MATA DE SANTA GENEBRA TRANSMISSAO S/A,19699063000106,7.1207,0.1833,1128.508912,2037-11-15,2035-05-15,36.31000000000002,6.286,ok,,,23,6.286031703426046,0.0005043497621093281,5.868176462090003,49.159221033843465,6.12232393988581,2.9965664020102256,-2.8736398976706545,-5.630276173717263,-10.814642455670908,6.1139725672592204,2.995537257337306,-2.872639204752697,-5.622380356920786,-10.753168503503137,3.264877942161649,6.529755884323298,corrigido IPCA,0.9624961070552266,38.31775978357967,5.654279389200889,258.52489684789583,258.52489684789583
2026-10-08,MSGT33,MATA DE SANTA GENEBRA TRANSMISSÃO S/A,MATA DE SANTA GENEBRA TRANSMISSAO S/A,Mata de Santa Genebra (Copel + Furnas),escritura,IPCA_MAIS,S,Quirografária,N,MATA DE SANTA GENEBRA TRANSMISSAO S/A,19699063000106,7.2672,0.0833,1074.662087,2041-11-15,2037-05-15,49.500000000000014,8.2433,ok,,,31,8.243346633620225,0.0005657154322399196,7.684871641676323,87.27921506893651,8.141255119409664,3.953986948602184,-3.735700664442898,-7.267049644004064,-13.767607599143172,8.121267717021006,3.9515348396743324,-3.7333368020019906,-7.248475566331641,-13.624158981973917,3.684404931054899,7.368809862109798,corrigido IPCA,0.9451171798628484,56.628357942232405,5.68838693598952,279.81647197467674,279.81647197467674
2026-10-08,NEOE16,NEOENERGIA S/A,NEOENERGIA S/A,Neoenergia,CVM FRE,IPCA_MAIS,S,Quirografária,N,NEOENERGIA S/A,01083200000118,7.0162,0.097,1426.128683,2029-06-15,2028-08-15,33.16000000000008,1.5946,ok,,,3,1.5946232661750193,0.0014590602671041707,1.4900765175506316,4.184975992908311,1.5112772581462153,0.7503037475274255,-0.7398408876448159,-1.4694207776832502,-2.898580685539942,1.5110013975151733,0.7502694787664511,-0.7398070387841804,-1.46915163758609,-2.8964535152430972,16.41306059024889,32.82612118049778,corrigido IPCA,0.968709399712407,48.91343233333116,5.463781556814262,264.6248828449183,264.6248828449183
2026-10-08,NEOE26,NEOENERGIA S/A,NEOENERGIA S/A,Neoenergia,CVM FRE,IPCA_MAIS,S,Quirografária,N,NEOENERGIA S/A,01083200000118,7.1904,0.1301,865.637958,2033-06-15,2030-08-15,44.040000000000035,3.2376,ok,,,7,3.237581557565989,-0.0005696328765461057,3.0204025337772684,15.282670278827652,3.0985087381994125,1.5295141422828618,-1.491303440054248,-2.9456175790148476,-5.747934307653879,3.0968158851714067,1.5293046047371688,-1.4910979290400996,-2.94398918238313,-5.735151661977984,8.04668022802582,16.09336045605164,corrigido IPCA,0.9239863827941621,48.608426698449264,5.391283536124947,266.1992469121404,266.1992469121404
2026-10-08,NMCH11,NEOENERGIA MORRO DO CHAPEU TRANSMISSAO E ENERGIA S.A.,NEOENERGIA MORRO DO CHAPEU TRANSMISSAO E ENERGIA S.A.,Neoenergia,inferido,IPCA_MAIS,S,Quirografária,N,NEOENERGIA MORRO DO CHAPEU TRANSMISSAO E ENERGIA S.A.,28438834000100,7.386,0.128,1185.484819,2038-12-15,2032-08-15,64.06,4.6936,ok,,,25,4.674109806990814,-0.4152504050022531,4.352624929684329,32.98717922394213,4.522995039620126,2.2182160951617957,-2.135729634390837,-4.192826824929208,-8.085508451669055,4.517560825804039,2.217546438872092,-2.1350784908122367,-4.187689033564618,-8.045506274889815,7.667245176495335,15.33449035299067,corrigido IPCA,0.984357404640844,66.74528499443105,5.553033952731834,290.25030360483765,290.25030360483765
2026-10-08,NNAE12,SPE NOVO NORTE AEROPORTOS S.A.,SPE NOVO NORTE AEROPORTOS S.A.,Isolada (a identificar),,IPCA_MAIS,S,Real,N,SPE NOVO NORTE AEROPORTOS S.A.,48710127000120,7.6265,0.0641,1407.940532,2040-12-15,2033-05-15,89.52999999999997,5.6906,ok,,,29,5.690611453260724,0.0002012663115282399,5.287370167440847,44.876817933272534,5.519966171265711,2.700791544094261,-2.588568728548535,-5.070705255357022,-9.737142200546867,5.51175425710721,2.699781106137014,-2.5875890613038326,-5.062986077774484,-9.677203976216244,8.537333649890222,17.074667299780444,corrigido IPCA,1.1339271937353301,90.28008649983688,5.627026831650128,318.97420600819987,318.97420600819987
2026-10-08,NTEN11,NORTE ENERGIA S/A,NORTE ENERGIA S/A,Axia (ex-Eletrobras),CVM FRE,IPCA_MAIS,S,Real,N,NORTE ENERGIA S/A,12300288000107,12.0119,0.2348,991.094942,2030-05-15,2028-08-15,532.7300000000001,1.6963,ok,,,8,1.6962971563883442,-0.00016763612896897271,1.5143901285384358,4.6636922896078365,1.5380383755100313,0.7630656329979724,-0.7514058729061635,-1.4913929790967284,-2.9380442362504477,1.5377085899864749,0.7630246796312277,-0.7513654489072081,-1.4910716670903967,-2.935506411284715,178.98927332628287,357.97854665256574,corrigido IPCA,0.9544983227658043,542.1191772791816,5.420911197301992,845.5362917515199,845.5362917515199
2026-10-08,NTSD19,NOVA TRANSPORTE DO SUDESTE S.A. - NTS,NOVA TRANSPORTADORA DO SUDESTE S.A.  NTS,Nova Transportadora,CVM FRE,IPCA_MAIS,S,Quirografária,N,NOVA TRANSPORTADORA DO SUDESTE S.A.  NTS,04992714000184,6.6826,0.0703,1067.569655,2040-07-16,2040-08-15,1.6000000000000014,8.6397,ok,,,28,8.639754413795442,0.0006298111675497774,8.098560040527174,90.93453745568902,8.573496545064142,4.1654357506949236,-3.93801272446459,-7.662762957386072,-14.524364872325368,8.55323272780562,4.162948192083198,-3.9356118484439753,-7.643887353248728,-14.378429331940568,-0.14765776887729198,-0.29531553775458397,corrigido IPCA,1.0192692013488764,-2.391630613406068,5.688805134927866,210.52359683606477,210.52359683606477
2026-10-08,NTSDA1,NOVA TRANSPORTE DO SUDESTE S.A. - NTS,NOVA TRANSPORTADORA DO SUDESTE S.A.  NTS,Nova Transportadora,CVM FRE,IPCA_MAIS,S,Quirografária,N,NOVA TRANSPORTADORA DO SUDESTE S.A.  NTS,04992714000184,6.6881,0.0824,999.709424,2041-03-15,2040-08-15,2.150000000000052,9.1326,ok,,,29,9.132613686846948,0.00014986802168327214,8.560105285263257,100.52029188654133,9.086115073427115,4.40857442007756,-4.1571696155004005,-8.079245329041518,-15.277671269157356,9.062706744695964,4.405703007489805,-4.154402277773452,-8.057503825830551,-15.109804732795688,-0.06976700065158045,-0.1395340013031609,corrigido IPCA,0.9727989930966165,-1.1944257420291176,5.687604122074008,211.7523547246331,211.7523547246331
2026-10-08,ODYA11,ODOYA TRANSMISSORA DE ENERGIA S.A..,ARGO V TRANSMISSAO DE ENERGIA S.A.,Argo,CVM FRE,IPCA_MAIS,S,Real,S,ARGO V TRANSMISSAO DE ENERGIA S.A.,20514590000188,6.7746,0.1755,729.290684,2031-09-15,2029-05-15,9.380000000000077,2.4166,ok,,,10,2.4166129036846145,0.000533960300198452,2.26328443626538,9.131308934687148,2.3097647558500967,1.1431584883681012,-1.1203285786656303,-2.2184254591258723,-4.350223002774534,2.3089409809388157,1.1430563543010488,-1.120228081964331,-2.217627891591944,-4.343942693837017,2.581912156209081,5.163824312418162,corrigido IPCA,1.004950604875037,11.687203197904804,5.322493700222619,220.91427422919688,220.91427422919688
2026-10-08,OMGE12,OMEGA GERAÇÃO S/A,SERENA GERACAO S.A.,Serena,CVM FRE,IPCA_MAIS,S,Quirografária,N,SERENA GERACAO S.A.,09149503000106,7.7991,0.0891,1353.218897,2028-09-15,2028-08-15,111.45000000000005,1.8602,ok,,,4,1.8602766963781423,0.004123017855189063,1.7256885227967047,4.640390585641307,1.749174034390344,0.868679991549981,-0.8570786160665311,-1.7027637423166264,-3.360761889153585,1.7488904757249113,0.868644749630404,-0.8570437731663008,-1.7024865698684981,-3.358569233880583,33.34941623577545,66.6988324715509,corrigido IPCA,0.944270753002298,115.10140968009557,5.371668310182542,342.73415070900023,342.73415070900023
2026-10-08,OMGE22,OMEGA GERAÇÃO S/A,SERENA GERACAO S.A.,Serena,CVM FRE,IPCA_MAIS,S,Quirografária,N,SERENA GERACAO S.A.,09149503000106,7.7404,0.1109,1353.685885,2028-09-15,2028-08-15,105.58000000000006,1.8818,ok,,,2,1.8818001270642468,6.752271596450681e-06,1.7466058480052484,4.70705185972116,1.7704291437926845,0.8792225370201301,-0.8674545016667978,-1.7233521311687983,-3.4012978560205465,1.770141107303854,0.8791867388272756,-0.8674191091779727,-1.7230705887066426,-3.3990706588160737,31.138185149999547,62.276370299999094,corrigido IPCA,0.9445966132050001,108.77227255851878,5.366753671696434,335.2757287875825,335.2757287875825
2026-10-08,OMGE41,OMEGA GERAÇÃO S/A,SERENA GERACAO S.A.,Serena,CVM FRE,IPCA_MAIS,S,Quirografária,N,SERENA GERACAO S.A.,09149503000106,6.8873,0.2433,1487.981945,2027-05-15,2027-05-15,143.07999999999996,0.5753,ok,,,2,0.5753453151847421,0.007876792063626839,0.5382728492390977,0.7983096771347074,0.5422968583760124,0.2701383522041967,-0.26814254431067885,-0.5343132217840663,-1.0608327665973971,0.5422643976247712,0.27013431171596725,-0.26813853752313044,-0.5342813008534241,-1.0605795049355013,129.15652871443905,258.3130574288781,corrigido IPCA,1.0095431671584627,139.04290541790488,7.062723362586398,377.0061630387128,377.0061630387128
2026-10-08,OMNG12,OMEGA ENERGIA E IMPLANTACAO 2 S.A.,DELTA 3 ENERGIA S.A,Isolada (a identificar),,IPCA_MAIS,S,Real,S,DELTA 3 ENERGIA S.A,14797436000168,7.7429,0.1543,668.924957,2029-12-15,2028-08-15,105.83,1.5321,ok,,,7,1.5321179115394294,0.0011690842261880515,1.4220128765231208,4.1808810201191156,1.443204251734076,0.7162681804359083,-0.7058155256773113,-1.4013882044044745,-2.7626180833177583,1.4429172816237166,0.7162325395367093,-0.7057803369864115,-1.4011084714225253,-2.7604081326438594,42.33216462176795,84.6643292435359,corrigido IPCA,1.0133887729318165,120.39376636650105,5.495754280963161,349.5592695559063,349.5592695559063
2026-10-08,ONZE21,BLOCO DE ONZE AEROPORTOS DO BRASIL S.A,BLOCO DE ONZE AEROPORTOS DO BRASIL S.A,Isolada (a identificar),,IPCA_MAIS,S,Real,N,BLOCO DE ONZE AEROPORTOS DO BRASIL S.A,48725405000113,7.5804,0.0531,1167.127123,2048-06-15,2037-05-15,80.82000000000002,8.2279,ok,,,44,8.227964666954769,0.0007859472619843529,7.6482004779260615,95.20919917390775,8.149842541589013,3.9462397410296113,-3.7080819493372608,-7.195591005612279,-13.572009648880679,8.1242464737956,3.943111737930416,-3.705088739995646,-7.1721544820565235,-13.39221697237397,5.8814420887565655,11.762884177513131,corrigido IPCA,1.1202269659820954,89.96489638824482,5.688340856728824,318.28249937325734,318.28249937325734
2026-10-08,ORIG11,ORIGEM ENERGIA S.A,ORIGEM ENERGIA S.A.,Isolada (a identificar),,IPCA_MAIS,S,Real,N,ORIGEM ENERGIA S.A.,32021201000161,10.2416,0.2591,1075.056507,2035-12-15,2032-08-15,349.62,4.8361,ok,,,19,4.83607380635389,-0.0005416274706870308,4.386795734417761,28.883597187881392,4.535199649090771,2.229994723698847,-2.1577743421959616,-4.246181349866907,-8.225663245629589,4.531213720357168,2.229502363693732,-2.1572933707240285,-4.242377748478354,-8.195919525077894,39.89948756822045,79.7989751364409,corrigido IPCA,0.9453552127603454,350.0618037394479,5.567387746273322,624.0887891465791,624.0887891465791
2026-10-08,ORIG12,ORIGEM ENERGIA S.A,ORIGEM ENERGIA S.A.,Isolada (a identificar),,IPCA_MAIS,S,Real,N,ORIGEM ENERGIA S.A.,32021201000161,9.6812,0.1028,1097.012058,2035-12-15,2032-08-15,293.58000000000004,4.7423,ok,,,19,4.742301711759779,3.609556078811678e-05,4.323714284453288,28.415138654097166,4.469715972444277,2.197861007660462,-2.1268119163976307,-4.185384564330919,-8.108417293347358,4.465789977723775,2.197376065544266,-2.126338218909023,-4.181638591182803,-8.079125795824634,34.02005699839351,68.04011399678701,corrigido IPCA,1.0474977430145314,294.18601280373815,5.55919907761655,558.2074102313562,558.2074102313562
2026-10-08,ORVR16,HAZTEC INVESTIMENTOS E PARTICIPAÇÕES S/A,ORIZON VALORIZACAO DE RESIDUOS S.A.,Isolada (a identificar),,IPCA_MAIS,S,Quirografária,S,ORIZON VALORIZACAO DE RESIDUOS S.A.,11421994000136,7.5265,0.0915,1091.225258,2039-12-15,2035-05-15,76.89000000000004,6.4688,ok,,,27,6.4687751756767184,-0.0003837546883724342,6.015982270116408,52.53351897571205,6.288135460691957,3.0748257505462506,-2.943457426868845,-5.762247416405552,-11.050713318278971,6.278649864994969,3.073658033777844,-2.942324236338564,-5.753314675237848,-10.981294160718575,6.610449446210685,13.22089889242137,corrigido IPCA,1.050081217707879,79.5366933318086,5.66066093689126,306.96188466280756,306.96188466280756
2026-10-08,PALF38,COMPANHIA PAULISTA DE FORÇA E LUZ,COMPANHIA PAULISTA DE FORCA E LUZ,State Grid,CVM FRE,IPCA_MAIS,S,Quirografária,S,COMPANHIA PAULISTA DE FORCA E LUZ,33050196000188,6.118,0.4642,522.798726,2027-09-15,2027-05-15,66.15000000000002,0.9125,ok,,,2,0.9125714500708146,0.007830144746812095,0.8599591493156813,1.5552082796220696,0.867807192490111,0.43193254345890164,-0.4280444403963357,-0.8522537916278328,-1.6893744741685035,0.8677351907137917,0.43192358500736816,-0.4280355643083131,-0.8521831079175708,-1.688814133038921,1.9246790929604933,3.8493581859209867,corrigido IPCA,0.9941097344509333,3.310290790975966,6.18195780532107,214.0282599900905,214.0282599900905
2026-10-08,PALFA3,COMPANHIA PAULISTA DE FORÇA E LUZ,COMPANHIA PAULISTA DE FORCA E LUZ,State Grid,CVM FRE,IPCA_MAIS,S,Quirografária,N,COMPANHIA PAULISTA DE FORCA E LUZ,33050196000188,6.8617,0.0768,1140.565327,2033-10-15,2032-08-15,11.629999999999985,4.9172,ok,,,15,4.9172064383399485,0.0001309350839560978,4.60146754013828,28.812590332795953,4.749170734428287,2.337199672697987,-2.2651587461280265,-4.460893536552446,-8.654022992106603,4.745530491802261,2.3367495079851355,-2.2647180321531453,-4.457404588474301,-8.626683273620642,1.1720485584964007,2.3440971169928013,corrigido IPCA,0.9973553213243338,10.7862867947741,5.574202563107478,225.15970515366558,225.15970515366558
2026-10-08,PALFA7,COMPANHIA PAULISTA DE FORÇA E LUZ,COMPANHIA PAULISTA DE FORCA E LUZ,State Grid,CVM FRE,IPCA_MAIS,S,Quirografária,N,COMPANHIA PAULISTA DE FORCA E LUZ,33050196000188,7.1645,0.0889,1032.793738,2035-09-15,2035-05-15,40.690000000000026,6.1822,ok,,,18,6.182210732923557,0.0001736100992692235,5.768898033325922,44.287603020717434,5.9970966095841405,2.9406429077096563,-2.8299032469239815,-5.553889918173804,-10.702244796362114,5.990336048429509,2.9398085204388575,-2.829089512887064,-5.547460018222335,-10.652044006237494,3.616368346163491,7.232736692326982,corrigido IPCA,0.9890706575040233,41.72492047992936,5.650264165452978,262.6606322002013,262.6606322002013
2026-10-08,PALFB3,COMPANHIA PAULISTA DE FORÇA E LUZ,COMPANHIA PAULISTA DE FORCA E LUZ,State Grid,CVM FRE,IPCA_MAIS,S,Quirografária,N,COMPANHIA PAULISTA DE FORCA E LUZ,33050196000188,7.0647,0.0931,1117.858955,2035-10-15,2035-05-15,30.710000000000015,6.1752,ok,,,19,6.1752695951523116,0.0011270104986285153,5.767792367748018,45.057702172736185,6.000066186849318,2.941080278798447,-2.828414387464362,-5.549142767327265,-10.686245789499438,5.993080878611699,2.940218311589929,-2.827574056158089,-5.542503856884337,-10.634430692041313,2.749997773809741,5.499995547619482,corrigido IPCA,0.9774999695734538,31.722832342207727,5.649985262832047,250.8761435209158,250.8761435209158
2026-10-08,PALFB6,COMPANHIA PAULISTA DE FORÇA E LUZ,COMPANHIA PAULISTA DE FORCA E LUZ,State Grid,CVM FRE,IPCA_MAIS,S,Quirografária,N,COMPANHIA PAULISTA DE FORCA E LUZ,33050196000188,7.036,0.1075,1122.028371,2035-02-15,2033-05-15,30.47999999999993,5.7098,ok,,,17,5.709821994612569,0.00038520810831511784,5.334487457128975,38.39181481569747,5.531973143298408,2.7159160315057607,-2.61992043901772,-5.147797951289423,-9.94232957106812,5.526446531207463,2.7152334970841094,-2.619253960044866,-5.142528383050488,-9.901138617944001,2.69372183382833,5.38744366765666,corrigido IPCA,1.0476370686956602,28.739250671103374,5.62807477045868,247.0740127029255,247.0740127029255
2026-10-08,PASN12,PARANAGUA SANEAMENTO S/A,PARANAGUA SANEAMENTO S/A,Isolada (a identificar),,IPCA_MAIS,S,Quirografária,N,PARANAGUA SANEAMENTO S/A,01691945000160,7.6357,0.2743,598.440395,2030-07-15,2028-08-15,95.11000000000003,1.833,ok,,,8,1.833034824978545,0.0018998897187737414,1.7029989352775567,5.575115785769339,1.7312933902170258,0.8585203585361301,-0.8445818571328423,-1.6755308353346487,-3.2977115352896047,1.7308745142064035,0.8584683623709901,-0.8445305729065667,-1.6751233563487102,-3.294495554839727,30.581142307491167,61.16228461498233,corrigido IPCA,0.9877021556390725,104.1593055784578,5.378364527562685,329.5357911712667,329.5357911712667
2026-10-08,PAXA12,PAX INVESTIMENTOS EM AEROPORTOS S.A,PAX INVESTIMENTOS EM AEROPORTOS S.A,Isolada (a identificar),,IPCA_MAIS,S,Real,N,PAX INVESTIMENTOS EM AEROPORTOS S.A,48533969000154,8.2067,0.0905,1337.821725,2040-02-15,2035-05-15,144.90999999999997,6.2476,ok,,,27,6.247582159226501,-0.0002855620318109733,5.773747983467291,51.03140426952948,6.038343707866267,2.9518247929908537,-2.824211187454162,-5.52746769961554,-10.595808340805945,6.028905004814939,2.9506632470705574,-2.8230847363967335,-5.518590962119643,-10.526867881543991,12.839285064652342,25.678570129304685,corrigido IPCA,1.0956256555217232,148.26159250239633,5.652826249034404,387.61517056834253,387.61517056834253
2026-10-08,PEJA11,PRIO FORTE S.A,PRIO FORTE S.A.,Prio Forte,CVM FRE,IPCA_MAIS,S,Quirografária,N,PRIO FORTE S.A.,08926302000105,7.269,0.1879,1215.852164,2032-08-15,2029-05-15,58.82000000000005,2.9032,ok,,,12,2.903176416963573,-0.0008123118085836217,2.7064449346629256,12.341751829974289,2.7693974784465336,1.3688037325416458,-1.337946627901665,-2.6459363372543176,-5.175489989166793,2.7681536938127973,1.3686496571189306,-1.337795277543995,-2.6447361755130543,-5.166054832726365,10.620581014842431,21.241162029684862,corrigido IPCA,1.014409470795036,57.48803538159507,5.3543271998268915,275.8637682857205,275.8637682857205
2026-10-08,PEJA22,PRIO FORTE S.A,PRIO FORTE S.A.,Prio Forte,CVM FRE,IPCA_MAIS,S,Quirografária,N,PRIO FORTE S.A.,08926302000105,7.4633,0.1979,1080.873092,2034-02-15,2033-05-15,73.21,5.1995,ok,,,15,5.199502928803689,5.6328564080208595e-05,4.838398717332977,31.302093103488815,4.9989859525682245,2.45883097523234,-2.380564880565972,-4.685791133038409,-9.081322240663091,4.994909182850421,2.4583269750458494,-2.3800717422871274,-4.681888251815533,-9.050755572596177,7.349929360464126,14.699858720928251,corrigido IPCA,0.9613293656230314,71.12377758031522,5.595981472363776,296.48071512265653,296.48071512265653
2026-10-08,PEJA23,PRIO FORTE S.A,PRIO FORTE S.A.,Prio Forte,CVM FRE,IPCA_MAIS,S,Quirografária,N,PRIO FORTE S.A.,08926302000105,7.4967,0.1271,1098.379742,2034-04-15,2033-05-15,76.54999999999994,5.1825,ok,,,16,5.182509937971806,0.00019176018920375948,4.821087473356676,31.78941060290896,4.984246864508646,2.450801171610184,-2.371316254801259,-4.666170410151649,-9.0379388852866,4.980034526371221,2.4502804999319743,-2.3708069734247017,-4.662140420342132,-9.006386734655173,7.718185289926273,15.436370579852547,corrigido IPCA,0.9827076834125034,74.42009283661864,5.594754290924087,300.338778344448,300.338778344448
2026-10-08,PETR17,PETRÓLEO BRASILEIRO S/A - PETROBRAS,PETROLEO BRASILEIRO S/A - PETROBRAS,Petroleo Brasileiro,CVM FRE,IPCA_MAIS,S,Quirografária,N,PETROLEO BRASILEIRO S/A - PETROBRAS,33000167000101,6.3339,0.2616,1369.080839,2029-09-15,2029-05-15,-34.689999999999976,2.7802,ok,,,6,2.7801670950366932,-0.0011835466263774518,2.614563271954375,9.495603180277541,2.6627779073336466,1.3192425762017956,-1.2955023114195607,-2.56780175758734,-5.04486906338445,2.6620412878557627,1.3191511399525344,-1.2954121320018406,-2.5670852560529873,-5.039214480303198,-7.708726026691131,-15.417452053382261,corrigido IPCA,0.9322964314560436,-40.309903885890826,5.342909150570185,161.0140800931651,161.0140800931651
2026-10-08,PETR18,PETRÓLEO BRASILEIRO S/A - PETROBRAS,PETROLEO BRASILEIRO S/A - PETROBRAS,Petroleo Brasileiro,CVM FRE,IPCA_MAIS,S,Quirografária,N,PETROLEO BRASILEIRO S/A - PETROBRAS,33000167000101,6.3889,0.1627,1072.809831,2035-06-15,2035-05-15,-36.87000000000005,6.6511,ok,,,18,6.6510914933887895,-0.0001278978095367949,6.251678035386012,52.06178524270815,6.5205209775079265,3.1919686772084788,-3.0617865712286307,-5.999460542350976,-11.525200107719712,6.511986961599554,3.1909162492463916,-3.0607617861396212,-5.991369109172473,-11.462120365917864,-2.8367998594653048,-5.6735997189306095,corrigido IPCA,1.0202562349878814,-35.46951874441075,5.6662086904261555,172.02504874948252,172.02504874948252
2026-10-08,PETR26,PETRÓLEO BRASILEIRO S/A - PETROBRAS,PETROLEO BRASILEIRO S/A - PETROBRAS,Petroleo Brasileiro,CVM FRE,IPCA_MAIS,S,Quirografária,N,PETROLEO BRASILEIRO S/A - PETROBRAS,33000167000101,6.2067,0.2266,1455.776329,2029-01-15,2029-05-15,-47.41,2.1408,ok,,,5,2.14082110377209,0.000985789055019563,2.0157119124990133,6.08659541871087,2.046552924067635,1.015514889449154,-1.0002977815309344,-1.9856770559950387,-3.9128385843256286,2.0461448895925676,1.0154642005228953,-1.0002477119761182,-1.985278935405459,-3.9096919166238093,-12.059578026488762,-24.119156052977523,corrigido IPCA,0.9698236222680794,-48.61727017540947,5.3295540899450655,150.25073969999576,150.25073969999576
2026-10-08,PETR27,PETRÓLEO BRASILEIRO S/A - PETROBRAS,PETROLEO BRASILEIRO S/A - PETROBRAS,Petroleo Brasileiro,CVM FRE,IPCA_MAIS,S,Quirografária,N,PETROLEO BRASILEIRO S/A - PETROBRAS,33000167000101,6.4,0.1955,1252.298512,2034-09-15,2035-05-15,-35.75999999999997,6.7516,ok,,,16,6.75159174737702,-0.00012223210764343613,6.345480965579906,50.460164772348385,6.6056063366912054,3.2367813242454746,-3.1106068755474836,-6.100619857569411,-11.739835075229843,6.5977817894416475,3.2358156887553884,-3.109665276824517,-6.093180141718164,-11.681758635712844,-2.7691405962489926,-5.538281192497985,corrigido IPCA,0.8527717343426867,-35.14305788902515,5.6689391746112205,172.55025201655207,172.55025201655207
2026-10-08,PETR28,PETRÓLEO BRASILEIRO S/A - PETROBRAS,PETROLEO BRASILEIRO S/A - PETROBRAS,Petroleo Brasileiro,CVM FRE,IPCA_MAIS,S,Quirografária,N,PETROLEO BRASILEIRO S/A - PETROBRAS,33000167000101,6.3124,0.088,1104.002859,2040-06-15,2040-08-15,-35.41999999999996,8.6417,ok,,,28,8.641762803973899,0.0007267548503048603,8.128649907229917,91.44676459463658,8.606263847438612,4.181135264348823,-3.9524312075785106,-7.690400582024692,-14.575143921933586,8.5858837302031,4.1786334093582544,-3.950016497871663,-7.671416084256736,-14.428364522567104,-2.4287279518199396,-4.857455903639879,corrigido IPCA,1.04992122248784,-39.484558480495714,5.688803785333785,166.8986549599976,166.8986549599976
2026-10-08,PETR38,PETRÓLEO BRASILEIRO S/A - PETROBRAS,PETROLEO BRASILEIRO S/A - PETROBRAS,Petroleo Brasileiro,CVM FRE,IPCA_MAIS,S,Quirografária,N,PETROLEO BRASILEIRO S/A - PETROBRAS,33000167000101,6.3594,0.0876,1126.42351,2045-06-15,2045-05-15,-28.390000000000004,10.5118,ok,,,38,10.511838913910347,0.0003701926439645971,9.883319117925025,142.5946458422435,10.63782290740598,5.124974117874204,-4.768261258738549,-9.208251776287346,-17.205082512889682,10.596292347136243,5.119902866265317,-4.7634162516597085,-9.170345888713808,-16.91474531900518,-1.523536626174727,-3.047073252349454,corrigido IPCA,1.071243563666041,-30.115197328663342,5.678093291155983,176.61132241576638,176.61132241576638
2026-10-08,PLSB1A,AUTOPISTA LITORAL SUL S/A.,AUTOPISTA LITORAL SUL S/A.,Isolada (a identificar),,IPCA_MAIS,S,Quirografária,N,AUTOPISTA LITORAL SUL S/A.,09313969000197,9.1117,0.086,1156.788767,2031-10-15,2029-05-15,243.09000000000012,2.6254,ok,,,11,2.6254419183353614,0.0015966456677645494,2.4061965108557204,9.86463254609204,2.4564057321093236,1.2155389122961324,-1.1908755891845368,-2.357731525433693,-4.621859083495594,2.455519673586181,1.2154290461104753,-1.1907674647452453,-2.3568733481252604,-4.6151003707896,50.152861248355116,100.30572249671023,corrigido IPCA,0.948352118128199,241.35527949044632,5.3312816817234765,491.8352973192716,491.8352973192716
2026-10-08,POTE11,POTENGI HOLDINGS S.A.,POTENGI HOLDINGS S.A.,Potengi Holdings,inferido,IPCA_MAIS,S,Quirografária,N,POTENGI HOLDINGS S.A.,42165941000125,7.3106,0.0667,1113.326537,2041-12-15,2035-05-15,55.3,6.1594,ok,,,31,6.159476024278088,0.0012342805807050918,5.739857967691996,55.248488617713384,6.027548276563399,2.9403956152283417,-2.8022267441919047,-5.474300283155664,-10.457436420944132,6.016100410780562,2.9389895946181395,-2.8008683730738557,-5.463615524603429,-10.374746163029723,5.238363309167943,10.476726618335887,corrigido IPCA,1.0269373173406648,60.13492275558606,5.649345697338681,283.5698076988772,283.5698076988772
2026-10-08,POTE12,POTENGI HOLDINGS S.A.,POTENGI HOLDINGS S.A.,Potengi Holdings,inferido,IPCA_MAIS,S,Quirografária,N,POTENGI HOLDINGS S.A.,42165941000125,7.2511,0.0949,95.71004,2042-10-15,2033-05-15,51.98999999999998,5.7523,ok,,,33,5.75227732048618,-0.00039426861985371856,5.363373728088738,53.550460002519536,5.643013828861565,2.750082952220878,-2.6161536204998503,-5.106657439151219,-9.740936490375162,5.6311260281013364,2.748624939047519,-2.6147487890412195,-5.09562142807614,-9.655738256127085,5.180234892443536,10.360469784887073,corrigido IPCA,1.0109106220643185,55.5670714549205,5.630348483877468,277.66254206507585,277.66254206507585
2026-10-08,PRAS11,PIRAPORA SOLAR HOLDING S.A.,PIRAPORA SOLAR HOLDING S.A.,Isolada (a identificar),,IPCA_MAIS,S,Quirografária,N,PIRAPORA SOLAR HOLDING S.A.,25117259000148,6.7373,0.07,985.085893,2034-08-15,2031-05-15,-0.0700000000000145,3.8254,fluxo divergente da ANBIMA,,,16,4.139439729069752,8.209330503208875,3.878156679126934,23.38762380033927,3.998074966213916,1.9686812981491553,-1.9102042981585354,-3.7640716093262028,-7.310905741546292,3.99509479812863,1.968312869313891,-1.909843809813043,-3.7612185601252373,-7.288560882247082,0.07533136798861685,0.1506627359772337,corrigido IPCA,0.7548391903011034,0.5842936958256467,5.498754772838144,211.74447061845882,211.74447061845882
2026-10-08,PRPO12,PIRAPORA II SOLAR HOLDING S.A.,PIRAPORA II SOLAR HOLDING S.A.,Isolada (a identificar),,IPCA_MAIS,S,Real,S,PIRAPORA II SOLAR HOLDING S.A.,27219024000192,6.8365,0.1008,972.600246,2031-12-15,2029-05-15,15.57000000000004,2.6537,ok,,,11,2.6536768023340978,-0.0008741630893627432,2.483867219849113,10.639507008392524,2.538065263235789,1.2553570062302288,-1.2287561863586038,-2.4316373400251945,-4.762560041204034,2.537064754891076,1.2552329936850473,-1.228634226164066,-2.4306696848071505,-4.754944299530376,2.9744674360149714,5.948934872029943,corrigido IPCA,0.9482831607087152,14.776364321652455,5.333130898095617,225.16381692933177,225.16381692933177
2026-10-08,PRSS11,PAX INVESTIMENTOS EM AEROPORTOS S.A,PRS AEROPORTOS S.A.,Isolada (a identificar),,IPCA_MAIS,S,Real,N,PRS AEROPORTOS S.A.,48534024000157,7.638,0.2339,1292.326497,2040-02-15,2035-05-15,88.03999999999999,6.4247,ok,,,27,6.42473148330049,0.0004900353400187885,5.9688320883893144,53.7518934000401,6.2476713456907085,3.052846137665255,-2.9184285320415726,-5.709545968808705,-10.93617722041107,6.237591555389515,3.051605910944707,-2.9172261774446073,-5.700072621389114,-10.862626308777825,7.6524990113563085,15.304998022712617,corrigido IPCA,1.0720130611448957,91.35296331070207,5.659200386923713,320.7482609320765,320.7482609320765
2026-10-08,PRTE12,PARANAIBA TRANSMISSORA DE ENERGIA S.A.,PARANAIBA TRANSMISSORA DE ENERGIA S.A.,Isolada (a identificar),,IPCA_MAIS,S,Real,S,PARANAIBA TRANSMISSORA DE ENERGIA S.A.,17553029000101,6.4603,0.1978,321.943782,2028-03-15,2027-05-15,100.38,0.9828,ok,,,3,0.9828541977654631,0.005514628150500142,0.9232119369994854,1.8758025189803895,0.9326864980105265,0.46396260525465305,-0.45927298094002866,-0.9139265835883981,-1.8096497587976934,0.9325909495943875,0.4639507216484682,-0.45926121535101727,-0.9138329244045834,-1.8089078236193632,13.620032869306419,27.240065738612838,corrigido IPCA,1.0086319190975517,25.148353854538076,6.057142832704265,240.2673640423767,240.2673640423767
2026-10-08,PTAZ11,PARINTINS AMAZONAS TRANSMISSORA DE ENERGIA S.A.,PARINTINS AMAZONAS TRANSMISSORA DE ENERGIA S.A.,Isolada (a identificar),,IPCA_MAIS,S,Quirografária,N,PARINTINS AMAZONAS TRANSMISSORA DE ENERGIA S.A.,32667691000178,7.158,0.0784,1183.761453,2046-04-15,2037-05-15,38.580000000000055,8.49,ok,,,40,8.490076663118796,0.0009029813756819173,7.922951775060001,100.0910091994946,8.449859172065356,4.089824867242475,-3.8394625359001178,-7.446789504832962,-14.030687249904606,8.423406821057474,4.086589649029369,-3.8363621260306324,-7.422496729062527,-13.84408336613011,3.0111660446513273,6.022332089302655,corrigido IPCA,0.9106716745459936,47.71464671694127,5.688812285194955,268.7107990510468,268.7107990510468
2026-10-08,QMCT14,QMC TELECOM DO BRASIL CESSAO DE INFRAESTRUTURA S.A,QMC TELECOM DO BRASIL CESSAO DE INFRAESTRUTURA S/A,Qmc Telecom,inferido,IPCA_MAIS,S,Quirografária,N,QMC TELECOM DO BRASIL CESSAO DE INFRAESTRUTURA S/A,13733490000187,7.7864,0.3719,1155.057717,2035-08-15,2032-08-15,104.10000000000004,4.8958,ok,,,18,4.8957934487943655,-0.00013381277084161477,4.542125396890857,29.932943520022828,4.695897309433095,2.3089862588530963,-2.234142243388626,-4.396381255077153,-8.516255042135256,4.691790114490971,2.308478877845457,-2.2336465190454,-4.392460679290743,-8.485591923381257,11.478922110709508,22.957844221419016,corrigido IPCA,1.1018338976095567,104.2774072959713,5.572428258623252,335.01109696457183,335.01109696457183
2026-10-08,QUAT13,ACUCAREIRA QUATA S/A,ACUCAREIRA QUATA S/A,Acucareira Quata,inferido,IPCA_MAIS,S,Quirografária,N,ACUCAREIRA QUATA S/A,60855574000173,8.0408,0.3137,1076.814637,2034-07-15,2030-08-15,129.0800000000001,3.4744,ok,,,16,3.4744529189179003,0.001523109541220288,3.2158711513779057,17.605178614508954,3.306009513089969,1.6302033228203339,-1.5861849682898055,-3.129871149235408,-6.095518673667566,3.303897044450451,1.6299420489570893,-1.5859291024208169,-3.127845258305361,-6.079638730465633,20.687567650741084,41.37513530148217,corrigido IPCA,1.0126896851349159,133.0571040003941,5.419951215803542,366.1371685310015,366.1371685310015
2026-10-08,RAIZ13,RAIZEN S.A.,RAIZEN S.A.,Rumo,CVM FRE,IPCA_MAIS,S,Quirografária,N,RAIZEN S.A.,33453598000123,,,551.169032,2034-09-15,,,,sem taxa indicativa,,,,,,,,,,,,,,,,,,,,,,,,,
2026-10-08,RAIZ23,RAIZEN S.A.,RAIZEN S.A.,Rumo,CVM FRE,IPCA_MAIS,S,Quirografária,N,RAIZEN S.A.,33453598000123,,,535.799463,2039-09-15,,,,sem taxa indicativa,,,,,,,,,,,,,,,,,,,,,,,,,
2026-10-08,RALM11,RIALMA TRANSMISSORA DE ENERGIA V S/A,RIALMA TRANSMISSORA DE ENERGIA V S/A,Isolada (a identificar),,IPCA_MAIS,S,Quirografária,N,RIALMA TRANSMISSORA DE ENERGIA V S/A,51715706000170,7.8438,0.1854,1263.452873,2048-12-15,2037-05-15,107.16000000000001,8.3958,ok,,,43,8.395789149485134,-0.00012923741472245916,7.785138459035322,94.01174414200965,8.280044024842748,4.013120750642352,-3.7779612990499034,-7.337842364709624,-13.8647125181784,8.25519717974537,4.010083909695173,-3.775054549340149,-7.315079738325274,-13.690042035230451,7.411388417347384,14.822776834694768,corrigido IPCA,0.9499157146219043,115.39737000548007,5.68871717935302,348.20908902926243,348.20908902926243
2026-10-08,RALM21,RIALMA TRANSMISSORA DE ENERGIA V S/A,RIALMA TRANSMISSORA DE ENERGIA V S/A,Isolada (a identificar),,IPCA_MAIS,S,Quirografária,N,RIALMA TRANSMISSORA DE ENERGIA V S/A,51715706000170,7.8567,0.1928,1179.121551,2048-12-15,2037-05-15,108.45000000000002,8.3921,ok,,,43,8.392147413639421,0.0005649794380635829,7.7808308743355035,93.9222675125203,8.275257603273168,4.010851285261041,-3.775915720366574,-7.3339538379814435,-13.857671257035909,8.250442211898106,4.007818271558402,-3.7730126027771016,-7.311219536772902,-13.6832163984206,7.498166898226415,14.99633379645283,corrigido IPCA,0.9489624731131753,116.68393700528114,5.688711882352204,349.7229789234961,349.7229789234961
2026-10-08,RATL11,CONCESSIONARIA ROTA DO ATLANTICO S.A,CONCESSIONARIA ROTA DO ATLANTICO S.A.,Concessionaria Rota,inferido,IPCA_MAIS,S,Real,N,CONCESSIONARIA ROTA DO ATLANTICO S.A.,13799190000109,6.5344,0.268,1262.314905,2036-12-15,2032-08-15,-21.10000000000003,5.1995,ok,,,21,5.199523344589359,0.0004489775816785333,4.8806050858589884,36.780706785486025,5.070279586671278,2.486990238953646,-2.395020028512307,-4.702177223056358,-9.06829958577331,5.064508619786419,2.486278426411352,-2.3943266594476365,-4.696701551931558,-9.025596036008256,-2.0443327029983505,-4.088665405996701,corrigido IPCA,1.0548302910978447,-19.955161174883205,5.595982940362387,189.09458335799275,189.09458335799275
2026-10-08,RDOE18,CONCESSIONÁRIA DO RODOANEL OESTE S/A,CONCESSIONARIA DO RODOANEL OESTE S/A,Concessionaria Rodoanel,inferido,IPCA_MAIS,S,Quirografária,N,CONCESSIONARIA DO RODOANEL OESTE S/A,09387725000159,6.7668,0.0524,1121.874928,2031-04-15,2030-08-15,1.6799999999999926,3.0833,ok,,,10,3.083292002344241,-0.0002593862341966231,2.8878752592980597,12.20354530714745,2.9499940792579338,1.4593285938457878,-1.4288175721494545,-2.8279240762474456,-5.540079707001,2.9488929858337967,1.459192061282964,-1.4286831980150956,-2.8268575327623227,-5.5316796124531695,0.4936328751579492,0.9872657503158984,corrigido IPCA,1.0042725037457982,2.8511003346896184,5.373442462622213,212.35847760040915,212.35847760040915
2026-10-08,RDSM12,CONCESSIONARIA RODOVIAS DO SUL DE MINAS SPE S.A.,CONCESSIONARIA RODOVIAS DO SUL DE MINAS SPE S.A.,EPR,CVM FRE,IPCA_MAIS,S,Real,N,CONCESSIONARIA RODOVIAS DO SUL DE MINAS SPE S.A.,48127008000140,8.3115,0.099,1121.439856,2044-10-15,2037-05-15,153.93000000000006,7.4679,ok,,,37,7.467897558079943,-3.269888532615976e-05,6.894833473896994,73.79997627935559,7.280477834396204,3.541708076486727,-3.3571335976668615,-6.541284220888333,-12.432941631859418,7.263833355293772,3.5396667072976915,-3.3551667665993024,-6.5258335925002156,-12.313667422206876,11.644411544811549,23.288823089623097,corrigido IPCA,1.0277599493945666,160.57255700599856,5.682574212401237,401.9565179124514,401.9565179124514
2026-10-08,RDVE11,RDVE SUBHOLDING S.A.,RDVE SUBHOLDING S.A.,Rdve Subholding,inferido,IPCA_MAIS,S,Real,N,RDVE SUBHOLDING S.A.,42596330000131,6.7842,0.0832,1159.04711,2038-04-15,2032-08-15,3.8800000000000168,4.5141,ok,,,24,4.514129438270591,0.0006521404176023306,4.227338349934345,31.41564246416623,4.389461238976877,2.15356061671117,-2.0750047600599397,-4.075036615252636,-7.863578325459342,4.3844165622551765,2.1529387280473804,-2.0743996218869647,-4.070260137613515,-7.826363850585366,0.7036593192394037,1.4073186384788074,corrigido IPCA,1.0447767407016713,5.9492120510188515,5.5378800786282545,218.5305697015382,218.5305697015382
2026-10-08,RECV11,PETRORECONCAVO S.A.,PETRORECONCAVO S.A.,Petroreconcavo,inferido,IPCA_MAIS,S,Quirografária,N,PETRORECONCAVO S.A.,03342704000130,7.0203,0.1475,1152.794513,2031-05-15,2030-08-15,27.029999999999976,3.0986,ok,,,10,3.0986096313399725,0.0003108287604941287,2.8953475474652683,12.322277675664235,2.9580784252501546,1.4632154277535392,-1.4324075262093117,-2.834820315696962,-5.5527875756531735,2.9569589358435895,1.4630766208272146,-1.4322709266380538,-2.833736159086947,-5.544249541417252,4.925426271884274,9.850852543768548,corrigido IPCA,1.0381225174206112,28.521641753042267,5.375165514273061,242.55831326230333,242.55831326230333
2026-10-08,RECV14,PETRORECONCAVO S.A.,PETRORECONCAVO S.A.,Petroreconcavo,inferido,IPCA_MAIS,S,Quirografária,S,PETRORECONCAVO S.A.,03342704000130,6.8965,0.0605,1089.59204,2032-12-15,2032-08-15,15.109999999999957,4.6263,ok,,,13,4.626299692270191,-6.651747805939087e-06,4.327830838493488,25.501526628536553,4.458376357418148,2.196168222790673,-2.1324069355339703,-4.203241498090604,-8.16852412208242,4.45533847163617,2.1957923275324145,-2.132038510961073,-4.200323205350805,-8.145631144416244,1.6817265402657608,3.3634530805315217,corrigido IPCA,1.0486740750391017,14.55645596575024,5.54860624907485,229.17007442354733,229.17007442354733
2026-10-08,RECV24,PETRORECONCAVO S.A.,PETRORECONCAVO S.A.,Petroreconcavo,inferido,IPCA_MAIS,S,Quirografária,S,PETRORECONCAVO S.A.,03342704000130,7.0155,0.1562,1079.554252,2035-12-15,2035-05-15,25.790000000000024,6.1693,ok,,,19,6.169347498314908,0.0007699141702934245,5.764910221710788,45.31754640122174,5.998595958651887,2.939977792661419,-2.8266617085108248,-5.545064773094321,-10.676077671641437,5.991497953716897,2.9391020438569213,-2.825808177853867,-5.538322489704679,-10.62346951539714,2.3499987660237642,4.6999975320475285,corrigido IPCA,1.0390132440009217,27.095063814516276,5.649746254922849,245.40499225440598,245.40499225440598
2026-10-08,RENTD1,LOCALIZA RENT A CAR,LOCALIZA RENT A CAR S/A,Localiza,inferido,IPCA_MAIS,N,Quirografária,S,LOCALIZA RENT A CAR S/A,16670085000155,8.4541,0.1066,1285.978428,2031-12-15,2033-05-15,172.29000000000002,5.1468,ok,,,1,5.146825396825397,0.0004934488497196788,4.745625473656964,26.89666172614795,4.8831192281068025,2.4068063124813355,-2.339557726155861,-4.614041643047651,-8.976091380479644,4.880108782287704,2.406433563986167,-2.3391919096707974,-4.611142165026225,-8.95331771279097,17.77109668808073,35.54219337616146,corrigido IPCA,1.185606675254844,168.66993827555362,5.592142705274794,,168.66993827555362
2026-10-08,RESA14,RAIZEN ENERGIA S/A,RAIZEN ENERGIA S/A,Rumo,CVM FRE,IPCA_MAIS,S,Quirografária,N,RAIZEN ENERGIA S/A,08070508000178,,,699.136384,2029-11-15,,,,sem taxa indicativa,,,,,,,,,,,,,,,,,,,,,,,,,
2026-10-08,RESA15,RAIZEN ENERGIA S/A,RAIZEN ENERGIA S/A,Rumo,CVM FRE,IPCA_MAIS,S,Quirografária,N,RAIZEN ENERGIA S/A,08070508000178,,,684.026502,2030-06-15,,,,sem taxa indicativa,,,,,,,,,,,,,,,,,,,,,,,,,
2026-10-08,RESA17,RAIZEN ENERGIA S/A,RAIZEN ENERGIA S/A,Rumo,CVM FRE,IPCA_MAIS,S,Quirografária,N,RAIZEN ENERGIA S/A,08070508000178,,,609.780097,2029-03-15,,,,sem taxa indicativa,,,,,,,,,,,,,,,,,,,,,,,,,
2026-10-08,RESA27,RAIZEN ENERGIA S/A,RAIZEN ENERGIA S/A,Rumo,CVM FRE,IPCA_MAIS,S,Quirografária,N,RAIZEN ENERGIA S/A,08070508000178,,,617.582257,2032-03-15,,,,sem taxa indicativa,,,,,,,,,,,,,,,,,,,,,,,,,
2026-10-08,RIGEA3,RGE SUL DISTRIBUIDORA DE ENERGIA S/A,RGE SUL DISTRIBUIDORA DE ENERGIA S/A,CPFL,CVM FRE,IPCA_MAIS,S,Quirografária,N,RGE SUL DISTRIBUIDORA DE ENERGIA S/A,02016440000162,6.6806,0.1635,1213.468244,2029-05-15,2028-08-15,-0.39999999999995595,1.9277,ok,,,6,1.9277662878021142,0.003438699077359657,1.8070448495810056,5.310853106828058,1.8339537527445993,0.9102050452236998,-0.8969273711636583,-1.78083655783422,-3.510606971181496,1.8335991151151458,0.9101609911740378,-0.8968838584069678,-1.7804905840468652,-3.50787263702545,0.8760597330183428,1.7521194660366857,corrigido IPCA,1.0109746303684701,3.1661584569522145,5.357310790451053,210.92455393363963,210.92455393363963
2026-10-08,RIPR22,RIO PARANA ENERGIA S/A,RIO PARANA ENERGIA S/A,CTG,CVM FRE,IPCA_MAIS,S,Quirografária,N,RIO PARANA ENERGIA S/A,23096269000119,6.6435,0.047,1272.504047,2031-06-15,2030-08-15,-10.64999999999996,3.3146,ok,,,10,3.3146788356971095,0.0023784377333474957,3.108186467714497,13.646556668214185,3.1776878264633712,1.5713086982037217,-1.5371897598207118,-3.041181493277356,-5.953108366155291,3.1764192510555675,1.5711514296925162,-1.5370350380219806,-3.039953684373426,-5.94344180206471,-1.6091014398506516,-3.218202879701303,corrigido IPCA,0.9524212068577453,-10.002774641047415,5.400505827092572,197.7494384722619,197.7494384722619
2026-10-08,RIS412,AGUAS DO RIO 4 SPE S.A,AGUAS DO RIO 4 SPE S.A,Isolada (a identificar),,IPCA_MAIS,S,Real,N,AGUAS DO RIO 4 SPE S.A,42644220000106,13.3381,1.1418,9.305195,2034-01-15,2031-05-15,660.01,3.7989,ok,,,15,3.798919735653309,0.0005195096819849872,3.3518470273044185,17.39835198129901,3.4407606150334225,1.6979093687997882,-1.6544089847823962,-3.266704992367897,-6.370250963825175,3.4388387872109134,1.697671453628833,-1.6541755736755857,-3.2648552673979236,-6.355727014982857,98.57167467614005,197.1433493522801,corrigido IPCA,0.8079115975601713,660.7943494792764,5.459413022901427,987.9238594040893,987.9238594040893
2026-10-08,RIS414,AGUAS DO RIO 4 SPE S.A,AGUAS DO RIO 4 SPE S.A,Isolada (a identificar),,IPCA_MAIS,S,Real,N,AGUAS DO RIO 4 SPE S.A,42644220000106,13.4642,0.8225,0.881629,2034-09-15,2031-05-15,672.62,4.2604,ok,,,16,4.260409741989504,0.00022866372885142956,3.7548493198643307,20.99287837825668,3.8622888889976004,1.903971999012244,-1.8514836667927081,-3.652261871144624,-7.108484550987237,3.8598137117556135,1.9036657579049863,-1.8511835619593444,-3.6498849279730474,-7.089841072163527,89.54478860771749,179.08957721543499,corrigido IPCA,0.7882988098785283,672.4543772021666,5.511917534270339,1002.5457098212628,1002.5457098212628
2026-10-08,RIS422,AGUAS DO RIO 4 SPE S.A,AGUAS DO RIO 4 SPE S.A,Isolada (a identificar),,IPCA_MAIS,S,Real,N,AGUAS DO RIO 4 SPE S.A,42644220000106,12.2188,0.7306,8.236561,2042-01-15,2037-05-15,544.66,7.2188,ok,,,31,7.2188079220057615,0.00010974131104348305,6.432797287090721,63.464110508196065,6.763058052904181,3.2973190406427877,-3.1386066147919833,-6.127581820953864,-11.690090867142821,6.7501178396317005,3.2957287816806056,-3.137068505410115,-6.11547673454974,-11.59631236401752,42.82411984548201,85.64823969096402,corrigido IPCA,0.715130147036081,550.9577639281291,5.678892373059163,861.4558961392946,861.4558961392946
2026-10-08,RIS424,AGUAS DO RIO 4 SPE S.A,AGUAS DO RIO 4 SPE S.A,Isolada (a identificar),,IPCA_MAIS,S,Real,N,AGUAS DO RIO 4 SPE S.A,42644220000106,12.5023,0.2784,0.797571,2042-09-15,2037-05-15,573.01,7.3683,ok,,,32,7.368267196494575,-0.0004451977447293718,6.549436941728812,66.073293486693,6.893660975334304,3.3590122418262425,-3.193771626108033,-6.232009079938461,-11.877555428060404,6.879803409162277,3.357310087722772,-3.1921268540060397,-6.219070474295347,-11.777408013723763,44.25422371298696,88.50844742597393,corrigido IPCA,0.7131507081545998,579.6804952267361,5.681224005863861,895.160305906629,895.160305906629
2026-10-08,RISP12,SPE SANEAMENTO RIO 1 S.A,AGUAS DO RIO 1 SPE S.A,Isolada (a identificar),,IPCA_MAIS,S,Real,N,AGUAS DO RIO 1 SPE S.A,42310775000103,12.9352,1.5632,9.432184,2034-01-15,2031-05-15,619.7199999999999,3.8136,ok,,,15,3.8135837898289844,-0.0004250621726378773,3.376789335680093,17.620701457587277,3.4668484225645946,1.7106626280019688,-1.6666062717222818,-3.2905677282912382,-6.415940063486259,3.4648928429680295,1.7104205446620304,-1.6663687910180625,-3.2886858283921563,-6.40116464220844,91.87087626042391,183.74175252084783,corrigido IPCA,0.8189372046995566,620.4571904315698,5.461164739191937,940.4927126165513,940.4927126165513
2026-10-08,RISP14,SPE SANEAMENTO RIO 1 S.A,AGUAS DO RIO 1 SPE S.A,Isolada (a identificar),,IPCA_MAIS,S,Real,N,AGUAS DO RIO 1 SPE S.A,42310775000103,13.5225,0.5576,0.879699,2034-09-15,2031-05-15,678.45,4.258,ok,,,16,4.258039007084993,0.0009160893610417795,3.750832660560676,20.954041545388385,3.8580717531273567,1.9019143468371524,-1.8495231258749856,-3.6484334130133966,-7.101181269552182,3.855602868287618,1.9016088822120736,-1.8492237783486025,-3.646062452833734,-7.082584490213584,90.41852171314802,180.83704342629605,corrigido IPCA,0.7865759715337313,678.2894887225805,5.511664240270897,1009.4069869625044,1009.4069869625044
2026-10-08,RISP22,SPE SANEAMENTO RIO 1 S.A,AGUAS DO RIO 1 SPE S.A,Isolada (a identificar),,IPCA_MAIS,S,Real,N,AGUAS DO RIO 1 SPE S.A,42310775000103,12.1504,1.1912,8.272924,2042-01-15,2037-05-15,537.8199999999999,7.2313,ok,,,31,7.23136339650948,0.0008766958842847708,6.447915831338524,63.698664218631144,6.7794110462027435,3.3051790603099818,-3.1458799563932383,-6.141584570794089,-11.716075633710465,6.766409152431679,3.303581245942551,-3.144334585395973,-6.1294225102453685,-11.621858378304426,42.1932940500325,84.386588100065,corrigido IPCA,0.7182873890682795,544.1176173630523,5.679102939984104,853.4101781909781,853.4101781909781
2026-10-08,RISP24,SPE SANEAMENTO RIO 1 S.A,AGUAS DO RIO 1 SPE S.A,Isolada (a identificar),,IPCA_MAIS,S,Real,N,AGUAS DO RIO 1 SPE S.A,42310775000103,12.5213,0.956,0.79658,2042-09-15,2037-05-15,574.9100000000001,7.3646,ok,,,32,7.364557674809303,-0.0005747113311942872,6.545034295559422,66.00296641975578,6.888887698196333,3.3567206845099395,-3.1916559783913057,-6.2279405555052625,-11.870021938464426,6.875049127658202,3.355020855804406,-3.1900134397550164,-6.215019463460644,-11.770009262723729,44.429116601814535,88.85823320362907,corrigido IPCA,0.7122641182574416,581.5801837605693,5.681170657882539,897.3949068144799,897.3949068144799
2026-10-08,RLMS13,CONCESSIONARIA DAS RODOVIAS DO LESTE MS S.A.,CONCESSIONARIA DAS RODOVIAS DO LESTE MS S.A.,Isolada (a identificar),,IPCA_MAIS,S,Real,N,CONCESSIONARIA DAS RODOVIAS DO LESTE MS S.A.,48851242000115,8.0095,0.0721,1079.909992,2045-07-15,2037-05-15,123.72999999999993,7.8457,ok,,,38,7.845699471034301,-6.742109675342479e-06,7.263897593299016,80.9901567317376,7.687978662295603,3.735530624637473,-3.53296575313905,-6.876643836721231,-13.044391937066758,7.668848376957705,3.7331864925641804,-3.530711100734836,-6.8589468096403285,-12.90799205196328,9.01961078605211,18.03922157210422,corrigido IPCA,1.0305858175434728,131.03505816259553,5.6863595797292055,367.1078774681892,367.1078774681892
2026-10-08,RMSA12,BRK AMBIENTAL - REGIAO METROPOLITANA DE MACEIO S.A.,BRK AMBIENTAL - REGIAO METROPOLITANA DE MACEIO S.A.,BRK,CVM FRE,IPCA_MAIS,S,Real,N,BRK AMBIENTAL - REGIAO METROPOLITANA DE MACEIO S.A.,39580673000101,9.6869,0.0814,1251.474368,2042-06-15,2035-05-15,292.92999999999995,6.8347,fluxo divergente da ANBIMA,,,32,9.54266897577932,39.62089010167703,8.699916740995796,95.94877021331664,9.200916085327005,4.472503124830252,-4.232539406815372,-8.239958289633343,-15.633783387438383,9.17966059206238,4.469894333264544,-4.230022407731252,-8.220172889929213,-15.48085807772526,17.099727220257616,34.19945444051523,corrigido IPCA,0.38900747218445353,297.53240621996156,5.685513948446874,563.1359146978645,563.1359146978645
2026-10-08,ROTY13,CONCESSIONARIA ROTA SOROCABANA SA,CONCESSIONARIA ROTA SOROCABANA SA,Concessionaria Rota,inferido,IPCA_MAIS,S,Quirografária,N,CONCESSIONARIA ROTA SOROCABANA SA,58484141000107,6.8506,0.0424,1029.908082,2031-03-15,2031-05-15,11.259999999999959,3.8545,ok,,,9,3.854491141865933,-0.00022981279197568195,3.6073649954852227,17.48888484992801,3.6965479964928827,1.8257590573220517,-1.7820331968234293,-3.521600746230824,-6.878170660739569,3.694809419734863,1.8255436038050217,-1.7818213916802015,-3.519920571235583,-6.8649522939718866,1.4094437354767364,2.818887470953473,corrigido IPCA,1.006704880979517,10.168755988929426,5.4660285398443476,222.62931167808523,222.62931167808523
2026-10-08,RPTA14,CONCESSIONÁRIA AUTO RAPOSO TAVARES S/A,CONCESSIONARIA AUTO RAPOSO TAVARES S/A,Isolada (a identificar),,IPCA_MAIS,S,Quirografária,N,CONCESSIONARIA AUTO RAPOSO TAVARES S/A,10531501000158,8.2349,0.1697,1117.835884,2036-03-15,2032-08-15,148.94999999999996,5.0905,ok,,,19,5.090548332661723,0.0009494678660946687,4.70324112893505,33.30331331095074,4.874694902537069,2.3938591009526,-2.310585825296041,-4.541421737860219,-8.777094674086749,4.869757695489804,2.393249706106214,-2.3099914228288365,-4.5367245623802965,-8.740415991651087,15.908205411380633,31.816410822761267,corrigido IPCA,1.0197052847430705,149.64025195670507,5.587928346337501,388.55653482630146,388.55653482630146
2026-10-08,RRRP13,3R PETROLEUM OLEO E GAS S.A.,BRAVA ENERGIA S.A.,Isolada (a identificar),,IPCA_MAIS,S,Quirografária,N,BRAVA ENERGIA S.A.,12091809000155,8.1989,0.1632,1198.301579,2033-10-15,2030-08-15,144.89000000000001,3.6196,ok,,,15,3.619598269556597,-4.780758656304943e-05,3.345318916880483,17.53123844859256,3.4349540787004695,1.6948184237550512,-1.6509855538830998,-3.259565275090681,-6.3549437510281415,3.432975109123446,1.6945735065009824,-1.650745410379501,-3.25766272463752,-6.340013064789115,21.845215891327722,43.690431782655445,corrigido IPCA,1.0474834371963102,146.15842792919352,5.437715632645768,382.0598604779346,382.0598604779346
2026-10-08,RSAN16,COMPANHIA RIOGRANDENSE DE SANEAMENTO - CORSAN,COMPANHIA RIOGRANDENSE DE SANEAMENTO - CORSAN,Aegea,CVM FRE,IPCA_MAIS,S,Quirografária,N,COMPANHIA RIOGRANDENSE DE SANEAMENTO - CORSAN,92802784000190,8.7845,0.1016,1007.852175,2034-09-15,2033-05-15,205.32999999999993,5.4863,ok,,,16,5.486275427929555,-0.00044788054690846605,5.043251040294853,34.229269747185626,5.219062816387554,2.5649886202148586,-2.4794025217372173,-4.876563212722351,-9.43680547141329,5.214397389030782,2.564412107331409,-2.4788389329634444,-4.872104691558925,-9.401916685645995,20.171272741960166,40.34254548392033,corrigido IPCA,0.9162163326620427,203.45758447992364,5.615124072531419,452.4562475799938,452.4562475799938
2026-10-08,RSAN26,COMPANHIA RIOGRANDENSE DE SANEAMENTO - CORSAN,COMPANHIA RIOGRANDENSE DE SANEAMENTO - CORSAN,Aegea,CVM FRE,IPCA_MAIS,S,Quirografária,N,COMPANHIA RIOGRANDENSE DE SANEAMENTO - CORSAN,92802784000190,9.2098,0.2093,969.582266,2039-09-15,2037-05-15,243.76,7.7958,ok,,,26,7.795818591336353,0.00023847887776839782,7.138387389534962,72.39146171583008,7.515059039288419,3.6614919424778902,-3.480455123283832,-6.790213000794354,-12.935784798059547,7.500344698114112,3.6596830219122687,-3.478704367622694,-6.776430080955813,-12.828945544753322,17.47305492669989,34.94610985339978,corrigido IPCA,0.8814260005907468,249.45886989081254,5.68597207926691,506.9898192630777,506.9898192630777
2026-10-08,RSAN34,COMPANHIA RIOGRANDENSE DE SANEAMENTO - CORSAN,COMPANHIA RIOGRANDENSE DE SANEAMENTO - CORSAN,Aegea,CVM FRE,IPCA_MAIS,S,Quirografária,S,COMPANHIA RIOGRANDENSE DE SANEAMENTO - CORSAN,92802784000190,7.048,0.1473,672.153561,2028-02-15,2027-05-15,159.14999999999998,0.8193,ok,,,3,0.8193038965932347,0.0004756002971599314,0.7653612366351866,1.51964600412838,0.7730360716559304,0.3845897037824786,-0.38079049480717053,-0.7578381083383601,-1.5009245284221429,0.7729594666558285,0.3845801758227538,-0.38078106081243285,-0.7577630066145447,-1.5003295531878058,62.48549776830498,124.97099553660996,corrigido IPCA,0.9856892554642116,95.64795568743018,6.374568730387353,326.38888627007685,326.38888627007685
2026-10-08,RSAN44,COMPANHIA RIOGRANDENSE DE SANEAMENTO - CORSAN,COMPANHIA RIOGRANDENSE DE SANEAMENTO - CORSAN,Aegea,CVM FRE,IPCA_MAIS,S,Quirografária,S,COMPANHIA RIOGRANDENSE DE SANEAMENTO - CORSAN,92802784000190,8.4427,0.0891,912.267751,2031-02-15,2029-05-15,176.19000000000005,2.1112,ok,,,9,2.111251273138382,0.0024286253496453828,1.946881876915995,7.210902614789172,1.983538898130388,0.9825293079825936,-0.9645009318142717,-1.9114119491528414,-3.754153646659253,1.9829363899899408,0.9824545667264839,-0.964427310189511,-1.9108273638420492,-3.749545701536207,46.55303846607313,93.10607693214627,corrigido IPCA,0.9364665199548502,181.26653380994193,5.332030296395374,420.228404186813,420.228404186813
2026-10-08,RUMOA2,RUMO S/A,RUMO S.A.,Rumo,CVM FRE,IPCA_MAIS,S,Quirografária,N,RUMO S.A.,02387241000160,7.8555,0.1141,1443.051216,2029-02-15,2028-08-15,117.09000000000005,1.2701,ok,,,5,1.270084631853932,-0.001209994966376751,1.1775798469748249,3.034824614267935,1.192940687491828,0.5926066574633237,-0.5850193277514459,-1.1625881486203915,-2.2959059928707726,1.1927539700461647,0.5925834542552474,-0.5849963927195776,-1.1624057239034853,-2.2944632016642914,60.37662967390189,120.75325934780378,corrigido IPCA,0.9665694758539697,142.19660466449812,5.689101654484485,376.49499293222686,376.49499293222686
2026-10-08,RUMOA3,RUMO S/A,RUMO S.A.,Rumo,CVM FRE,IPCA_MAIS,S,Quirografária,N,RUMO S.A.,02387241000160,7.8304,0.1688,1421.515156,2029-10-15,2028-08-15,114.58000000000004,1.8508,ok,,,4,1.8508401695581052,0.0021703889185839633,1.7164363385076058,5.194720402906676,1.7427709803104596,0.8647564079127035,-0.8517690343389561,-1.6908146110427014,-3.3317579168874345,1.7424099405221394,0.8647115697574363,-0.8517247687501697,-1.6904627364930727,-3.3289782689570786,35.363678303936275,70.72735660787255,corrigido IPCA,0.9686021916071406,121.39900500833849,5.373926621094616,349.88600485505617,349.88600485505617
2026-10-08,RUMOA4,RUMO S/A,RUMO S.A.,Rumo,CVM FRE,IPCA_MAIS,S,Quirografária,N,RUMO S.A.,02387241000160,7.89,0.1071,1452.752258,2030-04-15,2029-05-15,120.92,2.2352,ok,,,8,2.235246382214425,0.002075081175072087,2.071782725196427,6.98768847012,2.1072484863019714,1.0446914321249112,-1.0272213173574185,-2.0373572979207277,-4.007860756142511,2.106721167547027,1.0446259731858638,-1.0271567520105636,-2.0368442828458275,-4.003811680990454,29.147791052781244,58.29558210556249,corrigido IPCA,1.0090468973861793,120.77577996157433,5.3241184744872605,349.41338273088485,349.41338273088485
2026-10-08,RUMOA5,RUMO S/A,RUMO S.A.,Rumo,CVM FRE,IPCA_MAIS,S,Quirografária,N,RUMO S.A.,02387241000160,7.9953,0.1426,1233.657938,2030-12-15,2030-08-15,124.53000000000003,2.9308,ok,,,9,2.9308107054316466,0.00036527336039634455,2.713831718076293,10.69422408249439,2.7682114435645166,1.3703963500794503,-1.3436590979301055,-2.661242118775109,-5.220727236931633,2.767302838488765,1.3702836391412645,-1.3435480789350287,-2.660360597663821,-5.213778954502699,23.252203628480355,46.50440725696071,corrigido IPCA,0.8948626687737062,126.20513544427732,5.357099161706946,357.13292201816097,357.13292201816097
2026-10-08,RUMOA6,RUMO S/A,RUMO S.A.,Rumo,CVM FRE,IPCA_MAIS,S,Quirografária,N,RUMO S.A.,02387241000160,7.8883,0.0965,1215.920825,2031-06-15,2030-08-15,113.83000000000001,3.3072,ok,,,10,3.30721159507811,0.00035060105557888397,3.06540338023503,13.28461977741684,3.133045614627239,1.549458619726396,-1.5162446525557427,-3.000160715315936,-5.874409746097253,3.131826479122114,1.5493074648392862,-1.516095915395744,-2.9989802813479463,-5.865114364921724,18.67562727608854,37.35125455217708,corrigido IPCA,0.9122601077442989,114.49666196026268,5.399606325305029,344.2111243789493,344.2111243789493
2026-10-08,RUMOA7,RUMO S/A,RUMO S.A.,Rumo,CVM FRE,IPCA_MAIS,S,Quirografária,N,RUMO S.A.,02387241000160,7.7032,0.0736,1104.191645,2029-08-15,2029-05-15,102.24000000000002,2.6234,ok,,,6,2.6234135682394113,0.0005172005569536249,2.4357805229922707,8.48068120308432,2.4788194884502124,1.2285700210050932,-1.2073672648486022,-2.3939958200212885,-4.706832105696668,2.478183929007692,1.2284911129999907,-1.2072894099922797,-2.393377116976849,-4.7019474219228545,20.058998089671658,40.117996179343315,corrigido IPCA,0.9611774959881345,97.71863371512278,5.3311540679828795,323.05492758691474,323.05492758691474
2026-10-08,RUMOB3,RUMO S/A,RUMO S.A.,Rumo,CVM FRE,IPCA_MAIS,S,Quirografária,N,RUMO S.A.,02387241000160,7.9062,0.1711,1395.51739,2029-10-15,2028-08-15,122.16000000000005,1.8673,ok,,,7,1.8673420394748792,0.002251350874484055,1.7305233985395456,5.224630381649139,1.7570091121478226,0.8718375147988899,-0.8587753644642038,-1.704753615264487,-3.3593456836524815,1.7566465504477915,0.8717924872468342,-0.8587309112927113,-1.7044002466312997,-3.3565541894461086,37.38615133870105,74.7723026774021,corrigido IPCA,0.95088765187228,129.39521934592545,5.37001913834243,359.1744650544243,359.1744650544243
2026-10-08,RUMOB5,RUMO S/A,RUMO S.A.,Rumo,CVM FRE,IPCA_MAIS,S,Quirografária,N,RUMO S.A.,02387241000160,8.1381,0.0768,1070.150194,2035-12-15,2035-05-15,138.04999999999995,6.6965,ok,,,19,6.696509100382063,0.00013589758923365916,6.192552948851574,49.631555834129884,6.448526265006249,3.1592802069861925,-3.035176869549705,-5.951819288525185,-11.450403774471141,6.440710728022224,3.15831591921845,-3.034237029633125,-5.9443951696809245,-11.392474781020551,11.228361375212328,22.456722750424657,corrigido IPCA,0.776258507044791,139.06444468968445,5.667470545070086,377.42912394476065,377.42912394476065
2026-10-08,RUMOB6,RUMO S/A,RUMO S.A.,Rumo,CVM FRE,IPCA_MAIS,S,Quirografária,N,RUMO S.A.,02387241000160,8.1162,0.1662,1068.360259,2036-06-15,2035-05-15,135.8599999999999,6.8786,ok,,,20,6.8786277674017455,0.0004036780994086904,6.362254470099528,53.108949018839965,6.63651610005771,3.248588366100602,-3.1157876946546037,-6.1049735233815845,-11.726749853747053,6.627799215193727,3.247513421323314,-3.114741048776214,-6.096709725005328,-11.662329959822257,10.788461167168883,21.576922334337766,corrigido IPCA,0.8015509225393938,137.2778705726308,5.672076619817945,375.3362601423363,375.3362601423363
2026-10-08,RUMOB7,RUMO S/A,RUMO S.A.,Rumo,CVM FRE,IPCA_MAIS,S,Quirografária,N,RUMO S.A.,02387241000160,7.9778,0.1276,1076.329041,2033-05-15,2033-05-15,124.66,5.3006,ok,,,14,5.300574979833619,-0.0004720251741575552,4.90894885785191,32.306580592779106,5.074710215288358,2.4953804294052473,-2.4146027516818713,-4.751464689341855,-9.203477211573164,5.070481760815806,2.4948576546669288,-2.4140912031849813,-4.747415954888014,-9.171766103848238,12.47691504662657,24.95383009325314,corrigido IPCA,0.9369236449493626,122.49707573530561,5.603063196680869,357.055720759398,357.055720759398
2026-10-08,SAELA1,ENERGISA PARAIBA - DISTR.DE ENERGIA S/A,ENERGISA PARAIBA - DISTRIBUIDORA DE ENERGIA S/A,Energisa,CVM FRE,IPCA_MAIS,S,Quirografária,N,ENERGISA PARAIBA - DISTRIBUIDORA DE ENERGIA S/A,09095183000140,7.1986,0.1189,1230.848798,2030-01-15,2029-05-15,51.78000000000003,2.5198,ok,,,7,2.519813129883319,0.0005210684704662116,2.350602647686928,8.19137140929548,2.392182398452092,1.185617862678079,-1.1651383809836324,-2.310251828057086,-4.542161284379976,2.3915595047334053,1.1855405381050832,-1.1650621095818448,-2.3096457906404506,-4.537377867187947,10.283521648257663,20.567043296515326,corrigido IPCA,0.9859269211885245,48.34494642788061,5.325660558377998,264.71399327395847,264.71399327395847
2026-10-08,SAELA3,ENERGISA PARAIBA - DISTR.DE ENERGIA S/A,ENERGISA PARAIBA - DISTRIBUIDORA DE ENERGIA S/A,Energisa,CVM FRE,IPCA_MAIS,S,Quirografária,N,ENERGISA PARAIBA - DISTRIBUIDORA DE ENERGIA S/A,09095183000140,7.2935,0.115,1101.426688,2031-04-15,2031-05-15,55.54999999999994,3.8525,ok,,,10,3.8525610607692027,0.0015849648073367345,3.5906751674325124,17.63976227725486,3.6806447395791198,1.817606714278286,-1.773503565474921,-3.504187198181641,-6.842013062667329,3.678873978818787,1.8173872865628247,-1.7732878808696877,-3.502476356046238,-6.828555089319928,7.553381122047756,15.106762244095512,corrigido IPCA,0.987928339337655,54.2434760501808,5.465799845519936,274.5099266881654,274.5099266881654
2026-10-08,SAELA7,ENERGISA PARAIBA - DISTR.DE ENERGIA S/A,ENERGISA PARAIBA - DISTRIBUIDORA DE ENERGIA S/A,Energisa,CVM FRE,IPCA_MAIS,S,Quirografária,S,ENERGISA PARAIBA - DISTRIBUIDORA DE ENERGIA S/A,09095183000140,7.5613,0.0756,1057.083959,2035-10-15,2035-05-15,80.37,6.52,ok,,,19,6.520042514125865,0.0006520571451700863,6.061699248824499,50.83624437542452,6.324313360363609,3.095434711139,-2.968316457118203,-5.815508328899311,-11.168945636801986,6.315880470701621,3.09439492988153,-2.967304318942969,-5.807518026947376,-11.106673610140508,6.765966266395706,13.531932532791412,corrigido IPCA,1.0138481664261825,82.02650526916551,5.66230098505498,310.15883532215383,310.15883532215383
2026-10-08,SAELB3,ENERGISA PARAIBA - DISTR.DE ENERGIA S/A,ENERGISA PARAIBA - DISTRIBUIDORA DE ENERGIA S/A,Energisa,CVM FRE,IPCA_MAIS,S,Quirografária,N,ENERGISA PARAIBA - DISTRIBUIDORA DE ENERGIA S/A,09095183000140,7.6665,0.1556,1045.96044,2039-04-15,2037-05-15,89.43000000000004,7.8614,ok,,,26,7.861439709750887,0.000505123144573711,7.301658092118614,74.85655484972746,7.691147541426302,3.7462693207882314,-3.5590680676967357,-6.941623335412894,-13.216643401770312,7.675940866367251,3.7443997396214663,-3.5572583524971475,-6.927375317869977,-13.106185087242677,6.487632081262141,12.975264162524281,corrigido IPCA,0.9381777133567117,94.74094256967207,5.686475255160306,325.02748758568777,325.02748758568777
2026-10-08,SAELB7,ENERGISA PARAIBA - DISTR.DE ENERGIA S/A,ENERGISA PARAIBA - DISTRIBUIDORA DE ENERGIA S/A,Energisa,CVM FRE,IPCA_MAIS,S,Quirografária,S,ENERGISA PARAIBA - DISTRIBUIDORA DE ENERGIA S/A,09095183000140,7.6702,0.1536,1032.271219,2040-10-15,2037-05-15,89.80000000000005,8.3064,ok,,,29,8.306407314219364,8.805522685529044e-05,7.714676218878913,86.04009976207925,8.164037552937508,3.967240330327093,-3.752058006211334,-7.302322134269734,-13.846522816054097,8.144876717689309,3.9648882341420553,-3.749787984736858,-7.284475720068517,-13.70855044251624,6.254014000704094,12.508028001408189,corrigido IPCA,0.9900503073027507,96.49538616753529,5.688550971608652,326.8145694131908,326.8145694131908
2026-10-08,SAELB8,ENERGISA PARAIBA - DISTR.DE ENERGIA S/A,ENERGISA PARAIBA - DISTRIBUIDORA DE ENERGIA S/A,Energisa,CVM FRE,IPCA_MAIS,S,Quirografária,N,ENERGISA PARAIBA - DISTRIBUIDORA DE ENERGIA S/A,09095183000140,7.5667,0.1426,978.666804,2036-02-15,2035-05-15,80.91,6.9544,ok,,,19,6.95445817625242,0.0008365387728615505,6.465251956462753,56.11414867134671,6.755430973330179,3.3039529022357073,-3.1636351607131186,-6.193771208213517,-11.87901180544877,6.745822699819487,3.30276866407056,-3.162483292392193,-6.18468121310602,-11.808220939498572,6.407195395277473,12.814390790554945,corrigido IPCA,0.9519538350243029,82.84826512951363,5.673789711972677,311.25704474755923,311.25704474755923
2026-10-08,SAPR10,COMPANHIA DE SANEAMENTO DO PARANA - SANEPAR,COMPANHIA DE SANEAMENTO  DO PARANA - SANEPAR,Sanepar,CVM FRE,IPCA_MAIS,S,Quirografária,N,COMPANHIA DE SANEAMENTO  DO PARANA - SANEPAR,76484013000145,6.0967,0.4056,14325.388836,2027-03-15,,,0.4167,ok,,,1,0.4166666666666667,-0.007999360051195023,0.3927234934419889,0.5243879305666074,0.39536550215959476,0.19701973011974072,-0.19570874027587948,-0.39012130235509535,-0.7751159658919482,0.39534543309482195,0.19701723163420273,-0.19570626180778622,-0.39010155378915595,-0.7749592282726457,135.6072723015473,271.2145446030946,corrigido IPCA,0.9973813509798679,106.51232342880543,7.70115561775071,340.2861868643257,340.2861868643257
2026-10-08,SAPRA2,COMPANHIA DE SANEAMENTO DO PARANA - SANEPAR,COMPANHIA DE SANEAMENTO  DO PARANA - SANEPAR,Sanepar,CVM FRE,IPCA_MAIS,S,Quirografária,N,COMPANHIA DE SANEAMENTO  DO PARANA - SANEPAR,76484013000145,6.518,0.2951,1299.757153,2029-03-15,2029-05-15,-16.279999999999983,2.3031,ok,,,5,2.3031400914289124,0.001740759363998911,2.1622074122954924,6.8300763979005366,2.196831744440386,1.0897001689090358,-1.0726242389018759,-2.1285191507218304,-4.191464596962035,2.1963577942849954,1.0896413016451219,-1.0725661106503706,-2.12805703030599,-4.187813296632974,-4.414371629558966,-8.828743259117932,corrigido IPCA,0.9542282624685893,-19.089574116118655,5.322284706106384,185.15499672995853,185.15499672995853
2026-10-08,SAPRA3,COMPANHIA DE SANEAMENTO DO PARANA - SANEPAR,COMPANHIA DE SANEAMENTO  DO PARANA - SANEPAR,Sanepar,CVM FRE,IPCA_MAIS,S,Quirografária,N,COMPANHIA DE SANEAMENTO  DO PARANA - SANEPAR,76484013000145,6.3791,0.1079,1271.324429,2031-03-15,2031-05-15,-35.89000000000002,4.0106,ok,,,9,4.010642540907183,0.0010607117933151562,3.770141447809939,18.597083262291417,3.8649963918427233,1.9085487424811198,-1.8620520782860916,-3.678962232786498,-7.18254908211422,3.863126864121396,1.9083170779828338,-1.861824369827105,-3.6771560314984817,-7.1683412303740495,-4.976443103555821,-9.952886207111643,corrigido IPCA,0.933354129596784,-37.523788814767464,5.484237073613052,166.86974693438708,166.86974693438708
2026-10-08,SAPRB3,COMPANHIA DE SANEAMENTO DO PARANA - SANEPAR,COMPANHIA DE SANEAMENTO  DO PARANA - SANEPAR,Sanepar,CVM FRE,IPCA_MAIS,S,Quirografária,N,COMPANHIA DE SANEAMENTO  DO PARANA - SANEPAR,76484013000145,6.5178,0.1168,1232.387713,2032-01-15,2032-08-15,-22.75999999999998,4.512,ok,,,11,4.511986280669471,-0.000304063176607194,4.23589886448037,23.725921705926865,4.357205876253745,2.1479382975143624,-2.0886172363217326,-4.119846498154489,-8.017516539694537,4.354528473010004,2.1476068343725934,-2.0882920301077763,-4.117269255950736,-7.997279294842202,-2.7833947056162067,-5.566789411232413,corrigido IPCA,0.9871596171886478,-23.580356945840723,5.537670561575436,184.14500398340658,184.14500398340658
2026-10-08,SAUC16,S/A USINA CORURIPE ACUCAR E ALCOOL,S/A USINA CORURIPE ACUCAR E ALCOOL,Usina Coruripe,inferido,IPCA_MAIS,S,Quirografária,N,S/A USINA CORURIPE ACUCAR E ALCOOL,12229415000110,11.1187,0.1768,1158.325042,2034-04-15,2030-08-15,436.87000000000006,2.945,ok,,,16,2.94506348241201,0.0021555997287016244,2.6503761134822583,13.006313142667635,2.7168267210320396,1.3416216075543552,-1.309102475652979,-2.5867099766207824,-5.051345948757202,2.7154076791955966,1.3414459481694638,-1.3089301653127947,-2.5853445477689205,-5.040625964111165,83.4146373466788,166.8292746933576,corrigido IPCA,1.1331738411220174,442.16032467684516,5.358554558504847,728.7327196965659,728.7327196965659
2026-10-08,SAVI13,SANTA VITÓRIA DO PALMAR ENERGIAS RENOVÁVEIS S.A.,SANTA VITORIA DO PALMAR ENERGIAS RENOVAVEIS S.A.,Isolada (a identificar),,IPCA_MAIS,S,Quirografária,N,SANTA VITORIA DO PALMAR ENERGIAS RENOVAVEIS S.A.,18156217000150,7.1947,0.0801,640.108095,2031-09-15,2029-05-15,51.39000000000004,2.7463,ok,,,10,2.7463541357413646,0.001971224606356534,2.5620241819244463,10.54471149290941,2.615698022549462,1.2943108061904018,-1.267947152245752,-2.510220889702186,-4.920401397231478,2.6147477393889935,1.2941929803283598,-1.2678312015960864,-2.509300624459899,-4.913154133990704,9.673823026341648,19.347646052683295,corrigido IPCA,0.9722199195581505,49.56913705028966,5.340076531794669,266.30044647217596,266.30044647217596
2026-10-08,SBSPB6,CIA. DE SANEAMENTO BÁSICO DO ESTADO DE SP - SABESP,CIA SANEAMENTO BASICO EST. SP - SABESP,Sabesp,inferido,IPCA_MAIS,S,Quirografária,N,CIA SANEAMENTO BASICO EST. SP - SABESP,43776517000180,6.5912,0.1906,1436.651174,2027-07-15,2027-05-15,113.46999999999996,0.754,ok,,,1,0.753968253968254,-0.004210349037937586,0.7073456851674941,1.1639440375002885,0.7132159712789576,0.35513406539355863,-0.35222415023205,-0.7015756486261182,-1.3918065201709462,0.7131654053549955,0.3551277726306224,-0.3522179125368717,-0.7015259649799926,-1.3914124895849824,52.874642357591156,105.74928471518231,corrigido IPCA,0.9969687673208296,74.80130025283304,6.530346876963877,299.29367147033275,299.29367147033275
2026-10-08,SBSPC6,CIA. DE SANEAMENTO BÁSICO DO ESTADO DE SP - SABESP,CIA SANEAMENTO BASICO EST. SP - SABESP,Sabesp,inferido,IPCA_MAIS,S,Quirografária,N,CIA SANEAMENTO BASICO EST. SP - SABESP,43776517000180,6.6961,0.144,1396.920699,2030-07-15,2029-05-15,1.5300000000000757,2.5743,ok,,,4,2.5743168250050124,0.0006535759240306872,2.412756253513495,8.766855873466579,2.4572920241814344,1.217423746024826,-1.1955053587581532,-2.369603496408257,-4.655550853352086,2.456590532880828,1.2173366965985808,-1.1954195569149144,-2.3689219741461622,-4.650175389557658,-0.28998256444623627,-0.5799651288924725,corrigido IPCA,0.9693976791107232,-1.399314491555073,5.3282912832520735,206.16592015650755,206.16592015650755
2026-10-08,SBSPD4,CIA. DE SANEAMENTO BÁSICO DO ESTADO DE SP - SABESP,CIA SANEAMENTO BASICO EST. SP - SABESP,Sabesp,inferido,IPCA_MAIS,S,Quirografária,N,CIA SANEAMENTO BASICO EST. SP - SABESP,43776517000180,6.6804,0.183,1406.037682,2029-07-15,2028-08-15,-0.41999999999999815,1.6855,ok,,,3,1.6855332058149652,0.001970086915766393,1.5799839575169994,4.55147912677396,1.603047236214139,0.7957193220760495,-0.7843401511483661,-1.5575248727772495,-3.071295595598411,1.6027413531508692,0.7956813276669672,-0.7843026298500323,-1.5572265618831298,-3.0689383324985196,3.9822375927709706,7.964475185541941,corrigido IPCA,0.9554567259739517,12.583743023198494,5.4249584680690965,221.68571967552376,221.68571967552376
2026-10-08,SBSPE3,CIA. DE SANEAMENTO BÁSICO DO ESTADO DE SP - SABESP,CIA SANEAMENTO BASICO EST. SP - SABESP,Sabesp,inferido,IPCA_MAIS,S,Quirografária,N,CIA SANEAMENTO BASICO EST. SP - SABESP,43776517000180,6.9379,0.0932,1179.071653,2035-01-15,2035-05-15,18.02999999999999,6.1295,ok,,,9,6.129487132957837,-0.00020991993088017566,5.731819245522716,45.11659027227164,5.964439301882418,2.923173693041492,-2.8103603693413026,-5.512923605932086,-10.613496212345119,5.9574021968840745,2.9223053606016975,-2.809513884921018,-5.506236294161358,-10.561306685599998,1.6925846974537617,3.3851693949075234,corrigido IPCA,1.0915694146096881,19.40317908708543,5.648112188722365,236.34516839248923,236.34516839248923
2026-10-08,SBSPE9,CIA. DE SANEAMENTO BÁSICO DO ESTADO DE SP - SABESP,CIA SANEAMENTO BASICO EST. SP - SABESP,Sabesp,inferido,IPCA_MAIS,S,Quirografária,N,CIA SANEAMENTO BASICO EST. SP - SABESP,43776517000180,6.7496,0.1878,1251.350701,2031-12-15,2030-08-15,-0.039999999999995595,3.6418,ok,,,6,3.641808439556398,0.0002317413476351394,3.4115429374502555,16.368272615720752,3.4950228038377773,1.7264348306416988,-1.6855106526689423,-3.331284107377297,-6.508167169501711,3.4933843005288594,1.7262318094947788,-1.6853111279554769,-3.3297015743716516,-6.495720422586096,0.027957346010789894,0.05591469202157979,corrigido IPCA,0.9921290344004929,0.19075537266592668,5.440424767353114,210.46370244510663,210.46370244510663
2026-10-08,SBSPF3,CIA. DE SANEAMENTO BÁSICO DO ESTADO DE SP - SABESP,CIA SANEAMENTO BASICO EST. SP - SABESP,Sabesp,inferido,IPCA_MAIS,S,Quirografária,N,CIA SANEAMENTO BASICO EST. SP - SABESP,43776517000180,7.0462,0.1318,1166.671618,2040-01-15,2037-05-15,27.400000000000002,8.0716,ok,,,14,8.07165671580452,0.0007026587605973997,7.540348667962544,80.97346414524048,7.962534576004754,3.8735185684984463,-3.671013382382504,-7.151654503319438,-13.58641790028341,7.945215988688748,3.8713911641628225,-3.6689575037997217,-7.135481347236341,-13.46122805302028,2.223551886024188,4.447103772048376,corrigido IPCA,1.0800896312490185,33.53271300385617,5.687731353658321,252.8976692959991,252.8976692959991
2026-10-08,SBSPF9,CIA. DE SANEAMENTO BÁSICO DO ESTADO DE SP - SABESP,CIA SANEAMENTO BASICO EST. SP - SABESP,Sabesp,inferido,IPCA_MAIS,S,Quirografária,N,CIA SANEAMENTO BASICO EST. SP - SABESP,43776517000180,7.0277,0.1333,1185.813174,2036-12-15,2035-05-15,27.010000000000023,6.9637,ok,,,11,6.963666380432317,-0.00048278311362568127,6.506415049965866,57.04562744231442,6.801495254188605,3.3257286729799107,-3.183081095456153,-6.230502458073472,-11.944446610378346,6.7916431871774385,3.324514559285826,-3.1819004906800403,-6.221186912754295,-11.871917551085444,2.2189431462990923,4.437886292598185,corrigido IPCA,0.9401678353717451,28.874730164198045,5.673989863998319,247.75275079012928,247.75275079012928
2026-10-08,SBSPI8,CIA. DE SANEAMENTO BÁSICO DO ESTADO DE SP - SABESP,CIA SANEAMENTO BASICO EST. SP - SABESP,Sabesp,inferido,IPCA_MAIS,S,Quirografária,N,CIA SANEAMENTO BASICO EST. SP - SABESP,43776517000180,6.8563,0.0656,1000.823736,2036-02-15,2035-05-15,9.870000000000001,7.0878,ok,,,19,7.087825474407369,0.0003594120512617493,6.63304407358983,58.3421358764349,6.934847518636067,3.3906935053008125,-3.2448038767357357,-6.350877150914503,-12.173553175235963,6.924754752972005,3.3894497066404585,-3.243594366949372,-6.3413333942076555,-12.099245429650962,0.8859896392149309,1.7719792784298618,corrigido IPCA,0.971621628782653,11.753616651313179,5.676527446943425,227.65205910377998,227.65205910377998
2026-10-08,SBSPJ8,CIA. DE SANEAMENTO BÁSICO DO ESTADO DE SP - SABESP,CIA SANEAMENTO BASICO EST. SP - SABESP,Sabesp,inferido,IPCA_MAIS,S,Quirografária,N,CIA SANEAMENTO BASICO EST. SP - SABESP,43776517000180,6.954,0.0652,992.639397,2038-02-15,2037-05-15,18.179999999999996,8.0969,ok,,,23,8.09696434885882,0.0007947345134681936,7.570511013013839,77.47487809856726,7.973502084911077,3.884019442651221,-3.690271402466405,-7.197778986076397,-13.705076129159144,7.957885403506676,3.8820991041301287,-3.6884119088837104,-7.183136622521003,-13.591524464056334,1.540176293756484,3.080352587512968,corrigido IPCA,0.963676101603873,23.3198431877326,5.687847984666128,241.07512649495183,241.07512649495183
2026-10-08,SBSPK8,CIA. DE SANEAMENTO BÁSICO DO ESTADO DE SP - SABESP,CIA SANEAMENTO BASICO EST. SP - SABESP,Sabesp,inferido,IPCA_MAIS,S,Quirografária,N,CIA SANEAMENTO BASICO EST. SP - SABESP,43776517000180,7.0069,0.1424,974.055695,2041-02-15,2040-08-15,34.03,9.0102,ok,,,29,9.01021279823092,0.00014204158532843495,8.420216638582112,98.008014390948,8.932891900569429,4.3353953131958445,-4.090275369804031,-7.9512116898651115,-15.04272745293045,8.910256710536851,4.332618337279741,-4.087598301302371,-7.930176566627373,-14.880272989345263,1.8193676500160905,3.638735300032181,corrigido IPCA,0.9456346396042317,30.63893951672704,5.68805266956125,249.23085775388356,249.23085775388356
2026-10-08,SDOM12,USINA SAO DOMINGOS-ACUCAR E ETANOL S/A,USINA SAO DOMINGOS-ACUCAR E ETANOL S/A,Usina Sao,inferido,IPCA_MAIS,S,Real,N,USINA SAO DOMINGOS-ACUCAR E ETANOL S/A,47063128000168,,,,2034-01-15,2031-05-15,,,sem taxa indicativa,,,,,,,,,,,,,,,,,,,,,,,,,
2026-10-08,SERI11,SERRA DO SERIDO F2 HOLDING S.A.,SERRA DO SERIDO F2 HOLDING S.A.,Serra Serido,inferido,IPCA_MAIS,S,Real,N,SERRA DO SERIDO F2 HOLDING S.A.,43386975000102,7.2331,0.3127,1025.035018,2042-04-15,2032-08-15,48.770000000000024,4.8932,ok,,,32,4.893204647071383,9.496998656937871e-05,4.56314761680058,38.90569143273546,4.765083661215397,2.3311165823286073,-2.233823122918843,-4.375558633765076,-8.401981568629235,4.757676073964257,2.3302059226912095,-2.2329416941093707,-4.368619159636903,-8.34818140494645,5.71142654684539,11.42285309369078,corrigido IPCA,1.0111105844614268,52.12416487153822,5.5722125679526835,273.0764543675914,273.0764543675914
2026-10-08,SMTO14,SAO MARTINHO S/A,SAO MARTINHO S/A,Sao Martinho,CVM FRE,IPCA_MAIS,S,Quirografária,N,SAO MARTINHO S/A,51466860000156,7.6499,0.1349,1163.048421,2032-01-15,2032-08-15,90.44999999999996,4.4828,ok,,,11,4.482834341684577,0.0007660766613934142,4.1642717194206185,23.040661413089367,4.282045207342167,2.111254909369764,-2.05364731437494,-4.0515434784531905,-7.887169019617812,4.2794750264860655,2.110936686476671,-2.0533350329439477,-4.049068412355172,-7.867730210579451,10.770776329871554,21.541552659743108,corrigido IPCA,0.9448056358291289,89.70487853337823,5.534803737238558,317.37890423191055,317.37890423191055
2026-10-08,SMTO15,SAO MARTINHO S/A,SAO MARTINHO S/A,Sao Martinho,CVM FRE,IPCA_MAIS,S,Quirografária,N,SAO MARTINHO S/A,51466860000156,7.1159,0.0697,1273.383544,2030-12-15,2029-05-15,43.510000000000026,2.7512,ok,,,5,2.751257134355134,0.002076706714673707,2.5684862231985486,10.095601267865131,2.619824553820549,1.2969693308142904,-1.2717287176162606,-2.5188427689282644,-4.9416380088442295,2.618964229537874,1.2968626131841057,-1.271623610014443,-2.518008216859223,-4.935060421039794,7.6741386022638824,15.348277204527765,corrigido IPCA,1.069846226815105,39.4218385496619,5.340478088637268,254.61865703376643,254.61865703376643
2026-10-08,SMTO24,SAO MARTINHO S/A,SAO MARTINHO S/A,Sao Martinho,CVM FRE,IPCA_MAIS,S,Quirografária,N,SAO MARTINHO S/A,51466860000156,7.865,0.1759,1112.695466,2037-01-15,2035-05-15,110.74000000000001,6.9306,ok,,,21,6.930667440467403,0.0009730826682046402,6.425316312490059,55.65442437679749,6.713128872128271,3.283401990357615,-3.144233655335449,-6.156067873856063,-11.807811128701795,6.703588434374047,3.2822261867160267,-3.1430901257740325,-6.147044190606072,-11.737544137444168,8.770756110994672,17.541512221989343,corrigido IPCA,0.9039012796914261,112.70976462569186,5.673264761285024,346.3678832012053,346.3678832012053
2026-10-08,SPRZ11,ESPERANZA TRANSMISSORA DE ENERGIA S.A,ARGO VI TRANSMISSAO DE ENERGIA S.A,Argo,CVM FRE,IPCA_MAIS,S,Real,N,ARGO VI TRANSMISSAO DE ENERGIA S.A,20514555000169,7.0318,0.1535,601.171292,2030-09-15,2028-08-15,34.72,1.8692,ok,,,8,1.8692455804647357,0.002438501216332329,1.746439451139508,5.8736138792486505,1.7762627562924793,0.8806182406665641,-0.8659334091625892,-1.7175138641669419,-3.3788974719334397,1.7758075205357513,0.8805617429188148,-0.8658777082206932,-1.7170713817432646,-3.375406624694043,12.825577238704541,25.651154477409083,corrigido IPCA,1.000324149052138,44.79818814662105,5.369580858587741,259.42332617768744,259.42332617768744
2026-10-08,SRBS11,SRBT SUBHOLDING S.A,SRBT SUBHOLDING S.A,Srbt Subholding,inferido,IPCA_MAIS,S,Quirografária,N,SRBT SUBHOLDING S.A,61741462000154,6.8085,0.0801,1087.363031,2049-12-15,2037-05-15,3.6300000000000665,8.2332,ok,,,46,8.233247664261212,0.0005789275277136683,7.7084198956648695,95.37731978103905,8.211371025936653,3.976614517670307,-3.7380299077510615,-7.255333670706343,-13.69166144628694,8.185306494570064,3.9734315975587338,-3.7349882981061358,-7.231533296759675,-13.509293395708957,0.8046804574421488,1.6093609148842976,corrigido IPCA,0.9809162950012134,12.405629695599538,5.688356954956286,226.9960104268575,226.9960104268575
2026-10-08,SRNA11,SERENA ENERGIA S.A,SERENA ENERGIA S.A,Serena,CVM FRE,IPCA_MAIS,S,Real,N,SERENA ENERGIA S.A,42500384000151,8.2868,0.0876,1068.276665,2035-03-15,2033-05-15,155.55999999999992,5.6548,ok,,,17,5.6547960149806435,-7.04714464928642e-05,5.22205477951204,37.19811105050655,5.413370367879811,2.658182694713185,-2.5651719976036325,-5.041142396437692,-9.73984524303183,5.408045334764573,2.657525028569153,-2.564529750942887,-5.0360642242595075,-9.700147338013949,14.741070953690146,29.482141907380292,corrigido IPCA,1.003043976238204,153.95736005768748,5.625040990287311,394.3378815262376,394.3378815262376
2026-10-08,SRTI11,SERTÃO I SOLAR ENERGIA SPE S.A.,SERTAO I SOLAR ENERGIA SPE S.A.,Isolada (a identificar),,IPCA_MAIS,S,Real,N,SERTAO I SOLAR ENERGIA SPE S.A.,23907723000174,6.9576,0.1088,773.631986,2032-12-15,2029-05-15,27.68000000000006,2.8575,ok,,,13,2.8575441305979026,0.0015443778793577392,2.6716606679636627,12.64807448528657,2.736214449818508,1.3518030907893275,-1.320179957209544,-2.609686523049748,-5.1003101622130735,2.734901040390096,1.3516404270884397,-1.3200202408752233,-2.60842029553723,-5.090359846221594,4.940492340599805,9.88098468119961,corrigido IPCA,1.0262069561697171,26.398638133512467,5.349905281571599,239.25142843945181,239.25142843945181
2026-10-08,STBP35,SANTOS BRASIL PARTICIPAÇÕES S/A,SANTOS BRASIL PARTICIPACOES S/A,Santos Brasil,CVM FRE,IPCA_MAIS,S,Quirografária,N,SANTOS BRASIL PARTICIPACOES S/A,02762121000104,6.833,0.1065,1086.848051,2034-08-15,2033-05-15,10.179999999999989,5.5592,ok,,,16,5.559218544185668,0.00033357651582844114,5.2036529388725095,35.9714054452131,5.388487301978628,2.6474056833409643,-2.5574631959363936,-5.028549534694893,-9.725064741292421,5.3835099660985755,2.6467907262427715,-2.5568622126297385,-5.023795911646444,-9.687877768840758,0.7823976854717192,1.5647953709434383,corrigido IPCA,0.9862441522090012,8.142652030743921,5.619533987646408,222.73879924116594,222.73879924116594
2026-10-08,STBP45,SANTOS BRASIL PARTICIPAÇÕES S/A,SANTOS BRASIL PARTICIPACOES S/A,Santos Brasil,CVM FRE,IPCA_MAIS,S,Quirografária,N,SANTOS BRASIL PARTICIPACOES S/A,02762121000104,7.0215,0.0999,1071.492338,2039-08-15,2037-05-15,24.929999999999986,8.2663,ok,,,26,8.266297064786315,-3.5508192111969575e-05,7.723959264994711,81.62993360662956,8.149196992202889,3.9661169427648746,-3.7619730104214266,-7.331791127020237,-13.939111516129232,8.13210893302786,3.964017049505643,-3.759942215489069,-7.315809596961564,-13.815319857856833,1.9805907252941382,3.9611814505882763,corrigido IPCA,0.9723098407631614,30.596004165596504,5.688451229551905,249.52228692022535,249.52228692022535
2026-10-08,STRZ11,VENTOS DE SANTA TEREZA 07 ENERGIAS RENOVAVEIS S.A.,VENTOS DE SANTA TEREZA 07 ENERGIAS RENOVAVEIS S.A.,Isolada (a identificar),,IPCA_MAIS,S,Real,N,VENTOS DE SANTA TEREZA 07 ENERGIAS RENOVAVEIS S.A.,37020274000152,7.2843,0.0788,1036.769445,2039-03-15,2033-05-15,55.309999999999974,5.4701,ok,,,25,5.470087994515278,-0.00021947468460903918,5.09868451815902,41.211660324153904,5.31184806588374,2.601731968794163,-2.498677788220094,-4.899330680677172,-9.425287286043194,5.30474281977979,2.6008568344847025,-2.497827683674318,-4.892626216538251,-9.373135829834963,5.473172350937471,10.946344701874942,corrigido IPCA,0.9866734974297161,55.81195826188178,5.614120725377214,278.3471646196934,278.3471646196934
2026-10-08,SUMI17,GIGA MAIS FIBRA TELECOMUNICACOES S.A.,GIGA MAIS FIBRA TELECOMUNICACOES S.A.,Giga Mais,CVM FRE,IPCA_MAIS,S,Real,N,GIGA MAIS FIBRA TELECOMUNICACOES S.A.,07714104000107,13.7248,0.5064,925.060199,2031-07-15,2030-08-15,697.48,3.5319,ok,,,10,3.5318846578540426,-0.0004343878919907148,3.1056415644204627,13.664986245650127,3.175217352647497,1.5700571222487136,-1.5358922123746788,-3.038528365360893,-5.9475273984643025,3.1739664956487132,1.5699020150172942,-1.5357395494031687,-3.037316633192212,-5.937983403927923,112.4578392470994,224.9156784941988,corrigido IPCA,0.8392618711603086,698.5074796214133,5.426985526456951,1031.7829839872672,1031.7829839872672
2026-10-08,SUMI18,GIGA MAIS FIBRA TELECOMUNICACOES S.A.,GIGA MAIS FIBRA TELECOMUNICACOES S.A.,Giga Mais,CVM FRE,IPCA_MAIS,S,Quirografária,N,GIGA MAIS FIBRA TELECOMUNICACOES S.A.,07714104000107,13.8889,0.5188,953.5878,2031-10-15,2030-08-15,713.89,3.5676,ok,,,11,3.5676243737067455,0.0006831961751696066,3.1325479249573447,14.330378121899626,3.2055580743985956,1.5843553185247883,-1.548526639081793,-3.062210527933784,-5.988836795747554,3.204199815566843,1.584186935131047,-1.5483609898262978,-3.060896034347847,-5.978488287476697,114.07456543457279,228.14913086914558,corrigido IPCA,0.8735051481801783,714.6880864849636,5.431361862139195,1050.9264380634415,1050.9264380634415
2026-10-08,SUMI19,GIGA MAIS FIBRA TELECOMUNICACOES S.A.,GIGA MAIS FIBRA TELECOMUNICACOES S.A.,Giga Mais,CVM FRE,IPCA_MAIS,S,Quirografária,N,GIGA MAIS FIBRA TELECOMUNICACOES S.A.,07714104000107,13.9783,0.917,944.102698,2032-04-15,2031-05-15,724.0300000000001,3.7953,ok,,,12,3.7953089584586315,0.00023604085662157058,3.3298522249047684,16.338144143341896,3.4131943768053397,1.6855534213553458,-1.6447045470074806,-3.2497566848124104,-6.345488298466639,3.411542945621478,1.6853487926315616,-1.6445034322732068,-3.248161504188059,-6.332941566942699,108.65098252179445,217.3019650435889,corrigido IPCA,0.8943704145232205,723.5834317765726,5.458981061102919,1061.8724524921072,1061.8724524921072
2026-10-08,SUMI37,GIGA MAIS FIBRA TELECOMUNICACOES S.A.,GIGA MAIS FIBRA TELECOMUNICACOES S.A.,Giga Mais,CVM FRE,IPCA_MAIS,S,Real,N,GIGA MAIS FIBRA TELECOMUNICACOES S.A.,07714104000107,13.4266,0.665,878.428705,2034-07-15,2032-08-15,668.12,4.9742,ok,,,16,4.974185132054489,-0.00029890124060774956,4.385377973116086,27.38229966618599,4.525759827892517,2.227346013115894,-2.1588812458287254,-4.251792461574466,-8.249172073041999,4.522289471447015,2.2269168611407753,-2.1584611119753103,-4.248466474785156,-8.223109952908452,76.19072082431506,152.38144164863013,corrigido IPCA,0.7969554049364975,668.2502177175767,5.578839238446309,998.737268858699,998.737268858699
2026-10-08,SUZB19,SUZANO S.A.,SUZANO S.A.,Suzano,CVM FRE,IPCA_MAIS,S,Quirografária,N,SUZANO S.A.,16404287000155,6.321,0.0672,1163.556002,2030-06-15,2030-08-15,-42.90000000000003,3.2688,ok,,,8,3.2688343985182957,0.001052328631166305,3.0744955357063004,13.062447794323058,3.1409657497478705,1.5537194460829795,-1.5210611191772583,-3.010305937133817,-5.896587783127439,3.1398077746779154,1.553575827596054,-1.5209197081102463,-3.009183296734685,-5.88774211552614,-6.866939848456183,-13.733879696912366,corrigido IPCA,1.0097578880673839,-42.22475181608447,5.395003496172968,159.74627821321397,159.74627821321397
2026-10-08,SUZB29,SUZANO S.A.,SUZANO S.A.,Suzano,CVM FRE,IPCA_MAIS,S,Quirografária,N,SUZANO S.A.,16404287000155,6.5092,0.1349,1159.650434,2033-06-15,2033-05-15,-22.200000000000042,5.4345,ok,,,14,5.43452380485182,0.00043803205116217035,5.1023984828088285,34.47129361529992,5.279379737963019,2.5948599850406096,-2.5086691937617256,-4.934465772096274,-9.550002869808228,5.274754950885328,2.5942883584235394,-2.5081101243852895,-4.930042014732329,-9.515371093311659,-2.389941844096666,-4.779883688193332,corrigido IPCA,1.00636856274698,-24.388871278640327,5.611884497522368,184.37484287397075,184.37484287397075
2026-10-08,SUZBA0,SUZANO S.A.,SUZANO S.A.,Suzano,CVM FRE,IPCA_MAIS,S,Quirografária,N,SUZANO S.A.,16404287000155,6.8699,0.1632,1095.863344,2038-09-15,2037-05-15,9.770000000000056,7.9688,ok,,,24,7.968779846798001,-0.0002529013402114973,7.4565240978030305,74.50492773637528,7.843744514310913,3.8232008207381485,-3.636882198353908,-7.0977936593827895,-13.529980024840672,7.829048736484906,3.821393208571984,-3.635130889231046,-7.083999459121154,-13.422949640878553,0.9749204730394148,1.9498409460788295,corrigido IPCA,0.9539278822670307,14.539036001319852,5.68718226091367,230.79023270329867,230.79023270329867
2026-10-08,SUZBC1,SUZANO S.A.,SUZANO S.A.,Suzano,CVM FRE,IPCA_MAIS,S,Quirografária,N,SUZANO S.A.,16404287000155,6.6285,0.1168,1099.354424,2036-05-15,2035-05-15,-12.910000000000021,6.8787,ok,,,20,6.878746103617107,0.000670237357452821,6.451132768084618,55.82133302824616,6.7397497180056165,3.296515277822065,-3.1569300310739012,-6.1810254050820745,-11.855930994742481,6.73023943322585,3.2953430503276175,-3.155789717757002,-6.172026102943389,-11.785838875604316,-0.8686702439383767,-1.7373404878767533,corrigido IPCA,0.9904108002393643,-11.207814150661841,5.672079384400264,200.5958914077311,200.5958914077311
2026-10-08,TAEE17,TRANS. ALIANÇA DE ENERGIA ELÉTRICA S/A,TRANSMISSORA ALIANCA DE ENERGIA ELETRICA S/A,Taesa (Cemig + ISA),CVM FRE,IPCA_MAIS,S,Quirografária,N,TRANSMISSORA ALIANCA DE ENERGIA ELETRICA S/A,07859971000130,6.8046,0.0918,1477.970458,2044-09-15,2037-05-15,3.2399999999999984,7.2333,ok,,,36,7.233307276681728,0.00010059975015947684,6.772467924304504,74.6622768215158,7.163407382817577,3.4817219961478907,-3.2949840655383644,-6.415467362743776,-12.177416220488468,7.145779308412083,3.479561808179147,-3.2929061161253568,-6.399156540196925,-12.051690312178692,0.7967534772310043,1.5935069544620086,corrigido IPCA,0.8512899284045976,10.791974736250113,5.679135294338589,225.58808687441112,225.58808687441112
2026-10-08,TAEE18,TRANS. ALIANÇA DE ENERGIA ELÉTRICA S/A,TRANSMISSORA ALIANCA DE ENERGIA ELETRICA S/A,Taesa (Cemig + ISA),CVM FRE,IPCA_MAIS,S,Real,N,TRANSMISSORA ALIANCA DE ENERGIA ELETRICA S/A,07859971000130,6.5658,0.1182,1188.781406,2039-12-15,2032-08-15,-17.959999999999976,5.144,ok,,,27,5.14397002909805,-0.0005826380628003314,4.827036468640079,38.65300370199,5.026943702484243,2.462652579971336,-2.3659966511980213,-4.6400386644676495,-8.929762245742767,5.0203014871500296,2.461834488947527,-2.3652019796925523,-4.633771450130129,-8.88101286324036,-1.6296779833739494,-3.259355966747899,corrigido IPCA,0.9288389362411719,-15.733030115771749,5.5919317048844785,193.81280286533706,193.81280286533706
2026-10-08,TAEE26,TRANS. ALIANÇA DE ENERGIA ELÉTRICA S/A,TRANSMISSORA ALIANCA DE ENERGIA ELETRICA S/A,Taesa (Cemig + ISA),CVM FRE,IPCA_MAIS,S,Real,N,TRANSMISSORA ALIANCA DE ENERGIA ELETRICA S/A,07859971000130,6.7615,0.247,1343.968415,2044-05-15,2037-05-15,-1.0699999999999932,7.974,ok,,,36,7.973990863680864,-0.00011457636237653711,7.468976048182973,81.74120454535789,7.896295856502067,3.838947205755705,-3.6345104333449063,-7.077542236688306,-13.43644062535575,7.877682070909761,3.836664529773184,-3.6323115184097885,-7.060270025456184,-13.303128005458786,0.36134962766935624,0.7226992553387125,corrigido IPCA,0.9280767435275158,5.397823428164513,5.687213035310568,219.51589429292838,219.51589429292838
2026-10-08,TAEEA2,TRANS. ALIANÇA DE ENERGIA ELÉTRICA S/A,TRANSMISSORA ALIANCA DE ENERGIA ELETRICA S/A,Taesa (Cemig + ISA),CVM FRE,IPCA_MAIS,S,Quirografária,N,TRANSMISSORA ALIANCA DE ENERGIA ELETRICA S/A,07859971000130,6.8327,0.2704,1198.888105,2036-05-15,2035-05-15,7.5099999999999945,6.8382,ok,,,20,6.838206820075879,9.97349577250561e-05,6.400855562085278,53.722611080621995,6.678333969320138,3.268674213065359,-3.1343387464994987,-6.140644522342065,-11.792747018308415,6.669468617488388,3.267581044893417,-3.1332745171918615,-6.132242506682168,-11.727258902558116,0.6884089132109464,1.3768178264218929,corrigido IPCA,0.8899697460032565,8.812812042230735,5.671115318518782,224.18798541458057,224.18798541458057
2026-10-08,TAEEA4,TRANSMISSORA ALIANÇA DE ENERGIA ELÉTRICA S.A.,TRANSMISSORA ALIANCA DE ENERGIA ELETRICA S/A,Taesa (Cemig + ISA),CVM FRE,IPCA_MAIS,S,Quirografária,N,TRANSMISSORA ALIANCA DE ENERGIA ELETRICA S/A,07859971000130,6.7604,0.1548,1098.156693,2033-09-15,2033-05-15,2.919999999999945,5.7277,ok,,,14,5.727739052933734,0.0006818257544014367,5.365040832493822,37.36434546666422,5.557013715340342,2.729862360445101,-2.6364371825227217,-5.183141099486532,-10.021307405538948,5.551862559827143,2.729225848080241,-2.6358149844135808,-5.178219105160501,-9.982794755654359,0.06304814832491767,0.12609629664983535,corrigido IPCA,0.9569177688381877,0.6765117803526205,5.629041392021139,214.1328056097142,214.1328056097142
2026-10-08,TAEEA7,TRANSMISSORA ALIANÇA DE ENERGIA ELÉTRICA S.A.,TRANSMISSORA ALIANCA DE ENERGIA ELETRICA S/A,Taesa (Cemig + ISA),CVM FRE,IPCA_MAIS,S,Quirografária,N,TRANSMISSORA ALIANCA DE ENERGIA ELETRICA S/A,07859971000130,6.7918,0.067,1250.094039,2040-01-15,2037-05-15,1.9600000000000506,7.673,ok,,,25,7.673000704765841,9.185010312026516e-06,7.1850092467453885,76.34779202408893,7.583097659825544,3.6899476190982883,-3.499010432048577,-6.818535459461417,-12.961213637232294,7.566748206865833,3.6879393634028057,-3.497069883342583,-6.803270286624944,-12.843062653009,0.5773426464756253,1.1546852929512506,corrigido IPCA,1.1564365596090496,8.296424506935644,5.6848776740173745,223.1481065675716,223.1481065675716
2026-10-08,TAEEA8,TRANSMISSORA ALIANÇA DE ENERGIA ELÉTRICA S.A.,TRANSMISSORA ALIANCA DE ENERGIA ELETRICA S/A,Taesa (Cemig + ISA),CVM FRE,IPCA_MAIS,S,Quirografária,N,TRANSMISSORA ALIANCA DE ENERGIA ELETRICA S/A,07859971000130,6.4736,0.0787,1170.265878,2032-07-15,2031-05-15,-26.44000000000002,4.321,ok,,,9,4.320992442716418,-0.00017489663462249734,4.058275894415534,22.150960975636547,4.1715173774847125,2.057134485755263,-2.001751245894179,-3.9499143248510338,-7.692323472312001,4.1690306992937165,2.0568266484273128,-2.0014492459882214,-3.9475210895373514,-7.673532569318336,-3.4685354731418,-6.9370709462836,corrigido IPCA,1.116058618145947,-28.15254779915309,5.51832484757544,178.44587357404123,178.44587357404123
2026-10-08,TAEEB0,TRANSMISSORA ALIANÇA DE ENERGIA ELÉTRICA S.A.,TRANSMISSORA ALIANCA DE ENERGIA ELETRICA S/A,Taesa (Cemig + ISA),CVM FRE,IPCA_MAIS,S,Quirografária,N,TRANSMISSORA ALIANCA DE ENERGIA ELETRICA S/A,07859971000130,6.6977,0.0824,1066.290763,2040-12-15,2050-08-15,6.630000000000003,11.7849,ok,,,4,11.784881028494336,-0.0001609814734466263,11.045112526787678,133.28665168388164,11.741683263485525,5.692864618984461,-5.359519763708498,-10.40676326059986,-19.641656360783188,11.711545785207086,5.6891645779986915,-5.355947948788987,-10.378679268368272,-19.424492019897723,-0.050958953798394976,-0.10191790759678995,corrigido IPCA,1.0252822962201669,-1.125694757901294,5.666062480901624,211.66328137629773,211.66328137629773
2026-10-08,TAEEB2,TRANS. ALIANÇA DE ENERGIA ELÉTRICA S/A,TRANSMISSORA ALIANCA DE ENERGIA ELETRICA S/A,Taesa (Cemig + ISA),CVM FRE,IPCA_MAIS,S,Quirografária,N,TRANSMISSORA ALIANCA DE ENERGIA ELETRICA S/A,07859971000130,6.4566,0.1209,1215.007224,2029-04-15,2029-05-15,-22.419999999999973,2.2946,ok,,,6,2.294564374657056,-0.001552573125777963,2.1553988899298457,6.951253869948553,2.1906460096595026,1.0864494729368124,-1.0690705616919094,-2.1211210410579384,-4.17555211052859,2.1901551592795885,1.0863885123023587,-1.0690103776274873,-2.120642620580103,-4.1717727024607205,-5.901171360591067,-11.802342721182134,corrigido IPCA,1.0078617741147768,-25.43875639980757,5.322429236524351,177.73671840704392,177.73671840704392
2026-10-08,TAEEB4,TRANSMISSORA ALIANÇA DE ENERGIA ELÉTRICA S.A.,TRANSMISSORA ALIANCA DE ENERGIA ELETRICA S/A,Taesa (Cemig + ISA),CVM FRE,IPCA_MAIS,S,Quirografária,N,TRANSMISSORA ALIANCA DE ENERGIA ELETRICA S/A,07859971000130,6.9278,0.2664,1089.029697,2035-09-15,2035-05-15,17.020000000000035,6.9262,ok,,,18,6.926199208402626,-1.1429028521100858e-05,6.477454140459849,55.048892672399504,6.7618952152815215,3.3086720645422396,-3.171019554644572,-6.21092150775392,-11.921817775757425,6.7526986038218455,3.3075381860704236,-3.169915954389425,-6.2022096770978505,-11.853930427471706,1.4312593022814744,2.8625186045629487,corrigido IPCA,0.9489646418508491,18.541832987269622,5.673164901807537,235.64671775572276,235.64671775572276
2026-10-08,TAEEB8,TRANSMISSORA ALIANÇA DE ENERGIA ELÉTRICA S.A.,TRANSMISSORA ALIANCA DE ENERGIA ELETRICA S/A,Taesa (Cemig + ISA),CVM FRE,IPCA_MAIS,S,Quirografária,N,TRANSMISSORA ALIANCA DE ENERGIA ELETRICA S/A,07859971000130,6.5377,0.0779,1170.233734,2035-07-15,2033-05-15,-19.350000000000023,5.8488,ok,,,15,5.84879061193901,-0.00016051260070329618,5.489878805285837,40.87373274046247,5.700398180772259,2.7967907573928974,-2.694587766595724,-5.291362121750797,-10.207979698427838,5.6942474689881495,2.7960315685684964,-2.6938472367173407,-5.285510141583525,-10.162282955762425,-1.9376845261895892,-3.8753690523791784,corrigido IPCA,1.1160279687975967,-21.27530642331711,5.635304414895681,188.30629146932947,188.30629146932947
2026-10-08,TAEEC2,TRANS. ALIANÇA DE ENERGIA ELÉTRICA S/A,TRANSMISSORA ALIANCA DE ENERGIA ELETRICA S/A,Taesa (Cemig + ISA),CVM FRE,IPCA_MAIS,S,Quirografária,N,TRANSMISSORA ALIANCA DE ENERGIA ELETRICA S/A,07859971000130,6.5696,0.1195,1202.004314,2032-04-15,2031-05-15,-16.84000000000001,3.8773,ok,,,12,3.877324897714064,0.0006421405118051316,3.638302947288968,18.426474172179102,3.7323677186961612,1.8424239170975243,-1.7963534435327055,-3.548034333156813,-6.922725048271561,3.730435318149864,1.8421845663597078,-1.7961183809292605,-3.5461705764280724,-6.9080764111343544,-2.494560613587389,-4.989121227174778,corrigido IPCA,0.9970760189905609,-18.151934465211948,5.468727896766912,189.38088037526245,189.38088037526245
2026-10-08,TAEEC4,TRANSMISSORA ALIANÇA DE ENERGIA ELÉTRICA S.A.,TRANSMISSORA ALIANCA DE ENERGIA ELETRICA S/A,Taesa (Cemig + ISA),CVM FRE,IPCA_MAIS,S,Quirografária,N,TRANSMISSORA ALIANCA DE ENERGIA ELETRICA S/A,07859971000130,6.8073,0.0757,1106.869063,2038-09-15,2037-05-15,3.509999999999991,7.9579,ok,,,24,7.957937455653078,0.0004706725779134959,7.450743025666858,74.44057323136609,7.837631977839776,3.820228639435941,-3.634070922247268,-7.092324970830366,-13.519631086575124,7.822945891823689,3.8184222293726373,-3.6323207962942217,-7.078540159510029,-13.412674586706396,0.5553905123544898,1.1107810247089795,corrigido IPCA,0.9645096188606826,8.276143972893516,5.687117195280367,223.42147220130317,223.42147220130317
2026-10-08,TAEED2,TRANSMISSORA ALIANÇA DE ENERGIA ELÉTRICA S.A.,TRANSMISSORA ALIANCA DE ENERGIA ELETRICA S/A,Taesa (Cemig + ISA),CVM FRE,IPCA_MAIS,S,Quirografária,N,TRANSMISSORA ALIANCA DE ENERGIA ELETRICA S/A,07859971000130,6.7168,0.0663,1168.891037,2037-04-15,2035-05-15,-4.079999999999995,7.1161,ok,,,22,7.116074957085334,-0.00035191909425709065,6.668186224741871,60.06412771204,6.9791729248984025,3.4104871980986884,-3.260289673661987,-6.377935927597733,-12.213441176859474,6.968506863302071,3.4091732720109853,-3.259012952730885,-6.36786558618167,-12.135089895242942,-0.15434865435065231,-0.30869730870130463,corrigido IPCA,0.9696081226898768,-2.058451141496928,5.677063951836847,211.35587692581427,211.35587692581427
2026-10-08,TBEG11,TIBAGI ENERGIA SPE S/A,TIBAGI ENERGIA SPE S/A,Isolada (a identificar),,IPCA_MAIS,S,Real,N,TIBAGI ENERGIA SPE S/A,23080281000135,7.8,0.1094,988.517221,2035-07-15,2031-05-15,106.19999999999993,4.1281,ok,,,18,4.128110469592461,0.00025361770454752073,3.8294160200301124,23.902155315826107,3.9521164754533933,1.9449798190654954,-1.88521552769626,-3.7129523877181825,-7.204629906497784,3.948926796609243,1.944585704159839,-1.8848303158702735,-3.7099052434509816,-7.1807889337437025,14.021059877611885,28.04211975522377,corrigido IPCA,0.9181452841892412,107.38494262625679,5.497497854631339,337.34701925390453,337.34701925390453
2026-10-08,TCII11,AES TUCANO HOLDING II S.A,TUCANO HOLDING II S.A,Tucano Holding,inferido,IPCA_MAIS,S,Quirografária,N,TUCANO HOLDING II S.A,34623550000189,7.1964,0.1098,1206.97236,2041-09-15,2033-05-15,46.51999999999994,6.0434,ok,,,30,6.0434034355162565,5.684740802142943e-05,5.637692530268048,53.62532341721927,5.916746402309392,2.887220472577101,-2.7531125420182767,-5.379778566292515,-10.281964250557508,5.905819147354144,2.885877919405548,-2.7518146108624997,-5.369565913181951,-10.202878592191711,4.321382505242569,8.642765010485139,corrigido IPCA,0.9497786853614384,48.72525174047411,5.644430110346188,270.13085538568146,270.13085538568146
2026-10-08,TEPA11,BRASIL TECNOLOGIA E PARTICIPACAO S.A.,BRASIL TECNOLOGIA E PARTICIPACAO S.A.,Brasil Tecnologia,CVM FRE,IPCA_MAIS,S,Real,N,BRASIL TECNOLOGIA E PARTICIPACAO S.A.,35764708000101,,,,2030-03-15,,,,sem taxa indicativa,,,,,,,,,,,,,,,,,,,,,,,,,
2026-10-08,TEPA12,BRASIL TECNOLOGIA E PARTICIPACAO S.A.,BRASIL TECNOLOGIA E PARTICIPACAO S.A.,Brasil Tecnologia,CVM FRE,IPCA_MAIS,S,Real,N,BRASIL TECNOLOGIA E PARTICIPACAO S.A.,35764708000101,,,806.351033,2031-07-15,,,,sem taxa indicativa,,,,,,,,,,,,,,,,,,,,,,,,,
2026-10-08,TEPA13,BRASIL TECNOLOGIA E PARTICIPACAO S.A.,BRASIL TECNOLOGIA E PARTICIPACAO S.A.,Brasil Tecnologia,CVM FRE,IPCA_MAIS,S,Real,N,BRASIL TECNOLOGIA E PARTICIPACAO S.A.,35764708000101,,,,2032-03-15,,,,sem taxa indicativa,,,,,,,,,,,,,,,,,,,,,,,,,
2026-10-08,TIET18,AES TIETE ENERGIA S/A,AUREN OPERACOES S.A.,Auren,CVM FRE,IPCA_MAIS,S,Real,N,AUREN OPERACOES S.A.,00194724000113,7.0556,0.1126,787.607535,2030-05-15,2028-08-15,37.100000000000044,1.935,ok,,,8,1.971036951915037,1.862374775970903,1.8411339079086353,6.396359923784557,1.8736150124342599,0.9286243721967846,-0.9126326011009489,-1.8096374661396686,-3.5581698610746004,1.8731157075275582,0.9285624038590484,-0.912571504049587,-1.8091521082897126,-3.5543406173415795,11.387670475637417,22.775340951274835,corrigido IPCA,1.0044759476306435,41.93245248957221,5.3496521194899005,256.49715113660034,256.49715113660034
2026-10-08,TIET29,AES TIETE ENERGIA S/A,AUREN OPERACOES S.A.,Auren,CVM FRE,IPCA_MAIS,S,Quirografária,N,AUREN OPERACOES S.A.,00194724000113,7.1137,0.1171,1441.56657,2029-03-15,2028-08-15,42.910000000000004,1.352,ok,,,5,1.3520453619351382,0.0033551727173191655,1.2622525054546134,3.335508266340285,1.2791397544583916,0.635321695268698,-0.6269826175715143,-1.2457797577600238,-2.4594141972266725,1.2789300467863147,0.635295638060232,-0.6269568673943814,-1.2455749641229121,-2.4577948455824212,26.12071093598047,52.24142187196094,corrigido IPCA,0.9726771455363246,65.94186564639413,5.616882844663906,285.9403078350257,285.9403078350257
2026-10-08,TIET39,AES TIETE ENERGIA S/A,AUREN OPERACOES S.A.,Auren,CVM FRE,IPCA_MAIS,S,Quirografária,N,AUREN OPERACOES S.A.,00194724000113,7.0592,0.1135,1476.525357,2029-03-15,2028-08-15,37.46000000000001,1.3412,ok,,,3,1.3412268265909553,0.0020001931818759344,1.2527898831589954,3.3110355205247726,1.2695533927633118,0.6305596220832044,-0.6222817281672621,-1.2364381523039536,-2.4409677405314967,1.2693450607616192,0.6305337359801537,-0.6222561471788417,-1.2362347055563716,-2.439359055907495,24.325215130791275,48.65043026158255,corrigido IPCA,0.9962651011724413,60.94876684304286,5.625737296274047,280.13995708964825,280.13995708964825
2026-10-08,TIMS12,TIM S.A.,TIM S.A.,Tim,CVM FRE,IPCA_MAIS,S,Quirografária,N,TIM S.A.,02421421000111,4.9217,0.1013,893.216359,2028-06-15,2027-05-15,-53.479999999999976,1.1333,ok,,,4,1.1321701843796208,-0.09969254569656498,1.0790619903981928,2.4312129431817304,1.0913529072204664,0.5425867769963455,-0.5365085656777846,-1.067037914437674,-2.110544534141856,1.0912180551141015,0.5425700113780736,-0.5364919790201192,-1.0669059256822842,-2.1094997219327514,-64.65605464342951,-129.31210928685903,sem correção,1.0016149380188055,-139.53578202966676,5.840698370346509,45.04965848626745,45.04965848626745
2026-10-08,TNHL11,TUCANO HOLDING III S.A,TUCANO HOLDING III S.A,Tucano Holding,inferido,IPCA_MAIS,S,Quirografária,N,TUCANO HOLDING III S.A,35714529000151,7.1703,0.1162,1173.259864,2041-09-15,2033-05-15,43.90999999999998,5.9215,ok,,,30,5.921478154710531,-0.0003689147930239571,5.525297731470874,51.85057349918542,5.795022716872467,2.828748803150938,-2.699079769809487,-5.275834769565524,-10.089405987776622,5.784550598966801,2.8274620826094186,-2.697835648861455,-5.266044863974947,-10.013583992958038,4.1762766780821865,8.352553356164373,corrigido IPCA,0.9827155625487928,46.15034411080445,5.638846026507194,267.0307331803531,267.0307331803531
2026-10-08,TPEN11,TPE - TRANSMISSORA PARAÍSO DE ENERGIA S.A.,TPE  - TRANSMISSORA PARAISO DE ENERGIA S.A.,Isolada (a identificar),,IPCA_MAIS,S,Quirografária,N,TPE  - TRANSMISSORA PARAISO DE ENERGIA S.A.,26796739000145,6.4956,0.101,971.406417,2028-09-15,2028-08-15,-18.900000000000006,1.6151,ok,,,4,1.6168110364150508,0.10593996749741631,1.5181951521143133,3.968535275373337,1.5382782635613212,0.7640881275834399,-0.754166451391336,-1.4985875002219706,-2.9588788478253303,1.53803782849118,0.7640582451513733,-0.75413690696294,-1.4983524757374467,-2.9570195987211596,-2.563074185170837,-5.126148370341674,sem correção,1.004853370884279,-7.782493604871418,5.453506127015761,198.28856059313554,198.28856059313554
2026-10-08,TPNO12,MATRINCHA TRANSMISSORA DE ENERGIA  TP NORTE SA,MATRINCHA TRANSMISSORA DE ENERGIA TP NORTE S/A,Isolada (a identificar),,IPCA_MAIS,S,Real,N,MATRINCHA TRANSMISSORA DE ENERGIA TP NORTE S/A,15286382000139,6.4577,0.5768,639.913672,2029-06-15,2028-08-15,-22.689999999999966,1.3468,ok,,,6,1.3468016897382826,0.0001254631929483694,1.2651050039013456,3.495323685228246,1.2828103125611667,0.6369500662695149,-0.6282114103997372,-1.247851526620558,-2.4620672329127458,1.2825816223274868,0.6369216565572081,-0.6281833473441375,-1.2476283854752044,-2.4603035340981263,-0.858133555222215,-1.71626711044443,corrigido IPCA,1.0386223211752483,-2.171258109454552,5.621149862936936,206.29732926157712,206.29732926157712
2026-10-08,TPNO13,MATRINCHA TRANSMISSORA DE ENERGIA  TP NORTE SA,MATRINCHA TRANSMISSORA DE ENERGIA TP NORTE S/A,Isolada (a identificar),,IPCA_MAIS,S,Quirografária,N,MATRINCHA TRANSMISSORA DE ENERGIA TP NORTE S/A,15286382000139,6.7386,0.0509,1146.842156,2038-12-15,2035-05-15,-1.9000000000000128,6.6242,ok,,,25,6.624235281211337,0.0005326109015025911,6.20603538102555,57.08146493299016,6.50220276063056,3.175693539948199,-3.0329496079522733,-5.930743280568351,-11.348983951061431,6.491442705690501,3.174369521679013,-3.0316658593465373,-5.9206280563605995,-11.270441463391297,0.10394388405635042,0.20788776811270085,corrigido IPCA,0.9053625753638405,1.2901588441898566,5.665440479939043,214.91867364237686,214.91867364237686
2026-10-08,TRCC11,TCC - TRANSMISSORA CAMINHO DO CAFÉ S.A.,TCC - TRANSMISSORA CAMINHO DO CAFE S/A,Isolada (a identificar),,IPCA_MAIS,S,Quirografária,N,TCC - TRANSMISSORA CAMINHO DO CAFE S/A,26796760000140,6.511,0.1478,971.179585,2028-09-15,2028-08-15,-17.359999999999953,1.615,ok,,,4,1.616772000414355,0.1097213878857648,1.517938992605792,3.9672670646645876,1.538015650282265,0.7639584485826134,-0.7540399431224643,-1.4983375723605086,-2.9583910305397754,1.537775327929115,0.7639285801337268,-0.7540104124720652,-1.4981026572824692,-2.9565326439182926,-2.0557931519238952,-4.1115863038477904,sem correção,1.0046184813813372,-6.241137172074487,5.453523733848731,200.1022020434435,200.1022020434435
2026-10-08,TRGO11,ARGO TRANSMISSAO DE ENERGIA S.A.,ARGO TRANSMISSAO DE ENERGIA S.A.,Argo,CVM FRE,IPCA_MAIS,S,Real,N,ARGO TRANSMISSAO DE ENERGIA S.A.,24624490000165,6.8216,0.15,1063.585351,2031-12-15,2029-05-15,14.080000000000048,2.4854,ok,,,11,2.48539453343653,-0.0002199470294476295,2.3266778754826083,9.660025798784634,2.375867586820779,1.1755242471550131,-1.1513723844987722,-2.2792385441324448,-4.4669315990765295,2.3749780044765316,1.1754139699897848,-1.1512639054928233,-2.278377746488685,-4.460155234989524,3.145170677677912,6.290341355355824,corrigido IPCA,1.0269790924722286,14.635598060739676,5.324324844640271,224.66523719497278,224.66523719497278
2026-10-08,TRGP13,TECP - TRANSMISSORA DE ENERGIA CENTRAL PAULISTANA S.A.,TECP - TRANSMISSORA DE ENERGIA CENTRAL PAULISTANA S.A.,Isolada (a identificar),,IPCA_MAIS,S,Real,N,TECP - TRANSMISSORA DE ENERGIA CENTRAL PAULISTANA S.A.,49786044000188,7.0321,0.0954,1078.941215,2038-01-15,2037-05-15,25.990000000000002,7.6511,fluxo divergente da ANBIMA,,,23,7.2022934858503005,-5.865908355003844,6.729096678333229,65.03264211473191,7.06685306232504,3.4473884179273773,-3.284759101850354,-6.415762656668322,-12.249355970207375,7.054259888906889,3.4458391418100294,-3.2832575365232,-6.40393346775957,-12.15754051437182,2.299489713849277,4.598979427698554,corrigido IPCA,1.0430474033679638,30.946977190649193,5.678611194042782,249.9880918532816,249.9880918532816
2026-10-08,TRPLA4,ISA ENERGIA BRASIL S.A.,ISA ENERGIA BRASIL S.A.,ISA,CVM FRE,IPCA_MAIS,S,Quirografária,N,ISA ENERGIA BRASIL S.A.,02998611000104,6.8129,0.0972,1147.31339,2033-10-15,2033-05-15,8.169999999999966,5.2538,ok,,,15,5.2538205262298305,0.00039069301896738876,4.91871349455902,32.584716954668195,5.085944563766898,2.500620114683172,-2.4191467467658767,-4.759912083507412,-9.218010741544358,5.081637079332361,2.500087643472845,-2.418625851086175,-4.755789909785679,-9.185732650024676,0.5996745732302166,1.1993491464604331,corrigido IPCA,1.002111646964547,5.899254831382775,5.599833353976735,219.82031747400188,219.82031747400188
2026-10-08,TRPLA7,ISA ENERGIA BRASIL S.A.,ISA ENERGIA BRASIL S.A.,ISA,CVM FRE,IPCA_MAIS,S,Quirografária,N,ISA ENERGIA BRASIL S.A.,02998611000104,6.9014,0.0868,1221.531424,2036-10-15,2040-08-15,23.47999999999999,9.2014,ok,,,2,9.20145078945387,0.0005519752849680199,8.607418414963576,82.30045269908499,9.033767411047776,4.4084137797725464,-4.2026109782833165,-8.209935576240934,-15.67790946503611,9.018920678459,4.406584773355644,-4.2008336416079315,-8.19591615146815,-15.56882777594545,0.9163688184890897,1.8327376369781794,corrigido IPCA,1.1156916906614187,15.775139686322811,5.687313537693095,232.52356149548328,232.52356149548328
2026-10-08,TRPLB4,ISA ENERGIA BRASIL S.A.,ISA ENERGIA BRASIL S.A.,ISA,CVM FRE,IPCA_MAIS,S,Quirografária,N,ISA ENERGIA BRASIL S.A.,02998611000104,6.9499,0.1459,1136.690747,2038-10-15,2037-05-15,17.770000000000064,7.7323,ok,,,25,7.73236186354727,0.0008000665684179402,7.229891625468813,72.37934942875744,7.606113574752227,3.7071819237594728,-3.526178471722674,-6.881438107096294,-13.11649211527689,7.591788372612601,3.705419999520353,-3.5244716259484603,-6.867994878325026,-13.01219626236248,1.562867310278444,3.125734620556888,corrigido IPCA,0.9928333980524378,22.598722556602183,5.685432052526873,240.23114494442868,240.23114494442868
2026-10-08,TRPLB7,ISA ENERGIA BRASIL S.A.,ISA ENERGIA BRASIL S.A.,ISA,CVM FRE,IPCA_MAIS,S,Quirografária,N,ISA ENERGIA BRASIL S.A.,02998611000104,6.9864,0.1156,1096.795748,2039-10-15,2037-05-15,21.419999999999995,8.1485,ok,,,27,8.148495599429241,-5.4004672753809794e-05,7.616384511890522,81.36502499072925,8.040434263107299,3.9120148241060138,-3.708531898808176,-7.225657222217297,-13.730119868632451,8.02320963684417,3.909898537183673,-3.7064859747068497,-7.209559386936876,-13.60546852396646,1.7854707382956314,3.570941476591263,corrigido IPCA,1.0017637706428864,27.197663355177163,5.688063708034208,245.4810067999639,245.4810067999639
2026-10-08,TRRG12,TRSP - TERMINAL DE REGASEIFICACAO DE GNL DE SAO PAULO S.A.,TRSP - TERMINAL DE REGASEIFICACAO DE GNL DE SAO PAULO S.A.,Trsp Terminal,inferido,IPCA_MAIS,S,Quirografária,N,TRSP - TERMINAL DE REGASEIFICACAO DE GNL DE SAO PAULO S.A.,34840096000118,6.7931,0.0631,1124.008838,2033-01-15,2031-05-15,5.509999999999948,4.0007,ok,,,13,4.000738993804968,0.0009746745561546569,3.746252326980833,19.852467161025178,3.8477122436940014,1.898213802945481,-1.8485774905920183,-3.6491052192288875,-7.1120643551899505,3.845514662785959,1.897941747441698,-1.8483105795391352,-3.6469899911757073,-7.095455310741163,0.622252704858878,1.244505409717756,corrigido IPCA,1.0419248812486541,4.662231287095378,5.483100882159797,216.41215478199632,216.41215478199632
2026-10-08,TSSG21,TRANSPORTADORA ASSOCIADA DE GAS S.A. - TAG,TRANSPORTADORA ASSOCIADA DE GAS S.A. - TAG,Isolada (a identificar),,IPCA_MAIS,S,Quirografária,N,TRANSPORTADORA ASSOCIADA DE GAS S.A. - TAG,06248349000123,6.6882,0.0524,1122.977416,2033-12-15,2032-08-15,-5.719999999999992,5.1071,ok,,,15,5.1071470582147365,0.0009214273215033007,4.786983994682388,30.69978478101273,4.944445230009742,2.4323566213186876,-2.355596684268657,-4.637279682606876,-8.98969590978378,4.940482918587452,2.43186672831746,-2.355117266364928,-4.633485070777325,-8.95997229374452,-0.6764629922133403,-1.3529259844266806,corrigido IPCA,0.9851754113278639,-6.476435033440434,5.589183582862356,205.08157481379845,205.08157481379845
2026-10-08,TUPW21,TUPI ENERGIAS RENOVAVEIS S.A,TUPI ENERGIAS RENOVAVEIS S.A.,Isolada (a identificar),,IPCA_MAIS,S,Quirografária,N,TUPI ENERGIAS RENOVAVEIS S.A.,59115685000164,11.4938,0.2639,953.981413,2036-10-15,2032-08-15,474.84000000000003,4.5338,ok,,,21,4.5337794495807096,-0.00045327141229699856,4.066396023438711,27.262052375087006,4.206588628225183,2.0677549514702243,-1.99958837095352,-3.9337847969064033,-7.6164558833398015,4.202706285314146,2.067275577188214,-1.9991204462504968,-3.9300857615632756,-7.587550999375681,58.563593750969346,117.12718750193869,corrigido IPCA,0.904085051491197,476.2855294944437,5.5397931192884275,772.0949675798411,772.0949675798411
2026-10-08,TVVH11,TVV TERMINAL DE VILA VELHA S.A.,TVV TERMINAL DE VILA VELHA S.A.,Tvv Terminal,inferido,IPCA_MAIS,S,Real,N,TVV TERMINAL DE VILA VELHA S.A.,02639850000160,7.0971,0.0694,863.490908,2033-11-15,2030-08-15,34.71000000000002,3.0068,ok,,,15,3.006830055507947,0.0009995845399388072,2.807573739632489,14.7321019492421,2.882925215915977,1.42241123094613,-1.3855768212930664,-2.7355376812854604,-5.333249129991602,2.8812342493787,1.4222019972527973,-1.385371742379692,-2.7339132298862787,-5.320505440280137,6.95738717355996,13.91477434711992,corrigido IPCA,1.020371561523382,39.0667550498857,5.365046181463828,254.60572049388418,254.60572049388418
2026-10-08,UHSM12,UHE SAO SIMAO ENERGIA S/A,UHE SAO SIMAO ENERGIA S/A,Isolada (a identificar),,IPCA_MAIS,S,Quirografária,N,UHE SAO SIMAO ENERGIA S/A,27352303000120,7.0818,0.0407,1226.539923,2036-10-15,2035-05-15,32.42000000000003,6.5159,ok,,,21,6.515938302746002,0.000587835080366241,6.0850100602959625,50.207590036280514,6.3442811291620105,3.106279724914285,-2.9807338755674984,-5.841774946928336,-11.226686715698175,6.336048010477365,3.105264517693332,-2.9797455426026307,-5.833972110114559,-11.165868319866314,2.7769957090282387,5.553991418056477,corrigido IPCA,0.9507905150133313,33.7960936536711,5.662172039917612,253.42618841963227,253.42618841963227
2026-10-08,ULFT14,ULTRAFERTIL S/A,ULTRAFERTIL S/A.,Ultrafertil,inferido,IPCA_MAIS,S,Quirografária,S,ULTRAFERTIL S/A.,02476026000136,7.2196,0.094,1042.679384,2035-10-15,2035-05-15,46.199999999999974,6.0844,ok,,,19,6.08446978930085,0.0011470202624799721,5.674773818686929,44.04198380440572,5.901782454015225,2.8932783660075234,-2.783152413588885,-5.4610265129972575,-10.519150982180792,5.894983737708957,2.8924393890989717,-2.7823344295879573,-5.454563899664901,-10.468707961285743,4.164473605150965,8.32894721030193,corrigido IPCA,1.0000718605102783,47.26489156624693,5.646213027236047,269.10088850440934,269.10088850440934
2026-10-08,UNEG11,UTE GNA I GERACAO DE ENERGIA S.A.,UTE GNA I GERACAO DE ENERGIA S.A.,Isolada (a identificar),,IPCA_MAIS,S,Real,N,UTE GNA I GERACAO DE ENERGIA S.A.,23449511000190,8.4879,0.0962,1173.57369,2039-07-15,2035-05-15,173.02999999999997,6.4784,ok,,,26,6.478440686995981,0.0006280408122569449,5.971579030468819,52.16092919594611,6.241735020513661,3.0521421307952323,-2.921706249963385,-5.719588391477548,-10.968462940671397,6.232383676448549,3.050990676729342,-2.920588353739477,-5.710774384489088,-10.899939477018714,14.724236965436342,29.448473930872684,corrigido IPCA,0.8648564010164633,175.853889404907,5.660975042803429,420.30078267816043,420.30078267816043
2026-10-08,UNTE11,UNIFIQUE TELECOMUNICACOES S.A.,UNIFIQUE TELECOMUNICACOES S.A.,Unifique Telecomunicacoes,CVM FRE,IPCA_MAIS,S,Quirografária,N,UNIFIQUE TELECOMUNICACOES S.A.,02255187000108,6.3534,0.0976,450.595669,2028-03-15,2027-05-15,89.68999999999996,0.8975,ok,,,3,0.8974789523465458,-0.0023451424461415496,0.8438648433868083,1.7251133033938881,0.8525794010626031,0.42409988069325166,-0.4197869862779813,-0.8353264877581923,-1.653918193247217,0.8524904099037778,0.42408881332264653,-0.41977603006416186,-0.835239276869839,-1.6532274207057391,12.438508254054302,24.877016508108603,corrigido IPCA,0.9949347769519941,20.99283963954611,6.210938868912197,236.84428262332503,236.84428262332503
2026-10-08,USAS11,USINA SANTA ADÉLIA S.A.,USINA SANTA ADELIA S.A.,Usina Santa,inferido,IPCA_MAIS,S,Real,N,USINA SANTA ADELIA S.A.,50376938000189,6.5286,0.0514,693.488098,2028-02-15,2027-05-15,107.20999999999998,0.8617,ok,,,3,0.8616904889824053,-0.0011037504461786074,0.8088818298395035,1.6331368981467613,0.8171306782406074,0.4064926793688972,-0.40240973438022687,-0.8007976649268223,-1.585746691982226,0.8170475143302374,0.4064823360424352,-0.4023994937970683,-0.8007161453487698,-1.5851009217160719,24.192483062547186,48.38496612509437,corrigido IPCA,1.0127656208549156,39.137719935988734,6.282955305099369,259.1987572811672,259.1987572811672
2026-10-08,USAS12,USINA SANTA ADÉLIA S.A.,USINA SANTA ADELIA S.A.,Usina Santa,inferido,IPCA_MAIS,S,Quirografária,N,USINA SANTA ADELIA S.A.,50376938000189,7.8185,0.0943,1061.098174,2032-09-15,2031-05-15,108.04999999999998,3.7515,ok,,,12,3.7514686638487276,-0.0008352965819668788,3.47942947068335,17.270464590601673,3.567589700790763,1.7615267334117446,-1.7183465350774974,-3.394820431925627,-6.627149939011689,3.5657817936363587,1.7613028160799273,-1.7181266546034233,-3.3930771477303425,-6.613449649554667,15.447799912761434,30.89559982552287,corrigido IPCA,1.0146299455156897,107.49906054736365,5.453717614493758,336.889724736337,336.889724736337
2026-10-08,USAS22,USINA SANTA ADÉLIA S.A.,USINA SANTA ADELIA S.A.,Usina Santa,inferido,IPCA_MAIS,S,Quirografária,N,USINA SANTA ADELIA S.A.,50376938000189,8.2311,0.106,1046.77174,2035-09-15,2033-05-15,149.98999999999992,5.3525,ok,,,18,5.35252578553997,0.000481747594019664,4.945460025390086,33.95368435080133,5.119996608833777,2.5157610509316752,-2.430863117052229,-4.780240064750119,-9.247408741426943,5.1152284471440925,2.5151721181335445,-2.4302879072565413,-4.775691603636079,-9.211846363764145,15.007392992076705,30.01478598415341,corrigido IPCA,1.0009309075420183,148.4369242552693,5.606559947562828,387.53131160910044,387.53131160910044
2026-10-08,USNA12,USINA SANTA FE S.A.,USINA SANTA FE S.A.,Usina Santa,inferido,IPCA_MAIS,S,Real,N,USINA SANTA FE S.A.,45281813000135,7.893,0.1087,1162.767159,2031-06-15,2029-05-15,121.22000000000001,2.119,ok,,,10,2.1190271992968586,0.0012835911683977813,1.9640080443558514,7.371453226730861,2.0014900505049615,0.9912958290692941,-0.9728660184016413,-1.9277566663691625,-3.7853618719712157,2.0008653104895058,0.9912183387113394,-0.9727897056445121,-1.927150778222197,-3.7805870241770854,31.94529022943561,63.89058045887122,corrigido IPCA,1.0397325819176693,125.48161397978784,5.3313408374485505,354.6637921527021,354.6637921527021
2026-10-08,USNA13,USINA SANTA FE S.A.,USINA SANTA FE S.A.,Usina Santa,inferido,IPCA_MAIS,S,Real,N,USINA SANTA FE S.A.,45281813000135,9.565,0.526,1048.636661,2033-07-15,2031-05-15,282.69999999999993,3.8249,ok,,,14,3.8248988271666784,-3.066311071066281e-05,3.4909860148466008,17.92032398340858,3.5825327462352563,1.7681342449094695,-1.7233289428287946,-3.4032575961284506,-6.63827788288518,3.5805876347636443,1.7678934124025614,-1.7230926024440398,-3.401384394929558,-6.62356555002503,40.45610773531066,80.91221547062132,corrigido IPCA,1.0013057942709402,282.46341263819386,5.462513509869571,542.8787787611261,542.8787787611261
2026-10-08,UTPS11,USINA TERMELETRICA PAMPA SUL S.A.,USINA TERMELETRICA PAMPA SUL S.A.,Isolada (a identificar),,IPCA_MAIS,S,Real,N,USINA TERMELETRICA PAMPA SUL S.A.,04739720000124,7.3407,0.0641,655.370601,2028-04-15,2027-05-15,188.42,0.9154,ok,,,4,0.9154272189604311,0.0029734499050818267,0.852823969808685,1.8258104898082235,0.8620489700833289,0.4287061800402947,-0.4241415328671061,-0.8437889289227951,-1.6698763044219023,0.8619530222577263,0.4286942480166028,-0.42412972179208225,-0.8436949173596439,-1.6691317298212056,59.30497604929144,118.60995209858288,corrigido IPCA,1.020183414943228,101.15341020753142,6.176564027190001,333.65411426027833,333.65411426027833
2026-10-08,UTPS12,USINA TERMELETRICA PAMPA SUL S.A.,USINA TERMELETRICA PAMPA SUL S.A.,Isolada (a identificar),,IPCA_MAIS,S,Real,N,USINA TERMELETRICA PAMPA SUL S.A.,04739720000124,7.4263,0.0468,631.302164,2028-04-15,2027-05-15,196.98000000000002,0.9229,ok,,,4,0.9229581706579069,0.006303029353863759,0.8591547606665285,1.8405834908066383,0.8684544022977247,0.4318901383003615,-0.4272885576162455,-0.8500466157428499,-1.6822484555152784,0.8683576781205617,0.43187810969677254,-0.42727665096975603,-0.8499518432124953,-1.681497851516924,63.63748140850218,127.27496281700436,corrigido IPCA,0.9956959051173391,109.3488902178847,6.16247541273891,343.13704063432095,343.13704063432095
2026-10-08,UTPS21,USINA TERMELETRICA PAMPA SUL S.A.,USINA TERMELETRICA PAMPA SUL S.A.,Isolada (a identificar),,IPCA_MAIS,S,Real,N,USINA TERMELETRICA PAMPA SUL S.A.,04739720000124,7.6663,0.2691,1470.012655,2036-10-15,2032-08-15,92.08999999999996,5.0056,ok,,,21,5.0056708379789,0.0014151745824600105,4.649245713820295,32.63571537634038,4.817250187436817,2.3660131039899834,-2.284409065720827,-4.490656882746979,-8.681611710981741,4.812424290701997,2.365417501130573,-2.283828212689722,-4.486067136938593,-8.645777120113781,9.92973730033197,19.85947460066394,corrigido IPCA,1.027640531136897,92.33157716585984,5.581348779304585,321.0349070366522,321.0349070366522
2026-10-08,UTPS22,USINA TERMELETRICA PAMPA SUL S.A.,USINA TERMELETRICA PAMPA SUL S.A.,Isolada (a identificar),,IPCA_MAIS,S,Real,N,USINA TERMELETRICA PAMPA SUL S.A.,04739720000124,7.686,0.1916,1318.756595,2036-10-15,2032-08-15,94.05999999999999,5.182,ok,,,21,5.1820527154475,0.0010172799594679548,4.8121879496383,34.17636820372643,4.988158418460342,2.4494424275445237,-2.363985886006559,-4.646144637068794,-8.978621412311561,4.983069790656932,2.448814435073808,-2.363373514564492,-4.641306108619668,-8.940848535202072,9.776942089636758,19.553884179273517,corrigido IPCA,0.9340776589903311,94.09696581612302,5.594721125332325,323.33322333508494,323.33322333508494
2026-10-08,VALE48,VALE S/A,VALE S/A,Vale,inferido,IPCA_MAIS,S,Quirografária,N,VALE S/A,33592510000154,6.1562,0.2392,1057.395671,2029-01-15,2028-08-15,-52.839999999999954,1.178,fluxo divergente da ANBIMA,,,3,1.2035145491175747,2.1659209777228168,1.13372045072975,2.9389919299609177,1.1485973197144395,0.5705565701377813,-0.5632088272248925,-1.1192031906076205,-2.2100663802073206,1.1484154103795547,0.5705339652773261,-0.5631864854524239,-1.1190254910799455,-2.208661062860282,-11.953033046330141,-23.906066092660282,sem correção,1.0562010444961902,-27.10279602574601,5.757170283784041,178.21318521389455,178.21318521389455
2026-10-08,VALEA0,VALE S/A,VALE S/A,Vale,inferido,IPCA_MAIS,S,Quirografária,N,VALE S/A,33592510000154,6.4133,0.1548,1124.305058,2034-10-15,2035-05-15,-34.43000000000005,6.1998,ok,,,17,6.199853756707148,0.0008670716337286961,5.82620194722572,45.5591220346933,6.061022231091329,2.97091681116719,-2.8569974517209107,-5.605085923149544,-10.793365776279018,6.053997557399187,2.9700498761562266,-2.8561520710694936,-5.598406337052253,-10.741221453757573,-2.877888374834068,-5.755776749668136,corrigido IPCA,1.028636120928284,-33.53431770671302,5.650967117577932,174.14050740752842,174.14050740752842
2026-10-08,VALEB0,VALE S/A,VALE S/A,Vale,inferido,IPCA_MAIS,S,Quirografária,N,VALE S/A,33592510000154,6.6358,0.1499,1111.272411,2036-10-15,2037-05-15,-13.640000000000008,7.2837,ok,,,21,7.283702830957491,3.886702488487611e-05,6.8304479649024925,63.56305573657578,7.159895536023475,3.496110226845972,-3.3371610255524153,-6.523599492860798,-12.474902638580366,7.1482632435853715,3.4946778021219664,-3.335770162780527,-6.512632686219614,-12.389634815073471,-0.7169283816001236,-1.4338567632002472,corrigido IPCA,1.0167124501657958,-9.793884010162804,5.67995127950347,202.2439878412683,202.2439878412683
2026-10-08,VALEB1,VALE S/A,VALE S/A,Vale,inferido,IPCA_MAIS,S,Quirografária,N,VALE S/A,33592510000154,6.1398,0.1701,1117.262855,2032-05-15,2032-08-15,-60.55999999999999,4.619,ok,,,12,4.619032657134212,0.000707017410954024,4.351838478246814,25.52141653105189,4.482455327013035,2.2081934721898566,-2.1443826172820812,-4.22712408406567,-8.215945989891605,4.479445560902073,2.2078210097872217,-2.1440174684595923,-4.224231395591555,-8.19324862587259,-7.045095247597008,-14.090190495194015,corrigido IPCA,1.0611393901610084,-61.31823316281284,5.547925675389265,139.9073443352624,139.9073443352624
2026-10-08,VALEC0,VALE S/A,VALE S/A,Vale,inferido,IPCA_MAIS,S,Quirografária,N,VALE S/A,33592510000154,6.4986,0.1741,1119.209462,2039-10-15,2040-08-15,-16.800000000000015,8.7401,ok,,,27,8.740086798415746,-0.00015104614654544915,8.20676215313229,94.12920455676937,8.698730739893822,4.223659537763824,-3.9882442573085597,-7.755961003306899,-14.68430751823524,8.677408175916138,4.221042582262107,-3.985719570870184,-7.736116130348444,-14.530940215129196,-1.255597393756427,-2.511194787512854,corrigido IPCA,1.023974126312366,-20.608778341303577,5.688699197668479,189.0408748110071,189.0408748110071
2026-10-08,VALEC1,VALE S/A,VALE S/A,Vale,inferido,IPCA_MAIS,S,Quirografária,N,VALE S/A,33592510000154,6.4267,0.1317,1103.465327,2035-05-15,2035-05-15,-33.089999999999975,6.5003,ok,,,18,6.500353396045088,0.0008214397041320353,6.107821999596988,50.24813050315473,6.3672144260709995,3.117726573512525,-2.9920800691704663,-5.8643139938682864,-11.270977518198066,6.359062652112761,3.1167211629274374,-2.991100836669551,-5.856581347081214,-11.21068138913088,-2.5986517025662996,-5.197303405132599,corrigido IPCA,1.0480349629332188,-31.74420407644922,5.66167868940779,176.34782593727297,176.34782593727297
2026-10-08,VALED1,VALE S/A,VALE S/A,Vale,inferido,IPCA_MAIS,S,Quirografária,N,VALE S/A,33592510000154,6.4641,0.1677,1106.848932,2037-05-15,2037-05-15,-30.80999999999996,7.561,ok,,,22,7.560967186818196,-0.00043397939166384906,7.101893677604185,68.95814255656786,7.459874902100139,3.6387677787622863,-3.466323359185075,-6.769507854333434,-12.920960604620646,7.4466843903870235,3.637144516997802,-3.4647491606063827,-6.757102964821346,-12.824624504077011,-1.8582153576329763,-3.7164307152659526,corrigido IPCA,1.051248596697552,-26.393695800001268,5.683696281056294,182.67179867498282,182.67179867498282
2026-10-08,VAMO33,"VAMOS LOCACAO DE CAMINHOES, MAQUINAS E EQUIPAMENTOS S.A.",VAMOS LOCACAO DE CAMINHOES MAQUINAS E EQUIPAMENTOS S.A.,Simpar,CVM FRE,IPCA_MAIS,N,Quirografária,S,VAMOS LOCACAO DE CAMINHOES MAQUINAS E EQUIPAMENTOS S.A.,23373000000132,13.0035,0.3507,1120.13135,2031-06-15,2030-08-15,625.35,3.1512,ok,,,10,3.1512351761382655,0.0011162775534957422,2.788617322594668,11.351472083661113,2.8463587250667333,1.4086200601985732,-1.3802395274376433,-2.7328143556046403,-5.357726659807593,2.845374683012974,1.4084980014019104,-1.3801193211927578,-2.7318599621763626,-5.350205203516114,112.39064041194898,224.78128082389796,corrigido IPCA,0.8407967849163638,626.8289735005386,5.381174448721637,,626.8289735005386
2026-10-08,VAMO34,"VAMOS LOCACAO DE CAMINHOES, MAQUINAS E EQUIPAMENTOS S.A.",VAMOS LOCACAO DE CAMINHOES MAQUINAS E EQUIPAMENTOS S.A.,Simpar,CVM FRE,IPCA_MAIS,N,Flutuante,S,VAMOS LOCACAO DE CAMINHOES MAQUINAS E EQUIPAMENTOS S.A.,23373000000132,12.8665,0.4814,1131.643978,2031-10-15,2030-08-15,611.65,3.2846,ok,,,11,3.2846331417410815,0.0010090038690028077,2.910193141225325,12.549206389857982,2.9740822272428247,1.4709248131841601,-1.439549554213504,-2.848554260788194,-5.578121906136713,2.972939173174615,1.470783078599985,-1.4394100626253399,-2.8474471092760347,-5.56940215465349,105.27299700314467,210.54599400628933,corrigido IPCA,0.8865405016825557,612.7295076695716,5.396894049191703,,612.7295076695716
2026-10-08,VBBRA0,VIBRA ENERGIA S.A,VIBRA ENERGIA S.A,Vibra Energia,inferido,IPCA_MAIS,S,Quirografária,N,VIBRA ENERGIA S.A,34274233000102,7.1915,0.1844,1034.574367,2036-03-15,2033-05-15,46.02999999999993,5.7851,ok,,,19,5.785110554020023,0.00018243453048792213,5.396986285311824,39.74049926448833,5.6016237707738,2.7489013308233057,-2.6495320859218685,-5.203930645743659,-10.04325843770566,5.595688781634266,2.748168766736523,-2.6488175185753016,-5.198283788989383,-9.999162585333881,4.121128805553956,8.242257611107911,corrigido IPCA,1.0150703418623137,44.4833512871564,5.632067386989381,265.60253842130226,265.60253842130226
2026-10-08,VBRR11,VIA BRASIL BR 163 CONCESSIONARIA DE RODOVIAS S.A.,VIA BRASIL BR 163 CONCESSIONARIA DE RODOVIAS S.A.,Isolada (a identificar),,IPCA_MAIS,S,Real,N,VIA BRASIL BR 163 CONCESSIONARIA DE RODOVIAS S.A.,44067725000172,10.672,0.1736,1209.701795,2030-12-15,2029-05-15,399.1200000000001,2.3094,ok,,,9,2.309385690532933,-0.0006196183886405075,2.0866937351208374,7.365421324528074,2.1241013802741904,1.052625690934783,-1.0342111178101798,-2.0504308431251284,-4.0305300165066065,2.1235208417434777,1.0525536442160788,-1.0341400909047587,-2.0498666284981972,-4.026079043751113,95.95278853691204,191.90557707382408,corrigido IPCA,0.9828906817975093,400.4481654146977,5.322194583871687,678.3816559839121,678.3816559839121
2026-10-08,VDBF12,VDB F2 GERACAO DE ENERGIA S.A.,VDB F2 GERACAO DE ENERGIA S.A.,Isolada (a identificar),,IPCA_MAIS,S,Real,N,VDB F2 GERACAO DE ENERGIA S.A.,19788923000188,7.0988,0.0879,1115.273458,2033-04-15,2030-08-15,34.87999999999998,3.3321,ok,,,14,3.332179898166597,0.0023978321958235535,3.111313943915895,15.97107048519342,3.1929256961717556,1.5758382460086207,-1.5359064540961698,-3.0331491052723925,-5.916480389724999,3.191169296341863,1.5756208100644395,-1.535693133851456,-3.0314585914899284,-5.903206478127922,6.033448755705808,12.066897511411616,corrigido IPCA,0.9181379169555285,37.543906487058976,5.40261842157741,253.5686433330573,253.5686433330573
2026-10-08,VERO12,VERO S.A.,VERO S.A.,Vero,CVM FRE,IPCA_MAIS,S,Quirografária,S,VERO S.A.,31748174000160,,,949.654884,2030-03-17,,,,sem taxa indicativa,,,,,,,,,,,,,,,,,,,,,,,,,
2026-10-08,VERO13,VERO S.A.,VERO S.A.,Vero,CVM FRE,IPCA_MAIS,S,Quirografária,N,VERO S.A.,31748174000160,,,909.904865,2031-03-15,,,,sem taxa indicativa,,,,,,,,,,,,,,,,,,,,,,,,,
2026-10-08,VERO24,VERO S.A.,VERO S.A.,Vero,CVM FRE,IPCA_MAIS,S,Quirografária,N,VERO S.A.,31748174000160,,,918.772993,2031-10-15,,,,sem taxa indicativa,,,,,,,,,,,,,,,,,,,,,,,,,
2026-10-08,VERO25,VERO S.A.,VERO S.A.,Vero,CVM FRE,IPCA_MAIS,S,Quirografária,N,VERO S.A.,31748174000160,,,861.669528,2032-07-15,,,,sem taxa indicativa,,,,,,,,,,,,,,,,,,,,,,,,,
2026-10-08,VERO35,VERO S.A.,VERO S.A.,Vero,CVM FRE,IPCA_MAIS,S,Quirografária,N,VERO S.A.,31748174000160,,,861.152198,2035-07-15,,,,sem taxa indicativa,,,,,,,,,,,,,,,,,,,,,,,,,
2026-10-08,VERO44,VERO S.A.,VERO S.A.,Vero,CVM FRE,IPCA_MAIS,S,Quirografária,N,VERO S.A.,31748174000160,,,919.040319,2034-10-15,,,,sem taxa indicativa,,,,,,,,,,,,,,,,,,,,,,,,,
2026-10-08,VIALA5,RODOVIAS INTEGRADAS DO OESTE S/A,RODOVIAS INTEGRADAS DO OESTE S/A,Isolada (a identificar),,IPCA_MAIS,S,Quirografária,S,RODOVIAS INTEGRADAS DO OESTE S/A,03497792000140,6.8769,0.1188,1063.326469,2030-04-15,2030-08-15,12.690000000000001,3.4762,ok,,,1,3.4761904761904763,-0.00027397185212823177,3.252518061611514,13.622111716830252,3.3218097804366575,1.6434331904082944,-1.6093757090319127,-3.185553415305664,-6.241625941222361,3.3206286201956656,1.6432866704517948,-1.6092313911597191,-3.184407503027362,-6.232593888886423,1.7984737842336085,3.596947568467217,corrigido IPCA,1.045721004505228,11.69913693310924,5.420163939139333,223.78831786032234,223.78831786032234
2026-10-08,VLIM13,VLI MULTIMODAL S/A,VLI MULTIMODAL S.A.,VLI,CVM FRE,IPCA_MAIS,S,Quirografária,N,VLI MULTIMODAL S.A.,42276907000128,6.7275,0.1531,1261.034268,2028-12-15,2028-08-15,4.290000000000038,2.0317,ok,,,5,2.0317222539377062,0.0010953358126881243,1.903653935431549,5.570550759295372,1.9318710789307136,0.958835428917415,-0.9449085097879784,-1.8761568931297212,-3.6987090052959637,1.9315066892280255,0.9587901561648937,-0.9448637792666551,-1.8758011816350721,-3.6958968556771903,1.2904305470054516,2.580861094010903,corrigido IPCA,0.999490514863516,4.913066378416028,5.3407558072363415,213.16646227358424,213.16646227358424
2026-10-08,VLIM14,VLI MULTIMODAL S/A,VLI MULTIMODAL S.A.,VLI,CVM FRE,IPCA_MAIS,S,Quirografária,N,VLI MULTIMODAL S.A.,42276907000128,6.7549,0.0767,1142.212632,2030-09-15,2029-05-15,7.41000000000005,2.6742,ok,,,8,2.6742828620267693,0.0030985725364384444,2.5050680221954864,9.40976406815673,2.5528902623388694,1.2643921754487586,-1.2408663593670877,-2.458770116737319,-4.827861691035817,2.55211684253627,1.264296216182939,-1.2407718060125472,-2.4580192018547025,-4.821940763027838,0.7755248544537101,1.5510497089074202,corrigido IPCA,0.9966007952944831,3.8854850266195964,5.334563214323862,212.59447627850514,212.59447627850514
2026-10-08,VLIM15,VLI MULTIMODAL S/A,VLI MULTIMODAL S.A.,VLI,CVM FRE,IPCA_MAIS,S,Quirografária,N,VLI MULTIMODAL S.A.,42276907000128,6.9211,0.0644,1115.89748,2031-04-15,2031-05-15,18.30999999999996,3.8619,ok,,,10,3.861925778362527,0.0006675046616241302,3.611939812031982,17.81580068273698,3.7028140648560415,1.8284621120293165,-1.7839188019012409,-3.524595093590366,-6.881205171929605,3.701018815445667,1.8282396568694121,-1.7837001551625697,-3.5228608086182973,-6.867563610409225,2.3500043230381755,4.700008646076351,corrigido IPCA,0.9991020464065024,16.97614834565771,5.4669087103981,230.6839582256979,230.6839582256979
2026-10-08,VLIM16,VLI MULTIMODAL S/A,VLI MULTIMODAL S.A.,VLI,CVM FRE,IPCA_MAIS,S,Quirografária,N,VLI MULTIMODAL S.A.,42276907000128,7.0784,0.1353,1104.328285,2034-11-15,2033-05-15,34.72,5.5529,ok,,,17,5.552960526127933,0.0010899913186393625,5.185882984923134,36.618052925570524,5.374148470268891,2.6393533187751617,-2.547793382394359,-5.007730933942556,-9.678019533539894,5.3689732495509865,2.6387140586185303,-2.547168926304604,-5.0027927202952815,-9.639404911334857,3.166649158837458,6.333298317674916,corrigido IPCA,1.0160245468579312,32.84374398407265,5.619162741606076,251.7769473563427,251.7769473563427
2026-10-08,VLIM17,VLI MULTIMODAL S/A,VLI MULTIMODAL S.A.,VLI,CVM FRE,IPCA_MAIS,S,Quirografária,N,VLI MULTIMODAL S.A.,42276907000128,7.0964,0.1765,1079.662013,2035-05-15,2033-05-15,36.519999999999975,5.8273,ok,,,18,5.827374729235965,0.0012823989834851873,5.441242403326316,40.405780242877384,5.6492604154464,2.7718678354359705,-2.670835527033366,-5.244916710029479,-10.118922572730671,5.643271304540703,2.771128426966755,-2.670113976359562,-5.239213502111929,-10.074369201795085,3.20181432299935,6.4036286459987,corrigido IPCA,1.0233718212091674,34.84369572376321,5.634229928759882,254.33354717112118,254.33354717112118
2026-10-08,VLIM18,VLI MULTIMODAL S/A,VLI MULTIMODAL S.A.,VLI,CVM FRE,IPCA_MAIS,S,Quirografária,N,VLI MULTIMODAL S.A.,42276907000128,7.3402,0.1008,1035.576795,2035-10-15,2035-05-15,58.26000000000002,6.076,ok,,,19,6.075998213336534,-2.940525783514627e-05,5.660505768888575,43.864176707423034,5.886588628889955,2.8859175622372835,-2.776236266708243,-5.447612987409056,-10.49390317415254,5.87982665242569,2.885083105328566,-2.7754226635600086,-5.4411848853514595,-10.443728003628689,5.240780024454243,10.481560048908486,corrigido IPCA,0.993259506016982,59.330931123798486,5.645849194461761,283.29134841645185,283.29134841645185
2026-10-08,VLIM19,VLI MULTIMODAL S/A,VLI MULTIMODAL S.A.,VLI,CVM FRE,IPCA_MAIS,S,Quirografária,S,VLI MULTIMODAL S.A.,42276907000128,7.1646,0.2246,981.631526,2038-03-15,2037-05-15,39.24000000000003,7.6089,ok,,,23,7.6089419762524875,0.0005516730734699162,7.100238302809404,67.81368480776345,7.452119282981418,3.6364632109125328,-3.4668817235651295,-6.773225443051755,-12.937849031294203,7.439306726848222,3.634886257414406,-3.465352045394998,-6.761169878770587,-12.84420290946354,3.066920620120382,6.133841240240764,corrigido IPCA,0.9575164908797869,43.55173451730941,5.684224268507143,264.97813817285186,264.97813817285186
2026-10-08,VLIM26,VLI MULTIMODAL S/A,VLI MULTIMODAL S.A.,VLI,CVM FRE,IPCA_MAIS,S,Quirografária,N,VLI MULTIMODAL S.A.,42276907000128,7.1117,0.0635,1088.430057,2036-11-15,2035-05-15,35.40999999999998,6.724,ok,,,21,6.724014712802506,0.00021881026927557132,6.277572583389588,53.85211077652828,6.555992274988731,3.2072303392721713,-3.0725692620873213,-6.016978014907748,-11.545595517583095,6.54683313727223,3.2061014301654547,-3.071471153224134,-6.008312029506947,-11.478102951248612,2.9661875149609673,5.932375029921935,corrigido IPCA,1.0013975627148994,37.24091484222293,5.668212279559937,257.51899186275733,257.51899186275733
2026-10-08,VLIM27,VLI MULTIMODAL S/A,VLI MULTIMODAL S.A.,VLI,CVM FRE,IPCA_MAIS,S,Quirografária,N,VLI MULTIMODAL S.A.,42276907000128,7.29,0.1976,1060.238864,2037-05-15,2037-05-15,51.78000000000003,7.1736,ok,,,22,7.173595210015815,-6.677239022657885e-05,6.6861731848409125,61.710726067456065,7.0059924088773595,3.421612260257656,-3.2672951802099837,-6.388240429950565,-12.220709546550134,6.9947268151781925,3.4202250000047765,-3.2659481848361365,-6.377619554503633,-12.138131848332705,4.17398986938443,8.34797973876886,corrigido IPCA,1.0049613280037892,55.8160382769516,5.678111066143643,279.39139842903575,279.39139842903575
2026-10-08,VLIM28,VLI MULTIMODAL S/A,VLI MULTIMODAL S.A.,VLI,CVM FRE,IPCA_MAIS,S,Quirografária,N,VLI MULTIMODAL S.A.,42276907000128,7.3232,0.1348,1030.703401,2037-10-15,2037-05-15,55.100000000000016,7.389,ok,,,23,7.388975682604376,-0.0003291026610400799,6.884788827210125,65.80493428321046,7.226240352695101,3.5261801151898364,-3.361622020513455,-6.567458300158691,-12.544322730052592,7.213813498626178,3.524650581459076,-3.3601382457510494,-6.555764155794074,-12.453478968756041,4.316859801379551,8.633719602759102,corrigido IPCA,0.9885852522374231,59.441336258340904,5.681517710916095,283.6302105688241,283.6302105688241
2026-10-08,VLIM29,VLI MULTIMODAL S/A,VLI MULTIMODAL S.A.,VLI,CVM FRE,IPCA_MAIS,S,Quirografária,S,VLI MULTIMODAL S.A.,42276907000128,7.2744,0.1335,962.361232,2041-03-15,2040-08-15,60.780000000000015,8.9679,ok,,,29,8.967903131301934,3.491678022936722e-05,8.359779342790018,96.95810591540877,8.866939500283898,4.303831701097693,-4.061337705590928,-7.89577722023248,-14.940946110192622,8.844569872367062,4.30108730378927,-4.058692039000747,-7.874988813212974,-14.780396567271861,3.433234865619579,6.866469731239158,corrigido IPCA,0.9387196009161856,57.40217181710604,5.6881863042674174,280.7076460185174,280.7076460185174
2026-10-08,VPLT12,VIAPAULISTA S.A.,VIAPAULISTA  S/A,Arteris,CVM FRE,IPCA_MAIS,S,Quirografária,N,VIAPAULISTA  S/A,28019100000189,6.9766,0.1654,220.50528,2027-06-15,2027-05-15,152.01000000000002,0.4961,ok,,,2,0.4961357174812157,0.0071996535407628705,0.46377966534851145,0.6959467056103982,0.4672880671818369,0.2327633343224056,-0.23102343744823006,-0.4603281180254881,-0.9138640064685233,0.4672593988765634,0.23275976605626872,-0.23101989929224273,-0.4602999318204595,-0.9136403965848149,161.94257228047644,323.8851445609529,corrigido IPCA,0.9982722509115136,150.21134395583297,7.358926805127974,394.48345926697215,394.48345926697215
2026-10-08,VRDN12,VIARONDON CONCESSIONÁRIA DE RODOVIA S/A,VIARONDON CONCESSIONARIA DE RODOVIA S/A,Isolada (a identificar),,IPCA_MAIS,S,Quirografária,N,VIARONDON CONCESSIONARIA DE RODOVIA S/A,10635691000153,8.319,0.1072,1205.590195,2034-12-15,2030-08-15,156.9000000000001,3.6843,ok,,,17,3.684307090769686,0.00019245907461607425,3.401348877638905,19.78831514842028,3.5027784608460344,1.7257174332106384,-1.676240046898858,-3.3047896746629113,-6.4255919181474885,3.5002904533810066,1.7254098327549778,-1.6759390448839273,-3.3024073018968036,-6.406931452309404,23.565994142810478,47.131988285620956,corrigido IPCA,0.9232639405301932,160.31233545618687,5.445594798152098,398.7079809626394,398.7079809626394
2026-10-08,WDPR11,WINDEPAR HOLDING S. A.,WINDEPAR HOLDING S.  A.,Windepar Holding,inferido,IPCA_MAIS,S,Real,N,WINDEPAR HOLDING S.  A.,23733733000130,6.3261,0.2423,728.666846,2028-12-15,2028-08-15,-35.84999999999994,1.1683,fluxo divergente da ANBIMA,,,5,1.2080828946048676,3.4051951215328025,1.1362054045101508,2.7892947711847973,1.150316723878575,0.5716098096234301,-0.5646363432396106,-1.1224201022288938,-2.21790005980369,1.150151878366075,0.5715893207190564,-0.5646160837910944,-1.122258930654227,-2.216624913596606,-4.095699383814152,-8.191398767628304,corrigido IPCA,0.9277272160316553,-9.307111550277067,5.752207390951258,198.775177225712,198.775177225712
2026-10-08,WNTY12,WINITY S.A.,WINITY S.A.,Winity,inferido,IPCA_MAIS,S,Quirografária,N,WINITY S.A.,34622881000102,8.3756,0.1291,1070.203434,2035-08-15,2032-08-15,163.02000000000004,4.5781,ok,,,18,4.578062676663771,-0.0008152582125498583,4.2242558995417525,26.17274498964059,4.358542837583146,2.145266945783364,-2.079825706631455,-4.0966652727132065,-7.950676412746094,4.355119624489955,2.1448438810079273,-2.0794120185338256,-4.09339217459355,-7.925056899290693,19.31665309719555,38.6333061943911,corrigido IPCA,1.02200109268571,163.19697161045954,5.544051488688728,403.8794961900813,403.8794961900813
2026-10-08,XNGU17,XINGU RIO TRANSMISSORA DE ENERGIA S.A.,XINGU RIO TRANSMISSORA DE ENERGIA S.A.,Isolada (a identificar),,IPCA_MAIS,S,Real,N,XINGU RIO TRANSMISSORA DE ENERGIA S.A.,23093056000133,6.7473,0.0627,1081.836564,2034-12-15,2031-05-15,0.9299999999999642,4.0131,ok,,,17,4.013113107353503,0.00032661417614853453,3.75945162767911,22.822492276749145,3.87651954818089,1.9086192241143163,-1.8515549704176015,-3.6481661800510934,-7.084585547744338,3.8735640890628558,1.9082539291854914,-1.8511976984936185,-3.645339166295364,-7.062453409823237,0.2437833162223756,0.4875666324447512,corrigido IPCA,0.9433314694505427,1.8329831699464423,5.484520088383338,212.9584923706706,212.9584923706706
