data_referencia,codigo,emissor,emissor_atual,grupo_risco,fonte_grupo,indexador_tipo,incentivada,garantia,resgate_antecipado_snd,emissor_snd,cnpj_snd,taxa_indicativa,desvio_padrao,pu_anbima,vencimento,ntnb_referencia,spread_ntnb_bps,duration_anbima_anos,status,metodo_di,spread_di_bps,n_fluxos,duration_mac_modelo_anos,erro_duration_pct,duration_mod_anos,convexidade,choque_-100_pct,choque_-50_pct,choque_50_pct,choque_100_pct,choque_200_pct,choque_-100_aprox_pct,choque_-50_aprox_pct,choque_50_aprox_pct,choque_100_aprox_pct,choque_200_aprox_pct,breakeven_6m_bps,breakeven_12m_bps,leitura_vna_snd,preco_real_por_saldo,zspread_bps,inflacao_implicita_na_duration_pct,zspread_grossup_bps,zspread_comparavel_bps
2026-10-05,AALM12,AURA ALMAS MINERACAO S.A.,AURA ALMAS MINERACAO S.A.,Aura Almas,CVM FRE,DI_MAIS,N,Real,S,AURA ALMAS MINERACAO S.A.,08213823000107,0.7476,0.0231,1018.649302,2030-10-02,,,2.1299,ok DI+,ok DI+,74.76,8,2.1300043572827456,0.004899632975514956,2.1141986084857063,7.618156135812031,2.152914894821145,1.066699596495324,-1.0476530496247305,-2.0767148208539754,-4.080819055157847,2.1522893891647668,1.0666219994126183,-1.0475766090730882,-2.0761078278066463,-4.0760340942551725,17.680458141429487,35.36091628285897,,,,,,
2026-10-05,ABSP12,AGUAS DE BOMBINHAS SANEAMENTO SPE S.A.,AGUAS DE BOMBINHAS SANEAMENTO SPE S.A.,Isolada (a identificar),,DI_MAIS,N,Quirografária,S,AGUAS DE BOMBINHAS SANEAMENTO SPE S.A.,26025075000110,,,,2026-10-15,,,,fora do escopo (não IPCA+ nem DI+),,,,,,,,,,,,,,,,,,,,,,,,,
2026-10-05,ACOV15,ACO VERDE DO BRASIL S/A,ACO VERDE DO BRASIL S/A,Aco Verde,CVM FRE,DI_MAIS,N,Quirografária,S,ACO VERDE DO BRASIL S/A,07636657000199,1.5401,0.1299,1036.247024,2032-06-10,,,2.437,ok DI+,ok DI+,154.01,12,2.4372439912762034,0.010011952244709028,2.400277320266775,10.52121372057719,2.45392509058755,1.2134192240591979,-1.1871139168717404,-2.348676568061392,-4.5980343554096414,2.452883388869661,1.213290177284109,-1.186987142982666,-2.347671251663889,-4.590130366122006,32.08170962155381,64.16341924310763,,,,,,
2026-10-05,ADPA21,AGUAS DO PARA A SPE S.A.,AGUAS DO PARA A SPE S.A.,Aegea,CVM FRE,DI_MAIS,N,Real,S,AGUAS DO PARA A SPE S.A.,61067901000195,2.7622,0.2166,1048.719341,2027-11-27,,,1.0731,ok DI+,ok DI+,276.22,2,1.0738341280977055,0.06841189988869317,1.044969967651243,2.1307903699293784,1.0557322360373655,0.5251619433534582,-0.5198348335833214,-1.0344221895355332,-2.048165195126539,1.0556239195008899,0.5251484717880331,-0.5198214958632098,-1.034316015801596,-2.0473241279038983,132.16647777009987,264.33295554019975,,,,,,
2026-10-05,AEGE16,EQUIPAV SANEAMENTO S.A.,EQUIPAV SANEAMENTO S.A.,Isolada (a identificar),,DI_MAIS,N,Quirografária,S,EQUIPAV SANEAMENTO S.A.,15385166000140,7.1712,1.1739,907.591114,2034-03-11,,,3.4076,ok DI+,ok DI+,717.12,15,3.40192696091267,-0.16648195466985793,3.1742921241085944,16.47265400647095,3.2585236313768418,1.6079680665234575,-1.5667818761726293,-3.09372416719339,-6.033217426643322,3.256655394140949,1.607736879562386,-1.5665552445462083,-3.0919288540762397,-6.01913116808777,112.95746767499885,225.9149353499977,,,,,,
2026-10-05,AEGE17,EQUIPAV SANEAMENTO S.A.,EQUIPAV SANEAMENTO S.A.,Isolada (a identificar),,DI_MAIS,N,Real,S,EQUIPAV SANEAMENTO S.A.,15385166000140,6.6806,0.1362,930.140177,2035-06-15,,,3.8709,ok DI+,ok DI+,668.0600000000001,18,3.8638706060315258,-0.18159585544638246,3.6219055817379413,21.948238362182312,3.7344953820110938,1.8387401531416492,-1.7838617799347367,-3.514888488582102,-6.826170308105162,3.731646773548852,1.8383880888216981,-1.7835174929162427,-3.512164389927029,-6.804846396232235,92.2249331082006,184.4498662164012,,,,,,
2026-10-05,AEGP17,AEGEA SANEAMENTO E PARTICIPAÇÕES S/A,AEGEA SANEAMENTO E PARTICIPACOES S/A,Aegea,CVM FRE,DI_MAIS,N,Quirografária,S,AEGEA SANEAMENTO E PARTICIPACOES S/A,08827501000158,2.818,0.3689,357.78583,2027-04-12,,,0.4681,ok DI+,ok DI+,281.8,2,0.46892054378390474,0.17529241271196877,0.4560685325370117,0.6664555378294095,0.45942808251480116,0.2288707301452586,-0.22720456249128995,-0.4527630663822779,-0.899020651598248,0.45940081022615864,0.22886733569079257,-0.22720119684621906,-0.4527362548478646,-0.8988079543174351,308.9447965554726,617.8895931109452,,,,,,
2026-10-05,AEGP19,AEGEA SANEAMENTO E PARTICIPAÇÕES S/A,AEGEA SANEAMENTO E PARTICIPACOES S/A,Aegea,CVM FRE,DI_MAIS,N,Quirografária,S,AEGEA SANEAMENTO E PARTICIPACOES S/A,08827501000158,3.2969,0.4739,654.342338,2028-10-04,,,1.3722,ok DI+,ok DI+,329.69,4,1.3728643320116871,0.0484136431778917,1.329046982060146,3.3156013652830896,1.3458238569039382,0.6686927080364002,-0.6604034231878386,-1.3126633383072073,-2.5933194099445167,1.3456249888865615,0.668667992736677,-0.6603789893234692,-1.3124689752337306,-2.5917819368146304,124.03248510031976,248.06497020063952,,,,,,
2026-10-05,AEGPA4,AEGEA SANEAMENTO E PARTICIPAÇÕES S/A,AEGEA SANEAMENTO E PARTICIPACOES S/A,Aegea,CVM FRE,DI_MAIS,N,Quirografária,S,AEGEA SANEAMENTO E PARTICIPACOES S/A,08827501000158,3.2604,0.6857,1075.021832,2028-10-25,,,0.9159,ok DI+,ok DI+,326.04,5,0.9174628403132356,0.17063438292777627,0.8884943698777416,2.213092619416198,0.8996933443832678,0.4470301429077006,-0.4414972211811863,-0.8775593747335608,-1.7337588583893226,0.8995598329748226,0.447013550713141,-0.4414808191646006,-0.8774289067806605,-1.732726887367159,183.4789341686339,366.9578683372678,,,,,,
2026-10-05,AEGPA9,AEGEA SANEAMENTO E PARTICIPAÇÕES S/A,AEGEA SANEAMENTO E PARTICIPACOES S/A,Aegea,CVM FRE,DI_MAIS,N,Quirografária,S,AEGEA SANEAMENTO E PARTICIPACOES S/A,08827501000158,2.9256,0.1972,1042.166542,2029-06-25,,,1.8544,ok DI+,ok DI+,292.56,6,1.8560748265128648,0.09031635638830719,1.8033169848053983,5.534930905403282,1.8313791435168314,0.9086252783555793,-0.8947873317942334,-1.776019921077232,-3.498917858285522,1.8309916393324146,0.9085771560344532,-0.894739828770945,-1.775642330278382,-3.495935351502731,81.11718640291383,162.23437280582766,,,,,,
2026-10-05,AEGPB3,AEGEA SANEAMENTO E PARTICIPAÇÕES S/A,AEGEA SANEAMENTO E PARTICIPACOES S/A,Aegea,CVM FRE,DI_MAIS,N,Quirografária,S,AEGEA SANEAMENTO E PARTICIPACOES S/A,08827501000158,4.6065,0.6152,923.706563,2032-08-22,,,3.5012,ok DI+,ok DI+,460.6499999999999,12,3.4966666406951545,-0.12948015836985405,3.3426858184674515,17.015815464445808,3.4295990344231697,1.6928397862070454,-1.6502960406796219,-3.259373535008614,-6.358933668376132,3.4277648957896805,1.6926126785642832,-1.6500731399031683,-3.2576067411452225,-6.345055327645987,68.9041724255135,137.808344851027,,,,,,
2026-10-05,AEGPB5,AEGEA SANEAMENTO E PARTICIPAÇÕES S/A,AEGEA SANEAMENTO E PARTICIPACOES S/A,Aegea,CVM FRE,DI_MAIS,N,Quirografária,S,AEGEA SANEAMENTO E PARTICIPACOES S/A,08827501000158,4.5364,0.4478,964.782921,2030-12-15,,,3.0831,ok DI+,ok DI+,453.64000000000004,9,3.0834742337152483,0.012138228252355167,2.949665603287705,13.39831059460911,3.01794045888355,1.4917397549942146,-1.4582413462876809,-2.8839152166981186,-5.641133295928635,3.0166571562607505,1.491580689887114,-1.4580849134005913,-2.8826740503146597,-5.631364994683228,76.89685222188773,153.79370444377545,,,,,,
2026-10-05,AEGPB7,AEGEA SANEAMENTO E PARTICIPAÇÕES S/A,AEGEA SANEAMENTO E PARTICIPACOES S/A,Aegea,CVM FRE,DI_MAIS,N,Quirografária,S,AEGEA SANEAMENTO E PARTICIPACOES S/A,08827501000158,3.3712,0.2402,1003.376564,2028-09-15,,,1.3147,ok DI+,ok DI+,337.12,4,1.315266281984153,0.04307309531855048,1.272372074605067,3.114157053217003,1.2881271705869057,0.6401016411223148,-0.6323159903086961,-1.2569814675837732,-2.483886439714744,1.2879428598711522,0.6400787336190549,-0.6322933409860123,-1.2568012893389822,-2.482461008145794,132.47697223496476,264.9539444699295,,,,,,
2026-10-05,AERI11,AERIS INDUSTRIA E COMERCIO DE EQUIPAMENTOS PARA GERACAO DE ENERGIA S.A,AERIS INDUSTRIA E COMERCIO DE EQUIPAMENTOS PARA GERACAO DE ENERGIA S.A.,Isolada (a identificar),,DI_MAIS,N,Quirografária,N,AERIS INDUSTRIA E COMERCIO DE EQUIPAMENTOS PARA GERACAO DE ENERGIA S.A.,12528708000107,,,123.405283,2030-03-30,,,,fora do escopo (não IPCA+ nem DI+),,,,,,,,,,,,,,,,,,,,,,,,,
2026-10-05,AERI12,AERIS INDUSTRIA E COMERCIO DE EQUIPAMENTOS PARA GERACAO DE ENERGIA S.A,AERIS INDUSTRIA E COMERCIO DE EQUIPAMENTOS PARA GERACAO DE ENERGIA S.A.,Isolada (a identificar),,DI_MAIS,N,Quirografária,S,AERIS INDUSTRIA E COMERCIO DE EQUIPAMENTOS PARA GERACAO DE ENERGIA S.A.,12528708000107,,,147.65682,2030-03-30,,,,fora do escopo (não IPCA+ nem DI+),,,,,,,,,,,,,,,,,,,,,,,,,
2026-10-05,AESLA8,RGE SUL DISTRIBUIDORA DE ENERGIA S/A,RGE SUL DISTRIBUIDORA DE ENERGIA S/A,CPFL,CVM FRE,DI_MAIS,N,Quirografária,S,RGE SUL DISTRIBUIDORA DE ENERGIA S/A,02016440000162,0.4037,0.0167,1010.859181,2029-09-10,,,2.0901,ok DI+,ok DI+,40.37,12,2.09077129882059,0.0321180240462245,2.0823647921546615,6.89983808133433,2.117374900432001,1.0498706229135735,-1.032620173973331,-2.048362853961483,-4.03065823343497,2.116863982561333,1.0498071936789986,-1.032557598475663,-2.04786560174799,-4.026732822682636,9.693306415882207,19.386612831764413,,,,,,
2026-10-05,ALGAA2,ALGAR TELECOM S/A,ALGAR TELECOM S.A.,Algar Telecom,CVM FRE,DI_MAIS,N,Quirografária,S,ALGAR TELECOM S.A.,71208516000174,1.1376,0.0846,1040.091863,2029-01-15,,,1.5629,ok DI+,ok DI+,113.75999999999999,5,1.5640800036820512,0.07550090741898326,1.5464871656852162,4.2856932779541514,1.5681946037989336,0.7786353557833969,-0.7679207001848876,-1.5253309100585755,-3.009412046143256,1.5679156320749872,0.7786006994400508,-0.7678864662451654,-1.5250586992954456,-3.0072604658113495,36.78013064841547,73.56026129683094,,,,,,
2026-10-05,ALGTA5,ALGAR TELECOM S/A,ALGAR TELECOM S.A.,Algar Telecom,CVM FRE,DI_MAIS,N,Quirografária,S,ALGAR TELECOM S.A.,71208516000174,0.9514,0.0823,1040.278159,2032-01-28,,,3.5672,ok DI+,ok DI+,95.14,11,3.5631236785625013,-0.1142722986515701,3.529543600745013,18.540317975024124,3.6242837764344005,1.7881995875186352,-1.7418440533839452,-3.4388047313625103,-6.703694365423063,3.622245190620134,1.7879471978412866,-1.7415964029037265,-3.436842010869892,-6.688280841989544,13.47766322817459,26.95532645634918,,,,,,
2026-10-05,ALGTA6,ALGAR TELECOM S/A,ALGAR TELECOM S.A.,Algar Telecom,CVM FRE,DI_MAIS,N,Quirografária,S,ALGAR TELECOM S.A.,71208516000174,1.0669,0.0907,1024.086063,2033-02-22,,,4.1462,ok DI+,ok DI+,106.69,13,4.1369388164905985,-0.22336557593463555,4.093267742941159,24.7617847882692,4.220179690852643,2.0779698204565378,-2.0160572805291155,-3.972432523053948,-7.714600854603804,4.217076666882505,2.077586102455916,-2.015681640485243,-3.9694588189998132,-7.691299790116934,13.032374950794132,26.064749901588264,,,,,,
2026-10-05,AMBP16,AMBIPAR PARTICIPACOES E EMPREENDIMENTOS S/A,AMBIPAR PARTICIPACOES E EMPREENDIMENTOS S/A,Ambipar Empreendimentos,CVM FRE,DI_MAIS,N,Quirografária,S,AMBIPAR PARTICIPACOES E EMPREENDIMENTOS S/A,12648266000124,,,194.400713,2029-04-25,,,,fora do escopo (não IPCA+ nem DI+),,,,,,,,,,,,,,,,,,,,,,,,,
2026-10-05,ANHBA5,CONCESSIONÁRIA DO SISTEMA ANHANGUERA-BANDEIRANTES S/A,CONCESSIONARIA DO SISTEMA ANHANGUERA-BANDEIRANTES S/A,Motiva (ex-CCR),CVM FRE,DI_MAIS,N,Quirografária,S,CONCESSIONARIA DO SISTEMA ANHANGUERA-BANDEIRANTES S/A,02451848000162,0.4899,0.0575,1058.103897,2030-11-05,,,2.7916,ok DI+,ok DI+,48.989999999999995,9,2.7946772779254005,0.11023348350052621,2.78105289976943,12.01272040056163,2.8422278096313924,1.4056801206877578,-1.3756460862768605,-2.7220648547541137,-5.33031915679123,2.841116501772238,1.4055423503854167,-1.375510549384013,-2.7209892977666215,-5.321851391527627,8.807815199067525,17.61563039813505,,,,,,
2026-10-05,ANHBA6,CONCESSIONÁRIA DO SISTEMA ANHANGUERA-BANDEIRANTES S/A,CONCESSIONARIA DO SISTEMA ANHANGUERA-BANDEIRANTES S/A,Motiva (ex-CCR),CVM FRE,DI_MAIS,N,Quirografária,S,CONCESSIONARIA DO SISTEMA ANHANGUERA-BANDEIRANTES S/A,02451848000162,0.5454,0.0441,1029.285738,2032-07-15,,,3.8437,ok DI+,ok DI+,54.54,12,3.8382170692199087,-0.14264720920184804,3.817396986057948,21.5850633606131,3.9278577298448525,1.9359935432347486,-1.8820246475733104,-3.7119072458954405,-7.222198985287109,3.925322302861014,1.9356798222297407,-1.8817171638282078,-3.7094716692548833,-7.203092704903636,7.143611235508541,14.287222471017081,,,,,,
2026-10-05,ANIM15,ANIMA HOLDING S/A,ANIMA HOLDING S/A,Anima Holding,CVM FRE,DI_MAIS,N,Quirografária,S,ANIMA HOLDING S/A,09288252000132,1.8173,0.2099,796.833067,2029-05-15,,,1.3596,ok DI+,ok DI+,181.73,6,1.3616160796145014,0.14828476129019225,1.3373130888508156,3.7692644788241303,1.3564129358340171,0.673399613534742,-0.6639760558877383,-1.3187139447140783,-2.6011938345982366,1.356159411244936,0.6733681250239378,-0.6639449638268776,-1.318466766456695,-2.5992408881251485,67.9459438164046,135.8918876328092,,,,,,
2026-10-05,ANIM17,ANIMA HOLDING S/A,ANIMA HOLDING S/A,Anima Holding,CVM FRE,DI_MAIS,N,Quirografária,S,ANIMA HOLDING S/A,09288252000132,1.8159,0.313,1055.722232,2029-05-15,,,1.7618,ok DI+,ok DI+,181.59,6,1.7645448397811623,0.15579746742889344,1.7330739499244836,5.236228894600204,1.7596180166024045,0.8731273325172317,-0.8600361838890236,-1.7072465006245041,-3.3642173040046686,1.7592550943974847,0.8730822610804921,-0.8599916888439916,-1.7068928054514827,-3.3614233219569636,52.38957056850129,104.77914113700258,,,,,,
2026-10-05,ANIM18,ANIMA HOLDING S/A,ANIMA HOLDING S/A,Anima Holding,CVM FRE,DI_MAIS,N,Quirografária,S,ANIMA HOLDING S/A,09288252000132,2.0228,0.1483,1060.203973,2029-10-15,,,2.1511,ok DI+,ok DI+,202.28000000000003,7,2.1554970437360903,0.20440908075358138,2.1127601317902376,7.397945530750805,2.1503229561719905,1.0656986284672376,-1.0472027723372745,-2.0763276177537815,-4.081957989581298,2.1497498594439914,1.0656274978085571,-1.0471326339816802,-2.0757704041364833,-4.077561352965459,47.87102827158117,95.74205654316233,,,,,,
2026-10-05,APFL18,AUTOPISTA FLUMINENSE S/A,AUTOPISTA FLUMINENSE S/A,Arteris,CVM FRE,DI_MAIS,N,Real,S,AUTOPISTA FLUMINENSE S/A,09324949000111,2.4115,0.0971,1012.917778,2029-01-15,,,1.9479,ok DI+,ok DI+,241.15,5,1.9493743694018064,0.0756901997949819,1.9034721387752414,5.838789777999869,1.9330684401822396,0.9590845297224426,-0.9444869254145338,-1.874670459961647,-3.6932677391864566,1.9326660876652406,0.9590345566101204,-0.9444375821651206,-1.8742781898852416,-3.6901684819904848,63.34476746141504,126.68953492283008,,,,,,
2026-10-05,APPSB2,AUTOPISTA PLANALTO SUL S/A,AUTOPISTA PLANALTO SUL S/A,Arteris,CVM FRE,DI_MAIS,N,Quirografária,S,AUTOPISTA PLANALTO SUL S/A,09325109000173,1.3711,0.0414,508.442792,2028-09-15,,,1.1035,ok DI+,ok DI+,137.10999999999999,4,1.1039518539045192,0.04094734069046624,1.0890202966175953,2.5624113612430306,1.1019812529613704,0.5477316697516166,-0.5413254345291163,-1.076353829020571,-2.127944266214543,1.1018323534238106,0.5477131625103515,-0.5413071341072438,-1.0762082398113801,-2.12679236601033,62.95107649777145,125.9021529955429,,,,,,
2026-10-05,APRB28,AUTOPISTA REGIS BITTENCOURT S/A,AUTOPISTA REGIS BITTENCOURT S/A,Arteris,CVM FRE,DI_MAIS,N,Quirografária,S,AUTOPISTA REGIS BITTENCOURT S/A,09336431000106,0.6195,0.0729,323.814545,2027-06-15,,,0.4942,ok DI+,ok DI+,61.95000000000001,2,0.49445444424296797,0.05148608720517997,0.4914101583122238,0.785149082475445,0.49537036740485707,0.2466908039159943,-0.24472789268252804,-0.4875182597774641,-0.9673857091574645,0.495335903724601,0.2466865155092062,-0.24472364280301756,-0.4874844128998465,-0.9671173349749386,63.03288500666208,126.06577001332415,,,,,,
2026-10-05,ARML13,ARMAC LOCACAO LOGISTICA E SERVICOS S.A.,ARMAC LOCACAO LOGISTICA E SERVICOS S.A.,Isolada (a identificar),,DI_MAIS,N,Quirografária,S,ARMAC LOCACAO LOGISTICA E SERVICOS S.A.,00242184000104,3.0918,0.1606,1050.313887,2029-11-04,,,2.0677,ok DI+,ok DI+,309.18,7,2.0712832660376717,0.17329719193653742,2.009163935480486,6.768550660999224,2.0435157252433056,1.0131058463691556,-0.9961836086644804,-1.9758164367142395,-3.8868658599750416,2.043006688785482,1.013042656066492,-0.996121279413994,-1.97532118217549,-3.8829568577409876,76.94245216631873,153.88490433263746,,,,,,
2026-10-05,ARML14,ARMAC LOCACAO LOGISTICA E SERVICOS S.A.,ARMAC LOCACAO LOGISTICA E SERVICOS S.A.,Isolada (a identificar),,DI_MAIS,N,Quirografária,S,ARMAC LOCACAO LOGISTICA E SERVICOS S.A.,00242184000104,3.6343,0.0928,952.892634,2032-03-15,,,3.324,ok DI+,ok DI+,363.43,11,3.3204796159242744,-0.10590806485335179,3.2040353588766215,15.489962117141811,3.2830804098523902,1.6215777301598289,-1.5828493019613976,-3.128124394440679,-6.1103675038983285,3.281485169462331,1.621380132084738,-1.5826552267918836,-3.1265855482909126,-6.0982714754104075,56.714417803339025,113.42883560667805,,,,,,
2026-10-05,ARML15,ARMAC LOCACAO LOGISTICA E SERVICOS S.A.,ARMAC LOCACAO LOGISTICA E SERVICOS S.A.,Isolada (a identificar),,DI_MAIS,N,Quirografária,S,ARMAC LOCACAO LOGISTICA E SERVICOS S.A.,00242184000104,3.7717,0.1468,919.961371,2032-09-25,,,3.6416,ok DI+,ok DI+,377.17,12,3.6361174888535106,-0.15055226127222496,3.503958679344668,18.315680387222052,3.5975570750524266,1.7751240120688294,-1.7293300852255333,-3.4143246173581665,-6.656871147850851,3.5955370812807788,1.7748739401563616,-1.7290847391883066,-3.4123802774085576,-6.6416037509448955,53.820554766151055,107.64110953230211,,,,,,
2026-10-05,ARML25,ARMAC LOCACAO LOGISTICA E SERVICOS S.A.,ARMAC LOCACAO LOGISTICA E SERVICOS S.A.,Isolada (a identificar),,DI_MAIS,N,Quirografária,S,ARMAC LOCACAO LOGISTICA E SERVICOS S.A.,00242184000104,4.3745,0.0557,887.936873,2034-09-25,,,4.4583,ok DI+,ok DI+,437.45000000000005,16,4.4446348514107505,-0.3065102974059581,4.258353191067503,27.689165568090605,4.400558040160951,2.1642524887719228,-2.0950190312354233,-4.123497587427671,-7.99100986140715,4.396799018907956,2.1637880524938646,-2.094565138573638,-4.119907363227051,-7.9629230707731935,51.363752649452984,102.72750529890597,,,,,,
2026-10-05,ARML26,ARMAC LOCACAO LOGISTICA E SERVICOS S.A.,ARMAC LOCACAO LOGISTICA E SERVICOS S.A.,Isolada (a identificar),,DI_MAIS,N,Quirografária,S,ARMAC LOCACAO LOGISTICA E SERVICOS S.A.,00242184000104,3.6977,0.1032,999.387149,2030-11-05,,,2.9959,ok DI+,ok DI+,369.77000000000004,9,2.998584819019487,0.08961644312184153,2.89165991050861,13.039634307169269,2.958098526309194,1.4622832579655354,-1.4296816412375013,-2.8276616687545997,-5.531971713756711,2.9568580820444565,1.4621294981382666,-1.4295304123703434,-2.826461738972764,-5.522527134873835,63.93732517717855,127.8746503543571,,,,,,
2026-10-05,ARTRA1,ARTERIS S/A,ARTERIS S.A.,Arteris,CVM FRE,DI_MAIS,N,Quirografária,S,ARTERIS S.A.,02919555000167,1.844,0.137,336.143924,2027-03-11,,,0.4206,ok DI+,ok DI+,184.4,1,0.4206349206349206,0.00830257606291249,0.4130188529858613,0.5761252263915301,0.4159224948813822,0.2072324478800125,-0.20579211078612936,-0.4101608590282746,-0.8146947654753545,0.4158994791178189,0.20722958302592004,-0.20578926995994123,-0.4101382268539036,-0.814515201443892,223.2343616603774,446.4687233207548,,,,,,
2026-10-05,ARTRA4,ARTERIS S/A,ARTERIS S.A.,Arteris,CVM FRE,DI_MAIS,N,Quirografária,S,ARTERIS S.A.,02919555000167,2.6272,0.1221,679.33976,2028-08-24,,,1.2578,ok DI+,ok DI+,262.72,4,1.2583773213791127,0.04589929870509661,1.2261635525271202,2.9660596012024723,1.241168356701139,0.616811040079801,-0.6093956473551709,-1.2115038599951222,-2.394355659460645,1.2409938505331324,0.6167893507650631,-0.609374201762057,-1.211333254521108,-2.3930059130301906,107.13089597979598,214.26179195959196,,,,,,
2026-10-05,ARTRA5,ARTERIS S/A,ARTERIS S.A.,Arteris,CVM FRE,DI_MAIS,N,Quirografária,S,ARTERIS S.A.,02919555000167,2.6541,0.1264,1074.482322,2029-04-12,,,1.2611,ok DI+,ok DI+,265.41,6,1.2639080877602666,0.22266971376310607,1.2312300120114703,3.3762131029373244,1.248332823123266,0.6198628175987819,-0.6114219452405645,-1.214565256461353,-2.3966452613373157,1.2481110775261568,0.6198352723844068,-0.6113947396270635,-1.2143489464967838,-2.3949357619641938,107.78246038950819,215.56492077901638,,,,,,
2026-10-05,ASAI18,SENDAS DISTRIBUIDORA S/A,SENDAS  DISTRIBUIDORA S/A,Sendas Distribuidora,inferido,DI_MAIS,N,Quirografária,S,SENDAS  DISTRIBUIDORA S/A,06057223000171,2.1377,0.0807,1041.518116,2027-12-22,,,1.1006,ok DI+,ok DI+,213.77,3,1.1017189447898648,0.10166679900642737,1.0786604209707726,2.291411877581226,1.0902376074939601,0.5422094139312383,-0.5364807320558662,-1.0673210531337962,-2.1124246844754224,1.0901174803586788,0.5421944753323629,-0.5364659456384098,-1.0672033615828664,-2.111492604389921,99.09049958818886,198.18099917637772,,,,,,
2026-10-05,ASAI19,SENDAS DISTRIBUIDORA S/A,SENDAS  DISTRIBUIDORA S/A,Sendas Distribuidora,inferido,DI_MAIS,N,Quirografária,S,SENDAS  DISTRIBUIDORA S/A,06057223000171,2.2287,0.1223,986.510501,2029-03-25,,,1.7575,ok DI+,ok DI+,222.86999999999998,5,1.7582700224047871,0.04381350809599283,1.7199377693395175,4.991962274975693,1.745232617640946,0.8662504530373427,-0.8537700289965477,-1.695304697735578,-3.3426181921201503,1.744897580714396,0.8662088375134784,-0.8537289318260392,-1.6949779579646391,-3.340036293179521,64.79013484470008,129.58026968940015,,,,,,
2026-10-05,ASAI22,SENDAS DISTRIBUIDORA S/A,SENDAS  DISTRIBUIDORA S/A,Sendas Distribuidora,inferido,DI_MAIS,N,Quirografária,S,SENDAS  DISTRIBUIDORA S/A,06057223000171,2.1616,0.107,1056.989586,2028-05-20,,,0.9937,ok DI+,ok DI+,216.16,4,0.9950975125215956,0.14063726694128909,0.9740426075174973,2.1716960908013485,0.9850219601454269,0.4897509506303299,-0.4843215484773844,-0.9633024083805619,-1.9055875061016914,0.984901087971504,0.4897359238722504,-0.484306683645247,-0.9631841270634908,-1.9046512932189679,110.96023845964922,221.92047691929844,,,,,,
2026-10-05,ASAI28,SENDAS DISTRIBUIDORA S/A,SENDAS  DISTRIBUIDORA S/A,Sendas Distribuidora,inferido,DI_MAIS,N,Quirografária,S,SENDAS  DISTRIBUIDORA S/A,06057223000171,2.288,0.261,1038.575811,2028-12-22,,,1.8791,ok DI+,ok DI+,228.79999999999998,5,1.881027971637238,0.10260080023617758,1.8389527331038225,5.551587913690083,1.8670886828465516,0.9264628039939993,-0.9125832479026985,-1.8115634184113438,-3.569786483305859,1.8667106726722726,0.9264158514440238,-0.9125368816597985,-1.811194793535372,-3.5668737079338433,62.20932052283547,124.41864104567094,,,,,,
2026-10-05,ASAIA0,SENDAS DISTRIBUIDORA S/A,SENDAS  DISTRIBUIDORA S/A,Sendas Distribuidora,inferido,DI_MAIS,N,Quirografária,S,SENDAS  DISTRIBUIDORA S/A,06057223000171,2.246,0.0802,1024.036767,2029-06-20,,,1.8664,ok DI+,ok DI+,224.6,6,1.8682400444850733,0.09858789568545032,1.8272011076081933,5.647675672894345,1.8558373725464872,0.9207095581186042,-0.9065897291701375,-1.799350375945108,-3.544510408008894,1.8554394859726648,0.9206601483952146,-0.9065409592129788,-1.7989627292437218,-3.5414487017584997,61.46012036244916,122.92024072489832,,,,,,
2026-10-05,ASAIA1,SENDAS DISTRIBUIDORA S/A,SENDAS  DISTRIBUIDORA S/A,Sendas Distribuidora,inferido,DI_MAIS,N,Quirografária,S,SENDAS  DISTRIBUIDORA S/A,06057223000171,2.2592,0.1739,982.231599,2029-09-25,,,2.1419,ok DI+,ok DI+,225.92,6,2.1425988738413926,0.0326286867450602,2.095262698946787,6.955562289707072,2.1305579935922747,1.056390044548583,-1.0390002702031609,-2.060988465784319,-4.055389256137321,2.1300405103953226,1.0563258023355273,-1.0389368966112598,-2.0604848874982515,-4.051414152099433,53.91209420030286,107.82418840060572,,,,,,
2026-10-05,ASAIA2,SENDAS DISTRIBUIDORA S/A,SENDAS  DISTRIBUIDORA S/A,Sendas Distribuidora,inferido,DI_MAIS,N,Quirografária,S,SENDAS  DISTRIBUIDORA S/A,06057223000171,2.3128,0.081,1021.002056,2029-12-09,,,2.5321,ok DI+,ok DI+,231.28000000000003,7,2.5344739712503586,0.09375503536032401,2.477181712601315,9.510753099384694,2.5255231435038494,1.2505770241325154,-1.226798708826382,-2.4303926821514277,-4.770178213266418,2.5247354780982385,1.2504792976748886,-1.2267024149264267,-2.429627947104392,-4.764148363214937,46.68208206598021,93.36416413196042,,,,,,
2026-10-05,ASAIA3,SENDAS DISTRIBUIDORA S/A,SENDAS  DISTRIBUIDORA S/A,Sendas Distribuidora,inferido,DI_MAIS,N,Quirografária,S,SENDAS  DISTRIBUIDORA S/A,06057223000171,2.3134,0.0802,1024.586557,2029-06-05,,,2.189,ok DI+,ok DI+,231.34000000000003,6,2.19148296214575,0.11342906102100658,2.141931518399105,7.2915995449690225,2.1789359041504808,1.0801480902461469,-1.0619181761019836,-2.106005257519239,-4.142228531915359,2.1783895161239504,1.080080258630764,-1.0618512597683414,-2.10547352067426,-4.13803104589883,54.00266021877889,108.00532043755778,,,,,,
2026-10-05,AURE13,AUREN ENERGIA S.A.,AUREN ENERGIA S.A.,Auren,CVM FRE,DI_MAIS,N,Quirografária,S,AUREN ENERGIA S.A.,28594234000123,0.847,0.0329,1059.630028,2031-10-10,,,2.9997,ok DI+,ok DI+,84.7,11,3.004628971013201,0.16431546531989866,2.9793935080004372,14.03306968568066,3.0509726589742936,1.5074132412619567,-1.4723274952220922,-2.910592788379951,-5.688855293234118,3.0495588564288405,1.5072380911073193,-1.4721554168931177,-2.909228159572034,-5.678125622287261,14.214302302223377,28.428604604446754,,,,,,
2026-10-05,AXIAA0,CENTRAIS ELETRICAS BRASILEIRAS S/A ELETROBRAS,AXIA ENERGIA S.A.,Axia (ex-Eletrobras),inferido,DI_MAIS,N,Quirografária,S,AXIA ENERGIA S.A.,00001180000126,0.6732,0.0311,1031.64604,2033-07-15,,,4.5475,ok DI+,ok DI+,67.32000000000001,14,4.53534956475725,-0.2671893401374467,4.505021758280506,30.332940485761284,4.660880686153179,2.2909452046225853,-2.2151009803995647,-4.35736120104605,-8.434702999796063,4.656686460709312,2.290427054747455,-2.2145947035330513,-4.353357055851699,-8.403384706845786,7.471662026522036,14.943324053044073,,,,,,
2026-10-05,AXIAB0,CENTRAIS ELETRICAS BRASILEIRAS S/A ELETROBRAS,AXIA ENERGIA S.A.,Axia (ex-Eletrobras),inferido,DI_MAIS,N,Quirografária,S,AXIA ENERGIA S.A.,00001180000126,0.7403,0.0304,1036.643314,2036-07-15,,,5.2589,ok DI+,ok DI+,74.03,20,5.237721341384282,-0.40272031443300765,5.19923143109985,41.891853930590806,5.415680688904234,2.6528420575930856,-2.5480888785077482,-4.996385171470951,-9.612128250175155,5.408690700752805,2.651980532963164,-2.5472508981366873,-4.989772161446897,-9.560625783587886,7.119321478668975,14.23864295733795,,,,,,
2026-10-05,AZZA11,AZZAS 2154 S.A.,AZZAS 2154 S.A.,Azzas 2154,inferido,DI_MAIS,N,Quirografária,S,AZZAS 2154 S.A.,16590234000176,1.4057,0.1258,998.953665,2030-03-28,,,2.5035,ok DI+,ok DI+ aprox,140.57,,,,2.4687961327617676,,2.4687961327617676,1.2343980663808838,-1.2343980663808838,-2.4687961327617676,-4.937592265523535,2.4687961327617676,1.2343980663808838,-1.2343980663808838,-2.4687961327617676,-4.937592265523535,28.469341420011986,56.93868284002397,,,,,,
2026-10-05,AZZA12,AZZAS 2154 S.A.,AZZAS 2154 S.A.,Azzas 2154,inferido,DI_MAIS,N,Quirografária,S,AZZAS 2154 S.A.,16590234000176,1.6475,0.2594,1008.494832,2030-08-15,,,2.7215,ok DI+,ok DI+,164.75,8,2.7215192280747758,0.0007065248861269689,2.6774089161806987,10.886019522283616,2.7327952040985037,1.352430566003271,-1.3252136784654533,-2.623905576600105,-5.144398773985559,2.7318390137921167,1.3523119824932037,-1.3250969336874947,-2.6229788185692806,-5.137097441915725,30.766686217474486,61.53337243494897,,,,,,
2026-10-05,AZZA13,AZZAS 2154 S.A.,AZZAS 2154 S.A.,Azzas 2154,inferido,DI_MAIS,N,Quirografária,S,AZZAS 2154 S.A.,16590234000176,1.9912,0.0766,1014.898414,2028-01-28,,,1.2134,ok DI+,ok DI+,199.12,3,1.2143352973470647,0.07708071098274735,1.1906275221264822,2.6540473818356327,1.204041728803884,0.5986492214150818,-0.592013915718681,-1.1774982588306893,-2.3292902664519666,1.2038977590356603,0.5986313202905357,-0.5919962018359465,-1.177357285217304,-2.3281740966162516,83.61977037300804,167.23954074601608,,,,,,
2026-10-05,BCBF16,BCBF PARTICIPAÇÕES S/A,HAPVIDA PARTICIPACOES E INVESTIMENTOS S.A.,Hapvida Investimentos,CVM FRE,DI_MAIS,N,Quirografária,S,HAPVIDA PARTICIPACOES E INVESTIMENTOS S.A.,05197443000138,4.4935,0.0208,707.603529,2027-10-07,,,0.4463,ok DI+,ok DI+,449.35,3,0.44740661795923525,0.24795383357277143,0.4281669366604002,0.808803825257754,0.43224980266927115,0.21509930568557323,-0.2130772503313838,-0.4241610307598509,-0.840459848611741,0.4322109557866889,0.2150944731117723,-0.21307246354862786,-0.4241229175341114,-0.8401577968156453,524.7369209598745,1049.473841919749,,,,,,
2026-10-05,BCPSA4,CLARO S/A,CLARO S/A,Claro,inferido,DI_MAIS,N,Quirografária,S,CLARO S/A,40432544000147,0.2473,0.0391,1021.083137,2027-02-20,,,0.369,ok DI+,ok DI+,24.73,1,0.3690476190476191,0.012904890953693661,0.3681372157131605,0.502754092287833,0.3706709557230514,0.18469953611459644,-0.1834426301481007,-0.3656430822749246,-0.7263751483957748,0.3706509861745997,0.18469705047194004,-0.18344016524122045,-0.36562344525172136,-0.7262193495805643,33.588019554193544,67.17603910838709,,,,,,
2026-10-05,BCPSA6,CLARO S/A,CLARO S/A,Claro,inferido,DI_MAIS,N,Quirografária,S,CLARO S/A,40432544000147,0.3538,0.01,1072.634242,2028-10-10,,,1.7107,ok DI+,ok DI+,35.38,5,1.714658661647844,0.2314059535771307,1.708613586777824,4.9815549996317445,1.733852371453093,0.860574856077978,-0.8481204634854023,-1.68402873654796,-3.320148255301203,1.7335213617759828,0.8605337371384516,-0.8480798496393724,-1.6837058117796653,-3.317596073563013,10.353423463850916,20.706846927701832,,,,,,
2026-10-05,BKBR19,BK BRASIL OPERAÇÃO E ASSESSORIA A RESTAURANTES S/A,ZAMP S.A.,Zamp,CVM FRE,DI_MAIS,N,Quirografária,S,ZAMP S.A.,13574594000196,1.5257,0.0493,536.004708,2027-04-24,,,0.5044,ok DI+,ok DI+,152.57,2,0.5051030982344331,0.13939298858706436,0.4975125492702174,0.7526362028998173,0.5013073523886025,0.2497010053549964,-0.2478193807112672,-0.49378044418179057,-0.9802188547993973,0.5012757302847165,0.24969706988873347,-0.2478154793814839,-0.4937493682557183,-0.9799723744824385,153.3328156483683,306.6656312967366,,,,,,
2026-10-05,BRIT11,BRISANET PARTICIPACOES S.A.,BRISANET SERVICOS DE TELECOMUNICACOES S.A.,Brisanet Servicos,inferido,DI_MAIS,N,Quirografária,S,BRISANET SERVICOS DE TELECOMUNICACOES S.A.,04601397000128,0.962,0.0417,341.845465,2027-08-25,,,0.8465,ok DI+,ok DI+,96.2,2,0.8468655371764924,0.04318218269253959,0.8387963166106975,1.5499635406716747,0.8466202683952595,0.4213448348573179,-0.4174698380072783,-0.8311192250500254,-1.6471697000395191,0.846546134314056,0.42133561273118836,-0.4174607038795092,-0.8310464989073391,-1.6465933624079616,57.344076323983415,114.68815264796683,,,,,,
2026-10-05,BRIT12,BRISANET PARTICIPACOES S.A.,BRISANET SERVICOS DE TELECOMUNICACOES S.A.,Brisanet Servicos,inferido,DI_MAIS,N,Quirografária,S,BRISANET SERVICOS DE TELECOMUNICACOES S.A.,04601397000128,1.3436,0.059,1041.365227,2030-07-10,,,2.2589,ok DI+,ok DI+,134.35999999999999,8,2.259876076882999,0.0432102741599328,2.2299149397524847,8.206425432719499,2.2716234592173867,1.1252994135179994,-1.104782103313362,-2.1895392485950516,-4.3008763160644055,2.2709470669160825,1.1252155016671417,-1.104699438085343,-2.1888828125888873,-4.29570137085058,30.126709679543566,60.25341935908713,,,,,,
2026-10-05,BRKMA6,BRASKEM S/A,BRASKEM S/A,Braskem,CVM FRE,DI_MAIS,N,Quirografária,S,BRASKEM S/A,42150391000170,,,487.428039,2029-05-12,,,,fora do escopo (não IPCA+ nem DI+),,,,,,,,,,,,,,,,,,,,,,,,,
2026-10-05,BRKMA8,BRASKEM S/A,BRASKEM S/A,Braskem,CVM FRE,DI_MAIS,N,Quirografária,S,BRASKEM S/A,42150391000170,,,461.203172,2029-11-09,,,,fora do escopo (não IPCA+ nem DI+),,,,,,,,,,,,,,,,,,,,,,,,,
2026-10-05,BRKMB6,BRASKEM S/A,BRASKEM S/A,Braskem,CVM FRE,DI_MAIS,N,Quirografária,S,BRASKEM S/A,42150391000170,,,471.984678,2032-05-12,,,,fora do escopo (não IPCA+ nem DI+),,,,,,,,,,,,,,,,,,,,,,,,,
2026-10-05,BRKMB8,BRASKEM S/A,BRASKEM S/A,Braskem,CVM FRE,DI_MAIS,N,Quirografária,S,BRASKEM S/A,42150391000170,,,474.983506,2032-11-09,,,,fora do escopo (não IPCA+ nem DI+),,,,,,,,,,,,,,,,,,,,,,,,,
2026-10-05,BRKPA0,BRK AMBIENTAL PARTICIPACOES S/A,BRK AMBIENTAL PARTICIPACOES S/A,BRK,CVM FRE,DI_MAIS,N,Quirografária,S,BRK AMBIENTAL PARTICIPACOES S/A,24396489000120,2.2554,0.0835,420.613057,2027-04-15,,,0.4793,ok DI+,ok DI+,225.53999999999996,2,0.4801139434213431,0.16981919911185286,0.46952429252767397,0.6950907339176261,0.4730284803793561,0.235634585947464,-0.23389682852195115,-0.4660770834528982,-0.9253708195414379,0.47299974619726204,0.23563100968123402,-0.23389328284643993,-0.46604883885808585,-0.9251467703769953,240.17926610975786,480.3585322195157,,,,,,
2026-10-05,BRKPA2,BRK AMBIENTAL PARTICIPACOES S/A,BRK AMBIENTAL PARTICIPACOES S/A,BRK,CVM FRE,DI_MAIS,N,Quirografária,S,BRK AMBIENTAL PARTICIPACOES S/A,24396489000120,2.7163,0.0648,1030.108808,2029-02-21,,,2.0208,ok DI+,ok DI+,271.63,5,2.021779280485987,0.04846003988454791,1.9683139681686226,6.165901136843943,1.9995756517945606,0.9919180332424782,-0.9765025946430028,-1.9379056632544467,-3.816637181494009,1.9991434738528422,0.9918643605053661,-0.9764496076632563,-1.9374844624844025,-3.8133099136003654,69.00067885326563,138.00135770653125,,,,,,
2026-10-05,BRKPA3,BRK AMBIENTAL PARTICIPACOES S/A,BRK AMBIENTAL PARTICIPACOES S/A,BRK,CVM FRE,DI_MAIS,N,Quirografária,S,BRK AMBIENTAL PARTICIPACOES S/A,24396489000120,2.7748,0.0835,1022.025165,2029-08-23,,,2.3795,ok DI+,ok DI+,277.47999999999996,6,2.3801685316373917,0.028095467005318606,2.315906751107656,8.254850750123913,2.357823746289167,1.1683517147668354,-1.1477134771071484,-2.275257458171309,-4.4716477877453915,2.3571810048582758,1.1682719389914829,-1.1476348121161732,-2.2746324973570364,-4.4667164872128335,59.9074206824792,119.8148413649584,,,,,,
2026-10-05,BRKPA4,BRK AMBIENTAL PARTICIPACOES S/A,BRK AMBIENTAL PARTICIPACOES S/A,BRK,CVM FRE,DI_MAIS,N,Quirografária,S,BRK AMBIENTAL PARTICIPACOES S/A,24396489000120,2.923,0.1505,1042.801644,2030-10-15,,,2.9402,ok DI+,ok DI+,292.3,9,2.9438818023068447,0.125222852419726,2.8602759366777537,12.860987422031616,2.9258020179780075,1.446365571029884,-1.4142106126012077,-2.7971522880357647,-5.472630094688591,2.9245808737879115,1.4462142026164164,-1.4140617340613373,-2.795970999567596,-5.463332124914875,51.096468744814544,102.19293748962909,,,,,,
2026-10-05,BRKPA5,BRK AMBIENTAL PARTICIPACOES S/A,BRK AMBIENTAL PARTICIPACOES S/A,BRK,CVM FRE,DI_MAIS,N,Quirografária,S,BRK AMBIENTAL PARTICIPACOES S/A,24396489000120,2.3137,0.0703,1002.770584,2028-03-15,,,1.3338,ok DI+,ok DI+,231.36999999999998,3,1.334594136871801,0.05953942658576739,1.3044139121855638,3.046188362678943,1.3198155092900787,0.6560359079723632,-0.6484202098072434,-1.2893499886920567,-2.549226106993663,1.3196448539989585,0.6560146915461306,-0.6483992206394332,-1.2891829703721691,-2.547904057117549,88.68733989977781,177.37467979955562,,,,,,
2026-10-05,BRMLA1,BR MALLS PARTICIPAÇÕES S/A,BR MALLS PARTICIPACOES S/A,Br Malls,CVM FRE,DI_MAIS,N,Quirografária,S,BR MALLS PARTICIPACOES S/A,06977745000191,0.4611,0.0195,1022.621589,2031-08-20,,,3.3895,ok DI+,ok DI+,46.11000000000001,10,3.386653605720468,-0.08397681898604628,3.3711094201839997,16.693501107444717,3.456315978079161,1.7066369875072818,-1.664899373772033,-3.2893191608776906,-6.421531469991725,3.4545769257212227,1.7064215864763057,-1.6646878337076936,-3.287641914646776,-6.408348818219105,6.838994860849586,13.677989721699172,,,,,,
2026-10-05,BRMLB1,BR MALLS PARTICIPAÇÕES S/A,BR MALLS PARTICIPACOES S/A,Br Malls,CVM FRE,DI_MAIS,N,Quirografária,S,BR MALLS PARTICIPACOES S/A,06977745000191,0.5655,0.0217,1035.265471,2034-08-20,,,4.6203,ok DI+,ok DI+,56.550000000000004,16,4.6065788533547005,-0.296975232026054,4.580675135463654,31.306089517655327,4.741635232790875,2.330017231266379,-2.2517391277520726,-4.42836813428692,-8.568242023397055,4.737205583051931,2.329470179628896,-2.2512049558347575,-4.424144687875377,-8.535228480574201,6.172670875761203,12.345341751522406,,,,,,
2026-10-05,BRST14,BRISANET SERVICOS DE TELECOMUNICACOES S.A.,BRISANET SERVICOS DE TELECOMUNICACOES S.A.,Brisanet Servicos,inferido,DI_MAIS,N,Quirografária,S,BRISANET SERVICOS DE TELECOMUNICACOES S.A.,04601397000128,1.595,0.0721,1053.283547,2031-05-15,,,2.7463,ok DI+,ok DI+,159.5,10,2.7483710122255105,0.07541099754252324,2.705222710000995,11.702723812554519,2.7648343864569602,1.3673758655143642,-1.3381168076632588,-2.647771157641665,-5.184749998873183,2.763736329063767,1.3672397597661905,-1.3379829502348042,-2.6467090909382223,-5.176390943750899,29.480012756498954,58.96002551299791,,,,,,
2026-10-05,BSA312,"B3 S/A - BRASIL, BOLSA, BALCÃO",B3 S.A. - BRASIL BOLSA BALCAO,B3 Brasil,inferido,DI_MAIS,N,Quirografária,S,B3 S.A. - BRASIL BOLSA BALCAO,09346601000125,0.4197,0.0387,10649.805396,2029-11-05,,,2.4728,ok DI+,ok DI+ aprox,41.97,,,,2.4624650342512475,,2.4624650342512475,1.2312325171256238,-1.2312325171256238,-2.4624650342512475,-4.924930068502495,2.4624650342512475,1.2312325171256238,-1.2312325171256238,-2.4624650342512475,-4.924930068502495,8.521948416774507,17.043896833549013,,,,,,
2026-10-05,BSA318,"B3 S/A - BRASIL, BOLSA, BALCÃO",B3 S.A. - BRASIL BOLSA BALCAO,B3 Brasil,inferido,DI_MAIS,N,Quirografária,S,B3 S.A. - BRASIL BOLSA BALCAO,09346601000125,0.3432,0.0402,1054.461911,2029-05-28,,,1.4158,ok DI+,ok DI+,34.32,6,1.4175603047521337,0.12433286849369506,1.4127118775882506,4.093493289386636,1.4334613581720834,0.7115078274506637,-0.7012736436717404,-1.3925192128715014,-2.7457245039941736,1.4331793440351837,0.7114728054058586,-0.7012390721823919,-1.3922444111413173,-2.7435538893887683,12.146850516536434,24.293701033072868,,,,,,
2026-10-05,BSA319,"B3 S/A - BRASIL, BOLSA, BALCÃO",B3 S.A. - BRASIL BOLSA BALCAO,B3 Brasil,inferido,DI_MAIS,N,Quirografária,S,B3 S.A. - BRASIL BOLSA BALCAO,09346601000125,0.4693,0.0402,1037.801676,2031-01-08,,,2.9645,ok DI+,ok DI+,46.93,9,2.9644987840258676,-4.1017848962582055e-05,2.950651377113076,13.140129461095318,3.017600301215828,1.4919055714873064,-1.4590526829102002,-2.8861579483881683,-5.648001071680686,3.016352024418553,1.4917508503829071,-1.458900526730169,-2.8849507298075996,-5.638500165004246,7.952481334124335,15.90496266824867,,,,,,
2026-10-05,BSA3A0,"B3 S/A - BRASIL, BOLSA, BALCÃO",B3 S.A. - BRASIL BOLSA BALCAO,B3 Brasil,inferido,DI_MAIS,N,Quirografária,S,B3 S.A. - BRASIL BOLSA BALCAO,09346601000125,0.3673,0.0431,1008.164396,2030-09-18,,,2.8537,ok DI+,ok DI+,36.730000000000004,8,2.8529413226368336,-0.026585743531774897,2.842500817135495,11.986950507809569,2.9035220120333882,1.4363688034613187,-1.4063992804197234,-2.783618141924582,-5.45354776085386,2.9024355696745427,1.4362340967025096,-1.4062667204329855,-2.782566064596447,-5.4452626241147986,6.460860060018265,12.92172012003653,,,,,,
2026-10-05,BTGH18,BTG PACTUAL HOLDING S/A,BTG PACTUAL HOLDING S.A.,Btg Pactual,inferido,DI_MAIS,N,Quirografária,S,BTG PACTUAL HOLDING S.A.,10923227000162,1.1529,0.0596,1055.208153,2029-12-10,,,1.8226,ok DI+,ok DI+,115.29,7,1.8244729872481034,0.10276458071454865,1.8036783792141438,5.856395965899898,1.8333990456806504,0.9092141381195074,-0.8945723991673815,-1.7748230963027911,-3.4935963044266605,1.8329603590436432,0.9091596845644466,-0.894518694649697,-1.774396399384644,-3.490228839110289,31.95968896911418,63.91937793822836,,,,,,
2026-10-05,CAEC13,COMPANHIA DE AGUA E ESGOTO DO CEARA - CAGECE,COMPANHIA DE AGUA E ESGOTO DO CEARA - CAGECE,Isolada (a identificar),,DI_MAIS,N,Real,S,COMPANHIA DE AGUA E ESGOTO DO CEARA - CAGECE,07040108000157,1.3,0.0,1025.601628,2032-08-07,,,3.7149,ok DI+,ok DI+,130.0,12,3.709521456082451,-0.14478300674443742,3.6619165410488166,19.94360162899872,3.763903828933901,1.856168638740785,-1.806304197798303,-3.5643807792356097,-6.9420888331664266,3.7616345491938104,1.8558877725606566,-1.80602876848816,-3.562198532903823,-6.924961049517658,17.750268000751117,35.50053600150223,,,,,,
2026-10-05,CAEC22,COMPANHIA DE AGUA E ESGOTO DO CEARA - CAGECE,COMPANHIA DE AGUA E ESGOTO DO CEARA - CAGECE,Isolada (a identificar),,DI_MAIS,N,Quirografária,S,COMPANHIA DE AGUA E ESGOTO DO CEARA - CAGECE,07040108000157,1.1612,0.0199,1066.93818,2029-06-15,,,1.6585,ok DI+,ok DI+,116.12,6,1.6602819682057124,0.10744457073936105,1.641224074255458,4.810525621756377,1.6656045106037798,0.8266659074792848,-0.814639077857382,-1.61749100256795,-3.188762264256284,1.6652767023642399,0.8266251941549245,-0.8145988801005336,-1.6171714461466764,-3.1862376360757887,35.37603482104596,70.75206964209193,,,,,,
2026-10-05,CAEC32,COMPANHIA DE AGUA E ESGOTO DO CEARA - CAGECE,COMPANHIA DE AGUA E ESGOTO DO CEARA - CAGECE,Isolada (a identificar),,DI_MAIS,N,Quirografária,S,COMPANHIA DE AGUA E ESGOTO DO CEARA - CAGECE,07040108000157,1.2106,0.1301,1090.020955,2031-06-15,,,2.9665,ok DI+,ok DI+,121.05999999999999,10,2.966819247726185,0.010761763903087107,2.9313325360448266,13.307608407614774,2.999160036231885,1.482460579300393,-1.4491888615077553,-2.8660407837822643,-5.606318444762348,2.9978705780829005,1.4823007785319318,-1.4490317575128948,-2.8647944940067527,-5.596512903937358,20.64931196160761,41.29862392321522,,,,,,
2026-10-05,CAMLA1,CAMIL ALIMENTOS S/A,CAMIL ALIMENTOS S/A,Camil Alimentos,CVM FRE,DI_MAIS,N,Quirografária,S,CAMIL ALIMENTOS S/A,64904295000103,3.9619,0.6049,1032.597835,2028-10-30,,,1.3436,ok DI+,ok DI+,396.19,5,1.3461270903148899,0.18808353043241718,1.2948273264675711,3.27555461008354,1.3114031942313087,0.6515327249284164,-0.643343556743059,-1.2786431382802776,-2.5256747885326725,1.311205099517989,0.65150810649639,-0.6433192199711811,-1.2784495534171536,-2.5241435607334717,152.9895113817412,305.9790227634824,,,,,,
2026-10-05,CAMLB1,CAMIL ALIMENTOS S/A,CAMIL ALIMENTOS S/A,Camil Alimentos,CVM FRE,DI_MAIS,N,Quirografária,S,CAMIL ALIMENTOS S/A,64904295000103,3.9837,0.5693,1032.306992,2028-10-30,,,1.3435,ok DI+,ok DI+,398.36999999999995,5,1.346046982661266,0.18957816607860611,1.294478829529307,3.2739184600450435,1.3110463734049116,0.651356413554649,-0.6431713358494795,-1.2783026825539334,-2.5250094189024352,1.3108484218295324,0.6513318128397099,-0.6431470166895973,-1.2781092372290819,-2.5234792898577134,153.87273662283593,307.74547324567186,,,,,,
2026-10-05,CASN13,COMPANHIA CATARINENSE DE AGUAS E SANEAMENTO - CASAN,COMPANHIA CATARINENSE DE AGUAS E SANEAMENTO - CASAN,Casan,CVM FRE,DI_MAIS,N,Real,S,COMPANHIA CATARINENSE DE AGUAS E SANEAMENTO - CASAN,82508433000117,3.327,0.1037,723.385637,2028-11-16,,,0.9474,ok DI+,ok DI+,332.7,26,0.9479037398352431,0.053170765805689246,0.9173824265054082,2.084358749157108,0.9279219997067933,0.4613113029324989,-0.45610024648180536,-0.9070758572733095,-1.7939895756594937,0.9278042202511938,0.4612966616891505,-0.4560857648162578,-0.9069606327596229,-1.7930776780276745,181.33113867646048,362.66227735292097,,,,,,
2026-10-05,CASN14,COMPANHIA CATARINENSE DE AGUAS E SANEAMENTO - CASAN,COMPANHIA CATARINENSE DE AGUAS E SANEAMENTO - CASAN,Casan,CVM FRE,DI_MAIS,N,Real,S,COMPANHIA CATARINENSE DE AGUAS E SANEAMENTO - CASAN,82508433000117,1.7311,0.56,1018.051821,2030-04-15,,,1.7062,ok DI+,ok DI+,173.11,43,1.7066304256151241,0.025227148934719605,1.6775896708234985,5.2973944740506,1.7044664365162054,0.8454649674201731,-0.8322208243846663,-1.6514819762355137,-3.2522252141827024,1.7040766431937513,0.8454165785043124,-0.8321730923191859,-1.6511026984532453,-3.2492314521659846,51.59485749427136,103.18971498854272,,,,,,
2026-10-05,CBAN22,CONCESSIONÁRIA ROTA DAS BANDEIRAS S/A,CONCESSIONARIA ROTA DAS BANDEIRAS S/A,Isolada (a identificar),,DI_MAIS,N,Real,S,CONCESSIONARIA ROTA DAS BANDEIRAS S/A,10647979000148,0.8556,0.0781,892.265148,2032-07-15,,,3.1338,ok DI+,ok DI+,85.56000000000002,12,3.131332926741286,-0.0787246556485411,3.1047685272223715,15.429039962470208,3.1835663515164425,1.5718751884111537,-1.5332987847412771,-3.029215060201196,-5.913458751803812,3.181913727034723,1.5716705635642734,-1.533097963658098,-3.0276233274100206,-5.9009562551953385,13.778804965622479,27.557609931244958,,,,,,
2026-10-05,CBOH11,CBO HOLDING S.A.,OCEANPACT SERVICOS MARITIMOS S.A.,Oceanpact Servicos,CVM FRE,DI_MAIS,N,Real,S,OCEANPACT SERVICOS MARITIMOS S.A.,09114805000130,1.3657,0.0583,1010.134885,2029-08-28,,,1.3658,ok DI+,ok DI+,136.57,35,1.366363324802454,0.04124504337781043,1.3479543127531837,3.7600346305150816,1.3670051480270562,0.678708333855349,-0.6693078577382439,-1.3293985652478524,-2.6226392773732066,1.366754485905759,0.6786771996647357,-0.6692771130884481,-1.3291541396006084,-2.6207079328960656,50.65824513037725,101.3164902607545,,,,,,
2026-10-05,CBRDB8,COMPANHIA BRASILEIRA DE DISTRIBUIÇÃO,COMPANHIA BRASILEIRA DE DISTRIBUICAO,Brasileira Distribuicao,inferido,DI_MAIS,N,Quirografária,S,COMPANHIA BRASILEIRA DE DISTRIBUICAO,47508411000156,,,403.128812,2028-05-10,,,,fora do escopo (não IPCA+ nem DI+),,,,,,,,,,,,,,,,,,,,,,,,,
2026-10-05,CDAR11,UNIDAS LOCADORA S.A.,UNIDAS LOCADORA S.A..,Unidas,CVM FRE,DI_MAIS,N,Quirografária,S,UNIDAS LOCADORA S.A..,45736131000170,1.5999,0.0449,503.312896,2027-09-27,,,0.9344,ok DI+,ok DI+,159.98999999999998,2,0.9347341114153978,0.035756786750614514,0.9200147947147562,1.7672311691582305,0.9289374806801698,0.46222719962309977,-0.457809017515165,-0.9112635003585168,-1.8053573721235283,0.9288509505605475,0.46221643631882586,-0.45779835839593036,-0.911178638868965,-1.804684966046348,86.94968870017124,173.89937740034247,,,,,,
2026-10-05,CDES12,VPORTS AUTORIDADE PORTUARIA S/A,VPORTS AUTORIDADE PORTUARIA S/A,Isolada (a identificar),,DI_MAIS,N,Quirografária,S,VPORTS AUTORIDADE PORTUARIA S/A,27316538000166,1.3895,0.0198,1025.741103,2031-02-03,,,3.301,ok DI+,ok DI+,138.95,9,3.2988608755880615,-0.06480231481183404,3.2536513895305346,15.67784254353561,3.3336254100915674,1.6466193497047588,-1.6074213305996121,-3.176792354288316,-6.2057790296804916,3.3320406022482123,1.6464229979446867,-1.6072283915858478,-3.175262176812857,-6.193745928190357,21.352932961273538,42.705865922547076,,,,,,
2026-10-05,CDGS26,COPA ENERGIA S A,COPA ENERGIA S A,Copa Energia,inferido,DI_MAIS,N,Quirografária,S,COPA ENERGIA S A,03237583000167,0.75,0.0,1045.600709,2032-01-03,,,3.3723,ok DI+,ok DI+,75.0,11,3.3702369620190678,-0.06117599208054815,3.345148349398578,16.819583460432213,3.4310263418362963,1.6938191059070684,-1.6517661376096004,-3.2627663205000434,-6.367387922002665,3.429246266700739,1.6935986540248293,-1.6515496953737485,-3.261050432096417,-6.353905029588512,11.210265161107756,22.420530322215512,,,,,,
2026-10-05,CEAB13,C E A MODAS S.A.,C E A MODAS S.A.,C Modas,CVM FRE,DI_MAIS,N,Quirografária,S,C E A MODAS S.A.,45242914000105,1.1974,0.0676,1038.576282,2027-07-15,,,0.7314,ok DI+,ok DI+,119.74000000000001,2,0.7317530011722099,0.04826376431635512,0.7230946656457675,1.2526621492235783,0.7294153797921421,0.36312030245659876,-0.35998858110768417,-0.7168877022978637,-1.4215827598332176,0.7293579763918854,0.3631131605094132,-0.3599815051363543,-0.7168313548996496,-1.4211360883070634,82.79690453328466,165.59380906656932,,,,,,
2026-10-05,CEAB14,C E A MODAS S.A.,C E A MODAS S.A.,C Modas,CVM FRE,DI_MAIS,N,Quirografária,S,C E A MODAS S.A.,45242914000105,0.8722,0.0395,1006.329551,2028-09-15,,,1.7583,ok DI+,ok DI+,87.22,4,1.7591392563930994,0.047731126263973855,1.7439287101828844,4.94696612534555,1.768985065674844,0.8781880080914073,-0.8658201109588259,-1.7195076933358755,-3.3913988204226753,1.7686635408096123,0.8781480627481242,-0.8657806474347604,-1.7191938795561568,-3.3889180978588582,25.006756150844407,50.01351230168881,,,,,,
2026-10-05,CEAB22,C E A MODAS S.A.,C E A MODAS S.A.,C Modas,CVM FRE,DI_MAIS,N,Quirografária,S,C E A MODAS S.A.,45242914000105,0.7136,0.0273,540.813524,2028-05-13,,,0.9756,ok DI+,ok DI+,71.36,4,0.9771213100537349,0.15593583986622625,0.9701979772878091,2.1827547124678706,0.9812345209079476,0.4878426937595215,-0.48238564086680036,-0.9594043139507846,-1.897691437116944,0.9811117508501486,0.4878274320344894,-0.4823705452533197,-0.9592842037254696,-1.8967408603262608,36.77599916229833,73.55199832459667,,,,,,
2026-10-05,CEAP15,COMPANHIA DE ELETRICIDADE DO AMAPA - CEA,COMPANHIA DE ELETRICIDADE DO AMAPA - CEA,Isolada (a identificar),,DI_MAIS,N,Quirografária,S,COMPANHIA DE ELETRICIDADE DO AMAPA - CEA,05965546000109,0.6791,0.0783,1068.368527,2029-05-14,,,1.7715,ok DI+,ok DI+,67.91,6,1.7743318409853812,0.1598555453221078,1.7623636295769243,5.3908861544190385,1.7896961327952043,0.8879673719443648,-0.8744895492243443,-1.7357775502079953,-3.4198188811925267,1.7893180603490193,0.8879204224814857,-0.8744432070954383,-1.7354091988048288,-3.4169095360654675,19.2667389579251,38.5334779158502,,,,,,
2026-10-05,CEAP16,COMPANHIA DE ELETRICIDADE DO AMAPA - CEA,COMPANHIA DE ELETRICIDADE DO AMAPA - CEA,Isolada (a identificar),,DI_MAIS,N,Quirografária,S,COMPANHIA DE ELETRICIDADE DO AMAPA - CEA,05965546000109,0.7169,0.0612,1020.32435,2029-09-09,,,2.1071,ok DI+,ok DI+,71.69,6,2.1078091706821063,0.03365624232861739,2.0928058455751777,6.988121905451385,2.1282705008498715,1.0552031280324892,-1.0377319356030923,-2.0583750741262508,-4.049873294987282,2.1277464551024345,1.055138075169403,-1.0376677704057746,-2.057865236047921,-4.045849253041327,17.12772356584684,34.25544713169368,,,,,,
2026-10-05,CEEBA3,CIA DE ELETRICIDADE DO ESTADO DA BAHIA - COELBA,CIA. DE ELETRIC. DO EST. DA BAHIA-COELBA,Neoenergia,CVM FRE,DI_MAIS,N,Quirografária,S,CIA. DE ELETRIC. DO EST. DA BAHIA-COELBA,15139629000194,0.8262,0.0063,1071.351503,2026-10-15,,,0.0278,ok DI+,ok DI+,82.62,1,0.027777777777777776,-0.07993605115907226,0.02755015836933037,0.02808343675744934,0.027691523908202065,0.013810301564598504,-0.013740092142811022,-0.027410675619565783,-0.054546067840999246,0.027690575553117616,0.013810183480611997,-0.013739974888718373,-0.02740974118554312,-0.05453864800351175,1499.44691592,2998.89383184,,,,,,
2026-10-05,CEEBB8,CIA DE ELETRICIDADE DO ESTADO DA BAHIA - COELBA,CIA. DE ELETRIC. DO EST. DA BAHIA-COELBA,Neoenergia,CVM FRE,DI_MAIS,N,Quirografária,S,CIA. DE ELETRIC. DO EST. DA BAHIA-COELBA,15139629000194,0.6621,0.0217,1061.734216,2031-06-10,,,3.1581,ok DI+,ok DI+,66.21000000000001,10,3.158108357776191,0.000264645710733722,3.1373360557510632,14.965091307658163,3.2136710081782427,1.5875614069907007,-1.550145417428228,-3.063967887162544,-5.986829572744822,3.212161512289354,1.5873743920101042,-1.5499616637409588,-3.0625105992127724,-5.975370285348963,10.551945794686256,21.103891589372513,,,,,,
2026-10-05,CEED16,COMPANHIA ESTADUAL DE DISTRIBUICAO DE ENERGIA ELETRICA - CEEE D,COMPANHIA ESTADUAL DE DISTRIBUICAO DE ENERGIA ELETRICA - CEEE D,Equatorial,CVM FRE,DI_MAIS,N,Quirografária,S,COMPANHIA ESTADUAL DE DISTRIBUICAO DE ENERGIA ELETRICA - CEEE D,08467115000100,0.6611,0.0227,1032.934107,2030-08-05,,,2.3534,ok DI+,ok DI+,66.11,8,2.3537366630270453,0.014305389098545026,2.3382783051516878,8.825557121234347,2.3831486240944777,1.1802632037324567,-1.158197918180881,-2.294870760540335,-4.505721957052467,2.3824060907578595,1.1801710989773868,-1.158107206174301,-2.294150519545516,-4.500045467878689,14.13646952425352,28.27293904850704,,,,,,
2026-10-05,CEED18,COMPANHIA ESTADUAL DE DISTRIBUICAO DE ENERGIA ELETRICA - CEEE D,COMPANHIA ESTADUAL DE DISTRIBUICAO DE ENERGIA ELETRICA - CEEE D,Equatorial,CVM FRE,DI_MAIS,N,Quirografária,S,COMPANHIA ESTADUAL DE DISTRIBUICAO DE ENERGIA ELETRICA - CEEE D,08467115000100,0.6808,0.0486,1006.641268,2030-03-25,,,2.8597,ok DI+,ok DI+,68.08,7,2.859342543494231,-0.012499790389528588,2.8400077705920403,11.805355660103588,2.900081722757064,1.4348904436205956,-1.4053750343656746,-2.7819958312005677,-5.451903287870897,2.8990345488925584,1.4347605798711498,-1.4052471907208908,-2.7809809922915223,-5.443908427982009,11.985882698096939,23.971765396193877,,,,,,
2026-10-05,CEEDA0,COMPANHIA ESTADUAL DE DISTRIBUICAO DE ENERGIA ELETRICA - CEEE D,COMPANHIA ESTADUAL DE DISTRIBUICAO DE ENERGIA ELETRICA - CEEE D,Equatorial,CVM FRE,DI_MAIS,N,Quirografária,S,COMPANHIA ESTADUAL DE DISTRIBUICAO DE ENERGIA ELETRICA - CEEE D,08467115000100,0.8102,0.0358,1061.835241,2032-10-15,,,3.4898,ok DI+,ok DI+,81.02,13,3.4904134871691173,0.017579436332095418,3.462361434824172,18.906241388322307,3.559074762971326,1.755083542812974,-1.7078126078944544,-3.3699269999934445,-6.563048814327354,3.556892641765783,1.7548135191474887,-1.707547915676683,-3.36783022788256,-6.546598041881897,11.700107213693364,23.40021442738673,,,,,,
2026-10-05,CEEDA1,COMPANHIA ESTADUAL DE DISTRIBUICAO DE ENERGIA ELETRICA - CEEE D,COMPANHIA ESTADUAL DE DISTRIBUICAO DE ENERGIA ELETRICA - CEEE D,Equatorial,CVM FRE,DI_MAIS,N,Quirografária,S,COMPANHIA ESTADUAL DE DISTRIBUICAO DE ENERGIA ELETRICA - CEEE D,08467115000100,0.9027,0.0814,1056.03087,2033-04-15,,,3.8155,ok DI+,ok DI+,90.27,14,3.813311440197519,-0.05735971176729435,3.779196632198662,22.102984119682528,3.892409993984103,1.9175608001575029,-1.8622964408910092,-3.6712697123026716,-7.136620045293851,3.8897115527970745,1.9172270462489345,-1.8619695859497278,-3.6686817116002497,-7.116333582003674,11.943014453244087,23.886028906488175,,,,,,
2026-10-05,CEMTE2,ENERGISA MATO GROSSO - DISTRIBUIDORA DE ENERGIA S.A.,ENERGISA MATO GROSSO - DISTRIBUIDORA DE ENERGIA S.A.,Energisa,CVM FRE,DI_MAIS,N,Quirografária,S,ENERGISA MATO GROSSO - DISTRIBUIDORA DE ENERGIA S.A.,03467321000199,0.5487,0.0422,1054.688478,2029-06-10,,,1.4478,ok DI+,ok DI+,54.87,6,1.4493411270202954,0.10644612655721837,1.4414319896928507,4.199538233196896,1.4627200843982724,0.726001480872096,-0.715502169997817,-1.4207172543537094,-2.801108158625265,1.4624296808588353,0.7259654176379216,-0.7154665720549293,-1.420434298526866,-2.7988732147217634,19.033156053270343,38.066312106540686,,,,,,
2026-10-05,CEPEA1,COMPANHIA ENERGÉTICA DE PERNAMBUCO - CELPE,COMPANHIA ENERGETICA DE PERNAMBUCO-CELPE,Neoenergia,CVM FRE,DI_MAIS,N,Quirografária,S,COMPANHIA ENERGETICA DE PERNAMBUCO-CELPE,10835932000108,0.8611,0.0793,1071.605464,2026-10-15,,,0.0278,ok DI+,ok DI+,86.11,1,0.02777777777777778,-0.07993605115905979,0.02754062545201052,0.028063994539554195,0.02768189284665379,0.01380551069385394,-0.013735349851995426,-0.027401238892632573,-0.054527382975222416,0.027680945424708284,0.013805392719179698,-0.013735232732830815,-0.027400305479312742,-0.054519971013229945,1563.32687778,3126.65375556,,,,,,
2026-10-05,CERO19,CENTRAIS ELETRICAS DE RONDONIA S/A CERON,ENERGISA RONDONIA - DISTRIBUIDORA DE ENERGIA S/A,Energisa,inferido,DI_MAIS,N,Quirografária,S,ENERGISA RONDONIA - DISTRIBUIDORA DE ENERGIA S/A,05914650000166,0.5567,0.0524,1075.206912,2029-04-15,,,2.0686,ok DI+,ok DI+,55.67,6,2.072915985053888,0.2086428045000416,2.0614399488585917,6.913743352899536,2.0965216977765655,1.0394258465980633,-1.0221406335225836,-2.0273705816826526,-3.9885471408274698,2.0960086656230894,1.0393621536204203,-1.0220777952381714,-2.026871232094094,-3.9846050306591927,13.50269747872699,27.00539495745398,,,,,,
2026-10-05,CEROA2,CENTRAIS ELETRICAS DE RONDONIA S/A CERON,ENERGISA RONDONIA - DISTRIBUIDORA DE ENERGIA S/A,Energisa,inferido,DI_MAIS,N,Quirografária,S,ENERGISA RONDONIA - DISTRIBUIDORA DE ENERGIA S/A,05914650000166,0.7562,0.1189,1050.182609,2029-12-15,,,2.5752,ok DI+,ok DI+,75.62,7,2.5772310087964287,0.07886800234655912,2.557888257791013,10.037905545198022,2.6089261849029377,1.2915967573428722,-1.266500421242056,-2.508521962653998,-4.92150772209341,2.608077785517003,1.291491510827004,-1.2663967469640092,-2.507698730065023,-4.915018404678065,14.781724684350612,29.563449368701225,,,,,,
2026-10-05,CEROB2,CENTRAIS ELETRICAS DE RONDONIA S/A CERON,ENERGISA RONDONIA - DISTRIBUIDORA DE ENERGIA S/A,Energisa,inferido,DI_MAIS,N,Quirografária,S,ENERGISA RONDONIA - DISTRIBUIDORA DE ENERGIA S/A,05914650000166,0.7586,0.1075,1057.766893,2031-12-15,,,3.4567,ok DI+,ok DI+,75.86000000000001,11,3.4548313320093698,-0.05405930484653994,3.4288203012044325,17.757872008037904,3.5195367716176484,1.7368461052235107,-1.6924469951912768,-3.3418871359503055,-6.517063145783331,3.5176096612446215,1.7366074906122635,-1.6922128105921685,-3.3400309411642426,-6.502483162248105,11.062113691603036,22.124227383206073,,,,,,
2026-10-05,CESPA4,CESP-COMPANHIA ENERGETICA DE SAO PAULO,CESP - COMPANHIA ENERGETICA DE SAO PAULO,Auren,CVM FRE,DI_MAIS,N,Quirografária,S,CESP - COMPANHIA ENERGETICA DE SAO PAULO,60933603000178,0.8462,0.0741,1009.955357,2032-08-14,,,3.9703,ok DI+,ok DI+,84.61999999999999,12,3.962984755868238,-0.18424915325698563,3.9297313690235605,22.686751236950105,4.045881344609081,1.9935601576757556,-1.9368364887603629,-3.8189051210753,-7.426176199491497,4.043165125208311,1.993224123557968,-1.9365072454655925,-3.81629761283881,-7.405727713308119,10.766639250080079,21.533278500160158,,,,,,
2026-10-05,CGASA3,COMPANHIA DE GAS DE SÃO PAULO - COMGAS,COMPANHIA DE GAS DE SAO PAULO - COMGAS,Compass,CVM FRE,DI_MAIS,N,Quirografária,S,COMPANHIA DE GAS DE SAO PAULO - COMGAS,61856571000117,0.45,0.0,1054.950847,2028-05-15,,,1.413,ok DI+,ok DI+,45.00000000000001,4,1.4153913174026629,0.16923690040076797,1.4090505897487935,3.5641342823115365,1.4270840300558474,0.7090069069828786,-0.7000962725278725,-1.3914379072859862,-2.7484639089857987,1.4268712611603513,0.7089804627272862,-0.7000701270215074,-1.3912299183372359,-2.7468184938513565,15.968198845160924,31.936397690321847,,,,,,
2026-10-05,CGASA5,COMPANHIA DE GAS DE SÃO PAULO - COMGAS,COMPANHIA DE GAS DE SAO PAULO - COMGAS,Compass,CVM FRE,DI_MAIS,N,Quirografária,S,COMPANHIA DE GAS DE SAO PAULO - COMGAS,61856571000117,0.6902,0.0728,1008.846121,2029-03-15,,,2.1327,ok DI+,ok DI+,69.02,5,2.133402273528812,0.03292884741463991,2.118778464566375,6.9394478171114224,2.153980777589193,1.0681262539269376,-1.0507768059386469,-2.0845730397503703,-4.102651407201041,2.153475703651932,1.0680635420545768,-1.0507149225117982,-2.084081225480818,-4.0987679727905215,16.287686786104253,32.575373572208505,,,,,,
2026-10-05,CGBP14,ESSENTIA PCHS S.A,ESSENTIA PCHS S.A,Isolada (a identificar),,DI_MAIS,N,Quirografária,S,ESSENTIA PCHS S.A,07802794000156,0.8198,0.1344,897.888682,2032-03-25,,,3.1057,ok DI+,ok DI+,81.98,11,3.10134344399563,-0.14027613756544827,3.076125368226906,15.773507090120608,3.156747244330882,1.5579967177361098,-1.5185587800513711,-2.9989454183799724,-5.85002799451273,3.1549929036775093,1.557779567976104,-1.5183458002508023,-2.9972578327763033,-5.8367805946514,13.325204630273845,26.65040926054769,,,,,,
2026-10-05,CGOS15,EQUATORIAL GOIAS DISTRIBUIDORA DE ENERGIA S.A.,EQUATORIAL GOIAS DISTRIBUIDORA DE ENERGIA S.A.,Equatorial,CVM FRE,DI_MAIS,N,Quirografária,S,EQUATORIAL GOIAS DISTRIBUIDORA DE ENERGIA S.A.,01543032000104,0.6714,0.0293,1013.505034,2030-03-20,,,2.1121,ok DI+,ok DI+,67.14,7,2.112516990485796,0.0197429329007159,2.0984281439274666,7.300642391924639,2.1355077877395434,1.058411404257198,-1.040158771160693,-2.0624849214959995,-4.055260215852519,2.13493135588709,1.058339874953639,-1.0400882689738276,-2.061924931967843,-4.050843440016441,15.99768860189304,31.99537720378608,,,,,,
2026-10-05,CGOS17,EQUATORIAL GOIAS DISTRIBUIDORA DE ENERGIA S.A.,EQUATORIAL GOIAS DISTRIBUIDORA DE ENERGIA S.A.,Equatorial,CVM FRE,DI_MAIS,N,Quirografária,S,EQUATORIAL GOIAS DISTRIBUIDORA DE ENERGIA S.A.,01543032000104,0.6732,0.02,1031.360093,2030-08-05,,,2.3542,ok DI+,ok DI+,67.32000000000001,8,2.354607231054011,0.017298065330519127,2.338862011989299,8.827671672994557,2.3837430345202693,1.1805577166148273,-1.1584871446075895,-2.295444023561688,-4.506848102364513,2.383000370354272,1.1804655955858927,-1.1583964164034062,-2.294723653624326,-4.501170590518707,14.391614309632045,28.78322861926409,,,,,,
2026-10-05,CGOS18,EQUATORIAL GOIAS DISTRIBUIDORA DE ENERGIA S.A.,EQUATORIAL GOIAS DISTRIBUIDORA DE ENERGIA S.A.,Equatorial,CVM FRE,DI_MAIS,N,Quirografária,S,EQUATORIAL GOIAS DISTRIBUIDORA DE ENERGIA S.A.,01543032000104,0.6669,0.0416,1015.960964,2030-09-15,,,2.4707,ok DI+,ok DI+,66.69,8,2.4741061098352706,0.13786011394627742,2.4577156044690662,9.52091993875962,2.506137549915066,1.2408603236470084,-1.21705646592134,-2.4109034124073947,-4.731256545220209,2.505320204162864,1.2407589521579825,-1.2169566523110835,-2.410111004775268,-4.72501281016294,13.567477025969177,27.134954051938355,,,,,,
2026-10-05,CGOS19,EQUATORIAL GOIAS DISTRIBUIDORA DE ENERGIA S.A.,EQUATORIAL GOIAS DISTRIBUIDORA DE ENERGIA S.A.,Equatorial,CVM FRE,DI_MAIS,N,Quirografária,S,EQUATORIAL GOIAS DISTRIBUIDORA DE ENERGIA S.A.,01543032000104,0.7644,0.0591,1059.268457,2031-11-25,,,3.6782,ok DI+,ok DI+,76.44,11,3.6759323326921938,-0.06165154988326199,3.648046663992634,20.08316382947419,3.750753917886973,1.8494109015359195,-1.799197514034323,-3.5498345873453907,-6.911727207694018,3.748462483140005,1.8491272867831594,-1.7989193772094743,-3.547630844845263,-6.8944300513957835,10.476839667990928,20.953679335981857,,,,,,
2026-10-05,CGOSA1,EQUATORIAL GOIAS DISTRIBUIDORA DE ENERGIA S.A.,EQUATORIAL GOIAS DISTRIBUIDORA DE ENERGIA S.A.,Equatorial,CVM FRE,DI_MAIS,N,Quirografária,S,EQUATORIAL GOIAS DISTRIBUIDORA DE ENERGIA S.A.,01543032000104,0.7534,0.0429,1063.926374,2032-10-15,,,3.4918,ok DI+,ok DI+,75.34,13,3.4924084934955713,0.017426355907303924,3.466293438728193,18.94198309208748,3.5631911112544934,1.7570949175609973,-1.7097346111015987,-3.3736856564005158,-6.570239849236459,3.561003354188631,1.756824198229206,-1.7094692404989873,-3.3715835232677565,-6.553747215614638,10.867516171343354,21.735032342686708,,,,,,
2026-10-05,CHSF12,COMPANHIA HIDRO ELETRICA DO SAO FRANCISCO - CHESF,COMPANHIA HIDRO ELETRICA DO SAO FRANCISCO - CHESF,Axia (ex-Eletrobras),CVM FRE,DI_MAIS,N,Quirografária,S,COMPANHIA HIDRO ELETRICA DO SAO FRANCISCO - CHESF,33541368000116,0.4633,0.0216,1077.276044,2029-04-15,,,2.0692,ok DI+,ok DI+,46.33,6,2.0734927493247364,0.20745937196677192,2.063930559044682,6.928815544327955,2.099089281875144,1.0406901917816347,-1.0233672946793892,-2.0297873878509454,-3.9932391606144146,2.098574636766322,1.040626298952751,-1.023304260091931,-2.0292864813230422,-3.989284807202805,11.223730322943728,22.447460645887457,,,,,,
2026-10-05,CHSF14,COMPANHIA HIDRO ELETRICA DO SAO FRANCISCO - CHESF,COMPANHIA HIDRO ELETRICA DO SAO FRANCISCO - CHESF,Axia (ex-Eletrobras),CVM FRE,DI_MAIS,N,Quirografária,S,COMPANHIA HIDRO ELETRICA DO SAO FRANCISCO - CHESF,33541368000116,0.5915,0.0443,1017.340865,2031-09-15,,,3.7421,ok DI+,ok DI+,59.15,10,3.736552438590651,-0.1482472785160525,3.714580693786902,19.931853721982517,3.8164596834793674,1.8824799606898424,-1.8326451298786184,-3.617057962073922,-7.047300620528107,3.814239962396815,1.8822051640459292,-1.832375529740973,-3.6149214251769894,-7.030524313134154,7.9618676879110115,15.923735375822023,,,,,,
2026-10-05,CHSF24,COMPANHIA HIDRO ELETRICA DO SAO FRANCISCO - CHESF,COMPANHIA HIDRO ELETRICA DO SAO FRANCISCO - CHESF,Axia (ex-Eletrobras),CVM FRE,DI_MAIS,N,Quirografária,S,COMPANHIA HIDRO ELETRICA DO SAO FRANCISCO - CHESF,33541368000116,0.6234,0.0541,1027.838161,2034-09-15,,,4.6811,ok DI+,ok DI+,62.339999999999996,16,4.666370250436556,-0.3146642789823801,4.637460322784317,31.87683288168237,4.801380746532868,2.35913638398928,-2.2794310440403476,-4.4824001624919285,-8.671179524974681,4.796844487192729,2.3585762024942616,-2.278884120290056,-4.478076158375906,-8.637383987934989,6.721351306631908,13.442702613263815,,,,,,
2026-10-05,CHTH11,CHINA THREE GORGES BRASIL ENERGIA S.A.,CHINA THREE GORGES BRASIL ENERGIA S.A.,CTG,CVM FRE,DI_MAIS,N,Quirografária,S,CHINA THREE GORGES BRASIL ENERGIA S.A.,19014221000147,0.4022,0.0037,1043.957796,2029-12-15,,,2.2425,ok DI+,ok DI+,40.220000000000006,7,2.2445320405797653,0.09061496453802173,2.235540695900852,7.995959079433677,2.2761539944362585,1.1278439118947103,-1.1078528923109565,-2.196176446889242,-4.316017600569033,2.2755204912980203,1.1277652967997183,-1.1077753991011339,-2.1955609005036836,-4.3111622102130305,8.995586632296268,17.991173264592536,,,,,,
2026-10-05,CIEL17,CIELO S/A,CIELO S.A - INSTITUICAO DE PAGAMENTO,Cielo Instituicao,CVM FRE,DI_MAIS,N,Quirografária,S,CIELO S.A - INSTITUICAO DE PAGAMENTO,01027058000191,0.2602,0.0382,1045.703123,2027-12-17,,,1.0976,ok DI+,ok DI+,26.019999999999996,3,1.0987525021195155,0.10500201526198652,1.0959009678012965,2.3627580767927663,1.1078405982778428,0.5509195791962185,-0.54501252205994,-1.0842104250461837,-2.145522697794422,1.1077147581852604,0.5509039314966393,-0.5449970363046573,-1.0840871774173328,-2.144546774066738,11.871510640329053,23.743021280658105,,,,,,
2026-10-05,CIEL18,CIELO S/A,CIELO S.A - INSTITUICAO DE PAGAMENTO,Cielo Instituicao,CVM FRE,DI_MAIS,N,Quirografária,S,CIELO S.A - INSTITUICAO DE PAGAMENTO,01027058000191,0.3945,0.0211,1061.537196,2029-05-08,,,2.1381,ok DI+,ok DI+,39.45,6,2.141611238949909,0.16422239137125438,2.1331957815915303,7.2814320865615505,2.17015123293951,1.075767745537748,-1.0575632406295221,-2.0973221107781104,-4.124973871030901,2.169602942024338,1.075699680903967,-1.0574961006875632,-2.0967886211587223,-4.1207629214518295,9.246689952332277,18.493379904664554,,,,,,
2026-10-05,CIEL19,CIELO S/A,CIELO S.A - INSTITUICAO DE PAGAMENTO,Cielo Instituicao,CVM FRE,DI_MAIS,N,Quirografária,S,CIELO S.A - INSTITUICAO DE PAGAMENTO,01027058000191,0.3299,0.021,1065.773374,2028-10-20,,,1.741,ok DI+,ok DI+,32.99,5,1.7446700609332555,0.2108018916286842,1.7389333199108696,5.115755315895681,1.7648544310062242,0.8759038783286099,-0.8631139646942843,-1.7136884691225651,-3.378190479359444,1.7645120964903485,0.8758613541003044,-0.8630719658105653,-1.7133545433313913,-3.375551533503826,9.485700119223356,18.971400238446712,,,,,,
2026-10-05,CLCD16,CELESC DISTRIBUIÇÃO S/A,CELESC DISTRIBUICAO S.A.,Celesc Distribuicao,inferido,DI_MAIS,N,Quirografária,S,CELESC DISTRIBUICAO S.A.,08336783000190,0.7648,0.0207,1068.946286,2028-11-15,,,0.9755,ok DI+,ok DI+,76.48,5,0.9769735708151963,0.1510580025829092,0.9695583882617702,2.379599843124006,0.9815998700396733,0.48777152462013973,-0.4818223192903148,-0.957800579738155,-1.892633576901459,0.9814563874773903,0.48775369393479007,-0.4818046943269801,-0.9576603890461501,-1.8915247796610604,39.44063654439305,78.8812730887861,,,,,,
2026-10-05,CLCD17,CELESC DISTRIBUIÇÃO S/A,CELESC DISTRIBUICAO S.A.,Celesc Distribuicao,inferido,DI_MAIS,N,Quirografária,S,CELESC DISTRIBUICAO S.A.,08336783000190,0.8802,0.0734,1034.341508,2031-07-15,,,3.1134,ok DI+,ok DI+,88.02,10,3.112526502135907,-0.028056075804360658,3.0853690834632634,14.343144881278933,3.158501298543559,1.5607889921307239,-1.5249281207118326,-3.0150216803393692,-5.894638095691618,3.157084807869658,1.5606134728332304,-1.5247556106300333,-3.0136533590568693,-5.883875269300948,14.264095740079068,28.528191480158135,,,,,,
2026-10-05,CLCD18,CELESC DISTRIBUIÇÃO S/A,CELESC DISTRIBUICAO S.A.,Celesc Distribuicao,inferido,DI_MAIS,N,Quirografária,S,CELESC DISTRIBUICAO S.A.,08336783000190,0.8,0.0,1021.129626,2031-07-30,,,3.1028,ok DI+,ok DI+,80.0,10,3.101166911779892,-0.05263272592844073,3.0765544759721153,14.413168978391115,3.1500646897448137,1.5564726469291301,-1.5204366068309105,-3.0058830920644097,-5.875811028041378,3.1486203208640715,1.5562936992090466,-1.520260776763069,-3.00448863108016,-5.864845572376409,13.001557525602074,26.003115051204148,,,,,,
2026-10-05,CLCD19,CELESC DISTRIBUIÇÃO S/A,CELESC DISTRIBUICAO S.A.,Celesc Distribuicao,inferido,DI_MAIS,N,Quirografária,S,CELESC DISTRIBUICAO S.A.,08336783000190,0.4,0.0,1122.691106,2027-02-28,,,0.3889,ok DI+,ok DI+,40.0,1,0.38888888888888895,-0.00285706122681226,0.38733953076582567,0.5358282475287647,0.390040101850464,0.19434221807415053,-0.1930026250164696,-0.3846814606311755,-0.7641296679916421,0.39001867200346946,0.19433955069232378,-0.19299998007350186,-0.3846603895281818,-0.763962496581076,51.6342857142857,103.2685714285714,,,,,,
2026-10-05,CLII12,CORREDOR LOGISTICA E INFRAESTRUTURA S.A,CORREDOR LOGISTICA E INFRAESTRUTURA S.A,Isolada (a identificar),,DI_MAIS,N,Real,S,CORREDOR LOGISTICA E INFRAESTRUTURA S.A,15114494000102,1.8538,0.0341,1045.930251,2031-10-10,,,2.3099,ok DI+,ok DI+,185.38,11,2.3126092491262282,0.11728858938605073,2.270518379408749,9.886663342243505,2.3209075718348293,1.1477359649985752,-1.1230172808844752,-2.22200850960238,-4.350567398625282,2.3199516961199667,1.1476175188821789,-1.12290086052657,-2.2210850626975316,-4.343303491972628,40.8232766757593,81.6465533515186,,,,,,
2026-10-05,CLIS11,CLI SUL S/A,CLI SUL S/A,Isolada (a identificar),,DI_MAIS,N,Quirografária,S,CLI SUL S/A,43514079000181,1.7286,0.1151,1129.241309,2031-10-10,,,2.1805,ok DI+,ok DI+,172.85999999999999,6,2.1937619682118497,0.6082076685095058,2.156484969037075,9.387240813740238,2.204330501333529,1.0900892109128923,-1.066619176147976,-2.1104271550073883,-4.132134279255306,2.203421173105776,1.0899765355357127,-1.0665084335013624,-2.109548764968374,-4.125225121799345,40.079110794170376,80.15822158834075,,,,,,
2026-10-05,CLMOA2,CALAMO DISTRIBUIDORA DE PRODUTOS DE BELEZA S/A,CALAMO DISTRIBUIDORA DE PRODUTOS DE BELEZA S.A.,Calamo Distribuidora,inferido,DI_MAIS,N,Quirografária,S,CALAMO DISTRIBUIDORA DE PRODUTOS DE BELEZA S.A.,06147451001104,0.7151,0.0712,1026.500823,2031-08-27,,,3.0716,ok DI+,ok DI+,71.50999999999999,10,3.0697259734059883,-0.061011414051693344,3.047930224371508,14.037552268004703,3.119507125774157,1.54168416999092,-1.5065873142840691,-2.9790839793329527,-5.825659969951314,3.1181179857115313,1.54151205252076,-1.5064181718507481,-2.9777424630314844,-5.815109403382921,11.730911591774639,23.461823183549278,,,,,,
2026-10-05,CLMOA4,CALAMO DISTRIBUIDORA DE PRODUTOS DE BELEZA S/A,CALAMO DISTRIBUIDORA DE PRODUTOS DE BELEZA S.A.,Calamo Distribuidora,inferido,DI_MAIS,N,Quirografária,S,CALAMO DISTRIBUIDORA DE PRODUTOS DE BELEZA S.A.,06147451001104,0.7,0.0,1061.79169,2032-11-27,,,3.6678,ok DI+,ok DI+,69.99999999999999,13,3.6652136217055364,-0.07051579405812017,3.639735473391794,20.215215835437125,3.7431602859848256,1.8454273946218125,-1.7948836104134225,-3.5409161682591783,-6.892872345197054,3.74081155256898,1.8451367564901935,-1.7945987169016007,-3.5386593942146085,-6.875166630074846,9.616083436795538,19.232166873591076,,,,,,
2026-10-05,CMED13,CIMED & CO S.A.,CIMED & CO S.A.,Cimed Co,inferido,DI_MAIS,N,Quirografária,S,CIMED & CO S.A.,16619378000108,1.3761,0.2239,1050.162008,2029-05-02,,,1.7404,ok DI+,ok DI+,137.61,6,1.743645002639536,0.18645154214755733,1.7199764072986987,5.179869987615442,1.7462340881832406,0.8665075426203428,-0.8535572991165585,-1.694426286273265,-3.339114147052491,1.745875757236776,0.8664630411338686,-0.8535133661648301,-1.6940770573606216,-3.3363554148450887,40.00345569161695,80.0069113832339,,,,,,
2026-10-05,CMGD18,CEMIG DISTRIBUIÇÃO S/A,CEMIG DISTRIBUICAO S/A,Cemig,CVM FRE,DI_MAIS,N,Quirografária,S,CEMIG DISTRIBUICAO S/A,06981180000116,0.5534,0.0598,1051.633781,2027-06-15,,,0.6448,ok DI+,ok DI+,55.339999999999996,2,0.645250833833176,0.06991839844541128,0.641699667871177,1.064933583053812,0.6470719263659053,0.3221869224150131,-0.31952453474826115,-0.6364217297179287,-1.262471150377964,0.647024335786446,0.32218100091440577,-0.3195186669567712,-0.636374999955908,-1.2621006640812777,43.11986024832231,86.23972049664462,,,,,,
2026-10-05,CMGDA0,CEMIG DISTRIBUIÇÃO S/A,CEMIG DISTRIBUICAO S/A,Cemig,CVM FRE,DI_MAIS,N,Quirografária,S,CEMIG DISTRIBUICAO S/A,06981180000116,0.4642,0.0604,1024.35514,2029-02-15,,,1.6587,ok DI+,ok DI+,46.42,5,1.6596113688501408,0.054944766994680115,1.6519430492156815,4.7359976159249415,1.6759395222119,0.8319308327802366,-0.8200903490720335,-1.6285717084842055,-3.211605082999913,1.675623037295306,0.8318915216277468,-0.8200515275879345,-1.6282630611360567,-3.2091661461128638,14.050121165508564,28.100242331017128,,,,,,
2026-10-05,CMGDA1,CEMIG DISTRIBUIÇÃO S/A,CEMIG DISTRIBUICAO S/A,Cemig,CVM FRE,DI_MAIS,N,Quirografária,N,CEMIG DISTRIBUICAO S/A,06981180000116,0.6,0.0,1005.7247,2031-09-15,,,3.4638,ok DI+,ok DI+,60.0,10,3.4601955040645915,-0.10406189547342393,3.439558155133789,17.218361267448625,3.5274600926755273,1.7415262183010372,-1.6984762662821562,-3.355211665786839,-6.548464929412823,3.525649961471032,1.7413020291512051,-1.6982561259825835,-3.353466348796545,-6.534749084918605,8.722050521292347,17.444101042584695,,,,,,
2026-10-05,CMGDA2,CEMIG DISTRIBUIÇÃO S/A,CEMIG DISTRIBUICAO S/A,Cemig,CVM FRE,DI_MAIS,N,Quirografária,S,CEMIG DISTRIBUICAO S/A,06981180000116,0.6399,0.0279,1015.870454,2032-03-15,,,3.7308,ok DI+,ok DI+,63.99,11,3.725075408692597,-0.15344138810450525,3.7013902127213925,19.92971925078547,3.8032772831412265,1.875884342555878,-1.8260547454883924,-3.6038952647293843,-7.021093219799123,3.8010388089753198,1.875607255424178,-1.8257829572972142,-3.6017416164674647,-7.004186040427076,8.644049441216884,17.28809888243377,,,,,,
2026-10-05,CMGDA3,CEMIG DISTRIBUIÇÃO S/A,CEMIG DISTRIBUICAO S/A,Cemig,CVM FRE,DI_MAIS,N,Quirografária,S,CEMIG DISTRIBUICAO S/A,06981180000116,0.5053,0.0529,1071.139988,2030-04-15,,,2.4026,ok DI+,ok DI+,50.529999999999994,8,2.4069725619554894,0.18199292247936802,2.3948712773908336,9.211694027590763,2.441703201626355,1.2090462045056372,-1.1860155341542944,-2.349563287258838,-4.61142440554293,2.440929747528787,1.208950256229905,-1.1859210211609283,-2.3488128072528798,-4.605508674229852,10.549627547216538,21.099255094433076,,,,,,
2026-10-05,CMGDA6,CEMIG DISTRIBUIÇÃO S/A,CEMIG DISTRIBUICAO S/A,Cemig,CVM FRE,DI_MAIS,N,Quirografária,S,CEMIG DISTRIBUICAO S/A,06981180000116,0.7399,0.0175,1010.3567,2036-08-15,,,5.0725,ok DI+,ok DI+ aprox,73.99,,,,5.035244227957344,,5.035244227957344,2.517622113978672,-2.517622113978672,-5.035244227957344,-10.070488455914688,5.035244227957344,2.517622113978672,-2.517622113978672,-5.035244227957344,-10.070488455914688,7.347210646623952,14.694421293247904,,,,,,
2026-10-05,CMGDB3,CEMIG DISTRIBUIÇÃO S/A,CEMIG DISTRIBUICAO S/A,Cemig,CVM FRE,DI_MAIS,N,Quirografária,S,CEMIG DISTRIBUICAO S/A,06981180000116,0.601,0.0359,1076.049521,2032-04-15,,,3.5656,ok DI+,ok DI+,60.099999999999994,12,3.5662257376182835,0.017549293759357796,3.5449207638276787,19.33540124831152,3.6437950134791786,1.7969015891777573,-1.7485578322633644,-3.450356895753548,-6.719719488972419,3.641597770069237,1.7966296334742289,-1.74829113035345,-3.448243757586121,-6.703133502689128,8.476917257680276,16.95383451536055,,,,,,
2026-10-05,CMGTA0,CEMIG GERAÇÃO E TRANSMISSÃO S/A,CEMIG GERACAO E TRANSMISSAO S/A,Cemig,CVM FRE,DI_MAIS,N,Quirografária,S,CEMIG GERACAO E TRANSMISSAO S/A,06981176000158,0.5146,0.0249,1010.637036,2030-03-15,,,2.4872,ok DI+,ok DI+,51.459999999999994,7,2.4874059014278878,0.008278442742347944,2.4746712432103273,9.341797785880823,2.5221527534868615,1.2491087105637622,-1.225752800257407,-2.4287121118901966,-4.7684184319525365,2.521380232139731,1.2490128688375144,-1.2256583743728127,-2.427962254280923,-4.762506530703037,10.397340685391864,20.794681370783728,,,,,,
2026-10-05,CMGTA2,CEMIG GERAÇÃO E TRANSMISSÃO S/A,CEMIG GERACAO E TRANSMISSAO S/A,Cemig,CVM FRE,DI_MAIS,N,Quirografária,S,CEMIG GERACAO E TRANSMISSAO S/A,06981176000158,0.5668,0.0272,1049.766759,2031-06-10,,,3.1782,ok DI+,ok DI+,56.67999999999999,10,3.1782357773233323,0.001125710255250629,3.1603230661842003,15.118208601245236,3.2374421194879766,1.599248599916292,-1.56144977180932,-3.0862071014081116,-6.029880825688638,3.235914109190426,1.5990592938436565,-1.5612637723405436,-3.084732023177974,-6.018281960343495,8.96743763422198,17.93487526844396,,,,,,
2026-10-05,CMGTC3,CEMIG GERAÇÃO E TRANSMISSÃO S/A,CEMIG GERACAO E TRANSMISSAO S/A,Cemig,CVM FRE,DI_MAIS,N,Quirografária,S,CEMIG GERACAO E TRANSMISSAO S/A,06981176000158,0.6535,0.0,1009.277849,2033-08-15,,,4.4459,ok DI+,ok DI+,65.35,14,4.434033989567186,-0.2668978257004004,4.405245708859788,28.447272897884375,4.551268171735812,2.2386498518353726,-2.167521284193874,-4.266629179208181,-8.269878287773569,4.547482073349209,2.2381819455522494,-2.1670637633075382,-4.263009344370365,-8.241545959761888,7.417293417773351,14.834586835546702,,,,,,
2026-10-05,CMPH14,CM HOSPITALAR S.A.,CM HOSPITALAR S.A.,Cm Hospitalar,CVM FRE,DI_MAIS,N,Quirografária,S,CM HOSPITALAR S.A.,12420164000157,,,525.961313,2034-01-30,,,,fora do escopo (não IPCA+ nem DI+),,,,,,,,,,,,,,,,,,,,,,,,,
2026-10-05,CMTR19,CEMIG GERAÇÃO E TRANSMISSÃO S/A,CEMIG GERACAO E TRANSMISSAO S/A,Cemig,CVM FRE,DI_MAIS,N,Quirografária,S,CEMIG GERACAO E TRANSMISSAO S/A,06981176000158,0.5657,0.044,700.866696,2027-12-15,,,0.6391,ok DI+,ok DI+,56.57,3,0.639695610175108,0.09319514553403346,0.6360972082679363,1.2711790240470582,0.6425185820305712,0.31964572075990905,-0.31646769056963286,-0.6298054691023625,-1.2472789503801374,0.6424531033881716,0.31963757791402697,-0.31645963035390934,-0.629741313147701,-1.2467708360549314,44.466474042574035,88.93294808514807,,,,,,
2026-10-05,CNLM16,CONCESSIONARIA DA LINHA 4 DO METRO DE SAO PAULO S/A,CONCESSIONARIA DA LINHA 4 DO METRO DE SAO PAULO S/A,Motiva (ex-CCR),CVM FRE,DI_MAIS,N,Quirografária,S,CONCESSIONARIA DA LINHA 4 DO METRO DE SAO PAULO S/A,07682638000107,0.6051,0.0676,1060.246942,2031-06-15,,,2.8612,ok DI+,ok DI+,60.51,10,2.861763899582672,0.019708499324479257,2.8445515183451655,12.658753050276891,2.9090627905385302,1.4382500838913126,-1.4066006542023946,-2.782434488058194,-5.445186260903356,2.90784528359655,1.4380992004854287,-1.4064523178597366,-2.7812577530937808,-5.435927975684793,10.636123060130416,21.27224612026083,,,,,,
2026-10-05,CNLM17,CONCESSIONARIA DA LINHA 4 DO METRO DE SAO PAULO S/A,CONCESSIONARIA DA LINHA 4 DO METRO DE SAO PAULO S/A,Motiva (ex-CCR),CVM FRE,DI_MAIS,N,Quirografária,S,CONCESSIONARIA DA LINHA 4 DO METRO DE SAO PAULO S/A,07682638000107,0.7073,0.0422,1079.534709,2033-04-15,,,4.0382,ok DI+,ok DI+,70.73,14,4.035342781894783,-0.07075474481742132,4.007001261968877,24.832018976630966,4.134341448084444,2.03493381957065,-1.9728453364401988,-3.885886209006395,-7.541212780540274,4.131161356852032,2.034540654705227,-1.9724606072636497,-3.8828411670857217,-7.517362144405134,8.825802061919763,17.651604123839526,,,,,,
2026-10-05,COCEA2,COMPANHIA ENERGÉTICA DO CEARÁ - COELCE,COMPANHIA ENERGETICA DO CEARA-COELCE,Enel,CVM FRE,DI_MAIS,N,Quirografária,S,COMPANHIA ENERGETICA DO CEARA-COELCE,07047251000170,1.3957,0.0766,1051.035856,2029-05-15,,,2.1397,ok DI+,ok DI+,139.57,6,2.1428801023790744,0.14862375001516623,2.1133836073709973,7.164402215800975,2.149741386028725,1.0657138197583071,-1.0478019168437047,-2.078083001190345,-4.08759511730985,2.149205618450002,1.0656473064552499,-1.0477363009157474,-2.077561596291992,-4.083479170425975,33.0205078512987,66.0410157025974,,,,,,
2026-10-05,COGNA4,COGNA EDUCACAO S.A,COGNA EDUCACAO S.A,Cogna Educacao,inferido,DI_MAIS,N,Quirografária,S,COGNA EDUCACAO S.A,02800026000140,1.199,0.0483,1067.386616,2029-11-19,,,2.136,ok DI+,ok DI+,119.9,7,2.138808277991119,0.13147368872279658,2.1134677990801483,7.3406716016286735,2.150738745394487,1.0659801850484207,-1.0476275215239417,-2.077316270375329,-4.084476214754629,2.1501711570882915,1.0659097390421102,-1.0475580600380383,-2.076764441072005,-4.080122166127723,28.365703052628596,56.73140610525719,,,,,,
2026-10-05,COGNA5,COGNA EDUCACAO S.A,COGNA EDUCACAO S.A,Cogna Educacao,inferido,DI_MAIS,N,Quirografária,S,COGNA EDUCACAO S.A,02800026000140,1.0457,0.1102,1022.622753,2028-11-17,,,1.8499,ok DI+,ok DI+,104.57000000000001,5,1.8512602598498074,0.07353153412656116,1.8321019695541794,5.4549156819351845,1.8597446514237337,0.9229153529774825,-0.9092774957248251,-1.8051864027045839,-3.557942625459476,1.8593765479638549,0.9228696293795086,-0.9092323401746707,-1.8048273911445034,-3.5551056254696545,28.538258715328467,57.076517430656935,,,,,,
2026-10-05,COGNB2,COGNA EDUCACAO S.A,COGNA EDUCACAO S.A,Cogna Educacao,inferido,DI_MAIS,N,Quirografária,S,COGNA EDUCACAO S.A,02800026000140,1.14,0.0576,1068.196912,2029-05-15,,,1.7655,ok DI+,ok DI+ aprox,113.99999999999999,,,,1.7456001581965592,,1.7456001581965592,0.8728000790982796,-0.8728000790982796,-1.7456001581965592,-3.4912003163931185,1.7456001581965592,0.8728000790982796,-0.8728000790982796,-1.7456001581965592,-3.4912003163931185,32.653525913338996,65.30705182667799,,,,,,
2026-10-05,COLNA3,RODOVIAS DAS COLINAS S/A,RODOVIAS DAS COLINAS S.A,Isolada (a identificar),,DI_MAIS,N,Quirografária,S,RODOVIAS DAS COLINAS S.A,03025305000146,0.7743,0.0433,1027.412333,2032-01-15,,,3.0603,ok DI+,ok DI+,77.42999999999999,11,3.058598734653977,-0.055591456589963804,3.0350979710640282,14.535279283122474,3.1092760921789697,1.5359040841099736,-1.4995625410913704,-2.9638697559253635,-5.790872037217176,3.1077743674796405,1.535718084635917,-1.499379886428111,-2.9624215746484155,-5.779490356465606,12.75576616277316,25.51153232554632,,,,,,
2026-10-05,CPFGA3,CPFL GERAÇÃO DE ENERGIA S/A,CPFL COMERCIALIZACAO BRASIL S/A,CPFL,inferido,DI_MAIS,N,Quirografária,S,CPFL COMERCIALIZACAO BRASIL S/A,04973790000142,0.513,0.0235,1011.742702,2031-09-10,,,3.3988,ok DI+,ok DI+,51.3,20,3.394948603030355,-0.11331637547502661,3.377621405221568,16.815107035447657,3.4634510378130035,1.7100468533098878,-1.6680051957831954,-3.295237697079645,-6.432238167550953,3.4616969403988054,1.7098295864050934,-1.667791818816474,-3.2935458700443294,-6.418940669734181,7.5941015651863415,15.188203130372683,,,,,,
2026-10-05,CPFPA6,COMPANHIA PIRATININGA DE FORÇA E LUZ,COMPANHIA PIRATININGA DE FORCA E LUZ,CPFL,CVM FRE,DI_MAIS,N,Quirografária,S,COMPANHIA PIRATININGA DE FORCA E LUZ,04172213000151,0.3126,0.0339,416.864958,2028-06-05,,,0.8487,ok DI+,ok DI+,31.259999999999998,7,0.8490815196680586,0.04495341911848118,0.8464355621009311,1.8032753074000782,0.8555495290309967,0.4254840087010159,-0.4209756920142027,-0.8375147203910305,-1.657561928517437,0.8554519386379316,0.4254718751847157,-0.42096368691621544,-0.8374191855639307,-1.6568056180538606,18.465670276429428,36.931340552858856,,,,,,
2026-10-05,CPFPA8,COMPANHIA PIRATININGA DE FORÇA E LUZ,COMPANHIA PIRATININGA DE FORCA E LUZ,CPFL,CVM FRE,DI_MAIS,N,Quirografária,S,COMPANHIA PIRATININGA DE FORCA E LUZ,04172213000151,0.4152,0.0404,1010.617232,2029-09-10,,,2.09,ok DI+,ok DI+,41.52,12,2.0907147677945934,0.03419941600926137,2.0820700131002017,6.898013097095446,2.1170707996970295,1.0497209278154784,-1.0324750416256134,-2.048077009374938,-4.0301036786756335,2.116560078585679,1.04965752292147,-1.0324124901787315,-2.0475799476147243,-4.026179764258495,9.970846258473493,19.941692516946986,,,,,,
2026-10-05,CPFPB8,COMPANHIA PIRATININGA DE FORÇA E LUZ,COMPANHIA PIRATININGA DE FORCA E LUZ,CPFL,CVM FRE,DI_MAIS,N,Quirografária,S,COMPANHIA PIRATININGA DE FORCA E LUZ,04172213000151,0.5214,0.0322,1011.455385,2031-09-10,,,3.3986,ok DI+,ok DI+,52.14,20,3.3947758212252834,-0.11252217897712692,3.377167271073904,16.81119718754544,3.46297678431855,1.7098148285078718,-1.667782947125085,-3.2948025673934955,-6.431403835225435,3.4612232570116315,1.7095976320213837,-1.6675696390525203,-3.2931112851361766,-6.4181105983969,7.71948734174189,15.43897468348378,,,,,,
2026-10-05,CPGT17,COPEL GERAÇÃO E TRANSMISSÃO S/A,COPEL GERACAO E TRANSMISSAO S.A.,Copel,CVM FRE,DI_MAIS,N,Quirografária,S,COPEL GERACAO E TRANSMISSAO S.A.,04370282000170,0.5105,0.0346,535.828134,2026-10-15,,,0.0278,ok DI+,ok DI+,51.04999999999999,1,0.027777777777777776,-0.07993605115907226,0.02763669246275541,0.02826010080273591,0.02777895046544021,0.0138537905980618,-0.013783139427270275,-0.027496335047016984,-0.05471567191002169,0.02777799296676909,0.013853671357381126,-0.013783021105374283,-0.027495391958741733,-0.05470818290945611,923.5909844999999,1847.1819689999998,,,,,,
2026-10-05,CPGT18,COPEL GERAÇÃO E TRANSMISSÃO S/A,COPEL GERACAO E TRANSMISSAO S.A.,Copel,CVM FRE,DI_MAIS,N,Quirografária,S,COPEL GERACAO E TRANSMISSAO S.A.,04370282000170,0.5,0.0,1054.543152,2030-01-15,,,2.3017,ok DI+,ok DI+,50.0,7,2.3029613244482245,0.05479968928290775,2.291503805421119,8.311241157150734,2.333726231289801,1.1562236234085699,-1.1354443293951855,-2.2505947546169525,-4.421886813487119,2.333060011206873,1.1561409541569982,-1.1353628512641212,-2.249947599635366,-4.4167827876992245,10.9098662375582,21.8197324751164,,,,,,
2026-10-05,CPGT19,COPEL GERAÇÃO E TRANSMISSÃO S/A,COPEL GERACAO E TRANSMISSAO S.A.,Copel,CVM FRE,DI_MAIS,N,Quirografária,S,COPEL GERACAO E TRANSMISSAO S.A.,04370282000170,0.3801,0.0431,1071.404592,2029-10-10,,,1.6793,ok DI+,ok DI+,38.01,7,1.6829425168908305,0.21690685945516017,1.6765698747967281,5.31379222673372,1.7035301578718576,0.8449757562743798,-0.8316906159878568,-1.6503816751758382,-3.2498693668301715,1.7031388359303967,0.8449271776817813,-0.8316426971149469,-1.6500009136630596,-3.246863905058782,11.33564445222077,22.67128890444154,,,,,,
2026-10-05,CPGT29,COPEL GERAÇÃO E TRANSMISSÃO S/A,COPEL GERACAO E TRANSMISSAO S.A.,Copel,CVM FRE,DI_MAIS,N,Quirografária,S,COPEL GERACAO E TRANSMISSAO S.A.,04370282000170,0.6431,0.0965,1071.420847,2031-10-10,,,3.2956,ok DI+,ok DI+,64.31,11,3.2981203409462028,0.07647593598139653,3.2770456603047826,16.58179937346554,3.3617147993460827,1.659468060161351,-1.6180095919322124,-3.1958332582749382,-6.235786315659464,3.35995465717211,1.6592500793692229,-1.6177955809355593,-3.1941366634374546,-6.222455333140254,9.812191630253153,19.624383260506306,,,,,,
2026-10-05,CPGT39,COPEL GERAÇÃO E TRANSMISSÃO S/A,COPEL GERACAO E TRANSMISSAO S.A.,Copel,CVM FRE,DI_MAIS,N,Quirografária,S,COPEL GERACAO E TRANSMISSAO S.A.,04370282000170,0.7863,0.0366,1078.832158,2034-10-10,,,4.4298,ok DI+,ok DI+,78.63,17,4.423845846576343,-0.13441133738897704,4.389332524932797,30.332257094148375,4.545331807451913,2.2331172533078147,-2.157273878415489,-4.241805395281761,-8.20432842067561,4.540993810403539,2.232581583834084,-2.1567509410987133,-4.237671239462055,-8.172019907982627,8.956942718893673,17.913885437787346,,,,,,
2026-10-05,CPGTA0,COPEL GERAÇÃO E TRANSMISSÃO S/A,COPEL GERACAO E TRANSMISSAO S.A.,Copel,CVM FRE,DI_MAIS,N,Quirografária,S,COPEL GERACAO E TRANSMISSAO S.A.,04370282000170,0.4111,0.0406,1021.431453,2029-02-15,,,1.6609,ok DI+,ok DI+,41.11,5,1.661851278706635,0.057274893529714495,1.6550473789318463,4.749298430487574,1.6791114846910649,0.833499763690515,-0.8216260258484209,-1.6316106295472976,-3.217556362405005,1.6787938710842838,0.8334603125040325,-0.8215870664278137,-1.6313008867794083,-3.2151087892539407,12.4195840322505,24.839168064501,,,,,,
2026-10-05,CPGTB0,COPEL GERAÇÃO E TRANSMISSÃO S/A,COPEL GERACAO E TRANSMISSAO S.A.,Copel,CVM FRE,DI_MAIS,N,Quirografária,S,COPEL GERACAO E TRANSMISSAO S.A.,04370282000170,0.5666,0.0591,1026.980617,2032-02-15,,,3.656,ok DI+,ok DI+,56.660000000000004,11,3.6512139522035634,-0.13090940362244982,3.6306427304925926,19.352254816103844,3.7295578947479813,1.839778321707608,-1.7913926256980295,-3.5359543630292922,-6.8905160832212875,3.727404004573112,1.839511683766426,-1.7911310467261667,-3.533881456412073,-6.874240364663109,7.8030261039086835,15.606052207817367,,,,,,
2026-10-05,CPLD19,COPEL DISTRIBUICAO S/A,COPEL  DISTRIBUICAO S/A,Copel,CVM FRE,DI_MAIS,N,Quirografária,N,COPEL  DISTRIBUICAO S/A,04368898000106,0.543,0.0542,1057.240321,2031-05-15,,,2.7912,ok DI+,ok DI+,54.30000000000001,10,2.7931966098245886,0.07153230956537379,2.7781114645719627,12.207313115892783,2.8403092339384317,1.4044587911326456,-1.373938101152583,-2.7181975705473205,-5.32091093739634,2.839148030151427,1.4043148736808475,-1.3737965908911154,-2.717074898992499,-5.31207666682607,9.772826017325816,19.54565203465163,,,,,,
2026-10-05,CPLD27,COPEL DISTRIBUICAO S/A,COPEL  DISTRIBUICAO S/A,Copel,CVM FRE,DI_MAIS,N,Quirografária,S,COPEL  DISTRIBUICAO S/A,04368898000106,0.8151,0.0628,530.96228,2027-05-15,,,0.565,ok DI+,ok DI+,81.51,2,0.5656541345762846,0.11577603120081488,0.5610807652586612,0.8863613222953614,0.5655509333466258,0.28165310797909626,-0.2794371623336289,-0.5566866422397454,-1.1047331333012944,0.565512571870138,0.2816483342821998,-0.2794324309764614,-0.5566489586471844,-1.1044343040714153,72.63660157947444,145.2732031589489,,,,,,
2026-10-05,CPLDA0,COPEL DISTRIBUICAO S/A,COPEL  DISTRIBUICAO S/A,Copel,CVM FRE,DI_MAIS,N,Quirografária,S,COPEL  DISTRIBUICAO S/A,04368898000106,0.4341,0.0388,1030.813294,2030-07-15,,,2.3448,ok DI+,ok DI+,43.410000000000004,8,2.345906182742882,0.047175995516963797,2.33576661984613,8.688221932243675,2.3799235284470255,1.1788323906985143,-1.157110521842497,-2.293020274808244,-4.503246225506019,2.379207729507348,1.1787435873383696,-1.1570230325077602,-2.2923255101849116,-4.4977688010473855,9.292452343303815,18.58490468660763,,,,,,
2026-10-05,CPLDA2,COPEL DISTRIBUICAO S/A,COPEL  DISTRIBUICAO S/A,Copel,CVM FRE,DI_MAIS,N,Quirografária,S,COPEL  DISTRIBUICAO S/A,04368898000106,0.3685,0.0351,1025.805285,2028-07-15,,,1.5953,ok DI+,ok DI+,36.85,4,1.5965570879688604,0.07879947150131524,1.5906953755101059,4.285626846449024,1.6123917245598474,0.800738049404548,-0.7900235917741028,-1.5695292054282772,-3.0977497600426784,1.6121235097423512,0.8007047213131143,-0.7899906541969917,-1.5692672412778608,-3.0956782140912313,11.582984576221232,23.165969152442464,,,,,,
2026-10-05,CPLDB0,COPEL DISTRIBUICAO S/A,COPEL  DISTRIBUICAO S/A,Copel,CVM FRE,DI_MAIS,N,Quirografária,S,COPEL  DISTRIBUICAO S/A,04368898000106,0.5697,0.0397,1031.676569,2032-07-15,,,3.9433,ok DI+,ok DI+,56.97,12,3.936886705026898,-0.16263776464133403,3.9145853125015764,22.710813072626244,4.030869371004764,1.9860188995751926,-1.9292350205316056,-3.8036516394638675,-7.395502612645832,4.028139377864708,1.9856811725915708,-1.9289041399100055,-3.801031247138445,-7.374954363550628,7.276632829799524,14.553265659599049,,,,,,
2026-10-05,CPREA0,CPFL ENERGIAS RENOVÁVEIS,CPFL ENERGIAS RENOVAVEIS S.A,CPFL,CVM FRE,DI_MAIS,N,Quirografária,S,CPFL ENERGIAS RENOVAVEIS S.A,08439659000150,0.4197,0.0486,1059.824562,2028-12-12,,,1.8691,ok DI+,ok DI+,41.97,5,1.8711436412347602,0.10933825021455226,1.863323273456065,5.690749807364174,1.8921694049597093,0.9388238075610067,-0.9245963164080995,-1.8352520363926206,-3.6158535699115757,1.891777022492886,0.9387750739872377,-0.9245481994688274,-1.8348695244192443,-3.6128315507648465,11.262135936872257,22.524271873744514,,,,,,
2026-10-05,CPTE12,CACHOEIRA PAULISTA TRANS. DE ENERGIA S/A,CACHOEIRA PAULISTA TRANSMISSORA DE ENERGIA S.A.,Isolada (a identificar),,DI_MAIS,N,Real,S,CACHOEIRA PAULISTA TRANSMISSORA DE ENERGIA S.A.,05336882000184,0.8552,0.0884,660.309864,2031-07-15,,,2.2047,ok DI+,ok DI+,85.51999999999998,10,2.204707898917757,0.0003582763077611351,2.186013114760327,8.904504128271181,2.231353995563512,1.10423862929101,-1.0819757028117771,-2.142282283245711,-4.200167785895914,2.230535635401683,1.1041371875405024,-1.0818759272198244,-2.1414905941189706,-4.19393614695523,19.560724366783212,39.121448733566424,,,,,,
2026-10-05,CSAN15,COSAN S.A.,COSAN S.A.,Rumo,CVM FRE,DI_MAIS,N,Quirografária,S,COSAN S.A.,50746577000115,2.0935,0.2183,1078.704244,2028-04-20,,,1.327,ok DI+,ok DI+,209.35000000000002,4,1.3299107596565525,0.219348881428223,1.3026399914358433,3.1649036176920107,1.3186471583966686,0.6552988297761297,-0.6473863218438569,-1.2869941381934202,-2.5433957953997055,1.3184645095243033,0.6552761252400366,-0.6473638661958065,-1.286815473347383,-2.5419819105178463,80.35604671143352,160.71209342286704,,,,,,
2026-10-05,CSAN18,COSAN S.A.,COSAN S.A.,Rumo,CVM FRE,DI_MAIS,N,Quirografária,S,COSAN S.A.,50746577000115,1.5258,0.0498,1039.831331,2031-01-21,,,2.9437,ok DI+,ok DI+,152.58,9,2.9432721037828378,-0.014535999495955356,2.899038573232457,12.777947138421505,2.9641318348115675,1.46564090497876,-1.4336935834373232,-2.836313085941422,-5.551682097333277,2.9629283089245644,1.4654917205392555,-1.4335468526932016,-2.8351488375403493,-5.542518203696484,26.31562087666046,52.63124175332092,,,,,,
2026-10-05,CSAN23,COSAN S.A.,COSAN S.A.,Rumo,CVM FRE,DI_MAIS,N,Quirografária,S,COSAN S.A.,50746577000115,1.8225,0.1284,1025.656376,2031-08-15,,,2.9904,ok DI+,ok DI+,182.25000000000003,10,2.988910700953996,-0.04980267007772389,2.935412802626135,13.218618904403813,3.00278898475157,1.48438867645464,-1.4513394273229507,-2.8705595454758592,-5.616206910874677,3.0015058971481543,1.4842296749435724,-1.4511831276825629,-2.869319708104116,-5.606453227164194,31.04333397962836,62.08666795925672,,,,,,
2026-10-05,CSAN24,COSAN S.A.,COSAN S.A.,Rumo,CVM FRE,DI_MAIS,N,Quirografária,S,COSAN S.A.,50746577000115,1.8666,0.0981,1067.221867,2032-05-05,,,3.2521,ok DI+,ok DI+,186.66000000000003,12,3.252766904384474,0.02050688430472033,3.193163317892689,16.0956780958238,3.2753638134764396,1.6169145000616503,-1.5766713706219515,-3.1143440527926503,-6.077446646006235,3.273641708371808,1.616701256566124,-1.5764620613265647,-3.1126849274135697,-6.064413073868902,29.22806969409653,58.45613938819306,,,,,,
2026-10-05,CSANA0,COSAN S.A.,COSAN S.A.,Rumo,CVM FRE,DI_MAIS,N,Quirografária,S,COSAN S.A.,50746577000115,1.4426,0.0324,1030.656083,2029-06-28,,,1.8979,ok DI+,ok DI+,144.26000000000002,6,1.8995839306133997,0.08872599259180018,1.8725702324402171,5.879265716422613,1.9023864737471197,0.9436863389917782,-0.9289874912947749,-1.8435828774761687,-3.630784793916042,1.9019665610223304,0.9436341983656369,-0.9289360340745803,-1.843173903858104,-3.6275551505519825,38.51924950553373,77.03849901106746,,,,,,
2026-10-05,CSANA2,COSAN S.A.,COSAN S.A.,Rumo,CVM FRE,DI_MAIS,N,Quirografária,S,COSAN S.A.,50746577000115,1.7629,0.1076,1208.781973,2029-01-27,,,2.2937,ok DI+,ok DI+,176.29,1,2.2936507936507935,-0.002145282696357604,2.253916499677971,7.2950102724111945,2.290911298816356,1.1361415562565647,-1.1179031969635433,-2.2179478526787255,-4.365932581389387,2.2903915510400266,1.1360770126794995,-1.1178394869984714,-2.2174414483159146,-4.361932793907718,39.10748247,78.21496494,,,,,,
2026-10-05,CSANB0,COSAN S.A.,COSAN S.A.,Rumo,CVM FRE,DI_MAIS,N,Quirografária,S,COSAN S.A.,50746577000115,1.8115,0.1039,1026.845179,2034-06-28,,,4.3511,ok DI+,ok DI+,181.15000000000003,16,4.340699742681413,-0.2390259318008464,4.26346703730071,28.065189603598462,4.407634867548649,2.1672896373677863,-2.0971158083019525,-4.126809186684555,-7.994321611113852,4.403792985318702,2.166815005654853,-2.0966520316458572,-4.1231410892827185,-7.965630282529451,21.24444711488726,42.48889422977452,,,,,,
2026-10-05,CSANB1,COSAN S.A.,COSAN S.A.,Rumo,CVM FRE,DI_MAIS,N,Quirografária,S,COSAN S.A.,50746577000115,1.6669,0.1581,1009.2079,2030-01-08,,,2.6349,ok DI+,ok DI+,166.69,7,2.636163984066746,0.047970855316941986,2.5929422300343044,10.206222378498232,2.6448369163913465,1.3093360223596306,-1.2838188665815875,-2.5427490848038192,-4.988365506014302,2.6439733419267952,1.309228892990275,-1.2837133370440295,-2.541911118141813,-4.981760012498644,32.14302232984857,64.28604465969714,,,,,,
2026-10-05,CSANB2,COSAN S.A.,COSAN S.A.,Rumo,CVM FRE,DI_MAIS,N,Quirografária,S,COSAN S.A.,50746577000115,1.4949,0.0573,1219.731651,2030-03-27,,,2.3913,ok DI+,ok DI+,149.48999999999998,7,2.413635140047507,0.9340166456532814,2.3780851452117364,9.589332904998919,2.4268707248898513,1.2011332835069721,-1.1771583484917802,-2.3309517381016387,-4.570791374044081,2.4260318097367306,1.2010292387371169,-1.1770559064746196,-2.330138480686742,-4.564383632323494,31.430750135460336,62.86150027092067,,,,,,
2026-10-05,CSANC1,COSAN S.A.,COSAN S.A.,Rumo,CVM FRE,DI_MAIS,N,Quirografária,S,COSAN S.A.,50746577000115,2.0902,0.1076,996.750458,2035-01-08,,,4.9248,ok DI+,ok DI+,209.01999999999998,17,4.907776218726193,-0.345674571024355,4.8072941562718,36.17820837905243,4.993814463822499,2.4495643046707816,-2.35910103565673,-4.631748223087162,-8.932723474926508,4.988185198167061,2.448869838609715,-2.358424317662084,-4.626403114376537,-8.891024144962548,21.739880398966598,43.479760797933196,,,,,,
2026-10-05,CSANC2,COSAN S.A.,COSAN S.A.,Rumo,CVM FRE,DI_MAIS,N,Quirografária,S,COSAN S.A.,50746577000115,1.8468,0.1336,1214.618005,2032-03-27,,,3.2838,ok DI+,ok DI+,184.67999999999998,11,3.310787906597676,0.8218498872548918,3.2507530001901643,18.109953077306702,3.3434225808714357,1.648276248803815,-1.602996173807203,-3.162239927896582,-6.155285416949862,3.341302765576698,1.6480139414417159,-1.6027390587484487,-3.160203234803631,-6.139306938834195,28.40572630236694,56.81145260473388,,,,,,
2026-10-05,CSED12,CRUZEIRO DO SUL EDUCACIONAL S/A,CRUZEIRO DO SUL EDUCACIONAL S.A.,Cruzeiro Sul,CVM FRE,DI_MAIS,N,Quirografária,S,CRUZEIRO DO SUL EDUCACIONAL S.A.,62984091000102,0.8043,0.044,1035.200342,2030-02-05,,,1.9957,ok DI+,ok DI+,80.42999999999999,7,1.9965642537054906,0.04330579272889672,1.9806340143282484,6.591160591388503,2.0140891709232056,0.9986179390909733,-0.9821391793533696,-1.9481638276360513,-3.8332769271637535,2.0135898172851907,0.9985559579033597,-0.9820780564248885,-1.9476782113713058,-3.829444816828726,20.30410449839685,40.6082089967937,,,,,,
2026-10-05,CSED13,CRUZEIRO DO SUL EDUCACIONAL S/A,CRUZEIRO DO SUL EDUCACIONAL S.A.,Cruzeiro Sul,CVM FRE,DI_MAIS,N,Quirografária,S,CRUZEIRO DO SUL EDUCACIONAL S.A.,62984091000102,0.9131,0.0605,1056.420619,2030-11-15,,,2.8019,ok DI+,ok DI+,91.31,9,2.804258267677805,0.08416673249599689,2.7788842753594976,11.996170223963006,2.8399744423803552,1.4045748746027042,-1.3745822211227332,-2.719977077148028,-5.32629800881812,2.8388651264793126,1.4044373504597025,-1.374446924899795,-2.7189034242396826,-5.317845146239735,16.429255584633413,32.858511169266826,,,,,,
2026-10-05,CSMGA7,CIA DE SANEAMENTO DE M.GERAIS COPASA MG,COMPANHIA DE SANEAMENTO DE MINAS GERAIS COPASA MG,Copasa,inferido,DI_MAIS,N,Quirografária,S,COMPANHIA DE SANEAMENTO DE MINAS GERAIS COPASA MG,17281106000103,0.7028,0.0733,777.049093,2029-12-16,,,1.4802,ok DI+,ok DI+,70.28,13,1.4806704555989345,0.03178324543538369,1.4703369276712608,4.447342556784772,1.492891393216511,0.7407670939313382,-0.7296482138750005,-1.4484095840391342,-2.854169676824614,1.4925736404551846,0.7407276420316113,-0.7296092856396493,-1.4481002148873368,-2.851727004206826,23.899284129152086,47.79856825830417,,,,,,
2026-10-05,CSMGA8,CIA DE SANEAMENTO DE M.GERAIS COPASA MG,COMPANHIA DE SANEAMENTO DE MINAS GERAIS COPASA MG,Copasa,inferido,DI_MAIS,N,Quirografária,S,COMPANHIA DE SANEAMENTO DE MINAS GERAIS COPASA MG,17281106000103,0.8077,0.0648,954.99994,2030-09-15,,,1.7512,ok DI+,ok DI+,80.77,16,1.751373763422977,0.009922534432207268,1.7373412580814531,5.971266630714092,1.7676734944310102,0.8761937606607928,-0.861264733579481,-1.7079470552430642,-3.358901376147727,1.7671975912350233,0.8761347123291191,-0.8612065457523339,-1.7074849249278827,-3.355257183548624,23.245289209672702,46.490578419345404,,,,,,
2026-10-05,CSMGA9,CIA DE SANEAMENTO DE M.GERAIS COPASA MG,COMPANHIA DE SANEAMENTO DE MINAS GERAIS COPASA MG,Copasa,inferido,DI_MAIS,N,Quirografária,S,COMPANHIA DE SANEAMENTO DE MINAS GERAIS COPASA MG,17281106000103,0.6301,0.0329,1040.519866,2034-07-15,,,3.0748,ok DI+,ok DI+,63.010000000000005,32,3.070417632593937,-0.14252528314241622,3.0511920713523466,16.53629091516273,3.1358731948489815,1.5465136687070835,-1.5051677227509552,-2.9704267411591045,-5.786672111095825,3.13387352592816,1.5462663993201267,-1.50492567203222,-2.968510616776533,-5.7716583244014386,10.325472557365549,20.650945114731098,,,,,,
2026-10-05,CSMGB0,CIA DE SANEAMENTO DE M.GERAIS COPASA MG,COMPANHIA DE SANEAMENTO DE MINAS GERAIS COPASA MG,Copasa,inferido,DI_MAIS,N,Quirografária,S,COMPANHIA DE SANEAMENTO DE MINAS GERAIS COPASA MG,17281106000103,0.5646,0.091,1019.72187,2035-05-15,,,3.6024,ok DI+,ok DI+,56.46,35,3.5936228137934383,-0.2436482957628675,3.5734471312901737,21.158940471669574,3.6819972988791028,1.8135127175410881,-1.760607702524164,-3.470285196233458,-6.74431632072695,3.6792418336485215,1.8131722412346736,-1.7602748900555,-3.467652428931826,-6.723715453146956,7.899934982333912,15.799869964667824,,,,,,
2026-10-05,CSMGD1,CIA DE SANEAMENTO DE M.GERAIS COPASA MG,COMPANHIA DE SANEAMENTO DE MINAS GERAIS COPASA MG,Copasa,inferido,DI_MAIS,N,Quirografária,S,COMPANHIA DE SANEAMENTO DE MINAS GERAIS COPASA MG,17281106000103,0.6769,0.035,1025.066815,2035-10-15,,,3.7713,ok DI+,ok DI+,67.69,37,3.7631653890938632,-0.21569779402691047,3.7378637891054085,23.06751692075901,3.8563115769716605,1.8981504618155842,-1.8404727591619818,-3.625493754189524,-7.0375822868175675,3.853201373709204,1.8977662907036528,-1.8400974984017555,-3.622526204501613,-7.014377239795637,9.054637062657706,18.109274125315412,,,,,,
2026-10-05,CSMGD2,CIA DE SANEAMENTO DE M.GERAIS COPASA MG,COMPANHIA DE SANEAMENTO DE MINAS GERAIS COPASA MG,Copasa,inferido,DI_MAIS,N,Quirografária,S,COMPANHIA DE SANEAMENTO DE MINAS GERAIS COPASA MG,17281106000103,0.6431,0.0585,1007.794911,2036-03-15,,,4.0672,ok DI+,ok DI+,64.31,38,4.058592854771566,-0.211623358291535,4.032658825862445,25.95543566303812,4.166064517233381,2.0492217263608614,-1.9843224163290207,-3.906338515688823,-7.573220938850822,4.162436004177636,2.04877370751002,-1.9838851183524246,-3.902881647547254,-7.546208938464126,7.97364750863177,15.94729501726354,,,,,,
2026-10-05,CSNAA1,COMPANHIA SIDERÚRGICA NACIONAL,COMPANHIA SIDERURGICA NACIONAL,Siderurgica Nacional,CVM FRE,DI_MAIS,N,Quirografária,S,COMPANHIA SIDERURGICA NACIONAL,33042730000104,16.9068,0.1596,879.492045,2028-11-10,,,1.3238,ok DI+,ok DI+,1690.68,5,1.3264418816018722,0.19956803156610248,1.1346148227492945,2.5448273979605722,1.1474755799362635,0.5705054352203254,-0.5641431935608621,-1.1220245345723634,-2.2193931271065614,1.1473389597390975,0.570488445622098,-0.5641263771271965,-1.1218906857594917,-2.2183330975393774,745.045792678479,1490.091585356958,,,,,,
2026-10-05,CSNAA2,COMPANHIA SIDERÚRGICA NACIONAL,COMPANHIA SIDERURGICA NACIONAL,Siderurgica Nacional,CVM FRE,DI_MAIS,N,Quirografária,S,COMPANHIA SIDERURGICA NACIONAL,33042730000104,17.4603,0.0845,960.330991,2027-12-20,,,0.6165,ok DI+,ok DI+,1746.03,3,0.6170105356272096,0.08281194277527919,0.5252928313883155,0.8895157598588657,0.5297794427765901,0.2637631680721064,-0.261539336544403,-0.5208836102391423,-1.0330995767308893,0.5297404101876099,0.26375831039398134,-0.26153452099433416,-0.5208452525890213,-1.0327953475794536,1661.958716803115,3323.91743360623,,,,,,
2026-10-05,CSRNA2,COMPANHIA ENERGÉTICA DO R. G. N. - COSERN,COMPANHIA ENERGETICA DO RIO GRANDE DO NORTE-COSERN,Neoenergia,CVM FRE,DI_MAIS,N,Quirografária,S,COMPANHIA ENERGETICA DO RIO GRANDE DO NORTE-COSERN,08324196000181,0.7431,0.0501,1014.508632,2031-03-15,,,3.139,ok DI+,ok DI+,74.31,9,3.1371618406455646,-0.05855875611453359,3.114021546533276,14.276336490080222,3.186793328672999,1.5750284628436306,-1.539334706421236,-3.043983298335684,-5.953085724828721,3.185403228983677,1.5748561938792383,-1.5391653526540376,-3.042639864082875,-5.942516363264947,11.931516672183363,23.863033344366727,,,,,,
2026-10-05,CTEE19,ISA ENERGIA BRASIL S.A.,ISA ENERGIA BRASIL S.A.,ISA,CVM FRE,DI_MAIS,N,Quirografária,S,ISA ENERGIA BRASIL S.A.,02998611000104,0.3414,0.0622,1090.093424,2028-11-15,,,0.9696,ok DI+,ok DI+,34.14,5,0.9710968296212577,0.15437599229142263,0.9677927850530864,2.5178697250572353,0.9805405823159807,0.48706341628388383,-0.48076850723250963,-0.9553581284183044,-1.886451198971506,0.9803821336783725,0.48704372968286475,-0.4807490553702216,-0.9552034364278003,-1.885228175605028,17.638073215294387,35.276146430588774,,,,,,
2026-10-05,CTNSA2,ENERGISA TOCANTINS - DISTRIBUIDORA DE ENERGIA S.A,ENERGISA TOCANTINS DISTRIBUIDORA DE ENERGIA S/A,Energisa,inferido,DI_MAIS,N,Quirografária,S,ENERGISA TOCANTINS DISTRIBUIDORA DE ENERGIA S/A,25086034000171,0.8488,0.0197,1019.809754,2030-02-25,,,2.7735,ok DI+,ok DI+,84.88000000000001,7,2.77354869879141,0.0017558605159588173,2.750204959098581,11.230208203508374,2.807337468791382,1.389261967366462,-1.361184577142116,-2.6950054563795733,-5.283303358710134,2.8063560001161227,1.3891402398036758,-1.361064719294905,-2.694053918081039,-5.275805754126994,15.431577148312,30.863154296624,,,,,,
2026-10-05,CVCB14,CVC BRASIL OPERADORA E AGENCIA DE VIAGENS S.A.,CVC BRASIL OPERADORA E AGENCIA DE VIAGENS S.A.,Cvc Brasil,inferido,DI_MAIS,N,Flutuante,S,CVC BRASIL OPERADORA E AGENCIA DE VIAGENS S.A.,10760260000119,7.1788,0.9277,0.604769,2028-10-30,,,0.712,ok DI+,ok DI+ aprox,717.88,,,,0.664310479311207,,0.664310479311207,0.3321552396556035,-0.3321552396556035,-0.664310479311207,-1.328620958622414,0.664310479311207,0.3321552396556035,-0.3321552396556035,-0.664310479311207,-1.328620958622414,540.3196414606742,1080.6392829213485,,,,,,
2026-10-05,DASAB2,DIAGNÓSTICOS DA AMÉRICA S/A,DIAGNOSTICOS DA AMERICA S/A,Diagnosticos America,CVM FRE,DI_MAIS,N,Quirografária,S,DIAGNOSTICOS DA AMERICA S/A,61486650000183,2.8017,0.0615,1079.724519,2030-11-20,,,2.3891,ok DI+,ok DI+,280.17,9,2.3914003320534607,0.09628446082042176,2.326226445723622,9.025124439699441,2.3721267093103737,1.174490705206832,-1.1519264207141666,-2.281851880496022,-4.4778685051133476,2.3713520679221194,1.1743946284114353,-1.1518318173121869,-2.281100823525125,-4.471950402653255,60.21984672108032,120.43969344216065,,,,,,
2026-10-05,DASAB4,DIAGNÓSTICOS DA AMÉRICA S/A,DIAGNOSTICOS DA AMERICA S/A,Diagnosticos America,CVM FRE,DI_MAIS,N,Quirografária,S,DIAGNOSTICOS DA AMERICA S/A,61486650000183,1.4319,0.1959,1079.369507,2027-10-20,,,0.4847,ok DI+,ok DI+,143.19,3,0.4856324156371293,0.19236963835965712,0.4787768104877551,0.930380989361041,0.4834749646460246,0.24055713395743084,-0.23823112498393417,-0.4741702506568912,-0.9393052507757682,0.48342871543456034,0.24055138148057886,-0.2382254290071763,-0.47412490554094994,-0.9389460011882894,149.537317663866,299.074635327732,,,,,,
2026-10-05,DASAB5,DIAGNÓSTICOS DA AMÉRICA S/A,DIAGNOSTICOS DA AMERICA S/A,Diagnosticos America,CVM FRE,DI_MAIS,N,Quirografária,S,DIAGNOSTICOS DA AMERICA S/A,61486650000183,2.4149,0.0683,1053.567275,2028-10-30,,,1.7372,ok DI+,ok DI+,241.48999999999998,5,1.7404702946886934,0.18825090310231013,1.699430741707206,4.916527561539293,1.724336898934009,0.8559012216333262,-0.8436094145627293,-1.6751638092606158,-3.303026390877073,1.7240133795149024,0.8558610303055272,-0.843569711401679,-1.6748481038995098,-3.3005309321836265,71.05026232413715,142.1005246482743,,,,,,
2026-10-05,DASAC2,DIAGNÓSTICOS DA AMÉRICA S/A,DIAGNOSTICOS DA AMERICA S/A,Diagnosticos America,CVM FRE,DI_MAIS,N,Quirografária,S,DIAGNOSTICOS DA AMERICA S/A,61486650000183,2.82,0.0563,1079.265477,2030-11-20,,,2.3888,ok DI+,ok DI+,282.0,9,2.391146194608981,0.09821645215091726,2.325565254433944,9.020593688194335,2.371442315152539,1.1741543781551789,-1.1516014219153714,-2.281212815307798,-4.476632596710517,2.370668222874915,1.1740583693272146,-1.151506885106729,-2.280462285992972,-4.470718635104,60.630420811098766,121.26084162219753,,,,,,
2026-10-05,DASAC5,DIAGNÓSTICOS DA AMÉRICA S/A,DIAGNOSTICOS DA AMERICA S/A,Diagnosticos America,CVM FRE,DI_MAIS,N,Quirografária,S,DIAGNOSTICOS DA AMERICA S/A,61486650000183,2.8764,0.1129,1038.375308,2031-10-30,,,3.4815,ok DI+,ok DI+,287.64,11,3.4813338312082833,-0.004772907991288648,3.3839965543198276,17.890158325151575,3.4754175219911865,1.7146049033748723,-1.6698749424943649,-3.296442860863369,-6.425088972742787,3.4734473459455857,1.714360975066353,-1.6696355792534745,-3.29454576269407,-6.410189942136624,42.50004327469162,85.00008654938324,,,,,,
2026-10-05,DASAD3,DIAGNÓSTICOS DA AMÉRICA S/A,DIAGNOSTICOS DA AMERICA S/A,Diagnosticos America,CVM FRE,DI_MAIS,N,Quirografária,S,DIAGNOSTICOS DA AMERICA S/A,61486650000183,2.5984,0.0397,1035.381823,2028-07-20,,,1.5747,ok DI+,ok DI+,259.84,4,1.5759457360777658,0.07910942260530839,1.5360334430924516,4.045697233392417,1.556509737133771,0.7731046392832619,-0.7629900427440939,-1.5160471080470583,-2.9930682655231466,1.5562619292594138,0.7730738430879663,-0.7629596000044853,-1.5158049569254894,-2.991152941517055,84.58149175348409,169.16298350696817,,,,,,
2026-10-05,DGCD11,EDGE COMERCIALIZACAO S.A.,EDGE COMERCIALIZACAO S.A.,Edge Comercializacao,inferido,DI_MAIS,N,Quirografária,S,EDGE COMERCIALIZACAO S.A.,19046324000199,0.9,0.0,1006.006125,2029-03-16,,,2.1343,ok DI+,ok DI+,90.00000000000001,5,2.1350468669118516,0.03499353004973768,2.1160028413397938,6.921383971582333,2.1511128153018033,1.0667156123597143,-1.0494113284170603,-2.0818857878080688,-4.09744612995675,2.1506097611977055,1.0666531506343748,-1.049349690705419,-2.0813959214818825,-4.093578003247941,21.266512086301013,42.533024172602026,,,,,,
2026-10-05,DXCO13,DEXCO S.A,DEXCO S.A,Dexco,CVM FRE,DI_MAIS,N,Quirografária,S,DEXCO S.A,97837181000147,0.75,0.0,1059.440867,2031-10-15,,,3.3131,ok DI+,ok DI+,75.0,11,3.315343582139722,0.06771851558124416,3.290663605101461,16.671742103289514,3.3757935440201114,1.6663908327425148,-1.6247074805502248,-3.209012140203704,-6.261306902555908,3.3740223156179083,1.666171480179842,-1.6244921249216184,-3.207304894585013,-6.247892368137131,11.395877701344,22.791755402688,,,,,,
2026-10-05,EBENA6,EDP SÃO PAULO DISTRIBUIÇÃO DE ENERGIA S.A.,EDP SAO PAULO DISTRIBUICAO DE ENERGIA S/A,EDP,CVM FRE,DI_MAIS,N,Quirografária,S,EDP SAO PAULO DISTRIBUICAO DE ENERGIA S/A,02302100000106,0.5727,0.1113,1013.721907,2028-03-04,,,0.8577,ok DI+,ok DI+,57.269999999999996,3,0.85812657292428,0.04973451373206766,0.853240067060226,1.8162600275614469,0.8624195807839463,0.4289025697430393,-0.42436179072009583,-0.8442549168643732,-1.6709161336308842,0.8623213671980332,0.42889035856456487,-0.42434970849566117,-0.8441587669224189,-1.670154933569223,33.56030864638099,67.12061729276198,,,,,,
2026-10-05,EBENA7,EDP SÃO PAULO DISTRIBUIÇÃO DE ENERGIA S.A.,EDP SAO PAULO DISTRIBUICAO DE ENERGIA S/A,EDP,CVM FRE,DI_MAIS,N,Quirografária,S,EDP SAO PAULO DISTRIBUICAO DE ENERGIA S/A,02302100000106,0.6334,0.0913,1041.742175,2028-06-20,,,1.0869,ok DI+,ok DI+,63.339999999999996,4,1.0879689502123655,0.09834853366137888,1.0811211289813973,2.5171639656039853,1.0938519746143127,0.5437250459183307,-0.5374319359969015,-1.0686771332049982,-2.11302117454506,1.093706948809417,0.5437070194477036,-0.5374141095336936,-1.0685353091533774,-2.1118989786507147,29.29366483646342,58.58732967292684,,,,,,
2026-10-05,EBENA9,EDP SÃO PAULO DISTRIBUIÇÃO DE ENERGIA S.A.,EDP SAO PAULO DISTRIBUICAO DE ENERGIA S/A,EDP,CVM FRE,DI_MAIS,N,Quirografária,S,EDP SAO PAULO DISTRIBUICAO DE ENERGIA S/A,02302100000106,0.5508,0.0026,1037.841846,2030-06-23,,,2.6006,ok DI+,ok DI+,55.08,8,2.601914724211308,0.050554649361996135,2.5876618825621556,10.353193991477546,2.6403260453021105,1.3068838326171894,-1.2809991360646866,-2.536766706565008,-4.975121258879545,2.6394278525195434,1.3067724337704247,-1.280889448791731,-2.5358959126047678,-4.968259885294761,10.642812411307563,21.285624822615127,,,,,,
2026-10-05,EBENB1,EDP SÃO PAULO DISTRIBUIÇÃO DE ENERGIA S.A.,EDP SAO PAULO DISTRIBUICAO DE ENERGIA S/A,EDP,CVM FRE,DI_MAIS,N,Quirografária,S,EDP SAO PAULO DISTRIBUICAO DE ENERGIA S/A,02302100000106,0.458,0.0311,1046.83914,2030-12-19,,,2.9123,ok DI+,ok DI+,45.8,9,2.9130148256645834,0.0245450559551987,2.8997340437442345,12.800224555898174,2.9649420908972823,1.4660169061411876,-1.4340138801938185,-2.8369003932389503,-5.552652628650179,2.9637351665237253,1.4658673025669902,-1.4338667411772446,-2.8357329209647437,-5.543463596370506,7.89727597584458,15.79455195168916,,,,,,
2026-10-05,EBENC1,EDP SÃO PAULO DISTRIBUIÇÃO DE ENERGIA S.A.,EDP SAO PAULO DISTRIBUICAO DE ENERGIA S/A,EDP,CVM FRE,DI_MAIS,N,Quirografária,S,EDP SAO PAULO DISTRIBUICAO DE ENERGIA S/A,02302100000106,0.6599,0.0222,1044.85653,2032-12-19,,,4.0069,ok DI+,ok DI+,65.99000000000001,13,4.000793117582494,-0.1524091546458889,3.974564963389089,23.722734346100232,4.096110196638358,2.0172984650507875,-1.9579840928181103,-3.858762204429933,-7.496706430801126,4.093178635119591,2.01693589962717,-1.9576290637619194,-3.855951291658588,-7.4746752398561735,8.301537477416234,16.60307495483247,,,,,,
2026-10-05,ECOV17,CONCESSIONÁRIA ECOVIAS DOS IMIGRANTES S/A,CONCESSIONARIA ECOVIAS DOS IMIGRANTES S.A.,EcoRodovias,CVM FRE,DI_MAIS,N,Quirografária,S,CONCESSIONARIA ECOVIAS DOS IMIGRANTES S.A.,02509491000126,0.7769,0.0497,1031.941628,2032-02-25,,,3.3586,ok DI+,ok DI+,77.69000000000001,11,3.355238231886348,-0.10009432840029137,3.3293723381909426,16.591199387030066,3.41408541258279,1.6856427590743905,-1.6441607783300172,-3.248109670307864,-6.340224890517421,3.4123283351260927,1.685425168329259,-1.6439471698616834,-3.2464163412557925,-6.326920688641284,11.667364312009314,23.334728624018627,,,,,,
2026-10-05,EDPR13,EDP TRANSMISSAO GOIAS S.A.,EDP TRANSMISSAO GOIAS S.A.,EDP,inferido,DI_MAIS,N,Quirografária,S,EDP TRANSMISSAO GOIAS S.A.,07779299000173,0.5892,0.0676,1043.772782,2030-12-10,,,2.18,ok DI+,ok DI+,58.919999999999995,9,2.181430993395866,0.06564189889293824,2.1686532882216643,8.28425401544976,2.210792370053971,1.0947709767305636,-1.0740589511495702,-2.1279275715385015,-4.177100733901651,2.210074558298913,1.0946819616301442,-1.0739713265915198,-2.127232018144415,-4.171621496134334,13.584467448071305,27.16893489614261,,,,,,
2026-10-05,EDPR23,EDP TRANSMISSAO GOIAS S.A.,EDP TRANSMISSAO GOIAS S.A.,EDP,inferido,DI_MAIS,N,Quirografária,S,EDP TRANSMISSAO GOIAS S.A.,07779299000173,,,,2032-12-10,,,,fora do escopo (não IPCA+ nem DI+),,,,,,,,,,,,,,,,,,,,,,,,,
2026-10-05,EDVP18,ENERGISA SUL-SUDESTE - DISTRIBUICAO DE ENERGIA S.A,ENERGISA SUL-SUDESTE - DISTRIBUIDORA DE ENERGIA SA,Energisa,CVM FRE,DI_MAIS,N,Quirografária,S,ENERGISA SUL-SUDESTE - DISTRIBUIDORA DE ENERGIA SA,07282377000120,0.3641,0.0749,513.671997,2027-08-22,,,0.8398,ok DI+,ok DI+,36.41,2,0.8400810281088147,0.03346369478622244,0.8370333895375086,1.5500227262268012,0.8448578965365217,0.4204634773931959,-0.41658833184442523,-0.8293562504541052,-1.6436446095544288,0.8447835031686425,0.4204542231765378,-0.41657916636097075,-0.8292832759063746,-1.6430663245504809,21.74943105920652,43.49886211841304,,,,,,
2026-10-05,EEELA3,CPFL TRANSMISSAO S.A,CPFL TRANSMISSAO S.A.,CPFL,CVM FRE,DI_MAIS,N,Quirografária,S,CPFL TRANSMISSAO S.A.,92715812000131,0.4026,0.0189,1010.882329,2029-09-10,,,2.0901,ok DI+,ok DI+,40.26,12,2.090776706197755,0.03237673784770295,2.082392992011915,6.900012635026377,2.1174039921074472,1.0498849434192215,-1.0326340579548954,-2.0483901990481557,-4.0307112843442905,2.116893055187047,1.0498215117997403,-1.0325714802121746,-2.047892928836783,-4.026785731323302,9.666763227315366,19.333526454630732,,,,,,
2026-10-05,EEELA5,CPFL TRANSMISSAO S.A,CPFL TRANSMISSAO S.A.,CPFL,CVM FRE,DI_MAIS,N,Quirografária,S,CPFL TRANSMISSAO S.A.,92715812000131,0.4586,0.0192,1017.974343,2030-05-15,,,2.8773,ok DI+,ok DI+,45.86,15,2.8767016268427232,-0.020796342309690772,2.863569298041903,12.273851377008677,2.9260566652719033,1.447265598513936,-1.4165787643332983,-2.80328284326008,-5.490188861550871,2.9249385549269467,1.4471269632422123,-1.4164423347996908,-2.8022000411568597,-5.4816615685436325,8.00748912054597,16.01497824109194,,,,,,
2026-10-05,EGIEE1,ENGIE BRASIL ENERGIA S.A.,ENGIE BRASIL ENERGIA SA,Engie,CVM FRE,DI_MAIS,N,Quirografária,S,ENGIE BRASIL ENERGIA SA,02474103000119,0.6187,0.0887,1071.832143,2030-11-15,,,2.7995,ok DI+,ok DI+,61.870000000000005,9,2.801819725022868,0.08286211905225663,2.784591457674238,12.052372249246863,2.845970989911084,1.407499750803387,-1.3773665691321213,-2.7254112347960935,-5.336650822388911,2.844853318920472,1.4073611941486774,-1.3772302635255602,-2.724329596428003,-5.328135470363538,11.109349601265281,22.218699202530562,,,,,,
2026-10-05,EKTRA0,ELEKTRO REDES S.A.,ELEKTRO REDES S.A.,Neoenergia,CVM FRE,DI_MAIS,N,Quirografária,S,ELEKTRO REDES S.A.,02328280000197,0.7288,0.0448,1071.11593,2026-10-15,,,0.0278,ok DI+,ok DI+,72.88,1,0.027777777777777776,-0.07993605115907226,0.0275767980734187,0.0281377928062414,0.027718438057955375,0.013823689681191631,-0.013753344413613977,-0.027437046345202276,-0.05459828194771532,0.027717487037449907,0.013823571277717153,-0.013753226795701548,-0.027436109109387492,-0.054590840290712574,1321.40068992,2642.80137984,,,,,,
2026-10-05,EKTRA3,ELEKTRO REDES S.A.,ELEKTRO REDES S.A.,Neoenergia,CVM FRE,DI_MAIS,N,Quirografária,S,ELEKTRO REDES S.A.,02328280000197,0.5789,0.0563,1082.2668,2031-04-15,,,3.0087,ok DI+,ok DI+,57.89,10,3.012010838930046,0.11004217535965036,2.994674667281155,13.952949413902848,3.065817306622276,1.5149492583740765,-1.480063960503264,-2.9262410005756245,-5.72076040906353,3.064439414350669,1.514778520407956,-1.4798961468731988,-2.9249099202116406,-5.710290346284253,9.665490651202846,19.330981302405693,,,,,,
2026-10-05,EKTRA4,ELEKTRO REDES S.A.,ELEKTRO REDES S.A.,Neoenergia,CVM FRE,DI_MAIS,N,Quirografária,S,ELEKTRO REDES S.A.,02328280000197,0.6103,0.0172,1029.044164,2032-02-08,,,3.9099,ok DI+,ok DI+,61.03,11,3.9032673961641597,-0.1696361501787818,3.8795902568267464,22.030179337149786,3.992327763472825,1.9676529194428305,-1.912571131542684,-3.7719244827997933,-7.338073245263022,3.989741153512495,1.9673328525848102,-1.912257404241936,-3.7694393601409972,-7.318576926910496,7.865521351463361,15.731042702926722,,,,,,
2026-10-05,ELET15,CENTRAIS ELETRICAS BRASILEIRAS S/A ELETROBRAS,AXIA ENERGIA S.A.,Axia (ex-Eletrobras),inferido,DI_MAIS,N,Quirografária,S,AXIA ENERGIA S.A.,00001180000126,0.504,0.0512,1076.373601,2029-04-15,,,2.0689,ok DI+,ok DI+,50.4,6,2.0732414367116463,0.2098427527500656,2.062844699426537,6.9222423195925575,2.0979698524766333,1.0401389582539,-1.022832495770698,-2.028733715178521,-3.9911935650034813,2.0974559110245,1.0400751526127592,-1.0227695468137776,-2.028233487828574,-3.987244552461223,12.216140171388329,24.432280342776657,,,,,,
2026-10-05,ELET17,CENTRAIS ELETRICAS BRASILEIRAS S/A ELETROBRAS,AXIA ENERGIA S.A.,Axia (ex-Eletrobras),inferido,DI_MAIS,N,Quirografária,N,AXIA ENERGIA S.A.,00001180000126,0.77,0.0556,1060.719358,2035-11-15,,,4.9077,ok DI+,ok DI+,77.0,19,4.894254960749428,-0.27395805062600603,4.85685716061271,37.10506561880418,5.048245774608495,2.475533076387637,-2.38275160710566,-4.67689403086241,-9.01498737720512,5.042382488706731,2.47480991232986,-2.38204724828285,-4.671331832518689,-8.971613008849335,7.92693684966084,15.85387369932168,,,,,,
2026-10-05,ELET24,CENTRAIS ELETRICAS BRASILEIRAS S/A ELETROBRAS,AXIA ENERGIA S.A.,Axia (ex-Eletrobras),inferido,DI_MAIS,N,Quirografária,S,AXIA ENERGIA S.A.,00001180000126,0.8973,0.0835,1016.674515,2028-09-15,,,1.3279,ok DI+,ok DI+,89.73,4,1.3284547401303082,0.04177574593780372,1.3166405247021558,3.3143623157392814,1.3334138226986036,0.6624882537493937,-0.6542020582904429,-1.300265564916958,-2.568550698325378,1.3332123362808523,0.662463215245752,-0.6541773094564038,-1.3000687131234594,-2.566993803089526,34.075360098876764,68.15072019775353,,,,,,
2026-10-05,ELET25,CENTRAIS ELETRICAS BRASILEIRAS S/A ELETROBRAS,AXIA ENERGIA S.A.,Axia (ex-Eletrobras),inferido,DI_MAIS,N,Quirografária,S,AXIA ENERGIA S.A.,00001180000126,0.5645,0.0348,1084.827398,2031-04-15,,,3.2981,ok DI+,ok DI+,56.449999999999996,10,3.300321795622157,0.06736592650790076,3.281796056881064,16.508048740381206,3.3660696593979855,1.661747780566225,-1.6204738009541364,-3.2009274196527215,-6.246568868397295,3.36433630058297,1.6615330893660085,-1.6202629675150553,-3.1992558131791573,-6.233431138954503,8.60047349402459,17.20094698804918,,,,,,
2026-10-05,ELFA12,ELFA MEDICAMENTOS SA,ELFA MEDICAMENTOS SA,Elfa Medicamentos,CVM FRE,DI_MAIS,N,Real,S,ELFA MEDICAMENTOS SA,09053134000145,,,292.59689,2031-12-13,,,,fora do escopo (não IPCA+ nem DI+),,,,,,,,,,,,,,,,,,,,,,,,,
2026-10-05,ELPLA6,ELETROPAULO METROP. ELETRIC. DE S.P. S/A,ELETROPAULO METROPOL. ELETR. DE S.P. S/A,Enel,CVM FRE,DI_MAIS,N,Quirografária,S,ELETROPAULO METROPOL. ELETR. DE S.P. S/A,61695227000193,2.4066,0.3023,989.70725,2028-10-04,,,1.3758,ok DI+,ok DI+,240.66,4,1.3764868059265665,0.04992047729078051,1.344138762468988,3.38623732160435,1.361274979759064,0.6763276577324895,-0.6678617716110002,-1.3274079198309252,-2.6221374017565524,1.36106994907701,0.6763021778864995,-0.6678365845824886,-1.3272075758609663,-2.620552778505889,89.5220072211676,179.0440144423352,,,,,,
2026-10-05,ELPLB8,ELETROPAULO METROP. ELETRIC. DE S.P. S/A,ELETROPAULO METROPOL. ELETR. DE S.P. S/A,Enel,CVM FRE,DI_MAIS,N,Quirografária,S,ELETROPAULO METROPOL. ELETR. DE S.P. S/A,61695227000193,2.5025,0.0243,1037.372537,2028-05-15,,,1.4023,ok DI+,ok DI+,250.25,4,1.4046416213361654,0.16698433546069555,1.3703486464585404,3.3925133034119237,1.3875095119884495,0.6894396135659564,-0.6809580576537133,-1.3535800145798027,-2.67438160045792,1.3873112129756,0.689414964858535,-0.6809336816000053,-1.3533860799414807,-2.6728470268488422,91.30887991414939,182.61775982829877,,,,,,
2026-10-05,ELTN16,CENTRAIS ELETRICAS DO NORTE DO BRASIL S/A - ELETRONORTE,CENTRAIS ELETRICAS DO NORTE DO BRASIL S/A - ELETRONORTE,Axia (ex-Eletrobras),CVM FRE,DI_MAIS,N,Quirografária,S,CENTRAIS ELETRICAS DO NORTE DO BRASIL S/A - ELETRONORTE,00357038000116,0.5905,0.0276,1017.378714,2031-09-15,,,3.7421,ok DI+,ok DI+,59.050000000000004,10,3.73657699296878,-0.14759111277678888,3.714642031771171,19.9324198827784,3.816523939372418,1.8825113480799294,-1.8326751018397314,-3.6171165531500793,-7.047412627057248,3.814304131185063,1.8822365407390584,-1.8324054910321126,-3.614979932357279,-7.0306356658867735,7.948275970463363,15.896551940926726,,,,,,
2026-10-05,ELTN19,CENTRAIS ELETRICAS DO NORTE DO BRASIL S/A - ELETRONORTE,CENTRAIS ELETRICAS DO NORTE DO BRASIL S/A - ELETRONORTE,Axia (ex-Eletrobras),CVM FRE,DI_MAIS,N,Quirografária,S,CENTRAIS ELETRICAS DO NORTE DO BRASIL S/A - ELETRONORTE,00357038000116,0.6666,0.0377,1055.052954,2032-11-15,,,4.151,ok DI+,ok DI+,66.66,13,4.145542240542328,-0.1314805940176267,4.118091045632144,25.755700503369,4.250182851521345,2.091649779170268,-2.027251731205071,-3.9924850196088046,-7.745916339981706,4.246869548148989,2.091240148445283,-2.026850897186861,-3.989312543115299,-7.721068081196908,8.093555880788864,16.18711176157773,,,,,,
2026-10-05,ELTN26,CENTRAIS ELETRICAS DO NORTE DO BRASIL S/A - ELETRONORTE,CENTRAIS ELETRICAS DO NORTE DO BRASIL S/A - ELETRONORTE,Axia (ex-Eletrobras),CVM FRE,DI_MAIS,N,Quirografária,S,CENTRAIS ELETRICAS DO NORTE DO BRASIL S/A - ELETRONORTE,00357038000116,0.6464,0.0449,1026.739262,2034-09-15,,,4.6798,ok DI+,ok DI+,64.64,16,4.665036742008455,-0.31546771211472446,4.635075613244443,31.849740455820708,4.798855387142376,2.3579095248784876,-2.2782719346747027,-4.4801460256308046,-8.666913943506561,4.794324315523547,2.3573499821919977,-2.277725631052446,-4.47582691096534,-8.633156417372472,6.972917530762086,13.945835061524171,,,,,,
2026-10-05,ENERB5,ENERGISA MATO GROSSO DO SUL - DISTRIBUIDORA DE ENERGIA S.A.,ENERGISA MATO GROSSO DO SUL - DISTRIBUIDORA DE ENERGIA S.A.,Energisa,CVM FRE,DI_MAIS,N,Quirografária,S,ENERGISA MATO GROSSO DO SUL - DISTRIBUIDORA DE ENERGIA S.A.,15413826000150,0.5952,0.0633,1050.009049,2029-12-15,,,2.5812,ok DI+,ok DI+,59.519999999999996,7,2.5831958509667916,0.07732260060404726,2.5679116408802725,10.099726625243763,2.6192655617772287,1.2966865782991999,-1.271435673926835,-2.5182428794689904,-4.940370230565849,2.618410274006491,1.296580478721691,-1.2713311621585817,-2.5174130077540537,-4.93382874925567,11.589183804548025,23.17836760909605,,,,,,
2026-10-05,ENERC3,ENERGISA MATO GROSSO DO SUL - DISTRIBUIDORA DE ENERGIA S.A.,ENERGISA MATO GROSSO DO SUL - DISTRIBUIDORA DE ENERGIA S.A.,Energisa,CVM FRE,DI_MAIS,N,Quirografária,S,ENERGISA MATO GROSSO DO SUL - DISTRIBUIDORA DE ENERGIA S.A.,15413826000150,0.5921,0.0628,1016.091136,2029-09-04,,,2.4737,ok DI+,ok DI+,59.209999999999994,6,2.4742084819773655,0.020555523198671096,2.4596449243801106,9.096801914946912,2.5058602960423837,1.241284220635963,-1.2185409150773485,-2.4148714553921535,-4.742958142399822,2.5051289339548455,1.241193464583739,-1.2184514597963718,-2.414160914805376,-4.737353810461284,12.036290159833198,24.072580319666397,,,,,,
2026-10-05,ENEV48,ENEVA S.A.,ENEVA S.A.,Eneva,inferido,DI_MAIS,N,Quirografária,S,ENEVA S.A.,04423567000121,0.7979,0.0308,1077.949748,2032-07-15,,,3.4844,ok DI+,ok DI+,79.79,12,3.4809166387509505,-0.09997018852742125,3.453362261268291,18.143832806746172,3.5460974430856496,1.749610478082464,-1.7042461355783467,-3.364582907312541,-6.559077091373499,3.544081425302022,1.7493609216425783,-1.7040013396257128,-3.3626430972345607,-6.543847866401658,11.552509404370468,23.105018808740937,,,,,,
2026-10-05,ENEVA3,ENEVA S.A.,ENEVA S.A.,Eneva,inferido,DI_MAIS,N,Quirografária,S,ENEVA S.A.,04423567000121,0.5995,0.0384,1052.899238,2029-12-15,,,2.5782,ok DI+,ok DI+,59.95,7,2.5802073869662037,0.07786001730679697,2.564831223779645,10.083754313677408,2.616103740830278,1.2951262131506436,-1.2699152426988491,-2.5152408314506602,-4.934517092456614,2.615249995348032,1.295020304781919,-1.2698109189977258,-2.514412452211258,-4.927987361285742,11.686928840419979,23.373857680839958,,,,,,
2026-10-05,ENEVD0,ENEVA S.A.,ENEVA S.A.,Eneva,inferido,DI_MAIS,N,Quirografária,S,ENEVA S.A.,04423567000121,0.6017,0.0507,1087.821232,2031-04-15,,,3.0013,ok DI+,ok DI+,60.169999999999995,10,3.004614243951367,0.11042694670198587,2.9866436093538846,13.902123040728293,3.057526226532059,1.5108694672953948,-1.4761112491845196,-2.918458406167801,-5.705670318377798,3.056154224557526,1.5106994584778526,-1.475944150876032,-2.917132994150243,-5.695244757893203,10.073180444354534,20.14636088870907,,,,,,
2026-10-05,ENGIA7,ENERGISA S/A,ENERGISA SA,Energisa,CVM FRE,DI_MAIS,N,Quirografária,S,ENERGISA SA,00864214000106,0.3481,0.07,1076.026399,2027-10-20,,,0.488,ok DI+,ok DI+,34.81,3,0.48899839843815956,0.20458984388515897,0.48730209982865597,0.9579335711555442,0.4921399240324753,0.24485445623301239,-0.24245956283631687,-0.4825596366784035,-0.9558194709806678,0.4920917676844337,0.24484846687827244,-0.24245363295038352,-0.48251243197287824,-0.955445528234201,35.71706341121843,71.43412682243687,,,,,,
2026-10-05,ENGIB1,ENERGISA S/A,ENERGISA SA,Energisa,CVM FRE,DI_MAIS,N,Quirografária,S,ENERGISA SA,00864214000106,0.593,0.075,1016.068648,2029-09-04,,,2.4737,ok DI+,ok DI+,59.3,6,2.474203033868864,0.02033528192035638,2.4596175020815205,9.096614031693134,2.5058319125089934,1.2412702719453383,-1.2185274360891563,-2.4148449512765846,-4.742906889139875,2.505100572239986,1.2411795185803767,-1.2184379835011439,-2.414134431923055,-4.7373027235291785,12.054719880187816,24.109439760375633,,,,,,
2026-10-05,ENGIB5,ENERGISA S/A,ENERGISA SA,Energisa,CVM FRE,DI_MAIS,N,Quirografária,S,ENERGISA SA,00864214000106,0.3204,0.0726,1073.086007,2026-10-15,,,0.0278,ok DI+,ok DI+,32.04,1,0.027777777777777776,-0.07993605115907226,0.027689062023055905,0.02836730194857304,0.02783186150911998,0.013880110062225448,-0.013809190876512556,-0.027548173949309973,-0.05481830940924359,0.027830898532798767,0.013879990138963667,-0.013809071884092236,-0.02754722551331304,-0.05481077800714035,578.56781088,1157.13562176,,,,,,
2026-10-05,ENGIB7,ENERGISA S/A,ENERGISA SA,Energisa,CVM FRE,DI_MAIS,N,Quirografária,S,ENERGISA SA,00864214000106,0.5646,0.0757,1094.726675,2029-10-20,,,2.0635,ok DI+,ok DI+,56.46,7,2.067398388620153,0.18892118343362752,2.055791390429786,7.068411359897716,2.091676168768819,1.0367985713004568,-1.0191266059061732,-2.0209770559226348,-3.974378658152933,2.0911334472292746,1.0367312094147652,-1.0190601810150208,-2.0204493336302973,-3.970214553661618,13.731938041679516,27.463876083359033,,,,,,
2026-10-05,ENGIB8,ENERGISA S/A,ENERGISA SA,Energisa,CVM FRE,DI_MAIS,N,Quirografária,N,ENERGISA SA,00864214000106,0.4965,0.0776,1070.54862,2028-06-20,,,1.4966,ok DI+,ok DI+,49.65,4,1.49821992078827,0.10824006336162721,1.4908180093717391,3.8950656191418638,1.510531682682159,0.7503074563198542,-0.7405694513545225,-1.4715755686180554,-2.905576690416889,1.5102933374674485,0.7502778367097969,-0.7405401726619423,-1.4713426812760297,-2.903734706360641,16.651931921899546,33.30386384379909,,,,,,
2026-10-05,ENGIC3,ENERGISA S/A,ENERGISA SA,Energisa,CVM FRE,DI_MAIS,N,Quirografária,N,ENERGISA SA,00864214000106,0.6476,0.0655,1019.639309,2030-02-25,,,2.7813,ok DI+,ok DI+,64.75999999999999,7,2.78133663229195,0.001317092436991915,2.7634405910244757,11.316860779381566,2.8210164014723427,1.3959893417999414,-1.3676952967415668,-2.7078174891695617,-5.308117458847561,2.8200248949213833,1.3958663714864648,-1.3675742195380107,-2.7068562871275677,-5.30054396646132,11.71727740598756,23.43455481197512,,,,,,
2026-10-05,ENGIC4,ENERGISA S/A,ENERGISA SA,Energisa,CVM FRE,DI_MAIS,N,Quirografária,S,ENERGISA SA,00864214000106,0.795,0.0813,1005.770837,2032-09-15,,,4.0006,ok DI+,ok DI+,79.5,12,3.99271442452776,-0.1971098203329612,3.961222704030716,22.82923339662278,4.078098337317293,2.009485569727043,-1.9524056680410462,-3.849696854426099,-7.486410033229152,4.075368871013831,2.009147893761137,-1.9520748102695797,-3.8470765370476028,-7.465860740128978,10.034780412510676,20.06956082502135,,,,,,
2026-10-05,ENGIC5,ENERGISA S/A,ENERGISA SA,Energisa,CVM FRE,DI_MAIS,N,Quirografária,S,ENERGISA SA,00864214000106,0.5054,0.0708,1097.100868,2028-10-15,,,1.7021,ok DI+,ok DI+,50.53999999999999,5,1.705819971237477,0.21855186166953397,1.6972421096154806,4.946890551176522,1.7223052907249459,0.8548455035539915,-0.8424777755262958,-1.672828355878686,-3.2980809992701587,1.7219765623713634,0.8548046679967111,-0.8424374416187698,-1.6725076568595982,-3.295546408207431,14.888859907986289,29.777719815972578,,,,,,
2026-10-05,ENGIC6,ENERGISA S/A,ENERGISA SA,Energisa,CVM FRE,DI_MAIS,N,Quirografária,S,ENERGISA SA,00864214000106,0.3852,0.0696,1077.71281,2027-04-15,,,0.4814,ok DI+,ok DI+,38.519999999999996,2,0.48226108530949746,0.17887106553748794,0.4804105438944162,0.7245204421625359,0.48406366093047826,0.24111472008132573,-0.2393033858717475,-0.47681792690050795,-0.9465684985670908,0.4840331461052288,0.24111092249991126,-0.23929962139450492,-0.47678794168360356,-0.9463306789455816,40.09071042419279,80.18142084838559,,,,,,
2026-10-05,ENGIC9,ENERGISA S/A,ENERGISA SA,Energisa,CVM FRE,DI_MAIS,N,Quirografária,S,ENERGISA SA,00864214000106,0.5401,0.0395,1023.984844,2028-09-15,,,1.7519,ok DI+,ok DI+,54.010000000000005,4,1.7527136848594884,0.04644585076136801,1.7432981316504443,4.956144691331242,1.7684018720979688,0.8778843766634736,-0.8654935295252519,-1.7188326559368527,-3.3899653409037334,1.7680788551071007,0.8778442466893863,-0.8654538849610581,-1.7185174081937882,-3.3874733694742645,15.490752562462383,30.981505124924766,,,,,,
2026-10-05,ENGID3,ENERGISA S/A,ENERGISA SA,Energisa,CVM FRE,DI_MAIS,N,Quirografária,N,ENERGISA SA,00864214000106,0.7305,0.0821,1024.268184,2032-02-25,,,3.9412,ok DI+,ok DI+,73.05000000000001,11,3.9340031583603725,-0.18260533948105412,3.9054736731778092,22.24670264422996,4.01932756706691,1.9808694509774183,-1.9252462536283765,-3.7967574356842504,-7.385760764226723,4.016707186398959,1.980545214894192,-1.924928458283617,-3.7942401599566593,-7.366013293471019,9.35225866476788,18.70451732953576,,,,,,
2026-10-05,ENMTA8,ENERGISA MATO GROSSO - DISTRIBUIDORA DE ENERGIA S.A.,ENERGISA MATO GROSSO - DISTRIBUIDORA DE ENERGIA S.A.,Energisa,CVM FRE,DI_MAIS,N,Quirografária,S,ENERGISA MATO GROSSO - DISTRIBUIDORA DE ENERGIA S.A.,03467321000199,0.5535,0.063,1072.577041,2029-04-15,,,2.0709,ok DI+,ok DI+,55.35,6,2.075208176308337,0.20803400977049796,2.063785125637931,6.923579285615693,2.0989168690642046,1.040610831061617,-1.0233010265233933,-2.0296673696693746,-3.993047014726403,2.0984030220660097,1.040547036925985,-1.0232380887119459,-2.029167229209852,-3.989098665563548,13.40982627319085,26.8196525463817,,,,,,
2026-10-05,ENMTB0,ENERGISA MATO GROSSO - DISTRIBUIDORA DE ENERGIA S.A.,ENERGISA MATO GROSSO - DISTRIBUIDORA DE ENERGIA S.A.,Energisa,CVM FRE,DI_MAIS,N,Quirografária,S,ENERGISA MATO GROSSO - DISTRIBUIDORA DE ENERGIA S.A.,03467321000199,0.5973,0.0506,1015.961216,2029-09-04,,,2.4736,ok DI+,ok DI+,59.73000000000001,6,2.4741770038224185,0.02332648053115514,2.459486491011606,9.095716548476304,2.50569630924411,1.241203631582355,-1.218463039679618,-2.414718326732035,-4.742662024256239,2.5049650737539877,1.2411128911913984,-1.2183735998202077,-2.4140079082692245,-4.737058651053686,12.142778628443004,24.28555725688601,,,,,,
2026-10-05,ENMTB2,ENERGISA MATO GROSSO - DISTRIBUIDORA DE ENERGIA S.A.,ENERGISA MATO GROSSO - DISTRIBUIDORA DE ENERGIA S.A.,Energisa,CVM FRE,DI_MAIS,N,Quirografária,S,ENERGISA MATO GROSSO - DISTRIBUIDORA DE ENERGIA S.A.,03467321000199,0.6355,0.0188,1048.924123,2029-12-15,,,2.5808,ok DI+,ok DI+,63.55,7,2.5828095418192545,0.07786507359169642,2.566499437891454,10.089815543236618,2.617802604175301,1.2959679394831225,-1.270741815835752,-2.516879079153078,-4.9377349972629325,2.6169485156076373,1.2958619883747728,-1.2706374495166812,-2.5160503601752713,-4.931202564918176,12.380676781330303,24.761353562660606,,,,,,
2026-10-05,ENMTC2,ENERGISA MATO GROSSO - DISTRIBUIDORA DE ENERGIA S.A.,ENERGISA MATO GROSSO - DISTRIBUIDORA DE ENERGIA S.A.,Energisa,CVM FRE,DI_MAIS,N,Quirografária,S,ENERGISA MATO GROSSO - DISTRIBUIDORA DE ENERGIA S.A.,03467321000199,0.6793,0.0751,1054.760929,2031-12-15,,,3.4659,ok DI+,ok DI+,67.93,11,3.464056628044009,-0.05318595331633733,3.4406840612161673,17.84943731270661,3.531870810043092,1.7428939811197308,-1.6982659243989895,-3.3533049860899444,-6.539052671977896,3.5299312477797002,1.742653827248967,-1.6980302339672002,-3.3514368746526335,-6.524379376178202,9.871583497845048,19.743166995690096,,,,,,
2026-10-05,ENMTC3,ENERGISA MATO GROSSO - DISTRIBUIDORA DE ENERGIA S.A.,ENERGISA MATO GROSSO - DISTRIBUIDORA DE ENERGIA S.A.,Energisa,CVM FRE,DI_MAIS,N,Quirografária,N,ENERGISA MATO GROSSO - DISTRIBUIDORA DE ENERGIA S.A.,03467321000199,0.637,0.0486,1006.455919,2030-03-25,,,2.8616,ok DI+,ok DI+,63.699999999999996,7,2.8612233069814383,-0.013163720246079195,2.84311267921484,11.826010800318233,2.90329232384674,1.436469016003472,-1.4069019633817126,-2.7849997907298474,-5.4577182688361425,2.9022427332164313,1.4363388531078178,-1.4067738261070222,-2.7839826252132487,-5.449705142423316,11.202510626063459,22.405021252126918,,,,,,
2026-10-05,EQMAA1,EQUATORIAL MARANHAO DISTRIBUIDORA DE ENERGIA S.A,EQUATORIAL MARANHAO DISTRIBUIDORA DE ENERGIA S.A,Equatorial,CVM FRE,DI_MAIS,N,Quirografária,S,EQUATORIAL MARANHAO DISTRIBUIDORA DE ENERGIA S.A,06272793000184,0.6368,0.0428,1063.990616,2030-05-15,,,2.1198,ok DI+,ok DI+,63.68000000000001,8,2.122497190610806,0.12723797579044038,2.1090666541571332,7.585981754006875,2.147611367558322,1.064092083145951,-1.045126009799069,-2.0717336390844943,-4.0711200985584455,2.1469965629271672,1.0640158042710752,-1.0450508498860578,-2.071136745387099,-4.066413673234129,15.096725339258912,30.193450678517824,,,,,,
2026-10-05,EQPA17,EQUATORIAL PARA DISTRIBUIDORA DE ENERGIA S.A.,EQUATORIAL PARA DISTRIBUIDORA DE ENERGIA S.A.,Equatorial,CVM FRE,DI_MAIS,N,Quirografária,S,EQUATORIAL PARA DISTRIBUIDORA DE ENERGIA S.A.,04895728000180,0.6568,0.034,1030.473237,2030-08-05,,,2.3554,ok DI+,ok DI+,65.68,8,2.3557772392442264,0.01601593123148941,2.3404054562078533,8.83642363214344,2.385331169640126,1.1813404939768457,-1.159248040129368,-2.2969446066062993,-4.5097670141501345,2.3845875743685707,1.181248257644106,-1.1591571985637474,-2.296223338047136,-4.504082439772838,14.031756725268655,28.06351345053731,,,,,,
2026-10-05,EQPAA0,EQUATORIAL PARA DISTRIBUIDORA DE ENERGIA S.A.,EQUATORIAL PARA DISTRIBUIDORA DE ENERGIA S.A.,Equatorial,CVM FRE,DI_MAIS,N,Quirografária,S,EQUATORIAL PARA DISTRIBUIDORA DE ENERGIA S.A.,04895728000180,0.7407,0.0459,1004.200364,2032-09-15,,,3.656,ok DI+,ok DI+,74.07000000000001,12,3.65029560248821,-0.15602837833124467,3.6234566590148867,19.574012910244644,3.723564592134676,1.8364727906897471,-1.7875323343903071,-3.527737632314565,-6.872312215192267,3.7213267235661096,1.8361958456452487,-1.7872608133696375,-3.525586594463663,-6.85543305982488,10.22090326590763,20.44180653181526,,,,,,
2026-10-05,EQTL17,EQUATORIAL ENERGIA S.A,EQUATORIAL ENERGIA S.A.,Equatorial,inferido,DI_MAIS,N,Quirografária,S,EQUATORIAL ENERGIA S.A.,03220438000173,0.6116,0.0426,1009.837876,2030-03-15,,,2.1041,ok DI+,ok DI+,61.16,7,2.1044738701338264,0.01776864853507456,2.091681148231244,7.267191188965146,2.128590324466395,1.0549956942941252,-1.0368266956472416,-2.055902073960836,-4.04241078349642,2.12801710417607,1.0549245631018285,-1.0367565851294156,-2.0553451922864183,-4.038018472683185,14.619819099033757,29.239638198067514,,,,,,
2026-10-05,ERDVA3,ECORODOVIAS CONCESSÕES E SERVIÇOS S/A,ECORODOVIAS CONCESSOES E SERVICOS S/A,EcoRodovias,CVM FRE,DI_MAIS,N,Quirografária,S,ECORODOVIAS CONCESSOES E SERVICOS S/A,08873873000110,1.4733,0.2326,1078.955875,2028-10-15,,,1.3078,ok DI+,ok DI+,147.33,5,1.3107196908078822,0.22325208807785019,1.2916892333331842,3.314093562547257,1.3084635545643764,0.6500125650011901,-0.6417270359793115,-1.2753178938027854,-2.5186713495689683,1.3082597011459205,0.6499872336197762,-0.641701999713408,-1.275118765520448,-2.5170965954154236,57.029971373151895,114.05994274630379,,,,,,
2026-10-05,ERDVA6,ECORODOVIAS CONCESSÕES E SERVIÇOS S/A,ECORODOVIAS CONCESSOES E SERVICOS S/A,EcoRodovias,CVM FRE,DI_MAIS,N,Quirografária,S,ECORODOVIAS CONCESSOES E SERVICOS S/A,08873873000110,0.9182,0.1039,1041.184414,2031-07-15,,,2.9387,ok DI+,ok DI+,91.82000000000001,10,2.938035611861123,-0.022608232853882217,2.9113040183645,13.085307323682123,2.9779992556710155,1.4721658622370404,-1.4394499229419822,-2.847103425779285,-5.57054631361229,2.9767305549829106,1.4720086433368527,-1.4392953750276474,-2.84587748174609,-5.560901890255358,15.76956570334112,31.53913140668224,,,,,,
2026-10-05,ERDVB3,ECORODOVIAS CONCESSÕES E SERVIÇOS S/A,ECORODOVIAS CONCESSOES E SERVICOS S/A,EcoRodovias,CVM FRE,DI_MAIS,N,Quirografária,S,ECORODOVIAS CONCESSOES E SERVICOS S/A,08873873000110,1.2525,0.0846,1103.618182,2030-10-15,,,2.3387,ok DI+,ok DI+,125.25,9,2.342524496970171,0.16353089195583298,2.313547316826914,9.004474881486805,2.3593455570950272,1.1681254769456473,-1.1456128067981908,-2.2692770718471533,-4.452931260457205,2.3585696912343477,1.1680292520153155,-1.1455180648115983,-2.26852494241948,-4.447005136024091,27.0688217805252,54.1376435610504,,,,,,
2026-10-05,ESCEA3,EDP ESPIRITO SANTO DISTRIBUICAO DE ENERGIA SA,EDP ESPIRITO SANTO DISTRIBUICAO DE ENERGIA SA,EDP,CVM FRE,DI_MAIS,N,Quirografária,S,EDP ESPIRITO SANTO DISTRIBUICAO DE ENERGIA SA,28152650000171,0.5242,0.0624,1020.843315,2028-02-19,,,0.8229,ok DI+,ok DI+,52.42,3,0.8233317537340992,0.0524673391784184,0.8190383546788725,1.727664927869512,0.8277695164636167,0.4116903014785622,-0.4073710180055756,-0.8104909266102633,-1.6042430565278543,0.82767667931822,0.41167875849927305,-0.4073595961795994,-0.8104000300395249,-1.6035234108003547,32.00094336275178,64.00188672550355,,,,,,
2026-10-05,ESCEA4,EDP ESPIRITO SANTO DISTRIBUICAO DE ENERGIA SA,EDP ESPIRITO SANTO DISTRIBUICAO DE ENERGIA SA,EDP,CVM FRE,DI_MAIS,N,Quirografária,S,EDP ESPIRITO SANTO DISTRIBUICAO DE ENERGIA SA,28152650000171,0.4118,0.0408,761.029271,2029-08-28,,,1.6787,ok DI+,ok DI+,41.18,6,1.6792724617795989,0.03410149398932498,1.6723855779695203,5.147255026293879,1.6984927459823274,0.8426729059009874,-0.8298041539504308,-1.6470103601620711,-3.2446766485524137,1.6981218531009898,0.8426268577676276,-0.8297587202018928,-1.6466493028380509,-3.2418260554131635,12.311754102184238,24.623508204368477,,,,,,
2026-10-05,ESCEA6,EDP ESPIRITO SANTO DISTRIBUICAO DE ENERGIA SA,EDP ESPIRITO SANTO DISTRIBUICAO DE ENERGIA SA,EDP,CVM FRE,DI_MAIS,N,Quirografária,S,EDP ESPIRITO SANTO DISTRIBUICAO DE ENERGIA SA,28152650000171,0.5163,0.0399,1044.25959,2030-06-11,,,2.5642,ok DI+,ok DI+,51.63,8,2.566064224101536,0.07270197728476174,2.5528836856326147,10.143118366406414,2.6044743870723197,1.2892292805430028,-1.2638698242124269,-2.503016624963017,-4.909591404740244,2.603599277464647,1.2891207407743153,-1.2637629448582992,-2.502168093800582,-4.9029050039371,10.11209407827092,20.22418815654184,,,,,,
2026-10-05,ESCEB4,EDP ESPIRITO SANTO DISTRIBUICAO DE ENERGIA SA,EDP ESPIRITO SANTO DISTRIBUICAO DE ENERGIA SA,EDP,CVM FRE,DI_MAIS,N,Quirografária,S,EDP ESPIRITO SANTO DISTRIBUICAO DE ENERGIA SA,28152650000171,0.4601,0.0213,846.536492,2031-08-28,,,2.3742,ok DI+,ok DI+,46.01,10,2.3733655353041585,-0.0351471946694291,2.3624956926224026,9.848485033848302,2.412667551232084,1.1936736360937061,-1.1690504804548252,-2.314151597292391,-4.5350896651996315,2.4117381177916437,1.1935584526035115,-1.1689372400188909,-2.313253267453161,-4.528021684567839,9.737583891407706,19.47516778281541,,,,,,
2026-10-05,ESCEB6,EDP ESPIRITO SANTO DISTRIBUICAO DE ENERGIA SA,EDP ESPIRITO SANTO DISTRIBUICAO DE ENERGIA SA,EDP,CVM FRE,DI_MAIS,N,Quirografária,S,EDP ESPIRITO SANTO DISTRIBUICAO DE ENERGIA SA,28152650000171,0.6027,0.0075,1044.079849,2032-06-11,,,3.7387,ok DI+,ok DI+,60.27,12,3.735182456831992,-0.09408465958778028,3.7128053788138806,20.703940289205633,3.8187262838784264,1.8825797617017637,-1.8308140683855334,-3.6115933502097963,-7.0296387548331785,3.816325080259909,1.8822826147684473,-1.8305227640454331,-3.6092856773678523,-7.011531951843648,8.116504078548589,16.233008157097178,,,,,,
2026-10-05,ESSDA2,ENERGISA SUL-SUDESTE - DISTRIBUICAO DE ENERGIA S.A,ENERGISA SUL-SUDESTE - DISTRIBUIDORA DE ENERGIA SA,Energisa,CVM FRE,DI_MAIS,N,Quirografária,S,ENERGISA SUL-SUDESTE - DISTRIBUIDORA DE ENERGIA SA,07282377000120,0.6071,0.05,1015.716438,2029-09-04,,,2.4736,ok DI+,ok DI+,60.71,6,2.474117678327451,0.020928134195157697,2.4591879482933625,9.093671597537309,2.5053873028877405,1.241051774435542,-1.2183162955472615,-2.4144297790539615,-4.742104033031258,2.504656306281049,1.240961063643603,-1.2182268846497597,-2.4137195903056763,-4.736502464635979,12.343505514113263,24.687011028226525,,,,,,
2026-10-05,EUFA17,EUROFARMA LABORATÓRIOS S/A,EUROFARMA LABORATORIOS S.A,Eurofarma Laboratorios,CVM FRE,DI_MAIS,N,Quirografária,S,EUROFARMA LABORATORIOS S.A,61190096000192,1.2256,0.0152,1008.236119,2031-03-18,,,2.7952,ok DI+,ok DI+,122.56,9,2.794149985867929,-0.03756490169114347,2.7603195099539337,11.66748302810433,2.8197310652525065,1.3948772672126797,-1.3657063934780167,-2.703021558727381,-5.295472532411305,2.818656925094455,1.3947441087620973,-1.3655754011918364,-2.701982094813412,-5.287289359345781,22.200328541322623,44.400657082645246,,,,,,
2026-10-05,EUFA18,EUROFARMA LABORATÓRIOS S/A,EUROFARMA LABORATORIOS S.A,Eurofarma Laboratorios,CVM FRE,DI_MAIS,N,Quirografária,S,EUROFARMA LABORATORIOS S.A,61190096000192,0.9761,0.0534,1007.982801,2028-09-11,,,1.742,ok DI+,ok DI+,97.60999999999999,4,1.7429216977380713,0.05291031791453903,1.7260734943596272,4.86434812989086,1.750709758604474,0.8691562588695856,-0.8569949193178994,-1.7020587664434705,-3.3572871074405874,1.7503952350090817,0.8691171823421773,-0.8569563120174502,-1.701751753710173,-3.3548600261214374,28.27515755237678,56.55031510475356,,,,,,
2026-10-05,EUFA19,EUROFARMA LABORATÓRIOS S/A,EUROFARMA LABORATORIOS S.A,Eurofarma Laboratorios,CVM FRE,DI_MAIS,N,Quirografária,S,EUROFARMA LABORATORIOS S.A,61190096000192,1.2821,0.2149,1033.611992,2031-12-16,,,3.1587,ok DI+,ok DI+,128.21,11,3.158066499144904,-0.0200557461960987,3.118089473998766,15.003519423949443,3.1946477607477375,1.5779899780571371,-1.540477778686733,-3.0445581266514976,-5.947791275429348,3.1931070711185137,1.57779913627932,-1.5402903377194461,-3.043071876879019,-5.936108559518543,20.559063662079303,41.11812732415861,,,,,,
2026-10-05,FENS12,FERROVIA NORTE SUL S/A,FERROVIA NORTE SUL S/A,VLI,CVM FRE,DI_MAIS,N,Quirografária,S,FERROVIA NORTE SUL S/A,09257877000137,0.464,0.0841,1075.803067,2031-03-22,,,3.2867,ok DI+,ok DI+,46.4,10,3.2886440577971423,0.05914923166526088,3.2734552255505878,16.339932078503153,3.356858243994232,1.6573635155620048,-1.6165099181272402,-3.1933986181570284,-6.233026554176957,3.355154885943104,1.657152527873423,-1.616302697677165,-3.191755565158072,-6.220111809531113,7.0873124577709214,14.174624915541843,,,,,,
2026-10-05,FISI15,FISIA COMERCIO DE PRODUTOS ESPORTIVOS S.A.,FISIA COMERCIO DE PRODUTOS ESPORTIVOS S.A.,Fisia Comercio,CVM FRE,DI_MAIS,N,Quirografária,S,FISIA COMERCIO DE PRODUTOS ESPORTIVOS S.A.,59546515000134,1.1836,0.0529,1024.10304,2030-07-15,,,2.2907,ok DI+,ok DI+,118.36,8,2.2916432899941754,0.041179115299919494,2.2648366830140216,8.392272026653098,2.307493243009784,1.1429949239457171,-1.1220129573844329,-2.2235499287653004,-4.367145796948424,2.306798043147287,1.1429086815403273,-1.1219280014736943,-2.222875322880756,-4.361827925494981,26.12991940824795,52.2598388164959,,,,,,
2026-10-05,FLCLA4,ENERGISA MINAS RIO - DISTRIBUIDORA DE ENERGIA S.A.,ENERGISA MINAS RIO - DISTRIBUIDORA DE ENERGIA S.A.,Energisa,CVM FRE,DI_MAIS,N,Quirografária,S,ENERGISA MINAS RIO - DISTRIBUIDORA DE ENERGIA S.A.,19527639000158,0.4334,0.1035,513.374322,2027-08-22,,,0.8398,ok DI+,ok DI+,43.34,2,0.8400703183930353,0.03218842498633753,0.8364451650477184,1.5478606601184997,0.8442587057828854,0.42016664316064656,-0.41629690317759316,-0.8287786849156875,-1.6425102048120976,0.844184468348311,0.4201574083490074,-0.41628775669871104,-0.828705861747126,-1.641933116893067,25.90725717060454,51.81451434120908,,,,,,
2026-10-05,FLCLA8,ENERGISA MINAS RIO - DISTRIBUIDORA DE ENERGIA S.A.,ENERGISA MINAS RIO - DISTRIBUIDORA DE ENERGIA S.A.,Energisa,CVM FRE,DI_MAIS,N,Quirografária,S,ENERGISA MINAS RIO - DISTRIBUIDORA DE ENERGIA S.A.,19527639000158,,,,2029-12-15,,,,fora do escopo (não IPCA+ nem DI+),,,,,,,,,,,,,,,,,,,,,,,,,
2026-10-05,FLRY18,FLEURY S/A,FLEURY S/A,Fleury,inferido,DI_MAIS,N,Quirografária,S,FLEURY S/A,60840055000131,0.6154,0.1145,1076.223852,2028-10-23,,,1.3389,ok DI+,ok DI+,61.54,5,1.341586246265636,0.200630836181647,1.3333806219183506,3.476971243777824,1.3509823492375173,0.6710634720273445,-0.6623707258651357,-1.316207546556969,-2.5988963939893805,1.3507654781372398,0.6710365250138975,-0.6623440969044531,-1.3159957656994614,-2.597221818961145,23.07668155228687,46.15336310457374,,,,,,
2026-10-05,FLRY19,FLEURY S/A,FLEURY S/A,Fleury,inferido,DI_MAIS,N,Quirografária,S,FLEURY S/A,60840055000131,0.3932,0.0263,1057.731453,2029-05-17,,,1.7926,ok DI+,ok DI+,39.32,6,1.7953342593746464,0.1525303678816491,1.7883026533417068,5.510943868322396,1.8162462483023223,0.9010882957699362,-0.887310308176803,-1.7611267579067724,-3.469378284979463,1.8158573726833191,0.9010400065062565,-0.8872626468354506,-1.7607479340000949,-3.4663864293169664,10.99366483814269,21.98732967628538,,,,,,
2026-10-05,FLRY27,FLEURY S/A,FLEURY S/A,Fleury,inferido,DI_MAIS,N,Quirografária,S,FLEURY S/A,60840055000131,0.8764,0.0714,1084.48802,2029-04-22,,,2.0704,ok DI+,ok DI+,87.63999999999999,6,2.0743596818451957,0.1912520211164947,2.056337936172579,6.896509619137105,2.0913322378180776,1.0368531395379854,-1.0196110130113567,-2.0223534967338197,-3.978678010806691,2.0908204842682645,1.036789605110211,-1.019548331062368,-2.0218553880768937,-3.9747456799624157,21.309726980751662,42.619453961503325,,,,,,
2026-10-05,FLRY29,FLEURY S/A,FLEURY S/A,Fleury,inferido,DI_MAIS,N,Quirografária,S,FLEURY S/A,60840055000131,0.6112,0.1173,1057.18571,2031-05-17,,,3.1107,ok DI+,ok DI+,61.11999999999999,10,3.111978362190423,0.0410956437593821,3.0930734969769005,14.635447308425064,3.1677154875550118,1.5650125407393967,-1.5284207789076354,-3.0213106955155333,-5.904561664186259,3.1662507335190258,1.5648310576239814,-1.5282424393529188,-3.0198962604347748,-5.8934380477853,9.88014026497225,19.7602805299445,,,,,,
2026-10-05,FLRYA0,FLEURY S/A,FLEURY S/A,Fleury,inferido,DI_MAIS,N,Quirografária,S,FLEURY S/A,60840055000131,0.4327,0.072,1064.742919,2029-10-21,,,2.093,ok DI+,ok DI+,43.27,7,2.096959714974703,0.18918848421897008,2.087925262364452,7.212254227099844,2.1245420264471404,1.0530468948300342,-1.0350152979486493,-2.0524040954163714,-4.0358671065558465,2.1239865334999513,1.0529779489661009,-1.0349473133983513,-2.051863991228953,-4.031605440186907,10.361960933170396,20.723921866340792,,,,,,
2026-10-05,FLRYA1,FLEURY S/A,FLEURY S/A,Fleury,inferido,DI_MAIS,N,Quirografária,S,FLEURY S/A,60840055000131,0.4889,0.0368,1013.659623,2031-08-10,,,3.3835,ok DI+,ok DI+ aprox,48.89,,,,3.367038548536207,,3.3670385485362075,1.6835192742681038,-1.6835192742681038,-3.3670385485362075,-6.734077097072415,3.3670385485362075,1.6835192742681038,-1.6835192742681038,-3.3670385485362075,-6.734077097072415,7.260089139943844,14.520178279887688,,,,,,
2026-10-05,FLRYB0,FLEURY S/A,FLEURY S/A,Fleury,inferido,DI_MAIS,N,Quirografária,S,FLEURY S/A,60840055000131,0.5539,0.0398,1064.704883,2031-10-21,,,3.3341,ok DI+,ok DI+,55.38999999999999,11,3.3357297165090913,0.04888025281459747,3.3173548877856467,16.884425023469426,3.403578633906257,1.6800060832691033,-1.6377909393963774,-3.2346690493616936,-6.310663041221942,3.4017770129029934,1.6797829751721602,-1.6375719126134864,-3.2329327626682995,-6.297021275101905,8.348518906425042,16.697037812850084,,,,,,
2026-10-05,FRAS15,FRAS-LE S/A,FRAS-LE S.A,Fras Le,CVM FRE,DI_MAIS,N,Quirografária,S,FRAS-LE S.A,88610126000129,1.0514,0.0852,1049.358346,2031-12-20,,,3.7319,ok DI+,ok DI+,105.13999999999999,11,3.727830357098099,-0.10905015948714937,3.689043751099044,20.416538179468493,3.7934691944604637,1.8703324998900372,-1.8192855256397578,-3.5892137053160966,-6.987436033068595,3.791126441996387,1.8700425482738579,-1.8190012028251865,-3.5869610602017015,-6.969756738608719,14.250305376383322,28.500610752766644,,,,,,
2026-10-05,FRAS16,FRAS-LE S/A,FRAS-LE S.A,Fras Le,CVM FRE,DI_MAIS,N,Quirografária,S,FRAS-LE S.A,88610126000129,1.0089,0.0182,1055.660382,2030-10-25,,,3.0565,ok DI+,ok DI+,100.88999999999999,9,3.059381783962423,0.09428378741772911,3.0288239788399074,14.056170745864193,3.100477186895967,1.5321522776867047,-1.4970089819548393,-2.9598695566690925,-5.7869606619623815,3.0991048325692283,1.5319822028522838,-1.4968417759876234,-2.9585431251105865,-5.776524542762531,16.65497907848752,33.30995815697504,,,,,,
2026-10-05,GGBRA7,GERDAU S/A,GERDAU S/A,Gerdau,CVM FRE,DI_MAIS,N,Quirografária,S,GERDAU S/A,33611500000119,0.374,0.0316,1054.90106,2029-05-29,,,2.1983,ok DI+,ok DI+,37.4,6,2.200929077422645,0.11959593425123752,2.192728273679085,7.59908142458739,2.2313031358118574,1.105934916698681,-1.0869362258386972,-2.155296517477623,-4.237923319195003,2.2307236808020217,1.1058629886202769,-1.0868652850588083,-2.1547328665561483,-4.233474918866422,8.528188478467543,17.056376956935086,,,,,,
2026-10-05,GGBRA8,GERDAU S/A,GERDAU S/A,Gerdau,CVM FRE,DI_MAIS,N,Quirografária,S,GERDAU S/A,33611500000119,0.3846,0.06,1047.525775,2028-12-10,,,1.8744,ok DI+,ok DI+,38.46,5,1.8765897207800442,0.1168224914662874,1.8694000083479378,5.712350124117373,1.898355672347618,0.9418893655568361,-0.9276078711230484,-1.8412222616927987,-3.6275868209514672,1.8979617589685245,0.9418404418291157,-0.9275595665188221,-1.8408382577273512,-3.6245530142135283,10.286722966795269,20.573445933590538,,,,,,
2026-10-05,GGBRA9,GERDAU S/A,GERDAU S/A,Gerdau,CVM FRE,DI_MAIS,N,Quirografária,S,GERDAU S/A,33611500000119,0.4636,0.0681,1055.289262,2032-06-04,,,3.9813,ok DI+,ok DI+,46.36000000000001,12,3.976241111893275,-0.12706623732763309,3.9578923230834597,23.483367270040205,4.0781818411905535,2.0086557006627537,-1.9499399852192623,-3.8432313487946956,-7.467722227757678,4.075309159433661,2.00830037062928,-1.9495919524541796,-3.8404754867332587,-7.446117300766115,5.8566525079038145,11.713305015807629,,,,,,
2026-10-05,GRRB16,AGUAS GUARIROBA S/A,AGUAS GUARIROBA  S/A,Aegea,CVM FRE,DI_MAIS,N,Quirografária,S,AGUAS GUARIROBA  S/A,04089570000150,2.2208,0.0598,990.440733,2029-08-12,,,2.394,ok DI+,ok DI+,222.08,6,2.3949039921428796,0.037760741139494826,2.3428734583791946,8.382689311413095,2.3854411520613628,1.1819962934165984,-1.1610384370758675,-2.301596121658045,-4.523112257513917,2.3847869049362598,1.1819150908288636,-1.160958367550331,-2.3009600118221294,-4.5180931305301275,47.39479189662157,94.78958379324314,,,,,,
2026-10-05,GSHC15,GSH CORP PARTICIPACOES S.A.,GSH CORP PARTICIPACOES S.A.,Gsh Corp,CVM FRE,DI_MAIS,N,Quirografária,S,GSH CORP PARTICIPACOES S.A.,08397078000101,1.3643,0.1228,1074.995318,2029-04-22,,,1.3015,ok DI+,ok DI+,136.43,6,1.3040971156645893,0.1995478804909105,1.2865447851606426,3.6033258758222377,1.3048026748792463,0.6478065158204593,-0.6387978252169191,-1.2687633975790202,-2.502881767924392,1.304561414539754,0.6477765499250993,-0.6387682352355436,-1.2685281557815316,-2.501023052804841,53.02186195677784,106.04372391355568,,,,,,
2026-10-05,GSHC17,GSH CORP PARTICIPACOES S.A.,GSH CORP PARTICIPACOES S.A.,Gsh Corp,CVM FRE,DI_MAIS,N,Real,S,GSH CORP PARTICIPACOES S.A.,08397078000101,2.7718,0.105,1003.611936,2030-09-15,,,1.8458,ok DI+,ok DI+,277.18,8,1.845935845113495,0.007359687587764599,1.7961501551140442,6.130237017784047,1.8272859986117052,0.9057980123881038,-0.8904715509929995,-1.7659697220106296,-3.473408202486583,1.8268013402029641,0.9057378738292521,-0.890412281284792,-1.7654989700251238,-3.4696955698724072,77.15947333545755,154.3189466709151,,,,,,
2026-10-05,GUAR17,GUARARAPES CONFECCOES S/A,GUARARAPES CONFECCOES S.A..,Guararapes Confeccoes,inferido,DI_MAIS,N,Quirografária,S,GUARARAPES CONFECCOES S.A..,08402943000152,0.9929,0.037,1068.652852,2028-10-15,,,1.3181,ok DI+,ok DI+,99.29,5,1.3210608475163481,0.22462996103088262,1.3080729907907862,3.3772229550752892,1.325168025494028,0.6582839842621313,-0.6498406226692732,-1.2913909271772384,-2.550215111296905,1.3249591055661627,0.6582580240892372,-0.649814966701549,-1.2911868760154097,-2.548601522480067,37.952775074109184,75.90555014821837,,,,,,
2026-10-05,HAPV15,HAPVIDA PARTICIPACOES E INVESTIMENTOS S/A,HAPVIDA PARTICIPACOES E INVESTIMENTOS S.A.,Hapvida Investimentos,CVM FRE,DI_MAIS,N,Quirografária,S,HAPVIDA PARTICIPACOES E INVESTIMENTOS S.A.,05197443000138,10.1444,0.7337,848.507531,2030-01-27,,,2.5381,ok DI+,ok DI+,1014.4399999999999,8,2.5399982272413557,0.07478930071138598,2.306062066924288,8.37958450688515,2.3486164532992237,1.1635869958929845,-1.1426369052337626,-2.2648025308971476,-4.44956997575392,2.347959989458714,1.1635055140957506,-1.1425565528285377,-2.264164144389863,-4.444532443710874,219.95071480296494,439.9014296059299,,,,,,
2026-10-05,HAPV17,HAPVIDA PARTICIPACOES E INVESTIMENTOS S/A,HAPVIDA PARTICIPACOES E INVESTIMENTOS S.A.,Hapvida Investimentos,CVM FRE,DI_MAIS,N,Quirografária,S,HAPVIDA PARTICIPACOES E INVESTIMENTOS S.A.,05197443000138,10.2663,0.5041,854.993439,2031-05-10,,,2.5756,ok DI+,ok DI+,1026.6299999999999,10,2.578948352063276,0.13000279792187344,2.3388363915931487,9.117897290496984,2.385201550771532,1.1809117854685525,-1.1581155924158093,-2.2939993694354843,-4.501245545616516,2.3844258780456333,1.1808155674096954,-1.158020824183453,-2.2932469051406636,-4.495314837376357,219.4745223928829,438.9490447857658,,,,,,
2026-10-05,HAPV18,HAPVIDA PARTICIPACOES E INVESTIMENTOS S/A,HAPVIDA PARTICIPACOES E INVESTIMENTOS S.A.,Hapvida Investimentos,CVM FRE,DI_MAIS,N,Quirografária,S,HAPVIDA PARTICIPACOES E INVESTIMENTOS S.A.,05197443000138,9.823,0.4276,807.225349,2031-10-15,,,3.2612,ok DI+,ok DI+,982.3,11,3.2644114247787988,0.09847371454675136,2.9724296593416666,14.486033738363181,3.0463374684071676,1.5045054430192772,-1.468287170491478,-2.9014260961359173,-5.666356833912123,3.044859828033482,1.504322371843787,-1.4681072874978793,-2.8999994906498507,-5.655138643916069,165.23519688899208,330.47039377798416,,,,,,
2026-10-05,HAPV19,HAPVIDA PARTICIPACOES E INVESTIMENTOS S/A,HAPVIDA PARTICIPACOES E INVESTIMENTOS S.A.,Hapvida Investimentos,CVM FRE,DI_MAIS,N,Quirografária,S,HAPVIDA PARTICIPACOES E INVESTIMENTOS S.A.,05197443000138,9.7418,0.42,778.176497,2032-05-16,,,3.5336,ok DI+,ok DI+,974.18,12,3.5324563461037646,-0.03236512045039832,3.2188795391580642,16.89199127384114,3.3051910859759337,1.6307840219766945,-1.5885497854925212,-3.1362030070265834,-6.113927407891229,3.30333949552727,1.6305547586713334,-1.5883247804867309,-3.1344195827888583,-6.099919252839306,151.3228420245276,302.6456840490552,,,,,,
2026-10-05,HAPV28,HAPVIDA PARTICIPACOES E INVESTIMENTOS S/A,HAPVIDA PARTICIPACOES E INVESTIMENTOS S.A.,Hapvida Investimentos,CVM FRE,DI_MAIS,N,Quirografária,S,HAPVIDA PARTICIPACOES E INVESTIMENTOS S.A.,05197443000138,9.4964,0.8928,793.03123,2032-10-15,,,3.6057,ok DI+,ok DI+,949.6399999999999,13,3.606354778840271,0.018159548500176814,3.2935829660520994,18.180215095456667,3.3865784931007115,1.6697759701364667,-1.6243203950636609,-3.204695703596072,-6.239366129651714,3.3844840415293826,1.6695167518953704,-1.6240662141567288,-3.202681890574816,-6.223561630195065,144.16518572451503,288.33037144903005,,,,,,
2026-10-05,HAPVA0,HAPVIDA PARTICIPACOES E INVESTIMENTOS S/A,HAPVIDA PARTICIPACOES E INVESTIMENTOS S.A.,Hapvida Investimentos,CVM FRE,DI_MAIS,N,Quirografária,S,HAPVIDA PARTICIPACOES E INVESTIMENTOS S.A.,05197443000138,9.5764,0.7232,774.477058,2033-10-15,,,3.7414,ok DI+,ok DI+,957.64,15,3.741088273059466,-0.008331826068689279,3.4141368698547008,19.84531833564654,3.515779932989016,1.7321739900862276,-1.682554569223893,-3.317228694575869,-6.449543643567212,3.513363461532933,1.7318750828469083,-1.682261787007792,-3.3149102781764674,-6.43136737299647,140.24628134500585,280.4925626900117,,,,,,
2026-10-05,HBSA14,HIDROVIAS DO BRASIL S.A.,HIDROVIAS DO BRASIL S.A.,Hidrovias do Brasil,CVM FRE,DI_MAIS,N,Quirografária,S,HIDROVIAS DO BRASIL S.A.,12648327000153,0.4951,0.0618,1044.769956,2028-06-11,,,1.4919,ok DI+,ok DI+,49.51,4,1.4936440354321636,0.11690029037895402,1.4862854362373525,3.865755131199997,1.5058498231626194,0.7480041925118641,-0.7383394686025002,-1.4671868936535715,-2.897076830382328,1.5056142118933524,0.7479749120326762,-0.7383105242046762,-1.4669566605813527,-2.895255769850705,16.655616341548235,33.31123268309647,,,,,,
2026-10-05,HBSA24,HIDROVIAS DO BRASIL S.A.,HIDROVIAS DO BRASIL S.A.,Hidrovias do Brasil,CVM FRE,DI_MAIS,N,Quirografária,S,HIDROVIAS DO BRASIL S.A.,12648327000153,0.6007,0.0015,1050.919683,2031-06-11,,,3.4699,ok DI+,ok DI+,60.07,10,3.4684493413678728,-0.041806929079432634,3.4477387745491557,17.7708713591531,3.5385010813187012,1.7463192494770352,-1.7018877436148605,-3.360723092859652,-6.5545059776542125,3.5365931313449206,1.7460829764735193,-1.7016557980756364,-3.3588844177533903,-6.540060121915249,8.711506864068475,17.42301372813695,,,,,,
2026-10-05,HGLB13,HIGHLINE DO BRASIL II INFRAESTRUTURA DE TELECOMUNICACOES S.A,HIGHLINE DO BRASIL II INFRAESTRUTURA DE TELECOMUNICACOES S.A,Highline Brasil,inferido,DI_MAIS,N,Quirografária,S,HIGHLINE DO BRASIL II INFRAESTRUTURA DE TELECOMUNICACOES S.A,27902165000105,2.7649,0.134,1087.537298,2034-10-15,,,3.5129,ok DI+,ok DI+,276.49,17,3.511361071178989,-0.04380793136756679,3.4168875473814393,19.99327320573884,3.5193820816072696,1.733747893061044,-1.6837579350923448,-3.3193408872237096,-6.452858470144617,3.516853913410133,1.7334353651978933,-1.683452182183546,-3.316921181352745,-6.433909630648102,40.45933560381442,80.91867120762883,,,,,,
2026-10-05,HSPE15,HOSPITAL ESPERANÇA S/A,HOSPITAL ESPERANCA S/A,Hospital Esperanca,inferido,DI_MAIS,N,Quirografária,S,HOSPITAL ESPERANCA S/A,02284062000106,1.2238,0.0687,1061.343449,2034-11-25,,,4.8688,ok DI+,ok DI+,122.38000000000001,17,4.85498153490397,-0.2838166508386008,4.796284603921183,36.24166267096908,4.98313990650312,2.4441410258601692,-2.353519052131503,-4.620438018719575,-8.90956417220189,4.977492917276029,2.443444380299303,-2.35284022362188,-4.615076290566337,-8.867735954422985,12.757791718609518,25.515583437219036,,,,,,
2026-10-05,HYPEA6,HYPERA S/A,HYPERA S/A,Hypera,CVM FRE,DI_MAIS,N,Quirografária,S,HYPERA S/A,02932074000191,0.7061,0.0644,1082.109792,2028-10-10,,,1.3033,ok DI+,ok DI+,70.61,5,1.3063152210819875,0.23135280303748915,1.297156002547996,3.3458023626051205,1.3140920213863483,0.6527859765889321,-0.6444211690715074,-1.2806291702633366,-2.528994733310186,1.3138850143610217,0.6527602542272544,-0.6443957483207416,-1.2804269907349703,-2.52739595784389,27.217235190409323,54.434470380818645,,,,,,
2026-10-05,HYPEA7,HYPERA S/A,HYPERA S/A,Hypera,CVM FRE,DI_MAIS,N,Quirografária,S,HYPERA S/A,02932074000191,0.6957,0.0445,1055.438863,2028-12-15,,,1.481,ok DI+,ok DI+,69.57,5,1.4825992926692364,0.10798735106254606,1.4723561112035928,4.004530073913178,1.4926363444383695,0.7412157190317181,-0.7312040071464576,-1.4525848525795304,-2.866608841056195,1.4923787615731587,0.7411837181941878,-0.7311723930094048,-1.4523334608340268,-2.864621620928922,23.625398594341856,47.25079718868371,,,,,,
2026-10-05,HYPEA8,HYPERA S/A,HYPERA S/A,Hypera,CVM FRE,DI_MAIS,N,Quirografária,S,HYPERA S/A,02932074000191,0.4675,0.0449,1069.078051,2029-05-03,,,1.7469,ok DI+,ok DI+,46.75,6,1.7500287877901635,0.17910514569600822,1.7418854732029398,5.303087694004109,1.7687716196107317,0.8776176318280315,-0.8643593183899734,-1.715731231920281,-3.3805621125044927,1.7684009116729607,0.8775715962189752,-0.8643138769839649,-1.7153700347329195,-3.377709192525798,13.41936674919194,26.83873349838388,,,,,,
2026-10-05,HYPEA9,HYPERA S/A,HYPERA S/A,Hypera,CVM FRE,DI_MAIS,N,Quirografária,S,HYPERA S/A,02932074000191,0.5,0.0,1041.518007,2030-01-15,,,2.3124,ok DI+,ok DI+,50.0,7,2.31366710477088,0.05479608938247375,2.302156323155105,8.361339175319342,2.3446337443717047,1.1616130635539568,-1.1407085159264363,-2.261001150022346,-4.442224302984488,2.343963019031702,1.1615298355467016,-1.1406264876084033,-2.2603496272785084,-4.437085862803823,10.859384199304722,21.718768398609445,,,,,,
2026-10-05,HYPEB1,HYPERA S/A,HYPERA S/A,Hypera,CVM FRE,DI_MAIS,N,Quirografária,S,HYPERA S/A,02932074000191,0.6184,0.038,1052.382491,2030-12-15,,,3.1991,ok DI+,ok DI+,61.839999999999996,9,3.1990866006683594,-0.0004188469144660813,3.179425036244225,15.155162492016887,3.256717453794278,1.6088443868882862,-1.5709532415838612,-3.105113977844176,-6.067267068621362,3.2552008487043103,1.6086564712371336,-1.5707685650070917,-3.103649223784141,-6.055746822648113,9.725028785872874,19.45005757174575,,,,,,
2026-10-05,HYPEC0,HYPERA S/A,HYPERA S/A,Hypera,CVM FRE,DI_MAIS,N,Quirografária,S,HYPERA S/A,02932074000191,0.5626,0.0312,1023.857138,2030-08-15,,,2.7476,ok DI+,ok DI+,56.26,8,2.7475553981426186,-0.0016233024232493465,2.7321841302259675,11.264665246972063,2.789509567043935,1.380297163168187,-1.3521335502997611,-2.6768317048092016,-5.246722681412508,2.788507456460828,1.3801728966716988,-1.3520112335542687,-2.675860803991107,-5.239074955512494,10.295792179157957,20.591584358315913,,,,,,
2026-10-05,IEAS11,INTERLIGACAO ELETRICA AIMORES S.A,INTERLIGACAO ELETRICA AIMORES S.A,ISA,inferido,DI_MAIS,N,Quirografária,S,INTERLIGACAO ELETRICA AIMORES S.A,26707830000147,0.7215,0.0449,1036.878088,2030-06-15,,,2.9065,ok DI+,ok DI+,72.15,8,2.907860046472044,0.04679327273504279,2.8870301241264715,12.559587296087996,2.9509870647009384,1.4593582392462112,-1.4279569601951536,-2.8253542026230427,-5.531703125549869,2.949828060606911,1.4592145461833457,-1.4278155779431256,-2.8242321876460315,-5.522868502331183,12.495539862409718,24.991079724819436,,,,,,
2026-10-05,IEPS11,INTERLIGACAO ELETRICA PARAGUACU S.A,INTERLIGACAO ELETRICA PARAGUACU S.A,ISA,inferido,DI_MAIS,N,Quirografária,S,INTERLIGACAO ELETRICA PARAGUACU S.A,26712591000113,0.7216,0.0444,1036.875094,2030-06-15,,,2.9065,ok DI+,ok DI+,72.16,8,2.9078586783770275,0.04674620254696829,2.887025899486334,12.559555234629554,2.95098267509899,1.4593560862152355,-1.4279548875596237,-2.8253501347314747,-5.53169528782681,2.9498236756594816,1.4592123937864538,-1.42781350569988,-2.824228123313186,-5.522860694280076,12.497290033462962,24.994580066925923,,,,,,
2026-10-05,IGTAA3,IGUATEMI EMPRESA DE SHOPPING CENTERS S/A,IGUATEMI EMPRESA DE SHOPPING CENTERS S.A,Iguatemi Empresa,CVM FRE,DI_MAIS,N,Quirografária,S,IGUATEMI EMPRESA DE SHOPPING CENTERS S.A,51218147000193,0.4543,0.0087,1005.146465,2030-09-20,,,2.8595,ok DI+,ok DI+,45.43,8,2.8588208964412236,-0.023749031606103838,2.845892009044136,12.008830962604526,2.9070250102595674,1.4380920478380688,-1.4080678184972273,-2.7869022528338894,-5.459910789224609,2.905936163857159,1.437957043225324,-1.4079349658188125,-2.785847854231114,-5.451607398836182,7.981680235164439,15.963360470328878,,,,,,
2026-10-05,IGTAB0,IGUATEMI EMPRESA DE SHOPPING CENTERS S/A,IGUATEMI EMPRESA DE SHOPPING CENTERS S.A,Iguatemi Empresa,CVM FRE,DI_MAIS,N,Quirografária,N,IGUATEMI EMPRESA DE SHOPPING CENTERS S.A,51218147000193,0.2793,0.0309,511.679139,2027-09-28,,,0.9373,ok DI+,ok DI+,27.93,2,0.9377181053003222,0.044607414949552754,0.935106353255679,1.8231702873384432,0.9443127743060886,0.4698434044897226,-0.4652853681154201,-0.9260793001523604,-1.8344528073251043,0.9442222046923712,0.4698321394870125,-0.46527421376866646,-0.9259905018189869,-1.833749300764589,14.934130167525078,29.868260335050156,,,,,,
2026-10-05,INEL12,INSPIRALI EDUCACAO S/A,INSPIRALI EDUCACAO S/A,Inspirali Educacao,CVM FRE,DI_MAIS,N,Quirografária,S,INSPIRALI EDUCACAO S/A,35822503000127,1.2424,0.0127,1065.709276,2029-05-15,,,1.3655,ok DI+,ok DI+,124.24,6,1.3675499621776877,0.1501253883330439,1.3507680202935606,3.8342572450100834,1.370198900048769,0.680209072670479,-0.670623021240957,-1.3318497898801684,-2.626850127169733,1.369939306518611,0.6801768317030429,-0.6705911885905177,-1.3315967340685102,-2.6248508956869196,45.98865169053939,91.97730338107878,,,,,,
2026-10-05,IOCHA3,IOCHPE-MAXION S/A,IOCHPE-MAXION S/A,Iochpe Maxion,inferido,DI_MAIS,N,Quirografária,S,IOCHPE-MAXION S/A,61156113000175,1.2985,0.0525,1006.939477,2030-04-02,,,2.1361,ok DI+,ok DI+,129.85,7,2.1364958715323557,0.01853244381610237,2.1091090899987224,7.333675679023015,2.14635545046844,1.0637933625548657,-1.0454581458269052,-2.073002245636013,-4.075973770936914,2.1457774683938373,1.06372163959814,-1.0453874504005822,-2.0724407116036074,-4.071544666416985,30.78313981380609,61.56627962761218,,,,,,
2026-10-05,IOCHA4,IOCHPE-MAXION S/A,IOCHPE-MAXION S/A,Iochpe Maxion,inferido,DI_MAIS,N,Quirografária,S,IOCHPE-MAXION S/A,61156113000175,1.1874,0.0541,1075.410868,2028-10-10,,,1.3015,ok DI+,ok DI+,118.74000000000001,5,1.3045006610441314,0.2305540564065559,1.2891927859043038,3.3079173229782626,1.3059359931985481,0.6487565919371718,-0.6404865033979745,-1.2728520946301836,-2.5138001192552273,1.3057323725191952,0.6487312896058747,-0.6404614962984291,-1.2726531992894123,-2.512227225349042,46.05207277696248,92.10414555392497,,,,,,
2026-10-05,IOCHA5,IOCHPE-MAXION S/A,IOCHPE-MAXION S/A,Iochpe Maxion,inferido,DI_MAIS,N,Quirografária,S,IOCHPE-MAXION S/A,61156113000175,1.3059,0.0491,1030.269965,2030-02-05,,,2.3535,ok DI+,ok DI+,130.59,7,2.3541598309999174,0.02803615890875335,2.3238131550086596,8.466760153815018,2.3668271128493013,1.1725744259976745,-1.1514063090335425,-2.282140037434477,-4.483501784333777,2.366146955777735,1.1724900276965986,-1.151323127312061,-2.281479354239585,-4.478291106941019,28.098214290277866,56.19642858055573,,,,,,
2026-10-05,IOCHA6,IOCHPE-MAXION S/A,IOCHPE-MAXION S/A,Iochpe Maxion,inferido,DI_MAIS,N,Quirografária,S,IOCHPE-MAXION S/A,61156113000175,1.3487,0.0813,1052.973593,2030-06-04,,,2.5091,ok DI+,ok DI+,134.87,8,2.511173079942527,0.08262245197588913,2.4777555902962023,9.683482466525428,2.526996751508559,1.2510843278009887,-1.226874077877771,-2.4301372165646318,-4.768139104205272,2.5261730026288296,1.250982148231258,-1.2267734420649445,-2.4293381779635754,-4.761841531261896,27.216162992064326,54.43232598412865,,,,,,
2026-10-05,IOCHA7,IOCHPE-MAXION S/A,IOCHPE-MAXION S/A,Iochpe Maxion,inferido,DI_MAIS,N,Quirografária,S,IOCHPE-MAXION S/A,61156113000175,1.3132,0.0376,1045.861634,2030-07-07,,,2.9199,ok DI+,ok DI+,131.32,8,2.9202537211196926,0.012114151843982728,2.8824020178216587,12.535660632631034,2.9462378700934044,1.4570140968502399,-1.4256726364216488,-2.8208443053610255,-5.522914168173266,2.9450803209848138,1.4568705847016181,-1.4255314331200406,-2.8197237146585037,-5.514090822990696,22.77961214085666,45.55922428171332,,,,,,
2026-10-05,IPIPA6,IPIRANGA PRODUTOS DE PETRÓLEO S/A,IPIRANGA  PRODUTOS DE PETROLEO S.A.,Ipiranga Produtos,inferido,DI_MAIS,N,Quirografária,S,IPIRANGA  PRODUTOS DE PETROLEO S.A.,33337122000127,0.5,0.0,1057.358206,2030-11-19,,,2.8245,ok DI+,ok DI+,50.0,9,2.8267672207980747,0.08026981051778126,2.8127037022866417,12.221028514639169,2.8749454394713547,1.4217690366302271,-1.3912141706073577,-2.7526984248105957,-5.389645354076588,2.873808844859837,1.4216281367866197,-1.3910755655000218,-2.751598559713446,-5.3809868342805,8.8882451356948,17.7764902713896,,,,,,
2026-10-05,ISAEB1,ISA ENERGIA BRASIL S.A.,ISA ENERGIA BRASIL S.A.,ISA,CVM FRE,DI_MAIS,N,Quirografária,S,ISA ENERGIA BRASIL S.A.,02998611000104,0.5202,0.0167,1032.007268,2030-01-15,,,2.6713,ok DI+,ok DI+,52.02,7,2.6723493268371676,0.03928150477923221,2.658519707319691,10.645259849527495,2.7126611387505717,1.3426799407248335,-1.3160650709208244,-2.606181004859953,-5.111129418494997,2.7117460065673287,1.3425664284717551,-1.3159532788479362,-2.6052934080720536,-5.1041342176488325,9.783640094292616,19.567280188585233,,,,,,
2026-10-05,ISAEB3,ISA ENERGIA BRASIL S.A.,ISA ENERGIA BRASIL S.A.,ISA,CVM FRE,DI_MAIS,N,Quirografária,S,ISA ENERGIA BRASIL S.A.,02998611000104,0.4472,0.0273,1030.052551,2030-07-15,,,2.9961,ok DI+,ok DI+,44.720000000000006,8,2.99617745724206,0.002585268918256238,2.982838204790238,13.208350594304545,3.0501180119043347,1.5080830168839432,-1.4750596386837511,-2.9179944604458607,-5.710940361937899,3.048879957761761,1.5079295406379998,-1.4749086641522384,-2.9167964518187155,-5.701509397694386,7.49621617561802,14.99243235123604,,,,,,
2026-10-05,ISAEC1,ISA ENERGIA BRASIL S.A.,ISA ENERGIA BRASIL S.A.,ISA,CVM FRE,DI_MAIS,N,Quirografária,S,ISA ENERGIA BRASIL S.A.,02998611000104,0.4973,0.075,1034.785575,2031-01-15,,,3.2983,ok DI+,ok DI+,49.73,9,3.296792659277161,-0.04570053430066941,3.280478838015709,15.88863112390575,3.361534368563479,1.660299968482759,-1.6205749056312113,-3.2025922719728928,-6.25542509232938,3.3599219936352376,1.6601002079127365,-1.6203786301029723,-3.2010356823961796,-6.243185053553303,7.579686145770203,15.159372291540405,,,,,,
2026-10-05,ISAED1,ISA ENERGIA BRASIL S.A.,ISA ENERGIA BRASIL S.A.,ISA,CVM FRE,DI_MAIS,N,Quirografária,S,ISA ENERGIA BRASIL S.A.,02998611000104,0.5877,0.0188,1044.532821,2035-01-15,,,4.8813,ok DI+,ok DI+,58.77,17,4.879860493091976,-0.029490236371958547,4.851349114346959,35.91132515440262,5.036399022306082,2.4712415200307536,-2.381446106758278,-4.677011986336677,-9.025204282473398,5.030905740118972,2.470563713616483,-2.3807854007304763,-4.671792488574947,-8.984471725605866,6.057078001890102,12.114156003780204,,,,,,
2026-10-05,ISPE12,IGUA SERGIPE S.A.,IGUA SERGIPE S.A.,Iguá,CVM FRE,DI_MAIS,N,Real,S,IGUA SERGIPE S.A.,58070452000120,2.4578,0.0877,1056.92743,2029-06-01,,,2.1502,ok DI+,ok DI+,245.78000000000003,6,2.1527068011014157,0.11658455499096679,2.1010667817398145,7.103317688657527,2.137113041038763,1.0594782960330784,-1.0417191178456853,-2.066065715523324,-4.064136909111504,2.1365833701831023,1.0594125379807293,-1.0416542437590852,-2.0655501932965272,-4.060067209706478,58.48933554517454,116.97867109034908,,,,,,
2026-10-05,ISPE13,IGUA SERGIPE S.A.,IGUA SERGIPE S.A.,Iguá,CVM FRE,DI_MAIS,N,Real,S,IGUA SERGIPE S.A.,58070452000120,2.5739,0.1126,1054.357284,2029-06-01,,,2.1494,ok DI+,ok DI+,257.39,6,2.1519475911575188,0.11852568891405933,2.0979484948486107,7.084281207170437,2.133897530028017,1.0578951040020268,-1.040183521527338,-2.063040640254077,-4.058265566985897,2.1333699008844627,1.0578295989332682,-1.0401188959153422,-2.0625270888127583,-4.054211365553813,61.343260006622195,122.68652001324439,,,,,,
2026-10-05,ITSA17,ITAUSA S/A,ITAUSA S/A,Itausa,CVM FRE,DI_MAIS,N,Quirografária,S,ITAUSA S/A,61532644000115,0.4525,0.0079,1048.02396,2034-07-25,,,4.7047,ok DI+,ok DI+,45.25000000000001,8,4.693089697484993,-0.246780932153101,4.671949127682232,31.7864850793179,4.8353570491997955,2.376260414481579,-2.2967812459247394,-4.517284781247987,-8.741534403486595,4.830881553078821,2.375707670190263,-2.2962414574919685,-4.5130167022856424,-8.708168553778105,4.8427325259049505,9.685465051809901,,,,,,
2026-10-05,ITSA18,ITAUSA S/A,ITAUSA S/A,Itausa,CVM FRE,DI_MAIS,N,Quirografária,S,ITAUSA S/A,61532644000115,0.4624,0.0204,1015.035916,2035-09-12,,,5.0642,ok DI+,ok DI+,46.239999999999995,9,5.0479315913971075,-0.3212434067156143,5.024697390662683,36.58757657190886,5.213162998741749,2.558765279872155,-2.467279241255571,-4.847013497897301,-9.358651797335959,5.207635273522228,2.558083166046228,-2.4666142246164555,-4.84175950780314,-9.31764324988719,4.601272116996245,9.20254423399249,,,,,,
2026-10-05,JHSFA1,JHSF PARTICIPAÇÕES S/A,JHSF PARTICIPACOES S/A,Jhsf,CVM FRE,DI_MAIS,N,Quirografária,S,JHSF PARTICIPACOES S/A,08294224000165,0.5536,0.0755,230.501537,2027-01-21,,,0.1622,ok DI+,ok DI+,55.36,2,0.16222726537438248,0.016809725266626392,0.16133411968779088,0.20142180749705021,0.1623488396648165,0.08091978460820215,-0.0804162223702165,-0.16033449881525108,-0.31869923118850174,0.16234122872527612,0.08091883710326675,-0.08041528258452411,-0.1603270106503056,-0.3186398032256407,171.56941168777897,343.13882337555793,,,,,,
2026-10-05,JHSFA3,JHSF PARTICIPAÇÕES S/A,JHSF PARTICIPACOES S/A,Jhsf,CVM FRE,DI_MAIS,N,Quirografária,S,JHSF PARTICIPACOES S/A,08294224000165,1.1196,0.0641,632.624127,2027-12-20,,,0.5827,ok DI+,ok DI+,111.96,15,0.5829681447473286,0.04601763297213207,0.5765134996057427,1.0262493065250993,0.581693415325546,0.2895456157967713,-0.28697993468967953,-0.5714299976459003,-1.132880378383505,0.5816447461383683,0.2895395614360277,-0.286973938169715,-0.5713822530731172,-1.1325020130809835,97.10093525699355,194.2018705139871,,,,,,
2026-10-05,JSLGA5,JSL S/A,JSL S.A,Simpar,CVM FRE,DI_MAIS,N,Quirografária,S,JSL S.A,52548435000179,2.7482,0.2095,1075.423547,2028-10-20,,,0.8856,ok DI+,ok DI+,274.82000000000005,5,0.8874398680756428,0.2077538477464698,0.8637035666567812,2.174087959141804,0.874705995886238,0.43458579579809253,-0.4291503869512603,-0.852962091810916,-1.6849453951284676,0.8745740064524901,0.43456939327731775,-0.42913417337946336,-0.852833126861072,-1.683925374130726,159.0939360501727,318.1878721003454,,,,,,
2026-10-05,JSMLA5,SIMPAR S.A.,SIMPAR S.A.,Simpar,CVM FRE,DI_MAIS,N,Quirografária,S,SIMPAR S.A.,07415333000120,4.035,0.0742,1024.515993,2031-01-15,,,2.5244,ok DI+,ok DI+,403.50000000000006,9,2.5248330612065164,0.017155015311219594,2.4269073496482108,9.537321826834953,2.4754196467149603,1.225477730567892,-1.2016328470645377,-2.380021152602896,-4.66937473682637,2.4745939587823855,1.225375327107649,-1.2015320225405617,-2.379220740514036,-4.663068262759722,83.13049116986045,166.2609823397209,,,,,,
2026-10-05,KRSA12,KORA SAUDE PARTICIPACOES S.A.,KORA SAUDE PARTICIPACOES S.A.,Kora Saude,CVM FRE,DI_MAIS,N,Real,S,KORA SAUDE PARTICIPACOES S.A.,13270520000166,,,,2030-10-30,,,,fora do escopo (não IPCA+ nem DI+),,,,,,,,,,,,,,,,,,,,,,,,,
2026-10-05,LCAMC2,COMPANHIA DE LOCAÇÃO DAS AMÉRICAS,LOCALIZA RENT A CAR S/A,Localiza,inferido,DI_MAIS,N,Quirografária,S,LOCALIZA RENT A CAR S/A,16670085000155,1.6188,0.1447,1083.289308,2031-05-20,,,2.728,ok DI+,ok DI+,161.88000000000002,10,2.7297263185079634,0.06328147023325628,2.6862414420441523,11.60191553239458,2.745339173495509,1.3577579936633555,-1.3287509766967243,-2.629284352083794,-5.148728240302614,2.7442510197061254,1.3576231154375693,-1.328618326606583,-2.628231864382179,-5.140444573440413,30.131319818521973,60.26263963704395,,,,,,
2026-10-05,LETS18,LETS RENT A CAR S/A,LETS RENT A CAR S/A,Isolada (a identificar),,DI_MAIS,N,Quirografária,S,LETS RENT A CAR S/A,00873894000124,1.2453,0.0607,1070.89874,2031-10-15,,,2.9743,ok DI+,ok DI+ aprox,124.53,,,,2.937716614993486,,2.9377166149934855,1.4688583074967427,-1.4688583074967427,-2.9377166149934855,-5.875433229986971,2.9377166149934855,1.4688583074967427,-1.4688583074967427,-2.9377166149934855,-5.875433229986971,21.19503279595199,42.39006559190398,,,,,,
2026-10-05,LMTP18,LM TRANSPORTES INTERESTADUAIS SERVIÇOS E COMÉRCIOS S.A.,LM TRANSPORTES INTERESTADUAIS SERVICOS E COMERCIO S.A.,Isolada (a identificar),,DI_MAIS,N,Quirografária,S,LM TRANSPORTES INTERESTADUAIS SERVICOS E COMERCIO S.A.,00389481000179,1.5157,0.0646,1050.85312,2026-12-10,,,0.1786,ok DI+,ok DI+,151.57,1,0.17857142857142855,-0.015997440409552692,0.17590523295552168,0.2042214878853366,0.17693370256186558,0.08820880999569347,-0.08769824910711543,-0.1748913732334767,-0.3477835717187183,0.17692634039494837,0.08820789333761751,-0.08769733961790417,-0.174884125516095,-0.3477260361533366,430.82857017200007,861.6571403440001,,,,,,
2026-10-05,LMTP26,LM TRANSPORTES INTERESTADUAIS SERVIÇOS E COMÉRCIOS S.A.,LM TRANSPORTES INTERESTADUAIS SERVICOS E COMERCIO S.A.,Isolada (a identificar),,DI_MAIS,N,Quirografária,S,LM TRANSPORTES INTERESTADUAIS SERVICOS E COMERCIO S.A.,00389481000179,1.5223,0.0221,1005.095469,2027-09-25,,,0.9347,ok DI+,ok DI+,152.23000000000002,2,0.9350922823425074,0.04196879667352443,0.9210708212309093,1.7709067713017006,0.930012140635772,0.4627598391469867,-0.4583324675013545,-0.9123013974426497,-1.8073978785559386,0.9299253550874178,0.4627490440795818,-0.45832177715132755,-0.9122162873744009,-1.8067235070357845,82.6375108683616,165.2750217367232,,,,,,
2026-10-05,LMTPA0,LM TRANSPORTES INTERESTADUAIS SERVIÇOS E COMÉRCIOS S.A.,LM TRANSPORTES INTERESTADUAIS SERVICOS E COMERCIO S.A.,Isolada (a identificar),,DI_MAIS,N,Quirografária,S,LM TRANSPORTES INTERESTADUAIS SERVICOS E COMERCIO S.A.,00389481000179,1.7894,0.065,1070.759544,2029-10-15,,,2.3736,ok DI+,ok DI+,178.94,7,2.378226221131961,0.1949031484648113,2.3364183511563685,8.725674147393633,2.3807531331951903,1.1792039253812003,-1.157388478079957,-2.293476193689148,-4.503735338912163,2.380046721893337,1.1791162682624263,-1.1573020828939424,-2.2927899804194003,-4.498323219364865,38.2936557383734,76.5873114767468,,,,,,
2026-10-05,LMTPA1,LM TRANSPORTES INTERESTADUAIS SERVIÇOS E COMÉRCIOS S.A.,LM TRANSPORTES INTERESTADUAIS SERVICOS E COMERCIO S.A.,Isolada (a identificar),,DI_MAIS,N,Quirografária,S,LM TRANSPORTES INTERESTADUAIS SERVICOS E COMERCIO S.A.,00389481000179,1.369,0.2303,1033.74795,2028-01-17,,,1.1758,ok DI+,ok DI+,136.9,3,1.1768373645946786,0.0882262795270135,1.1609440406777995,2.563553747278798,1.1739002138992927,0.5836936718396357,-0.5772846079475258,-1.1482618026903424,-2.2716901057307837,1.1737618094141935,0.5836764625229983,-0.5772675781548012,-1.1481262719414056,-2.270617006410023,58.96063686242492,117.92127372484984,,,,,,
2026-10-05,LMTPA2,LM TRANSPORTES INTERESTADUAIS SERVIÇOS E COMÉRCIOS S.A.,LM TRANSPORTES INTERESTADUAIS SERVICOS E COMERCIO S.A.,Isolada (a identificar),,DI_MAIS,N,Quirografária,S,LM TRANSPORTES INTERESTADUAIS SERVICOS E COMERCIO S.A.,00389481000179,1.6867,0.0954,997.708309,2028-09-23,,,1.7755,ok DI+,ok DI+,168.67,4,1.7763810159603934,0.049620724325168175,1.7469157873747436,4.948961057113604,1.77198135260348,0.8796839462183348,-0.8673110646963411,-1.7224840774720973,-3.397327503212655,1.7716605926603117,0.879644095008764,-0.8672716923659798,-1.722170982089176,-3.3948523536072153,48.27651144348419,96.55302288696838,,,,,,
2026-10-05,LMTPB1,LM TRANSPORTES INTERESTADUAIS SERVIÇOS E COMÉRCIOS S.A.,LM TRANSPORTES INTERESTADUAIS SERVICOS E COMERCIO S.A.,Isolada (a identificar),,DI_MAIS,N,Quirografária,S,LM TRANSPORTES INTERESTADUAIS SERVICOS E COMERCIO S.A.,00389481000179,1.7608,0.0473,1030.998302,2030-01-17,,,2.6342,ok DI+,ok DI+,176.07999999999998,7,2.6350996278731635,0.03415184394365145,2.5895036476454227,10.209427188238216,2.641416635966798,1.3076210179116643,-1.282095842416331,-2.5392966325112565,-4.9814410105256,2.640550783586614,1.307513607808009,-1.2819900398374136,-2.5384565117042315,-4.974818751526081,33.998793583493416,67.99758716698683,,,,,,
2026-10-05,LMTPB2,LM TRANSPORTES INTERESTADUAIS SERVIÇOS E COMÉRCIOS S.A.,LM TRANSPORTES INTERESTADUAIS SERVICOS E COMERCIO S.A.,Isolada (a identificar),,DI_MAIS,N,Quirografária,S,LM TRANSPORTES INTERESTADUAIS SERVICOS E COMERCIO S.A.,00389481000179,,,,2030-09-23,,,,fora do escopo (não IPCA+ nem DI+),,,,,,,,,,,,,,,,,,,,,,,,,
2026-10-05,LOGGB1,LOG COMMERCIAL PROPERTIES E PARTICIPAÇÕES S/A,LOG COMMERCIAL PROPERTIES E PARTICIPACOES S/A,Log Commercial,CVM FRE,DI_MAIS,N,Quirografária,S,LOG COMMERCIAL PROPERTIES E PARTICIPACOES S/A,09041168000110,0.9586,0.0701,130.006329,2027-07-11,,,0.7201,ok DI+,ok DI+,95.86000000000001,2,0.7204031796709991,0.04210244007764642,0.7135629650876686,1.2311892039765402,0.7197752314484829,0.3583274762428923,-0.3552494386413474,-0.707462304403994,-1.4029404005209356,0.7197189111075513,0.35832046904880493,-0.35524249603886365,-0.7074070190677859,-1.4025021460958065,67.16996585453577,134.33993170907155,,,,,,
2026-10-05,LORTB2,LOCALIZA RENT A CAR,LOCALIZA RENT A CAR S/A,Localiza,inferido,DI_MAIS,N,Quirografária,S,LOCALIZA RENT A CAR S/A,16670085000155,1.2443,0.0572,1063.74495,2028-12-05,,,1.8337,ok DI+,ok DI+,124.42999999999999,5,1.83585632837338,0.11759439239678615,1.8132935171396118,5.450821961769736,1.840918309972417,0.9135063282361022,-0.8998786979216633,-1.7864008797674358,-3.520426828577916,1.8405476269484606,0.9134602860220182,-0.8998332311175937,-1.7860394073307633,-3.5175705950438294,34.310496018394936,68.62099203678987,,,,,,
2026-10-05,LVTC12,LIVETECH DA BAHIA INDUSTRIA E COMERCIO S/A,LIVETECH DA BAHIA INDUSTRIA E COMERCIO S/A,Livetech Bahia,CVM FRE,DI_MAIS,N,Real,S,LIVETECH DA BAHIA INDUSTRIA E COMERCIO S/A,05917486000140,2.3313,0.0945,419.691286,2027-06-15,,,0.4165,ok DI+,ok DI+,233.13,2,0.4167191350868647,0.05261346623402619,0.407225487301407,0.6203543904921058,0.41035363133212766,0.2043914685860404,-0.20284055383328337,-0.4041496273223366,-0.8022493916970963,0.4103272592538675,0.20438818663881864,-0.20283730066258834,-0.4041237153489465,-0.8020438867929719,286.24190684244843,572.4838136848969,,,,,,
2026-10-05,LVTC22,LIVETECH DA BAHIA INDUSTRIA E COMERCIO S/A,LIVETECH DA BAHIA INDUSTRIA E COMERCIO S/A,Livetech Bahia,CVM FRE,DI_MAIS,N,Real,S,LIVETECH DA BAHIA INDUSTRIA E COMERCIO S/A,05917486000140,5.6225,0.18,676.718599,2029-06-15,,,1.2159,ok DI+,ok DI+,562.25,6,1.2171210285725393,0.10042179229701144,1.1523312064877649,3.0392988775096965,1.1677205065038443,0.5799886818307121,-0.572390148515034,-1.1373229373581206,-2.245364538177108,1.1675277008753135,0.5799647268407696,-0.5723664796469953,-1.1371347121002164,-2.243876435425336,243.96197761306126,487.92395522612253,,,,,,
2026-10-05,MATD12,HOSPITAL MATER DEI S.A.,HOSPITAL MATER DEI S.A.,Hospital Mater,CVM FRE,DI_MAIS,N,Quirografária,S,HOSPITAL MATER DEI S.A.,16676520000159,0.6651,0.0432,1066.277385,2031-05-15,,,3.0914,ok DI+,ok DI+,66.51,10,3.0927901160982247,0.04496720250451549,3.072355877159239,14.491326932026542,3.146259310433086,1.5544713588470538,-1.5182399426920679,-3.0012964370041195,-5.8658736148697095,3.1448125118193717,1.5542920972446526,-1.5180637799145862,-2.9998992424991062,-5.854885215677947,10.82394140835932,21.64788281671864,,,,,,
2026-10-05,MATD13,HOSPITAL MATER DEI S.A.,HOSPITAL MATER DEI S.A.,Hospital Mater,CVM FRE,DI_MAIS,N,Quirografária,S,HOSPITAL MATER DEI S.A.,16676520000159,0.6895,0.0402,1046.809375,2032-07-18,,,3.8175,ok DI+,ok DI+,68.95,12,3.81190174166609,-0.14664723860929432,3.7857986599060376,21.326719194426403,3.8949315346389346,1.9198669826161918,-1.866544046388785,-3.6815660799268235,-7.163898721902607,3.892432255878169,1.9195577289460517,-1.8662409309599857,-3.6791650639339055,-7.145062935923546,9.106400814473231,18.212801628946462,,,,,,
2026-10-05,MDRO18,MADERO INDUSTRIA E COMERCIO S.A.,MADERO INDUSTRIA E COMERCIO S.A.,Madero Industria,inferido,DI_MAIS,N,Real,S,MADERO INDUSTRIA E COMERCIO S.A.,13783221000478,2.0722,0.1618,1062.879733,2030-11-25,,,2.4393,ok DI+,ok DI+,207.22,9,2.4414983062137314,0.0901203711610555,2.3919326772752343,9.41092407586564,2.439804418594793,1.2078313310504685,-1.1843024510781008,-2.345670050936799,-4.601886602800597,2.4389872976545623,1.2077299937324493,-1.184202683542785,-2.344878056895906,-4.595646873033156,43.316436530323735,86.63287306064747,,,,,,
2026-10-05,MEAL14,INTERNATIONAL MEAL COMPANY ALIMENTAÇÃO S.A.,INTERNATIONAL MEAL COMPANY ALIMENTACAO S/A,International Meal,inferido,DI_MAIS,N,Quirografária,S,INTERNATIONAL MEAL COMPANY ALIMENTACAO S/A,17314329000120,4.4851,0.074,610.462144,2028-10-11,,,0.8494,ok DI+,ok DI+ aprox,448.51000000000005,,,,0.8129388783663891,,0.8129388783663892,0.4064694391831946,-0.4064694391831946,-0.8129388783663892,-1.6258777567327785,0.8129388783663892,0.4064694391831946,-0.4064694391831946,-0.8129388783663892,-1.6258777567327785,275.8571474040499,551.7142948080998,,,,,,
2026-10-05,MGLUA0,MAGAZINE LUIZA S/A,MAGAZINE LUIZA S/A,Magazine Luiza,CVM FRE,DI_MAIS,N,Quirografária,S,MAGAZINE LUIZA S/A,47960950000121,1.7109,0.075,535.307911,2026-10-15,,,0.0278,ok DI+,ok DI+,171.09,1,0.027777777777777776,-0.07993605115907226,0.02731052205592299,0.027596944914173534,0.027449430875847725,0.013689872318045637,-0.013620878988096496,-0.02717344731878457,-0.054076332707786445,0.027448506780493858,0.01368975720910421,-0.013620764846818779,-0.027172537331352123,-0.05406910521356251,3132.30921858,6264.61843716,,,,,,
2026-10-05,MILS18,MILLS ESTR. E SERVIÇOS DE ENGENHARIA S/A,MILLS LOCACAO SERVICOS E LOGISTICA SA,Isolada (a identificar),,DI_MAIS,N,Quirografária,S,MILLS LOCACAO SERVICOS E LOGISTICA SA,27093558000115,0.9062,0.0782,1057.846405,2030-01-10,,,1.9033,ok DI+,ok DI+,90.62,7,1.9044765884699493,0.06181834024847791,1.8873732124190084,6.257010044671389,1.9191347639710976,0.9515670103507734,-0.9359236603396215,-1.8565514596945776,-3.6532618501000758,1.9186582626423656,0.9515078687653435,-0.935865343653665,-1.8560881621956515,-3.6496062239445894,24.00691061092633,48.01382122185266,,,,,,
2026-10-05,MILS19,MILLS ESTR. E SERVIÇOS DE ENGENHARIA S/A,MILLS LOCACAO SERVICOS E LOGISTICA SA,Isolada (a identificar),,DI_MAIS,N,Quirografária,S,MILLS LOCACAO SERVICOS E LOGISTICA SA,27093558000115,0.9433,0.07,1050.006628,2029-06-20,,,1.8727,ok DI+,ok DI+,94.33,6,1.8744597048406737,0.09396619002903137,1.8569431600122779,5.820913232382819,1.8864635124635099,0.9357993494591099,-0.9212463888943034,-1.828243537116958,-3.6006658311962814,1.886047726174192,0.9357477215466173,-0.9211954384656604,-1.8278385938503636,-3.597468055376899,25.399269625295453,50.798539250590906,,,,,,
2026-10-05,MILS29,MILLS ESTR. E SERVIÇOS DE ENGENHARIA S/A,MILLS LOCACAO SERVICOS E LOGISTICA SA,Isolada (a identificar),,DI_MAIS,N,Quirografária,S,MILLS LOCACAO SERVICOS E LOGISTICA SA,27093558000115,1.1593,0.1017,1051.932002,2032-06-20,,,3.4304,ok DI+,ok DI+,115.92999999999999,12,3.428092657724779,-0.06726161016852593,3.3888062271336192,17.598703479753627,3.478732699850706,1.71664079254914,-1.6726395173826125,-3.302673364141717,-6.440249048013936,3.4767997445323875,1.7164014929165017,-1.6724047342171176,-3.300812709734851,-6.425638384672166,17.10484345073604,34.20968690147208,,,,,,
2026-10-05,MILSA0,MILLS ESTR. E SERVIÇOS DE ENGENHARIA S/A,MILLS LOCACAO SERVICOS E LOGISTICA SA,Isolada (a identificar),,DI_MAIS,N,Quirografária,S,MILLS LOCACAO SERVICOS E LOGISTICA SA,27093558000115,0.8006,0.0503,1062.084689,2029-11-25,,,2.165,ok DI+,ok DI+,80.05999999999999,7,2.1676713277706217,0.12338696400099876,2.150454786747918,7.538943388236368,2.188737052645595,1.084723992366543,-1.0658756076577403,-2.1133311924750986,-4.154636553132707,2.1881495036890994,1.0846510726092544,-1.0658037141386634,-2.112760069806736,-4.150130705731108,18.614667114455553,37.22933422891111,,,,,,
2026-10-05,MILSA1,MILLS ESTR. E SERVIÇOS DE ENGENHARIA S/A,MILLS LOCACAO SERVICOS E LOGISTICA SA,Isolada (a identificar),,DI_MAIS,N,Quirografária,S,MILLS LOCACAO SERVICOS E LOGISTICA SA,27093558000115,0.8118,0.0863,1020.165474,2030-08-19,,,2.7503,ok DI+,ok DI+,81.18,8,2.750189211887727,-0.00402821918601798,2.7280429591453847,11.231332774119165,2.785197288643837,1.3781843623932089,-1.3501040923767138,-2.6728529374761556,-5.239073623569279,2.7841996230159807,1.3780606455403415,-1.3499823136050435,-2.6718862952747893,-5.231459262808387,14.878797954382526,29.75759590876505,,,,,,
2026-10-05,MILSB0,MILLS ESTR. E SERVIÇOS DE ENGENHARIA S/A,MILLS LOCACAO SERVICOS E LOGISTICA SA,Isolada (a identificar),,DI_MAIS,N,Quirografária,S,MILLS LOCACAO SERVICOS E LOGISTICA SA,27093558000115,1.1319,0.0878,1061.100353,2032-11-25,,,3.6232,ok DI+,ok DI+,113.19,13,3.6208632498318534,-0.06449409825973804,3.5803374106803623,19.780539322249737,3.6815358140682486,1.8151784524747416,-1.7657214833083912,-3.483640438393465,-6.782368879029066,3.679240107291611,1.8148943794929935,-1.7654430311873692,-3.481434714069114,-6.765064034915731,15.80716941123306,31.61433882246612,,,,,,
2026-10-05,MNLT11,MNLT S.A.,MNLT S.A.,Mnlt,CVM FRE,DI_MAIS,N,Quirografária,S,MNLT S.A.,12592831000189,0.8214,0.0773,1073.517965,2026-10-15,,,0.0278,ok DI+,ok DI+,82.14000000000001,1,0.027777777777777773,-0.07993605115908474,0.02755147000317172,0.028086105489082067,0.02769284904842184,0.013810960741045264,-0.01374074463380559,-0.027411974015989493,-0.0545486386810512,0.02769190053061713,0.013810842633447213,-0.013740627369724506,-0.02741103947572631,-0.05454121789656179,1490.6645632800003,2981.3291265600005,,,,,,
2026-10-05,MNRVA1,MINERVA S/A,MINERVA S/A,Minerva,CVM FRE,DI_MAIS,N,Quirografária,S,MINERVA S/A,67620377000114,1.7525,0.0922,1072.452491,2026-10-15,,,0.0278,ok DI+,ok DI+,175.25,1,0.02777777777777778,-0.07993605115905979,0.02729935655416602,0.02757444770094817,0.027438151435488223,0.013684261225166416,-0.013615324298155151,-0.027162393506963145,-0.05405444409797289,0.027437228792670763,0.013684146336709196,-0.013615210217456826,-0.02716148431566128,-0.05404722415431308,3209.7826124999997,6419.565224999999,,,,,,
2026-10-05,MOVI27,MOVIDA PARTICIPACOES S/A,MOVIDA PARTICIPACOES S/A,Simpar,CVM FRE,DI_MAIS,N,Quirografária,S,MOVIDA PARTICIPACOES S/A,21314559000166,1.854,0.281,1026.378202,2029-09-15,,,1.6989,ok DI+,ok DI+,185.4,6,1.6994473707202737,0.032219125332489586,1.668513137157376,5.093848360944319,1.6943461475316113,0.8406690455506904,-0.8279338273319836,-1.643398104174365,-3.2379461655209996,1.6939823789620976,0.8406238790298683,-0.8278892581275076,-1.6430438953526545,-3.235149307095866,55.55844777939943,111.11689555879886,,,,,,
2026-10-05,MOVI34,MOVIDA PARTICIPACOES S/A,MOVIDA PARTICIPACOES S/A,Simpar,CVM FRE,DI_MAIS,N,Quirografária,S,MOVIDA PARTICIPACOES S/A,21314559000166,1.1855,0.1028,345.451278,2027-07-27,,,0.7628,ok DI+,ok DI+,118.55,2,0.7630937776843784,0.03851306821949749,0.7541532904263737,1.3294934071323579,0.760862376713245,0.3787461781339152,-0.3754223732330697,-0.7475662997818877,-1.4821960785372013,0.7608007574620355,0.3787385119721023,-0.3754147784542714,-0.7475058233907119,-1.4817167127101003,78.59807913386925,157.1961582677385,,,,,,
2026-10-05,MOVIA2,MOVIDA PARTICIPACOES S/A,MOVIDA PARTICIPACOES S/A,Simpar,CVM FRE,DI_MAIS,N,Quirografária,S,MOVIDA PARTICIPACOES S/A,21314559000166,1.3946,0.2089,537.596696,2026-10-15,,,0.0278,ok DI+,ok DI+,139.46,1,0.027777777777777776,-0.07993605115907226,0.027395717107003503,0.027769419945245052,0.02753549685141632,0.01373268648241499,-0.013663262026974987,-0.0272577886638925,-0.054243341416415625,0.02753456420672973,0.013732570328433311,-0.013663146778570195,-0.027256870007277282,-0.054236045815102114,2545.2883648800002,5090.5767297600005,,,,,,
2026-10-05,MOVIA3,MOVIDA PARTICIPACOES S/A,MOVIDA PARTICIPACOES S/A,Simpar,CVM FRE,DI_MAIS,N,Quirografária,S,MOVIDA PARTICIPACOES S/A,21314559000166,1.8492,0.0727,1014.24872,2027-03-05,,,0.4048,ok DI+,ok DI+,184.92,1,0.4047619047619047,-0.009410878976107085,0.39741294459053655,0.5481344575305255,0.4001753687533638,0.19939434794020716,-0.19802398924992914,-0.3946936635637166,-0.7840329247348232,0.40015361687818923,0.19939164036718143,-0.1980213042233551,-0.3946722723028839,-0.7838632000304626,232.65472667294114,465.3094533458823,,,,,,
2026-10-05,MRFGA1,MARFRIG GLOBAL FOODS S.A.,MARFRIG GLOBAL FOODS S.A.,Marfrig Global,CVM FRE,DI_MAIS,N,Quirografária,S,MARFRIG GLOBAL FOODS S.A.,03853896000140,1.1658,0.0994,1064.194458,2027-11-11,,,0.5454,ok DI+,ok DI+,116.58,3,0.546223542774583,0.1509979418010568,0.5399290499107238,1.0561909454364908,0.5452631716329703,0.27129137617676324,-0.2686508329410531,-0.5347002097267572,-1.0591471142471165,0.5452100046379061,0.2712847636371575,-0.2686442862735663,-0.5346480951835413,-1.0587342809127176,107.95862902660663,215.91725805321326,,,,,,
2026-10-05,MTRO12,COMPANHIA DO METROPOLITANO DE SAO PAULO,COMPANHIA DO METROPOLITANO DE SAO PAULO - METRO,Isolada (a identificar),,DI_MAIS,N,Real,N,COMPANHIA DO METROPOLITANO DE SAO PAULO - METRO,62070362000106,0.8977,0.1068,169.064648,2027-04-25,,,0.291,ok DI+,ok DI+ aprox,89.77000000000001,,,,0.2884109350361802,,0.2884109350361802,0.1442054675180901,-0.1442054675180901,-0.2884109350361802,-0.5768218700723604,0.2884109350361802,0.1442054675180901,-0.1442054675180901,-0.2884109350361802,-0.5768218700723604,155.62863451890036,311.2572690378007,,,,,,
2026-10-05,MULPA0,MULTIPLAN EMPREENDIMENTOS IMOBILIÁRIOS S/A,MULTIPLAN EMPREENDIMENTOS IMOBILIARIOS S/A,Multiplan Empreendimentos,CVM FRE,DI_MAIS,N,Quirografária,S,MULTIPLAN EMPREENDIMENTOS IMOBILIARIOS S/A,07816890000153,0.604,0.0731,1077.571518,2028-10-15,,,0.8893,ok DI+,ok DI+,60.400000000000006,5,0.891260243702889,0.22042546979523817,0.885909351221511,2.281654109684343,0.8974590556943607,0.44582431736028827,-0.44011997552082516,-0.8746392086177557,-1.7272778659994992,0.8973176217699328,0.44580674324786096,-0.4401026079736501,-0.8745010806730893,-1.7261856202493355,34.089266535407475,68.17853307081495,,,,,,
2026-10-05,MULPB1,MULTIPLAN EMPREENDIMENTOS IMOBILIÁRIOS S/A,MULTIPLAN EMPREENDIMENTOS IMOBILIARIOS S/A,Multiplan Empreendimentos,CVM FRE,DI_MAIS,N,Quirografária,S,MULTIPLAN EMPREENDIMENTOS IMOBILIARIOS S/A,07816890000153,0.6031,0.0074,1038.814556,2028-01-10,,,0.7092,ok DI+,ok DI+,60.31,3,0.7097254959748517,0.07409700717028071,0.7054708015705796,1.4347229594273863,0.7127194047935381,0.3545381294000727,-0.3509512260884917,-0.6983706415259361,-1.3828288349309492,0.7126444163677166,0.354528804484574,-0.3509419970860056,-0.6982971867734427,-1.3822471439526114,42.744504709289664,85.48900941857933,,,,,,
2026-10-05,MULTA4,MULTIPLAN EMPREENDIMENTOS IMOBILIÁRIOS S/A,MULTIPLAN EMPREENDIMENTOS IMOBILIARIOS S/A,Multiplan Empreendimentos,CVM FRE,DI_MAIS,N,Quirografária,S,MULTIPLAN EMPREENDIMENTOS IMOBILIARIOS S/A,07816890000153,0.473,0.0472,1041.914951,2031-07-03,,,3.2484,ok DI+,ok DI+,47.3,10,3.2472506341760603,-0.035382521362513054,3.2319634470714127,15.646036573320892,3.3117916679227033,1.635737234868584,-1.5966186542039962,-3.1552754475317024,-6.1631308145546075,3.3101936299380172,1.6355392692523576,-1.596424177819055,-3.153733264204808,-6.151006162676407,7.317533254105963,14.635066508211926,,,,,,
2026-10-05,MULTA5,MULTIPLAN EMPREENDIMENTOS IMOBILIÁRIOS S/A,MULTIPLAN EMPREENDIMENTOS IMOBILIARIOS S/A,Multiplan Empreendimentos,CVM FRE,DI_MAIS,N,Quirografária,S,MULTIPLAN EMPREENDIMENTOS IMOBILIARIOS S/A,07816890000153,0.503,0.0077,1068.755957,2031-10-15,,,3.0189,ok DI+,ok DI+,50.3,11,3.0219244468359454,0.10018373698848897,3.0068002416205935,14.247036405200117,3.079478869537766,1.5213877304289802,-1.485766987075987,-2.936958043162363,-5.739611401694599,3.078035423646594,1.5212089163167968,-1.4855913253037967,-2.935565059594593,-5.728659755137184,8.36437341326165,16.7287468265233,,,,,,
2026-10-05,MULTB5,MULTIPLAN EMPREENDIMENTOS IMOBILIÁRIOS S/A,MULTIPLAN EMPREENDIMENTOS IMOBILIARIOS S/A,Multiplan Empreendimentos,CVM FRE,DI_MAIS,N,Quirografária,S,MULTIPLAN EMPREENDIMENTOS IMOBILIARIOS S/A,07816890000153,0.6378,0.0313,1076.200709,2034-10-15,,,4.4641,ok DI+,ok DI+,63.78,17,4.457683561772801,-0.14373419563179973,4.4294326403923785,30.745772365539565,4.587575255144616,2.2536935376701317,-2.176816111158175,-4.279909470023657,-8.276814943450205,4.583161502220076,2.253148535653114,-2.1762841047392647,-4.275703778564681,-8.243949833473966,7.199567662276278,14.399135324552557,,,,,,
2026-10-05,MVLV19,MOVIDA PARTICIPACOES S/A,MOVIDA PARTICIPACOES S/A,Simpar,CVM FRE,DI_MAIS,N,Flutuante,S,MOVIDA PARTICIPACOES S/A,21314559000166,2.07,0.0859,502.082337,2027-04-05,,,0.4841,ok DI+,ok DI+,207.0,1,0.4841269841269842,0.005574081178312043,0.47430879212989535,0.6896585397719067,0.4777852999523269,0.23801998101466992,-0.23629580481039358,-0.47088823701536553,-0.9350444537738145,0.4777570848287549,0.23801646923966258,-0.2362923228902328,-0.47086049943103586,-0.9348244134643526,218.21227377049178,436.42454754098355,,,,,,
2026-10-05,MVLVA1,MOVIDA PARTICIPACOES S/A,MOVIDA PARTICIPACOES S/A,Simpar,CVM FRE,DI_MAIS,N,Flutuante,S,MOVIDA PARTICIPACOES S/A,21314559000166,2.1392,0.0227,701.999629,2027-12-22,,,0.6539,ok DI+,ok DI+,213.92000000000002,3,0.6544840562437828,0.08931889337555761,0.6407765639869735,1.2636573416855823,0.6471591134433075,0.3219758458129274,-0.31881662247559284,-0.6345212586079452,-1.2567788545123526,0.6470948506954014,0.3219678536705937,-0.31880871031637975,-0.6344582772785455,-1.2562799811402352,166.9224594209323,333.8449188418646,,,,,,
2026-10-05,MVLVA3,MOVIDA PARTICIPACOES S/A,MOVIDA PARTICIPACOES S/A,Simpar,CVM FRE,DI_MAIS,N,Quirografária,S,MOVIDA PARTICIPACOES S/A,21314559000166,2.1214,0.0417,1027.188108,2027-08-10,,,0.8015,ok DI+,ok DI+,212.14000000000001,2,0.8018109200454419,0.038792270173657495,0.785154649314876,1.4011201369061568,0.7922254912723359,0.39433684159106974,-0.3908339655249171,-0.7782130783604457,-1.5427944227394685,0.7921602499994068,0.39432872482857073,-0.3908259244863053,-0.7781490486303453,-1.542286895891629,135.09440476797332,270.18880953594663,,,,,,
2026-10-05,NATUA3,NATURA COSMÉTICOS S/A,NATURA COSMETICOS S/A,Natura Cosmeticos,CVM FRE,DI_MAIS,N,Quirografária,S,NATURA COSMETICOS S/A,71673990000177,1.6405,0.0989,1035.753385,2029-06-15,,,2.2235,ok DI+,ok DI+,164.04999999999998,6,2.2256803143453143,0.09805776232580588,2.1897573450989656,7.566354986769688,2.228163731560384,1.1044079457353195,-1.085491084133794,-2.152484588862247,-4.232599732751485,2.227589120032814,1.1043366162829449,-1.0854207288160207,-2.151925570165117,-4.228187590462537,37.45848834967278,74.91697669934555,,,,,,
2026-10-05,NIGP12,NOVA TRANSPORTE DO SUDESTE S.A. - NTS,NOVA TRANSPORTADORA DO SUDESTE S.A.  NTS,Nova Transportadora,CVM FRE,DI_MAIS,N,Quirografária,S,NOVA TRANSPORTADORA DO SUDESTE S.A.  NTS,04992714000184,1.0689,0.0661,1032.419779,2032-03-24,,,3.4073,ok DI+,ok DI+,106.88999999999999,11,3.4034251359900995,-0.1137224198016221,3.3674306695631393,16.873449739499247,3.453594232516455,1.7050295870902676,-1.6628418732906436,-3.2847942711516698,-6.410990242412318,3.451797918260636,1.7048071469559438,-1.6626235226071957,-3.283063420865643,-6.397392344336293,15.871150810339765,31.74230162067953,,,,,,
2026-10-05,NTSD16,NOVA TRANSPORTE DO SUDESTE S.A. - NTS,NOVA TRANSPORTADORA DO SUDESTE S.A.  NTS,Nova Transportadora,CVM FRE,DI_MAIS,N,Quirografária,S,NOVA TRANSPORTADORA DO SUDESTE S.A.  NTS,04992714000184,0.7598,0.0382,190.247857,2029-02-15,,,2.044,ok DI+,ok DI+,75.98,5,2.0449509215316666,0.04652257982713002,2.0295305484247352,6.488110995632609,2.06243449278134,1.0229329550227595,-1.0067119289043913,-1.9975414003102543,-3.932863948758736,2.0619711034028985,1.0228754129569084,-1.006655135467827,-1.9970899934465725,-3.929298876936819,18.718614523682227,37.437229047364454,,,,,,
2026-10-05,NTSD17,NOVA TRANSPORTE DO SUDESTE S.A. - NTS,NOVA TRANSPORTADORA DO SUDESTE S.A.  NTS,Nova Transportadora,CVM FRE,DI_MAIS,N,Quirografária,S,NOVA TRANSPORTADORA DO SUDESTE S.A.  NTS,04992714000184,0.4605,0.029,1046.902195,2028-06-20,,,1.5103,ok DI+,ok DI+,46.050000000000004,4,1.5119586749132532,0.10982420136749135,1.505028020877114,3.9415434904515902,1.524977258708815,0.7574709538136659,-0.7476167493315033,-1.485556288021861,-2.933091632325724,1.524735738329372,0.7574409398016216,-0.7475870810754925,-1.4853203034248563,-2.9312251719451963,15.298718482717206,30.59743696543441,,,,,,
2026-10-05,NTSD18,NOVA TRANSPORTE DO SUDESTE S.A. - NTS,NOVA TRANSPORTADORA DO SUDESTE S.A.  NTS,Nova Transportadora,CVM FRE,DI_MAIS,N,Quirografária,S,NOVA TRANSPORTADORA DO SUDESTE S.A.  NTS,04992714000184,0.6888,0.0301,1057.061259,2030-11-22,,,3.1352,ok DI+,ok DI+,68.88,9,3.1364494479372893,0.03985225622891982,3.1149933735800697,14.681550419448271,3.189855263344543,1.576028814856345,-1.5393218604645487,-3.0429904834176624,-5.947406603151895,3.1884011256773115,1.5758486248143453,-1.5391447487657246,-3.0415856214828283,-5.936355738771174,11.056203294717776,22.11240658943555,,,,,,
2026-10-05,NTSD26,NOVA TRANSPORTE DO SUDESTE S.A. - NTS,NOVA TRANSPORTADORA DO SUDESTE S.A.  NTS,Nova Transportadora,CVM FRE,DI_MAIS,N,Quirografária,S,NOVA TRANSPORTADORA DO SUDESTE S.A.  NTS,04992714000184,0.8095,0.0608,1037.791183,2031-02-15,,,3.046,ok DI+,ok DI+,80.95,9,3.0447461045675626,-0.041165312949351864,3.0202968019557312,13.63243157715014,3.089769598969294,1.5273513771634217,-1.4932675782940774,-2.953401743298356,-5.777915510241538,3.088458959841482,1.527188940449303,-1.493107861506428,-2.9521346440699805,-5.7679449723684595,13.401000846602638,26.802001693205277,,,,,,
2026-10-05,NTSD35,NOVA TRANSPORTE DO SUDESTE S.A. - NTS,NOVA TRANSPORTADORA DO SUDESTE S.A.  NTS,Nova Transportadora,CVM FRE,DI_MAIS,N,Quirografária,S,NOVA TRANSPORTADORA DO SUDESTE S.A.  NTS,04992714000184,1.0152,0.0432,1038.375145,2032-09-13,,,3.5244,ok DI+,ok DI+,101.52000000000001,12,3.520003640142434,-0.12474066103636966,3.4846276997347276,17.986659982461845,3.57652054674491,1.7650397859890754,-1.7200685945159888,-3.3965812440387766,-6.624340740547174,3.574560999647037,1.7647971748454412,-1.7198305248892864,-3.3946943998224186,-6.609522199820218,14.566835935977949,29.133671871955897,,,,,,
2026-10-05,NTSD36,NOVA TRANSPORTE DO SUDESTE S.A. - NTS,NOVA TRANSPORTADORA DO SUDESTE S.A.  NTS,Nova Transportadora,CVM FRE,DI_MAIS,N,Quirografária,S,NOVA TRANSPORTADORA DO SUDESTE S.A.  NTS,04992714000184,1.0135,0.0672,1050.072243,2034-02-15,,,4.3178,ok DI+,ok DI+,101.35,15,4.3068023976492755,-0.25470383877726055,4.263590903838868,27.306576582261524,4.403762437477443,2.1663783224956656,-2.0981018370228366,-4.130535872749386,-8.008267679950553,4.400123786750176,2.165928672647261,-2.097662231191607,-4.127058020927561,-7.981050276032506,11.885521182244066,23.77104236448813,,,,,,
2026-10-05,NTSDA0,NOVA TRANSPORTE DO SUDESTE S.A. - NTS,NOVA TRANSPORTADORA DO SUDESTE S.A.  NTS,Nova Transportadora,CVM FRE,DI_MAIS,N,Quirografária,S,NOVA TRANSPORTADORA DO SUDESTE S.A.  NTS,04992714000184,0.6527,0.0134,1024.670166,2031-08-25,,,3.6783,ok DI+,ok DI+,65.27,10,3.673345612346609,-0.13469232127317754,3.6495251616167366,19.386130789192855,3.7485954830865253,1.849260150730303,-1.8007898533320077,-3.5546546089537,-6.927506159971131,3.7464558155627006,1.8489952442948594,-1.8005299173218772,-3.5525945076707726,-6.911327707449616,8.94225921312534,17.88451842625068,,,,,,
2026-10-05,NTSDA2,NOVA TRANSPORTE DO SUDESTE S.A. - NTS,NOVA TRANSPORTADORA DO SUDESTE S.A.  NTS,Nova Transportadora,CVM FRE,DI_MAIS,N,Quirografária,S,NOVA TRANSPORTADORA DO SUDESTE S.A.  NTS,04992714000184,0.62,0.0196,1002.565176,2031-03-10,,,3.1542,ok DI+,ok DI+,62.0,9,3.152312378285644,-0.0598447059272072,3.132888469773051,14.358814709886587,3.2060796011589288,1.5845658856366907,-1.5486659212996967,-3.0624445897828867,-5.989223315249648,3.204682543322485,1.584392753273884,-1.5484957164991673,-3.0610943962236186,-5.978600645348371,9.89502189404325,19.7900437880865,,,,,,
2026-10-05,OMGE15,OMEGA GERAÇÃO S/A,SERENA GERACAO S.A.,Serena,CVM FRE,DI_MAIS,N,Quirografária,S,SERENA GERACAO S.A.,09149503000106,1.5003,0.001,1050.689264,2029-06-15,,,2.2144,ok DI+,ok DI+,150.03,6,2.21650751972376,0.09517339792991825,2.1837447965412515,7.547228985233929,2.222054553060393,1.101377639277934,-1.0825085936055134,-2.146566682878581,-4.2209493023992355,2.221480941467421,1.1013064345021681,-1.0824383620390832,-2.1460086516150816,-4.216545013377824,34.35154149826176,68.70308299652352,,,,,,
2026-10-05,OMGE16,OMEGA GERAÇÃO S/A,SERENA GERACAO S.A.,Serena,CVM FRE,DI_MAIS,N,Quirografária,S,SERENA GERACAO S.A.,09149503000106,1.5225,0.0198,997.412154,2030-03-15,,,2.8145,ok DI+,ok DI+,152.25,7,2.81418229249072,-0.011288239803871095,2.771978913532192,11.346102382833013,2.8297021533446154,1.4002952086510811,-1.3719280611975915,-2.7162108514818817,-5.324619342889214,2.828709425446357,1.4001720847446373,-1.3718068287875547,-2.7152484016180267,-5.317035779407724,27.462330116717148,54.924660233434295,,,,,,
2026-10-05,OMGE17,OMEGA GERAÇÃO S/A,SERENA GERACAO S.A.,Serena,CVM FRE,DI_MAIS,N,Quirografária,S,SERENA GERACAO S.A.,09149503000106,1.646,0.0313,993.54403,2031-02-15,,,3.3587,ok DI+,ok DI+,164.6,9,3.3561154480393047,-0.07695096200003185,3.3017683411440735,16.00911589670526,3.3834395001557827,1.671096962667118,-1.6310706608454684,-3.2232921211267307,-6.295694887185411,3.3818139206276,1.6708955654429183,-1.6308727757011552,-3.221722761660547,-6.283354364354042,24.92603704943236,49.85207409886472,,,,,,
2026-10-05,OMGE26,OMEGA GERAÇÃO S/A,SERENA GERACAO S.A.,Serena,CVM FRE,DI_MAIS,N,Quirografária,S,SERENA GERACAO S.A.,09149503000106,1.613,0.0653,995.568502,2031-03-15,,,3.4216,ok DI+,ok DI+,161.29999999999998,9,3.4182226901062354,-0.09870557323371625,3.3639619833153587,16.485431890195304,3.448079823885797,1.702797227529551,-1.6615799631109596,-3.2831665206201177,-6.4110440958497605,3.4463891427663347,1.7025877815204233,-1.6613742017949351,-3.2815348238643822,-6.398215328826811,23.97470613520883,47.94941227041766,,,,,,
2026-10-05,OMGE27,OMEGA GERAÇÃO S/A,SERENA GERACAO S.A.,Serena,CVM FRE,DI_MAIS,N,Quirografária,S,SERENA GERACAO S.A.,09149503000106,,,,2033-02-15,,,,fora do escopo (não IPCA+ nem DI+),,,,,,,,,,,,,,,,,,,,,,,,,
2026-10-05,ONCO19,ONCOCLINICAS DO BRASIL SERVICOS MEDICOS S.A.,ONCOCLINICAS DO BRASIL SERVICOS MEDICOS  S.A.,Oncoclinicas Brasil,inferido,DI_MAIS,N,Quirografária,S,ONCOCLINICAS DO BRASIL SERVICOS MEDICOS  S.A.,12104241000402,,,636.001492,2027-11-25,,,,fora do escopo (não IPCA+ nem DI+),,,,,,,,,,,,,,,,,,,,,,,,,
2026-10-05,ONCO29,ONCOCLINICAS DO BRASIL SERVICOS MEDICOS S.A.,ONCOCLINICAS DO BRASIL SERVICOS MEDICOS  S.A.,Oncoclinicas Brasil,inferido,DI_MAIS,N,Quirografária,S,ONCOCLINICAS DO BRASIL SERVICOS MEDICOS  S.A.,12104241000402,,,649.154469,2029-11-25,,,,fora do escopo (não IPCA+ nem DI+),,,,,,,,,,,,,,,,,,,,,,,,,
2026-10-05,OPCT16,OCEANPACT SERVICOS MARITIMOS S.A.,OCEANPACT SERVICOS MARITIMOS S.A.,Oceanpact Servicos,CVM FRE,DI_MAIS,N,Real,S,OCEANPACT SERVICOS MARITIMOS S.A.,09114805000130,1.3069,0.027,1029.192403,2029-12-18,,,1.8921,ok DI+,ok DI+,130.69,39,1.8926416615165018,0.02862753112953456,1.868225818297176,5.931556777453213,1.8983131168558431,0.9415806829416118,-0.9267510822420166,-1.8389862037564098,-3.621122167355484,1.897883602184442,0.9415273551204044,-0.9266984631767715,-1.8385680344099098,-3.617820501045288,34.9770350885953,69.9540701771906,,,,,,
2026-10-05,OPCT17,OCEANPACT SERVICOS MARITIMOS S.A.,OCEANPACT SERVICOS MARITIMOS S.A.,Oceanpact Servicos,CVM FRE,DI_MAIS,N,Real,S,OCEANPACT SERVICOS MARITIMOS S.A.,09114805000130,1.345,0.027,1017.915439,2030-07-27,,,2.3041,ok DI+,ok DI+,134.5,46,2.3041546467039598,0.002371715809197317,2.2735750621184665,8.282865598543255,2.3156578931821103,1.1472240610929996,-1.126515693475283,-2.232809970148719,-4.386612728767791,2.314989390111183,1.1471411130574123,-1.1264339490610542,-2.2321607341257503,-4.3814928122660675,29.578966237137536,59.15793247427507,,,,,,
2026-10-05,ORMA16,ORIZON MEIO AMBIENTE S.A.,ORIZON MEIO AMBIENTE S.A.,Isolada (a identificar),,DI_MAIS,N,Quirografária,S,ORIZON MEIO AMBIENTE S.A.,03279285000130,1.2183,0.0333,1018.555998,2035-09-15,,,4.5819,ok DI+,ok DI+,121.83,18,4.567496501130367,-0.31435646499559844,4.512520464313633,30.911601275987245,4.671535913359848,2.2954500229626307,-2.218157696960088,-4.362206600912167,-8.439963141210926,4.667078470693569,2.2948997337518007,-2.2176207305618325,-4.357962457933697,-8.406808903107521,13.499107756238251,26.998215512476502,,,,,,
2026-10-05,ORMA17,ORIZON MEIO AMBIENTE S.A.,ORIZON MEIO AMBIENTE S.A.,Isolada (a identificar),,DI_MAIS,N,Quirografária,S,ORIZON MEIO AMBIENTE S.A.,03279285000130,1.3659,0.0399,1124.845532,2035-12-15,,,4.219,ok DI+,ok DI+,136.59,19,4.223869142888916,0.11540988122578914,4.166952735475062,29.055125554400767,4.316499269107266,2.1203224193286907,-2.0476716234319015,-4.025740165256408,-7.784529738870227,4.312228363247066,2.119795274680532,-2.04715746079453,-4.021677107703058,-7.75280295986211,16.38967474206637,32.77934948413274,,,,,,
2026-10-05,OVSAA3,UNIDAS LOCACOES E SERVICOS S.A.,UNIDAS LOCACOES E SERVICOS S/A,Unidas,CVM FRE,DI_MAIS,N,Quirografária,S,UNIDAS LOCACOES E SERVICOS S/A,75609123000123,2.193,0.0221,726.823998,2028-07-15,,,1.3672,ok DI+,ok DI+,219.3,4,1.3683992991304843,0.08771936296696406,1.3390342774265207,3.2726871206484573,1.355588650080275,0.6736317308277506,-0.6654497499335554,-1.3228575659516961,-2.614092288008951,1.355397713029763,0.6736079976140709,-0.6654262798124498,-1.3226708418232784,-2.6126148124400723,81.88737349631965,163.7747469926393,,,,,,
2026-10-05,OVSAA8,UNIDAS LOCACOES E SERVICOS S.A.,UNIDAS LOCACOES E SERVICOS S/A,Unidas,CVM FRE,DI_MAIS,N,Quirografária,S,UNIDAS LOCACOES E SERVICOS S/A,75609123000123,2.0817,0.0666,1064.283653,2029-06-10,,,1.8196,ok DI+,ok DI+,208.17000000000002,6,1.8216578088015212,0.11309127289080381,1.7845096709807156,5.471840104057715,1.8122523285273306,0.8991422546736239,-0.8854620402021784,-1.757524096332863,-3.4625336500871406,1.811868871501004,0.8990946356204298,-0.8854150353602857,-1.7571504704604268,-3.4595825398802766,58.32694643946528,116.65389287893056,,,,,,
2026-10-05,OVSAA9,UNIDAS LOCACOES E SERVICOS S.A.,UNIDAS LOCACOES E SERVICOS S/A,Unidas,CVM FRE,DI_MAIS,N,Quirografária,S,UNIDAS LOCACOES E SERVICOS S/A,75609123000123,2.3939,0.0763,1065.005844,2029-11-18,,,2.1065,ok DI+,ok DI+,239.39,7,2.109394853098696,0.1374247851268019,2.0600786307570043,7.046623460222435,2.095849063396593,1.038914289611026,-1.0212968108637699,-2.0253681013487457,-3.983348847745505,2.095311748058116,1.03884759470378,-1.021231036053224,-2.024845513455892,-3.9792247923095596,58.10215115721889,116.20430231443778,,,,,,
2026-10-05,OVSAB0,UNIDAS LOCACOES E SERVICOS S.A.,UNIDAS LOCACOES E SERVICOS S/A,Unidas,CVM FRE,DI_MAIS,N,Quirografária,S,UNIDAS LOCACOES E SERVICOS S/A,75609123000123,2.2931,0.086,1061.978408,2028-05-16,,,1.394,ok DI+,ok DI+,229.31,4,1.396349157005773,0.16851915392919542,1.3650472583251194,3.385838246717855,1.3821748234822184,0.6867805846612729,-0.6783157156161512,-1.3483120645323199,-2.6639127827372877,1.3819764495587088,0.6867559269709571,-0.6782913313541625,-1.3481180670915303,-2.662377751715882,83.99342901921136,167.98685803842272,,,,,,
2026-10-05,OVSAB1,UNIDAS LOCACOES E SERVICOS S.A.,UNIDAS LOCACOES E SERVICOS S/A,Unidas,CVM FRE,DI_MAIS,N,Quirografária,S,UNIDAS LOCACOES E SERVICOS S/A,75609123000123,2.3432,0.0469,1033.659043,2032-01-20,,,3.458,ok DI+,ok DI+,234.32,11,3.4546205485555075,-0.09772849752726137,3.375525241105914,17.283367833426123,3.4638016133990757,1.7095970949888573,-1.6663844339680378,-3.290900037292277,-6.419457997893185,3.4619420802730443,1.7093668303447396,-1.6661584107611742,-3.2891084019387833,-6.405383125543305,34.708672467700225,69.41734493540045,,,,,,
2026-10-05,OZNH11,OZN HEALTH SPE S.A,OZN HEALTH SPE S.A,Ozn Health,CVM FRE,DI_MAIS,N,Quirografária,S,OZN HEALTH SPE S.A,18080368000172,1.8108,0.2192,925.754147,2031-11-26,,,2.214,ok DI+,ok DI+,181.07999999999998,62,2.2128728971476446,-0.050907987911264656,2.1735148895280703,8.78102539334772,2.2182207946859434,1.0978329941637277,-1.0758788102625538,-2.130384603962099,-4.177508912741212,2.217420016494809,1.0977337265057199,-1.0757811630223504,-2.1296097625613317,-4.1714092711891855,41.65602933580948,83.31205867161896,,,,,,
2026-10-05,PALFA4,COMPANHIA PAULISTA DE FORÇA E LUZ,COMPANHIA PAULISTA DE FORCA E LUZ,State Grid,CVM FRE,DI_MAIS,N,Quirografária,S,COMPANHIA PAULISTA DE FORCA E LUZ,33050196000188,0.3138,0.0211,288.970929,2027-09-05,,,0.5159,ok DI+,ok DI+,31.380000000000003,4,0.5160349862181511,0.026165190570093408,0.5144207339550003,0.8540434423909635,0.5187296451470091,0.2582827354969952,-0.25614758240851687,-0.5101884994024197,-1.0120616950058725,0.5186909511669552,0.2582779212804889,-0.25614281267451144,-0.5101505167430455,-1.0117605990621814,30.500325831292223,61.000651662584445,,,,,,
2026-10-05,PALFA5,COMPANHIA PAULISTA DE FORÇA E LUZ,COMPANHIA PAULISTA DE FORCA E LUZ,State Grid,CVM FRE,DI_MAIS,N,Quirografária,S,COMPANHIA PAULISTA DE FORCA E LUZ,33050196000188,0.4371,0.0361,1010.156732,2029-09-10,,,2.0899,ok DI+,ok DI+,43.71,12,2.0906071163110553,0.03383493521485453,2.0815088411663174,6.894539713630078,2.116491885494809,1.0494359535694775,-1.0321987518490228,-2.0475328428439243,-4.029047958611464,2.115981539734468,1.0493725952251964,-1.0321362459411212,-2.047036142598167,-4.025126888060034,10.499595085915724,20.999190171831447,,,,,,
2026-10-05,PALFA6,COMPANHIA PAULISTA DE FORÇA E LUZ,COMPANHIA PAULISTA DE FORCA E LUZ,State Grid,CVM FRE,DI_MAIS,N,Quirografária,S,COMPANHIA PAULISTA DE FORCA E LUZ,33050196000188,0.4658,0.0273,1021.410022,2030-02-15,,,2.3761,ok DI+,ok DI+,46.58,14,2.376705283208745,0.025473810392874403,2.3656859182017613,8.710305294453873,2.4099395377872534,1.1938179607424493,-1.1720409412658062,-2.322816375506953,-4.562544368261778,2.4092374446740306,1.193730840718948,-1.1719550774828134,-2.322134391729492,-4.557165730514445,9.844924814746127,19.689849629492254,,,,,,
2026-10-05,PALFA8,COMPANHIA PAULISTA DE FORÇA E LUZ,COMPANHIA PAULISTA DE FORCA E LUZ,State Grid,CVM FRE,DI_MAIS,N,Quirografária,S,COMPANHIA PAULISTA DE FORCA E LUZ,33050196000188,0.2598,0.0526,455.233707,2026-12-19,,,0.2063,ok DI+,ok DI+,25.979999999999997,1,0.20634920634920637,0.02385184159299775,0.20581450027748543,0.24764079998771318,0.2070618602218799,0.1032179410281664,-0.10259882998004954,-0.20458530709298595,-0.40674770423764217,0.20705270427742403,0.10321680113872737,-0.10259769913875808,-0.20457629627754687,-0.4066761845552166,63.11508655846153,126.23017311692305,,,,,,
2026-10-05,PASS12,COMPASS GAS E ENERGIA S.A,COMPASS GAS E ENERGIA S.A,Compass,CVM FRE,DI_MAIS,N,Quirografária,S,COMPASS GAS E ENERGIA S.A,21389501000181,0.95,0.0,1082.572372,2030-11-01,,,2.7406,ok DI+,ok DI+,95.0,9,2.743692550081011,0.11284208133295842,2.7178727588717297,11.618004537313807,2.77702867947216,1.3735910337432378,-1.3445438953633926,-2.6608145854918885,-5.211509999561137,2.7759627815582992,1.3734588851075071,-1.3444138737642228,-2.6597827361851607,-5.203385426997184,17.476903524990135,34.95380704998027,,,,,,
2026-10-05,PASS13,COMPASS GAS E ENERGIA S.A,COMPASS GAS E ENERGIA S.A,Compass,CVM FRE,DI_MAIS,N,Quirografária,S,COMPASS GAS E ENERGIA S.A,21389501000181,0.7532,0.0823,1014.716039,2029-03-15,,,2.127,ok DI+,ok DI+,75.32,5,2.127729019795,0.03427455547720091,2.1118227706861914,6.906652187550002,2.1468581843795187,1.0646070501096228,-1.0473395967535382,-2.0777784912831443,-4.089373608316382,2.146356031623941,1.064544700577533,-1.0472780701086581,-2.077289509748441,-4.085512497621383,17.832935851791763,35.66587170358353,,,,,,
2026-10-05,PASS14,COMPASS GAS E ENERGIA S.A,COMPASS GAS E ENERGIA S.A,Compass,CVM FRE,DI_MAIS,N,Quirografária,S,COMPASS GAS E ENERGIA S.A,21389501000181,0.7791,0.0598,1045.455291,2030-06-01,,,2.8605,ok DI+,ok DI+,77.91,8,2.862396890682212,0.06631325580184871,2.8402683598903065,12.248060871841393,2.90263038890064,1.4355833345442992,-1.404960960362256,-2.7801142093173636,-5.444128620150024,2.9015086642495134,1.435444256034955,-1.4048241038553515,-2.7790280555310996,-5.435575502343784,13.715253301453696,27.430506602907393,,,,,,
2026-10-05,PASS24,COMPASS GAS E ENERGIA S.A,COMPASS GAS E ENERGIA S.A,Compass,CVM FRE,DI_MAIS,N,Quirografária,S,COMPASS GAS E ENERGIA S.A,21389501000181,,,,2032-06-01,,,,fora do escopo (não IPCA+ nem DI+),,,,,,,,,,,,,,,,,,,,,,,,,
2026-10-05,PEJA21,PRIO FORTE S.A,PRIO FORTE S.A.,Prio Forte,CVM FRE,DI_MAIS,N,Quirografária,S,PRIO FORTE S.A.,08926302000105,1.0239,0.087,1028.876544,2027-08-15,,,0.8188,ok DI+,ok DI+,102.39,2,0.8191211169810604,0.039217999640988,0.8108191398085605,1.4757085474658889,0.8182675506490655,0.40726289731858323,-0.4035735437957433,-0.8035091488886925,-1.5926674033274302,0.81819768254589,0.4072542055886126,-0.40356493421994794,-0.803440597071231,-1.5921241086678033,63.13985140026106,126.27970280052212,,,,,,
2026-10-05,PFOR15,PRIO FORTE S.A,PRIO FORTE S.A.,Prio Forte,CVM FRE,DI_MAIS,N,Quirografária,S,PRIO FORTE S.A.,08926302000105,1.2437,0.0917,1016.469952,2030-02-20,,,2.4029,ok DI+,ok DI+,124.37,7,2.403515471763335,0.02561370690978892,2.37399015619079,8.74720070743902,2.4184351661331593,1.1980170522423839,-1.176147772948366,-2.330942709721384,-4.5784662414713235,2.417726159727985,1.197929078979694,-1.1760610772110964,-2.330254152653595,-4.5730362982328,26.194295640964054,52.38859128192811,,,,,,
2026-10-05,PFOR16,PRIO FORTE S.A,PRIO FORTE S.A.,Prio Forte,CVM FRE,DI_MAIS,N,Quirografária,S,PRIO FORTE S.A.,08926302000105,1.2457,0.0587,1038.756941,2030-07-15,,,2.6279,ok DI+,ok DI+,124.57000000000001,8,2.6286726039464936,0.029400051238391855,2.596330119646063,10.401439552975141,2.649240580960277,1.3112788869175551,-1.2852735661437964,-2.5451986250292435,-4.991531480939915,2.6483373174109386,1.3111668592642503,-1.2851632603818124,-2.5443229218811867,-4.984631448232622,23.989630412827022,47.979260825654045,,,,,,
2026-10-05,PFOR25,PRIO FORTE S.A,PRIO FORTE S.A.,Prio Forte,CVM FRE,DI_MAIS,N,Quirografária,S,PRIO FORTE S.A.,08926302000105,1.3087,0.1789,1019.214337,2032-02-20,,,3.6233,ok DI+,ok DI+,130.87,11,3.618578878256469,-0.13029894691388477,3.5718342829949146,18.853257693574037,3.6681821122528824,1.8097414132008494,-1.7626034146350333,-3.4795718240815843,-6.782338828574841,3.6661005714627852,1.809483713614425,-1.76235056938049,-3.477567994527045,-6.766603412118349,18.319718893882726,36.63943778776545,,,,,,
2026-10-05,PFOR26,PRIO FORTE S.A,PRIO FORTE S.A.,Prio Forte,CVM FRE,DI_MAIS,N,Quirografária,S,PRIO FORTE S.A.,08926302000105,1.3806,0.0548,1042.03768,2032-07-15,,,3.7572,ok DI+,ok DI+,138.06,12,3.751936185973234,-0.14009938323129548,3.700842356400765,20.584490319082825,3.8061516044362476,1.8764471548389672,-1.8249801209096472,-3.6002137218237307,-7.007992950624464,3.8037648079961794,1.876151791099236,-1.8246905653015293,-3.5979199048053507,-6.989994906419874,18.652510253674997,37.305020507349994,,,,,,
2026-10-05,PGMN18,EMPREENDIMENTOS PAGUE MENOS S/A,EMPREENDIMENTOS PAGUE MENOS S/A,Empreendimentos Pague,inferido,DI_MAIS,N,Quirografária,S,EMPREENDIMENTOS PAGUE MENOS S/A,06626253000151,1.8217,0.1048,1037.083908,2029-06-25,,,2.2404,ok DI+,ok DI+,182.17000000000002,6,2.242252971835478,0.08270718780029614,2.2021366485095792,7.6311248720355715,2.2408732121592,1.1106793443746987,-1.0916005454538524,-2.1645461696497614,-4.25611118788225,2.240292272869757,1.110607230344834,-1.091529418164745,-2.1639810241494013,-4.251650799578447,41.36210169411918,82.72420338823837,,,,,,
2026-10-05,PLSB2A,AUTOPISTA LITORAL SUL S/A.,AUTOPISTA LITORAL SUL S/A.,Isolada (a identificar),,DI_MAIS,N,Quirografária,S,AUTOPISTA LITORAL SUL S/A.,09313969000197,1.2777,0.0811,870.826442,2028-10-15,,,0.988,ok DI+,ok DI+,127.77,5,0.9901283884825071,0.2154239354764242,0.9776371190128794,2.357958115309121,0.9895664690519945,0.4917833520327708,-0.4858882600014103,-0.9659837395677884,-1.9091941847880434,0.9894269095894251,0.4917660071505761,-0.4858711118623034,-0.9658473284363339,-1.9081150757195766,65.34633225107565,130.6926645021513,,,,,,
2026-10-05,PRLG17,PROLAGOS S/A - C.S.PUBL. DE ÁGUA E ESGOTO,PROLAGOS S/A - CONCESSIONARIA DE SERVICOS PUBLICOS DE AGUA E ESGOTO,Aegea,CVM FRE,DI_MAIS,N,Quirografária,S,PROLAGOS S/A - CONCESSIONARIA DE SERVICOS PUBLICOS DE AGUA E ESGOTO,02382073000110,0.9806,0.0728,1078.678346,2030-04-10,,,2.6924,ok DI+,ok DI+,98.06,8,2.6969670918995394,0.16962902613056377,2.670777448242078,11.157587538740367,2.72755948645913,1.3494589869496254,-1.321563093824385,-2.6159528081088346,-5.12599155374186,2.7265653859357797,1.3493357085444646,-1.3214417396976135,-2.6149895105483765,-5.118403145709348,18.3579504283563,36.7159008567126,,,,,,
2026-10-05,PSAN13,PARSAN S.A.,PARSAN S.A.,Isolada (a identificar),,DI_MAIS,N,Quirografária,S,PARSAN S.A.,44854238000150,2.3259,0.0503,1005.976423,2030-03-18,,,2.446,ok DI+,ok DI+,232.58999999999997,7,2.446171325294933,0.007004304780567838,2.3905690790845067,8.814328004079096,2.4353543684070944,1.206391000507634,-1.1843538978360546,-2.3471905554337313,-4.610317680820697,2.434640719104902,1.2063024495473522,-1.1842666295371544,-2.346497439064111,-4.604851598087432,48.647412458181876,97.29482491636375,,,,,,
2026-10-05,PSAN23,PARSAN S.A.,PARSAN S.A.,Isolada (a identificar),,DI_MAIS,N,Quirografária,S,PARSAN S.A.,44854238000150,2.3319,0.0977,1016.829146,2030-03-18,,,2.7704,ok DI+,ok DI+,233.19,7,2.7699915357729004,-0.014743871899350785,2.706870033462586,10.933402804003677,2.7624835359634226,1.3672191679206191,-1.339883874015646,-2.6531209051600446,-5.202305441725863,2.7615370474826046,1.3671017702362978,-1.3397682632262886,-2.652203019442568,-5.195072010845099,43.07373407612536,86.14746815225072,,,,,,
2026-10-05,QUAL16,QUALICORP S/A,QUALICORP CONSULTORIA E CORRETORA DE SEGUROS S.A.,Qualicorp Consultoria,inferido,DI_MAIS,N,Quirografária,S,QUALICORP CONSULTORIA E CORRETORA DE SEGUROS S.A.,11992680000193,3.5486,0.0912,260.44389,2027-06-03,,,0.6117,ok DI+,ok DI+,354.85999999999996,2,0.612186828879121,0.07958621532139823,0.5912072484602603,0.9351215776802733,0.5959229515529518,0.29677751599528346,-0.29443966826082635,-0.5865710364340804,-1.1640245114444614,0.5958828563486616,0.2967725262022305,-0.2944347222580298,-0.5865316405718589,-1.163712065366915,300.11472366433014,600.2294473286603,,,,,,
2026-10-05,QUAL17,QUALICORP S/A,QUALICORP CONSULTORIA E CORRETORA DE SEGUROS S.A.,Qualicorp Consultoria,inferido,DI_MAIS,N,Quirografária,S,QUALICORP CONSULTORIA E CORRETORA DE SEGUROS S.A.,11992680000193,,,,2028-03-15,,,,fora do escopo (não IPCA+ nem DI+),,,,,,,,,,,,,,,,,,,,,,,,,
2026-10-05,QUAL18,QUALICORP S/A,QUALICORP CONSULTORIA E CORRETORA DE SEGUROS S.A.,Qualicorp Consultoria,inferido,DI_MAIS,N,Quirografária,S,QUALICORP CONSULTORIA E CORRETORA DE SEGUROS S.A.,11992680000193,5.5394,1.4056,1028.895195,2029-10-15,,,1.5523,ok DI+,ok DI+,553.9399999999999,7,1.555754030404147,0.22251049437267575,1.4740978538859868,4.212858443970157,1.4954448473465831,0.7423501139970368,-0.7318175287664319,-1.4533092353555266,-2.8661168154414662,1.4951621461058378,0.7423149999979562,-0.7317828538880308,-1.4530335616661363,-2.8639385388925707,187.8911900386106,375.7823800772212,,,,,,
2026-10-05,QUNT11,QUANTUM PARTICIPACOES S.A.,QUANTUM PARTICIPACOES S.A.,Isolada (a identificar),,DI_MAIS,N,Real,S,QUANTUM PARTICIPACOES S.A.,28367479000118,0.7895,0.0707,1063.272497,2031-11-18,,,3.0156,ok DI+,ok DI+,78.94999999999999,11,3.015844077859173,0.008093840667621624,2.9922204970350808,14.672434446932854,3.067126301915124,1.5146419602575234,-1.4779573951138825,-2.920346264170137,-5.702683949173492,3.0655826692697445,1.5144507915762062,-1.477769705458874,-2.918858324800416,-5.690992305131504,13.192543811231433,26.385087622462866,,,,,,
2026-10-05,QYAN11,MANTIQUEIRA HOLDING S.A.,MANTIQUEIRA HOLDING S.A.,State Grid,CVM FRE,DI_MAIS,N,Real,S,MANTIQUEIRA HOLDING S.A.,46568486000160,0.7583,0.0842,1064.849538,2032-11-18,,,3.2457,ok DI+,ok DI+,75.83,13,3.2451152632599025,-0.018015735899722447,3.2206927501356244,16.623502398294416,3.305655469917146,1.6313541496000505,-1.5897910066265286,-3.13935021871119,-6.122848893999366,3.3038102621270964,1.6311257530656802,-1.5895669970699442,-3.1375752381441524,-6.108915452305361,11.772312027716206,23.54462405543241,,,,,,
2026-10-05,RADL15,RAIA DROGASIL S/A,RAIA DROGASIL S/A,Raia Drogasil,CVM FRE,DI_MAIS,N,Quirografária,S,RAIA DROGASIL S/A,61585865000151,0.601,0.0728,1043.060535,2029-01-25,,,1.5942,ok DI+,ok DI+,60.099999999999994,5,1.5952883290863664,0.06826803954123431,1.5857579239633466,4.4614393151947755,1.6083592468921992,0.7984922975548425,-0.7873382489820946,-1.5637376464816888,-3.0845545954058085,1.6080651205393204,0.7984557611256669,-0.7873021628376797,-1.5634507273873728,-3.0822870616227975,18.949928955672412,37.899857911344824,,,,,,
2026-10-05,RADL19,RAIA DROGASIL S/A,RAIA DROGASIL S/A,Raia Drogasil,CVM FRE,DI_MAIS,N,Quirografária,S,RAIA DROGASIL S/A,61585865000151,0.4676,0.0243,1071.215518,2031-04-22,,,3.0414,ok DI+,ok DI+,46.760000000000005,10,3.0442451106196566,0.09354608468655075,3.03007647303176,14.192414257249157,3.1024461892364963,1.5329531733433654,-1.4974691394518125,-2.9604740508491267,-5.786998784383435,3.101038544318006,1.5327787543374418,-1.4972977186943188,-2.9591144017455147,-5.776304660918538,7.715976876519889,15.431953753039778,,,,,,
2026-10-05,RADLA0,RAIA DROGASIL S/A,RAIA DROGASIL S/A,Raia Drogasil,CVM FRE,DI_MAIS,N,Quirografária,S,RAIA DROGASIL S/A,61585865000151,0.5,0.0,1071.304959,2032-04-15,,,3.5798,ok DI+,ok DI+,50.0,12,3.5804665404884015,0.018619489591637065,3.562653274117813,19.47658556339038,3.662253329388432,1.805946781890344,-1.757250008809108,-3.4674024854135066,-6.7525095092219605,3.6600362019347648,1.8056723690131444,-1.7569809051046683,-3.465270346300861,-6.735774836967819,7.0172419476297545,14.034483895259509,,,,,,
2026-10-05,RADLA1,RAIA DROGASIL S/A,RAIA DROGASIL S/A,Raia Drogasil,CVM FRE,DI_MAIS,N,Quirografária,S,RAIA DROGASIL S/A,61585865000151,0.5007,0.002,1054.739831,2032-11-10,,,3.915,ok DI+,ok DI+,50.07,13,3.9118168512540983,-0.08130648137680087,3.892327965132679,23.006640685713347,4.01017580886891,1.9752704223375162,-1.9177466490366446,-3.7799945931582757,-7.34568753272783,4.007361168561245,1.974922283423481,-1.917405681709198,-3.777294761704112,-7.324523116551091,6.4318834960112685,12.863766992022537,,,,,,
2026-10-05,RAIZ14,RAIZEN S.A.,RAIZEN S.A.,Rumo,CVM FRE,DI_MAIS,N,Quirografária,S,RAIZEN S.A.,33453598000123,,,492.205086,2030-07-15,,,,fora do escopo (não IPCA+ nem DI+),,,,,,,,,,,,,,,,,,,,,,,,,
2026-10-05,RDORA5,REDE DOR SÃO LUIZ S/A,REDE DOR SAO LUIZ S/A,Rede Dor,CVM FRE,DI_MAIS,N,Quirografária,S,REDE DOR SAO LUIZ S/A,06047087000139,1.1447,0.0206,1110.71326,2032-10-15,,,3.9582,ok DI+,ok DI+,114.47,13,3.9555107327664785,-0.06794167130316045,3.91074444114865,23.894078230054973,4.033230205488492,1.98561268200943,-1.9258696067140813,-3.7941632777545475,-7.366244604904503,4.030214832298925,1.985239818361894,-1.9255046227867563,-3.7912740499983757,-7.3436073176962005,14.635320937307053,29.270641874614107,,,,,,
2026-10-05,RDORB3,REDE DOR SÃO LUIZ S/A,REDE DOR SAO LUIZ S/A,Rede Dor,CVM FRE,DI_MAIS,N,Quirografária,S,REDE DOR SAO LUIZ S/A,06047087000139,0.9931,0.0453,1092.637256,2032-05-15,,,3.3093,ok DI+,ok DI+,99.31,12,3.3090369465048424,-0.007948916543001215,3.2764980444256513,16.773411420096107,3.3621856412822337,1.6594411903638528,-1.617503448459523,-3.1943840791865075,-6.231296344098336,3.3603651015261318,1.6592157864879455,-1.6172822579377057,-3.192630987325171,-6.217527860449381,15.154899934849253,30.309799869698505,,,,,,
2026-10-05,RDORB5,REDE DOR SÃO LUIZ S/A,REDE DOR SAO LUIZ S/A,Rede Dor,CVM FRE,DI_MAIS,N,Quirografária,S,REDE DOR SAO LUIZ S/A,06047087000139,1.0255,0.0232,1111.231758,2032-10-15,,,3.7353,ok DI+,ok DI+,102.55,13,3.734303851853413,-0.026668491060616733,3.696397297566865,21.337555508995315,3.805646145042485,1.8751874219082643,-1.8218371090870433,-3.5921677497066207,-6.985320048422439,3.8030850751118415,1.8748705931696765,-1.8215267043971881,-3.589709520021888,-6.966043484953824,13.8716149461941,27.7432298923882,,,,,,
2026-10-05,RDORB9,REDE DOR SÃO LUIZ S/A,REDE DOR SAO LUIZ S/A,Rede Dor,CVM FRE,DI_MAIS,N,Quirografária,S,REDE DOR SAO LUIZ S/A,06047087000139,0.9971,0.0414,1046.061781,2031-08-20,,,3.0204,ok DI+,ok DI+,99.71000000000001,10,3.018737102836386,-0.055055527864326534,2.9889344375594806,13.629181532227342,3.058418549193642,1.511669511790803,-1.4775937104156367,-2.922081152231637,-5.715452397926047,3.0570803452206174,1.5115036956950245,-1.477430741864456,-2.920788529898344,-5.705285244474415,16.679857334277134,33.35971466855427,,,,,,
2026-10-05,RDORC3,REDE DOR SÃO LUIZ S/A,REDE DOR SAO LUIZ S/A,Rede Dor,CVM FRE,DI_MAIS,N,Quirografária,S,REDE DOR SAO LUIZ S/A,06047087000139,1.0353,0.0507,1091.12798,2032-05-15,,,3.3081,ok DI+,ok DI+,103.53000000000002,12,3.307846362670149,-0.0076671602989919615,3.2739511464509423,16.751392882731036,3.3595253538583947,1.6581398110307344,-1.616257125094489,-3.1919441304848473,-6.226618346775026,3.3577081108645976,1.6579148143288849,-1.6160363321220574,-3.190194182037287,-6.212874435247264,15.81117056560687,31.62234113121374,,,,,,
2026-10-05,RDORC4,REDE DOR SÃO LUIZ S/A,REDE DOR SAO LUIZ S/A,Rede Dor,CVM FRE,DI_MAIS,N,Quirografária,S,REDE DOR SAO LUIZ S/A,06047087000139,0.373,0.0278,1010.030706,2027-09-15,,,0.9053,ok DI+,ok DI+,37.3,2,0.9055972690549461,0.032836524350612184,0.9022319439041835,1.7275374229451295,0.9109543827070965,0.45328593560707287,-0.4489669894714332,-0.8936773665907172,-1.770571638958085,0.910869631018909,0.4532753937307732,-0.4489565501734103,-0.8935942567894579,-1.7699131393494643,20.670959530979115,41.34191906195823,,,,,,
2026-10-05,RDORC7,REDE DOR SÃO LUIZ S/A,REDE DOR SAO LUIZ S/A,Rede Dor,CVM FRE,DI_MAIS,N,Quirografária,S,REDE DOR SAO LUIZ S/A,06047087000139,0.4833,0.037,1046.247727,2029-06-20,,,1.477,ok DI+,ok DI+,48.330000000000005,6,1.478362632699049,0.09225678395727932,1.4712520714377901,4.31618043783085,1.493133110546352,0.741058532047778,-0.7302675977498674,-1.4499635721582305,-2.858489956920429,1.4928329736269446,0.7410212612661836,-0.7302308101716065,-1.449671169248636,-2.8561805341189634,16.424785710843288,32.849571421686576,,,,,,
2026-10-05,RDORC9,REDE DOR SÃO LUIZ S/A,REDE DOR SAO LUIZ S/A,Rede Dor,CVM FRE,DI_MAIS,N,Quirografária,S,REDE DOR SAO LUIZ S/A,06047087000139,0.9919,0.0432,1046.224473,2031-08-20,,,3.0204,ok DI+,ok DI+,99.19000000000001,10,3.0188282773971884,-0.052036902490119726,2.9891786147178023,13.631166421883098,3.0586729261488976,1.5117941154706216,-1.4777133513062757,-2.9223156690646457,-5.71590312086,3.0573344468272174,1.511628265386255,-1.4775503493315472,-2.9210227826083868,-5.7057339009979415,16.591514389875993,33.183028779751986,,,,,,
2026-10-05,RDORD3,REDE DOR SÃO LUIZ S/A,REDE DOR SAO LUIZ S/A,Rede Dor,CVM FRE,DI_MAIS,N,Quirografária,S,REDE DOR SAO LUIZ S/A,06047087000139,1.0362,0.0505,1097.76944,2034-05-05,,,4.625,ok DI+,ok DI+,103.61999999999999,16,4.6151880420661575,-0.21215044181281048,4.5678559190331365,32.87896078066145,4.737127076491543,2.325628593197293,-2.2434164741126694,-4.408101845978873,-8.514375779395156,4.7322507229364446,2.3250266604923953,-2.2428292585407417,-4.403461115129829,-8.478132622453046,11.342301709675302,22.684603419350605,,,,,,
2026-10-05,RDORD4,REDE DOR SÃO LUIZ S/A,REDE DOR SAO LUIZ S/A,Rede Dor,CVM FRE,DI_MAIS,N,Quirografária,S,REDE DOR SAO LUIZ S/A,06047087000139,0.9449,0.0267,1013.534622,2031-09-15,,,3.7211,ok DI+,ok DI+,94.49,10,3.7156165414084246,-0.14736122629263618,3.6808363190299107,19.642569896250563,3.781226594795095,1.8652409433381534,-1.816129441966119,-3.584719628075528,-6.98528173290891,3.779049168511164,1.8649713718852685,-1.8158649471446422,-3.5826234695486576,-6.968821240134809,12.835398237010299,25.670796474020598,,,,,,
2026-10-05,RDORD7,REDE DOR SÃO LUIZ S/A,REDE DOR SAO LUIZ S/A,Rede Dor,CVM FRE,DI_MAIS,N,Quirografária,S,REDE DOR SAO LUIZ S/A,06047087000139,0.9669,0.0848,1035.911925,2030-02-20,,,2.3945,ok DI+,ok DI+,96.69000000000001,7,2.395090066386395,0.024642571993959507,2.372153712143678,8.754945322266892,2.4166396558033876,1.197108783673806,-1.1752201359016445,-2.3290696411098044,-4.574654824785185,2.415928438755013,1.1970205377246725,-1.1751331744190054,-2.3283789855323436,-4.569208517842018,20.380213875900726,40.76042775180145,,,,,,
2026-10-05,RDORE4,REDE DOR SÃO LUIZ S/A,REDE DOR SAO LUIZ S/A,Rede Dor,CVM FRE,DI_MAIS,N,Quirografária,S,REDE DOR SAO LUIZ S/A,06047087000139,1.1345,0.0985,1016.199157,2034-09-15,,,5.037,ok DI+,ok DI+,113.45,16,5.018036790045765,-0.3764782599609833,4.961745784124869,36.973818111676714,5.152289675222432,2.5277903729228335,-2.4353381691521903,-4.782268772548825,-9.226094752457826,5.1466148746832525,2.52709016470203,-2.4346556194228386,-4.776876693566485,-9.184015206016202,11.432468019923943,22.864936039847887,,,,,,
2026-10-05,RDORF1,REDE DOR SÃO LUIZ S/A,REDE DOR SAO LUIZ S/A,Rede Dor,CVM FRE,DI_MAIS,N,Quirografária,S,REDE DOR SAO LUIZ S/A,06047087000139,1.03,0.0345,1041.000225,2033-06-10,,,4.1815,ok DI+,ok DI+,103.0,14,4.174376683053677,-0.170353149499522,4.131818947890406,25.940705895062095,4.264888286088553,2.098751427960033,-2.0338906324585793,-4.0053366526664576,-7.770048339883273,4.261522477365717,2.0983353563140303,-2.0334835915763754,-4.002115418415095,-7.74482377787957,12.464244113671654,24.92848822734331,,,,,,
2026-10-05,RDORF8,REDE DOR SÃO LUIZ S/A,REDE DOR SAO LUIZ S/A,Rede Dor,CVM FRE,DI_MAIS,N,Quirografária,S,REDE DOR SAO LUIZ S/A,06047087000139,1.1281,0.0768,1057.10883,2035-11-20,,,4.864,ok DI+,ok DI+,112.81000000000002,19,4.850347348938003,-0.2806877274259202,4.796240954727719,36.37652620518492,4.983840639968773,2.444296305986149,-2.353336733967615,-4.619783076933659,-8.907258664214645,4.978123585753644,2.4435911351203408,-2.3526498196073784,-4.614358323701795,-8.864951385351741,11.7602515245613,23.5205030491226,,,,,,
2026-10-05,RDORG6,REDE DOR SÃO LUIZ S/A,REDE DOR SAO LUIZ S/A,Rede Dor,CVM FRE,DI_MAIS,N,Quirografária,S,REDE DOR SAO LUIZ S/A,06047087000139,1.0045,0.0288,1017.088709,2032-08-20,,,4.1652,ok DI+,ok DI+,100.45,12,4.1560566709821565,-0.21951716647083203,4.114724265732869,24.870133734820836,4.2421745671627376,2.0888331331156307,-2.026649793957147,-3.993345083190747,-7.755333337921256,4.239074934406974,2.0884498000349607,-2.0262744656979086,-3.9903735970587646,-7.732045856769322,12.20616419386111,24.41232838772222,,,,,,
2026-10-05,RDORG9,REDE DOR SÃO LUIZ S/A,REDE DOR SAO LUIZ S/A,Rede Dor,CVM FRE,DI_MAIS,N,Quirografária,S,REDE DOR SAO LUIZ S/A,06047087000139,1.1004,0.0014,1044.958908,2036-01-10,,,5.0046,ok DI+,ok DI+,110.03999999999999,19,4.986696650326744,-0.3577378746204718,4.932420297374436,37.806933965297006,5.127464081301292,2.5142099048143463,-2.419673182369042,-4.749084329714403,-9.153134007297902,5.121454967200921,2.513468816143839,-2.4189514812305966,-4.743385627547951,-9.108701915442932,11.154767169636285,22.30953433927257,,,,,,
2026-10-05,RDORH6,REDE DOR SÃO LUIZ S/A,REDE DOR SAO LUIZ S/A,Rede Dor,CVM FRE,DI_MAIS,N,Quirografária,S,REDE DOR SAO LUIZ S/A,06047087000139,1.0671,0.0342,1021.610937,2035-08-20,,,4.965,ok DI+,ok DI+,106.71,18,4.946993835933944,-0.36266191472418124,4.894761832420188,36.395107021762186,5.082342438546217,2.493566331577801,-2.402560989056124,-4.718109980607066,-9.103159699007923,5.076737367528999,2.492874799987297,-2.4018870324328914,-4.712786297311377,-9.061621524405131,10.900428218305958,21.800856436611916,,,,,,
2026-10-05,RDORI6,REDE DOR SÃO LUIZ S/A,REDE DOR SAO LUIZ S/A,Rede Dor,CVM FRE,DI_MAIS,N,Quirografária,S,REDE DOR SAO LUIZ S/A,06047087000139,1.1991,0.0964,1040.061681,2040-08-20,,,6.2392,ok DI+,ok DI+,119.91,28,6.198857677777407,-0.6465944708070486,6.125407911510484,62.12059426552386,6.449418915618321,3.1420005842200727,-2.9866416691153197,-5.827293217786722,-11.104957241520076,6.436010882838104,3.140354698587147,-2.9850532129233374,-5.814804940182865,-11.008403937710492,9.787919574684375,19.57583914936875,,,,,,
2026-10-05,RECV12,PETRORECONCAVO S.A.,PETRORECONCAVO S.A.,Petroreconcavo,inferido,DI_MAIS,N,Quirografária,S,PETRORECONCAVO S.A.,03342704000130,0.8103,0.1094,1077.672656,2029-10-15,,,2.0555,ok DI+,ok DI+,81.03000000000002,7,2.059689089814462,0.20379906662429145,2.0431335784284563,6.9828991596147,2.0785811780341445,1.0303615838137992,-1.0129034200926812,-2.008737528141824,-3.950700367933535,2.0780480742265297,1.0302954131637465,-1.0128381652647098,-2.0082190826303825,-3.9466091736646183,19.829834146802803,39.659668293605606,,,,,,
2026-10-05,RECV13,PETRORECONCAVO S.A.,PETRORECONCAVO S.A.,Petroreconcavo,inferido,DI_MAIS,N,Quirografária,S,PETRORECONCAVO S.A.,03342704000130,0.6121,0.0528,1054.246274,2032-07-04,,,3.4999,ok DI+,ok DI+,61.209999999999994,12,3.4967868729548974,-0.0889490284037361,3.4755132563130053,18.303613405481943,3.569066589811354,1.760888083558254,-1.7151242431563518,-3.3859535046388833,-6.600328689526281,3.5670313233404145,1.760636144913355,-1.71487711139965,-3.3839951892855957,-6.5849542445163705,8.805893617124994,17.611787234249988,,,,,,
2026-10-05,RENTA5,LOCALIZA RENT A CAR,LOCALIZA RENT A CAR S/A,Localiza,inferido,DI_MAIS,N,Quirografária,S,LOCALIZA RENT A CAR S/A,16670085000155,1.2808,0.0311,1067.247103,2033-08-11,,,4.0274,ok DI+,ok DI+,128.08,14,4.019004163773036,-0.20846790055530293,3.968179717945589,23.791212219450845,4.090119100162037,2.01419776431353,-1.9547119199567087,-3.8520818867970097,-7.482928703035386,4.0871357790428435,2.013828874247108,-1.954350843698481,-3.849223656848335,-7.460535191502162,16.138381966519116,32.27676393303823,,,,,,
2026-10-05,RENTC4,LOCALIZA RENT A CAR,LOCALIZA RENT A CAR S/A,Localiza,inferido,DI_MAIS,N,Quirografária,S,LOCALIZA RENT A CAR S/A,16670085000155,1.312,0.1334,1067.007547,2028-11-25,,,1.8072,ok DI+,ok DI+,131.2,5,1.8097276769070927,0.1398670267315609,1.7862915320071586,5.3293151542236865,1.8132983041085238,0.8998521510865665,-0.8865283068261953,-1.7599962473469066,-3.4687727182047823,1.812938107778277,0.8998074099463589,-0.8864841220607995,-1.75964495623604,-3.465996760929843,36.72412863441661,73.44825726883322,,,,,,
2026-10-05,RENTC8,LOCALIZA RENT A CAR,LOCALIZA RENT A CAR S/A,Localiza,inferido,DI_MAIS,N,Quirografária,S,LOCALIZA RENT A CAR S/A,16670085000155,1.3002,0.2365,1026.73271,2029-02-27,,,2.064,ok DI+,ok DI+,130.02,5,2.0649027779344236,0.04373924100889071,2.038399507537422,6.528395186702247,2.0715080875657543,1.0274181890731482,-1.011096447466453,-2.0062120724080867,-3.9498209407371365,2.071041483470933,1.0273602477520887,-1.0110392597853333,-2.0057575316039107,-3.9462311113407993,31.89266861555426,63.78533723110852,,,,,,
2026-10-05,RENTD0,LOCALIZA RENT A CAR,LOCALIZA RENT A CAR S/A,Localiza,inferido,DI_MAIS,N,Quirografária,S,LOCALIZA RENT A CAR S/A,16670085000155,1.1015,0.0795,1062.07325,2030-12-10,,,2.8417,ok DI+,ok DI+,110.14999999999999,9,2.8429653908947565,0.044529362520907737,2.811991306651985,12.21525958660719,2.874204043100792,1.421405608281523,-1.3908651651660442,-2.7520147243928594,-5.388334763074331,2.873067604585021,1.4212647278092514,-1.3907265788427334,-2.7509150087189487,-5.379677421571826,19.58576467491766,39.17152934983532,,,,,,
2026-10-05,RENTD5,LOCALIZA RENT A CAR,LOCALIZA RENT A CAR S/A,Localiza,inferido,DI_MAIS,N,Quirografária,S,LOCALIZA RENT A CAR S/A,16670085000155,1.0693,0.1075,1018.394326,2031-08-27,,,3.375,ok DI+,ok DI+,106.92999999999999,10,3.3719030726694488,-0.09176080979411036,3.336228778342631,16.414852654562985,3.420003994949772,1.688843646471283,-1.6478027565477449,-3.2557953049534794,-6.357057703058466,3.4183030416154456,1.6886329549895192,-1.6475958233531116,-3.254154515069816,-6.344160503594002,16.025579644619064,32.05115928923813,,,,,,
2026-10-05,RENTD9,LOCALIZA RENT A CAR,LOCALIZA RENT A CAR S/A,Localiza,inferido,DI_MAIS,N,Quirografária,S,LOCALIZA RENT A CAR S/A,16670085000155,1.247,0.0904,1090.28703,2030-04-16,,,2.6829,ok DI+,ok DI+,124.70000000000002,8,2.687051492440465,0.15473899289817317,2.653956652977832,11.063150037042194,2.7102567797944177,1.3409293377388387,-1.3132695592341426,-2.5995948118757606,-5.0941648868155,2.709272403163043,1.3408072640352187,-1.3131493889426133,-2.5986409027926207,-5.086650305214819,23.493224702837985,46.98644940567597,,,,,,
2026-10-05,RENTE2,LOCALIZA RENT A CAR,LOCALIZA RENT A CAR S/A,Localiza,inferido,DI_MAIS,N,Quirografária,S,LOCALIZA RENT A CAR S/A,16670085000155,1.055,0.0827,1060.440787,2030-05-20,,,2.7989,ok DI+,ok DI+,105.49999999999999,8,2.801398263328901,0.08925875625785194,2.77215205910534,11.80162934814803,2.8322294592965314,1.4009606491238724,-1.3714544766887715,-2.7141795656854817,-5.3164281441593575,2.83116020584608,1.4008280662378552,-1.371323992867485,-2.7131439123646,-5.308271531247719,19.02853771196955,38.0570754239391,,,,,,
2026-10-05,RENTE3,LOCALIZA RENT A CAR,LOCALIZA RENT A CAR S/A,Localiza,inferido,DI_MAIS,N,Quirografária,S,LOCALIZA RENT A CAR S/A,16670085000155,1.1213,0.0664,1033.876077,2031-07-17,,,2.9423,ok DI+,ok DI+,112.13,10,2.9416137144794723,-0.023324797625246564,2.9089951518418697,13.059485414309277,2.9755572345082193,1.4709786520442858,-1.4383272792512725,-2.8449198120979458,-5.5664148750998566,2.974292578913416,1.4708219326888214,-1.4381732191530483,-2.843697724770323,-5.556800595397553,19.272978150032902,38.545956300065804,,,,,,
2026-10-05,RENTE4,LOCALIZA RENT A CAR,LOCALIZA RENT A CAR S/A,Localiza,inferido,DI_MAIS,N,Quirografária,S,LOCALIZA RENT A CAR S/A,16670085000155,1.219,0.0718,1028.133841,2032-08-01,,,3.5565,ok DI+,ok DI+,121.9,12,3.5521884365172394,-0.12123052109548291,3.509408743928748,18.533783765853126,3.6041434762984492,1.7781273175274892,-1.7317879711046258,-3.418727405765487,-6.663745532025622,3.6020776627580133,1.7778716016716902,-1.7315371422570576,-3.4167398250994823,-6.648141812540433,17.367597919576358,34.735195839152716,,,,,,
2026-10-05,RENTE5,LOCALIZA RENT A CAR,LOCALIZA RENT A CAR S/A,Localiza,inferido,DI_MAIS,N,Quirografária,S,LOCALIZA RENT A CAR S/A,16670085000155,1.2465,0.0684,1016.055486,2032-08-27,,,3.9065,ok DI+,ok DI+,124.64999999999999,12,3.8993174424488033,-0.18386170616143777,3.8513108526702684,21.856695849316857,3.963174010367232,1.95329547821943,-1.8986473650571267,-3.7445050204765074,-7.284922447829711,3.960594331916853,1.9529762961467805,-1.8983345565234881,-3.742027373423684,-7.2654877883542,16.182801748341756,32.36560349668351,,,,,,
2026-10-05,RENTE9,LOCALIZA RENT A CAR,LOCALIZA RENT A CAR S/A,Localiza,inferido,DI_MAIS,N,Quirografária,S,LOCALIZA RENT A CAR S/A,16670085000155,1.2503,0.0784,1114.354935,2034-04-16,,,4.1368,ok DI+,ok DI+,125.03,16,4.132232828290777,-0.11040349326103766,4.0812055157276355,26.451394344689852,4.217030487794982,2.0741078624791243,-2.0079694194331865,-3.952357134125739,-7.660052056036171,4.213462487451084,2.07366700079468,-2.007538514932955,-3.9489485440041863,-7.633383144561473,15.317777984737004,30.63555596947401,,,,,,
2026-10-05,RENTF2,LOCALIZA RENT A CAR,LOCALIZA RENT A CAR S/A,Localiza,inferido,DI_MAIS,N,Quirografária,S,LOCALIZA RENT A CAR S/A,16670085000155,1.2366,0.0437,1063.588039,2032-05-20,,,3.8619,ok DI+,ok DI+,123.65999999999998,12,3.8581333727317975,-0.09753300883509225,3.811006466763796,22.185215600671196,3.924603253643677,1.9335651492185857,-1.8780954188800325,-3.7026439762930297,-7.198411748675371,3.921932544767152,1.9332347528827372,-1.8777717138810588,-3.7000803887604397,-7.178308621514168,16.22406063574706,32.44812127149412,,,,,,
2026-10-05,RENTH7,LOCALIZA RENT A CAR,LOCALIZA RENT A CAR S/A,Localiza,inferido,DI_MAIS,N,Quirografária,S,LOCALIZA RENT A CAR S/A,16670085000155,1.2988,0.0422,1037.855093,2033-06-23,,,4.1921,ok DI+,ok DI+,129.88,14,4.1836849668921205,-0.20073550506618135,4.130043955991701,25.87958592232384,4.262797071570756,2.097786221111342,-2.033078258365406,-4.003857162331903,-7.767641931304336,4.259441885603319,2.097371460398755,-2.0326724955929456,-4.000646026380081,-7.742496193536924,15.72380359433891,31.44760718867782,,,,,,
2026-10-05,RENTQ8,LOCALIZA RENT A CAR,LOCALIZA RENT A CAR S/A,Localiza,inferido,DI_MAIS,N,Quirografária,S,LOCALIZA RENT A CAR S/A,16670085000155,1.3769,0.045,1026.737364,2033-07-14,,,4.2463,ok DI+,ok DI+,137.69,14,4.236712826285564,-0.22577711688847976,4.179169836802629,26.3357821391189,4.314282074077114,2.1229290425390124,-2.0570803345520416,-4.050776126221756,-7.85734705728296,4.310848747498223,2.122504646075213,-2.056665190727416,-4.047490926107035,-7.83162403082288,16.473367364431272,32.946734728862545,,,,,,
2026-10-05,RNDNA0,RANDON S.A. IMPLEMENTOS E PARTICIPACOES,RANDONCORP S.A.,Randoncorp,inferido,DI_MAIS,N,Quirografária,S,RANDONCORP S.A.,89086144001198,1.5898,0.062,1060.861902,2027-11-09,,,0.9831,ok DI+,ok DI+,158.98000000000002,3,0.9847458783925561,0.16741718976260236,0.9693353844505611,1.9649429525926978,0.9792599501310839,0.48713628944068166,-0.4822238084213004,-0.959608540889878,-1.9001471904991463,0.9791600992135246,0.4871238709160214,-0.4822115135345397,-0.9595106696875976,-1.8993719098492683,82.00464078287676,164.00928156575353,,,,,,
2026-10-05,RNDNA1,RANDON S.A. IMPLEMENTOS E PARTICIPACOES,RANDONCORP S.A.,Randoncorp,inferido,DI_MAIS,N,Quirografária,S,RANDONCORP S.A.,89086144001198,1.9378,0.0176,1030.819477,2031-05-17,,,3.3453,ok DI+,ok DI+,193.78,10,3.345473771468033,0.005194495801070533,3.281877548336371,16.451338906609095,3.365856588224103,1.661716281962966,-1.6205841146096356,-3.201282051668919,-6.247785035761533,3.364134242869417,1.661502947801447,-1.6203746005349244,-3.1996208538033253,-6.234728318540561,29.522734645939142,59.045469291878284,,,,,,
2026-10-05,RNDNA2,RANDON S.A. IMPLEMENTOS E PARTICIPACOES,RANDONCORP S.A.,Randoncorp,inferido,DI_MAIS,N,Quirografária,S,RANDONCORP S.A.,89086144001198,1.9461,0.1684,994.500125,2030-07-25,,,2.9927,ok DI+,ok DI+,194.60999999999999,8,2.9924041670317685,-0.009885152812899969,2.9352806699145613,12.84104659544625,3.0006757582888843,1.4838391584147237,-1.4517341642766635,-2.872227232687541,-5.622809186027855,2.9994859028917924,1.4836916432015883,-1.4515890267129727,-2.87107543693733,-5.613740407920197,33.15015187383505,66.3003037476701,,,,,,
2026-10-05,RNDNB0,RANDON S.A. IMPLEMENTOS E PARTICIPACOES,RANDONCORP S.A.,Randoncorp,inferido,DI_MAIS,N,Quirografária,S,RANDONCORP S.A.,89086144001198,1.8722,0.0702,1058.598094,2029-11-09,,,2.1053,ok DI+,ok DI+,187.22000000000003,7,2.1085682882368157,0.1552409745316855,2.0698171711583884,7.100234363639186,2.1058612369451835,1.0438512644827425,-1.0260997462967048,-2.034843970228273,-4.001796027720539,2.1053183429765845,1.0437838785337432,-1.0260332926246452,-2.0343159993401922,-3.997629655043993,45.226216742423915,90.45243348484783,,,,,,
2026-10-05,RNDNB2,RANDON S.A. IMPLEMENTOS E PARTICIPACOES,RANDONCORP S.A.,Randoncorp,inferido,DI_MAIS,N,Quirografária,S,RANDONCORP S.A.,89086144001198,1.9098,0.1534,994.996103,2032-07-25,,,4.0471,ok DI+,ok DI+,190.98,12,4.039150635038417,-0.19642126365999368,3.9634565419993137,23.444938981130708,4.083546602252719,2.011388873450226,-1.952769254117237,-3.8489807993862035,-7.4795654533548195,4.080681236904967,2.0110344447260697,-1.9524220972732436,-3.8462318470936596,-7.458014304376012,24.092606791099396,48.18521358219879,,,,,,
2026-10-05,RODB11,RODOVIAS DO BRASIL HOLDING S.A.,RODOVIAS DO BRASIL HOLDING S.A.,Isolada (a identificar),,DI_MAIS,N,Real,S,RODOVIAS DO BRASIL HOLDING S.A.,41508382000146,2.2674,0.0461,1514.634618,2030-05-10,,,2.2455,ok DI+,ok DI+,226.74,8,2.2481054694296523,0.11603070272333342,2.198262075137974,8.522877950245553,2.2416026815914147,1.1098747149812072,-1.088566156251547,-2.1563520712401196,-4.231617984201264,2.2408764648892014,1.1097846350067937,-1.0884774401311799,-2.155647685386746,-4.226066591271036,51.57255874183443,103.14511748366886,,,,,,
2026-10-05,RSAN15,COMPANHIA RIOGRANDENSE DE SANEAMENTO - CORSAN,COMPANHIA RIOGRANDENSE DE SANEAMENTO - CORSAN,Aegea,CVM FRE,DI_MAIS,N,Quirografária,S,COMPANHIA RIOGRANDENSE DE SANEAMENTO - CORSAN,92802784000190,2.3146,0.2097,1054.310371,2026-12-05,,,0.1667,ok DI+,ok DI+,231.46,1,0.16666666666666666,-0.01999600079983783,0.1628962696102674,0.18574636807740622,0.1638316083332425,0.08168114041262609,-0.08121676816539303,-0.16197404324911346,-0.3221292595014247,0.16382500145065443,0.08168031776523046,-0.08121595184503695,-0.16196753776988038,-0.3220776118589867,710.4521194800001,1420.9042389600002,,,,,,
2026-10-05,RSAN25,COMPANHIA RIOGRANDENSE DE SANEAMENTO - CORSAN,COMPANHIA RIOGRANDENSE DE SANEAMENTO - CORSAN,Aegea,CVM FRE,DI_MAIS,N,Quirografária,S,COMPANHIA RIOGRANDENSE DE SANEAMENTO - CORSAN,92802784000190,2.5284,0.1542,1062.31907,2028-12-05,,,1.8127,ok DI+,ok DI+,252.84,5,1.8148927080353248,0.12096364733959213,1.770136574876156,5.240829344421702,1.7966921461523455,0.8916629779902374,-0.87856036621492,-1.7442752351621404,-3.4381657477134175,1.7963407215982645,0.8916193241186051,-0.8785172507575508,-1.7439324281540474,-3.4354565628638776,71.4182181162178,142.8364362324356,,,,,,
2026-10-05,SAELA4,ENERGISA PARAIBA - DISTR.DE ENERGIA S/A,ENERGISA PARAIBA - DISTRIBUIDORA DE ENERGIA S/A,Energisa,CVM FRE,DI_MAIS,N,Quirografária,S,ENERGISA PARAIBA - DISTRIBUIDORA DE ENERGIA S/A,09095183000140,0.6121,0.0481,1015.591585,2029-09-04,,,2.4735,ok DI+,ok DI+,61.209999999999994,6,2.4740874095736474,0.023748112943090156,2.45903565234564,9.092628441256865,2.5052296695776466,1.2409743074847102,-1.2182414366815442,-2.414282581461613,-4.741819382679546,2.504498794551924,1.2408836117243909,-1.218152040621249,-2.4135725101393555,-4.736218735866142,12.445935857337535,24.89187171467507,,,,,,
2026-10-05,SAELB6,ENERGISA PARAIBA - DISTR.DE ENERGIA S/A,ENERGISA PARAIBA - DISTRIBUIDORA DE ENERGIA S/A,Energisa,CVM FRE,DI_MAIS,N,Quirografária,S,ENERGISA PARAIBA - DISTRIBUIDORA DE ENERGIA S/A,09095183000140,0.7562,0.0828,1011.068312,2032-03-25,,,4.0288,ok DI+,ok DI+,75.62,11,4.020766504306264,-0.19940170010266117,3.9905896652575863,22.989363098094028,4.108272193016882,2.024370011700638,-1.9668898198559992,-3.8782699599410497,-7.541997564760883,4.105536480748056,2.0240315365014108,-1.9665581287561757,-3.8756428497671163,-7.5213920685532925,9.474790236935931,18.949580473871862,,,,,,
2026-10-05,SAPRB1,COMPANHIA DE SANEAMENTO DO PARANA - SANEPAR,COMPANHIA DE SANEAMENTO  DO PARANA - SANEPAR,Sanepar,CVM FRE,DI_MAIS,N,Quirografária,S,COMPANHIA DE SANEAMENTO  DO PARANA - SANEPAR,76484013000145,0.727,0.067,516.191979,2027-01-15,,,0.2738,ok DI+,ok DI+,72.69999999999999,1,0.27380952380952384,0.003478381856774334,0.2718332957494255,0.34376465256942873,0.2735651586621035,0.13634797700603496,-0.13548855218981082,-0.27012730174595934,-0.536893113155279,0.27355211901227267,0.13634635369042455,-0.13548694205900097,-0.2701144724865784,-0.5367912984474625,133.7216616521739,267.4433233043478,,,,,,
2026-10-05,SAPRB4,COMPANHIA DE SANEAMENTO DO PARANA - SANEPAR,COMPANHIA DE SANEAMENTO  DO PARANA - SANEPAR,Sanepar,CVM FRE,DI_MAIS,N,Quirografária,S,COMPANHIA DE SANEAMENTO  DO PARANA - SANEPAR,76484013000145,0.52,0.0381,1046.857821,2030-01-15,,,2.6566,ok DI+,ok DI+,52.0,7,2.6576191640310056,0.03836347327431861,2.643871034650821,10.568337929421915,2.697620416802171,1.3352585296746433,-1.3088359795757731,-2.5919097409919933,-5.083313819885427,2.696712724297931,1.335145939737188,-1.3087250949136333,-2.591029345003712,-5.076375310713205,9.834065148882667,19.668130297765334,,,,,,
2026-10-05,SAPRC1,COMPANHIA DE SANEAMENTO DO PARANA - SANEPAR,COMPANHIA DE SANEAMENTO  DO PARANA - SANEPAR,Sanepar,CVM FRE,DI_MAIS,N,Quirografária,S,COMPANHIA DE SANEAMENTO  DO PARANA - SANEPAR,76484013000145,0.9063,0.0551,1087.988681,2028-04-15,,,1.3223,ok DI+,ok DI+,90.63,4,1.325360330125113,0.23143992476086095,1.3134564741003414,3.2174868231481617,1.3297312691502805,0.660773384621538,-0.6527294098752301,-1.297552275935987,-2.56401312427581,1.329543908216082,0.6607500955791059,-0.6527063785212354,-1.2973690399846005,-2.5625632117377193,34.50057226375829,69.00114452751659,,,,,,
2026-10-05,SBFC13,SBF COMERCIO DE PRODUTOS ESPORTIVOS S.A.,SBF COMERCIO DE PRODUTOS ESPORTIVOS S.A.,Sbf Comercio,CVM FRE,DI_MAIS,N,Quirografária,S,SBF COMERCIO DE PRODUTOS ESPORTIVOS S.A.,06347409000165,0.7776,0.0929,358.723794,2027-04-29,,,0.516,ok DI+,ok DI+,77.76,2,0.5167227155769085,0.1400611583156019,0.5127356829066266,0.7870998717841309,0.516704650330646,0.25735588128872333,-0.25538809513507843,-0.508833067575909,-1.0099901657780852,0.5166711822655473,0.2573517162930435,-0.2553839666135832,-0.508800183547706,-1.0097293683775705,75.8285434311783,151.6570868623566,,,,,,
2026-10-05,SBIOA4,SMARTFIT ESCOLA DE GINASTICA E DANCA S/A,SMARTFIT ESCOLA DE GINASTICA E DANCA S/A,Smartfit Escola,inferido,DI_MAIS,N,Quirografária,S,SMARTFIT ESCOLA DE GINASTICA E DANCA S/A,07594978000178,0.7307,0.0567,1004.33189,2031-03-15,,,3.1509,ok DI+,ok DI+,73.07000000000001,9,3.1490223947203955,-0.059589491243916534,3.126179401831215,14.353453759956487,3.1993454968855195,1.581204867657604,-1.545318297972731,-3.05576397329701,-5.975925120391523,3.1979466706309982,1.5810315181155534,-1.545147883715662,-3.0544121330314327,-5.965289728463301,11.68678930537351,23.37357861074702,,,,,,
2026-10-05,SBSPA1,CIA. DE SANEAMENTO BÁSICO DO ESTADO DE SP - SABESP,CIA SANEAMENTO BASICO EST. SP - SABESP,Sabesp,inferido,DI_MAIS,N,Quirografária,S,CIA SANEAMENTO BASICO EST. SP - SABESP,43776517000180,0.4604,0.0428,1017.264003,2029-02-20,,,2.0689,ok DI+,ok DI+,46.04,5,2.069899010537477,0.04828703840093108,2.0604128696854453,6.640243196461235,2.094091462907821,1.038566015579545,-1.0219646321865783,-2.0276766179724737,-3.9916927529102475,2.0936140856677516,1.0385067388382994,-1.0219061308471462,-2.0272116537031395,-3.988020875441666,11.172518061156532,22.345036122313065,,,,,,
2026-10-05,SBSPB1,CIA. DE SANEAMENTO BÁSICO DO ESTADO DE SP - SABESP,CIA SANEAMENTO BASICO EST. SP - SABESP,Sabesp,inferido,DI_MAIS,N,Quirografária,S,CIA SANEAMENTO BASICO EST. SP - SABESP,43776517000180,0.5436,0.0403,1034.776094,2031-02-20,,,3.0726,ok DI+,ok DI+,54.36,9,3.071311948798731,-0.04192056243146457,3.0547065639172764,13.876300143884706,3.1254294087957435,1.5448648924597297,-1.5101713453755994,-2.986621637474085,-5.842088800680456,3.1240880646366995,1.544698657138494,-1.5100079067787822,-2.9853250631978527,-5.831887124956858,8.897744981810977,17.795489963621954,,,,,,
2026-10-05,SBSPC1,CIA. DE SANEAMENTO BÁSICO DO ESTADO DE SP - SABESP,CIA SANEAMENTO BASICO EST. SP - SABESP,Sabesp,inferido,DI_MAIS,N,Quirografária,S,CIA SANEAMENTO BASICO EST. SP - SABESP,43776517000180,0.6456,0.0669,1047.259017,2034-02-20,,,4.3737,ok DI+,ok DI+,64.56,15,4.362390232830562,-0.2585858007965336,4.334407299306241,28.015187824648986,4.478244201964632,2.202687364788858,-2.1326389487190123,-4.1979250807603785,-8.136631156454222,4.474483238429486,2.2022226344339315,-2.1321846648723093,-4.1943313601829955,-8.108510842119502,7.447385021976752,14.894770043953503,,,,,,
2026-10-05,SBSPC3,CIA. DE SANEAMENTO BÁSICO DO ESTADO DE SP - SABESP,CIA SANEAMENTO BASICO EST. SP - SABESP,Sabesp,inferido,DI_MAIS,N,Quirografária,N,CIA SANEAMENTO BASICO EST. SP - SABESP,43776517000180,0.3992,0.0024,353.129094,2027-05-10,,,0.547,ok DI+,ok DI+,39.92,2,0.5476573710198054,0.12017751733187233,0.5454798155959464,0.8550904228286537,0.5497921557475749,0.27381336123573075,-0.27167559434871924,-0.541240599805104,-1.0741451796231094,0.5497552677100896,0.273808770826509,-0.2716710447694374,-0.5412043634818031,-1.0738578227353195,36.59163809424066,73.18327618848132,,,,,,
2026-10-05,SBSPD3,CIA. DE SANEAMENTO BÁSICO DO ESTADO DE SP - SABESP,CIA SANEAMENTO BASICO EST. SP - SABESP,Sabesp,inferido,DI_MAIS,N,Quirografária,S,CIA SANEAMENTO BASICO EST. SP - SABESP,43776517000180,0.6011,0.0782,1027.502187,2032-01-15,,,3.8542,ok DI+,ok DI+,60.11,11,3.8486496533206234,-0.1440077494519409,3.8256536492350715,21.55910314115966,3.9359612985584214,1.9400865768105513,-1.8861827038660017,-3.72027237341801,-7.239067984153136,3.93344916494087,1.9397757035439853,-1.8858779456910861,-3.7178581335292735,-7.22012523564695,7.856173808627294,15.712347617254588,,,,,,
2026-10-05,SBSPD7,CIA. DE SANEAMENTO BÁSICO DO ESTADO DE SP - SABESP,CIA SANEAMENTO BASICO EST. SP - SABESP,Sabesp,inferido,DI_MAIS,N,Quirografária,S,CIA SANEAMENTO BASICO EST. SP - SABESP,43776517000180,0.6415,0.0196,1058.523472,2032-11-14,,,3.9075,ok DI+,ok DI+,64.14999999999999,13,3.9040652552946753,-0.0879013360287882,3.87918031358304,22.893382951940776,3.9964456549574923,1.9685530213033875,-1.911312438064039,-3.76739774900422,-7.321536290630171,3.993647228342744,1.9682068854814458,-1.9109734281015942,-3.764713398823336,-7.300492968127265,8.268499375419246,16.536998750838492,,,,,,
2026-10-05,SBSPE7,CIA. DE SANEAMENTO BÁSICO DO ESTADO DE SP - SABESP,CIA SANEAMENTO BASICO EST. SP - SABESP,Sabesp,inferido,DI_MAIS,N,Quirografária,S,CIA SANEAMENTO BASICO EST. SP - SABESP,43776517000180,0.7215,0.0405,1066.613294,2035-11-14,,,4.9038,ok DI+,ok DI+,72.15,19,4.890388751864778,-0.2734868496925284,4.8553573485946675,37.09563811499085,5.046697818776247,2.4747712607490646,-2.3820133613186134,-4.6754403678706975,-9.01216847389492,5.040835539169622,2.4740482219410724,-2.381309126653595,-4.669879158019713,-8.968801934889518,7.429937162182622,14.859874324365244,,,,,,
2026-10-05,SBSPL8,CIA. DE SANEAMENTO BÁSICO DO ESTADO DE SP - SABESP,CIA SANEAMENTO BASICO EST. SP - SABESP,Sabesp,inferido,DI_MAIS,N,Quirografária,S,CIA SANEAMENTO BASICO EST. SP - SABESP,43776517000180,0.6771,0.0384,1016.825643,2033-02-15,,,4.4225,ok DI+,ok DI+,67.71000000000001,13,4.411119701367948,-0.2573272726297878,4.381452883891121,28.228461350405865,4.526332438093172,2.2264739271238954,-2.1558925960443176,-4.243884887262849,-8.226316873987338,4.52259519064315,2.226012018633568,-2.155440865257553,-4.240310577139092,-8.198336540774125,7.726888978875369,15.453777957750738,,,,,,
2026-10-05,SBSPM8,CIA. DE SANEAMENTO BÁSICO DO ESTADO DE SP - SABESP,CIA SANEAMENTO BASICO EST. SP - SABESP,Sabesp,inferido,DI_MAIS,N,Quirografária,S,CIA SANEAMENTO BASICO EST. SP - SABESP,43776517000180,0.7361,0.0467,1017.749012,2036-02-15,,,5.1913,ok DI+,ok DI+,73.61,19,5.170707345917899,-0.3966762483790398,5.132923893140492,40.08998556281572,5.339849019956433,2.617372845671717,-2.5171267057500057,-4.938610114263309,-9.51187407967441,5.333373820954571,2.6165744285237653,-2.5163494646167264,-4.932473965326413,-9.46404807502467,7.17037711180274,14.34075422360548,,,,,,
2026-10-05,SIMH16,SIMPAR S.A.,SIMPAR S.A.,Simpar,CVM FRE,DI_MAIS,N,Quirografária,S,SIMPAR S.A.,07415333000120,4.0457,0.0679,1027.626322,2029-12-20,,,2.4951,ok DI+,ok DI+ aprox,404.57,,,,2.3980808433217327,,2.398080843321733,1.1990404216608666,-1.1990404216608666,-2.398080843321733,-4.796161686643466,2.398080843321733,1.1990404216608666,-1.1990404216608666,-2.398080843321733,-4.796161686643466,84.35286932187087,168.70573864374174,,,,,,
2026-10-05,SLFT13,SELF IT ACADEMIAS HOLDING S.A.,SELF IT ACADEMIAS  HOLDING S.A.,Self It,inferido,DI_MAIS,N,Real,S,SELF IT ACADEMIAS  HOLDING S.A.,22902694000195,1.9592,0.0897,811.080399,2029-12-20,,,1.4581,ok DI+,ok DI+,195.92000000000002,13,1.458478447260227,0.025954822044240183,1.4304530118520222,4.5264516526342975,1.4534206028796515,0.720926197056837,-0.7096094996282054,-1.4081469891830012,-2.772951879656005,1.4530852701151937,0.720884570491804,-0.7095684413602182,-1.4078207535888507,-2.7703769906513585,68.48180205036599,136.96360410073197,,,,,,
2026-10-05,SMFT18,SMARTFIT ESCOLA DE GINASTICA E DANCA S/A,SMARTFIT ESCOLA DE GINASTICA E DANCA S/A,Smartfit Escola,inferido,DI_MAIS,N,Quirografária,S,SMARTFIT ESCOLA DE GINASTICA E DANCA S/A,07594978000178,1.3061,0.1646,1090.626719,2030-10-20,,,2.6876,ok DI+,ok DI+,130.60999999999999,9,2.6912742061916473,0.13670956212409005,2.6565766584555592,11.223040127879493,2.7137109972247275,1.342443490207157,-1.3143838740629743,-2.6014483283870016,-5.096464024813995,2.7126918590949565,1.342317129387629,-1.3142595290679302,-2.600461457816162,-5.088692514353529,24.58238868889484,49.16477737778968,,,,,,
2026-10-05,SMFTA0,SMARTFIT ESCOLA DE GINASTICA E DANCA S/A,SMARTFIT ESCOLA DE GINASTICA E DANCA S/A,Smartfit Escola,inferido,DI_MAIS,N,Quirografária,S,SMARTFIT ESCOLA DE GINASTICA E DANCA S/A,07594978000178,0.6561,0.0864,1039.619294,2029-07-18,,,1.9584,ok DI+,ok DI+,65.61,6,1.9596726563228566,0.06498449360991979,1.9468990516450135,6.256373713954568,1.9786366348404583,0.9813265725081122,-0.9656848839678656,-1.9160608232332677,-3.772173255634903,1.9781809202147862,0.9812699929649499,-0.9656290586800635,-1.9156171830752406,-3.7686706290109355,16.849872093923786,33.69974418784757,,,,,,
2026-10-05,SMFTA1,SMARTFIT ESCOLA DE GINASTICA E DANCA S/A,SMARTFIT ESCOLA DE GINASTICA E DANCA S/A,Smartfit Escola,inferido,DI_MAIS,N,Quirografária,S,SMARTFIT ESCOLA DE GINASTICA E DANCA S/A,07594978000178,0.6989,0.0697,1067.041363,2029-10-30,,,2.1043,ok DI+,ok DI+,69.89,7,2.1079188066596646,0.17197199352111114,2.093288811158478,7.2399904747760155,2.1300469451378756,1.055763672989385,-1.037662730254818,-2.0576315685422286,-4.046060006101926,2.129488763532358,1.055694393672709,-1.037594417485769,-2.057088858784598,-4.041777812821436,16.69382639114216,33.38765278228432,,,,,,
2026-10-05,SMFTA2,SMARTFIT ESCOLA DE GINASTICA E DANCA S/A,SMARTFIT ESCOLA DE GINASTICA E DANCA S/A,Smartfit Escola,inferido,DI_MAIS,N,Quirografária,S,SMARTFIT ESCOLA DE GINASTICA E DANCA S/A,07594978000178,0.7136,0.0434,1009.006512,2030-09-04,,,2.806,ok DI+,ok DI+,71.36,8,2.8055847247071397,-0.014799547143989301,2.785705927210565,11.602300362809354,2.8447578509006366,1.407484849621543,-1.3784770617507824,-2.7287022396971228,-5.347303555744243,2.843717429024611,1.4073558390587941,-1.3783500881517707,-2.727694425396518,-5.339365847164943,12.808243559192826,25.616487118385653,,,,,,
2026-10-05,SMFTA3,SMARTFIT ESCOLA DE GINASTICA E DANCA S/A,SMARTFIT ESCOLA DE GINASTICA E DANCA S/A,Smartfit Escola,inferido,DI_MAIS,N,Quirografária,S,SMARTFIT ESCOLA DE GINASTICA E DANCA S/A,07594978000178,0.7314,0.0197,1065.459766,2030-10-09,,,2.7116,ok DI+,ok DI+,73.14,9,2.7160935211185655,0.1657147484350831,2.6963722544495217,11.453940003039875,2.7546859967239268,1.3626329972907802,-1.3339960754818692,-2.640113432244906,-5.171625862747931,2.753641954464721,1.3625035522285607,-1.333868702220961,-2.6391025544343223,-5.163665708838246,13.562667372671788,27.125334745343576,,,,,,
2026-10-05,SMFTA5,SMARTFIT ESCOLA DE GINASTICA E DANCA S/A,SMARTFIT ESCOLA DE GINASTICA E DANCA S/A,Smartfit Escola,inferido,DI_MAIS,N,Quirografária,S,SMARTFIT ESCOLA DE GINASTICA E DANCA S/A,07594978000178,0.6505,0.0398,1016.826062,2031-08-20,,,3.3849,ok DI+,ok DI+,65.05,10,3.3820476677284894,-0.08426636744100578,3.36018963415829,16.600603135858748,3.4449182775129206,1.701059313265052,-1.6595539819991956,-3.2788510404762716,-6.4014495256298325,3.4431926498375836,1.7008455709989683,-1.6593440631593217,-3.2771866184789964,-6.388367205599405,9.679513224302694,19.359026448605388,,,,,,
2026-10-05,SMFTB3,SMARTFIT ESCOLA DE GINASTICA E DANCA S/A,SMARTFIT ESCOLA DE GINASTICA E DANCA S/A,Smartfit Escola,inferido,DI_MAIS,N,Quirografária,S,SMARTFIT ESCOLA DE GINASTICA E DANCA S/A,07594978000178,0.8641,0.0704,1062.9249,2032-10-09,,,3.7991,ok DI+,ok DI+,86.41,13,3.798728723845585,-0.009772739712438059,3.7661851182388832,21.903046811407258,3.878340542384029,1.910797974532108,-1.856033716187988,-3.6592037578097703,-7.114177910158681,3.8757003522959197,1.9104713676337006,-1.8557137506051824,-3.6566698841818464,-7.094309300249621,11.471820593939157,22.943641187878313,,,,,,
2026-10-05,SMFTB5,SMARTFIT ESCOLA DE GINASTICA E DANCA S/A,SMARTFIT ESCOLA DE GINASTICA E DANCA S/A,Smartfit Escola,inferido,DI_MAIS,N,Quirografária,S,SMARTFIT ESCOLA DE GINASTICA E DANCA S/A,07594978000178,0.7494,0.0717,1016.994135,2033-08-20,,,4.4168,ok DI+,ok DI+,74.94,14,4.4052566901182,-0.2613500697744941,4.372489255636461,28.21979965507883,4.517345092705893,2.2219836654331804,-2.1514238564927735,-4.234982047425683,-8.20869508951585,4.5135882539118555,2.221519377387079,-2.1509698782493825,-4.231390257361067,-8.180582518171347,8.569489325033425,17.13897865006685,,,,,,
2026-10-05,SMFTC3,SMARTFIT ESCOLA DE GINASTICA E DANCA S/A,SMARTFIT ESCOLA DE GINASTICA E DANCA S/A,Smartfit Escola,inferido,DI_MAIS,N,Quirografária,S,SMARTFIT ESCOLA DE GINASTICA E DANCA S/A,07594978000178,0.9317,0.0432,1072.664659,2035-10-09,,,4.7822,ok DI+,ok DI+,93.16999999999999,19,4.772756106846164,-0.1974800960611314,4.728698819940776,35.722863060165004,4.912896010645484,2.409691660970492,-2.3203667715009257,-4.555383481445197,-8.784272413255167,4.907313135241601,2.4090029887955944,-2.319695831145182,-4.550084504639951,-8.742940378678252,9.851547280523025,19.70309456104605,,,,,,
2026-10-05,SMFTC5,SMARTFIT ESCOLA DE GINASTICA E DANCA S/A,SMARTFIT ESCOLA DE GINASTICA E DANCA S/A,Smartfit Escola,inferido,DI_MAIS,N,Quirografária,S,SMARTFIT ESCOLA DE GINASTICA E DANCA S/A,07594978000178,1.034,0.0406,1018.196023,2036-08-20,,,5.316,ok DI+,ok DI+,103.4,20,5.292645753512395,-0.43931991135449344,5.238479871639641,42.2641394237183,5.456873696215814,2.6729418405852634,-2.5672575912206286,-5.033849615084717,-9.683777982387454,5.449800568758233,2.672070110099469,-2.566409761540173,-5.02715917452105,-9.631676954804917,9.869275298717133,19.738550597434266,,,,,,
2026-10-05,SNGO10,SANEAMENTO DE GOIÁS - SANEAGO,SANEAMENTO DE GOIAS S/A,Isolada (a identificar),,DI_MAIS,N,Real,N,SANEAMENTO DE GOIAS S/A,01616929000102,0.2897,0.0154,253.07741,2027-06-15,,,0.3411,ok DI+,ok DI+,28.970000000000002,9,0.34116257128448985,0.018343970826687726,0.34017707828868754,0.49860504615103934,0.34269091818099895,0.1707143858911131,-0.16946785071031423,-0.33770450732701907,-0.6705442877489864,0.3426701035194427,0.17071179545203255,-0.16946528283665496,-0.33768405305793237,-0.6703820556543543,42.58076432682941,85.16152865365882,,,,,,
2026-10-05,SNGOA1,SANEAMENTO DE GOIÁS - SANEAGO,SANEAMENTO DE GOIAS S/A,Isolada (a identificar),,DI_MAIS,N,Real,S,SANEAMENTO DE GOIAS S/A,01616929000102,0.3938,0.0189,652.362673,2028-08-23,,,0.8816,ok DI+,ok DI+,39.379999999999995,23,0.8821026844926811,0.05701956586673022,0.8786425899733661,1.9443156239573969,0.8884724666239796,0.4417651526373634,-0.4369042179867555,-0.8690269774051296,-1.719237548998731,0.8883641680931531,0.44175168951662985,-0.4368909004567363,-0.8689210118535792,-1.7183988674675843,22.409567012449116,44.81913402489823,,,,,,
2026-10-05,SNGOA2,SANEAMENTO DE GOIÁS - SANEAGO,SANEAMENTO DE GOIAS S/A,Isolada (a identificar),,DI_MAIS,N,Real,S,SANEAMENTO DE GOIAS S/A,01616929000102,0.5255,0.0732,954.831472,2029-07-15,,,1.2364,ok DI+,ok DI+,52.54999999999999,34,1.2369081438142193,0.041098658542492325,1.230442170209767,3.37562555280284,1.2475428097061148,0.6194682561449838,-0.6110288493209715,-1.213781062696162,-2.395086798220014,1.2473202979737812,0.6194406170458872,-0.6110015531638799,-1.213564042445753,-2.3933718293634776,21.354112071370743,42.708224142741486,,,,,,
2026-10-05,SNGOA3,SANEAMENTO DE GOIÁS - SANEAGO,SANEAMENTO DE GOIAS S/A,Isolada (a identificar),,DI_MAIS,N,Real,S,SANEAMENTO DE GOIAS S/A,01616929000102,0.5921,0.0208,1008.539084,2030-04-15,,,1.7676,ok DI+,ok DI+,59.209999999999994,43,1.7679825827978264,0.02164419539637504,1.7575759754472033,5.666683433134861,1.786333212349378,0.8859239497378324,-0.8717565167204788,-1.7296547820209396,-3.405071480949484,1.7859093926128777,0.8858713420150202,-0.8717046334321832,-1.729242558281529,-3.4018182822317096,16.844222049898697,33.688444099797394,,,,,,
2026-10-05,STBP15,SANTOS BRASIL PARTICIPAÇÕES S/A,SANTOS BRASIL PARTICIPACOES S/A,Santos Brasil,CVM FRE,DI_MAIS,N,Quirografária,S,SANTOS BRASIL PARTICIPACOES S/A,02762121000104,0.6331,0.0672,1016.32587,2029-08-15,,,2.4222,ok DI+,ok DI+,63.309999999999995,6,2.4230408943827415,0.03471614163741124,2.407797130747976,8.787628053514922,2.4524339791406113,1.2149698103331108,-1.1929995088313272,-2.364537988749893,-4.645197941108292,2.4517352710155507,1.2148831004408818,-1.1929140303070942,-2.3638589904804013,-4.639841700425654,13.146871717621183,26.293743435242366,,,,,,
2026-10-05,STBP25,SANTOS BRASIL PARTICIPAÇÕES S/A,SANTOS BRASIL PARTICIPACOES S/A,Santos Brasil,CVM FRE,DI_MAIS,N,Quirografária,S,SANTOS BRASIL PARTICIPACOES S/A,02762121000104,0.7027,0.0083,1018.474667,2031-08-15,,,3.3694,ok DI+,ok DI+,70.27,10,3.36663548372679,-0.08204773173889693,3.34314321634553,16.470504910447726,3.4272037074861705,1.6923712982078731,-1.6511912591313682,-3.262438203199769,-6.369826213727803,3.425495740897768,1.6921597393108243,-1.6509834770347052,-3.2607906917932907,-6.356876334482105,10.509570702270697,21.019141404541394,,,,,,
2026-10-05,SUMI39,GIGA MAIS FIBRA TELECOMUNICACOES S.A.,GIGA MAIS FIBRA TELECOMUNICACOES S.A.,Giga Mais,CVM FRE,DI_MAIS,N,Quirografária,S,GIGA MAIS FIBRA TELECOMUNICACOES S.A.,07714104000107,4.6462,0.1746,1022.986438,2031-04-15,,,1.8933,ok DI+,ok DI+,464.62,10,1.8965127212346977,0.16968896818770057,1.8123092106877245,6.741860054696991,1.8465948821214662,0.9146534120457295,-0.8977976576386659,-1.7791586057606001,-3.4941830977883614,1.8460185109612097,0.9145819304122336,-0.8977272802754911,-1.7785999104142396,-3.4897812202815097,128.18452757950968,256.36905515901935,,,,,,
2026-10-05,SUZBA1,SUZANO S.A.,SUZANO S.A.,Suzano,CVM FRE,DI_MAIS,N,Quirografária,S,SUZANO S.A.,16404287000155,0.5,0.0,1067.945454,2032-05-15,,,3.6538,ok DI+,ok DI+,50.0,12,3.652034368150203,-0.04832316628706341,3.633865042935526,20.065318109697067,3.7364985143216956,1.8422996651883405,-1.7921307975291678,-3.5357561296471274,-6.883826851372266,3.7341916334840115,1.8420141691048844,-1.7918508738306416,-3.5335384523870403,-6.86642372367711,6.879727151288035,13.75945430257607,,,,,,
2026-10-05,SUZBB1,SUZANO S.A.,SUZANO S.A.,Suzano,CVM FRE,DI_MAIS,N,Quirografária,S,SUZANO S.A.,16404287000155,0.5706,0.0416,1077.830585,2034-05-15,,,4.5468,ok DI+,ok DI+,57.06,16,4.537492850876604,-0.20469669049432634,4.511748812154451,31.442518272958356,4.673474967047397,2.295734905022373,-2.2171153646950326,-4.358837738269051,-8.42826372678842,4.668961403519242,2.2951775539184234,-2.2165712582360273,-4.354536220789659,-8.394647258849734,6.323490333314091,12.646980666628181,,,,,,
2026-10-05,SVEA14,SOLVI ESSENCIS AMBIENTAL S.A.,SOLVI ESSENCIS AMBIENTAL S.A.,Isolada (a identificar),,DI_MAIS,N,Quirografária,S,SOLVI ESSENCIS AMBIENTAL S.A.,40263170000183,2.2123,0.0974,935.438717,2029-04-12,,,1.0638,ok DI+,ok DI+,221.23,6,1.0661315008543386,0.2191672169898976,1.0430559735514597,2.776027807788273,1.057113738617943,0.5250200891305568,-0.5180797530446202,-1.029349195224849,-2.0319618061042988,1.0569361125904013,0.5249980215354653,-0.5180579520159946,-1.0291758345125184,-2.030591390947154,106.04895883331304,212.09791766662607,,,,,,
2026-10-05,SVEA15,SOLVI ESSENCIS AMBIENTAL S.A.,SOLVI ESSENCIS AMBIENTAL S.A.,Isolada (a identificar),,DI_MAIS,N,Quirografária,S,SOLVI ESSENCIS AMBIENTAL S.A.,40263170000183,1.8909,0.1158,1057.13692,2032-06-06,,,2.3996,ok DI+,ok DI+,189.08999999999997,12,2.399973754333334,0.015575693171120081,2.355434837000492,10.232972761157459,2.4076055786176997,1.1906332503363481,-1.165048637110333,-2.3052409310575617,-4.513844881340079,2.406599700806279,1.1905086344516929,-1.164926202548799,-2.3042699731947045,-4.506210218777834,40.13908536752284,80.27817073504568,,,,,,
2026-10-05,SVEA16,SOLVI ESSENCIS AMBIENTAL S.A.,SOLVI ESSENCIS AMBIENTAL S.A.,Isolada (a identificar),,DI_MAIS,N,Quirografária,S,SOLVI ESSENCIS AMBIENTAL S.A.,40263170000183,2.2763,0.0639,1074.887438,2035-11-12,,,4.0758,ok DI+,ok DI+,227.63,19,4.069272396095685,-0.16015515737561142,3.9787051311943085,25.841592898022707,4.111489291006265,2.022096227534398,-1.9574818859679488,-3.8529075106156774,-7.467238890216055,4.107913095684421,2.021654556719682,-1.9570505744746256,-3.8494971667041944,-7.440578404428162,28.606040469713207,57.212080939426414,,,,,,
2026-10-05,TAEEA1,TRANS. ALIANÇA DE ENERGIA ELÉTRICA S/A,TRANSMISSORA ALIANCA DE ENERGIA ELETRICA S/A,Taesa (Cemig + ISA),CVM FRE,DI_MAIS,N,Quirografária,S,TRANSMISSORA ALIANCA DE ENERGIA ELETRICA S/A,07859971000130,0.4052,0.0858,1079.258144,2028-05-15,,,1.3998,ok DI+,ok DI+,40.52,4,1.40216054390571,0.16863436960352668,1.3965019181334335,3.52775529435711,1.4143512009724635,0.702686816243725,-0.6938671325013801,-1.3790689195126826,-2.724076654903107,1.414140694605219,0.7026606531846631,-0.6938412649487704,-1.378863141661648,-2.722448730379725,14.507677889250267,29.015355778500535,,,,,,
2026-10-05,TAEEA5,TRANSMISSORA ALIANÇA DE ENERGIA ELÉTRICA S.A.,TRANSMISSORA ALIANCA DE ENERGIA ELETRICA S/A,Taesa (Cemig + ISA),CVM FRE,DI_MAIS,N,Quirografária,S,TRANSMISSORA ALIANCA DE ENERGIA ELETRICA S/A,07859971000130,0.3678,0.0803,1013.131416,2029-03-15,,,2.1358,ok DI+,ok DI+,36.78,5,2.13652273578902,0.03383911363517398,2.128693401458456,6.997266552201082,2.164190783227249,1.073156736230918,-1.0556627288880627,-2.0942046571168826,-4.121370330790297,2.1636797342194614,1.0730932839194793,-1.0556001175389766,-2.0937070686974506,-4.1174414718728904,8.63910227156257,17.27820454312514,,,,,,
2026-10-05,TAEEA6,TRANSMISSORA ALIANÇA DE ENERGIA ELÉTRICA S.A.,TRANSMISSORA ALIANCA DE ENERGIA ELETRICA S/A,Taesa (Cemig + ISA),CVM FRE,DI_MAIS,N,Quirografária,S,TRANSMISSORA ALIANCA DE ENERGIA ELETRICA S/A,07859971000130,0.35,0.0,1014.436542,2031-09-15,,,3.4688,ok DI+,ok DI+,34.99999999999999,10,3.465145758783261,-0.10534597603606646,3.4530600486131147,17.337365830513725,3.5415746349063415,1.7484280981727274,-1.7050805844453731,-3.368135359176705,-6.5732201862315325,3.539746877765683,1.7482017315946994,-1.704858317018415,-3.366373219460546,-6.559372780615955,5.06796862887707,10.13593725775414,,,,,,
2026-10-05,TAEEA9,TRANSMISSORA ALIANÇA DE ENERGIA ELÉTRICA S.A.,TRANSMISSORA ALIANCA DE ENERGIA ELETRICA S/A,Taesa (Cemig + ISA),CVM FRE,DI_MAIS,N,Quirografária,S,TRANSMISSORA ALIANCA DE ENERGIA ELETRICA S/A,07859971000130,0.4703,0.0795,1069.7904,2032-10-23,,,3.859,ok DI+,ok DI+,47.029999999999994,13,3.8571678441989117,-0.047477476058261435,3.8391124981202527,22.55342557092051,3.9546235895666637,1.9480874451875962,-1.891696922232633,-3.7289779282211666,-7.24779548612916,3.951879625974855,1.9477480310237771,-1.8913644670964755,-3.7263453702656504,-7.227156484822094,6.125113554633698,12.250227109267396,,,,,,
2026-10-05,TAEEC1,TRANS. ALIANÇA DE ENERGIA ELÉTRICA S/A,TRANSMISSORA ALIANCA DE ENERGIA ELETRICA S/A,Taesa (Cemig + ISA),CVM FRE,DI_MAIS,N,Quirografária,S,TRANSMISSORA ALIANCA DE ENERGIA ELETRICA S/A,07859971000130,0.2936,0.0054,345.353396,2027-01-15,,,0.2738,ok DI+,ok DI+,29.360000000000003,1,0.27380952380952384,0.003478381856774334,0.2730079724025499,0.34674210248088116,0.2747548928017318,0.1369390583076724,-0.13607218964137857,-0.27128725774245854,-0.5391842360092269,0.2747416829149544,0.13693741382937608,-0.13607055857317388,-0.27127426189014553,-0.5390811027554823,53.771323492173906,107.54264698434781,,,,,,
2026-10-05,TAEEE1,TRANS. ALIANÇA DE ENERGIA ELÉTRICA S/A,TRANSMISSORA ALIANCA DE ENERGIA ELETRICA S/A,Taesa (Cemig + ISA),CVM FRE,DI_MAIS,N,Quirografária,S,TRANSMISSORA ALIANCA DE ENERGIA ELETRICA S/A,07859971000130,0.4,0.0,1012.16402,2033-03-15,,,4.278,ok DI+,ok DI+,40.0,13,4.2676056742511905,-0.2429716163816983,4.250603261206365,26.23501585407864,4.385121214173915,2.158508712692364,-2.0929123468908295,-4.122629758574547,-8.001585408951161,4.381778340476758,2.158095400420781,-2.092507860785584,-4.119428181935972,-7.976506205331157,4.705214476856114,9.410428953712229,,,,,,
2026-10-05,TAEEE2,TRANSMISSORA ALIANÇA DE ENERGIA ELÉTRICA S.A.,TRANSMISSORA ALIANCA DE ENERGIA ELETRICA S/A,Taesa (Cemig + ISA),CVM FRE,DI_MAIS,N,Quirografária,S,TRANSMISSORA ALIANCA DE ENERGIA ELETRICA S/A,07859971000130,0.2101,0.0223,1036.613155,2028-01-03,,,1.2341,ok DI+,ok DI+,21.01,1,1.2341269841269842,0.0021865429855124057,1.2315395195963124,2.74564710204083,1.2454170173291423,0.6192203773843996,-0.6123560647054216,-1.2179574262595305,-2.4093231355258204,1.2452677551065165,0.6192018186757071,-0.6123377009206051,-1.217811284086108,-2.408166097151808,8.529973933311897,17.059947866623794,,,,,,
2026-10-05,TBSP12,TIM BRASIL SERVICOS E PARTICIPACOES S.A,TIM BRASIL SERVICOS E PARTICIPACOES S.A,Tim Brasil,CVM FRE,DI_MAIS,N,Quirografária,S,TIM BRASIL SERVICOS E PARTICIPACOES S.A,02600854000134,0.4745,0.0174,1034.213135,2030-07-23,,,2.6362,ok DI+,ok DI+,47.45,16,2.6364226436858837,0.00844562953810978,2.623971897034455,10.680159557780835,2.678312646569614,1.3254527147802841,-1.2987505030637836,-2.571482032743644,-5.0415169422400545,2.6773726948233594,1.3253361479644536,-1.2986357490700016,-2.5705710992455515,-5.034340602913294,9.04163646981638,18.08327293963276,,,,,,
2026-10-05,TBSP22,TIM BRASIL SERVICOS E PARTICIPACOES S.A,TIM BRASIL SERVICOS E PARTICIPACOES S.A,Tim Brasil,CVM FRE,DI_MAIS,N,Quirografária,S,TIM BRASIL SERVICOS E PARTICIPACOES S.A,02600854000134,0.55,0.0424,1040.081661,2032-07-23,,,3.7861,ok DI+,ok DI+,55.00000000000001,24,3.779635821117643,-0.17073449941514304,3.75896153268786,21.28041252122446,3.8678671503814543,1.9063910541933016,-1.8531838539995515,-3.6549642718148423,-7.111179090040675,3.8653635952939824,1.9060812819954607,-1.8528802506923994,-3.6525594700817376,-7.092314814951231,7.315850338148053,14.631700676296106,,,,,,
2026-10-05,TEPA14,BRASIL TECNOLOGIA E PARTICIPACAO S.A.,BRASIL TECNOLOGIA E PARTICIPACAO S.A.,Brasil Tecnologia,CVM FRE,DI_MAIS,N,Real,S,BRASIL TECNOLOGIA E PARTICIPACAO S.A.,35764708000101,4.1673,0.1187,996.00369,2030-12-04,,,2.1339,ok DI+,ok DI+,416.73,17,2.133958081653143,0.0027218544984782445,2.048587302976215,7.217583096943155,2.085251752900974,1.033387167858657,-1.0153421738002266,-2.013059334460998,-3.957238841561539,2.084675218460931,1.0333156303592865,-1.0152716726169286,-2.0124993874914994,-3.9528229440135676,101.71155493216447,203.42310986432895,,,,,,
2026-10-05,TFLE19,LOCALIZA FLEET S.A.,LOCALIZA FLEET S/A,Localiza,CVM FRE,DI_MAIS,N,Quirografária,S,LOCALIZA FLEET S/A,02286479000108,1.1484,0.0634,1057.342457,2030-05-28,,,2.8188,ok DI+,ok DI+,114.84000000000002,8,2.8208748346007066,0.07360701719549725,2.788847707527461,11.910801087822177,2.849483940271158,1.409446544089188,-1.3796674119738395,-2.7303418423533232,-5.347734046863817,2.8484017129665724,1.4093123551235085,-1.379535352403953,-2.7292937020883508,-5.33947939329848,20.589148645519792,41.178297291039584,,,,,,
2026-10-05,TFLEA3,LOCALIZA FLEET S.A.,LOCALIZA FLEET S/A,Localiza,CVM FRE,DI_MAIS,N,Quirografária,S,LOCALIZA FLEET S/A,02286479000108,1.2381,0.1318,1056.643999,2028-12-20,,,1.8787,ok DI+,ok DI+,123.81,5,1.8805109650528562,0.09639458417289411,1.85751309541848,5.6563450170489,1.886183419314813,0.9358752439594831,-0.9217337732249087,-1.829610234320489,-3.6048926437106554,1.8857948205037243,0.9358269789805511,-0.9216861164379287,-1.8292313703332355,-3.6018992904959815,33.32681753506205,66.6536350701241,,,,,,
2026-10-05,TFLEA4,LOCALIZA FLEET S.A.,LOCALIZA FLEET S/A,Localiza,CVM FRE,DI_MAIS,N,Quirografária,S,LOCALIZA FLEET S/A,02286479000108,1.2638,0.1168,1041.080492,2029-01-26,,,1.98,ok DI+,ok DI+,126.38,5,1.9812862734315453,0.0649633046235002,1.956559277285215,6.129034547856115,1.9876349963192208,0.9859944005484733,-0.9706711282766123,-1.9263336720995228,-3.7938520694217104,1.9872044500244954,0.9859409318274276,-0.9706183454577874,-1.9259141045459345,-3.790537863613308,32.29649146520009,64.59298293040018,,,,,,
2026-10-05,TFLEA6,LOCALIZA FLEET S.A.,LOCALIZA FLEET S/A,Localiza,CVM FRE,DI_MAIS,N,Quirografária,S,LOCALIZA FLEET S/A,02286479000108,1.1689,0.0258,1056.983295,2031-12-11,,,3.1281,ok DI+,ok DI+,116.89,11,3.1277753902399588,-0.010377218120939767,3.091637242512233,14.8361892163606,3.1673393939622985,1.564552287623866,-1.5274584595950769,-3.0189237966643856,-5.898086214828102,3.165818188594036,1.5643638577765673,-1.5272733847356657,-3.01745629643043,-5.886550700697254,18.90422304283933,37.80844608567866,,,,,,
2026-10-05,TFLEA7,LOCALIZA FLEET S.A.,LOCALIZA FLEET S/A,Localiza,CVM FRE,DI_MAIS,N,Quirografária,S,LOCALIZA FLEET S/A,02286479000108,1.0922,0.0591,1030.83562,2031-02-10,,,2.6929,ok DI+,ok DI+,109.22000000000001,9,2.692554129738872,-0.012843784066540439,2.6634637783517143,11.070033588693544,2.7198197547799285,1.3456941298262803,-1.318017038726338,-2.6090872891007866,-5.113193459091059,2.718813946295182,1.3455694311617241,-1.3178943471899902,-2.6081136104082465,-5.105526884929558,20.50337625908899,41.00675251817798,,,,,,
2026-10-05,TFLEA8,LOCALIZA FLEET S.A.,LOCALIZA FLEET S/A,Localiza,CVM FRE,DI_MAIS,N,Quirografária,S,LOCALIZA FLEET S/A,02286479000108,1.1441,0.0594,1044.46116,2030-06-20,,,2.8909,ok DI+,ok DI+,114.41,8,2.8918684400699193,0.033499604618612684,2.859156826814336,12.375104516686232,2.922169845032885,1.4451883245747865,-1.4142483032240971,-2.7983826225058017,-5.479483695989796,2.9210323493977675,1.4450472940530261,-1.4141095327613102,-2.7972813042309053,-5.470811563294948,20.007646822135893,40.015293644271786,,,,,,
2026-10-05,TFLEA9,LOCALIZA FLEET S.A.,LOCALIZA FLEET S/A,Localiza,CVM FRE,DI_MAIS,N,Quirografária,S,LOCALIZA FLEET S/A,02286479000108,1.26,0.0874,1009.369503,2032-09-09,,,3.7773,ok DI+,ok DI+,126.0,12,3.77100792542626,-0.16657598214967873,3.724084461214952,20.49773196750916,3.8289375716404894,1.8879569971253618,-1.8367069195234453,-3.623868241836481,-7.056045022040025,3.8265731210524976,1.8876643955668626,-1.8364200656480896,-3.6215958013774063,-7.0382142830797205,16.91690955350856,33.83381910701712,,,,,,
2026-10-05,TFLEB5,LOCALIZA FLEET S.A.,LOCALIZA FLEET S/A,Localiza,CVM FRE,DI_MAIS,N,Quirografária,S,LOCALIZA FLEET S/A,02286479000108,1.096,0.0556,1156.904671,2030-11-04,,,2.3231,ok DI+,ok DI+,109.60000000000001,5,2.336789134461194,0.5892615238773199,2.311455581290253,9.159835643743698,2.35805487416183,1.167276808746065,-1.1443756735577848,-2.2664317701779457,-4.445822641856578,2.3572547595089715,1.167177585199806,-1.1442779960904468,-2.2656564030715343,-4.439714449705632,23.708004792984465,47.41600958596893,,,,,,
2026-10-05,TFLEC0,LOCALIZA FLEET S.A.,LOCALIZA FLEET S/A,Localiza,CVM FRE,DI_MAIS,N,Quirografária,S,LOCALIZA FLEET S/A,02286479000108,1.0278,0.0435,1002.678039,2030-09-18,,,2.8332,ok DI+,ok DI+,102.78,8,2.8324996012849573,-0.024721117995302296,2.803683343876594,11.716103157240756,2.8633171937476165,1.4166174105832763,-1.387325086581681,-2.7461230888615296,-5.38108013135572,2.8622638596627974,1.416486800884848,-1.3871965429917459,-2.74510282809039,-5.373044624608372,18.329459392138105,36.65891878427621,,,,,,
2026-10-05,TFLED0,LOCALIZA FLEET S.A.,LOCALIZA FLEET S/A,Localiza,CVM FRE,DI_MAIS,N,Quirografária,S,LOCALIZA FLEET S/A,02286479000108,1.319,0.0792,999.445768,2032-09-18,,,3.974,ok DI+,ok DI+,131.9,12,3.9661232950044134,-0.198205963653417,3.9144911566482232,22.397732129255754,4.029142131696006,1.9855721294059103,-1.929571182173051,-3.8050588829780296,-7.401077608084405,4.026479817294502,1.9852427434856812,-1.929248413162542,-3.8025024960019445,-7.381027670711332,16.847655892131222,33.695311784262444,,,,,,
2026-10-05,TFLEE1,LOCALIZA FLEET S.A.,LOCALIZA FLEET S/A,Localiza,CVM FRE,DI_MAIS,N,Quirografária,S,LOCALIZA FLEET S/A,02286479000108,1.3408,0.0382,1025.923042,2033-07-14,,,4.2572,ok DI+,ok DI+,134.07999999999998,14,4.247374358501978,-0.23080056135539812,4.1911790300668414,26.42734406133277,4.326762570242537,2.1290497575473077,-2.062972104757854,-4.062340362572581,-7.879634623567478,4.323315750373506,2.128623695110087,-2.062555334956755,-4.059042309760178,-7.853811178907027,15.995499003756667,31.990998007513333,,,,,,
2026-10-05,TIET19,AES TIETE ENERGIA S/A,AUREN OPERACOES S.A.,Auren,CVM FRE,DI_MAIS,N,Quirografária,S,AUREN OPERACOES S.A.,00194724000113,0.5425,0.0519,216.644968,2027-03-15,,,0.4286,ok DI+,ok DI+,54.25,1,0.42857142857142855,-0.0066662222518509935,0.4262589736394346,0.6056556950103886,0.4293118442562305,0.2138896172997784,-0.2123754520444887,-0.4232548714082851,-0.8405966237340023,0.4292872521144865,0.21388655643848026,-0.2123724172009543,-0.4232306951643826,-0.8404048333786613,63.63502395833334,127.27004791666668,,,,,,
2026-10-05,TIGR12,TIGRE S.A PARTICIPACOES,TIGRE S.A PARTICIPACOES,Tigre,CVM FRE,DI_MAIS,N,Quirografária,S,TIGRE S.A PARTICIPACOES,84684455000163,1.3346,0.1334,1045.151827,2029-10-24,,,2.4373,ok DI+,ok DI+,133.46,7,2.44156165938285,0.17485165481681242,2.4094057305035497,9.128447013806761,2.4557957608741576,1.216206209413584,-1.1933837426226113,-2.364489694822458,-4.641969190113516,2.4550479655725836,1.2161134240190332,-1.1932923064845165,-2.3637634954345157,-4.636242520730964,27.695626002372745,55.39125200474549,,,,,,
2026-10-05,TIGR21,TIGRE S.A PARTICIPACOES,TIGRE S.A PARTICIPACOES,Tigre,CVM FRE,DI_MAIS,N,Quirografária,S,TIGRE S.A PARTICIPACOES,84684455000163,1.2625,0.1036,1068.974369,2028-11-10,,,1.3796,ok DI+,ok DI+,126.24999999999999,5,1.381844073968909,0.16266120389309457,1.3646157995002186,3.58573669581237,1.382769103481074,0.6868179800991525,-0.6778533083529159,-1.3469064530261199,-2.6592511393535134,1.3825444829792806,0.6867900706198748,-0.6778257288803439,-1.3466871160211569,-2.6575168650841903,46.25844140388753,92.51688280777506,,,,,,
2026-10-05,TLPP27,TELEFÔNICA BRASIL S/A,TELEFONICA BRASIL S/A,Telefonica Brasil,CVM FRE,DI_MAIS,N,Quirografária,S,TELEFONICA BRASIL S/A,02558157000162,0.6637,0.0421,1039.313344,2027-07-12,,,0.7208,ok DI+,ok DI+,66.36999999999999,2,0.7210912849251163,0.040411338112696954,0.7163369565445302,1.2396508650888012,0.7225920867691471,0.35972511809581054,-0.3566259254151549,-0.7101945294711531,-1.4083234351314422,0.7225352108699742,0.3597180418536261,-0.35661891469090407,-0.7101387022190861,-1.4078808957872844,46.32596391519149,92.65192783038297,,,,,,
2026-10-05,TOTS16,TOTVS SA,TOTVS SA,Totvs,inferido,DI_MAIS,N,Quirografária,S,TOTVS SA,53113791000122,0.6189,0.0246,1024.587836,2033-01-29,,,3.5792,ok DI+,ok DI+,61.89,13,3.574569954431042,-0.12935978902989703,3.5525830181318243,19.18069285243184,3.6506909036047697,1.8005401547584343,-1.7525830304498613,-3.4587976547867827,-6.738169992601472,3.648486482393983,1.8002673751314517,-1.7523156430003721,-3.4566795538696646,-6.721552179215011,8.710563508878355,17.42112701775671,,,,,,
2026-10-05,TOTS17,TOTVS SA,TOTVS SA,Totvs,inferido,DI_MAIS,N,Quirografária,S,TOTVS SA,53113791000122,0.5798,0.0583,1011.728009,2033-09-02,,,4.2242,ok DI+,ok DI+,57.980000000000004,14,4.214272071288575,-0.2350250630042245,4.189978575507781,25.820348915385534,4.32238828694822,2.1276736758312875,-2.063113986749665,-4.064043647814863,-7.888352234682239,4.3190803200847085,2.1272647238981226,-2.062713851609659,-4.060876830930854,-7.863550172707852,6.9188897932459525,13.837779586491905,,,,,,
2026-10-05,TRES11,TRES TENTOS AGROINDUSTRIAL S.A,TRES TENTOS AGROINDUSTRIAL S.A,Tres Tentos,CVM FRE,DI_MAIS,N,Quirografária,S,TRES TENTOS AGROINDUSTRIAL S.A,94813102000170,1.6646,0.049,1009.286897,2029-04-05,,,2.1638,ok DI+,ok DI+,166.46,5,2.164588651508915,0.036447523288419825,2.1291468726665084,6.988605414130571,2.1645988038319297,1.073372380906612,-1.055900033548074,-2.0946994021992627,-4.122434664470809,2.164089899737161,1.0733091931009175,-1.0558376795655908,-2.0942038455958554,-4.118521637050406,39.09077437000113,78.18154874000226,,,,,,
2026-10-05,TRPLA3,ISA ENERGIA BRASIL S.A.,ISA ENERGIA BRASIL S.A.,ISA,CVM FRE,DI_MAIS,N,Quirografária,S,ISA ENERGIA BRASIL S.A.,02998611000104,1.0052,0.1468,1021.906953,2030-03-15,,,2.8094,ok DI+,ok DI+,100.52,7,2.8090251465673752,-0.013342828811308062,2.7810698326099796,11.432710393736892,2.8392384422401884,1.4049504526594925,-1.376366752564695,-2.7248805383985775,-5.341161509248671,2.838233384578664,1.4048258042971609,-1.3762440283128186,-2.723906280641295,-5.333485457345221,18.072181939002938,36.144363878005876,,,,,,
2026-10-05,TRPLA5,ISA ENERGIA BRASIL S.A.,ISA ENERGIA BRASIL S.A.,ISA,CVM FRE,DI_MAIS,N,Quirografária,S,ISA ENERGIA BRASIL S.A.,02998611000104,0.6133,0.127,1010.05292,2029-03-15,,,2.1333,ok DI+,ok DI+,61.33,5,2.1340030453223164,0.03295576441739288,2.1209949830910193,6.952571215029921,2.156264280474507,1.0692510868788974,-1.0518688275065302,-2.086725262413225,-4.106832368681568,2.155757839166169,1.0691882055642972,-1.0518067775267224,-2.0862321270158697,-4.10293854188144,14.457837121005605,28.91567424201121,,,,,,
2026-10-05,TRPLA6,ISA ENERGIA BRASIL S.A.,ISA ENERGIA BRASIL S.A.,ISA,CVM FRE,DI_MAIS,N,Quirografária,S,ISA ENERGIA BRASIL S.A.,02998611000104,0.6776,0.1216,1058.593556,2031-05-20,,,3.1098,ok DI+,ok DI+ aprox,67.76,,,,3.08886981811247,,3.0888698181124696,1.5444349090562348,-1.5444349090562348,-3.0888698181124696,-6.177739636224939,3.0888698181124696,1.5444349090562348,-1.5444349090562348,-3.0888698181124696,-6.177739636224939,10.968413042639396,21.936826085278792,,,,,,
2026-10-05,TRPLB5,ISA ENERGIA BRASIL S.A.,ISA ENERGIA BRASIL S.A.,ISA,CVM FRE,DI_MAIS,N,Quirografária,S,ISA ENERGIA BRASIL S.A.,02998611000104,0.6638,0.1243,1011.890961,2031-03-17,,,3.1459,ok DI+,ok DI+,66.38,8,3.1675568354126407,0.6884146162510099,3.146669244964566,14.488614155622507,3.22052590748243,1.591620568892771,-1.5553960661013888,-3.075592264981697,-6.014313637052626,3.219112315742678,1.591445390176811,-1.5552238547877548,-3.074226174186453,-6.003566206816681,10.547660849042858,21.095321698085716,,,,,,
2026-10-05,TSSG13,TRANSPORTADORA ASSOCIADA DE GAS S.A. - TAG,TRANSPORTADORA ASSOCIADA DE GAS S.A. - TAG,Isolada (a identificar),,DI_MAIS,N,Quirografária,S,TRANSPORTADORA ASSOCIADA DE GAS S.A. - TAG,06248349000123,0.4767,0.0332,1053.904129,2029-06-20,,,2.2504,ok DI+,ok DI+,47.67,6,2.2523037937958077,0.08459801794382066,2.2416180007860604,7.868656331883388,2.28156772961563,1.1307200947657359,-1.111047411748034,-2.202864482694722,-4.330516809439611,2.2809612824454772,1.1306448208078843,-1.110973179978176,-2.202274719126643,-4.325862874934453,10.632944592540685,21.26588918508137,,,,,,
2026-10-05,TSSG14,TRANSPORTADORA ASSOCIADA DE GAS S.A. - TAG,TRANSPORTADORA ASSOCIADA DE GAS S.A. - TAG,Isolada (a identificar),,DI_MAIS,N,Quirografária,S,TRANSPORTADORA ASSOCIADA DE GAS S.A. - TAG,06248349000123,0.4005,0.0017,847.77619,2030-05-20,,,1.9913,ok DI+,ok DI+,40.05,4,1.9967640173643317,0.27439448422295304,1.9887988778585084,7.498639451722957,2.0269367124727156,1.003852686363671,-0.9851048531022921,-1.9519305529419162,-3.8325482446662673,2.0262920751171234,1.003772738243908,-0.9850261396146006,-1.9513056805998934,-3.827624966682558,10.068891441432452,20.137782882864904,,,,,,
2026-10-05,TUPW11,TUPI ENERGIAS RENOVAVEIS S.A,TUPI ENERGIAS RENOVAVEIS S.A.,Isolada (a identificar),,DI_MAIS,N,Quirografária,S,TUPI ENERGIAS RENOVAVEIS S.A.,59115685000164,6.8422,0.223,944.911217,2034-10-15,,,2.9026,ok DI+,ok DI+,684.2199999999999,17,2.903660620519278,0.03654036103073181,2.7177095010391756,13.978154603956403,2.789195869537142,1.376524869921525,-1.341575550546159,-2.6493513637687593,-5.167878660358893,2.787600274058958,1.3763274437745334,-1.3413820572646424,-2.6478187280193937,-5.155855909999223,125.88173970366839,251.76347940733677,,,,,,
2026-10-05,TUPY15,TUPY S/A,TUPY S/A,Tupy,inferido,DI_MAIS,N,Quirografária,S,TUPY S/A,84683374000300,2.0486,0.2618,1003.317831,2029-07-17,,,2.3207,ok DI+,ok DI+,204.86,6,2.322038894701693,0.05769357097827355,2.2754245474231816,8.008335284594303,2.3160830404019617,1.1477992555187555,-1.1277773602345054,-2.2359827675475175,-4.395416469878787,2.315466223846153,1.1477226928173336,-1.127701854605848,-2.23538287100021,-4.3906823891544775,45.01577523895376,90.03155047790752,,,,,,
2026-10-05,TUPY25,TUPY S/A,TUPY S/A,Tupy,inferido,DI_MAIS,N,Quirografária,S,TUPY S/A,84683374000300,2.8592,0.2017,971.795106,2031-07-17,,,3.2269,ok DI+,ok DI+,285.92,10,3.225411320871124,-0.04613341376788739,3.1357538468810997,14.835888496138672,3.211416409646728,1.5866055477971264,-1.5495126534413095,-3.0630067294699637,-5.986054792671447,3.2099332893617936,1.5864217840607233,-1.5493320628203766,-3.0615744044004067,-5.974789923839427,45.590313200824625,91.18062640164925,,,,,,
2026-10-05,TUPY35,TUPY S/A,TUPY S/A,Tupy,inferido,DI_MAIS,N,Quirografária,S,TUPY S/A,84683374000300,2.1155,0.4173,990.162734,2034-07-17,,,4.4134,ok DI+,ok DI+,211.55,16,4.40176878391459,-0.26354321125233154,4.3105784958351965,28.471324569735625,4.456843579784886,2.1913612483654976,-2.120171870562171,-4.17195316657748,-8.080914747377044,4.452935118683874,2.190878403629768,-2.119700092205429,-4.168221872986519,-8.051730500275681,24.538469744188138,49.076939488376276,,,,,,
2026-10-05,UNIP18,UNIPAR CARBOCLORO S/A,UNIPAR CARBOCLORO S/A,Unipar Carbocloro,CVM FRE,DI_MAIS,N,Quirografária,S,UNIPAR CARBOCLORO S/A,33958695000178,1.5117,0.0651,1089.313199,2030-10-16,,,2.669,ok DI+,ok DI+,151.17000000000002,9,2.6728887552813205,0.14570083481905163,2.633084418132413,11.066252996935324,2.689416045775439,1.3304990622838186,-1.302831458775222,-2.5787219667158134,-5.052473562149428,2.68841568311709,1.3303750253123758,-1.3027093928200375,-2.5777531531477367,-5.04484377632612,28.70587797318353,57.41175594636706,,,,,,
2026-10-05,UNIP19,UNIPAR CARBOCLORO S/A,UNIPAR CARBOCLORO S/A,Unipar Carbocloro,CVM FRE,DI_MAIS,N,Quirografária,S,UNIPAR CARBOCLORO S/A,33958695000178,1.2511,0.2234,1000.527404,2029-09-05,,,2.4725,ok DI+,ok DI+,125.11000000000001,6,2.4731003089287484,0.02427943088971868,2.4425416700942,8.978699521819413,2.488152655661202,1.2325832477930954,-1.210135230346543,-2.3983453543979905,-4.711008775811642,2.487435167703297,1.2324942094493743,-1.2100474606448257,-2.397648172485103,-4.705509349752012,25.610617319616697,51.221234639233394,,,,,,
2026-10-05,UNIP29,UNIPAR CARBOCLORO S/A,UNIPAR CARBOCLORO S/A,Unipar Carbocloro,CVM FRE,DI_MAIS,N,Quirografária,S,UNIPAR CARBOCLORO S/A,33958695000178,1.5056,0.1083,1000.364769,2031-09-05,,,3.394,ok DI+,ok DI+,150.56,10,3.390748277677241,-0.09580796472478062,3.340454396286748,16.42630181144506,3.424286533559995,1.6909707289812559,-1.6499012211869668,-3.2599634337400984,-6.365278306028399,3.422585905343973,1.69076007540768,-1.6496943208790675,-3.258322887229522,-6.352382756344594,22.535856224734367,45.071712449468734,,,,,,
2026-10-05,UNIP39,UNIPAR CARBOCLORO S/A,UNIPAR CARBOCLORO S/A,Unipar Carbocloro,CVM FRE,DI_MAIS,N,Quirografária,S,UNIPAR CARBOCLORO S/A,33958695000178,1.599,0.0021,1013.317951,2034-09-05,,,4.5604,ok DI+,ok DI+,159.9,16,4.546592753433068,-0.30276393664878565,4.4750369131911425,30.123207148529296,4.6298657264787435,2.275692796758011,-2.2003726476907293,-4.328439436838217,-8.379028695612433,4.625652948933789,2.275172465531233,-2.1998644476599094,-4.324420877448496,-8.347609683411699,17.86577441726347,35.73154883452694,,,,,,
2026-10-05,UNIPA0,UNIPAR CARBOCLORO S/A,UNIPAR CARBOCLORO S/A,Unipar Carbocloro,CVM FRE,DI_MAIS,N,Quirografária,S,UNIPAR CARBOCLORO S/A,33958695000178,1.5644,0.0633,1008.873598,2032-07-18,,,3.7943,ok DI+,ok DI+,156.44000000000003,12,3.7887748244643387,-0.1456177828759223,3.730416193532713,20.796830916554555,3.8368138808749563,1.8915028072710172,-1.839504855853502,-3.6287515355819866,-7.06309523863462,3.8344003481154862,1.8912041354120497,-1.8392120581206632,-3.62643203894994,-7.044895768734335,20.96816975425079,41.93633950850158,,,,,,
2026-10-05,UNIPB0,UNIPAR CARBOCLORO S/A,UNIPAR CARBOCLORO S/A,Unipar Carbocloro,CVM FRE,DI_MAIS,N,Quirografária,S,UNIPAR CARBOCLORO S/A,33958695000178,1.7091,0.179,1013.830168,2035-07-18,,,4.8027,ok DI+,ok DI+,170.91000000000003,18,4.786894039120542,-0.32910572968243007,4.706455999630851,34.30256803449042,4.883158872913085,2.396746668340488,-2.310974222534079,-4.539876613025617,-8.765368712005838,4.8779688398033025,2.3961062098585386,-2.3103497897723124,-4.534943159458399,-8.726860638571893,18.156974166273443,36.313948332546886,,,,,,
2026-10-05,UNIPC0,UNIPAR CARBOCLORO S/A,UNIPAR CARBOCLORO S/A,Unipar Carbocloro,CVM FRE,DI_MAIS,N,Quirografária,S,UNIPAR CARBOCLORO S/A,33958695000178,1.4993,0.0328,1016.955478,2032-07-18,,,3.921,ok DI+,ok DI+,149.93,6,3.916646528397689,-0.11102962515457875,3.8587916649648704,21.546351405561996,3.9690276302695615,1.956638660018406,-1.902766677987766,-3.753466408205719,-7.305537908946769,3.96652342199268,1.9563287717393876,-1.9024628932254828,-3.751059907937061,-7.286656301818501,19.427065907866908,38.854131815733815,,,,,,
2026-10-05,UQFN14,UNIÃO QUÍMICA FARMACÊUTICA NACIONAL S/A,UNIAO QUIMICA FARMACEUTICA NACIONAL S.A.,Uniao Quimica,CVM FRE,DI_MAIS,N,Quirografária,N,UNIAO QUIMICA FARMACEUTICA NACIONAL S.A.,60665981000118,0.9128,0.0605,100.71393,2026-10-15,,,0.0278,ok DI+,ok DI+,91.27999999999999,1,0.027777777777777773,-0.07993605115908474,0.027526515742084028,0.028035239349805296,0.02766763793600191,0.0137984197219998,-0.013728330752771356,-0.02738727149399489,-0.05449972719178131,0.02766669193883305,0.01379830192022927,-0.013728213821854757,-0.027386339545335002,-0.054492326697171946,1658.0376691200001,3316.0753382400003,,,,,,
2026-10-05,UQFN15,UNIÃO QUÍMICA FARMACÊUTICA NACIONAL S/A,UNIAO QUIMICA FARMACEUTICA NACIONAL S.A.,Uniao Quimica,CVM FRE,DI_MAIS,N,Quirografária,S,UNIAO QUIMICA FARMACEUTICA NACIONAL S.A.,60665981000118,2.214,0.1364,1019.877004,2031-06-13,,,2.822,ok DI+,ok DI+,221.4,10,2.8227213855061595,0.025562916589631855,2.761580004212886,12.030458214851132,2.8228667900201065,1.3959686930421045,-1.365890216782406,-2.7025248982966654,-5.291185824253242,2.8217322952871418,1.395828074875007,-1.365751929337879,-2.70142771313863,-5.28255084412875,40.08574795266598,80.17149590533197,,,,,,
2026-10-05,USIM28,USINAS SIDERURGICAS DE MINAS GERAIS S/A - USIMINAS,USINAS SIDERURGICAS DE MG S/A - USIMINAS,Usinas Siderurgicas,CVM FRE,DI_MAIS,N,Quirografária,S,USINAS SIDERURGICAS DE MG S/A - USIMINAS,60894730000105,1.2483,0.0402,1064.708301,2029-05-23,,,1.7878,ok DI+,ok DI+,124.83,6,1.7902218091929658,0.13546309391239242,1.7681499928324385,5.409315214030394,1.7955755959677022,0.8908837089534494,-0.8773598129722338,-1.741472713450376,-3.431030550765768,1.7951965689025906,0.8908366404337573,-0.8773133523986812,-1.7411034167622865,-3.428113681384269,35.29960707689512,70.59921415379024,,,,,,
2026-10-05,USIM29,USINAS SIDERURGICAS DE MINAS GERAIS S/A - USIMINAS,USINAS SIDERURGICAS DE MG S/A - USIMINAS,Usinas Siderurgicas,CVM FRE,DI_MAIS,N,Quirografária,S,USINAS SIDERURGICAS DE MG S/A - USIMINAS,60894730000105,1.2903,0.04,1057.959336,2029-12-09,,,2.1914,ok DI+,ok DI+,129.03,7,2.193582554846181,0.09959636972626405,2.1656393108186873,7.612105248421827,2.2042940127655397,1.0924085288171348,-1.0733772273171294,-2.128156338766307,-4.183593063975543,2.203699837060796,1.092334786969871,-1.0733045238488164,-2.127578784576578,-4.179036516668938,29.790279331238715,59.58055866247743,,,,,,
2026-10-05,USIM39,USINAS SIDERURGICAS DE MINAS GERAIS S/A - USIMINAS,USINAS SIDERURGICAS DE MG S/A - USIMINAS,Usinas Siderurgicas,CVM FRE,DI_MAIS,N,Quirografária,S,USINAS SIDERURGICAS DE MG S/A - USIMINAS,60894730000105,1.4448,0.0569,1069.825816,2032-12-09,,,3.6214,ok DI+,ok DI+,144.48000000000002,13,3.618282016700631,-0.0860988374487512,3.5667496182166367,19.66204157660008,3.6673399076636803,1.8082345019817758,-1.7590738181311183,-3.470630164693933,-6.757445962972774,3.665059826099637,1.8079523610790682,-1.7587972571375683,-3.468439410333636,-6.7402584049012715,20.253734557381062,40.507469114762124,,,,,,
2026-10-05,USIMA0,USINAS SIDERURGICAS DE MINAS GERAIS S/A - USIMINAS,USINAS SIDERURGICAS DE MG S/A - USIMINAS,Usinas Siderurgicas,CVM FRE,DI_MAIS,N,Quirografária,S,USINAS SIDERURGICAS DE MG S/A - USIMINAS,60894730000105,1.2717,0.0683,1007.568308,2029-09-19,,,2.4977,ok DI+,ok DI+,127.17,6,2.498048299435909,0.013944806658475794,2.466679535779402,9.129884348101038,2.513062907970487,1.2448432011970656,-1.2220171861248463,-2.4217431881536022,-4.756385769082138,2.512328957519907,1.2447521233248273,-1.2219274124545745,-2.4210301140388966,-4.750761384596783,25.777568215771055,51.55513643154211,,,,,,
2026-10-05,USIMB0,USINAS SIDERURGICAS DE MINAS GERAIS S/A - USIMINAS,USINAS SIDERURGICAS DE MG S/A - USIMINAS,Usinas Siderurgicas,CVM FRE,DI_MAIS,N,Quirografária,S,USINAS SIDERURGICAS DE MG S/A - USIMINAS,60894730000105,1.3996,0.0677,1009.09627,2031-09-19,,,3.4233,ok DI+,ok DI+,139.96,10,3.4196283648054853,-0.1072542632697842,3.3724278644151315,16.689796167122054,3.4576152835383844,1.7072915035555303,-1.6655631554595485,-3.290655570328449,-6.4242381795940995,3.455876845250742,1.707076177416468,-1.665351686998663,-3.288978883579521,-6.411059805487822,20.750629164943277,41.501258329886554,,,,,,
2026-10-05,VAMO13,"VAMOS LOCACAO DE CAMINHOES, MAQUINAS E EQUIPAMENTOS S.A.",VAMOS LOCACAO DE CAMINHOES MAQUINAS E EQUIPAMENTOS S.A.,Simpar,CVM FRE,DI_MAIS,N,Quirografária,S,VAMOS LOCACAO DE CAMINHOES MAQUINAS E EQUIPAMENTOS S.A.,23373000000132,2.6589,0.1052,1044.0892,2029-06-15,,,1.437,ok DI+,ok DI+,265.89000000000004,6,1.4383961117761856,0.09715461212147485,1.4011411692275932,3.98904220563576,1.4213563276741947,0.7055904148590475,-0.6956173854168357,-1.381459121598294,-2.724580640179053,1.4210863802557723,0.7055568873708413,-0.695584281856752,-1.3811959581994147,-2.7225014943424717,94.88337286762372,189.76674573524744,,,,,,
2026-10-05,VAMO14,"VAMOS LOCACAO DE CAMINHOES, MAQUINAS E EQUIPAMENTOS S.A.",VAMOS LOCACAO DE CAMINHOES MAQUINAS E EQUIPAMENTOS S.A.,Simpar,CVM FRE,DI_MAIS,N,Flutuante,S,VAMOS LOCACAO DE CAMINHOES MAQUINAS E EQUIPAMENTOS S.A.,23373000000132,3.5876,0.0769,1065.708611,2028-10-15,,,0.8683,ok DI+,ok DI+,358.76,5,0.8702166545464382,0.22073644436694578,0.840078015656737,2.0921117908583287,0.8506641602444187,0.4226697552688785,-0.417439297930855,-0.8297401952990335,-1.6392846880733614,0.8505385746110287,0.4226541475669414,-0.41742386808979565,-0.8296174567024454,-1.6383137954963076,213.52778748741378,427.05557497482755,,,,,,
2026-10-05,VAMO17,"VAMOS LOCACAO DE CAMINHOES, MAQUINAS E EQUIPAMENTOS S.A.",VAMOS LOCACAO DE CAMINHOES MAQUINAS E EQUIPAMENTOS S.A.,Simpar,CVM FRE,DI_MAIS,N,Quirografária,S,VAMOS LOCACAO DE CAMINHOES MAQUINAS E EQUIPAMENTOS S.A.,23373000000132,,,,2028-06-15,,,,fora do escopo (não IPCA+ nem DI+),,,,,,,,,,,,,,,,,,,,,,,,,
2026-10-05,VAMO23,"VAMOS LOCACAO DE CAMINHOES, MAQUINAS E EQUIPAMENTOS S.A.",VAMOS LOCACAO DE CAMINHOES MAQUINAS E EQUIPAMENTOS S.A.,Simpar,CVM FRE,DI_MAIS,N,Quirografária,S,VAMOS LOCACAO DE CAMINHOES MAQUINAS E EQUIPAMENTOS S.A.,23373000000132,3.2247,0.1211,1037.488498,2031-06-15,,,2.7629,ok DI+,ok DI+,322.46999999999997,10,2.763670598391383,0.027890925888842386,2.6773345898717875,11.473654639720646,2.735770207483146,1.3531416718975953,-1.3244553685907823,-2.6209989769693465,-5.1333248258583986,2.734702863070391,1.3530093632355447,-1.324325226636243,-2.6199663166731844,-5.125196086949163,60.22220779201199,120.44441558402399,,,,,,
2026-10-05,VAMO24,"VAMOS LOCACAO DE CAMINHOES, MAQUINAS E EQUIPAMENTOS S.A.",VAMOS LOCACAO DE CAMINHOES MAQUINAS E EQUIPAMENTOS S.A.,Simpar,CVM FRE,DI_MAIS,N,Flutuante,S,VAMOS LOCACAO DE CAMINHOES MAQUINAS E EQUIPAMENTOS S.A.,23373000000132,4.0339,0.0949,1042.18602,2031-10-15,,,2.8534,ok DI+,ok DI+,403.39,11,2.8566604868577303,0.1142667294361173,2.745893873879313,12.350725506764373,2.8088430073651915,1.388533498030653,-1.3576541778601015,-2.685295632023088,-5.253863208081655,2.807647501413135,1.388385343823112,-1.357508530056201,-2.684140246345491,-5.244773237623338,73.45331220505315,146.9066244101063,,,,,,
2026-10-05,VAMOA0,"VAMOS LOCACAO DE CAMINHOES, MAQUINAS E EQUIPAMENTOS S.A.",VAMOS LOCACAO DE CAMINHOES MAQUINAS E EQUIPAMENTOS S.A.,Simpar,CVM FRE,DI_MAIS,N,Quirografária,S,VAMOS LOCACAO DE CAMINHOES MAQUINAS E EQUIPAMENTOS S.A.,23373000000132,3.6866,0.0985,996.741309,2029-02-21,,,1.6483,ok DI+,ok DI+,368.65999999999997,5,1.6492674697637577,0.05869500477811146,1.5906274000341005,4.414351883222089,1.6129849020410258,0.8008671393716638,-0.7898308310237301,-1.5688345213349053,-3.0951722997664244,1.6126991594502111,0.800831639871078,-0.7897957601630227,-1.5685556406179901,-3.0929677624037595,115.88509037128887,231.77018074257774,,,,,,
2026-10-05,VAMOA1,"VAMOS LOCACAO DE CAMINHOES, MAQUINAS E EQUIPAMENTOS S.A.",VAMOS LOCACAO DE CAMINHOES MAQUINAS E EQUIPAMENTOS S.A.,Simpar,CVM FRE,DI_MAIS,N,Quirografária,S,VAMOS LOCACAO DE CAMINHOES MAQUINAS E EQUIPAMENTOS S.A.,23373000000132,3.1636,0.0721,1029.048001,2029-06-25,,,1.8589,ok DI+,ok DI+,316.36000000000007,6,1.8605890803162857,0.09086450676667243,1.8035325253444874,5.52597465971144,1.831548479798717,0.9087216773270956,-0.8949061247550683,-1.7762788762854864,-3.4995173512013644,1.8311623986430448,0.908673730996883,-0.8948587943476045,-1.7759026520459302,-3.4965455574947457,87.70565419649782,175.41130839299564,,,,,,
2026-10-05,VBBR15,VIBRA ENERGIA S.A,VIBRA ENERGIA S.A,Vibra Energia,inferido,DI_MAIS,N,Quirografária,S,VIBRA ENERGIA S.A,34274233000102,0.9193,0.0663,1012.516475,2029-10-03,,,2.1695,ok DI+,ok DI+,91.92999999999999,6,2.1701139153962536,0.028297552258743457,2.1503457865802216,7.284579944552352,2.1873208988770987,1.0843471635219482,-1.0661347704996937,-2.1144600029072147,-4.159238834779,2.186768686302983,1.0842786182208013,-1.0660671683594203,-2.1139228868574595,-4.154999974269396,21.375631903880876,42.75126380776175,,,,,,
2026-10-05,VBBR16,VIBRA ENERGIA S.A,VIBRA ENERGIA S.A,Vibra Energia,inferido,DI_MAIS,N,Quirografária,S,VIBRA ENERGIA S.A,34274233000102,0.7375,0.0417,1010.575318,2031-04-05,,,3.1949,ok DI+,ok DI+,73.75,9,3.192833298713756,-0.06468751091564262,3.1694585419667516,14.683634503520638,3.244319374034643,1.6032625846125637,-1.5665504499539518,-3.097434231928864,-6.056209106058663,3.242876714484354,1.6030838141127763,-1.5663747278539748,-3.096040369449148,-6.04524439386309,11.634479363506005,23.26895872701201,,,,,,
2026-10-05,VBBR17,VIBRA ENERGIA S.A,VIBRA ENERGIA S.A,Vibra Energia,inferido,DI_MAIS,N,Quirografária,S,VIBRA ENERGIA S.A,34274233000102,0.773,0.0263,1059.159843,2031-06-14,,,3.1662,ok DI+,ok DI+,77.3,10,3.1660235722030436,-0.005572225284450059,3.141737937942746,14.995635332610128,3.2182294685273227,1.5898010055891643,-1.5523086464503066,-3.068220756556972,-5.9950515454675894,3.216716114605797,1.5896135131371356,-1.5521244248056105,-3.0667597612796955,-5.98356316923329,12.302108184525588,24.604216369051176,,,,,,
2026-10-05,VBBR18,VIBRA ENERGIA S.A,VIBRA ENERGIA S.A,Vibra Energia,inferido,DI_MAIS,N,Quirografária,S,VIBRA ENERGIA S.A,34274233000102,0.8062,0.025,1043.374628,2032-01-08,,,3.2281,ok DI+,ok DI+,80.61999999999999,11,3.2264271638058486,-0.05182107723278004,3.200623735252245,15.630408712715186,3.280402554727324,1.6200513611507539,-1.5809717059059647,-3.1240403021451257,-6.100966832588872,3.278775778815821,1.6198498785170168,-1.5807738567352287,-3.1224716916886694,-6.088639296250188,12.59442013005728,25.18884026011456,,,,,,
2026-10-05,VBBR24,VIBRA ENERGIA S.A,VIBRA ENERGIA S.A,Vibra Energia,inferido,DI_MAIS,N,Quirografária,S,VIBRA ENERGIA S.A,34274233000102,1.0026,0.0748,1167.321803,2031-11-16,,,2.934,ok DI+,ok DI+,100.26,6,2.9482270106425634,0.48490152155975674,2.918961502617322,13.911482642478981,2.9899364714896404,1.4770457037982743,-1.442263886804629,-2.850771854163092,-5.570445842675198,2.988518915829717,1.4768701046117598,-1.4420913980055623,-2.8494040894049273,-5.5596933523850645,17.173916118814976,34.34783223762995,,,,,,
2026-10-05,VBBR26,VIBRA ENERGIA S.A,VIBRA ENERGIA S.A,Vibra Energia,inferido,DI_MAIS,N,Quirografária,S,VIBRA ENERGIA S.A,34274233000102,0.9137,0.0246,1015.021301,2034-04-05,,,4.4897,ok DI+,ok DI+,91.36999999999999,15,4.477109437471239,-0.2804321564639238,4.436572474769273,28.96144329551222,4.585303205005209,2.25497281242768,-2.1825582209807126,-4.2955129355157995,-8.323235993836352,4.581379691246834,2.2544880415040267,-2.1820844332652465,-4.291765258291711,-8.293916083628302,10.297363620184267,20.594727240368535,,,,,,
2026-10-05,VEBMA6,VOTORANTIM CIMENTOS S/A,VOTORANTIM CIMENTOS S/A,Votorantim,CVM FRE,DI_MAIS,N,Quirografária,S,VOTORANTIM CIMENTOS S/A,01637895000132,1.2632,0.0328,1050.754873,2030-12-20,,,3.1786,ok DI+,ok DI+,126.32000000000001,9,3.1782437292507,-0.011208417205684634,3.1385969722966487,14.850863185712996,3.2143285620651163,1.5880451162658016,-1.5509148200684608,-3.065769693622322,-5.991401302820954,3.2128512882252136,1.5878620651304656,-1.550734907166183,-3.064342656368084,-5.980176680879038,20.12364140967837,40.24728281935674,,,,,,
2026-10-05,VEBMA8,VOTORANTIM CIMENTOS S/A,VOTORANTIM CIMENTOS S/A,Votorantim,CVM FRE,DI_MAIS,N,Quirografária,S,VOTORANTIM CIMENTOS S/A,01637895000132,0.618,0.027,1069.359164,2032-04-16,,,3.8356,ok DI+,ok DI+,61.8,12,3.834430979725665,-0.030478159201561043,3.8108797429144534,22.198351445269527,3.9245391873892865,1.9335178399927377,-1.8780152901312075,-3.702448874890163,-7.197875187457048,3.9218715001408007,1.9331878107638134,-1.8776919321506398,-3.6998879856881057,-7.177792456923515,8.108363969619402,16.216727939238805,,,,,,
2026-10-05,VEBMA9,VOTORANTIM CIMENTOS S/A,VOTORANTIM CIMENTOS S/A,Votorantim,CVM FRE,DI_MAIS,N,Quirografária,S,VOTORANTIM CIMENTOS S/A,01637895000132,0.6215,0.0555,1062.319771,2033-01-25,,,4.2115,ok DI+,ok DI+,62.150000000000006,14,4.206891724165536,-0.10942124740505477,4.1809073847691955,26.776674432117396,4.318313974406296,2.124360018758087,-2.057408790839732,-4.050394472555697,-7.852669004239566,4.314790756929782,2.1239245354247442,-2.056982849344451,-4.047024012608609,-7.826281280896043,7.432597075267545,14.86519415053509,,,,,,
2026-10-05,VEBMB0,VOTORANTIM CIMENTOS S/A,VOTORANTIM CIMENTOS S/A,Votorantim,CVM FRE,DI_MAIS,N,Quirografária,S,VOTORANTIM CIMENTOS S/A,01637895000132,0.6142,0.0647,1006.510807,2033-03-20,,,4.5212,ok DI+,ok DI+,61.42,13,4.508551838395981,-0.27975231363397973,4.48102935609087,29.189175400190834,4.6308796718443235,2.2774836684013477,-2.2044999996182146,-4.338816134044143,-8.407489285010472,4.626975233091824,2.2770011472956737,-2.204028208795197,-4.335083479089916,-8.378275204177923,6.85333604392866,13.70667208785732,,,,,,
2026-10-05,VERO14,VERO S.A.,VERO S.A.,Vero,CVM FRE,DI_MAIS,N,Quirografária,S,VERO S.A.,31748174000160,,,911.506643,2029-10-15,,,,fora do escopo (não IPCA+ nem DI+),,,,,,,,,,,,,,,,,,,,,,,,,
2026-10-05,VIVA11,VIVARA PARTICIPACOES S.A.,VIVARA PARTICIPACOES S.A.,Vivara,CVM FRE,DI_MAIS,N,Quirografária,S,VIVARA PARTICIPACOES S.A.,33839910000111,0.6239,0.0705,1016.276496,2030-08-27,,,2.7811,ok DI+,ok DI+,62.39,8,2.780820572268726,-0.010047381657397202,2.7635786053499474,11.462389567658871,2.8219151557973055,1.396244341195385,-1.3675863663022758,-2.7072592278365004,-5.305727365286328,2.820890553188242,1.3961172896345473,-1.3674613157154003,-2.706266657511653,-5.297909419346718,11.287900383803203,22.575800767606406,,,,,,
2026-10-05,VIXL15,VIX LOGÍSTICA S/A,VIX LOGISTICA S/A,Isolada (a identificar),,DI_MAIS,N,Quirografária,S,VIX LOGISTICA S/A,32681371000172,0.9572,0.0888,535.612696,2026-10-26,,,0.0556,ok DI+,ok DI+,95.72000000000001,1,0.05555555555555555,-0.07993605115907226,0.05502881969344985,0.05753528968450573,0.05531846325719236,0.027586573888216392,-0.027442733919214035,-0.05474308121986571,-0.108922321187499,0.05531649614187238,0.02758632895883056,-0.027442490734619296,-0.05474114324502733,-0.10890693359320959,869.7260865600001,1739.4521731200002,,,,,,
2026-10-05,VIXL18,VIX LOGÍSTICA S/A,VIX LOGISTICA S/A,Isolada (a identificar),,DI_MAIS,N,Quirografária,S,VIX LOGISTICA S/A,32681371000172,1.0652,0.0232,1070.830527,2030-06-11,,,2.1716,ok DI+,ok DI+,106.52,8,2.17335234770256,0.08069385257689404,2.150445799051068,7.7977288172739865,2.1900702509377146,1.0850489425270782,-1.0655534582377335,-2.112074356901117,-4.149803253178508,2.1894344431374377,1.0849700605471264,-1.0654757385039415,-2.111457154964698,-4.144937021756656,24.766957634320363,49.533915268640726,,,,,,
2026-10-05,VIXL19,VIX LOGÍSTICA S/A,VIX LOGISTICA S/A,Isolada (a identificar),,DI_MAIS,N,Quirografária,S,VIX LOGISTICA S/A,32681371000172,1.2266,0.0399,1071.487311,2031-10-15,,,2.9748,ok DI+,ok DI+,122.66,11,2.9777635490804686,0.09962179240515245,2.9416808912681733,13.776044924172258,3.01194298163896,1.4882317012567148,-1.4537885974414744,-2.87413464595907,-5.618330235649949,3.0105611158890344,1.488060501789302,-1.4536203894788715,-2.8728006666473123,-5.6078408840529015,20.848624397719878,41.697248795439755,,,,,,
2026-10-05,VIXL25,VIX LOGÍSTICA S/A,VIX LOGISTICA S/A,Isolada (a identificar),,DI_MAIS,N,Quirografária,S,VIX LOGISTICA S/A,32681371000172,1.0644,0.085,1085.976232,2028-10-26,,,0.9125,ok DI+,ok DI+,106.44000000000001,5,0.9142026744754861,0.18659446306697097,0.9045743847244786,2.3233310951977337,0.9163350014582905,0.4552092444194189,-0.44940070654542197,-0.8930983269829662,-1.7637939280978898,0.9161910402004673,0.4551913562312365,-0.44938302849324213,-0.89295772924849,-1.7626821475450027,58.83429920051309,117.66859840102617,,,,,,
2026-10-05,VIXL26,VIX LOGÍSTICA S/A,VIX LOGISTICA S/A,Isolada (a identificar),,DI_MAIS,N,Quirografária,S,VIX LOGISTICA S/A,32681371000172,1.0485,0.089,1021.974253,2028-09-29,,,1.1235,ok DI+,ok DI+,104.85,8,1.1240229117527298,0.04654310215664381,1.1123598190499906,2.602804131405729,1.125524075395945,0.5594520885684906,-0.552944870870109,-1.099492713221939,-2.1738260145768407,1.1253738397070192,0.5594334146892525,-0.5529264043607381,-1.099345798392962,-2.1726635554718663,47.12953407897591,94.25906815795182,,,,,,
2026-10-05,VIXL35,VIX LOGÍSTICA S/A,VIX LOGISTICA S/A,Isolada (a identificar),,DI_MAIS,N,Quirografária,S,VIX LOGISTICA S/A,32681371000172,1.0338,0.0311,535.590128,2026-10-26,,,0.0556,ok DI+,ok DI+,103.38,1,0.05555555555555555,-0.07993605115907226,0.05498709892684978,0.057448025987816946,0.05527630196284772,0.02756560393617491,-0.02742198199531254,-0.05470179210527171,-0.10884058903741778,0.055274339056788864,0.027565359495909658,-0.02742173943094012,-0.054699858796910694,-0.10882523733394321,940.03868196,1880.07736392,,,,,,
2026-10-05,VIXL45,VIX LOGÍSTICA S/A,VIX LOGISTICA S/A,Isolada (a identificar),,DI_MAIS,N,Quirografária,S,VIX LOGISTICA S/A,32681371000172,1.0603,0.0895,1086.016433,2028-10-26,,,0.9125,ok DI+,ok DI+,106.03,5,0.9142279524953358,0.189364657023108,0.9046360959697685,2.32359492017324,0.9163980544135253,0.45524043261744307,-0.44943123516955064,-0.8931587411399433,-1.763912247568411,0.9162540705706348,0.45522254163510084,-0.44941355433466773,-0.8930181213689024,-1.7628002935360723,58.60367526366279,117.20735052732557,,,,,,
2026-10-05,VLIDA0,VALID SOLUCOES S/A,VALID SOLUCOES S/A,Valid Solucoes,inferido,DI_MAIS,N,Quirografária,S,VALID SOLUCOES S/A,33113309000147,1.277,0.1261,1077.397656,2029-04-26,,,1.0996,ok DI+,ok DI+,127.69999999999999,11,1.1016662221619284,0.18790670806916449,1.0877753311827252,2.865180620481628,1.1022838967598148,0.5474918347343927,-0.540328609354257,-1.0736277076907275,-2.1196563604107377,1.1021012342851333,0.5474691413669647,-0.5403061898157605,-1.073449428080317,-2.118247049955818,58.697782685121794,117.39556537024359,,,,,,
2026-10-05,VLIDA1,VALID SOLUCOES S/A,VALID SOLUCOES S/A,Valid Solucoes,inferido,DI_MAIS,N,Quirografária,N,VALID SOLUCOES S/A,33113309000147,1.4978,0.1495,1032.181791,2030-12-15,,,2.5385,ok DI+,ok DI+,149.78,9,2.539909844404836,0.05553848354682084,2.5024284707696482,10.064586606284456,2.553641114081362,1.2639052947189144,-1.2387420931110893,-2.4529674734394047,-4.810354394608862,2.55275140380107,1.2637949686426797,-1.2386335021269685,-2.452105537738226,-4.803565209413607,29.92692933075797,59.85385866151594,,,,,,
2026-10-05,VLIDB1,VALID SOLUCOES S/A,VALID SOLUCOES S/A,Valid Solucoes,inferido,DI_MAIS,N,Quirografária,N,VALID SOLUCOES S/A,33113309000147,1.656,0.2552,1028.663466,2032-12-15,,,3.6693,ok DI+,ok DI+,165.6,13,3.6657569595515,-0.09655902892921633,3.6060409218850835,19.944461052248815,3.708079815478249,1.8282376934904976,-1.7783708675652155,-3.5085443830681906,-6.8306546181169825,3.7057632271463277,1.827951037257853,-1.7780898846272306,-3.5063186166238394,-6.81319262272519,22.96146987614209,45.92293975228418,,,,,,
2026-10-05,VLME11,VRENTAL LOCACAO DE MAQUINAS E EQUIPAMENTOS S.A.,VRENTAL LOCACAO DE MAQUINAS E EQUIPAMENTOS S.A.,Vrental Locacao,CVM FRE,DI_MAIS,N,Real,S,VRENTAL LOCACAO DE MAQUINAS E EQUIPAMENTOS S.A.,41570356000148,,,,2030-10-06,,,,fora do escopo (não IPCA+ nem DI+),,,,,,,,,,,,,,,,,,,,,,,,,
2026-10-05,VLME12,VRENTAL LOCACAO DE MAQUINAS E EQUIPAMENTOS S.A.,VRENTAL LOCACAO DE MAQUINAS E EQUIPAMENTOS S.A.,Vrental Locacao,CVM FRE,DI_MAIS,N,Real,S,VRENTAL LOCACAO DE MAQUINAS E EQUIPAMENTOS S.A.,41570356000148,,,,2030-10-06,,,,fora do escopo (não IPCA+ nem DI+),,,,,,,,,,,,,,,,,,,,,,,,,
2026-10-05,VVEO15,CM HOSPITALAR S.A.,CM HOSPITALAR S.A.,Cm Hospitalar,CVM FRE,DI_MAIS,N,Quirografária,S,CM HOSPITALAR S.A.,12420164000157,,,704.390567,2034-01-30,,,,fora do escopo (não IPCA+ nem DI+),,,,,,,,,,,,,,,,,,,,,,,,,
2026-10-05,VVEO16,CM HOSPITALAR S.A.,CM HOSPITALAR S.A.,Cm Hospitalar,CVM FRE,DI_MAIS,N,Flutuante,S,CM HOSPITALAR S.A.,12420164000157,,,706.315893,2034-01-30,,,,fora do escopo (não IPCA+ nem DI+),,,,,,,,,,,,,,,,,,,,,,,,,
2026-10-05,WIZC12,WIZ SOLUCOES E CORRETAGEM DE SEGUROS S.A.,WIZ SOLUCOES E CORRETAGEM DE SEGUROS S.A.,Wiz Solucoes,CVM FRE,DI_MAIS,N,Quirografária,S,WIZ SOLUCOES E CORRETAGEM DE SEGUROS S.A.,42278473000103,2.0496,0.0337,1026.655424,2030-01-29,,,1.5532,ok DI+,ok DI+,204.96,7,1.5539534127380603,0.048507129671671353,1.5227432667428977,4.715581000009826,1.546664585386992,0.7673087432512604,-0.7555192163836599,-1.4994995809124223,-2.9538132815550067,1.546321171742947,0.7672661096214611,-0.7554771571214366,-1.4991653617428486,-2.951174913485599,67.29959162400478,134.59918324800955,,,,,,
2026-10-05,YDUQ17,YDUQS PARTICIPACOES S.A,YDUQS PARTICIPACOES S.A,Yduqs,inferido,DI_MAIS,N,Quirografária,S,YDUQS PARTICIPACOES S.A,08807432000110,0.5933,0.0203,1052.391813,2027-11-29,,,1.0407,ok DI+,ok DI+,59.330000000000005,3,1.0421119356860258,0.1356717292231981,1.0359655520656206,2.171625366382534,1.0469369779187776,0.520711397237994,-0.5152821902915772,-1.025218427468244,-2.029377702409685,1.0468236788975334,0.5206973077407885,-0.5152682443248321,-1.0251074252337078,-2.0284985968035905,28.635122027803632,57.270244055607264,,,,,,
2026-10-05,YDUQ18,YDUQS PARTICIPACOES S.A,YDUQS PARTICIPACOES S.A,Yduqs,inferido,DI_MAIS,N,Quirografária,S,YDUQS PARTICIPACOES S.A,08807432000110,0.7749,0.0439,1006.569939,2030-06-02,,,2.9774,ok DI+,ok DI+ aprox,77.49000000000001,,,,2.95450553659691,,2.95450553659691,1.477252768298455,-1.477252768298455,-2.95450553659691,-5.90901107319382,2.95450553659691,1.477252768298455,-1.477252768298455,-2.95450553659691,-5.90901107319382,13.113869485121251,26.227738970242502,,,,,,
2026-10-05,YDUQA0,YDUQS PARTICIPACOES S.A,YDUQS PARTICIPACOES S.A,Yduqs,inferido,DI_MAIS,N,Quirografária,S,YDUQS PARTICIPACOES S.A,08807432000110,0.7107,0.0884,1082.310341,2029-04-10,,,1.6796,ok DI+,ok DI+,71.07,6,1.6833816813451437,0.22515368808904934,1.6715023143967263,4.987849462008864,1.696784659348105,0.8420285796413074,-0.8295584133029887,-1.6468974781734147,-3.245889432120297,1.6964415617067705,0.8419859690258743,-0.8295163453708522,-1.6465630670866822,-3.2432476395532754,21.259318454982328,42.518636909964656,,,,,,
2026-10-05,YDUQA1,YDUQS PARTICIPACOES S.A,YDUQS PARTICIPACOES S.A,Yduqs,inferido,DI_MAIS,N,Quirografária,S,YDUQS PARTICIPACOES S.A,08807432000110,0.792,0.0985,1060.566499,2031-11-29,,,3.4153,ok DI+,ok DI+,79.2,11,3.4143623045562324,-0.027455726986426607,3.387533042856807,17.43487603299868,3.476588585690088,1.715793053104564,-1.67220156019251,-3.3021709448408654,-6.4406049208969645,3.4747074230218007,1.715560116469652,-1.6719729263871552,-3.3003586626918135,-6.42636856505364,11.689922872783006,23.379845745566012,,,,,,
2026-10-05,YDUQA2,YDUQS PARTICIPACOES S.A,YDUQS PARTICIPACOES S.A,Yduqs,inferido,DI_MAIS,N,Quirografária,S,YDUQS PARTICIPACOES S.A,08807432000110,0.7653,0.0347,1038.947493,2029-12-23,,,2.6045,ok DI+,ok DI+,76.53,7,2.606144669825431,0.06314723845004117,2.586351323149369,10.20064686612104,2.638220152198323,1.3060338471251987,-1.2805306207704037,-2.5361879246951546,-4.975309591905996,2.6373545574799744,1.3059264701573359,-1.2804248529920335,-2.5353480888187643,-4.968689708976318,14.794973775413144,29.589947550826288,,,,,,
2026-10-05,YDUQA3,YDUQS PARTICIPACOES S.A,YDUQS PARTICIPACOES S.A,Yduqs,inferido,DI_MAIS,N,Quirografária,S,YDUQS PARTICIPACOES S.A,08807432000110,0.8514,0.0207,1012.899827,2031-08-25,,,3.6801,ok DI+,ok DI+,85.14,10,3.675181870403728,-0.13364119443145334,3.64415553021944,19.32290665871673,3.7428987174423334,1.8464949461225233,-1.7981827438427245,-3.5495906410587974,-6.917949806729395,3.7407700635130237,1.846231398433116,-1.7979241317863242,-3.5475409969258567,-6.901852927264546,11.681718754039174,23.36343750807835,,,,,,
2026-10-05,BHIAA0,GRUPO CASAS BAHIA S.A.,GRUPO CASAS BAHIA S.A,Grupo Casas,CVM FRE,PCT_DI,N,Real,S,GRUPO CASAS BAHIA S.A,33041260065290,,,,2050-11-28,,,,fora do escopo (não IPCA+ nem DI+),,,,,,,,,,,,,,,,,,,,,,,,,
2026-10-05,BHIAC0,GRUPO CASAS BAHIA S.A.,GRUPO CASAS BAHIA S.A,Grupo Casas,CVM FRE,PCT_DI,N,Real,S,GRUPO CASAS BAHIA S.A,33041260065290,,,,2050-11-28,,,,fora do escopo (não IPCA+ nem DI+),,,,,,,,,,,,,,,,,,,,,,,,,
2026-10-05,KLBNA2,KLABIN S/A,KLABIN S/A,Klabin,CVM FRE,PCT_DI,N,Quirografária,S,KLABIN S/A,89637490000145,102.9627,0.3059,10243.831977,2029-03-19,,,1.3132,fora do escopo (não IPCA+ nem DI+),,,,,,,,,,,,,,,,,,,,,,,,,
2026-10-05,RADL14,RAIA DROGASIL S/A,RAIA DROGASIL S/A,Raia Drogasil,CVM FRE,PCT_DI,N,Quirografária,S,RAIA DROGASIL S/A,61585865000151,103.5453,0.203,523.293776,2027-06-17,,,0.6537,fora do escopo (não IPCA+ nem DI+),,,,,,,,,,,,,,,,,,,,,,,,,
2026-10-05,UNDAC3,UNIDAS S/A,LOCALIZA RENT A CAR S/A,Localiza,inferido,PCT_DI,N,Quirografária,S,LOCALIZA RENT A CAR S/A,16670085000155,107.8331,0.155,1083.391762,2029-04-10,,,1.6741,fora do escopo (não IPCA+ nem DI+),,,,,,,,,,,,,,,,,,,,,,,,,
2026-10-05,ACRC21,ATLAS LUIZ CARLOS COMERCIALIZADORA DE ENERGIA S.A.,ATLAS LUIZ CARLOS COMERCIALIZADORA DE ENERGIA S.A.,Isolada (a identificar),,IPCA_MAIS,S,Real,N,ATLAS LUIZ CARLOS COMERCIALIZADORA DE ENERGIA S.A.,49037416000173,7.885,0.0866,1181.609643,2044-07-15,2035-05-15,86.71999999999996,6.852,ok,,,36,6.852013417989704,0.00019582588592140763,6.351219741381752,66.57514866724208,6.699057986229939,3.2606638984921776,-3.0941590377177697,-6.032233561045319,-11.478160674191361,6.684095484717961,3.2588288065249285,-3.0923909348568235,-6.018343998045541,-11.37093650941866,7.832958999389133,15.665917998778266,corrigido IPCA,0.9861339584732269,99.49768766070822,5.531102526846721,330.35223767974077,330.35223767974077
2026-10-05,AEAB11,AES CAJUINA AB1 HOLDINGS S.A.,CAJUINA AB1 HOLDINGS S.A,Cajuina Ab1,inferido,IPCA_MAIS,S,Quirografária,N,CAJUINA AB1 HOLDINGS S.A,45024644000158,7.6552,0.0926,1192.105702,2044-06-15,2037-05-15,64.78999999999999,7.4427,ok,,,36,7.442689407856213,-0.00014231587712736337,6.913450913524116,76.99749264875015,7.316778380006039,3.5552193192369685,-3.362639250726762,-6.545420534084833,-12.417615645937797,7.298438376767867,3.5529723225729954,-3.3604785909511206,-6.528463450280365,-12.28695197407323,5.6457488161317375,11.291497632263475,corrigido IPCA,0.980773927882616,78.06321462082731,5.560320412393183,305.07293115171564,305.07293115171564
2026-10-05,AESLA5,RGE SUL DISTRIBUIDORA DE ENERGIA S/A,RGE SUL DISTRIBUIDORA DE ENERGIA S/A,CPFL,CVM FRE,IPCA_MAIS,S,Quirografária,N,RGE SUL DISTRIBUIDORA DE ENERGIA S/A,02016440000162,7.1083,0.0478,1125.646613,2033-10-15,2032-08-15,7.08000000000002,4.9203,ok,,,15,4.920316840946521,0.0003422747905794289,4.5937773645427304,28.725419484534576,4.7410289094593105,2.333243674588603,-2.261420728590724,-4.453624274692403,-8.6402697167978,4.737404461965403,2.3327954566270335,-2.260981907915697,-4.4501502671200575,-8.61304633939477,0.5937122005687763,1.1874244011375525,corrigido IPCA,0.985319126122283,5.454763336051396,5.415879797985457,221.66463170020808,221.66463170020808
2026-10-05,AESLA7,RGE SUL DISTRIBUIDORA DE ENERGIA S/A,RGE SUL DISTRIBUIDORA DE ENERGIA S/A,CPFL,CVM FRE,IPCA_MAIS,S,Quirografária,N,RGE SUL DISTRIBUIDORA DE ENERGIA S/A,02016440000162,7.1311,0.1427,1088.925785,2034-04-15,2033-05-15,11.20000000000001,5.2554,ok,,,16,5.255423341002546,0.00044413370144732024,4.905600092785892,32.62268796477109,5.073065880822103,2.4941163484281326,-2.41254779213671,-4.746649511465417,-9.191334817286467,5.068713532609747,2.49357840634891,-2.4120216864369817,-4.742486652962037,-9.15874642627636,0.8834318796925644,1.7668637593851289,corrigido IPCA,0.9793624478809271,8.667527021979717,5.438803228332967,225.63266880309706,225.63266880309706
2026-10-05,AESLA9,RGE SUL DISTRIBUIDORA DE ENERGIA S/A,RGE SUL DISTRIBUIDORA DE ENERGIA S/A,CPFL,CVM FRE,IPCA_MAIS,S,Quirografária,N,RGE SUL DISTRIBUIDORA DE ENERGIA S/A,02016440000162,7.0971,0.1302,1071.221512,2035-05-15,2033-05-15,7.800000000000029,5.8579,ok,,,18,5.857952258387562,0.000892101052632791,5.469758059170194,40.656801885329514,5.6790612407709995,2.7864431757196106,-2.684783268185653,-5.272206596599038,-10.171165210544252,5.673042068596842,2.785700031941759,-2.684058027228435,-5.266474049743546,-10.126380080633798,0.7120209922414731,1.4240419844829462,corrigido IPCA,1.0170125902323872,7.789165121222311,5.47650932727215,224.7493164712513,224.7493164712513
2026-10-05,AESLB0,RGE SUL DISTRIBUIDORA DE ENERGIA S/A,RGE SUL DISTRIBUIDORA DE ENERGIA S/A,CPFL,CVM FRE,IPCA_MAIS,S,Quirografária,N,RGE SUL DISTRIBUIDORA DE ENERGIA S/A,02016440000162,7.3159,0.1374,1021.917282,2035-09-15,2035-05-15,29.80999999999998,6.185,ok,,,18,6.184981162203935,-0.00030457228883387,5.763340904939469,44.214165418107825,5.991157219484755,2.9377706921031477,-2.8272146825879196,-5.548685820594024,-10.692489417879225,5.984411732030008,2.936938159242369,-2.8264027456970995,-5.542270077848929,-10.64239850151678,2.6413869536829324,5.282773907365865,corrigido IPCA,0.9796581788240649,30.446426951868595,5.495374210133508,251.5414118978076,251.5414118978076
2026-10-05,AESLB7,RGE SUL DISTRIBUIDORA DE ENERGIA S/A,RGE SUL DISTRIBUIDORA DE ENERGIA S/A,CPFL,CVM FRE,IPCA_MAIS,S,Quirografária,N,RGE SUL DISTRIBUIDORA DE ENERGIA S/A,02016440000162,7.3718,0.1876,1047.309288,2039-04-15,2037-05-15,36.450000000000045,7.9709,ok,,,26,7.970907772170617,9.750681374031635e-05,7.423651063100942,76.7144962897861,7.822902153898248,3.8096460940600485,-3.617797833078995,-7.05476403162526,-13.426844446391428,7.807223544549872,3.8077186519127033,-3.6159324111882385,-7.040078581652011,-13.31301220040616,3.096423831858997,6.192847663717994,corrigido IPCA,0.9419332445158659,45.97354014238227,5.5849667426771665,269.17119235877243,269.17119235877243
2026-10-05,AESLC2,RGE SUL DISTRIBUIDORA DE ENERGIA S/A,RGE SUL DISTRIBUIDORA DE ENERGIA S/A,CPFL,CVM FRE,IPCA_MAIS,S,Quirografária,S,RGE SUL DISTRIBUIDORA DE ENERGIA S/A,02016440000162,7.1272,0.2239,999.36287,2033-03-15,2033-05-15,10.81000000000003,5.31,ok,,,13,5.30996263732229,-0.0007036285821078901,4.956689465721395,32.227396489974815,5.122000977968066,2.519145134178369,-2.4385656505226394,-4.799551036666838,-9.300154537488659,5.117826448171269,2.5186289784731657,-2.438060487248229,-4.795552483271521,-9.268831001643294,0.7834365067741528,1.5668730135483055,corrigido IPCA,0.9738362189739989,7.766502960378022,5.44239352007132,224.75755599331274,224.75755599331274
2026-10-05,AESLD2,RGE SUL DISTRIBUIDORA DE ENERGIA S/A,RGE SUL DISTRIBUIDORA DE ENERGIA S/A,CPFL,CVM FRE,IPCA_MAIS,S,Quirografária,S,RGE SUL DISTRIBUIDORA DE ENERGIA S/A,02016440000162,7.1648,0.1866,985.942415,2036-03-15,2035-05-15,14.699999999999935,6.5508,ok,,,19,6.550819063892097,0.00029101624377080216,6.112845882129297,49.47549113647936,6.368155598175695,3.119245741987564,-2.995531730791945,-5.872995886401366,-11.294889589099466,6.360223337811694,3.1182673049852476,-2.994578577144049,-5.8654684264469,-11.236181941529006,1.3630298459079622,2.7260596918159243,corrigido IPCA,0.9607585726500032,16.663982761555634,5.515379015947164,235.37797948051394,235.37797948051394
2026-10-05,AESOA1,AES TIETE ENERGIA S/A,AUREN OPERACOES S.A.,Auren,CVM FRE,IPCA_MAIS,S,Quirografária,N,AUREN OPERACOES S.A.,00194724000113,7.5193,0.0812,1063.845434,2038-03-15,2033-05-15,50.02000000000004,5.3604,ok,,,23,5.360399994000014,-1.1193168953039904e-07,4.985523523683668,37.99201951849027,5.181642860074365,2.541011049181119,-2.446010500137008,-4.801394428469807,-9.256633945151316,5.175483621276119,2.5402517862399465,-2.445271737443721,-4.795563426091216,-9.21120665699753,5.29954358705492,10.59908717410984,corrigido IPCA,0.9529583278852836,52.84199843609845,5.445680384027907,276.5536092593885,276.5536092593885
2026-10-05,AGEO15,AGEO TERMINAIS E ARMAZENS GERAIS S/A,AGEO TERMINAIS E ARMAZENS GERAIS S/A,Ageo Terminais,inferido,IPCA_MAIS,S,Quirografária,N,AGEO TERMINAIS E ARMAZENS GERAIS S/A,03798096000173,7.0889,0.0732,1110.422582,2037-06-15,2035-05-15,7.10999999999995,6.916,ok,,,22,6.916035092856144,0.0005074155023665457,6.458218445474876,57.61563558658039,6.756519648893278,3.3023880723212384,-3.1583132425130334,-6.179791020929681,-11.83920637624728,6.746296623407779,3.3011287672206637,-3.157089678254213,-6.170140267541975,-11.764124179218145,0.9660552558099409,1.9321105116198818,corrigido IPCA,1.057743057951007,12.47799174483942,5.5343672159329005,230.0817227395712,230.0817227395712
2026-10-05,AGIZ11,AGUAS DA IMPERATRIZ S.A.,AGUAS DA IMPERATRIZ S.A.,Isolada (a identificar),,IPCA_MAIS,S,Real,N,AGUAS DA IMPERATRIZ S.A.,39523638000142,7.7312,0.2362,1049.13953,2047-03-15,2037-05-15,72.39000000000004,8.3107,ok,,,41,8.310714850386628,0.00017868996146021857,7.71430639442114,91.73385609928253,8.196371155000692,3.9746827294113496,-3.7452304825252525,-7.277148571575742,-13.75927547480652,8.172975674917552,3.971820517334673,-3.742485877086467,-7.2556371139247275,-13.59393566685663,5.67204507578044,11.34409015156088,corrigido IPCA,1.0042237214452328,87.51178719507598,5.600210923356785,316.15927605197396,316.15927605197396
2026-10-05,AHGD13,ATHON GERACAO DISTRIBUIDA S/A,ATHON GERACAO DISTRIBUIDA S/A,Isolada (a identificar),,IPCA_MAIS,S,Quirografária,N,ATHON GERACAO DISTRIBUIDA S/A,30997588000160,7.8248,0.0958,0.977319,2041-09-15,2033-05-15,80.57,5.8482,ok,,,30,5.8481762055437105,-0.00040686803272373774,5.423776538925841,48.243145298298465,5.674287960215807,2.773335100527219,-2.6526907638932617,-5.191272422859328,-9.950239324534715,5.664992265417333,2.772192201085794,-2.6515843378400477,-5.182560812434349,-9.882690171885713,8.158197022962852,16.316394045925705,corrigido IPCA,0.9770886521967277,88.49647522616112,5.475929519602785,317.7887299348749,317.7887299348749
2026-10-05,ALGAB1,ALGAR TELECOM S/A,ALGAR TELECOM S.A.,Algar Telecom,CVM FRE,IPCA_MAIS,S,Quirografária,N,ALGAR TELECOM S.A.,71208516000174,8.1023,0.1781,1207.125327,2031-07-15,2030-08-15,101.49999999999997,3.3725,ok,,,10,3.372538424641392,0.0011393518574295005,3.1197656522029518,13.696698763519954,3.189519862927792,1.5771612380394817,-1.542916948528783,-3.052512175413724,-5.975281783489539,3.188249146020552,1.5770036995558758,-1.542761952647076,-3.051282158385352,-5.9655973291355044,16.654080530031784,33.30816106006357,corrigido IPCA,0.916037617877756,103.91365681323019,5.2918535718735615,335.7269882586643,335.7269882586643
2026-10-05,ALGAC2,ALGAR TELECOM S/A,ALGAR TELECOM S.A.,Algar Telecom,CVM FRE,IPCA_MAIS,S,Quirografária,N,ALGAR TELECOM S.A.,71208516000174,8.1067,0.2009,1169.645546,2032-01-15,2031-05-15,106.85000000000002,3.7241,ok,,,11,3.7241227250184292,0.0006102150433462941,3.444858389922576,16.484381692294065,3.5289254804941717,1.7432385275392592,-1.702024075405617,-3.364025670239934,-6.572529007042338,3.5272802983840466,1.7430346720766556,-1.7018237178459203,-3.3624364814611054,-6.5600291459992714,15.104286156168756,30.208572312337512,corrigido IPCA,0.9371416805974686,104.06425377773871,5.3215737298745625,336.4378230684795,336.4378230684795
2026-10-05,ALGE16,ALIANCA GERACAO DE ENERGIA S.A,ALIANCA GERACAO DE ENERGIA S/A,Isolada (a identificar),,IPCA_MAIS,S,Quirografária,N,ALIANCA GERACAO DE ENERGIA S/A,12009135000105,6.99,0.2293,1024.365957,2037-11-15,2033-05-15,-2.909999999999968,5.2264,ok,,,23,5.226447898249855,0.0009164673552597158,4.884987286895836,37.38746552281131,5.0779161109072435,2.489966734805016,-2.3964784523872185,-4.703727338374852,-9.06647455556101,5.071924614509893,2.489227975351432,-2.395759311544404,-4.698049959281779,-9.022225263335445,0.0001940490610404721,0.0003880981220809442,corrigido IPCA,0.9818362339276673,0.0018958543924335602,5.436880289812773,214.37633277364594,214.37633277364594
2026-10-05,ALGTA4,ALGAR TELECOM S/A,ALGAR TELECOM S.A.,Algar Telecom,CVM FRE,IPCA_MAIS,S,Quirografária,N,ALGAR TELECOM S.A.,71208516000174,8.1959,0.1334,1076.15466,2033-11-15,2032-08-15,115.84000000000003,4.5948,ok,,,15,4.594859490396142,0.0012947330926640094,4.246796311501769,25.048524586580942,4.37506745662346,2.1550834592056534,-2.0924545327016486,-4.124460306734079,-8.015413639832369,4.372038934434674,2.154708811484111,-2.0920875000176586,-4.121553688568865,-7.99262213127192,13.43887586465868,26.87775172931736,corrigido IPCA,0.9449405890240945,114.14433690552526,5.392109607664719,349.1903506222449,349.1903506222449
2026-10-05,ALIG12,ALIANCA GERACAO DE ENERGIA S.A,ALIANCA GERACAO DE ENERGIA S/A,Isolada (a identificar),,IPCA_MAIS,S,Real,N,ALIANCA GERACAO DE ENERGIA S/A,12009135000105,6.8419,0.2821,661.023495,2029-12-15,2028-08-15,-13.670000000000027,1.4454,ok,,,7,1.4454028502318903,0.00019719329530119267,1.352842705185784,3.915327136361081,1.3726870773697053,0.6813487631498916,-0.6715600224470708,-1.3335270387022757,-2.6294405257581643,1.3724193408675895,0.6813155115133435,-0.6715271936724407,-1.3332660695039789,-2.627378867644347,2.6817071746574346,5.363414349314869,corrigido IPCA,0.9675072651689284,7.25585597735938,5.466681484434677,220.19840025732796,220.19840025732796
2026-10-05,ALIG13,ALIANCA GERACAO DE ENERGIA S.A,ALIANCA GERACAO DE ENERGIA S/A,Isolada (a identificar),,IPCA_MAIS,S,Quirografária,N,ALIANCA GERACAO DE ENERGIA S/A,12009135000105,6.9178,0.2602,846.268599,2035-02-15,2031-05-15,-12.040000000000006,3.9356,ok,,,17,3.935649464025079,0.00125683568144612,3.6810049065965433,21.84721907800902,3.7930317298548344,1.8681564415388596,-1.813530875661029,-3.574439176705879,-6.945974726535741,3.7902410019865886,1.8678114771457828,-1.8131934294507606,-3.571768811206498,-6.925065431632905,-1.3381426407187904,-2.676285281437581,corrigido IPCA,0.8996599609161394,-9.851419252423845,5.339446345686993,201.9769643785805,201.9769643785805
2026-10-05,ALIG15,ALIANCA GERACAO DE ENERGIA S.A,ALIANCA GERACAO DE ENERGIA S/A,Isolada (a identificar),,IPCA_MAIS,S,Quirografária,N,ALIANCA GERACAO DE ENERGIA S/A,12009135000105,6.9912,0.304,1016.879734,2036-04-15,2032-08-15,-4.629999999999956,4.5054,ok,,,20,4.5054211854806026,0.0004702241888112803,4.2110203320278705,28.16145552404206,4.355806167001419,2.141203270190184,-2.070787956530684,-4.074004697146282,-7.888443724190619,4.3518276096480815,2.1407119854189878,-2.0703083466088827,-4.07021305440766,-7.8588115535749,-0.303126636709247,-0.606253273418494,corrigido IPCA,0.9914998472012306,-2.5529448607237297,5.3853087021359825,211.12083754388422,211.12083754388422
2026-10-05,ALUP18,ALUPAR INVESTIMENTO S/A,ALUPAR INVESTIMENTO S/A,Alupar,CVM FRE,IPCA_MAIS,S,Quirografária,N,ALUPAR INVESTIMENTO S/A,08364948000138,6.8002,0.2269,1109.189744,2034-10-15,2033-05-15,-21.889999999999965,5.5468,ok,,,17,5.546812659277435,0.00022822667908004417,5.193635086149123,36.6293065168205,5.381945911128239,2.64324210550706,-2.551654101720502,-5.015416908921844,-9.693223701448828,5.376781618733226,2.6426041762205874,-2.551030909928536,-5.010488553565021,-9.654684041961836,-2.2447236079131185,-4.489447215826237,corrigido IPCA,1.014122715358963,-23.31655057752964,5.457559529696265,188.09370705522042,188.09370705522042
2026-10-05,ANET11,AMERICA NET S.A.,VERO S.A.,Vero,CVM FRE,IPCA_MAIS,S,Real,N,VERO S.A.,31748174000160,,,435.808346,2029-03-15,,,,sem taxa indicativa,,,,,,,,,,,,,,,,,,,,,,,,,
2026-10-05,ANET12,AMERICA NET S.A.,VERO S.A.,Vero,CVM FRE,IPCA_MAIS,S,Real,N,VERO S.A.,31748174000160,,,,2030-11-15,,,,sem taxa indicativa,,,,,,,,,,,,,,,,,,,,,,,,,
2026-10-05,ANHBB6,CONCESSIONÁRIA DO SISTEMA ANHANGUERA-BANDEIRANTES S/A,CONCESSIONARIA DO SISTEMA ANHANGUERA-BANDEIRANTES S/A,Motiva (ex-CCR),CVM FRE,IPCA_MAIS,S,Quirografária,N,CONCESSIONARIA DO SISTEMA ANHANGUERA-BANDEIRANTES S/A,02451848000162,7.0591,0.2463,1063.120795,2037-07-15,2035-05-15,4.129999999999967,6.5506,ok,,,22,6.550600934560745,1.4266796098617113e-05,6.118677379653617,51.298722300278364,6.383808375300282,3.12452669715384,-2.9962508599195026,-5.87035632113494,-11.275031595603235,6.3751709911550085,3.1234620927021566,-2.9952152869514603,-5.862183768152225,-11.211380313301667,0.611264178901379,1.222528357802758,corrigido IPCA,1.0146871117267944,7.480256608872818,5.5153673982944795,224.24469023190196,224.24469023190196
2026-10-05,APFD19,AUTOPISTA FERNAO DIAS S/A,AUTOPISTA FERNAO DIAS S/A,Motiva (ex-CCR),CVM FRE,IPCA_MAIS,S,Quirografária,N,AUTOPISTA FERNAO DIAS S/A,09326342000170,7.2655,0.2465,1063.378587,2031-09-15,2029-05-15,28.549999999999986,2.6778,ok,,,10,2.6778319359997584,0.0011926207991067726,2.496452201313338,10.281599662150795,2.5487922645346606,1.2611936607771712,-1.2354878100462652,-2.4459466284323494,-4.7943784356100245,2.5478601996240924,1.2610781002343576,-1.2353741010789807,-2.4450442030025843,-4.78727240938366,5.424740338534477,10.849480677068954,corrigido IPCA,0.9814832228704947,27.085209919375313,5.244582366003692,243.68888917735163,243.68888917735163
2026-10-05,APPSA2,AUTOPISTA PLANALTO SUL S/A,AUTOPISTA PLANALTO SUL S/A,Arteris,CVM FRE,IPCA_MAIS,S,Quirografária,N,AUTOPISTA PLANALTO SUL S/A,09325109000173,9.059,0.6172,1060.739233,2031-09-15,2030-08-15,197.16999999999993,3.0815,ok,,,10,3.08156697269994,0.0021733798455313594,2.8255962118669165,11.775565763257857,2.88553089222785,1.4276486127418941,-1.3982076322936798,-2.7677421629528243,-5.4237447393748806,2.8844740406832057,1.4275175631375305,-1.398078648729386,-2.766718383050627,-5.415681108468676,35.65943347446209,71.31886694892418,corrigido IPCA,0.9401169931512661,201.5183202855208,5.268798817124032,449.93317497727907,449.93317497727907
2026-10-05,APRB18,AUTOPISTA REGIS BITTENCOURT S/A,AUTOPISTA REGIS BITTENCOURT S/A,Arteris,CVM FRE,IPCA_MAIS,S,Quirografária,N,AUTOPISTA REGIS BITTENCOURT S/A,09336431000106,8.0535,0.3797,1292.099714,2031-06-15,2029-05-15,107.34999999999992,2.8728,ok,,,10,2.8728409691755648,0.0014261060834361346,2.6587208828733586,11.134784851290183,2.7154057416505895,1.343404266567938,-1.3155653055362593,-2.604025895895068,-5.102455128317985,2.7143948071298096,1.3432789225007922,-1.3154419603725664,-2.6030469586169076,-5.094746068720914,19.37859487735205,38.7571897547041,corrigido IPCA,0.9200653508833119,103.04454976231717,5.2545986137767065,333.6025797052854,333.6025797052854
2026-10-05,ARTR19,ARTERIS S/A,ARTERIS S.A.,Arteris,CVM FRE,IPCA_MAIS,S,Quirografária,N,ARTERIS S.A.,02919555000167,9.9326,0.0955,676.969056,2027-09-15,2027-05-15,440.53000000000003,0.9247,ok,,,2,0.9247452407546805,0.004892479147884364,0.8411929134348505,1.4776245757802124,0.8486473222870439,0.4224517359370461,-0.4187576011370875,-0.8338699016087192,-1.6533496462807884,0.8485810363137515,0.4224434874371505,-0.4187494259977,-0.8338047905559495,-1.6528333353540967,218.4125783632292,436.8251567264584,corrigido IPCA,0.9595884955989301,367.45422624836476,6.074088278161605,643.8035741462108,643.8035741462108
2026-10-05,ARTRA7,ARTERIS S/A,ARTERIS S.A.,Arteris,CVM FRE,IPCA_MAIS,S,Quirografária,N,ARTERIS S.A.,02919555000167,9.6753,0.3193,977.828013,2035-05-15,2033-05-15,265.62,5.5856,ok,,,18,5.585608357946211,0.00014963381213620302,5.092858973667006,36.44483554215548,5.280319541685463,2.592632232420078,-2.5015049478361084,-4.915627908183584,-9.495852180182041,5.275083151377784,2.5919855312611975,-2.5008734424058088,-4.910634795956229,-9.456821236490903,26.095340212753666,52.19068042550733,corrigido IPCA,0.9291126088606484,265.79977514683196,5.459980423040833,528.0429671979471,528.0429671979471
2026-10-05,ARTRA8,ARTERIS S/A,ARTERIS S.A.,Arteris,CVM FRE,IPCA_MAIS,S,Quirografária,N,ARTERIS S.A.,02919555000167,9.7808,0.3138,1019.292287,2032-10-15,2031-05-15,274.25999999999993,4.3181,ok,,,13,4.318171244117042,0.0016498950242329366,3.9334485120504152,21.881987235453682,4.045334049203797,1.994383204077943,-1.9396724205168359,-3.8264210819278777,-7.447963598211926,4.042858448227683,1.9940767400695245,-1.9393717719808905,-3.8240385758731468,-7.4292572793917575,34.60722613863055,69.2144522772611,corrigido IPCA,0.978298644694332,272.25148432237717,5.370699935976564,535.0087066606172,535.0087066606172
2026-10-05,ASAB11,ASA BRANCA HOLDING S.A.,ASA BRANCA HOLDING S.A.,Isolada (a identificar),,IPCA_MAIS,N,Quirografária,S,ASA BRANCA HOLDING S.A.,09359927000197,10.5374,0.2616,816.146338,2033-06-15,2030-08-15,345.01,3.092,ok,,,14,3.0920547164079606,0.0017696121591367696,2.797292786340153,13.568224330815502,2.8665816722625026,1.4157859396137562,-1.3818620584356012,-2.7308462772861253,-5.334175941045915,2.8651339079942306,1.415606673583596,-1.3816861127565572,-2.7294516646860756,-5.323221086063996,63.31229211829881,126.62458423659761,corrigido IPCA,0.8990568311173488,354.20603605835555,5.269578098541938,,354.20603605835555
2026-10-05,ASCP13,CONCESS. ROD. A. S. E C. PINTO S/A - ECOPISTAS,CONCESSIONARIA DAS RODOVIAS AYRTON SENNA E CARVALHO PINTO S/A - ECOPISTAS,EcoRodovias,CVM FRE,IPCA_MAIS,S,Quirografária,N,CONCESSIONARIA DAS RODOVIAS AYRTON SENNA E CARVALHO PINTO S/A - ECOPISTAS,10841050000155,7.8051,0.0729,901.838496,2030-03-15,2028-08-15,82.65000000000002,2.0135,ok,,,7,2.013474845752802,-0.0012492797217813273,1.8676990659558794,6.062620567411252,1.8984589119231288,0.9414832723612765,-0.926325977371989,-1.8378208045360611,-3.6175786239083574,1.8980121687929354,0.9414278086872038,-0.9262712572686757,-1.8373859631188232,-3.614145720563534,23.768654771272143,47.537309542544286,corrigido IPCA,0.9992710222528731,88.78538863066547,5.266016396133533,315.28923674856435,315.28923674856435
2026-10-05,ASCP23,CONCESS. ROD. A. S. E C. PINTO S/A - ECOPISTAS,CONCESSIONARIA DAS RODOVIAS AYRTON SENNA E CARVALHO PINTO S/A - ECOPISTAS,EcoRodovias,CVM FRE,IPCA_MAIS,S,Quirografária,N,CONCESSIONARIA DAS RODOVIAS AYRTON SENNA E CARVALHO PINTO S/A - ECOPISTAS,10841050000155,8.2275,0.0782,1162.992265,2035-03-15,2033-05-15,120.83999999999992,5.1973,ok,,,17,5.197365995368729,0.0012698010260900306,4.802260049773605,32.06098982095764,4.966948766331103,2.441747880238676,-2.361583095942976,-4.646141791739478,-8.996052368727836,4.962564998878394,2.4412062621629995,-2.3610537876106057,-4.641955100668817,-8.963300303128058,12.444138240970064,24.888276481940128,corrigido IPCA,1.000628462331551,119.51997585694103,5.434939334632216,355.76569792395514,355.76569792395514
2026-10-05,ASER12,AGUAS DO SERTAO S.A.,AGUAS DO SERTAO S.A.,Isolada (a identificar),,IPCA_MAIS,S,Real,N,AGUAS DO SERTAO S.A.,45456117000112,,,,2043-12-15,2035-05-15,,,sem taxa indicativa,,,,,,,,,,,,,,,,,,,,,,,,,
2026-10-05,ASSR21,ASSURUA 5 ENERGIA S.A,ASSURUA 4 E 5 HOLDING ENERGIA S.A.,Serena,CVM FRE,IPCA_MAIS,S,Real,N,ASSURUA 4 E 5 HOLDING ENERGIA S.A.,38286323000166,8.5414,0.2251,874.694052,2041-06-15,2035-05-15,152.35999999999993,6.3264,ok,,,30,6.3264645418078524,0.001020198024988449,5.828618888099704,56.341866225800175,6.121720911348838,2.9861369864532694,-2.845236647608196,-5.557570834196401,-10.61300770898439,6.1103282192287045,2.984736776832102,-2.8438821112676016,-5.546909556970703,-10.530400451683404,13.983241920339102,27.966483840678205,corrigido IPCA,0.937618812565521,163.00597594751213,5.503238618027617,405.4743242587354,405.4743242587354
2026-10-05,ATHT11,ATHON GERACAO DISTRIBUIDA III S.A.,ATHON GERACAO DISTRIBUIDA III S.A.,Isolada (a identificar),,IPCA_MAIS,S,Quirografária,N,ATHON GERACAO DISTRIBUIDA III S.A.,52948225000178,7.8828,0.08,0.974254,2041-09-15,2033-05-15,86.36999999999998,5.8395,ok,,,30,5.839555712799147,0.0009540679706569445,5.4128699966993326,48.08215466762488,5.662535556784376,2.7676755782971796,-2.647433909665975,-5.181132991420734,-9.931354421560389,5.6532807700374565,2.7665376916841975,-2.646332305015135,-5.172459223361209,-9.864096900046167,8.709363232640554,17.418726465281107,corrigido IPCA,0.9740228475676082,94.28530186463273,5.475417442608044,324.593036563961,324.593036563961
2026-10-05,ATII12,ATHON GERACAO DISTRIBUIDA II S.A.,ATHON GERACAO DISTRIBUIDA II S.A.,Isolada (a identificar),,IPCA_MAIS,S,Quirografária,N,ATHON GERACAO DISTRIBUIDA II S.A.,38213667000145,7.8566,0.0909,0.975636,2041-09-15,2033-05-15,83.75000000000003,5.8434,ok,,,30,5.843448048610264,0.0008222714560677379,5.41779367105051,48.154808955146606,5.667840958941506,2.7702304949565493,-2.6498071042994398,-5.185710468029958,-9.939880263313473,5.658567715826243,2.7690903467191887,-2.6487033243313216,-5.177019626274777,-9.872491162998088,8.460117669738176,16.920235339476353,corrigido IPCA,0.9754057884143396,91.67034393490016,5.475648749810791,321.5193591976455,321.5193591976455
2026-10-05,AURE12,AUREN ENERGIA S.A.,AUREN ENERGIA S.A.,Auren,CVM FRE,IPCA_MAIS,S,Quirografária,N,AUREN ENERGIA S.A.,28594234000123,7.5401,0.1079,1078.762082,2034-04-15,2033-05-15,52.099999999999994,5.2184,ok,,,16,5.218386371507886,-0.00026116227413583405,4.852502807332229,32.07608913503686,5.017140751592009,2.466872761598804,-2.3866710124226587,-4.696195335002318,-9.095371681631514,5.012883253007414,2.4663465150849104,-2.3861562922473185,-4.692122361657044,-9.06348383196372,5.111036462244521,10.222072924489042,corrigido IPCA,0.9684165501350885,49.60263756283785,5.4363433590475685,273.7545248592999,273.7545248592999
2026-10-05,AURP12,AUREN PARTICIPACOES S.A.,AUREN OPERACOES S.A.,Auren,CVM FRE,IPCA_MAIS,S,Quirografária,S,AUREN OPERACOES S.A.,00194724000113,7.4953,0.1396,1092.345345,2035-04-15,2033-05-15,47.62000000000004,5.6793,ok,,,18,5.679362587839281,0.0011020343929892134,5.283358982057151,38.6484903424501,5.482257657157752,2.690688510479178,-2.594050599539266,-5.0955056277281034,-9.835858422873589,5.476601433769402,2.6899901039566383,-2.593368878100513,-5.0901165303449005,-9.7937481572653,4.48771714753099,8.97543429506198,corrigido IPCA,1.0321285107681641,47.42044140067951,5.465760791495655,271.2307904395511,271.2307904395511
2026-10-05,AURP13,AUREN PARTICIPACOES S.A.,AUREN OPERACOES S.A.,Auren,CVM FRE,IPCA_MAIS,S,Quirografária,S,AUREN OPERACOES S.A.,00194724000113,7.6127,0.1094,1014.493907,2037-07-15,2035-05-15,59.489999999999995,7.0689,ok,,,22,7.068925936667229,0.00036691235169621816,6.568858449483406,58.989364908006706,6.874319259756767,3.359461018995802,-3.2119507392317392,-6.283835298153717,-12.03512855733937,6.86380527402344,3.358165930876711,-3.210692518606695,-6.273911624943372,-11.957929600806677,4.960653644204421,9.921307288408842,corrigido IPCA,0.9694785378797448,65.17166321138572,5.542062111602175,292.13139448168994,292.13139448168994
2026-10-05,AXIA18,CENTRAIS ELETRICAS BRASILEIRAS S/A ELETROBRAS,AXIA ENERGIA S.A.,Axia (ex-Eletrobras),inferido,IPCA_MAIS,S,Quirografária,S,AXIA ENERGIA S.A.,00001180000126,7.1591,0.1081,1021.75406,2033-02-15,2033-05-15,13.999999999999968,5.2053,ok,,,13,5.205287982223906,-0.00023087576305448742,4.857532381499944,31.22500587730016,5.017663021633334,2.468292763286617,-2.3902197868419406,-4.705245481610465,-9.120636616623157,5.013657410886445,2.467797448096597,-2.389734933403347,-4.701407352113443,-9.090564645453885,1.123080384152743,2.246160768305486,corrigido IPCA,0.9914204765970347,10.910798666098689,5.435469149127137,228.36803614401913,228.36803614401913
2026-10-05,AXIA19,CENTRAIS ELETRICAS BRASILEIRAS S/A ELETROBRAS,AXIA ENERGIA S.A.,Axia (ex-Eletrobras),inferido,IPCA_MAIS,S,Quirografária,N,AXIA ENERGIA S.A.,00001180000126,7.25,0.0677,1069.279154,2036-06-15,2035-05-15,23.219999999999974,6.353,ok,,,20,6.3529825766112005,-0.00027425450652112315,5.923526877959161,48.30805561294597,6.17292856907683,3.0231179830852106,-2.902322370988597,-5.689440169633208,-10.938999659970039,6.165067156023891,3.022148508495763,-2.9013783694633983,-5.681986599894431,-10.880892643659404,2.1833264199003586,4.366652839800717,corrigido IPCA,1.0662258236240665,25.865985463276246,5.5046941456422305,245.9158972571277,245.9158972571277
2026-10-05,AXIA28,CENTRAIS ELETRICAS BRASILEIRAS S/A ELETROBRAS,AXIA ENERGIA S.A.,Axia (ex-Eletrobras),inferido,IPCA_MAIS,S,Quirografária,S,AXIA ENERGIA S.A.,00001180000126,7.2153,0.1021,1005.899049,2036-02-15,2035-05-15,19.74999999999998,6.9896,ok,,,19,6.98962358316222,0.00033740360277425446,6.519240801604081,56.875435648825196,6.813402645685618,3.3319205989981393,-3.1896989058648018,-6.244118254671715,-11.973037687676868,6.803617979848207,3.3307146953630724,-3.188526106241009,-6.2348636233599555,-11.900972890231658,1.8524625904164567,3.7049251808329133,corrigido IPCA,0.9760361674588734,24.153299405776306,5.538088377437478,244.09819987435236,244.09819987435236
2026-10-05,AXIA38,CENTRAIS ELETRICAS BRASILEIRAS S/A ELETROBRAS,AXIA ENERGIA S.A.,Axia (ex-Eletrobras),inferido,IPCA_MAIS,S,Quirografária,S,AXIA ENERGIA S.A.,00001180000126,7.1276,0.1827,1001.082707,2041-02-15,2040-08-15,31.449999999999978,8.879,ok,,,29,8.879054586414862,0.0006147811111837057,8.28829786760355,95.75061805954468,8.789065656246887,4.266538207858117,-4.027064770407396,-7.8300076957925295,-14.819634850210871,8.767050957901274,4.263837206376206,-4.024460661227344,-7.809544777305827,-14.661583374016207,1.573704841073292,3.147409682146584,corrigido IPCA,0.9713628307708089,26.086668957010296,5.62479399532918,245.37542693731825,245.37542693731825
2026-10-05,AXIAA1,CENTRAIS ELETRICAS BRASILEIRAS S/A ELETROBRAS,AXIA ENERGIA S.A.,Axia (ex-Eletrobras),inferido,IPCA_MAIS,S,Quirografária,N,AXIA ENERGIA S.A.,00001180000126,7.2348,0.1913,1061.199971,2036-07-15,2035-05-15,21.699999999999964,6.4382,ok,,,20,6.438178708452608,-0.00033070652343563295,6.003814721016505,49.363632123040226,6.258728388633572,3.064610148861968,-2.9411746597045374,-5.764669238867426,-11.080161481415129,6.250632881631707,3.0636119006620532,-2.940202820354452,-5.756996560401304,-11.020356799572205,2.045984149983411,4.091968299966822,corrigido IPCA,1.0590749871061467,24.567419517273688,5.509332441522119,244.4157396653674,244.4157396653674
2026-10-05,BARU11,BARUERI ENERGIA RENOVAVEL S.A.,BARUERI ENERGIA RENOVAVEL S.A.,Isolada (a identificar),,IPCA_MAIS,S,Real,N,BARUERI ENERGIA RENOVAVEL S.A.,14641895000158,7.8222,0.0653,1293.571725,2043-03-15,2037-05-15,81.48999999999998,7.3074,ok,,,32,7.307459925092354,0.0008200603819974963,6.777324080840823,68.37761634577326,7.133907838764619,3.4759378861949575,-3.304930695402164,-6.449120286578713,-12.292886413101666,7.119212162569689,3.474134060852628,-3.303190019988195,-6.435435999111956,-12.18709583476618,6.6781857801408755,13.356371560281751,corrigido IPCA,0.9304505595017404,90.52045860815504,5.553800045005741,320.4971623201154,320.4971623201154
2026-10-05,BCPSA5,CLARO S/A,CLARO S/A,Claro,inferido,IPCA_MAIS,S,Quirografária,N,CLARO S/A,40432544000147,6.722,0.1616,1098.376638,2029-03-15,2029-05-15,-25.8,2.2835,ok,,,5,2.283484477099662,-0.0006797854319253951,2.1396567503416932,6.742624043007256,2.1738371716327753,1.0783146970136714,-1.0614574088637418,-2.106399278096305,-4.14806122294139,2.1733698705567295,1.0782566552246056,-1.0614000951170874,-2.105943630126657,-4.1444610198232406,-6.641518945250098,-13.283037890500196,corrigido IPCA,0.9827696909637735,-28.42114168745323,5.242316165884309,178.1779108472461,178.1779108472461
2026-10-05,BCPSA7,CLARO S/A,CLARO S/A,Claro,inferido,IPCA_MAIS,S,Quirografária,N,CLARO S/A,40432544000147,7.0185,0.0651,1051.174306,2036-01-15,2035-05-15,0.0700000000000145,6.3019,ok,,,19,6.3019731660192635,0.0011610152376848191,5.888676412040221,46.79850820906292,6.130068600250538,3.003749208578821,-2.886729592168358,-5.661709739589849,-10.89619266409697,6.122668953085535,3.0028363412814394,-2.885840070758782,-5.654683870994907,-10.841382659899184,0.14482273085126693,0.28964546170253386,corrigido IPCA,1.0157089460509408,1.7056283981822102,5.501889239905822,217.64295624448724,217.64295624448724
2026-10-05,BHSA11,BARREIRAS HOLDING S.A.,BARREIRAS HOLDING S.A.,Barreiras Holding,inferido,IPCA_MAIS,S,Quirografária,N,BARREIRAS HOLDING S.A.,50258089000169,7.8062,0.0996,1008.503525,2044-03-15,2037-05-15,79.88999999999997,7.5012,ok,,,35,7.501211129797583,0.0001483735613383096,6.9580516981375675,78.18893898156185,7.367752501897362,3.5790598497970505,-3.383498922833428,-6.584444273541212,-12.485900402944061,7.348996393045376,3.576762022795736,-3.381289675341831,-6.567107003229758,-12.352324616643898,6.740395721239657,13.480791442479314,corrigido IPCA,0.937192745668105,93.80004378858158,5.563113860064539,323.53597621893726,323.53597621893726
2026-10-05,BION17,BIOENERGETICA VALE DO PARACATU S/A.,BIOENERGETICA VALE DO PARACATU S/A.,Bioenergetica Vale,inferido,IPCA_MAIS,S,Real,N,BIOENERGETICA VALE DO PARACATU S/A.,08793343000162,9.7825,0.3764,1104.158698,2032-10-15,2030-08-15,269.5200000000001,3.3758,ok,,,13,3.375818988587747,0.0005624914908190887,3.0750064797101055,14.45609212308175,3.1487351462051283,1.5557527827247952,-1.5196094350987344,-3.004124322172852,-5.871887276936127,3.1472869403255146,1.555573355008905,-1.5194331247012007,-3.002726019094697,-5.860891116958576,44.44028070539985,88.8805614107997,corrigido IPCA,1.0568873746533574,273.3083022584811,5.2921257436826075,534.8848743805903,534.8848743805903
2026-10-05,BLMN12,BELO MONTE TRANSMISSORA DE ENERGIA SPE S.A.,BELO MONTE TRANSMISSORA DE ENERGIA SPE S.A.,Belo Monte (State Grid + Eletrobras),escritura,IPCA_MAIS,S,Real,S,BELO MONTE TRANSMISSORA DE ENERGIA SPE S.A.,20223016000170,6.9089,0.1041,1023.936351,2031-12-15,2029-05-15,-7.1100000000000385,2.1445,fluxo divergente da ANBIMA,,,11,2.2317228149921253,4.067279785130589,2.0874995580275595,8.542984647666703,2.131005153015386,1.0545265166457929,-1.0331674397648039,-2.045549450730466,-4.010159185508966,2.130214481265893,1.0544285098233632,-1.0330710482041963,-2.044784634789226,-4.004139423101785,-0.6318671349399563,-1.2637342698799126,corrigido IPCA,1.026683652726875,-2.6380447298385983,5.244783624085625,207.97249475349702,207.97249475349702
2026-10-05,BRKP28,BRK AMBIENTAL PARTICIPACOES S/A,BRK AMBIENTAL PARTICIPACOES S/A,BRK,CVM FRE,IPCA_MAIS,S,Quirografária,N,BRK AMBIENTAL PARTICIPACOES S/A,24396489000120,9.0506,0.0985,1206.742919,2034-09-15,2032-08-15,201.30999999999997,5.1415,ok,,,16,5.143611458847612,0.04106698137921903,4.716719998649812,29.541784765706037,4.868164443465828,2.3957491719430957,-2.3218850016501813,-4.572591176252683,-8.870657695592055,4.864428922478342,2.3952872302820385,-2.3214327683677736,-4.569011074821281,-8.842604301985503,21.202549823457844,42.40509964691569,corrigido IPCA,0.8459092186331518,200.0129815493453,5.431322474177258,450.7460941083538,450.7460941083538
2026-10-05,BRST11,BRISANET SERVICOS DE TELECOMUNICACOES S.A.,BRISANET SERVICOS DE TELECOMUNICACOES S.A.,Brisanet Servicos,inferido,IPCA_MAIS,S,Real,N,BRISANET SERVICOS DE TELECOMUNICACOES S.A.,04601397000128,6.6412,0.1331,575.981419,2028-03-15,2027-05-15,111.39000000000001,0.9131,ok,,,3,0.9131664441524123,0.0072767662262954586,0.8562979825362171,1.6836512621866198,0.8648002872163607,0.4302640094248522,-0.42605477880284237,-0.847962135434499,-1.6795758467608168,0.8647162388471501,0.43025355534584186,-0.4260444271903753,-0.8478797262252841,-1.6789229398287018,19.807117181026303,39.614234362052606,corrigido IPCA,0.995624235341199,33.92158896394253,6.096043493329106,252.94873660400015,252.94873660400015
2026-10-05,BRST15,BRISANET SERVICOS DE TELECOMUNICACOES S.A.,BRISANET SERVICOS DE TELECOMUNICACOES S.A.,Brisanet Servicos,inferido,IPCA_MAIS,S,Quirografária,N,BRISANET SERVICOS DE TELECOMUNICACOES S.A.,04601397000128,7.823,0.1846,1072.789883,2032-12-15,2031-05-15,78.48000000000006,4.2237,ok,,,13,4.223693285616855,-0.00015896922472217215,3.917247048975502,21.445043344422956,4.0268847577429545,1.9857284736445324,-1.9321101864104961,-3.8123434162172787,-7.423820616938448,4.024472265697617,1.9854298286682799,-1.9318172203072224,-3.8100218322533874,-7.405593231062545,9.753509429357882,19.507018858715764,corrigido IPCA,1.0330753163115063,76.41381205861379,5.363145635584021,304.47145063668336,304.47145063668336
2026-10-05,BTCL12,BRAZIL TOWER CESSAO DE INFRA-ESTRUTURAS S.A.,BRAZIL TOWER CESSAO DE INFRA-ESTRUTURAS S.A.,Brazil Tower,CVM FRE,IPCA_MAIS,S,Real,N,BRAZIL TOWER CESSAO DE INFRA-ESTRUTURAS S.A.,14292540000109,9.5409,0.2067,1152.110707,2039-02-15,2033-05-15,252.18000000000006,5.5006,ok,,,25,5.500604642134243,8.439323423514913e-05,5.021507621476766,39.25771560483674,5.224330003755928,2.5606310990919257,-2.4624645206148155,-4.831395953437112,-9.305951315863458,5.217796199500949,2.559825955244429,-2.461681666232337,-4.825219043452583,-9.257860930856797,25.52435067447205,51.0487013489441,corrigido IPCA,1.0768279889080918,256.34144289021407,5.454653433229972,515.8164287779581,515.8164287779581
2026-10-05,BTEL23,V.TAL - REDE NEUTRA DE TELECOMUNICACOES S.A.,V.TAL - REDE NEUTRA DE TELECOMUNICACOES S.A.,V Tal,CVM FRE,IPCA_MAIS,S,Quirografária,N,V.TAL - REDE NEUTRA DE TELECOMUNICACOES S.A.,02041460000193,9.6801,0.3127,1039.106057,2032-04-15,2031-05-15,264.18999999999994,4.0031,ok,,,12,4.003145372258496,0.0011334280556593987,3.649837456620204,18.902634231495117,3.74635569750581,1.8487953688794523,-1.8015343258590888,-3.5572580002463883,-6.936820136427235,3.7443506277776804,1.8485470210994712,-1.801290435520733,-3.5553242854627283,-6.921622228610507,35.852884897932896,71.70576979586579,corrigido IPCA,0.9856012654549425,261.71440445673664,5.345079659789498,522.284481443005,522.284481443005
2026-10-05,BTEL33,V.TAL - REDE NEUTRA DE TELECOMUNICACOES S.A.,V.TAL - REDE NEUTRA DE TELECOMUNICACOES S.A.,V Tal,CVM FRE,IPCA_MAIS,S,Quirografária,N,V.TAL - REDE NEUTRA DE TELECOMUNICACOES S.A.,02041460000193,9.9925,0.209,1014.384729,2035-04-15,2033-05-15,297.34,5.3936,ok,,,18,5.393611183998477,0.0002073568391549319,4.90361723208262,34.475692533023214,5.08087875487393,2.4955063839112057,-2.409303147483466,-4.735897614065044,-9.15414846699526,5.0759956947477365,2.4949032317075894,-2.408714000375031,-4.731238769417504,-9.117720613504776,30.311941701266424,60.62388340253285,corrigido IPCA,0.9621528767465906,297.2763193284276,5.447827426864449,564.9263927619536,564.9263927619536
2026-10-05,CAEC12,COMPANHIA DE AGUA E ESGOTO DO CEARA - CAGECE,COMPANHIA DE AGUA E ESGOTO DO CEARA - CAGECE,Isolada (a identificar),,IPCA_MAIS,S,Quirografária,N,COMPANHIA DE AGUA E ESGOTO DO CEARA - CAGECE,07040108000157,7.6798,0.3451,1167.026704,2036-06-15,2035-05-15,66.19999999999999,6.27,ok,,,20,6.2700458674992205,0.0007315390625354882,5.822861732190458,47.093572680287096,6.065931175074302,2.9712353693213567,-2.8534770027357825,-5.594604230817913,-10.760074529235764,6.058329595591894,2.970297831945588,-2.85256390024487,-5.5873938687890226,-10.703852010775176,5.911415902697787,11.822831805395573,corrigido IPCA,1.0556537613043064,68.84271488576212,5.500122737184476,296.4278030019973,296.4278030019973
2026-10-05,CAJS11,CONCESSIONARIA AGUAS DE JUTURNAIBA S/A,CONCESSIONARIA AGUAS DE JUTURNAIBA S/A,Isolada (a identificar),,IPCA_MAIS,S,Quirografária,N,CONCESSIONARIA AGUAS DE JUTURNAIBA S/A,02013199000118,7.5983,0.3944,1098.982742,2040-11-15,2033-05-15,57.920000000000016,5.8921,ok,,,29,5.892126547087496,0.0004505539195919261,5.476040557413544,49.32528255224185,5.73212778829022,2.800840353274614,-2.677490512203473,-5.238288306314709,-10.034412118259029,5.722666970174753,2.7996768818970743,-2.6763636755164697,-5.229414144652335,-9.965575463782251,6.012858346899503,12.025716693799007,corrigido IPCA,0.9007646154567253,65.85331234720847,5.478528609661648,291.2641910375969,291.2641910375969
2026-10-05,CAJS12,CONCESSIONARIA AGUAS DE JUTURNAIBA S/A,CONCESSIONARIA AGUAS DE JUTURNAIBA S/A,Isolada (a identificar),,IPCA_MAIS,S,Quirografária,N,CONCESSIONARIA AGUAS DE JUTURNAIBA S/A,02013199000118,7.8693,0.1968,941.999498,2037-09-15,2031-05-15,83.11000000000001,4.4604,ok,,,22,4.460361030696826,-0.0008736728359274542,4.134967994319817,28.672234061142213,4.282655897230936,2.1038580745178503,-2.0321638710290246,-3.995715518040577,-7.728547120525753,4.278329164625529,2.1033242897363364,-2.0316437045834808,-3.991606824014106,-7.696491307416791,10.667441817339494,21.334883634678988,corrigido IPCA,0.9616785997680526,88.21906099193525,5.381838600950051,317.3878608597537,317.3878608597537
2026-10-05,CART13,CONCESSIONÁRIA AUTO RAPOSO TAVARES S/A,CONCESSIONARIA AUTO RAPOSO TAVARES S/A,Isolada (a identificar),,IPCA_MAIS,S,Real,N,CONCESSIONARIA AUTO RAPOSO TAVARES S/A,10531501000158,8.2978,0.0941,11449.160009,2035-12-15,2031-05-15,125.96000000000006,3.8518,ok,,,19,3.851844186464213,0.001147164032735136,3.5567150823601335,21.064749220044998,3.6647491120948894,1.8050234509381369,-1.7523541877726312,-3.4539833086847826,-6.71242547256411,3.662038828460359,1.804688477705123,-1.7520266046550108,-3.451391336259909,-6.692135180319368,18.076543606876445,36.15308721375289,corrigido IPCA,0.9674833341332365,128.5862305670362,5.332398104392855,364.66880421992613,364.66880421992613
2026-10-05,CASN23,COMPANHIA CATARINENSE DE AGUAS E SANEAMENTO - CASAN,COMPANHIA CATARINENSE DE AGUAS E SANEAMENTO - CASAN,Casan,CVM FRE,IPCA_MAIS,S,Real,N,COMPANHIA CATARINENSE DE AGUAS E SANEAMENTO - CASAN,82508433000117,7.7741,0.0708,1187.026287,2033-11-16,2029-05-15,79.40999999999994,2.923,ok,,,15,2.922984108155896,-0.0005436826583722568,2.712139658930945,13.580253402344217,2.781541631080997,1.3732308973506635,-1.3392766896796915,-2.6456818786552483,-5.164005106901448,2.780040925942666,1.3730451462184028,-1.3390945127125422,-2.644238391919224,-5.152674249815005,14.419526657478904,28.83905331495781,corrigido IPCA,1.111318727074537,78.21554022152101,5.257746043031042,304.14376098542357,304.14376098542357
2026-10-05,CASN24,COMPANHIA CATARINENSE DE AGUAS E SANEAMENTO - CASAN,COMPANHIA CATARINENSE DE AGUAS E SANEAMENTO - CASAN,Casan,CVM FRE,IPCA_MAIS,S,Real,N,COMPANHIA CATARINENSE DE AGUAS E SANEAMENTO - CASAN,82508433000117,8.3071,0.4442,1156.596786,2032-04-15,2029-05-15,132.70999999999998,2.8925,ok,,,12,2.8924613864511706,-0.001334954151408903,2.670611055462819,11.509049673604133,2.72924128913159,1.3498263193337134,-1.3210514618319125,-2.614115044450205,-5.119298488598368,2.72815630383084,1.3496918398234146,-1.3209192156394043,-2.6130658070947983,-5.111041117453555,23.963829907952118,47.927659815904235,corrigido IPCA,1.0933317951998975,127.99613816681494,5.25580691808496,363.01502173572186,363.01502173572186
2026-10-05,CASN34,COMPANHIA CATARINENSE DE AGUAS E SANEAMENTO - CASAN,COMPANHIA CATARINENSE DE AGUAS E SANEAMENTO - CASAN,Casan,CVM FRE,IPCA_MAIS,S,Real,N,COMPANHIA CATARINENSE DE AGUAS E SANEAMENTO - CASAN,82508433000117,8.2953,0.4203,1216.803249,2037-04-15,2031-05-15,125.70999999999995,4.3567,ok,,,22,4.356717254092427,0.0003960358167147274,4.022997539221394,26.728322599548356,4.160496161516791,2.0453852575967213,-1.9785527776131073,-3.8930260384032134,-7.540090259877196,4.156639152219136,2.044909172860133,-1.9780883663612616,-3.8893559262236526,-7.5114286264518215,16.012394061679426,32.02478812335885,corrigido IPCA,1.1502450182589323,128.83564381435917,5.373747389325856,365.2819387992337,365.2819387992337
2026-10-05,CBAN12,CONCESSIONÁRIA ROTA DAS BANDEIRAS S/A,CONCESSIONARIA ROTA DAS BANDEIRAS S/A,Isolada (a identificar),,IPCA_MAIS,S,Real,N,CONCESSIONARIA ROTA DAS BANDEIRAS S/A,10647979000148,7.2477,0.1586,1476.992005,2034-07-15,2031-05-15,20.950000000000024,4.0196,ok,,,16,4.019592004910751,-0.00019890260842931755,3.7479517089044814,21.548144707984488,3.858348434794312,1.901239472590932,-1.8473621936201057,-3.6427562502375443,-7.084884469582842,3.855692432444404,1.9009110353372216,-1.84704067356726,-3.6402109853645594,-7.064940523649274,2.8657397915564466,5.731479583112893,corrigido IPCA,0.9276154001507133,21.48130869807911,5.346445666763477,239.13790419490218,239.13790419490218
2026-10-05,CBAN32,CONCESSIONÁRIA ROTA DAS BANDEIRAS S/A,CONCESSIONARIA ROTA DAS BANDEIRAS S/A,Isolada (a identificar),,IPCA_MAIS,S,Real,N,CONCESSIONARIA ROTA DAS BANDEIRAS S/A,10647979000148,7.2799,0.1828,1493.710111,2034-07-15,2031-05-15,24.16999999999998,4.0066,ok,,,16,4.006652772410027,0.0013171369746832029,3.7347655734299035,21.43934391343269,3.8446020900755107,1.8945084027700787,-1.8409031734211712,-3.6300986755200104,-7.0605675295691395,3.841962292997067,1.894181966606743,-1.840583606823161,-3.6275688538627406,-7.040744268591154,3.3124979012126974,6.624995802425395,corrigido IPCA,0.9343892138845944,24.742806247015984,5.3453712025570255,242.95499036723004,242.95499036723004
2026-10-05,CBAN52,CONCESSIONÁRIA ROTA DAS BANDEIRAS S/A,CONCESSIONARIA ROTA DAS BANDEIRAS S/A,Isolada (a identificar),,IPCA_MAIS,S,Real,N,CONCESSIONARIA ROTA DAS BANDEIRAS S/A,10647979000148,7.2791,0.1833,1493.754744,2034-07-15,2031-05-15,24.08999999999999,4.0067,ok,,,16,4.006687184031637,-0.00031986343781666333,3.734825500989137,21.4399435599671,3.8446651172309165,1.8945391286050217,-1.8409323998297644,-3.6301557010471996,-7.060676141691136,3.8420252187889727,1.8942126799445274,-1.8406128210446095,-3.627625783189301,-7.040852130778933,3.3017252725663857,6.603450545132771,corrigido IPCA,0.9344171323229986,24.662735490482493,5.3453740623163215,242.86082906075862,242.86082906075862
2026-10-05,CBAN72,CONCESSIONÁRIA ROTA DAS BANDEIRAS S/A,CONCESSIONARIA ROTA DAS BANDEIRAS S/A,Isolada (a identificar),,IPCA_MAIS,S,Real,N,CONCESSIONARIA ROTA DAS BANDEIRAS S/A,10647979000148,7.2433,0.1202,1495.754048,2034-07-15,2031-05-15,20.509999999999984,4.0082,ok,,,16,4.008227457939108,0.0006850441372012482,3.7375085044372076,21.46679704056483,3.84748693030752,1.8959147574176605,-1.8422408801558654,-3.632708744423918,-7.0655386634917665,3.8448424896400315,1.89558774851931,-1.8419207559178978,-3.6301745192343837,-7.045681068063119,2.820003088061333,5.640006176122666,corrigido IPCA,0.9356677960472765,21.079571048336838,5.345502053777307,238.64711346226136,238.64711346226136
2026-10-05,CCLS11,CICLUS AMBIENTAL DO BRASIL S.A.,REGENERA RIO S.A,Aegea,CVM FRE,IPCA_MAIS,S,Quirografária,N,REGENERA RIO S.A,10319900000150,13.2833,1.6375,1043.15699,2031-01-15,2030-08-15,619.6,3.6384,ok,,,9,3.6383802175463904,-0.0005437129949827265,3.2117533807245997,14.244022986483127,3.2842749552677297,1.623843109998524,-1.5882305265552343,-3.141794290438482,-6.148559549377907,3.2829734956570156,1.6236817190954038,-1.5880716616291959,-3.1405332657921834,-6.138626301719537,96.79076816021582,193.58153632043164,corrigido IPCA,0.8133940944402613,621.7361537230082,5.31427973510703,945.4427692334876,945.4427692334876
2026-10-05,CCPV11,CONCESSIONARIA DE RODOVIAS PRVIAS S.A.,CONCESSIONARIA DE RODOVIAS PRVIAS S.A.,Motiva (ex-CCR),CVM FRE,IPCA_MAIS,S,Quirografária,N,CONCESSIONARIA DE RODOVIAS PRVIAS S.A.,59196897000113,7.122,0.1506,1220.640317,2030-02-15,2030-08-15,3.4699999999999953,3.1635,ok,,,5,3.1635633441999738,0.0020023455025693217,2.9532340174753773,11.675860296413283,3.0125839182707725,1.4913322645294214,-1.4621408621778298,-2.895797276803447,-5.680383608142403,3.011613318957444,1.4912118341082055,-1.462022183367172,-2.894854715993311,-5.672950829022489,0.8229884799524451,1.6459769599048901,corrigido IPCA,0.9527405801760885,4.860955149971827,5.275017913206259,219.0016110740251,219.0016110740251
2026-10-05,CCROA5,MOTIVA INFRAESTRUTURA DE MOBILIDADE S.A.,MOTIVA INFRAESTRUTURA DE MOBILIDADE S.A.,Motiva (ex-CCR),CVM FRE,IPCA_MAIS,S,Quirografária,S,MOTIVA INFRAESTRUTURA DE MOBILIDADE S.A.,02846056000197,7.1231,0.1029,969.444094,2033-11-15,2032-08-15,8.560000000000034,4.8833,ok,,,15,4.883268600791875,-0.0006429915861224123,4.5585579588266905,30.194254162294673,4.713588947247738,2.3175235187369303,-2.2420267447266995,-4.411468086100234,-8.543609969474907,4.709529229638164,2.3170217971162135,-2.241536161710477,-4.4075866880152175,-8.513230834407489,0.9860208583940553,1.9720417167881106,corrigido IPCA,0.9176154530227152,8.989666463202692,5.4132506095657895,225.49317433500616,225.49317433500616
2026-10-05,CCROB4,MOTIVA INFRAESTRUTURA DE MOBILIDADE S.A.,MOTIVA INFRAESTRUTURA DE MOBILIDADE S.A.,Motiva (ex-CCR),CVM FRE,IPCA_MAIS,S,Quirografária,N,MOTIVA INFRAESTRUTURA DE MOBILIDADE S.A.,02846056000197,6.2794,0.2711,830.341135,2028-12-15,2027-05-15,75.20999999999995,1.1277,ok,,,5,1.1277686424303586,0.006086940707514876,1.0611356880358362,2.698295106455634,1.0747915085068005,0.5339611367340291,-0.5272151643834322,-1.0478048037766197,-2.0695756836163315,1.0746271635681144,0.5339407129009878,-0.5271949751348486,-1.047644212503558,-2.06830547394256,-17.59520434995271,-35.19040869990542,corrigido IPCA,0.9912233313392482,-37.341798548036415,5.759968895512069,170.29079391923642,170.29079391923642
2026-10-05,CCROB6,MOTIVA INFRAESTRUTURA DE MOBILIDADE S.A.,MOTIVA INFRAESTRUTURA DE MOBILIDADE S.A.,Motiva (ex-CCR),CVM FRE,IPCA_MAIS,S,Quirografária,N,MOTIVA INFRAESTRUTURA DE MOBILIDADE S.A.,02846056000197,7.1478,0.117,1220.186006,2036-01-15,2033-05-15,12.870000000000026,5.3379,ok,,,19,5.337926722946206,0.0005006265798552334,4.981835112756591,36.3192139534518,5.168886944202189,2.5369899154527475,-2.4461752041152196,-4.805427810392038,-9.277796720279685,5.16343118252385,2.5363165738201103,-2.445518538936481,-4.8002390429893325,-9.237285946444146,1.3984254699405874,2.7968509398811747,corrigido IPCA,0.9786390800799165,13.93345021744631,5.444219788650551,231.2636025963024,231.2636025963024
2026-10-05,CDES11,VPORTS AUTORIDADE PORTUARIA S/A,VPORTS AUTORIDADE PORTUARIA S/A,Isolada (a identificar),,IPCA_MAIS,S,Quirografária,N,VPORTS AUTORIDADE PORTUARIA S/A,27316538000166,7.2088,0.1939,1167.540946,2038-12-15,2035-05-15,19.099999999999984,6.3733,ok,,,25,6.373365808460547,0.0010325649278507588,5.944815918525856,52.059648062348316,6.214473347953442,3.038634918884364,-2.9084521725195267,-5.6933384373146545,-10.91701225101862,6.205114158837597,3.0374825193408634,-2.9073333991849926,-5.684517678214114,-10.848438875804746,2.0777541158760133,4.155508231752027,corrigido IPCA,1.0755629969816598,24.70373148568468,5.50580909270848,243.84542762764258,243.84542762764258
2026-10-05,CEAD11,CEA II CENTRAIS EOLICAS ASSURUA II SPE S/A,ASSURUA 2 ENERGIA S.A.,Isolada (a identificar),,IPCA_MAIS,S,Real,N,ASSURUA 2 ENERGIA S.A.,24274124000123,8.0604,0.1637,716.582913,2030-06-15,2028-08-15,108.17999999999995,1.7619,ok,,,8,1.7618810033235643,-0.001078192657680833,1.6304594498295069,5.374907722976779,1.6577399042445817,0.8219987459811451,-0.8085607847994059,-1.603979751841178,-3.1565368601964128,1.657333988444391,0.8219483595684745,-0.8085110902610326,-1.6035849112146232,-3.1534207451994782,36.56582314201987,73.13164628403975,corrigido IPCA,0.9971243958157063,119.23818376540156,5.321085130309733,351.4249033090802,351.4249033090802
2026-10-05,CEAL12,EQUATORIAL ALAGOAS DISTRIBUIDORA DE ENERGIA S.A.,EQUATORIAL ALAGOAS DISTRIBUIDORA DE ENERGIA S.A.,Equatorial,inferido,IPCA_MAIS,S,Quirografária,N,EQUATORIAL ALAGOAS DISTRIBUIDORA DE ENERGIA S.A.,12272084000100,7.6328,0.187,1036.477945,2037-08-15,2035-05-15,61.49999999999993,6.8213,ok,,,22,6.82135446906039,0.0007985143651515585,6.337616850124117,54.97632278052627,6.62202538550134,3.238702704189045,-3.101229185367349,-6.0717383906230165,-11.645786505312872,6.612498464026749,3.237528828537716,-3.1000880215864006,-6.062735236221486,-11.575707244637709,5.214918710064238,10.429837420128475,corrigido IPCA,0.9899396411834005,66.10031337786128,5.529529895280794,293.2102183630379,293.2102183630379
2026-10-05,CEAL21,EQUATORIAL ALAGOAS DISTRIBUIDORA DE ENERGIA S.A.,EQUATORIAL ALAGOAS DISTRIBUIDORA DE ENERGIA S.A.,Equatorial,inferido,IPCA_MAIS,S,Quirografária,N,EQUATORIAL ALAGOAS DISTRIBUIDORA DE ENERGIA S.A.,12272084000100,7.5763,0.0686,1169.762938,2034-10-15,2032-08-15,53.88000000000002,4.8454,ok,,,17,4.845452096865006,0.001075181925247807,4.504200364638871,28.544862856154538,4.650643848860048,2.2882409840554008,-2.2168687922338504,-4.365034571783166,-8.46536595484051,4.6469246789196434,2.287781260889629,-2.2164191037492422,-4.361476050358099,-8.437503472154653,5.895157996611674,11.790315993223349,corrigido IPCA,0.9741478955204514,53.10594559588412,5.410546812110906,277.4521816540636,277.4521816540636
2026-10-05,CEAM11,AMBIENTAL CEARA 2 SPE S.A.,AMBIENTAL CEARA 2 SPE S.A.,Isolada (a identificar),,IPCA_MAIS,S,Real,N,AMBIENTAL CEARA 2 SPE S.A.,48569926000129,11.6308,0.5615,79.241377,2045-12-15,2037-05-15,462.3500000000001,7.3022,ok,,,39,7.302218636140805,0.00025521268665296826,6.541401330224995,70.56444337422099,6.910500267435782,3.3609015916796547,-3.184415973154353,-6.203662399061082,-11.787859838361193,6.894223547096101,3.3589062193302737,-3.1824951108947217,-6.1885791133538905,-11.671513792965571,36.38894736767215,72.7778947353443,corrigido IPCA,0.7628397125946876,476.0694174327559,5.553545436733454,772.9542836261927,772.9542836261927
2026-10-05,CEAP12,COMPANHIA DE ELETRICIDADE DO AMAPA - CEA,COMPANHIA DE ELETRICIDADE DO AMAPA - CEA,Isolada (a identificar),,IPCA_MAIS,S,Quirografária,N,COMPANHIA DE ELETRICIDADE DO AMAPA - CEA,05965546000109,7.4434,0.1054,1137.395029,2030-07-15,2030-08-15,35.609999999999964,2.9253,ok,,,8,2.9253327916419534,0.0011209668052287224,2.7226733253433464,10.615020266745692,2.7766317234336313,1.3747150298705435,-1.348175873548496,-2.670455817116668,-5.239808291957038,2.775748426677075,1.3746054380051054,-1.348067887338241,-2.669598224009618,-5.23304624535178,7.216829453979819,14.433658907959638,corrigido IPCA,0.9884821234522303,39.29813809580608,5.257898123764226,258.94453576964355,258.94453576964355
2026-10-05,CEAP14,COMPANHIA DE ELETRICIDADE DO AMAPA - CEA,COMPANHIA DE ELETRICIDADE DO AMAPA - CEA,Isolada (a identificar),,IPCA_MAIS,S,Quirografária,N,COMPANHIA DE ELETRICIDADE DO AMAPA - CEA,05965546000109,7.5614,0.0675,1116.288519,2033-12-15,2032-08-15,52.39000000000003,5.0047,ok,,,15,5.004754647871952,0.001091931023879251,4.652928139529563,29.419914371642154,4.803782770987386,2.363703280831997,-2.290143660507926,-4.509426189036936,-8.74564413460892,4.8000277113877745,2.3632389627293344,-2.2896891768002288,-4.505828567671353,-8.717457991626285,5.511655874898085,11.02331174979617,corrigido IPCA,0.9826193015331659,51.290677431433465,5.421800039269153,275.6201371046709,275.6201371046709
2026-10-05,CEAP17,COMPANHIA DE ELETRICIDADE DO AMAPA - CEA,COMPANHIA DE ELETRICIDADE DO AMAPA - CEA,Isolada (a identificar),,IPCA_MAIS,S,Quirografária,N,COMPANHIA DE ELETRICIDADE DO AMAPA - CEA,05965546000109,7.6726,0.0835,1126.301463,2036-12-15,2035-05-15,65.47999999999999,6.2994,ok,,,21,6.299417320925617,0.0002749615140562546,5.850529587774064,47.684010734282076,6.096746083408511,2.985831163172592,-2.8665956778681334,-5.61949836239407,-10.804969986302893,6.088949641445475,2.984869807304885,-2.8656597804691795,-5.612109534102654,-10.747378960862488,5.842414741357873,11.684829482715745,corrigido IPCA,1.038379810054198,68.36244061672318,5.501748138914442,295.80030997483857,295.80030997483857
2026-10-05,CEAP19,COMPANHIA DE ELETRICIDADE DO AMAPA - CEA,COMPANHIA DE ELETRICIDADE DO AMAPA - CEA,Isolada (a identificar),,IPCA_MAIS,S,Quirografária,N,COMPANHIA DE ELETRICIDADE DO AMAPA - CEA,05965546000109,7.718,0.0966,1029.565585,2037-06-15,2035-05-15,70.01999999999997,6.6815,ok,,,22,6.6814776517684935,-0.000334479256248806,6.20274944927356,53.10590712524592,6.477356293641057,3.1688757931342293,-3.0360802450207447,-5.945804388211917,-11.410223865133684,6.468278984899791,3.167757108543338,-3.0349923407302226,-5.937219913647331,-11.343380756042203,5.984267064715788,11.968534129431577,corrigido IPCA,0.9804869152865473,74.23781847994353,5.522276429941253,302.7595676765852,302.7595676765852
2026-10-05,CEEBB6,CIA DE ELETRICIDADE DO ESTADO DA BAHIA - COELBA,CIA. DE ELETRIC. DO EST. DA BAHIA-COELBA,Neoenergia,CVM FRE,IPCA_MAIS,S,Quirografária,N,CIA. DE ELETRIC. DO EST. DA BAHIA-COELBA,15139629000194,7.387,0.0593,1122.561475,2030-08-15,2030-08-15,29.969999999999963,3.0244,ok,,,8,3.024427973415334,0.0009249244588643321,2.816381846420269,11.212387882773754,2.873392728537283,1.4223241322862679,-1.394291413196902,-2.7612408492931784,-5.415776017962603,2.8724437858341374,1.4222064080636014,-1.3941754383566671,-2.7603199070063997,-5.408515935185062,5.887677834405282,11.775355668810564,corrigido IPCA,0.9762307692916142,33.163897940780075,5.2646485678705,251.91215141176815,251.91215141176815
2026-10-05,CEEBB7,CIA DE ELETRICIDADE DO ESTADO DA BAHIA - COELBA,CIA. DE ELETRIC. DO EST. DA BAHIA-COELBA,Neoenergia,CVM FRE,IPCA_MAIS,S,Quirografária,S,CIA. DE ELETRIC. DO EST. DA BAHIA-COELBA,15139629000194,7.6084,0.1042,1084.490599,2033-11-15,2032-08-15,57.089999999999996,4.9934,ok,,,15,4.993439293612274,0.0007869109679433539,4.640380577735821,29.16510881091671,4.789901466070212,2.3571036448856164,-2.2841812623899616,-4.498096525451556,-8.725209407486744,4.786206121790404,2.3566466748815564,-2.2837339028542645,-4.494555033681237,-8.697458979253309,6.002911428562794,12.005822857125588,corrigido IPCA,0.9535073086737453,55.711587205942365,5.421012441949147,280.84464042937304,280.84464042937304
2026-10-05,CEEBC3,CIA DE ELETRICIDADE DO ESTADO DA BAHIA - COELBA,CIA. DE ELETRIC. DO EST. DA BAHIA-COELBA,Neoenergia,CVM FRE,IPCA_MAIS,S,Quirografária,N,CIA. DE ELETRIC. DO EST. DA BAHIA-COELBA,15139629000194,7.4133,0.0906,1249.936987,2031-10-15,2030-08-15,32.599999999999966,3.4924,ok,,,11,3.4924147059469566,0.00042108426745584605,3.251380141888348,15.02897250906522,3.3279829213747725,1.644656974374925,-1.6070815131973948,-3.1776446941759295,-6.2132709155534265,3.326525004433674,1.6444762865805054,-1.6069038553078423,-3.1762352793430217,-6.202180833595391,5.3371785858080845,10.674357171616169,corrigido IPCA,0.974752383145471,34.70639293521628,5.3018949829980455,254.51043322313092,254.51043322313092
2026-10-05,CEEBC4,CIA DE ELETRICIDADE DO ESTADO DA BAHIA - COELBA,CIA. DE ELETRIC. DO EST. DA BAHIA-COELBA,Neoenergia,CVM FRE,IPCA_MAIS,S,Quirografária,N,CIA. DE ELETRIC. DO EST. DA BAHIA-COELBA,15139629000194,7.4156,0.076,1198.360965,2032-04-15,2031-05-15,37.740000000000066,3.8354,ok,,,12,3.835465342077353,0.0017036574373695084,3.5706781343467364,17.90051827875339,3.6620414282807934,1.8079452024325038,-1.7631898103617205,-3.4829706740862165,-6.797457145116992,3.6601807257405037,1.80771471502181,-1.7629634193249266,-3.4811755429529696,-6.783345903118406,4.873130648718134,9.746261297436268,corrigido IPCA,0.9879196378031735,34.80076210638554,5.331014727446348,255.11024106106444,255.11024106106444
2026-10-05,CEEBD2,CIA DE ELETRICIDADE DO ESTADO DA BAHIA - COELBA,CIA. DE ELETRIC. DO EST. DA BAHIA-COELBA,Neoenergia,CVM FRE,IPCA_MAIS,S,Quirografária,S,CIA. DE ELETRIC. DO EST. DA BAHIA-COELBA,15139629000194,7.5575,0.1272,983.399469,2035-11-15,2035-05-15,53.969999999999985,6.7852,ok,,,19,6.785268144607311,0.0010043124345875969,6.3085030282475065,53.88003779220859,6.586966997340449,3.2227189572159087,-3.087988825250232,-6.0476856907847765,-11.606275974104918,6.57790321720855,3.2216015613640145,-3.086901466883493,-6.039102839286464,-11.539405300650843,4.577198813205809,9.154397626411617,corrigido IPCA,0.9451184837633373,57.750545147999475,5.527671062287842,283.5932022666867,283.5932022666867
2026-10-05,CEEBE3,CIA DE ELETRICIDADE DO ESTADO DA BAHIA - COELBA,CIA. DE ELETRIC. DO EST. DA BAHIA-COELBA,Neoenergia,CVM FRE,IPCA_MAIS,S,Quirografária,N,CIA. DE ELETRIC. DO EST. DA BAHIA-COELBA,15139629000194,7.3833,0.1876,1047.141427,2031-03-15,2031-05-15,34.51000000000004,3.7998,ok,,,5,3.799861283507974,0.0016128087787271642,3.5385961164426627,17.09329302465346,3.625756567977767,1.7908746078618032,-1.748137831333485,-3.4547669077053755,-6.748207742716394,3.6240625815659295,1.790664674502148,-1.7479314419405145,-3.4531296513193954,-6.735326372392255,4.459190854173544,8.918381708347088,corrigido IPCA,1.023317927628248,31.558550878110285,5.328002058714709,251.2919360059484,251.2919360059484
2026-10-05,CEED12,COMPANHIA ESTADUAL DE DISTRIBUICAO DE ENERGIA ELETRICA - CEEE D,COMPANHIA ESTADUAL DE DISTRIBUICAO DE ENERGIA ELETRICA - CEEE D,Equatorial,CVM FRE,IPCA_MAIS,S,Quirografária,N,COMPANHIA ESTADUAL DE DISTRIBUICAO DE ENERGIA ELETRICA - CEEE D,08467115000100,7.216,0.1782,1213.950165,2029-12-15,2029-05-15,23.599999999999977,2.8331,ok,,,7,2.833098854362281,-4.043760258774509e-05,2.6424217041880698,9.985972318354532,2.693153931502801,1.3337928939850086,-1.3088265541338795,-2.5932716531986144,-5.091275720682731,2.692351565779842,1.333693317491978,-1.3087283866960917,-2.592491842596297,-5.085123962009049,3.1578460067670506,6.315692013534101,corrigido IPCA,1.0200983964040886,16.68872165352976,5.252249784393315,232.22268069553235,232.22268069553235
2026-10-05,CEED13,COMPANHIA ESTADUAL DE DISTRIBUICAO DE ENERGIA ELETRICA - CEEE D,COMPANHIA ESTADUAL DE DISTRIBUICAO DE ENERGIA ELETRICA - CEEE D,Equatorial,CVM FRE,IPCA_MAIS,S,Quirografária,N,COMPANHIA ESTADUAL DE DISTRIBUICAO DE ENERGIA ELETRICA - CEEE D,08467115000100,7.5306,0.0977,1134.569671,2030-07-15,2030-08-15,44.329999999999984,2.9247,ok,,,8,2.924706889357702,0.0002355577564228839,2.7198833535362974,10.594715747660015,2.7737377700916444,1.3732943589872537,-1.3468059695455392,-2.6677650010300535,-5.234615859105018,2.772856932274598,1.3731850714527238,-1.3466982820835738,-2.6669097747979973,-5.227872392119394,8.828260174729229,17.656520349458457,corrigido IPCA,0.9861392812885068,48.02367577986695,5.2578575566972985,269.2093607082164,269.2093607082164
2026-10-05,CEED15,COMPANHIA ESTADUAL DE DISTRIBUICAO DE ENERGIA ELETRICA - CEEE D,COMPANHIA ESTADUAL DE DISTRIBUICAO DE ENERGIA ELETRICA - CEEE D,Equatorial,CVM FRE,IPCA_MAIS,S,Quirografária,N,COMPANHIA ESTADUAL DE DISTRIBUICAO DE ENERGIA ELETRICA - CEEE D,08467115000100,7.7064,0.106,1062.307218,2036-05-15,2035-05-15,68.86000000000001,6.1407,ok,,,20,6.140748812801077,0.00079490613574352,5.701377831587609,44.55408470562721,5.931111013358548,2.907240571885583,-2.795833544894344,-5.485220894489052,-10.563276158451284,5.924148255115746,2.906381521675839,-2.7949963099117707,-5.4786074080594735,-10.511673969062675,6.160570648137565,12.32114129627513,corrigido IPCA,0.9596182712586698,70.24748184644166,5.492880307900183,298.15857745503683,298.15857745503683
2026-10-05,CEED17,COMPANHIA ESTADUAL DE DISTRIBUICAO DE ENERGIA ELETRICA - CEEE D,COMPANHIA ESTADUAL DE DISTRIBUICAO DE ENERGIA ELETRICA - CEEE D,Equatorial,CVM FRE,IPCA_MAIS,S,Quirografária,N,COMPANHIA ESTADUAL DE DISTRIBUICAO DE ENERGIA ELETRICA - CEEE D,08467115000100,7.68,0.1122,1034.840115,2036-09-15,2035-05-15,66.21999999999994,6.4693,ok,,,20,6.469333579485137,0.0005190590193279105,6.007924943801204,48.46382707499997,6.2580514795864906,3.065505163692328,-2.9443204757152897,-5.773011014319563,-11.104314029136141,6.250244079176204,3.0645422557443522,-2.9433826880568525,-5.765605808426204,-11.04657334610241,5.693893673808187,11.387787347616374,corrigido IPCA,0.9426999671900073,68.41697166044817,5.511014450171592,296.1167414148775,296.1167414148775
2026-10-05,CEED19,COMPANHIA ESTADUAL DE DISTRIBUICAO DE ENERGIA ELETRICA - CEEE D,COMPANHIA ESTADUAL DE DISTRIBUICAO DE ENERGIA ELETRICA - CEEE D,Equatorial,CVM FRE,IPCA_MAIS,S,Quirografária,N,COMPANHIA ESTADUAL DE DISTRIBUICAO DE ENERGIA ELETRICA - CEEE D,08467115000100,7.6984,0.1256,1030.818318,2037-06-15,2035-05-15,68.06,6.6833,ok,,,22,6.683350907378856,0.000761710215857131,6.205617639053929,53.145136051133754,6.48042951555039,3.1703600160017054,-3.0374663588564443,-5.9484847339332685,-11.415239917866039,6.471343319309598,3.169240239590882,-3.0363773994630474,-5.93989195879826,-11.348332557085183,5.8236082444421156,11.647216488884231,corrigido IPCA,0.981679932168164,72.27817208929974,5.522374443453737,300.4554315583858,300.4554315583858
2026-10-05,CEED21,COMPANHIA ESTADUAL DE DISTRIBUICAO DE ENERGIA ELETRICA - CEEE D,COMPANHIA ESTADUAL DE DISTRIBUICAO DE ENERGIA ELETRICA - CEEE D,Equatorial,CVM FRE,IPCA_MAIS,S,Quirografária,N,COMPANHIA ESTADUAL DE DISTRIBUICAO DE ENERGIA ELETRICA - CEEE D,08467115000100,7.3345,0.1592,1271.267846,2029-08-15,2029-05-15,35.44999999999998,2.2054,ok,,,6,2.205420485901943,0.0009288973402925883,2.054717249255312,6.475092115279185,2.0875477061430114,1.035508996402279,-1.0193205440300557,-2.022785227812174,-3.983435592672857,2.0870927098317082,1.0354524897717552,-1.019264759483557,-2.0223417886789163,-3.9799326562050408,8.518734789981181,17.037469579962362,corrigido IPCA,0.9683429410568225,35.00718262961132,5.246368601691742,252.54802070080441,252.54802070080441
2026-10-05,CEPEA7,COMPANHIA ENERGÉTICA DE PERNAMBUCO - CELPE,COMPANHIA ENERGETICA DE PERNAMBUCO-CELPE,Neoenergia,CVM FRE,IPCA_MAIS,S,Quirografária,N,COMPANHIA ENERGETICA DE PERNAMBUCO-CELPE,10835932000108,7.4922,0.178,1062.143389,2035-08-15,2040-08-15,67.91,8.8056,ok,,,1,8.805555555555555,-0.0005047293136723859,8.191808852694015,74.72657938979623,8.5783135361432,4.190899347783383,-4.004039942136373,-7.830359958832611,-14.983995146638051,8.565441749642996,4.189312650584252,-4.0024962021097625,-7.8181759557450325,-14.889086117592104,3.1273264868319273,6.2546529736638545,corrigido IPCA,1.0148783532659458,51.236921600188516,5.621674278565614,277.37802910621673,277.37802910621673
2026-10-05,CEPEA8,COMPANHIA ENERGÉTICA DE PERNAMBUCO - CELPE,COMPANHIA ENERGETICA DE PERNAMBUCO-CELPE,Neoenergia,CVM FRE,IPCA_MAIS,S,Quirografária,N,COMPANHIA ENERGETICA DE PERNAMBUCO-CELPE,10835932000108,7.2812,0.2026,1050.934001,2031-03-15,2031-05-15,24.300000000000033,3.8012,ok,,,5,3.80125982773595,0.001573917077496932,3.5432674389696888,17.133602661045888,3.6306351414188365,1.7932613611278736,-1.7504237951531665,-3.4592421392866113,-6.756786925557467,3.6289354522749186,1.7930507228111519,-1.7502167161585374,-3.4575994256644593,-6.743862824718461,3.0114463746756344,6.022892749351269,corrigido IPCA,1.0270242150490774,21.34071976718298,5.32812052843008,239.27242064600833,239.27242064600833
2026-10-05,CEPEB3,COMPANHIA ENERGÉTICA DE PERNAMBUCO - CELPE,COMPANHIA ENERGETICA DE PERNAMBUCO-CELPE,Neoenergia,CVM FRE,IPCA_MAIS,S,Quirografária,N,COMPANHIA ENERGETICA DE PERNAMBUCO-CELPE,10835932000108,7.5185,0.0971,1089.02758,2033-11-15,2032-08-15,48.10000000000008,4.9966,ok,,,15,4.996649309033353,0.000986851726240193,4.6472461102353115,29.23863497380083,4.797147567050253,2.360629914114809,-2.2875236738512106,-4.504606686688106,-8.737565492601519,4.7934392851043155,2.360171348834907,-2.287074761400405,-4.501052935366308,-8.709719520994607,5.026308823696036,10.052617647392072,corrigido IPCA,0.9574963199477704,46.71698825952565,5.421236052991496,270.2657258246045,270.2657258246045
2026-10-05,CEPEB7,COMPANHIA ENERGÉTICA DE PERNAMBUCO - CELPE,COMPANHIA ENERGETICA DE PERNAMBUCO-CELPE,Neoenergia,CVM FRE,IPCA_MAIS,S,Quirografária,N,COMPANHIA ENERGETICA DE PERNAMBUCO-CELPE,10835932000108,7.5059,0.095,992.409928,2040-08-15,2040-08-15,69.27999999999992,8.5808,ok,,,28,8.580823336180433,0.0002719580975360733,7.981723176291193,88.90045694979591,8.445937400761693,4.104407137669752,-3.882071979510271,-7.555587334531055,-14.327453933278733,8.426225461040172,4.101987159332841,-3.8797360169583515,-7.537220891542214,-14.185437213586468,3.9220962792941383,7.844192558588277,corrigido IPCA,0.9482480324821777,62.61017354417496,5.612028474371811,288.4298703977502,288.4298703977502
2026-10-05,CEPEC1,COMPANHIA ENERGÉTICA DE PERNAMBUCO - CELPE,COMPANHIA ENERGETICA DE PERNAMBUCO-CELPE,Neoenergia,CVM FRE,IPCA_MAIS,S,Quirografária,N,COMPANHIA ENERGETICA DE PERNAMBUCO-CELPE,10835932000108,7.3875,0.0658,1253.523172,2031-10-15,2030-08-15,30.020000000000024,3.4896,ok,,,11,3.489680283771282,0.0023006582783731107,3.2496149773216456,15.021532616117993,3.3261800521830143,1.6437650293197104,-1.6062081684176333,-3.1759162321091106,-6.209885440637608,3.3247226404022356,1.6435844044309704,-1.6060305728906754,-3.174507314241056,-6.198799302320931,4.945234502408505,9.89046900481701,corrigido IPCA,0.9775490370376395,32.14021621078887,5.301664154426744,251.48584639061744,251.48584639061744
2026-10-05,CEPEC2,COMPANHIA ENERGÉTICA DE PERNAMBUCO - CELPE,COMPANHIA ENERGETICA DE PERNAMBUCO-CELPE,Neoenergia,CVM FRE,IPCA_MAIS,S,Quirografária,N,COMPANHIA ENERGETICA DE PERNAMBUCO-CELPE,10835932000108,7.4268,0.06,1197.881854,2032-04-15,2031-05-15,38.86000000000003,3.8352,ok,,,12,3.8352455872004314,0.0011886524935195767,3.5701013035857265,17.895397916740706,3.661438240562509,1.8076502932685257,-1.7629077043469277,-3.4824187244334337,-6.796400252221257,3.65957829316943,1.807419899188789,-1.7626814043969374,-3.480624314002023,-6.782294648836638,5.030867227586303,10.061734455172607,corrigido IPCA,0.9875246638720652,35.92141129474515,5.330996155221057,256.42839256881285,256.42839256881285
2026-10-05,CEROA4,CENTRAIS ELETRICAS DE RONDONIA S/A CERON,ENERGISA RONDONIA - DISTRIBUIDORA DE ENERGIA S/A,Energisa,inferido,IPCA_MAIS,S,Quirografária,N,ENERGISA RONDONIA - DISTRIBUIDORA DE ENERGIA S/A,05914650000166,7.639,0.0719,1053.864766,2035-10-15,2035-05-15,62.12,6.5157,ok,,,19,6.51575334354494,0.0008186924649746626,6.053338793137191,50.73921397268804,6.315450452251681,3.091131062562047,-2.964255442146113,-5.807616646384051,-11.15403773740573,6.307034863000631,3.0900934140344556,-2.9632453791027356,-5.799642723273751,-11.091893306820621,5.408319395706999,10.816638791413999,corrigido IPCA,1.0117970934150442,65.47677920741894,5.513506892365849,292.5320026348855,292.5320026348855
2026-10-05,CEROB4,CENTRAIS ELETRICAS DE RONDONIA S/A CERON,ENERGISA RONDONIA - DISTRIBUIDORA DE ENERGIA S/A,Energisa,inferido,IPCA_MAIS,S,Quirografária,N,ENERGISA RONDONIA - DISTRIBUIDORA DE ENERGIA S/A,05914650000166,7.7189,0.2062,1031.099673,2040-10-15,2037-05-15,71.15999999999998,8.295,ok,,,29,8.295001326989114,1.599745767507699e-05,7.70059973411269,85.80610602061526,8.148732071646414,3.959902355976852,-3.7453052807021603,-7.289360825919444,-13.822626820989758,8.129630264215766,3.9575574995821134,-3.7430422345305763,-7.271569204009613,-13.685077347813074,5.457049773411257,10.914099546822515,corrigido IPCA,0.989940733500556,84.04511206834088,5.599515537955568,313.3788544101318,313.3788544101318
2026-10-05,CERR18,CERRADINHO BIOENERGIA S/A,CERRADINHO BIOENERGIA S.A.,Isolada (a identificar),,IPCA_MAIS,S,Quirografária,S,CERRADINHO BIOENERGIA S.A.,08322396000103,9.1571,0.2385,1065.535549,2034-12-15,2033-05-15,213.79999999999998,5.3612,ok,,,17,5.361236814447544,0.000686682972912332,4.91148703515167,33.75650703538463,5.084945594631574,2.4985168666989077,-2.4141124441690143,-4.7471699208124,-9.182774702601703,5.080269570328593,2.497939151370066,-2.4135478837816042,-4.742704499974748,-9.147843929595648,21.695214849059994,43.39042969811999,corrigido IPCA,0.9831219422468174,213.11153291197627,5.445734650017475,466.0077067781973,466.0077067781973
2026-10-05,CERT11,CONCESSIONARIA ECOVIAS RAPOSO-CASTELO S.A,CONCESSIONARIA ECOVIAS RAPOSO-CASTELO S.A,EcoRodovias,inferido,IPCA_MAIS,S,Quirografária,N,CONCESSIONARIA ECOVIAS RAPOSO-CASTELO S.A,58607200000197,7.8255,0.0989,1220.899922,2029-03-15,2029-05-15,84.54999999999995,2.4167,ok,,,1,2.4166666666666665,-0.0013792913201287585,2.2412756413526176,7.101930365865065,2.277276294663788,1.1295762212794713,-1.111820634561178,-2.206244812670277,-4.344296239288559,2.276785293181943,1.1295152336336403,-1.1117604077189776,-2.205765989523292,-4.340512675387934,17.711469659010536,35.42293931802107,corrigido IPCA,1.1411222622605983,79.39257103859252,5.2394307547299235,305.3469491838271,305.3469491838271
2026-10-05,CESE32,CELSE - CENTRAIS ELETRICAS DE SERGIPE S.A.,ENEVA S.A.,Eneva,inferido,IPCA_MAIS,S,Quirografária,N,ENEVA S.A.,04423567000121,7.3591,0.0993,1155.327211,2030-09-15,2030-08-15,27.179999999999982,3.0663,ok,,,8,3.0663403864294607,0.0013171062668588395,2.856153215171756,11.534685256183323,2.9148157130193253,1.4426176559257708,-1.413779099018131,-2.799439346946553,-5.4891759708229575,2.9138266414526726,1.4424949641561071,-1.4136582510156488,-2.7984797888908393,-5.481612725219845,5.323365339158564,10.646730678317128,corrigido IPCA,1.0078985274598353,30.408694057943233,5.267676702025392,248.72407433978344,248.72407433978344
2026-10-05,CESPA2,CESP-COMPANHIA ENERGETICA DE SAO PAULO,CESP - COMPANHIA ENERGETICA DE SAO PAULO,Auren,CVM FRE,IPCA_MAIS,S,Quirografária,S,CESP - COMPANHIA ENERGETICA DE SAO PAULO,60933603000178,7.3911,0.071,1334.563398,2030-08-15,2029-05-15,41.109999999999935,2.6516,ok,,,8,2.651629672418823,0.0011190382720961455,2.469133543113743,9.117812499858818,2.5154601142182154,1.2460555509059335,-1.2232596981477717,-2.424260836219627,-4.76156043577517,2.5147226056130374,1.2459640371816951,-1.2231695059320482,-2.4235444806144493,-4.75591083623031,7.385105277967572,14.770210555935144,corrigido IPCA,0.9304215503320042,36.46962232251215,5.243569386955582,254.993080825933,254.993080825933
2026-10-05,CESPA3,CESP-COMPANHIA ENERGETICA DE SAO PAULO,CESP - COMPANHIA ENERGETICA DE SAO PAULO,Auren,CVM FRE,IPCA_MAIS,S,Quirografária,N,CESP - COMPANHIA ENERGETICA DE SAO PAULO,60933603000178,7.5032,0.0698,1074.734373,2034-04-15,2033-05-15,48.409999999999975,5.2363,ok,,,16,5.236368815169386,0.0013141945531377033,4.870895764190634,32.24421704154701,5.036400724679679,2.4762826558677453,-2.3956605075739934,-4.713772756675305,-9.12899109434412,5.03211684939837,2.475753153397251,-2.3951426107933833,-4.7096746789829,-9.096907187550329,4.711227014904001,9.422454029808002,corrigido IPCA,0.9630600548618874,45.89579142207277,5.4375399066663554,269.41284987980396,269.41284987980396
2026-10-05,CGASA1,COMPANHIA DE GAS DE SÃO PAULO - COMGAS,COMPANHIA DE GAS DE SAO PAULO - COMGAS,Compass,CVM FRE,IPCA_MAIS,S,Quirografária,S,COMPANHIA DE GAS DE SAO PAULO - COMGAS,61856571000117,7.3379,0.0996,1058.408868,2034-07-15,2035-05-15,32.010000000000005,6.1041,ok,,,16,6.104093798341968,-0.00010159823776735547,5.686801957502399,42.92130690987319,5.9078100022714075,2.89784294618578,-2.790520608711289,-5.4782916227108185,-10.56280186033376,5.901408492051765,2.897052612388541,-2.789749345113858,-5.472195422953034,-10.515177776807334,2.8245083921567273,5.649016784313455,corrigido IPCA,0.9596433140343894,32.124839706997655,5.490800471674406,253.58077042723573,253.58077042723573
2026-10-05,CGASA2,COMPANHIA DE GAS DE SÃO PAULO - COMGAS,COMPANHIA DE GAS DE SAO PAULO - COMGAS,Compass,CVM FRE,IPCA_MAIS,S,Quirografária,N,COMPANHIA DE GAS DE SAO PAULO - COMGAS,61856571000117,7.2974,0.1123,1098.911352,2036-12-15,2037-05-15,29.00999999999998,7.2347,ok,,,21,7.234693216682076,-9.376087362644871e-05,6.7426547303868265,62.52752606563973,7.066755301628813,3.4508982727024407,-3.294538370875977,-6.440822164199433,-12.318761710769277,7.055292360715025,3.4494867727754635,-3.2931679576113635,-6.430017100058628,-12.234758939460859,2.5709923959319303,5.141984791863861,corrigido IPCA,1.0133905783488184,34.670628080437986,5.550252247424625,256.1973390143484,256.1973390143484
2026-10-05,CGASA4,COMPANHIA DE GAS DE SÃO PAULO - COMGAS,COMPANHIA DE GAS DE SAO PAULO - COMGAS,Compass,CVM FRE,IPCA_MAIS,S,Quirografária,S,COMPANHIA DE GAS DE SAO PAULO - COMGAS,61856571000117,7.2966,0.2863,1009.571255,2037-09-15,2037-05-15,28.92999999999999,7.8032,ok,,,22,7.803200790334348,1.0128336417115526e-05,7.2725517773483475,71.59054722034054,7.6444207262905906,3.7274762215337987,-3.5484473158508667,-6.927673985742022,-13.2147871074498,7.63050451345005,3.725764072699599,-3.5467877046487484,-6.914599041246645,-13.113292610289884,2.519132613664041,5.038265227328082,corrigido IPCA,0.9678226978305042,36.64104473375722,5.577274626202411,258.4875576050095,258.4875576050095
2026-10-05,CGASB1,COMPANHIA DE GAS DE SÃO PAULO - COMGAS,COMPANHIA DE GAS DE SAO PAULO - COMGAS,Compass,CVM FRE,IPCA_MAIS,S,Quirografária,S,COMPANHIA DE GAS DE SAO PAULO - COMGAS,61856571000117,7.3479,0.139,1043.939103,2039-07-15,2037-05-15,34.060000000000024,8.1591,ok,,,26,8.159149179971799,0.0006027622139463513,7.60066026440368,79.6107269392874,8.01523699194937,3.901874284333884,-3.702781161256574,-7.218067922231941,-13.728897363538584,7.9987138991001165,3.8998435408759495,-3.7008167235277307,-7.202606629707244,-13.609105990021614,2.9097283075426263,5.819456615085253,corrigido IPCA,0.9465238068107267,44.23171265469962,5.593465745392923,267.1274272473272,267.1274272473272
2026-10-05,CGASB4,COMPANHIA DE GAS DE SÃO PAULO - COMGAS,COMPANHIA DE GAS DE SAO PAULO - COMGAS,Compass,CVM FRE,IPCA_MAIS,S,Quirografária,S,COMPANHIA DE GAS DE SAO PAULO - COMGAS,61856571000117,7.3223,0.1708,985.134054,2040-09-15,2040-08-15,50.91999999999999,8.7378,ok,,,28,8.737791831638953,-9.348303974812557e-05,8.141636762945774,91.63376873661316,8.620309077550647,4.187877378371763,-3.9587048976155503,-7.702561131154173,-14.598195885103094,8.59980560662884,4.185360592393653,-3.9562761705521208,-7.683467919262708,-14.450598151159285,2.734492399418165,5.46898479883633,corrigido IPCA,0.9443960471186893,44.52648769419746,5.618782933591282,267.19992121679326,267.19992121679326
2026-10-05,CGEE13,COMPANHIA ESTADUAL DE GERACAO DE ENERGIA ELETRICA - CEEE-G,COMPANHIA ESTADUAL DE GERACAO DE ENERGIA ELETRICA - CEEE-G,Isolada (a identificar),,IPCA_MAIS,S,Real,N,COMPANHIA ESTADUAL DE GERACAO DE ENERGIA ELETRICA - CEEE-G,39881421000104,13.5556,0.3917,848.743654,2041-12-14,2033-05-15,653.65,5.3917,ok,,,31,5.391758527024408,0.0010855022424880484,4.748122089112654,38.190468389112546,4.945813523108256,2.4226286876623204,-2.327127901791348,-4.563514682766378,-8.781739710798819,4.939074431058216,2.421799130042718,-2.326322959069936,-4.557169747167091,-8.732434810443056,69.54866076249114,139.09732152498228,corrigido IPCA,0.8002863749263361,660.4510648691734,5.447708012918673,990.3586621224795,990.3586621224795
2026-10-05,CGEE23,COMPANHIA ESTADUAL DE GERACAO DE ENERGIA ELETRICA - CEEE-G,COMPANHIA ESTADUAL DE GERACAO DE ENERGIA ELETRICA - CEEE-G,Isolada (a identificar),,IPCA_MAIS,S,Real,N,COMPANHIA ESTADUAL DE GERACAO DE ENERGIA ELETRICA - CEEE-G,39881421000104,13.7989,0.4158,839.033957,2041-12-15,2033-05-15,677.98,5.3602,ok,,,31,5.360201050196756,1.9592492000762357e-05,4.71023977401957,37.68116008904095,4.90526525460655,2.4030362423049567,-2.308809249802979,-4.528067866929552,-8.715303420617648,4.898645574464775,2.402221337121086,-2.3080184368984837,-4.521833973574365,-8.66685634625832,72.68641729681032,145.37283459362064,corrigido IPCA,0.7911310335038998,684.74090756484,5.44566748167814,1018.9153029858026,1018.9153029858026
2026-10-05,CGMG18,COMPANHIA DE GÁS DE MINAS GERAIS - GASMIG,COMPANHIA DE GAS DE MINAS GERAIS GASMIG,Cemig,CVM FRE,IPCA_MAIS,S,Quirografária,N,COMPANHIA DE GAS DE MINAS GERAIS GASMIG,22261473000185,6.9714,0.0521,918.793464,2031-08-15,2029-05-15,-0.8600000000000385,2.6345,ok,,,10,2.6345203882902912,0.0007738960064969556,2.462826875492226,10.111143739532025,2.5143034805733766,1.2441665350984676,-1.2188868331224567,-2.4131625476254803,-4.73044921923792,2.513382594189886,1.2440523674205282,-1.218774508071698,-2.4122711567945663,-4.723430876193812,-0.28947177868859997,-0.5789435573771999,corrigido IPCA,0.965058349479039,-1.4258377525016437,5.242958574212353,209.97778122840822,209.97778122840822
2026-10-05,CGOS13,EQUATORIAL GOIAS DISTRIBUIDORA DE ENERGIA S.A.,EQUATORIAL GOIAS DISTRIBUIDORA DE ENERGIA S.A.,Equatorial,CVM FRE,IPCA_MAIS,S,Quirografária,N,EQUATORIAL GOIAS DISTRIBUIDORA DE ENERGIA S.A.,01543032000104,7.4258,0.1347,1182.383791,2031-04-15,2030-08-15,33.84999999999998,3.0354,ok,,,10,3.035386821475864,-0.0004341610376213822,2.825565945495276,11.830610057856132,2.885778544065798,1.4277026234215118,-1.3981240347029078,-2.76743941215869,-5.422605351045052,2.8847189957845565,1.427571235319958,-1.3979947101753178,-2.766412895205995,-5.414519689833429,6.60759201599285,13.2151840319857,corrigido IPCA,1.0234352776589475,37.340373964231745,5.265431375590457,256.8158944011965,256.8158944011965
2026-10-05,CGOS16,EQUATORIAL GOIAS DISTRIBUIDORA DE ENERGIA S.A.,EQUATORIAL GOIAS DISTRIBUIDORA DE ENERGIA S.A.,Equatorial,CVM FRE,IPCA_MAIS,S,Quirografária,N,EQUATORIAL GOIAS DISTRIBUIDORA DE ENERGIA S.A.,01543032000104,7.6968,0.1361,1058.802328,2036-05-15,2035-05-15,67.89999999999993,6.1525,ok,,,20,6.15251320512188,0.00021463018090874908,5.712809670409781,44.67820132298432,5.943186129686984,2.913114433347719,-2.801397036799269,-5.496053595019646,-10.583824412091102,5.936200677024702,2.912252586858621,-2.80055708355116,-5.48941866379486,-10.532055314359875,6.0642739909847565,12.128547981969513,corrigido IPCA,0.955852617808308,69.28808619942446,5.493545288773949,297.0392777379836,297.0392777379836
2026-10-05,CGOS24,EQUATORIAL GOIAS DISTRIBUIDORA DE ENERGIA S.A.,EQUATORIAL GOIAS DISTRIBUIDORA DE ENERGIA S.A.,Equatorial,CVM FRE,IPCA_MAIS,S,Quirografária,N,EQUATORIAL GOIAS DISTRIBUIDORA DE ENERGIA S.A.,01543032000104,7.4237,0.1379,1140.755445,2031-10-15,2030-08-15,33.64000000000003,3.4562,ok,,,11,3.456263389027348,0.0018340671068814748,3.217412348510941,14.829559140199219,3.2929964579236914,1.62742113509724,-1.5903442553031555,-3.144653131156905,-6.1491598243757934,3.291560144211937,1.6272431231807196,-1.5901692253302215,-3.1432645528099448,-6.138233514217897,5.582869000973545,11.16573800194709,corrigido IPCA,0.9976330821106035,35.92478332770245,5.298848843995252,255.87417507363355,255.87417507363355
2026-10-05,CGOS28,EQUATORIAL GOIAS DISTRIBUIDORA DE ENERGIA S.A.,EQUATORIAL GOIAS DISTRIBUIDORA DE ENERGIA S.A.,Equatorial,CVM FRE,IPCA_MAIS,S,Quirografária,N,EQUATORIAL GOIAS DISTRIBUIDORA DE ENERGIA S.A.,01543032000104,7.6915,0.118,1033.90931,2036-09-15,2035-05-15,67.36999999999993,6.4685,ok,,,20,6.470539141308514,0.03152417575193825,6.0084028370934695,48.47757238270686,6.258602043840278,3.0657617758290234,-2.944542706877895,-5.773423842911152,-11.105023170133277,6.250790699007005,3.0647983840251185,-2.9436044530683514,-5.766014975179935,-11.047254226532802,5.790029948163758,11.580059896327516,corrigido IPCA,0.9420297835111755,69.57766473480655,5.51107938736084,297.4811752667209,297.4811752667209
2026-10-05,CGOS34,EQUATORIAL GOIAS DISTRIBUIDORA DE ENERGIA S.A.,EQUATORIAL GOIAS DISTRIBUIDORA DE ENERGIA S.A.,Equatorial,CVM FRE,IPCA_MAIS,S,Quirografária,N,EQUATORIAL GOIAS DISTRIBUIDORA DE ENERGIA S.A.,01543032000104,7.5988,0.0885,1121.687558,2035-10-15,2033-05-15,57.969999999999985,5.7658,ok,,,19,5.765794105073065,-0.00010223953198229243,5.358604468705102,39.611679590509404,5.5625403971133025,2.7295424206981167,-2.6304956119038825,-5.166141667970303,-9.968683239833576,5.556662866657649,2.7288168338406877,-2.6297876348644142,-5.160546070752555,-9.924975345600016,5.411355132772323,10.822710265544647,corrigido IPCA,0.980957515212113,57.99462359244813,5.4710045908955784,283.67497033035505,283.67497033035505
2026-10-05,CGOSA0,EQUATORIAL GOIAS DISTRIBUIDORA DE ENERGIA S.A.,EQUATORIAL GOIAS DISTRIBUIDORA DE ENERGIA S.A.,Equatorial,CVM FRE,IPCA_MAIS,S,Quirografária,N,EQUATORIAL GOIAS DISTRIBUIDORA DE ENERGIA S.A.,01543032000104,7.6489,0.1494,1035.421105,2037-08-15,2035-05-15,63.11,6.8198,ok,,,22,6.819808143181621,0.00011940499166333483,6.335232541327985,54.942988994620194,6.6194667360826465,3.237467940357419,-3.1000777879662156,-6.069513591725839,-11.641629172849633,6.609947486301085,3.2362950069072673,-3.098937534420717,-6.060517596354884,-11.571605302763563,5.343912951071618,10.687825902143237,corrigido IPCA,0.9889302549911858,67.70986245130597,5.529450416884973,295.1027190707551,295.1027190707551
2026-10-05,CGOSA2,EQUATORIAL GOIAS DISTRIBUIDORA DE ENERGIA S.A.,EQUATORIAL GOIAS DISTRIBUIDORA DE ENERGIA S.A.,Equatorial,CVM FRE,IPCA_MAIS,S,Quirografária,N,EQUATORIAL GOIAS DISTRIBUIDORA DE ENERGIA S.A.,01543032000104,7.7856,0.2084,965.875731,2038-01-15,2035-05-15,76.77999999999994,7.1069,ok,,,23,7.106884576681244,-0.00021701893591255037,6.5935380762191285,59.45907022043943,6.901505143426578,3.3724072143095363,-3.2237217901672,-6.306310015822714,-12.076192085198578,6.890833427321326,3.3710928758851137,-3.2224452003340147,-6.296242725116931,-11.997894748029468,6.266077659782505,12.53215531956501,corrigido IPCA,0.9352469190047598,82.63124327664399,5.543951193309571,312.63631375254437,312.63631375254437
2026-10-05,CGOSB0,EQUATORIAL GOIAS DISTRIBUIDORA DE ENERGIA S.A.,EQUATORIAL GOIAS DISTRIBUIDORA DE ENERGIA S.A.,Equatorial,CVM FRE,IPCA_MAIS,S,Quirografária,N,EQUATORIAL GOIAS DISTRIBUIDORA DE ENERGIA S.A.,01543032000104,7.6788,0.1784,1033.462316,2037-08-15,2035-05-15,66.09999999999997,6.8169,ok,,,22,6.816935792694729,0.000525058233639565,6.330805871438694,54.881127045434695,6.6147165239650585,3.2351755299978358,-3.0979400917750755,-6.0653829499503376,-11.633910308829288,6.605211506665867,3.23400434452614,-3.0968015269125537,-6.056400236211521,-11.563989201968694,5.583730497732382,11.167460995464763,corrigido IPCA,0.9870594155028786,70.69902763915094,5.529302742041908,298.6173661025545,298.6173661025545
2026-10-05,CHSF13,COMPANHIA HIDRO ELETRICA DO SAO FRANCISCO - CHESF,COMPANHIA HIDRO ELETRICA DO SAO FRANCISCO - CHESF,Axia (ex-Eletrobras),CVM FRE,IPCA_MAIS,S,Quirografária,N,COMPANHIA HIDRO ELETRICA DO SAO FRANCISCO - CHESF,33541368000116,7.0751,0.054,1117.055783,2031-06-15,2031-05-15,3.6900000000000155,3.9862,ok,,,10,3.986189890749736,-0.00025360619798334513,3.722798195611992,18.811043278045478,3.8187923792832645,1.8851531230923424,-1.8381213201971391,-3.630614799695142,-7.084093989377626,3.816853412002219,1.8849129019035529,-1.8378852937084391,-3.628742979221765,-7.069375525663074,0.06773243020469355,0.1354648604093871,corrigido IPCA,1.0090744998608132,0.5043083379008967,5.343668568585769,215.02842358440918,215.02842358440918
2026-10-05,CJEN13,TESC-TERMINAL SANTA CATARINA S/A,TESC - TERMINAL SANTA CATARINA S/A,Isolada (a identificar),,IPCA_MAIS,S,Real,N,TESC - TERMINAL SANTA CATARINA S/A,01115535000170,7.3068,0.2882,1209.684881,2035-12-15,2031-05-15,26.860000000000017,3.9787,ok,,,19,3.978763983011631,0.0016081386289775602,3.707839561902537,23.385286573186924,3.8279536741069764,1.8835451402124948,-1.8250728075913103,-3.5939548597924142,-6.971759113966436,3.8247659947684713,1.883151389167752,-1.8246881727347846,-3.590913129036602,-6.947973392341335,4.117040736831526,8.234081473663052,corrigido IPCA,1.0578540986377991,30.530653043976606,5.343049681006851,249.30768998059133,249.30768998059133
2026-10-05,CLAG13,COLOMBO AGROINDUSTRIA SA,COLOMBO AGROINDUSTRIA SA,Colombo Agroindustria,inferido,IPCA_MAIS,S,Quirografária,N,COLOMBO AGROINDUSTRIA SA,44330975000153,7.5511,0.6185,867.991216,2028-07-15,2028-08-15,57.24999999999998,1.2158,ok,,,4,1.2157680599216103,-0.0026270832694268555,1.1304096935518189,2.557109850670932,1.1433364134409318,0.5684187860514722,-0.5620258258466793,-1.1177623436846695,-2.2107712611747043,1.1431952428051735,0.5684012340892481,-0.5620084594625707,-1.1176241442984642,-2.2096771900902192,42.61351663106801,85.22703326213602,corrigido IPCA,0.9884527550308733,96.34146455218186,5.658609668946268,324.5532422406516,324.5532422406516
2026-10-05,CLAG15,COLOMBO AGROINDUSTRIA SA,COLOMBO AGROINDUSTRIA SA,Colombo Agroindustria,inferido,IPCA_MAIS,S,Quirografária,N,COLOMBO AGROINDUSTRIA SA,44330975000153,8.5189,0.6535,1030.265985,2032-12-15,2032-08-15,148.14000000000007,4.5631,ok,,,13,4.563127663908471,0.0006062525140944347,4.204915147415308,24.3265149314984,4.329398167863885,2.1332184750722183,-2.072395283154327,-4.086022488184327,-7.944799974703831,4.3265477220728,2.1328657173720273,-2.0720494300432812,-4.083282572757817,-7.923299996200648,17.390749628844674,34.78149925768935,corrigido IPCA,0.9918144040665571,146.25325307847223,5.389709975193924,387.0299641736824,387.0299641736824
2026-10-05,CLCD26,CELESC DISTRIBUIÇÃO S/A,CELESC DISTRIBUICAO S.A.,Celesc Distribuicao,inferido,IPCA_MAIS,S,Quirografária,N,CELESC DISTRIBUICAO S.A.,08336783000190,6.7847,0.197,1161.923265,2030-11-15,2029-05-15,-19.530000000000047,2.764,ok,,,9,2.7639930514215516,-0.00025139574703997324,2.588379282258181,10.094851070208183,2.639708507237759,1.3069142623528318,-1.2816755419968962,-2.5387345044732057,-4.981399598053004,2.638853537609222,1.3068082049668508,-1.2815710772913305,-2.53790502690714,-4.9748615431121985,-4.851645506054623,-9.703291012109245,corrigido IPCA,1.0183511824493245,-25.115797425465587,5.248514724269171,182.79007224880053,182.79007224880053
2026-10-05,CLCD27,CELESC DISTRIBUIÇÃO S/A,CELESC DISTRIBUICAO S.A.,Celesc Distribuicao,inferido,IPCA_MAIS,S,Quirografária,N,CELESC DISTRIBUICAO S.A.,08336783000190,7.0113,0.1978,1116.45442,2034-07-15,2033-05-15,-0.7799999999999585,5.2512,ok,,,16,5.251185649770195,-0.000273275247647196,4.907131910153596,32.50210199554913,5.073977185562151,2.494729343482116,-2.4134622854126153,-4.748767207384108,-9.196675853009884,5.069642420131341,2.494193582571234,-2.4129383275823613,-4.744621400175849,-9.16422178039621,-0.3133946346297701,-0.6267892692595401,corrigido IPCA,1.0124393022846736,-3.0757376241253436,5.438522672361312,211.7933905204856,211.7933905204856
2026-10-05,CLIS13,CLI SUL S/A,CLI SUL S/A,Isolada (a identificar),,IPCA_MAIS,S,Quirografária,N,CLI SUL S/A,43514079000181,7.0521,0.1086,1161.800336,2035-08-15,2032-08-15,1.4600000000000612,4.9552,ok,,,18,4.955194596976439,-0.00010903744674284426,4.628769166580047,31.04433676384928,4.788339386516038,2.3537270626982965,-2.276103623036163,-4.477694331315762,-8.669069254124596,4.783990850399293,2.3531900042448353,-2.2755791623352115,-4.473547482760801,-8.636651597883107,0.2750818519387314,0.5501637038774628,corrigido IPCA,1.0827482309383736,2.546580789079475,5.418337278976515,217.75615291033716,217.75615291033716
2026-10-05,CLTM14,CONCESSIONARIA DAS LINHAS 8 E 9 DO SISTEMA DE TRENS METROPOLITANOS DE SAO PAULO S.A.,CONCESSIONARIA DAS LINHAS 8 E 9 DO SISTEMA DE TRENS METROPOLITANOS DE SAO PAULO S.A.,Isolada (a identificar),,IPCA_MAIS,S,Real,N,CONCESSIONARIA DAS LINHAS 8 E 9 DO SISTEMA DE TRENS METROPOLITANOS DE SAO PAULO S.A.,42288184000187,8.4034,0.112,1069.115141,2042-01-15,2033-05-15,138.42999999999995,5.5731,ok,,,31,5.57314828996489,0.0008664830146583567,5.141119457475402,44.710847362780086,5.373212677624184,2.6274981881947213,-2.515687639532105,-4.925568851834983,-9.450086289804648,5.364673694289303,2.626448287941176,-2.514671169534226,-4.917565220661501,-9.388021967695202,14.226608284678804,28.453216569357608,corrigido IPCA,0.9562823435120097,146.2813853324859,5.459204776613391,385.4968162986716,385.4968162986716
2026-10-05,CMGD28,CEMIG DISTRIBUIÇÃO S/A,CEMIG DISTRIBUICAO S/A,Cemig,CVM FRE,IPCA_MAIS,S,Quirografária,N,CEMIG DISTRIBUICAO S/A,06981180000116,6.9379,0.1966,1195.854315,2029-06-15,2028-08-15,-4.070000000000018,2.0247,ok,,,6,2.024724466191681,0.0012083860167242844,1.8933647155888422,5.708089864216355,1.9222934651228263,0.9538657014823926,-0.9395948757274786,-1.8652029454902963,-3.6755599308223363,1.9219051649099241,0.9538174701246914,-0.9395472454641507,-1.8648242662677603,-3.6725676338933573,-0.3923376340881503,-0.7846752681763006,corrigido IPCA,1.0027415002837605,-1.48567646596022,5.264417510438335,209.36725815859944,209.36725815859944
2026-10-05,CMGDA4,CEMIG DISTRIBUIÇÃO S/A,CEMIG DISTRIBUICAO S/A,Cemig,CVM FRE,IPCA_MAIS,S,Quirografária,N,CEMIG DISTRIBUICAO S/A,06981180000116,7.4048,0.2429,1030.696136,2037-10-15,2037-05-15,39.75,7.1223,ok,,,23,7.1223002108801,2.9608427059922e-06,6.631268072637443,61.04166457460443,6.947613882292747,3.393307570102433,-3.2406635446324272,-6.336558939246006,-12.12333142939821,6.936476395510466,3.391936117036977,-3.2393319556004663,-6.32605974976442,-12.041702853782796,3.395334194293868,6.790668388587736,corrigido IPCA,0.9898241357417898,45.03074247711021,5.544716028946461,268.32327117547453,268.32327117547453
2026-10-05,CMGDB0,CEMIG DISTRIBUIÇÃO S/A,CEMIG DISTRIBUICAO S/A,Cemig,CVM FRE,IPCA_MAIS,S,Quirografária,N,CEMIG DISTRIBUICAO S/A,06981180000116,7.1779,0.135,1071.344406,2034-02-15,2033-05-15,15.880000000000027,5.2565,fluxo divergente da ANBIMA,,,3,6.280170260433111,19.47437002631239,5.859575771155351,40.385505112764044,6.066948064235866,2.9809427213375983,-2.8799641334137593,-5.662855674650935,-10.95220583291785,6.061503296719171,2.9802697669686307,-2.8793060041867204,-5.657648245591531,-10.911441440055421,1.0277698056755646,2.0555396113511293,corrigido IPCA,0.6460014599067325,12.044590103323163,5.500683826489006,230.68834436213012,230.68834436213012
2026-10-05,CMGDB1,CEMIG DISTRIBUIÇÃO S/A,CEMIG DISTRIBUICAO S/A,Cemig,CVM FRE,IPCA_MAIS,S,Quirografária,N,CEMIG DISTRIBUICAO S/A,06981180000116,7.282,0.1168,1052.229465,2036-09-15,2035-05-15,26.419999999999977,7.085,ok,,,20,7.0849604162646544,-0.0005586977465845646,6.6040532580159335,58.132179981661835,6.904817097304905,3.375936791833034,-3.2305718076058865,-6.32294235228027,-12.119807011245198,6.894714157924242,3.3746918539850443,-3.2293614040308896,-6.313392358107625,-12.04546291639863,2.3536612210824712,4.7073224421649424,corrigido IPCA,0.957539628188331,31.08740811071091,5.542861107386998,252.25573820685264,252.25573820685264
2026-10-05,CMGDB2,CEMIG DISTRIBUIÇÃO S/A,CEMIG DISTRIBUICAO S/A,Cemig,CVM FRE,IPCA_MAIS,S,Quirografária,N,CEMIG DISTRIBUICAO S/A,06981180000116,7.3843,0.2201,1081.977382,2040-03-15,2037-05-15,37.699999999999974,8.2858,ok,,,27,8.285857838376513,0.0006980421505838328,7.716079388119597,83.0880438454026,8.149378697315047,3.9640933394727185,-3.7562990912614613,-7.3173109728445045,-13.899425665985177,8.13151960734661,3.9618997488665513,-3.7541796392530453,-7.300639168892584,-13.77039789933114,3.1801978801995534,6.360395760399107,corrigido IPCA,1.0166793965007819,49.07731862709881,5.59911049079771,272.5901421533807,272.5901421533807
2026-10-05,CMGDB4,CEMIG DISTRIBUIÇÃO S/A,CEMIG DISTRIBUICAO S/A,Cemig,CVM FRE,IPCA_MAIS,S,Quirografária,N,CEMIG DISTRIBUICAO S/A,06981180000116,7.3127,0.2054,1017.906645,2040-10-15,2040-08-15,49.96000000000001,8.5116,ok,,,29,8.511653232601198,0.0006254123924780415,7.931636453654785,89.63124648379979,8.399939663594068,4.0803301101491,-3.85616509911495,-7.502235573962535,-14.21561283392242,8.379792686073785,4.077857284932143,-3.8537791687226424,-7.483480221235786,-14.070647977633573,2.756966949406626,5.513933898813252,corrigido IPCA,0.9775418074244945,43.73451911487005,5.609026143261753,266.0727217364039,266.0727217364039
2026-10-05,CMGDB6,CEMIG DISTRIBUIÇÃO S/A,CEMIG DISTRIBUICAO S/A,Cemig,CVM FRE,IPCA_MAIS,S,Quirografária,N,CEMIG DISTRIBUICAO S/A,06981180000116,7.3564,0.1777,1009.022376,2038-08-15,2037-05-15,34.91,7.8565,fluxo divergente da ANBIMA,,,24,8.08104893692612,2.8581294078294435,7.527309910658443,78.2606827032845,7.934758914239137,3.863465374800734,-3.6677492752467122,-7.151120928341959,-13.606532757636824,7.918613324174865,3.861480808708327,-3.665829101950116,-7.136006497142021,-13.489406167251197,2.980661704753842,5.961323409507684,corrigido IPCA,1.0051603928656938,44.87272878102737,5.589956333185442,267.8627789280325,267.8627789280325
2026-10-05,CMGTA1,CEMIG GERAÇÃO E TRANSMISSÃO S/A,CEMIG GERACAO E TRANSMISSAO S/A,Cemig,CVM FRE,IPCA_MAIS,S,Quirografária,N,CEMIG GERACAO E TRANSMISSAO S/A,06981176000158,7.4002,0.1761,1031.010603,2037-10-15,2037-05-15,39.290000000000006,7.1228,ok,,,23,7.122838418567419,0.0005393745074820251,6.632053216444121,61.05288137825596,6.948457775892725,3.3937144901021954,-3.241042411650019,-6.3372904830859,-12.124696577262817,6.937317623335401,3.3923427099448804,-3.239710506499241,-6.326788809552841,-12.043048805323123,3.3602669224315678,6.7205338448631355,corrigido IPCA,0.9901261339797902,44.57093810204614,5.544742707385675,267.78271246751217,267.78271246751217
2026-10-05,CMGTB1,CEMIG GERAÇÃO E TRANSMISSÃO S/A,CEMIG GERACAO E TRANSMISSAO S/A,Cemig,CVM FRE,IPCA_MAIS,S,Quirografária,N,CEMIG GERACAO E TRANSMISSAO S/A,06981176000158,7.2724,0.2281,1021.167753,2040-10-15,2040-08-15,45.92999999999998,8.52,ok,,,29,8.520010902565627,0.00012796438529566963,7.9424072758376125,89.81467040664252,8.411679818232788,4.0859511883345245,-3.8613273534806036,-7.512137258845009,-14.23385462043788,8.391480627870825,4.083471975927109,-3.858935299910503,-7.4933339238044,-14.088521143542373,2.500019898962619,5.000039797925238,corrigido IPCA,0.9806735978846908,39.712352470519036,5.609389766313,261.34657447454987,261.34657447454987
2026-10-05,CMIN11,CSN MINERACAO S.A.,CSN MINERACAO S.A.,Csn Mineracao,CVM FRE,IPCA_MAIS,S,Quirografária,N,CSN MINERACAO S.A.,08902291000115,14.6958,0.4802,919.064882,2031-07-15,2031-05-15,765.76,4.1075,ok,,,10,4.107571273650896,0.001735207568980537,3.5812743567339833,17.212834304379246,3.6690183214046934,1.8123614353684037,-1.7693259106970505,-3.496834930592063,-6.831079474597779,3.66733852825588,1.8121532212474658,-1.7691211354865177,-3.495210185212087,-6.818292027380382,106.4587456227691,212.9174912455382,corrigido IPCA,0.6956255384180294,762.5159514977784,5.353704051454078,1111.7598289682107,1111.7598289682107
2026-10-05,CMIN12,CSN MINERACAO S.A.,CSN MINERACAO S.A.,Csn Mineracao,CVM FRE,IPCA_MAIS,S,Quirografária,N,CSN MINERACAO S.A.,08902291000115,14.7656,0.5396,870.518052,2032-07-15,2032-08-15,772.81,4.5571,ok,,,12,4.557171524943761,0.0015695276329379363,3.970851478965614,21.793673078207025,4.0822338132535885,2.0129667426422415,-1.9584770358149317,-3.8642086515530583,-7.52409726167379,4.079819844356649,2.0126678308305657,-1.9581836481350483,-3.861883113574579,-7.505829496367087,97.1078744934803,194.2157489869606,corrigido IPCA,0.7279870081423021,771.2018941032869,5.389257930359781,1122.3398744298122,1122.3398744298122
2026-10-05,CMIN21,CSN MINERACAO S.A.,CSN MINERACAO S.A.,Csn Mineracao,CVM FRE,IPCA_MAIS,S,Quirografária,N,CSN MINERACAO S.A.,08902291000115,13.8944,0.6918,791.032243,2036-07-15,2035-05-15,687.6599999999999,6.145,ok,,,20,6.14506279207201,0.0010218400652633258,5.395403805693705,40.201662470115316,5.602404541064687,2.748693758183318,-2.6481716580314507,-5.200100633807592,-10.031338191942174,5.596412118044281,2.7479539809344966,-2.647449824759208,-5.194395493343128,-9.986774361985102,63.90539997653935,127.8107999530787,corrigido IPCA,0.5987196842560308,689.5908764755976,5.493124297514762,1026.7643723352585,1026.7643723352585
2026-10-05,CMIN22,CSN MINERACAO S.A.,CSN MINERACAO S.A.,Csn Mineracao,CVM FRE,IPCA_MAIS,S,Quirografária,N,CSN MINERACAO S.A.,08902291000115,13.9845,0.3326,796.752934,2037-07-15,2035-05-15,696.6700000000001,6.3514,ok,,,22,6.351461374775496,0.0009663188509069383,5.572214972014174,45.60934381185206,5.80778782208955,2.8440471280596347,-2.7299990718163247,-5.351298968406615,-10.287814635042292,5.800261691073434,2.843119165771902,-2.7290958062422717,-5.344168252954913,-10.232243067791307,63.01337673968286,126.02675347936572,corrigido IPCA,0.6662995539811157,702.248162612061,5.504610803331156,1041.1377353231635,1041.1377353231635
2026-10-05,CMTR29,CEMIG GERAÇÃO E TRANSMISSÃO S/A,CEMIG GERACAO E TRANSMISSAO S/A,Cemig,CVM FRE,IPCA_MAIS,S,Quirografária,N,CEMIG GERACAO E TRANSMISSAO S/A,06981176000158,6.922,0.2048,1241.473118,2029-12-15,2029-05-15,-5.800000000000072,2.818,ok,,,7,2.8180041009268133,0.00014552614667296464,2.635569949053341,9.972623142774317,2.686235973114859,1.330350395658897,-1.305417424566191,-2.586487120448022,-5.077842761634798,2.6854330647672127,1.3302507534551387,-1.3053191955982026,-2.58570683333947,-5.071687435251196,-2.382035168723596,-4.764070337447192,corrigido IPCA,1.042347430707083,-12.556040616552231,5.251394426598854,197.7792541141759,197.7792541141759
2026-10-05,CNRD12,CONCESSIONARIA DA RODOVIA MS 306 S.A.,CONCESSIONARIA DA RODOVIA MS 306 S.A.,Isolada (a identificar),,IPCA_MAIS,S,Real,N,CONCESSIONARIA DA RODOVIA MS 306 S.A.,36128741000108,8.1327,0.1025,1041.139559,2043-05-15,2035-05-15,111.48999999999995,6.9341,ok,,,34,6.93414600602543,0.0006634750786712813,6.4126263433960595,64.81807638601768,6.750531925347425,3.289031861102676,-3.1269279283044127,-6.101410385344241,-11.628456712145463,6.736716725326147,3.287335767180552,-3.1252905762155074,-6.088535961465971,-11.528891159071765,9.55107642387943,19.10215284775886,corrigido IPCA,1.0004215065426816,122.49496856711652,5.535286107863957,357.92526767991285,357.92526767991285
2026-10-05,COCE18,COMPANHIA ENERGÉTICA DO CEARÁ - COELCE,COMPANHIA ENERGETICA DO CEARA-COELCE,Enel,CVM FRE,IPCA_MAIS,S,Quirografária,N,COMPANHIA ENERGETICA DO CEARA-COELCE,07047251000170,8.5875,0.2231,1125.879824,2032-05-15,2031-05-15,154.93000000000006,3.8974,ok,,,12,3.8973834788690724,-0.00042390134263252925,3.5891640187582112,17.99699550961303,3.681017656657004,1.8173097316242615,-1.7723131381968904,-3.500981994605812,-6.832561387183301,3.6791489963062767,1.8170782537661219,-1.7720857649920894,-3.499179041210146,-6.8183881273241616,21.19890820936746,42.39781641873492,corrigido IPCA,0.9389640983708777,152.17271716403948,5.336234766287462,393.27283435687116,393.27283435687116
2026-10-05,COCEB2,COMPANHIA ENERGÉTICA DO CEARÁ - COELCE,COMPANHIA ENERGETICA DO CEARA-COELCE,Enel,CVM FRE,IPCA_MAIS,S,Quirografária,N,COMPANHIA ENERGETICA DO CEARA-COELCE,07047251000170,8.6833,0.0808,1061.017069,2030-05-15,2030-08-15,159.5999999999999,3.0845,ok,,,8,3.084507085681596,0.00022971896891329732,2.838069036992432,11.504235067934719,2.8965694225625116,1.433536293693316,-1.4047739051217922,-2.781498244874858,-5.453545772855961,2.895590212332106,1.4334148123311345,-1.4046542246612979,-2.780547861652759,-5.44605337262617,28.638478291052685,57.27695658210537,corrigido IPCA,1.0075623449122368,162.55595700883313,5.269016762499046,404.29061844571385,404.29061844571385
2026-10-05,COMR14,COMERC PARTICIPACOES S.A.,COMERC ENERGIA S.A.,Isolada (a identificar),,IPCA_MAIS,S,Quirografária,N,COMERC ENERGIA S.A.,25369840000157,9.0354,0.1064,1053.566472,2038-11-15,2032-08-15,199.78999999999996,5.061,ok,,,25,5.061045427777881,0.0008976047793073816,4.641653470137112,35.763975641143816,4.8263760749012175,2.366259149120342,-2.2768291972597,-4.468415882267096,-8.611495702641337,4.820473348342831,2.3655317046199857,-2.2761217655171264,-4.4628335919313935,-8.568027427451348,22.20220593470466,44.40441186940932,corrigido IPCA,0.9773850993827636,206.10989244304136,5.425691907202257,456.3270767926221,456.3270767926221
2026-10-05,COMR15,COMERC PARTICIPACOES S.A.,COMERC ENERGIA S.A.,Isolada (a identificar),,IPCA_MAIS,S,Real,N,COMERC ENERGIA S.A.,25369840000157,9.0961,0.1485,949.064364,2040-04-15,2033-05-15,207.7,5.3987,ok,,,28,5.398681999512884,-0.0003334226224086666,4.948556364079819,41.52635464470324,5.1636736486558865,2.5271074643593128,-2.423264043101725,-4.747969193775492,-9.121315234315851,5.156188137303335,2.5261861253457885,-2.4223702387340307,-4.740924590856302,-9.066585635265573,21.642510052825898,43.285020105651796,corrigido IPCA,0.939004391498514,214.19836171314606,5.448154054165921,465.61218562079137,465.61218562079137
2026-10-05,COMT11,CONCESSIONARIA DE RODOVIA SUL - MATOGROSSENSE S.A,CONCESSIONARIA DE RODOVIA SUL - MATOGROSSENSE S.A,Motiva (ex-CCR),CVM FRE,IPCA_MAIS,S,Quirografária,S,CONCESSIONARIA DE RODOVIA SUL - MATOGROSSENSE S.A,19642306000170,7.1137,0.1336,1066.399554,2030-12-15,2030-08-15,2.6399999999999757,3.5946,ok,,,9,3.5946053394698865,0.00014854142009342394,3.3558782298341727,15.541024488218177,3.435068497930671,1.6975494960279836,-1.6586939203931728,-3.279610001527866,-6.412246602141125,3.4335833522752637,1.697365395527359,-1.6585128343068138,-3.278173107393082,-6.4009359699039825,0.6839086036070097,1.3678172072140193,corrigido IPCA,1.029340953092412,4.590227988082105,5.31055675365375,219.2716902016837,219.2716902016837
2026-10-05,CONF11,CONFLUENCIA ENERGIA S/A,CONFLUENCIA ENERGIA S/A,Isolada (a identificar),,IPCA_MAIS,S,Real,N,CONFLUENCIA ENERGIA S/A,05104205000130,7.52,0.1664,1184.114198,2041-11-15,2035-05-15,50.21999999999993,6.1724,ok,,,31,6.172459459809993,0.0009633175100933357,5.740754705924473,54.47317640872437,6.024145718110785,2.9398235041663723,-2.8035957331615236,-5.4786960237560915,-10.471875290304922,6.013120587968094,2.9384688234731415,-2.8022858824513306,-5.468388823880851,-10.392045883674458,5.188665113577587,10.377330227155174,corrigido IPCA,0.9718891887132715,59.57370733647334,5.494669956925802,283.7251895959279,283.7251895959279
2026-10-05,CONX12,TRIPLE PLAY BRASIL PARTICIPACOES S.A.,ALARES INTERNET PARTICIPACOES S/A,Alares Internet,CVM FRE,IPCA_MAIS,S,Real,N,ALARES INTERNET PARTICIPACOES S/A,23438929000100,13.9684,0.6191,824.266104,2029-08-15,2028-08-15,698.98,1.682,ok,,,6,1.6820486729004753,0.0028937515145890788,1.4758903984792937,3.9959588451316423,1.496122923547638,0.7429715515587798,-0.7329812857192919,-1.4561574339750694,-2.873813436946937,1.4958701927049518,0.7429401477960614,-0.7329502506832323,-1.4559106042536356,-2.871861620055954,242.12289913711518,484.24579827423037,corrigido IPCA,0.9171236167525052,714.6937241768775,5.348134368304636,1051.5382500036224,1051.5382500036224
2026-10-05,CPFGA2,CPFL TRANSMISSAO S.A,CPFL COMERCIALIZACAO BRASIL S/A,CPFL,inferido,IPCA_MAIS,S,Quirografária,N,CPFL COMERCIALIZACAO BRASIL S/A,04973790000142,7.0617,0.0511,1189.692346,2031-05-15,2030-08-15,-2.5599999999999845,3.1674,ok,,,10,3.1673846028024433,-0.00048611471733735407,2.958466569092816,12.675488056083339,3.023000233459805,1.495221003052638,-1.4635299971017313,-2.8962087621379418,-5.672240419582286,3.021844009373233,1.4950776446165124,-1.4633889244763039,-2.8950891288123994,-5.663423377063966,0.08375451439990711,0.16750902879981422,corrigido IPCA,0.9921826231257478,0.49556986172545614,5.275314293387345,213.690303661992,213.690303661992
2026-10-05,CPFPA2,COMPANHIA PIRATININGA DE FORÇA E LUZ,COMPANHIA PIRATININGA DE FORCA E LUZ,CPFL,CVM FRE,IPCA_MAIS,S,Quirografária,N,COMPANHIA PIRATININGA DE FORCA E LUZ,04172213000151,7.1298,0.0654,1253.573389,2031-05-15,2030-08-15,4.250000000000043,3.2519,ok,,,10,3.251976041769708,0.0023383797074972086,3.0355475710490527,13.08685095399055,3.1021791198106774,1.5342807979084494,-1.501561299698595,-2.971272659266011,-5.818487644829695,3.1009818258190056,1.5341323492170145,-1.5014152218320382,-2.9701133162791002,-5.809358123018295,1.1065704005706476,2.213140801141295,corrigido IPCA,0.9315184331209769,6.718094183294013,5.281999954946048,221.19173478887595,221.19173478887595
2026-10-05,CPFPA5,COMPANHIA PIRATININGA DE FORÇA E LUZ,COMPANHIA PIRATININGA DE FORCA E LUZ,CPFL,CVM FRE,IPCA_MAIS,S,Quirografária,N,COMPANHIA PIRATININGA DE FORCA E LUZ,04172213000151,7.0948,0.0495,1126.344988,2033-10-15,2032-08-15,5.730000000000057,4.9208,ok,,,15,4.920798851237631,-2.3345032693577935e-05,4.594806518372163,28.73634445120826,4.742114600409053,2.333772143511381,-2.261921878883344,-4.454600616205983,-8.642123651931877,4.738488240628205,2.3333236897500917,-2.2614828286220714,-4.4511247961161216,-8.61488614772016,0.446606228066934,0.893212456133868,corrigido IPCA,0.9859304395801036,4.104138415735107,5.415913876872103,220.07612701008392,220.07612701008392
2026-10-05,CPFPA7,COMPANHIA PIRATININGA DE FORÇA E LUZ,COMPANHIA PIRATININGA DE FORCA E LUZ,CPFL,CVM FRE,IPCA_MAIS,S,Quirografária,N,COMPANHIA PIRATININGA DE FORCA E LUZ,04172213000151,7.0996,0.2005,1097.551473,2034-04-15,2033-05-15,8.04999999999998,5.2451,ok,,,16,5.245105098415655,9.720340231819383e-05,4.897408672315914,32.55699768431787,5.064537075986197,2.4899374206769798,-2.4085331134038657,-4.738777982135456,-9.176198710516259,5.060193660737503,2.4894005832633543,-2.4080080890525593,-4.734623683894324,-9.14367739094547,0.5642682890724574,1.1285365781449148,corrigido IPCA,0.9859959687109621,5.526904824832632,5.438119706277966,221.92634174153653,221.92634174153653
2026-10-05,CPFPA9,COMPANHIA PIRATININGA DE FORÇA E LUZ,COMPANHIA PIRATININGA DE FORCA E LUZ,CPFL,CVM FRE,IPCA_MAIS,S,Quirografária,N,COMPANHIA PIRATININGA DE FORCA E LUZ,04172213000151,7.1755,0.1143,1111.662104,2035-02-15,2033-05-15,15.640000000000054,5.7143,ok,,,17,5.714327958168285,0.0004892667218273494,5.331748354958256,38.354937882885544,5.529042330223355,2.7144994826766577,-2.6185961096111154,-5.145236342850912,-9.937535390331686,5.523523044372683,2.7138178498327346,-2.6179305051255213,-5.139973665543828,-9.8963979522588,1.4108261722141464,2.821652344428293,corrigido IPCA,1.0390224283562646,15.044340245669655,5.467891794459834,233.26720789437198,233.26720789437198
2026-10-05,CPFPB0,COMPANHIA PIRATININGA DE FORÇA E LUZ,COMPANHIA PIRATININGA DE FORCA E LUZ,CPFL,CVM FRE,IPCA_MAIS,S,Quirografária,N,COMPANHIA PIRATININGA DE FORCA E LUZ,04172213000151,7.1952,0.1065,1065.494411,2035-05-15,2033-05-15,17.609999999999992,5.852,ok,,,18,5.852032051059023,0.0005476941049695757,5.459229565371419,40.529463117102274,5.667870632336336,2.7810166263102065,-2.6796751587384926,-5.262290868234398,-10.152469107031203,5.66187688095693,2.780276611582087,-2.6789529537893317,-5.256582249785907,-10.107869868400792,1.6122183917976558,3.2244367835953116,corrigido IPCA,1.0115753106926901,17.602940620674648,5.476158321421987,236.2902005586321,236.2902005586321
2026-10-05,CPFPB1,COMPANHIA PIRATININGA DE FORÇA E LUZ,COMPANHIA PIRATININGA DE FORCA E LUZ,CPFL,CVM FRE,IPCA_MAIS,S,Quirografária,S,COMPANHIA PIRATININGA DE FORCA E LUZ,04172213000151,7.2942,0.1071,1023.196402,2035-09-15,2035-05-15,27.639999999999976,6.1863,ok,,,18,6.186291508007775,-0.00013727094103047402,5.765727791444249,44.244510474808514,5.993702109286447,2.939002839099114,-2.828370943222358,-5.550926880302809,-10.696702074438381,5.986950343818291,2.938169533815635,-2.827558257628614,-5.544505239070206,-10.646565373392328,2.4520633753531733,4.904126750706347,corrigido IPCA,0.980884403887212,28.275859899312763,5.495447828365041,248.9887963247984,248.9887963247984
2026-10-05,CPFPB7,COMPANHIA PIRATININGA DE FORÇA E LUZ,COMPANHIA PIRATININGA DE FORCA E LUZ,CPFL,CVM FRE,IPCA_MAIS,S,Quirografária,N,COMPANHIA PIRATININGA DE FORCA E LUZ,04172213000151,7.3476,0.1877,1058.899683,2039-04-15,2037-05-15,34.03,7.9496,ok,,,26,7.9496089277218545,0.00011230403862125088,7.405483613720152,76.45623887533274,7.803383936156538,3.8002322411848644,-3.609029870280245,-7.03783233499834,-13.395244911545545,7.787764808096817,3.798312105454242,-3.6071715082659104,-7.023202419343488,-13.28184244993365,2.938506835326791,5.877013670653582,corrigido IPCA,0.9514445752857907,43.52212843563442,5.583996276316294,266.27683287455966,266.27683287455966
2026-10-05,CPGS16,COMPANHIA PARANAENSE DE GAS COMPAGAS,COMPANHIA PARANAENSE DE GAS COMPAGAS,Isolada (a identificar),,IPCA_MAIS,S,Quirografária,S,COMPANHIA PARANAENSE DE GAS COMPAGAS,00535681000192,,,,2041-02-15,2040-08-15,,,sem taxa indicativa,,,,,,,,,,,,,,,,,,,,,,,,,
2026-10-05,CPGT27,COPEL GERAÇÃO E TRANSMISSÃO S/A,COPEL GERACAO E TRANSMISSAO S.A.,Copel,CVM FRE,IPCA_MAIS,S,Quirografária,N,COPEL GERACAO E TRANSMISSAO S.A.,04370282000170,7.1036,0.0431,1251.114012,2031-10-15,2030-08-15,1.6300000000000203,3.5037,ok,,,11,3.5036890314945697,-0.0003130549256540878,3.271308370115075,15.18025066013309,3.3486874669212074,1.6548126505631977,-1.616858942454391,-3.196835634295725,-6.250251514176297,3.3472096234157407,1.6546294983827041,-1.6166788717323712,-3.1954071168144096,-6.2390117270274885,0.5635294541691729,1.1270589083383458,corrigido IPCA,0.9805302815621939,3.6869572404599897,5.302847370903674,218.0352512628541,218.0352512628541
2026-10-05,CPGT28,COPEL GERAÇÃO E TRANSMISSÃO S/A,COPEL GERACAO E TRANSMISSAO S.A.,Copel,CVM FRE,IPCA_MAIS,S,Quirografária,N,COPEL GERACAO E TRANSMISSAO S.A.,04370282000170,7.2639,0.1159,1171.858345,2035-01-15,2033-05-15,24.47999999999997,5.7277,ok,,,17,5.727755815426438,0.0009744823653135838,5.339872795438575,38.36073886859264,5.53718511200838,2.718567649874215,-2.622649829388901,-5.153321996472315,-9.953593255078774,5.531676489781538,2.7178873213050285,-2.6219854741335467,-5.148069101095612,-9.912530813505297,2.225615679206549,4.451231358413098,corrigido IPCA,0.9913055185150391,23.769009236993195,5.468706664898315,243.55678561034702,243.55678561034702
2026-10-05,CPGTA1,COPEL GERAÇÃO E TRANSMISSÃO S/A,COPEL GERACAO E TRANSMISSAO S.A.,Copel,CVM FRE,IPCA_MAIS,S,Quirografária,N,COPEL GERACAO E TRANSMISSAO S.A.,04370282000170,7.3582,0.111,1039.787661,2038-01-15,2035-05-15,34.03999999999998,6.6746,ok,,,23,6.674589708662737,-0.00015418657692248933,6.21712147620092,54.05192089503429,6.496892711884583,3.177297253654787,-3.0421340975766875,-5.955839445635713,-11.42304460695528,6.487381080676091,3.176125639219253,-3.040995836981667,-5.946861871725749,-11.353204534501154,3.123677596127277,6.247355192254554,corrigido IPCA,1.0048569686913895,38.84056613522112,5.521915826575952,260.9026398675803,260.9026398675803
2026-10-05,CPGTC0,COPEL GERAÇÃO E TRANSMISSÃO S/A,COPEL GERACAO E TRANSMISSAO S.A.,Copel,CVM FRE,IPCA_MAIS,S,Quirografária,N,COPEL GERACAO E TRANSMISSAO S.A.,04370282000170,7.183,0.209,1096.746926,2037-02-15,2035-05-15,16.519999999999957,6.1892,ok,,,21,6.189238570854974,0.0006231961315651248,5.774459168762746,46.53597939444148,6.014769685685906,2.946340329684416,-2.829975211615121,-5.549006897269604,-10.674518876658723,6.007139065734954,2.945399558624425,-2.8290596101383216,-5.541779271790539,-10.618198749636663,1.653654320051662,3.307308640103324,corrigido IPCA,1.0273079406108436,19.09791870077289,5.495613346542516,237.72023454103626,237.72023454103626
2026-10-05,CPIS13,EQUATORIAL PIAUI DISTRIBUIDORA DE ENERGIA S.A,EQUATORIAL PIAUI DISTRIBUIDORA DE ENERGIA S.A.,Equatorial,inferido,IPCA_MAIS,S,Quirografária,N,EQUATORIAL PIAUI DISTRIBUIDORA DE ENERGIA S.A.,06840748000189,7.6782,0.0534,1045.427325,2036-09-15,2035-05-15,66.04,6.4449,ok,,,20,6.444893550605247,-0.00010006974122907129,5.985328089255994,48.209283924551286,6.234134526495616,3.0538827201168406,-2.9333345546675993,-5.751642129153689,-11.063863015786213,6.22637450887875,3.052925649533686,-2.9324024397223076,-5.744281669633238,-11.006470500020962,5.699700640317035,11.39940128063407,corrigido IPCA,0.9523445086861982,68.22915668567984,5.509695597752495,295.8778605161246,295.8778605161246
2026-10-05,CPIS14,EQUATORIAL PIAUI DISTRIBUIDORA DE ENERGIA S.A,EQUATORIAL PIAUI DISTRIBUIDORA DE ENERGIA S.A.,Equatorial,inferido,IPCA_MAIS,S,Quirografária,N,EQUATORIAL PIAUI DISTRIBUIDORA DE ENERGIA S.A.,06840748000189,7.6898,0.0811,1032.742968,2037-08-15,2035-05-15,67.19999999999997,6.8159,ok,,,22,6.815878878542601,-0.00030988508339435574,6.329177766643268,54.85838280109095,6.612969466510621,3.234332404748619,-3.097153849074752,-6.0638636849313805,-11.631071213750888,6.603469680648723,3.2331618618229974,-3.0960159048202702,-6.054885852637813,-11.561187877264716,5.672041774109326,11.344083548218652,corrigido IPCA,0.9863723661459299,71.79872137632915,5.52924838992368,299.9103809976871,299.9103809976871
2026-10-05,CPIS15,EQUATORIAL PIAUI DISTRIBUIDORA DE ENERGIA S.A,EQUATORIAL PIAUI DISTRIBUIDORA DE ENERGIA S.A.,Equatorial,inferido,IPCA_MAIS,S,Quirografária,N,EQUATORIAL PIAUI DISTRIBUIDORA DE ENERGIA S.A.,06840748000189,7.7202,0.09,1013.862975,2037-09-15,2035-05-15,70.24,6.9162,ok,,,22,6.916257775125609,0.0008353593824499773,6.420576433320407,56.08878555386546,6.710801815082479,3.281604340355626,-3.1413486109049704,-6.149373319685036,-11.791295738675768,6.701020361089735,3.280399198602536,-3.140177234717872,-6.1401325055510805,-11.719377155563505,5.842799103449128,11.685598206898256,corrigido IPCA,0.970457402754402,75.02827645646214,5.53437852646852,303.74125464219577,303.74125464219577
2026-10-05,CPIS16,EQUATORIAL PIAUI DISTRIBUIDORA DE ENERGIA S.A,EQUATORIAL PIAUI DISTRIBUIDORA DE ENERGIA S.A.,Equatorial,inferido,IPCA_MAIS,S,Quirografária,S,EQUATORIAL PIAUI DISTRIBUIDORA DE ENERGIA S.A.,06840748000189,7.6561,0.2093,974.171361,2038-01-15,2035-05-15,63.83000000000001,7.1206,ok,,,23,7.120647438054238,0.000666208665541792,6.614253570447227,59.75705711760201,6.9237812635708496,3.383146122795533,-3.233715428262496,-6.325601412073922,-12.11217226242085,6.913038856035238,3.381823106620616,-3.2324304638266113,-6.315468284859217,-12.033365998542415,5.267906292922283,10.535812585844566,corrigido IPCA,0.943279488117078,69.68653601348525,5.544634092333478,297.41669751987587,297.41669751987587
2026-10-05,CPJG18,COMPANHIA JAGUARI DE ENERGIA,COMPANHIA JAGUARI DE ENERGIA,Isolada (a identificar),,IPCA_MAIS,S,Quirografária,N,COMPANHIA JAGUARI DE ENERGIA,53859112000169,7.1726,0.2252,985.472467,2036-03-15,2035-05-15,15.479999999999983,6.5503,ok,,,19,6.550283694276353,-0.00024893094433627304,6.111901450815184,49.462928583328825,6.367145637616534,3.118757489119295,-2.995074895033545,-5.872111722330953,-11.293232242244356,6.3592160937318285,3.1177793861367533,-2.9941220646784306,-5.86458680789854,-11.234544329963791,1.4270581492968455,2.854116298593691,corrigido IPCA,0.9603006256246173,17.444077546170043,5.515350501330585,236.29534658890705,236.29534658890705
2026-10-05,CPLD15,COPEL DISTRIBUICAO S/A,COPEL  DISTRIBUICAO S/A,Copel,CVM FRE,IPCA_MAIS,S,Quirografária,N,COPEL  DISTRIBUICAO S/A,04368898000106,5.529,0.0378,983.933253,2027-11-15,2027-05-15,0.16999999999995907,0.5871,ok,,,3,0.5870924270946601,-0.001289883382697047,0.5563327872856372,1.0534409413179882,0.561651091856219,0.2794895514280027,-0.2768558883175287,-0.551115709405614,-1.0919939865664752,0.5615999919922271,0.2794831948194661,-0.27684959246617113,-0.5510655825790473,-1.0915967557449147,-57.655459034149715,-115.31091806829943,corrigido IPCA,1.0087408842163257,-64.15124445340277,6.964150277220749,148.84319853105504,148.84319853105504
2026-10-05,CPLD26,COPEL DISTRIBUICAO S/A,COPEL  DISTRIBUICAO S/A,Copel,CVM FRE,IPCA_MAIS,S,Quirografária,N,COPEL  DISTRIBUICAO S/A,04368898000106,7.098,0.1407,1253.893486,2031-06-15,2030-08-15,1.0699999999999932,3.3139,ok,,,10,3.313916489573255,0.0004975881364943117,3.0942841972522874,13.54039354889285,3.1632407211369173,1.5642231253218064,-1.5303696310664527,-3.0277966001847734,-5.927321779857298,3.1619861649967516,1.5640675905622596,-1.5302166066900276,-3.026582229507823,-5.917760523526717,0.5702629877298326,1.1405259754596653,corrigido IPCA,0.9432994629727685,3.5291115024205926,5.287023005901448,217.5297332613497,217.5297332613497
2026-10-05,CPLD29,COPEL DISTRIBUICAO S/A,COPEL  DISTRIBUICAO S/A,Copel,CVM FRE,IPCA_MAIS,S,Quirografária,N,COPEL  DISTRIBUICAO S/A,04368898000106,7.2309,0.133,1080.248114,2036-05-15,2033-05-15,21.18000000000002,5.6078,ok,,,20,5.607811685970736,0.00020838779442874393,5.229660187474633,38.7385682189239,5.429238799885594,2.663979601382027,-2.56711497563864,-5.041561642854742,-9.728213360761796,5.423353028569252,2.6632533040109716,-2.5664068834636615,-5.035967346380013,-9.684549010570787,2.0807434609204285,4.161486921840857,corrigido IPCA,0.9741964562136355,21.76316247584749,5.461358231100544,240.72806798734422,240.72806798734422
2026-10-05,CPLD37,COPEL DISTRIBUICAO S/A,COPEL  DISTRIBUICAO S/A,Copel,CVM FRE,IPCA_MAIS,S,Quirografária,N,COPEL  DISTRIBUICAO S/A,04368898000106,7.1506,0.0784,1181.083357,2032-05-15,2031-05-15,11.240000000000006,3.9284,ok,,,12,3.9283782291503693,-0.000554191264398232,3.666221401607055,18.682957634695832,3.7616062269957506,1.8567084006560153,-1.8099966164453196,-3.5747063738797658,-6.973714142526544,3.7596361897805344,1.8564643978468975,-1.8097570037601578,-3.572806613433576,-6.958783650520194,1.1431267437416508,2.2862534874833016,corrigido IPCA,0.9875257494269196,8.381911465310047,5.33883702021507,224.1441594523271,224.1441594523271
2026-10-05,CPLDA1,COPEL DISTRIBUICAO S/A,COPEL  DISTRIBUICAO S/A,Copel,CVM FRE,IPCA_MAIS,S,Quirografária,N,COPEL  DISTRIBUICAO S/A,04368898000106,7.4521,0.0558,1033.742208,2038-01-15,2035-05-15,43.42999999999995,6.6649,ok,,,23,6.664902730746795,4.0972059519423136e-05,6.202673312803374,53.84735107373646,6.481373811460145,3.16981158023546,-3.035160052293129,-5.942369503943567,-11.39789459465198,6.471910068172057,3.168645845243858,-3.034027467559517,-5.933436557434692,-11.32839960413202,3.8873903426763574,7.774780685352715,corrigido IPCA,0.9990146056855015,48.22442466993641,5.521408129176875,271.93554936404706,271.93554936404706
2026-10-05,CPLDC0,COPEL DISTRIBUICAO S/A,COPEL  DISTRIBUICAO S/A,Copel,CVM FRE,IPCA_MAIS,S,Quirografária,N,COPEL  DISTRIBUICAO S/A,04368898000106,7.3007,0.2678,1042.866379,2037-07-15,2035-05-15,28.28999999999997,6.4408,ok,,,22,6.440833426734779,0.000518984206594714,6.002601499090666,50.22809135925859,6.262259508101176,3.065135546947073,-2.9395364097541843,-5.759515722036401,-11.06335806075045,6.253741955886959,3.064085863744406,-2.9385156353462594,-5.751461042294373,-11.00064117099616,2.6564124190180576,5.312824838036115,corrigido IPCA,0.9943448057684343,31.890770337201708,5.50947605726777,252.78003809670233,252.78003809670233
2026-10-05,CRCF12,CONCESSIONARIA RODOVIAS DO CAFE SPE S.A.,CONCESSIONARIA RODOVIAS DO CAFE SPE S.A.,EPR,CVM FRE,IPCA_MAIS,S,Real,N,CONCESSIONARIA RODOVIAS DO CAFE SPE S.A.,51742485000120,8.422,0.1784,1208.51233,2041-03-15,2037-05-15,141.47000000000008,7.571,fluxo divergente da ANBIMA,,,29,6.763623222684437,-10.664070496837441,6.238238754758663,64.97117997784648,6.57722373431,3.2020678077921527,-3.0395794318632485,-5.926544201468564,-11.27881472671788,6.563094654647895,3.200333352351639,-3.037905402407023,-5.913382854869431,-11.177053909960396,12.33562348886203,24.67124697772406,corrigido IPCA,1.1361049285016054,153.90512902466077,5.5265520108746635,394.56501429514884,394.56501429514884
2026-10-05,CRMG15,CONCESSIONÁRIA DA RODOVIA MG-050 S/A,CONCESSIONARIA DA RODOVIA MG-050 S.A.,Isolada (a identificar),,IPCA_MAIS,S,Real,N,CONCESSIONARIA DA RODOVIA MG-050 S.A.,08822767000108,6.5042,0.5713,854.041862,2030-12-15,2029-05-15,-47.58000000000004,2.4817,ok,,,9,2.4817341151930497,0.0013746703086446011,2.330174880608511,9.2795370579504,2.377377355674093,1.1767866783342074,-1.1535863062439478,-2.284557501636353,-4.4809076359732085,2.376572565898263,1.1766868616266934,-1.1534880189818175,-2.2837771953187587,-4.474759020058014,-10.64680886599891,-21.29361773199782,corrigido IPCA,1.0056061346155734,-49.6178531563813,5.2395553013200535,153.41633622670693,153.41633622670693
2026-10-05,CRNP13,CONCESSIONARIA DE RODOVIAS NOROESTE PAULISTA S.A.,CONCESSIONARIA DE RODOVIAS NOROESTE PAULISTA S.A.,EcoRodovias,CVM FRE,IPCA_MAIS,S,Real,N,CONCESSIONARIA DE RODOVIAS NOROESTE PAULISTA S.A.,49314049000108,8.3719,0.2059,1073.360929,2047-12-15,2040-08-15,155.87999999999997,8.5763,ok,,,43,8.576347972030073,0.0005593557836454513,7.913811580335929,99.83359400397339,8.439877334438606,4.084985138660602,-3.8352599618849736,-7.439279388710629,-14.019966238650628,8.412979550355796,4.081697782672931,-3.8321137976629975,-7.414643610316062,-13.83095128059239,9.74996842636902,19.49993685273804,corrigido IPCA,1.0253816441380634,154.31882608101765,5.6118347072867225,394.2675002939383,394.2675002939383
2026-10-05,CRNP23,CONCESSIONARIA DE RODOVIAS NOROESTE PAULISTA S.A.,CONCESSIONARIA DE RODOVIAS NOROESTE PAULISTA S.A.,EcoRodovias,CVM FRE,IPCA_MAIS,S,Real,N,CONCESSIONARIA DE RODOVIAS NOROESTE PAULISTA S.A.,49314049000108,8.2938,0.2643,1080.027853,2047-12-15,2040-08-15,148.06999999999988,8.6017,ok,,,43,8.60168876496718,-0.00013061409743127578,7.942918952855271,100.42353664342144,8.472139515357657,4.100301218058844,-3.8490999269362836,-7.465621986980098,-14.067790786755708,8.445036636072379,4.096988897231912,-3.845930055623359,-7.440801269638165,-13.877367172842114,9.225850451609546,18.45170090321909,corrigido IPCA,1.0317505531537337,146.56036481659564,5.61293099121698,385.1545108980098,385.1545108980098
2026-10-05,CRTA12,CONCESSIONARIA ROTA DO OESTE S.A.,CONCESSIONARIA ROTA DO OESTE S.A.,Isolada (a identificar),,IPCA_MAIS,S,Real,S,CONCESSIONARIA ROTA DO OESTE S.A.,19521322000104,8.4167,0.3107,1055.105814,2043-12-15,2037-05-15,140.94000000000005,7.9181,ok,,,35,7.918104276607479,5.401052624764468e-05,7.3033990857566025,80.88776990010236,7.72645862771566,3.7550926279290797,-3.55278911277086,-6.916234090230001,-13.122348258555395,7.707837935257114,3.7528092552534296,-3.550589830503173,-6.898960236256091,-12.989042773511159,10.539540028662504,21.079080057325008,corrigido IPCA,0.97198542346298,153.9489340192577,5.582557403932653,394.93703327483615,394.93703327483615
2026-10-05,CRTR12,CONCESSIONARIA RODOVIAS DO TRIANGULO SPE S.A.,EPR TRIANGULO S.A,EPR,CVM FRE,IPCA_MAIS,S,Real,N,EPR TRIANGULO S.A,48127012000108,8.3785,0.1728,1040.642321,2041-08-15,2035-05-15,136.07000000000005,6.6187,ok,,,30,6.618699279609483,-1.0884169353758625e-05,6.107022407220512,57.37315050654188,6.405302751782327,3.126630583819723,-2.983152040337611,-5.830839921796526,-11.1493670276962,6.393888159753222,3.1252276417434333,-2.981794765477079,-5.820156654687803,-11.066581804310188,11.844596430712881,23.689192861425763,corrigido IPCA,0.9453094924224886,144.67043161369534,5.518977552928761,384.2741907346189,384.2741907346189
2026-10-05,CSAN33,COSAN S.A.,COSAN S.A.,Rumo,CVM FRE,IPCA_MAIS,N,Quirografária,S,COSAN S.A.,50746577000115,9.3569,0.3635,1184.013513,2031-08-15,2030-08-15,226.95999999999995,3.41,ok,,,10,3.410038400883146,0.0011261256054478804,3.118265423474098,13.689326047449988,3.187980722253614,1.5764016566262473,-1.5421758083967507,-3.0510469130030193,-5.9724141576029455,3.186712053711348,1.5762443692963615,-1.5420210541777366,-3.049818793236848,-5.962744325999196,36.79519397089744,73.59038794179487,corrigido IPCA,0.898108908909974,229.47436221894415,5.2949748169623945,,229.47436221894415
2026-10-05,CSMGA6,CIA DE SANEAMENTO DE M.GERAIS COPASA MG,COMPANHIA DE SANEAMENTO DE MINAS GERAIS COPASA MG,Copasa,inferido,IPCA_MAIS,S,Quirografária,N,COMPANHIA DE SANEAMENTO DE MINAS GERAIS COPASA MG,17281106000103,6.8454,0.1598,780.618345,2031-09-15,2029-05-15,-13.460000000000072,2.7047,ok,,,5,2.704759539630433,0.0022013395361051673,2.531470273526453,10.470408140759254,2.5847830321398035,1.2789422454180688,-1.2527642886374868,-2.480047954175668,-4.860851672145161,2.5838223142302494,1.2788231469391758,-1.2526471265872774,-2.479118232822657,-4.853532384237721,-2.932106467734017,-5.864212935468034,corrigido IPCA,0.9621526278616871,-14.845080723766626,5.245716190253269,194.32392618117,194.32392618117
2026-10-05,CSMGB8,CIA DE SANEAMENTO DE M.GERAIS COPASA MG,COMPANHIA DE SANEAMENTO DE MINAS GERAIS COPASA MG,Copasa,inferido,IPCA_MAIS,N,Quirografária,S,COMPANHIA DE SANEAMENTO DE MINAS GERAIS COPASA MG,17281106000103,7.458,0.1314,1076.19008,2030-09-15,2028-08-15,47.940000000000005,1.8781,ok,,,16,1.8781022540352006,0.00012001678294491784,1.747754707918629,5.79607848432204,1.7771755970649172,0.8811771280608172,-0.8666861754000887,-1.719202703121514,-3.3829683745514982,1.7767351003402394,0.8811224520647173,-0.866632255853912,-1.7187743154970192,-3.379587846150818,16.393651395184335,32.78730279036867,corrigido IPCA,0.9975391652897208,57.30416281182045,5.290622291396785,,57.30416281182045
2026-10-05,CSMGB9,CIA DE SANEAMENTO DE M.GERAIS COPASA MG,COMPANHIA DE SANEAMENTO DE MINAS GERAIS COPASA MG,Copasa,inferido,IPCA_MAIS,N,Quirografária,S,COMPANHIA DE SANEAMENTO DE MINAS GERAIS COPASA MG,17281106000103,8.0969,0.076,1092.463868,2034-07-15,2030-08-15,100.95999999999998,3.4995,ok,,,32,3.4995608539400407,0.001738932420084307,3.2374294303907334,17.307468302519432,3.3259873577896615,1.640599028489631,-1.5973253139231258,-3.1528319296813434,-6.143922669524404,3.3239667719033306,1.640349050573516,-1.5970803798172173,-3.150892088878136,-6.128709494731079,16.676461727322703,33.352923454645406,corrigido IPCA,0.9890513983086152,107.97773598163842,5.302498527399524,,107.97773598163842
2026-10-05,CSMGC0,CIA DE SANEAMENTO DE M.GERAIS COPASA MG,COMPANHIA DE SANEAMENTO DE MINAS GERAIS COPASA MG,Copasa,inferido,IPCA_MAIS,N,Quirografária,S,COMPANHIA DE SANEAMENTO DE MINAS GERAIS COPASA MG,17281106000103,7.8316,0.092,1079.875044,2035-05-15,2031-05-15,79.34,4.0823,ok,,,35,4.081022457690387,-0.03129466990699333,3.7846257105434646,22.181125730947,3.8983291302291834,1.920385137786229,-1.864924857553396,-3.6763983513161347,-7.146604401415846,3.8955313391982003,1.9200392624354161,-1.8645864481080485,-3.6737200818887294,-7.12562890646799,10.578022412390965,21.15604482478193,corrigido IPCA,1.0252235417613356,80.06771117727969,5.351522761532435,,80.06771117727969
2026-10-05,CSMGE1,CIA DE SANEAMENTO DE M.GERAIS COPASA MG,COMPANHIA DE SANEAMENTO DE MINAS GERAIS COPASA MG,Copasa,inferido,IPCA_MAIS,N,Quirografária,S,COMPANHIA DE SANEAMENTO DE MINAS GERAIS COPASA MG,17281106000103,7.8876,0.0676,1079.896159,2035-10-15,2031-05-15,84.94000000000001,4.3174,ok,,,37,4.31743293026146,0.0007627336234746806,4.001787907286342,24.51301930602138,4.127561179399342,2.031931692032063,-1.9706403102049186,-3.8822895661540957,-7.537317174060332,4.1243530038164495,2.0315352277756977,-1.9702526795106443,-3.8792228107562354,-7.513315428452256,10.699409081876825,21.39881816375365,corrigido IPCA,1.0365462412695696,85.6335317579287,5.370641365877726,,85.6335317579287
2026-10-05,CSMGE2,CIA DE SANEAMENTO DE M.GERAIS COPASA MG,COMPANHIA DE SANEAMENTO DE MINAS GERAIS COPASA MG,Copasa,inferido,IPCA_MAIS,N,Quirografária,S,COMPANHIA DE SANEAMENTO DE MINAS GERAIS COPASA MG,17281106000103,8.0392,0.0802,1053.500609,2036-03-15,2032-08-15,100.16999999999996,4.6214,ok,,,38,4.621415890832398,0.0003438532132579448,4.277536200594227,27.27697076604862,4.417613961988032,2.173320523516953,-2.1051176324851206,-4.144676724813778,-8.037106475931722,4.4139210544244705,2.1728643137546744,-2.1046718868395526,-4.141151346763984,-8.009532985867482,11.815973149894756,23.63194629978951,corrigido IPCA,1.0273871577936962,101.08650578784844,5.394106622418415,,101.08650578784844
2026-10-05,CSNAA4,COMPANHIA SIDERÚRGICA NACIONAL,COMPANHIA SIDERURGICA NACIONAL,Siderurgica Nacional,CVM FRE,IPCA_MAIS,S,Quirografária,N,COMPANHIA SIDERURGICA NACIONAL,33042730000104,,,544.049055,2030-07-15,,,,sem taxa indicativa,,,,,,,,,,,,,,,,,,,,,,,,,
2026-10-05,CSNAA5,COMPANHIA SIDERÚRGICA NACIONAL,COMPANHIA SIDERURGICA NACIONAL,Siderurgica Nacional,CVM FRE,IPCA_MAIS,S,Quirografária,N,COMPANHIA SIDERURGICA NACIONAL,33042730000104,,,552.775158,2034-04-15,,,,sem taxa indicativa,,,,,,,,,,,,,,,,,,,,,,,,,
2026-10-05,CSNAA6,COMPANHIA SIDERÚRGICA NACIONAL,COMPANHIA SIDERURGICA NACIONAL,Siderurgica Nacional,CVM FRE,IPCA_MAIS,S,Quirografária,N,COMPANHIA SIDERURGICA NACIONAL,33042730000104,,,510.256543,2034-11-15,,,,sem taxa indicativa,,,,,,,,,,,,,,,,,,,,,,,,,
2026-10-05,CSNAB4,COMPANHIA SIDERÚRGICA NACIONAL,COMPANHIA SIDERURGICA NACIONAL,Siderurgica Nacional,CVM FRE,IPCA_MAIS,S,Quirografária,N,COMPANHIA SIDERURGICA NACIONAL,33042730000104,,,555.195333,2033-07-15,,,,sem taxa indicativa,,,,,,,,,,,,,,,,,,,,,,,,,
2026-10-05,CSNAB5,COMPANHIA SIDERÚRGICA NACIONAL,COMPANHIA SIDERURGICA NACIONAL,Siderurgica Nacional,CVM FRE,IPCA_MAIS,S,Quirografária,N,COMPANHIA SIDERURGICA NACIONAL,33042730000104,,,533.17142,2039-04-15,,,,sem taxa indicativa,,,,,,,,,,,,,,,,,,,,,,,,,
2026-10-05,CSNAB6,COMPANHIA SIDERÚRGICA NACIONAL,COMPANHIA SIDERURGICA NACIONAL,Siderurgica Nacional,CVM FRE,IPCA_MAIS,S,Quirografária,N,COMPANHIA SIDERURGICA NACIONAL,33042730000104,,,,2039-11-15,,,,sem taxa indicativa,,,,,,,,,,,,,,,,,,,,,,,,,
2026-10-05,CSNAC4,COMPANHIA SIDERÚRGICA NACIONAL,COMPANHIA SIDERURGICA NACIONAL,Siderurgica Nacional,CVM FRE,IPCA_MAIS,S,Quirografária,N,COMPANHIA SIDERURGICA NACIONAL,33042730000104,,,,2038-07-15,,,,sem taxa indicativa,,,,,,,,,,,,,,,,,,,,,,,,,
2026-10-05,CSNP12,COMPANHIA ENERGÉTICA SINOP S.A.,COMPANHIA ENERGETICA SINOP S.A,Axia (ex-Eletrobras),CVM FRE,IPCA_MAIS,S,Real,S,COMPANHIA ENERGETICA SINOP S.A,19527586000175,7.4539,0.1493,1175.815713,2032-06-15,2029-05-15,47.38999999999996,2.7586,ok,,,12,2.758636624424627,0.0013276453500784056,2.567274546968167,11.435611366978456,2.6255813404001183,1.2980716345719623,-1.26948017723012,-2.511186345698224,-4.914407515315311,2.62445260380306,1.2979317876928067,-1.2693427592753606,-2.5100964901332747,-4.905836866596766,9.114954181564714,18.22990836312943,corrigido IPCA,1.0372239501678107,46.801179734224306,5.248245473233704,266.9039901040523,266.9039901040523
2026-10-05,CSRN29,COMPANHIA ENERGÉTICA DO R. G. N. - COSERN,COMPANHIA ENERGETICA DO RIO GRANDE DO NORTE-COSERN,Neoenergia,CVM FRE,IPCA_MAIS,S,Quirografária,N,COMPANHIA ENERGETICA DO RIO GRANDE DO NORTE-COSERN,08324196000181,7.3791,0.0844,1446.306854,2029-04-15,2028-08-15,40.05000000000001,1.4169,ok,,,6,1.4168723418757645,-0.0019520166727046546,1.3195047657093089,3.5551897970889423,1.337507536885596,0.664224551803505,-0.655336241503135,-1.3019502619827983,-2.5696565131174354,1.3372807146947536,0.6641963701010157,-0.6553083956082932,-1.3017288167238643,-2.567905735476839,24.553354376117206,49.10670875223441,corrigido IPCA,0.982163328704059,64.79653622687233,5.485742703198571,287.48299981920013,287.48299981920013
2026-10-05,CSRNA1,COMPANHIA ENERGÉTICA DO R. G. N. - COSERN,COMPANHIA ENERGETICA DO RIO GRANDE DO NORTE-COSERN,Neoenergia,CVM FRE,IPCA_MAIS,S,Quirografária,N,COMPANHIA ENERGETICA DO RIO GRANDE DO NORTE-COSERN,08324196000181,7.399,0.3062,1157.642681,2028-06-15,2028-08-15,42.03999999999999,1.5916,ok,,,4,1.5916190057682762,0.0011941296981837336,1.4819681801211149,3.66150238253938,1.5004861202710273,0.7455871279276716,-0.7364330894283344,-1.463866573671313,-2.892336023262887,1.5002756920338118,0.7455609680387317,-0.7364072120823832,-1.4636606682084181,-2.8907063125914423,18.86496426688446,37.72992853376892,corrigido IPCA,1.0054471896325266,55.91455352528925,5.385950033798093,276.7407365320664,276.7407365320664
2026-10-05,CSRNA4,COMPANHIA ENERGÉTICA DO R. G. N. - COSERN,COMPANHIA ENERGETICA DO RIO GRANDE DO NORTE-COSERN,Neoenergia,CVM FRE,IPCA_MAIS,S,Quirografária,N,COMPANHIA ENERGETICA DO RIO GRANDE DO NORTE-COSERN,08324196000181,7.3189,0.1625,1049.531428,2031-03-15,2031-05-15,28.07000000000004,3.8007,ok,,,5,3.800743609529592,0.0011474078351863045,3.5415417130902314,17.118705189668912,3.628832819786565,1.792379615708617,-1.7495792991179426,-3.4575888832653723,-6.753617625985287,3.6271352390385756,1.792169238032202,-1.7493724750580295,-3.455948187141887,-6.740709322387084,3.545575835271133,7.091151670542266,corrigido IPCA,1.0256535535350413,25.113609435074917,5.328076801107873,243.71057419693608,243.71057419693608
2026-10-05,CSRNB2,COMPANHIA ENERGÉTICA DO R. G. N. - COSERN,COMPANHIA ENERGETICA DO RIO GRANDE DO NORTE-COSERN,Neoenergia,CVM FRE,IPCA_MAIS,S,Quirografária,N,COMPANHIA ENERGETICA DO RIO GRANDE DO NORTE-COSERN,08324196000181,7.4971,0.0628,1042.889205,2034-03-15,2033-05-15,47.799999999999976,5.3297,ok,,,15,5.3297233283453815,0.0004377046622071945,4.958015917029745,32.49784896581687,5.124782835178343,2.520159054919291,-2.4389029365968207,-4.799620307202557,-9.298129552079837,5.12050516185883,2.5196302697221435,-2.438385647307602,-4.795526672200661,-9.266074854743152,4.547814234193523,9.095628468387046,corrigido IPCA,0.9339430847641834,45.096270721651855,5.443685060649828,268.6036710840025,268.6036710840025
2026-10-05,CSRNB3,COMPANHIA ENERGÉTICA DO R. G. N. - COSERN,COMPANHIA ENERGETICA DO RIO GRANDE DO NORTE-COSERN,Neoenergia,CVM FRE,IPCA_MAIS,S,Quirografária,N,COMPANHIA ENERGETICA DO RIO GRANDE DO NORTE-COSERN,08324196000181,7.5854,0.0842,981.670675,2035-11-15,2035-05-15,56.75999999999996,6.7828,ok,,,19,6.78280155145523,2.2873374271162225e-05,6.304574367391142,53.827282821230604,6.58276287608468,3.2206872468928838,-3.0860890493193405,-6.044009871353784,-11.59938905265896,6.5737107814972955,3.2195712872221094,-3.085003080169033,-6.0354379532849896,-11.532603078357672,4.801348517424518,9.602697034849037,corrigido IPCA,0.9434569869981382,60.54091758373216,5.527543694744619,286.8741963810114,286.8741963810114
2026-10-05,CSRNC0,COMPANHIA ENERGÉTICA DO R. G. N. - COSERN,COMPANHIA ENERGETICA DO RIO GRANDE DO NORTE-COSERN,Neoenergia,CVM FRE,IPCA_MAIS,S,Quirografária,N,COMPANHIA ENERGETICA DO RIO GRANDE DO NORTE-COSERN,08324196000181,7.3414,0.1667,1190.076863,2029-07-15,2029-05-15,36.13999999999997,2.0975,ok,,,6,2.0974636004714857,-0.0017353768064085427,1.9540117796781908,5.997242239139144,1.9844112588337959,0.9845537720835518,-0.9695600206172106,-1.9244284983303772,-3.791262258479977,1.9839979908738865,0.9845024426380194,-0.9695093370401716,-1.9240255684824954,-3.788078714573599,9.62215076689617,19.24430153379234,corrigido IPCA,1.0004113522669205,37.6035918887093,5.255515467321659,255.43747893565276,255.43747893565276
2026-10-05,CTEE18,ISA ENERGIA BRASIL S.A.,ISA ENERGIA BRASIL S.A.,ISA,CVM FRE,IPCA_MAIS,S,Quirografária,N,ISA ENERGIA BRASIL S.A.,02998611000104,6.9724,0.133,1373.527419,2029-12-15,2028-08-15,-0.6199999999999761,2.0585,ok,,,7,2.058511895971074,0.0005778951213982508,1.9243392650544198,6.1346841338192695,1.955456966977609,0.9698931510714548,-0.9545557113480596,-1.8940984528863392,-3.7294007531156526,1.955012685723516,0.9698379876944839,-0.9545012773599357,-1.8936658443853234,-3.7259848474324535,0.9571831514149013,1.9143663028298026,corrigido IPCA,0.9440851322283241,3.683890244232449,5.259981884589804,215.22084559343713,215.22084559343713
2026-10-05,CTEE1B,ISA ENERGIA BRASIL S.A.,ISA ENERGIA BRASIL S.A.,ISA,CVM FRE,IPCA_MAIS,S,Quirografária,N,ISA ENERGIA BRASIL S.A.,02998611000104,6.9608,0.0757,1255.845219,2031-10-15,2031-05-15,-7.739999999999991,4.2772,ok,,,11,4.277222399793133,0.0005237022616017965,3.9988691182125904,21.516653693690504,4.108792700281461,2.02662019807911,-1.9728232673860147,-3.8935413747224534,-7.585126607848391,4.106452386681043,2.0263303762234086,-1.972538741989182,-3.891285849744138,-7.5674051625513705,-1.3935124783957942,-2.7870249567915883,corrigido IPCA,0.9787517760750675,-11.144948031401661,5.367440330589446,201.71017785215165,201.71017785215165
2026-10-05,CTEE29,ISA ENERGIA BRASIL S.A.,ISA ENERGIA BRASIL S.A.,ISA,CVM FRE,IPCA_MAIS,S,Quirografária,N,ISA ENERGIA BRASIL S.A.,02998611000104,7.0905,0.0671,1035.073565,2044-05-15,2035-05-15,7.269999999999932,6.6306,ok,,,36,6.630589875771696,-0.00015268947462669582,6.1915761676074865,64.80067886792695,6.53023178054204,3.1785856334259455,-3.0165177334813387,-5.881164631824721,-11.192031008846815,6.5155795619471215,3.1767889323886522,-3.0147872352188347,-5.8675727732678515,-11.087138757856435,1.5909962575325913,3.1819925150651827,corrigido IPCA,0.9094395508465336,19.70154902178299,5.519604506958631,236.3404778116062,236.3404778116062
2026-10-05,CTEE2B,ISA ENERGIA BRASIL S.A.,ISA ENERGIA BRASIL S.A.,ISA,CVM FRE,IPCA_MAIS,S,Quirografária,N,ISA ENERGIA BRASIL S.A.,02998611000104,7.136,0.2479,1191.702908,2039-10-15,2037-05-15,12.870000000000026,8.3318,ok,,,27,8.33179727514018,-3.2704335421760134e-05,7.776841841342014,83.77664852853685,8.213541376608369,3.995330614638104,-3.785816031054412,-7.374606469292422,-14.00705028295336,8.195725083984698,3.993141731331678,-3.783700110010336,-7.357958598699329,-13.87815071211329,1.5362712651926274,3.0725425303852547,corrigido IPCA,0.9287620306583493,23.894677309602915,5.601142505174916,243.13697608479575,243.13697608479575
2026-10-05,CTGE11,COMPANHIA DE GERACAO E TRANSMISSAO DE ENERGIA ELETRICA DO SUL DO BRASIL ELETROSUL,AXIA ENERGIA SUL S.A.,Axia (ex-Eletrobras),CVM FRE,IPCA_MAIS,S,Quirografária,N,AXIA ENERGIA SUL S.A.,02016507000169,6.4646,0.4495,1384.969404,2028-11-15,2027-05-15,93.72999999999996,0.9467,ok,,,5,0.9467151405836005,0.0015993011091714204,0.8892299793392363,2.0899935806113876,0.8998001278341494,0.44724242066580544,-0.4420172724114768,-0.8788975621188744,-1.7375903059927422,0.8996799472422932,0.4472274816453824,-0.44200249769385397,-0.8787800114361795,-1.7366600870662448,-5.9498886799165165,-11.899777359833033,corrigido IPCA,0.9898862822431181,-10.581638775825839,6.033761304230656,204.55114017734746,204.55114017734746
2026-10-05,CTGE13,COMPANHIA DE GERACAO E TRANSMISSAO DE ENERGIA ELETRICA DO SUL DO BRASIL ELETROSUL,AXIA ENERGIA SUL S.A.,Axia (ex-Eletrobras),CVM FRE,IPCA_MAIS,S,Quirografária,N,AXIA ENERGIA SUL S.A.,02016507000169,7.0234,0.062,1385.686583,2029-09-15,2029-05-15,4.339999999999922,2.7358,ok,,,6,2.7358469174907114,0.0017149459284895704,2.5563072351380276,9.196756867265654,2.6029993612061375,1.2897374936987616,-1.2667444004295425,-2.5110125668689642,-4.934118249723274,2.602291019474356,1.2896495636530958,-1.266657671484932,-2.5103234508016996,-4.928679332930742,-0.4700924863226742,-0.9401849726453484,corrigido IPCA,0.9604265588318195,-2.4034016479413527,5.247135014675042,209.6025650643373,209.6025650643373
2026-10-05,CTGE15,COMPANHIA DE GERACAO E TRANSMISSAO DE ENERGIA ELETRICA DO SUL DO BRASIL ELETROSUL,AXIA ENERGIA SUL S.A.,Axia (ex-Eletrobras),CVM FRE,IPCA_MAIS,S,Quirografária,N,AXIA ENERGIA SUL S.A.,02016507000169,7.0588,0.0726,1117.826032,2031-04-15,2031-05-15,2.059999999999995,3.8546,ok,,,10,3.8546613849847353,0.0015925124457866176,3.600508678394242,17.748634241378355,3.6910399678914185,1.8226617038126003,-1.7782863255067838,-3.5134929123902814,-6.8596321522023445,3.6892518496011344,1.822440131998844,-1.7780685463953985,-3.5117655071873504,-6.846044671960917,-0.19923269860422826,-0.39846539720845653,corrigido IPCA,1.0031222980247296,-1.4346781206888566,5.332635873624092,212.6024662741586,212.6024662741586
2026-10-05,CTNSA3,ENERGISA TOCANTINS - DISTRIBUIDORA DE ENERGIA S.A,ENERGISA TOCANTINS DISTRIBUIDORA DE ENERGIA S/A,Energisa,inferido,IPCA_MAIS,S,Quirografária,N,ENERGISA TOCANTINS DISTRIBUIDORA DE ENERGIA S/A,25086034000171,7.5165,0.0638,1069.181757,2035-05-15,2033-05-15,49.73999999999998,5.7751,ok,,,18,5.775089886096807,-0.00017512949028008492,5.37135219812476,39.63072759292075,5.5753512866808075,2.7359362186833547,-2.6368420410404436,-5.178766100649634,-9.993587596140019,5.569505836089364,2.7352145085535313,-2.636137689571229,-5.173198560160157,-9.950089844391105,4.636863655880655,9.27372731176131,corrigido IPCA,1.0161549504464091,49.81245558083873,5.471563833173998,274.0979877487059,274.0979877487059
2026-10-05,CTNSA5,ENERGISA TOCANTINS - DISTRIBUIDORA DE ENERGIA S.A,ENERGISA TOCANTINS DISTRIBUIDORA DE ENERGIA S/A,Energisa,inferido,IPCA_MAIS,S,Quirografária,S,ENERGISA TOCANTINS DISTRIBUIDORA DE ENERGIA S/A,25086034000171,7.6299,0.0925,972.828528,2036-02-15,2035-05-15,61.20999999999999,6.9607,ok,,,19,6.960714574285667,0.0002093795978450664,6.467268458193928,56.14247533174756,6.757596764869778,3.3049975003193177,-3.1646089080193063,-6.195653181741934,-11.882533088563774,6.747980834852665,3.3038123232616483,-3.1634561349322796,-6.1865560815351905,-11.811687409752905,5.073285508058642,10.146571016117283,corrigido IPCA,0.9472452383565109,65.62059869136002,5.536630467191284,292.8620667840082,292.8620667840082
2026-10-05,CTRR11,CANTAREIRA TRANSMISSORA DE ENERGIA S/A,CANTAREIRA TRANSMISSORA DE ENERGIA S/A,Isolada (a identificar),,IPCA_MAIS,S,Real,S,CANTAREIRA TRANSMISSORA DE ENERGIA S/A,20732109000120,6.6147,0.2608,708.168606,2032-08-15,2029-05-15,-36.530000000000044,2.7392,ok,,,12,2.739243755326679,0.0015973761200064943,2.5692927479293934,11.523213174576252,2.628053638976313,1.2991922227751695,-1.2703817112024507,-2.512781831418587,-4.916811249150821,2.6269088138022747,1.2990503904329171,-1.2702423574964765,-2.511676682056512,-4.908121232367262,-7.188227978440207,-14.376455956880415,corrigido IPCA,1.016702598795471,-36.93732403093917,5.247296855306538,168.3223144820111,168.3223144820111
2026-10-05,CUTI11,CUTIA EMPREENDIMENTOS EÓLICOS S.A.,CUTIA EMPREENDIMENTOS EOLICOS S.A.,Isolada (a identificar),,IPCA_MAIS,S,Real,N,CUTIA EMPREENDIMENTOS EOLICOS S.A.,10979076000164,7.1278,0.0982,825.201966,2031-12-15,2029-05-15,14.779999999999927,2.5084,ok,,,11,2.5084385082780343,0.0015351729402930333,2.3415383385806807,9.871258048812564,2.391814698960393,1.183222289730601,-1.1585422679784574,-2.2930720787019188,-4.492656984453836,2.3908946288247437,1.183108241851356,-1.1584300967293248,-2.2921820483366178,-4.4856515161851105,3.234863943305526,6.469727886611052,corrigido IPCA,0.9884511330524994,15.149115886684342,5.239855678857186,229.38222840940944,229.38222840940944
2026-10-05,CYAR11,AMBIENTAL CEARA 1 SPE S.A.,AMBIENTAL CEARA 1 SPE S.A.,Isolada (a identificar),,IPCA_MAIS,S,Real,S,AMBIENTAL CEARA 1 SPE S.A.,48569940000122,11.6621,0.5665,78.943196,2045-12-15,2037-05-15,465.4800000000001,7.3273,ok,,,39,7.327297088967723,-3.972858047920542e-05,6.562026944655099,71.33637473557505,6.935313098088325,3.3722191371154953,-3.1938015889538374,-6.220722246647736,-11.815904891942886,6.918708818332975,3.370183940747019,-3.1918430039080814,-6.205345070977224,-11.697326394598699,36.53729976600405,73.0745995320081,corrigido IPCA,0.7599692159239736,479.5174910989181,5.5547623862427065,776.9242997867601,776.9242997867601
2026-10-05,DESK17,DESKTOP S/A,DESKTOP S/A,Desktop,CVM FRE,IPCA_MAIS,S,Quirografária,N,DESKTOP S/A,08170849000115,7.2723,0.1025,1135.729876,2031-06-15,2030-08-15,18.50000000000005,3.1879,ok,,,10,3.1879290435827174,0.0009110568938013032,2.9718100978376683,12.84087215057712,3.0371952480173325,1.5021025350066441,-1.4699980042904626,-2.9087489023516544,-5.6958041341198085,3.0360144585905537,1.5019561391070555,-1.4698539587306128,-2.9076057370847828,-5.6868027526637945,3.677169970372397,7.354339940744794,corrigido IPCA,1.0278827264029584,21.855701698836256,5.276916674498167,238.81996673165145,238.81996673165145
2026-10-05,DESK18,DESKTOP S/A,DESKTOP S/A,Desktop,CVM FRE,IPCA_MAIS,S,Real,N,DESKTOP S/A,08170849000115,7.2566,0.0828,1104.925156,2032-06-15,2031-05-15,21.839999999999993,4.2478,ok,,,12,4.247808205975175,0.0001931817687961807,3.9604166139661103,21.603760480659133,4.070838391229459,2.0075105185023867,-1.9534955440234536,-3.8547115704589463,-7.506928933126044,4.0684354163694065,2.007213007583879,-1.9532036063822316,-3.8523978115628146,-7.4887580183190385,2.450878707195988,4.901757414391976,corrigido IPCA,1.0520019219104424,19.413001501589548,5.365085058323893,237.50204714833723,237.50204714833723
2026-10-05,DESK19,DESKTOP S/A,DESKTOP S/A,Desktop,CVM FRE,IPCA_MAIS,S,Quirografária,S,DESKTOP S/A,08170849000115,7.2593,0.1407,1084.706572,2032-09-15,2032-08-15,22.18,4.4923,ok,,,12,4.4922971998764005,-6.233162521771776e-05,4.188258920090287,23.694037113802885,4.309452719713369,2.1240841203171934,-2.064842529806854,-4.072408331027044,-7.923198967882783,4.306729105659302,2.123747006437397,-2.0645119136528898,-4.069788734521272,-7.902637097904516,2.3629644355263406,4.725928871052681,corrigido IPCA,1.0410414096326472,19.793413749898612,5.384301027800675,238.2194714387082,238.2194714387082
2026-10-05,EBAS13,EMPRESA BAIANA DE AGUAS E SANEAMENTO SA,EMPRESA BAIANA DE AGUAS E SANEAMENTO SA,Isolada (a identificar),,IPCA_MAIS,S,Quirografária,N,EMPRESA BAIANA DE AGUAS E SANEAMENTO SA,13504675000110,7.9285,0.3349,1205.202866,2035-11-15,2030-08-15,84.11999999999998,3.6021,ok,,,19,3.6020946845602833,-0.00014756502364798987,3.3374823930289805,20.047288289712206,3.440352653466938,1.6941257558205747,-1.6440002144332388,-3.239762570144089,-6.293711133115676,3.437718834477542,1.6938003068766305,-1.6436820861523502,-3.2372459515804195,-6.274019020263717,13.966807534353668,27.933615068707336,corrigido IPCA,1.0561423223165651,93.22794846545975,5.311193423800709,322.57103435068143,322.57103435068143
2026-10-05,EBENA8,EDP SÃO PAULO DISTRIBUIÇÃO DE ENERGIA S.A.,EDP SAO PAULO DISTRIBUICAO DE ENERGIA S/A,EDP,CVM FRE,IPCA_MAIS,S,Quirografária,N,EDP SAO PAULO DISTRIBUICAO DE ENERGIA S/A,02302100000106,7.2204,0.1005,1112.417833,2036-12-15,2035-05-15,20.259999999999945,6.7065,ok,,,21,6.7065462650453,0.0006898538030224143,6.254916289293176,53.680913786147656,6.532478597170632,3.1956879643108893,-3.0614547741787623,-5.995174619659538,-11.503676412771636,6.523320858223915,3.1945592868792727,-3.0603570024139035,-5.986511720362437,-11.4362143028634,1.9462994098937296,3.8925988197874593,corrigido IPCA,1.0263781194321193,24.34787976557197,5.523586083539267,244.13903639986418,244.13903639986418
2026-10-05,ECER12,CONCESSIONARIA ECOVIAS DO CERRADO S.A.,CONCESSIONARIA ECOVIAS DO CERRADO S.A.,EcoRodovias,CVM FRE,IPCA_MAIS,S,Quirografária,N,CONCESSIONARIA ECOVIAS DO CERRADO S.A.,35593905000105,6.5145,0.0727,1384.679992,2027-09-15,2027-05-15,98.71999999999997,0.9365,ok,,,1,0.9365079365079364,0.0008474648090124214,0.8792304676902547,1.598502360512818,0.8872971131382856,0.44162258548090527,-0.4376262447927104,-0.8713107323453873,-1.727067818287309,0.8872229794928188,0.4416133617957683,-0.4376171058944864,-0.8712379558876906,-1.726490888170253,13.83044422079823,27.66088844159646,corrigido IPCA,1.2058172180409004,24.320295881232816,6.05228335551542,239.99182091675405,239.99182091675405
2026-10-05,ECHP11,ECHOENERGIA PARTICIPACOES S/A,ECHOENERGIA PARTICIPACOES S/A,Echoenergia,inferido,IPCA_MAIS,S,Quirografária,S,ECHOENERGIA PARTICIPACOES S/A,24743678000122,7.5322,0.1793,989.177877,2030-06-15,2028-08-15,55.35999999999994,1.9409,ok,,,8,1.9409341932774395,0.001761722780126538,1.8049795254606897,6.030270105052794,1.8355925467567813,0.9100849021736579,-0.8950084291802884,-1.7752770784292826,-3.4928957870187793,1.8351308759859537,0.910027600361661,-0.8949519250990289,-1.774828174935426,-3.4893536488203236,17.906307035649377,35.81261407129875,corrigido IPCA,1.0094953730281775,64.64103515191964,5.277903898626324,286.69645138111895,286.69645138111895
2026-10-05,ECHP12,ECHOENERGIA PARTICIPACOES S/A,ECHOENERGIA PARTICIPACOES S/A,Echoenergia,inferido,IPCA_MAIS,S,Quirografária,N,ECHOENERGIA PARTICIPACOES S/A,24743678000122,7.5828,0.2369,907.678723,2030-12-15,2028-08-15,60.41999999999996,1.714,ok,,,9,1.7140811544268282,0.004734797364539768,1.5932669110925057,5.302783792027818,1.6201870378839578,0.8033123517350527,-0.7900546879795689,-1.5671479262178156,-3.083594277992985,1.6197808300526448,0.8032619352862875,-0.7900049758062182,-1.5667529921323666,-3.080478146344455,22.379105056612616,44.75821011322523,corrigido IPCA,0.9687764497344774,71.31177517312771,5.33661981778033,295.2940201173957,295.2940201173957
2026-10-05,ECHP22,ECHOENERGIA PARTICIPACOES S/A,ECHOENERGIA PARTICIPACOES S/A,Echoenergia,inferido,IPCA_MAIS,S,Quirografária,N,ECHOENERGIA PARTICIPACOES S/A,24743678000122,7.541,0.1177,908.177514,2031-01-15,2028-08-15,56.24000000000002,1.7188,ok,,,10,1.7188113883486935,0.0006625755581457146,1.5982847363783985,5.3438490852574025,1.6254155858389074,0.8058732636019084,-0.7925129231202255,-1.5719656054652198,-3.092849247640228,1.6250039818046857,0.8058221795457711,-0.7924625568326276,-1.5715654909521117,-3.0896924910516494,20.98078475435375,41.9615695087075,corrigido IPCA,0.9693088273162569,67.06653606024841,5.334996530846436,290.28756129808926,290.28756129808926
2026-10-05,ECOC13,ECO101 CONCESSIONARIA DE RODOVIAS S/A.,ECO101 CONCESSIONARIA DE RODOVIAS S/A.,EcoRodovias,CVM FRE,IPCA_MAIS,S,Quirografária,N,ECO101 CONCESSIONARIA DE RODOVIAS S/A.,15484093000144,7.936,0.1359,1058.492508,2030-06-15,2030-08-15,84.87,3.6587,ok,,,1,3.6587301587301586,0.0008243018055196405,3.3897218339851007,14.630706837184615,3.464173766381906,1.7133103411539397,-1.6767311102829807,-3.317827260996986,-6.496749992151973,3.4628753681710243,1.713149300539031,-1.6765725334460697,-3.3165682997991777,-6.486829531226509,12.471384325061928,24.942768650123856,corrigido IPCA,1.0528736381269836,84.5490474933639,5.316011276143828,313.6727458134987,313.6727458134987
2026-10-05,ECOV16,CONCESSIONÁRIA ECOVIAS DOS IMIGRANTES S/A,CONCESSIONARIA ECOVIAS DOS IMIGRANTES S.A.,EcoRodovias,CVM FRE,IPCA_MAIS,S,Quirografária,N,CONCESSIONARIA ECOVIAS DOS IMIGRANTES S.A.,02509491000126,8.0672,0.0662,1046.295383,2033-02-15,2031-05-15,102.89999999999999,4.1708,ok,,,13,4.170794088226435,-0.00014174195753581832,3.8594449455768585,21.084916981959022,3.967264956731409,1.9563751107669392,-1.9036571027599924,-3.7563242911443195,-7.315275748613503,3.964869530486654,1.956078619015878,-1.9033663265609804,-3.754020360667063,-7.297191551514537,13.120502050876178,26.241004101752356,corrigido IPCA,0.9329978333851915,101.27571064736975,5.358865154461778,333.57252660656604,333.57252660656604
2026-10-05,ECPN11,CONCESSIONARIA PONTE RIO-NITEROI S.A. - ECOPONTE,CONCESSIONARIA PONTE RIO-NITEROI S/A - ECOPONTE,EcoRodovias,CVM FRE,IPCA_MAIS,S,Real,N,CONCESSIONARIA PONTE RIO-NITEROI S/A - ECOPONTE,22163297000149,8.7635,0.2341,1137.732581,2034-10-15,2031-05-15,172.5300000000001,4.2104,ok,,,9,4.210421651266985,0.0005142330178961781,3.87117153389417,24.33142679826734,3.9960311216931332,1.9663958489859912,-1.905558539543717,-3.7525768934290493,-7.279687108194411,3.992828667885507,1.966000050444919,-1.905171483449251,-3.7495143999028335,-7.255714531822993,22.429606358382557,44.859212716765114,corrigido IPCA,0.8723258556215736,173.65770730204449,5.362075064494465,418.3076965840134,418.3076965840134
2026-10-05,ECRD14,ECORIOMINAS CONCESSIONARIA DE RODOVIAS S.A.,ECORIOMINAS CONCESSIONARIA DE RODOVIAS S.A.,EcoRodovias,CVM FRE,IPCA_MAIS,S,Real,N,ECORIOMINAS CONCESSIONARIA DE RODOVIAS S.A.,29884545000190,8.4126,0.1746,1079.30298,2047-09-15,2040-08-15,159.9499999999999,8.8265,ok,,,42,8.826495413743173,-5.1960084141564325e-05,8.141577098734993,101.8109710403346,8.67755055760766,4.201343674110647,-3.9466776396248404,-7.657220333525039,-14.436579005871252,8.650631953936665,4.198052263167916,-3.9435248355670782,-7.632522243533321,-14.246934776663295,9.703989659661337,19.407979319322674,corrigido IPCA,1.002959141667301,158.01155995891983,5.622564805178287,398.98719298387164,398.98719298387164
2026-10-05,EDFT11,EDF OITI TRANSMISSORA S.A.,ACU TRANSMISSORA S.A.,Isolada (a identificar),,IPCA_MAIS,S,Real,N,ACU TRANSMISSORA S.A.,49008174000190,7.582,0.0621,1242.905999,2049-05-15,2035-05-15,56.41999999999996,6.6326,ok,,,46,6.6325998998231555,-1.510370663049172e-06,6.165157647025669,73.45090286039499,6.551442277155917,3.1767196184655955,-2.9929949552413126,-5.81537276640266,-10.995474973900677,6.5324121613276445,3.1743924520883287,-2.990765194937341,-5.797903132723695,-10.86129723684344,6.002136457869262,12.004272915738524,corrigido IPCA,1.1167783081129419,74.00823496344847,5.519710390287025,298.9823665818605,298.9823665818605
2026-10-05,EDPA11,EDP TRANSMISSAO ALIANCA SC S.A.,EDP TRANSMISSAO ALIANCA SC S.A.,EDP,inferido,IPCA_MAIS,S,Real,N,EDP TRANSMISSAO ALIANCA SC S.A.,27831352000145,7.0862,0.3256,1474.374057,2044-10-15,2035-05-15,6.839999999999957,6.5081,ok,,,37,6.508150763354786,0.0007800026856744084,6.077487821357734,63.76593048730724,6.410851364922965,3.12023315162826,-2.9607520058819725,-5.772129808320736,-10.983585076542468,6.39631747379427,3.1184513237880016,-2.959036497569733,-5.758658168921198,-10.879657032969325,1.5889416525242492,3.1778833050484985,corrigido IPCA,1.1186811300938238,19.313547084128317,5.513099793132525,235.70960218440345,235.70960218440345
2026-10-05,EDPT11,EDP TRANSMISSÃO S.A.,HORIZON TRANSMISSAO ES S.A.,Isolada (a identificar),,IPCA_MAIS,S,Real,N,HORIZON TRANSMISSAO ES S.A.,04705039000165,7.1063,0.2952,864.61673,2033-05-15,2030-08-15,1.9000000000000128,3.1749,ok,,,14,3.1748889992621856,-0.0003464908442615335,2.9642411317188486,15.421760972784753,3.0430857367534037,1.501612602726432,-1.4630540378540946,-2.8888014911601645,-5.633147605769084,3.0413499365827725,1.5013977670754053,-1.4628433646434436,-2.887132326854925,-5.6200470439820025,1.669262124337854,3.338524248675708,corrigido IPCA,1.0246146210200882,9.8961908971653,5.275897879455793,224.23262392887978,224.23262392887978
2026-10-05,EDTE12,EDTE - EMPRESA DIAMANTINA DE TRANSMISSAO DE ENERGIA S.A.,EDTE -  EMPRESA DIAMANTINA DE TRANSMISSAO DE ENERGIA S.A.,Isolada (a identificar),,IPCA_MAIS,S,Quirografária,S,EDTE -  EMPRESA DIAMANTINA DE TRANSMISSAO DE ENERGIA S.A.,24870962000160,6.8722,0.1743,1030.595944,2028-12-15,2028-08-15,-10.639999999999983,1.5076,ok,,,5,1.5044515820924889,-0.20883642262610716,1.4077108753188283,3.686085533904867,1.4263664548557875,0.7084910260037658,-0.6992754926311573,-1.3895004849434178,-2.7434405446227994,1.4261413029883527,0.7084630445767953,-0.6992478307420331,-1.3892804476493041,-2.7417000399595595,2.346019345150555,4.69203869030111,sem correção,0.9937587193574489,6.605033891753584,5.430841737206116,219.1154466601921,219.1154466601921
2026-10-05,EDVP17,ENERGISA SUL-SUDESTE - DISTRIBUICAO DE ENERGIA S.A,ENERGISA SUL-SUDESTE - DISTRIBUIDORA DE ENERGIA SA,Energisa,CVM FRE,IPCA_MAIS,S,Quirografária,N,ENERGISA SUL-SUDESTE - DISTRIBUIDORA DE ENERGIA SA,07282377000120,7.4291,0.046,1206.555135,2032-01-15,2031-05-15,39.090000000000025,3.7217,ok,,,11,3.721672296612125,-0.0007443745566497406,3.464305571406746,16.683907057439065,3.549401277722164,1.753215352768911,-1.711501998631415,-3.3825047931335783,-6.607664050374085,3.5477251066939415,1.7530076695251715,-1.7112979018815742,-3.38088603611955,-6.59493300166471,5.243039585406898,10.486079170813795,corrigido IPCA,0.9674583938910017,36.32698249366246,5.3213654219635975,256.7341105105423,256.7341105105423
2026-10-05,EEELA0,CPFL TRANSMISSAO S.A,CPFL TRANSMISSAO S.A.,CPFL,CVM FRE,IPCA_MAIS,S,Quirografária,N,CPFL TRANSMISSAO S.A.,92715812000131,7.0949,0.0481,1126.339813,2033-10-15,2032-08-15,5.740000000000034,4.9208,ok,,,15,4.920795281032013,-9.589839024220707e-05,4.5947988942816265,28.736263481668175,4.7421065574418275,2.3337682285419215,-2.26191816631397,-4.454593383393258,-8.642109917909336,4.738480211689968,2.3333197764928983,-2.261479117788728,-4.451117576873285,-8.61487251892989,0.4476956595902987,0.8953913191805974,corrigido IPCA,0.9859259094346596,4.114143043320376,5.415913624464963,220.08789370987748,220.08789370987748
2026-10-05,EEELA1,CPFL TRANSMISSAO S.A,CPFL TRANSMISSAO S.A.,CPFL,CVM FRE,IPCA_MAIS,S,Quirografária,N,CPFL TRANSMISSAO S.A.,92715812000131,7.2081,0.125,1081.868479,2034-04-15,2033-05-15,18.900000000000006,5.2573,ok,,,16,5.2573338445427895,0.0006437628210231803,4.90385879848891,32.59192009338696,5.0711637070963045,2.493206375509649,-2.41171476612676,-4.745055451086833,-9.188416349204498,5.066818398955845,2.4926692993611885,-2.4111894991277216,-4.7408991980219755,-9.155879195110082,1.6686774875973378,3.3373549751946756,corrigido IPCA,0.9734212972210295,16.365917558789146,5.438929637569467,234.69227860419363,234.69227860419363
2026-10-05,EEELA4,CPFL TRANSMISSAO S.A,CPFL TRANSMISSAO S.A.,CPFL,CVM FRE,IPCA_MAIS,S,Quirografária,N,CPFL TRANSMISSAO S.A.,92715812000131,7.162,0.0885,1112.462652,2035-02-15,2033-05-15,14.290000000000003,5.715,ok,,,17,5.715044481773676,0.0007783337476115006,5.333088671146186,38.37097864504549,5.5304659918355314,2.7151900785460814,-2.619246592260882,-5.146499415687778,-9.939918218841603,5.524943564371413,2.7145080588793995,-2.6185806122667863,-5.1412337779209585,-9.89875776939146,1.2838458970787467,2.5676917941574935,corrigido IPCA,1.0397706654687313,13.693728018416355,5.467935325622975,231.678829043973,231.678829043973
2026-10-05,EEELB1,CPFL TRANSMISSAO S.A,CPFL TRANSMISSAO S.A.,CPFL,CVM FRE,IPCA_MAIS,S,Quirografária,N,CPFL TRANSMISSAO S.A.,92715812000131,7.3612,0.1903,1043.6575,2039-04-15,2037-05-15,35.39000000000003,7.9844,ok,,,26,7.9844076470687595,9.577512098032565e-05,7.4369582745617215,76.91100813451642,7.837239587514211,3.816551188285544,-3.62421143937961,-7.067133009966364,-13.449871051605545,7.821513315234303,3.814617897449006,-3.6223403771127147,-7.052403233889139,-13.335696386433114,3.0207667301112466,6.041533460222493,corrigido IPCA,0.9390406190124398,44.93063225804318,5.585580905948095,267.95153860151294,267.95153860151294
2026-10-05,EEELB5,CPFL TRANSMISSAO S.A,CPFL TRANSMISSAO S.A.,CPFL,CVM FRE,IPCA_MAIS,S,Quirografária,N,CPFL TRANSMISSAO S.A.,92715812000131,7.2274,0.107,1063.623647,2035-05-15,2033-05-15,20.830000000000037,5.8501,ok,,,18,5.850087134455255,-0.0002199200824791187,5.455776354229661,40.48774199834115,5.664200494170801,2.779236845031874,-2.6779997107306053,-5.259038429567175,-10.146336252736743,5.658215064221367,2.7784978546127572,-2.677278499616904,-5.253337644237956,-10.1017978684925,1.9084531049111917,3.8169062098223834,corrigido IPCA,1.0097992143349834,20.824186645861317,5.476042930954472,240.0783470166367,240.0783470166367
2026-10-05,EGIE27,ENGIE BRASIL ENERGIA S.A.,ENGIE BRASIL ENERGIA SA,Engie,CVM FRE,IPCA_MAIS,S,Quirografária,N,ENGIE BRASIL ENERGIA SA,02474103000119,5.8225,0.3053,1026.687563,2028-07-15,2027-05-15,29.519999999999946,1.081,ok,,,2,1.08099655404799,-0.0003187744690066302,1.021518631716308,2.2015381814149473,1.0326451226079225,0.5135260099330852,-0.508022009792175,-1.0106272642325331,-1.999927481340813,1.032526322623383,0.5135112385849228,-0.5080073931313854,-1.0105109408092334,-1.9990064998043173,-30.77188556755077,-61.54377113510154,corrigido IPCA,1.0138940795576408,-62.86810888059054,5.821601101351215,137.39196281138462,137.39196281138462
2026-10-05,EGIE29,ENGIE BRASIL ENERGIA S.A.,ENGIE BRASIL ENERGIA SA,Engie,CVM FRE,IPCA_MAIS,S,Quirografária,N,ENGIE BRASIL ENERGIA SA,02474103000119,6.8306,0.0976,1413.100783,2029-07-15,2028-08-15,-14.800000000000058,1.6935,ok,,,3,1.6934980950064107,-0.00011248854970882484,1.5852181818752404,4.568886412329722,1.6083697130989671,0.798358344393324,-0.7869356534980998,-1.5626732473383864,-3.081425275024874,1.6080626139368892,0.7983201989530324,-0.7868979829222081,-1.5623737498135921,-3.0790586355038867,0.21795946919264883,0.43591893838529766,corrigido IPCA,0.9620349133075397,0.6910266269521265,5.343912639134851,211.24859674300396,211.24859674300396
2026-10-05,EGIE49,ENGIE BRASIL ENERGIA S.A.,ENGIE BRASIL ENERGIA SA,Engie,CVM FRE,IPCA_MAIS,S,Quirografária,N,ENGIE BRASIL ENERGIA SA,02474103000119,6.8655,0.133,1407.752273,2029-07-15,2028-08-15,-11.31000000000002,1.6765,ok,,,6,1.6764992802241216,-4.293324655263665e-05,1.5687937456186718,4.517697574977288,1.5916857182032729,0.7900816914241604,-0.7787869783007384,-1.5465012335649453,-3.0495723667046004,1.5913822334935583,0.7900439947780575,-0.7787497508406144,-1.5462052577437855,-3.047233539737798,1.4392405102133687,2.8784810204267375,corrigido IPCA,0.9583936680687879,4.515743021727518,5.35022402809342,215.8050038349176,215.8050038349176
2026-10-05,EGIEA0,ENGIE BRASIL ENERGIA S.A.,ENGIE BRASIL ENERGIA SA,Engie,CVM FRE,IPCA_MAIS,S,Quirografária,N,ENGIE BRASIL ENERGIA SA,02474103000119,7.1081,0.2546,1048.623606,2046-09-15,2040-08-15,29.499999999999993,9.0069,ok,,,20,9.006937681481377,0.0004183623819177512,8.409203114873083,109.64380224267819,8.98766818401102,4.34535195661907,-4.0710819587382545,-7.888658950490357,-14.837757074138281,8.957422126086474,4.341656310239889,-4.067546804633194,-7.860984103659692,-14.625530184892602,1.712773388138091,3.425546776276182,corrigido IPCA,0.8888412803186189,28.80611862120512,5.630182392485605,246.81401876970912,246.81401876970912
2026-10-05,EGIEA1,ENGIE BRASIL ENERGIA S.A.,ENGIE BRASIL ENERGIA SA,Engie,CVM FRE,IPCA_MAIS,S,Quirografária,N,ENGIE BRASIL ENERGIA SA,02474103000119,6.9976,0.0724,1140.124921,2033-11-15,2032-08-15,-3.989999999999938,4.9645,ok,,,8,4.964503490190201,7.030295499748115e-05,4.639826958913285,29.426609952658275,4.790717482213314,2.357161359140414,-2.283584994808152,-4.496293863267853,-8.719326212172263,4.7869600086765765,2.3566967418974656,-2.28313021701582,-4.492693909149994,-8.691121718773404,-0.5893114842781296,-1.1786229685562593,corrigido IPCA,1.0004446669283114,-5.468606623901737,5.4189903001196305,208.83696266742808,208.83696266742808
2026-10-05,EGIEA6,ENGIE BRASIL ENERGIA S.A.,ENGIE BRASIL ENERGIA SA,Engie,CVM FRE,IPCA_MAIS,S,Quirografária,N,ENGIE BRASIL ENERGIA SA,02474103000119,7.1352,0.1421,995.920938,2038-02-15,2037-05-15,12.790000000000035,7.5792,ok,,,11,7.579196295118143,-4.888222843179579e-05,7.07442212747831,67.1259657145923,7.4226879514417865,3.622673816147315,-3.4548124123736756,-6.750683887091846,-12.898705171366952,7.410051956051271,3.621118520882395,-3.4533036065959144,-6.738792298905348,-12.806324940664773,1.3381875985851044,2.6763751971702088,corrigido IPCA,0.9708583502230815,18.933807916295052,5.5668107678946255,237.7452144359237,237.7452144359237
2026-10-05,EGIEB1,ENGIE BRASIL ENERGIA S.A.,ENGIE BRASIL ENERGIA SA,Engie,CVM FRE,IPCA_MAIS,S,Quirografária,N,ENGIE BRASIL ENERGIA SA,02474103000119,7.1648,0.091,1106.779449,2038-11-15,2037-05-15,15.749999999999975,7.769,ok,,,13,7.769068296576469,0.0008790909572518453,7.249645682702221,73.20425300277525,7.630258139555179,3.7181226270995182,-3.5350555788558724,-6.897312219677588,-13.141381192233226,7.615666947716098,3.71632815760458,-3.5333175250976416,-6.883624417688345,-13.035206305348938,1.6731636677318478,3.3463273354636955,corrigido IPCA,0.9711844543691179,24.259687520452808,5.575694559774136,243.71410337173083,243.71410337173083
2026-10-05,EGIEB2,ENGIE BRASIL ENERGIA S.A.,ENGIE BRASIL ENERGIA SA,Engie,CVM FRE,IPCA_MAIS,S,Quirografária,N,ENGIE BRASIL ENERGIA SA,02474103000119,6.921,0.1793,1120.540193,2034-06-15,2033-05-15,-9.809999999999963,5.4417,ok,,,8,5.441723427463299,0.0004305173622045698,5.089480483219666,34.417952736616854,5.266243154960137,2.5883401373013593,-2.5022823439107222,-4.921856923694445,-9.525552865187525,5.2615702469027505,2.587762682530604,-2.501717800689062,-4.917390719536582,-9.490601911706994,-1.1679975661648407,-2.3359951323296815,corrigido IPCA,1.0132846136788536,-11.889001634888055,5.450913904290844,201.5683789061278,201.5683789061278
2026-10-05,EGIEB4,ENGIE BRASIL ENERGIA S.A.,ENGIE BRASIL ENERGIA SA,Engie,CVM FRE,IPCA_MAIS,S,Quirografária,N,ENGIE BRASIL ENERGIA SA,02474103000119,6.8668,0.1081,1222.148103,2032-01-15,2031-05-15,-17.140000000000022,3.7462,ok,,,6,3.746267768765597,0.0018090002027921171,3.5055487473804745,18.03124554179724,3.59761236583378,1.775549679560151,-1.7304673248559777,-3.4172320241403598,-6.664930056551343,3.5957049750894607,1.775313430617484,-1.730235316762991,-3.4153925196714887,-6.650472583925005,-2.646840906958515,-5.29368181391703,corrigido IPCA,1.1472555100436654,-18.55725965180764,5.323455490629203,192.09419195090538,192.09419195090538
2026-10-05,EGIEB5,ENGIE BRASIL ENERGIA S.A.,ENGIE BRASIL ENERGIA SA,Engie,CVM FRE,IPCA_MAIS,S,Quirografária,N,ENGIE BRASIL ENERGIA SA,02474103000119,7.0628,0.1575,1124.854846,2035-06-15,2035-05-15,4.499999999999993,6.0178,ok,,,9,6.017811976564755,0.0001990189895816604,5.620824391445727,43.99549938831575,5.8476556749929465,2.866252276737935,-2.756242240154172,-5.4073598520748,-10.412567170478514,5.840801888387306,2.865406569958258,-2.755417821487469,-5.400846894504149,-10.361738795125138,0.583790258600482,1.167580517200964,corrigido IPCA,1.072390027401099,6.562765050059996,5.485856468869432,223.1614718078246,223.1614718078246
2026-10-05,EGVG11,ENEL GREEN POWER VOLTA GRANDE S.A.,ENEL GREEN POWER VOLTA GRANDE S.A,Enel,inferido,IPCA_MAIS,S,Quirografária,N,ENEL GREEN POWER VOLTA GRANDE S.A,25176391000120,6.9895,0.2198,570.673487,2029-10-15,2028-08-15,1.0899999999999466,1.4044,ok,,,7,1.4044794734621304,0.005658890781140029,1.3127264577011113,4.002958464897681,1.3330221569050726,0.6614018110547404,-0.6513939651695777,-1.2929853735865082,-2.5475556578883896,1.3327412500255997,0.6613669269316778,-0.6513595307694335,-1.2927116653766229,-2.5453937461042693,4.307639632829667,8.615279265659334,corrigido IPCA,0.9730774390609034,11.309505032514808,5.494398310186122,227.03488388311453,227.03488388311453
2026-10-05,EGVG21,ENEL GREEN POWER VOLTA GRANDE S.A.,ENEL GREEN POWER VOLTA GRANDE S.A,Enel,inferido,IPCA_MAIS,S,Quirografária,N,ENEL GREEN POWER VOLTA GRANDE S.A,25176391000120,7.042,0.179,580.80223,2029-10-15,2028-08-15,6.339999999999968,1.3909,ok,,,4,1.390939489676964,0.0028391456584936753,1.2994333903299304,3.965050836317553,1.3195369005935431,0.6547075637047373,-0.6447944911047832,-1.279879262150685,-2.5217072844994193,1.3192586445115184,0.6546730087103622,-0.6447603816195684,-1.2796081361483427,-2.51956576393351,6.237466941094782,12.474933882189564,corrigido IPCA,0.9903483477198263,16.210345628675306,5.504124043016678,233.00676334235916,233.00676334235916
2026-10-05,EKTRA6,ELEKTRO REDES S.A.,ELEKTRO REDES S.A.,Neoenergia,CVM FRE,IPCA_MAIS,S,Quirografária,N,ELEKTRO REDES S.A.,02328280000197,7.407,0.2473,1073.120681,2035-08-15,2040-08-15,59.389999999999965,8.8056,ok,,,1,8.805555555555555,-0.0005047293136723859,8.198306959095362,74.84517930384,8.585435584581823,4.194300447275046,-4.007144405376806,-7.836293822682261,-14.994841416968951,8.572532855614561,4.192709953677482,-4.005597005417881,-7.824081062576163,-14.899710332113925,2.605228238788933,5.210456477577866,corrigido IPCA,1.0256360506870281,42.716921600190126,5.621674278565614,267.35449969445455,267.35449969445455
2026-10-05,EKTRA8,ELEKTRO REDES S.A.,ELEKTRO REDES S.A.,Neoenergia,CVM FRE,IPCA_MAIS,S,Quirografária,S,ELEKTRO REDES S.A.,02328280000197,7.337,0.1576,1048.858953,2031-03-15,2031-05-15,29.879999999999995,3.8005,ok,,,5,3.800495691616993,-0.00011336358391794142,3.5407135392427525,17.111558383197373,3.627967900660134,1.7919564702546964,-1.749174023460076,-3.4567954759622266,-6.752096638494509,3.6262713311587396,1.7917462176003731,-1.7489673216423796,-3.455155747326766,-6.739195910821557,3.802199371622334,7.604398743244668,corrigido IPCA,1.024996377573527,26.924997588006967,5.328055800227127,245.84135981756717,245.84135981756717
2026-10-05,EKTRB3,ELEKTRO REDES S.A.,ELEKTRO REDES S.A.,Neoenergia,CVM FRE,IPCA_MAIS,S,Quirografária,N,ELEKTRO REDES S.A.,02328280000197,7.4893,0.0705,1077.7081,2034-04-15,2033-05-15,47.02000000000002,5.2254,ok,,,16,5.225435868912433,0.0006864338123995008,4.86135445008241,32.16348031651665,5.026444020018772,2.4714096314226275,-2.3909893577068075,-4.704623943643471,-9.111435716623618,5.022171851664993,2.4708815754368505,-2.390472874645559,-4.700537048499827,-9.079439293834488,4.578552548139927,9.157105096279855,corrigido IPCA,0.968694152905877,44.51593360967239,5.436812930826185,267.77745500767134,267.77745500767134
2026-10-05,EKTRB6,ELEKTRO REDES S.A.,ELEKTRO REDES S.A.,Neoenergia,CVM FRE,IPCA_MAIS,S,Quirografária,N,ELEKTRO REDES S.A.,02328280000197,7.5099,0.1312,993.886201,2040-08-15,2040-08-15,69.67999999999996,8.5738,ok,,,28,8.573877639079598,0.0009055387295871951,7.974965690675554,88.78946230589851,8.43859543152572,4.100886036006091,-3.8788285038833026,-7.54935754402778,-14.315948725734629,8.418913002205047,4.098469673220151,-3.8764960174554037,-7.5310183791460625,-14.17414213523314,3.949787560531587,7.899575121063174,corrigido IPCA,0.9499076480223163,62.998840561393,5.611727722148863,288.883891927423,288.883891927423
2026-10-05,EKTRC0,ELEKTRO REDES S.A.,ELEKTRO REDES S.A.,Neoenergia,CVM FRE,IPCA_MAIS,S,Quirografária,N,ELEKTRO REDES S.A.,02328280000197,7.4007,0.0494,1247.907307,2031-10-15,2030-08-15,31.339999999999968,3.4958,ok,,,11,3.495759332614512,-0.0011633212852000864,3.2548757434676983,15.050780848274023,3.33159005976984,1.6464323445137152,-1.6088023566355192,-3.1810336561062913,-6.219844815596398,3.330129647709069,1.646251347794192,-1.6086243956735067,-3.1796218392263285,-6.208735869969917,5.135415272574618,10.270830545149236,corrigido IPCA,0.9731695571161763,33.43027720667337,5.302177408583186,253.01541846786492,253.01541846786492
2026-10-05,EKTRC1,ELEKTRO REDES S.A.,ELEKTRO REDES S.A.,Neoenergia,CVM FRE,IPCA_MAIS,S,Quirografária,N,ELEKTRO REDES S.A.,02328280000197,7.346,0.0712,1189.969902,2029-07-15,2029-05-15,36.599999999999966,2.0974,ok,,,6,2.0974458886923357,0.0021878846350621597,1.953911546487373,5.99665514980096,1.9843080308276972,0.9845029142727224,-0.9695106306300216,-1.9243311430752863,-3.791073081394536,1.9838948222363781,0.9844515921809379,-0.9694599543064354,-1.9239282707383683,-3.7878899899787273,9.740446956271235,19.48089391254247,corrigido IPCA,1.0003214370981401,38.06394355161231,5.255517347897398,255.97909810262865,255.97909810262865
2026-10-05,EKTT11,EKTT 9 SERV DE TRANS DE E E SPE S.A.,EKTT 9 SERV DE TRANS DE E E SPE S.A.,Ektt 9,inferido,IPCA_MAIS,S,Real,N,EKTT 9 SERV DE TRANS DE E E SPE S.A.,28438777000151,7.5133,0.0814,1219.421378,2038-05-15,2032-08-15,47.58000000000004,5.0984,ok,,,24,5.098402893877973,5.676051256883293e-05,4.7421136676838795,37.466912976398945,4.935795057350512,2.418672383363041,-2.3249830879456646,-4.560773455424238,-8.781536934774403,4.929448232565874,2.417890475062438,-2.3242231926214414,-4.554779102801885,-8.73488907583978,5.728574845014559,11.457149690029118,corrigido IPCA,0.9721772437066183,54.3311061377872,5.4282508716258615,277.72825087569976,277.72825087569976
2026-10-05,ELDC15,ELDORADO BRASIL CELULOSE S.A.,ELDORADO BRASIL CELULOSE S.A.,Eldorado Brasil,inferido,IPCA_MAIS,S,Quirografária,N,ELDORADO BRASIL CELULOSE S.A.,07401436000212,8.2145,0.1556,1055.303111,2035-10-15,2033-05-15,119.53999999999994,5.8605,ok,,,19,5.860513286335584,0.00022670993232196425,5.415645118108557,41.134053023009805,5.627565800866252,2.7600115692997473,-2.6571573773234047,-5.21592012722274,-10.055028483047124,5.621315383223606,2.759240125333041,-2.6564049927755162,-5.209974852993509,-10.008609175756918,11.133530503095015,22.26706100619003,corrigido IPCA,1.0127028315526614,120.59050023279845,5.476661059444443,357.25450487565286,357.25450487565286
2026-10-05,ELET14,CENTRAIS ELETRICAS BRASILEIRAS S/A ELETROBRAS,AXIA ENERGIA S.A.,Axia (ex-Eletrobras),inferido,IPCA_MAIS,S,Quirografária,N,AXIA ENERGIA S.A.,00001180000126,7.07,0.0596,1122.834771,2031-09-15,2030-08-15,-1.729999999999965,3.4967,ok,,,10,3.4966461881561095,-0.0015389322472799713,3.2657571571458948,14.894709463917946,3.3416610249723755,1.6516742450570998,-1.6144345218964018,-3.1926667154906774,-6.244504595999345,3.340230704465484,1.6514969654028446,-1.61426019174305,-3.191283609826305,-6.23362012501343,0.09104513619133284,0.18209027238266567,corrigido IPCA,0.9789168390035936,0.594662610280336,5.302252311698297,214.35080194219339,214.35080194219339
2026-10-05,ELET16,CENTRAIS ELETRICAS BRASILEIRAS S/A ELETROBRAS,AXIA ENERGIA S.A.,Axia (ex-Eletrobras),inferido,IPCA_MAIS,S,Quirografária,N,AXIA ENERGIA S.A.,00001180000126,7.2415,0.1098,1076.626499,2034-09-15,2035-05-15,22.37,6.2067,ok,,,16,6.206703314041176,5.339457645116042e-05,5.787594647632845,44.30338387422231,6.015821056447357,2.95000475797087,-2.8392260239416767,-5.572462628730335,-10.738984069726875,6.009111567003956,2.9491765536592003,-2.8384180939736443,-5.5660777282617335,-10.689121617781243,1.9730604807637626,3.9461209615275252,corrigido IPCA,0.9826790134084658,22.83854855584848,5.496592687189161,242.66666117204204,242.66666117204204
2026-10-05,ELET23,CENTRAIS ELETRICAS BRASILEIRAS S/A ELETROBRAS,AXIA ENERGIA S.A.,Axia (ex-Eletrobras),inferido,IPCA_MAIS,S,Quirografária,N,AXIA ENERGIA S.A.,00001180000126,7.0685,0.0662,1271.69323,2031-04-15,2031-05-15,3.0300000000000438,3.9639,ok,,,10,3.9639544400283455,0.001373395603958602,3.702260179257527,18.38898035074891,3.796064951531797,1.874346773192559,-1.8283703684533803,-3.612111853799138,-7.050871762740918,3.7942050810112717,1.8741163150671998,-1.8281438641903274,-3.6103152775037826,-7.0367407515000755,-0.11530296228352122,-0.23060592456704243,corrigido IPCA,0.9433949079146299,-0.8537631316254263,5.341813871504031,213.4767309676342,213.4767309676342
2026-10-05,ELET42,CENTRAIS ELETRICAS BRASILEIRAS S/A ELETROBRAS,AXIA ENERGIA S.A.,Axia (ex-Eletrobras),inferido,IPCA_MAIS,S,Quirografária,N,AXIA ENERGIA S.A.,00001180000126,7.04,0.1359,1463.471199,2029-05-15,2028-08-15,6.13999999999999,1.4907,ok,,,6,1.4907123472647537,0.0008282863590086935,1.3926684858601959,3.8291779187170656,1.4120628296204307,0.7011515819630887,-0.6915782637980317,-1.373765073871891,-2.7106701460603677,1.4118143754537813,0.7011207153284942,-0.6915477705317017,-1.3735225962666104,-2.7087534133460505,10.205142650208868,20.410285300417737,corrigido IPCA,0.9936509299522247,28.42476112530738,5.43876521209552,244.32276789727362,244.32276789727362
2026-10-05,ELPLA5,ELETROPAULO METROP. ELETRIC. DE S.P. S/A,ELETROPAULO METROPOL. ELETR. DE S.P. S/A,Enel,CVM FRE,IPCA_MAIS,S,Quirografária,N,ELETROPAULO METROPOL. ELETR. DE S.P. S/A,61695227000193,10.9911,0.2199,1128.846127,2031-04-15,2030-08-15,390.37999999999994,3.1321,ok,,,10,3.1320771238147382,-0.0007303785084015314,2.8219173643785296,11.497368296726611,2.8804022696288234,1.4254541877001925,-1.3967088830647456,-2.765398432134636,-5.421515018055157,2.879404205862163,1.425330392560173,-1.3965869718183566,-2.7644305228948967,-5.413887362822527,69.66008874477036,139.32017748954073,corrigido IPCA,0.8364382342554872,393.1500280660337,5.272596873621738,675.6497090862346,675.6497090862346
2026-10-05,ELPLA7,ELETROPAULO METROP. ELETRIC. DE S.P. S/A,ELETROPAULO METROPOL. ELETR. DE S.P. S/A,Enel,CVM FRE,IPCA_MAIS,S,Quirografária,N,ELETROPAULO METROPOL. ELETR. DE S.P. S/A,61695227000193,10.947,0.2284,1044.459972,2032-04-15,2031-05-15,390.87999999999994,3.7762,ok,,,12,3.7761981056740788,-5.0164872650142566e-05,3.4036054203124726,16.426999395822588,3.4873862848523673,1.722540399557082,-1.6814694010428566,-3.3230602634204853,-6.491175767423362,3.4857404172915856,1.7223364594010149,-1.681268960911458,-3.32147042333336,-6.478670852708494,57.015000154609936,114.03000030921987,corrigido IPCA,0.8682425416732928,388.11312713069367,5.325996124893573,670.7089496919693,670.7089496919693
2026-10-05,ELPLC8,ELETROPAULO METROP. ELETRIC. DE S.P. S/A,ELETROPAULO METROPOL. ELETR. DE S.P. S/A,Enel,CVM FRE,IPCA_MAIS,S,Quirografária,N,ELETROPAULO METROPOL. ELETR. DE S.P. S/A,61695227000193,9.2122,0.2048,1146.812457,2029-06-15,2029-05-15,223.21999999999989,2.6667,ok,,,1,2.6666666666666665,-0.001249984375203499,2.4417296480307753,8.197810178846831,2.4833101894097265,1.2311855408581929,-1.2106900690462052,-2.4013169403511836,-4.724055410018336,2.4827186989250096,1.2311120867389462,-1.210617561291829,-2.400740597136541,-4.719503092484614,44.18799052489865,88.3759810497973,corrigido IPCA,1.0892924255438805,215.79025310309606,5.24413951578071,466.2908321263387,466.2908321263387
2026-10-05,ELTE12,EMPRESA LITORANEA DE TRANSMISSAO DE ENERGIA S.A. - ELTE,EMPRESA LITORANEA DE TRANSMISSAO DE ENERGIA S.A. - ELTE,Isolada (a identificar),,IPCA_MAIS,S,Real,N,EMPRESA LITORANEA DE TRANSMISSAO DE ENERGIA S.A. - ELTE,20626892000148,6.9518,0.0906,966.520853,2039-07-15,2033-05-15,-6.729999999999947,5.5348,ok,,,26,5.534765821747169,-0.0006175155891917616,5.175009510589976,44.808154214708225,5.407388413554792,2.6445407979952984,-2.5324889410482943,-4.958802913370441,-9.514672753738262,5.399050281663517,2.6435149480633733,-2.5314945625266025,-4.950968739516434,-9.453855936885788,0.0563738098825977,0.1127476197651954,corrigido IPCA,0.9865636200346994,0.5834700045812685,5.456804275728588,214.37559391124495,214.37559391124495
2026-10-05,ELTN15,CENTRAIS ELETRICAS DO NORTE DO BRASIL S/A - ELETRONORTE,CENTRAIS ELETRICAS DO NORTE DO BRASIL S/A - ELETRONORTE,Axia (ex-Eletrobras),CVM FRE,IPCA_MAIS,S,Quirografária,N,CENTRAIS ELETRICAS DO NORTE DO BRASIL S/A - ELETRONORTE,00357038000116,7.0595,0.0712,1117.797859,2031-04-15,2031-05-15,2.1300000000000097,3.8546,ok,,,10,3.854650729369995,0.0013160735224134982,3.6004751837716364,17.74834347409193,3.6910049780089382,1.8226445879470532,-1.7782699365742949,-3.5134608315980254,-6.85957066588484,3.6892169011420957,1.822423021228433,-1.7780521625432033,-3.511733466401177,-6.845983498061433,-0.18950787815683065,-0.3790157563136613,corrigido IPCA,1.0030970162071466,-1.3646368248657752,5.332634974398243,212.68485564290222,212.68485564290222
2026-10-05,ELTN27,CENTRAIS ELETRICAS DO NORTE DO BRASIL S/A - ELETRONORTE,CENTRAIS ELETRICAS DO NORTE DO BRASIL S/A - ELETRONORTE,Axia (ex-Eletrobras),CVM FRE,IPCA_MAIS,S,Real,N,CENTRAIS ELETRICAS DO NORTE DO BRASIL S/A - ELETRONORTE,00357038000116,7.1383,0.0756,1073.756508,2032-07-15,2032-08-15,10.080000000000044,4.7323,ok,,,12,4.7323563152678085,0.0011900189719193204,4.417053766270147,26.19590610265314,4.551156953517244,2.2416582852576417,-2.176160859211118,-4.2890752566968064,-8.333732545979977,4.548033296783413,2.2412717657633903,-2.175782000506757,-4.286074235756882,-8.310189410487231,0.8992583649304006,1.7985167298608011,corrigido IPCA,1.0240288422223323,7.94414509533152,5.402338400600848,224.528640494036,224.528640494036
2026-10-05,ELTN37,CENTRAIS ELETRICAS DO NORTE DO BRASIL S/A - ELETRONORTE,CENTRAIS ELETRICAS DO NORTE DO BRASIL S/A - ELETRONORTE,Axia (ex-Eletrobras),CVM FRE,IPCA_MAIS,S,Real,N,CENTRAIS ELETRICAS DO NORTE DO BRASIL S/A - ELETRONORTE,00357038000116,7.2233,0.1151,1064.224338,2035-07-15,2035-05-15,20.54999999999998,6.5466,ok,,,18,6.546651279060762,0.0007832930186979077,6.1056237581391,50.347592186468255,6.3655723924852525,3.116758969091049,-2.9908634810038914,-5.861672065193424,-11.265001623542659,6.3573617190714415,3.1157463693026353,-2.989877388836465,-5.853885797206759,-11.204295672548836,1.9090590133171765,3.818118026634353,corrigido IPCA,1.0149381298527331,23.311992134797883,5.515156977652125,243.08626212170108,243.08626212170108
2026-10-05,ENAT11,ENAUTA PARTICIPACOES S.A.,BRAVA ENERGIA S.A.,Isolada (a identificar),,IPCA_MAIS,S,Real,N,BRAVA ENERGIA S.A.,12091809000155,8.1932,0.2989,1096.988575,2029-12-15,2028-08-15,121.4599999999999,1.5211,ok,,,7,1.5210970120497234,-0.00019643352025073825,1.4059081458444,4.103699714728434,1.4267067794828447,0.7081184906023941,-0.697858801977802,-1.385662750309602,-2.731899993648168,1.4264266444180422,0.7080836975656105,-0.6978244482787895,-1.3853896472707579,-2.7297422973942314,49.63467627738272,99.26935255476543,corrigido IPCA,1.0535017475297805,139.56359138944433,5.421564732574624,375.67017271157755,375.67017271157755
2026-10-05,ENAT12,ENAUTA PARTICIPACOES S.A.,BRAVA ENERGIA S.A.,Isolada (a identificar),,IPCA_MAIS,S,Real,N,BRAVA ENERGIA S.A.,12091809000155,8.4106,0.211,1125.693839,2029-09-17,2028-08-15,143.20000000000005,1.8102,ok,,,6,1.8102620622254784,0.0034284733995322103,1.6698201672396227,4.786595278867054,1.694070283946214,0.8409327242861586,-0.8289657531268535,-1.6461966005708706,-3.246353853263284,1.6937531436339581,0.8408933277183952,-0.8289268395212277,-1.6458871908452875,-3.2439084289019045,45.97301254900712,91.94602509801425,corrigido IPCA,0.9821741224879565,153.5333270061847,5.307219199306146,391.26509390370336,391.26509390370336
2026-10-05,ENAT13,ENAUTA PARTICIPACOES S.A.,BRAVA ENERGIA S.A.,Isolada (a identificar),,IPCA_MAIS,S,Quirografária,N,BRAVA ENERGIA S.A.,12091809000155,8.4195,0.2761,1122.427096,2030-06-15,2030-08-15,133.21999999999994,3.1682,ok,,,8,3.1682461500518047,0.0014566647245921247,2.922210626365003,12.089700657796518,2.9837069248770387,1.4763474134149135,-1.4461212046625538,-2.862778590950632,-5.610638788747324,2.9826591296539857,1.4762174390047473,-1.445993187360256,-2.861762123076021,-5.602627239574076,23.285970025251284,46.57194005050257,corrigido IPCA,1.013926589818043,136.0930181060125,5.27538118929749,373.2796504685283,373.2796504685283
2026-10-05,ENAT14,ENAUTA PARTICIPACOES S.A.,BRAVA ENERGIA S.A.,Isolada (a identificar),,IPCA_MAIS,S,Quirografária,N,BRAVA ENERGIA S.A.,12091809000155,8.2441,0.2705,1127.634609,2030-06-15,2030-08-15,115.67999999999996,3.1701,ok,,,8,3.170124485276975,0.0007723818483596883,2.928681087723927,12.13769698547339,2.9904233224151033,1.4796433764616923,-1.4492971625735929,-2.8690147958786105,-5.62266471466536,2.9893695726512943,1.4795126650938053,-1.4491684226301218,-2.86799260279656,-5.614608235738387,20.23747716806099,40.47495433612198,corrigido IPCA,1.0189513705837714,118.53823329069,5.275527128141211,352.6290091136373,352.6290091136373
2026-10-05,ENAT24,ENAUTA PARTICIPACOES S.A.,BRAVA ENERGIA S.A.,Isolada (a identificar),,IPCA_MAIS,S,Quirografária,N,BRAVA ENERGIA S.A.,12091809000155,8.508,0.2452,1121.742072,2034-06-15,2032-08-15,147.04999999999995,5.1151,ok,,,16,5.115086758127921,-0.0002588780684414918,4.714018098322631,30.922011016737343,4.872726838399788,2.3961681773946975,-2.3188520500520893,-4.563329030103381,-8.840293706505841,4.868628153406318,2.3956615629322373,-2.318356535390394,-4.559408043238944,-8.809595976310515,15.60521794403484,31.21043588806968,corrigido IPCA,1.0136267703485002,147.12655963289862,5.429387613342906,388.31256620569565,388.31256620569565
2026-10-05,ENAT33,ENAUTA PARTICIPACOES S.A.,BRAVA ENERGIA S.A.,Isolada (a identificar),,IPCA_MAIS,S,Quirografária,N,BRAVA ENERGIA S.A.,12091809000155,8.5305,0.1781,1120.600294,2034-06-15,2032-08-15,149.30000000000004,5.1146,ok,,,16,5.114568583990436,-0.0006142417699227049,4.712563366049577,30.90519574449643,4.871184864220446,2.3954194021713393,-2.3181453239056515,-4.561955383785953,-8.837697277456346,4.867089344772059,2.394913177705409,-2.317650188344168,-4.5580373873270945,-8.807022817209226,15.848850946220788,31.697701892441575,corrigido IPCA,1.0122763841478113,149.3774287262805,5.429352364288387,390.96032272919285,390.96032272919285
2026-10-05,ENERA1,ENERGISA MATO GROSSO DO SUL - DISTRIBUIDORA DE ENERGIA S.A.,ENERGISA MATO GROSSO DO SUL - DISTRIBUIDORA DE ENERGIA S.A.,Energisa,CVM FRE,IPCA_MAIS,S,Quirografária,N,ENERGISA MATO GROSSO DO SUL - DISTRIBUIDORA DE ENERGIA S.A.,15413826000150,7.4481,0.0662,1089.496404,2031-02-15,2030-08-15,36.08000000000003,3.4346,ok,,,9,3.4346059621719283,0.00017359144960590447,3.196525543189622,14.084341685299293,3.2682441627290393,1.6160290017092738,-1.5808155849849626,-3.1273597272174603,-6.121254383570851,3.266947251616118,1.615868198701435,-1.5806573444881868,-3.1261038347631254,-6.1113642526732574,5.9639415925751,11.9278831851502,corrigido IPCA,0.9654113258090355,38.12778327751461,5.2970305124392825,258.4712424926546,258.4712424926546
2026-10-05,ENERB4,ENERGISA MATO GROSSO DO SUL - DISTRIBUIDORA DE ENERGIA S.A.,ENERGISA MATO GROSSO DO SUL - DISTRIBUIDORA DE ENERGIA S.A.,Energisa,CVM FRE,IPCA_MAIS,S,Quirografária,N,ENERGISA MATO GROSSO DO SUL - DISTRIBUIDORA DE ENERGIA S.A.,15413826000150,7.6443,0.061,1025.302214,2034-09-15,2035-05-15,62.650000000000006,6.2481,ok,,,16,6.248145250782106,0.0007242326804350974,5.804436696399257,44.39803304397209,6.0331364921268005,2.9585441391965617,-2.8475288343211336,-5.588832403940747,-10.770785839513952,6.026426861619118,2.957715889504594,-2.8467208068946634,-5.5824465311793965,-10.720912731919073,5.438670603951531,10.877341207903061,corrigido IPCA,0.9347926334435668,63.13683846640834,5.498906074708154,290.11105206864846,290.11105206864846
2026-10-05,ENERB7,ENERGISA MATO GROSSO DO SUL - DISTRIBUIDORA DE ENERGIA S.A.,ENERGISA MATO GROSSO DO SUL - DISTRIBUIDORA DE ENERGIA S.A.,Energisa,CVM FRE,IPCA_MAIS,S,Quirografária,N,ENERGISA MATO GROSSO DO SUL - DISTRIBUIDORA DE ENERGIA S.A.,15413826000150,7.681,0.0593,1009.719102,2035-09-15,2035-05-15,66.31999999999998,6.7093,ok,,,18,6.709350086832066,0.0007465284316674675,6.23076502524314,51.9756458614853,6.499214995073022,3.1814090540964512,-3.051441994989801,-5.979011124511313,-11.485342745110339,6.490643254550567,3.1803520699484262,-3.0504129552947132,-5.970886795935713,-11.422017133256574,5.576599547641515,11.15319909528303,corrigido IPCA,0.9645997523995337,69.49296284246294,5.523732295184747,297.45593487452265,297.45593487452265
2026-10-05,ENERB8,ENERGISA MATO GROSSO DO SUL - DISTRIBUIDORA DE ENERGIA S.A.,ENERGISA MATO GROSSO DO SUL - DISTRIBUIDORA DE ENERGIA S.A.,Energisa,CVM FRE,IPCA_MAIS,S,Quirografária,N,ENERGISA MATO GROSSO DO SUL - DISTRIBUIDORA DE ENERGIA S.A.,15413826000150,7.5638,0.2173,1039.015698,2036-07-15,2035-05-15,54.59999999999994,6.407,ok,,,20,6.407002606144502,4.067651790201411e-05,5.956467330221228,48.78028706952678,6.208340052893457,3.040191999747077,-2.9182153628757312,-5.720122189284704,-10.996231386854195,6.200368765568863,3.0392090239475222,-2.917258306273706,-5.712565894873594,-10.937328919051922,4.826514154938065,9.65302830987613,corrigido IPCA,1.0367141889977702,57.4979477654778,5.507641769031979,283.1326481632183,283.1326481632183
2026-10-05,ENERC7,ENERGISA MATO GROSSO DO SUL - DISTRIBUIDORA DE ENERGIA S.A.,ENERGISA MATO GROSSO DO SUL - DISTRIBUIDORA DE ENERGIA S.A.,Energisa,CVM FRE,IPCA_MAIS,S,Quirografária,N,ENERGISA MATO GROSSO DO SUL - DISTRIBUIDORA DE ENERGIA S.A.,15413826000150,7.6031,0.17,996.490059,2040-09-15,2040-08-15,79.0,8.5925,ok,,,28,8.592567158792495,0.0007815978178084631,7.985427147352163,89.00253001795042,8.450221634580757,4.1063951671123755,-3.883804294962545,-7.558842323465864,-14.333281739551474,8.430439797441915,4.10396673619852,-3.8814604111536437,-7.540414497262411,-14.190803694345316,4.532773043699508,9.065546087399015,corrigido IPCA,0.951961863813666,72.39225783188829,5.612536621875819,299.90692459454107,299.90692459454107
2026-10-05,ENEV13,ENEVA S.A.,ENEVA S.A.,Eneva,inferido,IPCA_MAIS,S,Quirografária,N,ENEVA S.A.,04423567000121,6.1987,0.4397,970.335634,2027-12-15,2027-05-15,67.13999999999993,0.6667,ok,,,3,0.6667697731925724,0.010465455613078998,0.6278511631428373,1.2010829128458378,0.6339154479903408,0.3154342581534131,-0.3124314802203543,-0.6219034883384933,-1.2321381926043706,0.6338565777070665,0.31542693521247595,-0.31242422793036134,-0.6218457485786081,-1.2316806680287578,2.7909553697545073,5.581910739509015,corrigido IPCA,1.0004301639330628,3.50460915036023,6.70005016832802,224.37735925021886,224.37735925021886
2026-10-05,ENEV15,ENEVA S.A.,ENEVA S.A.,Eneva,inferido,IPCA_MAIS,S,Quirografária,N,ENEVA S.A.,04423567000121,7.2256,0.1397,1409.331312,2030-06-15,2029-05-15,24.55999999999996,2.451,ok,,,8,2.4510097809645663,0.0003990601618227244,2.2858438478913303,8.115422230227189,2.3270586190971,1.15314533903903,-1.1328556663764755,-2.245886516543505,-4.414268762119555,2.326420959042466,1.1530662017334492,-1.1327776461578811,-2.2452667367401946,-4.409379251178117,4.82406555294099,9.64813110588198,corrigido IPCA,0.9771692528334776,22.0541211320293,5.239384872259145,237.6349187061417,237.6349187061417
2026-10-05,ENEV16,ENEVA S.A.,ENEVA S.A.,Eneva,inferido,IPCA_MAIS,S,Quirografária,N,ENEVA S.A.,04423567000121,7.2757,0.17,1317.717959,2030-09-15,2029-05-15,29.56999999999992,2.7439,ok,,,8,2.743921802474468,0.0007945797757948769,2.557822323671128,9.646824772834593,2.6068496431816746,1.2910681065799068,-1.2669496044097617,-2.510358341645058,-4.928780782302633,2.606056447535301,1.2909696928016072,-1.2668526308695207,-2.509588199806955,-4.922708151885564,4.710232161704234,9.420464323408469,corrigido IPCA,0.9232418701579433,24.09587394576161,5.247521869536387,240.62701578664073,240.62701578664073
2026-10-05,ENEV18,ENEVA S.A.,ENEVA S.A.,Eneva,inferido,IPCA_MAIS,S,Quirografária,S,ENEVA S.A.,04423567000121,7.4319,0.1913,1165.769821,2032-07-15,2031-05-15,39.36999999999999,4.0651,ok,,,12,4.065120512241461,0.0005045937728699143,3.7839045127578133,19.69509565836668,3.8844955850868335,1.9168331185973386,-1.867590591748547,-3.68746798709908,-7.189927105911398,3.882379991049646,1.9165711259518647,-1.8673333868059483,-3.68542903446598,-7.173907112348292,4.84684874668892,9.69369749337784,corrigido IPCA,0.9799781940890953,36.68002569050151,5.3502124249600325,257.59826805295836,257.59826805295836
2026-10-05,ENEV19,ENEVA S.A.,ENEVA S.A.,Eneva,inferido,IPCA_MAIS,S,Quirografária,N,ENEVA S.A.,04423567000121,7.3633,0.1328,1184.476257,2032-09-15,2031-05-15,32.50999999999999,4.2151,ok,,,12,4.215086754084247,-0.000314249145991577,3.9260033494539073,20.96432533170986,4.033128285888976,1.989492267668047,-1.9370761411096726,-3.82339997841189,-7.450142882722033,4.0308249761124575,1.9892070813915912,-1.9367962680623165,-3.821181722795358,-7.432720192273617,3.7989039019138184,7.597807803827637,corrigido IPCA,0.9855631849283066,29.82901888633434,5.3624516379898735,249.7207953976966,249.7207953976966
2026-10-05,ENEV26,ENEVA S.A.,ENEVA S.A.,Eneva,inferido,IPCA_MAIS,S,Quirografária,N,ENEVA S.A.,04423567000121,7.4805,0.0731,1187.163994,2035-09-15,2035-05-15,46.26999999999999,6.5665,ok,,,18,6.5664814052179565,-0.00028317645691044454,6.109463023727985,47.9570668527887,6.356668504631768,3.1155935238983856,-2.995677972957389,-5.876731460434681,-11.314843433366894,6.349248357991928,3.1146778454299784,-2.994785178298007,-5.869677689464042,-11.259784710400195,3.8462873032296483,7.692574606459297,corrigido IPCA,0.8317709470025844,46.997500115431926,5.516212287583677,271.2909306679654,271.2909306679654
2026-10-05,ENEV28,ENEVA S.A.,ENEVA S.A.,Eneva,inferido,IPCA_MAIS,S,Quirografária,S,ENEVA S.A.,04423567000121,7.512,0.1719,1134.345915,2037-07-15,2037-05-15,50.46999999999997,7.1419,ok,,,22,7.141975553849721,0.0010578956541181736,6.642956650280639,59.95376021506679,6.953445778459244,3.397740984503783,-3.247818907871669,-6.353304914997937,-12.165536463214455,6.942725451355973,3.396420525409153,-3.246536124871486,-6.343187849205305,-12.08683809625994,4.151546469594551,8.303092939189103,corrigido IPCA,0.9535623940709318,55.157086458284475,5.545690254552804,280.395448958799,280.395448958799
2026-10-05,ENEV29,ENEVA S.A.,ENEVA S.A.,Eneva,inferido,IPCA_MAIS,S,Quirografária,N,ENEVA S.A.,04423567000121,7.4987,0.2449,1166.288791,2037-09-15,2037-05-15,49.14000000000005,7.2374,ok,,,22,7.23740303785015,4.1974329871231325e-05,6.732549359062157,61.348172764480566,7.050384353429839,3.444326170427603,-3.2909163282790366,-6.436271594386367,-12.319500761203006,7.039290222884559,3.4429598954866787,-3.289589463575478,-6.425808495239754,-12.238135262834701,4.021532738214429,8.043065476428858,corrigido IPCA,0.9704300154427589,54.15033531822606,5.550384872968017,279.1976304073778,279.1976304073778
2026-10-05,ENEV32,ENEVA S.A.,ENEVA S.A.,Eneva,inferido,IPCA_MAIS,S,Quirografária,N,ENEVA S.A.,04423567000121,7.2193,0.2014,1455.51221,2029-05-15,2028-08-15,24.069999999999947,1.4908,ok,,,6,1.4907850035078765,-0.0010059358816368695,1.3904073273262152,3.816170129534317,1.4097353565433624,0.7000045848243319,-0.6904637886142262,-1.3715677191266873,-2.706398259779619,1.4094881779738868,0.6999738763250255,-0.6904334510011897,-1.3713264766785436,-2.704491252061744,16.676747541799806,33.35349508359961,corrigido IPCA,0.988805472505478,46.37494395617579,5.438722666126639,265.4449253179502,265.4449253179502
2026-10-05,ENEV39,ENEVA S.A.,ENEVA S.A.,Eneva,inferido,IPCA_MAIS,S,Quirografária,N,ENEVA S.A.,04423567000121,7.4717,0.1174,1171.814193,2042-09-15,2040-08-15,65.85999999999999,9.668,ok,,,32,9.668033100675961,0.00034237356187382295,8.995887383074765,116.89403646881873,9.610966238384222,4.6478072876930066,-4.355420562435786,-8.439596966465546,-15.870588527551321,9.580357565418858,4.644061237123406,-4.3518261459513585,-8.411417200730671,-15.653894036773156,3.64416151736786,7.28832303473572,corrigido IPCA,0.9750275144097776,65.56493323195224,5.65728017047773,290.99657223561815,290.99657223561815
2026-10-05,ENEVA0,ENEVA S.A.,ENEVA S.A.,Eneva,inferido,IPCA_MAIS,S,Quirografária,N,ENEVA S.A.,04423567000121,7.4119,0.1402,1100.683091,2034-04-15,2033-05-15,39.28000000000003,5.1916,ok,,,16,5.191637268615313,0.0007178637667182844,4.833391149970639,31.9337879269007,4.997300067863519,2.457136886844302,-2.3772909309276113,-4.6777783056558775,-9.059861819564286,4.993060089605144,2.4566128098939455,-2.3767783400766938,-4.673722210336136,-9.028106541403265,3.8076171814242596,7.615234362848519,corrigido IPCA,0.9888092863882234,36.80740637434433,5.434555691272158,258.6709180128218,258.6709180128218
2026-10-05,ENEVA4,ENEVA S.A.,ENEVA S.A.,Eneva,inferido,IPCA_MAIS,S,Quirografária,S,ENEVA S.A.,04423567000121,7.4859,0.1048,997.012533,2036-01-15,2035-05-15,46.809999999999974,6.875,ok,,,19,6.874980085423964,-0.0002896665605269597,6.396169251431084,55.17084965032659,6.681413130746727,3.2682055685184785,-3.130246980025886,-6.129200855712735,-11.758132519753095,6.672023499682718,3.2670481877784505,-3.129121063652634,-6.120315003179452,-11.688921509855637,3.986618698651745,7.97323739730349,corrigido IPCA,0.9651072535012446,50.99817587499299,5.532276649527557,275.6431979932037,275.6431979932037
2026-10-05,ENEVB0,ENEVA S.A.,ENEVA S.A.,Eneva,inferido,IPCA_MAIS,S,Quirografária,N,ENEVA S.A.,04423567000121,7.5607,0.0725,1074.992881,2039-04-15,2037-05-15,55.33999999999999,7.8247,ok,,,26,7.824748492787356,0.0006197398923447846,7.274728123550104,74.5025671352584,7.6623785235163,3.7323533324570946,-3.546037279958758,-6.916397897690052,-13.16935386411523,7.647240959226396,3.7304922706941253,-3.544235852855979,-6.902215287873813,-13.059404904395041,4.445781679640745,8.89156335928149,corrigido IPCA,0.9657302541699708,64.68370603209269,5.578269539579606,291.10201635393565,291.10201635393565
2026-10-05,ENEVB4,ENEVA S.A.,ENEVA S.A.,Eneva,inferido,IPCA_MAIS,S,Quirografária,S,ENEVA S.A.,04423567000121,7.4424,0.1794,983.799229,2041-01-15,2040-08-15,62.92999999999998,8.7265,ok,,,29,8.663142653310171,-0.7260338817375664,8.063057650713471,91.28838539756782,8.540060987382581,4.148162932465671,-3.919853162445197,-7.625754891137948,-14.448271658406087,8.519499577701312,4.145639307103695,-3.9174183436097763,-7.606615723725632,-14.300347593475587,3.5307301145093204,7.061460229018641,corrigido IPCA,0.9527681302723391,56.93696092479765,5.615580766489714,281.6774458249827,281.6774458249827
2026-10-05,ENGI39,ENERGISA S/A,ENERGISA SA,Energisa,CVM FRE,IPCA_MAIS,S,Quirografária,S,ENERGISA SA,00864214000106,5.9789,0.2444,1638.689995,2027-10-15,2027-05-15,45.16,0.9716,ok,,,2,0.971633604654508,0.003458692312471,0.916817974761493,1.7461619711465421,0.9256324862426224,0.4606021026979823,-0.45623659955781326,-0.9081692944055808,-1.79936363175911,0.9255487846172257,0.4605916898446797,-0.45622628491681333,-0.9080871649057604,-1.7987127101000553,-21.848859551107562,-43.697719102215125,corrigido IPCA,1.0408199656031174,-40.062854328989474,5.990059685926075,165.1894046030509,165.1894046030509
2026-10-05,ENGIA4,ENERGISA S/A,ENERGISA SA,Energisa,CVM FRE,IPCA_MAIS,S,Quirografária,N,ENERGISA SA,00864214000106,5.7622,0.1952,1425.157056,2027-10-15,2027-05-15,23.489999999999966,0.9892,ok,,,3,0.9892662946439759,0.0067018443162045,0.935368491430753,1.7812612164287407,0.9443602583438571,0.46992145385973405,-0.465468200474517,-0.9265460391832403,-1.83577633805464,0.9442747975128967,0.46991082223591246,-0.46545766919484055,-0.9264621853486094,-1.8351117585329313,-32.57761794119297,-65.15523588238594,corrigido IPCA,1.0051338570177926,-60.9441546961222,5.960394316743289,140.02231579137373,140.02231579137373
2026-10-05,ENGIA5,ENERGISA S/A,ENERGISA SA,Energisa,CVM FRE,IPCA_MAIS,S,Quirografária,N,ENERGISA SA,00864214000106,7.4413,0.1235,1261.55295,2031-10-15,2030-08-15,35.400000000000006,3.4763,ok,,,11,3.476345216969194,0.0013007211458675994,3.2355762792978062,14.933639030297117,3.3116918008627483,1.6366345647422786,-1.5992974612309085,-3.1623072926403983,-6.183489672754339,3.3102444744492923,1.6364551884367744,-1.5991210908610318,-3.16090808414632,-6.17247977798967,5.808057617483532,11.616115234967063,corrigido IPCA,0.9838109902819911,37.58482691184929,5.3005394129994166,257.8661732552965,257.8661732552965
2026-10-05,ENGIA6,ENERGISA S/A,ENERGISA SA,Energisa,CVM FRE,IPCA_MAIS,S,Quirografária,N,ENERGISA SA,00864214000106,7.2709,0.1909,1220.708322,2029-04-15,2028-08-15,29.23,1.4019,ok,,,6,1.4019013020216706,9.287550258232342e-05,1.3068794072033243,3.517413598284773,1.3246908269820556,0.6578643453942767,-0.6490704790009016,-1.2895113711444806,-2.5451422391922662,1.3244664751947484,0.6578364705995181,-0.6490429366038063,-1.2892923392119005,-2.543410542440953,20.77082535549357,41.54165071098714,corrigido IPCA,1.0136292230186108,54.28992785542243,5.496228362010425,275.2316981781785,275.2316981781785
2026-10-05,ENGIA9,ENERGISA S/A,ENERGISA SA,Energisa,CVM FRE,IPCA_MAIS,S,Quirografária,N,ENERGISA SA,00864214000106,7.3896,0.1881,1107.781168,2030-09-15,2030-08-15,30.22999999999998,3.1135,ok,,,8,3.1134807931398623,-0.0006168896784293941,2.8992386535938883,11.762265666006982,2.959060840363259,1.464447552025594,-1.4350400010841424,-2.8414079819127913,-5.570961392101914,2.9580499819239234,1.464322158879453,-1.4349164947144355,-2.8404273252638537,-5.563231993867637,5.696919282458425,11.39383856491685,corrigido IPCA,0.9681326075513866,33.03345718021565,5.2711856241160815,251.92425491576054,251.92425491576054
2026-10-05,ENGIB0,ENERGISA S/A,ENERGISA SA,Energisa,CVM FRE,IPCA_MAIS,S,Quirografária,N,ENERGISA SA,00864214000106,7.3992,0.1552,1095.202142,2031-04-15,2031-05-15,36.100000000000065,3.8629,ok,,,10,3.8628767299936957,-0.0006023973259491067,3.596746279296024,17.686337243717762,3.686954749719762,1.820701234290345,-1.776481633240512,-3.5100312221278407,-6.85326918514656,3.6851779655146135,1.8204810612026594,-1.7762652180933651,-3.5083145930774355,-6.839765813717694,4.528592014054108,9.057184028108216,corrigido IPCA,0.98335252606957,32.5763929539976,5.333328937918536,252.63318993401694,252.63318993401694
2026-10-05,ENGIB2,ENERGISA S/A,ENERGISA SA,Energisa,CVM FRE,IPCA_MAIS,S,Quirografária,N,ENERGISA SA,00864214000106,7.6398,0.1158,1025.570068,2034-09-15,2035-05-15,62.19999999999999,6.2484,ok,,,16,6.248402665381681,4.2657027090132704e-05,5.804918501689599,44.40410606120717,6.0336499040824165,2.9587927859048513,-2.847762293866296,-5.589285011709988,-10.771637056112182,6.026939031995634,2.9579643834213085,-2.8469541182682905,-5.582897971383563,-10.721754882155054,5.399444226667141,10.798888453334282,corrigido IPCA,0.9350368429808091,62.68666738044236,5.498920398537521,289.5816331829689,289.5816331829689
2026-10-05,ENGIB4,ENERGISA S/A,ENERGISA SA,Energisa,CVM FRE,IPCA_MAIS,S,Quirografária,N,ENERGISA SA,00864214000106,7.2795,0.0746,1345.342944,2030-10-15,2029-05-15,29.94999999999992,2.7489,ok,,,9,2.7488980210197353,-7.199171539706029e-05,2.5623702767255025,9.821530587156989,2.612296061479946,1.293563551019039,-1.2690082230265132,-2.514056721975766,-4.93457049965148,2.6114779296612873,1.2934620515966975,-1.268908225128805,-2.5132626237897178,-4.928309941707865,4.694223251030422,9.388446502060845,corrigido IPCA,0.9488426153372672,24.056676261508223,5.24776390910866,240.656330238593,240.656330238593
2026-10-05,ENGIB6,ENERGISA S/A,ENERGISA SA,Energisa,CVM FRE,IPCA_MAIS,S,Quirografária,N,ENERGISA SA,00864214000106,7.4213,0.1488,1189.395741,2032-04-15,2031-05-15,38.309999999999974,3.8355,ok,,,12,3.835506758696639,0.00017621422601480383,3.5705272219724007,17.898826552704527,3.6618817786423064,1.8078675971294533,-1.7631164354377504,-3.4828279559469433,-6.797187087900181,3.6600213547359233,1.8076371441770809,-1.7628900777953198,-3.4810330892088777,-6.78307791289071,4.953124029293755,9.90624805858751,corrigido IPCA,0.9876284638836361,35.37052836079795,5.331018227671258,255.7806905785063,255.7806905785063
2026-10-05,ENGIB9,ENERGISA S/A,ENERGISA SA,Energisa,CVM FRE,IPCA_MAIS,S,Quirografária,N,ENERGISA SA,00864214000106,7.5217,0.0595,1092.604346,2033-09-15,2032-08-15,48.420000000000044,4.9529,ok,,,14,4.952973921585373,0.001492490972435983,4.606487733718285,28.302437891671403,4.751516868542738,2.339056900479175,-2.268291805465794,-4.468348407105416,-8.673364590412246,4.747999923176642,2.3386219142237317,-2.267865819494553,-4.464975544259928,-8.646926709603143,5.071167877958729,10.142335755917458,corrigido IPCA,0.9548690100734819,46.72054525088613,5.418181319086379,270.2741472904239,270.2741472904239
2026-10-05,ENGIC0,ENERGISA S/A,ENERGISA SA,Energisa,CVM FRE,IPCA_MAIS,S,Quirografária,N,ENERGISA SA,00864214000106,7.6175,0.1704,1047.720745,2039-04-15,2037-05-15,61.01999999999998,7.8811,ok,,,26,7.881129279861699,0.0003715199870419239,7.323278537284083,75.19361461482458,7.714543775155791,3.75751195188192,-3.5694676175440865,-6.961642050271255,-13.253786547556567,7.699246610358207,3.755631286910573,-3.567647250373511,-6.94731046420996,-13.142684782271674,4.809852676569915,9.61970535313983,corrigido IPCA,0.9407202682261017,70.44778174764572,5.580863482571341,297.9108502641701,297.9108502641701
2026-10-05,ENJG21,COMPANHIA ENERGÉTICA JAGUARA,COMPANHIA ENERGETICA JAGUARA..,Engie,CVM FRE,IPCA_MAIS,S,Real,N,COMPANHIA ENERGETICA JAGUARA..,28925264000175,5.8186,0.2725,348.354674,2027-06-15,2027-05-15,29.129999999999967,0.4273,ok,,,2,0.42728408182648625,-0.0037252921866984716,0.40378920324639167,0.5977745343806148,0.4068027033447441,0.20264488504995182,-0.2011504226820393,-0.4008245417551626,-0.795814983647325,0.40677807591829473,0.2026418197911716,-0.20114738345522004,-0.40080033057448855,-0.795622915805171,56.50430942202582,113.00861884405164,corrigido IPCA,1.0227111123410357,45.63166016301478,7.6298745057164385,273.74714464165845,273.74714464165845
2026-10-05,ENMI21,COMPANHIA ENERGÉTICA MIRANDA,COMPANHIA ENERGETICA MIRANDA,Engie,CVM FRE,IPCA_MAIS,S,Real,N,COMPANHIA ENERGETICA MIRANDA,28942127000149,5.3722,0.1468,399.266509,2027-06-15,2027-05-15,-15.510000000000002,0.4275,ok,,,2,0.42753565235520097,0.008339732210754824,0.40573856515779394,0.603273570929131,0.408779894618605,0.20362648134084615,-0.20211827090458323,-0.4027467351808034,-0.7996063116295193,0.4087549330124396,0.20362337454255838,-0.20211519061523556,-0.4027221973031483,-0.7994116588970053,1.1405280718948296,2.2810561437896593,corrigido IPCA,1.0245606780467469,0.9255124468255869,7.62866133555995,221.13433765248888,221.13433765248888
2026-10-05,ENMTA3,ENERGISA MATO GROSSO - DISTRIBUIDORA DE ENERGIA S.A.,ENERGISA MATO GROSSO - DISTRIBUIDORA DE ENERGIA S.A.,Energisa,CVM FRE,IPCA_MAIS,S,Quirografária,N,ENERGISA MATO GROSSO - DISTRIBUIDORA DE ENERGIA S.A.,03467321000199,5.862,0.1651,1423.827938,2027-10-15,2027-05-15,33.46999999999998,0.9892,ok,,,3,0.9892431388412852,0.004360982742141306,0.9344648115861077,1.7778599772696624,0.9434393281662956,0.4694653321011266,-0.46502058205085683,-0.9256591269166337,-1.8340351188909865,0.9433541114724562,0.46945473076464095,-0.4650100808214669,-0.9255755116997595,-1.8333724236268223,-27.26879817129627,-54.53759634259254,corrigido IPCA,1.004196457600124,-50.96346469063994,5.960432607591715,151.7649003229047,151.7649003229047
2026-10-05,ENMTA4,ENERGISA MATO GROSSO - DISTRIBUIDORA DE ENERGIA S.A.,ENERGISA MATO GROSSO - DISTRIBUIDORA DE ENERGIA S.A.,Energisa,CVM FRE,IPCA_MAIS,S,Quirografária,N,ENERGISA MATO GROSSO - DISTRIBUIDORA DE ENERGIA S.A.,03467321000199,7.4863,0.1193,1259.718025,2031-10-15,2030-08-15,39.900000000000006,3.4756,ok,,,11,3.4756425983511727,0.0012256402109767186,3.233567997364476,14.916976044208663,3.30959789763956,1.6356093098940816,-1.5983138700408683,-3.160380117759909,-6.179789076641273,3.308152877585519,1.6354302187374987,-1.5981377786269773,-3.1589831171434333,-6.168796473844779,6.507906971252099,13.015813942504199,corrigido IPCA,0.982380038583399,42.087519424131926,5.300480196290325,263.16262023427316,263.16262023427316
2026-10-05,ENMTA5,ENERGISA MATO GROSSO - DISTRIBUIDORA DE ENERGIA S.A.,ENERGISA MATO GROSSO - DISTRIBUIDORA DE ENERGIA S.A.,Energisa,CVM FRE,IPCA_MAIS,S,Quirografária,N,ENERGISA MATO GROSSO - DISTRIBUIDORA DE ENERGIA S.A.,03467321000199,7.2351,0.2478,1221.27972,2029-04-15,2028-08-15,25.649999999999995,1.4021,ok,,,6,1.4021283746163389,0.0020237227258382093,1.3075274556710805,3.520531088265024,1.3253547444328717,0.6581923013870394,-0.6493906408254535,-1.290144105515878,-2.5463781396696583,1.3251301111124056,0.6581643916958715,-0.649363063975209,-1.2899248002297554,-2.5446442895768606,19.387221097259456,38.77444219451891,corrigido IPCA,1.0141036910313084,50.6986477476647,5.496066770272434,271.0041413046251,271.0041413046251
2026-10-05,ENMTA7,ENERGISA MATO GROSSO - DISTRIBUIDORA DE ENERGIA S.A.,ENERGISA MATO GROSSO - DISTRIBUIDORA DE ENERGIA S.A.,Energisa,CVM FRE,IPCA_MAIS,S,Quirografária,N,ENERGISA MATO GROSSO - DISTRIBUIDORA DE ENERGIA S.A.,03467321000199,7.4331,0.053,1090.018965,2031-02-15,2030-08-15,34.57999999999997,3.4347,ok,,,9,3.434749661564093,0.0014458777795157856,3.197105604849989,14.089074471330155,3.2688485202026385,1.616325026669685,-1.5810997763869516,-3.1279167310345746,-6.122324601566087,3.2675509772066396,1.616164145514157,-1.5809414593358317,-3.126660232493338,-6.112429720273375,5.728134199905251,11.456268399810503,corrigido IPCA,0.9658743731133235,36.62689991169997,5.297042559170628,256.70565537185337,256.70565537185337
2026-10-05,ENMTB3,ENERGISA MATO GROSSO - DISTRIBUIDORA DE ENERGIA S.A.,ENERGISA MATO GROSSO - DISTRIBUIDORA DE ENERGIA S.A.,Energisa,CVM FRE,IPCA_MAIS,S,Quirografária,N,ENERGISA MATO GROSSO - DISTRIBUIDORA DE ENERGIA S.A.,03467321000199,7.2709,0.0639,1345.639459,2030-10-15,2029-05-15,29.08999999999997,2.749,ok,,,9,2.7489780391979184,-0.0007988651175599092,2.5626502986345026,9.823525283446854,2.6125862970473035,1.2937060850437554,-1.2691457698598918,-2.5143270019358788,-4.935092466174162,2.611767925051737,1.2936045559215597,-1.2690457427129427,-2.513532672217268,-4.928830091600068,4.525800964195946,9.051601928391891,corrigido IPCA,0.9490517404099894,23.19609038491412,5.247767823562888,239.64393548061201,239.64393548061201
2026-10-05,ENMTB5,ENERGISA MATO GROSSO - DISTRIBUIDORA DE ENERGIA S.A.,ENERGISA MATO GROSSO - DISTRIBUIDORA DE ENERGIA S.A.,Energisa,CVM FRE,IPCA_MAIS,S,Quirografária,N,ENERGISA MATO GROSSO - DISTRIBUIDORA DE ENERGIA S.A.,03467321000199,7.3829,0.2101,1191.028071,2032-04-15,2031-05-15,34.47000000000004,3.8362,ok,,,12,3.8362600550390873,0.0015654824849449665,3.572505543283975,17.916392676046993,3.663950520901005,1.8088790354711781,-1.764083951220563,-3.4847209205576046,-6.800811759887793,3.6620875066642107,1.8086482624870466,-1.763857280796929,-3.4829235799037406,-6.786683233047011,4.412631938881976,8.825263877763952,corrigido IPCA,0.9889838882818597,31.528304124255545,5.331081888841505,251.26131579750125,251.26131579750125
2026-10-05,ENMTC5,ENERGISA MATO GROSSO - DISTRIBUIDORA DE ENERGIA S.A.,ENERGISA MATO GROSSO - DISTRIBUIDORA DE ENERGIA S.A.,Energisa,CVM FRE,IPCA_MAIS,S,Quirografária,N,ENERGISA MATO GROSSO - DISTRIBUIDORA DE ENERGIA S.A.,03467321000199,7.6322,0.0978,1016.312432,2035-09-15,2035-05-15,61.43999999999998,6.7044,ok,,,18,6.7044590259143035,0.0008804056187555217,6.22904579290798,51.965958437736575,6.497447831255565,3.1805373864392417,-3.050594535828166,-5.977340673407561,-11.482100219447823,6.488875585096664,3.179480344501161,-3.0495654484068195,-5.969216000719298,-11.418772417061229,5.185961174436805,10.37192234887361,corrigido IPCA,0.9708984642889262,64.60717927161942,5.523477204868588,291.7047398104996,291.7047398104996
2026-10-05,ENMTC6,ENERGISA MATO GROSSO - DISTRIBUIDORA DE ENERGIA S.A.,ENERGISA MATO GROSSO - DISTRIBUIDORA DE ENERGIA S.A.,Energisa,CVM FRE,IPCA_MAIS,S,Quirografária,N,ENERGISA MATO GROSSO - DISTRIBUIDORA DE ENERGIA S.A.,03467321000199,7.7345,0.1224,1025.207052,2040-10-15,2037-05-15,72.71999999999998,8.3049,ok,,,29,8.30490670359007,8.0718492343078e-05,7.70867893162364,85.9346200983527,8.157486492861054,3.964106602118922,-3.7491880949772405,-7.296827757632562,-13.836448804628398,8.138352032115403,3.961757740934761,-3.746921190688879,-7.279005831131877,-13.698665461280227,5.553822566242062,11.107645132484125,corrigido IPCA,0.9842833383223355,85.62527001273224,5.599953993961648,315.2414404792106,315.2414404792106
2026-10-05,ENMTD2,ENERGISA MATO GROSSO - DISTRIBUIDORA DE ENERGIA S.A.,ENERGISA MATO GROSSO - DISTRIBUIDORA DE ENERGIA S.A.,Energisa,CVM FRE,IPCA_MAIS,S,Quirografária,N,ENERGISA MATO GROSSO - DISTRIBUIDORA DE ENERGIA S.A.,03467321000199,7.6342,0.0693,1070.457927,2034-12-15,2035-05-15,61.63999999999996,6.1895,ok,,,17,6.18952630960745,0.0004250683811290305,5.75052010384009,44.79568774017498,5.981406465081318,2.932107178104193,-2.820096744168299,-5.533109938506453,-10.656400703561664,5.974498542540965,2.931254661595264,-2.8192654422448262,-5.526541665139216,-10.60512645287668,5.467328510619557,10.934657021239113,corrigido IPCA,0.986383843436452,62.87996502923173,5.495629502991961,289.6362027565894,289.6362027565894
2026-10-05,ENMTD5,ENERGISA MATO GROSSO - DISTRIBUIDORA DE ENERGIA S.A.,ENERGISA MATO GROSSO - DISTRIBUIDORA DE ENERGIA S.A.,Energisa,CVM FRE,IPCA_MAIS,S,Quirografária,N,ENERGISA MATO GROSSO - DISTRIBUIDORA DE ENERGIA S.A.,03467321000199,7.4777,0.3324,1006.53875,2040-09-15,2040-08-15,66.45999999999992,8.6166,ok,,,27,8.598019084675494,-0.21564091781568145,7.999816784947476,89.261902814616,8.465986395901016,4.11392376509041,-3.89068404695212,-7.572006719274227,-14.357422721097313,8.446126299020557,4.111485770992008,-3.8883310139554683,-7.553507270874396,-14.214395513602632,3.740276705149293,7.480553410298586,corrigido IPCA,0.9572836865395226,59.843056732402715,5.612772367144525,285.1521486607802,285.1521486607802
2026-10-05,ENMTD9,ENERGISA MATO GROSSO - DISTRIBUIDORA DE ENERGIA S.A.,ENERGISA MATO GROSSO - DISTRIBUIDORA DE ENERGIA S.A.,Energisa,CVM FRE,IPCA_MAIS,S,Quirografária,N,ENERGISA MATO GROSSO - DISTRIBUIDORA DE ENERGIA S.A.,03467321000199,7.5835,0.21,1037.797477,2036-07-15,2035-05-15,56.569999999999965,6.4054,ok,,,20,6.405357414706742,-0.0006648342532544001,5.953847397330206,48.745826651963796,6.205540337639426,3.0388380382172064,-2.9169475819446955,-5.717667552343952,-10.991626428653255,6.197576530590025,3.0378559819800577,-2.915991415350148,-5.7101182640703865,-10.932778261621136,4.994096293612824,9.988192587225647,corrigido IPCA,1.0354986643152708,59.468174439486276,5.5075523397152715,285.44935191552526,285.44935191552526
2026-10-05,ENMTE6,ENERGISA MATO GROSSO - DISTRIBUIDORA DE ENERGIA S.A.,ENERGISA MATO GROSSO - DISTRIBUIDORA DE ENERGIA S.A.,Energisa,CVM FRE,IPCA_MAIS,S,Quirografária,N,ENERGISA MATO GROSSO - DISTRIBUIDORA DE ENERGIA S.A.,03467321000199,7.6362,0.0714,1050.301166,2035-10-15,2035-05-15,61.83999999999994,6.5251,ok,,,19,6.525130599175338,0.0004689456918291261,6.062208252590985,50.84264654963905,6.324857023791086,3.095697539704445,-2.9685632666545225,-5.815987752715291,-11.169854252844791,6.31642148533918,3.094657434482541,-2.9675508181084433,-5.807995019842789,-11.107563574189188,5.377751955213356,10.755503910426713,corrigido IPCA,1.008375743992172,65.20210456656343,5.5140084271636525,292.2155491623315,292.2155491623315
2026-10-05,ENMTF8,ENERGISA MATO GROSSO - DISTRIBUIDORA DE ENERGIA S.A.,ENERGISA MATO GROSSO - DISTRIBUIDORA DE ENERGIA S.A.,Energisa,CVM FRE,IPCA_MAIS,S,Quirografária,N,ENERGISA MATO GROSSO - DISTRIBUIDORA DE ENERGIA S.A.,03467321000199,7.6283,0.0898,972.929201,2036-02-15,2035-05-15,61.050000000000004,6.9608,ok,,,19,6.960857644472472,0.0008281299918372495,6.467497530363734,56.14564218486589,6.757842387552504,3.305116082984094,-3.164719570576824,-6.195867088819485,-11.882933077260539,6.7482257412880635,3.30393081791295,-3.163566712450785,-6.186769319439405,-11.81208221703015,5.0607357604696075,10.121471520939215,corrigido IPCA,0.947343262592037,65.46059206532125,5.536637694822377,292.67392585851366,292.67392585851366
2026-10-05,ENMTG8,ENERGISA MATO GROSSO - DISTRIBUIDORA DE ENERGIA S.A.,ENERGISA MATO GROSSO - DISTRIBUIDORA DE ENERGIA S.A.,Energisa,CVM FRE,IPCA_MAIS,S,Quirografária,N,ENERGISA MATO GROSSO - DISTRIBUIDORA DE ENERGIA S.A.,03467321000199,7.5423,0.1881,953.547275,2041-02-15,2040-08-15,72.91999999999996,8.8267,ok,,,29,8.826723388484591,0.0002649742779388105,8.207675852650159,94.3041021427187,8.70077837147052,4.2243661770332785,-3.9885113126032157,-7.756222151019799,-14.684283439437785,8.679196363363753,4.221718054003478,-3.985957798646681,-7.736155341936565,-14.529269662445943,4.113781496206239,8.227562992412478,corrigido IPCA,0.928471055774726,67.52917009898198,5.622574492875043,294.08690751753295,294.08690751753295
2026-10-05,ENSEA1,ENERGISA SERGIPE - DIST.DE ENERGIA S/A,ENERGISA SERGIPE - DISTRIBUIDORA DE ENERGIA S/A,Energisa,CVM FRE,IPCA_MAIS,S,Quirografária,N,ENERGISA SERGIPE - DISTRIBUIDORA DE ENERGIA S/A,13017462000163,6.1343,0.4431,1259.404965,2027-07-15,2027-05-15,60.69999999999993,0.7523,ok,,,2,0.7523157448021699,0.0020928887637811774,0.7088337557247468,1.1760691598826807,0.7147655730694646,0.3558933696524047,-0.3529531400588537,-0.7030039763609719,-1.3945471390799935,0.7147141015241604,0.3558869643122268,-0.3529467914125201,-0.7029534099253334,-1.3941461282518401,12.134759430742164,24.26951886148433,corrigido IPCA,1.0098352366358452,17.20305420421852,6.457524887063304,232.5148733074752,232.5148733074752
2026-10-05,ENSEA5,ENERGISA SERGIPE - DIST.DE ENERGIA S/A,ENERGISA SERGIPE - DISTRIBUIDORA DE ENERGIA S/A,Energisa,CVM FRE,IPCA_MAIS,S,Quirografária,S,ENERGISA SERGIPE - DISTRIBUIDORA DE ENERGIA S/A,13017462000163,7.5437,0.2801,978.272187,2036-02-15,2035-05-15,52.59,6.9684,ok,,,19,6.9684170294652725,0.0002443812822541755,6.479614360920512,56.31327688121371,6.770835324632363,3.3113887023118904,-3.170572947669492,-6.2071811928235965,-11.904088489905341,6.761180745326581,3.310198776561773,-3.169415584358739,-6.198047976514443,-11.83296318421675,4.398429317561933,8.796858635123867,corrigido IPCA,0.9525457419523133,57.000251543136216,5.537019403616417,282.72598274687704,282.72598274687704
2026-10-05,ENSEB4,ENERGISA SERGIPE - DIST.DE ENERGIA S/A,ENERGISA SERGIPE - DISTRIBUIDORA DE ENERGIA S/A,Energisa,CVM FRE,IPCA_MAIS,S,Quirografária,N,ENERGISA SERGIPE - DISTRIBUIDORA DE ENERGIA S/A,13017462000163,7.6122,0.186,1021.091837,2035-09-15,2035-05-15,59.43999999999994,6.6973,ok,,,18,6.697367649796325,0.0010101055100531088,6.223613725763737,51.9062171721492,6.491706561906119,3.1777453817307233,-3.0479519180482306,-5.972197356755748,-11.472353285225479,6.483144811624483,3.1766896343470554,-3.046924091416682,-5.964082639902991,-11.40910310808449,5.029380776171218,10.058761552342435,corrigido IPCA,0.9754643016559048,62.60184646134294,5.523107067943034,289.3407009287981,289.3407009287981
2026-10-05,ENSEB5,ENERGISA SERGIPE - DIST.DE ENERGIA S/A,ENERGISA SERGIPE - DISTRIBUIDORA DE ENERGIA S/A,Energisa,CVM FRE,IPCA_MAIS,S,Quirografária,S,ENERGISA SERGIPE - DISTRIBUIDORA DE ENERGIA S/A,13017462000163,7.3837,0.3362,966.073847,2041-02-15,2040-08-15,57.059999999999974,8.8596,ok,,,29,8.859627146889764,0.0003064121378356254,8.25043944927374,95.05777240147823,8.74752998167343,4.246716923010263,-4.008976750855697,-7.795418924378539,-14.75628426787301,8.72572831128113,4.244041940138718,-4.006397509135022,-7.775150587266349,-14.599723450517915,3.133324446312673,6.266648892625346,corrigido IPCA,0.9406682078963702,51.70260723846375,5.623971021697627,275.4898557315475,275.4898557315475
2026-10-05,ENSEC4,ENERGISA SERGIPE - DIST.DE ENERGIA S/A,ENERGISA SERGIPE - DISTRIBUIDORA DE ENERGIA S/A,Energisa,CVM FRE,IPCA_MAIS,S,Quirografária,N,ENERGISA SERGIPE - DISTRIBUIDORA DE ENERGIA S/A,13017462000163,7.5365,0.2089,1001.809412,2040-09-15,2040-08-15,72.33999999999997,8.6053,ok,,,28,8.605329774688208,0.00034600406968154614,8.002240890012423,89.29209357445345,8.468565483487446,4.115174060207827,-3.891858864616282,-7.574283895823686,-14.361699203999734,8.44870135788469,4.1127355619742785,-3.8895053280381444,-7.555780422140155,-14.218639908535776,4.107915083109265,8.21583016621853,corrigido IPCA,0.9570435217189222,65.74505210151148,5.613088331831184,292.09543167017426,292.09543167017426
2026-10-05,ENTV12,ENTREVIAS CONCESSIONARIA DE RODOVIAS S.A,ENTREVIAS CONCESSIONARIA DE RODOVIAS S.A,Isolada (a identificar),,IPCA_MAIS,S,Real,N,ENTREVIAS CONCESSIONARIA DE RODOVIAS S.A,26664057000189,7.5508,0.0589,1470.691429,2030-12-15,2029-05-15,57.07999999999993,2.0996,ok,,,5,2.0996178763018802,0.0008514146446991927,1.9522103752848705,7.1535008172168535,1.9885665384074658,0.9851200946712879,-0.9672352635773485,-1.9170142572034532,-3.7658555442121044,1.987977879370955,0.9850470636639564,-0.9671633116209142,-1.9164428711987862,-3.7613507342254042,15.501308664794477,31.002617329588954,corrigido IPCA,1.0654734917980926,60.52363121181008,5.255287727365676,282.46550810512355,282.46550810512355
2026-10-05,ENTV13,ENTREVIAS CONCESSIONARIA DE RODOVIAS S.A,ENTREVIAS CONCESSIONARIA DE RODOVIAS S.A,Isolada (a identificar),,IPCA_MAIS,S,Real,N,ENTREVIAS CONCESSIONARIA DE RODOVIAS S.A,26664057000189,7.8032,0.1987,1153.347768,2036-12-15,2033-05-15,78.41000000000005,5.6898,ok,,,20,5.689811961419084,0.00021022565087808778,5.277962028417601,38.32354747117035,5.475297754798802,2.687591167309611,-2.591764848970446,-5.091782904872144,-9.831916560478737,5.469579765773453,2.686885448547764,-2.5910765798698376,-5.08634429106175,-9.789453107411795,7.435291511257768,14.870583022515536,corrigido IPCA,0.9976859716477476,78.48637253326844,5.466399029331437,307.60726685799676,307.60726685799676
2026-10-05,EPRL12,EPR LITORAL PIONEIRO S.A.,EPR LITORAL PIONEIRO S.A.,EPR,CVM FRE,IPCA_MAIS,S,Real,N,EPR LITORAL PIONEIRO S.A.,51137031000120,8.2423,0.0858,1042.924919,2049-03-15,2040-08-15,142.92,9.0315,ok,,,45,9.03158312994509,0.00092044450081589,8.343857373637748,110.37693346201931,8.927167442784167,4.313735688307152,-4.037619761545718,-7.820616695892357,-14.699464195968105,8.895742040947846,4.309899853646399,-4.03395751999135,-7.791972706327652,-14.480176078035111,8.567929750139324,17.13585950027865,corrigido IPCA,1.001098256509348,142.97916764502045,5.631215141663803,380.6605598071955,380.6605598071955
2026-10-05,EQMAA0,EQUATORIAL MARANHAO DISTRIBUIDORA DE ENERGIA S.A,EQUATORIAL MARANHAO DISTRIBUIDORA DE ENERGIA S.A,Equatorial,CVM FRE,IPCA_MAIS,S,Quirografária,N,EQUATORIAL MARANHAO DISTRIBUIDORA DE ENERGIA S.A,06272793000184,7.4891,0.0969,1113.058877,2031-12-15,2030-08-15,40.17999999999997,3.6282,ok,,,11,3.6281823940139732,-0.00048525401099298204,3.3753956391987403,16.008673358974026,3.4570268821716876,1.7079054233936297,-1.6678803781751017,-3.296886333997495,-6.442684938957499,3.45543900599361,1.7077086612980876,-1.6676869779006527,-3.2953522724038704,-6.430617811217999,6.288651745726344,12.577303491452687,corrigido IPCA,0.9789128279768156,42.45337535792849,5.313412135364071,263.7999912659659,263.7999912659659
2026-10-05,EQMAA2,EQUATORIAL MARANHAO DISTRIBUIDORA DE ENERGIA S.A,EQUATORIAL MARANHAO DISTRIBUIDORA DE ENERGIA S.A,Equatorial,CVM FRE,IPCA_MAIS,S,Quirografária,N,EQUATORIAL MARANHAO DISTRIBUIDORA DE ENERGIA S.A,06272793000184,7.6992,0.0949,1033.647331,2036-09-15,2035-05-15,68.14,6.4679,ok,,,20,6.4679298026652905,0.0004607780777422427,6.005550461531089,48.43216972329042,6.255511819105797,3.0642775036586967,-2.943171986416626,-5.770788364688295,-11.100148188464598,6.247711310147542,3.0633154429196576,-2.9422350186114317,-5.763389612914637,-11.04245752859637,5.855988483761655,11.71197696752331,corrigido IPCA,0.9416133840186758,70.33686868275109,5.510938822231282,298.3744288329889,298.3744288329889
2026-10-05,EQPA18,EQUATORIAL PARA DISTRIBUIDORA DE ENERGIA S.A.,EQUATORIAL PARA DISTRIBUIDORA DE ENERGIA S.A.,Equatorial,CVM FRE,IPCA_MAIS,S,Quirografária,N,EQUATORIAL PARA DISTRIBUIDORA DE ENERGIA S.A.,04895728000180,7.6278,0.1353,1118.187741,2036-12-15,2035-05-15,60.99999999999994,6.3265,ok,,,21,6.326509044482616,0.0001429618685874156,5.878136545095798,48.0089510267089,6.1260416235029425,3.00004868074093,-2.880000610884781,-5.645540755670098,-10.854152327011823,6.118181300229343,2.9990794613312852,-2.8790570837645126,-5.638091789962254,-10.796094069657418,5.43465336335297,10.86930672670594,corrigido IPCA,1.0308994618386824,63.89126909010577,5.503241065482012,290.56008159639873,290.56008159639873
2026-10-05,EQPA19,EQUATORIAL PARA DISTRIBUIDORA DE ENERGIA S.A.,EQUATORIAL PARA DISTRIBUIDORA DE ENERGIA S.A.,Equatorial,CVM FRE,IPCA_MAIS,S,Quirografária,N,EQUATORIAL PARA DISTRIBUIDORA DE ENERGIA S.A.,04895728000180,7.6778,0.243,1032.137239,2037-06-15,2035-05-15,66.00000000000001,6.6853,ok,,,22,6.685319353064176,0.0002894868469045309,6.208632933681944,53.18639176924808,6.483660437791761,3.171920381417248,-3.038923546571537,-5.951302482322662,-11.420512984419373,6.474564892528186,3.1707994565525324,-3.037833477129412,-5.942700974835704,-11.353538031978927,5.654911971686424,11.309823943372848,corrigido IPCA,0.9829359775441388,70.21854540896925,5.522477411455595,298.0337392778012,298.0337392778012
2026-10-05,EQPAA1,EQUATORIAL PARA DISTRIBUIDORA DE ENERGIA S.A.,EQUATORIAL PARA DISTRIBUIDORA DE ENERGIA S.A.,Equatorial,CVM FRE,IPCA_MAIS,S,Quirografária,N,EQUATORIAL PARA DISTRIBUIDORA DE ENERGIA S.A.,04895728000180,7.6168,0.2516,976.708127,2038-01-15,2037-05-15,60.949999999999974,7.1248,ok,,,23,7.124820220475893,0.00028380411932507637,6.62054643928819,59.84771643626877,6.930548963956329,3.3864085248410225,-3.236751089560841,-6.33146103870279,-12.123099831559403,6.919785021469534,3.385082865189431,-3.235463574098759,-6.321307857106846,-12.044138549851006,4.966218044887764,9.932436089775528,corrigido IPCA,0.9457358093162758,65.75815438762088,5.544840929281625,292.7979384736821,292.7979384736821
2026-10-05,EQSP11,EQUATORIAL TRANSMISSORA 3 SPE S.A.,VALE DO SERTAO TRANSMISSORA DE ENERGIA S.A.,Verene/IEB,escritura,IPCA_MAIS,S,Quirografária,N,VALE DO SERTAO TRANSMISSORA DE ENERGIA S.A.,26845460000104,7.4966,0.1068,986.599621,2033-01-15,2030-08-15,40.93,2.999,ok,,,13,2.9990699606335705,0.0023327987185842907,2.7899207608738976,13.073108191453043,2.856621789287672,1.4114671902900167,-1.378781473231916,-2.725843539960904,-5.328506319600834,2.855286301831163,1.4113017656762652,-1.3786189951976326,-2.7245552199166325,-5.318379357918735,8.782642438732614,17.565284877465228,corrigido IPCA,0.9355751737734544,49.005752950304554,5.262863084956693,270.0165391025975,270.0165391025975
2026-10-05,EQSP21,EQUATORIAL TRANSMISSORA 3 SPE S.A.,VALE DO SERTAO TRANSMISSORA DE ENERGIA S.A.,Verene/IEB,escritura,IPCA_MAIS,S,Quirografária,N,VALE DO SERTAO TRANSMISSORA DE ENERGIA S.A.,26845460000104,7.4867,0.093,875.684871,2034-01-15,2030-08-15,39.94,3.359,ok,,,15,3.3589764227409344,-0.000701913041546402,3.1250158603259144,16.841324046554018,3.2111871112683543,1.5838026578514963,-1.5416944755120787,-3.0426958747914457,-5.928003009944982,3.2092224805586844,1.5835595852211497,-1.5414562751047647,-3.0408092400931443,-5.913205239720749,7.7205344430788365,15.441068886157673,corrigido IPCA,0.9219303685703465,48.25358516962773,5.2907303406739326,269.564976258146,269.564976258146
2026-10-05,EQTC11,EQUATORIAL TRANSMISSORA 5 SPE S.A.,ALTO SERTAO TRANSMISSORA DE ENERGIA S.A,Verene/IEB,inferido,IPCA_MAIS,S,Quirografária,N,ALTO SERTAO TRANSMISSORA DE ENERGIA S.A,26845283000166,7.6083,0.0762,1220.220243,2039-04-15,2033-05-15,58.919999999999995,5.9264,ok,,,26,5.926402889962108,4.8764209433108764e-05,5.507384551156471,48.4860346282386,5.758725025718192,2.8153964936185494,-2.6941485603819926,-5.273338714503173,-10.110180816744885,5.749814724297664,2.814299818863534,-2.693084732292937,-5.264954378015278,-10.04504840974817,5.965060910568077,11.930121821136154,corrigido IPCA,0.8722925294007929,65.70376861113995,5.480542249451292,291.455489920076,291.455489920076
2026-10-05,EQTN11,EQUATORIAL TRANSMISSORA 2 SPE S/A,BURITIRAMA TRANSMISSORA DE ENERGIA S.A.,Verene/IEB,escritura,IPCA_MAIS,S,Quirografária,S,BURITIRAMA TRANSMISSORA DE ENERGIA S.A.,26845497000132,7.4286,0.1408,988.216658,2033-01-15,2029-05-15,44.859999999999985,2.902,ok,,,13,2.902031637981161,0.0010902129965775847,2.7013585190360487,12.588312803078976,2.765588029188537,1.3665741807130427,-1.3351005468294153,-2.6396592469457913,-5.160715312802944,2.7643000830514435,1.3664146505218733,-1.3349438685141757,-2.638416955020654,-5.1509507820105185,7.995864906662851,15.991729813325701,corrigido IPCA,0.9410656306643174,43.199395565350144,5.256407326221901,262.95862506284857,262.95862506284857
2026-10-05,EQTR11,EQUATORIAL TRANSMISSORA 8 SPE S.A.,TAPAJOS TRANSMISSORA DE ENERGIA S.A.,Verene/IEB,CVM FRE,IPCA_MAIS,S,Quirografária,N,TAPAJOS TRANSMISSORA DE ENERGIA S.A.,27967244000102,7.6399,0.0755,1218.099601,2039-04-15,2033-05-15,62.08,5.9219,ok,,,26,5.921970794050252,0.0011954617648429044,5.501650218971081,48.40665659621062,5.752574956670853,2.8124277924366226,-2.6913783862098195,-5.267983743253035,-10.100164297010972,5.743683501952134,2.811333430230804,-2.6903167887402772,-5.259616935990028,-10.03516730601795,6.2581841012532164,12.516368202506433,corrigido IPCA,0.8707765587531999,68.86067986204218,5.4802825279608,295.1660030784369,295.1660030784369
2026-10-05,EQTR21,EQUATORIAL TRANSMISSORA 8 SPE S.A.,TAPAJOS TRANSMISSORA DE ENERGIA S.A.,Verene/IEB,CVM FRE,IPCA_MAIS,S,Quirografária,N,TAPAJOS TRANSMISSORA DE ENERGIA S.A.,27967244000102,7.6429,0.0745,1217.898581,2039-04-15,2033-05-15,62.38000000000001,5.9215,ok,,,26,5.921550124362371,0.0008464808303799933,5.501106087222075,48.39912695139169,5.751991389007749,2.8121460950983,-2.6911155209544235,-5.267475597762172,-10.099213785844242,5.743101721979033,2.811051952300277,-2.6900541349217977,-5.259110452465117,-10.034229635416315,6.286043742081086,12.572087484162171,corrigido IPCA,0.8706328564779379,69.16038698821299,5.480257866637972,295.5182674675328,295.5182674675328
2026-10-05,EQTS11,EQUATORIAL TRANSMISSORA 1 SPE S.A,BARREIRAS TRANSMISSORA DE ENERGIA S.A.,Verene/IEB,escritura,IPCA_MAIS,S,Quirografária,N,BARREIRAS TRANSMISSORA DE ENERGIA S.A.,26845650000121,7.5007,0.1339,984.332472,2033-01-15,2030-08-15,41.34000000000002,2.9468,ok,,,13,2.9468357296247927,0.0012124889640488291,2.741224689350667,12.915920129331482,2.8071382614690776,1.386922463526452,-1.35462968573683,-2.677931395968758,-5.234240044197868,2.8058042899973246,1.386757244836998,-1.3544674445136693,-2.6766450887040096,-5.224130976114704,9.15491321105762,18.30982642211524,corrigido IPCA,0.9381085400049931,50.19134824602749,5.259308660393769,271.26404594013826,271.26404594013826
2026-10-05,EQUA11,EQUATORIAL TRANSMISSAO S.A,VERENE TRANSMISSAO SUBHOLDING S.A.,Verene/IEB,inferido,IPCA_MAIS,S,Quirografária,N,VERENE TRANSMISSAO SUBHOLDING S.A.,23520790000131,7.5029,0.1062,1023.56946,2036-03-15,2031-05-15,46.470000000000056,4.0689,ok,,,19,4.068910652472715,0.00026180227370025256,3.7849310599739305,24.375923990521514,3.9102157750900535,1.9233559184300697,-1.8624061390335123,-3.6662969250861543,-7.107708979945226,3.9068106799265383,1.9229354349751169,-1.8619956249988134,-3.6630514400213228,-7.082343640137431,6.7247096668227435,13.449419333645487,corrigido IPCA,0.9060627732178069,50.90512497452869,5.350524991124717,273.28209920022306,273.28209920022306
2026-10-05,ERDVA4,ECORODOVIAS CONCESSÕES E SERVIÇOS S/A,ECORODOVIAS CONCESSOES E SERVICOS S/A,EcoRodovias,CVM FRE,IPCA_MAIS,S,Quirografária,N,ECORODOVIAS CONCESSOES E SERVICOS S/A,08873873000110,8.0322,0.2422,1079.901636,2031-06-15,2031-05-15,99.39999999999998,3.967,ok,,,10,3.9670262234011915,0.0006610385982204516,3.672077605937111,18.36900442981019,3.7657979417129006,1.859232412721723,-1.8133058811971803,-3.582043539858315,-6.991017203944427,3.7639226280861617,1.8590000585058182,-1.8130775474312928,-3.58023258378806,-6.976775123278017,13.112073003767337,26.224146007534674,corrigido IPCA,0.9762285828425041,96.29709928909318,5.342070370367469,327.7027176913118,327.7027176913118
2026-10-05,ERDVB4,ECORODOVIAS CONCESSÕES E SERVIÇOS S/A,ECORODOVIAS CONCESSOES E SERVICOS S/A,EcoRodovias,CVM FRE,IPCA_MAIS,S,Quirografária,N,ECORODOVIAS CONCESSOES E SERVICOS S/A,08873873000110,8.1856,0.2897,1072.305398,2034-06-15,2033-05-15,116.65000000000009,5.2539,ok,,,16,5.253907330571582,0.00013952628680869762,4.856383225282832,32.253889774967206,5.021963180077682,2.4690417336715065,-2.3883952648146467,-4.699236262886187,-9.099959673401226,5.0176526741576675,2.4685089748601245,-2.3878742504227066,-4.695113776407996,-9.06768865506632,11.813023018599187,23.626046037198375,corrigido IPCA,0.9693616117130048,114.7371336548101,5.438702887521463,350.3555232843511,350.3555232843511
2026-10-05,ERDVC3,ECORODOVIAS CONCESSÕES E SERVIÇOS S/A,ECORODOVIAS CONCESSOES E SERVICOS S/A,EcoRodovias,CVM FRE,IPCA_MAIS,S,Quirografária,N,ECORODOVIAS CONCESSOES E SERVICOS S/A,08873873000110,8.2742,0.1192,1104.833297,2033-10-15,2032-08-15,123.67000000000007,4.8076,ok,,,15,4.807656523450502,0.0011757103440871257,4.440260489987921,27.269169100193455,4.579995409456639,2.254635877681488,-2.186454282880168,-4.307164890379878,-8.360614403093525,4.576606335488888,2.2542167063692022,-2.186043783618719,-4.303914644486953,-8.335137597971972,13.760768786862645,27.52153757372529,corrigido IPCA,0.9667693894732525,122.20279591233042,5.407824103874526,358.88780745887766,358.88780745887766
2026-10-05,ERDVC4,ECORODOVIAS CONCESSÕES E SERVIÇOS S/A,ECORODOVIAS CONCESSOES E SERVICOS S/A,EcoRodovias,CVM FRE,IPCA_MAIS,S,Quirografária,N,ECORODOVIAS CONCESSOES E SERVICOS S/A,08873873000110,8.3838,0.2156,1046.544132,2039-06-15,2037-05-15,137.6500000000001,7.7083,ok,,,26,7.708289833421981,-0.00013189131221467458,7.112031349170246,72.06839598057914,7.486954580609972,3.647893891145304,-3.467665560544597,-6.765352403023284,-12.888621961235048,7.472373329073141,3.646101169560847,-3.465930179609399,-6.751689369267351,-12.78269477872891,10.348942762637472,20.697885525274945,corrigido IPCA,0.9460734941358206,147.20401071729248,5.572868426918887,388.04762520962583,388.04762520962583
2026-10-05,ESAM14,EMPRESA DE ENERGIA SÃO MANOEL S/A,EMPRESA DE ENERGIA SAO MANOEL S.A.,Isolada (a identificar),,IPCA_MAIS,S,Real,S,EMPRESA DE ENERGIA SAO MANOEL S.A.,18494537000110,7.078,0.2347,790.337793,2033-06-15,2030-08-15,-0.9299999999999642,3.0052,ok,,,14,3.0052516531927984,0.0017187938506102673,2.8066004717988737,14.322327550894231,2.8798259191321174,1.4214028662409284,-1.3855931466203564,-2.736540199299964,-5.338928599248249,2.8782121095533446,1.4212031453380547,-1.385397326460819,-2.734988834044403,-5.326754392579862,1.6731261071206427,3.3462522142412854,corrigido IPCA,1.029116655820157,9.391593043247617,5.263294920434247,223.15473767355786,223.15473767355786
2026-10-05,ESCEA5,EDP ESPIRITO SANTO DISTRIBUICAO DE ENERGIA SA,EDP ESPIRITO SANTO DISTRIBUICAO DE ENERGIA SA,EDP,CVM FRE,IPCA_MAIS,S,Quirografária,N,EDP ESPIRITO SANTO DISTRIBUICAO DE ENERGIA SA,28152650000171,7.1891,0.1155,1114.598639,2036-12-15,2035-05-15,17.129999999999956,6.7094,ok,,,21,6.709473213901943,0.0010912138483873792,6.259473410917662,53.74306838308145,6.537360504759904,3.1980459400457795,-3.063657305860157,-5.9994340613870545,-11.511648932842588,6.52818875283307,3.196915540937683,-3.0625578699799796,-5.990758069002256,-11.444085454173695,1.6948723219811686,3.389744643962337,corrigido IPCA,1.0283902527169178,21.21801646868281,5.523738714695647,240.45895546871913,240.45895546871913
2026-10-05,ESSDA4,ENERGISA SUL-SUDESTE - DISTRIBUICAO DE ENERGIA S.A,ENERGISA SUL-SUDESTE - DISTRIBUIDORA DE ENERGIA SA,Energisa,CVM FRE,IPCA_MAIS,S,Quirografária,N,ENERGISA SUL-SUDESTE - DISTRIBUIDORA DE ENERGIA SA,07282377000120,7.5075,0.1953,1069.698794,2035-05-15,2033-05-15,48.84000000000004,5.7756,ok,,,18,5.775649493426999,0.0008569400062235501,5.3723223899979065,39.64236958514749,5.576382002299174,2.736436151964572,-2.637312860738239,-5.179680260231723,-9.995312060000948,5.570534237923644,2.7357141569803876,-2.636608233017519,-5.174110542072169,-9.951797388292864,4.552231991303518,9.104463982607037,corrigido IPCA,1.0166463449374494,48.912115702689285,5.471597470710798,273.03921421193206,273.03921421193206
2026-10-05,ESSDA5,ENERGISA SUL-SUDESTE - DISTRIBUICAO DE ENERGIA S.A,ENERGISA SUL-SUDESTE - DISTRIBUIDORA DE ENERGIA SA,Energisa,CVM FRE,IPCA_MAIS,S,Quirografária,N,ENERGISA SUL-SUDESTE - DISTRIBUIDORA DE ENERGIA SA,07282377000120,7.6521,0.089,1049.289469,2035-10-15,2035-05-15,63.429999999999964,6.5237,ok,,,19,6.523682543563965,-0.0002675848986688163,6.059967751269102,50.81334661338941,6.322463653735144,3.0945398811115687,-2.967478883315944,-5.813887786868632,-11.165913022868656,6.314034484336049,3.093500558901288,-2.9664671923678143,-5.805901018202156,-11.103668570270417,5.510945624945228,11.021891249890457,corrigido IPCA,1.0074044273015361,66.79230553233127,5.513931021824048,294.08527070788523,294.08527070788523
2026-10-05,ESSDB5,ENERGISA SUL-SUDESTE - DISTRIBUICAO DE ENERGIA S.A,ENERGISA SUL-SUDESTE - DISTRIBUIDORA DE ENERGIA SA,Energisa,CVM FRE,IPCA_MAIS,S,Quirografária,N,ENERGISA SUL-SUDESTE - DISTRIBUIDORA DE ENERGIA SA,07282377000120,7.7099,0.184,1027.153858,2040-10-15,2037-05-15,70.26000000000003,8.31,ok,,,29,8.310036040903652,0.000433705218432298,7.715201704674921,86.0441447821922,8.164587715440152,3.9675086662824155,-3.7523161926155346,-7.3028312563088615,-13.847521726687994,8.145422428585881,3.9651560333152007,-3.75004567135972,-7.28498098076396,-13.709520513705996,5.390017766104733,10.780035532209466,corrigido IPCA,0.9861524313333617,83.17014851455869,5.600180901800811,312.3566555253877,312.3566555253877
2026-10-05,ESULA6,ENERGISA MATO GROSSO DO SUL - DISTRIBUIDORA DE ENERGIA S.A.,ENERGISA MATO GROSSO DO SUL - DISTRIBUIDORA DE ENERGIA S.A.,Energisa,CVM FRE,IPCA_MAIS,S,Quirografária,N,ENERGISA MATO GROSSO DO SUL - DISTRIBUIDORA DE ENERGIA S.A.,15413826000150,7.4349,0.0789,1261.814225,2031-10-15,2030-08-15,34.75999999999999,3.4764,ok,,,11,3.4764451423384877,0.0012985369487900085,3.2358620358361088,14.936010732912424,3.3119897444233715,1.6367804482723791,-1.5994374145542278,-3.162581504876083,-6.184016213166677,3.310542089500671,1.636601031334195,-1.5992610045019138,-3.161181982171547,-6.17300385701397,5.708593832922305,11.41718766584461,corrigido IPCA,0.984014744886849,36.94444412392285,5.300547835091418,257.1129010030173,257.1129010030173
2026-10-05,ETBA12,ETB - EMPRESA DE TRANSMISSAO BAIANA S.A.,ETB - EMPRESA DE TRANSMISSAO BAIANA S.A.,Isolada (a identificar),,IPCA_MAIS,S,Quirografária,N,ETB - EMPRESA DE TRANSMISSAO BAIANA S.A.,24870961000115,6.9344,0.0776,1061.193165,2029-02-15,2028-08-15,-4.420000000000002,1.858,ok,,,5,1.857983660939379,-0.0008793896997390254,1.7374985607432023,5.077177865200195,1.7632203741473784,0.8751374852681737,-0.862444034033083,-1.7124404868522403,-3.376044759300123,1.7628844500692034,0.8750957527031015,-0.8624028080401009,-1.7121126714172012,-3.373453564182401,0.7533870876398332,1.5067741752796664,sem correção,0.9792364104577055,2.618017960913446,5.295217879203151,214.02690209340025,214.02690209340025
2026-10-05,ETEN12,ENERGISA TRANSMISSAO DE ENERGIA S.A,ENERGISA TRANSMISSAO DE ENERGIA S.A.,Energisa,CVM FRE,IPCA_MAIS,S,Quirografária,N,ENERGISA TRANSMISSAO DE ENERGIA S.A.,28201130000101,5.8719,0.1758,1423.696229,2027-10-15,2027-05-15,34.45999999999998,0.9892,ok,,,3,0.9892408420165552,0.00412879261576901,0.9343752610622414,1.7775231324791696,0.9433480691225737,0.46942013275295125,-0.4649762249022582,-0.925571237123779,-1.8338625687243093,0.9432628767246373,0.4694095344467197,-0.4649657266155217,-0.9254876453998455,-1.8332000594748994,-26.741609254171088,-53.483218508342176,corrigido IPCA,1.0041035661091644,-49.973396256181125,5.960436405756631,152.92974586158837,152.92974586158837
2026-10-05,ETEN21,ENERGISA TRANSMISSAO DE ENERGIA S.A,ENERGISA TRANSMISSAO DE ENERGIA S.A.,Energisa,CVM FRE,IPCA_MAIS,S,Quirografária,N,ENERGISA TRANSMISSAO DE ENERGIA S.A.,28201130000101,6.145,0.4489,1512.660168,2028-12-15,2027-05-15,61.769999999999925,1.1256,ok,,,5,1.125557587487944,-0.0037679914761855793,1.0603962386244703,2.697168825616972,1.0740464744259048,0.5335900098617508,-0.5268468530114645,-1.0470710284392504,-2.0681196348872,1.073882082752555,0.5335695803442564,-0.5268266582802139,-1.0469103944963853,-2.066849100736601,-23.852724237286857,-47.705448474573714,corrigido IPCA,1.005002242485936,-50.58667812433144,5.762754539562098,154.71292171273402,154.71292171273402
2026-10-05,ETEN22,ENERGISA TRANSMISSAO DE ENERGIA S.A,ENERGISA TRANSMISSAO DE ENERGIA S.A.,Energisa,CVM FRE,IPCA_MAIS,S,Quirografária,N,ENERGISA TRANSMISSAO DE ENERGIA S.A.,28201130000101,7.3284,0.1394,1343.658809,2030-10-15,2029-05-15,34.83999999999998,2.7484,ok,,,9,2.7484430996338856,0.0015681718048820956,2.5607789733508426,9.810199239956141,2.610646735765787,1.2927535660760547,-1.268226569813602,-2.5125207620270706,-4.931604209227958,2.6098299695506233,1.2926522357253665,-1.2681267376254761,-2.511727977151062,-4.925353961902562,5.652578393662309,11.305156787324618,corrigido IPCA,0.9476548297282326,28.950007791415448,5.247741667997952,246.4128544646337,246.4128544646337
2026-10-05,ETSP12,EQUATORIAL TRANSMISSORA 7 SPE S.A.,BELEM TRANSMISSORA DE ENERGIA S.A.,Verene/IEB,CVM FRE,IPCA_MAIS,S,Quirografária,N,BELEM TRANSMISSORA DE ENERGIA S.A.,26845702000160,7.6276,0.0719,1218.924341,2039-04-15,2033-05-15,60.85000000000002,5.9237,ok,,,26,5.923695719214809,-7.226539479063759e-05,5.503881643012395,48.43753969005822,5.7549681273702635,2.8135830078578783,-2.6924563621428477,-5.270067571031268,-10.104062162043503,5.746069341462687,2.8124877461187707,-2.691393896893625,-5.261693944562104,-10.039012492223625,6.1440166856453455,12.288033371290691,corrigido IPCA,0.8713661348366101,67.63188130097055,5.480383631739061,293.7217199567429,293.7217199567429
2026-10-05,EUBE11,ENGIE SOLUCOES CIDADES INTELIGENTES E INFRAESTRUTURA DE UBERLANDIA S.A,ENGIE SOLUCOES CIDADES INTELIGENTES E INFRAESTRUTURA DE UBERLANDIA S.A,Engie,inferido,IPCA_MAIS,S,Real,N,ENGIE SOLUCOES CIDADES INTELIGENTES E INFRAESTRUTURA DE UBERLANDIA S.A,36030967000163,6.9077,0.086,849.137116,2034-01-15,2030-08-15,-17.959999999999976,3.4207,ok,,,15,3.420750477827756,0.0014756578406733296,3.199723198448527,17.316559635933114,3.288336891576149,1.6217585540172497,-1.5784620883141698,-3.115090187975833,-6.068406530404003,3.286305996628193,1.62150729876918,-1.5782158996793472,-3.1131404002688616,-6.053115204178392,-1.570399436775672,-3.140798873551344,corrigido IPCA,0.9992431003101928,-10.049687017363237,5.295870180999884,201.0603327639624,201.0603327639624
2026-10-05,EXTZ11,EXTREMOZ TRANSMISSORA DO NORDESTE ETN S.A.,COMPANHIA HIDRO ELETRICA DO SAO FRANCISCO - CHESF,Axia (ex-Eletrobras),CVM FRE,IPCA_MAIS,S,Real,S,COMPANHIA HIDRO ELETRICA DO SAO FRANCISCO - CHESF,33541368000116,7.6938,0.1525,513.922788,2029-01-15,2028-08-15,71.52000000000002,1.4767,ok,,,5,1.4767519350514662,0.00351696698491763,1.3712506523601788,3.5617778761740015,1.3892774303416955,0.6901046267341115,-0.6811998717889067,-1.3536546852222164,-2.672949906524813,1.389059541741049,0.6900775485253069,-0.6811731038348718,-1.3534417629793087,-2.6712657471968777,34.05015212636132,68.10030425272264,corrigido IPCA,0.994636339801652,93.38258663247258,5.447069500313928,320.8085936074537,320.8085936074537
2026-10-05,FBRI13,FIBRASIL INFRAESTRUTURA FIBRA OTICA S.A.,FIBRASIL INFRAESTRUTURA E FIBRA OTICA S.A.,Fibrasil Infraestrutura,inferido,IPCA_MAIS,S,Quirografária,N,FIBRASIL INFRAESTRUTURA E FIBRA OTICA S.A.,36619747000170,6.9998,0.1952,1168.217715,2034-04-15,2032-08-15,-3.7700000000000067,4.44,ok,,,16,4.440038402728699,0.0008649263220354133,4.149576356898517,24.758069507986896,4.276436785123283,2.1061154274981897,-2.044212296108572,-4.028728697179829,-7.827051522295836,4.273366704438451,2.105735765334242,-2.0438405915642748,-4.025786009358582,-7.803991323637296,-0.6072776200682594,-1.2145552401365187,corrigido IPCA,1.0496692134707621,-5.039889708617698,5.380264038271987,208.6822873146734,208.6822873146734
2026-10-05,FEPS11,FARO ENERGY PROJ. SOL. HOL. IV S.A,FARO ENERGY PROJ. SOL. HOL. IV S.A,Faro Energy,inferido,IPCA_MAIS,S,Real,N,FARO ENERGY PROJ. SOL. HOL. IV S.A,48904104000157,8.2427,0.2362,1103.009701,2040-01-15,2032-08-15,120.51999999999995,4.9606,sem eventos futuros,,,,,,,,,,,,,,,,,,,,,,,,,
2026-10-05,FGEN13,FERREIRA GOMES ENERGIA S/A,FERREIRA GOMES ENERGIA S.A.,Alupar,CVM FRE,IPCA_MAIS,S,Real,N,FERREIRA GOMES ENERGIA S.A.,12489315000123,6.1578,0.0567,520.467688,2027-12-15,2027-05-15,63.04999999999996,0.6731,fluxo divergente da ANBIMA,,,3,1.065088212512654,58.23625204466705,1.0033065987733865,2.026315246502386,1.0135395568963812,0.5041988037751466,-0.49913289276632966,-0.9932744371523139,-1.966874564019383,1.0134381750058983,0.5041861934448212,-0.49912040532856516,-0.9931750225408745,-1.9660868926167252,-16.37336002420056,-32.74672004840112,corrigido IPCA,0.9381982520731618,-32.855000312745595,5.843906061385806,173.34824175136785,173.34824175136785
2026-10-05,FLCLA9,ENERGISA MINAS RIO - DISTRIBUIDORA DE ENERGIA S.A.,ENERGISA MINAS RIO - DISTRIBUIDORA DE ENERGIA S.A.,Energisa,CVM FRE,IPCA_MAIS,S,Quirografária,N,ENERGISA MINAS RIO - DISTRIBUIDORA DE ENERGIA S.A.,19527639000158,7.6294,0.0697,1050.734255,2035-10-15,2035-05-15,61.16000000000001,6.5257,ok,,,19,6.525749787675089,0.000762947654494401,6.063166558277839,50.85518123410696,6.325880727550404,3.0961926958087638,-2.9690270754182846,-5.816885937367244,-11.171539951082165,6.317442464448374,3.0951522556815534,-2.9680143025962855,-5.808890652107304,-11.109229491873538,5.320818602892763,10.641637205785527,corrigido IPCA,1.008791545446418,64.52201883144403,5.514041520927271,291.41591998582396,291.41591998582396
2026-10-05,FLCLB9,ENERGISA MINAS RIO - DISTRIBUIDORA DE ENERGIA S.A.,ENERGISA MINAS RIO - DISTRIBUIDORA DE ENERGIA S.A.,Energisa,CVM FRE,IPCA_MAIS,S,Quirografária,N,ENERGISA MINAS RIO - DISTRIBUIDORA DE ENERGIA S.A.,19527639000158,7.7394,0.1222,1024.819915,2040-10-15,2037-05-15,73.21,8.3038,ok,,,29,8.303884905550687,0.001022490313906733,7.707379942296585,85.91281492960589,8.156072342389109,3.9634291003356914,-3.7485651367661466,-7.29563215115141,-13.834243562287318,8.136944016944616,3.9610809898103,-3.7462989524862857,-7.277815867648556,-13.696503586001052,5.586483271349219,11.172966542698438,corrigido IPCA,0.9839116511566485,86.11429822714477,5.599908781060248,315.8160519103537,315.8160519103537
2026-10-05,FRAG14,FERRARI AGROINDUSTRIA S/A,FERRARI AGROINDUSTRIA S/A,Ferrari Agroindustria,inferido,IPCA_MAIS,S,Quirografária,N,FERRARI AGROINDUSTRIA S/A,54846951000105,7.8992,0.2084,1118.207478,2031-06-15,2030-08-15,81.19000000000005,3.5584,ok,,,10,3.5584482692332955,0.0013564869968442491,3.2979375836274,15.237070720907118,3.3755858614134215,1.6681964634660984,-1.6301007934699574,-3.223167241095104,-6.30227069587227,3.3741229372319355,1.6680151302148338,-1.6299224534125663,-3.2217522300228647,-6.291133752836657,12.656335691197222,25.312671382394445,corrigido IPCA,1.0106095468285936,83.47961029400837,5.307485714697968,311.99252585772575,311.99252585772575
2026-10-05,FRAG16,FERRARI AGROINDUSTRIA S/A,FERRARI AGROINDUSTRIA S/A,Ferrari Agroindustria,inferido,IPCA_MAIS,S,Quirografária,S,FERRARI AGROINDUSTRIA S/A,54846951000105,8.008,0.1796,1078.715489,2035-09-15,2033-05-15,98.88999999999993,5.6476,ok,,,18,5.647598751927877,-2.2099159341729254e-05,5.228870779875451,37.58275841278951,5.422248424656861,2.662088491170622,-2.5681154793551153,-5.046162827488843,-9.746765035892635,5.416784571939399,2.6614138379537122,-2.567456941921739,-5.040956987811503,-9.706086391495113,9.447687440863877,18.895374881727754,corrigido IPCA,1.030280692187161,98.80147359385882,5.4638133461634375,331.62162142041944,331.62162142041944
2026-10-05,FSII14,FS I INDUSTRIA DE ETANOL S.A,FS I INDUSTRIA DE ETANOL S.A,Fs I,inferido,IPCA_MAIS,S,Quirografária,S,FS I INDUSTRIA DE ETANOL S.A,46710597000169,9.545,0.303,1024.657281,2033-02-15,2031-05-15,250.68,4.2731,ok,,,13,4.273166456438679,0.0015552277896213151,3.9008320383757162,21.31184289773308,4.00978694352474,1.977352391712306,-1.9240671521934094,-3.7965783525390484,-7.393528958087414,4.007391252864382,1.9770558228100243,-1.923776215565692,-3.794272823887051,-7.375427218796771,31.91790009505724,63.83580019011448,corrigido IPCA,0.9961657292856889,249.01273457694919,5.367116242850067,507.56262693115605,507.56262693115605
2026-10-05,FURN21,FURNAS CENTRAIS ELETRICAS S/A,FURNAS CENTRAIS ELETRICAS S/A,Axia (ex-Eletrobras),inferido,IPCA_MAIS,S,Quirografária,N,FURNAS CENTRAIS ELETRICAS S/A,23274194000119,7.0868,0.19,1224.552788,2029-11-15,2028-08-15,10.820000000000007,1.4911,ok,,,7,1.4910925514919933,-0.0004995310848919779,1.3924148928644737,4.091001140285651,1.4131503220996544,0.7013560258569473,-0.6911280816963017,-1.3722332459107367,-2.7051693799781784,1.412869898565902,0.701321197857594,-0.6910936950068798,-1.3719598871630456,-2.7030097629232346,9.991747641542586,19.983495283085173,corrigido IPCA,0.9732127215886723,27.825316443654753,5.438542649037426,244.56818800965777,244.56818800965777
2026-10-05,GASC15,RUMO MALHA PAULISTA S/A,RUMO MALHA PAULISTA S/A,Rumo,CVM FRE,IPCA_MAIS,S,Quirografária,N,RUMO MALHA PAULISTA S/A,02502844000166,8.2823,0.2521,974.089096,2034-03-15,2035-05-15,126.4499999999999,6.0045,ok,,,15,6.004527647572435,0.00046044753826309957,5.545253146241292,40.19125549707181,5.751964725374825,2.823576526485261,-2.7230818651883926,-5.349787651843396,-10.32961274065418,5.746209423726651,2.8228656424919856,-2.722387503749306,-5.344296868755933,-10.286681182541148,11.326650418254445,22.65330083650889,corrigido IPCA,0.8714244517320486,125.61828773640143,5.485089119144293,363.65382670739314,363.65382670739314
2026-10-05,GASC16,RUMO MALHA PAULISTA S/A,RUMO MALHA PAULISTA S/A,Rumo,CVM FRE,IPCA_MAIS,S,Quirografária,N,RUMO MALHA PAULISTA S/A,02502844000166,8.1814,0.3878,1022.100223,2034-06-15,2035-05-15,116.35999999999997,5.9621,ok,,,16,5.9621323593950555,0.0005427516320605418,5.511236089933256,40.79847927800087,5.721205633418136,2.8073542356117587,-2.7053405126355012,-5.3129402745271666,-10.251021533865845,5.7152284863232605,2.806616144064129,-2.7046199458691267,-5.307243693543252,-10.206502594306494,10.551069451768543,21.102138903537085,corrigido IPCA,0.9237823884369787,116.29886949995817,5.482629004270789,352.53087624020947,352.53087624020947
2026-10-05,GASC17,RUMO MALHA PAULISTA S/A,RUMO MALHA PAULISTA S/A,Rumo,CVM FRE,IPCA_MAIS,S,Quirografária,N,RUMO MALHA PAULISTA S/A,02502844000166,8.2872,0.2809,956.265829,2036-08-15,2035-05-15,126.94000000000001,7.0148,ok,,,20,7.014813039044162,0.00018587905801622714,6.477970654928894,56.19158228757766,6.768545569689288,3.31041011801656,-3.169898760923262,-6.2061109641562755,-11.90296454473021,6.758928566366783,3.309224805323919,-3.168745849604975,-6.197012743491006,-11.832109664106234,10.148162063951943,20.296324127903887,corrigido IPCA,0.8686705653204154,131.47899210348666,5.5393546148856165,370.3501516338559,370.3501516338559
2026-10-05,GASC18,RUMO MALHA PAULISTA S/A,RUMO MALHA PAULISTA S/A,Rumo,CVM FRE,IPCA_MAIS,S,Quirografária,N,RUMO MALHA PAULISTA S/A,02502844000166,8.3856,0.1149,1004.076106,2037-03-15,2035-05-15,136.78,7.0641,ok,,,21,7.064139701551397,0.000562018535942892,6.5175998486435445,58.226204569367695,6.819068169490627,3.332856093958081,-3.1872544990384277,-6.236228367367625,-11.946607139972286,6.808730871490383,3.331582680033482,-3.186017168610063,-6.226468825796706,-11.870675605899736,10.942989675272303,21.885979350544606,corrigido IPCA,0.9454888828129864,142.64405570252526,5.541823325989825,383.23498863577095,383.23498863577095
2026-10-05,GASC19,RUMO MALHA PAULISTA S/A,RUMO MALHA PAULISTA S/A,Rumo,CVM FRE,IPCA_MAIS,S,Quirografária,S,RUMO MALHA PAULISTA S/A,02502844000166,8.4083,0.3277,932.221833,2040-10-15,2037-05-15,140.10000000000008,8.3017,ok,,,29,8.301670138638551,-0.0003597017652930703,7.657780943561104,85.00644671333305,8.101650412367324,3.9374611205894583,-3.724864710852427,-7.250300068305338,-13.751146808432747,8.08281317712777,3.935148530172219,-3.7226324133888857,-7.232748709994439,-13.615432952855548,9.997193059757969,19.994386119515937,corrigido IPCA,0.8921173316068348,153.1126290042318,5.5998107682665665,394.60171952633544,394.60171952633544
2026-10-05,GASC22,RUMO MALHA PAULISTA S/A,RUMO MALHA PAULISTA S/A,Rumo,CVM FRE,IPCA_MAIS,S,Quirografária,N,RUMO MALHA PAULISTA S/A,02502844000166,8.0995,0.2462,1223.016538,2031-06-15,2030-08-15,101.22000000000008,3.3156,ok,,,10,3.315661841629631,0.0018651716018508084,3.0672314318101668,13.291026329981927,3.134905772281882,1.5503806635967177,-1.5171506813095648,-3.0019568286252962,-5.877938551924378,3.133686563460077,1.550229498817561,-1.517001932992606,-3.000776300160257,-5.868642337020695,16.89570330307659,33.79140660615318,corrigido IPCA,0.9062154406151367,103.64606446747075,5.287165842089836,335.32938964770347,335.32938964770347
2026-10-05,GASC23,RUMO MALHA PAULISTA S/A,RUMO MALHA PAULISTA S/A,Rumo,CVM FRE,IPCA_MAIS,S,Quirografária,N,RUMO MALHA PAULISTA S/A,02502844000166,8.1894,0.2463,1159.202433,2033-10-15,2033-05-15,117.02999999999992,5.6077,ok,,,15,5.607686686584896,-0.00023741311240930543,5.183212668325082,35.96543996477949,5.367979499068443,2.637173539496551,-2.5472462700412812,-5.008106260972367,-9.68405822165196,5.363039868148979,2.636563134118515,-2.5466495342065665,-5.003385468501184,-9.647116537354574,11.121533117874263,22.243066235748525,corrigido IPCA,0.9011908253658154,115.29054269552564,5.461350489940497,351.31977612200353,351.31977612200353
2026-10-05,GASC25,RUMO MALHA PAULISTA S/A,RUMO MALHA PAULISTA S/A,Rumo,CVM FRE,IPCA_MAIS,S,Quirografária,N,RUMO MALHA PAULISTA S/A,02502844000166,8.3494,0.1945,930.594448,2039-03-15,2037-05-15,134.20999999999995,8.0808,ok,,,25,8.080814076985893,0.00017420287463365577,7.458106899517573,75.76011110860372,7.852141375712063,3.8256268388898507,-3.636167173867566,-7.0935892832976855,-13.511774528638298,7.836907455060592,3.8237535886445415,-3.634353310873032,-7.0793063439745545,-13.401011576863073,9.619912982099047,19.239825964198094,corrigido IPCA,0.8325139598565818,143.49267876910315,5.589945744390246,384.01976356057605,384.01976356057605
2026-10-05,GASC26,RUMO MALHA PAULISTA S/A,RUMO MALHA PAULISTA S/A,Rumo,CVM FRE,IPCA_MAIS,S,Quirografária,N,RUMO MALHA PAULISTA S/A,02502844000166,8.2832,0.3462,989.868146,2039-06-15,2037-05-15,127.59000000000009,7.9033,ok,,,26,7.903351401174652,0.0006503761043188563,7.298778943709322,74.82789503741427,7.688165605232267,3.744798788708814,-3.5576688168241777,-6.938922096876443,-13.211714554536357,7.672918418896393,3.7429243406514288,-3.555854603057893,-6.92463946852225,-13.10099998667036,9.41337975192598,18.82675950385196,corrigido IPCA,0.8946507864286656,137.41235584499404,5.581882214245093,376.629130317212,376.629130317212
2026-10-05,GASC27,RUMO MALHA PAULISTA S/A,RUMO MALHA PAULISTA S/A,Rumo,CVM FRE,IPCA_MAIS,S,Quirografária,N,RUMO MALHA PAULISTA S/A,02502844000166,8.2575,0.2689,958.108014,2036-08-15,2035-05-15,123.97,7.0175,ok,,,20,7.017464175021626,-0.0005105091325125195,6.482196776224858,56.250135350316214,6.7730777219115135,3.3125979997848276,-3.1719402058491553,-6.21005671631516,-11.910341697076888,6.763447452976439,3.3114110573003246,-3.170785718924533,-6.200946099473277,-11.839390845443392,9.912461305621525,19.82492261124305,corrigido IPCA,0.8703440053397772,128.50904943950698,5.539487663882525,366.85796036586976,366.85796036586976
2026-10-05,GASC28,RUMO MALHA PAULISTA S/A,RUMO MALHA PAULISTA S/A,Rumo,CVM FRE,IPCA_MAIS,S,Quirografária,N,RUMO MALHA PAULISTA S/A,02502844000166,8.4421,0.1125,994.886806,2040-03-15,2037-05-15,143.48000000000002,8.1033,ok,,,27,8.103262924554983,-0.00045753514022775244,7.472432684865916,79.05159696486295,7.884444436721605,3.8370891046807465,-3.639391367153899,-7.092827573005611,-13.48502204390215,7.867690669690232,3.835030838639037,-3.6374018462268793,-7.077174700041601,-13.363833430434575,10.350735362607008,20.701470725214016,corrigido IPCA,0.9368357758468748,154.69034647188414,5.590956897232235,396.71401956878407,396.71401956878407
2026-10-05,GASP19,COMPANHIA DE GAS DE SÃO PAULO - COMGAS,COMPANHIA DE GAS DE SAO PAULO - COMGAS,Compass,CVM FRE,IPCA_MAIS,S,Quirografária,N,COMPANHIA DE GAS DE SAO PAULO - COMGAS,61856571000117,7.1335,0.2169,1233.252572,2031-08-15,2030-08-15,4.61999999999998,3.4677,ok,,,10,3.4677775135117472,0.0022353003935591674,3.2368750330305156,14.598698308564794,3.3112555403721045,1.6368578156267688,-1.6003582361896584,-3.1652231976490253,-6.192335995510745,3.30986852457334,1.636685889400964,-1.6001891436295521,-3.163881541487692,-6.181776099889736,1.049728435083967,2.099456870167934,corrigido IPCA,0.9424911819525772,6.795679525970974,5.299817652390226,221.62249927197902,221.62249927197902
2026-10-05,GASP29,COMPANHIA DE GAS DE SÃO PAULO - COMGAS,COMPANHIA DE GAS DE SAO PAULO - COMGAS,Compass,CVM FRE,IPCA_MAIS,S,Quirografária,N,COMPANHIA DE GAS DE SAO PAULO - COMGAS,61856571000117,7.3654,0.0929,1142.451731,2036-08-15,2035-05-15,34.75999999999999,6.9712,ok,,,20,6.971189060531456,-0.00015692375119734606,6.4929568189858715,55.21349543081276,6.778274687795216,3.316635698468695,-3.1785713403292393,-6.225649488412099,-11.949898265719316,6.769024296139936,3.3154952787814516,-3.1774615402044204,-6.216889341831807,-11.881643729355488,2.93173799598757,5.86347599197514,corrigido IPCA,0.8730982640521879,38.071296425054925,5.537159289629301,260.6355599559878,260.6355599559878
2026-10-05,GSTS14,AGUAS DE TERESINA SANEAMENTO SPE S.A.,AGUAS DE TERESINA SANEAMENTO  SPE  S.A.,Aegea,CVM FRE,IPCA_MAIS,S,Quirografária,N,AGUAS DE TERESINA SANEAMENTO  SPE  S.A.,27157474000106,9.6982,0.2682,1095.859691,2032-05-15,2031-05-15,266.0,3.8538,ok,,,12,3.853810014211743,0.000259852917716517,3.5131023245702697,17.373402950564916,3.6017507143207173,1.778488604940165,-1.7350512292867215,-3.427954762396168,-6.692256135934271,3.5999693393230947,1.778267915973341,-1.734834408596929,-3.426235309817445,-6.678736590129242,37.48833545278322,74.97667090556644,corrigido IPCA,0.9143174952857069,263.40071684688553,5.33256402418012,524.0673182520472,524.0673182520472
2026-10-05,GSTS24,AGUAS DE TERESINA SANEAMENTO SPE S.A.,AGUAS DE TERESINA SANEAMENTO  SPE  S.A.,Aegea,CVM FRE,IPCA_MAIS,S,Quirografária,N,AGUAS DE TERESINA SANEAMENTO  SPE  S.A.,27157474000106,10.1749,0.2503,1014.76155,2037-05-15,2035-05-15,315.70999999999987,6.1386,ok,,,22,6.138613410715224,0.00021846537033932105,5.571698645258787,44.099341127560336,5.799241278189227,2.84184252245967,-2.7315715576022415,-5.357885832072007,-10.313530555720407,5.792195350896589,2.840973499038844,-2.7307251462199433,-5.351201939620986,-10.261410467966368,28.58680717910452,57.17361435820904,corrigido IPCA,0.8466542361383329,318.55414966418164,5.492759472870246,589.9829121300191,589.9829121300191
2026-10-05,HARG11,HOLDING DO ARAGUAIA S.A.,HOLDING DO ARAGUAIA S.A.,EcoRodovias,CVM FRE,IPCA_MAIS,S,Real,N,HOLDING DO ARAGUAIA S.A.,18903785000178,8.3428,0.1275,1104.15963,2036-10-15,2032-08-15,130.5300000000001,4.8579,ok,,,21,4.857975826253994,0.0015608854442030107,4.483893554766901,33.04918598384932,4.6542369130867955,2.2838871306055664,-2.2012481257767447,-4.323488245655904,-8.344569074778907,4.649139484686147,2.2832582598632625,-2.200635294903639,-4.318647624847655,-8.306803389856816,15.075042427894624,30.15008485578925,corrigido IPCA,0.9544447981820178,135.18977116054856,5.411444487261519,373.1405923517138,373.1405923517138
2026-10-05,HBSA11,HIDROVIAS DO BRASIL S.A.,HIDROVIAS DO BRASIL S.A.,Hidrovias do Brasil,CVM FRE,IPCA_MAIS,S,Quirografária,N,HIDROVIAS DO BRASIL S.A.,12648327000153,7.3246,0.3314,1278.682891,2028-10-15,2028-08-15,34.60000000000001,1.8752,ok,,,5,1.8752370128150004,0.0019738062606900033,1.7472573974792365,4.848180495187204,1.7718022820641943,0.8797266997710995,-0.8676058117828789,-1.7233134841456166,-3.39990003612225,1.7714982999551727,0.8796889243586024,-0.8675684731206343,-1.7230164950033007,-3.3975511850547293,10.953107562200692,21.906215124401385,corrigido IPCA,1.004286369762708,38.27579642688185,5.291260647507734,256.28083983590824,256.28083983590824
2026-10-05,HBSA21,HIDROVIAS DO BRASIL S.A.,HIDROVIAS DO BRASIL S.A.,Hidrovias do Brasil,CVM FRE,IPCA_MAIS,S,Quirografária,N,HIDROVIAS DO BRASIL S.A.,12648327000153,7.3983,0.4139,1252.310377,2031-10-15,2030-08-15,31.099999999999994,3.4795,ok,,,11,3.4795198987010374,0.0005718839211834894,3.23982772418282,14.963191732971115,3.3160946835605998,1.6387976826574446,-1.6013866883110905,-3.1664145025642076,-6.191429183466523,3.3146436828476755,1.638617851757624,-1.601209872425196,-3.1650117655179644,-6.180391613706218,5.134519791617936,10.269039583235871,corrigido IPCA,0.9835732248831538,33.26991914249837,5.300807033190713,252.79544290264155,252.79544290264155
2026-10-05,HGLB23,HIGHLINE DO BRASIL II INFRAESTRUTURA DE TELECOMUNICACOES S.A,HIGHLINE DO BRASIL II INFRAESTRUTURA DE TELECOMUNICACOES S.A,Highline Brasil,inferido,IPCA_MAIS,S,Quirografária,N,HIGHLINE DO BRASIL II INFRAESTRUTURA DE TELECOMUNICACOES S.A,27902165000105,11.3515,0.3258,1045.715271,2034-10-15,2031-05-15,431.33,4.089,ok,,,17,4.089039823703539,0.0009739228060256443,3.672191055983564,21.02172617830316,3.779839723814482,1.8626868723607082,-1.8101261099118027,-3.569519254225406,-6.943051834169223,3.7772996868750797,1.8623726857146612,-1.8098183702689028,-3.5670824250920483,-6.923947588401065,58.787338462876576,117.57467692575315,corrigido IPCA,0.9582417544017275,431.7566770169079,5.35218232704997,721.9884095211662,721.9884095211662
2026-10-05,HSBH11,HELEXIA SBH4 S.A.,HELEXIA SBH4 S.A.,Helexia Sbh4,inferido,IPCA_MAIS,S,Real,N,HELEXIA SBH4 S.A.,52609844000138,8.318,0.2059,1068.513193,2043-11-15,2035-05-15,130.01999999999992,6.2793,ok,,,35,6.279317779022455,0.000283137012965528,5.797113849057825,57.69722560576351,6.098071765831992,2.972208935895826,-2.827911608380229,-5.520230424814255,-10.529944288844717,6.085599977086644,2.9706784565361173,-2.8264353925217085,-5.508627721029008,-10.440283186000382,12.19313345797797,24.38626691595594,corrigido IPCA,1.0466713377314438,141.36996566530883,5.500636615326671,379.4079635644873,379.4079635644873
2026-10-05,HVSP11,HELIO VALGAS SOLAR PARTICIPACOES S.A.,HELIO VALGAS SOLAR PARTICIPACOES S.A.,Isolada (a identificar),,IPCA_MAIS,S,Real,N,HELIO VALGAS SOLAR PARTICIPACOES S.A.,32431519000110,8.8384,0.2762,1229.548548,2038-06-15,2032-08-15,180.09000000000003,4.7652,ok,,,24,4.765213399622843,0.0002811974910455381,4.378246464136595,32.054607660050785,4.5435583986888295,2.229812870524439,-2.149659995720732,-4.222750451980839,-8.152641455854582,4.5385195024368485,2.229191491643361,-2.149054972493234,-4.217973425836341,-8.115400775072173,21.206594824397172,42.413189648794344,corrigido IPCA,0.9991551921039318,185.69539761258864,5.404742137227969,432.2516564668889,432.2516564668889
2026-10-05,HZTC14,ORIZON MEIO AMBIENTE S.A.,ORIZON MEIO AMBIENTE S.A.,Isolada (a identificar),,IPCA_MAIS,S,Real,N,ORIZON MEIO AMBIENTE S.A.,03279285000130,7.5674,0.1365,1118.432916,2035-11-15,2031-05-15,52.92000000000003,3.8566,ok,,,19,3.8566256459160058,0.0006649877095357657,3.585310833873465,22.133491306450583,3.698932622589357,1.8206872891638914,-1.7653452639045164,-3.4774648779908657,-6.750024467716953,3.695978290405718,1.8203222810697959,-1.7649885528036695,-3.4746433773412124,-6.7279518416179185,7.846056275034064,15.692112550068128,corrigido IPCA,0.996419557302239,56.26110113212103,5.332801624380279,279.48159184436514,279.48159184436514
2026-10-05,IBPB11,SERRA DE IBIAPABA TRANSMISSORA DE ENERGIA S.A.,SERRA DE IBIAPABA TRANSMISSORA DE ENERGIA S.A.,Isolada (a identificar),,IPCA_MAIS,S,Quirografária,N,SERRA DE IBIAPABA TRANSMISSORA DE ENERGIA S.A.,29554549000100,7.3601,0.0804,1210.385036,2040-11-15,2033-05-15,34.10000000000002,5.8117,ok,,,29,5.811752511810059,0.0009035533502847288,5.413326283982651,48.33835225468891,5.664233366795934,2.7682194583557473,-2.647338069115468,-5.180281224179661,-9.926967996672765,5.655018045256096,2.767086082309687,-2.6462402016729647,-5.1716345227092075,-9.859885522871526,3.859758148836965,7.71951629767393,corrigido IPCA,0.9430994363534396,41.78826047383073,5.473760697050634,262.936864132347,262.936864132347
2026-10-05,IGSN15,IGUA SANEAMENTO S.A,IGUA SANEAMENTO S.A,Iguá,inferido,IPCA_MAIS,S,Real,N,IGUA SANEAMENTO S.A,08159965000133,11.292,0.2317,995.305003,2034-07-15,2030-08-15,420.46999999999997,3.5701,ok,,,16,3.570140890986489,0.0011453737007044817,3.2079043336326865,17.302004045496226,3.2964403409043275,1.6258303236174942,-1.5825702662742525,-3.123339501025224,-6.085024232171044,3.294414353860167,1.6255796718732136,-1.5823246617594728,-3.1213943134052053,-6.069768586355448,66.74744420538724,133.49488841077448,corrigido IPCA,0.8495410943256541,428.23883105073526,5.308478278136719,716.9936352436548,716.9936352436548
2026-10-05,IPIPA5,IPIRANGA PRODUTOS DE PETRÓLEO S/A,IPIRANGA  PRODUTOS DE PETROLEO S.A.,Ipiranga Produtos,inferido,IPCA_MAIS,S,Quirografária,N,IPIRANGA  PRODUTOS DE PETROLEO S.A.,33337122000127,7.0049,0.0783,1076.956382,2035-10-15,2035-05-15,-1.2900000000000134,6.0684,ok,,,19,6.068399135648914,-1.4243475806083895e-05,5.671141354880864,44.072655480253,5.898322836125103,2.891502852154426,-2.781300111040197,-5.457258426213851,-10.511408160925772,5.891504632282129,2.8906614967907482,-2.7804798580901156,-5.450778077479599,-10.460829600156668,-0.03414163235432113,-0.06828326470864227,corrigido IPCA,1.0293421354221128,-0.38724404633545817,5.488763458442691,215.09833492747495,215.09833492747495
2026-10-05,IRJS14,IGUA RIO DE JANEIRO S.A.,IGUA RIO DE JANEIRO S.A.,Iguá,CVM FRE,IPCA_MAIS,S,Real,N,IGUA RIO DE JANEIRO S.A.,42353180000135,11.0718,0.3373,1139.094017,2043-05-15,2035-05-15,405.3999999999999,6.5706,ok,,,34,6.570661285475047,0.0009327226592214062,5.9156881273870106,57.50988916781507,6.2152181414557806,3.0312026862880925,-2.887377764687249,-5.639315309732973,-10.767657086100336,6.203237573226087,3.0297314251532743,-2.8859567022337367,-5.628138681547935,-10.681178471417722,35.1857155271475,70.371431054295,corrigido IPCA,0.8619512945032711,416.2954391951265,5.5164343638340885,703.0832869325934,703.0832869325934
2026-10-05,IRJS15,IGUA RIO DE JANEIRO S.A.,IGUA RIO DE JANEIRO S.A.,Iguá,CVM FRE,IPCA_MAIS,S,Real,N,IGUA RIO DE JANEIRO S.A.,42353180000135,11.0877,0.334,995.836446,2044-02-15,2035-05-15,406.98999999999995,6.6672,ok,,,35,6.667201416486386,2.1245596141759164e-05,6.001745842686803,55.7830574283666,6.291722401158606,3.0719611475938935,-2.932459059485626,-5.733180072838239,-10.96802005289127,6.280661129828637,3.0706017431288597,-2.9311440995579434,-5.72283055554497,-10.887830536806273,34.65609002333544,69.31218004667087,corrigido IPCA,0.7831538334673499,415.99408844266605,5.5215286629878735,703.2587053634102,703.2587053634102
2026-10-05,ISAEA8,ISA ENERGIA BRASIL S.A.,ISA ENERGIA BRASIL S.A.,ISA,CVM FRE,IPCA_MAIS,S,Quirografária,N,ISA ENERGIA BRASIL S.A.,02998611000104,7.0037,0.0554,1107.318573,2033-06-15,2032-08-15,-3.3799999999999386,4.9654,ok,,,14,4.9654524283949835,0.0010558745515698664,4.6404492820294845,29.20427102826809,4.790165269766833,2.357186883391771,-2.2841666373742298,-4.497969380331357,-8.724565603574842,4.786470637170825,2.356729979800077,-2.2837193022294073,-4.494427926888144,-8.696813143493607,-0.5026668185652036,-1.0053336371304071,corrigido IPCA,1.0421527795218197,-4.665199754621888,5.419056800389921,209.7965433805727,209.7965433805727
2026-10-05,ISAEA9,ISA ENERGIA BRASIL S.A.,ISA ENERGIA BRASIL S.A.,ISA,CVM FRE,IPCA_MAIS,S,Quirografária,N,ISA ENERGIA BRASIL S.A.,02998611000104,6.9657,0.1971,1114.414121,2035-06-15,2040-08-15,15.259999999999962,8.6349,ok,,,1,8.634920634920633,0.00023897115927972587,8.072607045922789,72.7139028426068,8.448561224648522,4.128722758116377,-3.94689705547272,-7.720766625405961,-14.782324362598176,8.436176560135824,4.127195901514653,-3.945411144408136,-7.709037531709755,-14.69093603499344,-0.12669539227964663,-0.25339078455929326,corrigido IPCA,1.0616724631489354,-2.045524232805254,5.614365429278001,214.68878351912363,214.68878351912363
2026-10-05,ISAEB0,ISA ENERGIA BRASIL S.A.,ISA ENERGIA BRASIL S.A.,ISA,CVM FRE,IPCA_MAIS,S,Quirografária,N,ISA ENERGIA BRASIL S.A.,02998611000104,7.0667,0.1904,1043.095726,2037-10-15,2037-05-15,5.940000000000012,7.6873,ok,,,23,7.687321601702989,0.0002810050731601222,7.179936994138223,71.46456410720712,7.551288879714835,3.68102499265619,-3.502310170256351,-6.835787961518891,-13.032818307488903,7.537259814674259,3.679299202203121,-3.500637791935103,-6.822614173602188,-12.930582706132304,0.9704398578174878,1.9408797156349755,corrigido IPCA,1.0010664995483853,13.935394071460037,5.571889637515803,231.6333744640061,231.6333744640061
2026-10-05,ISAEB2,ISA ENERGIA BRASIL S.A.,ISA ENERGIA BRASIL S.A.,ISA,CVM FRE,IPCA_MAIS,S,Quirografária,N,ISA ENERGIA BRASIL S.A.,02998611000104,7.045,0.1008,971.594205,2041-03-15,2040-08-15,23.189999999999955,9.4434,ok,,,29,9.443416323684913,0.00017285813279351505,8.821912582264387,108.4851704457251,9.390875731282033,4.5498151118262165,-4.278478976737388,-8.304050644046523,-15.66348080427854,9.364338434493014,4.546562754189351,-4.275349828075037,-8.279486730035762,-15.474121755614274,1.1549249129512713,2.3098498259025426,corrigido IPCA,0.952663841033929,20.37729324227085,5.6482107325545705,238.44461409982426,238.44461409982426
2026-10-05,ISAEB8,ISA ENERGIA BRASIL S.A.,ISA ENERGIA BRASIL S.A.,ISA,CVM FRE,IPCA_MAIS,S,Quirografária,N,ISA ENERGIA BRASIL S.A.,02998611000104,6.991,0.0587,1087.397267,2033-03-15,2032-08-15,-4.649999999999999,4.8877,ok,,,13,4.887709940101692,0.00020336971769900435,4.568337467732512,27.84252772879057,4.710969455485814,2.3193948721826674,-2.249779921556627,-4.432406004952472,-8.605550670921325,4.707550106376464,2.318971893527244,-2.249365574205268,-4.429124829088559,-8.579824380889212,-0.7118820869179914,-1.4237641738359827,corrigido IPCA,1.0234038384865645,-6.504235220550145,5.413566821320304,207.63281537965173,207.63281537965173
2026-10-05,ISAEC0,ISA ENERGIA BRASIL S.A.,ISA ENERGIA BRASIL S.A.,ISA,CVM FRE,IPCA_MAIS,S,Quirografária,N,ISA ENERGIA BRASIL S.A.,02998611000104,6.9861,0.0965,1043.634914,2040-10-15,2040-08-15,17.300000000000004,8.7935,ok,,,29,8.79349793975346,-2.3429198163196087e-05,8.21929011315812,96.08638519401511,8.722032280519532,4.232489908847481,-3.992175034439671,-7.759584304363553,-14.67689499034982,8.699722039128197,4.229753038071579,-3.989537075086541,-7.738858187188044,-14.516852522435938,0.7504240189949427,1.5008480379898854,corrigido IPCA,1.0015839593859714,12.335905440003028,5.621160868347808,229.06290363389988,229.06290363389988
2026-10-05,ISAEC2,ISA ENERGIA BRASIL S.A.,ISA ENERGIA BRASIL S.A.,ISA,CVM FRE,IPCA_MAIS,S,Quirografária,N,ISA ENERGIA BRASIL S.A.,02998611000104,7.0002,0.0982,975.444757,2041-03-15,2040-08-15,18.710000000000004,9.4541,ok,,,29,9.454164377887345,0.000680952045616093,8.835651127649616,108.74251014515204,9.405980438490612,4.55701576407046,-4.285035849891827,-8.31657506299054,-15.686367027498626,9.379363678375375,4.553753701506248,-4.2818974261433675,-8.291938576923856,-15.49645205239619,0.9002943479959818,1.8005886959919637,corrigido IPCA,0.95643936836977,15.909373542174546,5.648647850510091,233.19567132450197,233.19567132450197
2026-10-05,ITPE13,COMPANHIA AGUAS DE ITAPEMA,COMPANHIA AGUAS DE ITAPEMA,Isolada (a identificar),,IPCA_MAIS,S,Real,N,COMPANHIA AGUAS DE ITAPEMA,06220197000150,8.1004,0.1181,1200.543364,2042-06-15,2037-05-15,109.31000000000006,7.5983,ok,,,31,7.59833170410541,0.0004172526145363157,7.028957991002263,73.7034253658894,7.413636672470814,3.608591766707403,-3.424263246997561,-6.675482028213054,-12.700096127384064,7.397475117831711,3.606608277208493,-3.42234971379377,-6.660440864172816,-12.583847474686738,8.546368910326564,17.092737820653127,corrigido IPCA,1.0227183058219416,120.14413609258638,5.567713510632388,355.3778698964054,355.3778698964054
2026-10-05,ITPO14,ITAPOA TERMINAIS PORTUÁRIOS S/A,ITAPOA TERMINAIS PORTUARIOS S.A.,Isolada (a identificar),,IPCA_MAIS,S,Quirografária,N,ITAPOA TERMINAIS PORTUARIOS S.A.,01317277000105,7.0347,0.1073,1484.50564,2036-11-15,2032-08-15,-0.27999999999996916,4.9619,ok,,,21,4.961940742960317,0.0008211161110994185,4.6358244036376215,33.47299396022249,4.808313477111481,2.360385580722424,-2.2766869287369818,-4.473324690277735,-8.640144685133533,4.803189373438734,2.3597534442690886,-2.276070959368533,-4.468459433836509,-8.602188928070793,0.3497073291070087,0.6994146582140174,corrigido IPCA,0.9890553845809785,3.2423635408104086,5.418810643539396,218.10724031773844,218.10724031773844
2026-10-05,ITPO15,ITAPOA TERMINAIS PORTUÁRIOS S/A,ITAPOA TERMINAIS PORTUARIOS S.A.,Isolada (a identificar),,IPCA_MAIS,S,Real,N,ITAPOA TERMINAIS PORTUARIOS S.A.,01317277000105,7.1192,0.1915,1098.899106,2040-05-15,2033-05-15,10.01000000000003,5.717,ok,,,28,5.717029500334067,0.000516010741072642,5.337072625947605,44.67372760870809,5.568478712798974,2.725367714821436,-2.613653777803049,-5.121267165487453,-9.839426438211863,5.560441263991145,2.7243784724846876,-2.6126941534629173,-5.113703987904064,-9.780670699721048,1.4066077312454615,2.813215462490923,corrigido IPCA,1.0439054832734656,15.014335235752837,5.468055893199142,231.78303556617382,231.78303556617382
2026-10-05,IVIAA0,CONC. RODOV. INTERI. PAULISTA S/A,CONCESSIONARIA DE RODOVIAS DO INTERIOR PAULISTA S/A,Arteris,CVM FRE,IPCA_MAIS,S,Quirografária,N,CONCESSIONARIA DE RODOVIAS DO INTERIOR PAULISTA S/A,03207703000183,9.0224,0.3984,1015.717065,2038-05-15,2033-05-15,200.32999999999993,5.5085,ok,,,24,5.508452683539377,-0.0008589717822003097,5.052587985165779,39.748154125896264,5.257945235234196,2.5767945652989788,-2.477401695569059,-4.860103680654138,-9.358927461198052,5.251328755795261,2.5759791852402603,-2.4766087999255193,-4.853847214536298,-9.310212887813634,20.2094996026529,40.4189992053058,corrigido IPCA,0.9174355677020519,204.2205497571533,5.455148764382112,454.5499905189444,454.5499905189444
2026-10-05,JALL11,JALLES MACHADO S.A.,JALLES MACHADO S.A.,Jalles Machado,CVM FRE,IPCA_MAIS,S,Quirografária,N,JALLES MACHADO S.A.,02635522000195,7.7403,0.2843,1226.411139,2028-12-15,2028-08-15,76.17000000000003,2.0451,ok,,,5,2.045083050306013,-0.0008287953638953028,1.8981597882185341,5.52345160416307,1.9261359700137648,0.9560288042365084,-0.9422196447281261,-1.87089296520917,-3.6886212091802206,1.9257770462393495,0.9559842086144709,-0.9421755796040633,-1.8705425301977188,-3.6858505443538068,20.25557084711099,40.51114169422198,corrigido IPCA,0.9761269512012616,76.89662013879543,5.261680288830717,301.7826720127562,301.7826720127562
2026-10-05,JALL13,JALLES MACHADO S.A.,JALLES MACHADO S.A.,Jalles Machado,CVM FRE,IPCA_MAIS,S,Quirografária,N,JALLES MACHADO S.A.,02635522000195,8.2578,0.0863,1130.535849,2032-09-15,2031-05-15,121.95999999999998,3.8361,ok,,,12,3.836138956360294,0.0010155199367600232,3.543521996900264,17.660238297895262,3.6336731228471253,1.7940654206508588,-1.7499106972215572,-3.4570046645211683,-6.747858572008669,3.63182318838974,1.793836296322501,-1.7496857005777628,-3.455220805410788,-6.733839227842623,16.882480861398733,33.764961722797466,corrigido IPCA,0.9417226108633423,119.64688458922825,5.331071655012076,354.8386828694916,354.8386828694916
2026-10-05,JALL14,JALLES MACHADO S.A.,JALLES MACHADO S.A.,Jalles Machado,CVM FRE,IPCA_MAIS,S,Quirografária,S,JALLES MACHADO S.A.,02635522000195,8.256,0.1841,1138.38111,2030-10-15,2030-08-15,116.87000000000003,3.4272,ok,,,9,3.4271949263589416,-0.0001480404137020057,3.1658244590220788,14.072377829943036,3.2374817904035513,1.600663330824581,-1.5654798420690619,-3.096717286399686,-6.060083137540095,3.236186348171794,1.6005027017984685,-1.5653217572236107,-3.095462569872364,-6.050201361445297,18.75595742523686,37.51191485047372,corrigido IPCA,0.9961249404606409,118.75613753838326,5.296409570216198,353.3645892335294,353.3645892335294
2026-10-05,JALL15,JALLES MACHADO S.A.,JALLES MACHADO S.A.,Jalles Machado,CVM FRE,IPCA_MAIS,S,Quirografária,N,JALLES MACHADO S.A.,02635522000195,8.1801,0.3406,1052.923763,2034-05-15,2033-05-15,116.09999999999997,5.2307,ok,,,16,5.230675722504835,-0.0004641347269854218,4.8351551925953435,31.924950312189008,4.999016521890276,2.458007446630983,-2.378183604693207,-4.679583455570402,-9.063543158717735,4.9947799441562895,2.4574837841879082,-2.3776714084074357,-4.6755304410343985,-9.031811378946909,11.780075915254947,23.560151830509895,corrigido IPCA,0.9493565376363235,113.91699046162461,5.437161543110403,349.40278665787554,349.40278665787554
2026-10-05,JALL21,JALLES MACHADO S.A.,JALLES MACHADO S.A.,Jalles Machado,CVM FRE,IPCA_MAIS,S,Quirografária,N,JALLES MACHADO S.A.,02635522000195,7.7105,0.1815,1197.729263,2031-12-15,2030-08-15,62.31999999999998,3.6539,ok,,,11,3.653946322737701,0.001267761506904318,3.3923770874127417,16.087679652633668,3.474409424202185,1.7164956591654512,-1.6762730902644685,-3.31347868601084,-6.47511469082348,3.47281548567591,1.7162981432721631,-1.6760789441405786,-3.311938689149573,-6.46300058177281,9.500222873344502,19.000445746689003,corrigido IPCA,0.953298431673754,64.45667680169666,5.315604214255409,289.7389826959123,289.7389826959123
2026-10-05,JALL24,JALLES MACHADO S.A.,JALLES MACHADO S.A.,Jalles Machado,CVM FRE,IPCA_MAIS,S,Quirografária,S,JALLES MACHADO S.A.,02635522000195,8.3586,0.2583,1123.623777,2033-10-17,2032-08-15,132.10999999999996,4.7628,ok,,,15,4.762802470943544,5.188006097248153e-05,4.395407905734796,26.892487117046194,4.533204537541846,2.2317319534944424,-2.1644922189705484,-4.264143325172709,-8.278033112712247,4.529870341320027,2.231319561763706,-2.1640883439710903,-4.260945470149565,-8.252966069128668,14.868850923196957,29.737701846393914,corrigido IPCA,0.9832117374351381,130.70932979402406,5.4045662905727765,368.84039025430735,368.84039025430735
2026-10-05,JSMLB5,SIMPAR S.A.,SIMPAR S.A.,Simpar,CVM FRE,IPCA_MAIS,N,Quirografária,S,SIMPAR S.A.,07415333000120,12.5853,0.7019,1152.121985,2031-09-15,2030-08-15,549.8000000000001,3.3513,ok,,,10,3.351302392750386,7.13976780898982e-05,2.976678476453308,12.696635107748968,3.041308328134318,1.5043522235948847,-1.4726084008839124,-2.914306201556316,-5.7081744441378035,3.040161651992053,1.5042100321113403,-1.4724684443419678,-2.913195300914563,-5.699424250751637,92.88868251435726,185.7773650287145,corrigido IPCA,0.8716201818633931,552.999483893184,5.290096198875327,,552.999483893184
2026-10-05,JTEE11,JANAUBA TRANSMISSORA DE ENERGIA ELETRICA  S/A,JANAUBA TRANSMISSORA DE ENERGIA ELETRICA S.A.,Isolada (a identificar),,IPCA_MAIS,S,Quirografária,N,JANAUBA TRANSMISSORA DE ENERGIA ELETRICA S.A.,26617923000180,6.9423,0.1295,920.379026,2033-07-15,2030-08-15,-14.499999999999957,3.2303,ok,,,14,3.230319809592872,0.0006132431313452147,3.020619352298269,15.274003901979553,3.0986664620380244,1.5296097901460692,-1.4914208344084523,-2.945863254927117,-5.748430216112177,3.0969893718081667,1.529402181026609,-1.4912171712716602,-2.944249332788371,-5.735758626556947,-1.1344014925225223,-2.2688029850450446,corrigido IPCA,0.9364225026069339,-6.8531902031791425,5.280267284550555,204.6167115275852,204.6167115275852
2026-10-05,JTEE12,JANAUBA TRANSMISSORA DE ENERGIA ELETRICA  S/A,JANAUBA TRANSMISSORA DE ENERGIA ELETRICA S.A.,Isolada (a identificar),,IPCA_MAIS,S,Real,N,JANAUBA TRANSMISSORA DE ENERGIA ELETRICA S.A.,26617923000180,6.9194,0.0831,1372.902695,2044-12-15,2035-05-15,-9.839999999999982,7.0375,ok,,,37,7.037572203646985,0.0010259843266187025,6.582128410416618,72.8123168363253,6.963497802564578,3.3842002094804924,-3.202088074836129,-6.2340717137064905,-11.831344579743142,6.946189994598245,3.3820796012537158,-3.2000488091629022,-6.218066826234992,-11.70801048410673,0.344993221991143,0.689986443982286,corrigido IPCA,0.8786116169966037,4.541579375738139,5.540495445539406,218.40248285246008,218.40248285246008
2026-10-05,KLBNA5,KLABIN S/A,KLABIN S/A,Klabin,CVM FRE,IPCA_MAIS,S,Quirografária,N,KLABIN S/A,89637490000145,6.8033,0.2019,1044.812399,2039-08-15,2037-05-15,-20.399999999999974,8.4358,ok,,,26,8.435758802808888,-0.0004883614015591831,7.8984065125411735,84.36739020361223,8.338033596852124,4.056848455981532,-3.8458576623264795,-7.493201596422461,-14.238273356970865,8.320243463559235,4.054662494025103,-3.843744018516072,-7.476569561523114,-14.109465221010103,-0.6215562866889803,-1.2431125733779607,corrigido IPCA,0.9491405820276334,-9.8186084453903,5.605713207961616,203.656384060918,203.656384060918
2026-10-05,LCAMD1,COMPANHIA DE LOCAÇÃO DAS AMÉRICAS,LOCALIZA RENT A CAR S/A,Localiza,inferido,IPCA_MAIS,N,Quirografária,S,LOCALIZA RENT A CAR S/A,16670085000155,8.749,0.0635,1214.422308,2031-09-15,2030-08-15,166.17000000000007,3.4664,ok,,,10,3.4664628302172322,0.0018125495393514707,3.187581338878732,14.26073761017531,3.260229742256837,1.6117832853039582,-1.5761287149821501,-3.1175787245538045,-6.100189663864097,3.258885026929608,1.611616591452085,-1.5759647474266467,-3.116277650827855,-6.0899479255539575,26.45541824539175,52.9108364907835,corrigido IPCA,0.933471135847536,168.65759502248537,5.299706964849826,,168.65759502248537
2026-10-05,LCAMD3,COMPANHIA DE LOCAÇÃO DAS AMÉRICAS,LOCALIZA RENT A CAR S/A,Localiza,inferido,IPCA_MAIS,N,Quirografária,S,LOCALIZA RENT A CAR S/A,16670085000155,8.7086,0.2062,1208.848776,2029-04-15,2029-05-15,172.86,2.2538,ok,,,6,2.2538235095863905,0.0010431088113641122,2.0732706608183626,6.538875634010197,2.106417204062705,1.0448650884206545,-1.0285171982087116,-2.0410172243027547,-4.019248007870246,2.1059650389884137,1.0448089249516943,-1.0284617358666686,-2.040576282648312,-4.015763808956522,40.99779631816904,81.99559263633807,corrigido IPCA,1.0015557113496272,169.9990565293339,5.243627699040143,,169.9990565293339
2026-10-05,LGEN11,LAGOA 1 ENERGIA RENOVAVEL S.A.,LAGOA 1 ENERGIA RENOVAVEL S.A.,Isolada (a identificar),,IPCA_MAIS,S,Quirografária,S,LAGOA 1 ENERGIA RENOVAVEL S.A.,21540697000163,6.2761,0.1082,643.836423,2029-03-15,2027-05-15,74.87999999999992,1.1364,fluxo divergente da ANBIMA,,,5,1.356875124172216,19.40119008907214,1.276745311666702,3.398527416937125,1.293954217631188,0.642647685481279,-0.6341510463845124,-1.259963811941489,-2.4871893420320035,1.2937379487513878,0.6426208151045225,-0.6341244965621796,-1.2597526745820165,-2.4855200749946618,-15.955849234003528,-31.911698468007057,sem correção,1.0174210401984853,-40.743111406349485,5.529880251912722,163.1957310903024,163.1957310903024
2026-10-05,LIGH1B,LIGHT SERVIÇOS DE ELETRICIDADE S/A,LIGHT SERVICOS DE ELETRICIDADE S/A,Light,inferido,IPCA_MAIS,N,Real,S,LIGHT SERVICOS DE ELETRICIDADE S/A,60444437000146,,,78.04299,2032-11-13,,,,sem taxa indicativa,,,,,,,,,,,,,,,,,,,,,,,,,
2026-10-05,LIGHB4,LIGHT SERVIÇOS DE ELETRICIDADE S/A,LIGHT SERVICOS DE ELETRICIDADE S/A,Light,inferido,IPCA_MAIS,N,Real,S,LIGHT SERVICOS DE ELETRICIDADE S/A,60444437000146,,,76.114635,2032-11-13,,,,sem taxa indicativa,,,,,,,,,,,,,,,,,,,,,,,,,
2026-10-05,LIGHB6,LIGHT SERVIÇOS DE ELETRICIDADE S/A,LIGHT SERVICOS DE ELETRICIDADE S/A,Light,inferido,IPCA_MAIS,N,Real,S,LIGHT SERVICOS DE ELETRICIDADE S/A,60444437000146,,,79.364937,2032-11-13,,,,sem taxa indicativa,,,,,,,,,,,,,,,,,,,,,,,,,
2026-10-05,LIGHB7,LIGHT SERVIÇOS DE ELETRICIDADE S/A,LIGHT SERVICOS DE ELETRICIDADE S/A,Light,inferido,IPCA_MAIS,N,Real,S,LIGHT SERVICOS DE ELETRICIDADE S/A,60444437000146,,,75.912036,2032-11-13,,,,sem taxa indicativa,,,,,,,,,,,,,,,,,,,,,,,,,
2026-10-05,LIGHC3,LIGHT SERVIÇOS DE ELETRICIDADE S/A,LIGHT SERVICOS DE ELETRICIDADE S/A,Light,inferido,IPCA_MAIS,N,Real,S,LIGHT SERVICOS DE ELETRICIDADE S/A,60444437000146,,,76.405629,2032-11-13,,,,sem taxa indicativa,,,,,,,,,,,,,,,,,,,,,,,,,
2026-10-05,LIGHD3,LIGHT SERVIÇOS DE ELETRICIDADE S/A,LIGHT SERVICOS DE ELETRICIDADE S/A,Light,inferido,IPCA_MAIS,N,Real,S,LIGHT SERVICOS DE ELETRICIDADE S/A,60444437000146,,,,2037-11-13,,,,sem taxa indicativa,,,,,,,,,,,,,,,,,,,,,,,,,
2026-10-05,LORTA7,LOCALIZA RENT A CAR,LOCALIZA RENT A CAR S/A,Localiza,inferido,IPCA_MAIS,N,Quirografária,S,LOCALIZA RENT A CAR S/A,16670085000155,8.7422,0.1096,1219.617277,2031-03-15,2030-08-15,165.49000000000004,3.5273,ok,,,9,3.5273042871055575,0.00012154071266026216,3.243730848838406,14.340292440454201,3.3167527939430785,1.6399545182856246,-1.6041011832796048,-3.1733081869030455,-6.2107266746212915,3.315432311040677,1.6397907899697708,-1.6039400588686352,-3.172029386636135,-6.200655848867728,25.778008401353343,51.55601680270669,corrigido IPCA,0.9000905065377612,167.2338421461709,5.304845364325517,,167.2338421461709
2026-10-05,LTTE15,LINHAS DE TAUBATE TRANS.DE ENERGIA S/A,LINHAS DE TAUBATE TRANSMISSORA DE ENERGIA S.A.,Isolada (a identificar),,IPCA_MAIS,S,Real,N,LINHAS DE TAUBATE TRANSMISSORA DE ENERGIA S.A.,14395590000103,7.0795,0.3859,1158.822064,2038-10-15,2032-08-15,4.20000000000007,4.7699,ok,,,13,4.76988551677155,-0.0003036379892541901,4.454527259439529,35.32496096518038,4.637162888541724,2.2721602781881955,-2.1838269055594384,-4.283577502982395,-8.246711353554781,4.631152064265431,2.27141983092624,-2.183107428513289,-4.277902454613628,-8.202555299575451,1.174576116401063,2.349152232802126,corrigido IPCA,0.957063274736809,10.464362657590307,5.405082670042272,225.76333317812205,225.76333317812205
2026-10-05,MGPRA0,CONCESSÃO METROVIÁRIA DO R. JANEIRO S/A,CONCESSAO METROVIARIA DO RIO DE JANEIRO S/A,Isolada (a identificar),,IPCA_MAIS,S,Real,S,CONCESSAO METROVIARIA DO RIO DE JANEIRO S/A,10324624000118,8.6099,0.2138,1070.381227,2042-03-15,2037-05-15,160.26,7.5921,ok,,,31,7.592169861379791,0.0009201851897430386,6.990311068677709,74.31853619982991,7.378506067433377,3.59009057221944,-3.4042210647599713,-6.634148865755407,-12.613434285564896,7.36190374967686,3.5880537045886425,-3.4022573640890674,-6.61871838767856,-12.494251413358821,12.296015458408947,24.592030916817894,corrigido IPCA,0.9540870533363185,171.90594591909658,5.567423002090388,416.0254261426471,416.0254261426471
2026-10-05,MGSP12,EDP TRANSMISSAO SP-MG S.A.,TRANSMISSAO SP-MG S/A,EDP,escritura,IPCA_MAIS,S,Quirografária,N,TRANSMISSAO SP-MG S/A,27821748000101,7.1685,0.2757,1180.500058,2039-07-15,2033-05-15,14.939999999999998,5.4016,ok,,,26,5.401599512553481,-9.02411358842821e-06,5.040286569797543,41.47914056144449,5.254983741294761,2.572891239510211,-2.4691671612791954,-4.8397723788114355,-9.304489488751544,5.247682272604766,2.5719922106005773,-2.468294359196966,-4.83289086699032,-9.250990328366196,2.0454295975390724,4.090859195078145,corrigido IPCA,0.8752072293528598,20.61910265988516,5.448341838084203,238.18512262949753,238.18512262949753
2026-10-05,MOTVB9,MOTIVA INFRAESTRUTURA DE MOBILIDADE S.A.,MOTIVA INFRAESTRUTURA DE MOBILIDADE S.A.,Motiva (ex-CCR),CVM FRE,IPCA_MAIS,S,Quirografária,S,MOTIVA INFRAESTRUTURA DE MOBILIDADE S.A.,02846056000197,7.2594,0.1132,1030.857192,2037-10-15,2037-05-15,25.210000000000043,7.1673,ok,,,23,7.16730249735159,3.484368716830108e-05,6.68221386410104,61.73244921553383,7.002169233281563,3.4196630667100214,-3.265291440110829,-6.384196197829861,-12.212532815633104,6.990876110178709,3.418272493569938,-3.2639413705311022,-6.373551618023371,-12.129778743891404,2.283960403577364,4.567920807154728,corrigido IPCA,0.9893984447432446,30.523823747684933,5.546941124636007,251.28561128364694,251.28561128364694
2026-10-05,MOVI18,MOVIDA PARTICIPACOES S/A,MOVIDA PARTICIPACOES S/A,Simpar,CVM FRE,IPCA_MAIS,N,Quirografária,S,MOVIDA PARTICIPACOES S/A,21314559000166,12.1047,0.3301,1118.206061,2029-06-15,2029-05-15,512.4699999999999,2.3833,ok,,,6,2.383277778280066,-0.0009323928978466338,2.125939214216769,6.772012195810026,2.1602688987066854,1.0714929553253594,-1.054562198354303,-2.0925371486070876,-4.120057242484232,2.159799275195819,1.071434622353147,-1.0545045918636218,-2.092079153237719,-4.116438184517338,119.7102869975594,239.4205739951188,corrigido IPCA,0.938228836610085,508.9935869465106,5.239731290364058,,508.9935869465106
2026-10-05,MOVI37,MOVIDA PARTICIPACOES S/A,MOVIDA PARTICIPACOES S/A,Simpar,CVM FRE,IPCA_MAIS,N,Quirografária,S,MOVIDA PARTICIPACOES S/A,21314559000166,12.9338,0.3222,1111.453938,2031-09-15,2030-08-15,584.65,3.3612,ok,,,10,3.3612013656242685,4.062906903292402e-05,2.976258096003383,12.66613567470238,3.0407295194570416,1.504103176936522,-1.4724356207051925,-2.914032673928346,-5.707899598020227,3.039588774376895,1.5039617175950695,-1.4722963784083136,-2.9129274176298714,-5.6991934785127185,98.74390773164355,197.4878154632871,corrigido IPCA,0.852917646091303,587.7747096346303,5.290914395744628,,587.7747096346303
2026-10-05,MRSAA1,MRS LOGÍSTICA S/A,MRS LOGISTICA S/A,MRS,CVM FRE,IPCA_MAIS,S,Quirografária,N,MRS LOGISTICA S/A,01417222000177,7.1584,0.0894,1093.634512,2033-09-15,2033-05-15,13.930000000000042,5.6771,ok,,,14,5.677135265940261,0.0006211963900668849,5.297891034151555,36.671535795855306,5.486281772342938,2.6954068834350364,-2.603714108776911,-5.119343323077496,-9.899990485711719,5.481248713130832,2.694784936820597,-2.6031060973309588,-5.114533355172279,-9.862351352386005,1.130872576777334,2.261745153554668,corrigido IPCA,0.9554420938325665,11.982479370553008,5.46562459485711,229.87917480281345,229.87917480281345
2026-10-05,MRSAA2,MRS LOGÍSTICA S/A,MRS LOGISTICA S/A,MRS,CVM FRE,IPCA_MAIS,S,Quirografária,N,MRS LOGISTICA S/A,01417222000177,7.2415,0.0995,1056.428695,2034-09-15,2035-05-15,22.37,6.2578,ok,,,16,6.2578536650840695,0.0008575710963900769,5.835291062773339,44.81250807050599,6.066152161792471,2.9745003538222514,-2.862448518420424,-5.6176978354346545,-10.824852320989187,6.059353603125869,2.9736611664748023,-2.861629896298537,-5.611228522420809,-10.77433196413656,1.9571504411829415,3.914300882365883,corrigido IPCA,0.9621651632446072,22.84108495587543,5.499445911928991,242.71096587467477,242.71096587467477
2026-10-05,MRSAA3,MRS LOGÍSTICA S/A,MRS LOGISTICA S/A,MRS,CVM FRE,IPCA_MAIS,S,Quirografária,N,MRS LOGISTICA S/A,01417222000177,7.0464,0.1718,1075.853662,2032-07-15,2032-08-15,0.8900000000000574,4.7394,fluxo divergente da ANBIMA,,,12,4.439536319460228,-6.327038877068223,4.147300908260556,24.546835739661987,4.272963620393555,2.1046963707282096,-2.043322093321731,-4.0273801939792575,-7.8257364972633585,4.270035086958866,2.1043339988048553,-2.0429669094557004,-4.024566729562246,-7.803665101727872,-0.01641229934545631,-0.03282459869091262,corrigido IPCA,1.0996375573212347,-0.13613348796411018,5.380225063232613,214.58997231948376,214.58997231948376
2026-10-05,MRSAA4,MRS LOGÍSTICA S/A,MRS LOGISTICA S/A,MRS,CVM FRE,IPCA_MAIS,S,Quirografária,N,MRS LOGISTICA S/A,01417222000177,7.2531,0.0997,967.828333,2041-02-15,2040-08-15,43.99999999999995,8.911,ok,,,29,8.910962611572621,-0.00041957611242402024,8.308349699516958,96.06460891662282,8.810761041083538,4.27696566065654,-4.036706953701885,-7.84855849717,-14.853992765692892,8.788672744100072,4.274255610904257,-4.034094088612701,-7.8280266549338435,-14.695407220701458,2.32977407008814,4.65954814017628,corrigido IPCA,0.9434727122344388,38.7131553903184,5.626143131948114,260.2368534533313,260.2368534533313
2026-10-05,MRSAB1,MRS LOGÍSTICA S/A,MRS LOGISTICA S/A,MRS,CVM FRE,IPCA_MAIS,S,Quirografária,N,MRS LOGISTICA S/A,01417222000177,7.2671,0.1339,1087.739761,2035-09-15,2035-05-15,24.929999999999986,6.2663,ok,,,18,6.266338382116237,0.0006125164169671554,5.8418083290368035,45.145477064410116,6.074469095523494,2.9781916617266146,-2.8653066650276005,-5.622673242498555,-10.832168576638256,6.067535714358854,2.977336010848915,-2.864472318187889,-5.616080943714754,-10.780707116785406,2.1945942944080192,4.3891885888160385,corrigido IPCA,0.9502922202992693,25.640798455858828,5.4999170556455645,245.9304087336154,245.9304087336154
2026-10-05,MRSAB2,MRS LOGÍSTICA S/A,MRS LOGISTICA S/A,MRS,CVM FRE,IPCA_MAIS,S,Quirografária,N,MRS LOGISTICA S/A,01417222000177,7.2678,0.1347,1052.491301,2036-09-15,2035-05-15,25.0,6.8104,ok,,,20,6.81038657408843,-0.00019713837027435745,6.348957072008963,53.706206527873896,6.626492487149349,3.242721338820753,-3.1084259327834096,-6.088951857659652,-11.690213929446259,6.6174881046483325,3.2416112941643234,-3.1073457778446385,-6.080426039369593,-11.623790013460447,2.2352633158574426,4.470526631714885,corrigido IPCA,0.9585791042311373,28.38318167403063,5.528965829694665,249.09154018748012,249.09154018748012
2026-10-05,MRSAB3,MRS LOGÍSTICA S/A,MRS LOGISTICA S/A,MRS,CVM FRE,IPCA_MAIS,S,Quirografária,N,MRS LOGISTICA S/A,01417222000177,7.2782,0.1055,1028.308976,2040-07-15,2040-08-15,46.50999999999996,8.509,fluxo divergente da ANBIMA,,,28,7.964739411157286,-6.396293205343924,7.424378309066787,82.29810386545466,7.8540558337727,3.8172946717114575,-3.6114721167087693,-7.029836929491595,-13.33386487736281,7.8358688283940605,3.815061784365212,-3.6093165247015753,-7.012887789739514,-13.202794540824481,2.7095904470882872,5.4191808941765744,corrigido IPCA,1.0498569854188284,40.23404908363372,5.584685874706796,261.7683456139127,261.7683456139127
2026-10-05,MRSAC1,MRS LOGÍSTICA S/A,MRS LOGISTICA S/A,MRS,CVM FRE,IPCA_MAIS,S,Quirografária,N,MRS LOGISTICA S/A,01417222000177,7.2859,0.1262,1079.573571,2038-09-15,2037-05-15,27.859999999999996,7.8681,ok,,,24,7.868067643077387,-0.0004112418832154487,7.33373877003165,72.65860547690991,7.711276198216077,3.7594448732706676,-3.5777440435107777,-6.983820388484208,-13.318095539279673,7.6970317974162,3.7576926418619627,-3.5760461281696876,-6.970445742647101,-13.214305430525103,2.436756343645402,4.873512687290804,corrigido IPCA,0.9431579198225386,35.7410689410257,5.580263737155033,257.4107977060599,257.4107977060599
2026-10-05,MRSAC2,MRS LOGÍSTICA S/A,MRS LOGISTICA S/A,MRS,CVM FRE,IPCA_MAIS,S,Quirografária,N,MRS LOGISTICA S/A,01417222000177,7.2845,0.119,1042.754768,2039-09-15,2037-05-15,27.720000000000056,8.3084,ok,,,26,8.308379339854724,-0.00024866575124394804,7.744249486043859,81.98185307011161,8.17136815766406,3.9767167588457664,-3.771692343621902,-7.350432136426854,-13.973497417634073,8.154158751394418,3.9746020593595692,-3.76964742668429,-7.334340220693301,-13.848861910685487,2.4681914790431208,4.9363829580862415,corrigido IPCA,0.9497113675223614,38.22858118607504,5.600107624270012,260.07291325139687,260.07291325139687
2026-10-05,MSGT12,MATA DE SANTA GENEBRA TRANSMISSÃO S/A,MATA DE SANTA GENEBRA TRANSMISSAO S/A,Mata de Santa Genebra (Copel + Furnas),escritura,IPCA_MAIS,S,Real,N,MATA DE SANTA GENEBRA TRANSMISSAO S/A,19699063000106,7.0701,0.2703,845.233283,2030-11-15,2028-08-15,9.149999999999991,1.8486,ok,,,9,1.8486082201757743,0.00044467033291611176,1.7265401080000622,5.732868897470073,1.755643348389535,0.8704906132223522,-0.856157678993752,-1.698302463772161,-3.3417895626272953,1.7552044524874126,0.8704361401218688,-0.8561039678781937,-1.6978757635127122,-3.338422838050723,5.349315668154639,10.698631336309278,corrigido IPCA,0.981912578413881,18.471616102844273,5.2974512298581855,232.63456560202448,232.63456560202448
2026-10-05,MSGT13,MATA DE SANTA GENEBRA TRANSMISSÃO S/A,MATA DE SANTA GENEBRA TRANSMISSAO S/A,Mata de Santa Genebra (Copel + Furnas),escritura,IPCA_MAIS,N,Quirografária,S,MATA DE SANTA GENEBRA TRANSMISSAO S/A,19699063000106,7.9306,0.0417,992.921008,2031-11-15,2029-05-15,95.05999999999997,2.6963,ok,,,11,2.6963833556358754,0.0030914822488399126,2.498256616414506,10.628005114590264,2.55238338714161,1.2625356362642837,-1.2359636282940345,-2.4460713962452862,-4.791469474071275,2.5513966419874574,1.262413314600491,-1.2358433018140154,-2.4451165908415553,-4.783953130537207,18.562612104398905,37.12522420879781,corrigido IPCA,1.0049098017740865,92.74833701550112,5.245353752510229,,92.74833701550112
2026-10-05,MSGT23,MATA DE SANTA GENEBRA TRANSMISSÃO S/A,MATA DE SANTA GENEBRA TRANSMISSAO S/A,Mata de Santa Genebra (Copel + Furnas),escritura,IPCA_MAIS,S,Quirografária,N,MATA DE SANTA GENEBRA TRANSMISSAO S/A,19699063000106,7.1681,0.2332,1123.297226,2037-11-15,2035-05-15,15.029999999999966,6.2932,ok,,,23,6.2932417783842585,0.0006638655097372366,5.872308810536213,49.2058715760957,6.1266999874774575,2.9986921728218485,-2.8756489990303558,-5.634185027585936,-10.822049681694546,6.118338168416691,2.997661744738226,-2.874647065797987,-5.6262794526557345,-10.760500189550513,1.588630615013098,3.177261230026196,corrigido IPCA,0.9590335046361048,18.657859114457956,5.5014069819645295,237.08538422946296,237.08538422946296
2026-10-05,MSGT33,MATA DE SANTA GENEBRA TRANSMISSÃO S/A,MATA DE SANTA GENEBRA TRANSMISSAO S/A,Mata de Santa Genebra (Copel + Furnas),escritura,IPCA_MAIS,S,Quirografária,N,MATA DE SANTA GENEBRA TRANSMISSAO S/A,19699063000106,7.452,0.2183,1057.568324,2041-11-15,2037-05-15,44.47000000000001,8.2135,ok,,,31,8.213506491163825,7.903042338975463e-05,7.643884237765538,86.56613750643476,8.096498714750687,3.932576995176351,-3.716074441070205,-7.229440612640314,-13.698457924506535,8.076714925297711,3.9301497907658125,-3.7137344469997258,-7.211053550233365,-13.556445725402384,3.7966345108159234,7.593269021631847,corrigido IPCA,0.9310376994585589,58.04206938756502,5.595894610726249,282.520038472431,282.520038472431
2026-10-05,NEOE16,NEOENERGIA S/A,NEOENERGIA S/A,Neoenergia,CVM FRE,IPCA_MAIS,S,Quirografária,N,NEOENERGIA S/A,01083200000118,7.327,0.1777,1416.905395,2029-06-15,2028-08-15,34.83999999999998,1.6046,ok,,,3,1.6046276626910005,0.001723961797364978,1.4950829359723095,4.197086379568294,1.516344740611042,0.752822158603661,-0.7423290225659462,-1.4743671526130875,-2.9083553653875716,1.5160683678701512,0.7527878259606152,-0.7422951100116943,-1.474097504074468,-2.9062241443532533,17.92639927831076,35.85279855662152,corrigido IPCA,0.9634313100526175,53.60290732885749,5.3799941913874605,273.5783709086887,273.5783709086887
2026-10-05,NEOE26,NEOENERGIA S/A,NEOENERGIA S/A,Neoenergia,CVM FRE,IPCA_MAIS,S,Quirografária,N,NEOENERGIA S/A,01083200000118,7.3755,0.1148,859.210958,2033-06-15,2030-08-15,28.81999999999998,3.2429,ok,,,7,3.242864090570622,-0.0011073245976759617,3.0201154738004683,15.261288328361529,3.098110462001058,1.5293433539431245,-1.4911861210404664,-2.945433352308735,-5.747756071706456,3.096421915442276,1.529134347310686,-1.4909811264897823,-2.9438090321586605,-5.735005181033706,6.163193957268351,12.326387914536703,corrigido IPCA,0.9180666023800035,37.22711487675938,5.281269309015757,256.4019722627565,256.4019722627565
2026-10-05,NMCH11,NEOENERGIA MORRO DO CHAPEU TRANSMISSAO E ENERGIA S.A.,NEOENERGIA MORRO DO CHAPEU TRANSMISSAO E ENERGIA S.A.,Neoenergia,inferido,IPCA_MAIS,S,Quirografária,N,NEOENERGIA MORRO DO CHAPEU TRANSMISSAO E ENERGIA S.A.,28438834000100,7.4403,0.1207,1180.456615,2038-12-15,2032-08-15,40.28,4.6997,ok,,,25,4.680194120792234,-0.41504519879494034,4.356088098034196,32.999912701413535,4.526523061625642,2.219963743007436,-2.1374454455959646,-4.196227465973845,-8.09218906808341,4.521087661541263,2.219293939893865,-2.1367941581403307,-4.191088534527128,-8.052177942040121,5.396276965133978,10.792553930267957,corrigido IPCA,0.9811970378640292,47.01331572303243,5.398490231923825,268.76643224434315,268.76643224434315
2026-10-05,NNAE12,SPE NOVO NORTE AEROPORTOS S.A.,SPE NOVO NORTE AEROPORTOS S.A.,Isolada (a identificar),,IPCA_MAIS,S,Real,N,SPE NOVO NORTE AEROPORTOS S.A.,48710127000120,7.8969,0.1301,1385.363969,2040-12-15,2033-05-15,87.77999999999997,5.6677,ok,,,29,5.667688442236661,-0.00020392334349517532,5.252874218106971,44.35815230180266,5.482748497943657,2.682879492944412,-2.571953922900616,-5.038683546260669,-9.677604750476876,5.474664979615984,2.681884799430739,-2.5709894186762323,-5.031083456597958,-9.61858539017789,8.92748345824396,17.85496691648792,corrigido IPCA,1.1168885902154213,93.78989538077232,5.465046335854407,324.2496544316688,324.2496544316688
2026-10-05,NTEN11,NORTE ENERGIA S/A,NORTE ENERGIA S/A,Axia (ex-Eletrobras),CVM FRE,IPCA_MAIS,S,Real,N,NORTE ENERGIA S/A,12300288000107,12.3022,0.1531,984.385812,2030-05-15,2028-08-15,532.3599999999999,1.7049,ok,,,8,1.7048956068404322,-0.00025767843087018996,1.5181319750106697,4.6691905760902355,1.541807699469655,0.7649434277131162,-0.7532699225940798,-1.4951073313151375,-2.945417982295251,1.541477927891121,0.7649024757254477,-0.7532294992852221,-1.4947860221302185,-2.942880138499535,178.93616802954992,357.87233605909984,corrigido IPCA,0.9490090627626059,543.2974363430833,5.3398279029141404,850.7354346579207,850.7354346579207
2026-10-05,NTSD19,NOVA TRANSPORTE DO SUDESTE S.A. - NTS,NOVA TRANSPORTADORA DO SUDESTE S.A.  NTS,Nova Transportadora,CVM FRE,IPCA_MAIS,S,Quirografária,N,NOVA TRANSPORTADORA DO SUDESTE S.A.  NTS,04992714000184,6.9163,0.0791,1045.720903,2040-07-16,2040-08-15,10.31999999999993,8.6073,ok,,,28,8.60732705003189,0.0003142684917346369,8.050528357258798,90.1076609046276,8.521098636510338,4.140357942173467,-3.9150032623267994,-7.61865231634975,-14.443199041758358,8.501066661781936,4.137898754760184,-3.912629602498615,-7.599990052735661,-14.298903496425044,0.22242412342750015,0.4448482468550003,corrigido IPCA,0.9994327472509635,3.5812634259830416,5.61317462233657,219.05260445370286,219.05260445370286
2026-10-05,NTSDA1,NOVA TRANSPORTE DO SUDESTE S.A. - NTS,NOVA TRANSPORTADORA DO SUDESTE S.A.  NTS,Nova Transportadora,CVM FRE,IPCA_MAIS,S,Quirografária,N,NOVA TRANSPORTADORA DO SUDESTE S.A.  NTS,04992714000184,6.8841,0.1414,981.342672,2041-03-15,2040-08-15,7.099999999999973,9.1042,ok,,,29,9.104274219788833,0.0008152258170092127,8.517893886732296,99.75794585509827,9.039869352508735,4.386488570438796,-4.136990778632354,-8.04064145176222,-15.206927783200385,9.016683616007787,4.383644375685021,-4.134249511047275,-8.019104157456805,-15.040628856362625,0.12379744473231166,0.24759488946462332,corrigido IPCA,0.9559058363739654,2.1089869953568736,5.634250661914297,217.24774831799903,217.24774831799903
2026-10-05,ODYA11,ODOYA TRANSMISSORA DE ENERGIA S.A..,ARGO V TRANSMISSAO DE ENERGIA S.A.,Argo,CVM FRE,IPCA_MAIS,S,Real,S,ARGO V TRANSMISSAO DE ENERGIA S.A.,20514590000188,7.1778,0.3232,721.353418,2031-09-15,2029-05-15,19.779999999999998,2.4204,ok,,,10,2.420404523232789,0.00018687955665224143,2.258307712262044,9.07982053983092,2.3045233485595507,1.140604870494899,-1.1179037012663318,-2.213699243919909,-4.341245015263517,2.303706814961198,1.1405036318058106,-1.1178040804562333,-2.212908609562889,-4.33501901372747,4.930655932626283,9.861311865252565,corrigido IPCA,0.9950324607805322,22.26987663832107,5.239413142095795,237.42579259033772,237.42579259033772
2026-10-05,OMGE12,OMEGA GERAÇÃO S/A,SERENA GERACAO S.A.,Serena,CVM FRE,IPCA_MAIS,S,Quirografária,N,SERENA GERACAO S.A.,09149503000106,8.1914,0.1593,1341.471085,2028-09-15,2028-08-15,121.27999999999997,1.8719,ok,,,4,1.8719210758913611,0.0011259090422161497,1.7301939672574356,4.654135674727608,1.7537488554348668,0.870949976319535,-0.8593142377083085,-1.7072011057677083,-3.369503004072083,1.7534646456310736,0.8709146532221274,-0.8592793140353083,-1.7069232888837975,-3.367305221020319,36.44628593905577,72.89257187811154,corrigido IPCA,0.9370330396014421,126.11828812138758,5.292006048039322,359.41600771959196,359.41600771959196
2026-10-05,OMGE22,OMEGA GERAÇÃO S/A,SERENA GERACAO S.A.,Serena,CVM FRE,IPCA_MAIS,S,Quirografária,N,SERENA GERACAO S.A.,09149503000106,8.2007,0.3028,1340.236155,2028-09-15,2028-08-15,122.20999999999992,1.8935,ok,,,2,1.8935298805349479,0.0015780583547875065,1.7500162942891755,4.715069375347922,1.773879796051192,0.8809377971682908,-0.8691497185811858,-1.726722617508747,-3.407959453938769,1.773591641165915,0.8809019838637726,-0.8691143104254028,-1.7264409474124358,-3.4057312010713923,36.14024101122348,72.28048202244696,corrigido IPCA,0.9361704249818978,126.492021298358,5.287275229586186,359.8600092663233,359.8600092663233
2026-10-05,OMGE41,OMEGA GERAÇÃO S/A,SERENA GERACAO S.A.,Serena,CVM FRE,IPCA_MAIS,S,Quirografária,N,SERENA GERACAO S.A.,09149503000106,6.8991,0.2704,1485.183267,2027-05-15,2027-05-15,137.17999999999995,0.5872,ok,,,2,0.5872494486368401,0.008421089380124003,0.5493492916561881,0.8206617911648532,0.5534861193207785,0.2757046452012135,-0.27365295575535464,-0.545278942003713,-1.0825468412737793,0.5534526006120124,0.2757004730670501,-0.273648818589138,-0.5452459827003638,-1.0822853474890792,120.11318106526734,240.22636213053468,corrigido IPCA,1.0086776114725349,131.96818187355214,6.963589759075028,368.6140922732875,368.6140922732875
2026-10-05,OMNG12,OMEGA ENERGIA E IMPLANTACAO 2 S.A.,DELTA 3 ENERGIA S.A,Isolada (a identificar),,IPCA_MAIS,S,Real,S,DELTA 3 ENERGIA S.A,14797436000168,7.9304,0.1972,665.8577,2029-12-15,2028-08-15,95.17999999999995,1.5423,ok,,,7,1.5423295798695642,0.0019179063453413877,1.4290038579209974,4.201844733940591,1.450301467199977,0.7197900515907074,-0.7092849856253247,-1.408275749656629,-2.7761916987161683,1.4500130815907004,0.7197542348779244,-0.709249623043073,-1.4079946342512946,-2.773970821163183,39.36931861209863,78.73863722419726,corrigido IPCA,1.0097764019190059,112.51781636081974,5.4102282374279165,343.7771572574322,343.7771572574322
2026-10-05,ONZE21,BLOCO DE ONZE AEROPORTOS DO BRASIL S.A,BLOCO DE ONZE AEROPORTOS DO BRASIL S.A,Isolada (a identificar),,IPCA_MAIS,S,Real,N,BLOCO DE ONZE AEROPORTOS DO BRASIL S.A,48725405000113,7.8921,0.1663,1137.637896,2048-06-15,2037-05-15,88.48000000000002,8.1412,ok,,,44,8.141175244391052,-0.00030407813280176747,7.54566390346564,93.10491475444158,8.036052439372598,3.892251988524409,-3.659359405121765,-7.102915815697108,-13.403995091303178,8.011188477237848,3.8892130951758723,-3.6564508082897684,-7.0801393296934325,-13.22922951184245,6.9835194466523545,13.967038893304709,corrigido IPCA,1.0930424201619489,105.39058121551003,5.5926601590475356,336.5867593735586,336.5867593735586
2026-10-05,ORIG11,ORIGEM ENERGIA S.A,ORIGEM ENERGIA S.A.,Isolada (a identificar),,IPCA_MAIS,S,Real,N,ORIGEM ENERGIA S.A.,32021201000161,10.4586,0.3435,1062.545535,2035-12-15,2032-08-15,342.11000000000007,4.8344,ok,,,19,4.834450121879338,0.0010367755944585676,4.376707763704535,28.75665858460501,4.5244523471908105,2.2247890310266083,-2.1528860840869912,-4.236704843240746,-8.207845474767684,4.520491056627559,2.2242997050830238,-2.152408058621511,-4.23292447078151,-8.178282355716968,39.28557390715655,78.5711478143131,corrigido IPCA,0.9353117356679358,343.88295264208074,5.409756364941853,619.118792677486,619.118792677486
2026-10-05,ORIG12,ORIGEM ENERGIA S.A,ORIGEM ENERGIA S.A.,Isolada (a identificar),,IPCA_MAIS,S,Real,N,ORIGEM ENERGIA S.A.,32021201000161,9.9127,0.3909,1083.781901,2035-12-15,2032-08-15,287.52,4.7395,ok,,,19,4.739549962588892,0.0010541742566258546,4.3121040267311175,28.27128584555643,4.457358669048506,2.1918726415540934,-2.1211832814261977,-4.174467375537228,-8.087870161540767,4.453460455958899,2.1913911206725043,-2.120712906058613,-4.170747597503335,-8.058782336551106,33.56036376392338,67.12072752784675,corrigido IPCA,1.0359259103314304,289.43155944995016,5.402866003744267,554.9470567776217,554.9470567776217
2026-10-05,ORVR16,HAZTEC INVESTIMENTOS E PARTICIPAÇÕES S/A,ORIZON VALORIZACAO DE RESIDUOS S.A.,Isolada (a identificar),,IPCA_MAIS,S,Quirografária,S,ORIZON VALORIZACAO DE RESIDUOS S.A.,11421994000136,7.8193,0.0745,1070.188802,2039-12-15,2035-05-15,80.14999999999999,6.4469,ok,,,27,6.446887754654339,-0.0001899416100920077,5.979344843320574,51.98887770250669,6.248641910024655,3.055809930251674,-2.9258037998818875,-5.728209727759648,-10.987377982315326,6.239289231833107,3.05465851878842,-2.924686324532153,-5.71940045480804,-10.918912132591013,7.143349890379464,14.286699780758928,corrigido IPCA,1.0308939431335118,85.42510466215008,5.50980338249889,315.2968922285485,315.2968922285485
2026-10-05,PALF38,COMPANHIA PAULISTA DE FORÇA E LUZ,COMPANHIA PAULISTA DE FORCA E LUZ,State Grid,CVM FRE,IPCA_MAIS,S,Quirografária,S,COMPANHIA PAULISTA DE FORCA E LUZ,33050196000188,5.9819,0.4104,522.513686,2027-09-15,2027-05-15,45.46000000000001,0.9244,ok,,,2,0.9244838668673561,0.009072573275212447,0.8723035413286193,1.5892906309499155,0.8803239702884769,0.4381475878368013,-0.43417427623968496,-0.8644297038484794,-1.7133969046231434,0.880249994483369,0.4381383839529971,-0.43416515737562233,-0.8643570881738697,-1.7128212700382406,-15.811910975557652,-31.623821951115303,corrigido IPCA,0.9945865402725426,-27.585571878303607,6.074578468953273,179.04985489372478,179.04985489372478
2026-10-05,PALFA3,COMPANHIA PAULISTA DE FORÇA E LUZ,COMPANHIA PAULISTA DE FORCA E LUZ,State Grid,CVM FRE,IPCA_MAIS,S,Quirografária,N,COMPANHIA PAULISTA DE FORCA E LUZ,33050196000188,7.0951,0.0563,1126.32946,2033-10-15,2032-08-15,5.760000000000076,4.9208,ok,,,15,4.9207881406099885,-0.0002410053245683526,4.594783646133193,28.736101605443366,4.7420904715437695,2.3337603986205213,-2.2619107411904427,-4.45457891779707,-8.642082449916632,4.73846415416041,2.3333119500734005,-2.2614716960597923,-4.451103138105976,-8.61484526015752,0.44987453348743683,0.8997490669748737,corrigido IPCA,0.9859168492287657,4.134152298559749,5.415913119649418,220.1114271095362,220.1114271095362
2026-10-05,PALFA7,COMPANHIA PAULISTA DE FORÇA E LUZ,COMPANHIA PAULISTA DE FORCA E LUZ,State Grid,CVM FRE,IPCA_MAIS,S,Quirografária,N,COMPANHIA PAULISTA DE FORCA E LUZ,33050196000188,7.2955,0.1291,1023.119711,2035-09-15,2035-05-15,27.76999999999994,6.1862,ok,,,18,6.186213018667931,0.00021044692913829886,5.7655847809721115,44.242691930526924,5.9935496304373,2.9389290145404257,-2.828301666143229,-5.550792608432853,-10.69644967795993,5.986798240624746,2.9380957553992144,-2.827489025572897,-5.544371321319477,-10.646315723333684,2.463400930657226,4.926801861314452,corrigido IPCA,0.9808108858921853,28.405893830459675,5.495443419074664,249.14171795241558,249.14171795241558
2026-10-05,PALFB3,COMPANHIA PAULISTA DE FORÇA E LUZ,COMPANHIA PAULISTA DE FORCA E LUZ,State Grid,CVM FRE,IPCA_MAIS,S,Quirografária,N,COMPANHIA PAULISTA DE FORCA E LUZ,33050196000188,7.251,0.1101,1103.880852,2035-10-15,2035-05-15,23.320000000000007,6.1744,ok,,,19,6.174385249739299,-0.000238893831007803,5.756948886014395,44.91958309054729,5.9885037647173345,2.9354824020942027,-2.823161916063077,-5.538963260336538,-10.667114614008055,5.981546801467132,2.9346239218703816,-2.8223249641440136,-5.532350970561659,-10.615506110217844,2.105191420925467,4.210382841850934,corrigido IPCA,0.9662667715330391,24.238958811087855,5.4947783575190146,244.15748712952012,244.15748712952012
2026-10-05,PALFB6,COMPANHIA PAULISTA DE FORÇA E LUZ,COMPANHIA PAULISTA DE FORCA E LUZ,State Grid,CVM FRE,IPCA_MAIS,S,Quirografária,N,COMPANHIA PAULISTA DE FORCA E LUZ,33050196000188,7.1714,0.1332,1111.905151,2035-02-15,2033-05-15,15.230000000000032,5.7145,ok,,,17,5.714545580587098,0.0007976303630690748,5.33215538901899,38.359808934318885,5.529474673128432,2.7147092058917854,-2.618793651934115,-5.145619920925659,-9.938259026090135,5.523954433690584,2.7140274556773933,-2.618127933341596,-5.140356344347395,-9.897114599351601,1.3722550432653857,2.7445100865307714,corrigido IPCA,1.039249593906474,14.634154248112027,5.467905016320529,232.784811284771,232.784811284771
2026-10-05,PASN12,PARANAGUA SANEAMENTO S/A,PARANAGUA SANEAMENTO S/A,Isolada (a identificar),,IPCA_MAIS,S,Quirografária,N,PARANAGUA SANEAMENTO S/A,01691945000160,8.2108,0.4581,591.471037,2030-07-15,2028-08-15,123.22000000000006,1.8382,ok,,,8,1.838197009976617,-0.00016266039512073086,1.6987186214098933,5.535474396278297,1.7268100399280284,0.8563300519645711,-0.8424906651786412,-1.6714440783770046,-3.289907220126409,1.726395993391285,0.8562786537002947,-0.8424399677095987,-1.671041249428502,-3.2867277548942213,39.32522902739852,78.65045805479704,corrigido IPCA,0.9772005154270428,133.60499768010146,5.300001387919506,368.04461954115493,368.04461954115493
2026-10-05,PAXA12,PAX INVESTIMENTOS EM AEROPORTOS S.A,PAX INVESTIMENTOS EM AEROPORTOS S.A,Isolada (a identificar),,IPCA_MAIS,S,Real,N,PAX INVESTIMENTOS EM AEROPORTOS S.A,48533969000154,8.4427,0.1019,1317.157558,2040-02-15,2035-05-15,142.49,6.228,ok,,,27,6.227977569288495,-0.00036015914426934477,5.743104486782877,50.570535200390346,6.005283291602592,2.9359131486985657,-2.8094522161257407,-5.4990239827879765,-10.54293138548733,5.995957162784828,2.9347654123919265,-2.8083390743909504,-5.490251810780925,-10.474798269557947,12.992623147847592,25.985246295695184,corrigido IPCA,1.0798085924492726,149.23598459096513,5.497782097850656,389.9043375899064,389.9043375899064
2026-10-05,PEJA11,PRIO FORTE S.A,PRIO FORTE S.A.,Prio Forte,CVM FRE,IPCA_MAIS,S,Quirografária,N,PRIO FORTE S.A.,08926302000105,7.5893,0.1048,1203.105812,2032-08-15,2029-05-15,60.92999999999993,2.9065,ok,,,12,2.9065313241099493,0.001077726129345869,2.7015059342424843,12.284708164991427,2.764164319891549,1.3662618236519597,-1.3355473541434404,-2.6412740307589777,-5.166686229081474,2.7629294750674416,1.3661088523274814,-1.335397081915003,-2.640082393417527,-5.15731770518514,10.983602080474418,21.967204160948835,corrigido IPCA,1.0048042210559902,59.344532399519466,5.256692053781609,281.9156459813791,281.9156459813791
2026-10-05,PEJA22,PRIO FORTE S.A,PRIO FORTE S.A.,Prio Forte,CVM FRE,IPCA_MAIS,S,Quirografária,N,PRIO FORTE S.A.,08926302000105,7.6552,0.2122,1068.863285,2034-02-15,2033-05-15,63.609999999999985,5.2044,ok,,,15,5.204411194607745,0.00021509891141494245,4.8343333109852065,31.25107513768722,4.994655641484735,2.4567332908105532,-2.378594775855958,-4.681971558765352,-9.074139795043191,4.990588686673643,2.4562304994147124,-2.3781028115704945,-4.678077935296771,-9.043645119216668,6.296959267996275,12.59391853599255,corrigido IPCA,0.9516226480808965,60.883199894382834,5.435410550834852,287.0674385390879,287.0674385390879
2026-10-05,PEJA23,PRIO FORTE S.A,PRIO FORTE S.A.,Prio Forte,CVM FRE,IPCA_MAIS,S,Quirografária,N,PRIO FORTE S.A.,08926302000105,7.738,0.1256,1083.628925,2034-04-15,2033-05-15,71.89000000000006,5.1838,ok,,,16,5.183865449451359,0.0012625767074154275,4.8115478748922005,31.680079994062257,4.974140440368879,2.4458922235816027,-2.366680702715307,-4.657158403928474,-9.020897952531936,4.969948274862512,2.445374037438678,-2.3661738374535224,-4.653147474921889,-8.989494149903155,7.214495518111256,14.428991036222511,corrigido IPCA,0.9705044488650458,69.42578115717502,5.434034537025467,297.0396569077783,297.0396569077783
2026-10-05,PETR17,PETRÓLEO BRASILEIRO S/A - PETROBRAS,PETROLEO BRASILEIRO S/A - PETROBRAS,Petroleo Brasileiro,CVM FRE,IPCA_MAIS,S,Quirografária,N,PETROLEO BRASILEIRO S/A - PETROBRAS,33000167000101,6.3912,0.322,1364.62473,2029-09-15,2029-05-15,-58.879999999999995,2.7919,ok,,,6,2.7919494612822096,0.001771599348454687,2.6242296931345916,9.553983478444176,2.6727421433013543,1.3241494952269894,-1.3002632678474457,-2.577182000246969,-5.063079353366618,2.6719996105268122,1.324057325915351,-1.3001723672192407,-2.5764597757423706,-5.0573797167003,-12.636800921657844,-25.27360184331569,corrigido IPCA,0.9302148522771341,-66.32373640969018,5.249968819712603,134.5427922837051,134.5427922837051
2026-10-05,PETR18,PETRÓLEO BRASILEIRO S/A - PETROBRAS,PETROLEO BRASILEIRO S/A - PETROBRAS,Petroleo Brasileiro,CVM FRE,IPCA_MAIS,S,Quirografária,N,PETROLEO BRASILEIRO S/A - PETROBRAS,33000167000101,6.599,0.2459,1056.95213,2035-06-15,2035-05-15,-41.88000000000001,6.6471,ok,,,18,6.64708949172839,-0.0001580880626167646,6.235602108582998,51.848941630383685,6.503335403060073,3.1836590733547387,-3.0540092539943164,-5.984406250231677,-11.496974955875727,6.494846816734916,3.1826122313294785,-3.0529898772535193,-5.9763574004310795,-11.434225384558323,-3.1513733403320745,-6.302746680664149,corrigido IPCA,1.0062060759400602,-39.30142049181386,5.520472824730316,169.5329391587897,169.5329391587897
2026-10-05,PETR26,PETRÓLEO BRASILEIRO S/A - PETROBRAS,PETROLEO BRASILEIRO S/A - PETROBRAS,Petroleo Brasileiro,CVM FRE,IPCA_MAIS,S,Quirografária,N,PETROLEO BRASILEIRO S/A - PETROBRAS,33000167000101,6.3681,0.2717,1448.50031,2029-01-15,2029-05-15,-61.19000000000003,2.1525,ok,,,5,2.15251051082305,0.0004883076910637477,2.023642906870622,6.123107109117765,2.0546694359183437,1.0195263935901977,-1.0042180015914504,-1.9934283722547352,-3.9279930765981796,2.0542584424162107,1.019475337321708,-1.0041675695489136,-1.9930273713250328,-3.9248236715588884,-15.366972353926169,-30.733944707852338,corrigido IPCA,0.9659659154423059,-62.19452920819928,5.250293215208335,138.27038819846948,138.27038819846948
2026-10-05,PETR27,PETRÓLEO BRASILEIRO S/A - PETROBRAS,PETROLEO BRASILEIRO S/A - PETROBRAS,Petroleo Brasileiro,CVM FRE,IPCA_MAIS,S,Quirografária,N,PETROLEO BRASILEIRO S/A - PETROBRAS,33000167000101,6.6043,0.2662,1233.988838,2034-09-15,2035-05-15,-41.349999999999994,6.7542,ok,,,16,6.754274286590811,0.001099857730171038,6.335836628157411,50.33183259777961,6.595293090179832,3.2317953892975204,-3.1059418766068547,-6.091591623171344,-11.722914819258722,6.58749579114631,3.2308331048259302,-3.1050035233314808,-6.084177465168513,-11.66503660435923,-3.225539247005861,-6.451078494011722,corrigido IPCA,0.841165140159938,-40.87297941347802,5.526067705167037,168.13902525683662,168.13902525683662
2026-10-05,PETR28,PETRÓLEO BRASILEIRO S/A - PETROBRAS,PETROLEO BRASILEIRO S/A - PETROBRAS,Petroleo Brasileiro,CVM FRE,IPCA_MAIS,S,Quirografária,N,PETROLEO BRASILEIRO S/A - PETROBRAS,33000167000101,6.4503,0.0976,1089.793479,2040-06-15,2040-08-15,-36.28,8.6276,ok,,,28,8.62765676056791,0.000657895218966986,8.104868432092639,91.03796249582618,8.580325468096905,4.168719705235624,-3.9410382094239416,-7.6685591234765145,-14.534957188258934,8.56005824457177,4.166231669166103,-3.938636762926537,-7.649678619613508,-14.388977614268756,-2.6598265480512047,-5.319653096102409,corrigido IPCA,1.0374706642932734,-43.11508844828428,5.614052198813524,164.1738858761157,164.1738858761157
2026-10-05,PETR38,PETRÓLEO BRASILEIRO S/A - PETROBRAS,PETROLEO BRASILEIRO S/A - PETROBRAS,Petroleo Brasileiro,CVM FRE,IPCA_MAIS,S,Quirografária,N,PETROLEO BRASILEIRO S/A - PETROBRAS,33000167000101,6.4719,0.1304,1112.028475,2045-06-15,2045-05-15,-27.030000000000065,10.4811,ok,,,38,10.481118778881676,0.0001791689963490485,9.844023426727311,141.73693459224108,10.59393537007043,5.104217211271145,-4.74965048377991,-9.17297105206637,-17.141561236457935,10.552708099688516,5.099182881603957,-4.744840545123354,-9.135338753766105,-16.8533081616098,-1.5553663304123557,-3.1107326608247114,corrigido IPCA,1.0586381237636573,-30.62212518744424,5.689009919882637,177.46633199721592,177.46633199721592
2026-10-05,PLSB1A,AUTOPISTA LITORAL SUL S/A.,AUTOPISTA LITORAL SUL S/A.,Isolada (a identificar),,IPCA_MAIS,S,Quirografária,N,AUTOPISTA LITORAL SUL S/A.,09313969000197,9.5374,0.2044,1142.629438,2031-10-15,2029-05-15,255.73999999999995,2.6287,ok,,,11,2.628677489355876,-0.0008563413141035859,2.399799054346621,9.805839300284987,2.4497062808735093,1.212265699738202,-1.1877493804891115,-2.3516203410255176,-4.610179752197663,2.448828250848046,1.2121568262986668,-1.1876422280479546,-2.3507698578451963,-4.603481322687543,52.782359762280215,105.56471952456043,corrigido IPCA,0.9377046432904077,253.33411408740645,5.242759477873649,510.02860339612795,510.02860339612795
2026-10-05,POTE11,POTENGI HOLDINGS S.A.,POTENGI HOLDINGS S.A.,Potengi Holdings,inferido,IPCA_MAIS,S,Quirografária,N,POTENGI HOLDINGS S.A.,42165941000125,7.6263,0.1744,1091.379536,2041-12-15,2035-05-15,60.84999999999994,6.1142,ok,,,31,6.114205756816292,9.415485741573529e-05,5.680958796145823,54.302027648071174,5.9636620154807085,2.909731761418133,-2.773930287229076,-5.419898569695558,-10.356760496781414,5.952468934386179,2.908356932633001,-2.7726018635128225,-5.409448657905467,-10.275877039330224,6.2348214574196446,12.469642914839289,corrigido IPCA,1.0077255818720894,70.8395276018537,5.4913754368434375,296.74873980700613,296.74873980700613
2026-10-05,POTE12,POTENGI HOLDINGS S.A.,POTENGI HOLDINGS S.A.,Potengi Holdings,inferido,IPCA_MAIS,S,Quirografária,N,POTENGI HOLDINGS S.A.,42165941000125,7.5711,0.098,93.915251,2042-10-15,2033-05-15,55.200000000000045,5.6967,ok,,,33,5.696763803305274,0.0011200046566218977,5.295812540083046,52.41448243555384,5.569447773209335,2.71484265528239,-2.583754953148687,-5.0444781622290495,-9.62624667492623,5.557884952260815,2.713424373085965,-2.5823881669970805,-5.0337401279052765,-9.543335431455013,6.382871336921177,12.765742673842354,corrigido IPCA,0.9929708924010096,67.6049801356076,5.466822983582276,291.9841129614276,291.9841129614276
2026-10-05,PRAS11,PIRAPORA SOLAR HOLDING S.A.,PIRAPORA SOLAR HOLDING S.A.,Isolada (a identificar),,IPCA_MAIS,S,Quirografária,N,PIRAPORA SOLAR HOLDING S.A.,25117259000148,6.9547,0.339,975.676265,2034-08-15,2031-05-15,-8.34999999999999,3.8265,fluxo divergente da ANBIMA,,,16,4.140415141026656,8.203714648547141,3.8711857833518826,23.30175465698594,3.9906590628568273,1.9650865834794695,-1.906824309350652,-3.757515244376153,-7.298565966605619,3.9876945566368125,1.9647200849971735,-1.906465698354709,-3.7546770100669526,-7.276336473564046,-0.8926559025211509,-1.7853118050423018,corrigido IPCA,0.7479176624785892,-6.911273678530047,5.356391206439759,205.82165668128545,205.82165668128545
2026-10-05,PRPO12,PIRAPORA II SOLAR HOLDING S.A.,PIRAPORA II SOLAR HOLDING S.A.,Isolada (a identificar),,IPCA_MAIS,S,Real,S,PIRAPORA II SOLAR HOLDING S.A.,27219024000192,7.2025,0.3692,962.043047,2031-12-15,2029-05-15,22.249999999999925,2.6572,ok,,,11,2.657208741257753,0.0003289649914641901,2.478681692365153,10.58626160887587,2.5326058322806544,1.2526967369699937,-1.2262290513835206,-2.426710697143697,-4.7531964191266045,2.531613000409533,1.2525736731936714,-1.2261080191714817,-2.425750384320774,-4.7456381525527895,4.2349135956299895,8.469827191259979,corrigido IPCA,0.9389517386268601,20.99400559647267,5.2437773434702795,236.52777323600264,236.52777323600264
2026-10-05,PRSS11,PAX INVESTIMENTOS EM AEROPORTOS S.A,PRS AEROPORTOS S.A.,Isolada (a identificar),,IPCA_MAIS,S,Real,N,PRS AEROPORTOS S.A.,48534024000157,7.9131,0.2588,1268.913132,2040-02-15,2035-05-15,89.52999999999997,6.3994,ok,,,27,6.3994489331209286,0.0007646517006058961,5.930187283213,53.16770208547325,6.205961252001857,3.0327757942371747,-2.8998193149104012,-5.673688162827107,-10.869537545074726,6.196025793640366,3.0315532692133416,-2.8986340139996587,-5.664348772785634,-10.797020524716535,8.133531891246824,16.267063782493647,corrigido IPCA,1.053670501807377,96.46673477815858,5.50723099103243,327.9292464297837,327.9292464297837
2026-10-05,PRTE12,PARANAIBA TRANSMISSORA DE ENERGIA S.A.,PARANAIBA TRANSMISSORA DE ENERGIA S.A.,Isolada (a identificar),,IPCA_MAIS,S,Real,S,PARANAIBA TRANSMISSORA DE ENERGIA S.A.,17553029000101,6.3908,0.0739,321.583248,2028-03-15,2027-05-15,86.34999999999992,0.9948,ok,,,3,0.9948746347148656,0.0075024844054657714,0.935113407094284,1.9098658496485998,0.9447603892225098,0.46995618103717884,-0.46518139534337255,-0.9256597936851629,-1.8327877025675066,0.944662736342527,0.46994403585920275,-0.4651693712350813,-0.9255640778460411,-1.8320294971955962,-0.6736185227395906,-1.347237045479181,corrigido IPCA,1.008535490870537,-1.259819423761674,5.951171182399517,211.01929996747432,211.01929996747432
2026-10-05,PTAZ11,PARINTINS AMAZONAS TRANSMISSORA DE ENERGIA S.A.,PARINTINS AMAZONAS TRANSMISSORA DE ENERGIA S.A.,Isolada (a identificar),,IPCA_MAIS,S,Quirografária,N,PARINTINS AMAZONAS TRANSMISSORA DE ENERGIA S.A.,32667691000178,7.3782,0.0562,1161.216978,2046-04-15,2037-05-15,37.089999999999975,8.4315,ok,,,40,8.431545075455402,0.0005346077851153344,7.852194463546047,98.68514293207167,8.371605004450577,4.052631899046344,-3.8057869757988416,-7.382637946181925,-13.914056743217518,8.345620178206406,4.049453660438114,-3.802740803107934,-7.358768748885688,-13.730686068450662,3.4855368360701995,6.971073672140399,corrigido IPCA,0.8942441699500531,54.73822609335245,5.605528688243733,277.40435565097056,277.40435565097056
2026-10-05,QMCT14,QMC TELECOM DO BRASIL CESSAO DE INFRAESTRUTURA S.A,QMC TELECOM DO BRASIL CESSAO DE INFRAESTRUTURA S/A,Qmc Telecom,inferido,IPCA_MAIS,S,Quirografária,N,QMC TELECOM DO BRASIL CESSAO DE INFRAESTRUTURA S/A,13733490000187,7.9845,0.395,1142.51413,2035-08-15,2032-08-15,94.7,4.8968,ok,,,18,4.896840361176844,0.0008242357630340268,4.534762267896637,29.836260653126477,4.688031612425125,2.3051814825974626,-2.2305792436414507,-4.389483496870838,-8.503322210264287,4.68394357116227,2.304676459764727,-2.2300858081319106,-4.385580964631005,-8.472799322730745,10.550258193210208,21.100516386420416,corrigido IPCA,1.0909858671118606,95.68582554227399,5.414216005166206,327.3257807608407,327.3257807608407
2026-10-05,QUAT13,ACUCAREIRA QUATA S/A,ACUCAREIRA QUATA S/A,Acucareira Quata,inferido,IPCA_MAIS,S,Quirografária,N,ACUCAREIRA QUATA S/A,60855574000173,8.2495,0.4135,1067.525095,2034-07-15,2030-08-15,116.21999999999994,3.4767,ok,,,16,3.4767089527374067,0.0002575067565947951,3.2117552069408233,17.5456579736323,3.3015851237393035,1.6280696131993233,-1.5842000958631752,-3.1260425388321633,-6.088397186624861,3.299483496808985,1.627809675937452,-1.5839455310033717,-3.124026917072662,-6.072597254409001,19.419915272480758,38.839830544961515,corrigido IPCA,1.004982809044212,124.74402798947938,5.300570070493871,359.63935842106747,359.63935842106747
2026-10-05,RAIZ13,RAIZEN S.A.,RAIZEN S.A.,Rumo,CVM FRE,IPCA_MAIS,S,Quirografária,N,RAIZEN S.A.,33453598000123,,,538.402766,2034-09-15,,,,sem taxa indicativa,,,,,,,,,,,,,,,,,,,,,,,,,
2026-10-05,RAIZ23,RAIZEN S.A.,RAIZEN S.A.,Rumo,CVM FRE,IPCA_MAIS,S,Quirografária,N,RAIZEN S.A.,33453598000123,,,540.132993,2039-09-15,,,,sem taxa indicativa,,,,,,,,,,,,,,,,,,,,,,,,,
2026-10-05,RALM11,RIALMA TRANSMISSORA DE ENERGIA V S/A,RIALMA TRANSMISSORA DE ENERGIA V S/A,Isolada (a identificar),,IPCA_MAIS,S,Quirografária,N,RIALMA TRANSMISSORA DE ENERGIA V S/A,51715706000170,8.0875,0.3346,1237.414359,2048-12-15,2037-05-15,108.02000000000005,8.3392,ok,,,43,8.339235785941502,0.0004291291910801155,7.7152638241623706,92.51635138647516,8.2021630052737,3.9762497728312862,-3.744832090457495,-7.274967955221944,-13.751242044936507,8.177845581094747,3.973277351314279,-3.741986472848091,-7.252682067229994,-13.580200620595237,7.980865787647574,15.961731575295149,corrigido IPCA,0.9312928710525658,123.14897019386491,5.601470814356224,357.7016032931135,357.7016032931135
2026-10-05,RALM21,RIALMA TRANSMISSORA DE ENERGIA V S/A,RIALMA TRANSMISSORA DE ENERGIA V S/A,Isolada (a identificar),,IPCA_MAIS,S,Quirografária,N,RIALMA TRANSMISSORA DE ENERGIA V S/A,51715706000170,8.1005,0.2924,1154.822517,2048-12-15,2037-05-15,109.32000000000004,8.3356,ok,,,43,8.33560409765151,4.9158447028989115e-05,7.710976450295337,92.42774201468595,8.197401576818963,3.9739915508124835,-3.742795583559988,-7.271095693748963,-13.744226796343394,8.173115160368766,3.9710229026660255,-3.7399535476293115,-7.248837740221907,-13.573398060296954,8.068950518962726,16.137901037925452,corrigido IPCA,0.9303595265014781,124.43897486063983,5.601310549415017,359.21732625772376,359.21732625772376
2026-10-05,RATL11,CONCESSIONARIA ROTA DO ATLANTICO S.A,CONCESSIONARIA ROTA DO ATLANTICO S.A.,Concessionaria Rota,inferido,IPCA_MAIS,S,Real,N,CONCESSIONARIA ROTA DO ATLANTICO S.A.,13799190000109,7.038,0.21,1229.610735,2036-12-15,2032-08-15,0.05000000000006111,5.1665,ok,,,21,5.166567511566892,0.0013067176404055704,4.826853558144669,36.11246664272464,5.013048387459129,2.4592621438071838,-2.368963067043972,-4.651636961411299,-8.973153340325279,5.007415891358293,2.45856736237574,-2.368286195768929,-4.646291224931046,-8.931457783434846,0.45084789898941363,0.9016957979788273,corrigido IPCA,1.0285552637598974,4.3523535708382,5.4328717363872014,219.57503825142325,219.57503825142325
2026-10-05,RDOE18,CONCESSIONÁRIA DO RODOANEL OESTE S/A,CONCESSIONARIA DO RODOANEL OESTE S/A,Concessionaria Rodoanel,inferido,IPCA_MAIS,S,Quirografária,N,CONCESSIONARIA DO RODOANEL OESTE S/A,09387725000159,7.0987,0.0606,1109.152699,2031-04-15,2030-08-15,1.1400000000000077,3.0911,ok,,,10,3.091091459669427,-0.00027628774782307983,2.8862081982969237,12.179667345760075,2.9482036412277868,1.4584647234863857,-1.4280134085224105,-2.826372605563565,-5.537193452383216,2.947106535025724,1.4583286833306621,-1.4278795149662618,-2.825309861568124,-5.528823049678646,0.7370355920752893,1.4740711841505787,corrigido IPCA,0.9939020124315348,4.254476336568655,5.269506312399352,218.00115584019153,218.00115584019153
2026-10-05,RDSM12,CONCESSIONARIA RODOVIAS DO SUL DE MINAS SPE S.A.,CONCESSIONARIA RODOVIAS DO SUL DE MINAS SPE S.A.,EPR,CVM FRE,IPCA_MAIS,S,Real,N,CONCESSIONARIA RODOVIAS DO SUL DE MINAS SPE S.A.,48127008000140,8.2997,0.3323,1120.139398,2044-10-15,2037-05-15,129.23999999999998,7.4824,ok,,,37,7.482345432551063,-0.0007292773566926465,6.908925354872694,74.01534985990425,7.295708907952569,3.5490308489871225,-3.3639176045693664,-6.5543562480031685,-12.457255060669613,7.279002104172215,3.5469818647612277,-3.3619434901114666,-6.538848605573174,-12.337543712547303,10.18835189855499,20.37670379710998,corrigido IPCA,1.0276207799488801,140.78112551258383,5.562215156539541,379.3223875394841,379.3223875394841
2026-10-05,RDVE11,RDVE SUBHOLDING S.A.,RDVE SUBHOLDING S.A.,Rdve Subholding,inferido,IPCA_MAIS,S,Real,N,RDVE SUBHOLDING S.A.,42596330000131,7.0343,0.1778,1144.804312,2038-04-15,2032-08-15,-0.31999999999996476,4.5005,ok,,,24,4.5005045475087115,0.00010104452198236433,4.204731144603843,31.117890258379617,4.365301452582027,2.141876979154822,-2.0640657575479393,-4.053858426414825,-7.823855986892281,4.360320595895741,2.1412629351248964,-2.063468209478947,-4.049141693311945,-7.7871044840400945,0.6273850603917591,1.2547701207835182,corrigido IPCA,1.0329963002072415,5.2759710061767855,5.3849314875298315,219.6411502467612,219.6411502467612
2026-10-05,RECV11,PETRORECONCAVO S.A.,PETRORECONCAVO S.A.,Petroreconcavo,inferido,IPCA_MAIS,S,Quirografária,N,PETRORECONCAVO S.A.,03342704000130,7.2394,0.2434,1143.390284,2031-05-15,2030-08-15,15.20999999999999,3.1076,ok,,,10,3.1076219386193467,0.0007059666413475878,2.897835999286966,12.33043203201061,2.9606078275422387,1.464469869560725,-1.4336415833475669,-2.837268193487985,-5.557603041027459,2.959488159447019,1.464331039683496,-1.4335049596034697,-2.8361838391269125,-5.549063357933719,3.2257577462884703,6.451515492576941,corrigido IPCA,1.0307095818309175,18.69543384434704,5.270744041679665,234.97674992520882,234.97674992520882
2026-10-05,RECV14,PETRORECONCAVO S.A.,PETRORECONCAVO S.A.,Petroreconcavo,inferido,IPCA_MAIS,S,Quirografária,S,PETRORECONCAVO S.A.,03342704000130,7.1835,0.2209,1074.18215,2032-12-15,2032-08-15,14.60000000000008,4.6298,ok,,,13,4.629837848035739,0.0008174874884090826,4.319543444686671,25.41262464745614,4.449629221835538,2.191911519690337,-2.1283725362537864,-4.195384164237437,-8.153614698223866,4.4466065679239515,2.191537503152656,-2.128005941534015,-4.1924803214493895,-8.13083439642422,1.4531791901844897,2.9063583803689794,corrigido IPCA,1.0349029943187547,12.554141289832996,5.394737804362504,229.81281409104625,229.81281409104625
2026-10-05,RECV24,PETRORECONCAVO S.A.,PETRORECONCAVO S.A.,Petroreconcavo,inferido,IPCA_MAIS,S,Quirografária,S,PETRORECONCAVO S.A.,03342704000130,7.2701,0.2663,1061.88914,2035-12-15,2035-05-15,25.229999999999997,6.163,ok,,,19,6.162979016636567,-0.0003404732019062137,5.745290641694719,45.065358841472374,5.977662920208915,2.9298463080120296,-2.817160893536297,-5.52665682963962,-10.641499748993944,5.970617435902081,2.9289770193992,-2.8163136222955196,-5.519963847487358,-10.58927410655999,2.3212099532524175,4.642419906504835,corrigido IPCA,1.0230594997379931,26.672051643659504,5.494135839213032,246.93843753373488,246.93843753373488
2026-10-05,RENTD1,LOCALIZA RENT A CAR,LOCALIZA RENT A CAR S/A,Localiza,inferido,IPCA_MAIS,N,Quirografária,S,LOCALIZA RENT A CAR S/A,16670085000155,8.7167,0.1868,1267.508377,2031-12-15,2033-05-15,169.75999999999996,5.1587,ok,,,1,5.158730158730159,0.0005846188024005131,4.745112902369332,26.880756236486015,4.882523026555474,2.40652964043524,-2.3393208336869864,-4.61360475140955,-8.975354514310553,4.8795166835517625,2.4061573964802734,-2.3389555058890585,-4.610709121186902,-8.952610680008943,17.18194942086927,34.36389884173854,corrigido IPCA,1.1697765093805772,163.06057976964806,5.43234359347049,,163.06057976964806
2026-10-05,RESA14,RAIZEN ENERGIA S/A,RAIZEN ENERGIA S/A,Rumo,CVM FRE,IPCA_MAIS,S,Quirografária,N,RAIZEN ENERGIA S/A,08070508000178,,,690.396681,2029-11-15,,,,sem taxa indicativa,,,,,,,,,,,,,,,,,,,,,,,,,
2026-10-05,RESA15,RAIZEN ENERGIA S/A,RAIZEN ENERGIA S/A,Rumo,CVM FRE,IPCA_MAIS,S,Quirografária,N,RAIZEN ENERGIA S/A,08070508000178,,,694.217431,2030-06-15,,,,sem taxa indicativa,,,,,,,,,,,,,,,,,,,,,,,,,
2026-10-05,RESA17,RAIZEN ENERGIA S/A,RAIZEN ENERGIA S/A,Rumo,CVM FRE,IPCA_MAIS,S,Quirografária,N,RAIZEN ENERGIA S/A,08070508000178,,,617.046724,2029-03-15,,,,sem taxa indicativa,,,,,,,,,,,,,,,,,,,,,,,,,
2026-10-05,RESA27,RAIZEN ENERGIA S/A,RAIZEN ENERGIA S/A,Rumo,CVM FRE,IPCA_MAIS,S,Quirografária,N,RAIZEN ENERGIA S/A,08070508000178,,,610.051041,2032-03-15,,,,sem taxa indicativa,,,,,,,,,,,,,,,,,,,,,,,,,
2026-10-05,RIGEA3,RGE SUL DISTRIBUIDORA DE ENERGIA S/A,RGE SUL DISTRIBUIDORA DE ENERGIA S/A,CPFL,CVM FRE,IPCA_MAIS,S,Quirografária,N,RGE SUL DISTRIBUIDORA DE ENERGIA S/A,02016440000162,6.8946,0.2087,1206.594054,2029-05-15,2028-08-15,-8.400000000000052,1.9388,ok,,,6,1.93886892027259,0.0035547902099168265,1.8138137195635609,5.337191812133724,1.8408562208898083,0.9136226402137515,-0.9002791165063084,-1.7874755928366737,-3.5236326271573137,1.8404996786242296,0.9135783495469476,-0.9002353700166135,-1.7871277605028923,-3.5208836028844477,-1.1364777225399907,-2.2729554450799814,corrigido IPCA,1.00627834636657,-4.122717770242771,5.2782845439267145,206.1928593637897,206.1928593637897
2026-10-05,RIPR22,RIO PARANA ENERGIA S/A,RIO PARANA ENERGIA S/A,CTG,CVM FRE,IPCA_MAIS,S,Quirografária,N,RIO PARANA ENERGIA S/A,23096269000119,6.9386,0.2499,1258.610331,2031-06-15,2030-08-15,-14.869999999999983,3.3232,ok,,,10,3.323213509023905,0.0004065064969092831,3.1075902518116987,13.630690297538253,3.1770091676491807,1.5709903735293906,-1.536911111015593,-3.0406616571275413,-5.9522102412072115,3.17574370329939,1.570833488777772,-1.5367567630339265,-3.0394368003240073,-5.942566697672632,-2.0066077760837655,-4.013215552167531,corrigido IPCA,0.9429882458285332,-12.471429528334923,5.287784600503476,198.7237757082689,198.7237757082689
2026-10-05,RIS412,AGUAS DO RIO 4 SPE S.A,AGUAS DO RIO 4 SPE S.A,Isolada (a identificar),,IPCA_MAIS,S,Real,N,AGUAS DO RIO 4 SPE S.A,42644220000106,13.1764,1.5335,9.332497,2034-01-15,2031-05-15,613.8199999999999,3.8167,ok,,,15,3.8167040600576545,0.00010637612740116386,3.3723497655497563,17.567336063247318,3.462133055146399,1.7083750292125277,-1.6644521142739177,-3.286386459353996,-6.408061689052835,3.460186445865993,1.7081340528539373,-1.6642157126958192,-3.2845130852335194,-6.393352809834567,91.10173894023573,182.20347788047147,corrigido IPCA,0.8111127790044504,614.4538559125581,5.329428112220613,936.6828289628306,936.6828289628306
2026-10-05,RIS414,AGUAS DO RIO 4 SPE S.A,AGUAS DO RIO 4 SPE S.A,Isolada (a identificar),,IPCA_MAIS,S,Real,N,AGUAS DO RIO 4 SPE S.A,42644220000106,13.4769,0.8789,0.878983,2034-09-15,2031-05-15,643.8700000000001,4.2718,ok,,,16,4.271797975150828,-4.740037389130652e-05,3.764464816320175,21.07253159489772,3.8723146413683684,1.908880794333223,-1.8561932937720682,-3.661490527317768,-7.126211768526369,3.8698274742946634,1.9085730726537096,-1.855891743666465,-3.659102158345686,-7.107479000742395,85.5475151680875,171.095030336175,corrigido IPCA,0.7867380129415099,644.0812219477638,5.367006845686828,972.0637941162174,972.0637941162174
2026-10-05,RIS422,AGUAS DO RIO 4 SPE S.A,AGUAS DO RIO 4 SPE S.A,Isolada (a identificar),,IPCA_MAIS,S,Real,N,AGUAS DO RIO 4 SPE S.A,42644220000106,12.2487,1.1534,8.201035,2042-01-15,2037-05-15,524.14,7.2252,ok,,,31,7.225227363716914,0.0003787260825125608,6.436802710157814,63.50768119140523,6.76729295552807,3.299377637637857,-3.1405562262160847,-6.131380072529547,-11.697312355099676,6.75434111611484,3.297785956568164,-3.1390167535896505,-6.119264304200788,-11.603451796487525,41.52598614541543,83.05197229083086,corrigido IPCA,0.712775549685967,534.5891603255717,5.549788653616483,842.8966504394991,842.8966504394991
2026-10-05,RIS424,AGUAS DO RIO 4 SPE S.A,AGUAS DO RIO 4 SPE S.A,Isolada (a identificar),,IPCA_MAIS,S,Real,N,AGUAS DO RIO 4 SPE S.A,42644220000106,12.6265,0.9395,0.789194,2042-09-15,2037-05-15,561.9200000000001,7.356,ok,,,32,7.355942255060817,-0.0007850046109733808,6.531271286119001,65.76210120857189,6.873855298268827,3.3495301303837266,-3.185067900793759,-6.215321830474807,-11.84685105910781,6.86008179216186,3.347838269570215,-3.1834330165487854,-6.202460780076141,-11.747300548066562,43.887940187670516,87.77588037534103,corrigido IPCA,0.7063851783701752,573.2880871092812,5.556148428372887,888.200967482908,888.200967482908
2026-10-05,RISP12,SPE SANEAMENTO RIO 1 S.A,AGUAS DO RIO 1 SPE S.A,Isolada (a identificar),,IPCA_MAIS,S,Real,N,AGUAS DO RIO 1 SPE S.A,42310775000103,13.075,1.5336,9.364497,2034-01-15,2031-05-15,603.68,3.8204,ok,,,15,3.8203949712956886,-0.0001316276911104325,3.378638046690859,17.62352976555248,3.468710849384915,1.7115904671272553,-1.6675270428596956,-3.2924019165086027,-6.419578031849982,3.466755695518622,1.7113484355523703,-1.667289611138489,-3.290520397863097,-6.404805498070669,89.42972251874535,178.8594450374907,corrigido IPCA,0.8138937715852193,604.3013260136787,5.329740409118422,924.7424687959435,924.7424687959435
2026-10-05,RISP14,SPE SANEAMENTO RIO 1 S.A,AGUAS DO RIO 1 SPE S.A,Isolada (a identificar),,IPCA_MAIS,S,Real,N,AGUAS DO RIO 1 SPE S.A,42310775000103,13.565,1.0953,0.876075,2034-09-15,2031-05-15,652.68,4.2682,ok,,,16,4.2682162039143705,0.00037964280891931296,3.7583905286966672,21.013698247976873,3.8659366431286424,1.9057689310380432,-1.8532285433396134,-3.6557013337595756,-7.115169043180747,3.863459019936552,1.905462387158305,-1.8529281415383625,-3.6533220374567827,-7.096507092433797,86.85872316553032,173.71744633106064,corrigido IPCA,0.7841352221628705,652.89800496003,5.366720398898295,982.4328992456554,982.4328992456554
2026-10-05,RISP22,SPE SANEAMENTO RIO 1 S.A,AGUAS DO RIO 1 SPE S.A,Isolada (a identificar),,IPCA_MAIS,S,Real,N,AGUAS DO RIO 1 SPE S.A,42310775000103,12.2679,1.2124,8.190909,2042-01-15,2037-05-15,526.06,7.2217,ok,,,31,7.2217060216254385,8.338238140990962e-05,6.432565338467575,63.441948977600376,6.762709643327969,3.2971746699459015,-3.138517671189167,-6.127455399948733,-11.690029334193586,6.749775083355576,3.295585105455788,-3.1369802330117866,-6.115355593579572,-11.596291697383142,41.702258008603124,83.40451601720625,corrigido IPCA,0.7118954882575123,536.5049988039445,5.549616070892416,845.1483960089506,845.1483960089506
2026-10-05,RISP24,SPE SANEAMENTO RIO 1 S.A,AGUAS DO RIO 1 SPE S.A,Isolada (a identificar),,IPCA_MAIS,S,Real,N,AGUAS DO RIO 1 SPE S.A,42310775000103,12.4976,1.0521,0.795882,2042-09-15,2037-05-15,549.0300000000001,7.3811,ok,,,32,7.3810897367926005,-0.00013904712576034495,6.561108625244095,66.23885689072387,6.906205203482396,3.365060511774387,-3.199405764437724,-6.2428941105852065,-11.897904015656879,6.8923029096977135,3.3633528837354523,-3.197755741508642,-6.229914340790475,-11.797440112673712,42.7086473667241,85.4172947334482,corrigido IPCA,0.7123708938266436,560.432149220644,5.557361765374513,873.0918564071968,873.0918564071968
2026-10-05,RLMS13,CONCESSIONARIA DAS RODOVIAS DO LESTE MS S.A.,CONCESSIONARIA DAS RODOVIAS DO LESTE MS S.A.,Isolada (a identificar),,IPCA_MAIS,S,Real,N,CONCESSIONARIA DAS RODOVIAS DO LESTE MS S.A.,48851242000115,8.1935,0.1259,1063.534073,2045-07-15,2037-05-15,118.62000000000003,7.815,ok,,,38,7.814970964005827,-0.0003715418320342463,7.2231427618163995,80.21680100122292,7.64311481670743,3.7141569503706284,-3.5135268156051502,-6.839535138596231,-12.97666106324905,7.624226766822514,3.711842382159728,-3.5113003796566713,-6.822058756810284,-12.84194950360834,9.105681490803587,18.211362981607174,corrigido IPCA,1.0159986115997302,131.54327470340698,5.5778183313770935,368.3303984286623,368.3303984286623
2026-10-05,RMSA12,BRK AMBIENTAL - REGIAO METROPOLITANA DE MACEIO S.A.,BRK AMBIENTAL - REGIAO METROPOLITANA DE MACEIO S.A.,BRK,CVM FRE,IPCA_MAIS,S,Real,N,BRK AMBIENTAL - REGIAO METROPOLITANA DE MACEIO S.A.,39580673000101,9.6274,0.2718,1253.46863,2042-06-15,2035-05-15,260.9599999999999,6.8572,fluxo divergente da ANBIMA,,,32,9.562620935698028,39.45372653120849,8.72283839231618,96.38336307609619,9.226142178218755,4.484523258898698,-4.243472364171453,-8.260827327609466,-15.671857746977603,9.204755207696662,4.48189840000321,-4.24093999231297,-8.2409215769357,-15.518009523110438,15.696092426729425,31.39218485345885,corrigido IPCA,0.3906001250249339,273.8289552584374,5.653040968321266,537.2501188335153,537.2501188335153
2026-10-05,ROTY13,CONCESSIONARIA ROTA SOROCABANA SA,CONCESSIONARIA ROTA SOROCABANA SA,Concessionaria Rota,inferido,IPCA_MAIS,S,Quirografária,N,CONCESSIONARIA ROTA SOROCABANA SA,58484141000107,7.133,0.104,1017.608272,2031-03-15,2031-05-15,9.480000000000022,3.8631,ok,,,9,3.8630723402373217,-0.0007159991374411516,3.6058659238864976,17.468312901570595,3.6949423506439594,1.8249833483048317,-1.7813089298087115,-3.5202010103325576,-6.875556471129174,3.6932074883943504,1.8247683530702121,-1.7810975708162855,-3.518524359378645,-6.862365589741583,0.8516278821728889,1.7032557643457777,corrigido IPCA,0.9957021388231867,6.141711920317691,5.333345434421455,221.50834288766194,221.50834288766194
2026-10-05,RPTA14,CONCESSIONÁRIA AUTO RAPOSO TAVARES S/A,CONCESSIONARIA AUTO RAPOSO TAVARES S/A,Isolada (a identificar),,IPCA_MAIS,S,Quirografária,N,CONCESSIONARIA AUTO RAPOSO TAVARES S/A,10531501000158,8.439,0.3001,1104.982086,2036-03-15,2032-08-15,140.15000000000003,5.0873,ok,,,19,5.0873631689936465,0.0012416997945188266,4.6914515709234195,33.14752141911651,4.862094821452101,2.3877656975488604,-2.3048820184147445,-4.530381448108345,-8.756400801877662,4.857189178019002,2.3871601872356054,-2.304291383687814,-4.525713963827837,-8.719952713464508,15.26396656096533,30.52793312193066,corrigido IPCA,1.009013471060902,143.22031980192668,5.427496625528949,383.061716691198,383.061716691198
2026-10-05,RRRP13,3R PETROLEUM OLEO E GAS S.A.,BRAVA ENERGIA S.A.,Isolada (a identificar),,IPCA_MAIS,S,Quirografária,N,BRAVA ENERGIA S.A.,12091809000155,8.4417,0.2166,1186.267404,2033-10-15,2030-08-15,135.44000000000008,3.623,ok,,,15,3.6229811844118522,-0.0005193372384206492,3.3409483477406314,17.475017525138714,3.4302925020117003,1.6925616415865319,-1.64886935590699,-3.2554664168750636,-6.347253784444673,3.4283234353663246,1.692317945776739,-1.6486304019638922,-3.253573260114938,-6.332396344978489,20.964690307158317,41.929380614316635,corrigido IPCA,1.0380271974665902,140.08389488518924,5.312969683111035,378.29834402175965,378.29834402175965
2026-10-05,RSAN16,COMPANHIA RIOGRANDENSE DE SANEAMENTO - CORSAN,COMPANHIA RIOGRANDENSE DE SANEAMENTO - CORSAN,Aegea,CVM FRE,IPCA_MAIS,S,Quirografária,N,COMPANHIA RIOGRANDENSE DE SANEAMENTO - CORSAN,92802784000190,8.9193,0.305,998.989702,2034-09-15,2033-05-15,190.01999999999998,5.4921,ok,,,16,5.492077679719167,-0.0004064070361517178,5.042336555338831,34.21357207491995,5.218066538843491,2.564511349286147,-2.478964507820436,-4.875724117031799,-9.435266417970345,5.2134044157134305,2.563935242763065,-2.4784013125757656,-4.871268694964231,-9.400401669179262,18.695334667289842,37.390669334579684,corrigido IPCA,0.9090908945910293,188.53633881433774,5.454114431830082,437.3292753485755,437.3292753485755
2026-10-05,RSAN26,COMPANHIA RIOGRANDENSE DE SANEAMENTO - CORSAN,COMPANHIA RIOGRANDENSE DE SANEAMENTO - CORSAN,Aegea,CVM FRE,IPCA_MAIS,S,Quirografária,N,COMPANHIA RIOGRANDENSE DE SANEAMENTO - CORSAN,92802784000190,9.1985,0.3684,968.355842,2039-09-15,2037-05-15,219.11999999999995,7.8095,ok,,,26,7.809561875793024,0.0007923143994418711,7.151711677168665,72.59539112819733,7.529458134382283,3.6684157528764416,-3.4868688437749262,-6.802568534240261,-12.958746473606709,7.514688632809651,3.666600077494579,-3.485111599674086,-6.788734721527678,-12.851515531773384,16.01531314270363,32.03062628540726,corrigido IPCA,0.881213769617144,229.0738040323726,5.5775685404130915,484.2944160270264,484.2944160270264
2026-10-05,RSAN34,COMPANHIA RIOGRANDENSE DE SANEAMENTO - CORSAN,COMPANHIA RIOGRANDENSE DE SANEAMENTO - CORSAN,Aegea,CVM FRE,IPCA_MAIS,S,Quirografária,S,COMPANHIA RIOGRANDENSE DE SANEAMENTO - CORSAN,92802784000190,7.0367,0.5367,670.979703,2028-02-15,2027-05-15,150.93999999999994,0.8312,ok,,,3,0.8312351387929062,0.004227477491118296,0.7765889071625958,1.5475708089182278,0.7844049883955373,0.3902386466853036,-0.3863696235785974,-0.7689277421102148,-1.5228339342541752,0.7843267612071868,0.39022891709244567,-0.3863599900701501,-0.7688510531180046,-1.522226398146827,49.76483183924403,99.52966367848806,corrigido IPCA,0.9849768096180302,77.29363274633774,6.266245651783575,306.2421905323543,306.2421905323543
2026-10-05,RSAN44,COMPANHIA RIOGRANDENSE DE SANEAMENTO - CORSAN,COMPANHIA RIOGRANDENSE DE SANEAMENTO - CORSAN,Aegea,CVM FRE,IPCA_MAIS,S,Quirografária,S,COMPANHIA RIOGRANDENSE DE SANEAMENTO - CORSAN,92802784000190,8.6631,0.4221,906.541619,2031-02-15,2029-05-15,168.30999999999995,2.1192,ok,,,9,2.1192766822220848,0.003618451400744032,1.9503186290673513,7.216257942181008,1.987002320035236,0.9842543655226077,-0.9662126021362627,-1.914821836841163,-3.76091941485458,1.9863999187782564,0.984179636961402,-0.9661389921059496,-1.9142373393564467,-3.756312099291083,44.64324253026004,89.28648506052008,corrigido IPCA,0.931542732712939,174.13709513747605,5.253299294752423,415.89709981062236,415.89709981062236
2026-10-05,RUMOA2,RUMO S/A,RUMO S.A.,Rumo,CVM FRE,IPCA_MAIS,S,Quirografária,N,RUMO S.A.,02387241000160,7.9995,0.1321,1437.815187,2029-02-15,2028-08-15,102.09000000000002,1.2811,ok,,,5,1.2811259932821986,0.0020289815157798195,1.186233263378255,3.0602880981136678,1.2017231156866925,0.5969654055273166,-0.589314414541442,-1.1711159011879912,-2.31271662749436,1.2015347038688233,0.5969419918117695,-0.5892912715664855,-1.1709318228876866,-2.3112607647942367,55.812045077510874,111.62409015502175,corrigido IPCA,0.9640498686904817,132.41220873621998,5.59427451304495,367.89136029092356,367.89136029092356
2026-10-05,RUMOA3,RUMO S/A,RUMO S.A.,Rumo,CVM FRE,IPCA_MAIS,S,Quirografária,N,RUMO S.A.,02387241000160,8.0719,0.1661,1412.887738,2029-10-15,2028-08-15,109.32999999999993,1.861,ok,,,4,1.8610364397925787,0.0019580759042839386,1.7220354595344198,5.212737796456192,1.7484613128214477,0.8675786300462063,-0.854546211445073,-1.6963247464253595,-3.3426045340724464,1.7480991485167008,0.8675336520127801,-0.8545018075216397,-1.6959717705521387,-3.339816163139716,34.04833607820405,68.0966721564081,corrigido IPCA,0.963710770595996,117.26488412962497,5.294503392321381,348.83557500496516,348.83557500496516
2026-10-05,RUMOA4,RUMO S/A,RUMO S.A.,Rumo,CVM FRE,IPCA_MAIS,S,Quirografária,N,RUMO S.A.,02387241000160,8.0474,0.1626,1445.211827,2030-04-15,2029-05-15,106.73999999999992,2.2458,ok,,,8,2.2458355758237785,0.0015841047189618068,2.078565125883435,7.017305269192792,2.1141814304452167,1.0481199587315304,-1.0305757976744934,-2.043994005697136,-4.020852087508997,2.113651652229399,1.0480541945282087,-1.0305109313552265,-2.0434785995374716,-4.0167841463830145,25.621952401424913,51.243904802849826,corrigido IPCA,1.0048388114749465,106.5137934372943,5.244027442779164,336.71761606583055,336.71761606583055
2026-10-05,RUMOA5,RUMO S/A,RUMO S.A.,Rumo,CVM FRE,IPCA_MAIS,S,Quirografária,N,RUMO S.A.,02387241000160,8.2694,0.1154,1222.119699,2030-12-15,2030-08-15,118.20999999999992,2.9403,ok,,,9,2.9403004850085153,1.6495205085452527e-05,2.7157262208976083,10.696647089261544,2.770117443706832,1.3713465546236536,-1.3446032479884518,-2.663123937632028,-5.224463412900926,2.769209456343916,1.371233919310381,-1.3444923015872274,-2.662242985451301,-5.217519500009986,22.460752456375932,44.921504912751864,corrigido IPCA,0.8874021605042597,121.99450877374098,5.258876547346469,356.23328076282104,356.23328076282104
2026-10-05,RUMOA6,RUMO S/A,RUMO S.A.,Rumo,CVM FRE,IPCA_MAIS,S,Quirografária,N,RUMO S.A.,02387241000160,8.118,0.1922,1205.04461,2031-06-15,2030-08-15,103.07000000000004,3.3165,ok,,,10,3.31652314334432,0.0006978243425320578,3.067503231047855,13.290713442184893,3.1351757981045836,1.5505161464006934,-1.5172869470847061,-3.0022299957981335,-5.878486883632661,3.1339567982587795,1.5503650073266586,-1.5171382237211963,-3.001049663836931,-5.869192193252013,17.1947258348763,34.3894516697526,corrigido IPCA,0.9050271675841204,105.48975411093016,5.287236353365499,337.5004698598684,337.5004698598684
2026-10-05,RUMOA7,RUMO S/A,RUMO S.A.,Rumo,CVM FRE,IPCA_MAIS,S,Quirografária,N,RUMO S.A.,02387241000160,8.0231,0.2298,1093.507955,2029-08-15,2029-05-15,104.3099999999999,2.6343,ok,,,6,2.6343316618186567,0.0012019063377997428,2.438674377812391,8.490486916377252,2.4817627223566063,1.2300292495966092,-1.2088019796308802,-2.3968410039178156,-4.712426585694018,2.4811268123942773,1.2299502975516672,-1.208724080260724,-2.396221943230505,-4.707539017297237,20.166168720991386,40.33233744198277,corrigido IPCA,0.9528536187995889,98.35743791704675,5.242952066829143,327.95588656633777,327.95588656633777
2026-10-05,RUMOB3,RUMO S/A,RUMO S.A.,Rumo,CVM FRE,IPCA_MAIS,S,Quirografária,N,RUMO S.A.,02387241000160,8.145,0.168,1387.053939,2029-10-15,2028-08-15,116.63999999999994,1.8776,ok,,,7,1.8776350255925913,0.0018654448546754747,1.7362199136276215,5.243336610050337,1.7628003413119098,0.8747093022071883,-0.8616003848393894,-1.7103577579952844,-3.3703737638820175,1.762436596677873,0.8746641275763736,-0.8615557860512478,-1.71000323057737,-3.367573095054236,36.00532748799309,72.01065497598618,corrigido IPCA,0.9460899043859212,125.02633316267519,5.290726025416426,357.84462000785874,357.84462000785874
2026-10-05,RUMOB5,RUMO S/A,RUMO S.A.,Rumo,CVM FRE,IPCA_MAIS,S,Quirografária,N,RUMO S.A.,02387241000160,8.2993,0.1745,1057.446698,2035-12-15,2035-05-15,128.15000000000003,6.6987,ok,,,19,6.698710927368857,0.0001631267090296859,6.185368628762011,49.53694209359245,6.4408488999256885,3.155567323301778,-3.0317005982863576,-5.945089308848894,-11.43778217915502,6.433053339229973,3.1546054919979962,-3.030763136764015,-5.937683918294049,-11.379998415652173,10.48143166410654,20.96286332821308,corrigido IPCA,0.7678302668719182,129.6630371993548,5.523177207239827,368.5199108204104,368.5199108204104
2026-10-05,RUMOB6,RUMO S/A,RUMO S.A.,Rumo,CVM FRE,IPCA_MAIS,S,Quirografária,N,RUMO S.A.,02387241000160,8.2251,0.348,1058.907924,2036-06-15,2035-05-15,120.72999999999992,6.8826,ok,,,20,6.882581623639371,-0.0002669973647856291,6.3595059035652275,53.07271213878841,6.63357903693691,3.2471678874945287,-3.1144578367489184,-6.102399283957938,-11.72192426992792,6.62486946425917,3.2460938419561,-3.1134120616091288,-6.094142342871286,-11.657557564354688,9.720886962252317,19.441773924504634,corrigido IPCA,0.795273838690374,123.64007604866771,5.532664526096687,361.32217940302746,361.32217940302746
2026-10-05,RUMOB7,RUMO S/A,RUMO S.A.,Rumo,CVM FRE,IPCA_MAIS,S,Quirografária,N,RUMO S.A.,02387241000160,8.2335,0.2609,1060.843176,2033-05-15,2033-05-15,121.43999999999994,5.3023,ok,,,14,5.302345732176551,0.0008624969645523767,4.89898758903348,32.19599075210969,5.064176160495837,2.4902591125921525,-2.409757975994231,-4.742037598166926,-9.185620270293548,5.059967542794029,2.489738782956877,-2.409248806076603,-4.738007635272932,-9.154055363024767,12.13146785524439,24.26293571048878,corrigido IPCA,0.9243904105731078,118.86382091920174,5.441894373191025,355.3930994124957,355.3930994124957
2026-10-05,SAELA1,ENERGISA PARAIBA - DISTR.DE ENERGIA S/A,ENERGISA PARAIBA - DISTRIBUIDORA DE ENERGIA S/A,Energisa,CVM FRE,IPCA_MAIS,S,Quirografária,N,ENERGISA PARAIBA - DISTRIBUIDORA DE ENERGIA S/A,09095183000140,7.2851,0.0509,1226.064827,2030-01-15,2029-05-15,30.50999999999995,2.5313,ok,,,7,2.531279070939942,-0.0008268107319521969,2.3593948003403473,8.238742439800232,2.4012159049112025,1.1900737106610881,-1.1694757928191302,-2.318811485697403,-4.558832516366218,2.4005885125393487,1.1899958282199241,-1.1693989721204234,-2.3182010881413464,-4.554014751884691,5.5143968989712135,11.028793797942427,corrigido IPCA,0.9831019451776937,26.021278740891233,5.240218817554143,242.58718194847532,242.58718194847532
2026-10-05,SAELA3,ENERGISA PARAIBA - DISTR.DE ENERGIA S/A,ENERGISA PARAIBA - DISTRIBUIDORA DE ENERGIA S/A,Energisa,CVM FRE,IPCA_MAIS,S,Quirografária,N,ENERGISA PARAIBA - DISTRIBUIDORA DE ENERGIA S/A,09095183000140,7.4339,0.0887,1093.83642,2031-04-15,2031-05-15,39.570000000000064,3.8623,ok,,,10,3.862354566041873,0.0014127862121888972,3.5950985359759566,17.672061222274035,3.6852335877493037,1.819859265632684,-1.7756753601580688,-3.5084529088267202,-6.850243952568813,3.683458842087327,1.819639344515821,-1.7754591914601356,-3.5067382298645864,-6.836755847506433,5.013549333635905,10.02709866727181,corrigido IPCA,0.9821262786932445,36.04840773879535,5.333284900699198,256.71732065776644,256.71732065776644
2026-10-05,SAELA7,ENERGISA PARAIBA - DISTR.DE ENERGIA S/A,ENERGISA PARAIBA - DISTRIBUIDORA DE ENERGIA S/A,Energisa,CVM FRE,IPCA_MAIS,S,Quirografária,S,ENERGISA PARAIBA - DISTRIBUIDORA DE ENERGIA S/A,09095183000140,7.6547,0.0623,1049.124157,2035-10-15,2035-05-15,63.68999999999998,6.5234,ok,,,19,6.523445721674649,0.0007008871853481604,6.059601412362534,50.80855654110168,6.322072323734607,3.0943505961645634,-2.9673015775275813,-5.813544423055717,-11.165268588903531,6.313644195068043,3.0933114018576444,-2.9662900105048897,-5.8055586296570265,-11.103031693903034,5.532735067698167,11.065470135396334,corrigido IPCA,1.0072457188052746,67.05233846090307,5.513918361104375,294.3910113890443,294.3910113890443
2026-10-05,SAELB3,ENERGISA PARAIBA - DISTR.DE ENERGIA S/A,ENERGISA PARAIBA - DISTRIBUIDORA DE ENERGIA S/A,Energisa,CVM FRE,IPCA_MAIS,S,Quirografária,N,ENERGISA PARAIBA - DISTRIBUIDORA DE ENERGIA S/A,09095183000140,7.6926,0.1611,1041.98066,2039-04-15,2037-05-15,68.52999999999997,7.8692,ok,,,26,7.869195930321957,-5.171654098828538e-05,7.307090673195703,74.94052025571202,7.69702445655116,3.7490935662066516,-3.5616822757440603,-6.94665861270426,-13.226002277963378,7.681793274474264,3.7472209869174913,-3.5598696862782115,-6.932388071917142,-13.115370941277165,5.333835329728387,10.667670659456775,corrigido IPCA,0.9355664004560038,77.94963678044004,5.580315572357697,306.7282079587875,306.7282079587875
2026-10-05,SAELB7,ENERGISA PARAIBA - DISTR.DE ENERGIA S/A,ENERGISA PARAIBA - DISTRIBUIDORA DE ENERGIA S/A,Energisa,CVM FRE,IPCA_MAIS,S,Quirografária,S,ENERGISA PARAIBA - DISTRIBUIDORA DE ENERGIA S/A,09095183000140,7.7295,0.1172,1025.602315,2040-10-15,2037-05-15,72.22,8.3059,ok,,,29,8.305949320242899,0.0005937976968118766,7.7100045208071135,85.95687373180827,8.158929613443267,3.9647979802109212,-3.7498238071176804,-7.298047837041555,-13.838699168384727,8.139788889466155,3.9624483525683174,-3.747556168238796,-7.280220152148072,-13.700871566978062,5.520506595255021,11.041013190510043,corrigido IPCA,0.9846628202866962,85.1262616131234,5.600000124163085,314.65510221379947,314.65510221379947
2026-10-05,SAELB8,ENERGISA PARAIBA - DISTR.DE ENERGIA S/A,ENERGISA PARAIBA - DISTRIBUIDORA DE ENERGIA S/A,Energisa,CVM FRE,IPCA_MAIS,S,Quirografária,N,ENERGISA PARAIBA - DISTRIBUIDORA DE ENERGIA S/A,09095183000140,7.6078,0.0909,974.220293,2036-02-15,2035-05-15,58.999999999999986,6.9627,ok,,,19,6.962690393102559,-0.00013797661023908482,6.47043280608149,56.18622917367036,6.760989778709137,3.3066355826241844,-3.166137564864946,-6.198608007613604,-11.888058306484272,6.751363951949842,3.305449189507833,-3.164983616573657,-6.189501660213138,-11.817141028689573,4.900020576759454,9.800041153518908,corrigido IPCA,0.9486004037368168,63.41050778067743,5.53673027075734,290.2633707691466,290.2633707691466
2026-10-05,SAPR10,COMPANHIA DE SANEAMENTO DO PARANA - SANEPAR,COMPANHIA DE SANEAMENTO  DO PARANA - SANEPAR,Sanepar,CVM FRE,IPCA_MAIS,S,Quirografária,N,COMPANHIA DE SANEAMENTO  DO PARANA - SANEPAR,76484013000145,6.1141,0.1427,14299.630626,2027-03-15,,,0.4286,ok,,,1,0.42857142857142855,-0.0066662222518509935,0.403877928165464,0.5437246055276206,0.40661745996313226,0.2026212228313673,-0.20126189038291997,-0.40117987885602835,-0.7970446465981995,0.40659655119310206,0.20261861983964152,-0.20125930832582245,-0.40115930513782594,-0.7968813642203756,132.0486501893684,264.0973003787368,corrigido IPCA,0.996608865912338,106.66307051105643,7.623672467063658,339.56434748920447,339.56434748920447
2026-10-05,SAPRA2,COMPANHIA DE SANEAMENTO DO PARANA - SANEPAR,COMPANHIA DE SANEAMENTO  DO PARANA - SANEPAR,Sanepar,CVM FRE,IPCA_MAIS,S,Quirografária,N,COMPANHIA DE SANEAMENTO  DO PARANA - SANEPAR,76484013000145,6.7892,0.283,1289.835348,2029-03-15,2029-05-15,-19.08000000000003,2.3147,ok,,,5,2.314683435248715,-0.0007156327509097694,2.1675257753112813,6.8527601382770005,2.2022651487517697,1.0923879067908038,-1.075255265100894,-2.1337256812112626,-4.201660197642154,2.2017895760026667,1.092328837828487,-1.0751969374827945,-2.1332619746198964,-4.197996347857023,-5.149054842352062,-10.298109684704125,corrigido IPCA,0.9479150922992425,-22.321418178578924,5.241217453893676,185.42913131303996,185.42913131303996
2026-10-05,SAPRA3,COMPANHIA DE SANEAMENTO DO PARANA - SANEPAR,COMPANHIA DE SANEAMENTO  DO PARANA - SANEPAR,Sanepar,CVM FRE,IPCA_MAIS,S,Quirografária,N,COMPANHIA DE SANEAMENTO  DO PARANA - SANEPAR,76484013000145,6.7184,0.2423,1252.940677,2031-03-15,2031-05-15,-31.979999999999986,4.0195,ok,,,9,4.019511672408867,0.0002903945482526167,3.7664654571366016,18.555926714741496,3.8611077244128156,1.9066584505399664,-1.8602646986559779,-3.675485466392092,-7.1759690254141635,3.8592450907103086,1.9064276369617277,-1.860037820174874,-3.673685823562894,-7.1618123799783735,-4.780152401477178,-9.560304802954356,corrigido IPCA,0.9208007713592412,-36.008557800024725,5.346439001271319,172.20530483351266,172.20530483351266
2026-10-05,SAPRB3,COMPANHIA DE SANEAMENTO DO PARANA - SANEPAR,COMPANHIA DE SANEAMENTO  DO PARANA - SANEPAR,Sanepar,CVM FRE,IPCA_MAIS,S,Quirografária,N,COMPANHIA DE SANEAMENTO  DO PARANA - SANEPAR,76484013000145,6.831,0.2707,1213.9791,2032-01-15,2032-08-15,-20.649999999999924,4.5178,ok,,,11,4.51785029737646,0.001113315694792612,4.228969397811927,23.652441332916098,4.349896651218055,2.14438018913361,-2.0852428675902424,-4.1132726961223165,-8.00503563556183,4.347231604476508,2.144050250572109,-2.0849191472398183,-4.1107071911473465,-7.984889968965532,-2.8067727259484987,-5.613545451896997,corrigido IPCA,0.9734111881803358,-23.739511929298725,5.386260735890924,187.13744057145703,187.13744057145703
2026-10-05,SAUC16,S/A USINA CORURIPE ACUCAR E ALCOOL,S/A USINA CORURIPE ACUCAR E ALCOOL,Usina Coruripe,inferido,IPCA_MAIS,S,Quirografária,N,S/A USINA CORURIPE ACUCAR E ALCOOL,12229415000110,11.4952,0.2404,1144.214477,2034-04-15,2030-08-15,440.7900000000001,2.9419,ok,,,16,2.9419728771781677,0.002477214662895732,2.638654289313054,12.88901946097972,2.704500201406068,1.335611827914529,-1.3033859842058404,-2.575557258823058,-5.030112527940888,2.7030993866179522,1.3354384189827515,-1.3032158703303023,-2.574209192008155,-5.019528189406513,85.36669043300074,170.73338086600148,corrigido IPCA,1.1205174733928704,450.50636775099406,5.258986846468883,742.2397375363493,742.2397375363493
2026-10-05,SAVI13,SANTA VITÓRIA DO PALMAR ENERGIAS RENOVÁVEIS S.A.,SANTA VITORIA DO PALMAR ENERGIAS RENOVAVEIS S.A.,Isolada (a identificar),,IPCA_MAIS,S,Quirografária,N,SANTA VITORIA DO PALMAR ENERGIAS RENOVAVEIS S.A.,18156217000150,7.535,0.0667,633.36809,2031-09-15,2029-05-15,55.49999999999997,2.7525,ok,,,10,2.752464209315784,-0.001300297337543548,2.5595984649795733,10.51314859239309,2.6131096346608595,1.2930578940308024,-1.2667731607602817,-2.5079483469350183,-4.916144916897625,2.6121642079415386,1.292940668230278,-1.2666577967492954,-2.507032722017608,-4.908933958111285,10.320684642691738,20.641369285383476,corrigido IPCA,0.9629693869570581,52.83361713794406,5.247939050186368,274.18967534446483,274.18967534446483
2026-10-05,SBSPB6,CIA. DE SANEAMENTO BÁSICO DO ESTADO DE SP - SABESP,CIA SANEAMENTO BASICO EST. SP - SABESP,Sabesp,inferido,IPCA_MAIS,S,Quirografária,N,CIA SANEAMENTO BASICO EST. SP - SABESP,43776517000180,6.4434,0.1283,1435.614183,2027-07-15,2027-05-15,91.60999999999993,0.7659,ok,,,1,0.7658730158730159,-0.003523191928985191,0.7195119808959654,1.193654815799087,0.7255324105340577,0.36125454946085434,-0.3582703552169719,-0.713594947654761,-1.4155572310317943,0.7254802549749608,0.3612480589677315,-0.3582639219282338,-0.7135437068169699,-1.415150865475949,32.314358610338836,64.62871722067767,corrigido IPCA,0.9972707060968696,46.50113635021498,6.422582205319705,266.70785307300554,266.70785307300554
2026-10-05,SBSPC6,CIA. DE SANEAMENTO BÁSICO DO ESTADO DE SP - SABESP,CIA SANEAMENTO BASICO EST. SP - SABESP,Sabesp,inferido,IPCA_MAIS,S,Quirografária,N,CIA SANEAMENTO BASICO EST. SP - SABESP,43776517000180,6.9347,0.1591,1386.383796,2030-07-15,2029-05-15,-4.530000000000012,2.5844,ok,,,4,2.5844817620609684,0.003163676712905383,2.416878489452879,8.782631786248098,2.4614940756996218,1.2195047005025383,-1.1975468727732586,-2.373647777126897,-4.663487152467072,2.4607916483841197,1.21941753445925,-1.1974609549936295,-2.372965330521639,-4.6581043431807965,-1.7394345617962217,-3.4788691235924434,corrigido IPCA,0.9630720917511465,-8.408003952432367,5.241418049698288,202.02861013204407,202.02861013204407
2026-10-05,SBSPD4,CIA. DE SANEAMENTO BÁSICO DO ESTADO DE SP - SABESP,CIA SANEAMENTO BASICO EST. SP - SABESP,Sabesp,inferido,IPCA_MAIS,S,Quirografária,N,CIA SANEAMENTO BASICO EST. SP - SABESP,43776517000180,6.9972,0.1186,1396.473956,2029-07-15,2028-08-15,1.8600000000000172,1.6955,ok,,,3,1.6955008952538329,5.280175953078085e-05,1.584621742675353,4.562561593462468,1.6077408406306892,0.7980521186011114,-0.7866452415775438,-1.562107652936462,-3.0803527737934377,1.6074345506426655,0.7980140733295047,-0.7866076693458485,-1.5618089347080408,-3.0779922534814568,5.450254603874386,10.900509207748772,corrigido IPCA,0.9499308808170137,17.273183896831593,5.343186412960899,230.764254243428,230.764254243428
2026-10-05,SBSPE3,CIA. DE SANEAMENTO BÁSICO DO ESTADO DE SP - SABESP,CIA SANEAMENTO BASICO EST. SP - SABESP,Sabesp,inferido,IPCA_MAIS,S,Quirografária,N,CIA SANEAMENTO BASICO EST. SP - SABESP,43776517000180,7.1246,0.1391,1164.396868,2035-01-15,2035-05-15,10.679999999999978,6.1276,ok,,,9,6.127590374259443,-0.00015708826551206513,5.720059047370485,44.96922563009811,5.951912649008118,2.91710574177666,-2.8046609401577327,-5.501872369165762,-10.592706761304594,5.944905175520976,2.9162410557228657,-2.80381799164762,-5.495212919219996,-10.540733582139008,1.0690462138207768,2.1380924276415536,corrigido IPCA,1.0790890661264856,12.230014934845393,5.492135071338589,229.95173342055816,229.95173342055816
2026-10-05,SBSPE9,CIA. DE SANEAMENTO BÁSICO DO ESTADO DE SP - SABESP,CIA SANEAMENTO BASICO EST. SP - SABESP,Sabesp,inferido,IPCA_MAIS,S,Quirografária,N,CIA SANEAMENTO BASICO EST. SP - SABESP,43776517000180,6.9478,0.0926,1240.663838,2031-12-15,2030-08-15,-13.949999999999996,3.6504,ok,,,6,3.6504672295749945,0.0018417043336239718,3.413316804623372,16.373999857351667,3.4968252266992295,1.7273289143628245,-1.6863904203828772,-3.3330292920641824,-6.511600113471494,3.495186803910131,1.7271259021333758,-1.6861909024899966,-3.331446805336614,-6.499153612099712,-1.7489264010169743,-3.4978528020339485,corrigido IPCA,0.9846646472630523,-11.939279749281425,5.315308177139633,199.8670421897767,199.8670421897767
2026-10-05,SBSPF3,CIA. DE SANEAMENTO BÁSICO DO ESTADO DE SP - SABESP,CIA SANEAMENTO BASICO EST. SP - SABESP,Sabesp,inferido,IPCA_MAIS,S,Quirografária,N,CIA SANEAMENTO BASICO EST. SP - SABESP,43776517000180,7.1825,0.1359,1152.633337,2040-01-15,2037-05-15,17.520000000000024,8.0586,ok,,,14,8.058636603041077,0.0004542109184763227,7.518612276296109,80.61599926101091,7.938916447601874,3.862191975452123,-3.6605808990929356,-7.131618191879352,-13.54942243159607,7.921692272601163,3.8600761372243184,-3.6585361390717908,-7.115532279991054,-13.424904567372002,1.914608269723377,3.829216539446754,corrigido IPCA,1.0681873812343736,28.79039448208047,5.588944892223524,248.65189480628027,248.65189480628027
2026-10-05,SBSPF9,CIA. DE SANEAMENTO BÁSICO DO ESTADO DE SP - SABESP,CIA SANEAMENTO BASICO EST. SP - SABESP,Sabesp,inferido,IPCA_MAIS,S,Quirografária,N,CIA SANEAMENTO BASICO EST. SP - SABESP,43776517000180,7.1427,0.1826,1174.814063,2036-12-15,2035-05-15,12.489999999999934,6.9649,ok,,,11,6.964934566340437,0.0004962934203948523,6.500615129486598,56.966693206593455,6.795283842284605,3.3227279774230123,-3.180277802533815,-6.225081462049975,-11.934303425372693,6.785448595519565,3.3215159312515405,-3.179099198235057,-6.2157816634536305,-11.861896394841326,1.2951684690696452,2.5903369381392904,corrigido IPCA,0.9324023517560154,16.83878349053626,5.536843600812036,235.46484032651188,235.46484032651188
2026-10-05,SBSPI8,CIA. DE SANEAMENTO BÁSICO DO ESTADO DE SP - SABESP,CIA SANEAMENTO BASICO EST. SP - SABESP,Sabesp,inferido,IPCA_MAIS,S,Quirografária,N,CIA SANEAMENTO BASICO EST. SP - SABESP,43776517000180,7.0917,0.0975,983.54527,2036-02-15,2035-05-15,7.390000000000008,7.0792,ok,,,19,7.079215900626686,0.00022461050239504354,6.610424431236674,58.02594066602323,6.910575789144691,3.378979702876528,-3.2338808529939533,-6.329772025503189,-12.134123209709003,6.90055413456679,3.377744641450866,-3.2326797897858075,-6.320294727906557,-12.060330049152883,0.8962678413744528,1.7925356827489056,corrigido IPCA,0.955826425918471,11.849421671106878,5.542575029587704,229.6816645592676,229.6816645592676
2026-10-05,SBSPJ8,CIA. DE SANEAMENTO BÁSICO DO ESTADO DE SP - SABESP,CIA SANEAMENTO BASICO EST. SP - SABESP,Sabesp,inferido,IPCA_MAIS,S,Quirografária,N,CIA SANEAMENTO BASICO EST. SP - SABESP,43776517000180,7.1813,0.0668,973.951231,2038-02-15,2037-05-15,17.400000000000038,8.077,ok,,,23,8.076999435291908,-6.9915574079932294e-06,7.535828950844885,76.92632686191699,7.935937166359874,3.8659755464198975,-3.6735995253516784,-7.165709844793744,-13.645681683605392,7.920460585154469,3.8640723839998383,-3.6717565668450463,-7.1511973165353,-13.533131364451428,1.7534989145545585,3.506997829109117,corrigido IPCA,0.9465027845043846,26.42813577115065,5.5897737290575344,246.40462100918435,246.40462100918435
2026-10-05,SBSPK8,CIA. DE SANEAMENTO BÁSICO DO ESTADO DE SP - SABESP,CIA SANEAMENTO BASICO EST. SP - SABESP,Sabesp,inferido,IPCA_MAIS,S,Quirografária,N,CIA SANEAMENTO BASICO EST. SP - SABESP,43776517000180,7.0541,0.1354,968.415082,2041-02-15,2040-08-15,24.099999999999966,9.0124,ok,,,29,9.01239759004564,-2.6740428284804233e-05,8.41854500672617,97.97753489025493,8.931062729634531,4.334520760129612,-4.089477025524602,-7.949687474567913,-15.039954591905724,8.908432681177445,4.3317444219759045,-4.086800584750266,-7.928657332274897,-14.877539315647242,1.1261139668281077,2.2522279336562154,corrigido IPCA,0.9411226560233763,18.960482224890733,5.6304113430399205,237.05199018932512,237.05199018932512
2026-10-05,SDOM12,USINA SAO DOMINGOS-ACUCAR E ETANOL S/A,USINA SAO DOMINGOS-ACUCAR E ETANOL S/A,Usina Sao,inferido,IPCA_MAIS,S,Real,N,USINA SAO DOMINGOS-ACUCAR E ETANOL S/A,47063128000168,,,,2034-01-15,2031-05-15,,,sem taxa indicativa,,,,,,,,,,,,,,,,,,,,,,,,,
2026-10-05,SERI11,SERRA DO SERIDO F2 HOLDING S.A.,SERRA DO SERIDO F2 HOLDING S.A.,Serra Serido,inferido,IPCA_MAIS,S,Real,N,SERRA DO SERIDO F2 HOLDING S.A.,43386975000102,7.6051,0.3708,1005.996672,2042-04-15,2032-08-15,56.760000000000055,4.8503,ok,,,32,4.8503460003146035,0.0009484014309149319,4.507542858391101,38.08873910320212,4.705187091141783,2.302267644714129,-2.2070175414658055,-4.323847206152531,-8.305636164910657,4.6979865539071115,2.3013823530745534,-2.206160505316548,-4.31709916287509,-8.25331093471816,7.3457174506423835,14.691434901284767,corrigido IPCA,0.9933484081253349,66.22227246880392,5.410897863447173,290.6814035436036,290.6814035436036
2026-10-05,SMTO14,SAO MARTINHO S/A,SAO MARTINHO S/A,Sao Martinho,CVM FRE,IPCA_MAIS,S,Quirografária,N,SAO MARTINHO S/A,51466860000156,7.9081,0.1277,1148.412302,2032-01-15,2032-08-15,87.06000000000004,4.4896,ok,,,11,4.489639708625744,0.0008844579861008512,4.160614178755575,23.000118808352553,4.278177984658549,2.109374601244385,-2.0518683846624697,-4.0480820364715004,-7.88061321092326,4.275614772797338,2.109057237888228,-2.051556940867347,-4.045613584713812,-7.861225981344099,10.101697269269366,20.20339453853873,corrigido IPCA,0.9338725639872233,84.05852977603719,5.384096681025596,313.927421193672,313.927421193672
2026-10-05,SMTO15,SAO MARTINHO S/A,SAO MARTINHO S/A,Sao Martinho,CVM FRE,IPCA_MAIS,S,Quirografária,N,SAO MARTINHO S/A,51466860000156,7.4942,0.2626,1258.726812,2030-12-15,2029-05-15,51.41999999999997,2.7587,ok,,,5,2.7587050362789625,0.00018255986378770846,2.566375707972116,10.068975451185182,2.617576839383462,1.2958802878998865,-1.2707062504826672,-2.51686149178294,-4.937919042160399,2.616720585228042,1.2957740733000394,-1.2706016346720765,-2.51603083071619,-4.9313719069205275,8.954550403947788,17.909100807895577,corrigido IPCA,1.0586166352450013,45.961481265007,5.2482488926324455,266.4192840986273,266.4192840986273
2026-10-05,SMTO24,SAO MARTINHO S/A,SAO MARTINHO S/A,Sao Martinho,CVM FRE,IPCA_MAIS,S,Quirografária,N,SAO MARTINHO S/A,51466860000156,8.0565,0.2127,1096.978916,2037-01-15,2035-05-15,103.86999999999995,6.9252,ok,,,21,6.925170037132464,-0.0004326642918099993,6.4088417051565285,55.425724211306935,6.695459759168654,3.274872544494345,-3.136276166956553,-6.140689085556572,-11.779066685340933,6.685970326213063,3.273703007842398,-3.1351386973141304,-6.131713084099994,-11.70916892608692,8.448579367185012,16.897158734370024,corrigido IPCA,0.8920476695712226,108.29121559548051,5.534830948185809,343.0060874489486,343.0060874489486
2026-10-05,SPRZ11,ESPERANZA TRANSMISSORA DE ENERGIA S.A,ARGO VI TRANSMISSAO DE ENERGIA S.A,Argo,CVM FRE,IPCA_MAIS,S,Real,N,ARGO VI TRANSMISSAO DE ENERGIA S.A,20514555000169,7.0859,0.0581,599.499773,2030-09-15,2028-08-15,10.72999999999995,1.8804,ok,,,8,1.8804604440245143,0.0032144237669760062,1.7560299199283138,5.913906520938147,1.7860582958949545,0.8854642882198283,-0.8706787181403275,-1.7269063653083228,-3.3973000911435958,1.7855994525330048,0.8854073431153298,-0.8706225768129843,-1.7264603873236233,-3.3937817094378655,6.2783472599249395,12.556694519849879,corrigido IPCA,0.9985657019422532,22.04993127225628,5.290100867716685,236.50398400369457,236.50398400369457
2026-10-05,SRBS11,SRBT SUBHOLDING S.A,SRBT SUBHOLDING S.A,Srbt Subholding,inferido,IPCA_MAIS,S,Quirografária,N,SRBT SUBHOLDING S.A,61741462000154,7.052,0.1059,1065.29899,2049-12-15,2037-05-15,4.469999999999974,8.1708,ok,,,46,8.170835940187343,0.0004398613029757387,7.632585977083421,93.73034993460148,8.126700291745026,3.936565674390291,-3.7021023570625533,-7.187194626988758,-13.568829600657018,8.101237726756429,3.9334559259599624,-3.6991300511234586,-7.163934227410413,-13.390564955474812,1.3376541494760823,2.6753082989521646,corrigido IPCA,0.9619976369138521,20.41952060695719,5.593988885867307,236.6727318042241,236.6727318042241
2026-10-05,SRNA11,SERENA ENERGIA S.A,SERENA ENERGIA S.A,Serena,CVM FRE,IPCA_MAIS,S,Real,N,SERENA ENERGIA S.A,42500384000151,8.6471,0.0629,1046.324782,2035-03-15,2033-05-15,162.8,5.6467,ok,,,17,5.646749819510189,0.0008822765542570119,5.197331377929268,36.90019267457879,5.387099372302662,2.6454414539643922,-2.5531757611269468,-5.017853920627202,-9.695931859376472,5.381832341302162,2.6447909298078573,-2.5525404481214107,-5.012830414556374,-9.65665890236696,15.630256303938063,31.260512607876127,corrigido IPCA,0.983439953624583,162.4712430670681,5.463761145513435,406.60782247900374,406.60782247900374
2026-10-05,SRTI11,SERTÃO I SOLAR ENERGIA SPE S.A.,SERTAO I SOLAR ENERGIA SPE S.A.,Isolada (a identificar),,IPCA_MAIS,S,Real,N,SERTAO I SOLAR ENERGIA SPE S.A.,23907723000174,7.3537,0.0699,764.091303,2032-12-15,2029-05-15,37.36999999999995,2.8567,ok,,,13,2.8567185790928225,0.0006503690559889024,2.6610341134891695,12.546054646475786,2.7250625879136736,1.3463604101119797,-1.3149923695368493,-2.599555554368216,-5.08098395838168,2.723764386721548,1.3461996250526793,-1.31483448843649,-2.5983038402567904,-5.071147134048823,6.764516505064429,13.529033010128858,corrigido IPCA,1.0145907442263797,36.001218362473956,5.253629360745959,254.4224924654074,254.4224924654074
2026-10-05,STBP35,SANTOS BRASIL PARTICIPAÇÕES S/A,SANTOS BRASIL PARTICIPACOES S/A,Santos Brasil,CVM FRE,IPCA_MAIS,S,Quirografária,N,SANTOS BRASIL PARTICIPACOES S/A,02762121000104,7.0522,0.131,1072.573171,2034-08-15,2033-05-15,3.310000000000013,5.5617,ok,,,16,5.5616915669447975,-0.00015162729385969452,5.195308052468606,35.86863839139074,5.3796085331806465,2.6431023129122044,-2.5534168152946846,-5.02069959146727,-9.710283458140822,5.37465124442556,2.6424898242235417,-2.5528182282450644,-5.0159648605116525,-9.673243337109398,0.15035917235127697,0.30071834470255393,corrigido IPCA,0.9742886488565028,1.5623244377582086,5.458490026284424,217.44880749402333,217.44880749402333
2026-10-05,STBP45,SANTOS BRASIL PARTICIPAÇÕES S/A,SANTOS BRASIL PARTICIPACOES S/A,Santos Brasil,CVM FRE,IPCA_MAIS,S,Quirografária,N,SANTOS BRASIL PARTICIPACOES S/A,02762121000104,7.2072,0.1091,1054.317331,2039-08-15,2037-05-15,19.99000000000004,8.2488,ok,,,26,8.2488452898429,0.0005490476542039564,7.694301585940963,81.14316791304556,8.116976703687984,3.9506638688095785,-3.7477374598629765,-7.304448251352158,-13.88861463613612,8.100017425506191,3.948579752861788,-3.745721833079175,-7.288585746375735,-13.765739813621014,1.9716859788508831,3.9433719577017663,corrigido IPCA,0.9577056689436056,30.34149310809982,5.5974677583287,250.80099120963894,250.80099120963894
2026-10-05,STRZ11,VENTOS DE SANTA TEREZA 07 ENERGIAS RENOVAVEIS S.A.,VENTOS DE SANTA TEREZA 07 ENERGIAS RENOVAVEIS S.A.,Isolada (a identificar),,IPCA_MAIS,S,Real,N,VENTOS DE SANTA TEREZA 07 ENERGIAS RENOVAVEIS S.A.,37020274000152,7.5083,0.0983,1023.102665,2039-03-15,2033-05-15,48.92000000000003,5.4569,ok,,,25,5.45690429754359,7.875430354827573e-05,5.075798145393044,40.88019176077732,5.287227261307614,2.5898649821740394,-2.4876398008363276,-4.8780298114438185,-9.38558840170428,5.280199104196931,2.588999312397494,-2.4867988329955506,-4.871397186589157,-9.333992455570542,5.298576709057222,10.597153418114443,corrigido IPCA,0.9746654943529071,53.789011666110845,5.451881984836415,277.3981784216852,277.3981784216852
2026-10-05,SUMI17,GIGA MAIS FIBRA TELECOMUNICACOES S.A.,GIGA MAIS FIBRA TELECOMUNICACOES S.A.,Giga Mais,CVM FRE,IPCA_MAIS,S,Real,N,GIGA MAIS FIBRA TELECOMUNICACOES S.A.,07714104000107,14.2363,1.2942,908.1563,2031-07-15,2030-08-15,714.9,3.5363,ok,,,10,3.5362813503054698,-0.0005273787441809344,3.095584634923811,13.578934178835754,3.164718377969744,1.5649196350526973,-1.5309698861666443,-3.028890403013973,-5.929046093951862,3.16347930581799,1.56476598518545,-1.530818649738361,-3.027689964029632,-5.919590586270907,115.92258981743339,231.84517963486678,corrigido IPCA,0.8247706580109622,717.6963757588445,5.305605861612328,1058.1329553662445,1058.1329553662445
2026-10-05,SUMI18,GIGA MAIS FIBRA TELECOMUNICACOES S.A.,GIGA MAIS FIBRA TELECOMUNICACOES S.A.,Giga Mais,CVM FRE,IPCA_MAIS,S,Quirografária,N,GIGA MAIS FIBRA TELECOMUNICACOES S.A.,07714104000107,14.1514,0.5852,943.336968,2031-10-15,2030-08-15,706.4100000000001,3.5742,ok,,,11,3.574242799504158,0.001197456889879873,3.1311423245831045,14.312463796994532,3.2040600452674983,1.5836297725660753,-1.5478458874567669,-3.0608917765966637,-5.986362603755124,3.2027046435680773,1.5834617420377957,-1.5476805825453093,-3.059580005598132,-5.976035373226319,113.23674195219388,226.47348390438776,corrigido IPCA,0.8650012639500169,709.120710848819,5.308826619413143,1048.107407967121,1048.107407967121
2026-10-05,SUMI19,GIGA MAIS FIBRA TELECOMUNICACOES S.A.,GIGA MAIS FIBRA TELECOMUNICACOES S.A.,Giga Mais,CVM FRE,IPCA_MAIS,S,Quirografária,N,GIGA MAIS FIBRA TELECOMUNICACOES S.A.,07714104000107,14.0922,0.9598,938.095058,2032-04-15,2031-05-15,705.4,3.8042,ok,,,12,3.804189616962861,-0.00027293615317179094,3.334311738193199,16.36790162346769,3.4178064169792632,1.6878208376511772,-1.6468975606211966,-3.2540710060080524,-6.353840388647636,3.416151246310538,1.6876157461259342,-1.6466959920672648,-3.2524722300758606,-6.341265443917045,105.50519827450368,211.01039654900737,corrigido IPCA,0.8895904965711625,703.574442094157,5.328368676183093,1041.860450650391,1041.860450650391
2026-10-05,SUMI37,GIGA MAIS FIBRA TELECOMUNICACOES S.A.,GIGA MAIS FIBRA TELECOMUNICACOES S.A.,Giga Mais,CVM FRE,IPCA_MAIS,S,Real,N,GIGA MAIS FIBRA TELECOMUNICACOES S.A.,07714104000107,13.6382,0.7178,868.117094,2034-07-15,2032-08-15,660.0699999999999,4.9758,ok,,,16,4.97580128869184,2.589918888120431e-05,4.378634375317314,27.306538985296648,4.518624203540522,2.2238778828538974,-2.1556025605534157,-4.2454151364276544,-8.237102429591225,4.515167070243797,2.223450361390278,-2.155184013927036,-4.242101680390831,-8.211137970928695,75.44062317488202,150.88124634976404,corrigido IPCA,0.7884078038437319,660.6538118577968,5.419781218888753,992.3380125297684,992.3380125297684
2026-10-05,SUZB19,SUZANO S.A.,SUZANO S.A.,Suzano,CVM FRE,IPCA_MAIS,S,Quirografária,N,SUZANO S.A.,16404287000155,6.7048,0.1765,1147.872222,2030-06-15,2030-08-15,-38.25000000000003,3.2778,ok,,,8,3.2778025870716907,7.892707580242097e-05,3.0718417419569604,13.033510364200694,3.138162776504738,1.5523558224172174,-1.5197698516864366,-3.007792540655052,-5.891825390834304,3.1370092937779632,1.552212758933731,-1.5196289830232292,-3.0066741901359566,-5.883013276629907,-5.888705469831275,-11.77741093966255,corrigido IPCA,0.9971686491228846,-36.178342536635974,5.284082932073653,170.8293933127001,170.8293933127001
2026-10-05,SUZB29,SUZANO S.A.,SUZANO S.A.,Suzano,CVM FRE,IPCA_MAIS,S,Quirografária,N,SUZANO S.A.,16404287000155,6.7686,0.1126,1142.37196,2033-06-15,2033-05-15,-25.049999999999972,5.4363,ok,,,14,5.436331326751361,0.0005762513356689592,5.091694867921245,34.348394842469666,5.268038894166649,2.589351752824176,-2.503468286653965,-4.924355167924011,-9.530886410912498,5.2634368421335935,2.5887829275137095,-2.502911940407535,-4.9199528937088965,-9.496421838993097,-2.6991326447836905,-5.398265289567381,corrigido IPCA,0.9923905183175851,-27.486319670567624,5.4505693856775395,183.3069428972977,183.3069428972977
2026-10-05,SUZBA0,SUZANO S.A.,SUZANO S.A.,Suzano,CVM FRE,IPCA_MAIS,S,Quirografária,N,SUZANO S.A.,16404287000155,6.9112,0.1596,1090.508498,2038-09-15,2037-05-15,-9.609999999999985,7.9754,ok,,,24,7.975418208034117,0.0002283024565261142,7.459852857356495,74.55817981797438,7.84735528722853,3.824933693049659,-3.6384818614304426,-7.100870644344348,-13.535683802176079,7.832643756446367,3.823124153450716,-3.6367287039057796,-7.0870619582666246,-13.428542118353503,-0.10881452920766617,-0.21762905841533234,corrigido IPCA,0.9502399816869118,-1.6234807532634203,5.585172022069318,213.51645073391262,213.51645073391262
2026-10-05,SUZBC1,SUZANO S.A.,SUZANO S.A.,Suzano,CVM FRE,IPCA_MAIS,S,Quirografária,N,SUZANO S.A.,16404287000155,6.8857,0.0858,1080.95273,2036-05-15,2035-05-15,-13.210000000000033,6.8682,ok,,,20,6.868235329767195,0.0005143963075527161,6.425775692882393,55.47537631896569,6.712586100930706,3.283394861721911,-3.144674817276727,-6.157326328448165,-11.811579985902865,6.7031525744772225,3.282232066839904,-3.1435436260424896,-6.148398811287565,-11.742043859385474,-0.7309756311847052,-1.4619512623694104,corrigido IPCA,0.9733869647961494,-9.394170885912088,5.531932185415811,204.6393762590492,204.6393762590492
2026-10-05,TAEE17,TRANS. ALIANÇA DE ENERGIA ELÉTRICA S/A,TRANSMISSORA ALIANCA DE ENERGIA ELETRICA S/A,Taesa (Cemig + ISA),CVM FRE,IPCA_MAIS,S,Quirografária,N,TRANSMISSORA ALIANCA DE ENERGIA ELETRICA S/A,07859971000130,6.9892,0.0596,1457.011838,2044-09-15,2037-05-15,-1.809999999999956,7.201,ok,,,36,7.201062246923001,0.000864420538827128,6.730644071479177,73.88432123167811,7.117455945295981,3.4598085860362726,-3.2750168396645907,-6.377316228997909,-12.107665165210035,7.100065677637568,3.4576774372791865,-3.272966634199991,-6.361222465320787,-11.983601718324794,0.8261844055615082,1.6523688111230164,corrigido IPCA,0.8400786050931746,11.121506342482226,5.548602954081283,226.34140336215503,226.34140336215503
2026-10-05,TAEE18,TRANS. ALIANÇA DE ENERGIA ELÉTRICA S/A,TRANSMISSORA ALIANCA DE ENERGIA ELETRICA S/A,Taesa (Cemig + ISA),CVM FRE,IPCA_MAIS,S,Real,N,TRANSMISSORA ALIANCA DE ENERGIA ELETRICA S/A,07859971000130,6.8378,0.0946,1171.217188,2039-12-15,2032-08-15,-19.97,5.1246,ok,,,27,5.124595452300877,-8.874251889042334e-05,4.796612671077911,38.22902624855116,4.994302604032241,2.446898749166171,-2.3513031776201343,-4.6116439633603346,-8.876692092392757,4.987757802320667,2.446092618349645,-2.3505200527282666,-4.605467539835155,-8.8286448171848,-1.3696989126270398,-2.7393978252540796,corrigido IPCA,0.9160537382260573,-13.139830319736992,5.430033807538126,198.36452113925742,198.36452113925742
2026-10-05,TAEE26,TRANS. ALIANÇA DE ENERGIA ELÉTRICA S/A,TRANSMISSORA ALIANCA DE ENERGIA ELETRICA S/A,Taesa (Cemig + ISA),CVM FRE,IPCA_MAIS,S,Real,N,TRANSMISSORA ALIANCA DE ENERGIA ELETRICA S/A,07859971000130,6.9775,0.0833,1320.124879,2044-05-15,2037-05-15,-2.9799999999999827,7.9422,ok,,,36,7.942244903667126,0.0005653807147383674,7.424219956221753,80.91863743475321,7.847177174536957,3.815510446420989,-3.6131314406252835,-7.036670835122427,-13.361631801212305,7.828813143395519,3.813258274904318,-3.610961681317435,-7.019626769047988,-13.230067163748444,0.5663220633921201,1.1326441267842402,corrigido IPCA,0.9125463714540497,8.408999129368919,5.583660311537386,224.0806813295714,224.0806813295714
2026-10-05,TAEEA2,TRANS. ALIANÇA DE ENERGIA ELÉTRICA S/A,TRANSMISSORA ALIANCA DE ENERGIA ELETRICA S/A,Taesa (Cemig + ISA),CVM FRE,IPCA_MAIS,S,Quirografária,N,TRANSMISSORA ALIANCA DE ENERGIA ELETRICA S/A,07859971000130,6.9563,0.0679,1187.282809,2036-05-15,2035-05-15,-6.150000000000055,6.8412,ok,,,20,6.841174257367811,-0.00037628825627922783,6.396233094607621,53.66077574149443,6.673389253503315,3.266284078293502,-3.1321032518657477,-6.136318990106238,-11.784643912437875,6.664536973315094,3.2651925169806786,-3.131040577626943,-6.127929215900149,-11.719250674385354,-0.27585400831534773,-0.5517080166306955,corrigido IPCA,0.8822585479753937,-3.528853074533586,5.530547229363925,211.7219330171314,211.7219330171314
2026-10-05,TAEEA4,TRANSMISSORA ALIANÇA DE ENERGIA ELÉTRICA S.A.,TRANSMISSORA ALIANCA DE ENERGIA ELETRICA S/A,Taesa (Cemig + ISA),CVM FRE,IPCA_MAIS,S,Quirografária,N,TRANSMISSORA ALIANCA DE ENERGIA ELETRICA S/A,07859971000130,6.9223,0.0668,1086.690217,2033-09-15,2033-05-15,-9.68,5.7335,ok,,,14,5.733489375460603,-0.00018530634686660463,5.362295213870823,37.32990492567078,5.554089191562239,2.7284456754363307,-2.6351066232470743,-5.180561373090065,-10.016455949797177,5.548944738499176,2.7278099880925,-2.634485225778323,-5.175645689242469,-9.97799232922823,-1.0881163636373774,-2.176232727274755,corrigido IPCA,0.9478970388170378,-11.669602337734467,5.469054018338815,202.10647078106652,202.10647078106652
2026-10-05,TAEEA7,TRANSMISSORA ALIANÇA DE ENERGIA ELÉTRICA S.A.,TRANSMISSORA ALIANCA DE ENERGIA ELETRICA S/A,Taesa (Cemig + ISA),CVM FRE,IPCA_MAIS,S,Quirografária,N,TRANSMISSORA ALIANCA DE ENERGIA ELETRICA S/A,07859971000130,7.0052,0.0651,1228.889941,2040-01-15,2037-05-15,-0.20999999999995467,7.6439,ok,,,25,7.64388958657325,-0.00013623185481538423,7.143474883999329,75.66901896989708,7.537989292000602,3.668309905564704,-3.479070509634008,-6.78022857100432,-12.890439033043933,7.521819978848815,3.666323715712036,-3.477151168287293,-6.765129789149843,-12.773569388600716,0.7813293844724233,1.5626587689448466,corrigido IPCA,1.1379867825138408,11.16281366821882,5.56985596393762,227.59589483330947,227.59589483330947
2026-10-05,TAEEA8,TRANSMISSORA ALIANÇA DE ENERGIA ELÉTRICA S.A.,TRANSMISSORA ALIANCA DE ENERGIA ELETRICA S/A,Taesa (Cemig + ISA),CVM FRE,IPCA_MAIS,S,Quirografária,N,TRANSMISSORA ALIANCA DE ENERGIA ELETRICA S/A,07859971000130,6.8531,0.0973,1150.338954,2032-07-15,2031-05-15,-18.509999999999938,4.3253,ok,,,9,4.325339371432338,0.0009102589956177347,4.04793063695142,22.038452932856462,4.160590700350708,2.0518188921344827,-1.9967169814655406,-3.9401136671174286,-7.673743101943953,4.158122901615702,2.0515133846417806,-1.996417252309639,-3.9377383722871375,-7.65509221524571,-2.6605095739467695,-5.321019147893539,corrigido IPCA,1.0981796478941404,-21.53911642856339,5.371268193371348,189.4364910013762,189.4364910013762
2026-10-05,TAEEB0,TRANSMISSORA ALIANÇA DE ENERGIA ELÉTRICA S.A.,TRANSMISSORA ALIANCA DE ENERGIA ELETRICA S/A,Taesa (Cemig + ISA),CVM FRE,IPCA_MAIS,S,Quirografária,N,TRANSMISSORA ALIANCA DE ENERGIA ELETRICA S/A,07859971000130,6.7198,0.2857,1061.779452,2040-12-15,2050-08-15,0.0,11.7965,ok,,,4,11.796564108753119,0.0005434557124450021,11.053772691434126,133.48336608597387,11.751390578730113,5.697448362971813,-5.363611383619171,-10.414498014560392,-19.655488214250216,11.721189521863996,5.693740553324531,-5.360032138109596,-10.386355861004258,-19.437878061148776,-0.6542011682233907,-1.3084023364467814,corrigido IPCA,1.0219913696296692,-14.462782016024036,5.736947367514023,199.78630129557064,199.78630129557064
2026-10-05,TAEEB2,TRANS. ALIANÇA DE ENERGIA ELÉTRICA S/A,TRANSMISSORA ALIANCA DE ENERGIA ELETRICA S/A,Taesa (Cemig + ISA),CVM FRE,IPCA_MAIS,S,Quirografária,N,TRANSMISSORA ALIANCA DE ENERGIA ELETRICA S/A,07859971000130,6.7417,0.1337,1205.401564,2029-04-15,2029-05-15,-23.830000000000062,2.3056,ok,,,6,2.3056160045922938,0.0006941617060059185,2.1599955824127717,6.969747513275303,2.1953364177236034,1.0887710913730864,-1.0713459444685047,-2.1256264879257247,-4.184385306523675,2.1948443199791483,1.08870997559798,-1.0712856068147918,-2.125146844846395,-4.180596214560038,-6.3426612534564315,-12.685322506912863,corrigido IPCA,1.000919078026811,-27.40024057641309,5.241508101600112,179.53472228937915,179.53472228937915
2026-10-05,TAEEB4,TRANSMISSORA ALIANÇA DE ENERGIA ELÉTRICA S.A.,TRANSMISSORA ALIANCA DE ENERGIA ELETRICA S/A,Taesa (Cemig + ISA),CVM FRE,IPCA_MAIS,S,Quirografária,N,TRANSMISSORA ALIANCA DE ENERGIA ELETRICA S/A,07859971000130,7.01,0.0683,1081.269276,2035-09-15,2035-05-15,-0.7800000000000473,6.9319,ok,,,18,6.931916768631211,0.00024190526712132806,6.477821482694338,55.0552137301636,6.762296559940362,3.308863930509842,-3.1711956062063673,-6.21125945403489,-11.92244302632146,6.7530975513451565,3.3077297585098737,-3.170091724184465,-6.202545414043521,-11.854538690785406,0.19155328416576137,0.38310656833152273,corrigido IPCA,0.9431684714997696,2.481695958499244,5.535173112498404,218.77317093868953,218.77317093868953
2026-10-05,TAEEB8,TRANSMISSORA ALIANÇA DE ENERGIA ELÉTRICA S.A.,TRANSMISSORA ALIANCA DE ENERGIA ELETRICA S/A,Taesa (Cemig + ISA),CVM FRE,IPCA_MAIS,S,Quirografária,N,TRANSMISSORA ALIANCA DE ENERGIA ELETRICA S/A,07859971000130,6.8691,0.1103,1147.118466,2035-07-15,2033-05-15,-14.999999999999947,5.841,ok,,,15,5.840972864253458,-0.0004645736439347439,5.465539491072216,40.55910947267721,5.674421339423841,2.7842198953875963,-2.68280370380537,-5.268535374003558,-10.165123423211298,5.668335038435603,2.783468632376955,-2.6820708586952615,-5.262743943708831,-10.11989679269089,-1.3744812537103628,-2.7489625074207256,corrigido IPCA,1.0951051888962489,-15.024563143784878,5.475501676556549,197.79877972298084,197.79877972298084
2026-10-05,TAEEC2,TRANS. ALIANÇA DE ENERGIA ELÉTRICA S/A,TRANSMISSORA ALIANCA DE ENERGIA ELETRICA S/A,Taesa (Cemig + ISA),CVM FRE,IPCA_MAIS,S,Quirografária,N,TRANSMISSORA ALIANCA DE ENERGIA ELETRICA S/A,07859971000130,6.7647,0.1128,1191.362665,2032-04-15,2031-05-15,-27.34999999999994,3.8856,ok,,,12,3.8855372972225113,-0.0016137218830779454,3.639346429318409,18.42690138579665,3.733412515644541,1.8429460917761986,-1.7968745544731934,-3.549074927497753,-6.924797711975872,3.7314809362473924,1.84270684139145,-1.7966395879269588,-3.547211922389425,-6.910154830920885,-4.185035302542153,-8.370070605084306,corrigido IPCA,0.9892620872241765,-30.461586569756545,5.335238182646451,178.41138626108747,178.41138626108747
2026-10-05,TAEEC4,TRANSMISSORA ALIANÇA DE ENERGIA ELÉTRICA S.A.,TRANSMISSORA ALIANCA DE ENERGIA ELETRICA S/A,Taesa (Cemig + ISA),CVM FRE,IPCA_MAIS,S,Quirografária,N,TRANSMISSORA ALIANCA DE ENERGIA ELETRICA S/A,07859971000130,7.0606,0.0652,1084.247521,2038-09-15,2037-05-15,5.3300000000000125,7.9374,ok,,,24,7.937445687668595,0.0005755999268655876,7.413974597254822,73.86161257423652,7.797821504252944,3.801102671395107,-3.6163930270388445,-7.058314852067394,-13.456620601196756,7.783282660126005,3.799314314345207,-3.614660282909616,-7.044666534383641,-13.350716943024915,0.89564721534502,1.79129443069004,corrigido IPCA,0.9457663447931961,13.280611405339995,5.583441240632858,231.0277457674038,231.0277457674038
2026-10-05,TAEED2,TRANSMISSORA ALIANÇA DE ENERGIA ELÉTRICA S.A.,TRANSMISSORA ALIANCA DE ENERGIA ELETRICA S/A,Taesa (Cemig + ISA),CVM FRE,IPCA_MAIS,S,Quirografária,N,TRANSMISSORA ALIANCA DE ENERGIA ELETRICA S/A,07859971000130,6.9466,0.0693,1149.065115,2037-04-15,2035-05-15,-7.120000000000015,7.105,ok,,,22,7.105002684754211,3.7786829147733905e-05,6.64350496860509,59.7157253014199,6.952669503984099,3.3977012235391957,-3.2483750404255107,-6.354921904548638,-12.170468187456207,6.94208359511219,3.39639714092932,-3.2471078276757708,-6.344926342097991,-12.092695431181784,-0.15276110558826997,-0.30552221117653994,corrigido IPCA,0.9541397464886217,-2.0297383279705565,5.5438577320393145,213.20149553354713,213.20149553354713
2026-10-05,TBEG11,TIBAGI ENERGIA SPE S/A,TIBAGI ENERGIA SPE S/A,Isolada (a identificar),,IPCA_MAIS,S,Real,N,TIBAGI ENERGIA SPE S/A,23080281000135,8.1361,0.1008,974.019516,2035-07-15,2031-05-15,109.7900000000001,4.1194,ok,,,18,4.11946255235057,0.0015184820743409124,3.8095164818692093,23.67745784753881,3.931052408708857,1.9347441211258865,-1.8755417141477215,-3.6941375503144247,-7.169022878412479,3.9279037711069034,1.9343550632440283,-1.8751614186251813,-3.6911291926315157,-7.145483806787642,14.787448969194664,29.574897938389327,corrigido IPCA,0.9056073257151125,112.66606114589385,5.354678419004277,346.2583690098067,346.2583690098067
2026-10-05,TCII11,AES TUCANO HOLDING II S.A,TUCANO HOLDING II S.A,Tucano Holding,inferido,IPCA_MAIS,S,Quirografária,N,TUCANO HOLDING II S.A,34623550000189,7.4701,0.0848,1186.352724,2041-09-15,2033-05-15,45.10000000000005,6.0068,ok,,,30,6.006833844648506,0.00056343891100047,5.589307020881628,52.86006157353315,5.864333448406933,2.8620465048800003,-2.7298526899745656,-5.335033627448771,-10.199068260733867,5.853607328749294,2.8607285874077304,-2.728578433473898,-5.325006713013962,-10.121412810292593,4.932985667664647,9.865971335329293,corrigido IPCA,0.9345101623547796,55.14394285237291,5.485222452681082,278.3312685057069,278.3312685057069
2026-10-05,TEPA11,BRASIL TECNOLOGIA E PARTICIPACAO S.A.,BRASIL TECNOLOGIA E PARTICIPACAO S.A.,Brasil Tecnologia,CVM FRE,IPCA_MAIS,S,Real,N,BRASIL TECNOLOGIA E PARTICIPACAO S.A.,35764708000101,,,,2030-03-15,,,,sem taxa indicativa,,,,,,,,,,,,,,,,,,,,,,,,,
2026-10-05,TEPA12,BRASIL TECNOLOGIA E PARTICIPACAO S.A.,BRASIL TECNOLOGIA E PARTICIPACAO S.A.,Brasil Tecnologia,CVM FRE,IPCA_MAIS,S,Real,N,BRASIL TECNOLOGIA E PARTICIPACAO S.A.,35764708000101,,,827.39607,2031-07-15,,,,sem taxa indicativa,,,,,,,,,,,,,,,,,,,,,,,,,
2026-10-05,TEPA13,BRASIL TECNOLOGIA E PARTICIPACAO S.A.,BRASIL TECNOLOGIA E PARTICIPACAO S.A.,Brasil Tecnologia,CVM FRE,IPCA_MAIS,S,Real,N,BRASIL TECNOLOGIA E PARTICIPACAO S.A.,35764708000101,,,,2032-03-15,,,,sem taxa indicativa,,,,,,,,,,,,,,,,,,,,,,,,,
2026-10-05,TIET18,AES TIETE ENERGIA S/A,AUREN OPERACOES S.A.,Auren,CVM FRE,IPCA_MAIS,S,Real,N,AUREN OPERACOES S.A.,00194724000113,7.3349,0.1791,782.188335,2030-05-15,2028-08-15,35.63000000000001,1.9431,ok,,,8,1.979098589094654,1.8526369767203912,1.843853759676167,6.398111205648233,1.876343184743745,0.9299864336782315,-0.913990286026467,-1.8123481540030406,-3.563571389102016,1.8758443157044082,0.9299245188451438,-0.9139292408310231,-1.8118632036479256,-3.5597452952393693,11.044035307333047,22.088070614666094,corrigido IPCA,0.9984938487713564,40.72717204684474,5.2712994371777455,259.0985658282497,259.0985658282497
2026-10-05,TIET29,AES TIETE ENERGIA S/A,AUREN OPERACOES S.A.,Auren,CVM FRE,IPCA_MAIS,S,Quirografária,N,AUREN OPERACOES S.A.,00194724000113,7.3717,0.1106,1434.201088,2029-03-15,2028-08-15,39.30999999999996,1.3624,ok,,,5,1.3623940695847832,-0.0004352917804538857,1.2688576874397846,3.3527224981481525,1.2858319879794244,0.6386459259906774,-0.630263811471099,-1.2522998294281051,-2.472287887872471,1.2856212999305254,0.6386197468425775,-0.6302379405972072,-1.252094074949044,-2.470660924916606,26.415584737210864,52.83116947442173,corrigido IPCA,0.9686996898002478,67.03523552405409,5.525579037302841,290.2728199730193,290.2728199730193
2026-10-05,TIET39,AES TIETE ENERGIA S/A,AUREN OPERACOES S.A.,Auren,CVM FRE,IPCA_MAIS,S,Quirografária,N,AUREN OPERACOES S.A.,00194724000113,7.3273,0.0698,1468.839162,2029-03-15,2028-08-15,34.870000000000005,1.3515,ok,,,3,1.351493868177629,-0.0004537049479074681,1.2592265604162491,3.3272850270259235,1.2760722126588186,0.6337983839645567,-0.6254798651584292,-1.2427944599472274,-2.453523062722829,1.2758629855513788,0.6337723864919069,-0.6254541739243421,-1.2425901352811195,-2.4519074202919797,25.071267463737207,50.142534927474415,corrigido IPCA,0.9920952146735024,63.14081178727525,5.534123076805186,285.74812067553677,285.74812067553677
2026-10-05,TIMS12,TIM S.A.,TIM S.A.,Tim,CVM FRE,IPCA_MAIS,S,Quirografária,N,TIM S.A.,02421421000111,5.0805,0.2079,890.248131,2028-06-15,2027-05-15,-44.68000000000005,1.1448,ok,,,4,1.1436780527214647,-0.09800378044508366,1.0883827662805798,2.4580033840722604,1.1008092831577443,0.5472808577638544,-0.5411356681956581,-1.0762263497867464,-2.1286630267675077,1.100672783200941,0.5472638873703802,-0.5411188789101996,-1.0760927493602186,-2.1276054648797142,-66.74769697893302,-133.49539395786604,sem correção,0.999311958558337,-145.29408616157804,5.740285421420488,40.57437468176127,40.57437468176127
2026-10-05,TNHL11,TUCANO HOLDING III S.A,TUCANO HOLDING III S.A,Tucano Holding,inferido,IPCA_MAIS,S,Quirografária,N,TUCANO HOLDING III S.A,35714529000151,7.4664,0.0857,1152.157939,2041-09-15,2033-05-15,44.730000000000025,5.8823,ok,,,30,5.8822967659815255,-5.497880887326021e-05,5.473614791210578,51.040760987141915,5.739078253663621,2.8018690446465433,-2.674225558170673,-5.228004699536914,-10.00072566302146,5.728818596146288,2.8006083468392164,-2.673006444371362,-5.218410986274869,-9.926414362678319,4.972707034354092,9.945414068708184,corrigido IPCA,0.9660302779716771,54.437365551194894,5.477948988212278,277.4649259426715,277.4649259426715
2026-10-05,TPEN11,TPE - TRANSMISSORA PARAÍSO DE ENERGIA S.A.,TPE  - TRANSMISSORA PARAISO DE ENERGIA S.A.,Isolada (a identificar),,IPCA_MAIS,S,Quirografária,N,TPE  - TRANSMISSORA PARAISO DE ENERGIA S.A.,26796739000145,6.8616,0.2226,964.288325,2028-09-15,2028-08-15,-11.7,1.6261,ok,,,4,1.6277884785562264,0.10383608364961171,1.5232679265107638,3.982789449643608,1.543423014985823,0.7666424204544331,-0.7566851082810522,-1.5035897005151844,-2.9687448485984147,1.543181873758982,0.7666124500674364,-0.7566554764433274,-1.5033539792625457,-2.9668800640286555,0.7057017124750112,1.4114034249500225,sem correção,0.9985072170994247,2.1499455685938114,5.369833589153594,213.39171182468786,213.39171182468786
2026-10-05,TPNO12,MATRINCHA TRANSMISSORA DE ENERGIA  TP NORTE SA,MATRINCHA TRANSMISSORA DE ENERGIA TP NORTE S/A,Isolada (a identificar),,IPCA_MAIS,S,Real,N,MATRINCHA TRANSMISSORA DE ENERGIA TP NORTE S/A,15286382000139,6.7827,0.2423,636.144363,2029-06-15,2028-08-15,-19.589999999999996,1.3562,ok,,,6,1.3562665198688568,0.00490487161604125,1.2701182119096601,3.504448445253173,1.287869413291154,0.639468109907182,-0.6307066422632346,-1.2528193817489597,-2.471913327500086,1.2876404541359259,0.6394396665113965,-0.6306785453982636,-1.2525959696833944,-2.4701474549142564,2.0477398557286386,4.095479711457277,corrigido IPCA,1.0335632272180961,5.201743368028408,5.5303576716073,218.11139407101422,218.11139407101422
2026-10-05,TPNO13,MATRINCHA TRANSMISSORA DE ENERGIA  TP NORTE SA,MATRINCHA TRANSMISSORA DE ENERGIA TP NORTE S/A,Isolada (a identificar),,IPCA_MAIS,S,Quirografária,N,MATRINCHA TRANSMISSORA DE ENERGIA TP NORTE S/A,15286382000139,6.9943,0.0672,1126.791542,2038-12-15,2035-05-15,-2.35000000000003,6.6013,ok,,,25,6.6013573964121255,0.0008694713484513839,6.169821566580766,56.53846338552344,6.463141100394787,3.156891585030186,-3.0155057461201173,-5.897121072651512,-11.286463550224768,6.4525138835083835,3.1555838625222874,-3.0142377040584787,-5.887129249653149,-11.208873865451064,0.38211410183496863,0.7642282036699373,corrigido IPCA,0.8904459661855706,4.715151652792057,5.518061365193683,220.2154004425052,220.2154004425052
2026-10-05,TRCC11,TCC - TRANSMISSORA CAMINHO DO CAFÉ S.A.,TCC - TRANSMISSORA CAMINHO DO CAFE S/A,Isolada (a identificar),,IPCA_MAIS,S,Quirografária,N,TCC - TRANSMISSORA CAMINHO DO CAFE S/A,26796760000140,6.926,0.2472,963.344155,2028-09-15,2028-08-15,-5.259999999999998,1.6259,ok,,,4,1.6276254013417373,0.10611977008040939,1.5221979699434536,3.977489638786967,1.5423260887916124,0.7661007590421098,-0.7561566972011602,-1.5025457860343039,-2.9667073295911117,1.5420854181373884,0.7660708470202106,-0.7561271229232431,-1.502310521749519,-2.964846147111168,2.8237862541230894,5.647572508246179,sem correção,0.9975285209865448,8.596723407160791,5.369903189328196,220.9772693415304,220.9772693415304
2026-10-05,TRGO11,ARGO TRANSMISSAO DE ENERGIA S.A.,ARGO TRANSMISSAO DE ENERGIA S.A.,Argo,CVM FRE,IPCA_MAIS,S,Real,N,ARGO TRANSMISSAO DE ENERGIA S.A.,24624490000165,7.172,0.2608,1053.027611,2031-12-15,2029-05-15,19.19999999999993,2.4896,ok,,,11,2.4895719998007757,-0.0011246866654928374,2.3229686856648897,9.61736236341571,2.3719388648826722,1.1736155548203175,-1.1495703675162727,-2.2757367265253015,-4.460319951206115,2.371055497481968,1.1735060457867146,-1.149462639878175,-2.274881873847811,-4.453590124061465,4.223953909113528,8.447907818227057,corrigido IPCA,1.017827352263395,19.624225321125053,5.239629175064797,234.61050094884854,234.61050094884854
2026-10-05,TRGP13,TECP - TRANSMISSORA DE ENERGIA CENTRAL PAULISTANA S.A.,TECP - TRANSMISSORA DE ENERGIA CENTRAL PAULISTANA S.A.,Isolada (a identificar),,IPCA_MAIS,S,Real,N,TECP - TRANSMISSORA DE ENERGIA CENTRAL PAULISTANA S.A.,49786044000188,7.0736,0.1015,1073.770879,2038-01-15,2037-05-15,6.630000000000003,7.6579,fluxo divergente da ANBIMA,,,23,7.208216602486872,-5.872150295944418,6.732020406978819,65.0704926879087,7.069977185393728,3.448898958183544,-3.286174958904453,-6.418507363638493,-12.254524975388637,7.057372870418363,3.4473483193492958,-3.284672087629524,-6.406667943539277,-12.162630960199465,1.0518950947833328,2.1037901895666655,corrigido IPCA,1.039294485356252,14.16275848816463,5.548954325057287,231.62132584377986,231.62132584377986
2026-10-05,TRPLA4,ISA ENERGIA BRASIL S.A.,ISA ENERGIA BRASIL S.A.,ISA,CVM FRE,IPCA_MAIS,S,Quirografária,N,ISA ENERGIA BRASIL S.A.,02998611000104,7.0217,0.0552,1133.531836,2033-10-15,2033-05-15,0.2600000000000158,5.2573,ok,,,15,5.257268200977676,-0.0006048546273515489,4.912338526651769,32.51166813653528,5.079190939802647,2.4973396671462256,-2.416048967610429,-4.753889687880008,-9.206623158296456,5.074896867334446,2.496808848496554,-2.415529678155216,-4.749780185969093,-9.174443690572835,-0.25354513871335194,-0.5070902774267039,corrigido IPCA,0.991089484804851,-2.4909991062937316,5.438925295014219,212.5646225888537,212.5646225888537
2026-10-05,TRPLA7,ISA ENERGIA BRASIL S.A.,ISA ENERGIA BRASIL S.A.,ISA,CVM FRE,IPCA_MAIS,S,Quirografária,N,ISA ENERGIA BRASIL S.A.,02998611000104,7.0818,0.0776,1200.515991,2036-10-15,2040-08-15,26.869999999999994,9.213,ok,,,2,9.213045347386004,0.0004922108542763434,8.603745311888671,82.21956024038296,9.029665108152972,4.406473085537432,-4.200872638737363,-8.206644177781808,-15.672006219680767,9.014843113090587,4.4046471062448145,-4.199098205643857,-8.192647510686758,-15.563099418969683,0.6863285581905766,1.3726571163811532,corrigido IPCA,1.0976215056745853,11.80999222989497,5.638763851241024,230.9641884800192,230.9641884800192
2026-10-05,TRPLB4,ISA ENERGIA BRASIL S.A.,ISA ENERGIA BRASIL S.A.,ISA,CVM FRE,IPCA_MAIS,S,Quirografária,N,ISA ENERGIA BRASIL S.A.,02998611000104,7.0817,0.1155,1123.861161,2038-10-15,2037-05-15,7.43999999999998,7.7254,ok,,,25,7.725433526532693,0.000433977951862341,7.214522674306341,72.14348010171821,7.589507391832839,3.699195510991493,-3.5187819898285344,-6.867194742667748,-13.09005655423272,7.575240074814932,3.6974406872803187,-3.5170819870260224,-6.85380527379775,-12.986175746578319,1.0793184670887324,2.1586369341774647,corrigido IPCA,0.9826340655778217,15.573535107218442,5.573667235844448,233.5288291107166,233.5288291107166
2026-10-05,TRPLB7,ISA ENERGIA BRASIL S.A.,ISA ENERGIA BRASIL S.A.,ISA,CVM FRE,IPCA_MAIS,S,Quirografária,N,ISA ENERGIA BRASIL S.A.,02998611000104,7.123,0.0864,1083.467721,2039-10-15,2037-05-15,11.570000000000036,8.1366,ok,,,27,8.136651280211026,0.0006302412681814215,7.595615582284876,81.0274621299044,8.017889277660073,3.9011975936368293,-3.6985589897716165,-7.2064945047215945,-13.69470453210494,8.000752892934399,3.8990921188048184,-3.6965234634800574,-7.190478271635353,-13.570681921971664,1.4684364447941591,2.9368728895883183,corrigido IPCA,0.9906052877444611,22.307357483347044,5.592457202838075,241.17379599699652,241.17379599699652
2026-10-05,TRRG12,TRSP - TERMINAL DE REGASEIFICACAO DE GNL DE SAO PAULO S.A.,TRSP - TERMINAL DE REGASEIFICACAO DE GNL DE SAO PAULO S.A.,Trsp Terminal,inferido,IPCA_MAIS,S,Quirografária,N,TRSP - TERMINAL DE REGASEIFICACAO DE GNL DE SAO PAULO S.A.,34840096000118,7.0869,0.0776,1109.689415,2033-01-15,2031-05-15,4.870000000000019,4.0054,ok,,,13,4.00539783943207,-5.394137738799134e-05,3.7403247637498795,19.785170858291323,3.8414366400814526,1.8951644749789054,-1.8456964400790143,-3.643503164655737,-7.101469563534202,3.8392506180413366,1.8948938454478041,-1.8454309183020756,-3.641398909458423,-7.084946110333933,0.38043874258416976,0.7608774851683395,corrigido IPCA,1.0297059727454196,2.845928899954872,5.345266903918722,217.60398869696044,217.60398869696044
2026-10-05,TSSG21,TRANSPORTADORA ASSOCIADA DE GAS S.A. - TAG,TRANSPORTADORA ASSOCIADA DE GAS S.A. - TAG,Isolada (a identificar),,IPCA_MAIS,S,Quirografária,N,TRANSPORTADORA ASSOCIADA DE GAS S.A. - TAG,06248349000123,6.9757,0.0915,1105.641241,2033-12-15,2032-08-15,-6.1799999999999855,5.1089,ok,,,15,5.108921641253622,0.0004235990843827234,4.775777715176083,30.571138854047163,4.932572050406003,2.4265897573324535,-2.3501515154196517,-4.626694253345665,-8.969682053161677,4.928633409446319,2.426102781155601,-2.3496749340204826,-4.622922020905848,-8.940132653271224,-0.777800103238183,-1.555600206476366,corrigido IPCA,0.9709611924185892,-7.4292007998131435,5.428967994332012,206.65501959288338,206.65501959288338
2026-10-05,TUPW21,TUPI ENERGIAS RENOVAVEIS S.A,TUPI ENERGIAS RENOVAVEIS S.A.,Isolada (a identificar),,IPCA_MAIS,S,Quirografária,N,TUPI ENERGIAS RENOVAVEIS S.A.,59115685000164,11.8253,0.4249,939.048743,2036-10-15,2032-08-15,478.7800000000001,4.5196,ok,,,21,4.519580488104266,-0.00043171731422675743,4.041643964383969,26.974218305201884,4.180342576395746,2.055012378203136,-1.9875655785586477,-3.910420218362587,-7.572306549313579,4.176515055909978,2.0545397550734865,-1.987104209310482,-3.9067728728579594,-7.543803562663901,59.6921894863234,119.3843789726468,corrigido IPCA,0.8908459616787207,482.5091547165264,5.386393086791252,781.5865685702888,781.5865685702888
2026-10-05,TVVH11,TVV TERMINAL DE VILA VELHA S.A.,TVV TERMINAL DE VILA VELHA S.A.,Tvv Terminal,inferido,IPCA_MAIS,S,Real,N,TVV TERMINAL DE VILA VELHA S.A.,02639850000160,7.4321,0.1376,853.835008,2033-11-15,2030-08-15,34.48000000000002,3.0036,ok,,,15,3.003606364216192,0.00021188627619600302,2.795818348720905,14.61116326063469,2.8705457871687434,1.4163799747352046,-1.379847970573811,-2.724368584544179,-5.312013478455246,2.8688741650240783,1.416173128436246,-1.3796452202846592,-2.722762532417732,-5.299413432229116,7.713223896819477,15.426447793638953,corrigido IPCA,1.0099959681033983,43.12954579704091,5.263179765580861,263.03923872111136,263.03923872111136
2026-10-05,UHSM12,UHE SAO SIMAO ENERGIA S/A,UHE SAO SIMAO ENERGIA S/A,Isolada (a identificar),,IPCA_MAIS,S,Quirografária,N,UHE SAO SIMAO ENERGIA S/A,27352303000120,7.1722,0.1205,1217.564049,2036-10-15,2035-05-15,15.439999999999987,6.5206,ok,,,21,6.520580923700116,-0.00029255436437959257,6.084209266675608,50.19477146402617,6.34341385769388,3.1058630115816888,-2.980349217843836,-5.841036008328604,-11.225324135596825,6.335183123995739,3.1048480976678365,-2.9793611690077713,-5.833235409355477,-11.164523104070692,1.4714607560806383,2.9429215121612766,corrigido IPCA,0.9448004023002529,17.905350335390633,5.5137651732804605,236.67067029575557,236.67067029575557
2026-10-05,ULFT14,ULTRAFERTIL S/A,ULTRAFERTIL S/A.,Ultrafertil,inferido,IPCA_MAIS,S,Quirografária,S,ULTRAFERTIL S/A.,02476026000136,7.3847,0.0627,1031.039733,2035-10-15,2035-05-15,36.689999999999934,6.0848,ok,,,19,6.084773630069948,-0.00043337381757832527,5.666332010118712,43.9345561099253,5.892781703542793,2.888920494565528,-2.7790631935737165,-5.453101356815848,-10.504256899822584,5.886004790668338,2.8880842001967624,-2.7782478099219494,-5.446659229569086,-10.453972898038916,3.3182119058264954,6.636423811652991,corrigido IPCA,0.989921874886806,37.60418067668338,5.489699355258804,259.8084477465642,259.8084477465642
2026-10-05,UNEG11,UTE GNA I GERACAO DE ENERGIA S.A.,UTE GNA I GERACAO DE ENERGIA S.A.,Isolada (a identificar),,IPCA_MAIS,S,Real,N,UTE GNA I GERACAO DE ENERGIA S.A.,23449511000190,8.6543,0.2556,1159.659751,2039-07-15,2035-05-15,163.6499999999999,6.4705,ok,,,26,6.470502071180153,3.2009584309071245e-05,5.955127474182018,51.91488385002445,6.2239947217939795,3.043601613945479,-2.913781099214352,-5.704312594680172,-10.94005979243926,6.2147018934321405,3.0424573419035394,-2.9126701322784787,-5.695553054931897,-10.871957271363547,14.230259134233087,28.460518268466174,corrigido IPCA,0.8554789472619135,169.48601427000213,5.511077390755692,414.1847382544801,414.1847382544801
2026-10-05,UNTE11,UNIFIQUE TELECOMUNICACOES S.A.,UNIFIQUE TELECOMUNICACOES S.A.,Unifique Telecomunicacoes,CVM FRE,IPCA_MAIS,S,Quirografária,N,UNIFIQUE TELECOMUNICACOES S.A.,02255187000108,6.4043,0.0937,449.608468,2028-03-15,2027-05-15,87.69999999999997,0.9092,ok,,,3,0.9092648919640853,0.007137259578236134,0.854537731993994,1.7526766863170054,0.8633917291760662,0.42947098092460667,-0.42508917582670946,-0.8458631465269373,-1.6747252619959352,0.8633011154255792,0.4294597118548933,-0.4250780201391008,-0.845774348562409,-1.6740219302616481,4.537157154540478,9.074314309080956,corrigido IPCA,0.9937729802877683,7.754343969082686,6.103553033098041,222.91004512847852,222.91004512847852
2026-10-05,USAS11,USINA SANTA ADÉLIA S.A.,USINA SANTA ADELIA S.A.,Usina Santa,inferido,IPCA_MAIS,S,Real,N,USINA SANTA ADELIA S.A.,50376938000189,6.5566,0.0934,692.097409,2028-02-15,2027-05-15,102.93,0.8735,ok,,,3,0.8735297754727904,0.003408754755623591,0.8197800750707046,1.6608015627639374,0.8281688657414188,0.4119765840613798,-0.4078244752190652,-0.8115591705711522,-1.6070024223492796,0.8280840828845244,0.4119660394888073,-0.40781403558189744,-0.811476067256885,-1.6063441188861307,14.5970118916125,29.194023783225,corrigido IPCA,1.011771093887974,23.932679008628124,6.175033733058721,242.88733552772578,242.88733552772578
2026-10-05,USAS12,USINA SANTA ADÉLIA S.A.,USINA SANTA ADELIA S.A.,Usina Santa,inferido,IPCA_MAIS,S,Quirografária,N,USINA SANTA ADELIA S.A.,50376938000189,8.163,0.0888,1046.435135,2032-09-15,2031-05-15,112.48000000000005,3.7562,ok,,,12,3.7561847917141207,-0.00040488488045181426,3.472707665018648,17.19798341239428,3.5604936522426023,1.758073767970325,-1.7150748082328415,-3.38844976707805,-6.615067980804312,3.5586975820806193,1.7578513117748167,-1.714856353243831,-3.386717747956676,-6.60145566178941,15.917160177923284,31.834320355846568,corrigido IPCA,1.0016350765963984,110.55128831040754,5.324297673545875,343.9884090962138,343.9884090962138
2026-10-05,USAS22,USINA SANTA ADÉLIA S.A.,USINA SANTA ADELIA S.A.,Usina Santa,inferido,IPCA_MAIS,S,Quirografária,N,USINA SANTA ADELIA S.A.,50376938000189,8.4332,0.1994,1034.322619,2035-09-15,2033-05-15,141.40999999999994,5.3537,ok,,,18,5.353653972257329,-0.0008597370541979514,4.937283020566882,33.847649728536595,5.111268103767963,2.511537380240836,-2.426904611462888,-4.772573164103743,-9.233019534058295,5.106521269209565,2.510951072444112,-2.4263319481227703,-4.768044771924199,-9.197613046563033,14.238918284808275,28.47783656961655,corrigido IPCA,0.9900411314350819,140.60313895764642,5.445242602155731,380.62195710810016,380.62195710810016
2026-10-05,USNA12,USINA SANTA FE S.A.,USINA SANTA FE S.A.,Usina Santa,inferido,IPCA_MAIS,S,Real,N,USINA SANTA FE S.A.,45281813000135,8.5294,0.3721,1146.111819,2031-06-15,2029-05-15,154.94000000000003,2.1193,ok,,,10,2.119347998208226,0.0022648142417877413,1.9527869851010198,7.283196866362097,1.9898167116996879,0.9855736181097363,-0.967364475013921,-1.9169663202459053,-3.7646019641102924,1.9892029694328306,0.9854974886334626,-0.9672894964675574,-1.9163710007692094,-3.7599100328747976,40.96665413279353,81.93330826558706,corrigido IPCA,1.0258904604443808,159.99829802730818,5.2532923719142754,399.3441794840649,399.3441794840649
2026-10-05,USNA13,USINA SANTA FE S.A.,USINA SANTA FE S.A.,Usina Santa,inferido,IPCA_MAIS,S,Real,N,USINA SANTA FE S.A.,45281813000135,10.2157,0.9722,1022.972936,2033-07-15,2031-05-15,317.75,3.8187,ok,,,14,3.8186781235642138,-0.0005728765230690737,3.4647315432957497,17.670554150914892,3.5549905342205035,1.754689994756009,-1.7105092323257853,-3.3782149232490566,-6.590474847858852,3.5530843140503245,1.7544539643365185,-1.7102775789592315,-3.3763787725411754,-6.576052003573202,45.69935700070454,91.39871400140908,corrigido IPCA,0.9778020451425524,316.6720074173489,5.329595152073074,586.4854195393949,586.4854195393949
2026-10-05,UTPS11,USINA TERMELETRICA PAMPA SUL S.A.,USINA TERMELETRICA PAMPA SUL S.A.,Isolada (a identificar),,IPCA_MAIS,S,Real,N,USINA TERMELETRICA PAMPA SUL S.A.,04739720000124,7.0517,0.201,655.785689,2028-04-15,2027-05-15,152.44,0.9283,ok,,,4,0.9282760228248649,-0.002582912327387372,0.8671287077410867,1.8673823646565815,0.8765642918294958,0.43591085237315585,-0.4312422713541375,-0.8578884666994413,-1.6976753670352007,0.8764656195643696,0.4358985818263641,-0.43123012591472265,-0.8577917959178039,-1.6969097681890417,29.704292656596547,59.40858531319309,corrigido IPCA,1.0218763300582965,51.514889811355225,6.067490799717046,277.2734219444267,277.2734219444267
2026-10-05,UTPS12,USINA TERMELETRICA PAMPA SUL S.A.,USINA TERMELETRICA PAMPA SUL S.A.,Isolada (a identificar),,IPCA_MAIS,S,Real,N,USINA TERMELETRICA PAMPA SUL S.A.,04739720000124,7.5624,0.2681,629.372672,2028-04-15,2027-05-15,203.51,0.9344,ok,,,4,0.9344206155945152,0.0022062922212286954,0.8687242155200287,1.864326427255958,0.8781439552322912,0.4367047163714277,-0.4320437765149343,-0.8594987096784523,-1.7009232210609793,0.8780458476563083,0.43669251579408425,-0.43203169972594435,-0.8594025833837489,-1.7001619024949381,58.823549782945214,117.64709956589043,corrigido IPCA,0.9936705734830307,102.20288427858486,6.056116459647121,336.8036774323871,336.8036774323871
2026-10-05,UTPS21,USINA TERMELETRICA PAMPA SUL S.A.,USINA TERMELETRICA PAMPA SUL S.A.,Isolada (a identificar),,IPCA_MAIS,S,Real,N,USINA TERMELETRICA PAMPA SUL S.A.,04739720000124,7.9106,0.4242,1450.654001,2036-10-15,2032-08-15,87.31,5.0,ok,,,21,4.999971946244842,-0.0005610751031603911,4.633439111861895,32.43069377715627,4.800376226653058,2.3578483282133966,-2.2767570038218277,-4.475835702419728,-8.653790930693873,4.795592580747677,2.357257923152393,-2.276181188709502,-4.471285642976114,-8.618264348180665,9.658545103257444,19.317090206514887,corrigido IPCA,1.0151473698555418,89.50456129023044,5.421467358957122,319.82155246249397,319.82155246249397
2026-10-05,UTPS22,USINA TERMELETRICA PAMPA SUL S.A.,USINA TERMELETRICA PAMPA SUL S.A.,Isolada (a identificar),,IPCA_MAIS,S,Real,N,USINA TERMELETRICA PAMPA SUL S.A.,04739720000124,7.875,0.4263,1304.326252,2036-10-15,2032-08-15,83.75000000000003,5.1806,ok,,,21,5.180638340962493,0.0007400872967009374,4.802445739015057,34.04173995009085,4.977714558054758,2.444399530558572,-2.3592796695346974,-4.63704881788628,-8.961622047457386,4.972654438765511,2.4437750444451423,-2.358670694569915,-4.632237039264603,-8.924056679028297,8.934996870271814,17.869993740543627,corrigido IPCA,0.9248039604025435,85.81967529549948,5.433817903797111,315.67023256773587,315.67023256773587
2026-10-05,VALE48,VALE S/A,VALE S/A,Vale,inferido,IPCA_MAIS,S,Quirografária,N,VALE S/A,33592510000154,6.5027,0.27,1051.479994,2029-01-15,2028-08-15,-47.59000000000002,1.1878,fluxo divergente da ANBIMA,,,3,1.2132686914506843,2.144190221475359,1.139190547705067,2.9491481067036585,1.1541185658190622,0.5733043597978105,-0.5659312264145955,-1.1246228734021146,-2.2208063751837814,1.1539362882385853,0.5732817089859131,-0.565908838719154,-1.124444807171549,-2.219398133276061,-7.1244247144385815,-14.248849428877163,sem correção,1.0512817233007936,-16.232154585049603,5.6612456517587395,193.82467474738908,193.82467474738908
2026-10-05,VALEA0,VALE S/A,VALE S/A,Vale,inferido,IPCA_MAIS,S,Quirografária,N,VALE S/A,33592510000154,6.6311,0.1518,1108.174368,2034-10-15,2035-05-15,-38.67000000000003,6.1975,ok,,,17,6.1974998439066615,-2.51865007268976e-06,5.812094073780221,45.383303089785635,6.045999734541008,2.963638728814799,-2.8501590496038953,-5.591823742666735,-10.76840705896015,6.039010589229149,2.962776165752343,-2.8493179080278783,-5.585177558331293,-10.71652208576473,-3.2694755199273895,-6.538951039854779,corrigido IPCA,1.0149176611710105,-38.00499858747898,5.496076928885119,171.0268769764247,171.0268769764247
2026-10-05,VALEB0,VALE S/A,VALE S/A,Vale,inferido,IPCA_MAIS,S,Quirografária,N,VALE S/A,33592510000154,6.8514,0.1204,1093.085805,2036-10-15,2037-05-15,-15.589999999999993,7.2714,ok,,,21,7.271413546422415,0.000186297307463649,6.805164505493063,63.201884589193384,7.132722313079398,3.483006730095628,-3.324960810774291,-6.500043654089859,-12.43095404587271,7.121173928439031,3.4815846084830238,-3.32357989701004,-6.4891550825470965,-12.34629131920226,-0.7592388025324535,-1.518477605064907,corrigido IPCA,1.0010988523331679,-10.333489900373818,5.55204608732538,203.34766404046752,203.34766404046752
2026-10-05,VALEB1,VALE S/A,VALE S/A,Vale,inferido,IPCA_MAIS,S,Quirografária,N,VALE S/A,33592510000154,6.441,0.1573,1100.798583,2032-05-15,2032-08-15,-59.64999999999998,4.623,ok,,,12,4.622981986949309,-0.00038963985920497215,4.343234267762712,25.431133297178487,4.473384446713258,2.203776631169996,-2.140191532818081,-4.2189568104539665,-8.200430294584226,4.4703899342486055,2.2034060505028297,-2.139828217259883,-4.21607860127682,-8.177845869581855,-7.15761813392947,-14.31523626785894,corrigido IPCA,1.0465742466059156,-62.17442470968455,5.3942240712291145,141.95505797526812,141.95505797526812
2026-10-05,VALEC0,VALE S/A,VALE S/A,Vale,inferido,IPCA_MAIS,S,Quirografária,N,VALE S/A,33592510000154,6.5774,0.1758,1110.023015,2039-10-15,2040-08-15,-23.570000000000046,8.736,ok,,,27,8.735976518608865,-0.00026878881794304874,8.196837714758349,93.95968907170456,8.687914486103377,4.218480003143599,-3.9834887182447654,-7.746843215948851,-14.667533547910915,8.666636160116873,4.2158684687188055,-3.980969246039544,-7.727039269399826,-14.514481648082608,-1.803897517308667,-3.607795034617334,corrigido IPCA,1.0166107432637923,-29.57251040686927,5.618705276611946,180.00442160877378,180.00442160877378
2026-10-05,VALEC1,VALE S/A,VALE S/A,Vale,inferido,IPCA_MAIS,S,Quirografária,N,VALE S/A,33592510000154,6.6462,0.1419,1086.855964,2035-05-15,2035-05-15,-37.16,6.4954,ok,,,18,6.495396543982303,-5.320715732537309e-05,6.090602894413775,50.023804385870704,6.348826397256402,3.108830797142903,-2.983745291332296,-5.848172160224186,-11.240681781350892,6.340721916343128,3.107831202689226,-2.982771691724549,-5.8404838724844215,-11.180729701110135,-2.8629863543275547,-5.725972708655109,corrigido IPCA,1.033318435526797,-34.87462595266909,5.512415863558395,174.66945687991253,174.66945687991253
2026-10-05,VALED1,VALE S/A,VALE S/A,Vale,inferido,IPCA_MAIS,S,Quirografária,N,VALE S/A,33592510000154,6.7132,0.1828,1085.548491,2037-05-15,2037-05-15,-29.410000000000025,7.5413,ok,,,22,7.541377350395734,0.0010256904742518443,7.066958305435255,68.43714687091028,7.422207985919571,3.620633318226174,-3.449491943097538,-6.737059785887944,-12.860600837743574,7.409144039789807,3.619025586306266,-3.44793271912899,-6.724772571080704,-12.765173673452306,-1.594732948415544,-3.189465896831088,corrigido IPCA,1.032075370353677,-22.53982250951296,5.565021555016125,188.86828622345593,188.86828622345593
2026-10-05,VAMO33,"VAMOS LOCACAO DE CAMINHOES, MAQUINAS E EQUIPAMENTOS S.A.",VAMOS LOCACAO DE CAMINHOES MAQUINAS E EQUIPAMENTOS S.A.,Simpar,CVM FRE,IPCA_MAIS,N,Quirografária,S,VAMOS LOCACAO DE CAMINHOES MAQUINAS E EQUIPAMENTOS S.A.,23373000000132,13.107,0.4386,1114.126309,2031-06-15,2030-08-15,601.9699999999999,3.1618,ok,,,10,3.161844918998853,0.0014206780584777564,2.795445833590187,11.39214223859335,2.8533948761869876,1.4120856848067742,-1.3836034681824594,-2.7394436629767926,-5.37060289953758,2.852406544783154,1.4119630945933352,-1.3834827389968518,-2.73848512239722,-5.3630488224085076,108.28525988684974,216.5705197736995,corrigido IPCA,0.8371468066150862,605.4111571798494,5.2748848053585595,,605.4111571798494
2026-10-05,VAMO34,"VAMOS LOCACAO DE CAMINHOES, MAQUINAS E EQUIPAMENTOS S.A.",VAMOS LOCACAO DE CAMINHOES MAQUINAS E EQUIPAMENTOS S.A.,Simpar,CVM FRE,IPCA_MAIS,N,Flutuante,S,VAMOS LOCACAO DE CAMINHOES MAQUINAS E EQUIPAMENTOS S.A.,23373000000132,13.0849,0.5213,1121.689993,2031-10-15,2030-08-15,599.76,3.2928,ok,,,11,3.2928365759010902,0.0011107841681873962,2.9118269334819153,12.552295511316423,2.975731170496343,1.471745534910296,-1.4403625553866317,-2.8501723465069295,-5.581325740330145,2.9745884110384977,1.4716038361301031,-1.4402230973518122,-2.849065455925333,-5.572607956737502,103.51025698690107,207.02051397380214,corrigido IPCA,0.8796435379813055,602.8079083721864,5.285303184607959,,602.8079083721864
2026-10-05,VBBRA0,VIBRA ENERGIA S.A,VIBRA ENERGIA S.A,Vibra Energia,inferido,IPCA_MAIS,S,Quirografária,N,VIBRA ENERGIA S.A,34274233000102,7.5042,0.2573,1015.396537,2036-03-15,2033-05-15,48.510000000000005,5.7783,ok,,,19,5.778310000504086,0.00017307000477946284,5.374962094973113,39.45666374028941,5.5781216088328645,2.737527208305268,-2.638867775427356,-5.183270414121677,-10.00445822865198,5.572245413674561,2.7368018771619185,-2.638160217811195,-5.177678776271666,-9.96079091514044,4.526453852221285,9.05290770444257,corrigido IPCA,0.9972756238195428,48.659035760668864,5.471757346751294,272.65669933378746,272.65669933378746
2026-10-05,VBRR11,VIA BRASIL BR 163 CONCESSIONARIA DE RODOVIAS S.A.,VIA BRASIL BR 163 CONCESSIONARIA DE RODOVIAS S.A.,Isolada (a identificar),,IPCA_MAIS,S,Real,N,VIA BRASIL BR 163 CONCESSIONARIA DE RODOVIAS S.A.,44067725000172,10.8583,0.2534,1202.303765,2030-12-15,2029-05-15,387.8299999999999,2.319,ok,,,9,2.3189713964130125,-0.0012334448894962937,2.0918338062310284,7.3846934058778935,2.129339240026895,1.0552199940123241,-1.036757238548569,-2.0554759475084117,-4.040435731793057,2.128757273260418,1.0551477698728615,-1.036686036358167,-2.054910339201639,-4.035973744344499,93.00406730630704,186.00813461261407,corrigido IPCA,0.9778814435062245,389.09810421663803,5.2410879989923,669.1433233310564,669.1433233310564
2026-10-05,VDBF12,VDB F2 GERACAO DE ENERGIA S.A.,VDB F2 GERACAO DE ENERGIA S.A.,Isolada (a identificar),,IPCA_MAIS,S,Real,N,VDB F2 GERACAO DE ENERGIA S.A.,19788923000188,7.4674,0.4116,1100.529805,2033-04-15,2030-08-15,38.00999999999996,3.3307,ok,,,14,3.33073940137649,0.0011829758456163807,3.0993021152242357,15.853410966999384,3.180307258712478,1.569682996455457,-1.530045407566094,-3.021708132419587,-5.8946736568582185,3.1785691700592325,1.569467821320867,-1.5298342939033684,-3.020035060389239,-5.881536011108484,7.1004618582647225,14.200923716529445,corrigido IPCA,0.9069293719360793,44.01295291277772,5.288402423364902,264.78947974682205,264.78947974682205
2026-10-05,VERO12,VERO S.A.,VERO S.A.,Vero,CVM FRE,IPCA_MAIS,S,Quirografária,S,VERO S.A.,31748174000160,,,952.060792,2030-03-17,,,,sem taxa indicativa,,,,,,,,,,,,,,,,,,,,,,,,,
2026-10-05,VERO13,VERO S.A.,VERO S.A.,Vero,CVM FRE,IPCA_MAIS,S,Quirografária,N,VERO S.A.,31748174000160,,,930.408907,2031-03-15,,,,sem taxa indicativa,,,,,,,,,,,,,,,,,,,,,,,,,
2026-10-05,VERO24,VERO S.A.,VERO S.A.,Vero,CVM FRE,IPCA_MAIS,S,Quirografária,N,VERO S.A.,31748174000160,,,942.042212,2031-10-15,,,,sem taxa indicativa,,,,,,,,,,,,,,,,,,,,,,,,,
2026-10-05,VERO25,VERO S.A.,VERO S.A.,Vero,CVM FRE,IPCA_MAIS,S,Quirografária,N,VERO S.A.,31748174000160,,,883.479253,2032-07-15,,,,sem taxa indicativa,,,,,,,,,,,,,,,,,,,,,,,,,
2026-10-05,VERO35,VERO S.A.,VERO S.A.,Vero,CVM FRE,IPCA_MAIS,S,Quirografária,N,VERO S.A.,31748174000160,,,877.646928,2035-07-15,,,,sem taxa indicativa,,,,,,,,,,,,,,,,,,,,,,,,,
2026-10-05,VERO44,VERO S.A.,VERO S.A.,Vero,CVM FRE,IPCA_MAIS,S,Quirografária,N,VERO S.A.,31748174000160,,,934.104036,2034-10-15,,,,sem taxa indicativa,,,,,,,,,,,,,,,,,,,,,,,,,
2026-10-05,VIALA5,RODOVIAS INTEGRADAS DO OESTE S/A,RODOVIAS INTEGRADAS DO OESTE S/A,Isolada (a identificar),,IPCA_MAIS,S,Quirografária,S,RODOVIAS INTEGRADAS DO OESTE S/A,03497792000140,7.0629,0.2169,1054.978515,2030-04-15,2030-08-15,-2.4399999999999977,3.4881,ok,,,1,3.488095238095238,-0.00013651858496209512,3.257986882566452,13.65753753950022,3.327459316555892,1.6462123279015195,-1.612066275062729,-3.1908485827530364,-6.251882447118218,3.326274570263953,1.6460653632076012,-1.611921519358851,-3.189699194868951,-6.2428230143429,-0.3826628542744871,-0.7653257085489742,corrigido IPCA,1.0385751463669155,-2.4934211193434335,5.301530380966812,210.99220033402955,210.99220033402955
2026-10-05,VLIM13,VLI MULTIMODAL S/A,VLI MULTIMODAL S.A.,VLI,CVM FRE,IPCA_MAIS,S,Quirografária,N,VLI MULTIMODAL S.A.,42276907000128,7.0288,0.1894,1251.536247,2028-12-15,2028-08-15,5.020000000000024,2.0431,ok,,,5,2.043102567269756,0.00012565560941183324,1.908927846775593,5.590296791767415,1.9372449939140557,0.9614972254851972,-0.9475209397741269,-1.8813333226645579,-3.7088717938289495,1.9368793307344299,0.9614517943775057,-0.9474760523980872,-1.880976362816756,-3.7060497577158373,1.5172650953024867,3.0345301906049733,corrigido IPCA,0.9929795905188507,5.792699182727082,5.261937889519719,218.12408109691754,218.12408109691754
2026-10-05,VLIM14,VLI MULTIMODAL S/A,VLI MULTIMODAL S.A.,VLI,CVM FRE,IPCA_MAIS,S,Quirografária,N,VLI MULTIMODAL S.A.,42276907000128,7.0547,0.1229,1131.602443,2030-09-15,2029-05-15,7.469999999999999,2.6837,ok,,,8,2.6836688849060355,-0.0011594102904375794,2.5068202376038005,9.409695030147907,2.5546412183030442,1.2652680844541297,-1.2417424445234526,-2.460521820649375,-4.831360865779444,2.55386871275454,1.265172237589585,-1.2416480000142152,-2.459771762453061,-4.825446574604643,0.553093367399263,1.106186734798526,corrigido IPCA,0.9883556499859047,2.773011293361813,5.244820343247492,215.38943880730722,215.38943880730722
2026-10-05,VLIM15,VLI MULTIMODAL S/A,VLI MULTIMODAL S.A.,VLI,CVM FRE,IPCA_MAIS,S,Quirografária,N,VLI MULTIMODAL S.A.,42276907000128,7.1821,0.1463,1103.40126,2031-04-15,2031-05-15,14.390000000000036,3.8699,ok,,,10,3.8699404063501546,0.0010441187150747014,3.610621928801689,17.798299591716713,3.7014055314077643,1.8277809062206885,-1.7832813589186869,-3.5233617333925937,-6.87889617714138,3.6996134267602723,1.8275588388904904,-1.7830630899111986,-3.5216304308431057,-6.865277865769044,1.5011254126756401,3.0022508253512803,corrigido IPCA,0.9889267664409147,10.839992665776302,5.333924474313023,227.07135231151454,227.07135231151454
2026-10-05,VLIM16,VLI MULTIMODAL S/A,VLI MULTIMODAL S.A.,VLI,CVM FRE,IPCA_MAIS,S,Quirografária,N,VLI MULTIMODAL S.A.,42276907000128,7.2708,0.0681,1091.351854,2034-11-15,2033-05-15,25.170000000000048,5.5548,ok,,,17,5.5547970798635955,-5.2569604750534566e-05,5.178293701420699,36.52571407817357,5.366079614260633,2.6354410521732374,-2.5441120273769324,-5.000586498317916,-9.664556798935886,5.360922271811567,2.6348039933080667,-2.543489708112633,-4.995665131029832,-9.626073121277928,2.323394051724796,4.646788103449592,corrigido IPCA,1.0051153425555175,24.062433567929656,5.458059175482366,243.80673352175774,243.80673352175774
2026-10-05,VLIM17,VLI MULTIMODAL S/A,VLI MULTIMODAL S.A.,VLI,CVM FRE,IPCA_MAIS,S,Quirografária,N,VLI MULTIMODAL S.A.,42276907000128,7.2641,0.0965,1067.883398,2035-05-15,2033-05-15,24.50000000000001,5.829,ok,,,18,5.828999549883473,-7.72201968025358e-06,5.434250182384854,40.31792662052166,5.641811470440183,2.76825975957673,-2.6674471497457497,-5.23834733519325,-10.10656765501331,5.635839815487463,2.7675224994680794,-2.6667276829167754,-5.232660549282246,-10.062141832359275,2.259212782408091,4.518425564816182,corrigido IPCA,1.0132452370011824,24.554254949694723,5.474789351183529,244.42921707707004,244.42921707707004
2026-10-05,VLIM18,VLI MULTIMODAL S/A,VLI MULTIMODAL S.A.,VLI,CVM FRE,IPCA_MAIS,S,Quirografária,N,VLI MULTIMODAL S.A.,42276907000128,7.4059,0.0896,1029.802196,2035-10-15,2035-05-15,38.80999999999997,6.0833,ok,,,19,6.0832821477933985,-0.0002934625384558896,5.663824936799001,43.90331701725419,5.890111981462454,2.8876271150196198,-2.7778479365221376,-5.450744418261233,-10.499820493492983,5.8833415218852725,2.8867916146710684,-2.7770333221279326,-5.4443083517127295,-10.449583533252918,3.5068694640572646,7.013738928114529,corrigido IPCA,0.9887336956977171,39.72458944125297,5.489614209921068,262.30187123810913,262.30187123810913
2026-10-05,VLIM19,VLI MULTIMODAL S/A,VLI MULTIMODAL S.A.,VLI,CVM FRE,IPCA_MAIS,S,Quirografária,S,VLI MULTIMODAL S.A.,42276907000128,7.3975,0.2033,963.76955,2038-03-15,2037-05-15,39.02000000000001,7.5939,ok,,,23,7.5939094029878165,0.00012382290808175022,7.0708437375058235,67.36789042788281,7.4203868047507004,3.621195319064663,-3.4527287967110243,-6.745958586091083,-12.887193714405088,7.407683189645238,3.6196317317877655,-3.451212005718058,-6.734004285366408,-12.79432966645399,3.2167678024160837,6.4335356048321675,corrigido IPCA,0.941057309999838,45.49052494144827,5.567505033032982,268.97762394965395,268.97762394965395
2026-10-05,VLIM26,VLI MULTIMODAL S/A,VLI MULTIMODAL S.A.,VLI,CVM FRE,IPCA_MAIS,S,Quirografária,N,VLI MULTIMODAL S.A.,42276907000128,7.3218,0.189,1072.20032,2036-11-15,2035-05-15,30.399999999999938,6.7165,ok,,,21,6.71657503835484,0.0011172240726571572,6.258351088366799,53.58988108731124,6.53540167067066,3.1972846820609524,-3.063279413270348,-5.999013461064973,-11.511977267875883,6.5263004938033555,3.196162895542539,-3.062188192824261,-5.990401682930243,-11.444904554987374,2.7409334420242333,5.481866884048467,corrigido IPCA,0.9874771259596367,34.307447580066636,5.524108809758177,255.89441009195588,255.89441009195588
2026-10-05,VLIM27,VLI MULTIMODAL S/A,VLI MULTIMODAL S.A.,VLI,CVM FRE,IPCA_MAIS,S,Quirografária,N,VLI MULTIMODAL S.A.,42276907000128,7.4585,0.0843,1046.4159,2037-05-15,2037-05-15,45.120000000000005,7.166,ok,,,22,7.165998809110936,-1.6618602633198435e-05,6.668619801235766,61.45933945823579,6.987124210807516,3.412514227159913,-3.2588258561365047,-6.371889986183432,-12.190212821886803,6.975916498526945,3.4111340749406778,-3.257485726295088,-6.361323103944587,-12.108052813306816,3.791622567239561,7.583245134479122,corrigido IPCA,0.9928761205595119,50.56977866141225,5.546876824127778,274.8760144354045,274.8760144354045
2026-10-05,VLIM28,VLI MULTIMODAL S/A,VLI MULTIMODAL S.A.,VLI,CVM FRE,IPCA_MAIS,S,Quirografária,N,VLI MULTIMODAL S.A.,42276907000128,7.4738,0.1028,1018.174085,2037-10-15,2037-05-15,46.64999999999999,7.3815,ok,,,23,7.381480354666454,-0.0002661428374409488,6.868167269293962,65.56149939325371,7.20834440060345,3.517558018383915,-3.3536087555441685,-6.552000616973563,-12.515536257104188,7.195974766260231,3.5160355088885478,-3.352131760405414,-6.540359772327693,-12.42510455072285,3.8776034048076307,7.755206809615261,corrigido IPCA,0.9775693094825895,53.26405757640519,5.557380586883931,277.9514724282995,277.9514724282995
2026-10-05,VLIM29,VLI MULTIMODAL S/A,VLI MULTIMODAL S.A.,VLI,CVM FRE,IPCA_MAIS,S,Quirografária,S,VLI MULTIMODAL S.A.,42276907000128,7.3972,0.1594,950.76793,2041-03-15,2040-08-15,58.40999999999994,8.9544,ok,,,29,8.95439439199515,-6.26284826435388e-05,8.337642314692703,96.56152374506004,8.84270663210376,4.292253643686816,-4.050751673335862,-7.875519297630573,-14.90380610718024,8.820449933418004,4.289523062027676,-4.0481192526650265,-7.854834695967402,-14.744054154484203,3.19207155993504,6.38414311987008,corrigido IPCA,0.9283620932337175,53.22870181928306,5.627974494866561,277.2979383952689,277.2979383952689
2026-10-05,VPLT12,VIAPAULISTA S.A.,VIAPAULISTA  S/A,Arteris,CVM FRE,IPCA_MAIS,S,Quirografária,N,VIAPAULISTA  S/A,28019100000189,7.0951,0.4185,219.978866,2027-06-15,2027-05-15,156.78,0.508,ok,,,2,0.507980519701479,-0.0038347044332790103,0.47432657488669316,0.7151122685968746,0.4779316721419846,0.2380608540381468,-0.2362730421725634,-0.4707800514604177,-0.9345812689257937,0.47790213622967753,0.2380571777790927,-0.2362693971076005,-0.47075101354370885,-0.934350904401449,163.3638021900757,326.7276043801514,corrigido IPCA,0.9969102620023518,154.97558550657175,7.268739821194248,399.9925994479228,399.9925994479228
2026-10-05,VRDN12,VIARONDON CONCESSIONÁRIA DE RODOVIA S/A,VIARONDON CONCESSIONARIA DE RODOVIA S/A,Isolada (a identificar),,IPCA_MAIS,S,Quirografária,N,VIARONDON CONCESSIONARIA DE RODOVIA S/A,10635691000153,8.4416,0.2499,1198.194308,2034-12-15,2030-08-15,135.42999999999995,3.6894,ok,,,17,3.6894731982738023,0.0019840156611442288,3.402267393946421,19.77673594443211,3.5036361649241288,1.726161858447517,-1.6767134310222809,-3.305763344350976,-6.427639236853833,3.501151073668582,1.7258546169037505,-1.6764127770426704,-3.3033837142242604,-6.4090000690042,21.131353820135597,42.262707640271195,corrigido IPCA,0.9185409511024448,143.78903218438495,5.318627043169655,382.34157808873,382.34157808873
2026-10-05,WDPR11,WINDEPAR HOLDING S. A.,WINDEPAR HOLDING S.  A.,Windepar Holding,inferido,IPCA_MAIS,S,Real,N,WINDEPAR HOLDING S.  A.,23733733000130,6.5717,0.2728,725.411947,2028-12-15,2028-08-15,-40.690000000000026,1.1791,fluxo divergente da ANBIMA,,,5,1.218866718729005,3.3726332566368367,1.1437058043824064,2.809033261801998,1.1579169689085456,0.5753848260372951,-0.5683620117664545,-1.1298229376676128,-2.2325150216960687,1.1577509706914164,0.5753641937684557,-0.5683416106139507,-1.1296606380733965,-2.231230943528773,-3.601549659658113,-7.203099319316226,corrigido IPCA,0.9244454274565151,-8.23822650104493,5.6553602888297805,202.7487711561673,202.7487711561673
2026-10-05,WNTY12,WINITY S.A.,WINITY S.A.,Winity,inferido,IPCA_MAIS,S,Quirografária,N,WINITY S.A.,34622881000102,8.7046,0.2454,1053.351937,2035-08-15,2032-08-15,166.70999999999995,4.5742,ok,,,18,4.574196310837959,-8.065152467385067e-05,4.207914210473116,25.979888435316074,4.3412006673449355,2.1368505711715224,-2.07189159925133,-4.081253684308084,-7.921584209069932,4.337813652649696,2.136431965780703,-2.071482244692413,-4.078014768296536,-7.896230652239911,19.849280764441442,39.698561528882884,corrigido IPCA,1.0069400683179068,167.04814119272763,5.390548670814477,411.02350171604115,411.02350171604115
2026-10-05,XNGU17,XINGU RIO TRANSMISSORA DE ENERGIA S.A.,XINGU RIO TRANSMISSORA DE ENERGIA S.A.,Isolada (a identificar),,IPCA_MAIS,S,Real,N,XINGU RIO TRANSMISSORA DE ENERGIA S.A.,23093056000133,6.9601,0.2127,1071.279505,2034-12-15,2031-05-15,-7.810000000000006,4.0133,ok,,,17,4.013294668242485,-0.00013285220430797812,3.7521418437739724,22.730707925139946,3.8687339175969893,1.90484751612372,-1.8480127807825486,-3.6412993163426943,-7.07167709832116,3.8657953833996728,1.9044843067934112,-1.8476575369805615,-3.6384883041482725,-7.049669529045147,-0.7732088398902293,-1.5464176797804585,corrigido IPCA,0.9350838747779833,-5.802378484256118,5.345922952797122,206.86359483834244,206.86359483834244
