data_referencia,codigo,emissor,emissor_atual,grupo_risco,fonte_grupo,indexador_tipo,incentivada,garantia,resgate_antecipado_snd,emissor_snd,cnpj_snd,taxa_indicativa,desvio_padrao,pu_anbima,vencimento,ntnb_referencia,spread_ntnb_bps,duration_anbima_anos,status,metodo_di,spread_di_bps,n_fluxos,duration_mac_modelo_anos,erro_duration_pct,duration_mod_anos,convexidade,choque_-100_pct,choque_-50_pct,choque_50_pct,choque_100_pct,choque_200_pct,choque_-100_aprox_pct,choque_-50_aprox_pct,choque_50_aprox_pct,choque_100_aprox_pct,choque_200_aprox_pct,breakeven_6m_bps,breakeven_12m_bps,leitura_vna_snd,preco_real_por_saldo,zspread_bps,inflacao_implicita_na_duration_pct,zspread_grossup_bps,zspread_comparavel_bps
2026-10-02,AALM12,AURA ALMAS MINERACAO S.A.,AURA ALMAS MINERACAO S.A.,Aura Almas,CVM FRE,DI_MAIS,N,Real,S,AURA ALMAS MINERACAO S.A.,08213823000107,0.7493,0.0149,1017.899775,2030-10-02,,,2.1144,ok DI+,ok DI+,74.92999999999999,8,2.114586559203511,0.00882326917855155,2.098859802701866,7.528821522769691,2.1371202172391524,1.058917385396052,-1.0400941944625708,-2.0618137994421026,-4.051858209439807,2.1365039103157146,1.058840928254395,-1.0400188744474708,-2.061215695088017,-4.047143174948338,17.85016795870369,35.70033591740738,,,,,,
2026-10-02,ABSP12,AGUAS DE BOMBINHAS SANEAMENTO SPE S.A.,AGUAS DE BOMBINHAS SANEAMENTO SPE S.A.,Isolada (a identificar),,DI_MAIS,N,Quirografária,S,AGUAS DE BOMBINHAS SANEAMENTO SPE S.A.,26025075000110,,,,2026-10-15,,,,fora do escopo (não IPCA+ nem DI+),,,,,,,,,,,,,,,,,,,,,,,,,
2026-10-02,ACOV15,ACO VERDE DO BRASIL S/A,ACO VERDE DO BRASIL S/A,Aco Verde,CVM FRE,DI_MAIS,N,Quirografária,S,ACO VERDE DO BRASIL S/A,07636657000199,1.5603,0.1216,1035.31931,2032-06-10,,,2.4057,ok DI+,ok DI+,156.03,12,2.407320269240608,0.06735125911826019,2.370335917913405,10.297998827617764,2.4228393679568416,1.1981660099791736,-1.17241881065957,-2.3198241270004694,-4.542403238650539,2.421825912051494,1.198040457491225,-1.1722954604221802,-2.3188459237753163,-4.534711859274456,32.91305650410775,65.8261130082155,,,,,,
2026-10-02,ADPA21,AGUAS DO PARA A SPE S.A.,AGUAS DO PARA A SPE S.A.,Aegea,CVM FRE,DI_MAIS,N,Real,S,AGUAS DO PARA A SPE S.A.,61067901000195,2.7677,0.1357,1048.012303,2027-11-27,,,1.076,ok DI+,ok DI+,276.77,2,1.0768737056777435,0.08119941242969098,1.0478717590037956,2.1399092951419223,1.0586801985757344,0.5266243093479561,-0.5212744014192139,-1.0372789496326251,-2.053790855905102,1.0585713054795052,0.5266107661208252,-0.5212609928829705,-1.037172212528086,-2.052945332104753,132.06291591593387,264.12583183186774,,,,,,
2026-10-02,AEGE16,EQUIPAV SANEAMENTO S.A.,EQUIPAV SANEAMENTO S.A.,Isolada (a identificar),,DI_MAIS,N,Quirografária,S,EQUIPAV SANEAMENTO S.A.,15385166000140,6.8198,0.7721,919.032587,2034-03-11,,,3.3505,ok DI+,ok DI+,681.9799999999999,15,3.3448997246552303,-0.16714745097058586,3.1313480503195383,16.130870641195568,3.213825092344025,1.586063167549212,-1.545731553702745,-3.052445351174482,-5.953822824240684,3.2120024035255157,1.5858376134612633,-1.5455104368582746,-3.05069369711356,-5.940078687815165,108.8955920965744,217.7911841931488,,,,,,
2026-10-02,AEGE17,EQUIPAV SANEAMENTO S.A.,EQUIPAV SANEAMENTO S.A.,Isolada (a identificar),,DI_MAIS,N,Real,S,EQUIPAV SANEAMENTO S.A.,15385166000140,6.5811,0.6234,935.876897,2035-06-15,,,3.7741,ok DI+,ok DI+,658.1100000000001,18,3.7689372207666842,-0.13679497716847833,3.5362153522216264,21.13137581354573,3.6445915807820306,1.7948580056334817,-1.742022181195091,-3.433159594567925,-6.670166836384284,3.641872231289355,1.7945218958777451,-1.741693456343881,-3.4305584731538974,-6.649803188172338,93.05287354551847,186.10574709103693,,,,,,
2026-10-02,AEGP17,AEGEA SANEAMENTO E PARTICIPAÇÕES S/A,AEGEA SANEAMENTO E PARTICIPACOES S/A,Aegea,CVM FRE,DI_MAIS,N,Quirografária,S,AEGEA SANEAMENTO E PARTICIPACOES S/A,08827501000158,2.9165,0.6685,357.403188,2027-04-12,,,0.472,ok DI+,ok DI+,291.65,2,0.47329813311462876,0.27502820225186136,0.45988557045238493,0.6730475120315945,0.4632783650946992,0.23078752447844852,-0.22910487673231117,-0.45654742493547174,-0.906525111820089,0.4632508080125429,0.23078409461623198,-0.22910147583615298,-0.456520332892227,-0.9063101906641381,317.08974877501237,634.1794975500247,,,,,,
2026-10-02,AEGP19,AEGEA SANEAMENTO E PARTICIPAÇÕES S/A,AEGEA SANEAMENTO E PARTICIPACOES S/A,Aegea,CVM FRE,DI_MAIS,N,Quirografária,S,AEGEA SANEAMENTO E PARTICIPACOES S/A,08827501000158,3.3483,0.6384,1065.198464,2028-10-04,,,0.843,ok DI+,ok DI+,334.83,5,0.8459328820401095,0.34791008779472743,0.8185261702806041,2.037900599779888,0.8288377799867686,0.41182563637311986,-0.40673071215371337,-0.8084560097109228,-1.5972383725730288,0.8287156732795037,0.411810460890027,-0.4067157093905772,-0.8083366672817047,-1.5962943285656106,204.53225086573272,409.06450173146544,,,,,,
2026-10-02,AEGPA4,AEGEA SANEAMENTO E PARTICIPAÇÕES S/A,AEGEA SANEAMENTO E PARTICIPACOES S/A,Aegea,CVM FRE,DI_MAIS,N,Quirografária,S,AEGEA SANEAMENTO E PARTICIPACOES S/A,08827501000158,3.2293,0.4904,1074.629481,2028-10-25,,,0.917,ok DI+,ok DI+,322.92999999999995,5,0.9192526829331256,0.24565789892317635,0.8904958988708881,2.2159048663117145,0.9017090758205892,0.44803444023446826,-0.4424944877573611,-0.8795469805949918,-1.7377067624202103,0.9015754232024467,0.4480178305183337,-0.4424780683525544,-0.8794163745393296,-1.736673700415542,181.3203184930227,362.6406369860454,,,,,,
2026-10-02,AEGPA9,AEGEA SANEAMENTO E PARTICIPAÇÕES S/A,AEGEA SANEAMENTO E PARTICIPACOES S/A,Aegea,CVM FRE,DI_MAIS,N,Quirografária,S,AEGEA SANEAMENTO E PARTICIPACOES S/A,08827501000158,2.9482,0.2277,1041.116647,2029-06-25,,,1.8467,ok DI+,ok DI+,294.82,6,1.8493058131626225,0.14110646897831478,1.7963459420976982,5.501596401849956,1.8242385786885196,0.9050977352968559,-0.8913431300485608,-1.7692127828925042,-3.4856206340150075,1.8238539241069482,0.9050499665511617,-0.8912959755465367,-1.7688379600884485,-3.4826599561583973,82.06103097706264,164.1220619541253,,,,,,
2026-10-02,AEGPB3,AEGEA SANEAMENTO E PARTICIPAÇÕES S/A,AEGEA SANEAMENTO E PARTICIPACOES S/A,Aegea,CVM FRE,DI_MAIS,N,Quirografária,S,AEGEA SANEAMENTO E PARTICIPACOES S/A,08827501000158,4.7577,0.6087,920.2833,2032-08-22,,,3.4299,ok DI+,ok DI+,475.77000000000004,12,3.4261167666907504,-0.11030156299745086,3.270515452984125,16.457444863666804,3.3545633956456378,1.6560475602980906,-1.61489993079319,-3.1899246378189416,-6.225208761654333,3.352802677302459,1.6558295325716461,-1.6146859204124793,-3.1882282286657917,-6.211882008694915,72.73624094420529,145.47248188841058,,,,,,
2026-10-02,AEGPB5,AEGEA SANEAMENTO E PARTICIPAÇÕES S/A,AEGEA SANEAMENTO E PARTICIPACOES S/A,Aegea,CVM FRE,DI_MAIS,N,Quirografária,S,AEGEA SANEAMENTO E PARTICIPACOES S/A,08827501000158,4.657,0.617,962.040911,2030-12-15,,,3.0341,ok DI+,ok DI+,465.7,9,3.0361443701402986,0.06737978775579474,2.901042806635293,13.071038508750988,2.9676439098655694,1.4670146362029568,-1.4343344925052959,-2.8368927481958517,-5.550150068590809,2.966397999179048,1.4668602014535852,-1.434182605181708,-2.835687614091538,-5.540664843095566,80.26424135053203,160.52848270106406,,,,,,
2026-10-02,AEGPB7,AEGEA SANEAMENTO E PARTICIPAÇÕES S/A,AEGEA SANEAMENTO E PARTICIPACOES S/A,Aegea,CVM FRE,DI_MAIS,N,Quirografária,S,AEGEA SANEAMENTO E PARTICIPACOES S/A,08827501000158,3.5565,0.71,1000.394054,2028-09-15,,,1.3141,ok DI+,ok DI+,355.65,4,1.3148487179488828,0.05697572094077772,1.2696921177800358,3.1007196880151464,1.2853788605501348,0.6387447212812924,-0.6309926659872289,-1.2543675649290598,-2.4787863417571554,1.2851957162201115,0.6387219585000368,-0.630970159279999,-1.25418851933996,-2.4773698417997685,140.05363781490118,280.10727562980236,,,,,,
2026-10-02,AERI11,AERIS INDUSTRIA E COMERCIO DE EQUIPAMENTOS PARA GERACAO DE ENERGIA S.A,AERIS INDUSTRIA E COMERCIO DE EQUIPAMENTOS PARA GERACAO DE ENERGIA S.A.,Isolada (a identificar),,DI_MAIS,N,Quirografária,N,AERIS INDUSTRIA E COMERCIO DE EQUIPAMENTOS PARA GERACAO DE ENERGIA S.A.,12528708000107,,,121.767056,2030-03-30,,,,fora do escopo (não IPCA+ nem DI+),,,,,,,,,,,,,,,,,,,,,,,,,
2026-10-02,AERI12,AERIS INDUSTRIA E COMERCIO DE EQUIPAMENTOS PARA GERACAO DE ENERGIA S.A,AERIS INDUSTRIA E COMERCIO DE EQUIPAMENTOS PARA GERACAO DE ENERGIA S.A.,Isolada (a identificar),,DI_MAIS,N,Quirografária,S,AERIS INDUSTRIA E COMERCIO DE EQUIPAMENTOS PARA GERACAO DE ENERGIA S.A.,12528708000107,,,152.69913,2030-03-30,,,,fora do escopo (não IPCA+ nem DI+),,,,,,,,,,,,,,,,,,,,,,,,,
2026-10-02,AESLA8,RGE SUL DISTRIBUIDORA DE ENERGIA S/A,RGE SUL DISTRIBUIDORA DE ENERGIA S/A,CPFL,CVM FRE,DI_MAIS,N,Quirografária,S,RGE SUL DISTRIBUIDORA DE ENERGIA S/A,02016440000162,0.4128,0.0298,1010.124807,2029-09-10,,,2.0768,ok DI+,ok DI+,41.279999999999994,12,2.0777724117743883,0.046822600846896066,2.069230627743065,6.839493166519732,2.103933884169318,1.0432274733572555,-1.0261278959804443,-2.035525434799601,-4.005557535742355,2.1034280935756637,1.0431646803296823,-1.0260659474133829,-2.0350331619104667,-4.001671392155736,9.97472187163221,19.94944374326442,,,,,,
2026-10-02,ALGAA2,ALGAR TELECOM S/A,ALGAR TELECOM S.A.,Algar Telecom,CVM FRE,DI_MAIS,N,Quirografária,S,ALGAR TELECOM S.A.,71208516000174,1.1456,0.0765,1039.360632,2029-01-15,,,1.5601,ok DI+,ok DI+,114.55999999999999,5,1.5618924983185467,0.1148963732162467,1.5442021188450579,4.275110005774435,1.565855787656556,0.7774794973944843,-0.7667913014120398,-1.5230979497271702,-3.00504706823731,1.5655776688739302,0.777444946929747,-0.7667571719153108,-1.5228265688161857,-3.002902037574627,37.09358982284064,74.18717964568128,,,,,,
2026-10-02,ALGTA5,ALGAR TELECOM S/A,ALGAR TELECOM S.A.,Algar Telecom,CVM FRE,DI_MAIS,N,Quirografária,S,ALGAR TELECOM S.A.,71208516000174,1.0477,0.0845,1036.000175,2032-01-28,,,3.4998,ok DI+,ok DI+,104.77,11,3.4967856452121526,-0.08612934418673625,3.460529675798808,18.00379691400255,3.5525167640749755,1.7530132568754242,-1.7079992070339833,-3.372405836868453,-6.575867339745411,3.5505486603688214,1.7527695840419073,-1.707760091756901,-3.3705106912287954,-6.560983413317565,15.137856024282687,30.275712048565374,,,,,,
2026-10-02,ALGTA6,ALGAR TELECOM S/A,ALGAR TELECOM S.A.,Algar Telecom,CVM FRE,DI_MAIS,N,Quirografária,S,ALGAR TELECOM S.A.,71208516000174,1.1475,0.0634,1020.039493,2033-02-22,,,4.0459,ok DI+,ok DI+,114.74999999999999,13,4.03732737011929,-0.21188437382805786,3.991524625046878,23.852454998469863,4.113754495059552,2.0259448709706085,-1.9663060437093205,-3.8751068400856847,-7.528290890735234,4.110786900039227,2.025577881271526,-1.9659467437753517,-3.8722623500545286,-7.506000150124359,14.374206697854497,28.748413395708994,,,,,,
2026-10-02,AMBP16,AMBIPAR PARTICIPACOES E EMPREENDIMENTOS S/A,AMBIPAR PARTICIPACOES E EMPREENDIMENTOS S/A,Ambipar Empreendimentos,CVM FRE,DI_MAIS,N,Quirografária,S,AMBIPAR PARTICIPACOES E EMPREENDIMENTOS S/A,12648266000124,,,193.876152,2029-04-25,,,,fora do escopo (não IPCA+ nem DI+),,,,,,,,,,,,,,,,,,,,,,,,,
2026-10-02,ANHBA5,CONCESSIONÁRIA DO SISTEMA ANHANGUERA-BANDEIRANTES S/A,CONCESSIONARIA DO SISTEMA ANHANGUERA-BANDEIRANTES S/A,Motiva (ex-CCR),CVM FRE,DI_MAIS,N,Quirografária,S,CONCESSIONARIA DO SISTEMA ANHANGUERA-BANDEIRANTES S/A,02451848000162,0.5108,0.0181,1056.959299,2030-11-05,,,2.7581,ok DI+,ok DI+,51.080000000000005,9,2.7632579599937106,0.18701134816396728,2.7492149699273223,11.808882325272988,2.8093483030050326,1.3895035852822701,-1.359979195478478,-2.6912245211706765,-5.270550328133805,2.8082593815536874,1.3893685878702524,-1.35984638205707,-2.690170558300957,-5.262252293349185,9.28992468008974,18.57984936017948,,,,,,
2026-10-02,ANHBA6,CONCESSIONÁRIA DO SISTEMA ANHANGUERA-BANDEIRANTES S/A,CONCESSIONARIA DO SISTEMA ANHANGUERA-BANDEIRANTES S/A,Motiva (ex-CCR),CVM FRE,DI_MAIS,N,Quirografária,S,CONCESSIONARIA DO SISTEMA ANHANGUERA-BANDEIRANTES S/A,02451848000162,0.5553,0.0428,1028.398826,2032-07-15,,,3.7635,ok DI+,ok DI+,55.53,12,3.7594599817439414,-0.10734736963089433,3.7386989862731665,20.934423382871902,3.8458166358374513,1.8958201308426625,-1.8434780764088998,-3.636376414252307,-7.077142119867141,3.8433711031875264,1.895517522365173,-1.8431814639079935,-3.634026869358807,-7.0587095048888955,7.426380166453807,14.852760332907614,,,,,,
2026-10-02,ANIM15,ANIMA HOLDING S/A,ANIMA HOLDING S/A,Anima Holding,CVM FRE,DI_MAIS,N,Quirografária,S,ANIMA HOLDING S/A,09288252000132,2.0078,0.0235,794.349967,2029-05-15,,,1.3555,ok DI+,ok DI+,200.77999999999997,6,1.3585485045886636,0.2248988999383018,1.331808454440409,3.7378479981020223,1.3507482680198413,0.6706076597521093,-0.6612626490436369,-1.3133635329973248,-2.5907903665994048,1.3504976944309193,0.6705765372178321,-0.661231917222577,-1.3131192144498989,-2.5888599489187776,75.37870755008927,150.75741510017855,,,,,,
2026-10-02,ANIM17,ANIMA HOLDING S/A,ANIMA HOLDING S/A,Anima Holding,CVM FRE,DI_MAIS,N,Quirografária,S,ANIMA HOLDING S/A,09288252000132,2.0289,0.0417,1051.270942,2029-05-15,,,1.7544,ok DI+,ok DI+,202.89000000000001,6,1.7585058847241055,0.23403355700556072,1.7235370416853515,5.18656756462541,1.749828205776427,0.8682962318039777,-0.8553292452341155,-1.6979534444114375,-3.3461016216907336,1.7494698795084787,0.8682517302984576,-0.8552853113868941,-1.6976042038622248,-3.343342732078195,58.85861315797574,117.71722631595148,,,,,,
2026-10-02,ANIM18,ANIMA HOLDING S/A,ANIMA HOLDING S/A,Anima Holding,CVM FRE,DI_MAIS,N,Quirografária,S,ANIMA HOLDING S/A,09288252000132,2.1481,0.0921,1056.907509,2029-10-15,,,2.1355,ok DI+,ok DI+,214.81,7,2.141733302964387,0.29188962605417207,2.096694214541814,7.309586028060354,2.1338067330960664,1.0575541655598597,-1.0392792251084138,-2.0606952602429063,-4.051528478068056,2.1332421446821157,1.0574840898059823,-1.0392101247358316,-2.0601462844015117,-4.047196708522421,51.22587702826803,102.45175405653606,,,,,,
2026-10-02,APFL18,AUTOPISTA FLUMINENSE S/A,AUTOPISTA FLUMINENSE S/A,Arteris,CVM FRE,DI_MAIS,N,Real,S,AUTOPISTA FLUMINENSE S/A,09324949000111,2.4224,0.2911,1012.218995,2029-01-15,,,1.9401,ok DI+,ok DI+,242.24000000000004,5,1.9423318450905174,0.11503763159205387,1.896393606369815,5.80929785980737,1.9258401941756764,0.9555081187722081,-0.9409842478456221,-1.867737191701424,-3.6796831772600846,1.9254400956688522,0.9554584255096668,-0.9409351808601484,-1.8673471170707783,-3.676601255543483,63.86859752804949,127.73719505609898,,,,,,
2026-10-02,APPSB2,AUTOPISTA PLANALTO SUL S/A,AUTOPISTA PLANALTO SUL S/A,Arteris,CVM FRE,DI_MAIS,N,Quirografária,S,AUTOPISTA PLANALTO SUL S/A,09325109000173,1.3894,0.0501,508.045232,2028-09-15,,,1.1046,ok DI+,ok DI+,138.94,4,1.1052120960434793,0.05541336623929265,1.0900667091860483,2.5641420308273526,1.1030363884004357,0.548257048045997,-0.541846486016051,-1.0773916564274066,-2.1300030197968334,1.102887419340185,0.5482385321315583,-0.5418281770544899,-1.0772459990319114,-2.1288505777555495,63.73004460605275,127.4600892121055,,,,,,
2026-10-02,APRB28,AUTOPISTA REGIS BITTENCOURT S/A,AUTOPISTA REGIS BITTENCOURT S/A,Arteris,CVM FRE,DI_MAIS,N,Quirografária,S,AUTOPISTA REGIS BITTENCOURT S/A,09336431000106,0.6715,0.0327,323.558928,2027-06-15,,,0.4981,ok DI+,ok DI+,67.14999999999999,2,0.4985709179985356,0.09454286258494332,0.4952453455034797,0.7924157684027924,0.49924223275414903,0.24861752376745816,-0.24663644537398222,-0.4913174516692598,-0.974913430232538,0.4992074243454937,0.24861319246224334,-0.24663215304123637,-0.4912832666614657,-0.9746423756389035,67.7946805655826,135.5893611311652,,,,,,
2026-10-02,ARML13,ARMAC LOCACAO LOGISTICA E SERVICOS S.A.,ARMAC LOCACAO LOGISTICA E SERVICOS S.A.,Isolada (a identificar),,DI_MAIS,N,Quirografária,S,ARMAC LOCACAO LOGISTICA E SERVICOS S.A.,00242184000104,3.1465,0.2156,1048.652959,2029-11-04,,,2.0547,ok DI+,ok DI+,314.65,7,2.0598442491596254,0.2503649758906611,1.9970083804681935,6.704398219928935,2.0310334767385863,1.0069471426921162,-0.9901852975043202,-1.9639758946537578,-3.863792501393837,2.030530371567838,1.006884688009008,-0.9901236924591855,-1.963486389368549,-3.8599287965378086,78.78034040253529,157.56068080507058,,,,,,
2026-10-02,ARML14,ARMAC LOCACAO LOGISTICA E SERVICOS S.A.,ARMAC LOCACAO LOGISTICA E SERVICOS S.A.,Isolada (a identificar),,DI_MAIS,N,Quirografária,S,ARMAC LOCACAO LOGISTICA E SERVICOS S.A.,00242184000104,3.7082,0.1359,951.015365,2032-03-15,,,3.2666,ok DI+,ok DI+,370.82000000000005,11,3.2634145077454906,-0.09751705915965744,3.1467275564955233,15.072412864500729,3.2236327428592837,1.5923954438167298,-1.5547110176974743,-3.072854283113624,-6.003710264356599,3.222089620818027,1.5922042943283876,-1.5545232621671357,-3.0713654921730194,-5.992006855701032,58.92152932568752,117.84305865137505,,,,,,
2026-10-02,ARML15,ARMAC LOCACAO LOGISTICA E SERVICOS S.A.,ARMAC LOCACAO LOGISTICA E SERVICOS S.A.,Isolada (a identificar),,DI_MAIS,N,Quirografária,S,ARMAC LOCACAO LOGISTICA E SERVICOS S.A.,00242184000104,3.8804,0.3249,917.570408,2032-09-25,,,3.5667,ok DI+,ok DI+,388.03999999999996,12,3.5611800548065227,-0.15476337212205446,3.4281539682235747,17.719961299129157,3.518694264333777,1.7364671767378992,-1.6921627556541252,-3.34142232836927,-6.516579317062443,3.5167537747192203,1.7362269357356988,-1.691927032487876,-3.339554161727929,-6.501908710464566,56.59605776123838,113.19211552247675,,,,,,
2026-10-02,ARML25,ARMAC LOCACAO LOGISTICA E SERVICOS S.A.,ARMAC LOCACAO LOGISTICA E SERVICOS S.A.,Isolada (a identificar),,DI_MAIS,N,Quirografária,S,ARMAC LOCACAO LOGISTICA E SERVICOS S.A.,00242184000104,4.5328,0.6569,884.71388,2034-09-25,,,4.3203,ok DI+,ok DI+,453.28000000000003,16,4.306359769344605,-0.32266811692230124,4.119625389681139,26.32249573254535,4.2547728927990525,2.0931526129204014,-2.0273365292519885,-3.991390333544842,-7.739227154325546,4.251237868343866,2.092715814506251,-2.026909575174888,-3.9880129110184126,-7.712800864711371,55.01471094136111,110.02942188272222,,,,,,
2026-10-02,ARML26,ARMAC LOCACAO LOGISTICA E SERVICOS S.A.,ARMAC LOCACAO LOGISTICA E SERVICOS S.A.,Isolada (a identificar),,DI_MAIS,N,Quirografária,S,ARMAC LOCACAO LOGISTICA E SERVICOS S.A.,00242184000104,3.7636,0.0981,997.8508,2030-11-05,,,2.9512,ok DI+,ok DI+,376.35999999999996,9,2.956199021164373,0.16938944037588502,2.84897499813458,12.755748780273901,2.9139622723747705,1.4405819922818974,-1.4086901608009517,-2.7863654139980154,-5.452037799664778,2.9127537420359495,1.4404321850426325,-1.4085428130919477,-2.785196254233211,-5.442835020663682,66.05182569984446,132.1036513996889,,,,,,
2026-10-02,ARTRA1,ARTERIS S/A,ARTERIS S.A.,Arteris,CVM FRE,DI_MAIS,N,Quirografária,S,ARTERIS S.A.,02919555000167,1.8501,0.1434,335.940386,2027-03-11,,,0.4246,ok DI+,ok DI+,185.01,1,0.4246031746031746,0.0007476691414545554,0.41689028739606004,0.5831149929048244,0.41982919433452004,0.20917694163535838,-0.2077191297851777,-0.413997655188314,-0.8223003013530628,0.41980586236058415,0.20917403743916105,-0.207716249956899,-0.41397471243153594,-0.8221182749340237,221.8929123482243,443.7858246964486,,,,,,
2026-10-02,ARTRA4,ARTERIS S/A,ARTERIS S.A.,Arteris,CVM FRE,DI_MAIS,N,Quirografária,S,ARTERIS S.A.,02919555000167,2.6558,0.112,678.685346,2028-08-24,,,1.2581,ok DI+,ok DI+,265.58000000000004,4,1.2589096255987136,0.0643530401966107,1.2263404752568423,2.965164691986399,1.241340693402293,0.6168983689557095,-0.6094852138264883,-1.2116851496587033,-2.394726554566584,1.2411662987167742,0.6168766934934041,-0.6094637817634381,-1.2115146517969104,-2.3933776566739566,108.28151127621287,216.56302255242574,,,,,,
2026-10-02,ARTRA5,ARTERIS S/A,ARTERIS S.A.,Arteris,CVM FRE,DI_MAIS,N,Quirografária,S,ARTERIS S.A.,02919555000167,2.6738,0.1274,1073.581445,2029-04-12,,,1.2591,ok DI+,ok DI+,267.38,6,1.2630026587781633,0.3099562209644352,1.230111926098151,3.365894389661607,1.2471621684971623,0.6192907552748927,-0.6108756814908078,-1.2134978176872702,-2.3946080028217964,1.246941398046459,0.6192633310361525,-0.6108485950619985,-1.213282454149843,-2.39290596440307,108.68116726910979,217.36233453821959,,,,,,
2026-10-02,ASAI18,SENDAS DISTRIBUIDORA S/A,SENDAS  DISTRIBUIDORA S/A,Sendas Distribuidora,inferido,DI_MAIS,N,Quirografária,S,SENDAS  DISTRIBUIDORA S/A,06057223000171,2.2496,0.001,1039.649557,2027-12-22,,,1.1031,ok DI+,ok DI+,224.96,3,1.1047460536109925,0.14922070628162185,1.0804404649123247,2.2957695813314896,1.0920396551688638,0.5431049097877727,-0.5373653335534523,-1.0690795206615977,-2.1158992999537385,1.0919193128189821,0.5430899444328268,-0.5373505204794979,-1.0689616170056673,-2.1149655381980192,104.10568990409621,208.21137980819242,,,,,,
2026-10-02,ASAI19,SENDAS DISTRIBUIDORA S/A,SENDAS  DISTRIBUIDORA S/A,Sendas Distribuidora,inferido,DI_MAIS,N,Quirografária,S,SENDAS  DISTRIBUIDORA S/A,06057223000171,2.2916,0.067,984.947379,2029-03-25,,,1.7521,ok DI+,ok DI+,229.16,5,1.7529908030078396,0.05084201859708997,1.713719213511021,4.963950797453452,1.7388716516369973,0.86310586880467,-0.8506954777278364,-1.6892239140214649,-3.3307232856749858,1.7385389674982883,0.8630645452523273,-0.8506546682586937,-1.6888994595237536,-3.328159411072973,66.86042794913388,133.72085589826776,,,,,,
2026-10-02,ASAI22,SENDAS DISTRIBUIDORA S/A,SENDAS  DISTRIBUIDORA S/A,Sendas Distribuidora,inferido,DI_MAIS,N,Quirografária,S,SENDAS  DISTRIBUIDORA S/A,06057223000171,2.2406,0.0835,1055.555276,2028-05-20,,,0.9954,ok DI+,ok DI+,224.06000000000003,4,0.9974952185984427,0.21049011437037873,0.9756351377030679,2.173877685107559,0.9866254481055936,0.4905499489432863,-0.4851150928634751,-0.9648840808857084,-1.9087293377470504,0.9865045261286056,0.49053491595791837,-0.48510022174514955,-0.9647657492775302,-1.9077927217039845,114.82776262420353,229.65552524840706,,,,,,
2026-10-02,ASAI28,SENDAS DISTRIBUIDORA S/A,SENDAS  DISTRIBUIDORA S/A,Sendas Distribuidora,inferido,DI_MAIS,N,Quirografária,S,SENDAS  DISTRIBUIDORA S/A,06057223000171,2.3222,0.0855,1037.342779,2028-12-22,,,1.8723,ok DI+,ok DI+,232.22,5,1.875176012320765,0.15360852004299277,1.8326189354028402,5.52460797729378,1.8606178865853362,0.9232619196562375,-0.9094498168611409,-1.805362477314032,-3.557642357947277,1.8602419752893091,0.9232152276730372,-0.9094037077298028,-1.804995895516371,-3.5547457112598044,63.357415858238475,126.71483171647695,,,,,,
2026-10-02,ASAIA0,SENDAS DISTRIBUIDORA S/A,SENDAS  DISTRIBUIDORA S/A,Sendas Distribuidora,inferido,DI_MAIS,N,Quirografária,S,SENDAS  DISTRIBUIDORA S/A,06057223000171,2.3311,0.0834,1021.961945,2029-06-20,,,1.8583,ok DI+,ok DI+,233.11,6,1.8610867230316914,0.1499608799274263,1.8186912121844594,5.605486191217699,1.847112772562065,0.9164014075031313,-0.9023870592267946,-1.7910477828266824,-3.528305676949939,1.8467186431405478,0.9163524638312518,-0.9023387483532075,-1.7906637812283708,-3.5252727005445648,64.08729487399013,128.17458974798026,,,,,,
2026-10-02,ASAIA1,SENDAS DISTRIBUIDORA S/A,SENDAS  DISTRIBUIDORA S/A,Sendas Distribuidora,inferido,DI_MAIS,N,Quirografária,S,SENDAS  DISTRIBUIDORA S/A,06057223000171,2.3244,0.0804,980.472215,2029-09-25,,,2.1293,ok DI+,ok DI+,232.43999999999997,6,2.1300543600667425,0.035427608450774584,2.081668067505641,6.888108523351651,2.1166199787933104,1.0495076532518244,-1.0322865248675317,-2.0477251741957136,-4.029502349745839,2.1161086101223994,1.04944416940701,-1.0322238980986311,-2.047227524888883,-4.0255739645442485,55.830226640917154,111.66045328183431,,,,,,
2026-10-02,ASAIA2,SENDAS DISTRIBUIDORA S/A,SENDAS  DISTRIBUIDORA S/A,Sendas Distribuidora,inferido,DI_MAIS,N,Quirografária,S,SENDAS  DISTRIBUIDORA S/A,06057223000171,2.3523,0.0668,1019.69467,2029-12-09,,,2.5083,ok DI+,ok DI+,235.23000000000002,7,2.5121134849782973,0.15203464411342915,2.454379124825038,9.38420760950447,2.5020755906320913,1.2390160310637999,-1.2155541037509487,-2.4082109722717626,-4.7270106366675275,2.5013001628725604,1.2389198219243998,-1.2154593029006384,-2.407458086777516,-4.7210740974599865,47.92046950300894,95.84093900601788,,,,,,
2026-10-02,ASAIA3,SENDAS DISTRIBUIDORA S/A,SENDAS  DISTRIBUIDORA S/A,Sendas Distribuidora,inferido,DI_MAIS,N,Quirografária,S,SENDAS  DISTRIBUIDORA S/A,06057223000171,2.3518,0.0693,1023.336095,2029-06-05,,,2.175,ok DI+,ok DI+,235.17999999999998,6,2.178899745589315,0.1792986477846103,2.128833831539177,7.22748877186166,2.1655120826765684,1.07351841597354,-1.0554487887905584,-2.093222705823028,-4.117272649514703,2.1649712753984853,1.0734512767344155,-1.0553825548047613,-2.0926963876798688,-4.1131178876411205,55.23681475645319,110.47362951290638,,,,,,
2026-10-02,AURE13,AUREN ENERGIA S.A.,AUREN ENERGIA S.A.,Auren,CVM FRE,DI_MAIS,N,Quirografária,S,AUREN ENERGIA S.A.,28594234000123,0.8333,0.0468,1059.631129,2031-10-10,,,2.9563,ok DI+,ok DI+,83.33,11,2.963596276933832,0.24680434779393354,2.9391047173243683,13.745501973787345,3.009211231306863,1.4869050794604766,-1.4525383363811817,-2.8717083773934116,-5.613766481867854,3.0078322271933047,1.4867342361294182,-1.4523704811949498,-2.8703772074554315,-5.603299395172989,14.176085579533208,28.352171159066415,,,,,,
2026-10-02,AXIAA0,CENTRAIS ELETRICAS BRASILEIRAS S/A ELETROBRAS,AXIA ENERGIA S.A.,Axia (ex-Eletrobras),inferido,DI_MAIS,N,Quirografária,S,AXIA ENERGIA S.A.,00001180000126,0.6674,0.0263,1031.322109,2033-07-15,,,4.4224,ok DI+,ok DI+,66.74000000000001,14,4.4115766999509365,-0.24473815233952556,4.382329035964906,29.121931750946544,4.531936809189552,2.2280608797533796,-2.155244779306742,-4.240537046649928,-8.2120820418921,4.527938694719639,2.2275669326711363,-2.15476210329377,-4.236719377210173,-8.18221943691088,7.614672409611196,15.229344819222392,,,,,,
2026-10-02,AXIAB0,CENTRAIS ELETRICAS BRASILEIRAS S/A ELETROBRAS,AXIA ENERGIA S.A.,Axia (ex-Eletrobras),inferido,DI_MAIS,N,Quirografária,S,AXIA ENERGIA S.A.,00001180000126,0.7617,0.0299,1034.756903,2036-07-15,,,5.0704,ok DI+,ok DI+,76.17,20,5.050198244338312,-0.39842528521789256,5.012021675238024,39.62348294635763,5.2166781009471475,2.5563462108687096,-2.457265625588978,-4.820092974166701,-9.279780528421655,5.210139089969814,2.5555401913019598,-2.4564814839360656,-4.813904260506237,-9.231573691548897,7.598730106886722,15.197460213773445,,,,,,
2026-10-02,AZZA11,AZZAS 2154 S.A.,AZZAS 2154 S.A.,Azzas 2154,inferido,DI_MAIS,N,Quirografária,S,AZZAS 2154 S.A.,16590234000176,1.4667,0.1415,996.93022,2030-03-28,,,2.4818,ok DI+,ok DI+ aprox,146.67,,,,2.4459256090914554,,2.4459256090914554,1.2229628045457277,-1.2229628045457277,-2.4459256090914554,-4.891851218182911,2.4459256090914554,1.2229628045457277,-1.2229628045457277,-2.4459256090914554,-4.891851218182911,29.982514483439438,59.965028966878876,,,,,,
2026-10-02,AZZA12,AZZAS 2154 S.A.,AZZAS 2154 S.A.,Azzas 2154,inferido,DI_MAIS,N,Quirografária,S,AZZAS 2154 S.A.,16590234000176,1.6846,0.2573,1007.05692,2030-08-15,,,2.6923,ok DI+,ok DI+,168.46,8,2.6928089959223294,0.018905616845427596,2.6481974614861343,10.71176427097225,2.7026942602167425,1.3376047628073984,-1.3108235521214207,-2.595547805060383,-5.089322591414936,2.7017562828409956,1.3374884360817825,-1.3107090254043519,-2.594638640131273,-5.082159637552824,31.80654057146147,63.61308114292294,,,,,,
2026-10-02,AZZA13,AZZAS 2154 S.A.,AZZAS 2154 S.A.,Azzas 2154,inferido,DI_MAIS,N,Quirografária,S,AZZAS 2154 S.A.,16590234000176,2.06,0.0558,1013.492316,2028-01-28,,,1.2153,ok DI+,ok DI+,206.0,3,1.2166066896652743,0.10751992637819897,1.192050450387296,2.6584904661655666,1.2054871438608838,0.5993662731251792,-0.5927198594148142,-1.1788992375018625,-2.3320493650691665,1.2053429027181237,0.5993483382763549,-0.592702112110941,-1.1787579980564682,-2.3309310914512804,86.40573892366334,172.81147784732667,,,,,,
2026-10-02,BCBF16,BCBF PARTICIPAÇÕES S/A,HAPVIDA PARTICIPACOES E INVESTIMENTOS S.A.,Hapvida Investimentos,CVM FRE,DI_MAIS,N,Quirografária,S,HAPVIDA PARTICIPACOES E INVESTIMENTOS S.A.,05197443000138,4.5956,0.1782,706.816465,2027-10-07,,,0.4498,ok DI+,ok DI+,459.56000000000006,3,0.4512665935513,0.3260545912183241,0.4314393660453212,0.8137713587788519,0.4355472863675436,0.2167417567312091,-0.21470728240899906,-0.42740883576265487,-0.8469070475121465,0.4355082228392155,0.21673689722113415,-0.214702468824187,-0.4273705092514269,-0.8466033049150654,532.5893232836394,1065.1786465672787,,,,,,
2026-10-02,BCPSA4,CLARO S/A,CLARO S/A,Claro,inferido,DI_MAIS,N,Quirografária,S,CLARO S/A,40432544000147,0.2497,0.0012,1020.545697,2027-02-20,,,0.373,ok DI+,ok DI+,24.970000000000002,1,0.373015873015873,0.004255500234054879,0.3720867723453268,0.5096085558688468,0.37465509065859326,0.1866829205974696,-0.18540887807783069,-0.36955866688502814,-0.7341395538258966,0.374634815124671,0.18668039686749946,-0.18540637547782732,-0.36953872956598255,-0.7339813735732766,33.55400118446808,67.10800236893616,,,,,,
2026-10-02,BCPSA6,CLARO S/A,CLARO S/A,Claro,inferido,DI_MAIS,N,Quirografária,S,CLARO S/A,40432544000147,0.3608,0.0189,1071.930115,2028-10-10,,,1.7065,ok DI+,ok DI+,36.08,5,1.7120472138580887,0.32506380650974287,1.7058923542439763,4.97024396432853,1.7310737883929006,0.8592000022068058,-0.8467738883910503,-1.6813632829242642,-3.314925874721286,1.730743574065619,0.8591589820773989,-0.8467333721665774,-1.6810411344223337,-3.3123798292013817,10.57511041369022,21.15022082738044,,,,,,
2026-10-02,BKBR19,BK BRASIL OPERAÇÃO E ASSESSORIA A RESTAURANTES S/A,ZAMP S.A.,Zamp,CVM FRE,DI_MAIS,N,Quirografária,S,ZAMP S.A.,13574594000196,1.6081,0.1001,535.479537,2027-04-24,,,0.5083,ok DI+,ok DI+,160.81,2,0.5094732259750668,0.23081368779595918,0.5014100509458073,0.7597817877895678,0.5052409046120143,0.2516587283211802,-0.24975923935470767,-0.49764253482063037,-0.987873459283195,0.5052089598847551,0.2516547527076406,-0.24975529823816667,-0.49761114200685946,-0.9876244661358231,160.35777473613157,320.71554947226315,,,,,,
2026-10-02,BRIT11,BRISANET PARTICIPACOES S.A.,BRISANET SERVICOS DE TELECOMUNICACOES S.A.,Brisanet Servicos,inferido,DI_MAIS,N,Quirografária,S,BRISANET SERVICOS DE TELECOMUNICACOES S.A.,04601397000128,0.9617,0.041,341.658629,2027-08-25,,,0.8502,ok DI+,ok DI+,96.17,2,0.8506044344113418,0.04756932619876012,0.8425020917945536,1.559964240671421,0.8503766253305622,0.4232102951902128,-0.41931029590582813,-0.8347755629610654,-1.6543857175140064,0.8503019129979106,0.42320100119811604,-0.4193010905964375,-0.8347022705911965,-1.6538048987756786,57.07404227042045,114.1480845408409,,,,,,
2026-10-02,BRIT12,BRISANET PARTICIPACOES S.A.,BRISANET SERVICOS DE TELECOMUNICACOES S.A.,Brisanet Servicos,inferido,DI_MAIS,N,Quirografária,S,BRISANET SERVICOS DE TELECOMUNICACOES S.A.,04601397000128,1.3303,0.0705,1041.030322,2030-07-10,,,2.2412,ok DI+,ok DI+,133.03,8,2.243157140833013,0.08732557705750463,2.2137081809024672,8.113152416168312,2.254940911205061,1.1170782747730756,-1.0967941665700698,-2.173789742245935,-4.270256548886831,2.2542739429833087,1.116995530971444,-1.0967126499310234,-2.1731424188216257,-4.2651533134815685,30.046869128379736,60.09373825675947,,,,,,
2026-10-02,BRKMA6,BRASKEM S/A,BRASKEM S/A,Braskem,CVM FRE,DI_MAIS,N,Quirografária,S,BRASKEM S/A,42150391000170,,,494.964079,2029-05-12,,,,fora do escopo (não IPCA+ nem DI+),,,,,,,,,,,,,,,,,,,,,,,,,
2026-10-02,BRKMA8,BRASKEM S/A,BRASKEM S/A,Braskem,CVM FRE,DI_MAIS,N,Quirografária,S,BRASKEM S/A,42150391000170,,,470.478777,2029-11-09,,,,fora do escopo (não IPCA+ nem DI+),,,,,,,,,,,,,,,,,,,,,,,,,
2026-10-02,BRKMB6,BRASKEM S/A,BRASKEM S/A,Braskem,CVM FRE,DI_MAIS,N,Quirografária,S,BRASKEM S/A,42150391000170,,,481.719815,2032-05-12,,,,fora do escopo (não IPCA+ nem DI+),,,,,,,,,,,,,,,,,,,,,,,,,
2026-10-02,BRKMB8,BRASKEM S/A,BRASKEM S/A,Braskem,CVM FRE,DI_MAIS,N,Quirografária,S,BRASKEM S/A,42150391000170,,,479.653221,2032-11-09,,,,fora do escopo (não IPCA+ nem DI+),,,,,,,,,,,,,,,,,,,,,,,,,
2026-10-02,BRKPA0,BRK AMBIENTAL PARTICIPACOES S/A,BRK AMBIENTAL PARTICIPACOES S/A,BRK,CVM FRE,DI_MAIS,N,Quirografária,S,BRK AMBIENTAL PARTICIPACOES S/A,24396489000120,2.2561,0.1242,420.360951,2027-04-15,,,0.4833,ok DI+,ok DI+,225.61,2,0.4845063483129017,0.24960652036037095,0.4738165726180655,0.7031649311728305,0.4773615090035044,0.23779086568467278,-0.236032922438989,-0.4703293635690442,-0.9337968358946069,0.47733239727392957,0.2377872424729988,-0.2360293301450667,-0.47030074796220134,-0.9335698466126743,238.07736267369856,476.1547253473971,,,,,,
2026-10-02,BRKPA2,BRK AMBIENTAL PARTICIPACOES S/A,BRK AMBIENTAL PARTICIPACOES S/A,BRK,CVM FRE,DI_MAIS,N,Quirografária,S,BRK AMBIENTAL PARTICIPACOES S/A,24396489000120,2.7351,0.1992,1029.028091,2029-02-21,,,2.0117,ok DI+,ok DI+,273.51,5,2.013121072749518,0.07064039118745748,1.9595260750702712,6.128238877046722,1.9905964743887727,0.9874766397936829,-0.9721553618381451,-1.929303188459286,-3.799791804865249,1.9901672694555048,0.987423336131444,-0.9721027389388271,-1.9288848806850376,-3.796487372599608,69.78983425627331,139.57966851254662,,,,,,
2026-10-02,BRKPA3,BRK AMBIENTAL PARTICIPACOES S/A,BRK AMBIENTAL PARTICIPACOES S/A,BRK,CVM FRE,DI_MAIS,N,Quirografária,S,BRK AMBIENTAL PARTICIPACOES S/A,24396489000120,2.7644,0.1414,1021.606202,2029-08-23,,,2.3619,ok DI+,ok DI+,276.44,6,2.363047565174355,0.048586526709654305,2.299480720146622,8.173851304425941,2.340985600720802,1.1600365669112822,-1.1396008409618519,-2.2592295153852526,-4.440361240152946,2.3403499766687514,1.1599576742038433,-1.1395230459427785,-2.2586114636244923,-4.4354844142047245,60.10922326462762,120.21844652925525,,,,,,
2026-10-02,BRKPA4,BRK AMBIENTAL PARTICIPACOES S/A,BRK AMBIENTAL PARTICIPACOES S/A,BRK,CVM FRE,DI_MAIS,N,Quirografária,S,BRK AMBIENTAL PARTICIPACOES S/A,24396489000120,2.9448,0.1859,1041.981598,2030-10-15,,,2.8987,ok DI+,ok DI+,294.47999999999996,9,2.904926209049336,0.21479315035486082,2.8218289889818005,12.607322601606727,2.8860585440434683,1.4268215229392034,-1.395300789025411,-2.7599464627130255,-5.400595697129806,2.884865601989834,1.4266736477429087,-1.3951553412388917,-2.758792375973767,-5.391511525931467,52.178923873458594,104.35784774691719,,,,,,
2026-10-02,BRKPA5,BRK AMBIENTAL PARTICIPACOES S/A,BRK AMBIENTAL PARTICIPACOES S/A,BRK,CVM FRE,DI_MAIS,N,Quirografária,S,BRK AMBIENTAL PARTICIPACOES S/A,24396489000120,2.3093,0.0573,1002.23962,2028-03-15,,,1.335,ok DI+,ok DI+,230.92999999999998,3,1.3358318341947928,0.062309677512571104,1.3056797712376027,3.051959555648138,1.3211106818954432,0.6566761082840822,-0.6490459814475935,-1.290587437503743,-2.5516459196635366,1.3209395690158432,0.6566548350633615,-0.6490249361742412,-1.290419973459362,-2.5503203513622426,88.43286274593596,176.86572549187193,,,,,,
2026-10-02,BRMLA1,BR MALLS PARTICIPAÇÕES S/A,BR MALLS PARTICIPACOES S/A,Br Malls,CVM FRE,DI_MAIS,N,Quirografária,S,BR MALLS PARTICIPACOES S/A,06977745000191,0.4747,0.0221,1021.522016,2031-08-20,,,3.3347,ok DI+,ok DI+,47.470000000000006,10,3.3323924077364424,-0.06919939615431107,3.3166482783590716,16.301737178017344,3.399848016803819,1.6789107715796003,-1.6381526839820082,-3.2367707027370685,-6.320082455870879,3.3981569642491585,1.6787013106520576,-1.637946967707014,-3.235139592468985,-6.307261813157797,7.156321083206029,14.312642166412058,,,,,,
2026-10-02,BRMLB1,BR MALLS PARTICIPAÇÕES S/A,BR MALLS PARTICIPACOES S/A,Br Malls,CVM FRE,DI_MAIS,N,Quirografária,S,BR MALLS PARTICIPACOES S/A,06977745000191,0.5589,0.0381,1034.497703,2034-08-20,,,4.4919,ok DI+,ok DI+,55.88999999999999,16,4.478399469155571,-0.30055279156769676,4.453508808425282,30.017389837221344,4.607809309965449,2.264796537110425,-2.18974087074173,-4.307440222569181,-8.338083881810366,4.603595757611389,2.2642761415091677,-2.1892326669161144,-4.303421859239175,-8.306669820106137,6.274827602705715,12.54965520541143,,,,,,
2026-10-02,BRST14,BRISANET SERVICOS DE TELECOMUNICACOES S.A.,BRISANET SERVICOS DE TELECOMUNICACOES S.A.,Brisanet Servicos,inferido,DI_MAIS,N,Quirografária,S,BRISANET SERVICOS DE TELECOMUNICACOES S.A.,04601397000128,1.622,0.0451,1052.000695,2031-05-15,,,2.7121,ok DI+,ok DI+,162.20000000000002,10,2.7160948131939433,0.14729594019185677,2.672742922983157,11.486285691340516,2.7312476218462223,1.3508623551858223,-1.322144449691065,-2.616349686468722,-5.12393165827395,2.7301743514398593,1.350729318605754,-1.3220136043774027,-2.615311494526454,-5.115760132139504,30.34335973827255,60.6867194765451,,,,,,
2026-10-02,BSA312,"B3 S/A - BRASIL, BOLSA, BALCÃO",B3 S.A. - BRASIL BOLSA BALCAO,B3 Brasil,inferido,DI_MAIS,N,Quirografária,S,B3 S.A. - BRASIL BOLSA BALCAO,09346601000125,0.429,0.0225,10641.375281,2029-11-05,,,2.4513,ok DI+,ok DI+ aprox,42.9,,,,2.4408288442581325,,2.4408288442581325,1.2204144221290663,-1.2204144221290663,-2.4408288442581325,-4.881657688516265,2.4408288442581325,1.2204144221290663,-1.2204144221290663,-2.4408288442581325,-4.881657688516265,8.787998409007464,17.57599681801493,,,,,,
2026-10-02,BSA318,"B3 S/A - BRASIL, BOLSA, BALCÃO",B3 S.A. - BRASIL BOLSA BALCAO,B3 Brasil,inferido,DI_MAIS,N,Quirografária,S,B3 S.A. - BRASIL BOLSA BALCAO,09346601000125,0.3466,0.023,1053.840728,2029-05-28,,,1.4125,ok DI+,ok DI+,34.660000000000004,6,1.41515166312657,0.18772836294299725,1.4102636891798725,4.077772629697504,1.4309331139706671,0.7102639022836588,-0.7000690226646955,-1.390148217687226,-2.7411314270322173,1.43065255232836,0.710229060377058,-0.7000346288028143,-1.3898748260313847,-2.7389719257657945,12.288482028547527,24.576964057095054,,,,,,
2026-10-02,BSA319,"B3 S/A - BRASIL, BOLSA, BALCÃO",B3 S.A. - BRASIL BOLSA BALCAO,B3 Brasil,inferido,DI_MAIS,N,Quirografária,S,B3 S.A. - BRASIL BOLSA BALCAO,09346601000125,0.4748,0.0308,1037.037036,2031-01-08,,,2.9263,ok DI+,ok DI+,47.48,9,2.927670940288818,0.04684893171643414,2.9138360467389015,12.901000140487477,2.97956257741514,1.4731956821358638,-1.440940676880742,-2.850512479533518,-5.5789503820934065,2.978341047441339,1.4730442735450602,-1.4407917731938413,-2.849331046036464,-5.569652090668054,8.14733554640772,16.29467109281544,,,,,,
2026-10-02,BSA3A0,"B3 S/A - BRASIL, BOLSA, BALCÃO",B3 S.A. - BRASIL BOLSA BALCAO,B3 Brasil,inferido,DI_MAIS,N,Quirografária,S,B3 S.A. - BRASIL BOLSA BALCAO,09346601000125,0.3741,0.0471,1007.415449,2030-09-18,,,2.8215,ok DI+,ok DI+,37.41,8,2.8209956248703127,-0.017876134314625244,2.810481613155498,11.792478570991069,2.8705097594272866,1.4201135483621563,-1.3906302496706657,-2.7525513231162035,-5.393241725391129,2.8694440060104536,1.4199814047914878,-1.3905002083640101,-2.7515192203005427,-5.385113654891175,6.65544293634384,13.31088587268768,,,,,,
2026-10-02,BTGH18,BTG PACTUAL HOLDING S/A,BTG PACTUAL HOLDING S.A.,Btg Pactual,inferido,DI_MAIS,N,Quirografária,S,BTG PACTUAL HOLDING S.A.,10923227000162,1.1499,0.058,1054.634632,2029-12-10,,,1.8137,ok DI+,ok DI+,114.99,7,1.816605999011979,0.16022490003742926,1.7959543202830444,5.8135158509494484,1.8254565180114923,0.9052980040360037,-0.8907634732631342,-1.7673094962922242,-3.4789747408549343,1.8250218995377914,0.9052440549552088,-0.8907102653278354,-1.766886741028297,-3.4756383235470993,32.01362047501227,64.02724095002453,,,,,,
2026-10-02,CAEC13,COMPANHIA DE AGUA E ESGOTO DO CEARA - CAGECE,COMPANHIA DE AGUA E ESGOTO DO CEARA - CAGECE,Isolada (a identificar),,DI_MAIS,N,Real,S,COMPANHIA DE AGUA E ESGOTO DO CEARA - CAGECE,07040108000157,1.3169,0.0693,1024.351526,2032-08-07,,,3.6415,ok DI+,ok DI+,131.69,12,3.6369390894050353,-0.12524812838019728,3.5896667677406584,19.36566786812511,3.6886866882338554,1.819311727479378,-1.7708923249393993,-3.494946240536445,-6.808564829255026,3.6864951070812833,1.8190404687054855,-1.7706262990351729,-3.492838428400033,-6.792020178118814,18.342928260564683,36.68585652112937,,,,,,
2026-10-02,CAEC22,COMPANHIA DE AGUA E ESGOTO DO CEARA - CAGECE,COMPANHIA DE AGUA E ESGOTO DO CEARA - CAGECE,Isolada (a identificar),,DI_MAIS,N,Quirografária,S,COMPANHIA DE AGUA E ESGOTO DO CEARA - CAGECE,07040108000157,1.1605,0.0191,1066.266623,2029-06-15,,,1.6539,ok DI+,ok DI+,116.05000000000001,6,1.6566138620598296,0.1640886425920375,1.6376094049157819,4.7927278831330815,1.6618993455631559,0.8248361386259617,-0.8128538059881785,-1.6139638574438675,-3.181877328701954,1.6615730443314474,0.8247956123118074,-0.8128137926039747,-1.6136457655001168,-3.1793642521689023,35.4327471653621,70.8654943307242,,,,,,
2026-10-02,CAEC32,COMPANHIA DE AGUA E ESGOTO DO CEARA - CAGECE,COMPANHIA DE AGUA E ESGOTO DO CEARA - CAGECE,Isolada (a identificar),,DI_MAIS,N,Quirografária,S,COMPANHIA DE AGUA E ESGOTO DO CEARA - CAGECE,07040108000157,1.2644,0.0498,1087.121756,2031-06-15,,,2.9258,ok DI+,ok DI+,126.43999999999998,10,2.927643186487766,0.06299769252053158,2.891088266446812,13.034556511887398,2.9575187652622237,1.4619931997339464,-1.4294041854978845,-2.827131212720002,-5.5310509461988016,2.956261049006249,1.4618373288632651,-1.4292509375835467,-2.825915483887375,-5.521485402655876,21.867198152928847,43.73439630585769,,,,,,
2026-10-02,CAMLA1,CAMIL ALIMENTOS S/A,CAMIL ALIMENTOS S/A,Camil Alimentos,CVM FRE,DI_MAIS,N,Quirografária,S,CAMIL ALIMENTOS S/A,64904295000103,4.0579,0.579,1030.750574,2028-10-30,,,1.3425,ok DI+,ok DI+,405.79,5,1.3461522852630123,0.2720510437997997,1.2936569787233958,3.2673528946864807,1.3101910894922408,0.6509372060826912,-0.6427685434545305,-1.277513072188885,-2.5234923968616485,1.3099937431968283,0.650912680480056,-0.6427442982433399,-1.2773202142499636,-2.521966899553062,156.83832989500854,313.6766597900171,,,,,,
2026-10-02,CAMLB1,CAMIL ALIMENTOS S/A,CAMIL ALIMENTOS S/A,Camil Alimentos,CVM FRE,DI_MAIS,N,Quirografária,S,CAMIL ALIMENTOS S/A,64904295000103,4.0336,0.606,1031.07382,2028-10-30,,,1.3426,ok DI+,ok DI+,403.35999999999996,5,1.3462409460592624,0.27118621028320805,1.2940443722597914,3.2691706853436315,1.3105877313314362,0.6511331948672039,-0.6429599874311354,-1.277891531268771,-2.5242320463395918,1.3103902256865094,0.6511086494865752,-0.6429357227732161,-1.2776985188330732,-2.52270533081271,155.8524609537198,311.7049219074396,,,,,,
2026-10-02,CASN13,COMPANHIA CATARINENSE DE AGUAS E SANEAMENTO - CASAN,COMPANHIA CATARINENSE DE AGUAS E SANEAMENTO - CASAN,Casan,CVM FRE,DI_MAIS,N,Real,S,COMPANHIA CATARINENSE DE AGUAS E SANEAMENTO - CASAN,82508433000117,3.3707,0.0511,722.58264,2028-11-16,,,0.9477,ok DI+,ok DI+,337.07,26,0.9483501121375224,0.06859893822121119,0.9174264198051503,2.081699351845476,0.9279524425506835,0.46132994388323745,-0.45612553636434905,-0.9071329012276586,-1.7941288072525263,0.9278349165643778,0.46131533409238207,-0.4561110857127683,-0.9070179230459229,-1.7932188525733912,183.70410570451492,367.40821140902983,,,,,,
2026-10-02,CASN14,COMPANHIA CATARINENSE DE AGUAS E SANEAMENTO - CASAN,COMPANHIA CATARINENSE DE AGUAS E SANEAMENTO - CASAN,Casan,CVM FRE,DI_MAIS,N,Real,S,COMPANHIA CATARINENSE DE AGUAS E SANEAMENTO - CASAN,82508433000117,1.6305,0.3192,1019.09181,2030-04-15,,,1.6965,ok DI+,ok DI+,163.05,43,1.697084499896069,0.03445328005123041,1.6698574737859884,5.259933980488365,1.6965437145611606,0.8415516434563175,-0.8284011572486594,-1.6439339507030692,-3.237485337910362,1.6961571436884302,0.8415036543686045,-0.8283538194173836,-1.643557803883546,-3.234516267962209,48.821531944976265,97.64306388995253,,,,,,
2026-10-02,CBAN22,CONCESSIONÁRIA ROTA DAS BANDEIRAS S/A,CONCESSIONARIA ROTA DAS BANDEIRAS S/A,Isolada (a identificar),,DI_MAIS,N,Real,S,CONCESSIONARIA ROTA DAS BANDEIRAS S/A,10647979000148,0.8526,0.0594,891.31694,2032-07-15,,,3.0833,ok DI+,ok DI+,85.26,12,3.0819997614178094,-0.042170355858675034,3.0559447762554552,15.055660355931376,3.1328271181000567,1.5469905794782912,-1.50934774947582,-2.982211618027286,-5.822913679228481,3.131223078035112,1.546791963572642,-1.5091528126828135,-2.9806664744757985,-5.810776345392283,13.94985941213109,27.89971882426218,,,,,,
2026-10-02,CBOH11,CBO HOLDING S.A.,OCEANPACT SERVICOS MARITIMOS S.A.,Oceanpact Servicos,CVM FRE,DI_MAIS,N,Real,S,OCEANPACT SERVICOS MARITIMOS S.A.,09114805000130,1.4038,0.0874,1009.005935,2029-08-28,,,1.361,ok DI+,ok DI+,140.38,35,1.3615802545325766,0.042634425611799864,1.3427309967995051,3.734889470590842,1.3616539609686784,0.6760649782565853,-0.6667273688056419,-1.3242988911527531,-2.6126791150340223,1.3614054441524595,0.6760341102379911,-0.666696886561514,-1.324056549446551,-2.610764204187194,52.27405948570701,104.54811897141403,,,,,,
2026-10-02,CBRDB8,COMPANHIA BRASILEIRA DE DISTRIBUIÇÃO,COMPANHIA BRASILEIRA DE DISTRIBUICAO,Brasileira Distribuicao,inferido,DI_MAIS,N,Quirografária,S,COMPANHIA BRASILEIRA DE DISTRIBUICAO,47508411000156,,,402.848234,2028-05-10,,,,fora do escopo (não IPCA+ nem DI+),,,,,,,,,,,,,,,,,,,,,,,,,
2026-10-02,CDAR11,UNIDAS LOCADORA S.A.,UNIDAS LOCADORA S.A..,Unidas,CVM FRE,DI_MAIS,N,Quirografária,S,UNIDAS LOCADORA S.A..,45736131000170,1.6035,0.0535,503.00787,2027-09-27,,,0.9378,ok DI+,ok DI+,160.35,2,0.938160401738725,0.03843055435327152,0.923354413714808,1.7768701162859584,0.9323258730370432,0.4639091297633291,-0.45946684937211435,-0.9145554900806152,-1.8118483067534386,0.9322387642962378,0.46389829450276143,-0.4594561192120465,-0.9144700631333781,-1.8111714251038964,86.83014756754417,173.66029513508835,,,,,,
2026-10-02,CDES12,VPORTS AUTORIDADE PORTUARIA S/A,VPORTS AUTORIDADE PORTUARIA S/A,Isolada (a identificar),,DI_MAIS,N,Quirografária,S,VPORTS AUTORIDADE PORTUARIA S/A,27316538000166,1.3964,0.0087,1024.931718,2031-02-03,,,3.2495,ok DI+,ok DI+,139.64000000000001,9,3.2482556897292314,-0.038292361002259856,3.203521712535387,15.330580611668529,3.281718638768294,1.621115384438343,-1.5827856150858355,-3.1283597220920445,-6.112156577510919,3.28017461559373,1.6209240820322792,-1.582597630503108,-3.1268688094770445,-6.100431812837403,21.794764095649544,43.58952819129909,,,,,,
2026-10-02,CDGS26,COPA ENERGIA S A,COPA ENERGIA S A,Copa Energia,inferido,DI_MAIS,N,Quirografária,S,COPA ENERGIA S A,03237583000167,0.765,0.0634,1044.367453,2032-01-03,,,3.3157,ok DI+,ok DI+,76.5,11,3.315122739649559,-0.017409908931478525,3.289954587058561,16.41171932552161,3.3737422080924118,1.6657060780632449,-1.6246728961766932,-3.2095628469568704,-6.264773082952402,3.3720131836861693,1.6654919426861827,-1.6244626443723784,-3.2078959904309534,-6.25167478760669,11.626300299238494,23.252600598476988,,,,,,
2026-10-02,CEAB13,C E A MODAS S.A.,C E A MODAS S.A.,C Modas,CVM FRE,DI_MAIS,N,Quirografária,S,C E A MODAS S.A.,45242914000105,1.2057,0.0594,1037.936525,2027-07-15,,,0.7352,ok DI+,ok DI+,120.57,2,0.7358069106311478,0.08255041228887607,0.7270409775646508,1.2621875927665636,0.7334098329967231,0.36510542914010014,-0.36194989355465834,-0.72078689070324,-1.4292888635842438,0.7333519155284836,0.36509822327328356,-0.3619427542913672,-0.7207300396008179,-1.4288382032739702,82.91829740042303,165.83659480084606,,,,,,
2026-10-02,CEAB14,C E A MODAS S.A.,C E A MODAS S.A.,C Modas,CVM FRE,DI_MAIS,N,Quirografária,S,C E A MODAS S.A.,45242914000105,0.8858,0.0182,1005.551792,2028-09-15,,,1.7544,ok DI+,ok DI+,88.58,4,1.755515698623341,0.06359431277593096,1.7401018762039264,4.933751919669564,1.7650912773057303,0.8762579635720025,-0.8639231033116146,-1.715746068069246,-3.384002618095716,1.764770635802274,0.8762181280015501,-0.8638837482023761,-1.7154331166055785,-3.381528714014461,25.452532754357858,50.905065508715715,,,,,,
2026-10-02,CEAB22,C E A MODAS S.A.,C E A MODAS S.A.,C Modas,CVM FRE,DI_MAIS,N,Quirografária,S,C E A MODAS S.A.,45242914000105,0.7448,0.0601,540.342591,2028-05-13,,,0.9775,ok DI+,ok DI+,74.48,4,0.979752642620345,0.2304493729253165,0.9725093926637852,2.187724068264407,0.9835710530812447,0.48900464674670463,-0.48353516997500234,-0.9616911463297462,-1.902216969965076,0.9834480130051072,0.4889893514172231,-0.4835200412465621,-0.9615707723224632,-1.901264303962282,38.292689284981094,76.58537856996219,,,,,,
2026-10-02,CEAP15,COMPANHIA DE ELETRICIDADE DO AMAPA - CEA,COMPANHIA DE ELETRICIDADE DO AMAPA - CEA,Isolada (a identificar),,DI_MAIS,N,Quirografária,S,COMPANHIA DE ELETRICIDADE DO AMAPA - CEA,05965546000109,0.7167,0.0882,1067.037637,2029-05-14,,,1.7651,ok DI+,ok DI+,71.67,6,1.7692016397708181,0.23237435674002793,1.7566120015556688,5.362047844460365,1.7837977841199892,0.8850551962823694,-0.871649473962055,-1.7301676588512893,-3.4088730376331644,1.7834222407779705,0.8850085605834099,-0.8716034409722591,-1.7298017623333672,-3.40598304622213,20.40006556272202,40.80013112544404,,,,,,
2026-10-02,CEAP16,COMPANHIA DE ELETRICIDADE DO AMAPA - CEA,COMPANHIA DE ELETRICIDADE DO AMAPA - CEA,Isolada (a identificar),,DI_MAIS,N,Quirografária,S,COMPANHIA DE ELETRICIDADE DO AMAPA - CEA,05965546000109,0.7317,0.0784,1019.388429,2029-09-09,,,2.0956,ok DI+,ok DI+,73.17,6,2.096542029088914,0.04495271468380037,2.0813130614185145,6.932040143548279,2.1164923090595478,1.0493860136466138,-1.032055035078705,-2.047157850005654,-4.027971144919185,2.1159732621362557,1.0493215808886924,-1.0319914805298218,-2.046652860700773,-4.023985319966063,17.577845773506834,35.15569154701367,,,,,,
2026-10-02,CEEBA3,CIA DE ELETRICIDADE DO ESTADO DA BAHIA - COELBA,CIA. DE ELETRIC. DO EST. DA BAHIA-COELBA,Neoenergia,CVM FRE,DI_MAIS,N,Quirografária,S,CIA. DE ELETRIC. DO EST. DA BAHIA-COELBA,15139629000194,0.8553,0.0583,1070.762897,2026-10-15,,,0.0317,ok DI+,ok DI+,85.53,1,0.03174603174603175,0.14521055530521196,0.03147681058509741,0.03220066865607032,0.031638903232011906,0.015778791773302103,-0.015698289102294982,-0.03131688035961089,-0.06231812913944923,0.031637813928377764,0.01577865612836879,-0.015698154456728616,-0.031315807241817054,-0.06230960779707341,1358.6192249174999,2717.2384498349998,,,,,,
2026-10-02,CEEBB8,CIA DE ELETRICIDADE DO ESTADO DA BAHIA - COELBA,CIA. DE ELETRIC. DO EST. DA BAHIA-COELBA,Neoenergia,CVM FRE,DI_MAIS,N,Quirografária,S,CIA. DE ELETRIC. DO EST. DA BAHIA-COELBA,15139629000194,0.6735,0.0548,1060.559027,2031-06-10,,,3.1108,ok DI+,ok DI+,67.35,10,3.1125777900528213,0.05714896659449422,3.0917548213311563,14.645718787863723,3.166454886473402,1.564366867259226,-1.5277493988391622,-3.019946930245143,-5.901767347456543,3.1649834152704748,1.5641845591504075,-1.5275702621807485,-3.0185262273918374,-5.890595266905038,10.891872721492586,21.783745442985172,,,,,,
2026-10-02,CEED16,COMPANHIA ESTADUAL DE DISTRIBUICAO DE ENERGIA ELETRICA - CEEE D,COMPANHIA ESTADUAL DE DISTRIBUICAO DE ENERGIA ELETRICA - CEEE D,Equatorial,CVM FRE,DI_MAIS,N,Quirografária,S,COMPANHIA ESTADUAL DE DISTRIBUICAO DE ENERGIA ELETRICA - CEEE D,08467115000100,0.6539,0.0264,1032.461005,2030-08-05,,,2.3338,ok DI+,ok DI+,65.39,8,2.3348420807236843,0.0446516721091854,2.319673734175908,8.717337934854104,2.3639918397321047,1.1708242664762114,-1.1490295524403171,-2.2767965424486336,-4.470592679769069,2.3632604238501784,1.1707335395065217,-1.1489401946693865,-2.276087044501638,-4.465000709654735,14.094654570727936,28.189309141455873,,,,,,
2026-10-02,CEED18,COMPANHIA ESTADUAL DE DISTRIBUICAO DE ENERGIA ELETRICA - CEEE D,COMPANHIA ESTADUAL DE DISTRIBUICAO DE ENERGIA ELETRICA - CEEE D,Equatorial,CVM FRE,DI_MAIS,N,Quirografária,S,COMPANHIA ESTADUAL DE DISTRIBUICAO DE ENERGIA ELETRICA - CEEE D,08467115000100,0.7158,0.0538,1005.07267,2030-03-25,,,2.8281,ok DI+,ok DI+,71.58,7,2.827847238627766,-0.008937497692226057,2.807749368646991,11.615587561621568,2.8668549555260325,1.4185216128284717,-1.3894806647225866,-2.7506673990735586,-5.391033378792132,2.865827306455099,1.4183941687755224,-1.3893551998714686,-2.7496714308388834,-5.383186986061551,12.746864232132879,25.493728464265757,,,,,,
2026-10-02,CEEDA0,COMPANHIA ESTADUAL DE DISTRIBUICAO DE ENERGIA ELETRICA - CEEE D,COMPANHIA ESTADUAL DE DISTRIBUICAO DE ENERGIA ELETRICA - CEEE D,Equatorial,CVM FRE,DI_MAIS,N,Quirografária,S,COMPANHIA ESTADUAL DE DISTRIBUICAO DE ENERGIA ELETRICA - CEEE D,08467115000100,0.8168,0.0418,1061.146072,2032-10-15,,,3.4215,ok DI+,ok DI+,81.67999999999999,13,3.4248473475958905,0.09783275159697513,3.397099836134345,18.364371735687286,3.491028537903551,1.7217661016025287,-1.6758500443396218,-3.3073027314217907,-6.442799174044344,3.4889216948127815,1.7215053827367817,-1.6755944533975633,-3.305277977455909,-6.4269122375549435,12.02201936062997,24.04403872125994,,,,,,
2026-10-02,CEEDA1,COMPANHIA ESTADUAL DE DISTRIBUICAO DE ENERGIA ELETRICA - CEEE D,COMPANHIA ESTADUAL DE DISTRIBUICAO DE ENERGIA ELETRICA - CEEE D,Equatorial,CVM FRE,DI_MAIS,N,Quirografária,S,COMPANHIA ESTADUAL DE DISTRIBUICAO DE ENERGIA ELETRICA - CEEE D,08467115000100,0.883,0.0155,1056.36756,2033-04-15,,,3.7321,ok DI+,ok DI+,88.3,14,3.7325506046912245,0.01207375716686283,3.699880658476874,21.410632073197352,3.809531831484425,1.8770249649265436,-1.823491767588914,-3.595319580725276,-6.99108478481778,3.8069338188428605,1.876703619329934,-1.8231770391469404,-3.592827498110888,-6.971548675489801,11.93281731907947,23.86563463815894,,,,,,
2026-10-02,CEMTE2,ENERGISA MATO GROSSO - DISTRIBUIDORA DE ENERGIA S.A.,ENERGISA MATO GROSSO - DISTRIBUIDORA DE ENERGIA S.A.,Energisa,CVM FRE,DI_MAIS,N,Quirografária,S,ENERGISA MATO GROSSO - DISTRIBUIDORA DE ENERGIA S.A.,03467321000199,0.5555,0.0403,1053.987504,2029-06-10,,,1.4442,ok DI+,ok DI+,55.55,6,1.4465167029561958,0.16041427476775405,1.4385256927330636,4.181851802454951,1.4597237280657538,0.7245260225016592,-0.7140709307130177,-1.4178978107037832,-2.795636848739591,1.4594349517453382,0.7244901611196004,-0.7140355316134631,-1.4176164337207888,-2.793414349417028,19.30796240922893,38.61592481845786,,,,,,
2026-10-02,CEPEA1,COMPANHIA ENERGÉTICA DE PERNAMBUCO - CELPE,COMPANHIA ENERGETICA DE PERNAMBUCO-CELPE,Neoenergia,CVM FRE,DI_MAIS,N,Quirografária,S,COMPANHIA ENERGETICA DE PERNAMBUCO-CELPE,10835932000108,0.8905,0.0646,1071.015151,2026-10-15,,,0.0317,ok DI+,ok DI+,89.05,1,0.031746031746031744,0.1452105553051901,0.0314658285428576,0.032178159124826675,0.03162780772079099,0.01577327252848537,-0.015692826022051243,-0.03130600952369056,-0.062296605488165735,0.03162671933848173,0.015773136970334833,-0.015692691572522767,-0.03130493774723347,-0.06228809390321867,1415.0270964375,2830.054192875,,,,,,
2026-10-02,CERO19,CENTRAIS ELETRICAS DE RONDONIA S/A CERON,ENERGISA RONDONIA - DISTRIBUIDORA DE ENERGIA S/A,Energisa,inferido,DI_MAIS,N,Quirografária,S,ENERGISA RONDONIA - DISTRIBUIDORA DE ENERGIA S/A,05914650000166,0.5624,0.0376,1074.464903,2029-04-15,,,2.0575,ok DI+,ok DI+,56.24,6,2.0635586417236857,0.29446618341120984,2.0520180919744213,6.86848804591755,2.0868697601894137,1.0346578769685477,-1.0174858086710925,-2.0181713036658278,-3.9705793659348676,2.086360532204009,1.0345946560446075,-1.0174234359298135,-2.0176756517448333,-3.966666423030491,13.703582882616477,27.407165765232953,,,,,,
2026-10-02,CEROA2,CENTRAIS ELETRICAS DE RONDONIA S/A CERON,ENERGISA RONDONIA - DISTRIBUIDORA DE ENERGIA S/A,Energisa,inferido,DI_MAIS,N,Quirografária,S,ENERGISA RONDONIA - DISTRIBUIDORA DE ENERGIA S/A,05914650000166,0.7576,0.1347,1049.524609,2029-12-15,,,2.5513,ok DI+,ok DI+,75.76,7,2.5546461851724427,0.13115608405294493,2.535437709088389,9.912854488816992,2.585838256556494,1.2802136659282315,-1.2554299815114023,-2.4866849298264992,-4.8790152049745235,2.5850019815324736,1.2801099226552157,-1.255327786433173,-2.485873436644304,-4.872618328400438,14.9402211161479,29.8804422322958,,,,,,
2026-10-02,CEROB2,CENTRAIS ELETRICAS DE RONDONIA S/A CERON,ENERGISA RONDONIA - DISTRIBUIDORA DE ENERGIA S/A,Energisa,inferido,DI_MAIS,N,Quirografária,S,ENERGISA RONDONIA - DISTRIBUIDORA DE ENERGIA S/A,05914650000166,0.779,0.1086,1056.240462,2031-12-15,,,3.3954,ok DI+,ok DI+,77.9,11,3.395188255792144,-0.006236208041938163,3.368944180625075,17.301927992329237,3.457322489862502,1.7063308854150527,-1.6630717826348174,-3.2842346501090303,-6.405990027139041,3.4554538205867207,1.7060995003029489,-1.662844680322126,-3.2824345406634285,-6.391849801403565,11.561485709381273,23.122971418762546,,,,,,
2026-10-02,CESPA4,CESP-COMPANHIA ENERGETICA DE SAO PAULO,CESP - COMPANHIA ENERGETICA DE SAO PAULO,Auren,CVM FRE,DI_MAIS,N,Quirografária,S,CESP - COMPANHIA ENERGETICA DE SAO PAULO,60933603000178,0.8377,0.053,1009.943615,2032-08-14,,,3.8845,ok DI+,ok DI+,83.77000000000001,12,3.8778791086515643,-0.17044384987606637,3.8456639814787166,21.979829379493136,3.9581801750476986,1.9506305538029345,-1.895674458976726,-3.7382774835756916,-7.271437269590331,3.9555631283761827,1.9503067774637248,-1.895357204014992,-3.735764834581251,-7.25173137536757,10.89148719225713,21.78297438451426,,,,,,
2026-10-02,CGASA3,COMPANHIA DE GAS DE SÃO PAULO - COMGAS,COMPANHIA DE GAS DE SAO PAULO - COMGAS,Compass,CVM FRE,DI_MAIS,N,Quirografária,S,COMPANHIA DE GAS DE SAO PAULO - COMGAS,61856571000117,0.4587,0.0171,1054.267523,2028-05-15,,,1.413,ok DI+,ok DI+,45.87,4,1.4163883857558726,0.239800831979655,1.4099210777721318,3.567598486749397,1.427972136674871,0.7094465181586074,-0.7005272227233572,-1.392291363581366,-2.7501378819598354,1.4277590702058789,0.7094200369945027,-0.7005010407776292,-1.3920830853383848,-2.748490185809276,16.266867955645033,32.533735911290066,,,,,,
2026-10-02,CGASA5,COMPANHIA DE GAS DE SÃO PAULO - COMGAS,COMPANHIA DE GAS DE SAO PAULO - COMGAS,Compass,CVM FRE,DI_MAIS,N,Quirografária,S,COMPANHIA DE GAS DE SAO PAULO - COMGAS,61856571000117,0.681,0.0101,1008.493197,2029-03-15,,,2.122,ok DI+,ok DI+,68.1,5,2.1229563358422157,0.045067664571902546,2.1085967916908013,6.895547716198781,2.1435761187990066,1.062980109662881,-1.0457404178804586,-2.0746074763220212,-4.0831392966200415,2.1430745302717953,1.062917830490649,-1.0456789612001522,-2.0741190531098073,-4.0792826290576265,16.148179744073612,32.296359488147225,,,,,,
2026-10-02,CGBP14,ESSENTIA PCHS S.A,ESSENTIA PCHS S.A,Isolada (a identificar),,DI_MAIS,N,Quirografária,S,ESSENTIA PCHS S.A,07802794000156,0.8523,0.1154,896.429292,2032-03-25,,,3.0508,ok DI+,ok DI+,85.22999999999999,11,3.046466772705211,-0.1420357707745225,3.0207211662056404,15.329739940396795,3.099064182568223,1.5297324864349982,-1.491404125171658,-2.945702566582331,-5.747644645036676,3.0973698659076243,1.5295227580283162,-1.4911984081773242,-2.9440724665036564,-5.734847533603345,14.107558313145844,28.21511662629169,,,,,,
2026-10-02,CGOS15,EQUATORIAL GOIAS DISTRIBUIDORA DE ENERGIA S.A.,EQUATORIAL GOIAS DISTRIBUIDORA DE ENERGIA S.A.,Equatorial,CVM FRE,DI_MAIS,N,Quirografária,S,EQUATORIAL GOIAS DISTRIBUIDORA DE ENERGIA S.A.,01543032000104,0.6759,0.038,1012.801868,2030-03-20,,,2.0985,ok DI+,ok DI+,67.58999999999999,7,2.099068861227041,0.02710799271103835,2.0849765050295463,7.227293403624703,2.1216822482871933,1.0515930114955552,-1.0335237652128293,-2.049393102087349,-4.029769396085325,2.1211129720476696,1.0515223692693039,-1.0334541357602423,-2.0488400380114227,-4.025407141986599,16.208815743715576,32.41763148743115,,,,,,
2026-10-02,CGOS17,EQUATORIAL GOIAS DISTRIBUIDORA DE ENERGIA S.A.,EQUATORIAL GOIAS DISTRIBUIDORA DE ENERGIA S.A.,Equatorial,CVM FRE,DI_MAIS,N,Quirografária,S,EQUATORIAL GOIAS DISTRIBUIDORA DE ENERGIA S.A.,01543032000104,0.6711,0.0327,1030.780249,2030-08-05,,,2.3345,ok DI+,ok DI+,67.11,8,2.335635432365466,0.04863706855713021,2.320065472976322,8.71817047496325,2.36438772131613,1.171021174176956,-1.1492243790245493,-2.2771841022679817,-4.471359389525354,2.3636563253511382,1.170930449581865,-1.1491350233944568,-2.2764746206015056,-4.465767536453378,14.462953908345346,28.925907816690692,,,,,,
2026-10-02,CGOS18,EQUATORIAL GOIAS DISTRIBUIDORA DE ENERGIA S.A.,EQUATORIAL GOIAS DISTRIBUIDORA DE ENERGIA S.A.,Equatorial,CVM FRE,DI_MAIS,N,Quirografária,S,EQUATORIAL GOIAS DISTRIBUIDORA DE ENERGIA S.A.,01543032000104,0.6757,0.0397,1015.113267,2030-09-15,,,2.4484,ok DI+,ok DI+,67.57,8,2.451960469458736,0.14542025235811612,2.435503770481592,9.389684668847368,2.4832557956687706,1.2295886596556116,-1.2061129193799758,-2.3893344807613515,-4.689353186687151,2.482452193825829,1.2294889910768552,-1.206014779404737,-2.388555347137355,-4.683213847586236,13.871873412587416,27.74374682517483,,,,,,
2026-10-02,CGOS19,EQUATORIAL GOIAS DISTRIBUIDORA DE ENERGIA S.A.,EQUATORIAL GOIAS DISTRIBUIDORA DE ENERGIA S.A.,Equatorial,CVM FRE,DI_MAIS,N,Quirografária,S,EQUATORIAL GOIAS DISTRIBUIDORA DE ENERGIA S.A.,01543032000104,0.7962,0.0627,1057.369974,2031-11-25,,,3.6044,ok DI+,ok DI+,79.62,11,3.604365046290174,-0.0009697511326737052,3.575893780013705,19.502871766356307,3.6756219351202546,1.812599493587319,-1.7638370383410207,-3.480508759479184,-6.77844428248886,3.673408138845487,1.8123254797147978,-1.7635683002989073,-3.4783794211819234,-6.761730124700284,11.132881021943394,22.265762043886788,,,,,,
2026-10-02,CGOSA1,EQUATORIAL GOIAS DISTRIBUIDORA DE ENERGIA S.A.,EQUATORIAL GOIAS DISTRIBUIDORA DE ENERGIA S.A.,Equatorial,CVM FRE,DI_MAIS,N,Quirografária,S,EQUATORIAL GOIAS DISTRIBUIDORA DE ENERGIA S.A.,01543032000104,0.7677,0.0441,1062.916703,2032-10-15,,,3.4233,ok DI+,ok DI+,76.77000000000001,13,3.426557560688555,0.09515849293241041,3.400452288469971,18.39460462212502,3.4945368923352538,1.7234807036391242,-1.67748904996462,-3.310508528000977,-6.448934628311164,3.4924253115805963,1.723219400012642,-1.6772328884573293,-3.3084792653593458,-6.433012484497441,11.28820425746108,22.57640851492216,,,,,,
2026-10-02,CHSF12,COMPANHIA HIDRO ELETRICA DO SAO FRANCISCO - CHESF,COMPANHIA HIDRO ELETRICA DO SAO FRANCISCO - CHESF,Axia (ex-Eletrobras),CVM FRE,DI_MAIS,N,Quirografária,S,COMPANHIA HIDRO ELETRICA DO SAO FRANCISCO - CHESF,33541368000116,0.4783,0.0417,1076.31629,2029-04-15,,,2.058,ok DI+,ok DI+,47.83,6,2.0640805467089858,0.2954590237602501,2.054255044829566,6.882001115422385,2.0891757228193253,1.0357934237143818,-1.018587569527818,-2.020342085315674,-3.97479397377255,2.0886650504066777,1.0357300238090608,-1.018525021020505,-2.019845039252454,-3.970870067350684,11.641689799030841,23.283379598061682,,,,,,
2026-10-02,CHSF14,COMPANHIA HIDRO ELETRICA DO SAO FRANCISCO - CHESF,COMPANHIA HIDRO ELETRICA DO SAO FRANCISCO - CHESF,Axia (ex-Eletrobras),CVM FRE,DI_MAIS,N,Quirografária,S,COMPANHIA HIDRO ELETRICA DO SAO FRANCISCO - CHESF,33541368000116,0.5709,0.0455,1017.371019,2031-09-15,,,3.6721,ok DI+,ok DI+,57.089999999999996,10,3.6668063696207005,-0.14415812149177362,3.6459914046913178,19.405574840857014,3.745171226218069,1.8475190834921662,-1.7990001207754847,-3.551035026343663,-6.920137642850133,3.7430192788956025,1.84725267089673,-1.7987387337945877,-3.548963530487033,-6.903871312565495,7.829146268219663,15.658292536439326,,,,,,
2026-10-02,CHSF24,COMPANHIA HIDRO ELETRICA DO SAO FRANCISCO - CHESF,COMPANHIA HIDRO ELETRICA DO SAO FRANCISCO - CHESF,Axia (ex-Eletrobras),CVM FRE,DI_MAIS,N,Quirografária,S,COMPANHIA HIDRO ELETRICA DO SAO FRANCISCO - CHESF,33541368000116,0.6183,0.0586,1026.938107,2034-09-15,,,4.5496,ok DI+,ok DI+,61.82999999999999,16,4.5347706790262166,-0.32594779703233934,4.506904488573367,30.5470142147902,4.663951540955558,2.2921685304014394,-2.2157884548672846,-4.358280634712353,-8.435004885894692,4.659639559647318,2.291636012055171,-2.215268476518196,-4.354169417499416,-8.40286869285093,6.859475295822375,13.71895059164475,,,,,,
2026-10-02,CHTH11,CHINA THREE GORGES BRASIL ENERGIA S.A.,CHINA THREE GORGES BRASIL ENERGIA S.A.,CTG,CVM FRE,DI_MAIS,N,Quirografária,S,CHINA THREE GORGES BRASIL ENERGIA S.A.,19014221000147,0.4068,0.0158,1043.299167,2029-12-15,,,2.2269,ok DI+,ok DI+,40.67999999999999,7,2.230237537831694,0.14987371824931486,2.22120168935938,7.919838158480312,2.26142722493039,1.120578369796732,-1.1007776664720748,-2.1822111097300145,-4.288807378592363,2.260800880151782,1.1205006423777906,-1.1007010469815897,-2.1816024985669786,-4.284006615549154,9.15720535304756,18.31441070609512,,,,,,
2026-10-02,CIEL17,CIELO S/A,CIELO S.A - INSTITUICAO DE PAGAMENTO,Cielo Instituicao,CVM FRE,DI_MAIS,N,Quirografária,S,CIELO S.A - INSTITUICAO DE PAGAMENTO,01027058000191,0.2794,0.0128,1044.937422,2027-12-17,,,1.1002,ok DI+,ok DI+,27.939999999999998,3,1.101916692616646,0.15603459522321989,1.0988465154524718,2.3719375870900854,1.1108326370323107,0.5524039011997273,-0.546473894289845,-1.0871106543681397,-2.1512347844454993,1.1107062033879223,0.5523881797100986,-0.5464583357423733,-1.0869868275170214,-2.150254279163142,12.713331483103056,25.426662966206113,,,,,,
2026-10-02,CIEL18,CIELO S/A,CIELO S.A - INSTITUICAO DE PAGAMENTO,Cielo Instituicao,CVM FRE,DI_MAIS,N,Quirografária,S,CIELO S.A - INSTITUICAO DE PAGAMENTO,01027058000191,0.3928,0.0293,1060.994923,2029-05-08,,,2.1258,ok DI+,ok DI+,39.28,6,2.1308874528948736,0.23931945125946316,2.1225500761955773,7.230248405738009,2.1592452722688726,1.0703803750577556,-1.0523038370247373,-2.086928109922459,-4.104672896320338,2.1587013182242676,1.0703128486049613,-1.052237227590616,-2.0863988341668875,-4.100495184276395,9.253020798078131,18.506041596156262,,,,,,
2026-10-02,CIEL19,CIELO S/A,CIELO S.A - INSTITUICAO DE PAGAMENTO,Cielo Instituicao,CVM FRE,DI_MAIS,N,Quirografária,S,CIELO S.A - INSTITUICAO DE PAGAMENTO,01027058000191,0.3275,0.0184,1065.257279,2028-10-20,,,1.7365,ok DI+,ok DI+,32.75,5,1.7416572625085256,0.2969917943291484,1.7359719543580032,5.103747891621291,1.7618321992020514,0.8744080832628898,-0.8616481893495953,-1.7107863307998628,-3.3725014933870257,1.7614906938161101,0.8743656620435284,-0.861606292314475,-1.7104532148998968,-3.369868950883581,9.432756075864024,18.865512151728048,,,,,,
2026-10-02,CLCD16,CELESC DISTRIBUIÇÃO S/A,CELESC DISTRIBUICAO S.A.,Celesc Distribuicao,inferido,DI_MAIS,N,Quirografária,S,CELESC DISTRIBUICAO S.A.,08336783000190,0.7762,0.029,1068.226658,2028-11-15,,,0.9765,ok DI+,ok DI+,77.62,5,0.9787173135402637,0.22706743883908506,0.9711790219717191,2.381339605955891,0.9832292359591932,0.48858402035480974,-0.4826304656507685,-0.9594125483126659,-1.8958403190313278,0.9830857200014987,0.4885661854933045,-0.48261283647841474,-0.9592723239419396,-1.8947312518243207,39.96173632458275,79.9234726491655,,,,,,
2026-10-02,CLCD17,CELESC DISTRIBUIÇÃO S/A,CELESC DISTRIBUICAO S.A.,Celesc Distribuicao,inferido,DI_MAIS,N,Quirografária,S,CELESC DISTRIBUICAO S.A.,08336783000190,0.9156,0.0675,1032.633539,2031-07-15,,,3.0684,ok DI+,ok DI+,91.55999999999999,10,3.06870230497912,0.009852202422115918,3.0408601890878324,14.038125526496188,3.1124314739466197,1.5381488346721373,-1.5030505957435603,-2.972003394539291,-5.811449900820842,3.1110508167203133,1.5379777514520365,-1.5028824376357959,-2.9706695614553515,-5.800957867645741,15.054950623603855,30.10990124720771,,,,,,
2026-10-02,CLCD18,CELESC DISTRIBUIÇÃO S/A,CELESC DISTRIBUICAO S.A.,Celesc Distribuicao,inferido,DI_MAIS,N,Quirografária,S,CELESC DISTRIBUICAO S.A.,08336783000190,0.8,0.0,1020.64339,2031-07-30,,,3.0579,ok DI+,ok DI+,80.0,10,3.0570948827463797,-0.026329090343710167,3.032832224946805,14.108310625046213,3.1047817473082384,1.5342259429295346,-1.4989521350952884,-2.9636501168467944,-5.794188824852808,3.103373778072036,1.5340515007547104,-1.4987807241920947,-2.9622906718215742,-5.783498237392686,13.188992015772184,26.37798403154437,,,,,,
2026-10-02,CLCD19,CELESC DISTRIBUIÇÃO S/A,CELESC DISTRIBUICAO S.A.,Celesc Distribuicao,inferido,DI_MAIS,N,Quirografária,S,CELESC DISTRIBUICAO S.A.,08336783000190,0.4,0.0,1122.103426,2027-02-28,,,0.3929,ok DI+,ok DI+,40.0,1,0.39285714285714285,-0.010907900956268207,0.3912919749573136,0.54284244865263,0.3940279338210617,0.19632724733273932,-0.19497011842988243,-0.3885991449274706,-0.7718967388378295,0.3940061872005768,0.19632454053947257,-0.194967434417841,-0.3885777627140504,-0.7717271009415746,51.11272727272727,102.22545454545454,,,,,,
2026-10-02,CLII12,CORREDOR LOGISTICA E INFRAESTRUTURA S.A,CORREDOR LOGISTICA E INFRAESTRUTURA S.A,Isolada (a identificar),,DI_MAIS,N,Real,S,CORREDOR LOGISTICA E INFRAESTRUTURA S.A,15114494000102,1.8626,0.047,1044.583799,2031-10-10,,,2.2815,ok DI+,ok DI+,186.26,11,2.2859804827293146,0.1963832009342443,2.2441803789902424,9.696278577720374,2.2935946118478823,1.1343261327734222,-1.1100834658143377,-2.1966002821598885,-4.301525248067916,2.2926617718788442,1.1342105377172718,-1.1099698412729708,-2.1956989861016405,-4.294435186426077,41.49844677008689,82.99689354017379,,,,,,
2026-10-02,CLIS11,CLI SUL S/A,CLI SUL S/A,Isolada (a identificar),,DI_MAIS,N,Quirografária,S,CLI SUL S/A,43514079000181,1.7729,0.1196,1127.123623,2031-10-10,,,2.1577,ok DI+,ok DI+,177.29,6,2.174766109677668,0.7909398747586616,2.1368813403938254,9.231282922270655,2.1839274207532844,1.0800900162569516,-1.0570099248870979,-2.091584429754889,-4.095898031636636,2.1830377550051785,1.0799797738497512,-1.0569015665440744,-2.0907249257824723,-4.089137022342238,41.48335161355417,82.96670322710834,,,,,,
2026-10-02,CLMOA2,CALAMO DISTRIBUIDORA DE PRODUTOS DE BELEZA S/A,CALAMO DISTRIBUIDORA DE PRODUTOS DE BELEZA S.A.,Calamo Distribuidora,inferido,DI_MAIS,N,Quirografária,S,CALAMO DISTRIBUIDORA DE PRODUTOS DE BELEZA S.A.,06147451001104,0.7455,0.0606,1024.831436,2031-08-27,,,3.0285,ok DI+,ok DI+,74.55000000000001,10,3.027118415322735,-0.0456194379153087,3.004718240837293,13.738913666592099,3.074766243051341,1.519700460515705,-1.4853502867004376,-2.93733084893123,-5.74493924397591,3.0734128091702537,1.5195327625018866,-1.4851854783354066,-2.9360236725043327,-5.734658208342744,12.405489304585503,24.810978609171006,,,,,,
2026-10-02,CLMOA4,CALAMO DISTRIBUIDORA DE PRODUTOS DE BELEZA S/A,CALAMO DISTRIBUIDORA DE PRODUTOS DE BELEZA S.A.,Calamo Distribuidora,inferido,DI_MAIS,N,Quirografária,S,CALAMO DISTRIBUIDORA DE PRODUTOS DE BELEZA S.A.,06147451001104,0.7062,0.015,1060.784768,2032-11-27,,,3.5941,ok DI+,ok DI+,70.62,13,3.5937075693757654,-0.01091874528351084,3.5685067745340064,19.627797402362912,3.668913433068788,1.8090687515474713,-1.7599937315410763,-3.4725469881177196,-6.761555895339544,3.6666457615458206,1.8087881340199568,-1.7597186405140495,-3.470367787522192,-6.744457601020754,9.894895044611753,19.789790089223505,,,,,,
2026-10-02,CMED13,CIMED & CO S.A.,CIMED & CO S.A.,Cimed Co,inferido,DI_MAIS,N,Quirografária,S,CIMED & CO S.A.,16619378000108,1.4076,0.1505,1049.070044,2029-05-02,,,1.7345,ok DI+,ok DI+,140.76,6,1.7390451119228936,0.2620416213833175,1.7149060937473066,5.154382986369581,1.7410341306921095,0.8639402530371543,-0.8510537309635247,-1.6894812625321998,-3.329466345001031,1.7406780086791542,0.8638960256066152,-0.8510100681406914,-1.6891341788154588,-3.326724527767221,41.040148062107576,82.08029612421515,,,,,,
2026-10-02,CMGD18,CEMIG DISTRIBUIÇÃO S/A,CEMIG DISTRIBUICAO S/A,Cemig,CVM FRE,DI_MAIS,N,Quirografária,S,CEMIG DISTRIBUICAO S/A,06981180000116,0.5945,0.0978,1050.797766,2027-06-15,,,0.6487,ok DI+,ok DI+,59.45,2,0.6494771766567989,0.11980525000753561,0.6456388536717205,1.0735399316129104,0.651054579946786,0.32416732754094735,-0.3214834232615482,-0.6403183105092913,-1.2701807777415142,0.651006553329785,0.32416135175037636,-0.3214775019213441,-0.640271154013656,-1.2698069087111827,46.039670368279744,92.07934073655949,,,,,,
2026-10-02,CMGDA0,CEMIG DISTRIBUIÇÃO S/A,CEMIG DISTRIBUICAO S/A,Cemig,CVM FRE,DI_MAIS,N,Quirografária,S,CEMIG DISTRIBUICAO S/A,06981180000116,0.4961,0.055,1023.252104,2029-02-15,,,1.6548,ok DI+,ok DI+,49.61,5,1.6560633108749894,0.07634220902763601,1.6478881378232482,4.717632450839395,1.6717912585212158,0.8298802311608178,-0.8180856631846978,-1.624607140045664,-3.203850865219615,1.671476300077445,0.8298411094751733,-0.8180470283480747,-1.624299975569051,-3.2014236266297083,15.05259940323727,30.10519880647454,,,,,,
2026-10-02,CMGDA1,CEMIG DISTRIBUIÇÃO S/A,CEMIG DISTRIBUICAO S/A,Cemig,CVM FRE,DI_MAIS,N,Quirografária,N,CEMIG DISTRIBUICAO S/A,06981180000116,0.6097,0.0162,1004.890893,2031-09-15,,,3.4062,ok DI+,ok DI+,60.97,10,3.4028643356795008,-0.09792919736067657,3.3822428013198533,16.802989602315424,3.468016622244785,1.7123429838214577,-1.6703315860329027,-3.2999239146815684,-6.441755211232502,3.4662577493314304,1.7121251376628208,-1.6701176636570325,-3.2982278533082763,-6.4284258105933985,9.013250020993121,18.026500041986242,,,,,,
2026-10-02,CMGDA2,CEMIG DISTRIBUIÇÃO S/A,CEMIG DISTRIBUICAO S/A,Cemig,CVM FRE,DI_MAIS,N,Quirografária,S,CEMIG DISTRIBUICAO S/A,06981180000116,0.6421,0.0265,1015.081848,2032-03-15,,,3.6599,ok DI+,ok DI+,64.21,11,3.654464207693371,-0.1485229734864081,3.6311486025166118,19.38081130181607,3.730218809608088,1.8400684579745974,-1.791611317488706,-3.5363288571846896,-6.8910447601054585,3.728052659025692,1.8398003153855758,-1.7913482871310358,-3.534244546007531,-6.874680978996901,8.841554977328451,17.683109954656903,,,,,,
2026-10-02,CMGDA3,CEMIG DISTRIBUIÇÃO S/A,CEMIG DISTRIBUICAO S/A,Cemig,CVM FRE,DI_MAIS,N,Quirografária,S,CEMIG DISTRIBUICAO S/A,06981180000116,0.5402,0.031,1069.65443,2030-04-15,,,2.3813,ok DI+,ok DI+,54.02,8,2.3877537535663937,0.2710180811486907,2.374924411893346,9.095597293674786,2.421164130560527,1.1989261979844068,-1.1761857936832265,-2.3301855709425223,-4.573763413877385,2.42040239836172,1.1988317025637665,-1.1760927093295797,-2.3294464254249725,-4.567936877913197,11.37299354233636,22.74598708467272,,,,,,
2026-10-02,CMGDA6,CEMIG DISTRIBUIÇÃO S/A,CEMIG DISTRIBUICAO S/A,Cemig,CVM FRE,DI_MAIS,N,Quirografária,S,CEMIG DISTRIBUICAO S/A,06981180000116,0.764,0.0279,1008.646556,2036-08-15,,,4.9056,ok DI+,ok DI+ aprox,76.4,,,,4.868405382874836,,4.868405382874836,2.434202691437418,-2.434202691437418,-4.868405382874836,-9.736810765749672,4.868405382874836,2.434202691437418,-2.434202691437418,-4.868405382874836,-9.736810765749672,7.846511741682975,15.69302348336595,,,,,,
2026-10-02,CMGDB3,CEMIG DISTRIBUIÇÃO S/A,CEMIG DISTRIBUICAO S/A,Cemig,CVM FRE,DI_MAIS,N,Quirografária,S,CEMIG DISTRIBUICAO S/A,06981180000116,0.6134,0.0398,1074.859351,2032-04-15,,,3.4962,ok DI+,ok DI+,61.339999999999996,12,3.4996187556546627,0.09778489945262756,3.4782829679293834,18.798747203306814,3.5744019646905656,1.7629029726976775,-1.7159010391258334,-3.3863334004322954,-6.59663661602573,3.5722767039459176,1.762639917968825,-1.715643049960558,-3.384289231912849,-6.58059099179263,8.817568979518018,17.635137959036037,,,,,,
2026-10-02,CMGTA0,CEMIG GERAÇÃO E TRANSMISSÃO S/A,CEMIG GERACAO E TRANSMISSAO S/A,Cemig,CVM FRE,DI_MAIS,N,Quirografária,S,CEMIG GERACAO E TRANSMISSAO S/A,06981176000158,0.515,0.0188,1010.062376,2030-03-15,,,2.4665,ok DI+,ok DI+,51.5,7,2.4669403305788764,0.01785244593052873,2.4543006820662354,9.231146834319958,2.5012182001828087,1.2387837851316696,-1.215704523662131,-2.4088844120126685,-4.729808497909261,2.500456416237835,1.2386892745760176,-1.2156114074902178,-2.4081449478946357,-4.723978427446072,10.491787003995574,20.983574007991148,,,,,,
2026-10-02,CMGTA2,CEMIG GERAÇÃO E TRANSMISSÃO S/A,CEMIG GERACAO E TRANSMISSAO S/A,Cemig,CVM FRE,DI_MAIS,N,Quirografária,S,CEMIG GERACAO E TRANSMISSAO S/A,06981176000158,0.5631,0.0289,1049.259482,2031-06-10,,,3.1306,ok DI+,ok DI+,56.31000000000001,10,3.132323497166663,0.05505325390222611,3.114784147631351,14.799659662172777,3.190272617581602,1.576076270482174,-1.5390739039956358,-3.042224518257064,-5.944888126699399,3.188782445942215,1.5758916483933916,-1.5388924992379598,-3.0407858493204873,-5.933575102019247,9.039149637836246,18.078299275672492,,,,,,
2026-10-02,CMGTC3,CEMIG GERAÇÃO E TRANSMISSÃO S/A,CEMIG GERACAO E TRANSMISSAO S/A,Cemig,CVM FRE,DI_MAIS,N,Quirografária,S,CEMIG GERACAO E TRANSMISSAO S/A,06981176000158,0.6891,0.0595,1007.23581,2033-08-15,,,4.3293,ok DI+,ok DI+,68.91000000000001,14,4.317550001396471,-0.27140643068229886,4.28800138386029,27.335637579486715,4.42829109597862,2.1786165938887603,-2.1102676380743257,-4.154776837919661,-8.056324259091918,4.424679571757723,2.178170238904503,-2.1098311449557863,-4.151323195962856,-8.029290016130846,8.035211959046002,16.070423918092004,,,,,,
2026-10-02,CMPH14,CM HOSPITALAR S.A.,CM HOSPITALAR S.A.,Cm Hospitalar,CVM FRE,DI_MAIS,N,Quirografária,S,CM HOSPITALAR S.A.,12420164000157,,,521.998162,2034-01-30,,,,fora do escopo (não IPCA+ nem DI+),,,,,,,,,,,,,,,,,,,,,,,,,
2026-10-02,CMTR19,CEMIG GERAÇÃO E TRANSMISSÃO S/A,CEMIG GERACAO E TRANSMISSAO S/A,Cemig,CVM FRE,DI_MAIS,N,Quirografária,S,CEMIG GERACAO E TRANSMISSAO S/A,06981176000158,0.5739,0.0529,700.4551,2027-12-15,,,0.6424,ok DI+,ok DI+,57.38999999999999,3,0.6432762847398985,0.13640796075631015,0.6396055882688237,1.2787107116564023,0.6460650405963886,0.3214093775928628,-0.31821251763302083,-0.6332766017757674,-1.2541483301875767,0.6459991418271058,0.3214011825239824,-0.3182044057448414,-0.6332120347105418,-1.2536369623045196,44.863585506916486,89.72717101383297,,,,,,
2026-10-02,CNLM16,CONCESSIONARIA DA LINHA 4 DO METRO DE SAO PAULO S/A,CONCESSIONARIA DA LINHA 4 DO METRO DE SAO PAULO S/A,Motiva (ex-CCR),CVM FRE,DI_MAIS,N,Quirografária,S,CONCESSIONARIA DA LINHA 4 DO METRO DE SAO PAULO S/A,07682638000107,0.6377,0.0266,1058.504299,2031-06-15,,,2.8242,ok DI+,ok DI+,63.77000000000001,10,2.82625750158341,0.07285254526627417,2.808348662164785,12.412957656430429,2.8716021904067635,1.4198378502924935,-1.3888029766307874,-2.7474329220393057,-5.377479066138335,2.870413450446937,1.4196905281529304,-1.3886581340118545,-2.7462838738826325,-5.368438171200961,11.353647226773402,22.707294453546805,,,,,,
2026-10-02,CNLM17,CONCESSIONARIA DA LINHA 4 DO METRO DE SAO PAULO S/A,CONCESSIONARIA DA LINHA 4 DO METRO DE SAO PAULO S/A,Motiva (ex-CCR),CVM FRE,DI_MAIS,N,Quirografária,S,CONCESSIONARIA DA LINHA 4 DO METRO DE SAO PAULO S/A,07682638000107,0.7348,0.0622,1077.523266,2033-04-15,,,3.9397,ok DI+,ok DI+,73.48,14,3.9396841336092296,-0.0004027309381566634,3.910946498736514,23.94960759276077,4.033740955433784,1.9857869150138763,-1.9259048482779262,-3.794116042600626,-7.365755167161547,4.0306945367003175,1.985410258859208,-1.9255362398773057,-3.7911984607727103,-7.342900845617812,9.394145384466235,18.78829076893247,,,,,,
2026-10-02,COCEA2,COMPANHIA ENERGÉTICA DO CEARÁ - COELCE,COMPANHIA ENERGETICA DO CEARA-COELCE,Enel,CVM FRE,DI_MAIS,N,Quirografária,S,COMPANHIA ENERGETICA DO CEARA-COELCE,07047251000170,1.3818,0.1704,1050.801885,2029-05-15,,,2.1271,ok DI+,ok DI+,138.17999999999998,6,2.1319381907512653,0.2274547859181678,2.1028805868028235,7.114605478882414,2.1389852293879796,1.0603995481358153,-1.042612144535493,-2.067824928664297,-4.067553169475147,2.1384536141972355,1.0603335502500149,-1.0425470365528087,-2.0673075594084116,-4.0634690640279985,32.85493262603323,65.70986525206646,,,,,,
2026-10-02,COGNA4,COGNA EDUCACAO S.A,COGNA EDUCACAO S.A,Cogna Educacao,inferido,DI_MAIS,N,Quirografária,S,COGNA EDUCACAO S.A,02800026000140,1.1917,0.035,1066.883344,2029-11-19,,,2.1224,ok DI+,ok DI+,119.17,7,2.1267604653034664,0.20544974102273678,2.10171433556652,7.279249967637372,2.1386725420927677,1.0600259777537202,-1.0418268790404972,-2.0658644547223326,-4.062154694265585,2.1381105854047076,1.059956230242807,-1.0417581053237135,-2.0653180857283333,-4.057843671780293,28.350665450420877,56.701330900841754,,,,,,
2026-10-02,COGNA5,COGNA EDUCACAO S.A,COGNA EDUCACAO S.A,Cogna Educacao,inferido,DI_MAIS,N,Quirografária,S,COGNA EDUCACAO S.A,02800026000140,1.0302,0.0824,1022.391628,2028-11-17,,,1.8439,ok DI+,ok DI+,103.02000000000001,5,1.845996922306957,0.11372212739068852,1.8271733821243124,5.436176306844671,1.8547210571776107,0.9204274722648398,-0.9068364655481109,-1.8003502341496391,-3.548450134428538,1.8543542636585357,0.9203819114457121,-0.9067914706786003,-1.799992500590089,-3.5456232381117316,28.191084931476688,56.382169862953376,,,,,,
2026-10-02,COGNB2,COGNA EDUCACAO S.A,COGNA EDUCACAO S.A,Cogna Educacao,inferido,DI_MAIS,N,Quirografária,S,COGNA EDUCACAO S.A,02800026000140,1.2001,0.0894,1066.442313,2029-05-15,,,1.7589,ok DI+,ok DI+ aprox,120.00999999999999,,,,1.7380417608282996,,1.7380417608282996,0.8690208804141498,-0.8690208804141498,-1.7380417608282996,-3.4760835216565993,1.7380417608282996,0.8690208804141498,-0.8690208804141498,-1.7380417608282996,-3.4760835216565993,34.52448689806129,69.04897379612258,,,,,,
2026-10-02,COLNA3,RODOVIAS DAS COLINAS S/A,RODOVIAS DAS COLINAS S.A,Isolada (a identificar),,DI_MAIS,N,Quirografária,S,RODOVIAS DAS COLINAS S.A,03025305000146,0.7721,0.0066,1026.913778,2032-01-15,,,3.014,ok DI+,ok DI+,77.21000000000001,11,3.013485898237421,-0.017057125500289032,2.9903970426709585,14.20767280535863,3.0628961881321803,1.5131390459703464,-1.4776166203617658,-2.9207675375617193,-5.707713879092225,3.0614354066977514,1.5129581123421774,-1.477438930328781,-2.919358678644165,-5.696640629234744,12.909656961645082,25.819313923290164,,,,,,
2026-10-02,CPFGA3,CPFL GERAÇÃO DE ENERGIA S/A,CPFL COMERCIALIZACAO BRASIL S/A,CPFL,inferido,DI_MAIS,N,Quirografária,S,CPFL COMERCIALIZACAO BRASIL S/A,04973790000142,0.5213,0.0374,1010.880384,2031-09-10,,,3.3387,ok DI+,ok DI+,52.129999999999995,20,3.3351411321835043,-0.10659441748271793,3.3178452051291663,16.392052793830576,3.4015083637261245,1.6796235982532437,-1.6386396992445262,-3.237527533233775,-6.320760446662255,3.3998054690983195,1.6794126685568713,-1.638432536572295,-3.235884941160013,-6.307849354381721,7.856002431851027,15.712004863702054,,,,,,
2026-10-02,CPFPA6,COMPANHIA PIRATININGA DE FORÇA E LUZ,COMPANHIA PIRATININGA DE FORCA E LUZ,CPFL,CVM FRE,DI_MAIS,N,Quirografária,S,COMPANHIA PIRATININGA DE FORCA E LUZ,04172213000151,0.3255,0.044,416.600656,2028-06-05,,,0.8508,ok DI+,ok DI+,32.550000000000004,7,0.8513261088575257,0.06183696021693543,0.8485640329303374,1.8078834886360773,0.8577012965897746,0.4265540361410247,-0.42203419866770897,-0.8396204006492214,-1.6617286876773107,0.857603450373518,0.42654187082596384,-0.4220221621043737,-0.8395246154871571,-1.6609703960879536,19.17946008599694,38.35892017199388,,,,,,
2026-10-02,CPFPA8,COMPANHIA PIRATININGA DE FORÇA E LUZ,COMPANHIA PIRATININGA DE FORCA E LUZ,CPFL,CVM FRE,DI_MAIS,N,Quirografária,S,COMPANHIA PIRATININGA DE FORCA E LUZ,04172213000151,0.4329,0.0455,1009.705011,2029-09-10,,,2.0767,ok DI+,ok DI+,43.290000000000006,12,2.0776720936871307,0.046809538553015395,2.068716619441568,6.836321533885641,2.1034036760546826,1.0429664623542,-1.025874814744665,-2.035026954671182,-4.004590357679605,2.1028982271109964,1.0429037116381412,-1.025812907803427,-2.03453501177214,-4.000706808205424,10.46300870625909,20.92601741251818,,,,,,
2026-10-02,CPFPB8,COMPANHIA PIRATININGA DE FORÇA E LUZ,COMPANHIA PIRATININGA DE FORCA E LUZ,CPFL,CVM FRE,DI_MAIS,N,Quirografária,S,COMPANHIA PIRATININGA DE FORCA E LUZ,04172213000151,0.5201,0.0307,1010.920676,2031-09-10,,,3.3387,ok DI+,ok DI+,52.01,20,3.3351662622687277,-0.10584172675808189,3.3179098133296003,16.392604152209895,3.4015758088379977,1.679656601471935,-1.6386713237602768,-3.237589460848378,-6.320879232712762,3.3998728340906497,1.6794456618550626,-1.6384641514745377,-3.235946792568551,-6.307967543615003,7.837765781193243,15.675531562386485,,,,,,
2026-10-02,CPGT17,COPEL GERAÇÃO E TRANSMISSÃO S/A,COPEL GERACAO E TRANSMISSAO S.A.,Copel,CVM FRE,DI_MAIS,N,Quirografária,S,COPEL GERACAO E TRANSMISSAO S.A.,04370282000170,0.5289,0.0715,535.542206,2026-10-15,,,0.0317,ok DI+,ok DI+,52.89,1,0.03174603174603175,0.14521055530521196,0.031579010360236456,0.03241012967888908,0.0317421608766244,0.015830154787499495,-0.015749128504571885,-0.031418043397613005,-0.06251842275833974,0.0317410610086309,0.01583001784221684,-0.015748992518019617,-0.03141695971184201,-0.06250981812689513,837.4233295574999,1674.8466591149997,,,,,,
2026-10-02,CPGT18,COPEL GERAÇÃO E TRANSMISSÃO S/A,COPEL GERACAO E TRANSMISSAO S.A.,Copel,CVM FRE,DI_MAIS,N,Quirografária,S,COPEL GERACAO E TRANSMISSAO S.A.,04370282000170,0.5074,0.0159,1053.615774,2030-01-15,,,2.285,ok DI+,ok DI+,50.739999999999995,7,2.287117023676772,0.09264873858957552,2.2755707775514757,8.22614856603263,2.317359651893325,1.148149740775395,-1.127583194223647,-2.235079356007408,-4.391660914313578,2.316701520381639,1.1480680744832787,-1.1275027030681972,-2.234440034721313,-4.386618583782299,11.148851202641225,22.29770240528245,,,,,,
2026-10-02,CPGT19,COPEL GERAÇÃO E TRANSMISSÃO S/A,COPEL GERACAO E TRANSMISSAO S.A.,Copel,CVM FRE,DI_MAIS,N,Quirografária,S,COPEL GERACAO E TRANSMISSAO S.A.,04370282000170,0.3948,0.0713,1070.566138,2029-10-10,,,1.6722,ok DI+,ok DI+,39.480000000000004,7,1.6773460248545227,0.30773979515146255,1.6707499042326122,5.279383975919007,1.6975348476062635,0.8420223516495406,-0.8288232384699445,-1.6447305505712828,-3.238892422559103,1.6971468241122074,0.8419741820862048,-0.8287757221464074,-1.6443529843530171,-3.235912128946844,11.81505379709522,23.63010759419044,,,,,,
2026-10-02,CPGT29,COPEL GERAÇÃO E TRANSMISSÃO S/A,COPEL GERACAO E TRANSMISSAO S.A.,Copel,CVM FRE,DI_MAIS,N,Quirografária,S,COPEL GERACAO E TRANSMISSAO S.A.,04370282000170,0.6538,0.0533,1070.451352,2031-10-10,,,3.24,ok DI+,ok DI+,65.38000000000001,11,3.2451096251283107,0.15770447926884196,3.2240309110319836,16.18570135816266,3.306669920311611,1.632459420979826,-1.5919913203568448,-3.144751320619299,-6.137304787146958,3.304959417822796,1.6322475822136948,-1.5917833288182883,-3.14310240424117,-6.124347794900713,10.139480948567028,20.278961897134057,,,,,,
2026-10-02,CPGT39,COPEL GERAÇÃO E TRANSMISSÃO S/A,COPEL GERACAO E TRANSMISSAO S.A.,Copel,CVM FRE,DI_MAIS,N,Quirografária,S,COPEL GERACAO E TRANSMISSAO S.A.,04370282000170,0.814,0.0506,1076.749473,2034-10-10,,,4.3017,ok DI+,ok DI+,81.39999999999999,17,4.2986659696345155,-0.07053096137538123,4.2639573567505655,29.032108498367002,4.41323417821311,2.168777139441236,-2.0961848518848525,-4.1227207128125665,-7.977941812347944,4.409117899242401,2.168268813998241,-2.095688542752324,-4.11879681425873,-7.947272543533791,9.54512360109911,19.09024720219822,,,,,,
2026-10-02,CPGTA0,COPEL GERAÇÃO E TRANSMISSÃO S/A,COPEL GERACAO E TRANSMISSAO S.A.,Copel,CVM FRE,DI_MAIS,N,Quirografária,S,COPEL GERACAO E TRANSMISSAO S.A.,04370282000170,0.4323,0.0349,1020.525122,2029-02-15,,,1.657,ok DI+,ok DI+,43.230000000000004,5,1.6583187339403196,0.07958563309110205,1.6511806798612791,4.731988792237807,1.675156815767087,0.8315446006681659,-0.819714139389216,-1.6278290966512454,-3.2101582536874895,1.674840623822468,0.8315053259209368,-0.8196753539403422,-1.6275207359000903,-3.207721583877802,13.090632820277396,26.18126564055479,,,,,,
2026-10-02,CPGTB0,COPEL GERAÇÃO E TRANSMISSÃO S/A,COPEL GERACAO E TRANSMISSAO S.A.,Copel,CVM FRE,DI_MAIS,N,Quirografária,S,COPEL GERACAO E TRANSMISSAO S.A.,04370282000170,0.5795,0.0149,1025.80037,2032-02-15,,,3.5878,ok DI+,ok DI+,57.949999999999996,11,3.583639867457473,-0.11595218636844012,3.562992326922955,18.827021753073712,3.65921258076356,1.805288076117617,-1.7582156391519943,-3.470864202162316,-6.765203239437712,3.657127435688323,1.8050299406528196,-1.7579623862701355,-3.4688572181575865,-6.7494442187844355,8.13220948612684,16.26441897225368,,,,,,
2026-10-02,CPLD19,COPEL DISTRIBUICAO S/A,COPEL  DISTRIBUICAO S/A,Copel,CVM FRE,DI_MAIS,N,Quirografária,N,COPEL  DISTRIBUICAO S/A,04368898000106,0.5762,0.081,1055.696685,2031-05-15,,,2.7559,ok DI+,ok DI+,57.620000000000005,10,2.7599352144279186,0.14642093065490558,2.7441235743922703,11.978018281983633,2.8051482607839517,1.387174933157942,-1.3572275422889302,-2.685330537428665,-5.25731988568684,2.8040136658021884,1.3870343100486147,-1.3570892643436556,-2.684233482982352,-5.248686783144868,10.498798329947817,20.997596659895635,,,,,,
2026-10-02,CPLD27,COPEL DISTRIBUICAO S/A,COPEL  DISTRIBUICAO S/A,Copel,CVM FRE,DI_MAIS,N,Quirografária,S,COPEL  DISTRIBUICAO S/A,04368898000106,0.8451,0.0882,530.585785,2027-05-15,,,0.569,ok DI+,ok DI+,84.51,2,0.5699933537874082,0.1745788730067276,0.565216707393228,0.894792730284758,0.5697294441009859,0.2837316694956682,-0.2814946448843503,-0.5607808312725004,-1.112839590214998,0.5696906710446519,0.28372684460946995,-0.2814898627837581,-0.5607427437418042,-1.112537560180761,74.75893661190501,149.51787322381003,,,,,,
2026-10-02,CPLDA0,COPEL DISTRIBUICAO S/A,COPEL  DISTRIBUICAO S/A,Copel,CVM FRE,DI_MAIS,N,Quirografária,S,COPEL  DISTRIBUICAO S/A,04368898000106,0.4482,0.0483,1029.936882,2030-07-15,,,2.3262,ok DI+,ok DI+,44.82,8,2.328113557457755,0.08226108923373406,2.3177255117142517,8.586759530318862,2.361364986190373,1.1696837540283056,-1.1482155618530276,-2.275476688785849,-4.469116210633139,2.360659309365846,1.1695962052700244,-1.148129306444227,-2.2747917140626575,-4.463715832822126,9.668962043492789,19.337924086985577,,,,,,
2026-10-02,CPLDA2,COPEL DISTRIBUICAO S/A,COPEL  DISTRIBUICAO S/A,Copel,CVM FRE,DI_MAIS,N,Quirografária,S,COPEL  DISTRIBUICAO S/A,04368898000106,0.3812,0.0211,1025.06981,2028-07-15,,,1.5935,ok DI+,ok DI+,38.12,4,1.59533243887108,0.11499459498462365,1.5892741259031373,4.281557758802512,1.6109499191177878,0.8000223120401273,-0.7893180274215261,-1.5681280947558163,-3.094987004222227,1.6106819146971498,0.7999890101500718,-0.7892851157530656,-1.567866337109125,-3.0929170966302246,11.992896435766717,23.985792871533434,,,,,,
2026-10-02,CPLDB0,COPEL DISTRIBUICAO S/A,COPEL  DISTRIBUICAO S/A,Copel,CVM FRE,DI_MAIS,N,Quirografária,S,COPEL  DISTRIBUICAO S/A,04368898000106,0.5747,0.0322,1030.922441,2032-07-15,,,3.8575,ok DI+,ok DI+,57.46999999999999,12,3.852534791178079,-0.12871571800183992,3.830520788208246,21.99839600673333,3.9431422631095003,1.943083695113157,-1.8880811330182712,-3.7230530928545336,-7.24086961290854,3.9405127682419128,1.9427583891125395,-1.8877623990957062,-3.7205288081745786,-7.221073656281825,7.501590929478025,15.00318185895605,,,,,,
2026-10-02,CPREA0,CPFL ENERGIAS RENOVÁVEIS,CPFL ENERGIAS RENOVAVEIS S.A,CPFL,CVM FRE,DI_MAIS,N,Quirografária,S,CPFL ENERGIAS RENOVAVEIS S.A,08439659000150,0.4394,0.0516,1058.805305,2028-12-12,,,1.8626,ok DI+,ok DI+,43.940000000000005,5,1.8657766812390595,0.17055090943087367,1.8576143238998435,5.666631354413759,1.8863380071579172,0.9359389542907381,-0.9217717622895472,-1.8296618719609636,-3.6049037719621646,1.8859474806719123,0.935890451142939,-0.9217238727569046,-1.8292811671277747,-3.601896020711412,11.82699751898799,23.65399503797598,,,,,,
2026-10-02,CPTE12,CACHOEIRA PAULISTA TRANS. DE ENERGIA S/A,CACHOEIRA PAULISTA TRANSMISSORA DE ENERGIA S.A.,Isolada (a identificar),,DI_MAIS,N,Real,S,CACHOEIRA PAULISTA TRANSMISSORA DE ENERGIA S.A.,05336882000184,0.8991,0.0845,659.180215,2031-07-15,,,2.1812,ok DI+,ok DI+,89.91000000000001,10,2.181963288773561,0.034993983750281156,2.162520070816847,8.744897644566409,2.2070443593372735,1.0922903014318086,-1.0704264343829317,-2.1195694039908064,-4.156233518237318,2.206244559039679,1.0921911574641314,-1.0703289133527154,-2.118795582594015,-4.1501421887423655,20.7882463643536,41.5764927287072,,,,,,
2026-10-02,CSAN15,COSAN S.A.,COSAN S.A.,Rumo,CVM FRE,DI_MAIS,N,Quirografária,S,COSAN S.A.,50746577000115,2.1021,0.2122,1077.936784,2028-04-20,,,1.3276,ok DI+,ok DI+,210.21,4,1.331661500843625,0.30592805390366906,1.304244967384241,3.1702481548502615,1.3202792565701005,0.6561080480441683,-0.6481821780656483,-1.2885727803451763,-2.5465019277909895,1.3200962081584924,0.6560852938856834,-0.6481596734985576,-1.2883937266099896,-2.5450849716714767,80.58685494550598,161.17370989101195,,,,,,
2026-10-02,CSAN18,COSAN S.A.,COSAN S.A.,Rumo,CVM FRE,DI_MAIS,N,Quirografária,S,COSAN S.A.,50746577000115,1.542,0.0611,1038.642429,2031-01-21,,,2.9057,ok DI+,ok DI+,154.2,9,2.9063820961663933,0.023474418088356146,2.8622462588548516,12.540040066419516,2.926123477279563,1.4469440809081524,-1.4155915863383828,-2.8006847487305198,-5.482654763475647,2.924946459186949,1.4467981795104503,-1.4154480793444013,-2.799546058522754,-5.473691716381313,26.936885588190698,53.873771176381396,,,,,,
2026-10-02,CSAN23,COSAN S.A.,COSAN S.A.,Rumo,CVM FRE,DI_MAIS,N,Quirografária,S,COSAN S.A.,50746577000115,1.8086,0.1573,1025.396,2031-08-15,,,2.9503,ok DI+,ok DI+,180.86,10,2.949330082140156,-0.03287522827658636,2.8969360959095356,12.959261703744676,2.9629852901386533,1.4648223874997202,-1.4324216017516322,-2.833350549807878,-5.544212327879672,2.961732404428259,1.4646671250844485,-1.4322689708250869,-2.8321397873908123,-5.534686957744177,31.215738630785424,62.43147726157085,,,,,,
2026-10-02,CSAN24,COSAN S.A.,COSAN S.A.,Rumo,CVM FRE,DI_MAIS,N,Quirografária,S,COSAN S.A.,50746577000115,1.8916,0.1021,1065.744832,2032-05-05,,,3.1958,ok DI+,ok DI+,189.16,12,3.1988180976882887,0.09443950460881577,3.139432590800703,15.684906399201724,3.2195262217325604,1.5895291153936952,-1.5503130498441542,-3.0626163337814316,-5.977801987144571,3.2178571227967114,1.5893224283993534,-1.550110162401349,-3.0610080588046937,-5.965167053617371,30.126463067607276,60.25292613521455,,,,,,
2026-10-02,CSANA0,COSAN S.A.,COSAN S.A.,Rumo,CVM FRE,DI_MAIS,N,Quirografária,S,COSAN S.A.,50746577000115,1.4758,0.0798,1029.491967,2029-06-28,,,1.8896,ok DI+,ok DI+,147.58,6,1.8922398304220742,0.1397031341063862,1.8647202884057816,5.841083993338793,1.8943422816982247,0.9397132255188456,-0.9251098382893952,-1.835920600893881,-3.6158229875089987,1.8939257083724754,0.9396614991945643,-0.9250587892112172,-1.8355148684390876,-3.612618896944787,39.57161857400382,79.14323714800764,,,,,,
2026-10-02,CSANA2,COSAN S.A.,COSAN S.A.,Rumo,CVM FRE,DI_MAIS,N,Quirografária,S,COSAN S.A.,50746577000115,1.7763,0.1295,1207.719169,2029-01-27,,,2.2976,ok DI+,ok DI+,177.63000000000002,1,2.2976190476190474,0.0008290224167550132,2.2575187422013254,7.314509340599621,2.29461284300565,1.1379672753884629,-1.119680165077186,-2.221454351881702,-4.37276089141233,2.2940912889043235,1.1379025077764122,-1.1196162344249132,-2.2209461954983274,-4.368747297590659,39.34186606725389,78.68373213450778,,,,,,
2026-10-02,CSANB0,COSAN S.A.,COSAN S.A.,Rumo,CVM FRE,DI_MAIS,N,Quirografária,S,COSAN S.A.,50746577000115,1.9241,0.1618,1021.847591,2034-06-28,,,4.2262,ok DI+,ok DI+,192.40999999999997,16,4.217596380682213,-0.2035781391743692,4.13797755455502,26.82010002359088,4.27571493033807,2.1029632408838816,-2.035902778656451,-4.00735043853585,-7.766725254316908,4.272078054672974,2.102513902306999,-2.0354636522480214,-4.003877054437066,-7.739553108638223,23.24928029010188,46.49856058020376,,,,,,
2026-10-02,CSANB1,COSAN S.A.,COSAN S.A.,Rumo,CVM FRE,DI_MAIS,N,Quirografária,S,COSAN S.A.,50746577000115,1.7016,0.1721,1008.013024,2030-01-08,,,2.6087,ok DI+,ok DI+,170.16,7,2.611153565493611,0.09405318716644641,2.567465571331829,10.062758317962597,2.6186288235338973,1.296416613212381,-1.2712581460146866,-2.5179760871063994,-4.940173934193659,2.6177793629216417,1.2963112335633675,-1.271154337768461,-2.517151779742016,-4.933675976304405,33.13773744427124,66.27547488854248,,,,,,
2026-10-02,CSANB2,COSAN S.A.,COSAN S.A.,Rumo,CVM FRE,DI_MAIS,N,Quirografária,S,COSAN S.A.,50746577000115,1.5486,0.0869,1217.790465,2030-03-27,,,2.3658,ok DI+,ok DI+,154.85999999999999,7,2.3933726930291774,1.1654701593193553,2.356874140095656,9.455565726320243,2.404976774527423,1.1903588236276574,-1.1667183363605171,-2.3103959375155414,-4.530937484151288,2.4041519687272572,1.1902565272057284,-1.1666176128899277,-2.309596311464055,-4.524636965664907,32.852836170902805,65.70567234180561,,,,,,
2026-10-02,CSANC1,COSAN S.A.,COSAN S.A.,Rumo,CVM FRE,DI_MAIS,N,Quirografária,S,COSAN S.A.,50746577000115,2.1549,0.2383,994.472892,2035-01-08,,,4.7544,ok DI+,ok DI+,215.48999999999998,17,4.73889766960869,-0.3260628132111399,4.638933296012907,34.27480511318372,4.815584479996993,2.362961238151051,-2.2772576931577415,-4.472571739914977,-8.631481128518704,4.810307321578826,2.362310154397933,-2.2766231416149743,-4.467559270446989,-8.59237048976214,23.226244725830654,46.45248945166131,,,,,,
2026-10-02,CSANC2,COSAN S.A.,COSAN S.A.,Rumo,CVM FRE,DI_MAIS,N,Quirografária,S,COSAN S.A.,50746577000115,1.8307,0.1378,1215.264221,2032-03-27,,,3.2164,ok DI+,ok DI+,183.07,11,3.2504412841479087,1.0583660038523977,3.1920052441433757,17.606119356527756,3.282085745890573,1.6182639358063522,-1.5742436313857966,-3.1059444131797287,-6.04734243808055,3.280035840926014,1.6180102712673474,-1.573994972876028,-3.103974647360737,-6.031888101156196,28.676331333711467,57.35266266742293,,,,,,
2026-10-02,CSED12,CRUZEIRO DO SUL EDUCACIONAL S/A,CRUZEIRO DO SUL EDUCACIONAL S.A.,Cruzeiro Sul,CVM FRE,DI_MAIS,N,Quirografária,S,CRUZEIRO DO SUL EDUCACIONAL S.A.,62984091000102,0.804,0.044,1034.565549,2030-02-05,,,1.9849,ok DI+,ok DI+,80.4,7,1.9863524048428194,0.07317269599573163,1.970509508395321,6.538471011426219,2.0036963089409277,0.9934892154500385,-0.9771421892746046,-1.938298013821249,-3.814044241712866,2.003201863452452,0.9934278429619433,-0.9770816654333778,-1.93781715333819,-3.810249596562118,20.40081503221812,40.80163006443624,,,,,,
2026-10-02,CSED13,CRUZEIRO DO SUL EDUCACIONAL S/A,CRUZEIRO DO SUL EDUCACIONAL S.A.,Cruzeiro Sul,CVM FRE,DI_MAIS,N,Quirografária,S,CRUZEIRO DO SUL EDUCACIONAL S.A.,62984091000102,0.9402,0.0478,1055.066984,2030-11-15,,,2.7677,ok DI+,ok DI+,94.02000000000001,9,2.772166744656762,0.16138832448465834,2.7463456032945865,11.787796543184099,2.806370987192497,1.3880422331231435,-1.3585705646560586,-2.6884581712788624,-5.265214416078889,2.8052845860105076,1.3879075473262736,-1.3584380559683134,-2.6874066205786664,-5.256935275725492,17.117292136723652,34.234584273447304,,,,,,
2026-10-02,CSMGA7,CIA DE SANEAMENTO DE M.GERAIS COPASA MG,COMPANHIA DE SANEAMENTO DE MINAS GERAIS COPASA MG,Copasa,inferido,DI_MAIS,N,Quirografária,S,COMPANHIA DE SANEAMENTO DE MINAS GERAIS COPASA MG,17281106000103,0.7117,0.0564,776.485108,2029-12-16,,,1.4739,ok DI+,ok DI+,71.17,13,1.4745306423182232,0.042787320593200666,1.4641105674099664,4.414386155635376,1.4864972512004027,0.7376123462394801,-0.7265758627806762,-1.4423450963786166,-2.8423531572100535,1.486182498188143,0.7375732663995274,-0.7265373010104389,-1.4420386366317894,-2.839933411707225,24.304858384398116,48.60971676879623,,,,,,
2026-10-02,CSMGA8,CIA DE SANEAMENTO DE M.GERAIS COPASA MG,COMPANHIA DE SANEAMENTO DE MINAS GERAIS COPASA MG,Copasa,inferido,DI_MAIS,N,Quirografária,S,COMPANHIA DE SANEAMENTO DE MINAS GERAIS COPASA MG,17281106000103,0.8238,0.018,954.158829,2030-09-15,,,1.7386,ok DI+,ok DI+,82.38000000000001,16,1.738895765302815,0.017011693478376524,1.7246877873109474,5.898178174807306,1.7546472153356252,0.8697747517171672,-0.8550284610836845,-1.6956519046554597,-3.3350001573059784,1.7541786781849837,0.8697166163739828,-0.8549711709369646,-1.695196896436911,-3.3314120111257486,23.882583446724308,47.765166893448615,,,,,,
2026-10-02,CSMGA9,CIA DE SANEAMENTO DE M.GERAIS COPASA MG,COMPANHIA DE SANEAMENTO DE MINAS GERAIS COPASA MG,Copasa,inferido,DI_MAIS,N,Quirografária,S,COMPANHIA DE SANEAMENTO DE MINAS GERAIS COPASA MG,17281106000103,0.654,0.0139,1039.03807,2034-07-15,,,3.0115,ok DI+,ok DI+,65.4,32,3.0081500347701073,-0.1112390911470199,2.9886045609415497,15.979693630079542,3.0704178422672257,1.5145136902482426,-1.474559489798366,-2.910541399901334,-5.671997651899085,3.0685030290919473,1.5142768975083742,-1.4743276634331755,-2.908706092791152,-5.657615249281508,10.941561298326459,21.883122596652917,,,,,,
2026-10-02,CSMGB0,CIA DE SANEAMENTO DE M.GERAIS COPASA MG,COMPANHIA DE SANEAMENTO DE MINAS GERAIS COPASA MG,Copasa,inferido,DI_MAIS,N,Quirografária,S,COMPANHIA DE SANEAMENTO DE MINAS GERAIS COPASA MG,17281106000103,0.6396,0.0609,1016.481838,2035-05-15,,,3.5141,ok DI+,ok DI+,63.96,35,3.505946469645963,-0.232023287727646,3.4836649486344964,20.30443156188653,3.587802702563736,1.7675362361879943,-1.7167679368889854,-3.384642790783088,-6.580806539715955,3.5851871064439287,1.7672130137696065,-1.7164519348648897,-3.3821427908250636,-6.561241266031262,9.17998730404177,18.35997460808354,,,,,,
2026-10-02,CSMGD1,CIA DE SANEAMENTO DE M.GERAIS COPASA MG,COMPANHIA DE SANEAMENTO DE MINAS GERAIS COPASA MG,Copasa,inferido,DI_MAIS,N,Quirografária,S,COMPANHIA DE SANEAMENTO DE MINAS GERAIS COPASA MG,17281106000103,0.6801,0.0246,1024.557568,2035-10-15,,,3.6761,ok DI+,ok DI+,68.01,37,3.669172623989026,-0.18844362261565356,3.6443871470022633,22.149630099077054,3.7580912649773923,1.8502457619490764,-1.7948632766736305,-3.536460319728596,-6.867846814866541,3.7551352974976484,1.849880611124978,-1.7945065358772854,-3.5336389965068786,-6.845781692022985,9.33078694122035,18.6615738824407,,,,,,
2026-10-02,CSMGD2,CIA DE SANEAMENTO DE M.GERAIS COPASA MG,COMPANHIA DE SANEAMENTO DE MINAS GERAIS COPASA MG,Copasa,inferido,DI_MAIS,N,Quirografária,S,COMPANHIA DE SANEAMENTO DE MINAS GERAIS COPASA MG,17281106000103,0.662,0.0486,1006.501622,2036-03-15,,,3.9573,ok DI+,ok DI+,66.2,38,3.9483699286091736,-0.22566071288066272,3.922403616666839,24.83935898037807,4.050035160405541,1.99267514122774,-1.9305666704165114,-3.801480292418491,-7.373603481073521,4.046600411568729,1.9922510070588921,-1.930152609607947,-3.798206821764949,-7.348020053726118,8.43870321232458,16.87740642464916,,,,,,
2026-10-02,CSNAA1,COMPANHIA SIDERÚRGICA NACIONAL,COMPANHIA SIDERURGICA NACIONAL,Siderurgica Nacional,CVM FRE,DI_MAIS,N,Quirografária,S,COMPANHIA SIDERURGICA NACIONAL,33042730000104,16.8436,9.7821,879.732713,2028-11-10,,,1.3232,ok DI+,ok DI+,1684.3599999999997,5,1.3270431473789668,0.29044342344066276,1.1357431193312828,2.5471124279206494,1.148615451797519,0.5710724584172322,-0.5647045040060528,-1.1231415523960453,-2.2216051746544285,1.148478681470886,0.5710554502005422,-0.5646876691307406,-1.1230075571916796,-2.2205439901041526,741.5233125038602,1483.0466250077204,,,,,,
2026-10-02,CSNAA2,COMPANHIA SIDERÚRGICA NACIONAL,COMPANHIA SIDERURGICA NACIONAL,Siderurgica Nacional,CVM FRE,DI_MAIS,N,Quirografária,S,COMPANHIA SIDERURGICA NACIONAL,33042730000104,17.5176,0.1208,959.025446,2027-12-20,,,0.6197,ok DI+,ok DI+,1751.7600000000002,3,0.6205045047084642,0.12982164086883327,0.5280098510422815,0.8940256549141982,0.5325192099392639,0.26512733994825677,-0.26289223333253453,-0.5235782744893003,-1.0384449584989852,0.5324799793168524,0.2651224575897835,-0.262887393452498,-0.5235397227677104,-1.038139188986279,1658.8326870626174,3317.665374125235,,,,,,
2026-10-02,CSRNA2,COMPANHIA ENERGÉTICA DO R. G. N. - COSERN,COMPANHIA ENERGETICA DO RIO GRANDE DO NORTE-COSERN,Neoenergia,CVM FRE,DI_MAIS,N,Quirografária,S,COMPANHIA ENERGETICA DO RIO GRANDE DO NORTE-COSERN,08324196000181,0.7552,0.0602,1013.483852,2031-03-15,,,3.0956,ok DI+,ok DI+,75.52,9,3.0940069211731216,-0.05146268338540301,3.07081611785111,13.989394537396752,3.142120322075126,1.5530630012225544,-1.518086675097552,-3.0021809183158332,-5.872165011110619,3.140763090538094,1.552894802097301,-1.5179213157538092,-3.0008691451641267,-5.861844344954285,12.296405434534329,24.592810869068657,,,,,,
2026-10-02,CTEE19,ISA ENERGIA BRASIL S.A.,ISA ENERGIA BRASIL S.A.,ISA,CVM FRE,DI_MAIS,N,Quirografária,S,ISA ENERGIA BRASIL S.A.,02998611000104,0.3768,0.0211,1089.061664,2028-11-15,,,0.97,ok DI+,ok DI+,37.68,5,0.9720774944705749,0.21417468768813666,0.9684284560481854,2.5151410225549875,0.981162285547188,0.4873778007047358,-0.4810897139952308,-0.9560071285805383,-1.887774639312867,0.9810041611609601,0.48735815430228635,-0.48107030174589893,-0.9558527509354104,-1.886554091645271,19.45419910199602,38.90839820399204,,,,,,
2026-10-02,CTNSA2,ENERGISA TOCANTINS - DISTRIBUIDORA DE ENERGIA S.A,ENERGISA TOCANTINS DISTRIBUIDORA DE ENERGIA S/A,Energisa,inferido,DI_MAIS,N,Quirografária,S,ENERGISA TOCANTINS DISTRIBUIDORA DE ENERGIA S/A,25086034000171,0.85,0.0,1019.174283,2030-02-25,,,2.7445,ok DI+,ok DI+,85.0,7,2.7450175248613733,0.018856799467056037,2.7218815318407272,11.067766279360105,2.778185558459456,1.3748951841817236,-1.3472239318428558,-2.6674784963973464,-5.229781438792469,2.777220363237528,1.3747754737695639,-1.3471060580711636,-2.6665427004439266,-5.222407738094253,15.614199039463161,31.228398078926322,,,,,,
2026-10-02,CVCB14,CVC BRASIL OPERADORA E AGENCIA DE VIAGENS S.A.,CVC BRASIL OPERADORA E AGENCIA DE VIAGENS S.A.,Cvc Brasil,inferido,DI_MAIS,N,Flutuante,S,CVC BRASIL OPERADORA E AGENCIA DE VIAGENS S.A.,10760260000119,6.8908,0.3715,0.605477,2028-10-30,,,0.7157,ok DI+,ok DI+ aprox,689.0799999999999,,,,0.6695618331979928,,0.6695618331979928,0.3347809165989964,-0.3347809165989964,-0.6695618331979928,-1.3391236663959856,0.6695618331979928,0.3347809165989964,-0.3347809165989964,-0.6695618331979928,-1.3391236663959856,514.5753280983652,1029.1506561967303,,,,,,
2026-10-02,DASAB2,DIAGNÓSTICOS DA AMÉRICA S/A,DIAGNOSTICOS DA AMERICA S/A,Diagnosticos America,CVM FRE,DI_MAIS,N,Quirografária,S,DIAGNOSTICOS DA AMERICA S/A,61486650000183,2.8322,0.0172,1078.134096,2030-11-20,,,2.366,ok DI+,ok DI+,283.22,9,2.3698986071416623,0.16477629508293473,2.3046269623149778,8.892286909327193,2.349848902621532,1.1635231652568523,-1.1412910050651925,-2.2609029370508127,-4.437218969623036,2.3490883968616134,1.1634288397941477,-1.1411981225208299,-2.2601655277683417,-4.431408186443411,61.44595299612133,122.89190599224266,,,,,,
2026-10-02,DASAB4,DIAGNÓSTICOS DA AMÉRICA S/A,DIAGNOSTICOS DA AMERICA S/A,Diagnosticos America,CVM FRE,DI_MAIS,N,Quirografária,S,DIAGNOSTICOS DA AMERICA S/A,61486650000183,1.458,0.1799,1078.621693,2027-10-20,,,0.4883,ok DI+,ok DI+,145.79999999999998,3,0.4895840904685117,0.26297162984060807,0.48254853285942134,0.9373022696395087,0.4872816482062392,0.2424516908643426,-0.24010837823899012,-0.47790771421718503,-0.946713022750334,0.48723504420761893,0.24244589426676005,-0.2401026385926613,-0.4778620215112238,-0.9463510203260525,151.07288704831194,302.1457740966239,,,,,,
2026-10-02,DASAB5,DIAGNÓSTICOS DA AMÉRICA S/A,DIAGNOSTICOS DA AMERICA S/A,Diagnosticos America,CVM FRE,DI_MAIS,N,Quirografária,S,DIAGNOSTICOS DA AMERICA S/A,61486650000183,2.4592,0.0451,1052.208116,2028-10-30,,,1.7323,ok DI+,ok DI+,245.92,5,1.7370255106104178,0.27278823589550405,1.6953338603174901,4.898806098888247,1.7201500524786528,0.8538304605399727,-0.8415829593182433,-1.6711542130159462,-3.2951766181051556,1.7198278908119313,0.8537904377823553,-0.8415434225351348,-1.670839829823049,-3.292691598657215,72.52848708924678,145.05697417849356,,,,,,
2026-10-02,DASAC2,DIAGNÓSTICOS DA AMÉRICA S/A,DIAGNOSTICOS DA AMERICA S/A,Diagnosticos America,CVM FRE,DI_MAIS,N,Quirografária,S,DIAGNOSTICOS DA AMERICA S/A,61486650000183,2.8264,0.0133,1078.277986,2030-11-20,,,2.3661,ok DI+,ok DI+,282.64,9,2.369978519749872,0.16392036472982124,2.3048346725645086,8.893704227556661,2.350063870642538,1.1636288132134132,-1.1413931093175567,-2.261103725291125,-4.437607335249405,2.349303193702292,1.1635344665667002,-1.1413002059978086,-2.2603661514267253,-4.431795260577884,61.31459305181235,122.6291861036247,,,,,,
2026-10-02,DASAC5,DIAGNÓSTICOS DA AMÉRICA S/A,DIAGNOSTICOS DA AMERICA S/A,Diagnosticos America,CVM FRE,DI_MAIS,N,Quirografária,S,DIAGNOSTICOS DA AMERICA S/A,61486650000183,2.8804,0.0829,1038.189799,2031-10-30,,,3.4142,ok DI+,ok DI+,288.04,11,3.4165276496788963,0.0681755514877923,3.3208732175214095,17.398556190252474,3.4097727138014955,1.6824208817696196,-1.6389200858861641,-3.2357166294794903,-6.308196785572717,3.4078659984726722,1.6821848039985206,-1.6386884135228892,-3.2338804365701477,-6.29377531123777,43.368111507578654,86.73622301515731,,,,,,
2026-10-02,DASAD3,DIAGNÓSTICOS DA AMÉRICA S/A,DIAGNOSTICOS DA AMERICA S/A,Diagnosticos America,CVM FRE,DI_MAIS,N,Quirografária,S,DIAGNOSTICOS DA AMERICA S/A,61486650000183,2.6097,0.0332,1034.562994,2028-07-20,,,1.573,ok DI+,ok DI+,260.97,4,1.5747719148221122,0.1126455703822157,1.5347203186658884,4.041924988215387,1.5551775592943962,0.7724433378405671,-0.7623381721246325,-1.514752655931173,-2.990515962878204,1.5549299436069652,0.7724125655682135,-0.7623077530976751,-1.5145106937248116,-2.988602137567469,85.0220059075186,170.0440118150372,,,,,,
2026-10-02,DGCD11,EDGE COMERCIALIZACAO S.A.,EDGE COMERCIALIZACAO S.A.,Edge Comercializacao,inferido,DI_MAIS,N,Quirografária,S,EDGE COMERCIALIZACAO S.A.,19046324000199,0.9,0.0,1005.467051,2029-03-16,,,2.1235,ok DI+,ok DI+,90.00000000000001,5,2.124494744036671,0.04684455082038523,2.1055448404724193,6.875900913932303,2.14042375314929,1.0614293055073665,-1.0442387354690386,-2.0716516558069276,-4.077411800181519,2.139924345042081,1.061367296378625,-1.0441775440937944,-2.0711653359027578,-4.073571662666192,21.372140424187496,42.74428084837499,,,,,,
2026-10-02,DXCO13,DEXCO S.A,DEXCO S.A,Dexco,CVM FRE,DI_MAIS,N,Quirografária,S,DEXCO S.A,97837181000147,0.75,0.0,1059.010912,2031-10-15,,,3.2569,ok DI+,ok DI+,75.0,11,3.261807933869415,0.15069341611393977,3.2375264852301884,16.275098767807602,3.3206235793500793,1.639320327927063,-1.5986287063570748,-3.1578105658720435,-6.1625915831679645,3.318901979069226,1.6391071160748536,-1.5984193691553346,-3.1561509913911503,-6.149550995104224,11.58291682587849,23.16583365175698,,,,,,
2026-10-02,EBENA6,EDP SÃO PAULO DISTRIBUIÇÃO DE ENERGIA S.A.,EDP SAO PAULO DISTRIBUICAO DE ENERGIA S/A,EDP,CVM FRE,DI_MAIS,N,Quirografária,S,EDP SAO PAULO DISTRIBUICAO DE ENERGIA S/A,02302100000106,0.5996,0.1025,1012.947065,2028-03-04,,,0.8603,ok DI+,ok DI+,59.96000000000001,3,0.860775039137705,0.055217846995824715,0.8556445941511747,1.8218096456658988,0.8648521733045422,0.4301118097356893,-0.4255571563169691,-0.8466320065714572,-1.6756166534212191,0.8647536423795041,0.4300995591326697,-0.42554503501850494,-0.8465355459228451,-1.6748529953890312,35.03791200801201,70.07582401602401,,,,,,
2026-10-02,EBENA7,EDP SÃO PAULO DISTRIBUIÇÃO DE ENERGIA S.A.,EDP SAO PAULO DISTRIBUICAO DE ENERGIA S/A,EDP,CVM FRE,DI_MAIS,N,Quirografária,S,EDP SAO PAULO DISTRIBUICAO DE ENERGIA S/A,02302100000106,0.6825,0.1221,1040.63345,2028-06-20,,,1.0883,ok DI+,ok DI+,68.25,4,1.0898589239975607,0.14324395824318983,1.0824710590197508,2.5193343475009,1.0952128306874753,0.5444027331884094,-0.5381041971574074,-1.070016284344233,-2.115678209301708,1.0950677307572554,0.5443846974442516,-0.5380863615754993,-1.0698743872822463,-2.114555431089484,31.52509225595597,63.05018451191194,,,,,,
2026-10-02,EBENA9,EDP SÃO PAULO DISTRIBUIÇÃO DE ENERGIA S.A.,EDP SAO PAULO DISTRIBUICAO DE ENERGIA S/A,EDP,CVM FRE,DI_MAIS,N,Quirografária,S,EDP SAO PAULO DISTRIBUICAO DE ENERGIA S/A,02302100000106,0.5585,0.0175,1037.112534,2030-06-23,,,2.5749,ok DI+,ok DI+,55.849999999999994,8,2.5776045009114696,0.10503324057127175,2.5632885344465857,10.21010969332665,2.6152226064809048,1.2945164852585345,-1.2689895300244558,-2.5130946012183353,-4.9291246951213346,2.614339082913219,1.2944069043399513,-1.2688816301066348,-2.5122379859799526,-4.922374875026639,10.894208601463204,21.788417202926407,,,,,,
2026-10-02,EBENB1,EDP SÃO PAULO DISTRIBUIÇÃO DE ENERGIA S.A.,EDP SAO PAULO DISTRIBUICAO DE ENERGIA S/A,EDP,CVM FRE,DI_MAIS,N,Quirografária,S,EDP SAO PAULO DISTRIBUICAO DE ENERGIA S/A,02302100000106,0.4874,0.0762,1045.336421,2030-12-19,,,2.8754,ok DI+,ok DI+,48.74,9,2.8775772780824775,0.07572087648597013,2.8636199942305973,12.565628632914452,2.927628816375827,1.4476633860996513,-1.416246908908192,-2.8019340225638345,-5.484917641839093,2.9264481373951696,1.4475170329064417,-1.4161029613241556,-2.800791851066025,-5.475927415802905,8.510207377060787,17.020414754121575,,,,,,
2026-10-02,EBENC1,EDP SÃO PAULO DISTRIBUIÇÃO DE ENERGIA S.A.,EDP SAO PAULO DISTRIBUICAO DE ENERGIA S/A,EDP,CVM FRE,DI_MAIS,N,Quirografária,S,EDP SAO PAULO DISTRIBUICAO DE ENERGIA S/A,02302100000106,0.6794,0.0443,1043.438138,2032-12-19,,,3.9151,ok DI+,ok DI+,67.94,13,3.9107189746440745,-0.11190072682499368,3.8843288444747133,22.930533465655696,4.00179763292503,1.9711758916372668,-1.9138423458590847,-3.7723768403081115,-7.3312157704903065,3.9989815118029917,1.9708275890694262,-1.913501255405287,-3.7696761771464344,-7.310047019636312,8.745397560332933,17.490795120665865,,,,,,
2026-10-02,ECOV17,CONCESSIONÁRIA ECOVIAS DOS IMIGRANTES S/A,CONCESSIONARIA ECOVIAS DOS IMIGRANTES S.A.,EcoRodovias,CVM FRE,DI_MAIS,N,Quirografária,S,CONCESSIONARIA ECOVIAS DOS IMIGRANTES S.A.,02509491000126,0.7745,0.0509,1031.183121,2032-02-25,,,3.3038,ok DI+,ok DI+,77.44999999999999,11,3.3010006395976252,-0.08473153345767319,3.275630878444076,16.193593766144264,3.358305627485847,1.6582687997984236,-1.6177809588261205,-3.1963079561902585,-6.240315463272572,3.356598847274797,1.6580574314297183,-1.6175734470143577,-3.194662909613355,-6.227389881565267,11.822150125289562,23.644300250579125,,,,,,
2026-10-02,EDPR13,EDP TRANSMISSAO GOIAS S.A.,EDP TRANSMISSAO GOIAS S.A.,EDP,inferido,DI_MAIS,N,Quirografária,S,EDP TRANSMISSAO GOIAS S.A.,07779299000173,0.6305,0.0177,1042.310002,2030-12-10,,,2.1606,ok DI+,ok DI+,63.05,9,2.163274847301231,0.1238011340012403,2.14972085729598,8.16244205834894,2.1912374005603974,1.0851508268799437,-1.0647433613253932,-2.1095912032822794,-4.141569968112513,2.190533067587724,1.085063481220926,-1.0646573760750537,-2.108908647004235,-4.136192873424981,14.664694670941433,29.329389341882866,,,,,,
2026-10-02,EDPR23,EDP TRANSMISSAO GOIAS S.A.,EDP TRANSMISSAO GOIAS S.A.,EDP,inferido,DI_MAIS,N,Quirografária,S,EDP TRANSMISSAO GOIAS S.A.,07779299000173,,,,2032-12-10,,,,fora do escopo (não IPCA+ nem DI+),,,,,,,,,,,,,,,,,,,,,,,,,
2026-10-02,EDVP18,ENERGISA SUL-SUDESTE - DISTRIBUICAO DE ENERGIA S.A,ENERGISA SUL-SUDESTE - DISTRIBUIDORA DE ENERGIA SA,Energisa,CVM FRE,DI_MAIS,N,Quirografária,S,ENERGISA SUL-SUDESTE - DISTRIBUIDORA DE ENERGIA SA,07282377000120,0.3961,0.0677,513.263814,2027-08-22,,,0.8435,ok DI+,ok DI+,39.61,2,0.8438447122677357,0.040866895997118166,0.8405154306469431,1.5591456071461653,0.8483860662686249,0.42221596545237716,-0.41831801215749254,-0.8327931811265121,-1.650430223100674,0.8483111586826739,0.4222066473324042,-0.4183087833145389,-0.8327197026112123,-1.6498479491509628,23.56292255664614,47.12584511329228,,,,,,
2026-10-02,EEELA3,CPFL TRANSMISSAO S.A,CPFL TRANSMISSAO S.A.,CPFL,CVM FRE,DI_MAIS,N,Quirografária,S,CPFL TRANSMISSAO S.A.,92715812000131,0.4188,0.0416,1009.999466,2029-09-10,,,2.0768,ok DI+,ok DI+,41.879999999999995,12,2.0777424656332593,0.045380664159248935,2.069077170443442,6.838546192037855,2.1037755900146005,1.0431495483635533,-1.0260523386111386,-2.035376613805495,-4.005268785908811,2.1032699014036313,1.0430867679617684,-1.0259904024816737,-2.034884439483253,-4.001383417046127,10.120453842479044,20.24090768495809,,,,,,
2026-10-02,EEELA5,CPFL TRANSMISSAO S.A,CPFL TRANSMISSAO S.A.,CPFL,CVM FRE,DI_MAIS,N,Quirografária,S,CPFL TRANSMISSAO S.A.,92715812000131,0.4599,0.0198,1017.405334,2030-05-15,,,2.8399,ok DI+,ok DI+,45.989999999999995,15,2.839950100882057,0.0017641776843133152,2.8269489626030455,12.054820471091894,2.8883183584067273,1.4286788147694685,-1.398539605895266,-2.767735616326883,-5.421155388742072,2.8872230649585053,1.4285430068903877,-1.398405955712658,-2.766674860247586,-5.4128015157842535,8.134211230621679,16.268422461243357,,,,,,
2026-10-02,EGIEE1,ENGIE BRASIL ENERGIA S.A.,ENGIE BRASIL ENERGIA SA,Engie,CVM FRE,DI_MAIS,N,Quirografária,S,ENGIE BRASIL ENERGIA SA,02474103000119,0.6815,0.0553,1069.223939,2030-11-15,,,2.765,ok DI+,ok DI+,68.15,9,2.769398313230856,0.1590710029242692,2.750652615655166,11.832785488727549,2.8109097672121663,1.3902528185769425,-1.3606686586180583,-2.6925467568881367,-5.272979657232469,2.809816543098804,1.3901172896884924,-1.3605353259666737,-2.6914886882115283,-5.264649521535781,12.387969242667824,24.775938485335647,,,,,,
2026-10-02,EKTRA0,ELEKTRO REDES S.A.,ELEKTRO REDES S.A.,Neoenergia,CVM FRE,DI_MAIS,N,Quirografária,S,ELEKTRO REDES S.A.,02328280000197,0.7443,0.0785,1070.536135,2026-10-15,,,0.0317,ok DI+,ok DI+,74.42999999999999,1,0.03174603174603174,0.14521055530516822,0.03151149171321031,0.03227166810068631,0.031673942956023105,0.015796221532338173,-0.015715541365790564,-0.03135121004766983,-0.062386099525002514,0.031672850053713744,0.015796085441731014,-0.0157154062714793,-0.03135013337270688,-0.0623775500644069,1180.9977242175005,2361.995448435001,,,,,,
2026-10-02,EKTRA3,ELEKTRO REDES S.A.,ELEKTRO REDES S.A.,Neoenergia,CVM FRE,DI_MAIS,N,Quirografária,S,ELEKTRO REDES S.A.,02328280000197,0.6008,0.0481,1080.794611,2031-04-15,,,2.9658,ok DI+,ok DI+,60.080000000000005,10,2.9715916675085334,0.19528179609323676,2.953844966947115,13.670809613101815,3.023543861319866,1.4941776422750186,-1.4599977710079703,-2.8867901874042756,-5.644494002794187,3.022199015012624,1.4940109954899348,-1.4598339714571802,-2.885490918881606,-5.634273741632194,10.169795753040898,20.339591506081796,,,,,,
2026-10-02,EKTRA4,ELEKTRO REDES S.A.,ELEKTRO REDES S.A.,Neoenergia,CVM FRE,DI_MAIS,N,Quirografária,S,ELEKTRO REDES S.A.,02328280000197,0.6141,0.0193,1028.182623,2032-02-08,,,3.8283,ok DI+,ok DI+,61.41,11,3.822416477337402,-0.15368499497421703,3.7990862884400918,21.369009083287796,3.908427481867771,1.926563288264771,-1.873134665871956,-3.6946397450778545,-7.189610270866254,3.9059313338565307,1.9262544055741553,-1.872831882865936,-3.692241243023652,-7.170792395214427,8.082206527772103,16.164413055544205,,,,,,
2026-10-02,ELET15,CENTRAIS ELETRICAS BRASILEIRAS S/A ELETROBRAS,AXIA ENERGIA S.A.,Axia (ex-Eletrobras),inferido,DI_MAIS,N,Quirografária,S,AXIA ENERGIA S.A.,00001180000126,0.525,0.014,1075.287587,2029-04-15,,,2.0577,ok DI+,ok DI+,52.5,6,2.0637907502572066,0.295997971385844,2.053012434973595,6.874493130544432,2.0878947699941808,1.0351626342564035,-1.0179755519874822,-2.019136240962238,-3.972452822434347,2.087384900626317,1.0350993338999783,-1.017913101073617,-2.018639969320873,-3.968535007336302,12.786089140437971,25.572178280875942,,,,,,
2026-10-02,ELET17,CENTRAIS ELETRICAS BRASILEIRAS S/A ELETROBRAS,AXIA ENERGIA S.A.,Axia (ex-Eletrobras),inferido,DI_MAIS,N,Quirografária,N,AXIA ENERGIA S.A.,00001180000126,0.7645,0.0611,1060.28384,2035-11-15,,,4.7464,ok DI+,ok DI+,76.45,19,4.735270956359057,-0.23447336172559607,4.6993444679019465,35.29696599225769,4.881352840972197,2.3944747574880187,-2.3062147306612157,-4.528101201180501,-8.733629881498617,4.875829297863235,2.3937934414412956,-2.3055510264606514,-4.522859637940659,-8.69274961595874,8.134113228151117,16.268226456302234,,,,,,
2026-10-02,ELET24,CENTRAIS ELETRICAS BRASILEIRAS S/A ELETROBRAS,AXIA ENERGIA S.A.,Axia (ex-Eletrobras),inferido,DI_MAIS,N,Quirografária,S,AXIA ENERGIA S.A.,00001180000126,0.9424,0.0507,1015.492805,2028-09-15,,,1.3276,ok DI+,ok DI+,94.24,4,1.3283406803024316,0.05579092365408892,1.315939268634817,3.3101529443886255,1.332691147494769,0.6621323177950389,-0.653856646480655,-1.299584994304892,-2.5672295230826703,1.3324900333567602,0.6621073254978942,-0.6538319431369227,-1.2993885039128739,-2.5656754783818614,35.80712356800726,71.61424713601453,,,,,,
2026-10-02,ELET25,CENTRAIS ELETRICAS BRASILEIRAS S/A ELETROBRAS,AXIA ENERGIA S.A.,Axia (ex-Eletrobras),inferido,DI_MAIS,N,Quirografária,S,AXIA ENERGIA S.A.,00001180000126,0.5853,0.0485,1083.251052,2031-04-15,,,3.2429,ok DI+,ok DI+,58.53000000000001,10,3.2478869596646143,0.15378086480046113,3.2289876946876075,16.12050300494081,3.311275982428419,1.6348532780472658,-1.5945482780732712,-3.150011042437917,-6.1483440989158815,3.309590209712311,1.6346444760999796,-1.5943432185876276,-3.1483851796629034,-6.135565329276398,9.063211993079857,18.126423986159715,,,,,,
2026-10-02,ELFA12,ELFA MEDICAMENTOS SA,ELFA MEDICAMENTOS SA,Elfa Medicamentos,CVM FRE,DI_MAIS,N,Real,S,ELFA MEDICAMENTOS SA,09053134000145,,,285.326194,2031-12-13,,,,fora do escopo (não IPCA+ nem DI+),,,,,,,,,,,,,,,,,,,,,,,,,
2026-10-02,ELPLA6,ELETROPAULO METROP. ELETRIC. DE S.P. S/A,ELETROPAULO METROPOL. ELETR. DE S.P. S/A,Enel,CVM FRE,DI_MAIS,N,Quirografária,S,ELETROPAULO METROPOL. ELETR. DE S.P. S/A,61695227000193,2.4567,0.5233,1065.697754,2028-10-04,,,1.2758,ok DI+,ok DI+,245.67000000000002,5,1.280236212126175,0.3477200287015954,1.24953879260817,3.1446850130646298,1.265452483261531,0.6287238975865472,-0.6208619134881688,-1.2340012864482608,-2.4376544224342878,1.2652622176734933,0.6287002525704158,-0.6208385400377543,-1.233815367542847,-2.4361838849550477,98.30427092511931,196.60854185023862,,,,,,
2026-10-02,ELPLB8,ELETROPAULO METROP. ELETRIC. DE S.P. S/A,ELETROPAULO METROPOL. ELETR. DE S.P. S/A,Enel,CVM FRE,DI_MAIS,N,Quirografária,S,ELETROPAULO METROPOL. ELETR. DE S.P. S/A,61695227000193,2.6632,0.1808,1034.526121,2028-05-15,,,1.4019,ok DI+,ok DI+,266.32,4,1.4053866824816488,0.24871121204428637,1.3689293558759603,3.3850438530149938,1.3860522221704974,0.688720550604982,-0.6802576693831774,-1.3521974378451151,-2.671687415422408,1.3858545751410354,0.688695982754249,-0.6802333731217114,-1.3520041366108855,-2.6701578346916213,97.27309844618871,194.54619689237742,,,,,,
2026-10-02,ELTN16,CENTRAIS ELETRICAS DO NORTE DO BRASIL S/A - ELETRONORTE,CENTRAIS ELETRICAS DO NORTE DO BRASIL S/A - ELETRONORTE,Axia (ex-Eletrobras),CVM FRE,DI_MAIS,N,Quirografária,S,CENTRAIS ELETRICAS DO NORTE DO BRASIL S/A - ELETRONORTE,00357038000116,0.5914,0.0274,1016.609908,2031-09-15,,,3.6716,ok DI+,ok DI+,59.14,10,3.666293601335518,-0.14452551107098668,3.644738617153671,19.394117309141055,3.743859389498483,1.8468781502976483,-1.7983878365533945,-3.5498378476580883,-6.917848099614899,3.741709203699376,1.8466119552132616,-1.798126661940409,-3.547768030607965,-6.901594888124521,8.113064640858239,16.226129281716478,,,,,,
2026-10-02,ELTN19,CENTRAIS ELETRICAS DO NORTE DO BRASIL S/A - ELETRONORTE,CENTRAIS ELETRICAS DO NORTE DO BRASIL S/A - ELETRONORTE,Axia (ex-Eletrobras),CVM FRE,DI_MAIS,N,Quirografária,S,CENTRAIS ELETRICAS DO NORTE DO BRASIL S/A - ELETRONORTE,00357038000116,0.6417,0.0355,1055.564946,2032-11-15,,,4.0502,ok DI+,ok DI+,64.17,13,4.047235739432216,-0.07318800473518959,4.02143022169957,24.87133211017097,4.148967461875808,2.0421975127351555,-1.9800107661030686,-3.900119407080016,-7.569291958074453,4.145786882250425,2.0418042759874986,-1.9796259457120713,-3.8970735611487153,-7.5454338011957205,7.97850471876147,15.95700943752294,,,,,,
2026-10-02,ELTN26,CENTRAIS ELETRICAS DO NORTE DO BRASIL S/A - ELETRONORTE,CENTRAIS ELETRICAS DO NORTE DO BRASIL S/A - ELETRONORTE,Axia (ex-Eletrobras),CVM FRE,DI_MAIS,N,Quirografária,S,CENTRAIS ELETRICAS DO NORTE DO BRASIL S/A - ELETRONORTE,00357038000116,0.6489,0.0455,1025.518675,2034-09-15,,,4.5479,ok DI+,ok DI+,64.89,16,4.532998679702803,-0.32765276934844006,4.503773692214026,30.511876962085935,4.660638391410377,2.290558389710795,-2.2142661808132846,-4.355319237237632,-8.42939715352281,4.656333077024456,2.290026692309621,-2.213746999904406,-4.351214307403597,-8.397309845186335,7.203958772637672,14.407917545275344,,,,,,
2026-10-02,ENERB5,ENERGISA MATO GROSSO DO SUL - DISTRIBUIDORA DE ENERGIA S.A.,ENERGISA MATO GROSSO DO SUL - DISTRIBUIDORA DE ENERGIA S.A.,Energisa,CVM FRE,DI_MAIS,N,Quirografária,S,ENERGISA MATO GROSSO DO SUL - DISTRIBUIDORA DE ENERGIA S.A.,15413826000150,0.6309,0.0503,1048.439861,2029-12-15,,,2.5568,ok DI+,ok DI+,63.09,7,2.5601849043730467,0.13238831246271615,2.544133963199223,9.96539639519204,2.5948029905423997,1.2846281850455776,-1.2597131329297517,-2.495124038007146,-4.895400596896127,2.5939609451751835,1.2845237270936016,-1.2596102361056214,-2.4943069812232626,-4.888959998494605,12.39911123246532,24.79822246493064,,,,,,
2026-10-02,ENERC3,ENERGISA MATO GROSSO DO SUL - DISTRIBUIDORA DE ENERGIA S.A.,ENERGISA MATO GROSSO DO SUL - DISTRIBUIDORA DE ENERGIA S.A.,Energisa,CVM FRE,DI_MAIS,N,Quirografária,S,ENERGISA MATO GROSSO DO SUL - DISTRIBUIDORA DE ENERGIA S.A.,15413826000150,0.5898,0.0493,1015.559843,2029-09-04,,,2.4544,ok DI+,ok DI+,58.98,6,2.4552654586043463,0.03526151419272204,2.4408692119920175,9.001317159634324,2.4865984875104497,1.2317759328197342,-1.2092713554129553,-2.3965647556611014,-4.707250127943341,2.485875797790189,1.2316862524455514,-1.2091829595464658,-2.395862626193846,-4.701712080791348,12.08176163438635,24.1635232687727,,,,,,
2026-10-02,ENEV48,ENEVA S.A.,ENEVA S.A.,Eneva,inferido,DI_MAIS,N,Quirografária,S,ENEVA S.A.,04423567000121,0.7975,0.0295,1076.535803,2032-07-15,,,3.4221,ok DI+,ok DI+,79.75,12,3.419763063147392,-0.06828955473563167,3.3927062309555214,17.667926918640173,3.48299866277213,1.7186797628303552,-1.6745053499849116,-3.306245825416243,-6.4468084811092785,3.4810458655487224,1.718438024126061,-1.6742682068294605,-3.3043665963623208,-6.4320539235382395,11.753154350994192,23.506308701988385,,,,,,
2026-10-02,ENEVA3,ENEVA S.A.,ENEVA S.A.,Eneva,inferido,DI_MAIS,N,Quirografária,S,ENEVA S.A.,04423567000121,0.6178,0.0765,1051.763334,2029-12-15,,,2.5541,ok DI+,ok DI+,61.78,7,2.557439244464792,0.13074055302423343,2.5417363970041005,9.954099335996176,2.592347951970564,1.2834151581394782,-1.2585283505223699,-2.492781998953708,-4.8908238502854084,2.5915068936840813,1.2833108226720453,-1.258425574332055,-2.4919659003241197,-4.884390807288278,12.153109203774829,24.306218407549657,,,,,,
2026-10-02,ENEVD0,ENEVA S.A.,ENEVA S.A.,Eneva,inferido,DI_MAIS,N,Quirografária,S,ENEVA S.A.,04423567000121,0.6132,0.0468,1086.602656,2031-04-15,,,2.9589,ok DI+,ok DI+,61.31999999999999,10,2.964638938192197,0.19395512495174846,2.946570567472456,13.625808828503336,3.016039340790111,1.490483558011202,-1.4564162005392567,-2.8797358644951365,-5.630806522940446,3.014699611614973,1.4903175447718573,-1.456253022700599,-2.8784415233299394,-5.6206249583748455,10.405316722585706,20.810633445171412,,,,,,
2026-10-02,ENGIA7,ENERGISA S/A,ENERGISA SA,Energisa,CVM FRE,DI_MAIS,N,Quirografária,S,ENERGISA SA,00864214000106,0.3908,0.0541,1075.236183,2027-10-20,,,0.4915,ok DI+,ok DI+,39.08,3,0.49290926845901617,0.28672806897582453,0.49099047767227294,0.9646181168953575,0.49586206384713005,0.2467070430153262,-0.24429543787082286,-0.48621492438831737,-0.9630651697111192,0.4958135682567498,0.24670101148225568,-0.24428946619001732,-0.4861673870877962,-0.9626885930066389,39.797105827055546,79.59421165411109,,,,,,
2026-10-02,ENGIB1,ENERGISA S/A,ENERGISA SA,Energisa,CVM FRE,DI_MAIS,N,Quirografária,S,ENERGISA SA,00864214000106,0.5929,0.0543,1015.483028,2029-09-04,,,2.4544,ok DI+,ok DI+,59.29,6,2.4552462213092148,0.0344777260925128,2.440774867122048,9.000673552670317,2.4865008492242158,1.2317279464906683,-1.2092249784800502,-2.3964735570366824,-4.707073744918211,2.4857782348854,1.231638275501862,-1.2091365916201862,-2.395771499358697,-4.70153626319069,12.145733061793953,24.291466123587906,,,,,,
2026-10-02,ENGIB5,ENERGISA S/A,ENERGISA SA,Energisa,CVM FRE,DI_MAIS,N,Quirografária,S,ENERGISA SA,00864214000106,0.3722,0.0653,1072.510101,2026-10-15,,,0.0317,ok DI+,ok DI+,37.22,1,0.031746031746031744,0.1452105553051901,0.03162831117185012,0.032511442695655896,0.031791973239347904,0.015854932431169644,-0.01577365295282185,-0.03146684290132873,-0.06261503903020049,0.031790868385328394,0.015854794889294626,-0.015773516282555487,-0.03146575395837183,-0.06260639348978711,588.39689223,1176.79378446,,,,,,
2026-10-02,ENGIB7,ENERGISA S/A,ENERGISA SA,Energisa,CVM FRE,DI_MAIS,N,Quirografária,S,ENERGISA SA,00864214000106,0.6108,0.0267,1092.926989,2029-10-20,,,2.051,ok DI+,ok DI+,61.08,7,2.0565539214713886,0.27079090547969015,2.0440687495491425,7.005315364823394,2.0796321071234747,1.030857644202543,-1.0133434303323474,-2.0095641394609842,-3.9521499626098633,2.0790953263732597,1.0307910189806004,-1.013277730568542,-2.0090421727250254,-3.9480311918018174,14.940789054544357,29.881578109088714,,,,,,
2026-10-02,ENGIB8,ENERGISA S/A,ENERGISA SA,Energisa,CVM FRE,DI_MAIS,N,Quirografária,N,ENERGISA SA,00864214000106,0.5416,0.0595,1069.185166,2028-06-20,,,1.4957,ok DI+,ok DI+,54.16,4,1.498079307137078,0.15907649509112132,1.4900094161392676,3.8921178213307237,1.5097081546110669,0.7498994506101697,-0.7401688155047381,-1.4707815235646238,-2.904016951287103,1.5094700052459213,0.7498698553462972,-0.7401395607929704,-1.470548827032614,-2.902176475851921,18.174381790261716,36.34876358052343,,,,,,
2026-10-02,ENGIC3,ENERGISA S/A,ENERGISA SA,Energisa,CVM FRE,DI_MAIS,N,Quirografária,N,ENERGISA SA,00864214000106,0.6457,0.0502,1019.097514,2030-02-25,,,2.7521,ok DI+,ok DI+,64.57000000000001,7,2.7526880141091716,0.021366015376317785,2.7350279387089285,11.153763572088987,2.7917719105864824,1.3815771171888036,-1.3536908484247712,-2.6802045044982292,-5.254429597281152,2.790796756569373,1.3814561738195756,-1.353571764889353,-2.6792591208484837,-5.246980605976077,11.804266985016671,23.608533970033342,,,,,,
2026-10-02,ENGIC4,ENERGISA S/A,ENERGISA SA,Energisa,CVM FRE,DI_MAIS,N,Quirografária,S,ENERGISA SA,00864214000106,0.7948,0.0136,1005.276993,2032-09-15,,,3.9144,ok DI+,ok DI+,79.48,12,3.90668510800695,-0.19709002639102002,3.875879616812524,22.113529433730466,3.9890763360896253,1.9659069875060498,-1.9106166188887608,-3.7678362639642637,-7.329286248149492,3.9864472639811765,1.9655817201984251,-1.9102978966140989,-3.765311969643872,-7.309488644950439,10.253156426122876,20.506312852245753,,,,,,
2026-10-02,ENGIC5,ENERGISA S/A,ENERGISA SA,Energisa,CVM FRE,DI_MAIS,N,Quirografária,S,ENERGISA SA,00864214000106,0.5407,0.025,1095.755123,2028-10-15,,,1.6979,ok DI+,ok DI+,54.06999999999999,5,1.7030743752272384,0.3047514710665177,1.693915374795718,4.9322831403644045,1.7189044040162083,0.8531637384504576,-0.8408325308069897,-1.6695735726487748,-3.291711106634243,1.7185767904975402,0.8531230413233145,-0.8407923334724036,-1.669253959093896,-3.289185086784148,15.960065303297899,31.920130606595798,,,,,,
2026-10-02,ENGIC6,ENERGISA S/A,ENERGISA SA,Energisa,CVM FRE,DI_MAIS,N,Quirografária,S,ENERGISA SA,00864214000106,0.4215,0.0436,1076.960275,2027-04-15,,,0.4854,ok DI+,ok DI+,42.15,2,0.486648290485787,0.2571673847933677,0.4846056775548931,0.7323873421822616,0.48829849633955646,0.24322216624586002,-0.24139116429414686,-0.48097408627150173,-0.9548042838362303,0.4882676142658044,0.2432183229551744,-0.24138735459971872,-0.48094374084398184,-0.9545636082661411,43.488966341325536,86.97793268265107,,,,,,
2026-10-02,ENGIC9,ENERGISA S/A,ENERGISA SA,Energisa,CVM FRE,DI_MAIS,N,Quirografária,S,ENERGISA SA,00864214000106,0.5543,0.0116,1023.119431,2028-09-15,,,1.7481,ok DI+,ok DI+,55.43,4,1.7491901115389636,0.06235979285874127,1.7395477980941279,4.943131306330466,1.7645855981583969,0.8759928346455892,-0.8636345221961217,-1.715146536261869,-3.3827181976235687,1.7642634546257803,0.875952813179977,-0.8635949849141509,-1.7148321415624754,-3.3802329700616465,15.932301504083378,31.864603008166757,,,,,,
2026-10-02,ENGID3,ENERGISA S/A,ENERGISA SA,Energisa,CVM FRE,DI_MAIS,N,Quirografária,N,ENERGISA SA,00864214000106,0.749,0.0721,1022.800275,2032-02-25,,,3.8578,ok DI+,ok DI+,74.9,11,3.8511371018362355,-0.17271237917374258,3.8225065279419503,21.56198678771433,3.9328426167252406,1.9385183346619206,-1.884607178507347,-3.7171236681937225,-7.232814379824926,3.9303164618805218,1.938205747455618,-1.8843007804863323,-3.714696594003379,-7.213773320129614,9.797236375202008,19.594472750404016,,,,,,
2026-10-02,ENMTA8,ENERGISA MATO GROSSO - DISTRIBUIDORA DE ENERGIA S.A.,ENERGISA MATO GROSSO - DISTRIBUIDORA DE ENERGIA S.A.,Energisa,CVM FRE,DI_MAIS,N,Quirografária,S,ENERGISA MATO GROSSO - DISTRIBUIDORA DE ENERGIA S.A.,03467321000199,0.5508,0.0475,1072.036743,2029-04-15,,,2.0598,ok DI+,ok DI+,55.08,6,2.065871371625033,0.29475539494285397,2.054554883327664,6.879528049096375,2.0894626977923103,1.0359401900238652,-1.0187405200336452,-2.0206538135773,-3.975439389668123,2.0889525235731456,1.0358768517252024,-1.0186780316024615,-2.020157243082182,-3.9715192056734003,13.404363263051307,26.808726526102614,,,,,,
2026-10-02,ENMTB0,ENERGISA MATO GROSSO - DISTRIBUIDORA DE ENERGIA S.A.,ENERGISA MATO GROSSO - DISTRIBUIDORA DE ENERGIA S.A.,Energisa,CVM FRE,DI_MAIS,N,Quirografária,S,ENERGISA MATO GROSSO - DISTRIBUIDORA DE ENERGIA S.A.,03467321000199,0.6027,0.0477,1015.240256,2029-09-04,,,2.4543,ok DI+,ok DI+,60.27,6,2.455185405721868,0.03607569253424213,2.4404766529346307,8.998639040093627,2.4861922256877556,1.2315762669571129,-1.2090783856993026,-2.3961852870740374,-4.7065162139916294,2.4854698481350987,1.2314866252674326,-1.2089900276671983,-2.3954834577341626,-4.700980525067389,12.347997660114137,24.695995320228274,,,,,,
2026-10-02,ENMTB2,ENERGISA MATO GROSSO - DISTRIBUIDORA DE ENERGIA S.A.,ENERGISA MATO GROSSO - DISTRIBUIDORA DE ENERGIA S.A.,Energisa,CVM FRE,DI_MAIS,N,Quirografária,S,ENERGISA MATO GROSSO - DISTRIBUIDORA DE ENERGIA S.A.,03467321000199,0.631,0.0187,1048.437198,2029-12-15,,,2.5568,ok DI+,ok DI+,63.099999999999994,7,2.560183933692377,0.13235034779322222,2.5441304704240015,9.9653719551262,2.5947993727770013,1.28462640778213,-1.259711416696152,-2.4951206644457824,-4.895394077300308,2.5939573301996326,1.2845219501559086,-1.259608520268093,-2.4943036106483705,-4.888953501745479,12.401093562918538,24.802187125837076,,,,,,
2026-10-02,ENMTC2,ENERGISA MATO GROSSO - DISTRIBUIDORA DE ENERGIA S.A.,ENERGISA MATO GROSSO - DISTRIBUIDORA DE ENERGIA S.A.,Energisa,CVM FRE,DI_MAIS,N,Quirografária,S,ENERGISA MATO GROSSO - DISTRIBUIDORA DE ENERGIA S.A.,03467321000199,0.6889,0.0593,1053.670948,2031-12-15,,,3.4046,ok DI+,ok DI+,68.88999999999999,11,3.4043743740952985,-0.006627089957743082,3.381082099511762,17.395815996095067,3.4699426588021165,1.712518788327011,-1.6690249310774785,-3.2959153867652247,-6.428484081458508,3.468061179492237,1.712285819751,-1.668796279760762,-3.2941030195312866,-6.414247879101623,10.1875668754018,20.3751337508036,,,,,,
2026-10-02,ENMTC3,ENERGISA MATO GROSSO - DISTRIBUIDORA DE ENERGIA S.A.,ENERGISA MATO GROSSO - DISTRIBUIDORA DE ENERGIA S.A.,Energisa,CVM FRE,DI_MAIS,N,Quirografária,N,ENERGISA MATO GROSSO - DISTRIBUIDORA DE ENERGIA S.A.,03467321000199,0.6291,0.0526,1006.103299,2030-03-25,,,2.8303,ok DI+,ok DI+,62.91,7,2.8300951815068274,-0.00723663545109857,2.8124023582709445,11.647905968976238,2.871673438038158,1.4208889884465892,-1.3917672349777366,-2.755162547758905,-5.399722429557752,2.8706418881158258,1.4207610615966928,-1.391641296674252,-2.7541628284260637,-5.391846597162365,11.18438828907057,22.36877657814114,,,,,,
2026-10-02,EQMAA1,EQUATORIAL MARANHAO DISTRIBUIDORA DE ENERGIA S.A,EQUATORIAL MARANHAO DISTRIBUIDORA DE ENERGIA S.A,Equatorial,CVM FRE,DI_MAIS,N,Quirografária,S,EQUATORIAL MARANHAO DISTRIBUIDORA DE ENERGIA S.A,06272793000184,0.645,0.042,1063.178445,2030-05-15,,,2.1046,ok DI+,ok DI+,64.5,8,2.1088536937879567,0.20211412087601932,2.095338758793737,7.5057603981967125,2.133474252720413,1.0571268532234779,-1.038361350137218,-2.0583990063673396,-4.0452070056840705,2.1328675607847205,1.0570515798946145,-1.0382871788991226,-2.0578099568027532,-4.04056230962354,15.391305995105995,30.78261199021199,,,,,,
2026-10-02,EQPA17,EQUATORIAL PARA DISTRIBUIDORA DE ENERGIA S.A.,EQUATORIAL PARA DISTRIBUIDORA DE ENERGIA S.A.,Equatorial,CVM FRE,DI_MAIS,N,Quirografária,S,EQUATORIAL PARA DISTRIBUIDORA DE ENERGIA S.A.,04895728000180,0.6727,0.0417,1029.472569,2030-08-05,,,2.3355,ok DI+,ok DI+,67.27,8,2.336593454462397,0.04681885944752981,2.3209802205189662,8.722602249867832,2.365325040637467,1.1714841388865693,-1.1496762633906643,-2.278077090440922,-4.4731033960062945,2.3645932317683056,1.1713933630718179,-1.1495868574471484,-2.277367209269627,-4.467508396040576,14.491721946893318,28.983443893786635,,,,,,
2026-10-02,EQPAA0,EQUATORIAL PARA DISTRIBUIDORA DE ENERGIA S.A.,EQUATORIAL PARA DISTRIBUIDORA DE ENERGIA S.A.,Equatorial,CVM FRE,DI_MAIS,N,Quirografária,S,EQUATORIAL PARA DISTRIBUIDORA DE ENERGIA S.A.,04895728000180,0.7532,0.046,1003.281731,2032-09-15,,,3.5856,ok DI+,ok DI+,75.32,12,3.580061654713126,-0.15446076770620823,3.5532982125760033,19.00658909751454,3.65049120924561,1.8006746679820607,-1.7531529799940992,-3.4603418285389376,-6.742760601774933,3.6483311580635758,1.8004073426598945,-1.7528908699161085,-3.4582652670884304,-6.726464643201716,10.598603817352544,21.197207634705087,,,,,,
2026-10-02,EQTL17,EQUATORIAL ENERGIA S.A,EQUATORIAL ENERGIA S.A.,Equatorial,inferido,DI_MAIS,N,Quirografária,S,EQUATORIAL ENERGIA S.A.,03220438000173,0.6304,0.0492,1008.887747,2030-03-15,,,2.0905,ok DI+,ok DI+,63.04,7,2.0910969089226237,0.028553404574200015,2.077997214482526,7.19211203304755,2.114523630248688,1.0480589654919603,-1.0300776796797972,-2.0425864098385316,-4.016488401161833,2.1139577746477634,1.0479887472825724,-1.0300084671999534,-2.042036654317288,-4.0121521883041,15.168451516836745,30.33690303367349,,,,,,
2026-10-02,ERDVA3,ECORODOVIAS CONCESSÕES E SERVIÇOS S/A,ECORODOVIAS CONCESSOES E SERVICOS S/A,EcoRodovias,CVM FRE,DI_MAIS,N,Quirografária,S,ECORODOVIAS CONCESSOES E SERVICOS S/A,08873873000110,1.5329,0.2448,1077.500675,2028-10-15,,,1.3072,ok DI+,ok DI+,153.29,5,1.3112345178195848,0.30863814409308904,1.2914380637405067,3.309579674174823,1.308189362238621,0.6498812816818633,-0.641607038005032,-1.275088853193207,-2.5182558192745064,1.307985962111381,0.6498560064629719,-0.6415820572775349,-1.2748901653696327,-2.516684533997517,59.348568198467284,118.69713639693457,,,,,,
2026-10-02,ERDVA6,ECORODOVIAS CONCESSÕES E SERVIÇOS S/A,ECORODOVIAS CONCESSOES E SERVICOS S/A,EcoRodovias,CVM FRE,DI_MAIS,N,Quirografária,S,ECORODOVIAS CONCESSOES E SERVICOS S/A,08873873000110,0.9199,0.096,1040.443362,2031-07-15,,,2.8999,ok DI+,ok DI+,91.99000000000001,10,2.9003609670405837,0.015895963329201533,2.8739237425330226,12.8322382990845,2.9393240634552065,1.4531557271516782,-1.4210725296317506,-2.8109600316287287,-5.500623646480318,2.938084934028445,1.453002169140367,-1.4209215733926557,-2.8097625510376,-5.491202719084355,16.004252068101454,32.00850413620291,,,,,,
2026-10-02,ERDVB3,ECORODOVIAS CONCESSÕES E SERVIÇOS S/A,ECORODOVIAS CONCESSOES E SERVICOS S/A,EcoRodovias,CVM FRE,DI_MAIS,N,Quirografária,S,ECORODOVIAS CONCESSOES E SERVICOS S/A,08873873000110,1.2456,0.0797,1102.87781,2030-10-15,,,2.3175,ok DI+,ok DI+,124.56,9,2.323260569119849,0.2485682468111764,2.294678059214276,8.887908773247059,2.339881118019904,1.1585436102064195,-1.136322381884447,-2.2509787183592422,-4.417430275246669,2.339117603080511,1.1584489155736966,-1.1362291436405791,-2.2502385153480406,-4.411597942963611,27.141062228714294,54.28212445742859,,,,,,
2026-10-02,ESCEA3,EDP ESPIRITO SANTO DISTRIBUICAO DE ENERGIA SA,EDP ESPIRITO SANTO DISTRIBUICAO DE ENERGIA SA,EDP,CVM FRE,DI_MAIS,N,Quirografária,S,EDP ESPIRITO SANTO DISTRIBUICAO DE ENERGIA SA,28152650000171,0.5482,0.004,1020.098321,2028-02-19,,,0.8256,ok DI+,ok DI+,54.82,3,0.8261558277741823,0.06732410055502454,0.821651534064441,1.733689956673584,0.8304131673461113,0.4130044655407339,-0.4086701188920516,-0.8130743190660317,-1.609351591906505,0.830319983847809,0.41299287947806257,-0.4086586545863785,-0.8129830842810732,-1.6086292689954107,33.359640752341456,66.71928150468291,,,,,,
2026-10-02,ESCEA4,EDP ESPIRITO SANTO DISTRIBUICAO DE ENERGIA SA,EDP ESPIRITO SANTO DISTRIBUICAO DE ENERGIA SA,EDP,CVM FRE,DI_MAIS,N,Quirografária,S,EDP ESPIRITO SANTO DISTRIBUICAO DE ENERGIA SA,28152650000171,0.4264,0.0439,760.439608,2029-08-28,,,1.6723,ok DI+,ok DI+,42.64000000000001,6,1.6732431167486628,0.05639638513800607,1.6661387013262077,5.11429557648489,1.692078040996603,0.8395078923421062,-0.8267215446987275,-1.640925341547228,-3.232818924656733,1.6917101792086324,0.8394622201337101,-0.8266764811924978,-1.6405672234437834,-3.2299914911227177,12.79605352365309,25.59210704730618,,,,,,
2026-10-02,ESCEA6,EDP ESPIRITO SANTO DISTRIBUICAO DE ENERGIA SA,EDP ESPIRITO SANTO DISTRIBUICAO DE ENERGIA SA,EDP,CVM FRE,DI_MAIS,N,Quirografária,S,EDP ESPIRITO SANTO DISTRIBUICAO DE ENERGIA SA,28152650000171,0.5273,0.0409,1043.423014,2030-06-11,,,2.5394,ok DI+,ok DI+,52.73,8,2.5427404316144897,0.13154412910489102,2.5294028901745986,10.005568548453393,2.5802917825863414,1.2773152030705948,-1.2522996505640815,-2.480209987820503,-4.865273877742293,2.5794307329168658,1.277208405772866,-1.2521944844017328,-2.4793750474323315,-4.85869440938013,10.423408663923874,20.84681732784775,,,,,,
2026-10-02,ESCEB4,EDP ESPIRITO SANTO DISTRIBUICAO DE ENERGIA SA,EDP ESPIRITO SANTO DISTRIBUICAO DE ENERGIA SA,EDP,CVM FRE,DI_MAIS,N,Quirografária,S,EDP ESPIRITO SANTO DISTRIBUICAO DE ENERGIA SA,28152650000171,0.4685,0.0365,845.900087,2031-08-28,,,2.3481,ok DI+,ok DI+,46.85,10,2.34757314859533,-0.022437349545169523,2.336626055525194,9.669120774108762,2.385879672607527,1.1805119609438863,-1.156337267042029,-2.2891581793232585,-4.486775966563483,2.384971659395738,1.1803994287302328,-1.1562266267949612,-2.2882804516546504,-4.479869695568213,10.025138573033184,20.050277146066367,,,,,,
2026-10-02,ESCEB6,EDP ESPIRITO SANTO DISTRIBUICAO DE ENERGIA SA,EDP ESPIRITO SANTO DISTRIBUICAO DE ENERGIA SA,EDP,CVM FRE,DI_MAIS,N,Quirografária,S,EDP ESPIRITO SANTO DISTRIBUICAO DE ENERGIA SA,28152650000171,0.6054,0.0124,1043.441118,2032-06-11,,,3.663,ok DI+,ok DI+,60.540000000000006,12,3.661350297369582,-0.045036926847334416,3.6393178670027475,20.103181177511747,3.7421530289197813,1.8450749253964949,-1.7948113472892158,-3.5410311669951344,-6.894064331788796,3.739833772890307,1.8447879099732636,-1.7945299570294841,-3.5388019611151886,-6.87657211045526,8.317492757215414,16.634985514430827,,,,,,
2026-10-02,ESSDA2,ENERGISA SUL-SUDESTE - DISTRIBUICAO DE ENERGIA S.A,ENERGISA SUL-SUDESTE - DISTRIBUIDORA DE ENERGIA SA,Energisa,CVM FRE,DI_MAIS,N,Quirografária,S,ENERGISA SUL-SUDESTE - DISTRIBUIDORA DE ENERGIA SA,07282377000120,0.6105,0.05,1015.047089,2029-09-04,,,2.4543,ok DI+,ok DI+,61.050000000000004,6,2.4551370004884,0.03410343024080943,2.44023933932184,8.997020141759634,2.485946629358371,1.2314555632587654,-1.208961729537683,-2.3959558861127994,-4.706072537654493,2.4852244400306382,1.2313659448381196,-1.2088733944837204,-2.3952542386130418,-4.700538275808487,12.50901889340212,25.01803778680424,,,,,,
2026-10-02,EUFA17,EUROFARMA LABORATÓRIOS S/A,EUROFARMA LABORATORIOS S.A,Eurofarma Laboratorios,CVM FRE,DI_MAIS,N,Quirografária,S,EUROFARMA LABORATORIOS S.A,61190096000192,1.2192,0.0179,1007.82479,2031-03-18,,,2.763,ok DI+,ok DI+,121.92000000000002,9,2.7621434750276075,-0.03099981803808954,2.7288730547441666,11.46839800857625,2.7872671074874678,1.3789024490778123,-1.3502293371582375,-2.672549242358291,-5.236394051267867,2.786215044787048,1.3787720248828037,-1.3501010298613632,-2.6715310647012855,-5.228378149316809,22.338891834495772,44.677783668991545,,,,,,
2026-10-02,EUFA18,EUROFARMA LABORATÓRIOS S/A,EUROFARMA LABORATORIOS S.A,Eurofarma Laboratorios,CVM FRE,DI_MAIS,N,Quirografária,S,EUROFARMA LABORATORIOS S.A,61190096000192,0.969,0.0401,1007.558922,2028-09-11,,,1.7385,ok DI+,ok DI+,96.89999999999999,4,1.7395494561340785,0.06036561024323185,1.722854991268685,4.854138253018592,1.7474395935540121,0.8675341688340943,-0.8553983546615407,-1.6988907124141472,-3.3510495463159207,1.7471256825337778,0.8674951684506157,-0.8553598228180692,-1.698584300003592,-3.348627217476998,28.121925667303046,56.24385133460609,,,,,,
2026-10-02,EUFA19,EUROFARMA LABORATÓRIOS S/A,EUROFARMA LABORATORIOS S.A,Eurofarma Laboratorios,CVM FRE,DI_MAIS,N,Quirografária,S,EUROFARMA LABORATORIOS S.A,61190096000192,1.3351,0.2153,1031.53518,2031-12-16,,,3.1086,ok DI+,ok DI+,133.51,11,3.1096229759678695,0.032907931797899,3.068653384629679,14.64310869114906,3.143364744504451,1.552815867793278,-1.5162048059688238,-2.996880991375672,-5.855789243198506,3.141868928085424,1.5526305781787757,-1.5160228064509031,-2.9954378411739335,-5.844444595436377,21.753841712577746,43.50768342515549,,,,,,
2026-10-02,FENS12,FERROVIA NORTE SUL S/A,FERROVIA NORTE SUL S/A,VLI,CVM FRE,DI_MAIS,N,Quirografária,S,FERROVIA NORTE SUL S/A,09257877000137,0.4873,0.07,1074.25498,2031-03-22,,,3.2324,ok DI+,ok DI+,48.73,10,3.2369810755379396,0.14172365851811053,3.221283759776549,15.960308948578628,3.3027423691065927,1.6307975242207284,-1.590893095913326,-3.143080756001071,-6.1359267547894785,3.3010853045194426,1.6305922660739978,-1.5906914937025514,-3.1414822150336557,-6.123361340581526,7.56375464472901,15.12750928945802,,,,,,
2026-10-02,FISI15,FISIA COMERCIO DE PRODUTOS ESPORTIVOS S.A.,FISIA COMERCIO DE PRODUTOS ESPORTIVOS S.A.,Fisia Comercio,CVM FRE,DI_MAIS,N,Quirografária,S,FISIA COMERCIO DE PRODUTOS ESPORTIVOS S.A.,59546515000134,1.231,0.0446,1022.522381,2030-07-15,,,2.2718,ok DI+,ok DI+,123.10000000000001,8,2.273614370877618,0.07986490349583487,2.2459665229797374,8.281654969425844,2.288058567408635,1.133420156178877,-1.1127147564091833,-2.2052218101241805,-4.331530942181539,2.2873747978268666,1.1333353302016511,-1.1126311927780863,-2.2045582481326083,-4.326299946570958,27.404682736918645,54.80936547383729,,,,,,
2026-10-02,FLCLA4,ENERGISA MINAS RIO - DISTRIBUIDORA DE ENERGIA S.A.,ENERGISA MINAS RIO - DISTRIBUIDORA DE ENERGIA S.A.,Energisa,CVM FRE,DI_MAIS,N,Quirografária,S,ENERGISA MINAS RIO - DISTRIBUIDORA DE ENERGIA S.A.,19527639000158,0.5217,0.066,512.722851,2027-08-22,,,0.8434,ok DI+,ok DI+,52.17,2,0.8438251990900778,0.05041487907016431,0.8394458102977544,1.55520836906481,0.8472964760017243,0.42167619847703897,-0.4177880887879626,-0.8317429706645618,-1.6483675439237788,0.8472218521430785,0.4216669156102083,-0.41777889468754625,-0.8316697684524305,-1.647787453214213,31.074072536912844,62.14814507382569,,,,,,
2026-10-02,FLCLA8,ENERGISA MINAS RIO - DISTRIBUIDORA DE ENERGIA S.A.,ENERGISA MINAS RIO - DISTRIBUIDORA DE ENERGIA S.A.,Energisa,CVM FRE,DI_MAIS,N,Quirografária,S,ENERGISA MINAS RIO - DISTRIBUIDORA DE ENERGIA S.A.,19527639000158,,,,2029-12-15,,,,fora do escopo (não IPCA+ nem DI+),,,,,,,,,,,,,,,,,,,,,,,,,
2026-10-02,FLRY18,FLEURY S/A,FLEURY S/A,Fleury,inferido,DI_MAIS,N,Quirografária,S,FLEURY S/A,60840055000131,0.6299,0.1124,1075.413887,2028-10-23,,,1.3382,ok DI+,ok DI+,62.99,5,1.3420222053221338,0.2856228756638568,1.3336217220946593,3.475163437796537,1.3512142095185142,0.6711817374317475,-0.6624935111914421,-1.3164574910047855,-2.5994132150875426,1.350997539283642,0.6711548153445754,-0.662466906750084,-1.3162459049056767,-2.597740175433388,23.616142027540032,47.232284055080065,,,,,,
2026-10-02,FLRY19,FLEURY S/A,FLEURY S/A,Fleury,inferido,DI_MAIS,N,Quirografária,S,FLEURY S/A,60840055000131,0.4532,0.0905,1056.033297,2029-05-17,,,1.7858,ok DI+,ok DI+,45.31999999999999,6,1.7898233017527572,0.2252940840383645,1.7817484179227314,5.477758389372662,1.8095231234387832,0.8977693287728572,-0.8840743104418514,-1.7547355764995887,-3.4569108760982847,1.8091372098695946,0.8977214069480814,-0.8840270109746498,-1.7543596259758678,-3.453941668058009,12.717844883184114,25.435689766368228,,,,,,
2026-10-02,FLRY27,FLEURY S/A,FLEURY S/A,Fleury,inferido,DI_MAIS,N,Quirografária,S,FLEURY S/A,60840055000131,0.9012,0.0466,1083.241557,2029-04-22,,,2.059,ok DI+,ok DI+,90.11999999999999,6,2.0646948901591937,0.2765852432828341,2.0462540486725564,6.847403013194029,2.0809986133440095,1.0317492908659798,-1.0146299384750979,-2.0125110593256057,-3.9594601675876806,2.0804910637385268,1.0316862781027707,-1.0145677705697858,-2.012017033606586,-3.955560037081232,22.020726130868876,44.04145226173775,,,,,,
2026-10-02,FLRY29,FLEURY S/A,FLEURY S/A,Fleury,inferido,DI_MAIS,N,Quirografária,S,FLEURY S/A,60840055000131,0.6165,0.1068,1056.422219,2031-05-17,,,3.0648,ok DI+,ok DI+,61.650000000000006,10,3.068303436676848,0.11431208159905462,3.0495032491458636,14.332326618315303,3.1225938631035843,1.5428440873426874,-1.5070102114627004,-2.979221623011852,-5.823213264954474,3.1211648822374403,1.5426670328458258,-1.5068362163000377,-2.977841616054287,-5.812359965925421,10.108203691415573,20.216407382831147,,,,,,
2026-10-02,FLRYA0,FLEURY S/A,FLEURY S/A,Fleury,inferido,DI_MAIS,N,Quirografária,S,FLEURY S/A,60840055000131,0.4561,0.0642,1063.665557,2029-10-21,,,2.0802,ok DI+,ok DI+,45.61,7,2.085868179213506,0.272482415801645,2.076397729170758,7.150839351460763,2.112701697053665,1.047205650055294,-1.0293276014154196,-2.04117809160429,-4.013996655267704,2.112151925928062,1.047137413774705,-1.0292603153960531,-2.0406435324134544,-4.009778671312301,10.982963273181547,21.965926546363093,,,,,,
2026-10-02,FLRYA1,FLEURY S/A,FLEURY S/A,Fleury,inferido,DI_MAIS,N,Quirografária,S,FLEURY S/A,60840055000131,0.5027,0.009,1012.702895,2031-08-10,,,3.3289,ok DI+,ok DI+ aprox,50.27,,,,3.3122493226550134,,3.3122493226550134,1.6561246613275067,-1.6561246613275067,-3.3122493226550134,-6.624498645310027,3.3122493226550134,1.6561246613275067,-1.6561246613275067,-3.3122493226550134,-6.624498645310027,7.588498796899876,15.176997593799753,,,,,,
2026-10-02,FLRYB0,FLEURY S/A,FLEURY S/A,Fleury,inferido,DI_MAIS,N,Quirografária,S,FLEURY S/A,60840055000131,0.5692,0.0403,1063.613142,2031-10-21,,,3.2769,ok DI+,ok DI+,56.92,11,3.2812043004385307,0.13135281633650114,3.262633391175957,16.47362540014771,3.3467513742880595,1.6521254308300648,-1.6109374143125965,-3.181951840789321,-6.209046153838149,3.3450015181766957,1.6519087273381632,-1.610724663837794,-3.1802652641752185,-6.19579427434896,8.723014996711631,17.446029993423263,,,,,,
2026-10-02,FRAS15,FRAS-LE S/A,FRAS-LE S.A,Fras Le,CVM FRE,DI_MAIS,N,Quirografária,S,FRAS-LE S.A,88610126000129,1.0776,0.0762,1047.650785,2031-12-20,,,3.6562,ok DI+,ok DI+,107.75999999999999,11,3.6537967244736818,-0.0657315115780964,3.614843174426067,19.81730928041355,3.7161918992336673,1.8324732120569953,-1.7829245204402988,-3.5179320688640936,-6.850414574225927,3.7139297208281343,1.8321932238135503,-1.7826499506125164,-3.515756628023999,-6.8333401632438635,14.905210931745218,29.810421863490436,,,,,,
2026-10-02,FRAS16,FRAS-LE S/A,FRAS-LE S.A,Fras Le,CVM FRE,DI_MAIS,N,Quirografária,S,FRAS-LE S.A,88610126000129,1.0028,0.0245,1055.402999,2030-10-25,,,3.0131,ok DI+,ok DI+,100.27999999999999,9,3.018358372603775,0.17451702909876637,2.9883907897640216,13.7848189722303,3.0586565456969694,1.5115926921734246,-1.477127845103654,-2.920763539826743,-5.7112888393396455,3.0573148846251734,1.5114264185972988,-1.4769643711667229,-2.9194666949028703,-5.701085200083438,16.7782607856181,33.5565215712362,,,,,,
2026-10-02,GGBRA7,GERDAU S/A,GERDAU S/A,Gerdau,CVM FRE,DI_MAIS,N,Quirografária,S,GERDAU S/A,33611500000119,0.3873,0.0357,1054.00317,2029-05-29,,,2.1846,ok DI+,ok DI+,38.73,6,2.188770593130321,0.19090877644974308,2.1803261897972366,7.538364880986911,2.21859219167031,1.0996573243345908,-1.0808104342188485,-2.1431928914746545,-4.214293075042419,2.2180180142021713,1.0995860509998518,-1.0807401387973845,-2.142634365392302,-4.209885081974734,8.881698569057175,17.76339713811435,,,,,,
2026-10-02,GGBRA8,GERDAU S/A,GERDAU S/A,Gerdau,CVM FRE,DI_MAIS,N,Quirografária,S,GERDAU S/A,33611500000119,0.4028,0.0129,1046.61103,2028-12-10,,,1.8679,ok DI+,ok DI+,40.28,5,1.8712124697454564,0.1773365675601753,1.863705464135917,5.6883401948943115,1.8925392356640147,0.9390118522296431,-0.9247903856592798,-1.835645972866351,-3.616663764015593,1.8921471651103885,0.9389631573115764,-0.9247423068243407,-1.8352637631614457,-3.613644124373948,10.806428584109804,21.61285716821961,,,,,,
2026-10-02,GGBRA9,GERDAU S/A,GERDAU S/A,Gerdau,CVM FRE,DI_MAIS,N,Quirografária,S,GERDAU S/A,33611500000119,0.5,0.0,1053.066488,2032-06-04,,,3.8906,ok DI+,ok DI+,50.0,12,3.887693789678892,-0.07469825531043896,3.8683520295312364,22.70643419205803,3.98464532658529,1.962900602195372,-1.906127527757695,-3.7574691039190644,-7.303346000839895,3.9818842004915265,1.9625590575056906,-1.9057929720255458,-3.7548198585709467,-7.282575375221311,6.46270034607721,12.92540069215442,,,,,,
2026-10-02,GRRB16,AGUAS GUARIROBA S/A,AGUAS GUARIROBA  S/A,Aegea,CVM FRE,DI_MAIS,N,Quirografária,S,AGUAS GUARIROBA  S/A,04089570000150,2.2495,0.0011,989.461308,2029-08-12,,,2.376,ok DI+,ok DI+,224.95,6,2.3773698232621907,0.05765249419995021,2.325067431393005,8.293168266886862,2.367179474437786,1.1729803806280747,-1.1522463419049944,-2.2842298950130457,-4.48922910917976,2.3665332727274393,1.1729001760301112,-1.1521672553628939,-2.283601590058571,-4.484271497448273,48.3749410797146,96.7498821594292,,,,,,
2026-10-02,GSHC15,GSH CORP PARTICIPACOES S.A.,GSH CORP PARTICIPACOES S.A.,Gsh Corp,CVM FRE,DI_MAIS,N,Quirografária,S,GSH CORP PARTICIPACOES S.A.,08397078000101,1.4073,0.1066,1073.777941,2029-04-22,,,1.299,ok DI+,ok DI+,140.73000000000002,6,1.3026515656434199,0.28110590018629344,1.284573759131167,3.5889813981580514,1.3027585734809666,0.6468029044027546,-0.6378300774633527,-1.2668627813615219,-2.4992162615929514,1.3025186661219572,0.6467731063132811,-0.6378006528178859,-1.2666288521403768,-2.4973678902991727,54.77692464120705,109.5538492824141,,,,,,
2026-10-02,GSHC17,GSH CORP PARTICIPACOES S.A.,GSH CORP PARTICIPACOES S.A.,Gsh Corp,CVM FRE,DI_MAIS,N,Real,S,GSH CORP PARTICIPACOES S.A.,08397078000101,2.8243,0.1168,1002.096896,2030-09-15,,,1.8333,ok DI+,ok DI+,282.43,8,1.8336521058883257,0.01920612492913289,1.7832867385319673,6.054416934640034,1.814035727923713,0.8992705680113566,-0.884133673164067,-1.7534779115655819,-3.44913880391009,1.8135588232051678,0.8992113904342838,-0.8840753480976836,-1.753014653858767,-3.4454851383711342,79.18805032793024,158.37610065586048,,,,,,
2026-10-02,GUAR17,GUARARAPES CONFECCOES S/A,GUARARAPES CONFECCOES S.A..,Guararapes Confeccoes,inferido,DI_MAIS,N,Quirografária,S,GUARARAPES CONFECCOES S.A..,08402943000152,1.0017,0.0302,1067.947907,2028-10-15,,,1.3176,ok DI+,ok DI+,100.17,5,1.3217217578702845,0.3128231534824186,1.3086133776662021,3.376536688245719,1.3257048697168594,0.6585533060153859,-0.6501116604881174,-1.2919346382452068,-2.551308765034377,1.3254960611074307,0.6585273596934083,-0.6500860179727939,-1.2917306942249736,-2.5496960215674895,38.27333638398396,76.54667276796792,,,,,,
2026-10-02,HAPV15,HAPVIDA PARTICIPACOES E INVESTIMENTOS S/A,HAPVIDA PARTICIPACOES E INVESTIMENTOS S.A.,Hapvida Investimentos,CVM FRE,DI_MAIS,N,Quirografária,S,HAPVIDA PARTICIPACOES E INVESTIMENTOS S.A.,05197443000138,10.2495,0.486,847.774935,2030-01-27,,,2.51,ok DI+,ok DI+,1024.9499999999998,8,2.5132720270422064,0.1303596431158023,2.279622154333767,8.23716332742286,2.3214511130244198,1.1501873608931623,-1.129593348696467,-2.239061810121157,-4.3994368241871085,2.3208079709708813,1.150107531326162,-1.129514623007605,-2.2384363376966525,-4.394501042119076,224.806992257791,449.613984515582,,,,,,
2026-10-02,HAPV17,HAPVIDA PARTICIPACOES E INVESTIMENTOS S/A,HAPVIDA PARTICIPACOES E INVESTIMENTOS S.A.,Hapvida Investimentos,CVM FRE,DI_MAIS,N,Quirografária,S,HAPVIDA PARTICIPACOES E INVESTIMENTOS S.A.,05197443000138,10.3491,0.5531,855.167057,2031-05-10,,,2.5419,ok DI+,ok DI+,1034.91,10,2.547538647049528,0.22182804396427827,2.308617512104338,8.931454980303297,2.354030778736682,1.165566854164668,-1.1432368086467748,-2.264693690018116,-4.444387100250935,2.3532747870058546,1.1654730747775481,-1.14314443732679,-2.2639602372028214,-4.43860592460261,224.14063710724102,448.28127421448204,,,,,,
2026-10-02,HAPV18,HAPVIDA PARTICIPACOES E INVESTIMENTOS S/A,HAPVIDA PARTICIPACOES E INVESTIMENTOS S.A.,Hapvida Investimentos,CVM FRE,DI_MAIS,N,Quirografária,S,HAPVIDA PARTICIPACOES E INVESTIMENTOS S.A.,05197443000138,9.8728,0.2691,810.152248,2031-10-15,,,3.1923,ok DI+,ok DI+,987.28,11,3.198956334823185,0.20851219569542875,2.9115088855687534,14.037604933051465,2.983120247566662,1.4734777981596503,-1.4383807260339165,-2.842695218889202,-5.553073700153943,2.9816969102340103,1.473301448950691,-1.4382074366180622,-2.841320860903496,-5.542265672476477,169.5478253378468,339.0956506756936,,,,,,
2026-10-02,HAPV19,HAPVIDA PARTICIPACOES E INVESTIMENTOS S/A,HAPVIDA PARTICIPACOES E INVESTIMENTOS S.A.,Hapvida Investimentos,CVM FRE,DI_MAIS,N,Quirografária,S,HAPVIDA PARTICIPACOES E INVESTIMENTOS S.A.,05197443000138,9.8292,0.2007,781.100362,2032-05-16,,,3.446,ok DI+,ok DI+,982.9200000000001,12,3.448090241049704,0.06065702407729768,3.1395022826804744,16.260567458294023,3.2225741436871402,1.5902959005004158,-1.5496404326832414,-3.0599036484988407,-5.9671802791772315,3.2208051199719443,1.590076850663105,-1.5494254320173697,-3.0581994453890045,-5.953793216195068,156.54073663561618,313.08147327123237,,,,,,
2026-10-02,HAPV28,HAPVIDA PARTICIPACOES E INVESTIMENTOS S/A,HAPVIDA PARTICIPACOES E INVESTIMENTOS S.A.,Hapvida Investimentos,CVM FRE,DI_MAIS,N,Quirografária,S,HAPVIDA PARTICIPACOES E INVESTIMENTOS S.A.,05197443000138,9.6795,0.2654,793.850719,2032-10-15,,,3.505,ok DI+,ok DI+,967.95,13,3.5094966822163878,0.12829335852747167,3.199774508651469,17.38711012246727,3.2886944626856485,1.6218667553869137,-1.5783942366261017,-3.114747425772435,-6.066786324438955,3.286710059263805,1.621621141978819,-1.5781533666726504,-3.112838958039133,-6.051806814853593,151.25284569004495,302.5056913800899,,,,,,
2026-10-02,HAPVA0,HAPVIDA PARTICIPACOES E INVESTIMENTOS S/A,HAPVIDA PARTICIPACOES E INVESTIMENTOS S.A.,Hapvida Investimentos,CVM FRE,DI_MAIS,N,Quirografária,S,HAPVIDA PARTICIPACOES E INVESTIMENTOS S.A.,05197443000138,9.9604,0.1955,771.039371,2033-10-15,,,3.6162,ok DI+,ok DI+,996.04,15,3.6198933871540873,0.10213448244254134,3.291997289164178,18.747033965783817,3.387985503759916,1.6697111563688694,-1.622837912356756,-3.200424569533611,-6.22601053418218,3.3857324589930973,1.6694324370393188,-1.6225648521248592,-3.1982621193352587,-6.209053899012679,151.2820200791978,302.5640401583956,,,,,,
2026-10-02,HBSA14,HIDROVIAS DO BRASIL S.A.,HIDROVIAS DO BRASIL S.A.,Hidrovias do Brasil,CVM FRE,DI_MAIS,N,Quirografária,S,HIDROVIAS DO BRASIL S.A.,12648327000153,0.5486,0.0032,1043.390579,2028-06-11,,,1.491,ok DI+,ok DI+,54.85999999999999,4,1.4936707185721438,0.17912264065350353,1.4855211495457359,3.862768112936475,1.50507038982155,0.747618289082852,-0.7379610332188147,-1.4664373365901096,-2.8956063734142945,1.5048349901104183,0.7475890349140386,-0.7379321146316974,-1.4662073089810534,-2.893786936832742,18.464900353918182,36.929800707836364,,,,,,
2026-10-02,HBSA24,HIDROVIAS DO BRASIL S.A.,HIDROVIAS DO BRASIL S.A.,Hidrovias do Brasil,CVM FRE,DI_MAIS,N,Quirografária,S,HIDROVIAS DO BRASIL S.A.,12648327000153,0.6008,0.0029,1050.257132,2031-06-11,,,3.4093,ok DI+,ok DI+,60.080000000000005,10,3.4096696590022004,0.010842665714382093,3.38930670432263,17.335481884807457,3.477837712091736,1.7165522520405707,-1.6732093529587377,-3.304415750397971,-6.445939963427804,3.4759841137466676,1.7163227045173244,-1.672983999805306,-3.302629294898593,-6.431903770949112,8.863169556678892,17.726339113357785,,,,,,
2026-10-02,HGLB13,HIGHLINE DO BRASIL II INFRAESTRUTURA DE TELECOMUNICACOES S.A,HIGHLINE DO BRASIL II INFRAESTRUTURA DE TELECOMUNICACOES S.A,Highline Brasil,inferido,DI_MAIS,N,Quirografária,S,HIGHLINE DO BRASIL II INFRAESTRUTURA DE TELECOMUNICACOES S.A,27902165000105,2.817,0.1324,1084.772869,2034-10-15,,,3.4312,ok DI+,ok DI+,281.7,17,3.4321984272164494,0.02909848497462644,3.338162392616444,19.25576673725164,3.436853441474219,1.693449120195889,-1.645303279925736,-3.244192939791024,-6.309296791304186,3.434441226302702,1.6931509047297868,-1.6450114878866575,-3.241883558930186,-6.291209450487855,42.19387298579028,84.38774597158056,,,,,,
2026-10-02,HSPE15,HOSPITAL ESPERANÇA S/A,HOSPITAL ESPERANCA S/A,Hospital Esperanca,inferido,DI_MAIS,N,Quirografária,S,HOSPITAL ESPERANCA S/A,02284062000106,1.2223,0.0743,1060.612104,2034-11-25,,,4.7098,ok DI+,ok DI+,122.22999999999999,17,4.698214605373966,-0.2459848534127617,4.6414817736545855,34.49212969786167,4.819267240144032,2.36451299745013,-2.278265963110182,-4.4740784045315785,-8.632579532078232,4.813942422143894,2.36385604894962,-2.277625724704966,-4.469021125165278,-8.593120953351937,13.167131312869422,26.334262625738845,,,,,,
2026-10-02,HYPEA6,HYPERA S/A,HYPERA S/A,Hypera,CVM FRE,DI_MAIS,N,Quirografária,S,HYPERA S/A,02932074000191,0.6939,0.0664,1081.671246,2028-10-10,,,1.303,ok DI+,ok DI+,69.39,5,1.3071782522635917,0.3206640263692869,1.29817024890643,3.347189124388759,1.315113269377144,0.6532948416702045,-0.6449265670140703,-1.281636548333831,-2.5309960089666683,1.3149061945283738,0.653269110858701,-0.644901138047729,-1.2814343032844862,-2.5293967153250847,26.72607851645563,53.45215703291126,,,,,,
2026-10-02,HYPEA7,HYPERA S/A,HYPERA S/A,Hypera,CVM FRE,DI_MAIS,N,Quirografária,S,HYPERA S/A,02932074000191,0.6877,0.0571,1054.960752,2028-12-15,,,1.479,ok DI+,ok DI+,68.77,5,1.4815127140941915,0.16989277175060202,1.4713939379826846,3.999155867950355,1.491646868922647,0.7407278611642809,-0.7307295852921558,-1.4516491295455514,-2.8647886569960868,1.4913897173224364,0.7406959138262803,-0.7306980241564043,-1.4513981586429328,-2.8628047586063623,23.368996644870396,46.73799328974079,,,,,,
2026-10-02,HYPEA8,HYPERA S/A,HYPERA S/A,Hypera,CVM FRE,DI_MAIS,N,Quirografária,S,HYPERA S/A,02932074000191,0.4803,0.0462,1068.238867,2029-05-03,,,1.741,ok DI+,ok DI+,48.03,6,1.745482801319764,0.257484280285122,1.7371393211602317,5.2792679679427135,1.7639043168991453,0.8752145265610078,-0.8620157660037098,-1.7111021850653274,-3.371530483553453,1.763535660999945,0.8751687455400441,-0.8619705756201874,-1.7107429813205177,-3.3686932829616087,13.824452482003823,27.648904964007645,,,,,,
2026-10-02,HYPEA9,HYPERA S/A,HYPERA S/A,Hypera,CVM FRE,DI_MAIS,N,Quirografária,S,HYPERA S/A,02932074000191,0.5093,0.0179,1040.661342,2030-01-15,,,2.2955,ok DI+,ok DI+,50.92999999999999,7,2.297578346811951,0.09054004844045904,2.2859360743851074,8.274671760055037,2.327971912753979,1.1533935824484365,-1.1327057196992785,-2.245206252753018,-4.411454263038539,2.3273094331853827,1.1533113768926224,-1.132624697492485,-2.244562715584832,-4.406378713569114,11.139856571382824,22.279713142765647,,,,,,
2026-10-02,HYPEB1,HYPERA S/A,HYPERA S/A,Hypera,CVM FRE,DI_MAIS,N,Quirografária,S,HYPERA S/A,02932074000191,0.6277,0.022,1051.391534,2030-12-15,,,3.1513,ok DI+,ok DI+,62.77,9,3.152925525004483,0.0515826803060073,3.133258064135902,14.837940610110104,3.2089274806870405,1.5853598057648188,-1.5482618002835125,-3.0604975870525686,-5.980998527709636,3.2074477671864527,1.5851764578305887,-1.5480816063053133,-3.0590683610853513,-5.969757316069602,10.01672998443409,20.03345996886818,,,,,,
2026-10-02,HYPEC0,HYPERA S/A,HYPERA S/A,Hypera,CVM FRE,DI_MAIS,N,Quirografária,S,HYPERA S/A,02932074000191,0.5688,0.0402,1023.080069,2030-08-15,,,2.7184,ok DI+,ok DI+,56.879999999999995,8,2.7188743981505934,0.0174513739918139,2.703496907739372,11.09319182638423,2.7599470276129523,1.3657369859526591,-1.338002094998525,-2.648984511842445,-5.192641338261117,2.758962866871293,1.3656149436526663,-1.3378819640867057,-2.6480309486074507,-5.18512997895106,10.519708721909042,21.039417443818085,,,,,,
2026-10-02,IEAS11,INTERLIGACAO ELETRICA AIMORES S.A,INTERLIGACAO ELETRICA AIMORES S.A,ISA,inferido,DI_MAIS,N,Quirografária,S,INTERLIGACAO ELETRICA AIMORES S.A,26707830000147,0.7372,0.0376,1035.948556,2030-06-15,,,2.8708,ok DI+,ok DI+,73.72,8,2.873650931137145,0.09930789804741484,2.8526214061311466,12.344828947939668,2.9154815699993675,1.4418825845523786,-1.4110182509601388,-2.7919970844890396,-5.467006347159231,2.914345550870845,1.4417417392504979,-1.4108796668806485,-2.790897261391448,-5.4583462333035,12.921448293410652,25.842896586821304,,,,,,
2026-10-02,IEPS11,INTERLIGACAO ELETRICA PARAGUACU S.A,INTERLIGACAO ELETRICA PARAGUACU S.A,ISA,inferido,DI_MAIS,N,Quirografária,S,INTERLIGACAO ELETRICA PARAGUACU S.A,26712591000113,0.7372,0.0376,1035.948556,2030-06-15,,,2.8708,ok DI+,ok DI+,73.72,8,2.873650931137145,0.09930789804741484,2.8526214061311466,12.344828947939668,2.9154815699993675,1.4418825845523786,-1.4110182509601388,-2.7919970844890396,-5.467006347159231,2.914345550870845,1.4417417392504979,-1.4108796668806485,-2.790897261391448,-5.4583462333035,12.921448293410652,25.842896586821304,,,,,,
2026-10-02,IGTAA3,IGUATEMI EMPRESA DE SHOPPING CENTERS S/A,IGUATEMI EMPRESA DE SHOPPING CENTERS S.A,Iguatemi Empresa,CVM FRE,DI_MAIS,N,Quirografária,S,IGUATEMI EMPRESA DE SHOPPING CENTERS S.A,51218147000193,0.457,0.013,1004.543388,2030-09-20,,,2.8271,ok DI+,ok DI+,45.7,8,2.8266844570612784,-0.014698558194680536,2.8138252755520057,11.81426178858325,2.8739647542189717,1.421812907912967,-1.392275145993438,-2.755788401914261,-5.399511724012751,2.8728965844949217,1.4216804650117318,-1.3921448105402736,-2.754753966609089,-5.3913653153323455,8.120617935496146,16.24123587099229,,,,,,
2026-10-02,IGTAB0,IGUATEMI EMPRESA DE SHOPPING CENTERS S/A,IGUATEMI EMPRESA DE SHOPPING CENTERS S.A,Iguatemi Empresa,CVM FRE,DI_MAIS,N,Quirografária,N,IGUATEMI EMPRESA DE SHOPPING CENTERS S.A,51218147000193,0.2776,0.0202,511.415595,2027-09-28,,,0.9408,ok DI+,ok DI+,27.76,2,0.9411463004782789,0.03680914947692204,0.9385409109095939,1.8332823177190944,0.9477985103978792,0.47157340018655347,-0.4669900829376683,-0.9294639024020279,-1.841124466101507,0.9477073224981893,0.47156205835194576,-0.46697885255764804,-0.9293744993209982,-1.8404161754648058,14.78891312958121,29.57782625916242,,,,,,
2026-10-02,INEL12,INSPIRALI EDUCACAO S/A,INSPIRALI EDUCACAO S/A,Inspirali Educacao,CVM FRE,DI_MAIS,N,Quirografária,S,INSPIRALI EDUCACAO S/A,35822503000127,1.2532,0.0247,1064.93223,2029-05-15,,,1.3626,ok DI+,ok DI+,125.32000000000002,6,1.3656397585718423,0.22308517333349798,1.3487373817043238,3.8202755432398927,1.3680970554464045,0.6791761153345233,-0.6696250203733323,-1.3298877999962877,-2.6230585548178142,1.3678387594205232,0.6791440352812117,-0.669593346423112,-1.3296360039881243,-2.6210692525438497,46.45826596784919,92.91653193569837,,,,,,
2026-10-02,IOCHA3,IOCHPE-MAXION S/A,IOCHPE-MAXION S/A,Iochpe Maxion,inferido,DI_MAIS,N,Quirografária,S,IOCHPE-MAXION S/A,61156113000175,1.2904,0.0756,1006.493877,2030-04-02,,,2.1222,ok DI+,ok DI+,129.04,7,2.122592784307893,0.018508354909670333,2.0955517840860467,7.260441630643598,2.132424887950468,1.0569222884654783,-1.0387701710369068,-2.0598042500879155,-4.050269827172858,2.1318539922392645,1.0568514440813277,-1.0387003400047188,-2.0592495759328284,-4.045894735559221,30.789026780428493,61.578053560856986,,,,,,
2026-10-02,IOCHA4,IOCHPE-MAXION S/A,IOCHPE-MAXION S/A,Iochpe Maxion,inferido,DI_MAIS,N,Quirografária,S,IOCHPE-MAXION S/A,61156113000175,1.1827,0.0716,1074.872128,2028-10-10,,,1.3012,ok DI+,ok DI+,118.27000000000001,5,1.3053475623345372,0.3187490266321304,1.2900896717863204,3.3087243109189326,1.306836929180033,0.6492060455181248,-0.6409339394273128,-1.2737449602426731,-2.515577868360719,1.3066332933409153,0.6491807412818089,-0.6409089305045116,-1.2735460502317257,-2.5140048573542626,45.83789894086883,91.67579788173767,,,,,,
2026-10-02,IOCHA5,IOCHPE-MAXION S/A,IOCHPE-MAXION S/A,Iochpe Maxion,inferido,DI_MAIS,N,Quirografária,S,IOCHPE-MAXION S/A,61156113000175,1.2967,0.0506,1029.857993,2030-02-05,,,2.3356,ok DI+,ok DI+,129.67,7,2.336981891011906,0.059166424554970426,2.3070661640625074,8.378158558492661,2.3496287601405763,1.164089142605551,-1.1431425460189493,-2.265827961740774,-4.45171609038344,2.3489569568549706,1.1640057802293695,-1.1430603838331377,-2.265175371270044,-4.446569156955162,28.10279176641913,56.20558353283826,,,,,,
2026-10-02,IOCHA6,IOCHPE-MAXION S/A,IOCHPE-MAXION S/A,Iochpe Maxion,inferido,DI_MAIS,N,Quirografária,S,IOCHPE-MAXION S/A,61156113000175,1.3487,0.1114,1052.354162,2030-06-04,,,2.4856,ok DI+,ok DI+,134.87,8,2.489147019237338,0.1427027372601438,2.456022641866485,9.55790087758261,2.504623260394978,1.2400593105218682,-1.2161630405849055,-2.4090199569647197,-4.727088674001667,2.503812146254398,1.2399586970302205,-1.2160639448362642,-2.4082331374785717,-4.720887266181317,27.456994430943823,54.913988861887645,,,,,,
2026-10-02,IOCHA7,IOCHPE-MAXION S/A,IOCHPE-MAXION S/A,Iochpe Maxion,inferido,DI_MAIS,N,Quirografária,S,IOCHPE-MAXION S/A,61156113000175,1.306,0.0518,1045.372186,2030-07-07,,,2.8838,ok DI+,ok DI+,130.6,8,2.8855552489150584,0.060865833797715374,2.848355723170452,12.32424644588385,2.9111119972751176,1.4397238930619283,-1.4089110163627794,-2.787833346249591,-5.458878924979804,2.909976955399871,1.4395831696425807,-1.4087725535278712,-2.7867344909410328,-5.450226517423227,22.925507326492134,45.85101465298427,,,,,,
2026-10-02,IPIPA6,IPIRANGA PRODUTOS DE PETRÓLEO S/A,IPIRANGA  PRODUTOS DE PETROLEO S.A.,Ipiranga Produtos,inferido,DI_MAIS,N,Quirografária,S,IPIRANGA  PRODUTOS DE PETROLEO S.A.,33337122000127,0.5001,0.0113,1056.757564,2030-11-19,,,2.7904,ok DI+,ok DI+,50.010000000000005,9,2.79460889590696,0.15083485905103003,2.7807026021933905,12.01647200473378,2.8418991239237634,1.4055100121496578,-1.3754665871941407,-2.7216984681603384,-5.329564191154878,2.8407849622170596,1.4053718911026125,-1.375330711090778,-2.7206202421697214,-5.321075764292106,8.992331643188418,17.984663286376836,,,,,,
2026-10-02,ISAEB1,ISA ENERGIA BRASIL S.A.,ISA ENERGIA BRASIL S.A.,ISA,CVM FRE,DI_MAIS,N,Quirografária,S,ISA ENERGIA BRASIL S.A.,02998611000104,0.5145,0.0333,1031.607654,2030-01-15,,,2.6451,ok DI+,ok DI+,51.449999999999996,7,2.6471466717647774,0.07737596933112452,2.6335968161457077,10.505016673145544,2.687023262542332,1.3300414841657116,-1.303777249845861,-2.581946002139013,-5.06398357277792,2.6861218995114355,1.3299296789142858,-1.303667137231422,-2.5810717327799804,-5.057093298828505,9.768009986300319,19.536019972600638,,,,,,
2026-10-02,ISAEB3,ISA ENERGIA BRASIL S.A.,ISA ENERGIA BRASIL S.A.,ISA,CVM FRE,DI_MAIS,N,Quirografária,S,ISA ENERGIA BRASIL S.A.,02998611000104,0.4434,0.0294,1029.638363,2030-07-15,,,2.9582,ok DI+,ok DI+,44.34,8,2.959378705251002,0.039845353627271436,2.946314745668707,12.978707084995,3.0124215531601717,1.4895311627204366,-1.4570819470615004,-2.882595297399426,-5.642298225821962,3.011208281093682,1.4893807566905972,-1.4569339889781097,-2.8814212102437318,-5.633055349637514,7.524654327101843,15.049308654203687,,,,,,
2026-10-02,ISAEC1,ISA ENERGIA BRASIL S.A.,ISA ENERGIA BRASIL S.A.,ISA,CVM FRE,DI_MAIS,N,Quirografária,S,ISA ENERGIA BRASIL S.A.,02998611000104,0.5205,0.0619,1033.407121,2031-01-15,,,3.2469,ok DI+,ok DI+,52.05,9,3.246703732324744,-0.006044771174229126,3.229892143716699,15.536122387823799,3.3091434720083024,1.6345608281616242,-1.5957171349277988,-3.1537280261859646,-6.160987058758371,3.307572755655818,1.6343662248431294,-1.5955259188735698,-3.15221153177758,-6.149061839676922,8.057544599632521,16.115089199265043,,,,,,
2026-10-02,ISAED1,ISA ENERGIA BRASIL S.A.,ISA ENERGIA BRASIL S.A.,ISA,CVM FRE,DI_MAIS,N,Quirografária,S,ISA ENERGIA BRASIL S.A.,02998611000104,0.5918,0.0309,1043.368103,2035-01-15,,,4.7284,ok DI+,ok DI+,59.18,17,4.726874456433897,-0.032263420313474955,4.699065387470845,34.229245973011786,4.875399674259873,2.3929594436530532,-2.307370267841835,-4.532850071853412,-8.752031696116692,4.870211617335904,2.392319251201687,-2.3067461362691577,-4.527919157605786,-8.713545855481453,6.29699686216243,12.59399372432486,,,,,,
2026-10-02,ISPE12,IGUA SERGIPE S.A.,IGUA SERGIPE S.A.,Iguá,CVM FRE,DI_MAIS,N,Real,S,IGUA SERGIPE S.A.,58070452000120,2.4996,0.0011,1055.361401,2029-06-01,,,2.1369,ok DI+,ok DI+,249.96,6,2.140815280349463,0.1832224413619408,2.0886084241786924,7.042217200815571,2.124343863410849,1.053172081871634,-1.0355656646027112,-2.053907697704327,-4.040401496726453,2.12381951018277,1.0531069835903657,-1.0355014405883267,-2.0533973381746145,-4.036372504341073,59.838885333015995,119.67777066603199,,,,,,
2026-10-02,ISPE13,IGUA SERGIPE S.A.,IGUA SERGIPE S.A.,Iguá,CVM FRE,DI_MAIS,N,Real,S,IGUA SERGIPE S.A.,58070452000120,2.5729,0.1026,1053.750665,2029-06-01,,,2.1363,ok DI+,ok DI+,257.29,6,2.1403327118755335,0.18877085968888582,2.0866454120684246,7.03026261540255,2.122319798043404,1.0521754739094114,-1.0345989460520677,-2.0520032231093666,-4.036704847980122,2.1217967251454373,1.0521105343034654,-1.034534877764959,-2.0514940989914114,-4.032685571828798,61.6515864439461,123.3031728878922,,,,,,
2026-10-02,ITSA17,ITAUSA S/A,ITAUSA S/A,Itausa,CVM FRE,DI_MAIS,N,Quirografária,S,ITAUSA S/A,61532644000115,0.4713,0.0376,1046.032807,2034-07-25,,,4.5857,ok DI+,ok DI+,47.13,8,4.5748953856625745,-0.23561537687649942,4.553435046289413,30.566266028210578,4.710535775637847,2.3154526786612006,-2.2390247164856603,-4.404676241308858,-8.527385599992222,4.706266376430466,2.3149253556799696,-2.238509690609443,-4.4006037161483595,-8.495544772014615,5.175213824385852,10.350427648771705,,,,,,
2026-10-02,ITSA18,ITAUSA S/A,ITAUSA S/A,Itausa,CVM FRE,DI_MAIS,N,Quirografária,S,ITAUSA S/A,61532644000115,0.4721,0.0374,1013.817197,2035-09-12,,,4.9213,ok DI+,ok DI+,47.21,9,4.904824619109513,-0.3347770079143102,4.881777746368905,35.00271048385875,5.062030239634474,2.485288790531026,-2.397765906463134,-4.711745240221932,-9.102385216123754,5.056791298788199,2.484642261289276,-2.397135485079629,-4.706764193949612,-9.063501283060635,4.835328690978924,9.670657381957849,,,,,,
2026-10-02,JHSFA1,JHSF PARTICIPAÇÕES S/A,JHSF PARTICIPACOES S/A,Jhsf,CVM FRE,DI_MAIS,N,Quirografária,S,JHSF PARTICIPACOES S/A,08294224000165,0.6073,0.0613,230.359045,2027-01-21,,,0.1661,ok DI+,ok DI+,60.73,2,0.16624219122072847,0.08560579213032932,0.16523869661617843,0.20647674897816706,0.16627888532674273,0.0828784159096374,-0.08236221609544403,-0.16421399181646423,-0.32640880041722165,0.1662710803610693,0.08287744424431194,-0.08236125237186652,-0.16420631287128762,-0.32634785825279355,183.76446087887487,367.52892175774974,,,,,,
2026-10-02,JHSFA3,JHSF PARTICIPAÇÕES S/A,JHSF PARTICIPACOES S/A,Jhsf,CVM FRE,DI_MAIS,N,Quirografária,S,JHSF PARTICIPACOES S/A,08294224000165,1.1622,0.0541,632.114215,2027-12-20,,,0.5859,ok DI+,ok DI+,116.21999999999998,15,0.5862257728464143,0.0556021243240023,0.5794909292664793,1.0319916946650687,0.5846998394215319,0.29104154375199087,-0.28846150633276,-0.5743789924112397,-1.1387225851685057,0.5846508877398046,0.29103545425157096,-0.28845547501490826,-0.5743309707931539,-1.1383420246396572,100.27766970150118,200.55533940300236,,,,,,
2026-10-02,JSLGA5,JSL S/A,JSL S.A,Simpar,CVM FRE,DI_MAIS,N,Quirografária,S,JSL S.A,52548435000179,2.75,0.1974,1074.746796,2028-10-20,,,0.8866,ok DI+,ok DI+,275.0,5,0.8891963158646898,0.2928395967392037,0.8653978743208659,2.17523433338411,0.8764060322521416,0.4354343822482898,-0.42999610743631456,-0.8546506649324548,-1.6883110653827527,0.8762740459877865,0.4354179800771631,-0.4299798942437028,-0.8545217026539453,-1.6872910619740495,158.8864545200151,317.7729090400302,,,,,,
2026-10-02,JSMLA5,SIMPAR S.A.,SIMPAR S.A.,Simpar,CVM FRE,DI_MAIS,N,Quirografária,S,SIMPAR S.A.,07415333000120,4.0452,0.0688,1023.742764,2031-01-15,,,2.4983,ok DI+,ok DI+,404.52000000000004,9,2.4996492265470263,0.05400578581540625,2.4024647235499828,9.388548766609537,2.4502173751180356,1.2130684960855342,-1.1895955790038104,-2.356307154023274,-4.62334511739958,2.4494074673830304,1.2129680477332534,-1.1894966758167294,-2.355521979716935,-4.617158471767775,84.18854105009798,168.37708210019596,,,,,,
2026-10-02,KRSA12,KORA SAUDE PARTICIPACOES S.A.,KORA SAUDE PARTICIPACOES S.A.,Kora Saude,CVM FRE,DI_MAIS,N,Real,S,KORA SAUDE PARTICIPACOES S.A.,13270520000166,,,,2030-10-30,,,,fora do escopo (não IPCA+ nem DI+),,,,,,,,,,,,,,,,,,,,,,,,,
2026-10-02,LCAMC2,COMPANHIA DE LOCAÇÃO DAS AMÉRICAS,LOCALIZA RENT A CAR S/A,Localiza,inferido,DI_MAIS,N,Quirografária,S,LOCALIZA RENT A CAR S/A,16670085000155,1.5874,0.092,1083.265196,2031-05-20,,,2.6955,ok DI+,ok DI+,158.73999999999998,10,2.6990136422212356,0.1303521506672463,2.6568389802487666,11.408074848948974,2.714945612529318,1.3428117503860637,-1.3142893847858272,-2.600829992455833,-5.0936343449980885,2.7138793544935114,1.3426795836855696,-1.3141593965631972,-2.599798606004022,-5.0855164635185535,29.873846548490636,59.74769309698127,,,,,,
2026-10-02,LETS18,LETS RENT A CAR S/A,LETS RENT A CAR S/A,Isolada (a identificar),,DI_MAIS,N,Quirografária,S,LETS RENT A CAR S/A,00873894000124,1.2681,0.0529,1069.594088,2031-10-15,,,2.9308,ok DI+,ok DI+ aprox,126.81,,,,2.8940999189280734,,2.8940999189280734,1.4470499594640367,-1.4470499594640367,-2.8940999189280734,-5.788199837856147,2.8940999189280734,1.4470499594640367,-1.4470499594640367,-2.8940999189280734,-5.788199837856147,21.908365908625626,43.81673181725125,,,,,,
2026-10-02,LMTP18,LM TRANSPORTES INTERESTADUAIS SERVIÇOS E COMÉRCIOS S.A.,LM TRANSPORTES INTERESTADUAIS SERVICOS E COMERCIO S.A.,Isolada (a identificar),,DI_MAIS,N,Quirografária,S,LM TRANSPORTES INTERESTADUAIS SERVICOS E COMERCIO S.A.,00389481000179,1.5275,0.0482,1050.234696,2026-12-10,,,0.1825,ok DI+,ok DI+,152.75,1,0.18253968253968253,0.0217438573602926,0.17979333928214775,0.2094140307968926,0.1808479713329536,0.09015937865175516,-0.08963583640155814,-0.17875371412739982,-0.35545749754444245,0.18084040943613222,0.09015843717956999,-0.08963490210257775,-0.17874626912816327,-0.35539839794835765,424.79326711956526,849.5865342391305,,,,,,
2026-10-02,LMTP26,LM TRANSPORTES INTERESTADUAIS SERVIÇOS E COMÉRCIOS S.A.,LM TRANSPORTES INTERESTADUAIS SERVICOS E COMERCIO S.A.,Isolada (a identificar),,DI_MAIS,N,Quirografária,S,LM TRANSPORTES INTERESTADUAIS SERVICOS E COMERCIO S.A.,00389481000179,1.5233,0.0151,1004.514776,2027-09-25,,,0.9381,ok DI+,ok DI+,152.33,2,0.9385290405584856,0.0457350558027484,0.9244469403166422,1.7806811623437857,0.9334377197321331,0.464460189758098,-0.46000838139669264,-0.915629219987113,-1.8139591816211276,0.9333503461283612,0.46444932161125085,-0.45999761870539135,-0.9155435345049232,-1.8132802573864089,82.38980159738743,164.77960319477486,,,,,,
2026-10-02,LMTPA0,LM TRANSPORTES INTERESTADUAIS SERVIÇOS E COMÉRCIOS S.A.,LM TRANSPORTES INTERESTADUAIS SERVICOS E COMERCIO S.A.,Isolada (a identificar),,DI_MAIS,N,Quirografária,S,LM TRANSPORTES INTERESTADUAIS SERVICOS E COMERCIO S.A.,00389481000179,1.7944,0.0604,1070.039074,2029-10-15,,,2.354,ok DI+,ok DI+,179.44000000000003,7,2.3606049636117215,0.2805846903874834,2.31899295404435,8.631504099863735,2.3628481036000792,1.1703724250451408,-1.1487924198298138,-2.276513134404845,-4.470700877753009,2.362150474543668,1.1702858571470045,-1.1487070968973452,-2.2758354335450313,-4.465355826091424,38.68920767677509,77.37841535355018,,,,,,
2026-10-02,LMTPA1,LM TRANSPORTES INTERESTADUAIS SERVIÇOS E COMÉRCIOS S.A.,LM TRANSPORTES INTERESTADUAIS SERVICOS E COMERCIO S.A.,Isolada (a identificar),,DI_MAIS,N,Quirografária,S,LM TRANSPORTES INTERESTADUAIS SERVICOS E COMERCIO S.A.,00389481000179,1.3632,0.2309,1033.234746,2028-01-17,,,1.1781,ok DI+,ok DI+,136.32,3,1.179425747279912,0.11253266105695364,1.1635640422558797,2.572637613960981,1.1765662625741857,0.5850151054419106,-0.5785833309405519,-1.1508369974435495,-2.276753272356069,1.1764272303256846,0.5849978181453911,-0.5785662241104885,-1.1507008541860746,-2.27567533223254,58.57864073201646,117.15728146403292,,,,,,
2026-10-02,LMTPA2,LM TRANSPORTES INTERESTADUAIS SERVIÇOS E COMÉRCIOS S.A.,LM TRANSPORTES INTERESTADUAIS SERVICOS E COMERCIO S.A.,Isolada (a identificar),,DI_MAIS,N,Quirografária,S,LM TRANSPORTES INTERESTADUAIS SERVICOS E COMERCIO S.A.,00389481000179,1.7182,0.0663,996.619234,2028-09-23,,,1.7714,ok DI+,ok DI+,171.82,4,1.7723789002248502,0.05526138787682869,1.7424402911424408,4.932702233260666,1.7674234142166734,0.8774257319624557,-0.8650934993469361,-1.7180887561534242,-3.3886928434335495,1.7671038023087444,0.8773860233627964,-0.8650542677796447,-1.7177767799761374,-3.3862265376196685,49.30441544351148,98.60883088702296,,,,,,
2026-10-02,LMTPB1,LM TRANSPORTES INTERESTADUAIS SERVIÇOS E COMÉRCIOS S.A.,LM TRANSPORTES INTERESTADUAIS SERVICOS E COMERCIO S.A.,Isolada (a identificar),,DI_MAIS,N,Quirografária,S,LM TRANSPORTES INTERESTADUAIS SERVICOS E COMERCIO S.A.,00389481000179,1.8426,0.1157,1028.264648,2030-01-17,,,2.6077,ok DI+,ok DI+,184.26000000000002,7,2.609556376945743,0.07118828644948205,2.5623426512537413,10.053749184361504,2.6134616286673795,1.2938439859742301,-1.2687080375470616,-2.512898917897488,-4.93011367134486,2.6126113971755487,1.2937385121073226,-1.2686041391464187,-2.512073905331934,-4.923610318820253,35.95537854975066,71.91075709950132,,,,,,
2026-10-02,LMTPB2,LM TRANSPORTES INTERESTADUAIS SERVIÇOS E COMÉRCIOS S.A.,LM TRANSPORTES INTERESTADUAIS SERVICOS E COMERCIO S.A.,Isolada (a identificar),,DI_MAIS,N,Quirografária,S,LM TRANSPORTES INTERESTADUAIS SERVICOS E COMERCIO S.A.,00389481000179,,,,2030-09-23,,,,fora do escopo (não IPCA+ nem DI+),,,,,,,,,,,,,,,,,,,,,,,,,
2026-10-02,LOGGB1,LOG COMMERCIAL PROPERTIES E PARTICIPAÇÕES S/A,LOG COMMERCIAL PROPERTIES E PARTICIPACOES S/A,Log Commercial,CVM FRE,DI_MAIS,N,Quirografária,S,LOG COMMERCIAL PROPERTIES E PARTICIPACOES S/A,09041168000110,0.9809,0.0606,129.914525,2027-07-11,,,0.7239,ok DI+,ok DI+,98.09,2,0.7244871181723714,0.0811048725475132,0.7174496545112704,1.240388546574274,0.7237084071160638,0.3602823810211042,-0.35718134441021787,-0.7113034766453308,-1.410533590813201,0.7236515972441419,0.36027531293885307,-0.3571743415724174,-0.7112477117783991,-1.4100915380910555,68.36019739030978,136.72039478061956,,,,,,
2026-10-02,LORTB2,LOCALIZA RENT A CAR,LOCALIZA RENT A CAR S/A,Localiza,inferido,DI_MAIS,N,Quirografária,S,LOCALIZA RENT A CAR S/A,16670085000155,1.2833,0.0594,1062.339338,2028-12-05,,,1.8275,ok DI+,ok DI+,128.33,5,1.8308849963765437,0.18522551992031572,1.8076869497503967,5.426708898161844,1.8351892914187706,0.9106726690837785,-0.8971053246316973,-1.7809130426342912,-3.5096814692097467,1.8348204942412059,0.9106268609979007,-0.897060088752496,-1.7805534052595877,-3.5068397215375566,35.49563712282143,70.99127424564286,,,,,,
2026-10-02,LVTC12,LIVETECH DA BAHIA INDUSTRIA E COMERCIO S/A,LIVETECH DA BAHIA INDUSTRIA E COMERCIO S/A,Livetech Bahia,CVM FRE,DI_MAIS,N,Real,S,LIVETECH DA BAHIA INDUSTRIA E COMERCIO S/A,05917486000140,2.3624,0.1214,419.386305,2027-06-15,,,0.4204,ok DI+,ok DI+,236.23999999999998,2,0.42080132105678847,0.09546171664806681,0.4110897371073641,0.6271401847186594,0.4142521202466387,0.20633211433895848,-0.20476423467188365,-0.40798025234362045,-0.8098445875477367,0.41422543803095746,0.20632879378458036,-0.20476094332278374,-0.4079540361837708,-0.809636670520355,287.33385764176995,574.6677152835399,,,,,,
2026-10-02,LVTC22,LIVETECH DA BAHIA INDUSTRIA E COMERCIO S/A,LIVETECH DA BAHIA INDUSTRIA E COMERCIO S/A,Livetech Bahia,CVM FRE,DI_MAIS,N,Real,S,LIVETECH DA BAHIA INDUSTRIA E COMERCIO S/A,05917486000140,5.6543,0.1694,676.087137,2029-06-15,,,1.2141,ok DI+,ok DI+,565.4300000000001,6,1.2160638025662371,0.1617496554021236,1.15098372954649,3.0288118318452075,1.166319635142865,0.5793017155254487,-0.5717294016087782,-1.13602696439844,-2.24287198146611,1.166127788705716,0.5792778795630514,-0.5717058499834384,-1.135839670387264,-2.2413912224560755,245.62901520023678,491.25803040047356,,,,,,
2026-10-02,MATD12,HOSPITAL MATER DEI S.A.,HOSPITAL MATER DEI S.A.,Hospital Mater,CVM FRE,DI_MAIS,N,Quirografária,S,HOSPITAL MATER DEI S.A.,16676520000159,0.6845,0.0473,1064.935005,2031-05-15,,,3.0459,ok DI+,ok DI+,68.45,10,3.0494931703270503,0.11796744236679468,3.028761299233795,14.187879095046288,3.101111631857245,1.532290320671681,-1.4968176084644624,-2.9591845865943323,-5.784482452758666,3.0997006947090266,1.5321154984857053,-1.4966458007480896,-2.9578219037585636,-5.7737650165666645,11.299999114706768,22.599998229413536,,,,,,
2026-10-02,MATD13,HOSPITAL MATER DEI S.A.,HOSPITAL MATER DEI S.A.,Hospital Mater,CVM FRE,DI_MAIS,N,Quirografária,S,HOSPITAL MATER DEI S.A.,16676520000159,0.699,0.0315,1045.529812,2032-07-18,,,3.7388,ok DI+,ok DI+,69.89999999999999,12,3.7345129235660735,-0.1146645028866602,3.708589880302757,20.689473963367536,3.814448597804687,1.8804551662884306,-1.8287255789516177,-3.6074593696949653,-7.021567067635692,3.8120372501195945,1.8801567826055878,-1.828433097697169,-3.6051425104859187,-7.003390281338162,9.424067132801106,18.848134265602212,,,,,,
2026-10-02,MDRO18,MADERO INDUSTRIA E COMERCIO S.A.,MADERO INDUSTRIA E COMERCIO S.A.,Madero Industria,inferido,DI_MAIS,N,Real,S,MADERO INDUSTRIA E COMERCIO S.A.,13783221000478,2.145,0.1738,1060.375105,2030-11-25,,,2.4146,ok DI+,ok DI+,214.5,9,2.418395561717679,0.15719215264138192,2.3676103203462517,9.25911808207046,2.414706575782888,1.1954783566109572,-1.172329027818353,-2.322090846734348,-4.556153195814305,2.413905910756604,1.195379057775714,-1.1722312625705378,-2.3213147299358994,-4.550038279051095,45.298839542275346,90.59767908455069,,,,,,
2026-10-02,MEAL14,INTERNATIONAL MEAL COMPANY ALIMENTAÇÃO S.A.,INTERNATIONAL MEAL COMPANY ALIMENTACAO S/A,International Meal,inferido,DI_MAIS,N,Quirografária,S,INTERNATIONAL MEAL COMPANY ALIMENTACAO S/A,17314329000120,4.5588,0.0798,609.684922,2028-10-11,,,0.8502,ok DI+,ok DI+ aprox,455.87999999999994,,,,0.8131309846708263,,0.8131309846708265,0.4065654923354132,-0.4065654923354132,-0.8131309846708265,-1.626261969341653,0.8131309846708265,0.4065654923354132,-0.4065654923354132,-0.8131309846708265,-1.626261969341653,280.3238399435427,560.6476798870854,,,,,,
2026-10-02,MGLUA0,MAGAZINE LUIZA S/A,MAGAZINE LUIZA S/A,Magazine Luiza,CVM FRE,DI_MAIS,N,Quirografária,S,MAGAZINE LUIZA S/A,47960950000121,1.724,0.05,534.997976,2026-10-15,,,0.0317,ok DI+,ok DI+,172.39999999999998,1,0.031746031746031744,0.1452105553051901,0.031208005727293212,0.031653006727387106,0.03136733251281054,0.015643701363821094,-0.015564567788195482,-0.03105078643301784,-0.061791256512522263,0.03136627076093015,0.01564356912205584,-0.015564436605237372,-0.031049740693656274,-0.06178295132003868,2762.1117719999997,5524.2235439999995,,,,,,
2026-10-02,MILS18,MILLS ESTR. E SERVIÇOS DE ENGENHARIA S/A,MILLS LOCACAO SERVICOS E LOGISTICA SA,Isolada (a identificar),,DI_MAIS,N,Quirografária,S,MILLS LOCACAO SERVICOS E LOGISTICA SA,27093558000115,0.9573,0.106,1056.098539,2030-01-10,,,1.8927,ok DI+,ok DI+,95.73,7,1.8947153837998645,0.10648194641857844,1.8767492631041682,6.197972286142407,1.9082098686066695,0.946180524735718,-0.9306847807026175,-1.8462171268728622,-3.6331508352680064,1.9077391245348803,0.9461220969097621,-0.930627166194406,-1.845759401673456,-3.629539080485488,25.504206097745126,51.00841219549025,,,,,,
2026-10-02,MILS19,MILLS ESTR. E SERVIÇOS DE ENGENHARIA S/A,MILLS LOCACAO SERVICOS E LOGISTICA SA,Isolada (a identificar),,DI_MAIS,N,Quirografária,S,MILLS LOCACAO SERVICOS E LOGISTICA SA,27093558000115,0.9995,0.0012,1048.302801,2029-06-20,,,1.8647,ok DI+,ok DI+,99.95,6,1.867459450838792,0.14798363483627566,1.8489789066666589,5.781440743144364,1.8782983841580947,0.9317674464282444,-0.91731317375916,-1.8204732390694867,-3.585499918624402,1.8778861103823807,0.9317162542622598,-0.917262652404399,-1.8200717029509368,-3.5823289984704307,27.02843164938803,54.05686329877606,,,,,,
2026-10-02,MILS29,MILLS ESTR. E SERVIÇOS DE ENGENHARIA S/A,MILLS LOCACAO SERVICOS E LOGISTICA SA,Isolada (a identificar),,DI_MAIS,N,Quirografária,S,MILLS LOCACAO SERVICOS E LOGISTICA SA,27093558000115,1.207,0.095,1049.519216,2032-06-20,,,3.3679,ok DI+,ok DI+,120.7,12,3.3671668728227524,-0.021768080324466775,3.3270098637670835,17.115632274986414,3.4144570219043047,1.685130862709383,-1.6423374317808603,-3.243231061159957,-6.325837455873051,3.412588025142015,1.6848994722272743,-1.6421103915398088,-3.241431702392151,-6.311707082034437,18.139411204410237,36.278822408820474,,,,,,
2026-10-02,MILSA0,MILLS ESTR. E SERVIÇOS DE ENGENHARIA S/A,MILLS LOCACAO SERVICOS E LOGISTICA SA,Isolada (a identificar),,DI_MAIS,N,Quirografária,S,MILLS LOCACAO SERVICOS E LOGISTICA SA,27093558000115,0.8077,0.0709,1061.284714,2029-11-25,,,2.1508,ok DI+,ok DI+,80.77,7,2.154989030777901,0.1947661696997088,2.137722644974443,7.471709994895399,2.1756624899082144,1.0782731041605098,-1.0595928149329525,-2.1009291563355847,-4.130469186520324,2.1750811949489197,1.0782009599808406,-1.0595216849936022,-2.100364094999966,-4.126011090050978,18.8915994761719,37.7831989523438,,,,,,
2026-10-02,MILSA1,MILLS ESTR. E SERVIÇOS DE ENGENHARIA S/A,MILLS LOCACAO SERVICOS E LOGISTICA SA,Isolada (a identificar),,DI_MAIS,N,Quirografária,S,MILLS LOCACAO SERVICOS E LOGISTICA SA,27093558000115,0.8239,0.0848,1019.252325,2030-08-19,,,2.7208,ok DI+,ok DI+,82.39,8,2.7212445388846924,0.016338535897247635,2.6990074167778593,11.057723723572277,2.7552755187056244,1.36344732689202,-1.335801118412161,-2.6446678786125055,-5.184336590751137,2.75429603539572,1.3633258630433949,-1.335681553734464,-2.6437187981599974,-5.176860359084272,15.263018450382619,30.526036900765238,,,,,,
2026-10-02,MILSB0,MILLS ESTR. E SERVIÇOS DE ENGENHARIA S/A,MILLS LOCACAO SERVICOS E LOGISTICA SA,Isolada (a identificar),,DI_MAIS,N,Quirografária,S,MILLS LOCACAO SERVICOS E LOGISTICA SA,27093558000115,1.1495,0.0011,1059.724882,2032-11-25,,,3.5502,ok DI+,ok DI+,114.95,13,3.549984883997845,-0.006059264327498368,3.509641554330812,19.194833968620692,3.6078300700011168,1.7790883359808607,-1.7310958502094298,-3.415795272252997,-6.65208188863361,3.6056157241739153,1.7788143196261819,-1.73082723470463,-3.4136673844877086,-6.63538642928921,16.376316244910324,32.75263248982065,,,,,,
2026-10-02,MNLT11,MNLT S.A.,MNLT S.A.,Mnlt,CVM FRE,DI_MAIS,N,Quirografária,S,MNLT S.A.,12592831000189,0.8583,0.0658,1072.925735,2026-10-15,,,0.0317,ok DI+,ok DI+,85.83,1,0.03174603174603174,0.14521055530516822,0.031475874316770895,0.032198714243709556,0.03163795728837737,0.015778321232562398,-0.015697823350602214,-0.031315953573629596,-0.06231629415757167,0.031636867887989445,0.015778185551190083,-0.015697688765580812,-0.031314880745552345,-0.0623077743486676,1363.4251925175004,2726.8503850350007,,,,,,
2026-10-02,MNRVA1,MINERVA S/A,MINERVA S/A,Minerva,CVM FRE,DI_MAIS,N,Quirografária,S,MINERVA S/A,67620377000114,1.7878,0.0556,1071.8224,2026-10-15,,,0.0317,ok DI+,ok DI+,178.78,1,0.031746031746031744,0.1452105553051901,0.031188444731128626,0.03161335919742326,0.03134757117948528,0.015633871032694202,-0.015554836628151048,-0.03103142181345442,-0.06175291233688762,0.03134651152711574,0.01563373906456109,-0.015554705666567532,-0.031030377935141504,-0.06174462227830878,2866.1256042300006,5732.251208460001,,,,,,
2026-10-02,MOVI27,MOVIDA PARTICIPACOES S/A,MOVIDA PARTICIPACOES S/A,Simpar,CVM FRE,DI_MAIS,N,Quirografária,S,MOVIDA PARTICIPACOES S/A,21314559000166,1.8782,0.1962,1025.261057,2029-09-15,,,1.6923,ok DI+,ok DI+,187.82,6,1.6929951060192578,0.04107463329539263,1.6617834885375455,5.058789499767472,1.6874379971954845,0.8372599997983343,-0.8246124349616468,-1.636840640223458,-3.225163539731002,1.6870774360363827,0.8372152311434822,-0.8245682573940634,-1.6364895410387084,-3.2223911870797415,56.51157364828892,113.02314729657785,,,,,,
2026-10-02,MOVI34,MOVIDA PARTICIPACOES S/A,MOVIDA PARTICIPACOES S/A,Simpar,CVM FRE,DI_MAIS,N,Quirografária,S,MOVIDA PARTICIPACOES S/A,21314559000166,1.2303,0.0959,345.142068,2027-07-27,,,0.7665,ok DI+,ok DI+,123.03,2,0.7670602382874501,0.07309044846054924,0.7577377902539557,1.3381109605282175,0.7644904228990557,0.3805492570215563,-0.3772039076672229,-0.7511081612731396,-1.4891962869173492,0.7644283450565967,0.3805415338276381,-0.37719625642631754,-0.7510472354513146,-1.4887133612973469,81.18243644596802,162.36487289193605,,,,,,
2026-10-02,MOVIA2,MOVIDA PARTICIPACOES S/A,MOVIDA PARTICIPACOES S/A,Simpar,CVM FRE,DI_MAIS,N,Quirografária,S,MOVIDA PARTICIPACOES S/A,21314559000166,1.4713,0.2364,537.281376,2026-10-15,,,0.0317,ok DI+,ok DI+,147.13,1,0.031746031746031744,0.1452105553051901,0.031285724875932154,0.03181090941069237,0.03144584888845614,0.015682759243529354,-0.015603231030136833,-0.031127724139778934,-0.06194359968871854,0.03144477942298561,0.01568262607472944,-0.01560309880120271,-0.03112667032887869,-0.06193523156365045,2351.3918981175,4702.783796235,,,,,,
2026-10-02,MOVIA3,MOVIDA PARTICIPACOES S/A,MOVIDA PARTICIPACOES S/A,Simpar,CVM FRE,DI_MAIS,N,Quirografária,S,MOVIDA PARTICIPACOES S/A,21314559000166,1.8855,0.0755,1013.512524,2027-03-05,,,0.4087,ok DI+,ok DI+,188.55,1,0.4087301587301587,0.007379185260267585,0.4011661705838011,0.5546764761416877,0.40396159295261747,0.2012791742995068,-0.1998924603022867,-0.3984144627322328,-0.7914107822975414,0.40393955296450956,0.20127643088707764,-0.19988973969672347,-0.39839278820309265,-0.7912388116447684,235.0023678786408,470.0047357572816,,,,,,
2026-10-02,MRFGA1,MARFRIG GLOBAL FOODS S.A.,MARFRIG GLOBAL FOODS S.A.,Marfrig Global,CVM FRE,DI_MAIS,N,Quirografária,S,MARFRIG GLOBAL FOODS S.A.,03853896000140,1.1684,0.1011,1063.588518,2027-11-11,,,0.5489,ok DI+,ok DI+,116.84000000000002,3,0.550096225828417,0.2179314681029224,0.543743131084822,1.0638297073881116,0.5491158585416933,0.2732080163838857,-0.27054837588573744,-0.5384765010571058,-1.0666256978549504,0.5490622796217626,0.27320135267664614,-0.27054177840817584,-0.5384239825478815,-1.0662096680218818,107.44043769977611,214.88087539955222,,,,,,
2026-10-02,MTRO12,COMPANHIA DO METROPOLITANO DE SAO PAULO,COMPANHIA DO METROPOLITANO DE SAO PAULO - METRO,Isolada (a identificar),,DI_MAIS,N,Real,N,COMPANHIA DO METROPOLITANO DE SAO PAULO - METRO,62070362000106,0.9234,0.1232,168.959828,2027-04-25,,,0.2949,ok DI+,ok DI+ aprox,92.33999999999999,,,,0.29220180850030814,,0.29220180850030814,0.14610090425015407,-0.14610090425015407,-0.29220180850030814,-0.5844036170006163,0.29220180850030814,0.14610090425015407,-0.14610090425015407,-0.29220180850030814,-0.5844036170006163,158.00723560528994,316.01447121057987,,,,,,
2026-10-02,MULPA0,MULTIPLAN EMPREENDIMENTOS IMOBILIÁRIOS S/A,MULTIPLAN EMPREENDIMENTOS IMOBILIARIOS S/A,Multiplan Empreendimentos,CVM FRE,DI_MAIS,N,Quirografária,S,MULTIPLAN EMPREENDIMENTOS IMOBILIARIOS S/A,07816890000153,0.6113,0.0579,1076.907294,2028-10-15,,,0.8903,ok DI+,ok DI+,61.129999999999995,5,0.8929897908919865,0.3021218569006526,0.8875641114785183,2.2825705677021246,0.8991183731384522,0.4466528399654335,-0.44094620709965726,-0.8762893630862689,-1.7305688749252424,0.8989769643170289,0.4466352689488868,-0.44092884252963155,-0.8761512586400076,-1.7294768116029942,34.436948953562734,68.87389790712547,,,,,,
2026-10-02,MULPB1,MULTIPLAN EMPREENDIMENTOS IMOBILIÁRIOS S/A,MULTIPLAN EMPREENDIMENTOS IMOBILIARIOS S/A,Multiplan Empreendimentos,CVM FRE,DI_MAIS,N,Quirografária,S,MULTIPLAN EMPREENDIMENTOS IMOBILIARIOS S/A,07816890000153,0.6027,0.0073,1038.260347,2028-01-10,,,0.7123,ok DI+,ok DI+,60.27,3,0.7130729056873032,0.10850844971264204,0.7088009622875958,1.4423262759595146,0.7160880218012755,0.356212768558839,-0.352606856338622,-0.7016632155683711,-1.3893404915231167,0.7160125936673934,0.3562033889887473,-0.3525975732988485,-0.7015893309077983,-1.3887553990560015,42.51546146712585,85.0309229342517,,,,,,
2026-10-02,MULTA4,MULTIPLAN EMPREENDIMENTOS IMOBILIÁRIOS S/A,MULTIPLAN EMPREENDIMENTOS IMOBILIARIOS S/A,Multiplan Empreendimentos,CVM FRE,DI_MAIS,N,Quirografária,S,MULTIPLAN EMPREENDIMENTOS IMOBILIARIOS S/A,07816890000153,0.5009,0.0899,1040.343514,2031-07-03,,,3.1979,ok DI+,ok DI+,50.09,10,3.1981600302084305,0.008131280166057436,3.182220288781922,15.293153383183933,3.2602414797370027,1.6104192774601067,-1.5721830068604392,-3.107255726079383,-6.070380539249831,3.258686055697842,1.6102265861199412,-1.571993702661981,-3.1057545218660025,-6.058577509900165,7.870291094645315,15.74058218929063,,,,,,
2026-10-02,MULTA5,MULTIPLAN EMPREENDIMENTOS IMOBILIÁRIOS S/A,MULTIPLAN EMPREENDIMENTOS IMOBILIARIOS S/A,Multiplan Empreendimentos,CVM FRE,DI_MAIS,N,Quirografária,S,MULTIPLAN EMPREENDIMENTOS IMOBILIARIOS S/A,07816890000153,0.5091,0.0168,1067.975303,2031-10-15,,,2.9746,ok DI+,ok DI+,50.910000000000004,11,2.9800636751111202,0.183677641065021,2.96496901784129,13.946129514461598,3.0361063532296617,1.5000914359717843,-1.465223049150588,-2.8965960241789435,-5.661689873902997,3.0346996654135983,1.4999171708137222,-1.465051847027568,-2.895238370268982,-5.651015445393348,8.585249912167063,17.170499824334126,,,,,,
2026-10-02,MULTB5,MULTIPLAN EMPREENDIMENTOS IMOBILIÁRIOS S/A,MULTIPLAN EMPREENDIMENTOS IMOBILIARIOS S/A,Multiplan Empreendimentos,CVM FRE,DI_MAIS,N,Quirografária,S,MULTIPLAN EMPREENDIMENTOS IMOBILIARIOS S/A,07816890000153,0.6411,0.0459,1075.246266,2034-10-15,,,4.3361,ok DI+,ok DI+,64.11,17,4.332498241581653,-0.08306446849351774,4.304899530690396,29.45148073473909,4.4563497566115995,2.1897818715284734,-2.1161408876096854,-4.161638312222948,-8.052001186363189,4.452156934364091,2.189264116263622,-2.1156354144267744,-4.157642127016701,-8.020769446686012,7.446166808650048,14.892333617300096,,,,,,
2026-10-02,MVLV19,MOVIDA PARTICIPACOES S/A,MOVIDA PARTICIPACOES S/A,Simpar,CVM FRE,DI_MAIS,N,Flutuante,S,MOVIDA PARTICIPACOES S/A,21314559000166,2.0812,0.0717,543.827301,2027-04-05,,,0.4506,ok DI+,ok DI+,208.12,2,0.45195860945949823,0.30151119829077405,0.44274421681905995,0.6452756038656612,0.4459970313969164,0.22218199330763522,-0.22056877629800242,-0.43954382748697673,-0.8727890863032939,0.44597059483838825,0.22217870291436204,-0.22056551390469792,-0.4395178387997317,-0.8725829215608067,235.0341259059903,470.0682518119806,,,,,,
2026-10-02,MVLVA1,MOVIDA PARTICIPACOES S/A,MOVIDA PARTICIPACOES S/A,Simpar,CVM FRE,DI_MAIS,N,Flutuante,S,MOVIDA PARTICIPACOES S/A,21314559000166,2.1274,0.0539,701.634053,2027-12-22,,,0.6572,ok DI+,ok DI+,212.74,3,0.6580522054772555,0.12967216635050327,0.6443444222385525,1.2715139311990695,0.6507666986458327,0.3237696508748167,-0.32059078543414943,-0.6380502681383904,-1.2637608757561258,0.6507019918945478,0.32376160353327504,-0.3205828187052774,-0.637986852582557,-1.2632585658531235,165.0825184929112,330.1650369858224,,,,,,
2026-10-02,MVLVA3,MOVIDA PARTICIPACOES S/A,MOVIDA PARTICIPACOES S/A,Simpar,CVM FRE,DI_MAIS,N,Quirografária,S,MOVIDA PARTICIPACOES S/A,21314559000166,2.1231,0.0862,1026.566424,2027-08-10,,,0.8052,ok DI+,ok DI+,212.31,2,0.8056864779493458,0.06041703295401811,0.7889365657224916,1.4108013402602653,0.7960563534378462,0.3962399683908213,-0.3927128886927256,-0.781947117576276,-1.5501688179010542,0.795990572423793,0.39623178453657115,-0.39270478118592045,-0.7818825590211902,-1.5496571046397778,134.5545441955596,269.1090883911192,,,,,,
2026-10-02,NATUA3,NATURA COSMÉTICOS S/A,NATURA COSMETICOS S/A,Natura Cosmeticos,CVM FRE,DI_MAIS,N,Quirografária,S,NATURA COSMETICOS S/A,71673990000177,1.7249,0.0674,1033.34638,2029-06-15,,,2.2087,ok DI+,ok DI+,172.49,6,2.2121537137672553,0.1563686225949858,2.1746432916299305,7.489841231410554,2.2126601928605494,1.0967544189199652,-1.0780288547273087,-2.1377463963971333,-4.203849039759189,2.2120924977869834,1.0966839473542287,-1.077959344275702,-2.137194085472878,-4.199489758631651,39.65937785380791,79.31875570761582,,,,,,
2026-10-02,NIGP12,NOVA TRANSPORTE DO SUDESTE S.A. - NTS,NOVA TRANSPORTADORA DO SUDESTE S.A.  NTS,Nova Transportadora,CVM FRE,DI_MAIS,N,Quirografária,S,NOVA TRANSPORTADORA DO SUDESTE S.A.  NTS,04992714000184,1.0926,0.0638,1030.532604,2032-03-24,,,3.3505,ok DI+,ok DI+,109.26,11,3.346670075686499,-0.11430903786004872,3.310499557521024,16.448479201232182,3.3944839625578593,1.6760261003140098,-1.6349009500441825,-3.229935902987646,-6.30521887888057,3.3927419535271848,1.675810377762052,-1.634689179758972,-3.228257161514863,-6.292029531017404,16.502041172574014,33.00408234514803,,,,,,
2026-10-02,NTSD16,NOVA TRANSPORTE DO SUDESTE S.A. - NTS,NOVA TRANSPORTADORA DO SUDESTE S.A.  NTS,Nova Transportadora,CVM FRE,DI_MAIS,N,Quirografária,S,NOVA TRANSPORTADORA DO SUDESTE S.A.  NTS,04992714000184,0.7821,0.0188,190.049098,2029-02-15,,,2.0348,ok DI+,ok DI+,78.21,5,2.0362029631049183,0.06894845217801084,2.0204014037263742,6.448345840446687,2.0531033234953977,1.0183182791524859,-1.002196671502542,-1.988607970756362,-3.915376414579863,2.0526431329286075,1.0182611341637453,-1.0021402695626287,-1.9881596745241406,-3.9118358906438147,19.35506475489266,38.71012950978532,,,,,,
2026-10-02,NTSD17,NOVA TRANSPORTE DO SUDESTE S.A. - NTS,NOVA TRANSPORTADORA DO SUDESTE S.A.  NTS,Nova Transportadora,CVM FRE,DI_MAIS,N,Quirografária,S,NOVA TRANSPORTADORA DO SUDESTE S.A.  NTS,04992714000184,0.4903,0.055,1045.866119,2028-06-20,,,1.5093,ok DI+,ok DI+,49.03,4,1.51176442985887,0.1632829695136722,1.504388413467638,3.9396328575434767,1.5243280033126805,0.7571487500342533,-0.7472993221652735,-1.4849261402999026,-2.9318498892718425,1.5240865777553556,0.7571187478057484,-0.7472696656618897,-1.4846902491799208,-2.9299841697844067,16.295658608199833,32.591317216399666,,,,,,
2026-10-02,NTSD18,NOVA TRANSPORTE DO SUDESTE S.A. - NTS,NOVA TRANSPORTADORA DO SUDESTE S.A.  NTS,Nova Transportadora,CVM FRE,DI_MAIS,N,Quirografária,S,NOVA TRANSPORTADORA DO SUDESTE S.A.  NTS,04992714000184,0.7165,0.0652,1055.540639,2030-11-22,,,3.089,ok DI+,ok DI+,71.65,9,3.0922144893520205,0.10406245878991618,3.07021638892537,14.375570407963938,3.1435129891412616,1.5532534655718688,-1.5173115426343364,-2.999709312294496,-5.863704500005717,3.1420942409651897,1.55307765747264,-1.51713873145273,-2.99833853688555,-5.852921369691462,11.66855864922908,23.33711729845816,,,,,,
2026-10-02,NTSD26,NOVA TRANSPORTE DO SUDESTE S.A. - NTS,NOVA TRANSPORTADORA DO SUDESTE S.A.  NTS,Nova Transportadora,CVM FRE,DI_MAIS,N,Quirografária,S,NOVA TRANSPORTADORA DO SUDESTE S.A.  NTS,04992714000184,0.8332,0.0325,1036.230566,2031-02-15,,,3.0053,ok DI+,ok DI+,83.32000000000001,9,3.0047086708997215,-0.019676208707236964,2.979880308172032,13.366055864937957,3.047990947228185,1.5068064111568802,-1.4733886204210678,-2.9142879529096444,-5.702180843150395,3.046710587496722,1.5066477239171885,-1.4732325842548435,-2.9130500288473424,-5.692439499045305,13.980427296274788,27.960854592549577,,,,,,
2026-10-02,NTSD35,NOVA TRANSPORTE DO SUDESTE S.A. - NTS,NOVA TRANSPORTADORA DO SUDESTE S.A.  NTS,Nova Transportadora,CVM FRE,DI_MAIS,N,Quirografária,S,NOVA TRANSPORTADORA DO SUDESTE S.A.  NTS,04992714000184,1.0261,0.0329,1036.858334,2032-09-13,,,3.4626,ok DI+,ok DI+,102.61,12,3.458393971209119,-0.12147024752732533,3.4232678201070006,17.519082235348872,3.5127620965315076,1.733767868655911,-1.6899657766563214,-3.337501055922143,-6.510516367072494,3.510863231283745,1.7335327628476866,-1.6897350572593144,-3.335672408930257,-6.496153995507024,14.987141730090043,29.974283460180086,,,,,,
2026-10-02,NTSD36,NOVA TRANSPORTE DO SUDESTE S.A. - NTS,NOVA TRANSPORTADORA DO SUDESTE S.A.  NTS,Nova Transportadora,CVM FRE,DI_MAIS,N,Quirografária,S,NOVA TRANSPORTADORA DO SUDESTE S.A.  NTS,04992714000184,1.0163,0.0555,1048.571479,2034-02-15,,,4.2085,ok DI+,ok DI+,101.63,15,4.1978975442851185,-0.25192956433126734,4.155663535771077,26.27807254613435,4.290529578493918,2.111108892455893,-2.0454041611930873,-4.0275959645947434,-7.8117722090813135,4.287053898501749,2.1106793585682064,-2.044984177202871,-4.024273173040405,-7.7857656206194665,12.227890819984625,24.45578163996925,,,,,,
2026-10-02,NTSDA0,NOVA TRANSPORTE DO SUDESTE S.A. - NTS,NOVA TRANSPORTADORA DO SUDESTE S.A.  NTS,Nova Transportadora,CVM FRE,DI_MAIS,N,Quirografária,S,NOVA TRANSPORTADORA DO SUDESTE S.A.  NTS,04992714000184,0.6666,0.0405,1023.431986,2031-08-25,,,3.6098,ok DI+,ok DI+,66.66,10,3.605466315964174,-0.12005330034422074,3.581591427508403,18.866313210815946,3.6779958323416295,1.814635244536178,-1.7674646594095123,-3.4892558267813456,-6.801532157567136,3.6759229935624824,1.8143786052677215,-1.7672128222406813,-3.4872598614543233,-6.7858565908004875,9.305919079437434,18.611838158874868,,,,,,
2026-10-02,NTSDA2,NOVA TRANSPORTE DO SUDESTE S.A. - NTS,NOVA TRANSPORTADORA DO SUDESTE S.A.  NTS,Nova Transportadora,CVM FRE,DI_MAIS,N,Quirografária,S,NOVA TRANSPORTADORA DO SUDESTE S.A.  NTS,04992714000184,0.6204,0.0184,1002.02875,2031-03-10,,,3.1106,ok DI+,ok DI+,62.03999999999999,9,3.1088664562945016,-0.055730203352991836,3.089697970088075,14.073664236672787,3.161430847200819,1.56261017305368,-1.5274231591194676,-3.0206485288856832,-5.90829934060303,3.160066291271439,1.5624410653398786,-1.5272569047481965,-3.019329648904711,-5.897922655442694,10.039816286352332,20.079632572704664,,,,,,
2026-10-02,OMGE15,OMEGA GERAÇÃO S/A,SERENA GERACAO S.A.,Serena,CVM FRE,DI_MAIS,N,Quirografária,S,SERENA GERACAO S.A.,09149503000106,1.5093,0.0336,1049.861087,2029-06-15,,,2.2002,ok DI+,ok DI+,150.93,6,2.203652560129316,0.15692028585201578,2.1708873572463965,7.48452375933505,2.208878158087524,1.094869864439607,-1.0761575915509969,-2.1340174968880854,-4.1964469502119295,2.2083099760430716,1.0947993333223671,-1.0760880239240294,-2.1334647384497214,-4.192084239306092,34.762282689656246,69.52456537931249,,,,,,
2026-10-02,OMGE16,OMEGA GERAÇÃO S/A,SERENA GERACAO S.A.,Serena,CVM FRE,DI_MAIS,N,Quirografária,S,SERENA GERACAO S.A.,09149503000106,1.5386,0.0463,996.53207,2030-03-15,,,2.7839,ok DI+,ok DI+,153.86,7,2.783892772441637,-0.00025961989880778774,2.7417088402259213,11.171319445295428,2.798540528300464,1.3849395072822013,-1.3570093532126015,-2.686797634961957,-5.267440611009366,2.797565437452399,1.38481856941958,-1.3568902708063415,-2.6858522429994443,-5.259991291545934,28.05914284963273,56.11828569926546,,,,,,
2026-10-02,OMGE17,OMEGA GERAÇÃO S/A,SERENA GERACAO S.A.,Serena,CVM FRE,DI_MAIS,N,Quirografária,S,SERENA GERACAO S.A.,09149503000106,1.6546,0.0284,993.125271,2031-02-15,,,3.3047,ok DI+,ok DI+,165.46,9,3.302815875341753,-0.057013485588611156,3.2490569785742633,15.642560468746503,3.3288521445373753,1.6442777368838701,-1.6051679246220751,-3.1723719355965962,-6.197276614086489,3.3272697809179963,1.644081689873065,-1.6049752887011985,-3.1708441762305304,-6.185262747773597,25.462772904740874,50.92554580948175,,,,,,
2026-10-02,OMGE26,OMEGA GERAÇÃO S/A,SERENA GERACAO S.A.,Serena,CVM FRE,DI_MAIS,N,Quirografária,S,SERENA GERACAO S.A.,09149503000106,1.6297,0.0502,994.662294,2031-03-15,,,3.3654,ok DI+,ok DI+,162.97,9,3.3624121608712136,-0.08878109968462973,3.308493640019811,16.0954163944741,3.390614869680264,1.6745697762214018,-1.634327660395496,-3.2296034798511175,-6.307556204541209,3.3889707219921807,1.6743660905029978,-1.6341275495168128,-3.2280165580474405,-6.295078952150139,24.62903329006009,49.25806658012018,,,,,,
2026-10-02,OMGE27,OMEGA GERAÇÃO S/A,SERENA GERACAO S.A.,Serena,CVM FRE,DI_MAIS,N,Quirografária,S,SERENA GERACAO S.A.,09149503000106,,,,2033-02-15,,,,fora do escopo (não IPCA+ nem DI+),,,,,,,,,,,,,,,,,,,,,,,,,
2026-10-02,ONCO19,ONCOCLINICAS DO BRASIL SERVICOS MEDICOS S.A.,ONCOCLINICAS DO BRASIL SERVICOS MEDICOS  S.A.,Oncoclinicas Brasil,inferido,DI_MAIS,N,Quirografária,S,ONCOCLINICAS DO BRASIL SERVICOS MEDICOS  S.A.,12104241000402,,,636.001492,2027-11-25,,,,fora do escopo (não IPCA+ nem DI+),,,,,,,,,,,,,,,,,,,,,,,,,
2026-10-02,ONCO29,ONCOCLINICAS DO BRASIL SERVICOS MEDICOS S.A.,ONCOCLINICAS DO BRASIL SERVICOS MEDICOS  S.A.,Oncoclinicas Brasil,inferido,DI_MAIS,N,Quirografária,S,ONCOCLINICAS DO BRASIL SERVICOS MEDICOS  S.A.,12104241000402,,,636.42595,2029-11-25,,,,fora do escopo (não IPCA+ nem DI+),,,,,,,,,,,,,,,,,,,,,,,,,
2026-10-02,OPCT16,OCEANPACT SERVICOS MARITIMOS S.A.,OCEANPACT SERVICOS MARITIMOS S.A.,Oceanpact Servicos,CVM FRE,DI_MAIS,N,Real,S,OCEANPACT SERVICOS MARITIMOS S.A.,09114805000130,1.3128,0.0385,1028.313581,2029-12-18,,,1.8802,ok DI+,ok DI+,131.28,39,1.8809359220862818,0.039140627926906923,1.856562963501435,5.877870501678046,1.8863772278858049,0.9356815765531934,-0.9209862001895663,-1.8275873126005981,-3.5988349535717057,1.8859523160098253,0.9356288198778151,-0.9209341436236199,-1.8271736109930448,-3.5955685169693092,35.35565520288333,70.71131040576665,,,,,,
2026-10-02,OPCT17,OCEANPACT SERVICOS MARITIMOS S.A.,OCEANPACT SERVICOS MARITIMOS S.A.,Oceanpact Servicos,CVM FRE,DI_MAIS,N,Real,S,OCEANPACT SERVICOS MARITIMOS S.A.,09114805000130,1.369,0.0728,1016.624394,2030-07-27,,,2.2818,ok DI+,ok DI+,136.9,46,2.2819682106047248,0.007371838229674674,2.2511499675489794,8.165085333054611,2.2926326398165164,1.1358628927764292,-1.1154489980767623,-2.2109628772355117,-4.34403232022521,2.2919753942142527,1.1357813404408081,-1.1153686271081715,-2.2103245408837067,-4.338998228436867,30.406681468017613,60.813362936035226,,,,,,
2026-10-02,ORMA16,ORIZON MEIO AMBIENTE S.A.,ORIZON MEIO AMBIENTE S.A.,Isolada (a identificar),,DI_MAIS,N,Quirografária,S,ORIZON MEIO AMBIENTE S.A.,03279285000130,1.25,0.0,1016.261762,2035-09-15,,,4.4504,ok DI+,ok DI+,125.0,18,4.435796130855127,-0.3281473383262976,4.381033215659384,29.538223333570432,4.532941305008831,2.22796003329242,-2.1541019542090534,-4.23735861202772,-8.2026830037913,4.528724332327236,2.227439386996655,-2.1535938286627294,-4.233342098991532,-8.171301964647359,14.266041119387681,28.532082238775363,,,,,,
2026-10-02,ORMA17,ORIZON MEIO AMBIENTE S.A.,ORIZON MEIO AMBIENTE S.A.,Isolada (a identificar),,DI_MAIS,N,Quirografária,S,ORIZON MEIO AMBIENTE S.A.,03279285000130,1.4021,0.0631,1122.45358,2035-12-15,,,4.0935,ok DI+,ok DI+,140.20999999999998,19,4.102868797224863,0.22887009221603224,4.046137897760365,27.74691075044342,4.188908783621481,2.0582508238275343,-1.98887136174406,-3.911244587271756,-7.567337334974223,4.184872451512582,2.057752587318237,-1.988385310442128,-3.9074033440081477,-7.537337580511862,17.32639909252841,34.65279818505682,,,,,,
2026-10-02,OVSAA3,UNIDAS LOCACOES E SERVICOS S.A.,UNIDAS LOCACOES E SERVICOS S/A,Unidas,CVM FRE,DI_MAIS,N,Quirografária,S,UNIDAS LOCACOES E SERVICOS S/A,75609123000123,2.2361,0.0668,725.968445,2028-07-15,,,1.3675,ok DI+,ok DI+,223.60999999999999,4,1.3691430658291308,0.12015106611560324,1.339197275550545,3.272898700700938,1.3557527092365573,0.6737134948117118,-0.6655309847959034,-1.3230195088157926,-2.6144140762280776,1.3555617690540498,0.6736897611511486,-0.6655075143993964,-1.3228327820470402,-2.6129365770870714,83.48657964080526,166.97315928161052,,,,,,
2026-10-02,OVSAA8,UNIDAS LOCACOES E SERVICOS S.A.,UNIDAS LOCACOES E SERVICOS S/A,Unidas,CVM FRE,DI_MAIS,N,Quirografária,S,UNIDAS LOCACOES E SERVICOS S/A,75609123000123,2.1129,0.0931,1062.996924,2029-06-10,,,1.8125,ok DI+,ok DI+,211.29,6,1.815552157067905,0.16839487271199774,1.777985109685363,5.44002362398243,1.8055659322044226,0.8958398618761132,-0.8822391936758045,-1.751155945023486,-3.450099784083993,1.8051852278052753,0.8957925843726596,-0.8821925253127036,-1.750784991565451,-3.447169746891078,59.41838287874932,118.83676575749864,,,,,,
2026-10-02,OVSAA9,UNIDAS LOCACOES E SERVICOS S.A.,UNIDAS LOCACOES E SERVICOS S/A,Unidas,CVM FRE,DI_MAIS,N,Quirografária,S,UNIDAS LOCACOES E SERVICOS S/A,75609123000123,2.4109,0.0807,1063.976498,2029-11-18,,,2.0931,ok DI+,ok DI+,241.08999999999997,7,2.097507453875597,0.2105706309109317,2.0481291091823204,6.9840519631920905,2.0835809355024937,1.0328606014046837,-1.0153995624760492,-2.0137258640811506,-3.9606573196222294,2.0830493689982807,1.0327946195451503,-1.01533448963717,-2.01320884936636,-3.956577179100799,58.85615289561774,117.71230579123548,,,,,,
2026-10-02,OVSAB0,UNIDAS LOCACOES E SERVICOS S.A.,UNIDAS LOCACOES E SERVICOS S/A,Unidas,CVM FRE,DI_MAIS,N,Quirografária,S,UNIDAS LOCACOES E SERVICOS S/A,75609123000123,2.3072,0.1295,1061.139643,2028-05-16,,,1.394,ok DI+,ok DI+,230.72,4,1.3973824028602992,0.24264009040884782,1.3658690716394342,3.3888281046966977,1.3830118334541064,0.6871952593477948,-0.6787229152040886,-1.349119168936841,-2.665498508883335,1.3828132121629175,0.6871705709505879,-0.6786985006888462,-1.3489249311159506,-2.6639615811849344,84.45904691401712,168.91809382803424,,,,,,
2026-10-02,OVSAB1,UNIDAS LOCACOES E SERVICOS S.A.,UNIDAS LOCACOES E SERVICOS S/A,Unidas,CVM FRE,DI_MAIS,N,Quirografária,S,UNIDAS LOCACOES E SERVICOS S/A,75609123000123,2.3561,0.0348,1032.592798,2032-01-20,,,3.3958,ok DI+,ok DI+,235.61,11,3.393703278045121,-0.061744565489100255,3.3155847849274456,16.83104577449742,3.4015420309142064,1.679054348701503,-1.6369726363217096,-3.233165974268082,-6.3081905082507,3.3997400137999323,1.6788311996818444,-1.6367535852456008,-3.231429556054958,-6.2945486543649425,35.53068542705896,71.06137085411792,,,,,,
2026-10-02,OZNH11,OZN HEALTH SPE S.A,OZN HEALTH SPE S.A,Ozn Health,CVM FRE,DI_MAIS,N,Quirografária,S,OZN HEALTH SPE S.A,18080368000172,1.8339,0.2053,924.290073,2031-11-26,,,2.1864,ok DI+,ok DI+,183.39000000000001,62,2.185362871462429,-0.047435443540568334,2.1460072446036427,8.604524030404919,2.1898106944306273,1.0838560747397752,-1.0623431903870384,-2.103740250160191,-4.125872701905553,2.189029864755667,1.0837592773398275,-1.0622479672638152,-2.102984624451618,-4.119924008599187,42.728187535515815,85.45637507103163,,,,,,
2026-10-02,PALFA4,COMPANHIA PAULISTA DE FORÇA E LUZ,COMPANHIA PAULISTA DE FORCA E LUZ,State Grid,CVM FRE,DI_MAIS,N,Quirografária,S,COMPANHIA PAULISTA DE FORCA E LUZ,33050196000188,0.3154,0.0484,288.818069,2027-09-05,,,0.5196,ok DI+,ok DI+,31.540000000000003,4,0.5198039217174072,0.03924590404296392,0.5181696147524778,0.8615466672430082,0.5225164189431197,0.260166601745504,-0.2580126903482416,-0.5139002343832022,-1.0194123239297692,0.5224773480886928,0.2601617407102927,-0.2580078740421851,-0.5138618814162628,-1.0191082961600957,30.434050069750043,60.868100139500086,,,,,,
2026-10-02,PALFA5,COMPANHIA PAULISTA DE FORÇA E LUZ,COMPANHIA PAULISTA DE FORCA E LUZ,State Grid,CVM FRE,DI_MAIS,N,Quirografária,S,COMPANHIA PAULISTA DE FORCA E LUZ,33050196000188,0.4549,0.0098,1009.245853,2029-09-10,,,2.0766,ok DI+,ok DI+,45.49,12,2.077562297650537,0.04634005829418347,2.0681542639040376,6.832852398165546,2.102823601305892,1.0426809019153493,-1.0255979278564586,-2.034481583873493,-4.003532192199987,2.1023185258948653,1.042618197449726,-1.0255360664543118,-2.0339900019132098,-3.9996514798447644,10.997728939747683,21.995457879495365,,,,,,
2026-10-02,PALFA6,COMPANHIA PAULISTA DE FORÇA E LUZ,COMPANHIA PAULISTA DE FORCA E LUZ,State Grid,CVM FRE,DI_MAIS,N,Quirografária,S,COMPANHIA PAULISTA DE FORCA E LUZ,33050196000188,0.4833,0.0476,1020.422498,2030-02-15,,,2.355,ok DI+,ok DI+,48.330000000000005,14,2.3561330167165666,0.04811111323000536,2.3448005954388105,8.60179081215949,2.3885015035079338,1.183238398965325,-1.161732685280914,-2.3024638008498965,-4.522866626643762,2.387809549499608,1.1831525362346047,-1.1616480592042058,-2.301791641378013,-4.517565374634431,10.305780392160688,20.611560784321377,,,,,,
2026-10-02,PALFA8,COMPANHIA PAULISTA DE FORÇA E LUZ,COMPANHIA PAULISTA DE FORCA E LUZ,State Grid,CVM FRE,DI_MAIS,N,Quirografária,S,COMPANHIA PAULISTA DE FORCA E LUZ,33050196000188,0.2815,0.0149,454.977227,2026-12-19,,,0.2103,ok DI+,ok DI+,28.15,1,0.2103174603174603,0.00830257606291249,0.209727078591226,0.25312378280623204,0.21100207120567926,0.10518111103807737,-0.10454829223149886,-0.20847068434104443,-0.41446489856300506,0.2109926975052572,0.1051799440241208,-0.10454713456710522,-0.20846145967719484,-0.4143916815263274,67.11102874528302,134.22205749056604,,,,,,
2026-10-02,PASS12,COMPASS GAS E ENERGIA S.A,COMPASS GAS E ENERGIA S.A,Compass,CVM FRE,DI_MAIS,N,Quirografária,S,COMPASS GAS E ENERGIA S.A,21389501000181,0.95,0.0016,1081.752537,2030-11-01,,,2.7088,ok DI+,ok DI+,95.0,9,2.7138777589569374,0.18745418476584816,2.688338542800334,11.430929202346505,2.7465387986797873,1.358587568265035,-1.3300081625031046,-2.6321961674881655,-5.156029152352437,2.7454931888120666,1.3584579329031001,-1.3298806098972338,-2.6311838967886017,-5.148058501553738,17.668905624706465,35.33781124941293,,,,,,
2026-10-02,PASS13,COMPASS GAS E ENERGIA S.A,COMPASS GAS E ENERGIA S.A,Compass,CVM FRE,DI_MAIS,N,Quirografária,S,COMPASS GAS E ENERGIA S.A,21389501000181,0.7455,0.0717,1014.286807,2029-03-15,,,2.1164,ok DI+,ok DI+,74.55000000000001,5,2.1173779121979233,0.0462063975582689,2.101709666633173,6.86299937437374,2.136523346983754,1.0594955013900398,-1.042337185931097,-2.06788027576873,-4.069993813140815,2.136024663505042,1.0594335825345538,-1.0422760840986194,-2.0673946697613044,-4.066159345778871,17.735561001492925,35.47112200298585,,,,,,
2026-10-02,PASS14,COMPASS GAS E ENERGIA S.A,COMPASS GAS E ENERGIA S.A,Compass,CVM FRE,DI_MAIS,N,Quirografária,S,COMPASS GAS E ENERGIA S.A,21389501000181,0.7616,0.0599,1045.456753,2030-06-01,,,2.8263,ok DI+,ok DI+,76.16000000000001,8,2.830140426128021,0.13588175805898728,2.808748993791306,12.054321272898447,2.8701219678779033,1.4195789545171866,-1.3894409721386114,-2.7495438729159827,-5.384809970731396,2.8690206001557987,1.4194423984867761,-1.3893065953045303,-2.748477387426814,-5.376411562124644,13.557637255651972,27.115274511303944,,,,,,
2026-10-02,PASS24,COMPASS GAS E ENERGIA S.A,COMPASS GAS E ENERGIA S.A,Compass,CVM FRE,DI_MAIS,N,Quirografária,S,COMPASS GAS E ENERGIA S.A,21389501000181,,,,2032-06-01,,,,fora do escopo (não IPCA+ nem DI+),,,,,,,,,,,,,,,,,,,,,,,,,
2026-10-02,PEJA21,PRIO FORTE S.A,PRIO FORTE S.A.,Prio Forte,CVM FRE,DI_MAIS,N,Quirografária,S,PRIO FORTE S.A.,08926302000105,1.0676,0.0422,1027.943991,2027-08-15,,,0.8225,ok DI+,ok DI+,106.76000000000002,2,0.8229459118307301,0.054214204344080405,0.814252947364665,1.4843868384681964,0.8217452256833901,0.4089907081769706,-0.40527965823100587,-0.8069000309404828,-1.5993651432058886,0.8216748815570061,0.40898195723041775,-0.4052709901342473,-0.8068310131723241,-1.598818157959966,65.55702398470244,131.11404796940488,,,,,,
2026-10-02,PFOR15,PRIO FORTE S.A,PRIO FORTE S.A.,Prio Forte,CVM FRE,DI_MAIS,N,Quirografária,S,PRIO FORTE S.A.,08926302000105,1.2112,0.0789,1016.69212,2030-02-20,,,2.3842,ok DI+,ok DI+,121.12000000000002,7,2.3852712877551525,0.04493279738078345,2.3567266149943413,8.656342674527684,2.400708811720542,1.1892706521483332,-1.167628534517029,-2.3141252002631174,-4.545691265090235,2.4000083283669795,1.1891837358403303,-1.167542879154011,-2.313444901621703,-4.540326376498129,25.69665892288717,51.39331784577434,,,,,,
2026-10-02,PFOR16,PRIO FORTE S.A,PRIO FORTE S.A.,Prio Forte,CVM FRE,DI_MAIS,N,Quirografária,S,PRIO FORTE S.A.,08926302000105,1.225,0.0529,1038.667656,2030-07-15,,,2.6019,ok DI+,ok DI+,122.5,8,2.6035641138429666,0.06395764030003064,2.5720564226653164,10.260341433862472,2.624247071189467,1.2989638906331091,-1.273311344910355,-2.5216165711283933,-4.9456970808424705,2.623358129834629,1.2988536381249862,-1.2732027845403302,-2.520754715496004,-4.938906016653384,23.813630004480675,47.62726000896135,,,,,,
2026-10-02,PFOR25,PRIO FORTE S.A,PRIO FORTE S.A.,Prio Forte,CVM FRE,DI_MAIS,N,Quirografária,S,PRIO FORTE S.A.,08926302000105,1.3344,0.1631,1017.696543,2032-02-20,,,3.5554,ok DI+,ok DI+,133.44,11,3.551292705188937,-0.11552272068017602,3.504528279822979,18.333364323529175,3.598208899499711,1.775430166080394,-1.7295920738424453,-3.414800314264388,-6.65761539026729,3.5961951014406255,1.775180845315901,-1.729347434507078,-3.412861458205333,-6.642389273175375,19.038225596333373,38.076451192666745,,,,,,
2026-10-02,PFOR26,PRIO FORTE S.A,PRIO FORTE S.A.,Prio Forte,CVM FRE,DI_MAIS,N,Quirografária,S,PRIO FORTE S.A.,08926302000105,1.3662,0.0743,1041.815282,2032-07-15,,,3.6811,ok DI+,ok DI+,136.62,12,3.6771988871118655,-0.10597682453979322,3.6276380954518026,19.987475812537642,3.7298809506687736,1.8390887020506508,-1.7891144197807463,-3.5299166607228982,-6.8729147677009,3.7275754745144907,1.8388033924915732,-1.7888347029602292,-3.527700716389114,-6.855526674652852,18.83043407379709,37.66086814759418,,,,,,
2026-10-02,PGMN18,EMPREENDIMENTOS PAGUE MENOS S/A,EMPREENDIMENTOS PAGUE MENOS S/A,Empreendimentos Pague,inferido,DI_MAIS,N,Quirografária,S,EMPREENDIMENTOS PAGUE MENOS S/A,06626253000151,1.8916,0.1214,1034.943325,2029-06-25,,,2.2254,ok DI+,ok DI+,189.16,6,2.2283191392668633,0.1311736886341003,2.186950778343714,7.554714688536927,2.225298420890587,1.1029900443564111,-1.0841022838437242,-2.1497356867206774,-4.227215132611595,2.2247243517863984,1.1029187825325282,-1.0840319958111857,-2.1491772049010294,-4.222807262916689,43.24742967998124,86.49485935996248,,,,,,
2026-10-02,PLSB2A,AUTOPISTA LITORAL SUL S/A.,AUTOPISTA LITORAL SUL S/A.,Isolada (a identificar),,DI_MAIS,N,Quirografária,S,AUTOPISTA LITORAL SUL S/A.,09313969000197,1.2985,0.061,870.157508,2028-10-15,,,0.9892,ok DI+,ok DI+,129.85,5,0.9921842285487154,0.30168100977713147,0.9794658643007699,2.36044069016405,0.991407711883352,0.4927008384505438,-0.48679953990717895,-0.9678001556002291,-1.9128026889558836,0.9912680677515902,0.49268348301309006,-0.4867823812876798,-0.9676636608499496,-1.9117229147982588,66.28612835461016,132.5722567092203,,,,,,
2026-10-02,PRLG17,PROLAGOS S/A - C.S.PUBL. DE ÁGUA E ESGOTO,PROLAGOS S/A - CONCESSIONARIA DE SERVICOS PUBLICOS DE AGUA E ESGOTO,Aegea,CVM FRE,DI_MAIS,N,Quirografária,S,PROLAGOS S/A - CONCESSIONARIA DE SERVICOS PUBLICOS DE AGUA E ESGOTO,02382073000110,0.9708,0.0716,1078.288963,2030-04-10,,,2.6629,ok DI+,ok DI+,97.08,8,2.6697092149924924,0.255706748000012,2.644040866262813,10.996389114162927,2.700000365695221,1.3358871471618627,-1.308394284425063,-2.590006220986074,-5.075616480396283,2.6990228118336277,1.3357659195241103,-1.308274946738703,-2.5890589206919987,-5.068153950242368,18.358263905583375,36.71652781116675,,,,,,
2026-10-02,PSAN13,PARSAN S.A.,PARSAN S.A.,Isolada (a identificar),,DI_MAIS,N,Quirografária,S,PARSAN S.A.,44854238000150,2.35,0.0,1004.805972,2030-03-18,,,2.4257,ok DI+,ok DI+,235.0,7,2.426107013728282,0.01677922778093387,2.370402553715957,8.705699533727591,2.414634248296177,1.1961706563517804,-1.174405145417412,-2.327557051494189,-4.572077505779615,2.413931051384595,1.196083401275138,-1.174319152440819,-2.3268740560473193,-4.566691116757362,49.56963947570904,99.13927895141808,,,,,,
2026-10-02,PSAN23,PARSAN S.A.,PARSAN S.A.,Isolada (a identificar),,DI_MAIS,N,Quirografária,S,PARSAN S.A.,44854238000150,2.3825,0.0578,1014.722771,2030-03-18,,,2.7406,ok DI+,ok DI+,238.25,7,2.740437461313841,-0.005930770129140713,2.6766658963336907,10.75853765769426,2.731387362140869,1.3518963227453717,-1.324998228228702,-2.623773967406995,-5.145259694803384,2.7304585846221623,1.3517811202389631,-1.3248847760947278,-2.6228732080452195,-5.138161039513497,44.504994128392745,89.00998825678549,,,,,,
2026-10-02,QUAL16,QUALICORP S/A,QUALICORP CONSULTORIA E CORRETORA DE SEGUROS S.A.,Qualicorp Consultoria,inferido,DI_MAIS,N,Quirografária,S,QUALICORP CONSULTORIA E CORRETORA DE SEGUROS S.A.,11992680000193,3.5622,0.0905,260.254778,2027-06-03,,,0.6156,ok DI+,ok DI+,356.22,2,0.6164675717385472,0.14093108163533524,0.5952631092604707,0.9436491763401768,0.6000218706992744,0.2988161581650717,-0.29645699101236156,-0.5905846719145291,-1.1719689507720843,0.5999813551421715,0.2988111161006606,-0.29645199315981013,-0.5905448633787699,-1.1716532349941378,299.2122260377873,598.4244520755745,,,,,,
2026-10-02,QUAL17,QUALICORP S/A,QUALICORP CONSULTORIA E CORRETORA DE SEGUROS S.A.,Qualicorp Consultoria,inferido,DI_MAIS,N,Quirografária,S,QUALICORP CONSULTORIA E CORRETORA DE SEGUROS S.A.,11992680000193,,,,2028-03-15,,,,fora do escopo (não IPCA+ nem DI+),,,,,,,,,,,,,,,,,,,,,,,,,
2026-10-02,QUAL18,QUALICORP S/A,QUALICORP CONSULTORIA E CORRETORA DE SEGUROS S.A.,Qualicorp Consultoria,inferido,DI_MAIS,N,Quirografária,S,QUALICORP CONSULTORIA E CORRETORA DE SEGUROS S.A.,11992680000193,5.3121,1.2338,1031.856646,2029-10-15,,,1.5491,ok DI+,ok DI+,531.21,7,1.5539267304911055,0.31158288626335306,1.4755443396258412,4.217782902222706,1.496916529293757,0.7430795834207471,-0.7325346857289583,-1.4547316503608188,-2.8689156228346224,1.4966332541369547,0.7430443984406989,-0.7324999411851423,-1.4544554251147277,-2.866733021207228,180.00475679866753,360.00951359733506,,,,,,
2026-10-02,QUNT11,QUANTUM PARTICIPACOES S.A.,QUANTUM PARTICIPACOES S.A.,Isolada (a identificar),,DI_MAIS,N,Real,S,QUANTUM PARTICIPACOES S.A.,28367479000118,0.7866,0.0491,1062.675546,2031-11-18,,,2.9678,ok DI+,ok DI+,78.66,11,2.9701916504507,0.08058664501314854,2.947010466124168,14.332342224239584,3.0201728743839196,1.4916065173932846,-1.4557722893150826,-2.8767954648892258,-5.618742367258767,3.018672177245366,1.4914206608423834,-1.4555898052817846,-2.87534875500297,-5.607374087763544,13.345727968087537,26.691455936175075,,,,,,
2026-10-02,QYAN11,MANTIQUEIRA HOLDING S.A.,MANTIQUEIRA HOLDING S.A.,State Grid,CVM FRE,DI_MAIS,N,Real,S,MANTIQUEIRA HOLDING S.A.,46568486000160,0.7581,0.0781,1064.129109,2032-11-18,,,3.1889,ok DI+,ok DI+,75.81,13,3.190557202139635,0.05196783027486124,3.1665515746521966,16.189060033860006,3.2492831598481597,1.6037332242122115,-1.5632563439140101,-3.0873248407312093,-6.022813550127603,3.247496874821497,1.6035121123684233,-1.5630394622837736,-3.0856062744828967,-6.009321948627194,11.970435063627018,23.940870127254037,,,,,,
2026-10-02,RADL15,RAIA DROGASIL S/A,RAIA DROGASIL S/A,Raia Drogasil,CVM FRE,DI_MAIS,N,Quirografária,S,RAIA DROGASIL S/A,61585865000151,0.6413,0.0555,1041.777539,2029-01-25,,,1.591,ok DI+,ok DI+,64.13,5,1.5925636788128605,0.09828276636458638,1.5824156472669377,4.445760282257015,1.6049372561166786,0.7968013967325938,-0.785686548139064,-1.5604724837382178,-3.078173516627447,1.604644448678223,0.7967650239862902,-0.7856506232806476,-1.5601868458556527,-3.0759160888887354,20.26332339128529,40.52664678257058,,,,,,
2026-10-02,RADL19,RAIA DROGASIL S/A,RAIA DROGASIL S/A,Raia Drogasil,CVM FRE,DI_MAIS,N,Quirografária,S,RAIA DROGASIL S/A,61585865000151,0.4742,0.0339,1070.348897,2031-04-22,,,2.9978,ok DI+,ok DI+,47.419999999999995,10,3.0031010154914815,0.17683019185675006,2.9889275211860173,13.9079233055308,3.0598414647309724,1.5120189588617938,-1.477246230035334,-2.92071547941567,-5.710138834305267,3.058467137713671,1.511848664724922,-1.477078856461095,-2.9193879046583633,-5.6996965762614185,7.932611223236281,15.865222446472561,,,,,,
2026-10-02,RADLA0,RAIA DROGASIL S/A,RAIA DROGASIL S/A,Raia Drogasil,CVM FRE,DI_MAIS,N,Quirografária,S,RAIA DROGASIL S/A,61585865000151,0.5028,0.0076,1070.556973,2032-04-15,,,3.5102,ok DI+,ok DI+,50.28,12,3.513649894451082,0.09828199108546244,3.4960716462139185,18.94020435846066,3.5929178704904086,1.7719765974633983,-1.7246209656877065,-3.4034338488717952,-6.6295339383181995,3.5907726680062217,1.7717110785550352,-1.7243605676588831,-3.4013706244216153,-6.613339205258624,7.190928145658983,14.381856291317966,,,,,,
2026-10-02,RADLA1,RAIA DROGASIL S/A,RAIA DROGASIL S/A,Raia Drogasil,CVM FRE,DI_MAIS,N,Quirografária,S,RAIA DROGASIL S/A,61585865000151,0.5057,0.0305,1054.040953,2032-11-10,,,3.8275,ok DI+,ok DI+,50.57000000000001,13,3.826746685071829,-0.01968164410636448,3.807492197031441,22.268637232877655,3.9215437345066606,1.9319169001066117,-1.8762384306979185,-3.6987472809482114,-7.189981399227685,3.918835383195829,1.9315818950568175,-1.8759103019746235,-3.696149010867053,-7.169611649405329,6.640854056040817,13.281708112081635,,,,,,
2026-10-02,RAIZ14,RAIZEN S.A.,RAIZEN S.A.,Rumo,CVM FRE,DI_MAIS,N,Quirografária,S,RAIZEN S.A.,33453598000123,,,498.718095,2030-07-15,,,,fora do escopo (não IPCA+ nem DI+),,,,,,,,,,,,,,,,,,,,,,,,,
2026-10-02,RDORA5,REDE DOR SÃO LUIZ S/A,REDE DOR SAO LUIZ S/A,Rede Dor,CVM FRE,DI_MAIS,N,Quirografária,S,REDE DOR SAO LUIZ S/A,06047087000139,1.1652,0.0352,1108.326098,2032-10-15,,,3.8642,ok DI+,ok DI+,116.52000000000001,13,3.8643911258623462,0.004946065481765312,3.819881862401642,23.073193034598688,3.938141246633786,1.9391402209453235,-1.881449705619509,-3.707288727148994,-7.200026893524047,3.935247827574636,1.9387824224940695,-1.881099439907573,-3.704515897228649,-7.1782998641113105,15.251780578201096,30.503561156402192,,,,,,
2026-10-02,RDORB3,REDE DOR SÃO LUIZ S/A,REDE DOR SAO LUIZ S/A,Rede Dor,CVM FRE,DI_MAIS,N,Quirografária,S,REDE DOR SAO LUIZ S/A,06047087000139,0.9942,0.0377,1091.40816,2032-05-15,,,3.2525,ok DI+,ok DI+,99.41999999999999,12,3.254409479342009,0.058708050484523745,3.2223726504512236,16.35592045289291,3.3059184292887345,1.6318499059160496,-1.5909560306356596,-3.142294005857682,-6.130986740755173,3.3041522527156877,1.6316312257917278,-1.5907414246594955,-3.1405930481867586,-6.117626891844588,15.426521197987201,30.853042395974402,,,,,,
2026-10-02,RDORB5,REDE DOR SÃO LUIZ S/A,REDE DOR SAO LUIZ S/A,Rede Dor,CVM FRE,DI_MAIS,N,Quirografária,S,REDE DOR SAO LUIZ S/A,06047087000139,1.0266,0.0237,1109.734838,2032-10-15,,,3.6558,ok DI+,ok DI+,102.66,13,3.6574346075254067,0.044712717473783074,3.620268926723661,20.685771310622513,3.7261664718729604,1.8362970889101105,-1.7845764899532268,-3.5192099711706226,-6.845407645036172,3.7236977832767733,1.8359916775001088,-1.7842772492235524,-3.5168400701705487,-6.826822427234871,14.17850470198455,28.3570094039691,,,,,,
2026-10-02,RDORB9,REDE DOR SÃO LUIZ S/A,REDE DOR SAO LUIZ S/A,Rede Dor,CVM FRE,DI_MAIS,N,Quirografária,S,REDE DOR SAO LUIZ S/A,06047087000139,1.0011,0.0236,1044.94861,2031-08-20,,,2.9794,ok DI+,ok DI+,100.11000000000001,10,2.9783093805636898,-0.03660533786367324,2.948789053350597,13.354779341789953,3.016868726120947,1.491249802800687,-1.4578600836343103,-2.8832765785165804,-5.640404732389104,3.0155629500595467,1.491088000852536,-1.4577010524980611,-2.8820151566416476,-5.630482519865395,16.974764587899028,33.949529175798055,,,,,,
2026-10-02,RDORC3,REDE DOR SÃO LUIZ S/A,REDE DOR SAO LUIZ S/A,Rede Dor,CVM FRE,DI_MAIS,N,Quirografária,S,REDE DOR SAO LUIZ S/A,06047087000139,1.0295,0.0534,1090.16853,2032-05-15,,,3.2515,ok DI+,ok DI+,102.95,12,3.253417878851418,0.05898443338207077,3.2202652481220024,16.337831772038857,3.3037178897562747,1.6307732611771986,-1.5899246154493007,-3.140274478025107,-6.127113626629155,3.301954406982197,1.63055491377605,-1.5897103343459527,-3.138576089261808,-6.113773860803228,15.98470810130291,31.96941620260582,,,,,,
2026-10-02,RDORC4,REDE DOR SÃO LUIZ S/A,REDE DOR SAO LUIZ S/A,Rede Dor,CVM FRE,DI_MAIS,N,Quirografária,S,REDE DOR SAO LUIZ S/A,06047087000139,0.3843,0.0201,1009.398453,2027-09-15,,,0.9088,ok DI+,ok DI+,38.43,2,0.9091517553381836,0.038705472951534536,0.9056712606833773,1.7372600691008742,0.914442890113043,0.4550178190693144,-0.4506745655719291,-0.8970686351124191,-1.7772602903056267,0.9143575610288815,0.4550072054280647,-0.4506640552553125,-0.8969849603378729,-1.776597319984737,21.216307543535446,42.43261508707089,,,,,,
2026-10-02,RDORC7,REDE DOR SÃO LUIZ S/A,REDE DOR SAO LUIZ S/A,Rede Dor,CVM FRE,DI_MAIS,N,Quirografária,S,REDE DOR SAO LUIZ S/A,06047087000139,0.4842,0.0238,1045.657772,2029-06-20,,,1.4731,ok DI+,ok DI+,48.42,6,1.4752039077057257,0.1428217843816211,1.4680953898281777,4.2975507597232685,1.4898815748917382,0.7394566925250201,-0.7287123357090586,-1.4468983844405536,-2.852536144889428,1.4895831436267941,0.739419633363743,-0.7286757564644347,-1.4466076360295614,-2.8502397644618904,16.49075405300025,32.9815081060005,,,,,,
2026-10-02,RDORC9,REDE DOR SÃO LUIZ S/A,REDE DOR SAO LUIZ S/A,Rede Dor,CVM FRE,DI_MAIS,N,Quirografária,S,REDE DOR SAO LUIZ S/A,06047087000139,0.9895,0.0361,1045.306269,2031-08-20,,,2.9796,ok DI+,ok DI+,98.95000000000002,10,2.9785132310357407,-0.03647365298225599,2.9493296145002605,13.359143452245032,3.017431711313079,1.491525613125333,-1.4581249819962006,-2.883795896298902,-5.6414030919857865,3.0161253317614856,1.4913637365654364,-1.4579658779348237,-2.882533897239035,-5.63147635995562,16.774998547723577,33.549997095447154,,,,,,
2026-10-02,RDORD3,REDE DOR SÃO LUIZ S/A,REDE DOR SAO LUIZ S/A,Rede Dor,CVM FRE,DI_MAIS,N,Quirografária,S,REDE DOR SAO LUIZ S/A,06047087000139,1.0333,0.0485,1096.281847,2034-05-05,,,4.486,ok DI+,ok DI+,103.33000000000001,16,4.478513679922301,-0.16688185639096462,4.432710482506561,31.42891735393828,4.594477693861965,2.2562120362232374,-2.177625859047816,-4.279966238798494,-8.271212470512468,4.589855069276252,2.255641387945704,-2.1770690945608577,-4.27556589573687,-8.236842617934355,11.655396896299223,23.310793792598446,,,,,,
2026-10-02,RDORD4,REDE DOR SÃO LUIZ S/A,REDE DOR SAO LUIZ S/A,Rede Dor,CVM FRE,DI_MAIS,N,Quirografária,S,REDE DOR SAO LUIZ S/A,06047087000139,0.9213,0.0486,1013.732443,2031-09-15,,,3.6517,ok DI+,ok DI+,92.13000000000001,10,3.646482331973493,-0.14288326057745782,3.6131939758737683,19.12586962577865,3.7109345108435665,1.830765701863868,-1.7829461172307215,-3.5195972052810442,-6.859832482043071,3.7088233240026613,1.8305043249691078,-1.7826896509046608,-3.5175646277448758,-6.843870559231964,12.749107938180993,25.498215876361986,,,,,,
2026-10-02,RDORD7,REDE DOR SÃO LUIZ S/A,REDE DOR SAO LUIZ S/A,Rede Dor,CVM FRE,DI_MAIS,N,Quirografária,S,REDE DOR SAO LUIZ S/A,06047087000139,1.0154,0.0752,1033.996111,2030-02-20,,,2.3754,ok DI+,ok DI+,101.54000000000002,7,2.37648934003597,0.0458592252239599,2.352601029185619,8.647952590898258,2.3965415524173306,1.187197404976259,-1.1655762601228026,-2.310041802646434,-4.537609651930596,2.3958407921401106,1.1871104553314324,-1.1654905738541868,-2.309361266231128,-4.532243006553273,21.580369714270955,43.16073942854191,,,,,,
2026-10-02,RDORE4,REDE DOR SÃO LUIZ S/A,REDE DOR SAO LUIZ S/A,Rede Dor,CVM FRE,DI_MAIS,N,Quirografária,S,REDE DOR SAO LUIZ S/A,06047087000139,1.1303,0.0795,1015.569295,2034-09-15,,,4.8762,ok DI+,ok DI+,113.03,16,4.856740139962115,-0.39907838148322056,4.802457957666609,35.215461413211216,4.983892155899916,2.4459093329680215,-2.3578540963278494,-4.631472039361329,-8.94034486118569,4.978535264732665,2.445248305599818,-2.3572096520667905,-4.626380650600552,-8.900606687068993,11.767932275134209,23.535864550268418,,,,,,
2026-10-02,RDORF1,REDE DOR SÃO LUIZ S/A,REDE DOR SAO LUIZ S/A,Rede Dor,CVM FRE,DI_MAIS,N,Quirografária,S,REDE DOR SAO LUIZ S/A,06047087000139,1.0482,0.0293,1039.810236,2033-06-10,,,4.0767,ok DI+,ok DI+,104.82,14,4.071378730185914,-0.13052885456585214,4.029145229886246,24.98796566327806,4.157304905677606,2.046205619360153,-1.9837271025789804,-3.907287525717107,-7.582668572403106,4.154085058202636,2.0458075720222206,-1.9833376578640254,-3.904205401569856,-7.5585311465069305,13.007721739898585,26.01544347979717,,,,,,
2026-10-02,RDORF8,REDE DOR SÃO LUIZ S/A,REDE DOR SAO LUIZ S/A,Rede Dor,CVM FRE,DI_MAIS,N,Quirografária,S,REDE DOR SAO LUIZ S/A,06047087000139,1.1221,0.0625,1056.782666,2035-11-20,,,4.7047,ok DI+,ok DI+,112.21000000000002,19,4.69343022599249,-0.2395428828088945,4.6413496416633855,34.60695839943794,4.819770412942792,2.364597906967547,-2.2780634130968425,-4.473427078108372,-8.630436119817542,4.814384433660575,2.36393351883099,-2.277416122832395,-4.4683148496661955,-8.590560115338011,12.088078755448572,24.176157510897145,,,,,,
2026-10-02,RDORG6,REDE DOR SÃO LUIZ S/A,REDE DOR SAO LUIZ S/A,Rede Dor,CVM FRE,DI_MAIS,N,Quirografária,S,REDE DOR SAO LUIZ S/A,06047087000139,0.9966,0.0357,1016.860183,2032-08-20,,,4.0681,ok DI+,ok DI+,99.66000000000001,12,4.059449688906787,-0.21263762181887563,4.019392424009112,24.03314469174104,4.142536095848137,2.0401059406776945,-1.9800154141170867,-3.902081945123459,-7.580500018979297,4.139558147467818,2.039737642869232,-1.9796547811398797,-3.8992267005504067,-7.558121954183402,12.397396109508872,24.794792219017744,,,,,,
2026-10-02,RDORG9,REDE DOR SÃO LUIZ S/A,REDE DOR SAO LUIZ S/A,Rede Dor,CVM FRE,DI_MAIS,N,Quirografária,S,REDE DOR SAO LUIZ S/A,06047087000139,1.1102,0.0169,1043.543024,2036-01-10,,,4.8373,ok DI+,ok DI+,111.02000000000001,19,4.820743041107778,-0.3422768670998715,4.767810805544622,35.909233297643304,4.953006736513532,2.4294887751943106,-2.3396975760276773,-4.593624354630221,-8.85923274858711,4.947356972032839,2.428791944394365,-2.339018861150257,-4.588264639056405,-8.817436945136379,11.642659967850623,23.285319935701246,,,,,,
2026-10-02,RDORH6,REDE DOR SÃO LUIZ S/A,REDE DOR SAO LUIZ S/A,Rede Dor,CVM FRE,DI_MAIS,N,Quirografária,S,REDE DOR SAO LUIZ S/A,06047087000139,1.0775,0.0237,1020.408805,2035-08-20,,,4.806,ok DI+,ok DI+,107.75,18,4.787959809710973,-0.37536808757859463,4.736919502076103,34.63970242058691,4.915401551060583,2.412411292694472,-2.325795567068989,-4.568740839209495,-8.820218306782678,4.910118014179037,2.411759379063785,-2.3251601230123176,-4.563720989973168,-8.781044955740468,11.373425276994384,22.746850553988768,,,,,,
2026-10-02,RDORI6,REDE DOR SÃO LUIZ S/A,REDE DOR SAO LUIZ S/A,Rede Dor,CVM FRE,DI_MAIS,N,Quirografária,S,REDE DOR SAO LUIZ S/A,06047087000139,1.2059,0.0414,1037.996239,2040-08-20,,,5.9419,ok DI+,ok DI+,120.59,28,5.902467484065164,-0.6636347958537969,5.832137735117383,57.48921531021475,6.131782487202897,2.9894281054561933,-2.8456533460278544,-5.556062006662799,-10.60243231490039,6.119583811668456,2.9879303866964597,-2.844207348420923,-5.544691658566308,-10.51449116403047,10.33840467054512,20.67680934109024,,,,,,
2026-10-02,RECV12,PETRORECONCAVO S.A.,PETRORECONCAVO S.A.,Petroreconcavo,inferido,DI_MAIS,N,Quirografária,S,PETRORECONCAVO S.A.,03342704000130,0.8614,0.1003,1075.918485,2029-10-15,,,2.043,ok DI+,ok DI+,86.14,7,2.049000529060467,0.2937116524947026,2.0315011779139165,6.9204514264917085,2.066630677237802,1.0244665969913358,-1.007164564096208,-1.997411687494477,-3.9286397894223057,2.066103435046375,1.0244011532400727,-1.0071000246738435,-1.9968989207814578,-3.9245933272979983,21.201070650732873,42.40214130146575,,,,,,
2026-10-02,RECV13,PETRORECONCAVO S.A.,PETRORECONCAVO S.A.,Petroreconcavo,inferido,DI_MAIS,N,Quirografária,S,PETRORECONCAVO S.A.,03342704000130,0.6808,0.075,1050.875055,2032-07-04,,,3.4346,ok DI+,ok DI+,68.08,12,3.4329823039172203,-0.04709998494089094,3.409768599293232,17.782965760127656,3.500648788262062,1.7273563020894,-1.682894264906798,-3.3227451283930343,-6.478727817247143,3.4986834280938703,1.727113006846776,-1.6826555924464563,-3.3208537704925942,-6.463877883383912,9.98308213849342,19.96616427698684,,,,,,
2026-10-02,RENTA5,LOCALIZA RENT A CAR,LOCALIZA RENT A CAR S/A,Localiza,inferido,DI_MAIS,N,Quirografária,S,LOCALIZA RENT A CAR S/A,16670085000155,1.2912,0.0334,1065.151981,2033-08-11,,,3.9354,ok DI+,ok DI+,129.12,14,3.9276379407850563,-0.19723685559139256,3.877570747295971,22.980548278852208,3.9953355409344526,1.9678649710550555,-1.9104061364905833,-3.765410569161276,-7.317019778079603,3.9924734886902327,1.967511058996551,-1.9100596882994203,-3.76266800590171,-7.295530529014899,16.649599506345822,33.299199012691645,,,,,,
2026-10-02,RENTC4,LOCALIZA RENT A CAR,LOCALIZA RENT A CAR S/A,Localiza,inferido,DI_MAIS,N,Quirografária,S,LOCALIZA RENT A CAR S/A,16670085000155,1.3714,0.1934,1065.230965,2028-11-25,,,1.8013,ok DI+,ok DI+,137.14,5,1.8051460144232414,0.21351326393390918,1.7807251497199816,5.304795602496776,1.8076073662717906,0.8970380674830691,-0.8837755254712865,-1.7545505587168164,-3.4581153180077484,1.807249127732466,0.8969935693631119,-0.8837315803568699,-1.754201171707498,-3.4553543873900283,38.506784727998365,77.01356945599673,,,,,,
2026-10-02,RENTC8,LOCALIZA RENT A CAR,LOCALIZA RENT A CAR S/A,Localiza,inferido,DI_MAIS,N,Quirografária,S,LOCALIZA RENT A CAR S/A,16670085000155,1.3493,0.2202,1025.062486,2029-02-27,,,2.0542,ok DI+,ok DI+,134.93,5,2.055519547200042,0.06423654951038055,2.028153669734317,6.482598094217469,2.0610294801100437,1.02223755419113,-1.006030311918249,-1.9961915421809584,-3.930216193863889,2.0605666602054047,1.0221800824849305,-1.0059735872493867,-1.9957406792632297,-3.926655377584285,33.26424472009448,66.52848944018896,,,,,,
2026-10-02,RENTD0,LOCALIZA RENT A CAR,LOCALIZA RENT A CAR S/A,Localiza,inferido,DI_MAIS,N,Quirografária,S,LOCALIZA RENT A CAR S/A,16670085000155,1.1089,0.0746,1061.088669,2030-12-10,,,2.8071,ok DI+,ok DI+,110.89,9,2.8097896526153985,0.0958160598268081,2.778973614207452,12.003940116231282,2.8401065094090683,1.4046297335848612,-1.3746176406622346,-2.720031209147944,-5.326349544693231,2.8389933147886084,1.4044917322490151,-1.374481881958437,-2.718953913626296,-5.317868426090279,19.951610809306874,39.90322161861375,,,,,,
2026-10-02,RENTD5,LOCALIZA RENT A CAR,LOCALIZA RENT A CAR S/A,Localiza,inferido,DI_MAIS,N,Quirografária,S,LOCALIZA RENT A CAR S/A,16670085000155,1.0813,0.0952,1017.368228,2031-08-27,,,3.3203,ok DI+,ok DI+,108.13,10,3.3177806549970144,-0.07587702927403167,3.2822892612154915,16.028698705092953,3.364086618492057,1.6613853677291512,-1.6213099762730332,-3.2037412881092298,-6.25654650616656,3.3624327547409565,1.6611805039891119,-1.6211087572263798,-3.202145767690027,-6.244004548329124,16.471735333886674,32.94347066777335,,,,,,
2026-10-02,RENTD9,LOCALIZA RENT A CAR,LOCALIZA RENT A CAR S/A,Localiza,inferido,DI_MAIS,N,Quirografária,S,LOCALIZA RENT A CAR S/A,16670085000155,1.2999,0.086,1087.954357,2030-04-16,,,2.6527,ok DI+,ok DI+,129.99,8,2.658990912834943,0.23715131130331726,2.6248702247829887,10.885121609341022,2.680261550872176,1.326161276019433,-1.2989466081550272,-2.5713805002006485,-5.039410810646117,2.6792958328296934,1.3260415144031705,-1.298828710379818,-2.5704446167362835,-5.032038017379156,24.761224149804768,49.522448299609536,,,,,,
2026-10-02,RENTE2,LOCALIZA RENT A CAR,LOCALIZA RENT A CAR S/A,Localiza,inferido,DI_MAIS,N,Quirografária,S,LOCALIZA RENT A CAR S/A,16670085000155,1.1076,0.0443,1058.278495,2030-05-20,,,2.7656,ok DI+,ok DI+,110.75999999999999,8,2.7699481928532776,0.15722421367072564,2.7396043352362014,11.599713618901793,2.798650657755508,1.3844317288160823,-1.3554303918581478,-2.6826206606054392,-5.255207754307278,2.7976029033307106,1.384301809641728,-1.3553025255944735,-2.6816057671416926,-5.247214398094367,20.21459788470705,40.4291957694141,,,,,,
2026-10-02,RENTE3,LOCALIZA RENT A CAR,LOCALIZA RENT A CAR S/A,Localiza,inferido,DI_MAIS,N,Quirografária,S,LOCALIZA RENT A CAR S/A,16670085000155,1.1459,0.013,1032.541614,2031-07-17,,,2.9029,ok DI+,ok DI+,114.58999999999999,10,2.9032918221877666,0.013497612310682017,2.8703999096233916,12.797371680389908,2.935620673789674,1.4513495820786204,-1.4193535660395051,-2.8076055458363336,-5.494234317862445,2.934386768025341,1.4511966694121832,-1.4192032402112085,-2.8064130512214422,-5.484852385638985,19.960633292911904,39.92126658582381,,,,,,
2026-10-02,RENTE4,LOCALIZA RENT A CAR,LOCALIZA RENT A CAR S/A,Localiza,inferido,DI_MAIS,N,Quirografária,S,LOCALIZA RENT A CAR S/A,16670085000155,1.2264,0.0487,1027.243033,2032-08-01,,,3.4906,ok DI+,ok DI+,122.63999999999999,12,3.487110987135517,-0.09995453115462474,3.4448631850342566,18.02629583232513,3.536992894965718,1.7452118212114343,-1.7001413711788982,-3.3566545304946294,-6.544296814670069,3.5349946641958825,1.7449644623075349,-1.699898722726722,-3.3547317058726307,-6.529200453422011,17.800416651203005,35.60083330240601,,,,,,
2026-10-02,RENTE5,LOCALIZA RENT A CAR,LOCALIZA RENT A CAR S/A,Localiza,inferido,DI_MAIS,N,Quirografária,S,LOCALIZA RENT A CAR S/A,16670085000155,1.2876,0.0339,1013.886256,2032-08-27,,,3.8226,ok DI+,ok DI+,128.76,12,3.8159654436800814,-0.17356135405008646,3.7674556842891738,21.157842885155983,3.875727023084674,1.9104822696498047,-1.8575815535397777,-3.6640507955571278,-7.1304585704737855,3.8732448987149533,1.9101751457510319,-1.8572805385381415,-3.6616664698633934,-7.111754510875228,17.08845581607602,34.17691163215204,,,,,,
2026-10-02,RENTE9,LOCALIZA RENT A CAR,LOCALIZA RENT A CAR S/A,Localiza,inferido,DI_MAIS,N,Quirografária,S,LOCALIZA RENT A CAR S/A,16670085000155,1.2783,0.0637,1111.410006,2034-04-16,,,4.0286,ok DI+,ok DI+,127.83,16,4.026762388242531,-0.045614152744595425,3.9759379731319853,25.423427808778396,4.10645725155141,2.0201686644052197,-1.9566006480892129,-3.852071735868945,-7.468845419989978,4.103055112175878,2.0197482713269657,-1.9561897018050198,-3.8488208340880936,-7.443407390088404,16.075451989421232,32.150903978842464,,,,,,
2026-10-02,RENTF2,LOCALIZA RENT A CAR,LOCALIZA RENT A CAR S/A,Localiza,inferido,DI_MAIS,N,Quirografária,S,LOCALIZA RENT A CAR S/A,16670085000155,1.2353,0.0151,1062.895341,2032-05-20,,,3.777,ok DI+,ok DI+,123.53000000000002,12,3.7756523158715636,-0.035681337792866155,3.729580804197314,21.490423713306317,3.839605756496156,1.8919717306969952,-1.8382392456858798,-3.624598653056843,-7.048723370161058,3.837032922763846,1.8916534317402898,-1.8379273724570242,-3.6221286856307824,-7.0293531341285025,16.560842422421562,33.121684844843124,,,,,,
2026-10-02,RENTH7,LOCALIZA RENT A CAR,LOCALIZA RENT A CAR S/A,Localiza,inferido,DI_MAIS,N,Quirografária,S,LOCALIZA RENT A CAR S/A,16670085000155,1.312,0.0257,1036.77699,2033-06-23,,,4.0871,ok DI+,ok DI+,131.2,14,4.080307530167674,-0.1661928955084713,4.027467161015155,24.929292530740074,4.155323345952122,2.0452919939195846,-1.9829601906707572,-3.905893191719989,-7.5804107092284685,4.152113623668855,2.0448951961710025,-1.9825719648441522,-3.902820698361454,-7.556348471415508,16.288152671979827,32.57630534395965,,,,,,
2026-10-02,RENTQ8,LOCALIZA RENT A CAR,LOCALIZA RENT A CAR S/A,Localiza,inferido,DI_MAIS,N,Quirografária,S,LOCALIZA RENT A CAR S/A,16670085000155,1.3974,0.0484,1025.444839,2033-07-14,,,4.1381,ok DI+,ok DI+,139.74,14,4.129998646857419,-0.19577470681184286,4.0730814072721975,25.34776781864044,4.203101403083731,2.068631020064582,-2.0052527962162503,-3.9494827747522554,-7.663797499289027,4.1998202463654,2.068225413409399,-2.0048559938627983,-3.9463425681789945,-7.639207458171586,17.15408876317868,34.30817752635736,,,,,,
2026-10-02,RNDNA0,RANDON S.A. IMPLEMENTOS E PARTICIPACOES,RANDONCORP S.A.,Randoncorp,inferido,DI_MAIS,N,Quirografária,S,RANDONCORP S.A.,89086144001198,1.6021,0.0607,1060.131251,2027-11-09,,,0.9862,ok DI+,ok DI+,160.21,3,0.9885500599911836,0.23829446270367582,0.9729622320711713,1.975099781962832,0.9829381974025386,0.48896248579923807,-0.4840246118240965,-0.9631852060966839,-1.9072025103656798,0.9828377309809854,0.4889499907630392,-0.48401224130813203,-0.9630867331613571,-1.906422468503086,82.33104776274645,164.6620955254929,,,,,,
2026-10-02,RNDNA1,RANDON S.A. IMPLEMENTOS E PARTICIPACOES,RANDONCORP S.A.,Randoncorp,inferido,DI_MAIS,N,Quirografária,S,RANDONCORP S.A.,89086144001198,1.9432,0.0253,1030.518389,2031-05-17,,,3.2875,ok DI+,ok DI+,194.32000000000002,10,3.290137130226793,0.08021688902792107,3.227421868478519,16.05359043201957,3.309363581579472,1.633985243293412,-1.593847563926254,-3.1487683983227654,-6.146462014639242,3.3076898206386165,1.633777922279284,-1.5936439461992347,-3.147153916318421,-6.133771928316646,30.104524279561712,60.209048559123424,,,,,,
2026-10-02,RNDNA2,RANDON S.A. IMPLEMENTOS E PARTICIPACOES,RANDONCORP S.A.,Randoncorp,inferido,DI_MAIS,N,Quirografária,S,RANDONCORP S.A.,89086144001198,2.0398,0.0954,991.682613,2030-07-25,,,2.9526,ok DI+,ok DI+,203.98,8,2.9533509639754376,0.025433989549472468,2.894312772051139,12.580130630530418,2.9583746656048904,1.4630255199848063,-1.4315728788165893,-2.8325363092319256,-5.54587471602257,2.9572134252037907,1.4628815493137322,-1.4314312227374064,-2.8314121188984864,-5.537022931491669,35.238071360104534,70.47614272020907,,,,,,
2026-10-02,RNDNB0,RANDON S.A. IMPLEMENTOS E PARTICIPACOES,RANDONCORP S.A.,Randoncorp,inferido,DI_MAIS,N,Quirografária,S,RANDONCORP S.A.,89086144001198,1.9097,0.0468,1057.200815,2029-11-09,,,2.0919,ok DI+,ok DI+,190.97,7,2.0967123546932593,0.23004707171755193,2.0574217711299903,7.034550057907112,2.0931313035623234,1.0375707011546664,-1.0199834054153478,-2.022771068079665,-3.9782722481873867,2.092594521419526,1.037504073137379,-1.0199176979926112,-2.0222490208404547,-3.9741525411018386,46.41002702501642,92.82005405003284,,,,,,
2026-10-02,RNDNB2,RANDON S.A. IMPLEMENTOS E PARTICIPACOES,RANDONCORP S.A.,Randoncorp,inferido,DI_MAIS,N,Quirografária,S,RANDONCORP S.A.,89086144001198,1.9949,0.1725,991.917292,2032-07-25,,,3.9496,ok DI+,ok DI+,199.48999999999998,12,3.9429143245178926,-0.16927474888868832,3.8657955687175463,22.594726108766935,3.9815117068577877,1.9614804397080299,-1.904986694374211,-3.755453504906936,-7.300329310693776,3.978769199261381,1.961141191994732,-1.9046543767228146,-3.7528219381737116,-7.279696615259754,25.801933451201553,51.603866902403105,,,,,,
2026-10-02,RODB11,RODOVIAS DO BRASIL HOLDING S.A.,RODOVIAS DO BRASIL HOLDING S.A.,Isolada (a identificar),,DI_MAIS,N,Real,S,RODOVIAS DO BRASIL HOLDING S.A.,41508382000146,2.2834,0.0473,1512.493446,2030-05-10,,,2.2247,ok DI+,ok DI+,228.34,8,2.228781662085212,0.18347022453419393,2.1790257872589414,8.406998751181712,2.221775132824866,1.1001102515012517,-1.079091415410316,-2.1376837082229816,-4.195372727439139,2.22106078101485,1.1000216420684479,-1.0790041451904935,-2.136990793503033,-4.189911599494248,52.39497424379622,104.78994848759244,,,,,,
2026-10-02,RSAN15,COMPANHIA RIOGRANDENSE DE SANEAMENTO - CORSAN,COMPANHIA RIOGRANDENSE DE SANEAMENTO - CORSAN,Aegea,CVM FRE,DI_MAIS,N,Quirografária,S,COMPANHIA RIOGRANDENSE DE SANEAMENTO - CORSAN,92802784000190,2.3419,0.1187,1053.631535,2026-12-05,,,0.1706,ok DI+,ok DI+,234.19,1,0.17063492063492067,0.020469305346228275,0.1667302645689797,0.19071398508694293,0.1676906285382973,0.08360437068957172,-0.0831275793118813,-0.1657833846979928,-0.32969936127025257,0.16768383449441443,0.08360352476584855,-0.08312673980313118,-0.16577669464354503,-0.3296462494362206,702.3020103920929,1404.6040207841859,,,,,,
2026-10-02,RSAN25,COMPANHIA RIOGRANDENSE DE SANEAMENTO - CORSAN,COMPANHIA RIOGRANDENSE DE SANEAMENTO - CORSAN,Aegea,CVM FRE,DI_MAIS,N,Quirografária,S,COMPANHIA RIOGRANDENSE DE SANEAMENTO - CORSAN,92802784000190,2.5716,0.11,1060.829131,2028-12-05,,,1.8067,ok DI+,ok DI+,257.16,5,1.8100471608449886,0.1852637872911192,1.7646669846672847,5.2173854678597955,1.7911035149468457,0.8888986518820863,-0.8758546528437883,-1.738921091326029,-3.42768144770772,1.7907539120065836,0.8888552241684672,-0.8758117604988175,-1.7385800573279857,-3.4249862599773735,72.86360606119848,145.72721212239696,,,,,,
2026-10-02,SAELA4,ENERGISA PARAIBA - DISTR.DE ENERGIA S/A,ENERGISA PARAIBA - DISTRIBUIDORA DE ENERGIA S/A,Energisa,CVM FRE,DI_MAIS,N,Quirografária,S,ENERGISA PARAIBA - DISTRIBUIDORA DE ENERGIA S/A,09095183000140,0.6081,0.0509,1015.10652,2029-09-04,,,2.4543,ok DI+,ok DI+,60.809999999999995,6,2.455151894499874,0.03471028398623258,2.440312355068701,8.997518241067244,2.4860221934186244,1.2314927008922005,-1.2089976218793708,-2.3960264673995924,-4.706209046581833,2.4852999462740373,1.2314030753356844,-1.2089092797330165,-2.3953247638633646,-4.700674345316057,12.45947058246321,24.91894116492642,,,,,,
2026-10-02,SAELB6,ENERGISA PARAIBA - DISTR.DE ENERGIA S/A,ENERGISA PARAIBA - DISTRIBUIDORA DE ENERGIA S/A,Energisa,CVM FRE,DI_MAIS,N,Quirografária,S,ENERGISA PARAIBA - DISTRIBUIDORA DE ENERGIA S/A,09095183000140,0.7645,0.0753,1010.02142,2032-03-25,,,3.9422,ok DI+,ok DI+,76.45,11,3.9340444009745474,-0.2068793827165722,3.9041968163138288,22.270659101398316,4.018186117077072,1.980262881758188,-1.924579717777053,-3.795375211440377,-7.3828387841138206,4.01555011182082,1.9799367320336623,-1.9242600842801667,-3.792843520806838,-7.362980450599692,9.790746163276259,19.581492326552517,,,,,,
2026-10-02,SAPRB1,COMPANHIA DE SANEAMENTO DO PARANA - SANEPAR,COMPANHIA DE SANEAMENTO  DO PARANA - SANEPAR,Sanepar,CVM FRE,DI_MAIS,N,Quirografária,S,COMPANHIA DE SANEAMENTO  DO PARANA - SANEPAR,76484013000145,0.7613,0.0482,515.866332,2027-01-15,,,0.2778,ok DI+,ok DI+,76.13,1,0.2777777777777778,-0.007999360051188363,0.27567903329728555,0.34959507080573227,0.27744028809888466,0.13827816363991552,-0.13740416256198262,-0.2739441230971029,-0.5444698509558421,0.2774270086513142,0.13827651048714992,-0.1374025228101356,-0.2739310579432569,-0.5443661651784565,138.07723984199998,276.15447968399997,,,,,,
2026-10-02,SAPRB4,COMPANHIA DE SANEAMENTO DO PARANA - SANEPAR,COMPANHIA DE SANEAMENTO  DO PARANA - SANEPAR,Sanepar,CVM FRE,DI_MAIS,N,Quirografária,S,COMPANHIA DE SANEAMENTO  DO PARANA - SANEPAR,76484013000145,0.53,0.0406,1045.86703,2030-01-15,,,2.6307,ok DI+,ok DI+,53.0,7,2.6326805627945804,0.07528653189570703,2.6188009179295535,10.426428109576122,2.671826723512849,1.3225443450967989,-1.296476597876406,-2.567535599327675,-5.035904925581147,2.670933058477434,1.322433494101747,-1.2963674238278065,-2.566668777381673,-5.029073273667584,10.119134989822413,20.238269979644826,,,,,,
2026-10-02,SAPRC1,COMPANHIA DE SANEAMENTO DO PARANA - SANEPAR,COMPANHIA DE SANEAMENTO  DO PARANA - SANEPAR,Sanepar,CVM FRE,DI_MAIS,N,Quirografária,S,COMPANHIA DE SANEAMENTO  DO PARANA - SANEPAR,76484013000145,0.9433,0.0649,1086.835832,2028-04-15,,,1.323,ok DI+,ok DI+,94.33,4,1.327153815365056,0.3139694153481475,1.3147517619941649,3.22130587868942,1.3310459177394707,0.6614258353719427,-0.65337231252105,-1.2988287272107435,-2.566529363464831,1.330858291387612,0.6614025133454443,-0.6533492486487207,-1.2986452326007178,-2.5650774064145416,35.87369217780088,71.74738435560177,,,,,,
2026-10-02,SBFC13,SBF COMERCIO DE PRODUTOS ESPORTIVOS S.A.,SBF COMERCIO DE PRODUTOS ESPORTIVOS S.A.,Sbf Comercio,CVM FRE,DI_MAIS,N,Quirografária,S,SBF COMERCIO DE PRODUTOS ESPORTIVOS S.A.,06347409000165,0.8344,0.0481,358.425628,2027-04-29,,,0.52,ok DI+,ok DI+,83.44000000000001,2,0.5210879301393849,0.20921733449709756,0.516775951599241,0.7948002344814462,0.5207837806821436,0.2593856859028021,-0.257398648261864,-0.5128351870409831,-1.0179194923379487,0.5207499527716482,0.2593814760927223,-0.25739447550651867,-0.5128019504268337,-1.017655898508853,80.73131087251872,161.46262174503744,,,,,,
2026-10-02,SBIOA4,SMARTFIT ESCOLA DE GINASTICA E DANCA S/A,SMARTFIT ESCOLA DE GINASTICA E DANCA S/A,Smartfit Escola,inferido,DI_MAIS,N,Quirografária,S,SMARTFIT ESCOLA DE GINASTICA E DANCA S/A,07594978000178,0.7452,0.0524,1003.392155,2031-03-15,,,3.1069,ok DI+,ok DI+,74.52,9,3.105343557796916,-0.05009630831645109,3.082373708918059,14.062267228756962,3.15405048654942,1.5589339042453965,-1.5237753776246032,-3.013382055612024,-5.893884874541233,3.1526850450618435,1.5587646884949755,-1.523609020423083,-3.012062372774274,-5.883502073260978,12.088086493924383,24.176172987848766,,,,,,
2026-10-02,SBSPA1,CIA. DE SANEAMENTO BÁSICO DO ESTADO DE SP - SABESP,CIA SANEAMENTO BASICO EST. SP - SABESP,Sabesp,inferido,DI_MAIS,N,Quirografária,S,CIA SANEAMENTO BASICO EST. SP - SABESP,43776517000180,0.4659,0.0462,1016.610404,2029-02-20,,,2.0593,ok DI+,ok DI+,46.589999999999996,5,2.0607684092606426,0.07130623321724534,2.05121181342191,6.600662428328806,2.0846893601869976,1.0339156213734935,-1.0174131952093712,-2.01867040799375,-3.974058123053148,2.0842151255635546,1.033856734746366,-1.017355078675544,-2.0182085012802666,-3.970410378277245,11.35670136432102,22.71340272864204,,,,,,
2026-10-02,SBSPB1,CIA. DE SANEAMENTO BÁSICO DO ESTADO DE SP - SABESP,CIA SANEAMENTO BASICO EST. SP - SABESP,Sabesp,inferido,DI_MAIS,N,Quirografária,S,CIA SANEAMENTO BASICO EST. SP - SABESP,43776517000180,0.5494,0.0404,1033.790377,2031-02-20,,,3.0314,ok DI+,ok DI+,54.94,9,3.030753470349421,-0.021327757820779093,3.0141934913081734,13.609258204691182,3.08355077668383,1.5242707954480128,-1.4902449224773684,-2.9474145321493173,-5.766173768058458,3.082239782331629,1.5241083184099506,-1.4900851728982227,-2.9461472002847175,-5.756201818522523,9.11354897395054,18.22709794790108,,,,,,
2026-10-02,SBSPC1,CIA. DE SANEAMENTO BÁSICO DO ESTADO DE SP - SABESP,CIA SANEAMENTO BASICO EST. SP - SABESP,Sabesp,inferido,DI_MAIS,N,Quirografária,S,CIA SANEAMENTO BASICO EST. SP - SABESP,43776517000180,0.6441,0.0564,1045.971463,2034-02-20,,,4.2622,ok DI+,ok DI+,64.41,15,4.251189564325764,-0.25832752274027465,4.223982890527874,26.95662481955,4.362358301748714,2.1461311377809045,-2.0787296431139746,-4.092633038352577,-7.9357008583431305,4.358766014625624,2.1456872262883744,-2.0782956642394996,-4.089199766430124,-7.908833284664748,7.6243206553271134,15.248641310654227,,,,,,
2026-10-02,SBSPC3,CIA. DE SANEAMENTO BÁSICO DO ESTADO DE SP - SABESP,CIA SANEAMENTO BASICO EST. SP - SABESP,Sabesp,inferido,DI_MAIS,N,Quirografária,N,CIA SANEAMENTO BASICO EST. SP - SABESP,43776517000180,0.4082,0.0228,352.926819,2027-05-10,,,0.551,ok DI+,ok DI+,40.82,2,0.5520138615133716,0.18400390442315284,0.5497697015914753,0.8638480037586531,0.5541262603771635,0.27596930475792814,-0.27380964352620163,-0.5454871208596668,-1.082553150610055,0.5540889416102686,0.27596466080043597,-0.27380504079103934,-0.5454504615726821,-1.0822624431077776,37.12463589920844,74.24927179841688,,,,,,
2026-10-02,SBSPD3,CIA. DE SANEAMENTO BÁSICO DO ESTADO DE SP - SABESP,CIA SANEAMENTO BASICO EST. SP - SABESP,Sabesp,inferido,DI_MAIS,N,Quirografária,S,CIA SANEAMENTO BASICO EST. SP - SABESP,43776517000180,0.6143,0.0682,1026.525628,2032-01-15,,,3.774,ok DI+,ok DI+,61.42999999999999,11,3.769869561376929,-0.10944458460707908,3.7468526455751605,20.915572407983454,3.8538551388590303,1.8998708426393618,-1.8475760273070851,-3.644605216717145,-7.093680113008194,3.8514305076150777,1.8995707882975597,-1.8472818572776009,-3.6422747835352434,-7.0753938429906515,8.197546822737431,16.395093645474862,,,,,,
2026-10-02,SBSPD7,CIA. DE SANEAMENTO BÁSICO DO ESTADO DE SP - SABESP,CIA SANEAMENTO BASICO EST. SP - SABESP,Sabesp,inferido,DI_MAIS,N,Quirografária,S,CIA SANEAMENTO BASICO EST. SP - SABESP,43776517000180,0.639,0.0121,1058.013254,2032-11-14,,,3.8205,ok DI+,ok DI+,63.9,13,3.8195300644375956,-0.02538766031682852,3.7952782365063205,22.16461274225896,3.908794929982995,1.925678070335679,-1.8702597030553547,-3.6870393792220013,-7.167523941283838,3.9061013002176153,1.925344884180984,-1.8699333523253365,-3.684455172795026,-7.147264218167463,8.418355126819643,16.836710253639286,,,,,,
2026-10-02,SBSPE7,CIA. DE SANEAMENTO BÁSICO DO ESTADO DE SP - SABESP,CIA SANEAMENTO BASICO EST. SP - SABESP,Sabesp,inferido,DI_MAIS,N,Quirografária,S,CIA SANEAMENTO BASICO EST. SP - SABESP,43776517000180,0.7234,0.0413,1065.634363,2035-11-14,,,4.7423,ok DI+,ok DI+,72.34,19,4.731296742306747,-0.23202365293745766,4.69731635578897,35.28103022475003,4.8792425874890855,2.393440477577613,-2.3052202974445435,-4.526150420667607,-8.7298740279101,4.873721506912719,2.392759465675422,-2.304556890113547,-4.520911204665219,-8.689012107082936,7.700141370172805,15.40028274034561,,,,,,
2026-10-02,SBSPL8,CIA. DE SANEAMENTO BÁSICO DO ESTADO DE SP - SABESP,CIA SANEAMENTO BASICO EST. SP - SABESP,Sabesp,inferido,DI_MAIS,N,Quirografária,S,CIA SANEAMENTO BASICO EST. SP - SABESP,43776517000180,0.6873,0.04,1015.882923,2033-02-15,,,4.3081,ok DI+,ok DI+,68.73,13,4.297164401721637,-0.25383807892952276,4.267831595168047,27.160353138252027,4.407205065664832,2.1683077072959467,-2.100397135850085,-4.135446428208233,-8.01920419580786,4.403633360859308,2.1678662390068384,-2.0999653561612086,-4.132029829476787,-7.992456127571054,8.05209840962501,16.10419681925002,,,,,,
2026-10-02,SBSPM8,CIA. DE SANEAMENTO BÁSICO DO ESTADO DE SP - SABESP,CIA SANEAMENTO BASICO EST. SP - SABESP,Sabesp,inferido,DI_MAIS,N,Quirografária,S,CIA SANEAMENTO BASICO EST. SP - SABESP,43776517000180,0.7377,0.029,1017.151111,2036-02-15,,,5.0146,ok DI+,ok DI+,73.77,19,4.993909600274705,-0.4126031931818039,4.957339308198128,38.03907379802376,5.153616375442227,2.526968458178791,-2.4318510065155508,-4.772909145438941,-9.198839282667404,5.147534677188246,2.5262184963465937,-2.431120811851534,-4.767143939208009,-9.15389714043578,7.440483232406942,14.880966464813884,,,,,,
2026-10-02,SIMH16,SIMPAR S.A.,SIMPAR S.A.,Simpar,CVM FRE,DI_MAIS,N,Quirografária,S,SIMPAR S.A.,07415333000120,3.9757,0.2271,1028.879137,2029-12-20,,,2.4729,ok DI+,ok DI+ aprox,397.57,,,,2.378344170801447,,2.378344170801447,1.1891720854007235,-1.1891720854007235,-2.378344170801447,-4.756688341602894,2.378344170801447,1.1891720854007235,-1.1891720854007235,-2.378344170801447,-4.756688341602894,83.58125894496341,167.16251788992682,,,,,,
2026-10-02,SLFT13,SELF IT ACADEMIAS HOLDING S.A.,SELF IT ACADEMIAS  HOLDING S.A.,Self It,inferido,DI_MAIS,N,Real,S,SELF IT ACADEMIAS  HOLDING S.A.,22902694000195,1.9995,0.0011,810.092063,2029-12-20,,,1.45,ok DI+,ok DI+,199.95,13,1.4504911602151074,0.033873118283270505,1.422057127941909,4.479907362075166,1.444787599540609,0.7166695293615355,-0.7054692012578467,-1.3999795659713654,-2.757057436608845,1.444456664752285,0.7166284481735484,-0.7054286797683605,-1.3996575911315332,-2.7545161086423144,70.30308279154026,140.60616558308053,,,,,,
2026-10-02,SMFT18,SMARTFIT ESCOLA DE GINASTICA E DANCA S/A,SMARTFIT ESCOLA DE GINASTICA E DANCA S/A,Smartfit Escola,inferido,DI_MAIS,N,Quirografária,S,SMARTFIT ESCOLA DE GINASTICA E DANCA S/A,07594978000178,1.3856,0.1587,1087.509717,2030-10-20,,,2.6558,ok DI+,ok DI+,138.56,9,2.6616230177022877,0.21925663462186712,2.625247587134946,11.022829033725024,2.6813588821986034,1.3265259670976137,-1.2989669274385385,-2.571099103977781,-5.037643406018444,2.680361732303571,1.3264023298596292,-1.2988452572753166,-2.5701334419663207,-5.030038593595392,26.389891886581438,52.779783773162876,,,,,,
2026-10-02,SMFTA0,SMARTFIT ESCOLA DE GINASTICA E DANCA S/A,SMARTFIT ESCOLA DE GINASTICA E DANCA S/A,Smartfit Escola,inferido,DI_MAIS,N,Quirografária,S,SMARTFIT ESCOLA DE GINASTICA E DANCA S/A,07594978000178,0.6707,0.0672,1038.711778,2029-07-18,,,1.9494,ok DI+,ok DI+,67.07,6,1.9513589095254193,0.10048781806808904,1.938358340138113,6.215113468106136,1.9698860125417328,0.9770041936633111,-0.9614656622752515,-1.9077229091789216,-3.7558894157348144,1.9694339074786436,0.9769480619041891,-0.9614102782339238,-1.9072827727975823,-3.752414410914103,17.30072262985726,34.60144525971452,,,,,,
2026-10-02,SMFTA1,SMARTFIT ESCOLA DE GINASTICA E DANCA S/A,SMARTFIT ESCOLA DE GINASTICA E DANCA S/A,Smartfit Escola,inferido,DI_MAIS,N,Quirografária,S,SMARTFIT ESCOLA DE GINASTICA E DANCA S/A,07594978000178,0.7178,0.0522,1066.017625,2029-10-30,,,2.0913,ok DI+,ok DI+,71.78,7,2.0965041807933047,0.24884907919976848,2.0815627235635654,7.177755673322536,2.118003898001497,1.0498221182246414,-1.0318767735170487,-2.0462110473115747,-4.023808350493596,2.117451501930178,1.049753556373436,-1.0318091671901295,-2.0456739451969526,-4.019570333660679,17.24185372543448,34.48370745086896,,,,,,
2026-10-02,SMFTA2,SMARTFIT ESCOLA DE GINASTICA E DANCA S/A,SMARTFIT ESCOLA DE GINASTICA E DANCA S/A,Smartfit Escola,inferido,DI_MAIS,N,Quirografária,S,SMARTFIT ESCOLA DE GINASTICA E DANCA S/A,07594978000178,0.7214,0.0376,1008.271285,2030-09-04,,,2.7751,ok DI+,ok DI+,72.14000000000001,8,2.774992631163035,-0.0038690078543213375,2.7551172155699133,11.418233119758714,2.8132294008366365,1.3919580057806025,-1.3634104274681147,-2.699015126764237,-5.289660116781036,2.8122083811687073,1.3918313991846554,-1.3632858163852584,-2.69802604997112,-5.281869768744653,13.092001964983076,26.184003929966153,,,,,,
2026-10-02,SMFTA3,SMARTFIT ESCOLA DE GINASTICA E DANCA S/A,SMARTFIT ESCOLA DE GINASTICA E DANCA S/A,Smartfit Escola,inferido,DI_MAIS,N,Quirografária,S,SMARTFIT ESCOLA DE GINASTICA E DANCA S/A,07594978000178,0.7326,0.0213,1064.910196,2030-10-09,,,2.6805,ok DI+,ok DI+,73.26,9,2.6873288015740706,0.254758499312469,2.6677846115101476,11.273696131546721,2.7251777123136423,1.3481114648467463,-1.3199251949195356,-2.612408262170507,-5.117908059967336,2.724153092167881,1.347984425919507,-1.3198001855906405,-2.611416130852414,-5.110095300389361,13.73049377448239,27.46098754896478,,,,,,
2026-10-02,SMFTA5,SMARTFIT ESCOLA DE GINASTICA E DANCA S/A,SMARTFIT ESCOLA DE GINASTICA E DANCA S/A,Smartfit Escola,inferido,DI_MAIS,N,Quirografária,S,SMARTFIT ESCOLA DE GINASTICA E DANCA S/A,07594978000178,0.6737,0.037,1015.504346,2031-08-20,,,3.3298,ok DI+,ok DI+,67.37,10,3.327581492097844,-0.06662586047678364,3.3053135944122887,16.205949401656603,3.3880206149091485,1.6731219922115237,-1.632603412694389,-3.225901793878616,-6.299225846157941,3.3863433414205715,1.6729142339582153,-1.6323993604540736,-3.224283847404006,-6.286508200791445,10.191166144400123,20.382332288800246,,,,,,
2026-10-02,SMFTB3,SMARTFIT ESCOLA DE GINASTICA E DANCA S/A,SMARTFIT ESCOLA DE GINASTICA E DANCA S/A,Smartfit Escola,inferido,DI_MAIS,N,Quirografária,S,SMARTFIT ESCOLA DE GINASTICA E DANCA S/A,07594978000178,0.8993,0.0012,1061.14127,2032-10-09,,,3.7147,ok DI+,ok DI+,89.92999999999999,13,3.7172181555527017,0.06778893457618727,3.684087159725292,21.195735005002163,3.792605088056633,1.8688523818610525,-1.8158566814058252,-3.5805458774855192,-6.963373187097909,3.7900658347503025,1.8685382486188986,-1.8155489111063932,-3.578108484700281,-6.94425961935054,12.205194407874124,24.41038881574825,,,,,,
2026-10-02,SMFTB5,SMARTFIT ESCOLA DE GINASTICA E DANCA S/A,SMARTFIT ESCOLA DE GINASTICA E DANCA S/A,Smartfit Escola,inferido,DI_MAIS,N,Quirografária,S,SMARTFIT ESCOLA DE GINASTICA E DANCA S/A,07594978000178,0.7732,0.0242,1015.414711,2033-08-20,,,4.3015,ok DI+,ok DI+,77.32000000000001,14,4.2903788899025725,-0.25854027891264286,4.257460207577583,27.128642178901515,4.396688960382766,2.1630840475675983,-2.095252646068513,-4.1252457099929085,-7.999186374873101,4.39310341847209,2.162640906512418,-2.094819301065164,-4.1218169966830756,-7.972347571577135,9.08053114182759,18.16106228365518,,,,,,
2026-10-02,SMFTC3,SMARTFIT ESCOLA DE GINASTICA E DANCA S/A,SMARTFIT ESCOLA DE GINASTICA E DANCA S/A,Smartfit Escola,inferido,DI_MAIS,N,Quirografária,S,SMARTFIT ESCOLA DE GINASTICA E DANCA S/A,07594978000178,0.9584,0.0539,1070.738895,2035-10-09,,,4.6244,ok DI+,ok DI+,95.84,19,4.6178516970957935,-0.1416032978160661,4.5740143436264775,33.961581666523315,4.749076761326543,2.330107370348844,-2.245186830182422,-4.409195392578025,-8.50771711438869,4.743822251959094,2.3294591488963934,-2.2445551947300846,-4.404206435293862,-8.468797053922488,10.476574055079796,20.953148110159592,,,,,,
2026-10-02,SMFTC5,SMARTFIT ESCOLA DE GINASTICA E DANCA S/A,SMARTFIT ESCOLA DE GINASTICA E DANCA S/A,Smartfit Escola,inferido,DI_MAIS,N,Quirografária,S,SMARTFIT ESCOLA DE GINASTICA E DANCA S/A,07594978000178,1.0496,0.0503,1016.801466,2036-08-20,,,5.1248,ok DI+,ok DI+,104.96000000000001,20,5.101411787342516,-0.4563731786115237,5.048423533930382,39.95653543334519,5.254819056914517,2.5749725193531248,-2.475058985920142,-4.854898331060198,-9.346454723491672,5.248206211097108,2.574157436256873,-2.4742660976735094,-4.848640856763656,-9.297716359193862,10.395324331899388,20.790648663798777,,,,,,
2026-10-02,SNGO10,SANEAMENTO DE GOIÁS - SANEAGO,SANEAMENTO DE GOIAS S/A,Isolada (a identificar),,DI_MAIS,N,Real,N,SANEAMENTO DE GOIAS S/A,01616929000102,0.2948,0.0058,252.94124,2027-06-15,,,0.3449,ok DI+,ok DI+,29.48,9,0.3450710910362427,0.04960598325391219,0.34405681155577633,0.5050671432405235,0.3466032521173279,0.1726623662360316,-0.17139967554523627,-0.341552215263774,-0.6781767725447363,0.34658214727197895,0.17265973970693882,-0.1713970718488375,-0.34153147583957366,-0.6780122802467422,42.84176189783252,85.68352379566504,,,,,,
2026-10-02,SNGOA1,SANEAMENTO DE GOIÁS - SANEAGO,SANEAMENTO DE GOIAS S/A,Isolada (a identificar),,DI_MAIS,N,Real,S,SANEAMENTO DE GOIAS S/A,01616929000102,0.3958,0.0195,651.977949,2028-08-23,,,0.8829,ok DI+,ok DI+,39.58,23,0.8834698477746987,0.06454273130577713,0.879986859783675,1.9465623768844142,0.8898280821005633,0.44244010994791694,-0.43757355806310905,-0.870360122181224,-1.7218820159446868,0.889719671668097,0.442426632862943,-0.437560226920732,-0.870254047899253,-1.7210424720296615,22.488972170408235,44.97794434081647,,,,,,
2026-10-02,SNGOA2,SANEAMENTO DE GOIÁS - SANEAGO,SANEAMENTO DE GOIAS S/A,Isolada (a identificar),,DI_MAIS,N,Real,S,SANEAMENTO DE GOIAS S/A,01616929000102,0.5303,0.0607,954.251715,2029-07-15,,,1.233,ok DI+,ok DI+,53.029999999999994,34,1.2336967730080728,0.05651038183882344,1.2271889897951889,3.35890943655204,1.244204640578217,0.617820596103491,-0.6094229817953156,-1.210610093382547,-2.3889039584437,1.243983536977949,0.6177931316932844,-0.6093958581019043,-1.2103944426124285,-2.3871997908593365,21.606289023522944,43.21257804704589,,,,,,
2026-10-02,SNGOA3,SANEAMENTO DE GOIÁS - SANEAGO,SANEAMENTO DE GOIAS S/A,Isolada (a identificar),,DI_MAIS,N,Real,S,SANEAMENTO DE GOIAS S/A,01616929000102,0.5886,0.0163,1008.05616,2030-04-15,,,1.7562,ok DI+,ok DI+,58.86,43,1.7567806809131552,0.03306462322942821,1.7465007773377452,5.6106053017793975,1.7749724721571436,0.8803156141031554,-0.8662883864618331,-1.7188549820244203,-3.3840033122673585,1.774553803846642,0.8802636452960968,-0.8662371320416482,-1.718447750828848,-3.380789448639902,16.850837046211467,33.701674092422934,,,,,,
2026-10-02,STBP15,SANTOS BRASIL PARTICIPAÇÕES S/A,SANTOS BRASIL PARTICIPACOES S/A,Santos Brasil,CVM FRE,DI_MAIS,N,Quirografária,S,SANTOS BRASIL PARTICIPACOES S/A,02762121000104,0.6807,0.0728,1014.64888,2029-08-15,,,2.4038,ok DI+,ok DI+,68.07,6,2.405137354357498,0.055635009464095726,2.388876273563352,8.690020342977403,2.4330160684086,1.205386254064078,-1.183659989159891,-2.3460964320993427,-4.609239538082244,2.4323263752782394,1.2053006622103979,-1.1835756113529545,-2.3454261718484655,-4.603952140267157,14.247284539869412,28.494569079738824,,,,,,
2026-10-02,STBP25,SANTOS BRASIL PARTICIPAÇÕES S/A,SANTOS BRASIL PARTICIPACOES S/A,Santos Brasil,CVM FRE,DI_MAIS,N,Quirografária,S,SANTOS BRASIL PARTICIPACOES S/A,02762121000104,0.7146,0.0251,1017.532271,2031-08-15,,,3.3152,ok DI+,ok DI+,71.46000000000001,10,3.312988930923451,-0.06669489251173046,3.2894822904757115,16.086142643979304,3.3715740886783863,1.6650545803573502,-1.6248355604982612,-3.2106540215072865,-6.2698379527624475,3.3699130036956078,1.6648488235428298,-1.6246334669328815,-3.209051577255815,-6.257241728071837,10.861891581982913,21.723783163965827,,,,,,
2026-10-02,SUMI39,GIGA MAIS FIBRA TELECOMUNICACOES S.A.,GIGA MAIS FIBRA TELECOMUNICACOES S.A.,Giga Mais,CVM FRE,DI_MAIS,N,Quirografária,S,GIGA MAIS FIBRA TELECOMUNICACOES S.A.,07714104000107,4.5838,0.4284,1023.983279,2031-04-15,,,1.8777,ok DI+,ok DI+,458.38000000000005,10,1.8825263035690247,0.2570327298836238,1.8000171188740748,6.657238431162752,1.8338703715233828,0.9084004356616937,-0.8917562557296366,-1.7672806370274907,-3.4712207065570877,1.8333033110298886,0.9083301074759909,-0.8916870113980839,-1.766730926718261,-3.4668894691248946,127.32656684029774,254.6531336805955,,,,,,
2026-10-02,SUZBA1,SUZANO S.A.,SUZANO S.A.,Suzano,CVM FRE,DI_MAIS,N,Quirografária,S,SUZANO S.A.,16404287000155,0.5,0.0,1067.139702,2032-05-15,,,3.5815,ok DI+,ok DI+,50.0,12,3.5822625196134075,0.021290509937382157,3.5644403180232915,19.501750944782156,3.6641796947428196,1.806873414843202,-1.7581136659812535,-3.469076197812404,-6.75567656229944,3.6619490727472024,1.8065973476926238,-1.757842970330668,-3.466931563299381,-6.7388456171509405,7.013723830243309,14.027447660486619,,,,,,
2026-10-02,SUZBB1,SUZANO S.A.,SUZANO S.A.,Suzano,CVM FRE,DI_MAIS,N,Quirografária,S,SUZANO S.A.,16404287000155,0.6035,0.0271,1075.089222,2034-05-15,,,4.4142,ok DI+,ok DI+,60.35,16,4.407245845965886,-0.1575405290678676,4.380807671667374,30.085728737919023,4.535519246153852,2.2285399021503727,-2.153313076028829,-4.234461766955677,-8.1918113174127,4.53123631535697,2.228010996756086,-2.152796674911288,-4.230379027977779,-8.15990076857637,6.887999259852267,13.775998519704533,,,,,,
2026-10-02,SVEA14,SOLVI ESSENCIS AMBIENTAL S.A.,SOLVI ESSENCIS AMBIENTAL S.A.,Isolada (a identificar),,DI_MAIS,N,Quirografária,S,SOLVI ESSENCIS AMBIENTAL S.A.,40263170000183,2.2388,0.1085,934.590038,2029-04-12,,,1.0632,ok DI+,ok DI+,223.88,6,1.0665033753160038,0.31070121482354096,1.0431493477192648,2.7705024758303365,1.0571789112485463,0.5250597981887539,-0.5181332767468683,-1.0294696394920977,-2.032254673652545,1.0570018600984166,0.5250378019544203,-0.5181115457648445,-1.029296835340113,-2.030888645921923,107.30965824284405,214.6193164856881,,,,,,
2026-10-02,SVEA15,SOLVI ESSENCIS AMBIENTAL S.A.,SOLVI ESSENCIS AMBIENTAL S.A.,Isolada (a identificar),,DI_MAIS,N,Quirografária,S,SOLVI ESSENCIS AMBIENTAL S.A.,40263170000183,1.9318,0.1143,1055.444541,2032-06-06,,,2.3688,ok DI+,ok DI+,193.17999999999998,12,2.3705452426501146,0.07367623480727692,2.325618936043624,10.011704542917746,2.3766554285429287,1.1754452620191147,-1.150413888874513,-2.276504579226979,-4.458428343165144,2.375677458758213,1.1753240987004592,-1.1502948373431647,-2.2755604133290355,-4.451003781228893,41.53302955312201,83.06605910624403,,,,,,
2026-10-02,SVEA16,SOLVI ESSENCIS AMBIENTAL S.A.,SOLVI ESSENCIS AMBIENTAL S.A.,Isolada (a identificar),,DI_MAIS,N,Quirografária,S,SOLVI ESSENCIS AMBIENTAL S.A.,40263170000183,2.3551,0.0938,1070.708811,2035-11-12,,,3.9631,ok DI+,ok DI+,235.51000000000002,19,3.958995358102284,-0.10357149447946697,3.8679023889403497,24.713848403719602,3.994854965499006,1.9652613953322184,-1.9034670464739945,-3.7475607381191267,-7.266763977041624,3.9914716309589475,1.9648435049748243,-1.9030588839655254,-3.7443331469217513,-7.241527809806307,30.444149867044647,60.888299734089294,,,,,,
2026-10-02,TAEEA1,TRANS. ALIANÇA DE ENERGIA ELÉTRICA S/A,TRANSMISSORA ALIANCA DE ENERGIA ELETRICA S/A,Taesa (Cemig + ISA),CVM FRE,DI_MAIS,N,Quirografária,S,TRANSMISSORA ALIANCA DE ENERGIA ELETRICA S/A,07859971000130,0.4132,0.0274,1078.518549,2028-05-15,,,1.3999,ok DI+,ok DI+,41.32,4,1.4032152775753448,0.23682245698584814,1.3974410511519848,3.5313955222202966,1.4153088432921512,0.7031609712484288,-0.6943321865060303,-1.3799901512434598,-2.7258844804614935,1.4150980287630863,0.7031347699787678,-0.6943062811732171,-1.3797840735408833,-2.724254191859564,14.78416565977425,29.5683313195485,,,,,,
2026-10-02,TAEEA5,TRANSMISSORA ALIANÇA DE ENERGIA ELÉTRICA S.A.,TRANSMISSORA ALIANCA DE ENERGIA ELETRICA S/A,Taesa (Cemig + ISA),CVM FRE,DI_MAIS,N,Quirografária,S,TRANSMISSORA ALIANCA DE ENERGIA ELETRICA S/A,07859971000130,0.3916,0.0482,1012.053438,2029-03-15,,,2.125,ok DI+,ok DI+,39.160000000000004,5,2.125950057684878,0.044708596935445356,2.1176573116524473,6.948011175557318,2.152904355168639,1.067576618027033,-1.050205756400202,-2.083410897349769,-4.100252120695524,2.152397367530234,1.0675136697956704,-1.050143641856777,-2.082917255774661,-4.096354399793749,9.246066345230032,18.492132690460064,,,,,,
2026-10-02,TAEEA6,TRANSMISSORA ALIANÇA DE ENERGIA ELÉTRICA S.A.,TRANSMISSORA ALIANCA DE ENERGIA ELETRICA S/A,Taesa (Cemig + ISA),CVM FRE,DI_MAIS,N,Quirografária,S,TRANSMISSORA ALIANCA DE ENERGIA ELETRICA S/A,07859971000130,0.3929,0.0858,1012.306741,2031-09-15,,,3.4106,ok DI+,ok DI+,39.29,10,3.4072300468979533,-0.09880821855529222,3.393895431746621,16.904783876380577,3.480193209842364,1.7182983932293228,-1.6760324672306814,-3.31108187968171,-6.463136475326936,3.4784193511285233,1.718078695718786,-1.6758167360278347,-3.309371512364718,-6.44969518596563,5.788333905706097,11.576667811412195,,,,,,
2026-10-02,TAEEA9,TRANSMISSORA ALIANÇA DE ENERGIA ELÉTRICA S.A.,TRANSMISSORA ALIANCA DE ENERGIA ELETRICA S/A,Taesa (Cemig + ISA),CVM FRE,DI_MAIS,N,Quirografária,S,TRANSMISSORA ALIANCA DE ENERGIA ELETRICA S/A,07859971000130,0.4803,0.0748,1068.703348,2032-10-23,,,3.7737,ok DI+,ok DI+,48.03,13,3.774612065392645,0.02416899575072477,3.756569263221393,21.838276078319318,3.8684020428703336,1.905909216760282,-1.8513068513087205,-3.6499124218047907,-7.096244998168588,3.8657606436129894,1.9055824767085954,-1.8509867865127971,-3.6473778828297956,-7.076373004876399,6.392801068548986,12.785602137097973,,,,,,
2026-10-02,TAEEC1,TRANS. ALIANÇA DE ENERGIA ELÉTRICA S/A,TRANSMISSORA ALIANCA DE ENERGIA ELETRICA S/A,Taesa (Cemig + ISA),CVM FRE,DI_MAIS,N,Quirografária,S,TRANSMISSORA ALIANCA DE ENERGIA ELETRICA S/A,07859971000130,0.3025,0.04,345.165565,2027-01-15,,,0.2778,ok DI+,ok DI+,30.25,1,0.2777777777777778,-0.007999360051188363,0.2769400341744002,0.35280061430253734,0.27871750016479346,0.13891269380450488,-0.13803067866888785,-0.2751892759719432,-0.5469291638846241,0.2787040372459129,0.13891101785507828,-0.13802901631932196,-0.2751760311028876,-0.5468240560627498,54.61471125,109.2294225,,,,,,
2026-10-02,TAEEE1,TRANS. ALIANÇA DE ENERGIA ELÉTRICA S/A,TRANSMISSORA ALIANCA DE ENERGIA ELETRICA S/A,Taesa (Cemig + ISA),CVM FRE,DI_MAIS,N,Quirografária,S,TRANSMISSORA ALIANCA DE ENERGIA ELETRICA S/A,07859971000130,0.4,0.0,1011.516271,2033-03-15,,,4.1755,ok DI+,ok DI+,40.0,13,4.165333892283956,-0.24347042787797557,4.1487389365378045,25.318849792758716,4.278539089398081,2.106414424571623,-2.0431088675491593,-4.025215594552867,-7.815158427206481,4.275333185501598,2.106018030509851,-2.042720906027954,-4.022144687574011,-7.791100877220434,4.8207419907434215,9.641483981486843,,,,,,
2026-10-02,TAEEE2,TRANSMISSORA ALIANÇA DE ENERGIA ELÉTRICA S.A.,TRANSMISSORA ALIANCA DE ENERGIA ELETRICA S/A,Taesa (Cemig + ISA),CVM FRE,DI_MAIS,N,Quirografária,S,TRANSMISSORA ALIANCA DE ENERGIA ELETRICA S/A,07859971000130,0.2361,0.0513,1035.74559,2028-01-03,,,1.2381,ok DI+,ok DI+,23.610000000000003,1,1.2380952380952381,-0.00038461390532596693,1.235178980522225,2.7579367084630304,1.2491187406568294,0.6210555710632892,-0.6141605330948985,-1.2215362340855074,-2.416362551369833,1.24896866406454,0.6210369111466914,-0.6141420693755337,-1.2213892969799098,-2.415199226875189,9.557319373269232,19.114638746538464,,,,,,
2026-10-02,TBSP12,TIM BRASIL SERVICOS E PARTICIPACOES S.A,TIM BRASIL SERVICOS E PARTICIPACOES S.A,Tim Brasil,CVM FRE,DI_MAIS,N,Quirografária,S,TIM BRASIL SERVICOS E PARTICIPACOES S.A,02600854000134,0.4639,0.0367,1033.873498,2030-07-23,,,2.606,ok DI+,ok DI+,46.39,16,2.6072581732341935,0.04827986316936447,2.5952189525134832,10.512830638995826,2.648705926895878,1.3108649584091303,-1.2845811047534683,-2.54354917546189,-4.987227364237235,2.647783105708462,1.3107505145554863,-1.284468437957997,-2.542654799318504,-4.98018129224705,8.937588860290774,17.875177720581547,,,,,,
2026-10-02,TBSP22,TIM BRASIL SERVICOS E PARTICIPACOES S.A,TIM BRASIL SERVICOS E PARTICIPACOES S.A,Tim Brasil,CVM FRE,DI_MAIS,N,Quirografária,S,TIM BRASIL SERVICOS E PARTICIPACOES S.A,02600854000134,0.5505,0.0297,1039.241529,2032-07-23,,,3.7028,ok DI+,ok DI+,55.05,24,3.697527380884996,-0.14239546059749036,3.67728393283474,20.61234961989307,3.7827573900721223,1.8647058215406354,-1.813169024427319,-3.576539076563423,-6.960496737930521,3.780345680934205,1.8644074034422364,-1.8128765293925035,-3.574222184735275,-6.942320873271618,7.485144063591945,14.97028812718389,,,,,,
2026-10-02,TEPA14,BRASIL TECNOLOGIA E PARTICIPACAO S.A.,BRASIL TECNOLOGIA E PARTICIPACAO S.A.,Brasil Tecnologia,CVM FRE,DI_MAIS,N,Real,S,BRASIL TECNOLOGIA E PARTICIPACAO S.A.,35764708000101,4.2572,0.3863,993.699588,2030-12-04,,,2.1143,ok DI+,ok DI+,425.71999999999997,17,2.114711872331964,0.01948031650965871,2.0283605087533174,7.1034240921749525,2.0644426428180873,1.0231296440988302,-1.0053700715358938,-1.9933921972909108,-3.918980790647064,2.0638776292141925,1.0230595344918774,-1.00530097426144,-1.9928433882924428,-3.914652535663136,104.9418972028938,209.8837944057876,,,,,,
2026-10-02,TFLE19,LOCALIZA FLEET S.A.,LOCALIZA FLEET S/A,Localiza,CVM FRE,DI_MAIS,N,Quirografária,S,LOCALIZA FLEET S/A,02286479000108,1.1444,0.0594,1056.815426,2030-05-28,,,2.7857,ok DI+,ok DI+,114.44000000000001,8,2.7895325007148934,0.13757765426620258,2.7579702887306596,11.721538629213656,2.817640362018725,1.3937687972508606,-1.3644628630745448,-2.7003915596892525,-5.289613616352429,2.816577981876728,1.393637067651847,-1.3643332210788128,-2.6993625955845912,-5.281509804877047,20.747141560518838,41.494283121037675,,,,,,
2026-10-02,TFLEA3,LOCALIZA FLEET S.A.,LOCALIZA FLEET S/A,Localiza,CVM FRE,DI_MAIS,N,Quirografária,S,LOCALIZA FLEET S/A,02286479000108,1.3053,0.1754,1054.677998,2028-12-20,,,1.8718,ok DI+,ok DI+,130.52999999999997,5,1.8746505336737558,0.15228836808183957,1.8504960092648222,5.6252621129578895,1.8790083917261668,0.9323275336253323,-0.9182637745641764,-1.8227461061770533,-3.591460747744646,1.8786223198296113,0.9322795822736084,-0.9182164269912135,-1.8223696987000326,-3.5884867762704857,35.26892231771358,70.53784463542716,,,,,,
2026-10-02,TFLEA4,LOCALIZA FLEET S.A.,LOCALIZA FLEET S/A,Localiza,CVM FRE,DI_MAIS,N,Quirografária,S,LOCALIZA FLEET S/A,02286479000108,1.2891,0.1346,1039.914694,2029-01-26,,,1.9717,ok DI+,ok DI+,128.91,5,1.9736911237132237,0.10098512518251972,1.9485720810168357,6.094609489451947,1.979472941795013,0.9819574318116864,-0.9667202269055708,-1.9185159426583387,-3.7785451951460325,1.9790451284640953,0.9819043023702327,-0.9666677786466029,-1.9180990335695762,-3.7752519722446323,33.07806810326721,66.15613620653443,,,,,,
2026-10-02,TFLEA6,LOCALIZA FLEET S.A.,LOCALIZA FLEET S/A,Localiza,CVM FRE,DI_MAIS,N,Quirografária,S,LOCALIZA FLEET S/A,02286479000108,1.1708,0.0396,1056.185734,2031-12-11,,,3.0805,ok DI+,ok DI+,117.08000000000001,11,3.0817245250272274,0.0397508530182628,3.046061240028968,14.506587470503865,3.120074752665314,1.5413472564518749,-1.5050775323597554,-2.9749567643986174,-5.813219970672623,3.1185941773814876,1.5411638543526138,-1.5048973856763541,-2.9735283026764487,-5.801990730647859,19.218261022041464,38.43652204408293,,,,,,
2026-10-02,TFLEA7,LOCALIZA FLEET S.A.,LOCALIZA FLEET S/A,Localiza,CVM FRE,DI_MAIS,N,Quirografária,S,LOCALIZA FLEET S/A,02286479000108,1.0927,0.0342,1030.149214,2031-02-10,,,2.6633,ok DI+,ok DI+,109.27,9,2.663651202794225,0.013186753059181487,2.6348600866276453,10.889857826290298,2.6902953476247715,1.3311646073600247,-1.303937999710203,-2.5813653460851183,-5.059439245081398,2.6893093757590965,1.3310423655966854,-1.3038177210309596,-2.580410797496193,-5.051923016729484,20.735446362894844,41.47089272578969,,,,,,
2026-10-02,TFLEA8,LOCALIZA FLEET S.A.,LOCALIZA FLEET S/A,Localiza,CVM FRE,DI_MAIS,N,Quirografária,S,LOCALIZA FLEET S/A,02286479000108,1.1306,0.0486,1044.259286,2030-06-20,,,2.8559,ok DI+,ok DI+,113.06,8,2.858323266745113,0.08485124637112472,2.826368346222719,12.172747965943682,2.8883481950058076,1.4285384885298846,-1.3981044041709412,-2.7665852667988933,-5.4177913836747855,2.8872320860524376,1.4284001080687891,-1.39796823815393,-2.7655046063930007,-5.409281733126565,20.000931610895353,40.00186322179071,,,,,,
2026-10-02,TFLEA9,LOCALIZA FLEET S.A.,LOCALIZA FLEET S/A,Localiza,CVM FRE,DI_MAIS,N,Quirografária,S,LOCALIZA FLEET S/A,02286479000108,1.2575,0.0654,1008.915053,2032-09-09,,,3.7018,ok DI+,ok DI+,125.75000000000001,12,3.6957805264299983,-0.16260936760499364,3.6498832446287914,19.89620718394974,3.751646554812016,1.850094323604412,-1.8003482768807366,-3.552595978392936,-6.919056964276082,3.7493642805485403,1.8498118812943327,-1.8000713633344583,-3.550402208709042,-6.901842345578587,17.22657843713975,34.4531568742795,,,,,,
2026-10-02,TFLEB5,LOCALIZA FLEET S.A.,LOCALIZA FLEET S/A,Localiza,CVM FRE,DI_MAIS,N,Quirografária,S,LOCALIZA FLEET S/A,02286479000108,1.1099,0.055,1155.805213,2030-11-04,,,2.3061,ok DI+,ok DI+,110.99000000000001,5,2.32355779675189,0.7570268744586132,2.2980517207037985,9.066096667448782,2.3441718192960703,1.1604564042583476,-1.137789639940856,-2.2534864791827203,-4.420810122085439,2.3433822040410424,1.1603584811862104,-1.1376932395175883,-2.2527212373665546,-4.4147815080586215,24.14871671513302,48.29743343026604,,,,,,
2026-10-02,TFLEC0,LOCALIZA FLEET S.A.,LOCALIZA FLEET S/A,Localiza,CVM FRE,DI_MAIS,N,Quirografária,S,LOCALIZA FLEET S/A,02286479000108,1.0246,0.04,1002.259045,2030-09-18,,,2.8015,ok DI+,ok DI+,102.46,8,2.8010136348200567,-0.017360884524117798,2.7726055186757055,11.529268738347689,2.831285528282823,1.4008425179860673,-1.372017322015906,-2.7159604403028115,-5.322511775112416,2.8302518623674437,1.4007143452607873,-1.3718911734149182,-2.714959174983967,-5.314625662584457,18.477204800655976,36.95440960131195,,,,,,
2026-10-02,TFLED0,LOCALIZA FLEET S.A.,LOCALIZA FLEET S/A,Localiza,CVM FRE,DI_MAIS,N,Quirografária,S,LOCALIZA FLEET S/A,02286479000108,1.3012,0.0594,999.718488,2032-09-18,,,3.889,ok DI+,ok DI+,130.12,12,3.881288377825276,-0.19829319040174245,3.831433761717804,21.706371781712527,3.942531699056695,1.943167335820628,-1.8888950492153445,-3.7253662124075326,-7.248069109300936,3.939965620626367,1.9428498455860428,-1.8885839161317612,-3.7229019028092414,-7.228740087801358,16.9805884810157,33.9611769620314,,,,,,
2026-10-02,TFLEE1,LOCALIZA FLEET S.A.,LOCALIZA FLEET S/A,Localiza,CVM FRE,DI_MAIS,N,Quirografária,S,LOCALIZA FLEET S/A,02286479000108,1.3411,0.0308,1025.437837,2033-07-14,,,4.1498,ok DI+,ok DI+,134.10999999999999,14,4.141265348902163,-0.2056641548469088,4.086461809573966,25.453689685447102,4.217027440505405,2.0754556017465564,-2.0118125246677554,-3.9623488173675114,-7.68855895799736,4.213730258001201,2.075048016893792,-2.011413792680174,-3.9591933611467303,-7.66384982543899,16.409060728990593,32.818121457981185,,,,,,
2026-10-02,TIET19,AES TIETE ENERGIA S/A,AUREN OPERACOES S.A.,Auren,CVM FRE,DI_MAIS,N,Quirografária,S,AUREN OPERACOES S.A.,00194724000113,0.5703,0.0411,216.504452,2027-03-15,,,0.4325,ok DI+,ok DI+,57.03000000000001,1,0.43253968253968256,0.009175153683829306,0.4300868969662838,0.6126227884307922,0.4331749196726076,0.21581232719960486,-0.21428074396021568,-0.4270482705948986,-0.8481155960011311,0.4331500109084378,0.2158092269686804,-0.2142776699976034,-0.4270237830241298,-0.8479213381639518,66.30055507651377,132.60111015302755,,,,,,
2026-10-02,TIGR12,TIGRE S.A PARTICIPACOES,TIGRE S.A PARTICIPACOES,Tigre,CVM FRE,DI_MAIS,N,Quirografária,S,TIGRE S.A PARTICIPACOES,84684455000163,1.3313,0.1522,1044.837036,2029-10-24,,,2.4165,ok DI+,ok DI+,133.13,7,2.422664656278214,0.2551068188791249,2.39083546374932,9.027723796352426,2.4367124336536428,1.2067940007163713,-1.18422336029822,-2.3464138912913546,-4.606771012145616,2.435974082731082,1.2067023866201003,-1.1841330771292193,-2.3456968447675575,-4.601116451571591,27.84173190053507,55.68346380107014,,,,,,
2026-10-02,TIGR21,TIGRE S.A PARTICIPACOES,TIGRE S.A PARTICIPACOES,Tigre,CVM FRE,DI_MAIS,N,Quirografária,S,TIGRE S.A PARTICIPACOES,84684455000163,1.2645,0.1099,1068.326393,2028-11-10,,,1.3785,ok DI+,ok DI+,126.45,5,1.3818589708523354,0.24366854206277733,1.3646035588506686,3.5833727660323538,1.3827448197728742,0.6868088771324166,-0.6778501155872974,-1.3469058147164592,-2.659272221843789,1.3825204226808305,0.6867809953828747,-0.6778225634677939,-1.3466866950205068,-2.65753966238069,46.33213770397241,92.66427540794481,,,,,,
2026-10-02,TLPP27,TELEFÔNICA BRASIL S/A,TELEFONICA BRASIL S/A,Telefonica Brasil,CVM FRE,DI_MAIS,N,Quirografária,S,TELEFONICA BRASIL S/A,02558157000162,0.6757,0.0737,1038.667756,2027-07-12,,,0.7246,ok DI+,ok DI+,67.57,2,0.7251701283913178,0.07868180945594246,0.7203030407450038,1.2491532541758867,0.7266061941976432,0.3617201017707794,-0.3585971524358911,-0.7141136024844008,-1.41606952171911,0.7265488070158832,0.3617129619402218,-0.35859007880478205,-0.7140572744741244,-1.41562301640649,46.90386974495684,93.80773948991369,,,,,,
2026-10-02,TOTS16,TOTVS SA,TOTVS SA,Totvs,inferido,DI_MAIS,N,Quirografária,S,TOTVS SA,53113791000122,0.6189,0.0235,1024.063872,2033-01-29,,,3.5111,ok DI+,ok DI+,61.89,13,3.507347861113116,-0.10686505331331346,3.4857744033309013,18.633509971162685,3.5810701864777306,1.7664424523249789,-1.7198534929677267,-3.3946520922459755,-6.6149260695159136,3.5789419531867144,1.7661790891294038,-1.7195953142014972,-3.3926068534750877,-6.598878607238548,8.877510825264507,17.755021650529013,,,,,,
2026-10-02,TOTS17,TOTVS SA,TOTVS SA,Totvs,inferido,DI_MAIS,N,Quirografária,S,TOTVS SA,53113791000122,0.59,0.06,1010.75778,2033-09-02,,,4.1226,ok DI+,ok DI+,59.0,14,4.112970551673917,-0.23357707092813407,4.088846358160769,24.89962156747989,4.216512393253002,2.075939364756829,-2.013681904024367,-3.967381591857644,-7.703459214103692,4.213344465998168,2.075547706039734,-2.0132986521210343,-3.9643482503233693,-7.67970028497194,7.214748957520036,14.429497915040072,,,,,,
2026-10-02,TRES11,TRES TENTOS AGROINDUSTRIAL S.A,TRES TENTOS AGROINDUSTRIAL S.A,Tres Tentos,CVM FRE,DI_MAIS,N,Quirografária,S,TRES TENTOS AGROINDUSTRIAL S.A,94813102000170,1.6906,0.0869,1087.740874,2029-04-05,,,1.995,ok DI+,ok DI+,169.06,6,2.001596877152592,0.33067053396450824,1.968320451597878,6.44690264569436,2.001023929379353,0.992277083092441,-0.9761590585150137,-1.9365426102477046,-3.811308864259877,2.00055496482635,0.992218854106057,-0.976101597491821,-1.936085938369406,-3.807702850281869,42.94524295135923,85.89048590271847,,,,,,
2026-10-02,TRPLA3,ISA ENERGIA BRASIL S.A.,ISA ENERGIA BRASIL S.A.,ISA,CVM FRE,DI_MAIS,N,Quirografária,S,ISA ENERGIA BRASIL S.A.,02998611000104,1.0326,0.1799,1020.408338,2030-03-15,,,2.7791,ok DI+,ok DI+,103.26,7,2.779084339652729,-0.0005635042737203649,2.7506808096126685,11.255692374112714,2.807946299851949,1.389532434076557,-1.36139131651003,-2.6953591748284156,-5.2837866640570885,2.806959271483232,1.3894100202739752,-1.3612707893386933,-2.6944023477421046,-5.2762477717430825,18.76989864457235,37.5397972891447,,,,,,
2026-10-02,TRPLA5,ISA ENERGIA BRASIL S.A.,ISA ENERGIA BRASIL S.A.,ISA,CVM FRE,DI_MAIS,N,Quirografária,S,ISA ENERGIA BRASIL S.A.,02998611000104,0.687,0.0886,1007.930823,2029-03-15,,,2.1223,ok DI+,ok DI+,68.7,5,2.1232615595834274,0.04530742983684506,2.108774280277918,6.896031797944712,2.1437560448092086,1.0630694611946767,-1.0458285591979477,-2.07478256157575,-4.083484729331699,2.143254439267641,1.0630071798863898,-1.045767100391528,-2.0742941212881947,-4.079627924596942,16.28908334156701,32.57816668313402,,,,,,
2026-10-02,TRPLA6,ISA ENERGIA BRASIL S.A.,ISA ENERGIA BRASIL S.A.,ISA,CVM FRE,DI_MAIS,N,Quirografária,S,ISA ENERGIA BRASIL S.A.,02998611000104,0.727,0.1224,1056.375191,2031-05-20,,,3.0631,ok DI+,ok DI+ aprox,72.69999999999999,,,,3.0409919882454552,,3.0409919882454552,1.5204959941227276,-1.5204959941227276,-3.0409919882454552,-6.0819839764909105,3.0409919882454552,1.5204959941227276,-1.5204959941227276,-3.0409919882454552,-6.0819839764909105,11.953336325944305,23.90667265188861,,,,,,
2026-10-02,TRPLB5,ISA ENERGIA BRASIL S.A.,ISA ENERGIA BRASIL S.A.,ISA,CVM FRE,DI_MAIS,N,Quirografária,S,ISA ENERGIA BRASIL S.A.,02998611000104,0.7221,0.1268,1009.471169,2031-03-17,,,3.1015,ok DI+,ok DI+,72.21,8,3.125542023307911,0.7751740547448277,3.103134290595521,14.195467450693075,3.175491093523819,1.569482433375513,-1.533990876898761,-3.0334901911632683,-5.932848679227487,3.1741116278489865,1.5693114796111267,-1.533822810984394,-3.0321569533420556,-5.92235923217718,11.635010482601805,23.27002096520361,,,,,,
2026-10-02,TSSG13,TRANSPORTADORA ASSOCIADA DE GAS S.A. - TAG,TRANSPORTADORA ASSOCIADA DE GAS S.A. - TAG,Isolada (a identificar),,DI_MAIS,N,Quirografária,S,TRANSPORTADORA ASSOCIADA DE GAS S.A. - TAG,06248349000123,0.4951,0.0452,1052.820857,2029-06-20,,,2.2358,ok DI+,ok DI+,49.51,6,2.2388376172208737,0.13586265412263723,2.227807741094714,7.800298551560182,2.2674096506652752,1.123728769591481,-1.1042269920533365,-2.1893901590081977,-4.304217305696289,2.266809233852515,1.1236542437368073,-1.1041534973579068,-2.1888062483369133,-4.299609511158224,11.111820622292896,22.223641244585792,,,,,,
2026-10-02,TSSG14,TRANSPORTADORA ASSOCIADA DE GAS S.A. - TAG,TRANSPORTADORA ASSOCIADA DE GAS S.A. - TAG,Isolada (a identificar),,DI_MAIS,N,Quirografária,S,TRANSPORTADORA ASSOCIADA DE GAS S.A. - TAG,06248349000123,0.4054,0.0331,847.213761,2030-05-20,,,1.979,ok DI+,ok DI+,40.53999999999999,4,1.985317451010493,0.3192244067960009,1.9773014708476764,7.4219764932225,2.0150476512921234,0.9980071209903851,-0.979450963024886,-1.940808409184236,-3.811023378818057,2.014411353313789,0.9979282060403664,-0.9793732648073101,-1.9401915883815641,-3.8061634118309033,10.251345229268543,20.502690458537085,,,,,,
2026-10-02,TUPW11,TUPI ENERGIAS RENOVAVEIS S.A,TUPI ENERGIAS RENOVAVEIS S.A.,Isolada (a identificar),,DI_MAIS,N,Quirografária,S,TUPI ENERGIAS RENOVAVEIS S.A.,59115685000164,6.8286,0.3597,946.783726,2034-10-15,,,2.8462,ok DI+,ok DI+,682.86,17,2.8496419964949977,0.12093305090990292,2.6674897887784708,13.540446859555594,2.7367241754160387,1.3508600408004057,-1.3170051694364027,-2.6012596061794735,-5.075719484451491,2.735192023076249,1.35067045296368,-1.316819335814791,-2.599787554480693,-5.06417064036583,127.99674114454689,255.99348228909378,,,,,,
2026-10-02,TUPY15,TUPY S/A,TUPY S/A,Tupy,inferido,DI_MAIS,N,Quirografária,S,TUPY S/A,84683374000300,2.0433,0.1973,1003.083223,2029-07-17,,,2.3044,ok DI+,ok DI+,204.32999999999998,6,2.306641152977598,0.09725538003811424,2.2604533104844693,7.935405252968267,2.3007408220768077,1.1402216889336625,-1.1203821302496975,-2.2213700330938835,-4.3668841189718925,2.300130336749311,1.1401459118084452,-1.1203073986760244,-2.220776284219628,-4.362198515909574,45.19668666728781,90.39337333457561,,,,,,
2026-10-02,TUPY25,TUPY S/A,TUPY S/A,Tupy,inferido,DI_MAIS,N,Quirografária,S,TUPY S/A,84683374000300,2.9129,0.1933,970.556239,2031-07-17,,,3.1748,ok DI+,ok DI+,291.29,10,3.1744651961722563,-0.010545666742583313,3.0846134898270834,14.478867265544295,3.1584484964586546,1.560583837962759,-1.5243835968221875,-3.013610632716457,-5.890593836001523,3.1570078261548047,1.560405328995472,-1.5242081608316114,-3.0122191534993616,-5.879649634343281,47.21661254492035,94.4332250898407,,,,,,
2026-10-02,TUPY35,TUPY S/A,TUPY S/A,Tupy,inferido,DI_MAIS,N,Quirografária,S,TUPY S/A,84683374000300,2.1607,0.2104,988.853803,2034-07-17,,,4.2882,ok DI+,ok DI+,216.06999999999996,16,4.277912049669383,-0.23991302482665927,4.187434159779038,27.25160773042994,4.3274006315061175,2.1282397537795594,-2.0601002924381384,-4.054717382621642,-7.857537578105567,4.323692198431187,2.1277815895525563,-2.0596525702264814,-4.051176121126888,-7.829836164949476,25.799808636442126,51.59961727288425,,,,,,
2026-10-02,UNIP18,UNIPAR CARBOCLORO S/A,UNIPAR CARBOCLORO S/A,Unipar Carbocloro,CVM FRE,DI_MAIS,N,Quirografária,S,UNIPAR CARBOCLORO S/A,33958695000178,1.5162,0.0646,1088.371389,2030-10-16,,,2.6388,ok DI+,ok DI+,151.62,9,2.644847692561828,0.22918343799560492,2.605345444925862,10.89224717812847,2.660788385521329,1.316409756849235,-1.289177208198622,-2.551835010442449,-5.000334100102988,2.6598066808165046,1.3162880314355918,-1.2890574134902706,-2.55088420903522,-4.9928459462891555,29.09786882489867,58.19573764979734,,,,,,
2026-10-02,UNIP19,UNIPAR CARBOCLORO S/A,UNIPAR CARBOCLORO S/A,Unipar Carbocloro,CVM FRE,DI_MAIS,N,Quirografária,S,UNIPAR CARBOCLORO S/A,33958695000178,1.2843,0.2345,999.25883,2029-09-05,,,2.4529,ok DI+,ok DI+,128.43,6,2.4537606938939756,0.035088829303089104,2.4226466430571922,8.876252929742705,2.4677359599955206,1.2225065057581475,-1.200314622947718,-2.3789534137408586,-4.673195586478229,2.467027907705906,1.2224186376907746,-1.2002280053664178,-2.3782653784084786,-4.667768227519531,26.506135421782208,53.012270843564416,,,,,,
2026-10-02,UNIP29,UNIPAR CARBOCLORO S/A,UNIPAR CARBOCLORO S/A,Unipar Carbocloro,CVM FRE,DI_MAIS,N,Quirografária,S,UNIPAR CARBOCLORO S/A,33958695000178,1.5214,0.112,999.456897,2031-09-05,,,3.3383,ok DI+,ok DI+,152.14000000000001,10,3.3353525575936502,-0.08829171753136589,3.2853689543225864,16.03209175301932,3.367181984354839,1.6629292978693089,-1.6228454313229501,-3.2068028425349504,-6.262629077489901,3.365529413087683,1.6627245918525675,-1.622644362470019,-3.20520849555749,-6.250096073584786,23.154172653854932,46.308345307709864,,,,,,
2026-10-02,UNIP39,UNIPAR CARBOCLORO S/A,UNIPAR CARBOCLORO S/A,Unipar Carbocloro,CVM FRE,DI_MAIS,N,Quirografária,S,UNIPAR CARBOCLORO S/A,33958695000178,1.5987,0.0022,1012.686546,2034-09-05,,,4.4335,ok DI+,ok DI+,159.87,16,4.419577774677489,-0.31402335226145817,4.35003378456367,28.86902620600946,4.498383213600743,2.2115977871613346,-2.1394137489828213,-4.209509276995171,-8.152562014313446,4.4943789155937175,2.211103175039347,-2.1389306095243232,-4.205688653533623,-8.12268704500715,18.375719352721735,36.75143870544347,,,,,,
2026-10-02,UNIPA0,UNIPAR CARBOCLORO S/A,UNIPAR CARBOCLORO S/A,Unipar Carbocloro,CVM FRE,DI_MAIS,N,Quirografária,S,UNIPAR CARBOCLORO S/A,33958695000178,1.6047,0.0577,1007.279296,2032-07-18,,,3.714,ok DI+,ok DI+,160.47,12,3.709919320301899,-0.10987290517234781,3.651326484209785,20.14757035110176,3.7543886986392216,1.8511353532290498,-1.800760791353484,-3.5528227705375226,-6.917232561879583,3.752064335965293,1.8508477050437695,-1.8004787791660153,-3.550588632454276,-6.899701561397534,21.974205907627663,43.94841181525533,,,,,,
2026-10-02,UNIPB0,UNIPAR CARBOCLORO S/A,UNIPAR CARBOCLORO S/A,Unipar Carbocloro,CVM FRE,DI_MAIS,N,Quirografária,S,UNIPAR CARBOCLORO S/A,33958695000178,1.7099,0.1957,1013.768217,2035-07-18,,,4.6512,ok DI+,ok DI+,170.99,18,4.636361409521256,-0.3190271430758568,4.558417036612224,32.681225082484474,4.726721100874776,2.3206645094657308,-2.2389464102662515,-4.399668108449695,-8.499566575533324,4.721823162024646,2.3200600496592174,-2.238356986953006,-4.395010911199802,-8.463209571574758,18.75541428380128,37.51082856760256,,,,,,
2026-10-02,UNIPC0,UNIPAR CARBOCLORO S/A,UNIPAR CARBOCLORO S/A,Unipar Carbocloro,CVM FRE,DI_MAIS,N,Quirografária,S,UNIPAR CARBOCLORO S/A,33958695000178,1.5149,0.0378,1016.04144,2032-07-18,,,3.8493,ok DI+,ok DI+,151.48999999999998,6,3.8459912792350814,-0.08595642753016144,3.7885978109962983,20.960714856769286,3.895824555101801,1.9207996693094254,-1.868391995655183,-3.6861231727805532,-7.1762555441233555,3.893401385280145,1.9204997990691106,-1.8680980119271877,-3.6837942367124517,-7.157981324857212,19.99288490854117,39.98576981708234,,,,,,
2026-10-02,UQFN14,UNIÃO QUÍMICA FARMACÊUTICA NACIONAL S/A,UNIAO QUIMICA FARMACEUTICA NACIONAL S.A.,Uniao Quimica,CVM FRE,DI_MAIS,N,Quirografária,N,UNIAO QUIMICA FARMACEUTICA NACIONAL S.A.,60665981000118,0.9553,0.039,100.65783,2026-10-15,,,0.0317,ok DI+,ok DI+,95.53,1,0.031746031746031744,0.1452105553051901,0.031445631627098077,0.03213688098683502,0.03160740223036029,0.015763122190670664,-0.01568277892449732,-0.03128601702552247,-0.062257021257672296,0.03160631603203225,0.015762986914782583,-0.015682644712315494,-0.031284947222163906,-0.06224852563445945,1518.9709199175002,3037.9418398350003,,,,,,
2026-10-02,UQFN15,UNIÃO QUÍMICA FARMACÊUTICA NACIONAL S/A,UNIAO QUIMICA FARMACEUTICA NACIONAL S.A.,Uniao Quimica,CVM FRE,DI_MAIS,N,Quirografária,S,UNIAO QUIMICA FARMACEUTICA NACIONAL S.A.,60665981000118,2.2406,0.1056,1018.898236,2031-06-13,,,2.7855,ok DI+,ok DI+,224.06000000000003,10,2.7877520181905155,0.08084789770295032,2.726658507667713,11.797836102504347,2.786755489788284,1.3782138620609619,-1.3487170023245731,-2.6687408018897907,-5.225793333735385,2.7856476881802346,1.3780765489619868,-1.3485819587057257,-2.6676693271551906,-5.2173602932853385,41.08692001031933,82.17384002063866,,,,,,
2026-10-02,USIM28,USINAS SIDERURGICAS DE MINAS GERAIS S/A - USIMINAS,USINAS SIDERURGICAS DE MG S/A - USIMINAS,Usinas Siderurgicas,CVM FRE,DI_MAIS,N,Quirografária,S,USINAS SIDERURGICAS DE MG S/A - USIMINAS,60894730000105,1.262,0.0746,1063.809318,2029-05-23,,,1.7812,ok DI+,ok DI+,126.19999999999999,6,1.7848687789465614,0.20597231902995056,1.7626244582830295,5.382229083770048,1.7899123072569578,0.8880867957005378,-0.874630619244221,-1.7360803529371638,-3.4205034078229613,1.78953560370188,0.8880400154962274,-0.8745844427868024,-1.7357133128641795,-3.4176043348906586,35.79889051435587,71.59778102871174,,,,,,
2026-10-02,USIM29,USINAS SIDERURGICAS DE MINAS GERAIS S/A - USIMINAS,USINAS SIDERURGICAS DE MG S/A - USIMINAS,Usinas Siderurgicas,CVM FRE,DI_MAIS,N,Quirografária,S,USINAS SIDERURGICAS DE MG S/A - USIMINAS,60894730000105,1.3112,0.1144,1056.824006,2029-12-09,,,2.1765,ok DI+,ok DI+,131.11999999999998,7,2.1800574111519517,0.16344641175979097,2.1518424529094036,7.538982835566712,2.190124689717887,1.0854178470283582,-1.0665693647904706,-2.1147184524443086,-4.157409488903685,2.1895373670872376,1.0853449549991603,-1.0664974979102435,-2.11414753873157,-4.152905249107473,30.466914485937128,60.933828971874256,,,,,,
2026-10-02,USIM39,USINAS SIDERURGICAS DE MINAS GERAIS S/A - USIMINAS,USINAS SIDERURGICAS DE MG S/A - USIMINAS,Usinas Siderurgicas,CVM FRE,DI_MAIS,N,Quirografária,S,USINAS SIDERURGICAS DE MG S/A - USIMINAS,60894730000105,1.4589,0.053,1068.291183,2032-12-09,,,3.5489,ok DI+,ok DI+,145.89000000000001,13,3.5474850241013005,-0.039870830361510755,3.49647495104057,19.080594230740708,3.594077277423602,1.7723603809646216,-1.7246535336325475,-3.4031855027712776,-6.627920920903074,3.591877922194273,1.7720882183087108,-1.7243867327318592,-3.4010719798868667,-6.611338017466325,20.862440321012787,41.724880642025575,,,,,,
2026-10-02,USIMA0,USINAS SIDERURGICAS DE MINAS GERAIS S/A - USIMINAS,USINAS SIDERURGICAS DE MG S/A - USIMINAS,Usinas Siderurgicas,CVM FRE,DI_MAIS,N,Quirografária,S,USINAS SIDERURGICAS DE MG S/A - USIMINAS,60894730000105,1.2674,0.0604,1007.093675,2029-09-19,,,2.4777,ok DI+,ok DI+,126.74000000000001,6,2.478253409998807,0.022335633805825192,2.447237126655574,9.030929875792308,2.493116736797285,1.234997188458764,-1.2124185765775453,-2.402786832944992,-4.71941133148529,2.4923917760345353,1.2349072256725273,-1.2123299009830466,-2.4020824772766125,-4.713855655795301,25.894507446690408,51.789014893380816,,,,,,
2026-10-02,USIMB0,USINAS SIDERURGICAS DE MINAS GERAIS S/A - USIMINAS,USINAS SIDERURGICAS DE MG S/A - USIMINAS,Usinas Siderurgicas,CVM FRE,DI_MAIS,N,Quirografária,S,USINAS SIDERURGICAS DE MG S/A - USIMINAS,60894730000105,1.4315,0.0889,1007.400966,2031-09-19,,,3.3664,ok DI+,ok DI+,143.15,10,3.3629448953169576,-0.10263500127858965,3.315483745500123,16.278648800290426,3.398564834759421,1.6782992490247617,-1.637598892635772,-3.2357185676439526,-6.318191408048424,3.396876989501575,1.6780901837504247,-1.6373935617496984,-3.234090501498671,-6.305394514994438,21.58810161477757,43.17620322955514,,,,,,
2026-10-02,VAMO13,"VAMOS LOCACAO DE CAMINHOES, MAQUINAS E EQUIPAMENTOS S.A.",VAMOS LOCACAO DE CAMINHOES MAQUINAS E EQUIPAMENTOS S.A.,Simpar,CVM FRE,DI_MAIS,N,Quirografária,S,VAMOS LOCACAO DE CAMINHOES MAQUINAS E EQUIPAMENTOS S.A.,23373000000132,2.725,0.0546,1042.515862,2029-06-15,,,1.433,ok DI+,ok DI+,272.5,6,1.4352226467813303,0.15510445089533967,1.3971503010769826,3.966081763817971,1.4172485449045258,0.7035660181555548,-0.6936503939863226,-1.377581007537254,-2.71704196976007,1.4169807098960725,0.7035327527432638,-0.6936175483337188,-1.3773198922578926,-2.7149789668776054,97.51993031456439,195.03986062912878,,,,,,
2026-10-02,VAMO14,"VAMOS LOCACAO DE CAMINHOES, MAQUINAS E EQUIPAMENTOS S.A.",VAMOS LOCACAO DE CAMINHOES MAQUINAS E EQUIPAMENTOS S.A.,Simpar,CVM FRE,DI_MAIS,N,Flutuante,S,VAMOS LOCACAO DE CAMINHOES MAQUINAS E EQUIPAMENTOS S.A.,23373000000132,3.6099,0.2416,1064.854592,2028-10-15,,,0.8693,ok DI+,ok DI+,360.99,5,0.8719687659041964,0.3070017145055104,0.8415882709125251,2.0923773779721433,0.8521756645720746,0.4234252051245946,-0.41819408399018654,-0.8312490467243139,-1.6422992915000934,0.8520501578023858,0.4234096071787277,-0.4181786637337974,-0.8311263840226645,-1.6413289942656073,214.4694813822574,428.9389627645148,,,,,,
2026-10-02,VAMO17,"VAMOS LOCACAO DE CAMINHOES, MAQUINAS E EQUIPAMENTOS S.A.",VAMOS LOCACAO DE CAMINHOES MAQUINAS E EQUIPAMENTOS S.A.,Simpar,CVM FRE,DI_MAIS,N,Quirografária,S,VAMOS LOCACAO DE CAMINHOES MAQUINAS E EQUIPAMENTOS S.A.,23373000000132,,,,2028-06-15,,,,fora do escopo (não IPCA+ nem DI+),,,,,,,,,,,,,,,,,,,,,,,,,
2026-10-02,VAMO23,"VAMOS LOCACAO DE CAMINHOES, MAQUINAS E EQUIPAMENTOS S.A.",VAMOS LOCACAO DE CAMINHOES MAQUINAS E EQUIPAMENTOS S.A.,Simpar,CVM FRE,DI_MAIS,N,Quirografária,S,VAMOS LOCACAO DE CAMINHOES MAQUINAS E EQUIPAMENTOS S.A.,23373000000132,3.2849,0.0929,1035.367383,2031-06-15,,,2.7273,ok DI+,ok DI+,328.48999999999995,10,2.7295454799440524,0.08233344128083933,2.642734300893986,11.244308016840145,2.699996976939567,1.335551598907725,-1.3074387222534622,-2.58752017467877,-5.068512870168784,2.698955840978187,1.3354225354680433,-1.3073117654259427,-2.5865127608097853,-5.06058244145117,62.1496455184462,124.2992910368924,,,,,,
2026-10-02,VAMO24,"VAMOS LOCACAO DE CAMINHOES, MAQUINAS E EQUIPAMENTOS S.A.",VAMOS LOCACAO DE CAMINHOES MAQUINAS E EQUIPAMENTOS S.A.,Simpar,CVM FRE,DI_MAIS,N,Flutuante,S,VAMOS LOCACAO DE CAMINHOES MAQUINAS E EQUIPAMENTOS S.A.,23373000000132,4.0054,0.1664,1042.852672,2031-10-15,,,2.8134,ok DI+,ok DI+,400.54,11,2.8190399900770955,0.20046883049318864,2.710474638890957,12.106112054360333,2.7721721710128433,1.370514580939508,-1.3402468606736884,-2.6510719906645996,-5.187701251516907,2.771005199162759,1.3703699595134289,-1.3401046793775282,-2.6499440786191553,-5.178827036694708,73.88742810076405,147.7748562015281,,,,,,
2026-10-02,VAMOA0,"VAMOS LOCACAO DE CAMINHOES, MAQUINAS E EQUIPAMENTOS S.A.",VAMOS LOCACAO DE CAMINHOES MAQUINAS E EQUIPAMENTOS S.A.,Simpar,CVM FRE,DI_MAIS,N,Quirografária,S,VAMOS LOCACAO DE CAMINHOES MAQUINAS E EQUIPAMENTOS S.A.,23373000000132,3.6901,0.2383,996.137442,2029-02-21,,,1.6445,ok DI+,ok DI+,369.01000000000005,5,1.6457592149952618,0.07657129797882122,1.5871903055308672,4.399710935193037,1.6094734624128915,0.7991301493533776,-0.7881304452453941,-1.5654695213275005,-3.088582164357234,1.6091888602068325,0.799094791434425,-0.7880955140964424,-1.5651917508549023,-3.086386392357874,116.24629973926704,232.4925994785341,,,,,,
2026-10-02,VAMOA1,"VAMOS LOCACAO DE CAMINHOES, MAQUINAS E EQUIPAMENTOS S.A.",VAMOS LOCACAO DE CAMINHOES MAQUINAS E EQUIPAMENTOS S.A.,Simpar,CVM FRE,DI_MAIS,N,Quirografária,S,VAMOS LOCACAO DE CAMINHOES MAQUINAS E EQUIPAMENTOS S.A.,23373000000132,3.1941,0.047,1027.930601,2029-06-25,,,1.8511,ok DI+,ok DI+,319.41,6,1.8537031182465904,0.14062547926046298,1.7963266487585923,5.491469179455733,1.8241671175918794,0.9050752400961315,-0.8913459566575077,-1.769242654519232,-3.48577305351333,1.8237839946558712,0.9050276608536159,-0.8912989879049766,-1.7688693028613138,-3.4828239139280703,88.90643587031856,177.81287174063712,,,,,,
2026-10-02,VBBR15,VIBRA ENERGIA S.A,VIBRA ENERGIA S.A,Vibra Energia,inferido,DI_MAIS,N,Quirografária,S,VIBRA ENERGIA S.A,34274233000102,0.938,0.0504,1087.945977,2029-10-03,,,2.0054,ok DI+,ok DI+,93.8,7,2.011898257935972,0.3240379942142342,1.9932020229606018,6.733018631237069,2.027376658821489,1.005080534029612,-0.9882471181139829,-1.9600325578701394,-3.8556551747371715,2.0268671161167875,1.0050172847693475,-0.9881847381912546,-1.9595369298044167,-3.851743673296463,23.529978125517403,47.059956251034805,,,,,,
2026-10-02,VBBR16,VIBRA ENERGIA S.A,VIBRA ENERGIA S.A,Vibra Energia,inferido,DI_MAIS,N,Quirografária,S,VIBRA ENERGIA S.A,34274233000102,0.7401,0.0268,1083.987456,2031-04-05,,,2.9345,ok DI+,ok DI+,74.00999999999999,10,2.941176239341819,0.22750858210321812,2.9195685127787434,13.439221457647795,2.988080258368453,1.4767463167959294,-1.4431454893602869,-2.8536436422607503,-5.580353061288845,2.9867646200669826,1.4765832832114314,-1.4429852295673122,-2.8523724054905046,-5.570352596404531,12.674818158242136,25.349636316484272,,,,,,
2026-10-02,VBBR17,VIBRA ENERGIA S.A,VIBRA ENERGIA S.A,Vibra Energia,inferido,DI_MAIS,N,Quirografária,S,VIBRA ENERGIA S.A,34274233000102,0.7688,0.0231,1058.508633,2031-06-14,,,3.119,ok DI+,ok DI+,76.88000000000001,10,3.120444808542116,0.046322813148948545,3.096637856699808,14.680422829850674,3.171515914878964,1.5668523183728134,-1.5301480787242805,-3.0246607399777803,-5.910873017047036,3.170039970849061,1.566669456887217,-1.5299683998125904,-3.023235742550554,-5.899667256802601,12.413463174853392,24.826926349706785,,,,,,
2026-10-02,VBBR18,VIBRA ENERGIA S.A,VIBRA ENERGIA S.A,Vibra Energia,inferido,DI_MAIS,N,Quirografária,S,VIBRA ENERGIA S.A,34274233000102,0.8143,0.0384,1042.407403,2032-01-08,,,3.1771,ok DI+,ok DI+,81.43,11,3.1768088434877573,-0.009164222474663712,3.15114903688044,15.268424230887819,3.2290727086105697,1.5948559357442216,-1.5566813537403634,-3.0763320937350236,-6.008916462842362,3.2274911580348795,1.5946600487288298,-1.5564889881516102,-3.074806915726001,-5.996929589143123,12.920683700922902,25.841367401845805,,,,,,
2026-10-02,VBBR24,VIBRA ENERGIA S.A,VIBRA ENERGIA S.A,Vibra Energia,inferido,DI_MAIS,N,Quirografária,S,VIBRA ENERGIA S.A,34274233000102,1.0426,0.0791,1165.000929,2031-11-16,,,2.8968,ok DI+,ok DI+,104.25999999999999,6,2.9153869418178786,0.6416370414898781,2.8853047544480037,13.652301814188197,2.9549510005283164,1.4598892933061824,-1.425755509921045,-2.8183794975027765,-5.508068815123357,2.9535662635189444,1.459717754491737,-1.4255869999562665,-2.817043245377062,-5.497563472612243,18.06741555450462,36.13483110900924,,,,,,
2026-10-02,VBBR26,VIBRA ENERGIA S.A,VIBRA ENERGIA S.A,Vibra Energia,inferido,DI_MAIS,N,Quirografária,S,VIBRA ENERGIA S.A,34274233000102,0.9097,0.035,1089.390282,2034-04-05,,,4.071,ok DI+,ok DI+,90.97,16,4.07055077899428,-0.01103465992925794,4.033854801861744,25.99030516128695,4.167300858114342,2.049847074106226,-1.9848615742043885,-3.9072419222573984,-7.57402610639637,4.163806327668178,2.0494152823824807,-1.984439519479263,-3.9039032760553085,-7.547903500497748,11.275814880349019,22.551629760698038,,,,,,
2026-10-02,VEBMA6,VOTORANTIM CIMENTOS S/A,VOTORANTIM CIMENTOS S/A,Votorantim,CVM FRE,DI_MAIS,N,Quirografária,S,VOTORANTIM CIMENTOS S/A,01637895000132,1.2745,0.0032,1049.687194,2030-12-20,,,3.131,ok DI+,ok DI+,127.44999999999999,9,3.1323026606059203,0.04160525729545024,3.0928838558629472,14.538250229111979,3.167016183748106,1.564793309958934,-1.5284446292431864,-3.021584776792652,-5.905953480733528,3.1655751070085074,1.5646147407178637,-1.5282691151450838,-3.0201926047173875,-5.8950027071436555,20.6037481424339,41.2074962848678,,,,,,
2026-10-02,VEBMA8,VOTORANTIM CIMENTOS S/A,VOTORANTIM CIMENTOS S/A,Votorantim,CVM FRE,DI_MAIS,N,Quirografária,S,VOTORANTIM CIMENTOS S/A,01637895000132,0.6183,0.0421,1068.729907,2032-04-16,,,3.7521,ok DI+,ok DI+,61.82999999999999,12,3.753730986747486,0.04346863749596127,3.730664289445842,21.514857397822887,3.8408102723444193,1.8925438807808836,-1.8387503259833071,-3.625559063282935,-7.050395255716291,3.8382385764349563,1.8922257164701997,-1.838438572975642,-3.6230900024567276,-7.031031430935227,8.286727939434119,16.573455878868238,,,,,,
2026-10-02,VEBMA9,VOTORANTIM CIMENTOS S/A,VOTORANTIM CIMENTOS S/A,Votorantim,CVM FRE,DI_MAIS,N,Quirografária,S,VOTORANTIM CIMENTOS S/A,01637895000132,0.6283,0.0457,1061.485191,2033-01-25,,,4.104,ok DI+,ok DI+,62.83,14,4.101931245380791,-0.05040825095539232,4.0763197285264585,25.791295518170827,4.208647303910196,2.0708156830883784,-2.0063283499063167,-3.9505887551026686,-7.662068549355694,4.205276206117312,2.070398983660943,-2.0059207448655156,-3.9473632509356045,-7.6368135466895,7.70670656184179,15.41341312368358,,,,,,
2026-10-02,VEBMB0,VOTORANTIM CIMENTOS S/A,VOTORANTIM CIMENTOS S/A,Votorantim,CVM FRE,DI_MAIS,N,Quirografária,S,VOTORANTIM CIMENTOS S/A,01637895000132,0.6223,0.0551,1005.587412,2033-03-20,,,4.4024,ok DI+,ok DI+,62.23,13,4.389614524914264,-0.2904205680023653,4.362466893436409,28.064788148908008,4.506519328193992,2.216775230809742,-2.1466030545651216,-4.225708058810795,-8.1915432442215,4.502790834180948,2.216314431904339,-2.1461524615320693,-4.222142952691868,-8.163638023894656,7.132432350790872,14.264864701581743,,,,,,
2026-10-02,VERO14,VERO S.A.,VERO S.A.,Vero,CVM FRE,DI_MAIS,N,Quirografária,S,VERO S.A.,31748174000160,,,910.938324,2029-10-15,,,,fora do escopo (não IPCA+ nem DI+),,,,,,,,,,,,,,,,,,,,,,,,,
2026-10-02,VIVA11,VIVARA PARTICIPACOES S.A.,VIVARA PARTICIPACOES S.A.,Vivara,CVM FRE,DI_MAIS,N,Quirografária,S,VIVARA PARTICIPACOES S.A.,33839910000111,0.6613,0.0269,1014.671595,2030-08-27,,,2.7506,ok DI+,ok DI+,66.13,8,2.750712558212339,0.004092133074206758,2.732641599316062,11.275036233998325,2.790021493842354,1.380539182391316,-1.3523496335188456,-2.677239785124208,-5.247449415390437,2.789016780486054,1.380414594950529,-1.3522270043655333,-2.6762664181460707,-5.2397824739521575,12.100013411299768,24.200026822599536,,,,,,
2026-10-02,VIXL15,VIX LOGÍSTICA S/A,VIX LOGISTICA S/A,Isolada (a identificar),,DI_MAIS,N,Quirografária,S,VIX LOGISTICA S/A,32681371000172,0.9813,0.0787,535.312963,2026-10-26,,,0.0595,ok DI+,ok DI+,98.12999999999998,1,0.05952380952380952,0.04001600640255995,0.05894537852435007,0.06184717428215862,0.059256732505375,0.029550261956301505,-0.029395642150376045,-0.058638229393992436,-0.11667038215263936,0.05925461439576085,0.02954999823002773,-0.029395380294322333,-0.058636142652939274,-0.11665381356305694,832.380777396,1664.761554792,,,,,,
2026-10-02,VIXL18,VIX LOGÍSTICA S/A,VIX LOGISTICA S/A,Isolada (a identificar),,DI_MAIS,N,Quirografária,S,VIX LOGISTICA S/A,32681371000172,1.0712,0.0349,1069.908104,2030-06-11,,,2.1555,ok DI+,ok DI+,107.11999999999999,8,2.158479901128732,0.13824639892052523,2.1356033183822216,7.711516872352602,2.174787979276771,1.0775188551363613,-1.0582389186259977,-2.097654493247636,-4.121776095531116,2.1741609027439845,1.0774410552815517,-1.05816226310067,-2.0970457340204587,-4.1169762993173915,25.079563952248012,50.159127904496025,,,,,,
2026-10-02,VIXL19,VIX LOGÍSTICA S/A,VIX LOGISTICA S/A,Isolada (a identificar),,DI_MAIS,N,Quirografária,S,VIX LOGISTICA S/A,32681371000172,1.2375,0.0302,1070.541977,2031-10-15,,,2.9314,ok DI+,ok DI+,123.75,11,2.936836705754034,0.1854644795672333,2.9009376029179244,13.485069219713964,2.9697095300970533,1.4674919705283784,-1.4337763911159263,-2.8348123132692082,-5.542396958452178,2.968362949016494,1.4673251379836045,-1.4336124649343196,-2.8335122568193545,-5.532173821441569,21.329310888232378,42.658621776464756,,,,,,
2026-10-02,VIXL25,VIX LOGÍSTICA S/A,VIX LOGISTICA S/A,Isolada (a identificar),,DI_MAIS,N,Quirografária,S,VIX LOGISTICA S/A,32681371000172,1.0971,0.0745,1085.011999,2028-10-26,,,0.9131,ok DI+,ok DI+,109.71,5,0.9156052091726868,0.2743630678662597,0.9056691133303396,2.322107050320216,0.9174234066325226,0.4557550534490362,-0.4499495762157135,-0.8941989797029093,-1.766006321904845,0.9172796485819408,0.4557371904780701,-0.4499319228522696,-0.8940585780787386,-1.7648960856542748,60.568478258341386,121.13695651668277,,,,,,
2026-10-02,VIXL26,VIX LOGÍSTICA S/A,VIX LOGISTICA S/A,Isolada (a identificar),,DI_MAIS,N,Quirografária,S,VIX LOGISTICA S/A,32681371000172,1.0821,0.0762,1020.970381,2028-09-29,,,1.1238,ok DI+,ok DI+,108.21000000000001,8,1.1244719008004749,0.0597882897735333,1.1124342497835669,2.6014529826096555,1.1255916048172887,0.5594875969804125,-0.552983757285963,-1.0995737579760023,-2.174000783374608,1.125441514696615,0.5594689411200455,-0.5529653086635213,-1.0994269848705187,-2.1728394399149407,48.636582351295445,97.27316470259089,,,,,,
2026-10-02,VIXL35,VIX LOGÍSTICA S/A,VIX LOGISTICA S/A,Isolada (a identificar),,DI_MAIS,N,Quirografária,S,VIX LOGISTICA S/A,32681371000172,1.0496,0.0011,535.29142,2026-10-26,,,0.0595,ok DI+,ok DI+,104.96000000000001,1,0.05952380952380952,0.04001600640255995,0.058905537007380056,0.0617635095112842,0.05921646879798459,0.029530236190833392,-0.02937582533383276,-0.05859880154663877,-0.11659233726133422,0.05921435455493648,0.029529972890579136,-0.029375564116800923,-0.058596719459823636,-0.11657580382453445,890.9179453440001,1781.8358906880003,,,,,,
2026-10-02,VIXL45,VIX LOGÍSTICA S/A,VIX LOGISTICA S/A,Isolada (a identificar),,DI_MAIS,N,Quirografária,S,VIX LOGISTICA S/A,32681371000172,1.0966,0.0787,1085.016898,2028-10-26,,,0.9131,ok DI+,ok DI+,109.66,5,0.9156082725735761,0.2746985624330423,0.9056766227287328,2.3221391195261574,0.9174310793014229,0.4557588486188813,-0.44995329112266225,-0.8942063312589732,-1.7660207197130684,0.9172873183263637,0.4557409852637741,-0.4499356374649588,-0.8940659271311021,-1.7649104630669425,60.54037238457308,121.08074476914616,,,,,,
2026-10-02,VLIDA0,VALID SOLUCOES S/A,VALID SOLUCOES S/A,Valid Solucoes,inferido,DI_MAIS,N,Quirografária,S,VALID SOLUCOES S/A,33113309000147,1.3122,0.1219,1076.348567,2029-04-26,,,1.0981,ok DI+,ok DI+,131.22,11,1.1010737990033272,0.270813132076056,1.0868126434953809,2.8561637061327514,1.101275287082415,0.5469991158726373,-0.5398584342353852,-1.0727092913985437,-2.1179049128466243,1.1010934620260446,0.5469765263803563,-0.5398361171150244,-1.072531824964717,-2.1165020128681067,60.36919094811658,120.73838189623316,,,,,,
2026-10-02,VLIDA1,VALID SOLUCOES S/A,VALID SOLUCOES S/A,Valid Solucoes,inferido,DI_MAIS,N,Quirografária,N,VALID SOLUCOES S/A,33113309000147,1.5695,0.2011,1029.920214,2030-12-15,,,2.5115,ok DI+,ok DI+,156.95000000000002,9,2.5143486162472857,0.11342290453059245,2.475495711062165,9.894844858768963,2.5258410104604057,1.2502244295153897,-1.2254856236837974,-2.4268654501510833,-4.759742457562,2.52496993535601,1.2501164116045438,-1.2253792994576214,-2.4260214867683203,-4.753094524948951,31.700721455230717,63.401442910461434,,,,,,
2026-10-02,VLIDB1,VALID SOLUCOES S/A,VALID SOLUCOES S/A,Valid Solucoes,inferido,DI_MAIS,N,Quirografária,N,VALID SOLUCOES S/A,33113309000147,1.6607,0.2656,1028.267317,2032-12-15,,,3.5944,ok DI+,ok DI+,166.07,13,3.5925635883525024,-0.05109090940066134,3.533876501295488,19.347628973894594,3.6328484759380553,1.7913992134238388,-1.7430246911157132,-3.439284941826215,-6.6976424776506445,3.6306146461649607,1.7911227868651118,-1.7427537144303757,-3.4371383564260145,-6.680800423113083,23.496859601505626,46.99371920301125,,,,,,
2026-10-02,VLME11,VRENTAL LOCACAO DE MAQUINAS E EQUIPAMENTOS S.A.,VRENTAL LOCACAO DE MAQUINAS E EQUIPAMENTOS S.A.,Vrental Locacao,CVM FRE,DI_MAIS,N,Real,S,VRENTAL LOCACAO DE MAQUINAS E EQUIPAMENTOS S.A.,41570356000148,,,784.000221,2030-10-06,,,,fora do escopo (não IPCA+ nem DI+),,,,,,,,,,,,,,,,,,,,,,,,,
2026-10-02,VLME12,VRENTAL LOCACAO DE MAQUINAS E EQUIPAMENTOS S.A.,VRENTAL LOCACAO DE MAQUINAS E EQUIPAMENTOS S.A.,Vrental Locacao,CVM FRE,DI_MAIS,N,Real,S,VRENTAL LOCACAO DE MAQUINAS E EQUIPAMENTOS S.A.,41570356000148,,,881.779445,2030-10-06,,,,fora do escopo (não IPCA+ nem DI+),,,,,,,,,,,,,,,,,,,,,,,,,
2026-10-02,VVEO15,CM HOSPITALAR S.A.,CM HOSPITALAR S.A.,Cm Hospitalar,CVM FRE,DI_MAIS,N,Quirografária,S,CM HOSPITALAR S.A.,12420164000157,,,686.037959,2034-01-30,,,,fora do escopo (não IPCA+ nem DI+),,,,,,,,,,,,,,,,,,,,,,,,,
2026-10-02,VVEO16,CM HOSPITALAR S.A.,CM HOSPITALAR S.A.,Cm Hospitalar,CVM FRE,DI_MAIS,N,Flutuante,S,CM HOSPITALAR S.A.,12420164000157,,,686.318696,2034-01-30,,,,fora do escopo (não IPCA+ nem DI+),,,,,,,,,,,,,,,,,,,,,,,,,
2026-10-02,WIZC12,WIZ SOLUCOES E CORRETAGEM DE SEGUROS S.A.,WIZ SOLUCOES E CORRETAGEM DE SEGUROS S.A.,Wiz Solucoes,CVM FRE,DI_MAIS,N,Quirografária,S,WIZ SOLUCOES E CORRETAGEM DE SEGUROS S.A.,42278473000103,2.1433,0.0175,1024.60646,2030-01-29,,,1.5462,ok DI+,ok DI+,214.33,7,1.5473538579029467,0.07462539793989408,1.5148853208217736,4.6709410062491115,1.5385791178216035,0.7633234344943673,-0.7516455161377666,-1.4918606504656373,-2.938957240212914,1.538240025853019,0.7632813366686981,-0.7516039841530754,-1.491530615790528,-2.936351821518565,70.74132842073263,141.48265684146526,,,,,,
2026-10-02,YDUQ17,YDUQS PARTICIPACOES S.A,YDUQS PARTICIPACOES S.A,Yduqs,inferido,DI_MAIS,N,Quirografária,S,YDUQS PARTICIPACOES S.A,08807432000110,0.5988,0.0027,1051.770744,2027-11-29,,,1.0436,ok DI+,ok DI+,59.88,3,1.0456136537896101,0.1929526436958651,1.0393897877406193,2.181895546617788,1.0504132157227675,0.5224364337270693,-0.5169815504005082,-1.0285919485238049,-2.0360258024418765,1.0502992654737082,0.5224222633035818,-0.5169675244370374,-1.0284803100075302,-2.0351416645488825,28.805362870730416,57.61072574146083,,,,,,
2026-10-02,YDUQ18,YDUQS PARTICIPACOES S.A,YDUQS PARTICIPACOES S.A,Yduqs,inferido,DI_MAIS,N,Quirografária,S,YDUQS PARTICIPACOES S.A,08807432000110,0.7839,0.0646,1005.73402,2030-06-02,,,2.9414,ok DI+,ok DI+ aprox,78.39,,,,2.9185217083284134,,2.9185217083284134,1.4592608541642067,-1.4592608541642067,-2.9185217083284134,-5.837043416656827,2.9185217083284134,1.4592608541642067,-1.4592608541642067,-2.9185217083284134,-5.837043416656827,13.42974420514041,26.85948841028082,,,,,,
2026-10-02,YDUQA0,YDUQS PARTICIPACOES S.A,YDUQS PARTICIPACOES S.A,Yduqs,inferido,DI_MAIS,N,Quirografária,S,YDUQS PARTICIPACOES S.A,08807432000110,0.714,0.0487,1081.619463,2029-04-10,,,1.6746,ok DI+,ok DI+,71.39999999999999,6,1.679880746256281,0.31534373917836755,1.6679714302443367,4.969641473016632,1.6931611880334874,0.8402401855697628,-0.8278155419397359,-1.6434561304915496,-3.239179963949823,1.69281963760942,0.8401977669634391,-0.8277736632808976,-1.6431232228792534,-3.236550031028341,21.403244295839286,42.80648859167857,,,,,,
2026-10-02,YDUQA1,YDUQS PARTICIPACOES S.A,YDUQS PARTICIPACOES S.A,Yduqs,inferido,DI_MAIS,N,Quirografária,S,YDUQS PARTICIPACOES S.A,08807432000110,0.8679,0.1016,1057.149686,2031-11-29,,,3.3537,ok DI+,ok DI+,86.78999999999999,11,3.3548628333316812,0.034673147022134455,3.3259965096246487,16.965147258748562,3.4126429416142523,1.6844301457928479,-1.642013127990527,-3.2429250385733743,-6.326471571911341,3.4108222459183914,1.6842046888857598,-1.6417918207388889,-3.241170773330906,-6.312690074074326,13.04721754049504,26.09443508099008,,,,,,
2026-10-02,YDUQA2,YDUQS PARTICIPACOES S.A,YDUQS PARTICIPACOES S.A,Yduqs,inferido,DI_MAIS,N,Quirografária,S,YDUQS PARTICIPACOES S.A,08807432000110,0.7741,0.0554,1038.174115,2029-12-23,,,2.5796,ok DI+,ok DI+,77.41000000000001,7,2.582664178886113,0.11878503977797981,2.5628253478682645,10.068903933296205,2.6140226008944056,1.2941045862757017,-1.2689307429694208,-2.5133082139391583,-4.930794472423605,2.6131698675347454,1.2939988038507524,-1.268826544017512,-2.512480828201783,-4.924272617070605,15.102472758120049,30.204945516240098,,,,,,
2026-10-02,YDUQA3,YDUQS PARTICIPACOES S.A,YDUQS PARTICIPACOES S.A,Yduqs,inferido,DI_MAIS,N,Quirografária,S,YDUQS PARTICIPACOES S.A,08807432000110,0.852,0.0243,1012.367246,2031-08-25,,,3.6115,ok DI+,ok DI+,85.2,10,3.607224288746496,-0.11839156177499378,3.576750375546837,18.809246951819066,3.6728595296202426,1.8121421619499811,-1.7651142737141634,-3.4846906868066685,-6.792917898739059,3.670796610305932,1.8118867464631923,-1.7648636290836444,-3.4827041407877415,-6.777315812057292,11.910252471417449,23.820504942834898,,,,,,
2026-10-02,BHIAA0,GRUPO CASAS BAHIA S.A.,GRUPO CASAS BAHIA S.A,Grupo Casas,CVM FRE,PCT_DI,N,Real,S,GRUPO CASAS BAHIA S.A,33041260065290,,,0.385411,2050-11-28,,,,fora do escopo (não IPCA+ nem DI+),,,,,,,,,,,,,,,,,,,,,,,,,
2026-10-02,BHIAC0,GRUPO CASAS BAHIA S.A.,GRUPO CASAS BAHIA S.A,Grupo Casas,CVM FRE,PCT_DI,N,Real,S,GRUPO CASAS BAHIA S.A,33041260065290,,,0.375357,2050-11-28,,,,fora do escopo (não IPCA+ nem DI+),,,,,,,,,,,,,,,,,,,,,,,,,
2026-10-02,KLBNA2,KLABIN S/A,KLABIN S/A,Klabin,CVM FRE,PCT_DI,N,Quirografária,S,KLABIN S/A,89637490000145,102.9551,0.2861,10251.054198,2029-03-19,,,1.3113,fora do escopo (não IPCA+ nem DI+),,,,,,,,,,,,,,,,,,,,,,,,,
2026-10-02,RADL14,RAIA DROGASIL S/A,RAIA DROGASIL S/A,Raia Drogasil,CVM FRE,PCT_DI,N,Quirografária,S,RAIA DROGASIL S/A,61585865000151,103.543,0.2012,523.068528,2027-06-17,,,0.6577,fora do escopo (não IPCA+ nem DI+),,,,,,,,,,,,,,,,,,,,,,,,,
2026-10-02,UNDAC3,UNIDAS S/A,LOCALIZA RENT A CAR S/A,Localiza,inferido,PCT_DI,N,Quirografária,S,LOCALIZA RENT A CAR S/A,16670085000155,107.9948,0.3745,1083.076471,2029-04-10,,,1.6682,fora do escopo (não IPCA+ nem DI+),,,,,,,,,,,,,,,,,,,,,,,,,
2026-10-02,ACRC21,ATLAS LUIZ CARLOS COMERCIALIZADORA DE ENERGIA S.A.,ATLAS LUIZ CARLOS COMERCIALIZADORA DE ENERGIA S.A.,Isolada (a identificar),,IPCA_MAIS,S,Real,N,ATLAS LUIZ CARLOS COMERCIALIZADORA DE ENERGIA S.A.,49037416000173,8.4691,0.0929,1138.327283,2044-07-15,2035-05-15,94.90999999999997,6.7288,ok,,,36,6.728851880518212,0.0007710218495444064,6.203473505835497,64.09183001694745,6.538175865540619,3.1835987197350812,-3.023305932155662,-5.896245125063659,-11.227280822996711,6.523932655920234,3.1818515404389327,-3.021621965396564,-5.88301435575076,-11.125110411332043,8.940237723302777,17.880475446605555,corrigido IPCA,0.9503364740887115,110.9210557047597,6.289615916173963,363.8190302930297,363.8190302930297
2026-10-02,AEAB11,AES CAJUINA AB1 HOLDINGS S.A.,CAJUINA AB1 HOLDINGS S.A,Cajuina Ab1,inferido,IPCA_MAIS,S,Quirografária,N,CAJUINA AB1 HOLDINGS S.A,45024644000158,8.1473,0.108,1151.884024,2044-06-15,2037-05-15,64.81999999999992,7.3268,ok,,,36,7.326858793599983,0.0008024458151210283,6.774888317692613,74.50703720326912,7.164998586523996,3.4827315709534012,-3.2963818509343157,-6.418612742770846,-12.184960064090278,7.147423503708959,3.4805779553503933,-3.2943103623422205,-6.402353131676268,-12.059635891319845,5.952144677373894,11.904289354747789,corrigido IPCA,0.9480063945610706,80.65023087991334,6.324128000499241,328.03024701295357,328.03024701295357
2026-10-02,AESLA5,RGE SUL DISTRIBUIDORA DE ENERGIA S/A,RGE SUL DISTRIBUIDORA DE ENERGIA S/A,CPFL,CVM FRE,IPCA_MAIS,S,Quirografária,N,RGE SUL DISTRIBUIDORA DE ENERGIA S/A,02016440000162,7.6317,0.0255,1098.323014,2033-10-15,2032-08-15,7.170000000000076,4.9055,ok,,,15,4.9055471182211345,0.0009605182169925137,4.5577159128966045,28.342175675242512,4.702984195640014,2.314725626872405,-2.2438610089551947,-4.4194154993807855,-8.575316429181811,4.699426791272817,2.3142856760423554,-2.243430236854249,-4.416005034520392,-8.54858831228836,0.6598729519170918,1.3197459038341837,corrigido IPCA,0.9617302916604887,6.015026906885171,6.164523936543076,243.35955357045933,243.35955357045933
2026-10-02,AESLA7,RGE SUL DISTRIBUIDORA DE ENERGIA S/A,RGE SUL DISTRIBUIDORA DE ENERGIA S/A,CPFL,CVM FRE,IPCA_MAIS,S,Quirografária,N,RGE SUL DISTRIBUIDORA DE ENERGIA S/A,02016440000162,7.6719,0.0156,1059.876186,2034-04-15,2033-05-15,14.07999999999996,5.2362,ok,,,16,5.236268263535341,0.0013036846442236749,4.863170672696722,32.150492967757096,5.028188964026858,2.4723007318961265,-2.3919129572017916,-4.706499252861695,-9.115282911480538,5.023923137535507,2.4717734525580575,-2.3913972201386646,-4.702418207857936,-9.0833314860383,1.1404385555592966,2.2808771111185933,corrigido IPCA,0.9535614100319849,11.092294674817163,6.190401115552402,249.53849050989302,249.53849050989302
2026-10-02,AESLA9,RGE SUL DISTRIBUIDORA DE ENERGIA S/A,RGE SUL DISTRIBUIDORA DE ENERGIA S/A,CPFL,CVM FRE,IPCA_MAIS,S,Quirografária,N,RGE SUL DISTRIBUIDORA DE ENERGIA S/A,02016440000162,7.6677,0.1025,1037.826673,2035-05-15,2033-05-15,13.659999999999961,5.8273,ok,,,18,5.827377879597187,0.0013364610915379592,5.4123733297889585,39.96431140365344,5.618076295641639,2.756868239651933,-2.6569400625000905,-5.2181546289094545,-10.069237957851495,5.612194886807226,2.7561420541490462,-2.6562312756399127,-5.212551772770692,-10.025460431504849,1.2773119840100422,2.5546239680200844,corrigido IPCA,0.9856443517296878,13.826578632151545,6.232572073769194,252.8616656369432,252.8616656369432
2026-10-02,AESLB0,RGE SUL DISTRIBUIDORA DE ENERGIA S/A,RGE SUL DISTRIBUIDORA DE ENERGIA S/A,CPFL,CVM FRE,IPCA_MAIS,S,Quirografária,N,RGE SUL DISTRIBUIDORA DE ENERGIA S/A,02016440000162,7.8083,0.0948,992.820854,2035-09-15,2035-05-15,28.830000000000044,6.1591,ok,,,18,6.159115400079714,0.00025003782556813544,5.71302524952134,43.57596298361098,5.937518995036251,2.911798924630493,-2.802838916061967,-5.501437549208566,-10.603662470314346,5.930905064439394,2.9109825784901835,-2.802042671031156,-5.495145434603285,-10.55453123937046,2.5277795532251535,5.055559106450307,corrigido IPCA,0.9520901646583957,28.882536825598145,6.254416919871431,270.70552962161787,270.70552962161787
2026-10-02,AESLB7,RGE SUL DISTRIBUIDORA DE ENERGIA S/A,RGE SUL DISTRIBUIDORA DE ENERGIA S/A,CPFL,CVM FRE,IPCA_MAIS,S,Quirografária,N,RGE SUL DISTRIBUIDORA DE ENERGIA S/A,02016440000162,7.9528,0.075,1002.815516,2039-04-15,2037-05-15,45.369999999999955,7.8829,ok,,,26,7.8828767825879655,-0.0002945288159776726,7.3021512944434654,74.80920889402515,7.691379071655868,3.7464537114118457,-3.5593709913591565,-6.9423310201420225,-13.218408252630898,7.676197338913592,3.744587158339264,-3.5575641361042014,-6.928105249973339,-13.108118411006428,3.8535477454027807,7.707095490805561,corrigido IPCA,0.9022244264566613,56.27837731458522,6.3545032350419195,301.7846449996515,301.7846449996515
2026-10-02,AESLC2,RGE SUL DISTRIBUIDORA DE ENERGIA S/A,RGE SUL DISTRIBUIDORA DE ENERGIA S/A,CPFL,CVM FRE,IPCA_MAIS,S,Quirografária,S,RGE SUL DISTRIBUIDORA DE ENERGIA S/A,02016440000162,7.6593,0.0943,972.837534,2033-03-15,2033-05-15,12.819999999999965,5.2965,ok,,,13,5.296575871342763,0.0014324807469668804,4.919756928888413,31.816115176645074,5.082938153573346,2.5001556557842086,-2.420604620233935,-4.764604944574047,-9.23397002827857,5.078837504771638,2.4996486084150127,-2.4201083204734,-4.760676353005187,-9.203191554243924,0.930620206790066,1.861240413580132,corrigido IPCA,0.9483123321990389,9.15685042103799,6.194926486821251,247.50228234108573,247.50228234108573
2026-10-02,AESLD2,RGE SUL DISTRIBUIDORA DE ENERGIA S/A,RGE SUL DISTRIBUIDORA DE ENERGIA S/A,CPFL,CVM FRE,IPCA_MAIS,S,Quirografária,S,RGE SUL DISTRIBUIDORA DE ENERGIA S/A,02016440000162,7.7777,0.0987,949.295751,2036-03-15,2035-05-15,25.77000000000007,6.5125,ok,,,19,6.5125317751878375,0.0004879107537407821,6.042559615938954,48.54435537058985,6.293013261797076,3.0829140486855033,-2.961528660509616,-5.807177454671919,-11.171483295820883,6.2852813927919025,3.0819602521827147,-2.9605993637562396,-5.799837839086005,-11.114232124466112,2.276784720846835,4.55356944169367,corrigido IPCA,0.9253640445461809,27.515214816751858,6.276555400868555,269.10019827275124,269.10019827275124
2026-10-02,AESOA1,AES TIETE ENERGIA S/A,AUREN OPERACOES S.A.,Auren,CVM FRE,IPCA_MAIS,S,Quirografária,N,AUREN OPERACOES S.A.,00194724000113,8.0795,0.0756,1034.08425,2038-03-15,2033-05-15,54.83999999999991,5.3134,ok,,,23,5.313420855719905,0.00039251176093899255,4.916215245000121,37.091277854505314,5.107635293096391,2.5052069460580917,-2.4124590379423716,-4.736406875947241,-9.134614664653295,5.101671634272647,2.5044717198181923,-2.4117435251819286,-4.730758855727594,-9.090604932910136,6.0377575456014645,12.075515091202929,corrigido IPCA,0.9266157200001568,59.36583138260086,6.196180589196554,304.87324015936076,304.87324015936076
2026-10-02,AGEO15,AGEO TERMINAIS E ARMAZENS GERAIS S/A,AGEO TERMINAIS E ARMAZENS GERAIS S/A,Ageo Terminais,inferido,IPCA_MAIS,S,Quirografária,N,AGEO TERMINAIS E ARMAZENS GERAIS S/A,03798096000173,7.5962,0.0759,1074.172107,2037-06-15,2035-05-15,7.6200000000000045,6.8662,ok,,,22,6.8661939263034775,-8.845790280814268e-05,6.38144648816917,56.53977323584335,6.6741191618090445,3.2626266612790777,-3.1212425346160866,-6.108165930649834,-11.705381637189083,6.6641453543483875,3.26139796062939,-3.1200485275397813,-6.098747621989954,-11.632097511621474,1.0846921055703143,2.1693842111406285,corrigido IPCA,1.0235619549112567,13.843809255673008,6.297737354672206,252.45896992209103,252.45896992209103
2026-10-02,AGIZ11,AGUAS DA IMPERATRIZ S.A.,AGUAS DA IMPERATRIZ S.A.,Isolada (a identificar),,IPCA_MAIS,S,Real,N,AGUAS DA IMPERATRIZ S.A.,39523638000142,8.3592,0.0627,999.494051,2047-03-15,2037-05-15,86.00999999999992,8.1468,ok,,,41,8.14684358179467,0.0005349559909304639,7.51836815129188,87.8737216940342,7.97984307168822,3.871731361514419,-3.6519370804728224,-7.099344095402627,-13.435698131148788,7.957736759762052,3.8690262277634826,-3.649341923528398,-7.07899954282171,-13.279261868703077,6.9139657747624605,13.827931549524921,corrigido IPCA,0.9570305540726785,103.96348016019235,6.3684429821606825,355.2778977708236,355.2778977708236
2026-10-02,AHGD13,ATHON GERACAO DISTRIBUIDA S/A,ATHON GERACAO DISTRIBUIDA S/A,Isolada (a identificar),,IPCA_MAIS,S,Quirografária,N,ATHON GERACAO DISTRIBUIDA S/A,30997588000160,8.3981,0.1139,0.94706,2041-09-15,2033-05-15,86.6999999999999,5.7675,ok,,,30,5.767556907239515,0.000986688158046761,5.320717712985297,46.71843242479778,5.563219088152671,2.719852434443415,-2.603021682783402,-5.0954795541470315,-9.771859732479005,5.554309875109286,2.7187568970236455,-2.601960815961651,-5.087125550861308,-9.707066777474637,9.175798353460078,18.351596706920155,corrigido IPCA,0.9471618048836448,97.64366566007273,6.228507209410861,348.8817765100291,348.8817765100291
2026-10-02,ALGAB1,ALGAR TELECOM S/A,ALGAR TELECOM S.A.,Algar Telecom,CVM FRE,IPCA_MAIS,S,Quirografária,N,ALGAR TELECOM S.A.,71208516000174,8.7402,0.1207,1182.637342,2031-07-15,2030-08-15,112.78999999999995,3.369,ok,,,10,3.3690787539727682,0.0023376067903834894,3.0982826534922396,13.518789188563217,3.1671232051927234,1.5661943700386427,-1.532394917250135,-3.0318956172491807,-5.935692916710822,3.1658765994350557,1.5660398132318238,-1.5322428402604158,-3.0306887075494235,-5.926189523213215,19.029489996332106,38.05897999266421,corrigido IPCA,0.8977613376815252,117.91747752087973,6.014492231546709,372.5168710303331,372.5168710303331
2026-10-02,ALGAC2,ALGAR TELECOM S/A,ALGAR TELECOM S.A.,Algar Telecom,CVM FRE,IPCA_MAIS,S,Quirografária,N,ALGAR TELECOM S.A.,71208516000174,8.6875,0.1358,1145.794653,2032-01-15,2031-05-15,112.42000000000002,3.7191,ok,,,11,3.719104790160179,0.00012879890776628492,3.4218330444256964,16.281186835066766,3.5048548573823,1.731468239722589,-1.690761855201317,-3.341988283371311,-6.530322947846868,3.50323897860103,1.7312680057566816,-1.6905650386690145,-3.340427110250362,-6.518042352150057,16.28231423429227,32.56462846858454,corrigido IPCA,0.9183455745156228,111.43072177324832,6.053210661695085,365.7200195877082,365.7200195877082
2026-10-02,ALGE16,ALIANCA GERACAO DE ENERGIA S.A,ALIANCA GERACAO DE ENERGIA S/A,Isolada (a identificar),,IPCA_MAIS,S,Quirografária,N,ALIANCA GERACAO DE ENERGIA S/A,12009135000105,7.547,0.1895,996.449221,2037-11-15,2033-05-15,1.589999999999936,5.1772,ok,,,23,5.177193816540806,-0.00011943635931494202,4.813889570644282,36.50643634839631,5.002226843804203,2.453293673420953,-2.362008699316709,-4.636860140187816,-8.94054603730069,4.996421752386263,2.4525778307576362,-2.3613117398866454,-4.6313573889023,-8.897650414320637,0.6228510778727595,1.245702155745519,corrigido IPCA,0.9554048841600139,5.996672615672452,6.18591315736392,242.12124162015937,242.12124162015937
2026-10-02,ALGTA4,ALGAR TELECOM S/A,ALGAR TELECOM S.A.,Algar Telecom,CVM FRE,IPCA_MAIS,S,Quirografária,N,ALGAR TELECOM S.A.,71208516000174,8.7788,0.1421,1049.257558,2033-11-15,2032-08-15,121.88000000000008,4.5793,ok,,,15,4.5793349409829425,0.0007630201765017361,4.209767841696124,24.66898908766326,4.3360771709896495,2.1360868928454124,-2.074407008670054,-4.089268633414422,-7.948472548739128,4.333112787134439,2.135720157207641,-2.0740476844884825,-4.086422896257807,-7.926155901638982,14.362325267544403,28.724650535088806,corrigido IPCA,0.9216378107153254,120.9241100865762,6.1370204678550255,378.1186066594166,378.1186066594166
2026-10-02,ALIG12,ALIANCA GERACAO DE ENERGIA S.A,ALIANCA GERACAO DE ENERGIA S/A,Isolada (a identificar),,IPCA_MAIS,S,Real,N,ALIANCA GERACAO DE ENERGIA S/A,12009135000105,7.1684,0.1845,657.711963,2029-12-15,2028-08-15,-18.17000000000002,1.4465,ok,,,7,1.4465201270209531,0.0013914290323691707,1.3497636682277174,3.8944778489868273,1.3695015893558704,0.6797829098487584,-0.6700462970894661,-1.3305501183341173,-2.6236826828320847,1.3692360574726514,0.6797499314250922,-0.6700137368026252,-1.3302912789827834,-2.621637779475698,1.0841532680656831,2.1683065361313663,corrigido IPCA,0.9629892619263576,2.926701384050809,6.024042986327238,230.70507730502044,230.70507730502044
2026-10-02,ALIG13,ALIANCA GERACAO DE ENERGIA S.A,ALIANCA GERACAO DE ENERGIA S/A,Isolada (a identificar),,IPCA_MAIS,S,Quirografária,N,ALIANCA GERACAO DE ENERGIA S/A,12009135000105,7.461,0.1714,829.096238,2035-02-15,2031-05-15,-10.229999999999961,3.9115,ok,,,17,3.9115299101079843,0.0007646710465075676,3.6399530156130915,21.429986615808627,3.7498213936660196,1.8471000439308272,-1.7935177980522354,-3.5354049894539386,-6.871682187778461,3.7471029486921346,1.8467639910763063,-1.793189024536785,-3.532803082534048,-6.851306298910011,-0.6957345556873614,-1.3914691113747228,corrigido IPCA,0.8817053474698548,-5.064882188080891,6.073453659912209,228.18786964844261,228.18786964844261
2026-10-02,ALIG15,ALIANCA GERACAO DE ENERGIA S.A,ALIANCA GERACAO DE ENERGIA S/A,Isolada (a identificar),,IPCA_MAIS,S,Quirografária,N,ALIANCA GERACAO DE ENERGIA S/A,12009135000105,7.505,0.1856,994.625389,2036-04-15,2032-08-15,-5.499999999999972,4.4738,ok,,,20,4.473797153339852,-6.362957994555056e-05,4.161478213422494,27.61419829320414,4.3034241995195455,2.11573538644958,-2.046688586089207,-4.027101229782682,-7.79954553785317,4.299549204888515,2.115256854577752,-2.046221358844742,-4.023407221956473,-7.770672460980905,-0.16114993844034278,-0.32229987688068557,corrigido IPCA,0.9701323015053496,-1.3412439158277252,6.127652061040489,233.26899393631285,233.26899393631285
2026-10-02,ALUP18,ALUPAR INVESTIMENTO S/A,ALUPAR INVESTIMENTO S/A,Alupar,CVM FRE,IPCA_MAIS,S,Quirografária,N,ALUPAR INVESTIMENTO S/A,08364948000138,7.245,0.1377,1083.29211,2034-10-15,2033-05-15,-28.610000000000024,5.5279,ok,,,17,5.527951396989628,0.0009297742294155283,5.154507340192669,36.17412740470806,5.3404549716219,2.623098506995336,-2.532648760414824,-4.97848271337501,-9.623431428637863,5.33537797721621,2.62247132935222,-2.5320360108404496,-4.973636703169129,-9.58553213229118,-2.9339204254024494,-5.867840850804899,corrigido IPCA,0.9907831434606673,-30.24582873655625,6.211792975691588,200.9835695659152,200.9835695659152
2026-10-02,ANET11,AMERICA NET S.A.,VERO S.A.,Vero,CVM FRE,IPCA_MAIS,S,Real,N,VERO S.A.,31748174000160,,,,2029-03-15,,,,sem taxa indicativa,,,,,,,,,,,,,,,,,,,,,,,,,
2026-10-02,ANET12,AMERICA NET S.A.,VERO S.A.,Vero,CVM FRE,IPCA_MAIS,S,Real,N,VERO S.A.,31748174000160,,,999.33519,2030-11-15,,,,sem taxa indicativa,,,,,,,,,,,,,,,,,,,,,,,,,
2026-10-02,ANHBB6,CONCESSIONÁRIA DO SISTEMA ANHANGUERA-BANDEIRANTES S/A,CONCESSIONARIA DO SISTEMA ANHANGUERA-BANDEIRANTES S/A,Motiva (ex-CCR),CVM FRE,IPCA_MAIS,S,Quirografária,N,CONCESSIONARIA DO SISTEMA ANHANGUERA-BANDEIRANTES S/A,02451848000162,7.5991,0.1368,1028.125413,2037-07-15,2035-05-15,7.910000000000039,6.5074,ok,,,22,6.5073971153781365,-4.432833179384791e-05,6.04781742168674,50.32929405970767,6.307882869368986,3.087858100296481,-2.9620067300436204,-5.804139451324275,-11.151120529142656,6.299463891985278,3.0868203284180047,-2.9609970932687353,-5.796170951388202,-11.089048962179326,0.9494900995564487,1.8989801991128974,corrigido IPCA,0.9816213340624615,11.484685531633135,6.276241145196937,249.79429315055168,249.79429315055168
2026-10-02,APFD19,AUTOPISTA FERNAO DIAS S/A,AUTOPISTA FERNAO DIAS S/A,Motiva (ex-CCR),CVM FRE,IPCA_MAIS,S,Quirografária,N,AUTOPISTA FERNAO DIAS S/A,09326342000170,7.6958,0.199,1051.387257,2031-09-15,2029-05-15,28.580000000000005,2.6738,ok,,,10,2.673867972696163,0.0025421757858931065,2.4827968896615866,10.177945911252266,2.53460531342129,1.2542347838353285,-1.2287881013174573,-2.4327967566775577,-4.769040309800099,2.533686619217848,1.2541208772198587,-1.2286760124417282,-2.4319071601053253,-4.762034861098128,4.717842784881718,9.435685569763436,corrigido IPCA,0.9707469685018492,23.426890784433372,5.937576852093573,258.852488254997,258.852488254997
2026-10-02,APPSA2,AUTOPISTA PLANALTO SUL S/A,AUTOPISTA PLANALTO SUL S/A,Arteris,CVM FRE,IPCA_MAIS,S,Quirografária,N,AUTOPISTA PLANALTO SUL S/A,09325109000173,9.5781,0.3092,1044.611141,2031-09-15,2030-08-15,196.5799999999999,3.0787,ok,,,10,3.0787488885802965,0.0015879618116900714,2.80963886815002,11.649238016356147,2.8689253748922283,1.419509985870504,-1.3903848667276564,-2.7524005939721374,-5.3942322366797635,2.867885058231801,1.4193809815954552,-1.3902578865545647,-2.751392678068239,-5.386292975972918,36.47160671472943,72.94321342945886,corrigido IPCA,0.926139247382732,204.94408761917015,5.981389792741476,473.95360655616867,473.95360655616867
2026-10-02,APRB18,AUTOPISTA REGIS BITTENCOURT S/A,AUTOPISTA REGIS BITTENCOURT S/A,Arteris,CVM FRE,IPCA_MAIS,S,Quirografária,N,AUTOPISTA REGIS BITTENCOURT S/A,09336431000106,8.4468,0.2702,1277.851039,2031-06-15,2029-05-15,103.67999999999995,2.87,ok,,,10,2.8699943615876897,-0.0001964603592467782,2.6464537096416767,11.03998771408513,2.70265225904871,1.3371506591440152,-1.3095487221418178,-2.5922208845193473,-5.079724029282073,2.7016536482121025,1.3370268394634448,-1.309426870178232,-2.591253771071251,-5.072107665001651,17.86130190111067,35.72260380222134,corrigido IPCA,0.9102301956408874,94.53821735044852,5.9580380576662595,343.37536449960277,343.37536449960277
2026-10-02,ARTR19,ARTERIS S/A,ARTERIS S.A.,Arteris,CVM FRE,IPCA_MAIS,S,Quirografária,N,ARTERIS S.A.,02919555000167,9.9919,0.1034,676.14485,2027-09-15,2027-05-15,438.1899999999999,0.9287,ok,,,2,0.9287103469128992,0.0011141286636427916,0.8443443080016794,1.4853849931448888,0.8518379210418425,0.42403718376662347,-0.4203236474239591,-0.8369828884383312,-1.659500352176957,0.8517712329674039,0.4240288852422708,-0.4203154227594086,-0.8369173830359549,-1.658980916140461,209.88006005242394,419.7601201048479,corrigido IPCA,0.9587476746763663,354.4220681366296,6.5019419903172615,638.5041673697392,638.5041673697392
2026-10-02,ARTRA7,ARTERIS S/A,ARTERIS S.A.,Arteris,CVM FRE,IPCA_MAIS,S,Quirografária,N,ARTERIS S.A.,02919555000167,10.0789,0.0872,957.323878,2035-05-15,2033-05-15,254.78000000000006,5.5636,ok,,,18,5.563574763951077,-0.0004535920792914736,5.054170021640003,35.99857939578288,5.239313774289167,2.572719402240331,-2.482708062002681,-4.879089568622397,-9.42677212569263,5.234162918618917,2.57208323506473,-2.482086786575273,-4.874177124661089,-9.388368455364349,25.256028022301056,50.51205604460211,corrigido IPCA,0.9099407921529024,255.29651939202765,6.214324017957473,536.6774703413328,536.6774703413328
2026-10-02,ARTRA8,ARTERIS S/A,ARTERIS S.A.,Arteris,CVM FRE,IPCA_MAIS,S,Quirografária,N,ARTERIS S.A.,02919555000167,10.3079,0.2731,997.735807,2032-10-15,2031-05-15,274.46000000000004,4.3057,ok,,,13,4.305743572050145,0.0010119620536689611,3.903386404826984,21.601380859698928,4.013825197927168,1.9789959949936708,-1.9249868562970063,-3.79772035790803,-7.393126079449031,4.011393309125479,1.978694928488116,-1.9246914763388683,-3.7953795005284894,-7.37474519245999,35.02537404446731,70.05074808893463,corrigido IPCA,0.957936309988378,273.4351377383073,6.11222429350049,557.343481994124,557.343481994124
2026-10-02,ASAB11,ASA BRANCA HOLDING S.A.,ASA BRANCA HOLDING S.A.,Isolada (a identificar),,IPCA_MAIS,N,Quirografária,S,ASA BRANCA HOLDING S.A.,09359927000197,11.2017,0.1816,800.610288,2033-06-15,2030-08-15,358.94000000000005,3.0725,ok,,,14,3.072548165785014,0.0015676414976146203,2.7630406421709504,13.281127806665658,2.8308525477432456,1.3982958698337766,-1.3650898469142358,-2.697989988123961,-5.271103603079452,2.8294462812042784,1.3981217308438072,-1.3649189113271432,-2.6966350031376223,-5.2604587282085875,67.49151002668836,134.98302005337672,corrigido IPCA,0.8822438481937487,372.96357041045627,5.980684721579688,,372.96357041045627
2026-10-02,ASCP13,CONCESS. ROD. A. S. E C. PINTO S/A - ECOPISTAS,CONCESSIONARIA DAS RODOVIAS AYRTON SENNA E CARVALHO PINTO S/A - ECOPISTAS,EcoRodovias,CVM FRE,IPCA_MAIS,S,Quirografária,N,CONCESSIONARIA DAS RODOVIAS AYRTON SENNA E CARVALHO PINTO S/A - ECOPISTAS,10841050000155,8.1207,0.0426,895.965885,2030-03-15,2028-08-15,77.0599999999999,2.0146,ok,,,7,2.0145827772911358,-0.0008548947118234404,1.8632720443829311,6.032206572008815,1.8938764040264067,0.9392313209095171,-0.9241500685358006,-1.8335425581061715,-3.6093069642699205,1.893433077242975,0.9391762804064766,-0.9240957639764547,-1.8331110115228872,-3.605899957325686,21.023075975373597,42.046151950747195,corrigido IPCA,0.9931031497686647,78.34341950370408,5.905466531290671,320.7620906135872,320.7620906135872
2026-10-02,ASCP23,CONCESS. ROD. A. S. E C. PINTO S/A - ECOPISTAS,CONCESSIONARIA DAS RODOVIAS AYRTON SENNA E CARVALHO PINTO S/A - ECOPISTAS,EcoRodovias,CVM FRE,IPCA_MAIS,S,Quirografária,N,CONCESSIONARIA DAS RODOVIAS AYRTON SENNA E CARVALHO PINTO S/A - ECOPISTAS,10841050000155,8.7871,0.1022,1131.548862,2035-03-15,2033-05-15,125.60000000000002,5.1737,ok,,,17,5.173704335103877,8.379117221258486e-05,4.755806832890919,31.5278826979716,4.917729753041766,2.4178425370680046,-2.339010870278424,-4.602259452413415,-8.913071652499527,4.913446246380777,2.4173132698179236,-2.338493563072995,-4.598167419401061,-8.881056011822405,13.080130409973249,26.160260819946497,corrigido IPCA,0.9739074745651717,124.41314715771014,6.185646313517323,382.4795549186784,382.4795549186784
2026-10-02,ASER12,AGUAS DO SERTAO S.A.,AGUAS DO SERTAO S.A.,Isolada (a identificar),,IPCA_MAIS,S,Real,N,AGUAS DO SERTAO S.A.,45456117000112,,,,2043-12-15,2035-05-15,,,sem taxa indicativa,,,,,,,,,,,,,,,,,,,,,,,,,
2026-10-02,ASSR21,ASSURUA 5 ENERGIA S.A,ASSURUA 4 E 5 HOLDING ENERGIA S.A.,Serena,CVM FRE,IPCA_MAIS,S,Real,N,ASSURUA 4 E 5 HOLDING ENERGIA S.A.,38286323000166,9.1014,0.2259,846.318074,2041-06-15,2035-05-15,158.14000000000004,6.2276,ok,,,30,6.227637572179313,0.0006033171577100283,5.708118843735565,54.551075183183116,5.991809794181724,2.9235924579096517,-2.7871712305137297,-5.445601805781008,-10.404563871340955,5.98087421965148,2.9222482658467617,-2.7858705778888035,-5.435363467819649,-10.325216183807468,15.026254236733015,30.05250847346603,corrigido IPCA,0.9075114585991325,171.54328991891418,6.258794013836422,435.7914885012977,435.7914885012977
2026-10-02,ATHT11,ATHON GERACAO DISTRIBUIDA III S.A.,ATHON GERACAO DISTRIBUIDA III S.A.,Isolada (a identificar),,IPCA_MAIS,S,Quirografária,N,ATHON GERACAO DISTRIBUIDA III S.A.,52948225000178,8.4203,0.0814,0.945943,2041-09-15,2033-05-15,88.91999999999989,5.7643,ok,,,30,5.76430928344637,0.0001610507150886762,5.316632847765935,46.65878937134805,5.558820994166691,2.7177336079572845,-2.6010520337438225,-5.091679007560613,-9.764775737427033,5.549926794622675,2.7166399105971526,-2.5999929371687824,-5.083338900909194,-9.700089908104909,9.39121927587863,18.78243855175726,corrigido IPCA,0.9460441075054002,99.85932976541788,6.228285350042118,351.48619520415065,351.48619520415065
2026-10-02,ATII12,ATHON GERACAO DISTRIBUIDA II S.A.,ATHON GERACAO DISTRIBUIDA II S.A.,Isolada (a identificar),,IPCA_MAIS,S,Quirografária,N,ATHON GERACAO DISTRIBUIDA II S.A.,38213667000145,8.4184,0.0757,0.946038,2041-09-15,2033-05-15,88.72999999999998,5.7646,ok,,,30,5.7645871517205665,-0.00022288241045803793,5.316982312707591,46.66389089881025,5.559197250406167,2.717914874629712,-2.6012205407618505,-5.092004153561769,-9.765381799185857,5.550301767201642,2.716821019977308,-2.600161292730283,-5.08366285821354,-9.700686807438977,9.372769613069348,18.745539226138696,corrigido IPCA,0.9461396810878281,99.6697005075458,6.228304337255031,351.2632939891989,351.2632939891989
2026-10-02,AURE12,AUREN ENERGIA S.A.,AUREN ENERGIA S.A.,Auren,CVM FRE,IPCA_MAIS,S,Quirografária,N,AUREN ENERGIA S.A.,28594234000123,8.0321,0.1002,1052.738283,2034-04-15,2033-05-15,50.099999999999945,5.201,ok,,,16,5.201042615355416,0.0008193684948289474,4.814349267815229,31.654863332833052,4.976804398553969,2.447260008418617,-2.368111583153909,-4.660075391664009,-9.026924327976605,4.972623584479393,2.4467432130736557,-2.367606054741573,-4.656074951151064,-8.995601268973797,4.899330107181712,9.798660214363425,corrigido IPCA,0.9453776028701748,47.17417262859076,6.187731657369633,291.9479582901865,291.9479582901865
2026-10-02,AURP12,AUREN PARTICIPACOES S.A.,AUREN OPERACOES S.A.,Auren,CVM FRE,IPCA_MAIS,S,Quirografária,S,AUREN OPERACOES S.A.,00194724000113,8.0275,0.1195,1061.531511,2035-04-15,2033-05-15,49.63999999999995,5.6499,ok,,,18,5.649940887991992,0.0007236940829430619,5.230095010985158,38.01963893613473,5.425726154249366,2.663255283429611,-2.5681899474588543,-5.045269787827278,-9.741005018402992,5.420193205665832,2.6625720541627476,-2.567522956822411,-5.039996816304485,-9.699797243247623,4.744133761080244,9.488267522160488,corrigido IPCA,1.0033560372417356,49.62454063054407,6.220392106744876,294.815401109055,294.815401109055
2026-10-02,AURP13,AUREN PARTICIPACOES S.A.,AUREN OPERACOES S.A.,Auren,CVM FRE,IPCA_MAIS,S,Quirografária,S,AUREN OPERACOES S.A.,00194724000113,8.1283,0.0734,980.276357,2037-07-15,2035-05-15,60.829999999999984,7.0187,ok,,,22,7.0187045327196325,6.458061510709641e-05,6.491089319557999,57.887829501971844,6.790785650585041,3.3191680013458846,-3.174412643933411,-6.211334399590296,-11.899769042693531,6.7805284670678585,3.3179044466564647,-3.1731848729015346,-6.20165017204814,-11.824422049076562,5.195636031109761,10.391272062219523,corrigido IPCA,0.9370993798684984,67.45067509969456,6.306612870664785,315.5822979378317,315.5822979378317
2026-10-02,AXIA18,CENTRAIS ELETRICAS BRASILEIRAS S/A ELETROBRAS,AXIA ENERGIA S.A.,Axia (ex-Eletrobras),inferido,IPCA_MAIS,S,Quirografária,S,AXIA ENERGIA S.A.,00001180000126,7.6768,0.0636,995.848898,2033-02-15,2033-05-15,14.569999999999972,5.192,ok,,,13,5.192009797029188,0.00018869470700901242,4.821846300251482,30.834436283699603,4.9799547983404135,2.4499529666950792,-2.3728566415597396,-4.671446594738294,-9.056564220098418,4.97601848166998,2.449466195480366,-2.372380104771117,-4.667674118832984,-9.027003874828972,1.1280806243000614,2.256161248600123,corrigido IPCA,0.9666145461487585,10.878862769333267,6.187043966000227,249.428252884921,249.428252884921
2026-10-02,AXIA19,CENTRAIS ELETRICAS BRASILEIRAS S/A ELETROBRAS,AXIA ENERGIA S.A.,Axia (ex-Eletrobras),inferido,IPCA_MAIS,S,Quirografária,N,AXIA ENERGIA S.A.,00001180000126,7.7868,0.074,1035.348518,2036-06-15,2035-05-15,26.68000000000008,6.3125,ok,,,20,6.3125136873769305,0.00021682973355289972,5.856481208623811,47.43317429721492,6.101320129980969,2.9884783878638244,-2.8698707204865115,-5.626592413811049,-10.821037747113959,6.093647080109886,2.9875320721834244,-2.8689491364403867,-5.619315337137737,-10.764298931303324,2.5084830895136285,5.016966179027257,corrigido IPCA,1.0327448265881127,29.38176815177433,6.264157194146058,270.9427571134777,270.9427571134777
2026-10-02,AXIA28,CENTRAIS ELETRICAS BRASILEIRAS S/A ELETROBRAS,AXIA ENERGIA S.A.,Axia (ex-Eletrobras),inferido,IPCA_MAIS,S,Quirografária,S,AXIA ENERGIA S.A.,00001180000126,7.7538,0.1016,970.781102,2036-02-15,2035-05-15,23.380000000000045,6.9455,ok,,,19,6.945485119001286,-0.0002142538149040648,6.445698545203311,55.85672535988045,6.734536454255946,3.2938477770435792,-3.154173802362503,-6.175454258418778,-11.84466050946078,6.724982172002713,3.292670179301506,-3.1530283659018057,-6.166414918403909,-11.774262583209014,2.1965464677324076,4.393092935464815,corrigido IPCA,0.9422826479452453,28.316552743068506,6.302369909053995,269.85620744695467,269.85620744695467
2026-10-02,AXIA38,CENTRAIS ELETRICAS BRASILEIRAS S/A ELETROBRAS,AXIA ENERGIA S.A.,Axia (ex-Eletrobras),inferido,IPCA_MAIS,S,Quirografária,S,AXIA ENERGIA S.A.,00001180000126,7.5924,0.1431,962.922648,2041-02-15,2040-08-15,32.13999999999997,8.7866,ok,,,29,8.786615340590124,0.00017459074186174545,8.166576208533431,93.60291026230456,8.655980217779158,4.202916288870506,-3.96881534017528,-7.718450903767815,-14.614741688308497,8.634590759844954,4.200291742094596,-3.9662844664388346,-7.698561657221909,-14.461094211820772,1.60188653843009,3.20377307686018,corrigido IPCA,0.934654909496939,26.163856987026293,6.401117905629539,265.7057739131961,265.7057739131961
2026-10-02,AXIAA1,CENTRAIS ELETRICAS BRASILEIRAS S/A ELETROBRAS,AXIA ENERGIA S.A.,Axia (ex-Eletrobras),inferido,IPCA_MAIS,S,Quirografária,N,AXIA ENERGIA S.A.,00001180000126,7.8488,0.1245,1022.392868,2036-07-15,2035-05-15,32.880000000000024,6.3912,ok,,,20,6.391156886674569,-0.00067457324808328,5.926034306060492,48.337399228814334,6.175593997014439,3.0244097590556462,-2.903540735271226,-5.691811312576656,-10.943507967620103,6.167721302204564,3.0234389020662644,-2.902595403994228,-5.684347309916421,-10.885320627544697,3.0264547258844177,6.052909451768835,corrigido IPCA,1.0206942275253004,35.86974906265993,6.269071054164699,278.5936933587658,278.5936933587658
2026-10-02,BARU11,BARUERI ENERGIA RENOVAVEL S.A.,BARUERI ENERGIA RENOVAVEL S.A.,Isolada (a identificar),,IPCA_MAIS,S,Real,N,BARUERI ENERGIA RENOVAVEL S.A.,14641895000158,8.2918,0.2063,1252.534617,2043-03-15,2037-05-15,79.27,7.2301,ok,,,32,7.230097594101566,-3.327614326571609e-05,6.676495906524377,66.6366150784283,7.023877495823161,3.423286747890386,-3.2566346072776753,-6.3565407555574165,-12.122545744810342,7.00967898191652,3.4215437221102243,-3.254952184414154,-6.343312831132236,-12.02025951148019,6.718681777282793,13.437363554565586,corrigido IPCA,0.9012408903561456,89.714502766537,6.318685241800659,339.74311374066076,339.74311374066076
2026-10-02,BCPSA5,CLARO S/A,CLARO S/A,Claro,inferido,IPCA_MAIS,S,Quirografária,N,CLARO S/A,40432544000147,7.1284,0.0577,1088.217141,2029-03-15,2029-05-15,-28.160000000000007,2.2867,ok,,,5,2.2867599550153566,0.0026219012269376504,2.134597319679335,6.70831318750778,2.168602421176513,1.0757416265857023,-1.058970123528269,-2.1015077649264136,-4.138599979053037,2.168138885616874,1.0756840513240522,-1.0589132683552829,-2.101055753741796,-4.135028375608514,-7.3894868994917715,-14.778973798983543,corrigido IPCA,0.9740121908486319,-31.547157858921384,5.907985938987093,192.79286910978652,192.79286910978652
2026-10-02,BCPSA7,CLARO S/A,CLARO S/A,Claro,inferido,IPCA_MAIS,S,Quirografária,N,CLARO S/A,40432544000147,7.5049,0.0786,1020.997138,2036-01-15,2035-05-15,-1.5099999999999447,6.2713,ok,,,19,6.271378000360765,0.0012437670142553528,5.833574097888343,46.08694410648436,6.071257883223291,2.9752900768141854,-2.8600499527422274,-5.610023983164691,-10.799123614622774,6.064008818420766,2.974395729077277,-2.8591783688110666,-5.603139377355921,-10.745409313647,-0.01481984896035533,-0.02963969792071066,corrigido IPCA,0.9868870044742304,-0.1729053740594927,6.26156582927806,236.38840460857506,236.38840460857506
2026-10-02,BHSA11,BARREIRAS HOLDING S.A.,BARREIRAS HOLDING S.A.,Barreiras Holding,inferido,IPCA_MAIS,S,Quirografária,N,BARREIRAS HOLDING S.A.,50258089000169,8.3604,0.0901,970.154015,2044-03-15,2037-05-15,86.13,7.3669,ok,,,35,7.366982948891666,0.0011259673901587075,6.798593350422909,75.31661045635916,7.193050659338396,3.495632604808696,-3.3072573453296727,-6.438543355160265,-12.218273241921773,7.175176402704704,3.493442438281903,-3.3051509121410056,-6.422010298141114,-12.090854491718634,7.561436254494476,15.122872508988952,corrigido IPCA,0.9018629560950432,102.8142604789057,6.326370396197412,354.02524825502144,354.02524825502144
2026-10-02,BION17,BIOENERGETICA VALE DO PARACATU S/A.,BIOENERGETICA VALE DO PARACATU S/A.,Bioenergetica Vale,inferido,IPCA_MAIS,S,Real,N,BIOENERGETICA VALE DO PARACATU S/A.,08793343000162,10.4941,0.3494,1079.599687,2032-10-15,2030-08-15,288.17999999999995,3.3626,ok,,,13,3.36263454078042,0.0010272045565891629,3.0432706730770422,14.193476691509845,3.1156493413210695,1.539552046782755,-1.5040653380525404,-2.97366627947685,-5.813391540116763,3.1142380565345915,1.5393771824029086,-1.503893490674134,-2.972303289619493,-5.802671812323887,48.42541024431489,96.85082048862978,corrigido IPCA,1.033732873737813,294.7432616564961,6.01376195179848,580.4772846261176,580.4772846261176
2026-10-02,BLMN12,BELO MONTE TRANSMISSORA DE ENERGIA SPE S.A.,BELO MONTE TRANSMISSORA DE ENERGIA SPE S.A.,Belo Monte (State Grid + Eletrobras),escritura,IPCA_MAIS,S,Real,S,BELO MONTE TRANSMISSORA DE ENERGIA SPE S.A.,20223016000170,7.3465,0.0405,1014.393874,2031-12-15,2029-05-15,-6.350000000000033,2.1388,fluxo divergente da ANBIMA,,,11,2.225281544163963,4.043461013837819,2.0729893794059078,8.436740645812808,2.115950146255363,1.0471369391188867,-1.026043507051566,-2.0315574396052805,-3.9831613886921247,2.1151730826349717,1.04704061551022,-1.025948763895688,-2.030805676176844,-3.9772439458955597,-0.8899486353248354,-1.7798972706496707,corrigido IPCA,1.017102149364289,-3.6897081384903303,5.905605082970622,225.49087638971338,225.49087638971338
2026-10-02,BRKP28,BRK AMBIENTAL PARTICIPACOES S/A,BRK AMBIENTAL PARTICIPACOES S/A,BRK,CVM FRE,IPCA_MAIS,S,Quirografária,N,BRK AMBIENTAL PARTICIPACOES S/A,24396489000120,9.6326,0.0792,1172.896213,2034-09-15,2032-08-15,207.26000000000005,5.1287,ok,,,16,5.128696274397453,-7.2642239697298e-05,4.678075932156542,29.117092343364916,4.827321495921577,2.3758869743422117,-2.3030847832716805,-4.535999126152712,-8.801306683912403,4.823661393873366,2.375434331507477,-2.302641600649065,-4.5324904704397175,-8.773810017445784,22.069337182312356,44.13867436462471,corrigido IPCA,0.8228047811454501,206.4840702224458,6.182186741523621,479.42363434144306,479.42363434144306
2026-10-02,BRST11,BRISANET SERVICOS DE TELECOMUNICACOES S.A.,BRISANET SERVICOS DE TELECOMUNICACOES S.A.,Brisanet Servicos,inferido,IPCA_MAIS,S,Real,N,BRISANET SERVICOS DE TELECOMUNICACOES S.A.,04601397000128,6.7706,0.3774,574.997999,2028-03-15,2027-05-15,116.05999999999996,0.9169,ok,,,3,0.9169313746995549,0.003421823487275756,0.8587863837981193,1.68891525953003,0.8673152500417336,0.43151482011161146,-0.4272924293010405,-0.8504244545393558,-1.6844492560827429,0.8672309600957696,0.4315043359734722,-0.4272820478246472,-0.8503418075004692,-1.6837944624056385,14.439965206346924,28.87993041269385,corrigido IPCA,0.9942639236167481,24.80169100345868,6.5205506515920275,252.83985549083945,252.83985549083945
2026-10-02,BRST15,BRISANET SERVICOS DE TELECOMUNICACOES S.A.,BRISANET SERVICOS DE TELECOMUNICACOES S.A.,Brisanet Servicos,inferido,IPCA_MAIS,S,Quirografária,N,BRISANET SERVICOS DE TELECOMUNICACOES S.A.,04601397000128,8.3613,0.1435,1049.804472,2032-12-15,2031-05-15,79.80000000000001,4.2133,ok,,,13,4.213324115974123,0.0005723773318432492,3.8882185023381255,21.167381364359972,3.9964240487047276,1.9708617088277203,-1.9179377076107729,-3.7846614229977926,-7.370990581201886,3.9940554091599254,1.970568477874513,-1.9176500244636125,-3.7823815955163256,-7.353089377389052,10.144855268024052,20.289710536048105,corrigido IPCA,1.0112862354413898,78.89082791334705,6.10346386274816,328.2602217739901,328.2602217739901
2026-10-02,BTCL12,BRAZIL TOWER CESSAO DE INFRA-ESTRUTURAS S.A.,BRAZIL TOWER CESSAO DE INFRA-ESTRUTURAS S.A.,Brazil Tower,CVM FRE,IPCA_MAIS,S,Real,N,BRAZIL TOWER CESSAO DE INFRA-ESTRUTURAS S.A.,14292540000109,10.0991,0.1192,1119.698794,2039-02-15,2033-05-15,256.79999999999995,5.447,ok,,,25,5.447037093898774,0.0006809968565069251,4.947394750637175,38.28379672827099,5.145131672606773,2.522330745303747,-2.426599850607225,-4.7619510093355855,-9.175642700459974,5.13881373427853,2.5215521212289262,-2.425842629408249,-4.755975766995819,-9.129113566708929,26.570955738511472,53.141911477022944,corrigido IPCA,1.0468915613644065,262.9140138802488,6.205980602903827,544.1465694882162,544.1465694882162
2026-10-02,BTEL23,V.TAL - REDE NEUTRA DE TELECOMUNICACOES S.A.,V.TAL - REDE NEUTRA DE TELECOMUNICACOES S.A.,V Tal,CVM FRE,IPCA_MAIS,S,Quirografária,N,V.TAL - REDE NEUTRA DE TELECOMUNICACOES S.A.,02041460000193,10.3127,0.2144,1014.759996,2032-04-15,2031-05-15,274.93999999999994,3.9914,ok,,,12,3.991438452669331,0.0009633880175099123,3.6182945868148737,18.62385874867338,3.713377795168382,1.8326703798611232,-1.7861063911785435,-3.52706970421085,-6.879002458516914,3.7114138805582404,1.8324271168432784,-1.785867469971595,-3.5251752930715066,-6.864111998656279,37.81545880035622,75.63091760071244,corrigido IPCA,0.9628376882896292,273.6549397504996,6.081609558110634,557.1596961017235,557.1596961017235
2026-10-02,BTEL33,V.TAL - REDE NEUTRA DE TELECOMUNICACOES S.A.,V.TAL - REDE NEUTRA DE TELECOMUNICACOES S.A.,V Tal,CVM FRE,IPCA_MAIS,S,Quirografária,N,V.TAL - REDE NEUTRA DE TELECOMUNICACOES S.A.,02041460000193,10.5151,0.1543,988.130647,2035-04-15,2033-05-15,298.4,5.3632,ok,,,18,5.3631888964944014,-0.0002070313543876753,4.8529014555426375,33.90681881805058,5.027211695139666,2.469424233384543,-2.3846435553443013,-4.687925281223149,-9.063309258360498,5.02243554963289,2.468834251293882,-2.3840672042487556,-4.683367361452385,-9.027666534724263,30.77424529589784,61.54849059179568,corrigido IPCA,0.9375708935746219,298.6887595793775,6.199861080743596,587.5570950448533,587.5570950448533
2026-10-02,CAEC12,COMPANHIA DE AGUA E ESGOTO DO CEARA - CAGECE,COMPANHIA DE AGUA E ESGOTO DO CEARA - CAGECE,Isolada (a identificar),,IPCA_MAIS,S,Quirografária,N,COMPANHIA DE AGUA E ESGOTO DO CEARA - CAGECE,07040108000157,8.0605,0.1439,1140.809125,2036-06-15,2035-05-15,54.049999999999976,6.242,ok,,,20,6.242056666095075,0.0009078195301975476,5.776446218641478,46.49629364158174,6.016402224383199,2.9472653914354385,-2.83100071749659,-5.551055995716158,-10.678265377477103,6.008927686849387,2.946343476372716,-2.830102742268762,-5.543964750433569,-10.622966564451323,4.91276889738269,9.82553779476538,corrigido IPCA,1.0322908031414206,56.7566906406914,6.259709634169663,303.11011190475836,303.11011190475836
2026-10-02,CAJS11,CONCESSIONARIA AGUAS DE JUTURNAIBA S/A,CONCESSIONARIA AGUAS DE JUTURNAIBA S/A,Isolada (a identificar),,IPCA_MAIS,S,Quirografária,N,CONCESSIONARIA AGUAS DE JUTURNAIBA S/A,02013199000118,8.1253,0.3495,1067.310051,2040-11-15,2033-05-15,59.419999999999895,5.8158,ok,,,29,5.815774452340452,-0.00043928022882278294,5.378736014920146,47.91674567056709,5.627430085183049,2.7503844443241388,-2.630557549260859,-5.147701663275961,-9.86546881543353,5.6183197432729814,2.749263939548282,-2.6294720753718646,-5.139152286567311,-9.79913711642895,6.533545843827501,13.067091687655003,corrigido IPCA,0.8751034699735005,70.28443667065363,6.2317868122266695,316.8438215542593,316.8438215542593
2026-10-02,CAJS12,CONCESSIONARIA AGUAS DE JUTURNAIBA S/A,CONCESSIONARIA AGUAS DE JUTURNAIBA S/A,Isolada (a identificar),,IPCA_MAIS,S,Quirografária,N,CONCESSIONARIA AGUAS DE JUTURNAIBA S/A,02013199000118,8.4789,0.0476,918.13735,2037-09-15,2031-05-15,91.55999999999995,4.4138,ok,,,22,4.413771642123992,-0.0006424821244347344,4.068783553413605,27.898909000274447,4.212449550114883,2.0697800942828692,-2.0000197920418294,-3.933251845821484,-7.610512674490355,4.2082780984149775,2.0692654129571455,-1.9995181404564597,-3.929289008412233,-7.579588926821722,12.315401320431075,24.63080264086215,corrigido IPCA,0.9376382180912929,100.21740469251631,6.12221469063472,352.05994647140875,352.05994647140875
2026-10-02,CART13,CONCESSIONÁRIA AUTO RAPOSO TAVARES S/A,CONCESSIONARIA AUTO RAPOSO TAVARES S/A,Isolada (a identificar),,IPCA_MAIS,S,Real,N,CONCESSIONARIA AUTO RAPOSO TAVARES S/A,10531501000158,8.7895,0.1112,11244.209832,2035-12-15,2031-05-15,122.62000000000003,3.8286,ok,,,19,3.8286071172072154,0.00018589581610977795,3.5192800014773624,20.684899897280356,3.625348458240474,1.7858229230309108,-1.7341035048944464,-3.4183846979078614,-6.644663310443477,3.6227045009637644,1.7854961256102815,-1.7337838758670807,-3.41585550199096,-6.624862005009118,18.241694616284892,36.483389232569785,corrigido IPCA,0.9504891693036736,128.3952621122974,6.064832790324104,384.9856885354011,384.9856885354011
2026-10-02,CASN23,COMPANHIA CATARINENSE DE AGUAS E SANEAMENTO - CASAN,COMPANHIA CATARINENSE DE AGUAS E SANEAMENTO - CASAN,Casan,CVM FRE,IPCA_MAIS,S,Real,N,COMPANHIA CATARINENSE DE AGUAS E SANEAMENTO - CASAN,82508433000117,8.2261,0.0786,1171.869532,2033-11-16,2029-05-15,81.61000000000004,2.9089,ok,,,15,2.908956710224139,0.0019495418934610844,2.687851368777161,13.372984779044316,2.756186014790152,1.3608238404500872,-1.327387894678922,-2.6224003977637023,-5.119343078686322,2.7547162926723825,1.3606419153623859,-1.3272094534147751,-2.6209864448819395,-5.108243041973435,14.05566263556643,28.11132527113286,corrigido IPCA,1.097503543762547,75.55906410815446,5.962313698661226,320.97307384823773,320.97307384823773
2026-10-02,CASN24,COMPANHIA CATARINENSE DE AGUAS E SANEAMENTO - CASAN,COMPANHIA CATARINENSE DE AGUAS E SANEAMENTO - CASAN,Casan,CVM FRE,IPCA_MAIS,S,Real,N,COMPANHIA CATARINENSE DE AGUAS E SANEAMENTO - CASAN,82508433000117,8.9276,0.1223,1136.909552,2032-04-15,2029-05-15,151.76,2.8836,ok,,,12,2.8836239195360083,0.0008295025665255995,2.6472849117542374,11.327471111236575,2.704983052948684,1.3379332817977652,-1.3096124338940918,-2.5916736048643307,-5.0760960860147915,2.7039222673104204,1.3378017947661645,-1.309483116988073,-2.590647556198055,-5.068020401283743,26.859262725539573,53.718525451079145,corrigido IPCA,1.0750886401523045,142.2082419083278,5.959527862822833,399.54218058247045,399.54218058247045
2026-10-02,CASN34,COMPANHIA CATARINENSE DE AGUAS E SANEAMENTO - CASAN,COMPANHIA CATARINENSE DE AGUAS E SANEAMENTO - CASAN,Casan,CVM FRE,IPCA_MAIS,S,Real,N,COMPANHIA CATARINENSE DE AGUAS E SANEAMENTO - CASAN,82508433000117,9.0306,0.339,1180.861391,2037-04-15,2031-05-15,146.73,4.3067,ok,,,22,4.3067126286039015,0.00029323156712278187,3.950003603212219,25.90698580913035,4.083236487809994,2.0078420404333164,-1.9430634858649487,-3.823989073592493,-7.409365988736061,4.07953853225787,2.0073855338675224,-1.9426180693446964,-3.8204686741665674,-7.381867490241831,19.35672840039339,38.71345680078678,corrigido IPCA,1.1166505518277652,152.91829385590836,6.112315098962018,414.1867233449979,414.1867233449979
2026-10-02,CBAN12,CONCESSIONÁRIA ROTA DAS BANDEIRAS S/A,CONCESSIONARIA ROTA DAS BANDEIRAS S/A,Isolada (a identificar),,IPCA_MAIS,S,Real,N,CONCESSIONARIA ROTA DAS BANDEIRAS S/A,10647979000148,7.7705,0.145,1447.556229,2034-07-15,2031-05-15,20.720000000000027,4.0012,ok,,,16,4.001170543366686,-0.0007361949743548084,3.7126769787341494,21.189754652334642,3.821220846788398,1.8831466083042647,-1.8301655009778206,-3.6092157096478727,-7.021052483148016,3.8186257519958224,1.882825682682493,-1.8298512960516564,-3.6067282054724767,-7.001558864421606,3.2182383726492088,6.4364767452984175,corrigido IPCA,0.9094390804123209,23.89655903642714,6.082592584435753,262.60849094891245,262.60849094891245
2026-10-02,CBAN32,CONCESSIONÁRIA ROTA DAS BANDEIRAS S/A,CONCESSIONARIA ROTA DAS BANDEIRAS S/A,Isolada (a identificar),,IPCA_MAIS,S,Real,N,CONCESSIONARIA ROTA DAS BANDEIRAS S/A,10647979000148,7.8129,0.1706,1463.487838,2034-07-15,2031-05-15,24.960000000000004,3.9877,ok,,,16,3.987771328033503,0.0017887010934418798,3.6987886681774653,21.074696553782676,3.8067400718310385,1.8760565096881843,-1.8233630983348847,-3.595886324997166,-6.995449141170862,3.8041621509463788,1.8757377047809614,-1.8230509633965042,-3.5934151854085523,-6.976083405279278,3.812415244687729,7.624830489375458,corrigido IPCA,0.9157964954741548,28.202636610875977,6.081238565230929,267.64877291825246,267.64877291825246
2026-10-02,CBAN52,CONCESSIONÁRIA ROTA DAS BANDEIRAS S/A,CONCESSIONARIA ROTA DAS BANDEIRAS S/A,Isolada (a identificar),,IPCA_MAIS,S,Real,N,CONCESSIONARIA ROTA DAS BANDEIRAS S/A,10647979000148,7.812,0.1705,1463.536558,2034-07-15,2031-05-15,24.870000000000037,3.9878,ok,,,16,3.9878097810079405,0.0002452732820218692,3.698855211857623,21.075357633440138,3.806810032310537,1.876090621659987,-1.8233955570868599,-3.5959496683244496,-6.9955698273345135,3.8042320000248244,1.8757718029706119,-1.8230834088870114,-3.5934784236904225,-6.976203271046444,3.800160568823379,7.600321137646758,corrigido IPCA,0.9158269822951256,28.11248745177637,6.081242457061897,267.54276626179427,267.54276626179427
2026-10-02,CBAN72,CONCESSIONÁRIA ROTA DAS BANDEIRAS S/A,CONCESSIONARIA ROTA DAS BANDEIRAS S/A,Isolada (a identificar),,IPCA_MAIS,S,Real,N,CONCESSIONARIA ROTA DAS BANDEIRAS S/A,10647979000148,7.8051,0.112,1463.910157,2034-07-15,2031-05-15,24.180000000000046,3.9881,ok,,,16,3.9881046017914383,0.0001153880654479632,3.6993654305700177,21.08042720452336,3.807346450610005,1.8763521730357224,-1.8236444318005418,-3.5964353472134336,-6.996495174401085,3.8047675665926346,1.876033249290663,-1.8233321812793544,-3.5939632945474003,-6.977122317049568,3.706222664542187,7.412445329084374,corrigido IPCA,0.9160607665367113,27.421344006404933,6.081272294753481,266.7300487109727,266.7300487109727
2026-10-02,CCLS11,CICLUS AMBIENTAL DO BRASIL S.A.,REGENERA RIO S.A,Aegea,CVM FRE,IPCA_MAIS,S,Quirografária,N,REGENERA RIO S.A,10319900000150,13.772,1.6546,1026.083377,2031-01-15,2030-08-15,615.97,3.6363,ok,,,9,3.636280281589676,-0.0005422657735518477,3.196111768791685,14.118322722293732,3.2679883037000312,1.615863132810591,-1.5805648414466411,-3.1267653063577594,-6.119665868883873,3.266703382403154,1.61570378779871,-1.5804079809929754,-3.125520155180216,-6.109857083137496,96.96286424020148,193.92572848040297,corrigido IPCA,0.8003544444628153,619.8083030677168,6.044249231837284,963.8014420740212,963.8014420740212
2026-10-02,CCPV11,CONCESSIONARIA DE RODOVIAS PRVIAS S.A.,CONCESSIONARIA DE RODOVIAS PRVIAS S.A.,Motiva (ex-CCR),CVM FRE,IPCA_MAIS,S,Quirografária,N,CONCESSIONARIA DE RODOVIAS PRVIAS S.A.,59196897000113,7.6984,0.0716,1199.333648,2030-02-15,2030-08-15,8.610000000000007,3.1663,ok,,,5,3.1663117487994326,0.00037105768349312386,2.939980304999362,11.569996693006214,2.998787495751043,1.484571421380343,-1.4556447103317827,-2.883060007572036,-5.6558924238621415,2.9978302884643933,1.4844526483659388,-1.4555276566334234,-2.8821303215343312,-5.6485606761386,2.2628476619490407,4.5256953238980815,corrigido IPCA,0.9364300355328392,13.305455118688068,5.991377373959916,248.97452664800235,248.97452664800235
2026-10-02,CCROA5,MOTIVA INFRAESTRUTURA DE MOBILIDADE S.A.,MOTIVA INFRAESTRUTURA DE MOBILIDADE S.A.,Motiva (ex-CCR),CVM FRE,IPCA_MAIS,S,Quirografária,S,MOTIVA INFRAESTRUTURA DE MOBILIDADE S.A.,02846056000197,7.7023,0.1275,943.730838,2033-11-15,2032-08-15,14.230000000000054,4.8552,ok,,,15,4.855180399525731,-0.000403700656379178,4.507963524943972,29.654072609035104,4.660196841356501,2.2915391475766045,-2.2173931522000756,-4.363482993685929,-8.452511580419875,4.656233887989147,2.29104935323328,-2.216914171710692,-4.359693161898797,-8.422845597707243,1.7602933424431741,3.5205866848863483,corrigido IPCA,0.8935821035915459,15.870676361871075,6.160413433579737,254.5317220476618,254.5317220476618
2026-10-02,CCROB4,MOTIVA INFRAESTRUTURA DE MOBILIDADE S.A.,MOTIVA INFRAESTRUTURA DE MOBILIDADE S.A.,Motiva (ex-CCR),CVM FRE,IPCA_MAIS,S,Quirografária,N,MOTIVA INFRAESTRUTURA DE MOBILIDADE S.A.,02846056000197,6.501,0.155,827.904198,2028-12-15,2027-05-15,89.1,1.1304,ok,,,5,1.130386934000747,-0.001155873960809665,1.0613862160925691,2.6944920029548585,1.075022532917691,0.5340815863995596,-0.5273451229063197,-1.0480738763394504,-2.070149098239704,1.0748586761073435,0.5340612230499782,-0.527324993042591,-1.0479137560777947,-2.068882592126041,-22.645571841795185,-45.29114368359037,corrigido IPCA,0.9886519105318347,-48.07139561683084,6.247005375412007,171.324840114764,171.324840114764
2026-10-02,CCROB6,MOTIVA INFRAESTRUTURA DE MOBILIDADE S.A.,MOTIVA INFRAESTRUTURA DE MOBILIDADE S.A.,Motiva (ex-CCR),CVM FRE,IPCA_MAIS,S,Quirografária,N,MOTIVA INFRAESTRUTURA DE MOBILIDADE S.A.,02846056000197,7.6704,0.1069,1188.259747,2036-01-15,2033-05-15,13.929999999999954,5.3035,ok,,,19,5.303565535106737,0.001235695422587019,4.925741462005098,35.643470497182555,5.109279320803384,2.5080817652680665,-2.41895691460432,-4.7525856628830905,-9.17813633863236,5.10395881449101,2.507425069124027,-2.4183163928810707,-4.747524109519185,-9.138613514066545,1.6204731504176988,3.2409463008353976,corrigido IPCA,0.9533585391613507,15.964063570156965,6.195447383669994,254.49083332997523,254.49083332997523
2026-10-02,CDES11,VPORTS AUTORIDADE PORTUARIA S/A,VPORTS AUTORIDADE PORTUARIA S/A,Isolada (a identificar),,IPCA_MAIS,S,Quirografária,N,VPORTS AUTORIDADE PORTUARIA S/A,27316538000166,7.8649,0.1392,1122.560115,2038-12-15,2035-05-15,34.489999999999995,6.2988,ok,,,25,6.298873382413181,0.0011650221181918313,5.839595069770779,50.58123953426026,6.101512986157509,2.984133831572855,-2.8576485993229483,-5.595186065311397,-10.733637593317935,6.09250126744208,2.983024084303215,-2.856570985467564,-5.586688872099478,-10.667565348856353,3.527579123014194,7.055158246028388,corrigido IPCA,1.0344790687226735,41.19926730996003,6.263299547537482,283.86566664749154,283.86566664749154
2026-10-02,CEAD11,CEA II CENTRAIS EOLICAS ASSURUA II SPE S/A,ASSURUA 2 ENERGIA S.A.,Isolada (a identificar),,IPCA_MAIS,S,Real,N,ASSURUA 2 ENERGIA S.A.,24274124000123,8.4648,0.1113,711.416788,2030-06-15,2028-08-15,111.47,1.7606,ok,,,8,1.7605838733629957,-0.0009159739295826614,1.6231845477638789,5.328895293384884,1.650229942848691,0.8183031603773205,-0.8049802411871365,-1.5969300898016958,-3.1428693959827725,1.6498290242308034,0.8182533929986704,-0.8049311547652084,-1.5965400712969542,-3.13979118966006,36.46419532867557,72.92839065735114,corrigido IPCA,0.9902739819667534,118.37623680830002,5.929856845311932,367.6561063353749,367.6561063353749
2026-10-02,CEAL12,EQUATORIAL ALAGOAS DISTRIBUIDORA DE ENERGIA S.A.,EQUATORIAL ALAGOAS DISTRIBUIDORA DE ENERGIA S.A.,Equatorial,inferido,IPCA_MAIS,S,Quirografária,N,EQUATORIAL ALAGOAS DISTRIBUIDORA DE ENERGIA S.A.,12272084000100,8.2001,0.1645,999.458593,2037-08-15,2035-05-15,68.01000000000013,6.7707,ok,,,22,6.770702416359384,3.568847216067369e-05,6.257575008118647,53.860938533668644,6.536151107724741,3.1972561690909895,-3.0625721736171396,-5.9970349742212825,-11.506164977625467,6.52687970078699,3.1961136772264096,-3.061461330892238,-5.988270315450304,-11.437931245563922,5.85177756324279,11.70355512648558,corrigido IPCA,0.9549086335430949,73.23587406563504,6.2921041045802095,322.4028866053705,322.4028866053705
2026-10-02,CEAL21,EQUATORIAL ALAGOAS DISTRIBUIDORA DE ENERGIA S.A.,EQUATORIAL ALAGOAS DISTRIBUIDORA DE ENERGIA S.A.,Equatorial,inferido,IPCA_MAIS,S,Quirografária,N,EQUATORIAL ALAGOAS DISTRIBUIDORA DE ENERGIA S.A.,12272084000100,8.1416,0.0591,1139.760464,2034-10-15,2032-08-15,58.16000000000008,4.8246,ok,,,17,4.824668322782192,0.001416133610907036,4.4614360456865745,28.078954608857735,4.605465873721104,2.266266072172507,-2.196058934801892,-4.324520224882522,-8.388535870573666,4.601830818730863,2.2658167161043594,-2.195619329582215,-4.321041272642286,-8.361292999195994,6.531868828148177,13.063737656296354,corrigido IPCA,0.9494869294604598,58.28303007119361,6.157900015007334,304.48413764791576,304.48413764791576
2026-10-02,CEAM11,AMBIENTAL CEARA 2 SPE S.A.,AMBIENTAL CEARA 2 SPE S.A.,Isolada (a identificar),,IPCA_MAIS,S,Real,N,AMBIENTAL CEARA 2 SPE S.A.,48569926000129,12.1834,0.5733,76.399318,2045-12-15,2037-05-15,468.43000000000006,7.1721,ok,,,39,7.172115726910333,0.00021927901635849628,6.39320588153892,68.01794143745023,6.7488170932142655,3.2835284829387135,-3.1134131679420474,-6.067509098839963,-11.537107744990205,6.733295588726171,3.281625367566273,-3.111580513972647,-6.053116174351668,-11.426052934328835,37.920611505074895,75.84122301014979,corrigido IPCA,0.7357311660183959,484.86855301159454,6.315399340477135,803.1688947098309,803.1688947098309
2026-10-02,CEAP12,COMPANHIA DE ELETRICIDADE DO AMAPA - CEA,COMPANHIA DE ELETRICIDADE DO AMAPA - CEA,Isolada (a identificar),,IPCA_MAIS,S,Quirografária,N,COMPANHIA DE ELETRICIDADE DO AMAPA - CEA,05965546000109,7.9743,0.0912,1120.398933,2030-07-15,2030-08-15,36.20000000000001,2.9255,ok,,,8,2.925489328942951,-0.0003647601110615387,2.709431159954684,10.515510211976792,2.7628797068014244,1.3679680371093905,-1.341677685420406,-2.6576993729039877,-5.215221322605135,2.7620087110145684,1.367859967742313,-1.3415711922123712,-2.6568536088948003,-5.208552115669832,8.147952916812637,16.295905833625273,corrigido IPCA,0.9740439331872074,44.15263504531163,5.964142595643995,284.42531353621894,284.42531353621894
2026-10-02,CEAP14,COMPANHIA DE ELETRICIDADE DO AMAPA - CEA,COMPANHIA DE ELETRICIDADE DO AMAPA - CEA,Isolada (a identificar),,IPCA_MAIS,S,Quirografária,N,COMPANHIA DE ELETRICIDADE DO AMAPA - CEA,05965546000109,8.1289,0.0591,1086.62549,2033-12-15,2032-08-15,56.890000000000015,4.9876,ok,,,15,4.987644037556089,0.000882940815015771,4.612683600365942,28.98664015753371,4.761295348823236,2.3430299847796876,-2.270553801450348,-4.471275535563912,-8.67325569582772,4.757616801153611,2.3425751003798885,-2.2701084999860544,-4.467750399578274,-8.64563439758121,6.112957682792777,12.225915365585553,corrigido IPCA,0.9568350737093657,56.394279306298465,6.171123980392124,302.6621282681147,302.6621282681147
2026-10-02,CEAP17,COMPANHIA DE ELETRICIDADE DO AMAPA - CEA,COMPANHIA DE ELETRICIDADE DO AMAPA - CEA,Isolada (a identificar),,IPCA_MAIS,S,Quirografária,N,COMPANHIA DE ELETRICIDADE DO AMAPA - CEA,05965546000109,8.2172,0.1046,1090.483595,2036-12-15,2035-05-15,69.72000000000006,6.2562,ok,,,21,6.2562519557409955,0.0008304680316438359,5.781199250896342,46.777862778575376,6.022688721218339,2.9500091802890704,-2.8330398433991766,-5.5545149469815485,-10.683007638588949,6.0150885647892185,2.9490719539213903,-2.832127296974952,-5.547309937003465,-10.626841246221176,6.290948234364595,12.58189646872919,corrigido IPCA,1.0057014841239522,72.73845043987252,6.260609224459501,321.80933798782144,321.80933798782144
2026-10-02,CEAP19,COMPANHIA DE ELETRICIDADE DO AMAPA - CEA,COMPANHIA DE ELETRICIDADE DO AMAPA - CEA,Isolada (a identificar),,IPCA_MAIS,S,Quirografária,N,COMPANHIA DE ELETRICIDADE DO AMAPA - CEA,05965546000109,8.2905,0.1101,993.230747,2037-06-15,2035-05-15,77.05000000000001,6.6306,ok,,,22,6.630576173847766,-0.0003593362928586448,6.122952774110163,52.018589669492094,6.3918779493201905,3.127588199096243,-2.997511950643017,-5.871215328942436,-11.270604259779205,6.383045722457624,3.126499624141947,-2.9964531499682168,-5.862859825762704,-11.205533754830485,6.676823951408362,13.353647902816723,corrigido IPCA,0.9462073202635036,81.76375547104202,6.283724841598826,332.4263405354862,332.4263405354862
2026-10-02,CEEBB6,CIA DE ELETRICIDADE DO ESTADO DA BAHIA - COELBA,CIA. DE ELETRIC. DO EST. DA BAHIA-COELBA,Neoenergia,CVM FRE,IPCA_MAIS,S,Quirografária,N,CIA. DE ELETRIC. DO EST. DA BAHIA-COELBA,15139629000194,7.9555,0.0455,1104.076695,2030-08-15,2030-08-15,34.31999999999995,3.0244,ok,,,8,3.0243793986498675,-0.0006811714764081319,2.8015056191207184,11.098214218796324,2.8579312906987786,1.4147415266002161,-1.3869942766664534,-2.7469217059578166,-5.388198876615435,2.8569966902147,1.4146255773338545,-1.3868800417868639,-2.746014548026737,-5.381046953865511,7.385515323202581,14.771030646405162,corrigido IPCA,0.9604836232730358,41.3811253561084,5.975223543041008,281.4830568643515,281.4830568643515
2026-10-02,CEEBB7,CIA DE ELETRICIDADE DO ESTADO DA BAHIA - COELBA,CIA. DE ELETRIC. DO EST. DA BAHIA-COELBA,Neoenergia,CVM FRE,IPCA_MAIS,S,Quirografária,S,CIA. DE ELETRIC. DO EST. DA BAHIA-COELBA,15139629000194,8.1431,0.0954,1057.338404,2033-11-15,2032-08-15,58.31000000000009,4.9783,ok,,,15,4.9782556182100635,-0.0008915049301264958,4.603396442500782,28.768899243941757,4.750866652374519,2.3381077294551966,-2.266176098650774,-4.463027454354163,-8.658651083297341,4.74724093872049,2.337659345305318,-2.265737097195464,-4.459551946281072,-8.63141490012273,6.238230836846716,12.476461673693432,corrigido IPCA,0.9299521606327172,57.434099283677696,6.170375368829717,303.9181343698472,303.9181343698472
2026-10-02,CEEBC3,CIA DE ELETRICIDADE DO ESTADO DA BAHIA - COELBA,CIA. DE ELETRIC. DO EST. DA BAHIA-COELBA,Neoenergia,CVM FRE,IPCA_MAIS,S,Quirografária,N,CIA. DE ELETRIC. DO EST. DA BAHIA-COELBA,15139629000194,7.9696,0.0644,1226.823793,2031-10-15,2030-08-15,35.72999999999995,3.4878,ok,,,11,3.487832515862834,0.000932274294220286,3.230383844955278,14.851301933807688,3.3060734010476045,1.633933663239584,-1.5968024451745166,-3.1575129475438835,-6.174645349694852,3.3046403546243166,1.6337560498948984,-1.5966277950603796,-3.1561273352862393,-6.163741651234402,6.194479140381875,12.38895828076375,corrigido IPCA,0.9570546557522288,40.021090686004136,6.027857256557456,281.21660067661253,281.21660067661253
2026-10-02,CEEBC4,CIA DE ELETRICIDADE DO ESTADO DA BAHIA - COELBA,CIA. DE ELETRIC. DO EST. DA BAHIA-COELBA,Neoenergia,CVM FRE,IPCA_MAIS,S,Quirografária,N,CIA. DE ELETRIC. DO EST. DA BAHIA-COELBA,15139629000194,7.9635,0.0567,1174.476366,2032-04-15,2031-05-15,40.01999999999999,3.8287,ok,,,12,3.828673093540227,-0.0007027570656646299,3.546266185831533,17.681529851200246,3.6365020656334623,1.7954614808511682,-1.7512536515753463,-3.4596226628761717,-6.752770505141892,3.634673835087534,1.7952350052297668,-1.751031180601766,-3.457858536575532,-6.738901774639061,5.433121743290171,10.866243486580341,corrigido IPCA,0.9685601802483178,38.53459184347201,6.064839712116066,280.2050349602104,280.2050349602104
2026-10-02,CEEBD2,CIA DE ELETRICIDADE DO ESTADO DA BAHIA - COELBA,CIA. DE ELETRIC. DO EST. DA BAHIA-COELBA,Neoenergia,CVM FRE,IPCA_MAIS,S,Quirografária,S,CIA. DE ELETRIC. DO EST. DA BAHIA-COELBA,15139629000194,8.0944,0.1554,950.223539,2035-11-15,2035-05-15,57.44000000000007,6.7415,ok,,,19,6.7415562905235396,0.0008349851448384169,6.236730386147238,52.92054175493436,6.51018551548217,3.1856072876113473,-3.053276741783517,-5.980512717143016,-11.480387993967211,6.50133309492191,3.184515870267287,-3.0522145158799514,-5.972127677372567,-11.41504993719579,4.934309954222674,9.868619908445348,corrigido IPCA,0.9135460246982521,61.54792165233867,6.290372517564391,308.9442369648545,308.9442369648545
2026-10-02,CEEBE3,CIA DE ELETRICIDADE DO ESTADO DA BAHIA - COELBA,CIA. DE ELETRIC. DO EST. DA BAHIA-COELBA,Neoenergia,CVM FRE,IPCA_MAIS,S,Quirografária,N,CIA. DE ELETRIC. DO EST. DA BAHIA-COELBA,15139629000194,7.9586,0.0886,1025.454976,2031-03-15,2031-05-15,39.52999999999997,3.7959,ok,,,5,3.795919048885979,0.0005018279190392746,3.516087693695527,16.89752218101608,3.6022414631560418,1.7793722431017622,-1.7371249688346801,-3.433210713740409,-6.706897853685357,3.6005753046006075,1.7791657495740336,-1.7369219441214934,-3.4316000827904465,-6.694224943770733,5.399839111850617,10.799678223701234,corrigido IPCA,1.0024672641911199,37.97261569822748,6.061391276199868,279.5422854469478,279.5422854469478
2026-10-02,CEED12,COMPANHIA ESTADUAL DE DISTRIBUICAO DE ENERGIA ELETRICA - CEEE D,COMPANHIA ESTADUAL DE DISTRIBUICAO DE ENERGIA ELETRICA - CEEE D,Equatorial,CVM FRE,IPCA_MAIS,S,Quirografária,N,COMPANHIA ESTADUAL DE DISTRIBUICAO DE ENERGIA ELETRICA - CEEE D,08467115000100,7.6943,0.1246,1197.983141,2029-12-15,2029-05-15,28.43,2.8343,ok,,,7,2.8342980464038163,-6.892693728576534e-05,2.6317994976556944,9.908678984281854,2.6821359887420293,1.3283840264155966,-1.303610941532951,-2.5830269894764113,-5.071507098214012,2.6813428925771037,1.3282855975581995,-1.303513900097495,-2.582256102734285,-5.065425415625752,3.1367454075390055,6.273490815078011,corrigido IPCA,1.0070250569126316,16.510569975669924,5.9541695953153395,251.65498725236787,251.65498725236787
2026-10-02,CEED13,COMPANHIA ESTADUAL DE DISTRIBUICAO DE ENERGIA ELETRICA - CEEE D,COMPANHIA ESTADUAL DE DISTRIBUICAO DE ENERGIA ELETRICA - CEEE D,Equatorial,CVM FRE,IPCA_MAIS,S,Quirografária,N,COMPANHIA ESTADUAL DE DISTRIBUICAO DE ENERGIA ELETRICA - CEEE D,08467115000100,8.0597,0.0808,1117.683149,2030-07-15,2030-08-15,44.73999999999991,2.9248,ok,,,8,2.924875949984727,0.002596758230550901,2.7067222562941846,10.495891523061054,2.76007034535819,1.3665887693022238,-1.3403474695981688,-2.6550862861498437,-5.210178017653899,2.75920171390949,1.3664809925509187,-1.3402412637432661,-2.6542427986788795,-5.203526682127149,9.735121421858079,19.470242843716157,corrigido IPCA,0.9717938673657223,52.7005396405391,5.964074598714353,294.48076755882283,294.48076755882283
2026-10-02,CEED15,COMPANHIA ESTADUAL DE DISTRIBUICAO DE ENERGIA ELETRICA - CEEE D,COMPANHIA ESTADUAL DE DISTRIBUICAO DE ENERGIA ELETRICA - CEEE D,Equatorial,CVM FRE,IPCA_MAIS,S,Quirografária,N,COMPANHIA ESTADUAL DE DISTRIBUICAO DE ENERGIA ELETRICA - CEEE D,08467115000100,8.2737,0.1017,1028.020979,2036-05-15,2035-05-15,75.37000000000003,6.1033,ok,,,20,6.103328339407321,0.0004643292533756518,5.636944465190828,43.73800045856599,5.862426380757735,2.873982769479877,-2.7646166091581215,-5.424707608407098,-10.44948716815577,5.855634467483658,2.8731447331686217,-2.7637997320222065,-5.418254462897998,-10.399128921210336,6.776394269289511,13.552788538579023,corrigido IPCA,0.9289636496016064,76.39631634044471,6.250820907820431,326.3280286465757,326.3280286465757
2026-10-02,CEED17,COMPANHIA ESTADUAL DE DISTRIBUICAO DE ENERGIA ELETRICA - CEEE D,COMPANHIA ESTADUAL DE DISTRIBUICAO DE ENERGIA ELETRICA - CEEE D,Equatorial,CVM FRE,IPCA_MAIS,S,Quirografária,N,COMPANHIA ESTADUAL DE DISTRIBUICAO DE ENERGIA ELETRICA - CEEE D,08467115000100,8.1951,0.1135,1002.813597,2036-09-15,2035-05-15,67.51000000000005,6.4355,ok,,,20,6.435550809641065,0.0007895212658718969,5.948098212988448,47.66780558666533,6.194071954906311,3.0345755413356823,-2.915381589560162,-5.717002629495161,-10.999327154112294,6.186437240921775,3.0336338634775557,-2.9144643495108924,-5.7097591850551215,-10.94284031424359,5.849425210030145,11.69885042006029,corrigido IPCA,0.9138371612348888,69.58591127757978,6.271822222553491,318.41331730090377,318.41331730090377
2026-10-02,CEED19,COMPANHIA ESTADUAL DE DISTRIBUICAO DE ENERGIA ELETRICA - CEEE D,COMPANHIA ESTADUAL DE DISTRIBUICAO DE ENERGIA ELETRICA - CEEE D,Equatorial,CVM FRE,IPCA_MAIS,S,Quirografária,N,COMPANHIA ESTADUAL DE DISTRIBUICAO DE ENERGIA ELETRICA - CEEE D,08467115000100,8.2631,0.0822,994.899019,2037-06-15,2035-05-15,74.31,6.6332,ok,,,22,6.633208860404492,0.00013357662202080224,6.126934163537246,52.072528819428534,6.396141155272095,3.129647806922975,-2.9994366609897627,-5.874938348889247,-11.277575946923879,6.387296807634389,3.1285577427929088,-2.9983764207443375,-5.866571519440104,-11.21241775068592,6.448877107132571,12.897754214265142,corrigido IPCA,0.9477966112402678,79.02369092828758,6.283883557795633,329.20468630855777,329.20468630855777
2026-10-02,CEED21,COMPANHIA ESTADUAL DE DISTRIBUICAO DE ENERGIA ELETRICA - CEEE D,COMPANHIA ESTADUAL DE DISTRIBUICAO DE ENERGIA ELETRICA - CEEE D,Equatorial,CVM FRE,IPCA_MAIS,S,Quirografária,N,COMPANHIA ESTADUAL DE DISTRIBUICAO DE ENERGIA ELETRICA - CEEE D,08467115000100,7.7708,0.0737,1259.144806,2029-08-15,2029-05-15,36.08000000000003,2.2078,ok,,,6,2.207803489795209,0.0001580666368697742,2.0486100964224163,6.4344363532743145,2.0812328298357885,1.0324040496315856,-1.0163172460971315,-2.0168770617040144,-3.9720006513995654,2.0807822781887877,1.0323480936528011,-1.0162620027696152,-2.016437914656045,-3.9685314657793467,8.69717931790367,17.39435863580734,corrigido IPCA,0.959436359104127,35.63425872210736,5.905093513389903,271.38454673476025,271.38454673476025
2026-10-02,CEPEA7,COMPANHIA ENERGÉTICA DE PERNAMBUCO - CELPE,COMPANHIA ENERGETICA DE PERNAMBUCO-CELPE,Neoenergia,CVM FRE,IPCA_MAIS,S,Quirografária,N,COMPANHIA ENERGETICA DE PERNAMBUCO-CELPE,10835932000108,7.955,0.1262,1022.052899,2035-08-15,2040-08-15,68.40000000000002,8.8095,ok,,,1,8.809523809523808,0.0002702710007212424,8.160366643067768,74.15063518193239,8.543840903779909,4.174439823521081,-3.9890209445947233,-7.801657435744658,-14.93154837599483,8.53111981897743,4.1728716155112995,-3.9874950275564682,-7.789613467158106,-14.837720582496889,2.890361316003723,5.780722632007446,corrigido IPCA,0.9769055523584372,47.17281613906048,6.402260820087458,293.73813213465763,293.73813213465763
2026-10-02,CEPEA8,COMPANHIA ENERGÉTICA DE PERNAMBUCO - CELPE,COMPANHIA ENERGETICA DE PERNAMBUCO-CELPE,Neoenergia,CVM FRE,IPCA_MAIS,S,Quirografária,N,COMPANHIA ENERGETICA DE PERNAMBUCO-CELPE,10835932000108,7.9449,0.0786,1025.949103,2031-03-15,2031-05-15,38.15999999999997,3.7961,ok,,,5,3.7961080199001773,0.00021126683115017561,3.516709006076413,16.902847560815513,3.6028901517257905,1.779689648712468,-1.7374290587369723,-3.4338061154432276,-6.708039581531445,3.60122324388049,1.7794830624892257,-1.737225943587187,-3.4321947682723355,-6.6953610609365155,5.203886938926892,10.407773877853783,corrigido IPCA,1.00295031570449,36.60111212945523,6.061411240806969,277.9289813438914,277.9289813438914
2026-10-02,CEPEB3,COMPANHIA ENERGÉTICA DE PERNAMBUCO - CELPE,COMPANHIA ENERGETICA DE PERNAMBUCO-CELPE,Neoenergia,CVM FRE,IPCA_MAIS,S,Quirografária,N,COMPANHIA ENERGETICA DE PERNAMBUCO-CELPE,10835932000108,8.0977,0.0896,1059.551317,2033-11-15,2032-08-15,53.77000000000001,4.9799,ok,,,15,4.97988570326783,-0.00028708874012897787,4.606837798831825,28.805477772056946,4.754497295616167,2.339874919300833,-2.26785182131386,-4.4662919789079325,-8.66484946747943,4.75086518769211,2.339425746630984,-2.2674120522008416,-4.46281040997154,-8.637566042222513,5.740403057667942,11.480806115335884,corrigido IPCA,0.9318984669713748,52.89021157318892,6.170505460818565,298.5739611535144,298.5739611535144
2026-10-02,CEPEB7,COMPANHIA ENERGÉTICA DE PERNAMBUCO - CELPE,COMPANHIA ENERGETICA DE PERNAMBUCO-CELPE,Neoenergia,CVM FRE,IPCA_MAIS,S,Quirografária,N,COMPANHIA ENERGETICA DE PERNAMBUCO-CELPE,10835932000108,7.9411,0.1015,958.139231,2040-08-15,2040-08-15,67.00999999999996,8.5015,ok,,,28,8.501489848838075,-0.00011940436305669321,7.876045221734887,87.09643793057039,8.330731322729568,4.049250972750396,-3.8314284020814937,-7.458462135178401,-14.148586408169272,8.31152741138774,4.046893158280657,-3.8291520634542304,-7.440563032082034,-14.010161684858366,3.7677989192810064,7.535597838562013,corrigido IPCA,0.9158151773109575,59.35070934932209,6.386740135376434,304.91079444053196,304.91079444053196
2026-10-02,CEPEC1,COMPANHIA ENERGÉTICA DE PERNAMBUCO - CELPE,COMPANHIA ENERGETICA DE PERNAMBUCO-CELPE,Neoenergia,CVM FRE,IPCA_MAIS,S,Quirografária,N,COMPANHIA ENERGETICA DE PERNAMBUCO-CELPE,10835932000108,7.9424,0.0457,1230.412601,2031-10-15,2030-08-15,33.009999999999984,3.4851,ok,,,11,3.4850921698786888,-0.00022467422201188813,3.2286591458765868,14.844255393367934,3.304313020093197,1.6330624495752177,-1.5959488481326445,-3.155823037372607,-6.171333356334885,3.3028804228434265,1.6328848921800032,-1.5957742536965838,-3.154437868909747,-6.160433183885814,5.779775053600479,11.559550107200957,corrigido IPCA,0.9598543132457686,37.32184717583305,6.027551096517425,278.03338843285263,278.03338843285263
2026-10-02,CEPEC2,COMPANHIA ENERGÉTICA DE PERNAMBUCO - CELPE,COMPANHIA ENERGETICA DE PERNAMBUCO-CELPE,Neoenergia,CVM FRE,IPCA_MAIS,S,Quirografária,N,COMPANHIA ENERGETICA DE PERNAMBUCO-CELPE,10835932000108,7.98,0.0684,1173.789423,2032-04-15,2031-05-15,41.67000000000005,3.8283,ok,,,12,3.8283487210143448,0.0012726540329838683,3.5454238942529583,17.67410079209776,3.63562153985022,1.7950309141897547,-1.7508416606168753,-3.458816476447202,-6.7512263655933875,3.633794398213447,1.7948045731166014,-1.750619321136357,-3.4570533902924696,-6.737365772663962,5.667325176691684,11.334650353383369,corrigido IPCA,0.9679936758771195,40.186140195888136,6.064805680186169,282.14757614545624,282.14757614545624
2026-10-02,CEROA4,CENTRAIS ELETRICAS DE RONDONIA S/A CERON,ENERGISA RONDONIA - DISTRIBUIDORA DE ENERGIA S/A,Energisa,inferido,IPCA_MAIS,S,Quirografária,N,ENERGISA RONDONIA - DISTRIBUIDORA DE ENERGIA S/A,05914650000166,8.1841,0.0824,1019.204748,2035-10-15,2035-05-15,66.41000000000012,6.4698,ok,,,19,6.469810996934094,0.00016997332365775917,5.980371419583926,49.78952835499408,6.2375294849166485,3.0534350450600822,-2.928934448077536,-5.7392054947101645,-11.025606812080547,6.229319061358896,3.0524226202357054,-2.9279487993482203,-5.7314237778089545,-10.96495227206797,5.854707635856495,11.70941527171299,corrigido IPCA,0.9788549551200197,70.02665243099192,6.273934499247535,318.755861517538,318.755861517538
2026-10-02,CEROB4,CENTRAIS ELETRICAS DE RONDONIA S/A CERON,ENERGISA RONDONIA - DISTRIBUIDORA DE ENERGIA S/A,Energisa,inferido,IPCA_MAIS,S,Quirografária,N,ENERGISA RONDONIA - DISTRIBUIDORA DE ENERGIA S/A,05914650000166,8.2594,0.1559,988.797021,2040-10-15,2037-05-15,76.02999999999992,8.1861,ok,,,29,8.186080718552068,-0.00023553887604131816,7.561542663779836,83.48249994825835,7.997407141408397,3.8873897940062907,-3.678604975721944,-7.161323882845183,-13.586388822996353,7.978955163521127,3.885124456825241,-3.6764182069545943,-7.144130164038544,-13.453435328594503,6.04064624057293,12.08129248114586,corrigido IPCA,0.949651067735774,91.35320852978697,6.370490987698152,342.2143031554421,342.2143031554421
2026-10-02,CERR18,CERRADINHO BIOENERGIA S/A,CERRADINHO BIOENERGIA S.A.,Isolada (a identificar),,IPCA_MAIS,S,Quirografária,S,CERRADINHO BIOENERGIA S.A.,08322396000103,9.82,0.1417,1030.884288,2034-12-15,2033-05-15,228.89,5.3279,ok,,,17,5.327959663834364,0.0011198377290230772,4.851538575700568,33.08385037150191,5.021508609929293,2.4676863857698184,-2.384964038261972,-4.690466441079188,-9.075410306209053,5.016957827558078,2.4671241008146616,-2.3844144748859066,-4.686119323843059,-9.041400143971098,23.53506090875534,47.07012181751068,corrigido IPCA,0.9514757570066248,228.36251176057803,6.197259573857661,504.94640208893907,504.94640208893907
2026-10-02,CERT11,CONCESSIONARIA ECOVIAS RAPOSO-CASTELO S.A,CONCESSIONARIA ECOVIAS RAPOSO-CASTELO S.A,EcoRodovias,inferido,IPCA_MAIS,S,Quirografária,N,CONCESSIONARIA ECOVIAS RAPOSO-CASTELO S.A,58607200000197,8.3019,0.073,1207.166903,2029-03-15,2029-05-15,89.18999999999997,2.4206,ok,,,1,2.4206349206349205,0.0014426437627286595,2.235080751708807,7.059336379263386,2.270863757301256,1.1264249543566196,-1.1087758625964783,-2.20025837496326,-4.332722806207679,2.2703774336051237,1.1263645463284828,-1.1087162053803243,-2.19978406981249,-4.3289747758323465,18.430343481009743,36.860686962019486,corrigido IPCA,1.1286721146035137,82.38661192357354,5.9158262671931805,327.4566736851367,327.4566736851367
2026-10-02,CESE32,CELSE - CENTRAIS ELETRICAS DE SERGIPE S.A.,ENEVA S.A.,Eneva,inferido,IPCA_MAIS,S,Quirografária,N,ENEVA S.A.,04423567000121,7.8872,0.0817,1137.353789,2030-09-15,2030-08-15,27.48999999999997,3.0662,ok,,,8,3.0662440147923538,0.0014354834111910948,2.8420832265480556,11.42535876700942,2.9001851984661986,1.4354442843035775,-1.4068790777176932,-2.785902642705862,-5.463117809055163,2.899210020383103,1.4353233117327897,-1.406759914815266,-2.7849564327130087,-5.455659277755923,6.058137511655464,12.116275023310928,corrigido IPCA,0.99255767003281,34.43546201199514,5.97996831380494,273.42459537036285,273.42459537036285
2026-10-02,CESPA2,CESP-COMPANHIA ENERGETICA DE SAO PAULO,CESP - COMPANHIA ENERGETICA DE SAO PAULO,Auren,CVM FRE,IPCA_MAIS,S,Quirografária,S,CESP - COMPANHIA ENERGETICA DE SAO PAULO,60933603000178,7.8226,0.0853,1319.611567,2030-08-15,2029-05-15,41.26000000000003,2.6522,ok,,,8,2.6522577315092937,0.0021767404152611826,2.4598347021026146,9.048912714345752,2.505808385192676,1.2413189672809244,-1.2186953837566183,-2.415298423112411,-4.744277393739571,2.5050792656743432,1.2412284919442396,-1.218606210158375,-2.414590138530886,-4.738691149918314,6.763492599101259,13.526985198202517,corrigido IPCA,0.9203118853989848,33.27414760536697,5.935469775607416,270.4862213185214,270.4862213185214
2026-10-02,CESPA3,CESP-COMPANHIA ENERGETICA DE SAO PAULO,CESP - COMPANHIA ENERGETICA DE SAO PAULO,Auren,CVM FRE,IPCA_MAIS,S,Quirografária,N,CESP - COMPANHIA ENERGETICA DE SAO PAULO,60933603000178,8.0318,0.0601,1046.861379,2034-04-15,2033-05-15,50.070000000000014,5.2176,ok,,,16,5.217608899014017,0.000170557613025883,4.829697273408401,31.788428900283087,4.992840197479587,2.4551034340698497,-2.3756210376043474,-4.674774614239241,-9.055097915581634,4.988639417909817,2.4545841728295543,-2.3751131005788464,-4.670755128906985,-9.02362596881114,4.8776018532258005,9.755203706451601,corrigido IPCA,0.9384038335040391,47.114680742592824,6.188989517466692,291.8991202142284,291.8991202142284
2026-10-02,CGASA1,COMPANHIA DE GAS DE SÃO PAULO - COMGAS,COMPANHIA DE GAS DE SAO PAULO - COMGAS,Compass,CVM FRE,IPCA_MAIS,S,Quirografária,S,COMPANHIA DE GAS DE SAO PAULO - COMGAS,61856571000117,7.8934,0.0609,1025.003882,2034-07-15,2035-05-15,37.34000000000002,6.0764,ok,,,16,6.076403374606223,5.553627515953228e-05,5.6318582736351095,42.245509154292264,5.849351797816205,2.8695096740559034,-2.7638773281531748,-5.426599356173146,-10.465439384797403,5.843085819406571,2.86873602326042,-2.7631222503746895,-5.4206307278636485,-10.418806364184373,3.2560945020648835,6.512189004129767,corrigido IPCA,0.9296730539145509,36.67572552238381,6.24907463108979,279.97783516723183,279.97783516723183
2026-10-02,CGASA2,COMPANHIA DE GAS DE SÃO PAULO - COMGAS,COMPANHIA DE GAS DE SAO PAULO - COMGAS,Compass,CVM FRE,IPCA_MAIS,S,Quirografária,N,COMPANHIA DE GAS DE SAO PAULO - COMGAS,61856571000117,7.7615,0.0865,1064.571748,2036-12-15,2037-05-15,26.239999999999952,7.1848,ok,,,21,7.184798738471723,-1.755829358362725e-05,6.667315078642857,61.445821190951655,6.985750968288129,3.411844869499414,-3.2581903256028277,-6.370652427521906,-12.18787186597099,6.974544184597615,3.4104648158101187,-3.2568502628327387,-6.3600859726881,-12.105713733466681,2.409265189073497,4.818530378146994,corrigido IPCA,0.9820588274808608,32.12666024711812,6.316119700060874,273.93367780730847,273.93367780730847
2026-10-02,CGASA4,COMPANHIA DE GAS DE SÃO PAULO - COMGAS,COMPANHIA DE GAS DE SAO PAULO - COMGAS,Compass,CVM FRE,IPCA_MAIS,S,Quirografária,S,COMPANHIA DE GAS DE SAO PAULO - COMGAS,61856571000117,7.8182,0.1113,971.616379,2037-09-15,2037-05-15,31.90999999999997,7.7402,ok,,,22,7.740179605213028,-0.00026349173111978063,7.1789174788792876,70.15293727045676,7.543237532730784,3.678817804889145,-3.5033845461223234,-6.840892869245008,-13.05368644704592,7.529682165231572,3.6771499110277146,-3.501767567851573,-6.828152792527003,-12.95477621234944,2.8190899033411565,5.638179806682313,corrigido IPCA,0.931755608651681,40.4760275632559,6.34684478225902,283.62909278753864,283.62909278753864
2026-10-02,CGASB1,COMPANHIA DE GAS DE SÃO PAULO - COMGAS,COMPANHIA DE GAS DE SAO PAULO - COMGAS,Compass,CVM FRE,IPCA_MAIS,S,Quirografária,S,COMPANHIA DE GAS DE SAO PAULO - COMGAS,61856571000117,7.826,0.1295,1006.290707,2039-07-15,2037-05-15,32.68999999999993,8.0871,ok,,,26,8.087134188034414,0.0004227477638971791,7.500170819685803,77.99083895754293,7.906217457971287,3.8495519460240324,-3.6545105874785655,-7.125280013936564,-13.5572517055094,7.890125014473518,3.8475739585398303,-3.6525968611459727,-7.110216624898088,-13.440524860220748,2.9635711571288517,5.927142314257703,corrigido IPCA,0.9127003132926281,44.4545798295206,6.365314703823199,287.8703820509194,287.8703820509194
2026-10-02,CGASB4,COMPANHIA DE GAS DE SÃO PAULO - COMGAS,COMPANHIA DE GAS DE SAO PAULO - COMGAS,Compass,CVM FRE,IPCA_MAIS,S,Quirografária,S,COMPANHIA DE GAS DE SAO PAULO - COMGAS,61856571000117,7.7403,0.1555,951.775627,2040-09-15,2040-08-15,46.93000000000005,8.6619,ok,,,28,8.661905467141832,6.311712017666398e-05,8.039615136714705,89.86663571789441,8.508948588382648,4.134596088497244,-3.90984397833537,-7.6089126304596855,-14.425941463405733,8.488948315304176,4.132140863004721,-3.907474273709984,-7.590281958125233,-14.28189755907152,2.464640024142453,4.929280048284906,corrigido IPCA,0.9127288312314323,39.62951448929712,6.3948643921891035,281.75188990153873,281.75188990153873
2026-10-02,CGEE13,COMPANHIA ESTADUAL DE GERACAO DE ENERGIA ELETRICA - CEEE-G,COMPANHIA ESTADUAL DE GERACAO DE ENERGIA ELETRICA - CEEE-G,Isolada (a identificar),,IPCA_MAIS,S,Real,N,COMPANHIA ESTADUAL DE GERACAO DE ENERGIA ELETRICA - CEEE-G,39881421000104,14.3379,0.2368,817.469133,2041-12-14,2033-05-15,680.68,5.2951,ok,,,31,5.295087430441024,-0.00023738095552271743,4.6310868316114115,36.61421758246862,4.820528317835593,2.3620955023563983,-2.2705369523758345,-4.454017753281015,-8.576544771311879,4.814157919523756,2.361311187783792,-2.26977564382762,-4.448015743699068,-8.529889311573452,74.51892953025343,149.03785906050686,corrigido IPCA,0.7710607698673291,690.2072665066707,6.194815467013215,1045.7191120951825,1045.7191120951825
2026-10-02,CGEE23,COMPANHIA ESTADUAL DE GERACAO DE ENERGIA ELETRICA - CEEE-G,COMPANHIA ESTADUAL DE GERACAO DE ENERGIA ELETRICA - CEEE-G,Isolada (a identificar),,IPCA_MAIS,S,Real,N,COMPANHIA ESTADUAL DE GERACAO DE ENERGIA ELETRICA - CEEE-G,39881421000104,14.5186,0.3322,810.676817,2041-12-15,2033-05-15,698.7499999999999,5.2722,ok,,,31,5.27218295938206,-0.0003232164549871806,4.603778739333226,36.252420796917605,4.791327474857265,2.3479789296291687,-2.2573252342898753,-4.428440688560087,-8.52856207669025,4.785040843317814,2.34720489566276,-2.256573843670466,-4.422516635348638,-8.4825090627281,76.92036362528339,153.84072725056677,corrigido IPCA,0.7646540572342577,708.2486693597209,6.193102820136787,1066.931488548041,1066.931488548041
2026-10-02,CGMG18,COMPANHIA DE GÁS DE MINAS GERAIS - GASMIG,COMPANHIA DE GAS DE MINAS GERAIS GASMIG,Cemig,CVM FRE,IPCA_MAIS,S,Quirografária,N,COMPANHIA DE GAS DE MINAS GERAIS GASMIG,22261473000185,7.3827,0.052,908.996811,2031-08-15,2029-05-15,-2.7300000000000324,2.6308,ok,,,10,2.6308363125402408,0.0013802850935436325,2.449962901417305,10.012435355385081,2.5009331374549193,1.2376095760270545,-1.2125766776403424,-2.4007798115521783,-4.70659899063206,2.5000250781942306,1.2374969949028838,-1.2124659065144212,-2.3999007246403794,-4.6996770957269085,-1.325587516253236,-2.651175032506472,corrigido IPCA,0.9550946192341212,-6.495280474804674,5.9334182308138805,223.37396906578175,223.37396906578175
2026-10-02,CGOS13,EQUATORIAL GOIAS DISTRIBUIDORA DE ENERGIA S.A.,EQUATORIAL GOIAS DISTRIBUIDORA DE ENERGIA S.A.,Equatorial,CVM FRE,IPCA_MAIS,S,Quirografária,N,EQUATORIAL GOIAS DISTRIBUIDORA DE ENERGIA S.A.,01543032000104,8.0101,0.1124,1162.346502,2031-04-15,2030-08-15,39.77999999999993,3.0317,ok,,,10,3.031723393596165,0.000771632950658045,2.8068887942851317,11.685915780408003,2.8663591452752435,1.41818085728469,-1.3889640515250656,-2.749467713438558,-5.388003655126039,2.8653183731871716,1.418051791868076,-1.3888370024170558,-2.748459215383092,-5.380059272962104,8.369344125342378,16.738688250684756,corrigido IPCA,1.0064353734039022,46.98363648187924,5.9760540947182195,288.1306462251097,288.1306462251097
2026-10-02,CGOS16,EQUATORIAL GOIAS DISTRIBUIDORA DE ENERGIA S.A.,EQUATORIAL GOIAS DISTRIBUIDORA DE ENERGIA S.A.,Equatorial,CVM FRE,IPCA_MAIS,S,Quirografária,N,EQUATORIAL GOIAS DISTRIBUIDORA DE ENERGIA S.A.,01543032000104,8.1901,0.1235,1028.857856,2036-05-15,2035-05-15,67.00999999999996,6.1206,ok,,,20,6.120599212176474,-1.2871671495076338e-05,5.657263661071091,43.97322686511005,5.8839674702793054,2.8844420342734933,-2.7744876419784736,-5.443893775616915,-10.485756003805536,5.877129795396641,2.8835983641169327,-2.773665296954158,-5.43739752674554,-10.435062784839982,6.012644191233053,12.025288382466107,corrigido IPCA,0.9291370690428882,68.03022698002584,6.251937352731152,316.500461490221,316.500461490221
2026-10-02,CGOS24,EQUATORIAL GOIAS DISTRIBUIDORA DE ENERGIA S.A.,EQUATORIAL GOIAS DISTRIBUIDORA DE ENERGIA S.A.,Equatorial,CVM FRE,IPCA_MAIS,S,Quirografária,N,EQUATORIAL GOIAS DISTRIBUIDORA DE ENERGIA S.A.,01543032000104,7.953,0.11,1120.83975,2031-10-15,2030-08-15,34.07,3.4518,ok,,,11,3.4517987636560363,-3.581736959415116e-05,3.1975014716182377,14.662150865886176,3.27222518457555,1.617253549105424,-1.5805952525866251,-3.125556941880503,-6.112511189309311,3.270812225947669,1.6170784243914766,-1.5804230472267613,-3.124190717288807,-6.101759925918753,6.040638876583874,12.081277753167749,corrigido IPCA,0.9805509830925891,38.629903394782545,6.0238223174458705,279.48462298454734,279.48462298454734
2026-10-02,CGOS28,EQUATORIAL GOIAS DISTRIBUIDORA DE ENERGIA S.A.,EQUATORIAL GOIAS DISTRIBUIDORA DE ENERGIA S.A.,Equatorial,CVM FRE,IPCA_MAIS,S,Quirografária,N,EQUATORIAL GOIAS DISTRIBUIDORA DE ENERGIA S.A.,01543032000104,8.1968,0.1239,1002.502615,2036-09-15,2035-05-15,67.68,6.4354,ok,,,20,6.437428026972411,0.0315136117787723,5.949739758451646,47.696867903496624,6.195866047390752,3.0354335305277313,-2.9161668921883876,-5.718505609231206,-11.002081172383582,6.188224097969129,3.034490964105194,-2.915248794346452,-5.711255418934162,-10.945542158833359,5.863276931938481,11.726553863876962,corrigido IPCA,0.9137175164311908,69.76994375353352,6.271938204037264,318.62874110693883,318.62874110693883
2026-10-02,CGOS34,EQUATORIAL GOIAS DISTRIBUIDORA DE ENERGIA S.A.,EQUATORIAL GOIAS DISTRIBUIDORA DE ENERGIA S.A.,Equatorial,CVM FRE,IPCA_MAIS,S,Quirografária,N,EQUATORIAL GOIAS DISTRIBUIDORA DE ENERGIA S.A.,01543032000104,8.144,0.0915,1088.856906,2035-10-15,2033-05-15,61.28999999999998,5.735,ok,,,19,5.734968793380538,-0.0005441433210440545,5.303085509487849,38.94162743442061,5.50353711586915,2.7009288755906136,-2.6035576919846037,-5.113846830431501,-9.870066590926974,5.497793646659952,2.70021978903695,-2.6028657204508985,-5.108377372315745,-9.827338470287286,5.802437446036782,11.604874892073564,corrigido IPCA,0.952571243405589,61.541643879574686,6.2262753602224885,308.82175910181866,308.82175910181866
2026-10-02,CGOSA0,EQUATORIAL GOIAS DISTRIBUIDORA DE ENERGIA S.A.,EQUATORIAL GOIAS DISTRIBUIDORA DE ENERGIA S.A.,Equatorial,CVM FRE,IPCA_MAIS,S,Quirografária,N,EQUATORIAL GOIAS DISTRIBUIDORA DE ENERGIA S.A.,01543032000104,8.1099,0.1483,1005.121835,2037-08-15,2035-05-15,58.99000000000001,6.7794,ok,,,22,6.77940503939275,7.433390492087362e-05,6.270845722170448,54.044902512006864,6.5503836721061415,3.2041266437391913,-3.0689825639396706,-6.0094251060842545,-11.529330779557768,6.5410702347304825,3.202978989225233,-3.0678667329452156,-6.000621209610414,-11.46079339410076,5.1202641474025965,10.240528294805193,corrigido IPCA,0.9603194415917314,64.21677305024458,6.292620010605154,311.7985694439173,311.7985694439173
2026-10-02,CGOSA2,EQUATORIAL GOIAS DISTRIBUIDORA DE ENERGIA S.A.,EQUATORIAL GOIAS DISTRIBUIDORA DE ENERGIA S.A.,Equatorial,CVM FRE,IPCA_MAIS,S,Quirografária,N,EQUATORIAL GOIAS DISTRIBUIDORA DE ENERGIA S.A.,01543032000104,8.3607,0.1328,929.567309,2038-01-15,2035-05-15,84.07,7.0495,ok,,,23,7.049501599347317,2.268738657784555e-05,6.505588833725988,58.200604743718166,6.806966884135646,3.3268230875354465,-3.1812850931381087,-6.224376686001676,-11.923325809426899,6.796591857444579,3.325545172792642,-3.180043660933346,-6.214585810007397,-11.847165572577612,6.98596692917894,13.97193385835788,corrigido IPCA,0.9003974169780339,90.8956568944911,6.3083878028449725,343.10571583302305,343.10571583302305
2026-10-02,CGOSB0,EQUATORIAL GOIAS DISTRIBUIDORA DE ENERGIA S.A.,EQUATORIAL GOIAS DISTRIBUIDORA DE ENERGIA S.A.,Equatorial,CVM FRE,IPCA_MAIS,S,Quirografária,N,EQUATORIAL GOIAS DISTRIBUIDORA DE ENERGIA S.A.,01543032000104,8.1782,0.1338,1000.829554,2037-08-15,2035-05-15,65.82000000000008,6.7728,ok,,,22,6.772815971691414,0.00023582109930714198,6.260795586995729,53.90555678676757,6.539604966814472,3.1989234828984303,-3.064127899451352,-6.000041973726189,-11.511787382813255,6.530323370929566,3.197779739481324,-3.0630158475144054,-5.991267803061891,-11.443480038256107,5.67388655584939,11.34777311169878,corrigido IPCA,0.9562184831347429,71.04608781995252,6.292229446841069,319.828218693287,319.828218693287
2026-10-02,CHSF13,COMPANHIA HIDRO ELETRICA DO SAO FRANCISCO - CHESF,COMPANHIA HIDRO ELETRICA DO SAO FRANCISCO - CHESF,Axia (ex-Eletrobras),CVM FRE,IPCA_MAIS,S,Quirografária,N,COMPANHIA HIDRO ELETRICA DO SAO FRANCISCO - CHESF,33541368000116,7.6144,0.0993,1094.238177,2031-06-15,2031-05-15,5.109999999999992,3.9816,ok,,,10,3.9816117944590825,0.0002962241079647804,3.6998875563670683,18.604805869233957,3.794820213717087,1.8734362577664365,-1.8269201328764084,-3.608706359669167,-7.042170653706792,3.7929115857132385,1.8731997855200768,-1.826687770846992,-3.606863527020899,-7.027678995349458,0.40164973893391775,0.8032994778678355,corrigido IPCA,0.9888003222867356,2.9721177421993676,6.080614706783716,238.7442822857256,238.7442822857256
2026-10-02,CJEN13,TESC-TERMINAL SANTA CATARINA S/A,TESC - TERMINAL SANTA CATARINA S/A,Isolada (a identificar),,IPCA_MAIS,S,Real,N,TESC - TERMINAL SANTA CATARINA S/A,01115535000170,7.9438,0.2467,1180.915878,2035-12-15,2031-05-15,38.050000000000054,3.9407,ok,,,19,3.9407091959388936,0.00023335800475753952,3.650704529522671,22.78728891281005,3.767720262585472,1.854216772642392,-1.7972398093221487,-3.5397074277485396,-6.868652204140413,3.7646409740867215,1.8538363759023482,-1.796868153620323,-3.5367680849586214,-6.845663280789141,6.165639350962733,12.331278701925466,corrigido IPCA,1.0330488136294314,45.01785501192575,6.0764492503252,286.8950211205148,286.8950211205148
2026-10-02,CLAG13,COLOMBO AGROINDUSTRIA SA,COLOMBO AGROINDUSTRIA SA,Colombo Agroindustria,inferido,IPCA_MAIS,S,Quirografária,N,COLOMBO AGROINDUSTRIA SA,44330975000153,8.0752,0.614,862.318626,2028-07-15,2028-08-15,72.51000000000003,1.2185,ok,,,4,1.218453002802412,-0.003856971488537387,1.1274122118695242,2.5402298664277034,1.1402530073350459,0.5668987561105121,-0.5605479985629214,-1.1148477816380287,-2.205102227209421,1.1401133612016627,0.5668813932677967,-0.5605308186017275,-1.1147110625373857,-2.2040198264104944,53.070902511222876,106.14180502244575,corrigido IPCA,0.982328441486373,119.66556717217934,6.167037165001266,365.2741587102111,365.2741587102111
2026-10-02,CLAG15,COLOMBO AGROINDUSTRIA SA,COLOMBO AGROINDUSTRIA SA,Colombo Agroindustria,inferido,IPCA_MAIS,S,Quirografária,N,COLOMBO AGROINDUSTRIA SA,44330975000153,9.1425,0.4847,1003.039816,2032-12-15,2032-08-15,158.25000000000006,4.5483,ok,,,13,4.548290046871194,-0.00021883184500741984,4.167295092994199,23.95611118010948,4.289865986572372,2.113938024317785,-2.0540410249555108,-4.050197277192535,-7.87652154463081,4.287075648894747,2.1135926854722364,-2.0537024075219628,-4.047514537093652,-7.855467962386209,18.834994276780538,37.669988553561076,corrigido IPCA,0.9659342938904802,156.98195845240272,6.134289652315461,420.64626114900557,420.64626114900557
2026-10-02,CLCD26,CELESC DISTRIBUIÇÃO S/A,CELESC DISTRIBUICAO S.A.,Celesc Distribuicao,inferido,IPCA_MAIS,S,Quirografária,N,CELESC DISTRIBUICAO S.A.,08336783000190,7.1905,0.1094,1149.105358,2030-11-15,2029-05-15,-21.950000000000003,2.7637,ok,,,9,2.763756724276468,0.002052475900711641,2.578359765349045,10.019029854061362,2.6293003580604157,1.3018085485041908,-1.2767594047751185,-2.529084941630577,-4.962805186422125,2.6284549146193514,1.301703669992099,-1.2766560953569457,-2.528264616078738,-4.956338933616862,-6.181425438203034,-12.362850876406068,corrigido IPCA,1.0074612190857373,-31.87587728473558,5.946692519933761,194.3607563470901,194.3607563470901
2026-10-02,CLCD27,CELESC DISTRIBUIÇÃO S/A,CELESC DISTRIBUICAO S.A.,Celesc Distribuicao,inferido,IPCA_MAIS,S,Quirografária,N,CELESC DISTRIBUICAO S.A.,08336783000190,7.5181,0.1434,1088.463682,2034-07-15,2033-05-15,-1.3000000000000789,5.2343,ok,,,16,5.234298169088747,-3.497910423230256e-05,4.868294890896275,32.064524059795595,5.032871723474219,2.4747539347572456,-2.394581096195658,-4.7120419225619825,-9.1271605151648,5.028617511195253,2.4742281005228817,-2.394066790373393,-4.707972270597297,-9.095299300596638,-0.4048286483210964,-0.8096572966421928,corrigido IPCA,0.987393602076994,-3.9416504806200763,6.190252334062585,231.8208522644611,231.8208522644611
2026-10-02,CLIS13,CLI SUL S/A,CLI SUL S/A,Isolada (a identificar),,IPCA_MAIS,S,Quirografária,N,CLI SUL S/A,43514079000181,7.6409,0.0682,1130.035227,2035-08-15,2032-08-15,8.090000000000064,4.9258,ok,,,18,4.925862737103095,0.0012736429228892372,4.576199880438658,30.43507340542997,4.732606973988696,2.326666456208648,-2.25056659240942,-4.428061237149128,-8.575259756674647,4.728375247465808,2.3261437819761164,-2.250056098462541,-4.424024513411508,-8.543698292768715,1.179807374776595,2.35961474955319,corrigido IPCA,1.0535043456111715,10.7980687347866,6.166168589230847,248.30455399662173,248.30455399662173
2026-10-02,CLTM14,CONCESSIONARIA DAS LINHAS 8 E 9 DO SISTEMA DE TRENS METROPOLITANOS DE SAO PAULO S.A.,CONCESSIONARIA DAS LINHAS 8 E 9 DO SISTEMA DE TRENS METROPOLITANOS DE SAO PAULO S.A.,Isolada (a identificar),,IPCA_MAIS,S,Real,N,CONCESSIONARIA DAS LINHAS 8 E 9 DO SISTEMA DE TRENS METROPOLITANOS DE SAO PAULO S.A.,42288184000187,8.9711,0.1223,1037.957506,2042-01-15,2033-05-15,143.99999999999994,5.4946,ok,,,31,5.494581237766419,-0.0003414667779454989,5.042237104852955,43.26799972793299,5.266752931962904,2.5762089464110405,-2.4680072061918135,-4.833564639000009,-9.278587822936668,5.25857710349262,2.5752035520863936,-2.467033552766561,-4.82589710621329,-9.21911421514725,15.368644138017892,30.737288276035784,corrigido IPCA,0.9287302621812834,154.98469544798937,6.209406678924756,416.031537712319,416.031537712319
2026-10-02,CMGD28,CEMIG DISTRIBUIÇÃO S/A,CEMIG DISTRIBUICAO S/A,Cemig,CVM FRE,IPCA_MAIS,S,Quirografária,N,CEMIG DISTRIBUICAO S/A,06981180000116,7.2983,0.0935,1187.000748,2029-06-15,2028-08-15,-5.180000000000007,2.0273,ok,,,6,2.0273345722887735,0.0017053365941681598,1.8894377378660925,5.681772406829738,1.9182320452187263,0.9518689620712673,-0.9376639359707561,-1.8614047972642433,-3.66821063496634,1.9178465999002414,0.9518210844415835,-0.9376166534245091,-1.8610288758319438,-3.6652400275955905,-1.803909904406673,-3.607819808813346,corrigido IPCA,0.9956577405304724,-6.816750898192766,5.9050476641336,220.6233930770534,220.6233930770534
2026-10-02,CMGDA4,CEMIG DISTRIBUIÇÃO S/A,CEMIG DISTRIBUICAO S/A,Cemig,CVM FRE,IPCA_MAIS,S,Quirografária,N,CEMIG DISTRIBUICAO S/A,06981180000116,7.9257,0.1276,995.290134,2037-10-15,2037-05-15,42.65999999999997,7.0651,ok,,,23,7.065115988173397,0.00022629790656556492,6.546277659698661,59.832550568249296,6.8562920537751815,3.349265881044028,-3.199645865305756,-6.257347858124529,-11.975474719889267,6.845440412539908,3.3479295180596425,-3.198348141639019,-6.247114906857415,-11.895904308032337,3.669450935230138,7.338901870460276,corrigido IPCA,0.9561487378022883,48.04248936131482,6.309285552041999,292.5834292750747,292.5834292750747
2026-10-02,CMGDB0,CEMIG DISTRIBUIÇÃO S/A,CEMIG DISTRIBUICAO S/A,Cemig,CVM FRE,IPCA_MAIS,S,Quirografária,N,CEMIG DISTRIBUICAO S/A,06981180000116,7.6901,0.1568,1044.21083,2034-02-15,2033-05-15,15.89999999999998,5.2421,fluxo divergente da ANBIMA,,,3,6.280942212611297,19.81729102098963,5.832423047811543,40.011090875406104,6.037847046012779,2.9668889564463896,-2.866846677910151,-5.637503188339288,-10.904830321629843,6.032478502188574,2.966225387500029,-2.8661976603115136,-5.632367593434512,-10.864624278114963,0.9164229831419052,1.8328459662838104,corrigido IPCA,0.6267665393600148,10.689933056842113,6.262169650062233,250.34833522209706,250.34833522209706
2026-10-02,CMGDB1,CEMIG DISTRIBUIÇÃO S/A,CEMIG DISTRIBUICAO S/A,Cemig,CVM FRE,IPCA_MAIS,S,Quirografária,N,CEMIG DISTRIBUICAO S/A,06981180000116,7.8423,0.1231,1013.586456,2036-09-15,2035-05-15,32.230000000000025,7.0384,ok,,,20,7.0384341193451565,0.0004847599618704756,6.526598671713379,57.04195257811214,6.8216614438505685,3.3358160138798665,-3.1931776324500283,-6.250705540332191,-11.984896320003235,6.8118084346039405,3.3346017765793303,-3.191996895134049,-6.2413889088228185,-11.912358291864516,2.873592710136663,5.747185420273326,corrigido IPCA,0.9226892396155199,37.509572730046386,6.307750601718842,280.65407878347025,280.65407878347025
2026-10-02,CMGDB2,CEMIG DISTRIBUIÇÃO S/A,CEMIG DISTRIBUICAO S/A,Cemig,CVM FRE,IPCA_MAIS,S,Quirografária,N,CEMIG DISTRIBUICAO S/A,06981180000116,7.9437,0.1086,1035.98136,2040-03-15,2037-05-15,44.459999999999944,8.1913,ok,,,27,8.191307459530268,9.106650065496516e-05,7.588499800850136,80.96429003523764,8.01059783987017,3.897577539804642,-3.695095521408509,-7.199813230995378,-13.682610918028137,7.993321251026324,3.895455262969115,-3.693044537881021,-7.183678350673948,-13.557713800995518,3.809362482210751,7.618724964421502,corrigido IPCA,0.973791874858341,57.81469287524453,6.370763344270514,303.2341756199252,303.2341756199252
2026-10-02,CMGDB4,CEMIG DISTRIBUIÇÃO S/A,CEMIG DISTRIBUICAO S/A,Cemig,CVM FRE,IPCA_MAIS,S,Quirografária,N,CEMIG DISTRIBUICAO S/A,06981180000116,7.7892,0.0938,979.823779,2040-10-15,2040-08-15,51.82000000000002,8.4165,ok,,,29,8.416564233909178,0.0007631902712328504,7.8083557850964445,87.5411239431574,8.265617067323493,4.016004778468263,-3.797068050127861,-7.38886187766159,-14.006676591665912,8.246061404812233,4.013604297477169,-3.794751487619276,-7.370650165380657,-13.865889091329741,2.864318363666773,5.728636727333546,corrigido IPCA,0.9412906280195403,44.73123373059086,6.382401542005822,287.50530933168807,287.50530933168807
2026-10-02,CMGDB6,CEMIG DISTRIBUIÇÃO S/A,CEMIG DISTRIBUICAO S/A,Cemig,CVM FRE,IPCA_MAIS,S,Quirografária,N,CEMIG DISTRIBUICAO S/A,06981180000116,7.8513,0.18,972.746604,2038-08-15,2037-05-15,35.219999999999985,7.7897,fluxo divergente da ANBIMA,,,24,8.007281941043795,2.793200521763289,7.424372206031633,76.60965966092031,7.823131103324243,3.8098794451871143,-3.618292949132329,-7.0560361153048206,-13.43057892145929,7.807420504336235,3.8079481775919675,-3.616424028439666,-7.0413239077270315,-13.316551218844861,3.14820095608094,6.29640191216188,corrigido IPCA,0.9683696379671984,46.74683135465908,6.361108637172652,290.5481034379379,290.5481034379379
2026-10-02,CMGTA1,CEMIG GERAÇÃO E TRANSMISSÃO S/A,CEMIG GERACAO E TRANSMISSAO S/A,Cemig,CVM FRE,IPCA_MAIS,S,Quirografária,N,CEMIG GERACAO E TRANSMISSAO S/A,06981176000158,7.9185,0.0699,995.759402,2037-10-15,2037-05-15,41.939999999999955,7.066,ok,,,23,7.065963981404766,-0.0005097451915298634,6.54750017967704,59.849859845649654,6.857605204230155,3.34989927899505,-3.2002359726417406,-6.258487636358767,-11.977602987742896,6.846749478905288,3.3485624146455826,-3.198937765031458,-6.248250880448792,-11.898003162441087,3.613799079940499,7.227598159880998,corrigido IPCA,0.9565995496138873,47.322700250454275,6.30933426614988,291.73727434598817,291.73727434598817
2026-10-02,CMGTB1,CEMIG GERAÇÃO E TRANSMISSÃO S/A,CEMIG GERACAO E TRANSMISSAO S/A,Cemig,CVM FRE,IPCA_MAIS,S,Quirografária,N,CEMIG GERACAO E TRANSMISSAO S/A,06981176000158,7.7769,0.1142,980.765479,2040-10-15,2040-08-15,50.590000000000046,8.4191,ok,,,29,8.419126436497935,0.00031400622316836175,7.811624231628424,87.59626698730686,8.269176802656219,4.01770983595906,-3.7986351716595035,-7.391868928368217,-14.012220661046559,8.249605566564957,4.015307449548346,-3.796316782080078,-7.37364289669189,-13.87132312351071,2.7845717694648973,5.5691435389297945,corrigido IPCA,0.9421952933280526,43.504056618120856,6.382532824210974,286.06357237548417,286.06357237548417
2026-10-02,CMIN11,CSN MINERACAO S.A.,CSN MINERACAO S.A.,Csn Mineracao,CVM FRE,IPCA_MAIS,S,Quirografária,N,CSN MINERACAO S.A.,08902291000115,15.1363,0.446,903.903632,2031-07-15,2031-05-15,757.3000000000001,4.1051,ok,,,10,4.105130969475914,0.0007544146528348302,3.565453266672556,17.076274980258244,3.6524953264722715,1.8042778286357697,-1.7615837528091371,-3.481678337653904,-6.802025145481316,3.650834641573847,1.804071977061601,-1.761381289610955,-3.480071891771265,-6.7893810337399465,105.86673906297243,211.73347812594486,corrigido IPCA,0.6843839913745914,754.9258212480922,6.0929533388984325,1123.7387674725667,1123.7387674725667
2026-10-02,CMIN12,CSN MINERACAO S.A.,CSN MINERACAO S.A.,Csn Mineracao,CVM FRE,IPCA_MAIS,S,Quirografária,N,CSN MINERACAO S.A.,08902291000115,15.1985,0.4559,854.957672,2032-07-15,2032-08-15,763.8499999999999,4.5483,ok,,,12,4.548361659304741,0.0013556560636086652,3.9482820169574615,21.584502511438927,4.058586599085778,2.0014166083198726,-1.9474499194556016,-3.8426546100937875,-7.482903819583853,4.056204529514655,2.0011216366180293,-1.947160380339432,-3.8403595044002667,-7.464873983686145,96.61221302922192,193.22442605844384,corrigido IPCA,0.7152186437334513,762.9045266434806,6.134295975345672,1133.6306060983852,1133.6306060983852
2026-10-02,CMIN21,CSN MINERACAO S.A.,CSN MINERACAO S.A.,Csn Mineracao,CVM FRE,IPCA_MAIS,S,Quirografária,N,CSN MINERACAO S.A.,08902291000115,14.4304,0.6623,767.932466,2036-07-15,2035-05-15,691.0400000000001,6.1101,ok,,,20,6.110155403715564,0.0009067562816285219,5.339626011720281,39.529875622758716,5.5431342920824855,2.7199486916322346,-2.621106547227592,-5.147556077490078,-9.932241770717521,5.5372753898340745,2.719225350388589,-2.620400661331692,-5.141976633606488,-9.888654510985388,64.87424232492377,129.74848464984754,corrigido IPCA,0.5814344294433546,692.8083836176155,6.251262574260341,1051.5049953962778,1051.5049953962778
2026-10-02,CMIN22,CSN MINERACAO S.A.,CSN MINERACAO S.A.,Csn Mineracao,CVM FRE,IPCA_MAIS,S,Quirografária,N,CSN MINERACAO S.A.,08902291000115,14.7153,0.2792,764.57779,2037-07-15,2035-05-15,719.53,6.2748,ok,,,22,6.2748024240499,3.863150857975538e-05,5.469891482696642,44.31208656607518,5.698702986316384,2.7912299883999347,-2.6804261469332014,-5.255203872092141,-10.107112981699373,5.691451915527019,2.790335849555915,-2.6795556331407275,-5.248331049866266,-10.053541234071782,66.38318774979543,132.76637549959085,corrigido IPCA,0.6396109602417372,726.217666533716,6.261782117031189,1090.0729210036982,1090.0729210036982
2026-10-02,CMTR29,CEMIG GERAÇÃO E TRANSMISSÃO S/A,CEMIG GERACAO E TRANSMISSAO S/A,Cemig,CVM FRE,IPCA_MAIS,S,Quirografária,N,CEMIG GERACAO E TRANSMISSAO S/A,06981176000158,7.2886,0.0916,1228.797656,2029-12-15,2029-05-15,-12.14000000000004,2.8198,ok,,,7,2.8197686719197375,-0.001111003626583622,2.6282090286570403,9.918170221322901,2.6785961786125023,1.3266010511059134,-1.3018042278230002,-2.5793921038236634,-5.064160039611931,2.6777998797636546,1.3265022271051738,-1.3017068015518667,-2.578618177550426,-5.0580546528876225,-4.536768662010595,-9.07353732402119,corrigido IPCA,1.032057552406043,-23.84715271684913,5.952610146684267,204.1164993257085,204.1164993257085
2026-10-02,CNRD12,CONCESSIONARIA DA RODOVIA MS 306 S.A.,CONCESSIONARIA DA RODOVIA MS 306 S.A.,Isolada (a identificar),,IPCA_MAIS,S,Real,N,CONCESSIONARIA DA RODOVIA MS 306 S.A.,36128741000108,8.6505,0.0853,1006.779093,2043-05-15,2035-05-15,113.04999999999995,6.8392,ok,,,34,6.839173997285988,-0.000380201105570939,6.294654877139072,62.9069209087773,6.622474338447115,3.2275923019763786,-3.0702689306848385,-5.992507166744431,-11.426990648047731,6.609189481682959,3.2259610897055078,-3.0686937874335642,-5.980120272595185,-11.331171336102598,10.06790777326742,20.13581554653484,corrigido IPCA,0.9677353963339735,126.74800953516828,6.296149502315163,383.1375060091105,383.1375060091105
2026-10-02,COCE18,COMPANHIA ENERGÉTICA DO CEARÁ - COELCE,COMPANHIA ENERGETICA DO CEARA-COELCE,Enel,CVM FRE,IPCA_MAIS,S,Quirografária,N,COMPANHIA ENERGETICA DO CEARA-COELCE,07047251000170,9.2062,0.1267,1100.500525,2032-05-15,2031-05-15,164.29000000000008,3.8892,ok,,,12,3.8891817457061286,-0.00046935857944022043,3.561319545690747,17.74716181519178,3.6518870596334185,1.8030706371191974,-1.7586987317774638,-3.474351397787212,-6.781593048871882,3.6500553547667063,1.8028437251143632,-1.758475820576384,-3.472583736614788,-6.767695855077658,22.87731218024374,45.75462436048748,corrigido IPCA,0.9181117931520368,162.94683804074208,6.071145923389731,426.68617497242377,426.68617497242377
2026-10-02,COCEB2,COMPANHIA ENERGÉTICA DO CEARÁ - COELCE,COMPANHIA ENERGETICA DO CEARA-COELCE,Enel,CVM FRE,IPCA_MAIS,S,Quirografária,N,COMPANHIA ENERGETICA DO CEARA-COELCE,07047251000170,9.2995,0.0859,1041.967283,2030-05-15,2030-08-15,168.71999999999997,3.0828,ok,,,8,3.082846886408815,0.0015209033610680423,2.8205498528436226,11.373907449314459,2.878382480844688,1.4246117969794359,-1.3961752660888171,-2.76461519758604,-5.420992297021165,2.877419390090195,1.4244923107334546,-1.3960575421101682,-2.7636803155970506,-5.4136215567009565,31.005462256356065,62.01092451271213,corrigido IPCA,0.9898103899154176,174.90490400902718,5.981855982680084,438.87841062442186,438.87841062442186
2026-10-02,COMR14,COMERC PARTICIPACOES S.A.,COMERC ENERGIA S.A.,Isolada (a identificar),,IPCA_MAIS,S,Quirografária,N,COMERC ENERGIA S.A.,25369840000157,9.6001,0.1241,1025.817204,2038-11-15,2032-08-15,204.01,5.004,ok,,,25,5.004028590494632,0.0005713528103960647,4.565715351075986,34.807809421535865,4.7454499596074395,2.3270694243545886,-2.240030726566311,-4.397064858481203,-8.477242221991322,4.739754398183665,2.326367437314913,-2.2393479137610734,-4.391676303968308,-8.435274513721255,23.38690685218991,46.77381370437982,corrigido IPCA,0.9519674909144658,213.55591925845525,6.172426701395151,485.6388847520007,485.6388847520007
2026-10-02,COMR15,COMERC PARTICIPACOES S.A.,COMERC ENERGIA S.A.,Isolada (a identificar),,IPCA_MAIS,S,Real,N,COMERC ENERGIA S.A.,25369840000157,9.5666,0.1382,926.743668,2040-04-15,2033-05-15,203.5499999999999,5.3388,ok,,,28,5.338842727351508,0.000800317515330292,4.872691794170403,40.496700234084905,5.082418802719602,2.4878584146341476,-2.3865901855717464,-4.677027807272838,-8.988440176938607,5.075175295340827,2.4869667723778077,-2.385725021792595,-4.670208292999979,-8.935449583659109,21.826735385104694,43.65347077020939,corrigido IPCA,0.9172335892046998,212.70990880905677,6.198065190420832,484.28089637756426,484.28089637756426
2026-10-02,COMT11,CONCESSIONARIA DE RODOVIA SUL - MATOGROSSENSE S.A,CONCESSIONARIA DE RODOVIA SUL - MATOGROSSENSE S.A,Motiva (ex-CCR),CVM FRE,IPCA_MAIS,S,Quirografária,S,CONCESSIONARIA DE RODOVIA SUL - MATOGROSSENSE S.A,19642306000170,7.7105,0.0543,1044.668682,2030-12-15,2030-08-15,9.81999999999994,3.5912,ok,,,9,3.5912238041151205,0.0006628457095225505,3.334144585825078,15.358975858594269,3.4123995691101916,1.6864520168265562,-1.648051628576186,-3.258762611575894,-6.372232355802576,3.4109394651180494,1.6862710127357818,-1.6478735730892962,-3.2573497065321066,-6.3611096544782715,2.0283073258879853,4.056614651775971,corrigido IPCA,1.008709792418789,13.525339777997539,6.039316430984232,250.34554585282567,250.34554585282567
2026-10-02,CONF11,CONFLUENCIA ENERGIA S/A,CONFLUENCIA ENERGIA S/A,Isolada (a identificar),,IPCA_MAIS,S,Real,N,CONFLUENCIA ENERGIA S/A,05104205000130,8.07,0.1351,1146.936498,2041-11-15,2035-05-15,55.00000000000007,6.0814,ok,,,31,6.0814074231526565,0.00012206321991838018,5.627285484549511,52.74993050324269,5.901609635039917,2.8808796429717676,-2.748962143956568,-5.373426951226412,-10.276198060759556,5.891035137065725,2.879580155403809,-2.747705329145702,-5.363535832033298,-10.19957235903417,5.92656680448564,11.85313360897128,corrigido IPCA,0.941696382115193,66.70096670419005,6.249399714304449,312.36915284105515,312.36915284105515
2026-10-02,CONX12,TRIPLE PLAY BRASIL PARTICIPACOES S.A.,ALARES INTERNET PARTICIPACOES S/A,Alares Internet,CVM FRE,IPCA_MAIS,S,Real,N,ALARES INTERNET PARTICIPACOES S/A,23438929000100,14.3931,0.4711,818.412454,2029-08-15,2028-08-15,704.3000000000001,1.6835,ok,,,6,1.6834923600429266,-0.0004538139039753039,1.4716729943002913,3.9708475694997887,1.4917775056178195,0.7408311556605263,-0.7309036728373797,-1.452063205913423,-2.865862107345707,1.4915272321477901,0.7408000566120204,-0.7308729376882709,-1.4518187564527925,-2.863929037210587,244.41880463781214,488.8376092756243,corrigido IPCA,0.9109216548423074,719.4091081692538,5.944940871300086,1073.488351018749,1073.488351018749
2026-10-02,CPFGA2,CPFL TRANSMISSAO S.A,CPFL COMERCIALIZACAO BRASIL S/A,CPFL,inferido,IPCA_MAIS,S,Quirografária,N,CPFL COMERCIALIZACAO BRASIL S/A,04973790000142,7.5587,0.0578,1171.644936,2031-05-15,2030-08-15,-5.360000000000031,3.1652,ok,,,10,3.1651853806115593,-0.0004618788209502568,2.942751614338551,12.548926918166552,3.006635607674979,1.487203238423196,-1.4558286785615326,-2.8811104415280675,-5.643214991056588,3.0054962489293837,1.4870619658169837,-1.4556896485215676,-2.880006979747719,-5.634524690313771,0.1692551459359494,0.3385102918718988,corrigido IPCA,0.9774652592706345,0.9961517078762444,5.991248667264082,234.39111198457715,234.39111198457715
2026-10-02,CPFPA2,COMPANHIA PIRATININGA DE FORÇA E LUZ,COMPANHIA PIRATININGA DE FORCA E LUZ,CPFL,CVM FRE,IPCA_MAIS,S,Quirografária,N,COMPANHIA PIRATININGA DE FORCA E LUZ,04172213000151,7.6499,0.0247,1233.219665,2031-05-15,2030-08-15,3.759999999999941,3.2502,ok,,,10,3.2501595656207085,-0.0012440581900026216,3.01919422648856,12.952808453361286,3.0851375419529647,1.525934343798463,-1.4935499986279521,-2.9555722527425,-5.788326430985835,3.083958268755367,1.5257881238109818,-1.4934061026775785,-2.9544301842217537,-5.779332283909895,1.534436936628013,3.068873873256026,corrigido IPCA,0.9167068880774971,9.265526279956179,6.000958674099244,244.37923046433934,244.37923046433934
2026-10-02,CPFPA5,COMPANHIA PIRATININGA DE FORÇA E LUZ,COMPANHIA PIRATININGA DE FORCA E LUZ,CPFL,CVM FRE,IPCA_MAIS,S,Quirografária,N,COMPANHIA PIRATININGA DE FORCA E LUZ,04172213000151,7.6292,0.0322,1098.448171,2033-10-15,2032-08-15,6.920000000000037,4.9056,ok,,,15,4.905636851062193,0.0007512039749035058,4.557905151262104,28.344170190440785,4.703183753452644,2.3148227819656864,-2.2439531766736853,-4.419595094177586,-8.575657580003037,4.699626002214307,2.314382788369103,-2.243522362893001,-4.4161843003099,-8.548926898715392,0.6323987539966704,1.264797507993341,corrigido IPCA,0.9618398825153446,5.76482707698632,6.164531217593594,243.06529270256928,243.06529270256928
2026-10-02,CPFPA7,COMPANHIA PIRATININGA DE FORÇA E LUZ,COMPANHIA PIRATININGA DE FORCA E LUZ,CPFL,CVM FRE,IPCA_MAIS,S,Quirografária,N,COMPANHIA PIRATININGA DE FORCA E LUZ,04172213000151,7.7258,0.0975,1063.903685,2034-04-15,2033-05-15,19.46999999999992,5.2221,ok,,,16,5.222153698773644,0.0010282984554814266,4.847635105771917,32.004236317886814,5.011898545388815,2.4643472191666627,-2.384325158708367,-4.691672564086069,-9.086962030576839,5.0076562873613515,2.463822848283317,-2.3838122574886,-4.687613924182483,-9.0551854851861,1.7025861164214995,3.405172232842999,corrigido IPCA,0.9560947191950777,16.507032457129466,6.189333840124167,255.89154233969757,255.89154233969757
2026-10-02,CPFPA9,COMPANHIA PIRATININGA DE FORÇA E LUZ,COMPANHIA PIRATININGA DE FORCA E LUZ,CPFL,CVM FRE,IPCA_MAIS,S,Quirografária,N,COMPANHIA PIRATININGA DE FORCA E LUZ,04172213000151,7.6936,0.1153,1080.830459,2035-02-15,2033-05-15,16.249999999999964,5.6907,ok,,,17,5.690715911741454,0.0002796095639237866,5.284172793686397,37.7863445362603,5.4785127802307265,2.6899872899568633,-2.5955057989755947,-5.100399113131182,-9.852942764637284,5.473104516367699,2.689319327513524,-2.5948534661728733,-5.095241071005096,-9.812618696647588,1.487718648607444,2.975437297214888,corrigido IPCA,1.0105505919987305,15.722724815262698,6.223224392021853,255.09315186293688,255.09315186293688
2026-10-02,CPFPB0,COMPANHIA PIRATININGA DE FORÇA E LUZ,COMPANHIA PIRATININGA DE FORCA E LUZ,CPFL,CVM FRE,IPCA_MAIS,S,Quirografária,N,COMPANHIA PIRATININGA DE FORCA E LUZ,04172213000151,7.7027,0.0625,1035.863226,2035-05-15,2033-05-15,17.159999999999975,5.8252,ok,,,18,5.82525068295653,0.0008700638009050935,5.408639414756111,39.919516841657405,5.614109528121847,2.7549441958920617,-2.655128037201482,-5.214636324235999,-10.062601044685271,5.608236998964398,2.7542191034301275,-2.6544203113259837,-5.209041830547824,-10.018888492679075,1.601987417573248,3.203974835146496,corrigido IPCA,0.9837796256596691,17.32914457726005,6.232428229753628,256.9805715720731,256.9805715720731
2026-10-02,CPFPB1,COMPANHIA PIRATININGA DE FORÇA E LUZ,COMPANHIA PIRATININGA DE FORCA E LUZ,CPFL,CVM FRE,IPCA_MAIS,S,Quirografária,S,COMPANHIA PIRATININGA DE FORCA E LUZ,04172213000151,7.8757,0.1053,989.007727,2035-09-15,2035-05-15,35.57000000000006,6.155,ok,,,18,6.155016858313647,0.000273896241208694,5.705656471581317,43.48302615925506,5.929666437771686,2.907996014929548,-2.799268420418799,-5.494515508825215,-10.590644320785037,5.9230716023775924,2.9071820184897277,-2.79847445309159,-5.488241340785042,-10.541652419977535,3.122029988034159,6.244059976068318,corrigido IPCA,0.9484334710339495,35.62646121139608,6.254153733027379,278.6363643382237,278.6363643382237
2026-10-02,CPFPB7,COMPANHIA PIRATININGA DE FORÇA E LUZ,COMPANHIA PIRATININGA DE FORCA E LUZ,CPFL,CVM FRE,IPCA_MAIS,S,Quirografária,N,COMPANHIA PIRATININGA DE FORCA E LUZ,04172213000151,7.9423,0.0846,1013.010427,2039-04-15,2037-05-15,44.32000000000001,7.8592,ok,,,26,7.859260754130548,0.0007730319949579535,7.28098322356532,74.50588001270933,7.668623464913371,3.7354818096898113,-3.5491577104990624,-6.922613486026918,-13.181627363811133,7.653512623628867,3.7336239617985463,-3.5473592617667733,-6.908453823501773,-13.071848846876453,3.7898849827099204,7.579769965419841,corrigido IPCA,0.9105230789632133,55.18817795670615,6.353241913809193,300.48892543798894,300.48892543798894
2026-10-02,CPGS16,COMPANHIA PARANAENSE DE GAS COMPAGAS,COMPANHIA PARANAENSE DE GAS COMPAGAS,Isolada (a identificar),,IPCA_MAIS,S,Quirografária,S,COMPANHIA PARANAENSE DE GAS COMPAGAS,00535681000192,,,,2041-02-15,2040-08-15,,,sem taxa indicativa,,,,,,,,,,,,,,,,,,,,,,,,,
2026-10-02,CPGT27,COPEL GERAÇÃO E TRANSMISSÃO S/A,COPEL GERACAO E TRANSMISSAO S.A.,Copel,CVM FRE,IPCA_MAIS,S,Quirografária,N,COPEL GERACAO E TRANSMISSAO S.A.,04370282000170,7.6263,0.0659,1229.199272,2031-10-15,2030-08-15,1.3999999999999346,3.4996,ok,,,11,3.49968047931023,0.0022996716833297653,3.251696359821187,15.013158524431763,3.3282164814262494,1.6447948735622164,-1.607258959151614,-3.178036584540167,-6.214193168017013,3.326762152443346,1.6446146280661333,-1.6070817317550539,-3.1766305671990285,-6.203129549153739,0.862756936736051,1.725513873472102,corrigido IPCA,0.9636842919138299,5.61084718119019,6.029179583023114,240.75941405390634,240.75941405390634
2026-10-02,CPGT28,COPEL GERAÇÃO E TRANSMISSÃO S/A,COPEL GERACAO E TRANSMISSAO S.A.,Copel,CVM FRE,IPCA_MAIS,S,Quirografária,N,COPEL GERACAO E TRANSMISSAO S.A.,04370282000170,7.7714,0.0843,1139.943704,2035-01-15,2033-05-15,24.02999999999995,5.7051,ok,,,17,5.705145366695284,0.0007951954441462582,5.293747104236638,37.80940394293607,5.488194991579931,2.694802367614235,-2.6002632721163876,-5.109851430700807,-9.871579205442915,5.482794123951319,2.6941353070469893,-2.599611797189649,-5.104700084521958,-9.831306129614555,2.2018034404002513,4.403606880800503,corrigido IPCA,0.9646375724145627,23.311581173434195,6.224221806860797,264.054117352818,264.054117352818
2026-10-02,CPGTA1,COPEL GERAÇÃO E TRANSMISSÃO S/A,COPEL GERACAO E TRANSMISSAO S.A.,Copel,CVM FRE,IPCA_MAIS,S,Quirografária,N,COPEL GERACAO E TRANSMISSAO S.A.,04370282000170,7.8633,0.0658,1007.193465,2038-01-15,2035-05-15,34.33000000000001,6.6264,ok,,,23,6.626431256006221,0.00047168909544487397,6.14336039784266,53.008076864829185,6.4176687730071125,3.1390819949643767,-3.006529482152509,-5.887070492811953,-11.294643160534823,6.408400782166806,3.1379402950023665,-3.0054201028402936,-5.878320013518514,-11.226559258388736,3.242146426391587,6.484292852783174,corrigido IPCA,0.973690311810625,39.83534791980235,6.283474855511084,282.8052266093028,282.8052266093028
2026-10-02,CPGTC0,COPEL GERAÇÃO E TRANSMISSÃO S/A,COPEL GERACAO E TRANSMISSAO S.A.,Copel,CVM FRE,IPCA_MAIS,S,Quirografária,N,COPEL GERACAO E TRANSMISSAO S.A.,04370282000170,7.6692,0.1414,1065.872422,2037-02-15,2035-05-15,14.920000000000044,6.1525,ok,,,21,6.1525362777383155,0.0005896422318667912,5.714295525311153,45.729594166869596,5.95039668155366,2.9152287194935678,-2.8008802778091924,-5.4927091684646046,-10.56903322091971,5.942943496145501,2.914309755364163,-2.7999857699469897,-5.485647554476804,-10.513999167284913,1.541000691017007,3.082001382034014,corrigido IPCA,0.9987293417506677,17.611466706359753,6.253994366549498,256.79602276595193,256.79602276595193
2026-10-02,CPIS13,EQUATORIAL PIAUI DISTRIBUIDORA DE ENERGIA S.A,EQUATORIAL PIAUI DISTRIBUIDORA DE ENERGIA S.A.,Equatorial,inferido,IPCA_MAIS,S,Quirografária,N,EQUATORIAL PIAUI DISTRIBUIDORA DE ENERGIA S.A.,06840748000189,8.242,0.1183,1010.273299,2036-09-15,2035-05-15,72.20000000000013,6.4073,ok,,,20,6.407309192125338,0.00014346332054598372,5.919429788922357,47.334839850957245,6.1636746475877136,3.0198172347033037,-2.9014559265289175,-5.689938654094995,-10.948180220161818,6.1561039881771435,3.0188834442748753,-2.900546344647482,-5.682755589667571,-10.892162780825569,6.2738595967517705,12.547719193503541,corrigido IPCA,0.9206349866478301,74.27534277705767,6.270073903964479,323.9072441697141,323.9072441697141
2026-10-02,CPIS14,EQUATORIAL PIAUI DISTRIBUIDORA DE ENERGIA S.A,EQUATORIAL PIAUI DISTRIBUIDORA DE ENERGIA S.A.,Equatorial,inferido,IPCA_MAIS,S,Quirografária,N,EQUATORIAL PIAUI DISTRIBUIDORA DE ENERGIA S.A.,06840748000189,8.2253,0.0911,997.884245,2037-08-15,2035-05-15,70.53000000000011,6.7683,ok,,,22,6.768269896645047,-0.00044476980856039076,6.253870302641848,53.80963424344145,6.532178169293523,3.1953382474232406,-3.0607825612662953,-5.993575856450373,-11.49969703590813,6.522918473859055,3.1941971941252256,-3.0596731085166224,-5.98482213142464,-11.431547920414866,6.056699933227434,12.113399866454868,corrigido IPCA,0.9534044613195182,75.75563168884781,6.2919598089330675,325.3655225821574,325.3655225821574
2026-10-02,CPIS15,EQUATORIAL PIAUI DISTRIBUIDORA DE ENERGIA S.A,EQUATORIAL PIAUI DISTRIBUIDORA DE ENERGIA S.A.,Equatorial,inferido,IPCA_MAIS,S,Quirografária,N,EQUATORIAL PIAUI DISTRIBUIDORA DE ENERGIA S.A.,06840748000189,8.2946,0.0884,976.749316,2037-09-15,2035-05-15,77.46000000000012,6.865,ok,,,22,6.864984804377013,-0.00022134920593536487,6.339175549267473,54.94208665937093,6.623402736368278,3.2394380162229286,-3.1020501413493773,-6.07345896412661,-11.649517253098296,6.613885982564327,3.23826538295795,-3.100910166309523,-6.064465115970618,-11.579509365347528,6.54110989387266,13.08221978774532,corrigido IPCA,0.9352521026309972,82.93048780861824,6.297666400967206,333.8300304315117,333.8300304315117
2026-10-02,CPIS16,EQUATORIAL PIAUI DISTRIBUIDORA DE ENERGIA S.A,EQUATORIAL PIAUI DISTRIBUIDORA DE ENERGIA S.A.,Equatorial,inferido,IPCA_MAIS,S,Quirografária,S,EQUATORIAL PIAUI DISTRIBUIDORA DE ENERGIA S.A.,06840748000189,8.2934,0.1943,933.649479,2038-01-15,2035-05-15,77.34000000000006,7.0567,ok,,,23,7.056700124635128,1.7661956437993218e-06,6.516279038828892,58.35279148995785,6.818453806168812,3.3323628166784136,-3.186444203245631,-6.2343393017906035,-11.941920306921727,6.808042996278682,3.3310805087768935,-3.185198530051999,-6.224515081379104,-11.865502247858629,6.4582510519713905,12.916502103942781,corrigido IPCA,0.9043514874080224,84.16753191491162,6.308801861315438,335.19548842115677,335.19548842115677
2026-10-02,CPJG18,COMPANHIA JAGUARI DE ENERGIA,COMPANHIA JAGUARI DE ENERGIA,Isolada (a identificar),,IPCA_MAIS,S,Quirografária,N,COMPANHIA JAGUARI DE ENERGIA,53859112000169,7.7628,0.2122,950.150954,2036-03-15,2035-05-15,24.28000000000008,6.5135,ok,,,19,6.513563499795108,0.0009748951425245248,6.044352503642359,48.567983060099905,6.294929355990186,3.0838406503642,-2.962396173192694,-5.808856955597619,-11.174633363936891,6.287192418942858,3.0828862306463045,-2.961466272996055,-5.8015125883418595,-11.11734534608272,2.152804665829138,4.305609331658276,corrigido IPCA,0.9261976869679946,26.024620543514608,6.276618520676136,267.3473414270241,267.3473414270241
2026-10-02,CPLD15,COPEL DISTRIBUICAO S/A,COPEL  DISTRIBUICAO S/A,Copel,CVM FRE,IPCA_MAIS,S,Quirografária,N,COPEL  DISTRIBUICAO S/A,04368898000106,5.6527,0.0444,982.706621,2027-11-15,2027-05-15,4.269999999999996,0.5908,ok,,,3,0.5907779086710061,-0.003739222917042916,0.5591697218064527,1.0581569909962734,0.5645118122689974,0.2809139393636251,-0.278268485851374,-0.5539292656442152,-1.097575137485185,0.5644605067614341,0.28090755714197174,-0.27826216466448106,-0.5538789368514714,-1.09717630379298,-63.54906547616622,-127.09813095233244,corrigido IPCA,1.0078275624525586,-71.06942652673584,7.265267442872569,148.82922640213576,148.82922640213576
2026-10-02,CPLD26,COPEL DISTRIBUICAO S/A,COPEL  DISTRIBUICAO S/A,Copel,CVM FRE,IPCA_MAIS,S,Quirografária,N,COPEL  DISTRIBUICAO S/A,04368898000106,7.6528,0.0717,1231.844923,2031-06-15,2030-08-15,4.049999999999976,3.3115,ok,,,10,3.311491213793241,-0.00026532407546541397,3.0760846107051942,13.38962924216524,3.1442668477052793,1.5549323459650433,-1.5214558156711133,-3.0103312229954104,-5.893784227962806,3.143032756916021,1.5547793419053035,-1.5213052687998905,-3.009136464494368,-5.884376636567083,1.5227962038283733,3.0455924076567467,corrigido IPCA,0.9270290501877632,9.3684999356735,6.007951957813695,244.6545624695174,244.6545624695174
2026-10-02,CPLD29,COPEL DISTRIBUICAO S/A,COPEL  DISTRIBUICAO S/A,Copel,CVM FRE,IPCA_MAIS,S,Quirografária,N,COPEL  DISTRIBUICAO S/A,04368898000106,7.723,0.167,1052.276827,2036-05-15,2033-05-15,19.18999999999995,5.5774,ok,,,20,5.57743321773551,0.0005955774287265394,5.177569523440222,38.08943120885164,5.373768862236394,2.6371064136331723,-2.5418651371689305,-4.992591192410078,-9.636040997736428,5.36801667948448,2.6363965507311757,-2.5411729727090466,-4.987122367395965,-9.593350422703411,1.9644564491238206,3.928912898247641,corrigido IPCA,0.9492954441686455,20.34221968221818,6.215304161150015,259.92926002744434,259.92926002744434
2026-10-02,CPLD37,COPEL DISTRIBUICAO S/A,COPEL  DISTRIBUICAO S/A,Copel,CVM FRE,IPCA_MAIS,S,Quirografária,N,COPEL  DISTRIBUICAO S/A,04368898000106,7.6639,0.031,1158.408893,2032-05-15,2031-05-15,10.060000000000002,3.9223,ok,,,12,3.922326001772242,0.000662921557300316,3.6431208620273297,18.470984191204284,3.737413853069249,1.844889215352996,-1.7987074560884664,-3.5526351977709814,-6.931514015797946,3.735475782983351,1.84464916125267,-1.7984717007746596,-3.5507659410713086,-6.916822040230573,1.173079672430369,2.346159344860738,corrigido IPCA,0.9688983208001409,8.547342054902526,6.074564325517029,245.08656424422188,245.08656424422188
2026-10-02,CPLDA1,COPEL DISTRIBUICAO S/A,COPEL  DISTRIBUICAO S/A,Copel,CVM FRE,IPCA_MAIS,S,Quirografária,N,COPEL  DISTRIBUICAO S/A,04368898000106,7.9083,0.0613,1004.414462,2038-01-15,2035-05-15,38.83000000000001,6.6217,ok,,,23,6.62178515435931,0.0012859893880809686,6.136492887349083,52.91162307959038,6.4102965710291615,3.1355249192472012,-3.0032136356934025,-5.8806643466039255,-11.282675537657383,6.401051002747035,3.1343859725240293,-3.0021069148250534,-5.871934771951131,-11.214753313106359,3.6122174799228004,7.224434959845601,corrigido IPCA,0.9710037509688743,44.33269374620859,6.283194493214905,288.09273901807995,288.09273901807995
2026-10-02,CPLDC0,COPEL DISTRIBUICAO S/A,COPEL  DISTRIBUICAO S/A,Copel,CVM FRE,IPCA_MAIS,S,Quirografária,N,COPEL  DISTRIBUICAO S/A,04368898000106,7.8205,0.0839,1010.375783,2037-07-15,2035-05-15,30.050000000000043,6.3968,ok,,,22,6.396799731208541,-4.201967521640336e-06,5.9328232861177055,49.26906301150756,6.187469185566519,3.0290210014139785,-2.9058203291774554,-5.694330003114811,-10.941413590881732,6.179168601175243,3.027997971823237,-2.9048253142944684,-5.686477971060168,-10.880265312005259,2.866245106263867,5.732490212527734,corrigido IPCA,0.9636950648020174,34.00985142032638,6.269421645942241,276.0597698819372,276.0597698819372
2026-10-02,CRCF12,CONCESSIONARIA RODOVIAS DO CAFE SPE S.A.,CONCESSIONARIA RODOVIAS DO CAFE SPE S.A.,EPR,CVM FRE,IPCA_MAIS,S,Real,N,CONCESSIONARIA RODOVIAS DO CAFE SPE S.A.,51742485000120,8.914,0.0957,1167.246661,2041-03-15,2037-05-15,141.48999999999995,7.4794,fluxo divergente da ANBIMA,,,29,6.659820025866278,-10.95783049621256,6.114751111763665,63.0165081710669,6.443429481341401,3.137815381510456,-2.9802163236895995,-5.8123389292199175,-11.067157358363245,6.429833652618999,3.1361461910956665,-2.978604920667999,-5.799668570908331,-10.969172060105992,12.780558600432053,25.561117200864107,corrigido IPCA,1.1017373250892442,156.29986982190516,6.285485040513605,417.5237430340192,417.5237430340192
2026-10-02,CRMG15,CONCESSIONÁRIA DA RODOVIA MG-050 S/A,CONCESSIONARIA DA RODOVIA MG-050 S.A.,Isolada (a identificar),,IPCA_MAIS,S,Real,N,CONCESSIONARIA DA RODOVIA MG-050 S.A.,08822767000108,6.9013,0.1984,845.688354,2030-12-15,2029-05-15,-50.87000000000002,2.4787,ok,,,9,2.4786798239080094,-0.000813978778813639,2.318662003088839,9.197965334050208,2.365446634080559,1.1709270391952797,-1.1479306205247952,-2.273442884392174,-4.459438000729876,2.36465182975909,1.1708284582119821,-1.1478335448768568,-2.2726721764185878,-4.453364699496674,-12.245065647129218,-24.490131294258436,corrigido IPCA,0.9961103844913357,-56.784336882653925,5.920144239880276,164.22876652010956,164.22876652010956
2026-10-02,CRNP13,CONCESSIONARIA DE RODOVIAS NOROESTE PAULISTA S.A.,CONCESSIONARIA DE RODOVIAS NOROESTE PAULISTA S.A.,EcoRodovias,CVM FRE,IPCA_MAIS,S,Real,N,CONCESSIONARIA DE RODOVIAS NOROESTE PAULISTA S.A.,49314049000108,8.8743,0.1413,1031.302772,2047-12-15,2040-08-15,160.32999999999998,8.4188,ok,,,43,8.418831502866162,0.00037419663328294673,7.732615964342514,96.17405706626037,8.239118647188693,3.989658861686851,-3.749090251292553,-7.275239845269999,-13.722068202290316,8.213486249673815,3.9865255535040824,-3.746090410838431,-7.251745679011212,-13.541750787359819,10.287771755318905,20.57554351063781,corrigido IPCA,0.9855401169292234,159.10277622538194,6.3825177136277444,419.47875589853885,419.47875589853885
2026-10-02,CRNP23,CONCESSIONARIA DE RODOVIAS NOROESTE PAULISTA S.A.,CONCESSIONARIA DE RODOVIAS NOROESTE PAULISTA S.A.,EcoRodovias,CVM FRE,IPCA_MAIS,S,Real,N,CONCESSIONARIA DE RODOVIAS NOROESTE PAULISTA S.A.,49314049000108,8.8184,0.1562,1035.776153,2047-12-15,2040-08-15,154.74000000000007,8.4367,ok,,,43,8.43666721044681,-0.00038865377683183403,7.752978549994127,96.58162364362606,8.26165929705831,4.000366686000012,-3.7587783061056146,-7.293691157953308,-13.755606414091769,8.235886668212258,3.9972163045515963,-3.755762245442531,-7.270070431775998,-13.574324627115733,9.903222295860704,19.80644459172141,corrigido IPCA,0.9898149972610153,153.5589400712633,6.383430928967004,412.96740446389924,412.96740446389924
2026-10-02,CRTA12,CONCESSIONARIA ROTA DO OESTE S.A.,CONCESSIONARIA ROTA DO OESTE S.A.,Isolada (a identificar),,IPCA_MAIS,S,Real,S,CONCESSIONARIA ROTA DO OESTE S.A.,19521322000104,8.9566,0.2895,1014.024761,2043-12-15,2037-05-15,145.74999999999994,7.8008,ok,,,35,7.80076323476,-0.0004713008922156511,7.159514187079993,78.36271660679223,7.569198638147245,3.6799022442393747,-3.483915348201083,-6.784288486229473,-12.879820209701876,7.551327770113954,3.6777104892984873,-3.481803697781506,-6.767700604046032,-12.751774042024142,11.255587519979473,22.511175039958946,corrigido IPCA,0.9344598832514696,161.1690770664271,6.350107182143372,423.48669522962666,423.48669522962666
2026-10-02,CRTR12,CONCESSIONARIA RODOVIAS DO TRIANGULO SPE S.A.,EPR TRIANGULO S.A,EPR,CVM FRE,IPCA_MAIS,S,Real,N,EPR TRIANGULO S.A,48127012000108,8.9173,0.1693,1006.564055,2041-08-15,2035-05-15,139.72999999999996,6.5388,ok,,,30,6.538801386885494,2.1210091967325433e-05,6.003455270086106,55.76369239152666,6.293266545419907,3.0727835287498007,-2.933330641308929,-5.734930502980895,-10.971421880738564,6.2822737320437385,3.0714322505324616,-2.9320230195536445,-5.724636808128473,-10.89163669234168,12.522309559845555,25.04461911969111,corrigido IPCA,0.914665543122924,150.35425064140884,6.278159992840782,411.301014788529,411.301014788529
2026-10-02,CSAN33,COSAN S.A.,COSAN S.A.,Rumo,CVM FRE,IPCA_MAIS,N,Quirografária,S,COSAN S.A.,50746577000115,10.1103,0.1144,1155.814329,2031-08-15,2030-08-15,249.8,3.4048,ok,,,10,3.4048327124622353,0.0009607748541900384,3.092201830766273,13.475054532107576,3.1608169111887463,1.5630984516595392,-1.5294083567849337,-3.0260270112072996,-5.924355592085629,3.1595771034268103,1.562944733548271,-1.529257097218002,-3.024826558105735,-5.914902570890394,41.22682962842136,82.45365925684273,corrigido IPCA,0.8770185618727973,254.96335610738754,6.018535517773471,,254.96335610738754
2026-10-02,CSMGA6,CIA DE SANEAMENTO DE M.GERAIS COPASA MG,COMPANHIA DE SANEAMENTO DE MINAS GERAIS COPASA MG,Copasa,inferido,IPCA_MAIS,S,Quirografária,N,COMPANHIA DE SANEAMENTO DE MINAS GERAIS COPASA MG,17281106000103,7.2514,0.0454,772.183747,2031-09-15,2029-05-15,-15.859999999999985,2.7014,ok,,,5,2.7014024459032897,9.054206299262827e-05,2.5187572804674714,10.370794026265834,2.571558845630939,1.2724596082560824,-1.2465307206294574,-2.467820450155833,-4.837319363697102,2.5706112505988004,1.272342132766568,-1.2464151477009033,-2.4669033103361424,-4.830098680409626,-4.089438307383743,-8.178876614767486,corrigido IPCA,0.9520817452361213,-20.60060501949075,5.940312179418461,206.9918796230621,206.9918796230621
2026-10-02,CSMGB8,CIA DE SANEAMENTO DE M.GERAIS COPASA MG,COMPANHIA DE SANEAMENTO DE MINAS GERAIS COPASA MG,Copasa,inferido,IPCA_MAIS,N,Quirografária,S,COMPANHIA DE SANEAMENTO DE MINAS GERAIS COPASA MG,17281106000103,7.9021,0.0745,1067.211152,2030-09-15,2028-08-15,55.19999999999996,1.8767,ok,,,16,1.8767627916630714,0.0033458551218269596,1.7393199869725162,5.742063119669245,1.7684648393519353,0.8768915101920349,-0.8625356090693814,-1.7110323103460279,-3.367134058445953,1.7680303025708624,0.8768375723858446,-0.8624824145866716,-1.7106096713741699,-3.3637987115516474,17.313481562571702,34.626963125143405,corrigido IPCA,0.9895544310279998,60.22736905172223,5.914498730247364,,60.22736905172223
2026-10-02,CSMGB9,CIA DE SANEAMENTO DE M.GERAIS COPASA MG,COMPANHIA DE SANEAMENTO DE MINAS GERAIS COPASA MG,Copasa,inferido,IPCA_MAIS,N,Quirografária,S,COMPANHIA DE SANEAMENTO DE MINAS GERAIS COPASA MG,17281106000103,8.6789,0.0835,1071.475704,2034-07-15,2030-08-15,106.66000000000003,3.4795,ok,,,32,3.4795318426542923,0.0009151502886178386,3.2016627355027447,16.973488142352497,3.2884973776899473,1.6222916178190605,-1.5798530181770354,-3.1186843842393563,-6.078672734215196,3.2865301762145074,1.6220482279293131,-1.579614507573432,-3.1167952947909825,-6.0638557081584405,18.32350584899678,36.64701169799356,corrigido IPCA,0.9703814114145863,117.33137172099916,6.026929520190771,,117.33137172099916
2026-10-02,CSMGC0,CIA DE SANEAMENTO DE M.GERAIS COPASA MG,COMPANHIA DE SANEAMENTO DE MINAS GERAIS COPASA MG,Copasa,inferido,IPCA_MAIS,N,Quirografária,S,COMPANHIA DE SANEAMENTO DE MINAS GERAIS COPASA MG,17281106000103,8.4083,0.0952,1055.991829,2035-05-15,2031-05-15,84.50000000000006,4.0593,ok,,,35,4.0580637051281565,-0.03045586361795989,3.743314584887095,21.754528111569233,3.8548108614574694,1.899187185444684,-1.8447936442922086,-3.637149980047316,-7.071966855409617,3.852087225444942,1.8988504525830092,-1.8444641323040862,-3.634541944329249,-7.051538607542806,11.732343682438152,23.464687364876305,corrigido IPCA,1.002898565099337,87.83570644275741,6.0882943716764615,,87.83570644275741
2026-10-02,CSMGE1,CIA DE SANEAMENTO DE M.GERAIS COPASA MG,COMPANHIA DE SANEAMENTO DE MINAS GERAIS COPASA MG,Copasa,inferido,IPCA_MAIS,N,Quirografária,S,COMPANHIA DE SANEAMENTO DE MINAS GERAIS COPASA MG,17281106000103,8.4271,0.0743,1056.261366,2035-10-15,2031-05-15,86.37999999999994,4.2936,ok,,,37,4.293622741435571,0.0005296589242390421,3.9599166088879727,24.06487732930406,4.08336849702331,2.0104259235511623,-1.9502551713929117,-3.8425827007663726,-7.461943566940265,4.080240995534493,2.010039401105616,-1.9498772077823565,-3.8395922222414525,-7.438535671189864,11.2823339664237,22.5646679328474,corrigido IPCA,1.0142066313522708,89.35420332132425,6.111086677608846,,89.35420332132425
2026-10-02,CSMGE2,CIA DE SANEAMENTO DE M.GERAIS COPASA MG,COMPANHIA DE SANEAMENTO DE MINAS GERAIS COPASA MG,Copasa,inferido,IPCA_MAIS,N,Quirografária,S,COMPANHIA DE SANEAMENTO DE MINAS GERAIS COPASA MG,17281106000103,8.6048,0.0784,1027.777416,2036-03-15,2032-08-15,104.47999999999995,4.5948,ok,,,38,4.594815455892033,0.0003363779061741436,4.2307664632613236,26.753510219226694,4.36812920373415,2.149269292411704,-2.082375395319902,-4.100432058514736,-7.953318742787063,4.3645340143574565,2.148825119404695,-2.081941343856628,-4.096998912165191,-7.926462722138113,12.673380955262036,25.346761910524073,corrigido IPCA,1.0026439639546163,107.23623024331476,6.13837451732604,,107.23623024331476
2026-10-02,CSNAA4,COMPANHIA SIDERÚRGICA NACIONAL,COMPANHIA SIDERURGICA NACIONAL,Siderurgica Nacional,CVM FRE,IPCA_MAIS,S,Quirografária,N,COMPANHIA SIDERURGICA NACIONAL,33042730000104,,,,2030-07-15,,,,sem taxa indicativa,,,,,,,,,,,,,,,,,,,,,,,,,
2026-10-02,CSNAA5,COMPANHIA SIDERÚRGICA NACIONAL,COMPANHIA SIDERURGICA NACIONAL,Siderurgica Nacional,CVM FRE,IPCA_MAIS,S,Quirografária,N,COMPANHIA SIDERURGICA NACIONAL,33042730000104,,,,2034-04-15,,,,sem taxa indicativa,,,,,,,,,,,,,,,,,,,,,,,,,
2026-10-02,CSNAA6,COMPANHIA SIDERÚRGICA NACIONAL,COMPANHIA SIDERURGICA NACIONAL,Siderurgica Nacional,CVM FRE,IPCA_MAIS,S,Quirografária,N,COMPANHIA SIDERURGICA NACIONAL,33042730000104,,,,2034-11-15,,,,sem taxa indicativa,,,,,,,,,,,,,,,,,,,,,,,,,
2026-10-02,CSNAB4,COMPANHIA SIDERÚRGICA NACIONAL,COMPANHIA SIDERURGICA NACIONAL,Siderurgica Nacional,CVM FRE,IPCA_MAIS,S,Quirografária,N,COMPANHIA SIDERURGICA NACIONAL,33042730000104,,,554.860828,2033-07-15,,,,sem taxa indicativa,,,,,,,,,,,,,,,,,,,,,,,,,
2026-10-02,CSNAB5,COMPANHIA SIDERÚRGICA NACIONAL,COMPANHIA SIDERURGICA NACIONAL,Siderurgica Nacional,CVM FRE,IPCA_MAIS,S,Quirografária,N,COMPANHIA SIDERURGICA NACIONAL,33042730000104,,,,2039-04-15,,,,sem taxa indicativa,,,,,,,,,,,,,,,,,,,,,,,,,
2026-10-02,CSNAB6,COMPANHIA SIDERÚRGICA NACIONAL,COMPANHIA SIDERURGICA NACIONAL,Siderurgica Nacional,CVM FRE,IPCA_MAIS,S,Quirografária,N,COMPANHIA SIDERURGICA NACIONAL,33042730000104,,,,2039-11-15,,,,sem taxa indicativa,,,,,,,,,,,,,,,,,,,,,,,,,
2026-10-02,CSNAC4,COMPANHIA SIDERÚRGICA NACIONAL,COMPANHIA SIDERURGICA NACIONAL,Siderurgica Nacional,CVM FRE,IPCA_MAIS,S,Quirografária,N,COMPANHIA SIDERURGICA NACIONAL,33042730000104,,,,2038-07-15,,,,sem taxa indicativa,,,,,,,,,,,,,,,,,,,,,,,,,
2026-10-02,CSNP12,COMPANHIA ENERGÉTICA SINOP S.A.,COMPANHIA ENERGETICA SINOP S.A,Axia (ex-Eletrobras),CVM FRE,IPCA_MAIS,S,Real,S,COMPANHIA ENERGETICA SINOP S.A,19527586000175,7.8772,0.1569,1162.410191,2032-06-15,2029-05-15,46.720000000000006,2.7514,ok,,,12,2.751467509051995,0.0024536254995734023,2.5505551766749552,11.301676731630101,2.608173871025099,1.2895422534441314,-1.261285682545188,-2.4951190187420313,-4.883509430313405,2.6070635603331063,1.2894046842520153,-1.26115049242294,-2.4940467930168047,-4.875076818717309,8.269958880534487,16.539917761068974,corrigido IPCA,1.0257488749018764,42.185972867272504,5.945416347786048,281.1233722159726,281.1233722159726
2026-10-02,CSRN29,COMPANHIA ENERGÉTICA DO R. G. N. - COSERN,COMPANHIA ENERGETICA DO RIO GRANDE DO NORTE-COSERN,Neoenergia,CVM FRE,IPCA_MAIS,S,Quirografária,N,COMPANHIA ENERGETICA DO RIO GRANDE DO NORTE-COSERN,08324196000181,7.7225,0.0683,1438.86699,2029-04-15,2028-08-15,37.23999999999998,1.4187,ok,,,6,1.4186862006235457,-0.0009726775537043919,1.31698224662772,3.5384027958209505,1.3348993784401575,0.6629420972736222,-0.6540957577276463,-1.2995100278672456,-2.5649342270440134,1.3346742606068247,0.6629141268086362,-0.6540681198190837,-1.299290232648615,-2.5631964373390206,24.231063150701875,48.46212630140375,corrigido IPCA,0.9774448937290511,63.823759972779015,6.037378727050369,301.51579455376464,301.51579455376464
2026-10-02,CSRNA1,COMPANHIA ENERGÉTICA DO R. G. N. - COSERN,COMPANHIA ENERGETICA DO RIO GRANDE DO NORTE-COSERN,Neoenergia,CVM FRE,IPCA_MAIS,S,Quirografária,N,COMPANHIA ENERGETICA DO RIO GRANDE DO NORTE-COSERN,08324196000181,7.5735,0.1779,1153.926686,2028-06-15,2028-08-15,22.339999999999982,1.5954,ok,,,4,1.5954271932115924,0.0017044760932996244,1.4831042898219289,3.663566383819621,1.5016325460817992,0.7461577624263027,-0.7369985640857113,-1.4649923628416772,-2.8945669725318757,1.501422121741027,0.746131602890739,-0.7369726869311899,-1.464786457902831,-2.8929372519674654,12.896215779499242,25.792431558998484,corrigido IPCA,1.0025621791498611,38.252865890089154,5.96793426494473,271.3734527174514,271.3734527174514
2026-10-02,CSRNA4,COMPANHIA ENERGÉTICA DO R. G. N. - COSERN,COMPANHIA ENERGETICA DO RIO GRANDE DO NORTE-COSERN,Neoenergia,CVM FRE,IPCA_MAIS,S,Quirografária,N,COMPANHIA ENERGETICA DO RIO GRANDE DO NORTE-COSERN,08324196000181,7.9492,0.1198,1025.793977,2031-03-15,2031-05-15,38.59000000000003,3.796,ok,,,5,3.7960487109381824,0.0012832175495941659,3.5165139815192537,16.901176040423074,3.602686533513788,1.7795900177260515,-1.7373336076764279,-3.4336192244800223,-6.707681204820837,3.601019861721369,1.7793834608101557,-1.737130520709098,-3.4320081013171384,-6.695004442230045,5.265382734701729,10.530765469403457,corrigido IPCA,1.0027986667464293,37.03158400925742,6.06140497495784,278.4353468107372,278.4353468107372
2026-10-02,CSRNB2,COMPANHIA ENERGÉTICA DO R. G. N. - COSERN,COMPANHIA ENERGETICA DO RIO GRANDE DO NORTE-COSERN,Neoenergia,CVM FRE,IPCA_MAIS,S,Quirografária,N,COMPANHIA ENERGETICA DO RIO GRANDE DO NORTE-COSERN,08324196000181,8.0443,0.0665,1014.437459,2034-03-15,2033-05-15,51.31999999999994,5.3142,ok,,,15,5.314205387151207,0.00010137275992231895,4.918543030174852,32.04927165324012,5.0829847330006395,2.4998517433042267,-2.41971734708748,-4.762312442139893,-9.227549046368733,5.078789388441052,2.4993331046539757,-2.419209925520876,-4.758296671908651,-9.1961006272849,4.892380297079677,9.784760594159353,corrigido IPCA,0.9087739736967071,48.12676602233203,6.196238893209172,293.244141183631,293.244141183631
2026-10-02,CSRNB3,COMPANHIA ENERGÉTICA DO R. G. N. - COSERN,COMPANHIA ENERGETICA DO RIO GRANDE DO NORTE-COSERN,Neoenergia,CVM FRE,IPCA_MAIS,S,Quirografária,N,COMPANHIA ENERGETICA DO RIO GRANDE DO NORTE-COSERN,08324196000181,8.1402,0.075,947.51456,2035-11-15,2035-05-15,62.02000000000005,6.7375,ok,,,19,6.737468351031329,-0.00046974350531642955,6.2303087575493015,52.83506467228622,6.5033177085980665,3.182287317038557,-3.0501705388884304,-5.974500882780475,-11.46911797628859,6.494484080910732,3.181198209615008,-3.0491105479342933,-5.966133434187871,-11.403916221652878,5.307106158451263,10.614212316902526,corrigido IPCA,0.9109416142696485,66.12981995248548,6.290129185075277,314.33155471219095,314.33155471219095
2026-10-02,CSRNC0,COMPANHIA ENERGÉTICA DO R. G. N. - COSERN,COMPANHIA ENERGETICA DO RIO GRANDE DO NORTE-COSERN,Neoenergia,CVM FRE,IPCA_MAIS,S,Quirografária,N,COMPANHIA ENERGETICA DO RIO GRANDE DO NORTE-COSERN,08324196000181,7.8281,0.0464,1178.087954,2029-07-15,2029-05-15,41.80999999999999,2.0995,ok,,,6,2.0995602277686114,0.0028686719986413933,1.9471364401010602,5.953302948095067,1.9773115513709083,0.9810605992840893,-0.9661767059295001,-1.9177683415532054,-3.7783548581215687,1.9769029548415356,0.9810098487356488,-0.9661265913654113,-1.9173699253605847,-3.775206821240219,11.350314454523069,22.700628909046138,corrigido IPCA,0.9906715226588743,44.20122176201531,5.903809284183925,280.9772373046831,280.9772373046831
2026-10-02,CTEE18,ISA ENERGIA BRASIL S.A.,ISA ENERGIA BRASIL S.A.,ISA,CVM FRE,IPCA_MAIS,S,Quirografária,N,ISA ENERGIA BRASIL S.A.,02998611000104,7.2887,0.1312,1364.361896,2029-12-15,2028-08-15,-6.13999999999999,2.0603,ok,,,7,2.0603425843419014,0.0020669000583230747,1.9203724011400096,6.106701650926721,1.951347014931848,0.9678743476259299,-0.9526068713289204,-1.8902684393412916,-3.722002608426922,1.9509059093946433,0.9678195776336632,-0.9525528235063465,-1.8898388928853764,-3.718610769261485,-1.6732391391822652,-3.3464782783645304,corrigido IPCA,0.9381056883512884,-6.426484526785778,5.904250395566213,221.06048276208887,221.06048276208887
2026-10-02,CTEE1B,ISA ENERGIA BRASIL S.A.,ISA ENERGIA BRASIL S.A.,ISA,CVM FRE,IPCA_MAIS,S,Quirografária,N,ISA ENERGIA BRASIL S.A.,02998611000104,7.5029,0.0976,1228.241211,2031-10-15,2031-05-15,-6.0399999999999565,4.2708,ok,,,11,4.270785721476519,-0.0003343290128732825,3.972716755991251,21.270692719492196,4.081372667847849,2.0132318892253087,-1.9600499702691065,-3.8685827058973943,-7.537458821739163,4.079070219588712,2.012946743894991,-1.9597700120962604,-3.8663632923937903,-7.520019657592658,-1.1114232673951714,-2.2228465347903428,corrigido IPCA,0.957565465598546,-8.830739674758684,6.108934032442592,225.37835430407125,225.37835430407125
2026-10-02,CTEE29,ISA ENERGIA BRASIL S.A.,ISA ENERGIA BRASIL S.A.,ISA,CVM FRE,IPCA_MAIS,S,Quirografária,N,ISA ENERGIA BRASIL S.A.,02998611000104,7.6247,0.0705,1001.13917,2044-05-15,2035-05-15,10.470000000000024,6.5173,ok,,,36,6.517275086490772,-0.0003822673381318016,6.055557029650974,62.51378913831438,6.382111250826572,3.107635953379284,-2.9512888072523835,-5.75596954067178,-10.961049547364976,6.368125975342546,3.10592075124838,-2.9496362784025942,-5.7429880839594025,-10.860838276535661,2.151789823083962,4.303579646167924,corrigido IPCA,0.8799245674041881,26.060571979015027,6.2768455234839315,263.8319436988214,263.8319436988214
2026-10-02,CTEE2B,ISA ENERGIA BRASIL S.A.,ISA ENERGIA BRASIL S.A.,ISA,CVM FRE,IPCA_MAIS,S,Quirografária,N,ISA ENERGIA BRASIL S.A.,02998611000104,7.6369,0.1228,1145.781931,2039-10-15,2037-05-15,13.779999999999948,8.2494,ok,,,27,8.249375262989842,-0.0002998643556815512,7.664077340568005,81.93959145909704,8.091094544276922,3.936591174998405,-3.731671633183964,-7.27056863492892,-13.814732539227691,8.07377529786349,3.934463159607874,-3.7296141809601315,-7.2543793832725205,-13.68936285195407,1.7383124075531091,3.4766248151062182,corrigido IPCA,0.8932782936496066,26.645121467111995,6.373782009316842,266.8010833406836,266.8010833406836
2026-10-02,CTGE11,COMPANHIA DE GERACAO E TRANSMISSAO DE ENERGIA ELETRICA DO SUL DO BRASIL ELETROSUL,AXIA ENERGIA SUL S.A.,Axia (ex-Eletrobras),CVM FRE,IPCA_MAIS,S,Quirografária,N,AXIA ENERGIA SUL S.A.,02016507000169,6.4809,0.4532,1383.950814,2028-11-15,2027-05-15,87.08999999999997,0.9506,ok,,,5,0.9506028757149345,0.00030251577261874323,0.8927449671395852,2.099274400142028,0.9033621142410686,0.44901158947714404,-0.4437632382071177,-0.8823667258875401,-1.7444392519250007,0.9032413391402955,0.44899657656997016,-0.44374839056961507,-0.882248595138875,-1.74350444627633,-21.569323848310315,-43.13864769662063,corrigido IPCA,0.9894962295997519,-38.51181062036572,6.468570095134907,183.87612967912685,183.87612967912685
2026-10-02,CTGE13,COMPANHIA DE GERACAO E TRANSMISSAO DE ENERGIA ELETRICA DO SUL DO BRASIL ELETROSUL,AXIA ENERGIA SUL S.A.,Axia (ex-Eletrobras),CVM FRE,IPCA_MAIS,S,Quirografária,N,AXIA ENERGIA SUL S.A.,02016507000169,7.4309,0.0474,1370.498834,2029-09-15,2029-05-15,2.090000000000014,2.7386,ok,,,6,2.738620799873825,0.000759507552219515,2.549192829878392,9.14443669072207,2.595617144405793,1.2861141218046601,-1.263251843281299,-2.5041537800877034,-4.92088885168942,2.594915013332002,1.2860269608025985,-1.2631658690757934,-2.5034706464247813,-4.915496925942342,-1.7358476914155514,-3.471695382831103,corrigido IPCA,0.9502244114646192,-8.850020977434966,5.944091673184637,221.41677141380538,221.41677141380538
2026-10-02,CTGE15,COMPANHIA DE GERACAO E TRANSMISSAO DE ENERGIA ELETRICA DO SUL DO BRASIL ELETROSUL,AXIA ENERGIA SUL S.A.,Axia (ex-Eletrobras),CVM FRE,IPCA_MAIS,S,Quirografária,N,AXIA ENERGIA SUL S.A.,02016507000169,7.5459,0.0954,1097.762488,2031-04-15,2031-05-15,-1.7400000000000304,3.8512,ok,,,10,3.851191275936993,-0.00022652843288105097,3.5809745196581115,17.577519844896294,3.6706255918473207,1.812677685495201,-1.76873016050636,-3.494790758682298,-6.823801660719997,3.6688621188825934,1.8124591596351762,-1.7685153600229355,-3.49308692043363,-6.810398642418297,-0.5737132370757004,-1.1474264741514009,corrigido IPCA,0.9854541333341543,-4.108904967117313,6.0671963746993685,230.20805479603493,230.20805479603493
2026-10-02,CTNSA3,ENERGISA TOCANTINS - DISTRIBUIDORA DE ENERGIA S.A,ENERGISA TOCANTINS DISTRIBUIDORA DE ENERGIA S/A,Energisa,inferido,IPCA_MAIS,S,Quirografária,N,ENERGISA TOCANTINS DISTRIBUIDORA DE ENERGIA S/A,25086034000171,8.0585,0.0749,1037.993693,2035-05-15,2033-05-15,52.74000000000001,5.7452,ok,,,18,5.745254012503753,0.0009401326977849768,5.316799708031995,38.97760757165753,5.517403911218377,2.7078276582478855,-2.610366752521831,-5.127357480134598,-9.896599177192755,5.511687745890283,2.7071218634805696,-2.6096778445514257,-5.121911670173708,-9.85404726463084,4.988919727443376,9.977839454886752,corrigido IPCA,0.9868507548241979,53.050173900532,6.2269811113034645,298.9016195929584,298.9016195929584
2026-10-02,CTNSA5,ENERGISA TOCANTINS - DISTRIBUIDORA DE ENERGIA S.A,ENERGISA TOCANTINS DISTRIBUIDORA DE ENERGIA S/A,Energisa,inferido,IPCA_MAIS,S,Quirografária,S,ENERGISA TOCANTINS DISTRIBUIDORA DE ENERGIA S/A,25086034000171,8.1792,0.108,938.464629,2036-02-15,2035-05-15,65.92000000000002,6.9153,ok,,,19,6.9153422852511675,0.0006114738502628797,6.392487913805211,55.11324218810808,6.677438589764861,3.2662922456887067,-3.128477678152375,-6.125802426279603,-11.751881131569164,6.668054124745752,3.265135509637741,-3.1273524041674707,-6.116921702864671,-11.682710983848262,5.543597312334216,11.087194624668433,corrigido IPCA,0.9140972585134566,70.87475763619906,6.300613526312393,319.9016419858872,319.9016419858872
2026-10-02,CTRR11,CANTAREIRA TRANSMISSORA DE ENERGIA S/A,CANTAREIRA TRANSMISSORA DE ENERGIA S/A,Isolada (a identificar),,IPCA_MAIS,S,Real,S,CANTAREIRA TRANSMISSORA DE ENERGIA S/A,20732109000120,7.078,0.2072,699.396831,2032-08-15,2029-05-15,-33.19999999999999,2.7308,ok,,,12,2.7308420929722117,0.0015414154171599765,2.5503297530512445,11.371680684625291,2.6083120790250547,1.2895187260077545,-1.2610871024264059,-2.494556503026768,-4.8817593595520625,2.607188156474371,1.289379477381404,-1.2609502756698407,-2.4934713496281184,-4.873225892409984,-7.356922402389711,-14.713844804779422,corrigido IPCA,1.0044522307589707,-37.52515618740744,5.943294427088586,187.24691484092844,187.24691484092844
2026-10-02,CUTI11,CUTIA EMPREENDIMENTOS EÓLICOS S.A.,CUTIA EMPREENDIMENTOS EOLICOS S.A.,Isolada (a identificar),,IPCA_MAIS,S,Real,N,CUTIA EMPREENDIMENTOS EOLICOS S.A.,10979076000164,7.5029,0.1403,817.496906,2031-12-15,2029-05-15,9.29000000000002,2.5036,ok,,,11,2.503573788910501,-0.0010469359921253787,2.3288430255467536,9.775751560300108,2.378629450679881,1.1767537161152974,-1.1523124923914274,-2.280842404490757,-4.46908326674369,2.377721783348254,1.176641202223752,-1.1522018233230016,-2.279964267745253,-4.462171019887505,1.3280347166493882,2.6560694332987764,corrigido IPCA,0.9795563659879606,6.185568775105773,5.922136913600506,238.14627369527005,238.14627369527005
2026-10-02,CYAR11,AMBIENTAL CEARA 1 SPE S.A.,AMBIENTAL CEARA 1 SPE S.A.,Isolada (a identificar),,IPCA_MAIS,S,Real,S,AMBIENTAL CEARA 1 SPE S.A.,48569940000122,12.3008,0.5289,75.68549,2045-12-15,2037-05-15,480.17,7.1731,ok,,,39,7.173085387041704,-0.0002037188704445291,6.3873858307703095,68.31897564885882,6.74468471636922,3.2810168682064544,-3.1101476684014084,-6.060345562699576,-11.520667542881313,6.728980709014603,3.2790916349462282,-3.108294195824081,-6.045790952526016,-11.408392148563442,38.902587308510086,77.80517461702017,corrigido IPCA,0.7288569478377893,496.97166990936444,6.315454446320179,817.2756193965855,817.2756193965855
2026-10-02,DESK17,DESKTOP S/A,DESKTOP S/A,Desktop,CVM FRE,IPCA_MAIS,S,Quirografária,N,DESKTOP S/A,08170849000115,7.8744,0.1102,1114.952974,2031-06-15,2030-08-15,26.209999999999933,3.1839,ok,,,10,3.183900203636377,6.395815732092253e-06,2.9514882155881073,12.677856386240425,3.016036562906943,1.4917351374620136,-1.4600382020069969,-2.889221269979969,-5.658257445064329,3.0148774975193096,1.491591428276854,-1.4598967873112534,-2.8880989336569054,-5.649419303451406,5.5635907839256635,11.127181567851327,corrigido IPCA,1.0094235463768362,32.84174527022239,5.993387444539944,271.8836697726277,271.8836697726277
2026-10-02,DESK18,DESKTOP S/A,DESKTOP S/A,Desktop,CVM FRE,IPCA_MAIS,S,Real,N,DESKTOP S/A,08170849000115,7.7821,0.1163,1081.563962,2032-06-15,2031-05-15,21.87999999999999,4.2392,ok,,,12,4.239197969114702,-4.790727727293633e-05,3.933118735963302,21.344597592198348,4.0422042148745785,1.9935326269364007,-1.940165679137562,-3.8286709334389157,-7.45721502692509,4.039841723924294,1.993240114971899,-1.9398786209914032,-3.8263957480023105,-7.439345520082638,2.5964322526182317,5.1928645052364635,corrigido IPCA,1.0301115246115558,20.424152678864342,6.105936530137512,259.59714286464714,259.59714286464714
2026-10-02,DESK19,DESKTOP S/A,DESKTOP S/A,Desktop,CVM FRE,IPCA_MAIS,S,Quirografária,S,DESKTOP S/A,08170849000115,7.8134,0.0801,1059.244997,2032-09-15,2032-08-15,25.340000000000007,4.4829,ok,,,12,4.482873868004095,-0.0005829261394399699,4.157993225335715,23.392696200165123,4.277631547775984,2.108568576638725,-2.0500804861658395,-4.043602935067259,-7.868332038467196,4.274956706336541,2.1082374829180637,-2.049755742417651,-4.041029744334889,-7.8481325266681266,2.833261264833834,5.666522529667668,corrigido IPCA,1.0169521521559182,23.561362289570358,6.128467316408903,263.62300576609175,263.62300576609175
2026-10-02,EBAS13,EMPRESA BAIANA DE AGUAS E SANEAMENTO SA,EMPRESA BAIANA DE AGUAS E SANEAMENTO SA,Isolada (a identificar),,IPCA_MAIS,S,Quirografária,N,EMPRESA BAIANA DE AGUAS E SANEAMENTO SA,13504675000110,8.4074,0.2874,1185.428574,2035-11-15,2030-08-15,79.51000000000006,3.5761,ok,,,19,3.5761439828034987,0.0012299097759800061,3.2988006195181314,19.660384926920603,3.3996687172174855,1.6742929021458908,-1.6251348465442739,-3.2029513091521467,-6.223587181117985,3.3971025441527343,1.6739757909177164,-1.624824828600415,-3.2004986948835286,-6.204393540497851,13.991606144265766,27.983212288531533,corrigido IPCA,1.0391686826301583,92.31103803351522,6.03765686595108,341.9053522687601,341.9053522687601
2026-10-02,EBENA8,EDP SÃO PAULO DISTRIBUIÇÃO DE ENERGIA S.A.,EDP SAO PAULO DISTRIBUICAO DE ENERGIA S/A,EDP,CVM FRE,IPCA_MAIS,S,Quirografária,N,EDP SAO PAULO DISTRIBUICAO DE ENERGIA S/A,02302100000106,7.7631,0.0898,1074.833825,2036-12-15,2035-05-15,24.31000000000001,6.6596,ok,,,21,6.6595882621565226,-0.0001762544819153213,6.1798410236495815,52.66101714305907,6.45207514027466,3.156847359505477,-3.0251648438757495,-5.924985069950372,-11.372268584981594,6.443146109364877,3.155746783253614,-3.024094240395967,-5.916535937934286,-11.30646170443798,2.3344202408988477,4.668840481797695,corrigido IPCA,0.9920398787739989,28.852691942289272,6.285471114810859,270.27465056342425,270.27465056342425
2026-10-02,ECER12,CONCESSIONARIA ECOVIAS DO CERRADO S.A.,CONCESSIONARIA ECOVIAS DO CERRADO S.A.,EcoRodovias,CVM FRE,IPCA_MAIS,S,Quirografária,N,CONCESSIONARIA ECOVIAS DO CERRADO S.A.,35593905000105,6.6011,0.0462,1382.803096,2027-09-15,2027-05-15,99.10999999999994,0.9405,ok,,,1,0.9404761904761904,-0.002531581478963112,0.8822387296905851,1.605952713018363,0.8903430126675271,0.4431360774161508,-0.43912111036575885,-0.8742821209316243,-1.7329383337055693,0.8902684932556769,0.4431268057365655,-0.43911192395401966,-0.8742089661254935,-1.732358405120803,7.836184209467555,15.67236841893511,corrigido IPCA,1.2045942121674647,13.826770405164154,6.483813290690144,237.7699419301494,237.7699419301494
2026-10-02,ECHP11,ECHOENERGIA PARTICIPACOES S/A,ECHOENERGIA PARTICIPACOES S/A,Echoenergia,inferido,IPCA_MAIS,S,Quirografária,S,ECHOENERGIA PARTICIPACOES S/A,24743678000122,7.8554,0.1419,982.807449,2030-06-15,2028-08-15,50.53000000000001,1.9411,ok,,,8,1.9411082002037758,0.00042245138198896423,1.7997320488392567,5.994116153559121,1.8301601825302605,0.9074154614187702,-0.8924293827966889,-1.7702064034438303,-3.483092733913995,1.8297026296070524,0.9073586696115773,-0.8923733792276795,-1.769761468071461,-3.4795817746073308,15.378342616335734,30.75668523267147,corrigido IPCA,1.0033367954492816,55.35379212929993,5.90919182516636,293.40447616781375,293.40447616781375
2026-10-02,ECHP12,ECHOENERGIA PARTICIPACOES S/A,ECHOENERGIA PARTICIPACOES S/A,Echoenergia,inferido,IPCA_MAIS,S,Quirografária,N,ECHOENERGIA PARTICIPACOES S/A,24743678000122,7.9264,0.2022,902.15647,2030-12-15,2028-08-15,57.62999999999998,1.7133,ok,,,9,1.7133159341886077,0.0009300291021817693,1.5874854847271915,5.264652243099847,1.6142107098906955,0.8003734485524161,-0.7872111229805134,-1.5615530650825327,-3.0727618973395265,1.6138087459426909,0.8003235576674708,-0.787161927059721,-1.5611622235116924,-3.0696779245923866,20.27033918532021,40.54067837064042,corrigido IPCA,0.963211481292454,64.35773845438527,5.938590014628375,304.24080289960705,304.24080289960705
2026-10-02,ECHP22,ECHOENERGIA PARTICIPACOES S/A,ECHOENERGIA PARTICIPACOES S/A,Echoenergia,inferido,IPCA_MAIS,S,Quirografária,N,ECHOENERGIA PARTICIPACOES S/A,24743678000122,7.8421,0.1162,903.249502,2031-01-15,2028-08-15,49.2,1.7185,ok,,,10,1.7185683334868007,0.003976344882211108,1.593596873101322,5.311649121792836,1.6205630789771996,0.803488630795357,-0.790208798382408,-1.5674352299970717,-3.0840899282531087,1.6201551187102863,0.8034379979529019,-0.7901588751484201,-1.5670386274923578,-3.0809607637667873,17.507246534288708,35.014493068577416,corrigido IPCA,0.9643784986331556,55.79898666731288,5.937540787648721,294.17952724397446,294.17952724397446
2026-10-02,ECOC13,ECO101 CONCESSIONARIA DE RODOVIAS S/A.,ECO101 CONCESSIONARIA DE RODOVIAS S/A.,EcoRodovias,CVM FRE,IPCA_MAIS,S,Quirografária,N,ECO101 CONCESSIONARIA DE RODOVIAS S/A.,15484093000144,8.5416,0.1496,1036.353277,2030-06-15,2030-08-15,92.93000000000005,3.6627,ok,,,1,3.6626984126984126,-4.3336925969975975e-05,3.3744651015817095,14.49592919993965,3.448224804618283,1.7055112342589496,-1.6692689942717887,-3.3032268238830764,-6.468794173240355,3.446944747581408,1.7053524622907794,-1.6691126392909303,-3.3019854555820114,-6.459011619164627,13.94094937261854,27.88189874523708,corrigido IPCA,1.0312041447127687,94.08649428163739,6.047122921981329,345.44939937428006,345.44939937428006
2026-10-02,ECOV16,CONCESSIONÁRIA ECOVIAS DOS IMIGRANTES S/A,CONCESSIONARIA ECOVIAS DOS IMIGRANTES S.A.,EcoRodovias,CVM FRE,IPCA_MAIS,S,Quirografária,N,CONCESSIONARIA ECOVIAS DOS IMIGRANTES S.A.,02509491000126,8.6218,0.0616,1023.549296,2033-02-15,2031-05-15,105.85000000000005,4.159,ok,,,13,4.159075623292758,0.0018183047068661765,3.8289511159755767,20.7888999379802,3.935243853364123,1.940752349527597,-1.8887745262912925,-3.7272656340769594,-7.259857672976522,3.932895615665478,1.9404616829102637,-1.8884894330653132,-3.7250066162856763,-7.242124233191549,13.817927146025024,27.63585429205005,corrigido IPCA,0.9130266512602792,105.81633513248346,6.098228429791863,359.723251427516,359.723251427516
2026-10-02,ECPN11,CONCESSIONARIA PONTE RIO-NITEROI S.A. - ECOPONTE,CONCESSIONARIA PONTE RIO-NITEROI S/A - ECOPONTE,EcoRodovias,CVM FRE,IPCA_MAIS,S,Real,N,CONCESSIONARIA PONTE RIO-NITEROI S/A - ECOPONTE,22163297000149,9.3724,0.173,1110.64515,2034-10-15,2031-05-15,180.91000000000008,4.1762,ok,,,9,4.1761549684414945,-0.0010782902759737375,3.818289594487727,23.79872338860786,3.9403931238292556,1.9392775908339877,-1.8797723458135351,-3.702270826453702,-7.183894405593283,3.937283211430767,1.9388932014796234,-1.8793963930081041,-3.699295977544688,-7.160604721203298,24.130489565120804,48.26097913024161,corrigido IPCA,0.8518482611257545,184.2743944327909,6.099884214505424,451.5268545964472,451.5268545964472
2026-10-02,ECRD14,ECORIOMINAS CONCESSIONARIA DE RODOVIAS S.A.,ECORIOMINAS CONCESSIONARIA DE RODOVIAS S.A.,EcoRodovias,CVM FRE,IPCA_MAIS,S,Real,N,ECORIOMINAS CONCESSIONARIA DE RODOVIAS S.A.,29884545000190,8.9164,0.1635,1035.68756,2047-09-15,2040-08-15,164.53999999999996,8.6785,ok,,,42,8.678464607812144,-0.00040781457459210664,7.968005376428291,98.31741722300374,8.485316893697581,4.110045444148747,-3.8641204989818823,-7.500037656908476,-14.151083553475507,8.45959246254331,4.106899459742901,-3.861105916685391,-7.476418290313274,-13.969662408396507,10.219727201933626,20.439454403867252,corrigido IPCA,0.962757672830514,162.86168258127515,6.395697849034621,424.38366096692783,424.38366096692783
2026-10-02,EDFT11,EDF OITI TRANSMISSORA S.A.,ACU TRANSMISSORA S.A.,Isolada (a identificar),,IPCA_MAIS,S,Real,N,ACU TRANSMISSORA S.A.,49008174000190,8.0937,0.0613,1204.077934,2049-05-15,2035-05-15,57.370000000000054,6.4749,ok,,,46,6.474949766458157,0.0007686058187327988,5.990126868132145,70.29154806361606,6.359584831975718,3.08512954286404,-2.909309348430378,-5.655206324381357,-10.701484775152936,6.341584608450225,3.0829278691455926,-2.9071989989865528,-5.638669127814064,-10.57442277499197,6.62888252961321,13.25776505922642,corrigido IPCA,1.0822601038757609,79.41569469265573,6.274250518935776,324.93290329957665,324.93290329957665
2026-10-02,EDPA11,EDP TRANSMISSAO ALIANCA SC S.A.,EDP TRANSMISSAO ALIANCA SC S.A.,EDP,inferido,IPCA_MAIS,S,Real,N,EDP TRANSMISSAO ALIANCA SC S.A.,27831352000145,7.5761,0.1781,1430.677359,2044-10-15,2035-05-15,5.6100000000000705,6.4021,ok,,,37,6.402108682459552,0.00013561893054172376,5.951237014968522,61.638918349371984,6.273340236304814,3.054372595241883,-2.9002123196816165,-5.655942305451767,-10.76924079006667,6.259431606715382,3.052667155420976,-2.898569859547546,-5.6430424232216625,-10.669695662949605,1.7898631939355367,3.5797263878710734,corrigido IPCA,1.0858971720018864,21.303800182957897,6.269751253447287,258.0267239074415,258.0267239074415
2026-10-02,EDPT11,EDP TRANSMISSÃO S.A.,HORIZON TRANSMISSAO ES S.A.,Isolada (a identificar),,IPCA_MAIS,S,Real,N,HORIZON TRANSMISSAO ES S.A.,04705039000165,7.6637,0.3097,849.995947,2033-05-15,2030-08-15,5.140000000000011,3.1558,ok,,,14,3.155846144202442,0.0014622030053157919,2.9312072167336267,15.135912084652482,3.008579459594918,1.4847330097055744,-1.4468891934417694,-2.857155726842653,-5.572475609591843,3.0068867771568892,1.484523498472629,-1.4466837182609977,-2.8555276563103646,-5.559696191774204,2.894837935759546,5.789675871519092,corrigido IPCA,1.007632419443824,16.970739697145312,5.990181624334401,252.7610935613995,252.7610935613995
2026-10-02,EDTE12,EDTE - EMPRESA DIAMANTINA DE TRANSMISSAO DE ENERGIA S.A.,EDTE -  EMPRESA DIAMANTINA DE TRANSMISSAO DE ENERGIA S.A.,Isolada (a identificar),,IPCA_MAIS,S,Quirografária,S,EDTE -  EMPRESA DIAMANTINA DE TRANSMISSAO DE ENERGIA S.A.,24870962000160,7.2174,0.0925,1024.966152,2028-12-15,2028-08-15,-13.27000000000007,1.5101,ok,,,5,1.50699232636791,-0.20579257215350508,1.4055482844835911,3.6718894850689385,1.424131455962141,0.7073918084895991,-0.6982117681195166,-1.3874074921497948,-2.739388400124032,1.423907731908936,0.7073640040981318,-0.6981842803854594,-1.3871888370582464,-2.7376587792658036,1.8523808594517313,3.7047617189034625,sem correção,0.9886779170608921,5.207221478425242,5.998335639756736,232.88377131717365,232.88377131717365
2026-10-02,EDVP17,ENERGISA SUL-SUDESTE - DISTRIBUICAO DE ENERGIA S.A,ENERGISA SUL-SUDESTE - DISTRIBUIDORA DE ENERGIA SA,Energisa,CVM FRE,IPCA_MAIS,S,Quirografária,N,ENERGISA SUL-SUDESTE - DISTRIBUIDORA DE ENERGIA SA,07282377000120,7.9816,0.0565,1183.000364,2032-01-15,2031-05-15,41.830000000000034,3.717,ok,,,11,3.716985857413575,-0.00038048389628921004,3.4422400273876055,16.487863447921224,3.526327047234501,1.7419340082332813,-1.7007108417258499,-3.3613922577018784,-6.5672409106538705,3.5246793446272116,1.7417298430037043,-1.700510184383901,-3.359800710147999,-6.554722785816786,5.936541465628995,11.87308293125799,corrigido IPCA,0.948895460398146,40.870001314468816,6.052983182335092,282.68971095546334,282.68971095546334
2026-10-02,EEELA0,CPFL TRANSMISSAO S.A,CPFL TRANSMISSAO S.A.,CPFL,CVM FRE,IPCA_MAIS,S,Quirografária,N,CPFL TRANSMISSAO S.A.,92715812000131,7.6211,0.0167,1098.853809,2033-10-15,2032-08-15,6.11000000000006,4.9059,ok,,,15,4.905927570278722,0.0005619820771365962,4.558518329843053,28.350633362890086,4.703830372280726,2.31513758888382,-2.244251822002785,-4.420177022840321,-8.576762983066821,4.7002714966575025,2.314697456625139,-2.243820873217914,-4.416765163028602,-8.550023992428303,0.543398030254175,1.08679606050835,corrigido IPCA,0.9621950739393241,4.954179762628533,6.164554805942757,242.11188764751404,242.11188764751404
2026-10-02,EEELA1,CPFL TRANSMISSAO S.A,CPFL TRANSMISSAO S.A.,CPFL,CVM FRE,IPCA_MAIS,S,Quirografária,N,CPFL TRANSMISSAO S.A.,92715812000131,7.6843,0.0643,1056.327971,2034-04-15,2033-05-15,15.32,5.241,ok,,,16,5.2409786071059985,-0.0004081834382972686,4.8669848874032695,32.181374371479336,5.032161841545624,2.4742469671943823,-2.3937819776507885,-4.710163135615309,-9.122325631157857,5.027891759260666,2.473719161665984,-2.3932657257372854,-4.706078015545873,-9.090342287376952,1.26608432571685,2.5321686514337,corrigido IPCA,0.9507657276108428,12.324026558884135,6.190756594730251,250.99375236306085,250.99375236306085
2026-10-02,EEELA4,CPFL TRANSMISSAO S.A,CPFL TRANSMISSAO S.A.,CPFL,CVM FRE,IPCA_MAIS,S,Quirografária,N,CPFL TRANSMISSAO S.A.,92715812000131,7.7047,0.0595,1080.196757,2035-02-15,2033-05-15,17.359999999999953,5.6901,ok,,,17,5.690123294293291,0.0004093828454813109,5.283077984798519,37.773341771979275,5.477350427111971,2.6894233203768714,-2.594974345706469,-5.099366934058935,-9.850994665851854,5.471944693658416,2.6887556696142334,-2.5943223151842854,-5.094211275938623,-9.810689134157451,1.5931670005048606,3.186334001009721,corrigido IPCA,1.0099580956066434,16.83365101294944,6.223183374155616,256.39963557496196,256.39963557496196
2026-10-02,EEELB1,CPFL TRANSMISSAO S.A,CPFL TRANSMISSAO S.A.,CPFL,CVM FRE,IPCA_MAIS,S,Quirografária,N,CPFL TRANSMISSAO S.A.,92715812000131,7.9487,0.079,998.767013,2039-04-15,2037-05-15,44.95999999999994,7.8954,ok,,,26,7.895437669293176,0.00047710430346012617,7.314064615222948,74.98237341870087,7.704199482874241,3.752631893074043,-3.5651160841792207,-6.953416944144763,-13.239068615774096,7.688976482316452,3.7507602743848505,-3.5633043408380978,-6.939152748129445,-13.128481762071878,3.8206026161022417,7.641205232204483,corrigido IPCA,0.898957026637637,55.88826880652327,6.3551731319084315,301.33299496433517,301.33299496433517
2026-10-02,EEELB5,CPFL TRANSMISSAO S.A,CPFL TRANSMISSAO S.A.,CPFL,CVM FRE,IPCA_MAIS,S,Quirografária,N,CPFL TRANSMISSAO S.A.,92715812000131,7.716,0.0621,1035.118445,2035-05-15,2033-05-15,18.489999999999984,5.8244,ok,,,18,5.824442096853089,0.0007227672050126669,5.40722092990186,39.90250661453019,5.612602620231577,2.75421327548655,-2.654439655040508,-5.213299716954978,-10.060079617602247,5.606733462974511,2.7534885982190933,-2.6537323316827672,-5.20770839682921,-10.016391727513117,1.725481669102581,3.450963338205162,corrigido IPCA,0.9830722919369068,18.660121190666942,6.232373538632463,258.54575763360816,258.54575763360816
2026-10-02,EGIE27,ENGIE BRASIL ENERGIA S.A.,ENGIE BRASIL ENERGIA SA,Engie,CVM FRE,IPCA_MAIS,S,Quirografária,N,ENGIE BRASIL ENERGIA SA,02474103000119,5.8964,0.1892,1025.329582,2028-07-15,2027-05-15,28.639999999999954,1.0848,ok,,,2,1.0848141640149542,0.0013056798446020687,1.0244108052917325,2.209194272624833,1.0355760094167499,0.514981720647234,-0.509458579726263,-1.0134815812235076,-2.0055620629190085,1.0354567766548566,0.5149668954866473,-0.5094439098050852,-1.0133648339286083,-2.0046377251309684,-39.59576716144349,-79.19153432288698,corrigido IPCA,1.0128989934121972,-81.12466344799653,6.2951417496636575,127.99801413543234,127.99801413543234
2026-10-02,EGIE29,ENGIE BRASIL ENERGIA S.A.,ENGIE BRASIL ENERGIA SA,Engie,CVM FRE,IPCA_MAIS,S,Quirografária,N,ENGIE BRASIL ENERGIA SA,02474103000119,7.1494,0.0781,1405.126776,2029-07-15,2028-08-15,-20.070000000000032,1.6955,ok,,,3,1.695521059140082,0.001242060753877411,1.5823896906003039,4.549313457598322,1.6054412509376448,0.7969193715964717,-0.7855456174827746,-1.559940585831432,-3.0761437447506923,1.6051362578882955,0.7968814871221499,-0.7855082034781542,-1.5596431233123125,-3.0737931120486417,-1.6715837232444413,-3.3431674464888825,corrigido IPCA,0.9569330848109708,-5.290193701274551,5.942297679513198,220.56575395315963,220.56575395315963
2026-10-02,EGIE49,ENGIE BRASIL ENERGIA S.A.,ENGIE BRASIL ENERGIA SA,Engie,CVM FRE,IPCA_MAIS,S,Quirografária,N,ENGIE BRASIL ENERGIA SA,02474103000119,7.1722,0.0798,1400.145239,2029-07-15,2028-08-15,-17.790000000000017,1.6785,ok,,,6,1.678541410884323,0.0024671363910019474,1.5662097175240621,4.499492320750549,1.5890086960039573,0.7887666769199608,-0.7775174812887475,-1.544006331433756,-3.0447534668960996,1.5887071791278147,0.7887292241629693,-0.7774804933610929,-1.5437122559203094,-3.042429588633113,-0.8410466610606269,-1.6820933221212537,corrigido IPCA,0.9535405137014761,-2.6345109068886403,5.946061635654076,223.70086464129324,223.70086464129324
2026-10-02,EGIEA0,ENGIE BRASIL ENERGIA S.A.,ENGIE BRASIL ENERGIA SA,Engie,CVM FRE,IPCA_MAIS,S,Quirografária,N,ENGIE BRASIL ENERGIA SA,02474103000119,7.5128,0.1396,1013.221013,2046-09-15,2040-08-15,24.180000000000046,8.8769,ok,,,20,8.876952548381276,0.000591967705804408,8.256647160506725,106.46134696144316,8.818087465514314,4.264960482996516,-3.998653427999377,-7.751011825066556,-14.588650366080957,8.78895389531394,4.261400263955166,-3.995246896551558,-7.724340425699509,-14.384067381784588,1.4696182730016507,2.9392365460033014,corrigido IPCA,0.8591265398971102,24.268239081615754,6.405614526045711,261.07307685478025,261.07307685478025
2026-10-02,EGIEA1,ENGIE BRASIL ENERGIA S.A.,ENGIE BRASIL ENERGIA SA,Engie,CVM FRE,IPCA_MAIS,S,Quirografária,N,ENGIE BRASIL ENERGIA SA,02474103000119,7.4441,0.1161,1116.136358,2033-11-15,2032-08-15,-11.58999999999999,4.9514,ok,,,8,4.9514113180572625,0.0002285829717444468,4.608360364186831,29.090992094958718,4.7575136141832175,2.3410012422786064,-2.2682641171734574,-4.466449289659014,-8.66266847074223,4.753815324661625,2.3405439222121136,-2.267816441974717,-4.462905403712037,-8.634900886474489,-1.3705545718786925,-2.741109143757385,corrigido IPCA,0.9797296549487468,-12.632018732001635,6.16822616003756,221.45411777670424,221.45411777670424
2026-10-02,EGIEA6,ENGIE BRASIL ENERGIA S.A.,ENGIE BRASIL ENERGIA SA,Engie,CVM FRE,IPCA_MAIS,S,Quirografária,N,ENGIE BRASIL ENERGIA SA,02474103000119,7.6393,0.0703,960.629271,2038-02-15,2037-05-15,14.02000000000001,7.5264,ok,,,11,7.526415584548386,0.00020706510929549581,6.992256159737555,65.8778306206147,7.333973794504711,3.579992936628229,-3.4152532299822402,-6.674472851937896,-12.757129456425787,7.321645312840628,3.578475368144546,-3.413780791593009,-6.662867006634481,-12.666955707062815,1.4750164510081367,2.9500329020162734,corrigido IPCA,0.9367747740060528,20.627385730551744,6.335199497712929,260.4298152797904,260.4298152797904
2026-10-02,EGIEB1,ENGIE BRASIL ENERGIA S.A.,ENGIE BRASIL ENERGIA SA,Engie,CVM FRE,IPCA_MAIS,S,Quirografária,N,ENGIE BRASIL ENERGIA SA,02474103000119,7.7018,0.1155,1064.159184,2038-11-15,2037-05-15,20.27000000000001,7.6928,ok,,,13,7.692832938547725,0.0004281737173058359,7.142715292174992,71.57117840375528,7.51474629600426,3.6625650791060727,-3.4835826231505718,-6.798161644355572,-12.957208456537018,7.500571184193769,3.6608216190921903,-3.481893673082802,-6.784859400156215,-12.85400701627488,2.0885179042940756,4.177035808588151,corrigido IPCA,0.934104785979437,29.835377545965116,6.344283724137312,270.8284215925522,270.8284215925522
2026-10-02,EGIEB2,ENGIE BRASIL ENERGIA S.A.,ENGIE BRASIL ENERGIA SA,Engie,CVM FRE,IPCA_MAIS,S,Quirografária,N,ENGIE BRASIL ENERGIA SA,02474103000119,7.3692,0.1504,1094.679252,2034-06-15,2033-05-15,-16.190000000000015,5.4276,ok,,,8,5.427656730800262,0.001045228098273954,5.05513381006868,34.01845837040356,5.229823836686154,2.5706581713783816,-2.485599374583003,-4.889436722860951,-9.464296942232064,5.225226101920698,2.5700899779973447,-2.4850438320713355,-4.885041518216663,-9.429898452729288,-1.8391623437676592,-3.6783246875353184,corrigido IPCA,0.9902372527085378,-18.5944234923701,6.204575037947158,214.74359723438843,214.74359723438843
2026-10-02,EGIEB4,ENGIE BRASIL ENERGIA S.A.,ENGIE BRASIL ENERGIA SA,Engie,CVM FRE,IPCA_MAIS,S,Quirografária,N,ENGIE BRASIL ENERGIA SA,02474103000119,7.3172,0.1087,1202.325156,2032-01-15,2031-05-15,-24.61000000000002,3.7383,ok,,,6,3.738365523885515,0.0017527722631872475,3.483472848607227,17.840464839678567,3.5745546461743327,1.7642698049931793,-1.719664480445804,-3.3960833658678413,-6.62438529604824,3.57267517280562,1.7640370053532115,-1.7194358432540153,-3.394270524408834,-6.610136400420882,-3.52381531393102,-7.04763062786204,corrigido IPCA,1.129032941178664,-24.550229939170123,6.055273995271748,205.75303148341848,205.75303148341848
2026-10-02,EGIEB5,ENGIE BRASIL ENERGIA S.A.,ENGIE BRASIL ENERGIA SA,Engie,CVM FRE,IPCA_MAIS,S,Quirografária,N,ENGIE BRASIL ENERGIA SA,02474103000119,7.4856,0.1386,1097.869797,2035-06-15,2035-05-15,-3.4399999999999764,5.9893,ok,,,9,5.989320714173429,0.0003458529949905772,5.572207546102389,43.394954426793376,5.795913135354569,2.841178042797665,-2.732669831835721,-5.361630178970289,-10.326447387848303,5.789182318236356,2.840347466084686,-2.731860080017703,-5.355232773968422,-10.27651600366891,-0.133759619285885,-0.26751923857177,corrigido IPCA,1.0470212178882676,-1.4906727198971819,6.243377451911369,234.64365955746683,234.64365955746683
2026-10-02,EGVG11,ENEL GREEN POWER VOLTA GRANDE S.A.,ENEL GREEN POWER VOLTA GRANDE S.A,Enel,inferido,IPCA_MAIS,S,Quirografária,N,ENEL GREEN POWER VOLTA GRANDE S.A,25176391000120,7.489,0.1225,566.603793,2029-10-15,2028-08-15,13.889999999999958,1.4028,ok,,,7,1.4028368724630824,0.0026284903822620014,1.30509807744335,3.959668978975828,1.3251730058526423,0.6575329732066093,-0.6476333598208761,-1.2855692590024836,-2.5331317765202033,1.3248964223382291,0.6574986249453948,-0.6475994524979553,-1.2852997325484707,-2.5310027753071833,8.31052031311341,16.62104062622682,corrigido IPCA,0.9664681511512283,21.692088166396438,6.045424938652122,255.15318958299318,255.15318958299318
2026-10-02,EGVG21,ENEL GREEN POWER VOLTA GRANDE S.A.,ENEL GREEN POWER VOLTA GRANDE S.A,Enel,inferido,IPCA_MAIS,S,Quirografária,N,ENEL GREEN POWER VOLTA GRANDE S.A,25176391000120,7.4598,0.039,577.306863,2029-10-15,2028-08-15,10.970000000000013,1.3902,ok,,,4,1.3901664685401895,-0.002411988189508995,1.2936618796426103,3.931056477375943,1.313591990415941,0.6517788905402666,-0.6419508110101058,-1.274274409092424,-2.5108180685873727,1.31331716202949,0.6517447604180251,-0.6419171192245852,-1.2740065972557306,-2.5087026297377015,7.0881388881075695,14.176277776215139,corrigido IPCA,0.9847246076770184,18.33931015431424,6.0521021375984585,251.37416347017682,251.37416347017682
2026-10-02,EKTRA6,ELEKTRO REDES S.A.,ELEKTRO REDES S.A.,Neoenergia,CVM FRE,IPCA_MAIS,S,Quirografária,N,ELEKTRO REDES S.A.,02328280000197,7.8602,0.1946,1033.398083,2035-08-15,2040-08-15,58.919999999999995,8.8095,ok,,,1,8.80952380952381,0.0002702710007414065,8.167538915674001,74.28103673738289,8.551699068853935,4.1781931194776245,-3.9924480877255752,-7.808209200804539,-14.943528161370923,8.538944099360915,4.176620753758729,-3.9909181619152716,-7.796133731987087,-14.849457096600343,2.3074769846964585,4.614953969392917,corrigido IPCA,0.9880086126913334,37.69281613906085,6.402260820087458,282.5851909581866,282.5851909581866
2026-10-02,EKTRA8,ELEKTRO REDES S.A.,ELEKTRO REDES S.A.,Neoenergia,CVM FRE,IPCA_MAIS,S,Quirografária,S,ELEKTRO REDES S.A.,02328280000197,7.9607,0.047,1025.379261,2031-03-15,2031-05-15,39.74000000000002,3.7959,ok,,,5,3.79589007997486,-0.00026133526014905005,3.5159924676061385,16.89670599216742,3.6021420416427086,1.7793235957014986,-1.7370783620827446,-3.4331194585027647,-6.706722864150505,3.600475997566975,1.7791171162932784,-1.7368753513128599,-3.4315089376453014,-6.694050815368928,5.429881684839077,10.859763369678154,corrigido IPCA,1.002393247907034,38.182846207773444,6.0613882155914345,279.7895802812534,279.7895802812534
2026-10-02,EKTRB3,ELEKTRO REDES S.A.,ELEKTRO REDES S.A.,Neoenergia,CVM FRE,IPCA_MAIS,S,Quirografária,N,ELEKTRO REDES S.A.,02328280000197,7.9974,0.111,1050.849685,2034-04-15,2033-05-15,46.62999999999995,5.2074,ok,,,16,5.207451722584819,0.0009932516192256776,4.821830639056884,31.726629293494277,4.984656353742278,2.4510918517642866,-2.3717639748619623,-4.667209099255453,-9.040538879207528,4.980463785524355,2.45057360614531,-2.3712570329115743,-4.663197492589413,-9.009128692243882,4.530724995113027,9.061449990226054,corrigido IPCA,0.944875291236839,43.69277719715368,6.188218810365975,287.8598926017768,287.8598926017768
2026-10-02,EKTRB6,ELEKTRO REDES S.A.,ELEKTRO REDES S.A.,Neoenergia,CVM FRE,IPCA_MAIS,S,Quirografária,N,ELEKTRO REDES S.A.,02328280000197,7.9053,0.1234,962.604614,2040-08-15,2040-08-15,63.43000000000005,8.5021,ok,,,28,8.502160246924872,0.0007086122825086233,7.879279559877848,87.15588557606844,8.334281464690175,4.0509447183268765,-3.832973427559927,-7.461416178757685,-14.153995873708446,8.31505898775819,4.04858463690901,-3.8306949229688385,-7.4435001319975065,-14.015441408234327,3.538711754909034,7.077423509818068,corrigido IPCA,0.920324597611186,55.76499839750844,6.386774279419538,300.6946119913389,300.6946119913389
2026-10-02,EKTRC0,ELEKTRO REDES S.A.,ELEKTRO REDES S.A.,Neoenergia,CVM FRE,IPCA_MAIS,S,Quirografária,N,ELEKTRO REDES S.A.,02328280000197,7.9539,0.0306,1224.931175,2031-10-15,2030-08-15,34.15999999999997,3.4912,ok,,,11,3.491252787319595,0.0015120107583356925,3.234021917984987,14.874144595825502,3.309828312531815,1.6357815780997376,-1.5985932471885511,-3.161039334129767,-6.18148448538367,3.3083926409641142,1.6356036397372753,-1.5984182782477114,-3.1596511950058597,-6.170560944053463,5.94093098649936,11.88186197299872,corrigido IPCA,0.9555782102855693,38.426202047150205,6.028239214599673,279.3489629476102,279.3489629476102
2026-10-02,EKTRC1,ELEKTRO REDES S.A.,ELEKTRO REDES S.A.,Neoenergia,CVM FRE,IPCA_MAIS,S,Quirografária,N,ELEKTRO REDES S.A.,02328280000197,7.7701,0.1153,1179.419597,2029-07-15,2029-05-15,36.010000000000005,2.0998,ok,,,6,2.0997830200891654,-0.0008086441963383896,1.9483910844373025,5.960625871570333,1.9786035486133446,0.9816971666231522,-0.9667949644629914,-1.9189870855414903,-3.780723310442302,1.9781942137951543,0.9816463245581143,-0.9667447598791883,-1.9185879550794511,-3.7775696514431987,9.852981771355486,19.705963542710972,corrigido IPCA,0.9917913195645041,38.39492367686458,5.903808267062605,274.14631829731314,274.14631829731314
2026-10-02,EKTT11,EKTT 9 SERV DE TRANS DE E E SPE S.A.,EKTT 9 SERV DE TRANS DE E E SPE S.A.,Ektt 9,inferido,IPCA_MAIS,S,Real,N,EKTT 9 SERV DE TRANS DE E E SPE S.A.,28438777000151,8.0269,0.0545,1189.543228,2038-05-15,2032-08-15,46.68999999999998,5.0443,ok,,,24,5.044331512755544,0.0006247200908863997,4.669514271681909,36.53008262832068,4.85830397346414,2.381176153171971,-2.289829789683928,-4.492664386452638,-8.653574431677335,4.852164684823512,2.3804197391263555,-2.289094532555554,-4.486863858540306,-8.608426890797405,6.084341150105226,12.168682300210452,corrigido IPCA,0.9486810824222347,56.82183566839576,6.175611099809841,301.1820743066645,301.1820743066645
2026-10-02,ELDC15,ELDORADO BRASIL CELULOSE S.A.,ELDORADO BRASIL CELULOSE S.A.,Eldorado Brasil,inferido,IPCA_MAIS,S,Quirografária,N,ELDORADO BRASIL CELULOSE S.A.,07401436000212,8.7403,0.1407,1025.152377,2035-10-15,2033-05-15,120.91999999999992,5.8257,ok,,,19,5.825688692467598,-0.00019409740292105325,5.357432977900189,40.430915892970894,5.565696456810021,2.7300091614231192,-2.6289133377977003,-5.161090568970805,-9.951633265659565,5.5595875573650435,2.729255133816308,-2.628177844083881,-5.155278398435334,-9.90624763794096,11.43606893614998,22.87213787229996,corrigido IPCA,0.9841053475586727,122.53594571213965,6.2324578527445995,380.4875273821648,380.4875273821648
2026-10-02,ELET14,CENTRAIS ELETRICAS BRASILEIRAS S/A ELETROBRAS,AXIA ENERGIA S.A.,Axia (ex-Eletrobras),inferido,IPCA_MAIS,S,Quirografária,N,AXIA ENERGIA S.A.,00001180000126,7.6116,0.0605,1102.51958,2031-09-15,2030-08-15,-0.0700000000000145,3.4938,ok,,,10,3.4937784065745427,-0.0006180498442110282,3.2466559428300874,14.730127982259022,3.3217138079488784,1.6419150560033735,-1.6050868484092318,-3.174366303929188,-6.209420704701618,3.3203065827413822,1.6417406313928673,-1.6049153114372199,-3.1730053029187926,-6.198709326014995,0.7178286051287803,1.4356572102575607,corrigido IPCA,0.9615341364659369,4.661085013549574,6.028521143926313,239.55519728416039,239.55519728416039
2026-10-02,ELET16,CENTRAIS ELETRICAS BRASILEIRAS S/A ELETROBRAS,AXIA ENERGIA S.A.,Axia (ex-Eletrobras),inferido,IPCA_MAIS,S,Quirografária,N,AXIA ENERGIA S.A.,00001180000126,7.7393,0.1034,1045.523949,2034-09-15,2035-05-15,21.93000000000005,6.1817,ok,,,16,6.1816692974507434,-0.0004966683801663743,5.737617839962524,43.675378443343206,5.962576211596149,2.9242155936884062,-2.815007349643972,-5.525505462751834,-10.650655707984436,5.9559947321792395,2.923403143035441,-2.8142146969270825,-5.519240947745808,-10.601728111058183,1.8954571196917036,3.790914239383407,corrigido IPCA,0.9546165549443184,21.750817169654198,6.2558624060564005,262.41611393984266,262.41611393984266
2026-10-02,ELET23,CENTRAIS ELETRICAS BRASILEIRAS S/A ELETROBRAS,AXIA ENERGIA S.A.,Axia (ex-Eletrobras),inferido,IPCA_MAIS,S,Quirografária,N,AXIA ENERGIA S.A.,00001180000126,7.6043,0.0757,1246.010847,2031-04-15,2031-05-15,4.100000000000037,3.9608,ok,,,10,3.960870455370344,0.001778816661889354,3.680959269629879,18.198360237045623,3.773783164885325,1.863454610611237,-1.8179548323889239,-3.591737491235958,-7.011874540052931,3.771951070815107,1.8632275851112465,-1.8177316845186327,-3.589967468444651,-6.997951334518845,0.15169349430628376,0.3033869886125675,corrigido IPCA,0.9246584822739156,1.116755148018525,6.078507366846808,236.60392887523426,236.60392887523426
2026-10-02,ELET42,CENTRAIS ELETRICAS BRASILEIRAS S/A ELETROBRAS,AXIA ENERGIA S.A.,Axia (ex-Eletrobras),inferido,IPCA_MAIS,S,Quirografária,N,AXIA ENERGIA S.A.,00001180000126,7.3783,0.0564,1455.699332,2029-05-15,2028-08-15,2.8200000000000003,1.4925,ok,,,6,1.492552923658197,0.003545973748541335,1.3899949278934356,3.811278809487514,1.4092979275263096,0.699792199935878,-0.6902636334159107,-1.3711792238149778,-2.7056669424237456,1.4090513219408731,0.6997615624585772,-0.6902333654348584,-1.370938533845998,-2.703764279597121,9.453425683500324,18.906851367000648,corrigido IPCA,0.9887117817781784,26.28042750256597,6.004086456717528,257.30900598139294,257.30900598139294
2026-10-02,ELPLA5,ELETROPAULO METROP. ELETRIC. DE S.P. S/A,ELETROPAULO METROPOL. ELETR. DE S.P. S/A,Enel,CVM FRE,IPCA_MAIS,S,Quirografária,N,ELETROPAULO METROPOL. ELETR. DE S.P. S/A,61695227000193,11.6907,0.243,1106.010734,2031-04-15,2030-08-15,407.8399999999999,3.1283,ok,,,10,3.1283506775651206,0.0016199713940728982,2.8009052477646934,11.336832743655252,2.8585671556358383,1.4147449455278016,-1.3864010297840679,-2.745169471717357,-5.382548348688266,2.85758941148297,1.414623664811916,-1.3862815829527777,-2.7442210840464174,-5.375073840656282,73.91060430560624,147.82120861121248,corrigido IPCA,0.8197979575754328,414.03319893006454,5.987041980259944,720.2992809604885,720.2992809604885
2026-10-02,ELPLA7,ELETROPAULO METROP. ELETRIC. DE S.P. S/A,ELETROPAULO METROPOL. ELETR. DE S.P. S/A,Enel,CVM FRE,IPCA_MAIS,S,Quirografária,N,ELETROPAULO METROPOL. ELETR. DE S.P. S/A,61695227000193,11.6658,0.2918,1018.549934,2032-04-15,2031-05-15,410.2500000000001,3.766,ok,,,12,3.7659975312646417,-6.555324902716425e-05,3.3725612777275065,16.161605062987093,3.454977467618492,1.7066819252054,-1.6662745148299463,-3.293307027976433,-6.434113042917156,3.4533693030424417,1.706482645192487,-1.6660786325350194,-3.2917532524125717,-6.421890454195271,60.645351183747,121.290702367494,corrigido IPCA,0.8469932477823456,409.0603261529822,6.05822006696326,716.0395383836396,716.0395383836396
2026-10-02,ELPLC8,ELETROPAULO METROP. ELETRIC. DE S.P. S/A,ELETROPAULO METROPOL. ELETR. DE S.P. S/A,Enel,CVM FRE,IPCA_MAIS,S,Quirografária,N,ELETROPAULO METROPOL. ELETR. DE S.P. S/A,61695227000193,9.7824,0.2567,1130.192323,2029-06-15,2029-05-15,237.24000000000007,2.6706,ok,,,1,2.67063492063492,0.0013075951067238014,2.432662175936143,8.133739899476646,2.4739151569177498,1.2265708238671902,-1.2062355434401706,-2.392562861707992,-4.707147166608239,2.4733308754335264,1.2264982628424175,-1.2061639130937256,-2.39199347643876,-4.702649553882753,46.50421407302246,93.00842814604492,corrigido IPCA,1.0738726936961744,226.25808519415807,5.937259322700439,497.79170829000327,497.79170829000327
2026-10-02,ELTE12,EMPRESA LITORANEA DE TRANSMISSAO DE ENERGIA S.A. - ELTE,EMPRESA LITORANEA DE TRANSMISSAO DE ENERGIA S.A. - ELTE,Isolada (a identificar),,IPCA_MAIS,S,Real,N,EMPRESA LITORANEA DE TRANSMISSAO DE ENERGIA S.A. - ELTE,20626892000148,7.4283,0.1199,942.580621,2039-07-15,2033-05-15,-10.280000000000022,5.4719,ok,,,26,5.471918085758684,0.0003305206360578522,5.093553640668877,43.66029482896622,5.319916097323474,2.6023440428662115,-2.493163068888027,-4.882828962253694,-9.372731177804939,5.311855114813708,2.6013521888706466,-2.4922014517982305,-4.875252166524046,-9.31390138475843,-0.0028793530195976628,-0.0057587060391953255,corrigido IPCA,0.9624556811903001,-0.0293322781114852,6.20777743069294,234.0536828376289,234.0536828376289
2026-10-02,ELTN15,CENTRAIS ELETRICAS DO NORTE DO BRASIL S/A - ELETRONORTE,CENTRAIS ELETRICAS DO NORTE DO BRASIL S/A - ELETRONORTE,Axia (ex-Eletrobras),CVM FRE,IPCA_MAIS,S,Quirografária,N,CENTRAIS ELETRICAS DO NORTE DO BRASIL S/A - ELETRONORTE,00357038000116,7.5458,0.0873,1097.766417,2031-04-15,2031-05-15,-1.750000000000007,3.8512,ok,,,10,3.8511928078449067,-0.00018675101509297792,3.5809792738023303,17.57756086356594,3.6706305570732622,1.812680114598697,-1.7687324869770094,-3.4947953131875265,-6.823810391873753,3.6688670781201598,1.8124615879806225,-1.7685176858217078,-3.4930914694845008,-6.810407330333342,-0.5751099679395106,-1.1502199358790213,corrigido IPCA,0.9854576622289567,-4.11891375069702,6.067196534628572,230.19628179643308,230.19628179643308
2026-10-02,ELTN27,CENTRAIS ELETRICAS DO NORTE DO BRASIL S/A - ELETRONORTE,CENTRAIS ELETRICAS DO NORTE DO BRASIL S/A - ELETRONORTE,Axia (ex-Eletrobras),CVM FRE,IPCA_MAIS,S,Real,N,CENTRAIS ELETRICAS DO NORTE DO BRASIL S/A - ELETRONORTE,00357038000116,7.6483,0.0673,1049.263989,2032-07-15,2032-08-15,8.830000000000027,4.7223,ok,,,12,4.7222717712254,-0.0005977759693290494,4.386759262547946,25.88742315768027,4.519268811410626,2.2261191087956433,-2.161393048910698,-4.260274485593573,-8.278933268549594,4.516196378336347,2.2257389102210734,-2.1610203523268723,-4.257322146759544,-8.255770061942286,0.8095503053476273,1.6191006106952546,corrigido IPCA,1.0010125222309976,7.102604600964443,6.149333118901934,244.58291068188385,244.58291068188385
2026-10-02,ELTN37,CENTRAIS ELETRICAS DO NORTE DO BRASIL S/A - ELETRONORTE,CENTRAIS ELETRICAS DO NORTE DO BRASIL S/A - ELETRONORTE,Axia (ex-Eletrobras),CVM FRE,IPCA_MAIS,S,Real,N,CENTRAIS ELETRICAS DO NORTE DO BRASIL S/A - ELETRONORTE,00357038000116,7.7586,0.1116,1029.53947,2035-07-15,2035-05-15,23.86000000000008,6.5081,ok,,,18,6.508113129573628,0.00020174203881796732,6.0395301438341145,49.48011767174415,6.294954753959048,3.082604868497074,-2.9588787979021536,-5.7997408800773425,-11.148807516699932,6.286930732192836,3.0816152190067374,-2.957914924827377,-5.792129555475394,-11.089457934233346,2.208051634371582,4.416103268743164,corrigido IPCA,0.9821950631297043,26.671188809858705,6.276284979556612,267.96233756779924,267.96233756779924
2026-10-02,ENAT11,ENAUTA PARTICIPACOES S.A.,BRAVA ENERGIA S.A.,Isolada (a identificar),,IPCA_MAIS,S,Real,N,BRAVA ENERGIA S.A.,12091809000155,8.5399,0.1954,1090.940778,2029-12-15,2028-08-15,118.9799999999999,1.5219,ok,,,7,1.5219665139661576,0.004370455756457923,1.402218459724173,4.079998960908616,1.4228961314758815,0.7062437169419011,-0.6960432853603038,-1.3820891918812195,-2.7249759404952667,1.422618454528716,0.7062092285632222,-0.6960092311609507,-1.38181846491963,-2.7228369402301738,48.58101475056445,97.1620295011289,corrigido IPCA,1.0480516729263296,136.2423913507476,5.992616345493795,387.7732931771476,387.7732931771476
2026-10-02,ENAT12,ENAUTA PARTICIPACOES S.A.,BRAVA ENERGIA S.A.,Isolada (a identificar),,IPCA_MAIS,S,Real,N,BRAVA ENERGIA S.A.,12091809000155,8.7416,0.1713,1118.746904,2029-09-17,2028-08-15,139.14999999999998,1.8126,ok,,,6,1.8125893689761983,-0.000586506885232348,1.6668775969603153,4.7665364924922775,1.691025270401858,0.8394360993080108,-0.8275192796418196,-1.6433522472614093,-3.2408535492455592,1.6907102794227766,0.8393969690957731,-0.8274806278645424,-1.6430449144978543,-3.2384244640707855,44.31376705147483,88.62753410294965,corrigido IPCA,0.9764464082989648,147.73125107004313,5.921979885780648,401.20280284599977,401.20280284599977
2026-10-02,ENAT13,ENAUTA PARTICIPACOES S.A.,BRAVA ENERGIA S.A.,Isolada (a identificar),,IPCA_MAIS,S,Quirografária,N,BRAVA ENERGIA S.A.,12091809000155,8.9739,0.1182,1103.695838,2030-06-15,2030-08-15,136.16000000000003,3.167,ok,,,8,3.1670627151629884,0.0019802703817055124,2.9062580261539583,11.967937031026256,2.967130140536489,1.4682170072334966,-1.438295245032506,-2.847420042267468,-5.581053003662262,2.9660977113090894,1.468088934365762,-1.4381690917881964,-2.846418340998827,-5.573157311687392,24.434411987944156,48.86882397588831,corrigido IPCA,0.997346668906582,142.0254119086304,5.99146318618613,400.4122062994582,400.4122062994582
2026-10-02,ENAT14,ENAUTA PARTICIPACOES S.A.,BRAVA ENERGIA S.A.,Isolada (a identificar),,IPCA_MAIS,S,Quirografária,N,BRAVA ENERGIA S.A.,12091809000155,8.855,0.1027,1106.961369,2030-06-15,2030-08-15,124.27000000000001,3.1684,ok,,,8,3.1684251937518675,0.0007951569204450384,2.910684115338632,12.000422649218127,2.97172265532073,1.4704711536339676,-1.4404681678267584,-2.8516875478922787,-5.589285644458608,2.9706862285847224,1.4703425859808388,-1.4403415293577932,-2.850682002092541,-5.581359777692901,22.352209154252478,44.704418308504955,corrigido IPCA,1.0006124297914665,130.1204402560189,5.991618878413574,386.40865407335536,386.40865407335536
2026-10-02,ENAT24,ENAUTA PARTICIPACOES S.A.,BRAVA ENERGIA S.A.,Isolada (a identificar),,IPCA_MAIS,S,Quirografária,N,BRAVA ENERGIA S.A.,12091809000155,9.044,0.1945,1093.141002,2034-06-15,2032-08-15,148.4000000000001,5.0937,ok,,,16,5.0936710100976175,-0.0005691325045182848,4.671207044952145,30.45568416586589,4.827500096697213,2.3741693817452614,-2.298019353916192,-4.522770077677674,-8.76337872615478,4.823485465781474,2.373673127683405,-2.29753391726874,-4.5189286241228155,-8.733300406586972,15.993541144776922,31.987082289553843,corrigido IPCA,0.9881198294598534,149.4182841384279,6.1794713571034166,412.02332529087363,412.02332529087363
2026-10-02,ENAT33,ENAUTA PARTICIPACOES S.A.,BRAVA ENERGIA S.A.,Isolada (a identificar),,IPCA_MAIS,S,Quirografária,N,BRAVA ENERGIA S.A.,12091809000155,9.0469,0.1693,1093.036062,2034-06-15,2032-08-15,148.6900000000001,5.094,ok,,,16,5.094082649009742,0.0016224776156628226,4.671460306537593,30.457453784863194,4.827762397148061,2.3742982482614527,-2.298143795947727,-4.523014676125481,-8.763851316203974,4.823747575461909,2.373801970499876,-2.297658336037718,-4.519173037613278,-8.733771537377923,16.023629213198824,32.04725842639765,corrigido IPCA,0.9877140467513655,149.70749567226903,6.179503389276619,412.3641643449273,412.3641643449273
2026-10-02,ENERA1,ENERGISA MATO GROSSO DO SUL - DISTRIBUIDORA DE ENERGIA S.A.,ENERGISA MATO GROSSO DO SUL - DISTRIBUIDORA DE ENERGIA S.A.,Energisa,CVM FRE,IPCA_MAIS,S,Quirografária,N,ENERGISA MATO GROSSO DO SUL - DISTRIBUIDORA DE ENERGIA S.A.,15413826000150,8.0368,0.0457,1068.56435,2031-02-15,2030-08-15,42.44999999999992,3.4329,ok,,,9,3.4329274214560805,0.0007987840042086468,3.1775537793197137,13.926950442367831,3.248464200691381,1.6063437536518066,-1.5715238698434053,-3.1091545548323385,-6.0862990853268855,3.247188531531553,1.6061855777128167,-1.5713682016068973,-3.107919027107875,-6.076568549792071,7.372277432261042,14.744554864522083,corrigido IPCA,0.9471867981788917,46.85161603414902,6.021701613641994,289.12319563070935,289.12319563070935
2026-10-02,ENERB4,ENERGISA MATO GROSSO DO SUL - DISTRIBUIDORA DE ENERGIA S.A.,ENERGISA MATO GROSSO DO SUL - DISTRIBUIDORA DE ENERGIA S.A.,Energisa,CVM FRE,IPCA_MAIS,S,Quirografária,N,ENERGISA MATO GROSSO DO SUL - DISTRIBUIDORA DE ENERGIA S.A.,15413826000150,8.1794,0.0678,993.448828,2034-09-15,2035-05-15,65.93999999999997,6.2213,ok,,,16,6.221361544070377,0.0009892477517052698,5.750966953107873,43.726427364737425,5.976172007986635,2.930952935347131,-2.821617152229672,-5.53859210271781,-10.676279872989847,5.96959908993156,2.9301415107598583,-2.8208254423480144,-5.532334816284186,-10.627405358920997,5.718225357189153,11.436450714378307,corrigido IPCA,0.9060606108949585,65.77065011923656,6.258394897480368,314.24440942966686,314.24440942966686
2026-10-02,ENERB7,ENERGISA MATO GROSSO DO SUL - DISTRIBUIDORA DE ENERGIA S.A.,ENERGISA MATO GROSSO DO SUL - DISTRIBUIDORA DE ENERGIA S.A.,Energisa,CVM FRE,IPCA_MAIS,S,Quirografária,N,ENERGISA MATO GROSSO DO SUL - DISTRIBUIDORA DE ENERGIA S.A.,15413826000150,8.2283,0.0726,975.419578,2035-09-15,2035-05-15,70.83000000000013,6.6697,ok,,,18,6.669717364191507,0.0002603444158940525,6.162637096019716,51.06394438427383,6.426329768497552,3.1461810241862675,-3.0184940055152043,-5.915255510820272,-11.365877807577595,6.417956817941086,3.1451484784901997,-3.0174886175295157,-5.907317374098347,-11.303995304353954,6.019250319965451,12.038500639930902,corrigido IPCA,0.9321512954038924,74.18891062409526,6.286079370689213,323.8917288096457,323.8917288096457
2026-10-02,ENERB8,ENERGISA MATO GROSSO DO SUL - DISTRIBUIDORA DE ENERGIA S.A.,ENERGISA MATO GROSSO DO SUL - DISTRIBUIDORA DE ENERGIA S.A.,Energisa,CVM FRE,IPCA_MAIS,S,Quirografária,N,ENERGISA MATO GROSSO DO SUL - DISTRIBUIDORA DE ENERGIA S.A.,15413826000150,8.1843,0.0827,1000.91597,2036-07-15,2035-05-15,66.43000000000008,6.359,ok,,,20,6.358990544662345,-0.00014869221033279013,5.877923640179161,47.750908640529,6.124427120446918,2.9996060953968673,-2.880203781782842,-5.646517087691716,-10.858116906891036,6.116678183381806,2.9986504558902416,-2.8792731842889197,-5.6391690969765165,-10.800829107547742,5.909005908861531,11.818011817723063,corrigido IPCA,0.9990400854462378,69.4653710433111,6.267067503000634,318.0912354304588,318.0912354304588
2026-10-02,ENERC7,ENERGISA MATO GROSSO DO SUL - DISTRIBUIDORA DE ENERGIA S.A.,ENERGISA MATO GROSSO DO SUL - DISTRIBUIDORA DE ENERGIA S.A.,Energisa,CVM FRE,IPCA_MAIS,S,Quirografária,N,ENERGISA MATO GROSSO DO SUL - DISTRIBUIDORA DE ENERGIA S.A.,15413826000150,8.1157,0.0888,956.217525,2040-09-15,2040-08-15,84.47000000000004,8.4981,ok,,,28,8.498067481142245,-0.0003826603329674073,7.860160440289658,86.85542972725982,8.313613037735967,4.041003742701776,-3.823783660890656,-7.443753416291887,-14.121404227132818,8.294437588925957,4.038649507303904,-3.821510932985754,-7.42588329165336,-13.983212286034119,4.890669048734724,9.781338097469447,corrigido IPCA,0.9138010277670843,76.88288676682745,6.3865658054073515,325.48161643123643,325.48161643123643
2026-10-02,ENEV13,ENEVA S.A.,ENEVA S.A.,Eneva,inferido,IPCA_MAIS,S,Quirografária,N,ENEVA S.A.,04423567000121,6.3363,0.0879,968.931047,2027-12-15,2027-05-15,72.62999999999992,0.6704,ok,,,3,0.6704230649262358,0.003440472290547038,0.6304743205530339,1.2055167027438953,0.6365609600278876,0.3167514021814588,-0.3137375397277431,-0.6245046601383364,-1.2372972860126619,0.6365019040667534,0.31674405615494683,-0.3137302643980871,-0.6244467370393144,-1.23683830705119,-2.2550562946045427,-4.510112589209085,corrigido IPCA,0.9993233446478293,-2.843510170299282,7.035561594768458,225.75792303972116,225.75792303972116
2026-10-02,ENEV15,ENEVA S.A.,ENEVA S.A.,Eneva,inferido,IPCA_MAIS,S,Quirografária,N,ENEVA S.A.,04423567000121,7.7182,0.0865,1392.7129,2030-06-15,2029-05-15,30.820000000000025,2.451,ok,,,8,2.450978801273885,-0.0008649011062809465,2.275361824904134,8.041920319864875,2.3162004719314844,1.147811383503461,-1.1277054855486912,-2.2357637067571545,-4.3947095936559215,2.3155714265034586,1.1477333128518983,-1.127628512052236,-2.23515222330481,-4.389885243410971,5.747800823377996,11.495601646755992,corrigido IPCA,0.9659767097202898,26.15665314133368,5.918023552270868,261.31589961782214,261.31589961782214
2026-10-02,ENEV16,ENEVA S.A.,ENEVA S.A.,Eneva,inferido,IPCA_MAIS,S,Quirografária,N,ENEVA S.A.,04423567000121,7.7114,0.096,1302.323489,2030-09-15,2029-05-15,30.14000000000001,2.7445,ok,,,8,2.7445302224342907,0.0011012000105935025,2.548040618202243,9.572872204083584,2.5966890241369,1.2860836806378506,-1.2621500816725417,-2.500937599518638,-4.91062736634812,2.595904979222661,1.2859863993562262,-1.262054218846017,-2.5001762571818253,-4.904623792322814,4.08151513201498,8.16303026402996,corrigido IPCA,0.9127676999231679,20.799732680362517,5.944699797912811,256.16753338918755,256.16753338918755
2026-10-02,ENEV18,ENEVA S.A.,ENEVA S.A.,Eneva,inferido,IPCA_MAIS,S,Quirografária,S,ENEVA S.A.,04423567000121,7.9556,0.1223,1142.242545,2032-07-15,2031-05-15,39.22999999999996,4.0586,ok,,,12,4.058642815611441,0.001054935481228732,3.7595481990850326,19.465971735421142,3.858958453070116,1.9043642097436697,-1.8556945948382864,-3.664223729867344,-7.145534607329907,3.8568780577621387,1.9041065642117927,-1.8554416348732399,-3.6622183404079265,-7.129776963461643,5.024289527825202,10.048579055650404,corrigido IPCA,0.9605285991104544,37.77811729203405,6.088352014750464,279.6984382420826,279.6984382420826
2026-10-02,ENEV19,ENEVA S.A.,ENEVA S.A.,Eneva,inferido,IPCA_MAIS,S,Quirografária,N,ENEVA S.A.,04423567000121,7.9276,0.1179,1157.879124,2032-09-15,2031-05-15,36.43000000000001,4.2075,ok,,,12,4.2075690740417,0.0016416884539666133,3.898510736865918,20.698198207000804,4.004263232454353,1.975408140619983,-1.9236574554108432,-3.7971981744451044,-7.400169021716518,4.002001727900922,1.97512811619171,-1.9233826206742077,-3.795019745830914,-7.38305750959182,4.471032655809004,8.942065311618007,corrigido IPCA,0.9637617831790621,34.860737627099084,6.102911739424766,276.5041430645298,276.5041430645298
2026-10-02,ENEV26,ENEVA S.A.,ENEVA S.A.,Eneva,inferido,IPCA_MAIS,S,Quirografária,N,ENEVA S.A.,04423567000121,8.0174,0.0806,1148.286514,2035-09-15,2035-05-15,49.74000000000007,6.5417,ok,,,18,6.541766442241251,0.0010156723978640807,6.056215426626868,47.253368105820954,6.299753135104735,3.0880717406862823,-2.969916009909024,-5.826862258536325,-11.221335342790672,6.292482267155973,3.08717442344571,-2.969041003181158,-5.819948586097763,-11.167363491137316,4.108773237280639,8.217546474561278,corrigido IPCA,0.8048068408383717,49.76723172826124,6.278340771015212,295.5886739003432,295.5886739003432
2026-10-02,ENEV28,ENEVA S.A.,ENEVA S.A.,Eneva,inferido,IPCA_MAIS,S,Quirografária,S,ENEVA S.A.,04423567000121,8.0309,0.1405,1095.433754,2037-07-15,2037-05-15,53.18000000000005,7.0919,ok,,,22,7.0919410967884575,0.0005794891137445642,6.564733883350465,58.839127939572535,6.869388796389053,3.3572042572718175,-3.210069866727172,-6.280411959122034,-12.029501632299123,6.858929523048328,3.3559158515996987,-3.208818031750767,-6.270538243652603,-11.95268520790948,4.39976675157739,8.79953350315478,corrigido IPCA,0.9211663983116428,57.7665957458378,6.310824510122193,304.23996331240664,304.23996331240664
2026-10-02,ENEV29,ENEVA S.A.,ENEVA S.A.,Eneva,inferido,IPCA_MAIS,S,Quirografária,N,ENEVA S.A.,04423567000121,8.0155,0.1514,1125.918181,2037-09-15,2037-05-15,51.63999999999991,7.187,ok,,,22,7.186986546591383,-0.00018719088099845241,6.653662249021097,60.20411664796755,6.965505576447906,3.403419229782756,-3.252870689444143,-6.362851979139739,-12.18265345902304,6.954682832260935,3.4020862703205084,-3.251575978700589,-6.35264166578126,-12.103242165082843,4.258821637911277,8.517643275822554,corrigido IPCA,0.9371590798322488,56.67352151496892,6.316243870367888,302.9197016039493,302.9197016039493
2026-10-02,ENEV32,ENEVA S.A.,ENEVA S.A.,Eneva,inferido,IPCA_MAIS,S,Quirografária,N,ENEVA S.A.,04423567000121,7.635,0.1643,1446.230592,2029-05-15,2028-08-15,28.48999999999995,1.4921,ok,,,6,1.492146241692315,0.0030991014218243445,1.3863020780343895,3.791222205050226,1.4055028753024112,0.6979204662808991,-0.6884420449524087,-1.367584797591348,-2.698667731461024,1.4052581890596407,0.6978900667735075,-0.688412011260882,-1.3673459670091384,-2.6967797119677743,18.756837002757415,37.51367400551483,corrigido IPCA,0.9828356865213403,52.00528422854987,6.0042518438681025,287.58231689269894,287.58231689269894
2026-10-02,ENEV39,ENEVA S.A.,ENEVA S.A.,Eneva,inferido,IPCA_MAIS,S,Quirografária,N,ENEVA S.A.,04423567000121,7.8884,0.1596,1128.326841,2042-09-15,2040-08-15,61.739999999999995,9.5484,ok,,,32,9.548382876335932,-0.00017933542864688053,8.850240504387806,114.02950441473351,9.450063538651321,4.571289360670305,-4.286069278294136,-8.307424705970167,-15.630103577539156,9.420388026461474,4.56765713271232,-4.282583371675487,-8.28009298231414,-15.419890920480942,3.5223013215175865,7.044602643035173,corrigido IPCA,0.9391639239934146,62.34642764870728,6.438198976516851,307.06509655066765,307.06509655066765
2026-10-02,ENEVA0,ENEVA S.A.,ENEVA S.A.,Eneva,inferido,IPCA_MAIS,S,Quirografária,N,ENEVA S.A.,04423567000121,7.9666,0.0949,1071.01405,2034-04-15,2033-05-15,43.54999999999993,5.1713,ok,,,16,5.17127029698928,-0.0005743818908102973,4.789694495324739,31.452796810011343,4.951111016258336,2.4346765436194406,-2.3560333609376483,-4.6364038952608215,-8.981444272889561,4.946958479374796,2.434163243674884,-2.355531251649855,-4.632430511274683,-8.950333054449253,4.246372700605134,8.492745401210268,corrigido IPCA,0.9624845694940259,40.67765589837131,6.185460063918247,284.2657716150795,284.2657716150795
2026-10-02,ENEVA4,ENEVA S.A.,ENEVA S.A.,Eneva,inferido,IPCA_MAIS,S,Quirografária,S,ENEVA S.A.,04423567000121,8.0083,0.0991,963.812422,2036-01-15,2035-05-15,48.83000000000006,6.8321,ok,,,19,6.832090095981131,-0.00014496302555616107,6.325523219957291,54.20880799667281,6.605742154066818,3.231653612254015,-3.096100997039042,-6.063164212833982,-11.634525922945983,6.596567259940656,3.2305226199744865,-3.095000599982804,-6.054479179973927,-11.566870279981126,4.227902746855101,8.455805493710201,corrigido IPCA,0.9332883596990595,53.4873939939063,6.295732419908484,299.43948591417796,299.43948591417796
2026-10-02,ENEVB0,ENEVA S.A.,ENEVA S.A.,Eneva,inferido,IPCA_MAIS,S,Quirografária,N,ENEVA S.A.,04423567000121,8.0748,0.1894,1035.153326,2039-04-15,2037-05-15,57.56999999999994,7.7465,ok,,,26,7.7465423202828845,0.0005463148891023257,7.167760033127874,72.84029947440781,7.546668760236175,3.6767387119061024,-3.494580328995478,-6.817342850614738,-12.985593042552123,7.531961530499914,3.674930390906947,-3.492829642220928,-6.803558535755835,-12.878714076767594,4.762329519408493,9.524659038816987,corrigido IPCA,0.9302577472429445,68.27047038760254,6.347188180515451,315.81155451809633,315.81155451809633
2026-10-02,ENEVB4,ENEVA S.A.,ENEVA S.A.,Eneva,inferido,IPCA_MAIS,S,Quirografária,S,ENEVA S.A.,04423567000121,7.9599,0.1324,943.035658,2041-01-15,2040-08-15,68.89000000000003,8.6227,ok,,,29,8.562481965571733,-0.6983663403373332,7.931168855817515,89.02140975368117,8.396192374535216,4.0793059156406075,-3.85666684026702,-7.504608182290273,-14.225279094400967,8.37627590458592,4.076861190100859,-3.854307665716656,-7.486061807049109,-14.081909516561405,3.9143837024340953,7.828767404868191,corrigido IPCA,0.9138737662131559,62.0912762209299,6.389839892324511,308.0049314028605,308.0049314028605
2026-10-02,ENGI39,ENERGISA S/A,ENERGISA SA,Energisa,CVM FRE,IPCA_MAIS,S,Quirografária,S,ENERGISA SA,00864214000106,6.2827,0.4436,1633.185829,2027-10-15,2027-05-15,67.26999999999998,0.9754,ok,,,2,0.975471444334839,0.007324619114103543,0.9178083021365087,1.7463099793298207,0.9266234267810924,0.46109743569320294,-0.45673156291712314,-0.9091587603922924,-1.8013403754892243,0.9265398520331578,0.4610870385424166,-0.4567212635940921,-0.9090767522398596,-1.8006904046864212,-16.929346205534234,-33.85869241106847,corrigido IPCA,1.037678404103731,-31.07578899436504,6.432509138845233,186.4620541109658,186.4620541109658
2026-10-02,ENGIA4,ENERGISA S/A,ENERGISA SA,Energisa,CVM FRE,IPCA_MAIS,S,Quirografária,N,ENERGISA SA,00864214000106,5.91,0.1609,1422.379343,2027-10-15,2027-05-15,29.999999999999982,0.9932,ok,,,3,0.9932002570157685,2.5877544155923717e-05,0.9377776008080149,1.7867786938195918,0.9467972107575662,0.4711329372226958,-0.46666588987700486,-0.9289278126521472,-1.840486202964231,0.9467114942771129,0.4711222737712819,-0.46665532703673296,-0.9288437073389169,-1.839819627739638,-35.965544687550626,-71.93108937510125,corrigido IPCA,1.0035175551059596,-67.45536441768934,6.407953919988896,143.12757548778995,143.12757548778995
2026-10-02,ENGIA5,ENERGISA S/A,ENERGISA SA,Energisa,CVM FRE,IPCA_MAIS,S,Quirografária,N,ENERGISA SA,00864214000106,8.023,0.0734,1237.322188,2031-10-15,2030-08-15,41.069999999999936,3.4712,ok,,,11,3.4712285064945374,0.0008212288124377513,3.21341613035607,14.74701182221395,3.2885724655852044,1.6253179858976008,-1.5884475201118464,-3.1410553458968815,-6.142706669073172,3.28715118946714,1.6251418299558025,-1.5882743004002675,-3.139681071245,-6.13189202426786,7.077057895815222,14.154115791630444,corrigido IPCA,0.9652445341351351,45.48306399575284,6.026000424699807,287.5997203986682,287.5997203986682
2026-10-02,ENGIA6,ENERGISA S/A,ENERGISA SA,Energisa,CVM FRE,IPCA_MAIS,S,Quirografária,N,ENERGISA SA,00864214000106,7.6635,0.103,1213.707508,2029-04-15,2028-08-15,31.339999999999968,1.4034,ok,,,6,1.403384770793875,-0.0010851650367013647,1.3034916854773204,3.496485113166568,1.3211963870111365,0.6561440665271867,-0.6474025256311355,-1.2862262828519322,-2.5387695460510007,1.3209741110431532,0.6561164491301185,-0.647375236347202,-1.2860092599114876,-2.5370536686913097,22.38757283123273,44.77514566246546,corrigido IPCA,1.0081603754272377,58.36403008705963,6.045141155563116,295.1382804680928,295.1382804680928
2026-10-02,ENGIA9,ENERGISA S/A,ENERGISA SA,Energisa,CVM FRE,IPCA_MAIS,S,Quirografária,N,ENERGISA SA,00864214000106,8.0247,0.0864,1086.939009,2030-09-15,2030-08-15,41.239999999999895,3.1129,ok,,,8,3.1129666843985815,0.0021421953349515474,2.8817175001630013,11.625550324269208,2.940838712631133,1.4555139283536134,-1.4264482083820251,-2.824553690281839,-5.538522266078838,2.939845251784347,1.455390687986837,-1.426326812176164,-2.8235897485416555,-5.530923993840618,8.25413785000162,16.50827570000324,corrigido IPCA,0.9502424191550611,47.57218698221495,5.9852869976020795,289.04488598461126,289.04488598461126
2026-10-02,ENGIB0,ENERGISA S/A,ENERGISA SA,Energisa,CVM FRE,IPCA_MAIS,S,Quirografária,N,ENERGISA SA,00864214000106,7.9372,0.1244,1073.594426,2031-04-15,2031-05-15,37.389999999999986,3.8587,ok,,,10,3.8587223220561024,0.0005784864359147277,3.5749698176866755,17.49619400831187,3.6642002810835406,1.8095719513493425,-1.7658277828025093,-3.4891793762106715,-6.813314817515581,3.6624507877282344,1.8093551513537274,-1.765614666332948,-3.4874888476451162,-6.800015755207113,4.892017219837878,9.784034439675755,corrigido IPCA,0.9642809067274243,34.97762781704779,6.067981955854185,276.21521625569073,276.21521625569073
2026-10-02,ENGIB2,ENERGISA S/A,ENERGISA SA,Energisa,CVM FRE,IPCA_MAIS,S,Quirografária,N,ENERGISA SA,00864214000106,8.176,0.085,993.643105,2034-09-15,2035-05-15,65.60000000000005,6.2215,ok,,,16,6.221557826287016,0.000929458924962794,5.751329154606397,43.73095743203134,5.976557779810321,2.9311398119151066,-2.82179270019447,-5.538932519219153,-10.676920395544641,5.969983941766554,2.9303282740932377,-2.8210008805131594,-5.532674367446241,-10.628039160572168,5.688285338911744,11.376570677823487,corrigido IPCA,0.9062377984343484,65.4304026188065,6.258407385205023,313.8442704886964,313.8442704886964
2026-10-02,ENGIB4,ENERGISA S/A,ENERGISA SA,Energisa,CVM FRE,IPCA_MAIS,S,Quirografária,N,ENERGISA SA,00864214000106,7.7003,0.0967,1330.106823,2030-10-15,2029-05-15,29.030000000000022,2.7489,ok,,,9,2.7489551847790348,0.002007522246530542,2.552411817589213,9.746804952393747,2.6019546940949434,1.2884897658938854,-1.264121274523522,-2.504462970481436,-4.916078093354537,2.6011458423511815,1.2883894149850985,-1.2640224026041142,-2.503677792827244,-4.909887536130551,3.707544614017407,7.415089228034814,corrigido IPCA,0.9384174187622909,18.926361374114535,5.945156524079698,254.10177020282845,254.10177020282845
2026-10-02,ENGIB6,ENERGISA S/A,ENERGISA SA,Energisa,CVM FRE,IPCA_MAIS,S,Quirografária,N,ENERGISA SA,00864214000106,7.9634,0.1514,1165.930312,2032-04-15,2031-05-15,40.01000000000001,3.8288,ok,,,12,3.8288296944014477,0.0007755537360925329,3.5464145204777244,17.682487997719313,3.6366553027064707,1.795536859650726,-1.751326634876882,-3.459766314789292,-6.753048858391519,3.634826960466321,1.7953103702360116,-1.751104150241713,-3.4580020804891283,-6.739179281001063,5.431358098833478,10.862716197666956,corrigido IPCA,0.9684744797994433,38.52369445523467,6.064856141226471,280.19256874387406,280.19256874387406
2026-10-02,ENGIB9,ENERGISA S/A,ENERGISA SA,Energisa,CVM FRE,IPCA_MAIS,S,Quirografária,N,ENERGISA SA,00864214000106,8.056,0.0661,1065.456579,2033-09-15,2032-08-15,49.59999999999995,4.9408,ok,,,14,4.940831900873822,0.0006456621158851864,4.572473440506609,27.935260192217097,4.715602577886013,2.32158287571842,-2.25173593283583,-4.4361092211303905,-8.61220574671825,4.712149741467695,2.321155795493576,-2.2513176450130334,-4.4327971395455235,-8.586241677168877,5.292884579910552,10.585769159821105,corrigido IPCA,0.9314616934631645,48.40314833061597,6.167375580319678,293.2982916206452,293.2982916206452
2026-10-02,ENGIC0,ENERGISA S/A,ENERGISA SA,Energisa,CVM FRE,IPCA_MAIS,S,Quirografária,N,ENERGISA SA,00864214000106,8.2163,0.0968,1002.499244,2039-04-15,2037-05-15,71.72,7.7896,ok,,,26,7.789648267635857,0.0006196420336998041,7.198220848093917,73.24722437823173,7.579249598315507,3.6924882857862107,-3.5093122736297278,-6.845849365737699,-13.038999932326645,7.564456969985075,3.6906694545197483,-3.5075513935741687,-6.831984726202759,-12.931497208623199,5.731531243427905,11.46306248685581,corrigido IPCA,0.900424657303434,82.5136553758888,6.349509866094061,332.5881334901003,332.5881334901003
2026-10-02,ENJG21,COMPANHIA ENERGÉTICA JAGUARA,COMPANHIA ENERGETICA JAGUARA..,Engie,CVM FRE,IPCA_MAIS,S,Real,N,COMPANHIA ENERGETICA JAGUARA..,28925264000175,5.9095,0.2872,348.028658,2027-06-15,2027-05-15,29.95000000000001,0.4312,ok,,,2,0.4312012406668337,0.0002877242193082818,0.4071412296978399,0.6032384296181584,0.41018228010698543,0.2043277568781532,-0.20281963452123408,-0.4041494756486741,-0.8024115589154501,0.41015742184593074,0.20432466288594267,-0.20281656681189728,-0.40412503754974916,-0.8022176908033166,59.172282574554174,118.34456514910835,corrigido IPCA,1.0221030855493622,48.1829517828641,7.850924768893686,281.3038050887619,281.3038050887619
2026-10-02,ENMI21,COMPANHIA ENERGÉTICA MIRANDA,COMPANHIA ENERGETICA MIRANDA,Engie,CVM FRE,IPCA_MAIS,S,Real,N,COMPANHIA ENERGETICA MIRANDA,28942127000149,5.4716,0.1116,398.884953,2027-06-15,2027-05-15,-13.840000000000074,0.4314,ok,,,2,0.431447795631875,0.011079191440661544,0.40906537459550724,0.6086739035799817,0.412133932891634,0.2052966647626553,-0.20377495321353134,-0.4060467661518907,-0.8061536949543924,0.4121087441134072,0.2052935296772286,-0.20377184491827866,-0.40602200507760733,-0.8059572711194148,5.282411600951349,10.564823201902698,corrigido IPCA,1.0239312967669612,4.321703360621633,7.849870275044601,229.68760049844738,229.68760049844738
2026-10-02,ENMTA3,ENERGISA MATO GROSSO - DISTRIBUIDORA DE ENERGIA S.A.,ENERGISA MATO GROSSO - DISTRIBUIDORA DE ENERGIA S.A.,Energisa,CVM FRE,IPCA_MAIS,S,Quirografária,N,ENERGISA MATO GROSSO - DISTRIBUIDORA DE ENERGIA S.A.,03467321000199,5.9733,0.1385,1421.535508,2027-10-15,2027-05-15,36.32999999999997,0.9932,ok,,,3,0.993185572943693,-0.0014525831964299872,0.9372035908513682,1.7846166753192976,0.946212235306354,0.47084321041712673,-0.46638156836814604,-0.9283644612933517,-1.8393802263536596,0.9461266742279647,0.4708325662698332,-0.46637102458153495,-0.9282805074747716,-1.8387148481963502,-32.61022923372467,-65.22045846744933,corrigido IPCA,1.0029222128319166,-61.12484787266604,6.407973871497807,150.57554871597065,150.57554871597065
2026-10-02,ENMTA4,ENERGISA MATO GROSSO - DISTRIBUIDORA DE ENERGIA S.A.,ENERGISA MATO GROSSO - DISTRIBUIDORA DE ENERGIA S.A.,Energisa,CVM FRE,IPCA_MAIS,S,Quirografária,N,ENERGISA MATO GROSSO - DISTRIBUIDORA DE ENERGIA S.A.,03467321000199,8.0075,0.0919,1237.938691,2031-10-15,2030-08-15,39.519999999999996,3.4715,ok,,,11,3.471470652828889,-0.0008453743658656817,3.2141014770538057,14.752663814041592,3.289286850629858,1.6256678205377462,-1.5887832224602438,-3.1417131770407614,-6.143970155207068,3.287864796124014,1.625491568294455,-1.588609908759351,-3.140338157983598,-6.13314967782678,6.834190893544596,13.668381787089192,corrigido IPCA,0.9657254736921119,43.931566090818706,6.026027534317913,285.7748055472988,285.7748055472988
2026-10-02,ENMTA5,ENERGISA MATO GROSSO - DISTRIBUIDORA DE ENERGIA S.A.,ENERGISA MATO GROSSO - DISTRIBUIDORA DE ENERGIA S.A.,Energisa,CVM FRE,IPCA_MAIS,S,Quirografária,N,ENERGISA MATO GROSSO - DISTRIBUIDORA DE ENERGIA S.A.,03467321000199,7.5049,0.091,1216.221999,2029-04-15,2028-08-15,15.479999999999983,1.4044,ok,,,6,1.4043873673999505,-0.0008995015700354601,1.3063473082621821,3.5101913185449534,1.3241217765376012,0.6575891639864606,-0.6488133550894837,-1.289014572350744,-2.5442161073446212,1.323898264854907,0.6575613932792722,-0.6487859149829099,-1.2887963516694574,-2.5424907901534652,16.24405922277685,32.4881184455537,corrigido IPCA,1.0102490257505568,42.44076608185203,6.04462291610306,276.39721972407096,276.39721972407096
2026-10-02,ENMTA7,ENERGISA MATO GROSSO - DISTRIBUIDORA DE ENERGIA S.A.,ENERGISA MATO GROSSO - DISTRIBUIDORA DE ENERGIA S.A.,Energisa,CVM FRE,IPCA_MAIS,S,Quirografária,N,ENERGISA MATO GROSSO - DISTRIBUIDORA DE ENERGIA S.A.,03467321000199,8.0025,0.0676,1069.729855,2031-02-15,2030-08-15,39.019999999999925,3.4333,ok,,,9,3.433256803655182,-0.0012581581807000577,3.1788678999608178,13.937610910501464,3.249833039147032,1.6070143146265092,-1.5721677760923702,-3.1104167311023057,-6.08872476191179,3.248555954513325,1.6068559636185353,-1.572011936342282,-3.10917984540831,-6.078983581711606,6.829255657018689,13.658511314037378,corrigido IPCA,0.9482199144255012,43.41860317744507,6.021738670982635,285.0848308932805,285.0848308932805
2026-10-02,ENMTB3,ENERGISA MATO GROSSO - DISTRIBUIDORA DE ENERGIA S.A.,ENERGISA MATO GROSSO - DISTRIBUIDORA DE ENERGIA S.A.,Energisa,CVM FRE,IPCA_MAIS,S,Quirografária,N,ENERGISA MATO GROSSO - DISTRIBUIDORA DE ENERGIA S.A.,03467321000199,7.6948,0.1089,1330.293565,2030-10-15,2029-05-15,28.479999999999972,2.749,ok,,,9,2.7490062508059423,0.0002273847196139432,2.5525895872464988,9.748066383789709,2.6021389223710223,1.2885802462615725,-1.2642086009526987,-2.504634578709364,-4.916409548110656,2.6013299191654475,1.2884798766029866,-1.2641097106435124,-2.5038492553275504,-4.910217846817204,3.5994332324834493,7.1988664649668985,corrigido IPCA,0.9385491701217454,18.37575157845252,5.945161801636956,253.45407649137752,253.45407649137752
2026-10-02,ENMTB5,ENERGISA MATO GROSSO - DISTRIBUIDORA DE ENERGIA S.A.,ENERGISA MATO GROSSO - DISTRIBUIDORA DE ENERGIA S.A.,Energisa,CVM FRE,IPCA_MAIS,S,Quirografária,N,ENERGISA MATO GROSSO - DISTRIBUIDORA DE ENERGIA S.A.,03467321000199,7.9862,0.146,1164.988096,2032-04-15,2031-05-15,42.29000000000003,3.8284,ok,,,12,3.8283815237601835,-0.00048260996281274056,3.545250711442928,17.672223228232824,3.635438665380031,1.7949419382881082,-1.7507573796217035,-3.458652392381112,-6.750915291906912,3.633611827584092,1.794715634756755,-1.750535076686173,-3.4568895953017638,-6.7370569583212,5.754999699057898,11.509999398115797,corrigido IPCA,0.9676918331809821,40.8058335548777,6.064809121833936,282.87680705727837,282.87680705727837
2026-10-02,ENMTC5,ENERGISA MATO GROSSO - DISTRIBUIDORA DE ENERGIA S.A.,ENERGISA MATO GROSSO - DISTRIBUIDORA DE ENERGIA S.A.,Energisa,CVM FRE,IPCA_MAIS,S,Quirografária,N,ENERGISA MATO GROSSO - DISTRIBUIDORA DE ENERGIA S.A.,03467321000199,8.1866,0.0983,981.370774,2035-09-15,2035-05-15,66.66000000000008,6.6642,ok,,,18,6.664215090146569,0.00022643597984382997,6.15992654371851,51.04094131749592,6.423501769186846,3.144796690992724,-3.0171671816818457,-5.912657569368907,-11.360897661381975,6.41513125030599,3.1437644485061247,-3.016162095212385,-5.904721837131031,-11.299034261087101,5.682945774691004,11.365891549382008,corrigido IPCA,0.9378385046313684,70.01305704806414,6.285749048461375,318.9746589650827,318.9746589650827
2026-10-02,ENMTC6,ENERGISA MATO GROSSO - DISTRIBUIDORA DE ENERGIA S.A.,ENERGISA MATO GROSSO - DISTRIBUIDORA DE ENERGIA S.A.,Energisa,CVM FRE,IPCA_MAIS,S,Quirografária,N,ENERGISA MATO GROSSO - DISTRIBUIDORA DE ENERGIA S.A.,03467321000199,8.2551,0.1312,984.585265,2040-10-15,2037-05-15,75.60000000000002,8.2001,ok,,,29,8.200142076054084,0.0005131163532479454,7.574832110500183,83.69693783617468,8.011825278724306,3.894309488076897,-3.684988310015913,-7.1735933962501335,-13.609081600241336,7.993316799681057,3.89203722754531,-3.6827948829548736,-7.15634742131931,-13.475725464276872,6.003663638304547,12.007327276609095,corrigido IPCA,0.9456060472702793,90.95348821614328,6.371223458384723,341.7510152702537,341.7510152702537
2026-10-02,ENMTD2,ENERGISA MATO GROSSO - DISTRIBUIDORA DE ENERGIA S.A.,ENERGISA MATO GROSSO - DISTRIBUIDORA DE ENERGIA S.A.,Energisa,CVM FRE,IPCA_MAIS,S,Quirografária,N,ENERGISA MATO GROSSO - DISTRIBUIDORA DE ENERGIA S.A.,03467321000199,8.1478,0.0759,1038.787142,2034-12-15,2035-05-15,62.78000000000006,6.1581,ok,,,17,6.1580567132264274,-0.0007029241742206464,5.694111866562637,44.09366531039602,5.921344494468972,2.903007858720308,-2.792753018799188,-5.480076805843337,-10.556576494814907,5.914580193114618,2.9021730149193137,-2.7919388516433234,-5.473643540010658,-10.506350426917354,5.585586589449111,11.171173178898222,corrigido IPCA,0.9575275408192887,63.609909761390625,6.254348951649491,311.4824332562936,311.4824332562936
2026-10-02,ENMTD5,ENERGISA MATO GROSSO - DISTRIBUIDORA DE ENERGIA S.A.,ENERGISA MATO GROSSO - DISTRIBUIDORA DE ENERGIA S.A.,Energisa,CVM FRE,IPCA_MAIS,S,Quirografária,N,ENERGISA MATO GROSSO - DISTRIBUIDORA DE ENERGIA S.A.,03467321000199,7.9829,0.2277,966.272456,2040-09-15,2040-08-15,71.19,8.5236,ok,,,27,8.505014805889042,-0.21804394986811051,7.876260783780619,87.14092713343044,8.331225726227064,4.049421158715871,-3.8314868890257925,-7.458504014140022,-14.148491348875147,8.311965419447773,4.047056550807098,-3.8292042329735216,-7.440556148113467,-14.00970302489263,4.036885016776524,8.073770033553048,corrigido IPCA,0.9193819632051379,63.59111829253701,6.386919646738831,309.85588234945914,309.85588234945914
2026-10-02,ENMTD9,ENERGISA MATO GROSSO - DISTRIBUIDORA DE ENERGIA S.A.,ENERGISA MATO GROSSO - DISTRIBUIDORA DE ENERGIA S.A.,Energisa,CVM FRE,IPCA_MAIS,S,Quirografária,N,ENERGISA MATO GROSSO - DISTRIBUIDORA DE ENERGIA S.A.,03467321000199,8.2138,0.2122,999.18247,2036-07-15,2035-05-15,69.38000000000014,6.3565,ok,,,20,6.356511183122614,0.00017593207920413518,5.874030098862265,47.700205171111435,6.1202691507442175,2.997594604010101,-2.8783190915165013,-5.642866837901206,-10.85126462325292,6.1125311247178225,2.996640305895022,-2.8773897929672434,-5.635529073006708,-10.7940560943023,6.1641345580743705,12.328269116148741,corrigido IPCA,0.9973098362856627,72.4166238551318,6.266912711564054,321.5614087089254,321.5614087089254
2026-10-02,ENMTE6,ENERGISA MATO GROSSO - DISTRIBUIDORA DE ENERGIA S.A.,ENERGISA MATO GROSSO - DISTRIBUIDORA DE ENERGIA S.A.,Energisa,CVM FRE,IPCA_MAIS,S,Quirografária,N,ENERGISA MATO GROSSO - DISTRIBUIDORA DE ENERGIA S.A.,03467321000199,8.1885,0.0876,1015.271423,2035-10-15,2035-05-15,66.85,6.4786,ok,,,19,6.4785996745157854,-5.023989977643084e-06,5.988251685267644,49.87946023683973,6.245876339398726,3.057489678302283,-2.932764192737358,-5.746652086625503,-11.039693078262836,6.237648986451844,3.056475167929872,-2.931776517337773,-5.738854384083446,-10.978914165798495,5.884124486175986,11.768248972351971,corrigido IPCA,0.975077344418599,70.47123674133591,6.2744748511702975,319.2859231548016,319.2859231548016
2026-10-02,ENMTF8,ENERGISA MATO GROSSO - DISTRIBUIDORA DE ENERGIA S.A.,ENERGISA MATO GROSSO - DISTRIBUIDORA DE ENERGIA S.A.,Energisa,CVM FRE,IPCA_MAIS,S,Quirografária,N,ENERGISA MATO GROSSO - DISTRIBUIDORA DE ENERGIA S.A.,03467321000199,8.1744,0.101,938.752648,2036-02-15,2035-05-15,65.44000000000008,6.9158,ok,,,19,6.915775340548258,-0.00035656687211752934,6.393171896999898,55.1226162853913,6.678171547326617,3.266646213405422,-3.128808202173139,-6.126441506354108,-11.75307685074195,6.668784978426855,3.2654892188566884,-3.12768267814321,-6.1175588155729415,-11.683891468291971,5.505452668065856,11.010905336131712,corrigido IPCA,0.9143777976316301,70.39461055548348,6.300638800358893,319.3370898393777,319.3370898393777
2026-10-02,ENMTG8,ENERGISA MATO GROSSO - DISTRIBUIDORA DE ENERGIA S.A.,ENERGISA MATO GROSSO - DISTRIBUIDORA DE ENERGIA S.A.,Energisa,CVM FRE,IPCA_MAIS,S,Quirografária,N,ENERGISA MATO GROSSO - DISTRIBUIDORA DE ENERGIA S.A.,03467321000199,8.0256,0.1144,916.156624,2041-02-15,2040-08-15,75.46000000000008,8.7301,ok,,,29,8.73012978175675,0.00034113878133828845,8.081537877833355,92.09343378267648,8.56294723159774,4.158455607343536,-3.9281306923296344,-7.640550210169305,-14.47171126679676,8.542005046746738,4.155885731145023,-3.9256521466883325,-7.621070708919973,-14.321207080013181,4.296868536922639,8.593737073845277,corrigido IPCA,0.8923685035617039,69.4506116744214,6.398292129938454,316.5775265749558,316.5775265749558
2026-10-02,ENSEA1,ENERGISA SERGIPE - DIST.DE ENERGIA S/A,ENERGISA SERGIPE - DISTRIBUIDORA DE ENERGIA S/A,Energisa,CVM FRE,IPCA_MAIS,S,Quirografária,N,ENERGISA SERGIPE - DISTRIBUIDORA DE ENERGIA S/A,13017462000163,6.3014,0.422,1257.180758,2027-07-15,2027-05-15,69.13999999999999,0.7563,ok,,,2,0.7562737894287007,-0.0034656315350068277,0.7114429249555516,1.1811657237726134,0.71740043979589,0.35720435166639586,-0.35425138060279915,-0.7055878747307287,-1.3996652278326582,0.7173487535744147,0.3571979196324916,-0.35424500532306,-0.7055370963366886,-1.399262535435651,14.18692579539566,28.37385159079132,corrigido IPCA,1.0083962228466068,20.186375968007304,6.825981103813739,244.16697858171,244.16697858171
2026-10-02,ENSEA5,ENERGISA SERGIPE - DIST.DE ENERGIA S/A,ENERGISA SERGIPE - DISTRIBUIDORA DE ENERGIA S/A,Energisa,CVM FRE,IPCA_MAIS,S,Quirografária,S,ENERGISA SERGIPE - DISTRIBUIDORA DE ENERGIA S/A,13017462000163,8.1678,0.2179,939.148867,2036-02-15,2035-05-15,64.78000000000002,6.9163,ok,,,19,6.9163707376737396,0.001022767574279378,6.3941124231737545,55.13550746536456,6.679179423480686,3.2671329461277043,-3.129262695030255,-6.127320281787019,-11.75472102959847,6.6697899605005775,3.2659755959185834,-3.1281368272551715,-6.118434885846932,-11.685514697040219,5.453017078496386,10.906034156992773,corrigido IPCA,0.9147637285461088,69.73440849078479,6.300673547090563,318.5608308253876,318.5608308253876
2026-10-02,ENSEB4,ENERGISA SERGIPE - DIST.DE ENERGIA S/A,ENERGISA SERGIPE - DISTRIBUIDORA DE ENERGIA S/A,Energisa,CVM FRE,IPCA_MAIS,S,Quirografária,N,ENERGISA SERGIPE - DISTRIBUIDORA DE ENERGIA S/A,13017462000163,8.1805,0.0818,985.17337,2035-09-15,2035-05-15,66.05000000000007,6.6559,ok,,,18,6.655947392243146,0.0007120335814220731,6.152631382035715,50.95670795890089,6.415769657791581,3.141041873872119,-3.0136230024946697,-5.905768664576739,-11.34787597553306,6.407414921830219,3.1400115759664837,-3.0126198060692313,-5.897847842241211,-11.286128604893413,5.639768499967073,11.279536999934146,corrigido IPCA,0.94147242550022,69.39883332062782,6.285252299687483,318.24562892051875,318.24562892051875
2026-10-02,ENSEB5,ENERGISA SERGIPE - DIST.DE ENERGIA S/A,ENERGISA SERGIPE - DISTRIBUIDORA DE ENERGIA S/A,Energisa,CVM FRE,IPCA_MAIS,S,Quirografária,S,ENERGISA SERGIPE - DISTRIBUIDORA DE ENERGIA S/A,13017462000163,7.9005,0.3371,925.485355,2041-02-15,2040-08-15,62.95000000000002,8.7562,ok,,,29,8.756199944745136,-6.310370228585422e-07,8.115068924374897,92.67885817293318,8.59957465869876,4.1759736108262,-3.9441842682516937,-7.671309511418045,-14.528257952085976,8.578463215239564,4.173383034903615,-3.9416858894712825,-7.651674633510232,-14.376560685291132,3.5102681983236024,7.020536396647205,corrigido IPCA,0.9014550137881898,56.97213674487465,6.399597692441028,301.9169455075007,301.9169455075007
2026-10-02,ENSEC4,ENERGISA SERGIPE - DIST.DE ENERGIA S/A,ENERGISA SERGIPE - DISTRIBUIDORA DE ENERGIA S/A,Energisa,CVM FRE,IPCA_MAIS,S,Quirografária,N,ENERGISA SERGIPE - DISTRIBUIDORA DE ENERGIA S/A,13017462000163,8.0068,0.1024,964.45195,2040-09-15,2040-08-15,73.58000000000003,8.519,ok,,,28,8.519020071181368,0.00023560489925575774,7.887484927968765,87.32177326590293,8.34340074391653,4.055265006377717,-3.836878407238009,-7.468867140798063,-14.167655946573554,8.324093794298278,4.052894680566761,-3.8345902474020033,-7.45087606163925,-14.028534390619471,4.184951167896623,8.369902335793245,corrigido IPCA,0.9216701855032255,66.01747852213978,6.387632432594392,312.71481427309203,312.71481427309203
2026-10-02,ENTV12,ENTREVIAS CONCESSIONARIA DE RODOVIAS S.A,ENTREVIAS CONCESSIONARIA DE RODOVIAS S.A,Isolada (a identificar),,IPCA_MAIS,S,Real,N,ENTREVIAS CONCESSIONARIA DE RODOVIAS S.A,26664057000189,7.9484,0.0777,1458.417398,2030-12-15,2029-05-15,53.84000000000002,2.0971,ok,,,5,2.0970686747269736,-0.0014937424551346046,1.9426584133965614,7.088947024822042,1.9786842535875149,0.9802624863447962,-0.9625390572793768,-1.9077777927484774,-3.747985601084569,1.9781031485206717,0.9801903904793081,-0.9624680229172532,-1.907213678272451,-3.7435378862966813,14.4199661638311,28.8399323276622,corrigido IPCA,1.0569423227024362,56.02613717812045,5.903821774088769,295.53220320609245,295.53220320609245
2026-10-02,ENTV13,ENTREVIAS CONCESSIONARIA DE RODOVIAS S.A,ENTREVIAS CONCESSIONARIA DE RODOVIAS S.A,Isolada (a identificar),,IPCA_MAIS,S,Real,N,ENTREVIAS CONCESSIONARIA DE RODOVIAS S.A,26664057000189,8.2238,0.1197,1127.391758,2036-12-15,2033-05-15,69.27000000000004,5.6685,ok,,,20,5.668543941005953,0.0007751787237003112,5.237797915990709,37.813414011848145,5.432477618239018,2.6668584830398245,-2.572307898510473,-5.054070509789765,-9.761023075139786,5.426864986049949,2.6661657255101643,-2.5716321904805444,-5.048730845931468,-9.719327551744454,6.66163277026246,13.32326554052492,corrigido IPCA,0.975566332196203,69.78457248235225,6.221686839425411,318.28106867159147,318.28106867159147
2026-10-02,EPRL12,EPR LITORAL PIONEIRO S.A.,EPR LITORAL PIONEIRO S.A.,EPR,CVM FRE,IPCA_MAIS,S,Real,N,EPR LITORAL PIONEIRO S.A.,51137031000120,8.6625,0.084,1006.676573,2049-03-15,2040-08-15,139.14999999999998,8.8864,ok,,,45,8.886412849383518,0.00014459605147289814,8.177994109636277,106.80889368420085,8.742156647783972,4.226185086716749,-3.9589976487633294,-7.671420754486902,-14.43018519189132,8.712038578057282,4.22250817192339,-3.9554859377128873,-7.643949641215272,-14.219810345588538,8.562569640821698,17.125139281643396,corrigido IPCA,0.9666338219715941,140.04928817198052,6.406083825094533,396.6613828300211,396.6613828300211
2026-10-02,EQMAA0,EQUATORIAL MARANHAO DISTRIBUIDORA DE ENERGIA S.A,EQUATORIAL MARANHAO DISTRIBUIDORA DE ENERGIA S.A,Equatorial,CVM FRE,IPCA_MAIS,S,Quirografária,N,EQUATORIAL MARANHAO DISTRIBUIDORA DE ENERGIA S.A,06272793000184,8.0558,0.0887,1091.342281,2031-12-15,2030-08-15,44.34999999999994,3.6231,ok,,,11,3.6231623510727995,0.0017209315999973693,3.3530475467978578,15.814236328693557,3.4336787932111035,1.696484893589889,-1.6569460168984862,-3.275483831040049,-6.401669318981829,3.4321187284413255,1.696291568809796,-1.6567559779880618,-3.27397636515439,-6.389810367021845,7.24509473007575,14.4901894601515,corrigido IPCA,0.9601414669550842,48.58629422199716,6.042817136563605,291.5667482878417,291.5667482878417
2026-10-02,EQMAA2,EQUATORIAL MARANHAO DISTRIBUIDORA DE ENERGIA S.A,EQUATORIAL MARANHAO DISTRIBUIDORA DE ENERGIA S.A,Equatorial,CVM FRE,IPCA_MAIS,S,Quirografária,N,EQUATORIAL MARANHAO DISTRIBUIDORA DE ENERGIA S.A,06272793000184,8.2089,0.099,1001.990905,2036-09-15,2035-05-15,68.89000000000003,6.4345,ok,,,20,6.434536880406331,0.0005731666226053443,5.946402634539609,47.64537968342728,6.1922593995223485,3.033699123824518,-2.914561255636716,-5.715414637785399,-10.996349301809671,6.184629532956746,3.032758041874089,-2.913644592665521,-5.708175736122474,-10.939897675410673,5.967150169909661,11.934300339819321,corrigido IPCA,0.9130874639808902,70.96615498208857,6.271759566406931,320.03637709001566,320.03637709001566
2026-10-02,EQPA18,EQUATORIAL PARA DISTRIBUIDORA DE ENERGIA S.A.,EQUATORIAL PARA DISTRIBUIDORA DE ENERGIA S.A.,Equatorial,CVM FRE,IPCA_MAIS,S,Quirografária,N,EQUATORIAL PARA DISTRIBUIDORA DE ENERGIA S.A.,04895728000180,8.1137,0.1373,1086.166703,2036-12-15,2035-05-15,59.37000000000001,6.2886,ok,,,21,6.288586910299535,-0.0002081496750449139,5.816642026218264,47.20252489591459,6.060339885633548,2.9682718655739126,-2.85024055676778,-5.587914419789907,-10.746021252316684,6.052654650697837,2.967324169229025,-2.849317856989239,-5.580629401738691,-10.689233554518236,5.363024986736454,10.726049973472907,corrigido IPCA,1.0017202176924447,62.38959305101981,6.262651708713474,309.6603353468493,309.6603353468493
2026-10-02,EQPA19,EQUATORIAL PARA DISTRIBUIDORA DE ENERGIA S.A.,EQUATORIAL PARA DISTRIBUIDORA DE ENERGIA S.A.,Equatorial,CVM FRE,IPCA_MAIS,S,Quirografária,N,EQUATORIAL PARA DISTRIBUIDORA DE ENERGIA S.A.,04895728000180,8.1081,0.2385,1004.409882,2037-06-15,2035-05-15,58.81000000000007,6.6481,ok,,,22,6.648089492658145,-0.00015805029790856418,6.149483241920027,52.378511957876476,6.42028900152396,3.141313284147307,-3.0103368982331014,-5.896021845285427,-11.317052512752712,6.41137580170941,3.1402147609073587,-3.009268481012668,-5.887590682130645,-11.251396244682525,5.164939192891881,10.329878385783761,corrigido IPCA,0.9568571882923658,63.52341402444915,6.284779717366207,310.98010696552996,310.98010696552996
2026-10-02,EQPAA1,EQUATORIAL PARA DISTRIBUIDORA DE ENERGIA S.A.,EQUATORIAL PARA DISTRIBUIDORA DE ENERGIA S.A.,Equatorial,CVM FRE,IPCA_MAIS,S,Quirografária,N,EQUATORIAL PARA DISTRIBUIDORA DE ENERGIA S.A.,04895728000180,8.2262,0.2449,937.750203,2038-01-15,2037-05-15,72.71000000000001,7.0638,ok,,,23,7.063883017612006,0.001175254282484371,6.526962064280188,58.50505954728644,6.829934011594618,3.337899064576333,-3.191599628157138,-6.244294380744265,-11.960499195375752,6.81948736201662,3.336612356574202,-3.190349707705986,-6.234436766543756,-11.883822937614648,5.933038226895378,11.866076453790756,corrigido IPCA,0.9083235310372897,77.44943086574065,6.309214714828926,327.29704679572507,327.29704679572507
2026-10-02,EQSP11,EQUATORIAL TRANSMISSORA 3 SPE S.A.,VALE DO SERTAO TRANSMISSORA DE ENERGIA S.A.,Verene/IEB,escritura,IPCA_MAIS,S,Quirografária,N,VALE DO SERTAO TRANSMISSORA DE ENERGIA S.A.,26845460000104,8.0619,0.0838,970.612897,2033-01-15,2030-08-15,44.95999999999994,2.9867,ok,,,13,2.9867160537936592,0.000537509413711481,2.7638937070268605,12.860662253420792,2.8295025880897384,1.3981844086006001,-1.3660298888738542,-2.7008501163257814,-5.28047730200798,2.8281970182939644,1.3980226813302064,-1.3658710256966542,-2.6995903957597567,-5.270574168985305,10.396537955285822,20.793075910571645,corrigido IPCA,0.9207297271462899,57.46985165896078,5.970978576835972,299.9603997402132,299.9603997402132
2026-10-02,EQSP21,EQUATORIAL TRANSMISSORA 3 SPE S.A.,VALE DO SERTAO TRANSMISSORA DE ENERGIA S.A.,Verene/IEB,escritura,IPCA_MAIS,S,Quirografária,N,VALE DO SERTAO TRANSMISSORA DE ENERGIA S.A.,26845460000104,8.0666,0.0758,859.502058,2034-01-15,2030-08-15,45.42999999999991,3.337,ok,,,15,3.3370626582378176,0.0018776816846679688,3.0879685844079647,16.507153753509524,3.1724166487498984,1.5648548471371981,-1.5235822492644657,-3.0072696557425393,-5.860203032421795,3.170504353175512,1.5646182343958692,-1.5233503500120955,-3.005432815640417,-5.845794093745739,9.30004094685836,18.60008189371672,corrigido IPCA,0.9052021155891599,57.43646855521263,6.010859915020594,300.6989209598953,300.6989209598953
2026-10-02,EQTC11,EQUATORIAL TRANSMISSORA 5 SPE S.A.,ALTO SERTAO TRANSMISSORA DE ENERGIA S.A,Verene/IEB,inferido,IPCA_MAIS,S,Quirografária,N,ALTO SERTAO TRANSMISSORA DE ENERGIA S.A,26845283000166,8.1859,0.0849,1181.598357,2039-04-15,2033-05-15,65.47999999999999,5.8496,ok,,,26,5.849665149929219,0.0011137501576084813,5.407049486050603,47.09679456490532,5.651115171586096,2.7634520872023227,-2.6456786846693947,-5.1796441731452925,-9.934933717559291,5.64253345887513,2.7623957362314333,-2.64465374981917,-5.171565513226076,-9.8721630808031,6.922053237155879,13.844106474311758,corrigido IPCA,0.844971709060849,74.85576879675722,6.23407611388076,322.70656296261205,322.70656296261205
2026-10-02,EQTN11,EQUATORIAL TRANSMISSORA 2 SPE S/A,BURITIRAMA TRANSMISSORA DE ENERGIA S.A.,Verene/IEB,escritura,IPCA_MAIS,S,Quirografária,S,BURITIRAMA TRANSMISSORA DE ENERGIA S.A.,26845497000132,7.83,0.1309,976.974372,2033-01-15,2029-05-15,41.99999999999999,2.894,ok,,,13,2.894057308161887,0.0019802405627882855,2.683907361737816,12.444670655302492,2.747398356277775,1.3576665402083465,-1.3265520675994735,-2.6229068924025545,-5.128533962818227,2.7461307150143286,1.3575095191880362,-1.3263978425497802,-2.6216840084613042,-5.118921310369583,6.643348319527273,13.286696639054545,corrigido IPCA,0.9306776360276187,35.6602629227356,5.960672669216072,273.9645258171262,273.9645258171262
2026-10-02,EQTR11,EQUATORIAL TRANSMISSORA 8 SPE S.A.,TAPAJOS TRANSMISSORA DE ENERGIA S.A.,Verene/IEB,CVM FRE,IPCA_MAIS,S,Quirografária,N,TAPAJOS TRANSMISSORA DE ENERGIA S.A.,27967244000102,8.2143,0.0757,1179.786132,2039-04-15,2033-05-15,68.31999999999994,5.8457,ok,,,26,5.8457139291813025,0.0002382808098706344,5.401979155417816,47.02733181255826,5.645681179592499,2.760828087134315,-2.643228412502796,-5.174905944917397,-9.926064767329324,5.637115814480608,2.7597737424746063,-2.6422054129432104,-5.1668424963550255,-9.86341167458447,7.191207699502102,14.382415399004204,corrigido IPCA,0.8436757720302691,77.69350818998093,6.233809874027019,326.04185594613074,326.04185594613074
2026-10-02,EQTR21,EQUATORIAL TRANSMISSORA 8 SPE S.A.,TAPAJOS TRANSMISSORA DE ENERGIA S.A.,Verene/IEB,CVM FRE,IPCA_MAIS,S,Quirografária,N,TAPAJOS TRANSMISSORA DE ENERGIA S.A.,27967244000102,8.2095,0.0705,1180.09211,2039-04-15,2033-05-15,67.83999999999999,5.8463,ok,,,26,5.846381627054273,0.0013962173386976701,5.4028358203801625,47.03906542783439,5.646599273296937,2.7612714254176662,-2.643642404870983,-5.175706511065092,-9.927563277868979,5.638031147519334,2.760216741974874,-2.6426190784052883,-5.167640493240991,-9.864890332203638,7.145681658455522,14.291363316911044,corrigido IPCA,0.8438945786534151,77.21388965067403,6.2338548768486435,325.47814361074387,325.47814361074387
2026-10-02,EQTS11,EQUATORIAL TRANSMISSORA 1 SPE S.A,BARREIRAS TRANSMISSORA DE ENERGIA S.A.,Verene/IEB,escritura,IPCA_MAIS,S,Quirografária,N,BARREIRAS TRANSMISSORA DE ENERGIA S.A.,26845650000121,8.0266,0.1174,969.687631,2033-01-15,2030-08-15,41.42999999999999,2.9347,ok,,,13,2.9347346235959257,0.0011798001814793883,2.716677766027928,12.714498282582182,2.7815556543095976,1.3743936936085444,-1.3426045495624095,-2.6543642753519947,-5.1889609650811686,2.780250257440839,1.3742320058671917,-1.3424457601607362,-2.653105274615017,-5.179065566404212,10.121050858848033,20.242101717696066,corrigido IPCA,0.9244671767366301,54.99126767414063,5.965168772226392,296.8384832022754,296.8384832022754
2026-10-02,EQUA11,EQUATORIAL TRANSMISSAO S.A,VERENE TRANSMISSAO SUBHOLDING S.A.,Verene/IEB,inferido,IPCA_MAIS,S,Quirografária,N,VERENE TRANSMISSAO SUBHOLDING S.A.,23520790000131,8.0622,0.0648,1001.635189,2036-03-15,2031-05-15,49.89000000000008,4.0338,ok,,,19,4.033828236423709,0.0006999956296427072,3.732876284606189,23.815321780081746,3.8552537925694796,1.8966149449815228,-1.8370670396113065,-3.6169468651471304,-7.01404700501862,3.8519528935065974,1.8962072945281967,-1.8366689900779922,-3.6137996757057804,-6.989446133610742,7.74025409361366,15.48050818722732,corrigido IPCA,0.8869495248179768,57.78682188575281,6.085874900338917,301.929256869025,301.929256869025
2026-10-02,ERDVA4,ECORODOVIAS CONCESSÕES E SERVIÇOS S/A,ECORODOVIAS CONCESSOES E SERVICOS S/A,EcoRodovias,CVM FRE,IPCA_MAIS,S,Quirografária,N,ECORODOVIAS CONCESSOES E SERVICOS S/A,08873873000110,8.6931,0.0797,1053.412749,2031-06-15,2031-05-15,112.97999999999995,3.9603,ok,,,10,3.960343510096355,0.0010986565753787934,3.6436015810537694,18.11663482089034,3.7360234340453324,1.8446744107923019,-1.7993789040512298,-3.5547943407623683,-6.938838455376084,3.7341847551582217,1.8444465840529976,-1.7991549970007719,-3.5530184069493176,-6.924870465689732,15.22911867119567,30.45823734239134,corrigido IPCA,0.9526080620264998,110.97768173684804,6.078453696562858,365.7799148506348,365.7799148506348
2026-10-02,ERDVB4,ECORODOVIAS CONCESSÕES E SERVIÇOS S/A,ECORODOVIAS CONCESSOES E SERVICOS S/A,EcoRodovias,CVM FRE,IPCA_MAIS,S,Quirografária,N,ECORODOVIAS CONCESSOES E SERVICOS S/A,08873873000110,8.7949,0.1729,1040.504112,2034-06-15,2033-05-15,126.37999999999998,5.2302,ok,,,16,5.230239504570497,0.0007553166321864925,4.807430775312534,31.711081621472765,4.970197595203696,2.443874785942479,-2.3645856732295134,-4.652904137101066,-9.012181248106387,4.965986183419898,2.4433542396831083,-2.3640765356294264,-4.648875367205171,-8.980639918195614,12.921543687862222,25.843087375724444,corrigido IPCA,0.9409347069201094,124.23885357914853,6.1899456322578095,382.57045043341526,382.57045043341526
2026-10-02,ERDVC3,ECORODOVIAS CONCESSÕES E SERVIÇOS S/A,ECORODOVIAS CONCESSOES E SERVICOS S/A,EcoRodovias,CVM FRE,IPCA_MAIS,S,Quirografária,N,ECORODOVIAS CONCESSOES E SERVICOS S/A,08873873000110,8.8383,0.1022,1076.902751,2033-10-15,2032-08-15,127.83000000000007,4.7905,ok,,,15,4.790487473243179,-0.00026149163597065004,4.401472159380639,26.86811730259188,4.539133136346751,2.234731926134903,-2.1675531811423343,-4.270316661190831,-8.290550703011668,4.535812745893598,2.2343212263185595,-2.1671509330620795,-4.26713157286768,-8.265581972709441,14.422035218251978,28.844070436503955,corrigido IPCA,0.9426511166484626,126.95637298948633,6.1550631496540165,385.4943448529305,385.4943448529305
2026-10-02,ERDVC4,ECORODOVIAS CONCESSÕES E SERVIÇOS S/A,ECORODOVIAS CONCESSOES E SERVICOS S/A,EcoRodovias,CVM FRE,IPCA_MAIS,S,Quirografária,N,ECORODOVIAS CONCESSOES E SERVICOS S/A,08873873000110,8.9594,0.1777,1004.238471,2039-06-15,2037-05-15,146.03000000000003,7.6189,ok,,,26,7.618953224227298,0.0006985815183079602,6.992469877979595,70.2178584133358,7.357663901716527,3.5857415774426915,-3.4101417969254366,-6.654602432539935,-12.683108640297103,7.343559170046274,3.584007262006467,-3.4084626159731277,-6.6413805859129145,-12.580582587692474,11.228197450436305,22.45639490087261,corrigido IPCA,0.9081394520138628,157.0256649123663,6.3402669281159785,420.0587419963435,420.0587419963435
2026-10-02,ESAM14,EMPRESA DE ENERGIA SÃO MANOEL S/A,EMPRESA DE ENERGIA SAO MANOEL S.A.,Isolada (a identificar),,IPCA_MAIS,S,Real,S,EMPRESA DE ENERGIA SAO MANOEL S.A.,18494537000110,7.6411,0.169,777.531607,2033-06-15,2030-08-15,2.8799999999999493,2.9863,ok,,,14,2.9862719422749793,-0.0009395481036962254,2.7742859765228887,14.041765072866598,2.846066152380433,1.4048896727633542,-1.3697814845664347,-2.7055880616202455,-5.279594746698724,2.8444948018872216,1.4046951946025277,-1.3695907819203612,-2.704077151158556,-5.267736651588446,3.271870268766837,6.543740537533674,corrigido IPCA,1.0127873621971488,18.15420760728402,5.970928681491494,253.4462531350703,253.4462531350703
2026-10-02,ESCEA5,EDP ESPIRITO SANTO DISTRIBUICAO DE ENERGIA SA,EDP ESPIRITO SANTO DISTRIBUICAO DE ENERGIA SA,EDP,CVM FRE,IPCA_MAIS,S,Quirografária,N,EDP ESPIRITO SANTO DISTRIBUICAO DE ENERGIA SA,28152650000171,7.7096,0.1171,1078.395573,2036-12-15,2035-05-15,18.960000000000043,6.6646,ok,,,21,6.6646232384636415,0.0003486850469853261,6.187585172040042,52.7657223851855,6.4603662448200705,3.1608531941867524,-3.028908820060261,-5.932227594580763,-11.385832382111506,6.45141378396597,3.159749739001503,-3.0278354330385393,-5.923756560114115,-11.319855896376374,1.8990953259240233,3.7981906518480466,corrigido IPCA,0.9953272655183434,23.501628157956077,6.285773558577157,263.98309931428423,263.98309931428423
2026-10-02,ESSDA4,ENERGISA SUL-SUDESTE - DISTRIBUICAO DE ENERGIA S.A,ENERGISA SUL-SUDESTE - DISTRIBUIDORA DE ENERGIA SA,Energisa,CVM FRE,IPCA_MAIS,S,Quirografária,N,ENERGISA SUL-SUDESTE - DISTRIBUIDORA DE ENERGIA SA,07282377000120,8.0738,0.088,1037.149788,2035-05-15,2033-05-15,54.269999999999996,5.7443,ok,,,18,5.744296849543974,-5.4844907575083546e-05,5.315161352283323,38.95811216908946,5.515664232266748,2.7069836376290457,-2.6095714843609397,-5.125812979059896,-9.893684225989563,5.509951913128771,2.7062783163530235,-2.6088830359303,-5.120370791437876,-9.851160461184858,5.1344912560371645,10.268982512074329,corrigido IPCA,0.9860484310074453,54.58129897545079,6.226915485531603,300.70214938845214,300.70214938845214
2026-10-02,ESSDA5,ENERGISA SUL-SUDESTE - DISTRIBUICAO DE ENERGIA S.A,ENERGISA SUL-SUDESTE - DISTRIBUIDORA DE ENERGIA SA,Energisa,CVM FRE,IPCA_MAIS,S,Quirografária,N,ENERGISA SUL-SUDESTE - DISTRIBUIDORA DE ENERGIA SA,07282377000120,8.1766,0.0993,1015.995264,2035-10-15,2035-05-15,65.6600000000001,6.4797,ok,,,19,6.479692013656815,-0.00012325174290469935,5.989920198690673,49.90109287894555,6.247657684085661,3.0583515497660585,-2.9335719640917746,-5.7482168100171815,-11.042631353480193,6.2394256630854015,3.0573364654440187,-2.9325837332466547,-5.740414734295945,-10.981818539802436,5.783108713064079,11.566217426128159,corrigido IPCA,0.9757725309372997,69.28071938321311,6.274541968565983,317.88619401031224,317.88619401031224
2026-10-02,ESSDB5,ENERGISA SUL-SUDESTE - DISTRIBUICAO DE ENERGIA S.A,ENERGISA SUL-SUDESTE - DISTRIBUIDORA DE ENERGIA SA,Energisa,CVM FRE,IPCA_MAIS,S,Quirografária,N,ENERGISA SUL-SUDESTE - DISTRIBUIDORA DE ENERGIA SA,07282377000120,8.2563,0.1399,984.49577,2040-10-15,2037-05-15,75.71999999999991,8.1999,ok,,,29,8.199891075384281,-0.00010883810434812548,7.57451628716692,83.69168816490716,8.01148174183377,3.8941448349878893,-3.6848367885208066,-7.173302473413134,-13.608544584648241,7.992974727991456,3.8918727537895936,-3.6826435333773264,-7.156057846342384,-13.475198811035696,6.011816826311509,12.023633652623017,corrigido IPCA,0.94552009928377,91.07320893272131,6.371210390266979,341.89166686596565,341.89166686596565
2026-10-02,ESULA6,ENERGISA MATO GROSSO DO SUL - DISTRIBUIDORA DE ENERGIA S.A.,ENERGISA MATO GROSSO DO SUL - DISTRIBUIDORA DE ENERGIA S.A.,Energisa,CVM FRE,IPCA_MAIS,S,Quirografária,N,ENERGISA MATO GROSSO DO SUL - DISTRIBUIDORA DE ENERGIA S.A.,15413826000150,8.0014,0.1021,1238.181435,2031-10-15,2030-08-15,38.91,3.4715,ok,,,11,3.471565948119408,0.0018997009767557794,3.2143712471499515,14.754889065080398,3.289568052556757,1.6258055248419279,-1.5889153631747477,-3.1419721148703394,-6.1444674903959555,3.288145692475354,1.6256292349063264,-1.5887420122436255,-3.1405968018245494,-6.133644712998295,6.7386392758059594,13.477278551611919,corrigido IPCA,0.9659148405217194,43.32097666613209,6.026038202908568,285.05661334717473,285.05661334717473
2026-10-02,ETBA12,ETB - EMPRESA DE TRANSMISSAO BAIANA S.A.,ETB - EMPRESA DE TRANSMISSAO BAIANA S.A.,Isolada (a identificar),,IPCA_MAIS,S,Quirografária,N,ETB - EMPRESA DE TRANSMISSAO BAIANA S.A.,24870961000115,7.3035,0.0791,1053.769188,2029-02-15,2028-08-15,-4.660000000000064,1.8602,ok,,,5,1.8602417357957177,0.0022436187354932602,1.7336263363224105,5.052731875792332,1.7592233861709161,0.8731705015394553,-0.8605381704898551,-1.7086880422432782,-3.3687699486455336,1.758889995701372,0.8731290830059456,-0.8604972533164649,-1.708362676943449,-3.366198035128974,-0.2095766920164569,-0.4191533840329138,sem correção,0.9727180329741667,-0.7266553455181207,5.916204048469975,227.1309394725101,227.1309394725101
2026-10-02,ETEN12,ENERGISA TRANSMISSAO DE ENERGIA S.A,ENERGISA TRANSMISSAO DE ENERGIA S.A.,Energisa,CVM FRE,IPCA_MAIS,S,Quirografária,N,ENERGISA TRANSMISSAO DE ENERGIA S.A.,28201130000101,6.0125,0.1774,1421.013454,2027-10-15,2027-05-15,40.249999999999986,0.9932,ok,,,3,0.9931764802058095,-0.002368082379225032,0.9368484661769221,1.783279708751323,0.9458503299378362,0.47066396498727237,-0.46620566541571984,-0.9280159276292332,-1.838695975705107,0.9457648647206787,0.47065333272440013,-0.46619513345252195,-0.9279320676331655,-1.8380313381788176,-30.530299248387447,-61.060598496774894,corrigido IPCA,1.0025538929157918,-57.204528045548436,6.407986226279694,155.18787960342956,155.18787960342956
2026-10-02,ETEN21,ENERGISA TRANSMISSAO DE ENERGIA S.A,ENERGISA TRANSMISSAO DE ENERGIA S.A.,Energisa,CVM FRE,IPCA_MAIS,S,Quirografária,N,ENERGISA TRANSMISSAO DE ENERGIA S.A.,28201130000101,6.2682,0.4383,1509.806829,2028-12-15,2027-05-15,65.82,1.1288,ok,,,5,1.128776057915388,-0.002121020961373415,1.0621955184292085,2.700131493084477,1.0758606552988992,0.5344933640653471,-0.5277428005977303,-1.0488555830336477,-2.071659646541768,1.0756961758946308,0.5344729235809598,-0.5277225948482486,-1.048694860963786,-2.0703884069967273,-33.48934392776641,-66.97868785553283,corrigido IPCA,1.00344923853111,-71.14446207041581,6.248623895816929,144.15543634709573,144.15543634709573
2026-10-02,ETEN22,ENERGISA TRANSMISSAO DE ENERGIA S.A,ENERGISA TRANSMISSAO DE ENERGIA S.A.,Energisa,CVM FRE,IPCA_MAIS,S,Quirografária,N,ENERGISA TRANSMISSAO DE ENERGIA S.A.,28201130000101,7.7605,0.0944,1328.06539,2030-10-15,2029-05-15,35.050000000000026,2.7484,ok,,,9,2.74839633601233,-0.000133313479484608,2.5504673196693872,9.733012240411853,2.5999395770887723,1.2875000711021434,-1.2631660654466859,-2.5025858432594195,-4.912452446515047,2.5991323808714464,1.2873999251352084,-1.2630673945341788,-2.501802258467328,-4.906274394530538,4.89185565128215,9.7837113025643,corrigido IPCA,0.936977147428252,24.95303594227026,5.945098778333735,261.1910726774517,261.1910726774517
2026-10-02,ETSP12,EQUATORIAL TRANSMISSORA 7 SPE S.A.,BELEM TRANSMISSORA DE ENERGIA S.A.,Verene/IEB,CVM FRE,IPCA_MAIS,S,Quirografária,N,BELEM TRANSMISSORA DE ENERGIA S.A.,26845702000160,8.2002,0.097,1180.685304,2039-04-15,2033-05-15,66.91000000000003,5.8477,ok,,,26,5.847675423801978,-0.00042027118391063125,5.404495947144255,47.06180680653036,5.64837845893118,2.762130572404753,-2.644444674996038,-5.177257910300137,-9.93046718262044,5.6398049811769075,2.761075232080291,-2.643420715063965,-5.169186913111604,-9.867755758157903,7.057515648762058,14.115031297524116,corrigido IPCA,0.8443187767940386,76.2846294412834,6.233942064565778,324.38595193952494,324.38595193952494
2026-10-02,EUBE11,ENGIE SOLUCOES CIDADES INTELIGENTES E INFRAESTRUTURA DE UBERLANDIA S.A,ENGIE SOLUCOES CIDADES INTELIGENTES E INFRAESTRUTURA DE UBERLANDIA S.A,Engie,inferido,IPCA_MAIS,S,Real,N,ENGIE SOLUCOES CIDADES INTELIGENTES E INFRAESTRUTURA DE UBERLANDIA S.A,36030967000163,7.4772,0.0634,833.37582,2034-01-15,2030-08-15,-13.510000000000044,3.3999,ok,,,15,3.39993985824906,0.0011723359234078372,3.163405688135772,16.98329304243782,3.2503002602842335,1.6031767005840525,-1.5607135629830404,-3.080388808557688,-6.002044913712812,3.248322153347961,1.6029319603709333,-1.5604737277648386,-3.0784892229235825,-5.987145515422787,-0.3077692715175046,-0.6155385430350092,corrigido IPCA,0.9810306837349415,-1.9471981283037536,6.0179830943075885,230.9372979682286,230.9372979682286
2026-10-02,EXTZ11,EXTREMOZ TRANSMISSORA DO NORDESTE ETN S.A.,COMPANHIA HIDRO ELETRICA DO SAO FRANCISCO - CHESF,Axia (ex-Eletrobras),CVM FRE,IPCA_MAIS,S,Real,S,COMPANHIA HIDRO ELETRICA DO SAO FRANCISCO - CHESF,33541368000116,8.1396,0.0767,510.466241,2029-01-15,2028-08-15,78.94999999999995,1.4787,ok,,,5,1.4787638579316749,0.004318518406367749,1.3674582280049814,3.539603394945994,1.3853720013570658,0.6881804320407303,-0.6793311174204009,-1.3499710671398102,-2.665792272033518,1.3851562449797115,0.6881536182461732,-0.6793046097588082,-1.3497602110302513,-2.664124388111043,37.616203290731384,75.23240658146277,corrigido IPCA,0.9882841703908686,102.87717339243738,6.009800470375892,347.2282303458509,347.2282303458509
2026-10-02,FBRI13,FIBRASIL INFRAESTRUTURA FIBRA OTICA S.A.,FIBRASIL INFRAESTRUTURA E FIBRA OTICA S.A.,Fibrasil Infraestrutura,inferido,IPCA_MAIS,S,Quirografária,N,FIBRASIL INFRAESTRUTURA E FIBRA OTICA S.A.,36619747000170,7.3804,0.1315,1149.257692,2034-04-15,2032-08-15,-17.959999999999976,4.4291,ok,,,16,4.429104855827809,0.00010963463929873719,4.124686493836687,24.49869291326712,4.250205142150576,2.093340738913674,-2.032086195210281,-4.0050931621346875,-7.782127637738434,4.247179958403023,2.0929666130599274,-2.03171988077676,-4.002193029270352,-7.759399129408032,-2.2010348919484017,-4.4020697838968035,corrigido IPCA,1.0329860538004032,-18.15715778256573,6.123611277912455,214.11791902040477,214.11791902040477
2026-10-02,FEPS11,FARO ENERGY PROJ. SOL. HOL. IV S.A,FARO ENERGY PROJ. SOL. HOL. IV S.A,Faro Energy,inferido,IPCA_MAIS,S,Real,N,FARO ENERGY PROJ. SOL. HOL. IV S.A,48904104000157,8.7963,0.1731,1074.899998,2040-01-15,2032-08-15,123.63000000000008,4.8991,sem eventos futuros,,,,,,,,,,,,,,,,,,,,,,,,,
2026-10-02,FGEN13,FERREIRA GOMES ENERGIA S/A,FERREIRA GOMES ENERGIA S.A.,Alupar,CVM FRE,IPCA_MAIS,S,Real,N,FERREIRA GOMES ENERGIA S.A.,12489315000123,6.2506,0.0835,519.858937,2027-12-15,2027-05-15,64.06,0.6769,fluxo divergente da ANBIMA,,,3,1.0689830026106697,57.92332731728022,1.0060959680328108,2.0336334647403618,1.01636591556169,0.5056026857273466,-0.5005184786540662,-0.9960276057048412,-1.9723100311361375,1.0162641353565125,0.5055900258473308,-0.50050594218548,-0.995927800709109,-1.9715192667708141,-23.880784174582352,-47.761568349164705,corrigido IPCA,0.9371000531167186,-48.05272134301812,6.313045846550613,167.1666320757715,167.1666320757715
2026-10-02,FLCLA9,ENERGISA MINAS RIO - DISTRIBUIDORA DE ENERGIA S.A.,ENERGISA MINAS RIO - DISTRIBUIDORA DE ENERGIA S.A.,Energisa,CVM FRE,IPCA_MAIS,S,Quirografária,N,ENERGISA MINAS RIO - DISTRIBUIDORA DE ENERGIA S.A.,19527639000158,8.1846,0.0847,1015.508571,2035-10-15,2035-05-15,66.46000000000001,6.4789,ok,,,19,6.478957688403586,0.0008904042906305865,5.988798487403554,49.886549127077956,6.2464601157815824,3.0577721285989234,-2.933028914654201,-5.747164877123567,-11.040656012705375,6.2382312330389444,3.0567574301106246,-2.9320410572929294,-5.7393657417681645,-10.97986599226555,5.851012290885414,11.702024581770829,corrigido IPCA,0.9753051027446458,70.08106711486835,6.274496849916367,318.82718831841987,318.82718831841987
2026-10-02,FLCLB9,ENERGISA MINAS RIO - DISTRIBUIDORA DE ENERGIA S.A.,ENERGISA MINAS RIO - DISTRIBUIDORA DE ENERGIA S.A.,Energisa,CVM FRE,IPCA_MAIS,S,Quirografária,N,ENERGISA MINAS RIO - DISTRIBUIDORA DE ENERGIA S.A.,19527639000158,8.2686,0.1484,983.579172,2040-10-15,2037-05-15,76.9499999999999,8.1973,ok,,,29,8.197318230152346,0.00022239215773390783,7.571279420027918,83.63789099386744,8.00796087841864,3.892457318099396,-3.6832838391730127,-7.170320778481609,-13.603040604088035,7.989468874997255,3.890187073756293,-3.681092346271625,-7.153089965058582,-13.469801020178487,6.095425967502532,12.190851935005064,corrigido IPCA,0.9446397891057571,92.30034636811136,6.371076423290001,343.333345761838,343.333345761838
2026-10-02,FRAG14,FERRARI AGROINDUSTRIA S/A,FERRARI AGROINDUSTRIA S/A,Ferrari Agroindustria,inferido,IPCA_MAIS,S,Quirografária,N,FERRARI AGROINDUSTRIA S/A,54846951000105,8.5511,0.1765,1093.794434,2031-06-15,2030-08-15,93.87999999999997,3.5532,ok,,,10,3.5532251892068474,0.0007089160995008617,3.2733202972672295,15.031458068166806,3.349912175792036,1.6556273009639133,-1.618045737171192,-3.199550877668944,-6.25693578075378,3.3484775876080635,1.6554494712188232,-1.617870826048406,-3.198163006926395,-6.246011433171122,14.990274533980292,29.980549067960585,corrigido IPCA,0.9888833810751525,98.1359397873715,6.035126632666743,349.76083249490074,349.76083249490074
2026-10-02,FRAG16,FERRARI AGROINDUSTRIA S/A,FERRARI AGROINDUSTRIA S/A,Ferrari Agroindustria,inferido,IPCA_MAIS,S,Quirografária,S,FERRARI AGROINDUSTRIA S/A,54846951000105,8.5714,0.1633,1046.870891,2035-09-15,2033-05-15,104.03000000000003,5.6187,ok,,,18,5.6186596485832645,-0.0007181628621404401,5.175082617137906,36.93484290988837,5.365092704824592,2.6343687604536203,-2.5420160036750294,-4.995493729332656,-9.651210597902738,5.359756831687347,2.6337098622063135,-2.5413727549315923,-4.990408402588463,-9.611468376078044,10.072746567455052,20.145493134910105,corrigido IPCA,1.0002075645486141,104.2545913361443,6.21820525663157,359.0080625055815,359.0080625055815
2026-10-02,FSII14,FS I INDUSTRIA DE ETANOL S.A,FS I INDUSTRIA DE ETANOL S.A,Fs I,inferido,IPCA_MAIS,S,Quirografária,S,FS I INDUSTRIA DE ETANOL S.A,46710597000169,10.1948,0.0944,998.413205,2033-02-15,2031-05-15,263.1500000000001,4.259,ok,,,13,4.259075395989272,0.0017702744604700788,3.8650420854607224,20.97067965327346,3.9722375674033916,1.9590243425109843,-1.906592170292687,-3.7624431572384265,-7.328373424868861,3.9698954837270892,1.9587343922969531,-1.9063076931637692,-3.7601886871943555,-7.3106705778559755,33.99383001913938,67.98766003827876,corrigido IPCA,0.9709830495022851,262.7751673399436,6.10782550181066,544.6413294760499,544.6413294760499
2026-10-02,FURN21,FURNAS CENTRAIS ELETRICAS S/A,FURNAS CENTRAIS ELETRICAS S/A,Axia (ex-Eletrobras),inferido,IPCA_MAIS,S,Quirografária,N,FURNAS CENTRAIS ELETRICAS S/A,23274194000119,7.4109,0.0681,1218.290746,2029-11-15,2028-08-15,6.079999999999952,1.4921,ok,,,7,1.4921091459684737,0.0006129594848655132,1.3891598952885356,4.069514315527577,1.4097856422875088,0.6997013899553872,-0.6895271674863257,-1.3690835094214204,-2.6990720258460943,1.4095074668661733,0.6996668405386772,-0.6894930547498583,-1.3688123237108976,-2.6969295042665196,7.970832057254804,15.941664114509608,corrigido IPCA,0.9685667923532515,22.145520452037175,6.0042669391563,253.79374933841743,253.79374933841743
2026-10-02,GASC15,RUMO MALHA PAULISTA S/A,RUMO MALHA PAULISTA S/A,Rumo,CVM FRE,IPCA_MAIS,S,Quirografária,N,RUMO MALHA PAULISTA S/A,02502844000166,8.8775,0.1019,941.981085,2034-03-15,2035-05-15,135.75,5.9805,ok,,,15,5.980502861037921,4.783944354556259e-05,5.49287305553298,39.55914125813461,5.696300845040403,2.7965811640866534,-2.6976672275530023,-5.300451945274299,-10.236591471252755,5.6906687618236536,2.7958854543391585,-2.6969876011938223,-5.295077349242307,-10.194563285903268,12.18514377627576,24.37028755255152,corrigido IPCA,0.8429884130274421,133.86289585300102,6.242796273274265,394.4406376648925,394.4406376648925
2026-10-02,GASC16,RUMO MALHA PAULISTA S/A,RUMO MALHA PAULISTA S/A,Rumo,CVM FRE,IPCA_MAIS,S,Quirografária,N,RUMO MALHA PAULISTA S/A,02502844000166,8.8174,0.1421,986.434394,2034-06-15,2035-05-15,129.73999999999995,5.9292,ok,,,16,5.929231201106398,0.0005262279295367547,5.448789624735013,40.05185929482449,5.654879630567056,2.7751796973255916,-2.675033051523712,-5.254088914243072,-10.139988384363718,5.649048921209135,2.774459636486037,-2.6743299882489757,-5.24853032826089,-10.096542063573535,11.826278545165481,23.652557090330962,corrigido IPCA,0.891851953699208,128.8778076722479,6.239400925468486,388.36959160633694,388.36959160633694
2026-10-02,GASC17,RUMO MALHA PAULISTA S/A,RUMO MALHA PAULISTA S/A,Rumo,CVM FRE,IPCA_MAIS,S,Quirografária,N,RUMO MALHA PAULISTA S/A,02502844000166,8.8747,0.1036,920.156656,2036-08-15,2035-05-15,135.4700000000001,6.9661,ok,,,20,6.966076485160075,-0.0003375610445589452,6.398250911515785,55.09257007780374,6.683083206961493,3.2691460632612745,-3.1313832461361546,-6.131654886739135,-11.763713556998745,6.6737137619048035,3.267991168355147,-3.1302597431606376,-6.122788061126766,-11.694650421475494,10.985633657991732,21.971267315983464,corrigido IPCA,0.8361546385732124,140.57768113164815,6.303566478736067,401.9076947459879,401.9076947459879
2026-10-02,GASC18,RUMO MALHA PAULISTA S/A,RUMO MALHA PAULISTA S/A,Rumo,CVM FRE,IPCA_MAIS,S,Quirografária,N,RUMO MALHA PAULISTA S/A,02502844000166,8.8289,0.1013,974.970955,2037-03-15,2035-05-15,130.89000000000013,7.0212,ok,,,21,7.021221287503469,0.00030318896297519755,6.451614679100375,57.294354688665656,6.7482081357794765,3.298672217034748,-3.1554011495122603,-6.174701289923579,-11.831717562805588,6.738086452543704,3.29742528291102,-3.154189396189356,-6.1651429056570475,-11.757342264427438,10.679873205086478,21.359746410172956,corrigido IPCA,0.9183956941691738,137.8048534817334,6.306758132499857,398.30655722010084,398.30655722010084
2026-10-02,GASC19,RUMO MALHA PAULISTA S/A,RUMO MALHA PAULISTA S/A,Rumo,CVM FRE,IPCA_MAIS,S,Quirografária,S,RUMO MALHA PAULISTA S/A,02502844000166,8.83,0.1651,902.198458,2040-10-15,2037-05-15,133.08999999999997,8.2173,ok,,,29,8.217285713721832,-0.0001738561104934048,7.550570351669422,83.22442907312168,7.985034226600152,3.881567660673557,-3.673428754036767,-7.15154344585417,-13.568859135367916,7.96669249703503,3.8793157121761133,-3.671254639493309,-7.134448206303815,-13.43665212187641,9.8411434842888,19.6822869685776,corrigido IPCA,0.8636805697194323,148.61249243799148,6.3721154454772,409.5575296817659,409.5575296817659
2026-10-02,GASC22,RUMO MALHA PAULISTA S/A,RUMO MALHA PAULISTA S/A,Rumo,CVM FRE,IPCA_MAIS,S,Quirografária,N,RUMO MALHA PAULISTA S/A,02502844000166,8.7177,0.0845,1199.32556,2031-06-15,2030-08-15,110.54000000000003,3.3126,ok,,,10,3.3126461606052318,0.001393485637612415,3.0470164109480162,13.125505078423958,3.1138409309914516,1.5400635042728483,-1.5072473824309984,-2.982548116839989,-5.840652029654237,3.112643936340136,1.5399150868220381,-1.507101324125978,-2.9813888855558965,-5.831522720327554,19.006309357584172,38.012618715168344,corrigido IPCA,0.88896482974798,115.82507304822764,6.008083413187126,369.91773906512634,369.91773906512634
2026-10-02,GASC23,RUMO MALHA PAULISTA S/A,RUMO MALHA PAULISTA S/A,Rumo,CVM FRE,IPCA_MAIS,S,Quirografária,N,RUMO MALHA PAULISTA S/A,02502844000166,8.8082,0.1355,1122.048186,2033-10-15,2033-05-15,127.7099999999999,5.5826,ok,,,15,5.582645577360354,0.0008164181627445476,5.130721377028895,35.37217759032945,5.312411647017012,2.61017273086106,-2.5217289953777366,-4.958477085664336,-9.590129867111429,5.3075822649805415,2.6095759105023593,-2.5211454665265354,-4.953860489077248,-9.553999202251202,12.242031863372501,24.484063726745003,corrigido IPCA,0.8726043013471938,125.62090915934833,6.21567216099066,384.5631068243711,384.5631068243711
2026-10-02,GASC25,RUMO MALHA PAULISTA S/A,RUMO MALHA PAULISTA S/A,Rumo,CVM FRE,IPCA_MAIS,S,Quirografária,N,RUMO MALHA PAULISTA S/A,02502844000166,8.8411,0.1212,896.696358,2039-03-15,2037-05-15,134.20000000000005,8.0139,ok,,,25,8.013946222074036,0.0005767737810143109,7.362977976218576,74.25611308881697,7.749102664448393,3.776134603507786,-3.5904367394062553,-7.005619474866654,-13.348814742307248,7.734258541662661,3.7743091294703093,-3.5886688467482672,-6.991697410774492,-13.240833690660814,9.833863009067864,19.667726018135728,corrigido IPCA,0.8024626622066242,144.81303351383445,6.361460661803453,406.1108334082489,406.1108334082489
2026-10-02,GASC26,RUMO MALHA PAULISTA S/A,RUMO MALHA PAULISTA S/A,Rumo,CVM FRE,IPCA_MAIS,S,Quirografária,N,RUMO MALHA PAULISTA S/A,02502844000166,8.8468,0.3373,949.655638,2039-06-15,2037-05-15,134.76999999999998,7.8166,ok,,,26,7.816647718147197,0.0006104719084662547,7.181329830686063,72.98966337638923,7.561047903280782,3.68371793240998,-3.501185764064574,-6.830222334916614,-13.010175857918128,7.54627814756801,3.681901994563518,-3.499427836122545,-6.816381513804116,-12.902866393844342,10.17168032428396,20.34336064856792,corrigido IPCA,0.8585996651671942,146.0923826819658,6.350959867862738,407.30748834227006,407.30748834227006
2026-10-02,GASC27,RUMO MALHA PAULISTA S/A,RUMO MALHA PAULISTA S/A,Rumo,CVM FRE,IPCA_MAIS,S,Quirografária,N,RUMO MALHA PAULISTA S/A,02502844000166,8.8169,0.102,923.568054,2036-08-15,2035-05-15,129.69000000000008,6.9713,ok,,,20,6.971283595623477,-0.00023531301942176277,6.406434658241025,55.20491919495238,6.691853953301252,3.2733814760976365,-3.1353376835552837,-6.139300497051425,-11.778016890693245,6.682459254215788,3.2722234781142028,-3.1342111801268224,-6.130410062266264,-11.708770932583002,10.5203920008597,21.0407840017194,corrigido IPCA,0.8392546061590547,134.79640786517845,6.303868649545152,395.11003823277156,395.11003823277156
2026-10-02,GASC28,RUMO MALHA PAULISTA S/A,RUMO MALHA PAULISTA S/A,Rumo,CVM FRE,IPCA_MAIS,S,Quirografária,N,RUMO MALHA PAULISTA S/A,02502844000166,8.9304,0.1018,958.851402,2040-03-15,2037-05-15,143.13000000000002,8.0207,ok,,,27,8.02068309391515,-0.00021078066565607327,7.363126449471542,77.26561133415927,7.765726413259566,3.7801444947721974,-3.5869140435634383,-6.992006601026024,-13.298706579574493,7.749454506142339,3.77814523890347,-3.5849812105680723,-6.976798392800745,-13.1809406722599,10.614275954055524,21.228551908111047,corrigido IPCA,0.9032115227703064,156.30851203859203,6.3618163352596735,418.97857727943534,418.97857727943534
2026-10-02,GASP19,COMPANHIA DE GAS DE SÃO PAULO - COMGAS,COMPANHIA DE GAS DE SAO PAULO - COMGAS,Compass,CVM FRE,IPCA_MAIS,S,Quirografária,N,COMPANHIA DE GAS DE SAO PAULO - COMGAS,61856571000117,7.679,0.128,1210.972544,2031-08-15,2030-08-15,6.669999999999998,3.4653,ok,,,10,3.465320637711249,0.0005955533791829749,3.218195412022074,14.438749168047739,3.291753894837335,1.6273153143578245,-1.5912156670200517,-3.1473219922686924,-6.158008683656979,3.290389157862313,1.627146142471097,-1.5910492695509773,-3.146001666181836,-6.147615840683193,1.7547859626964701,3.5095719253929403,corrigido IPCA,0.9257802795891704,11.294488268461036,6.025338733145391,247.310105879038,247.310105879038
2026-10-02,GASP29,COMPANHIA DE GAS DE SÃO PAULO - COMGAS,COMPANHIA DE GAS DE SAO PAULO - COMGAS,Compass,CVM FRE,IPCA_MAIS,S,Quirografária,N,COMPANHIA DE GAS DE SAO PAULO - COMGAS,61856571000117,7.8974,0.0553,1103.156111,2036-08-15,2035-05-15,37.740000000000066,6.9349,ok,,,20,6.934945081619652,0.0006500687775230045,6.427351429802434,54.30546920438458,6.707925232389744,3.282672911019602,-3.14687944664942,-6.164393549082914,-11.83537128955967,6.698878775824357,3.2815575514066984,-3.145793878395736,-6.155824083780511,-11.768593475517179,3.2027778582891937,6.405555716578387,corrigido IPCA,0.8433553443256766,41.170757693629255,6.3017564034039575,285.20441113285545,285.20441113285545
2026-10-02,GSTS14,AGUAS DE TERESINA SANEAMENTO SPE S.A.,AGUAS DE TERESINA SANEAMENTO  SPE  S.A.,Aegea,CVM FRE,IPCA_MAIS,S,Quirografária,N,AGUAS DE TERESINA SANEAMENTO  SPE  S.A.,27157474000106,10.2917,0.179,1072.558454,2032-05-15,2031-05-15,272.84000000000003,3.8458,ok,,,12,3.845859577985364,0.0015491701431125753,3.4869891188415485,17.14315234923967,3.5744526881660077,1.7651400409244955,-1.722278385026954,-3.4029607346906743,-6.644383766071327,3.5727048805877466,1.7649234998573238,-1.7220656189842247,-3.4012733570953504,-6.631115190698303,38.96497486643557,77.92994973287114,corrigido IPCA,0.8951821440442199,271.7408867503905,6.066639426793929,554.6021816031587,554.6021816031587
2026-10-02,GSTS24,AGUAS DE TERESINA SANEAMENTO SPE S.A.,AGUAS DE TERESINA SANEAMENTO  SPE  S.A.,Aegea,CVM FRE,IPCA_MAIS,S,Quirografária,N,AGUAS DE TERESINA SANEAMENTO  SPE  S.A.,27157474000106,10.781,0.1465,980.56605,2037-05-15,2035-05-15,326.1000000000001,6.0891,ok,,,22,6.089108265250586,0.00013573846030070496,5.496527622291356,43.14625054973018,5.719102990421865,2.803040831298609,-2.6951533796827354,-5.287291046330555,-10.180783037648633,5.712258875040006,2.8021966243328404,-2.6943309979585153,-5.2807963695427045,-10.130130233588106,29.93662401564349,59.87324803128698,corrigido IPCA,0.8184031599673222,329.09496164027036,6.249899513831858,623.2227952131483,623.2227952131483
2026-10-02,HARG11,HOLDING DO ARAGUAIA S.A.,HOLDING DO ARAGUAIA S.A.,EcoRodovias,CVM FRE,IPCA_MAIS,S,Real,N,HOLDING DO ARAGUAIA S.A.,18903785000178,8.9158,0.0982,1075.647414,2036-10-15,2032-08-15,135.58000000000013,4.8074,ok,,,21,4.8074578467136195,0.0012032848029952116,4.413921439050734,32.23699507408198,4.580041666681889,2.247865878436106,-2.167257958492097,-4.257424637058804,-8.219685043973113,4.5751064144211435,2.2472569633679695,-2.1666644756827647,-4.252736463680324,-8.183102976619828,16.19491638077108,32.38983276154216,corrigido IPCA,0.9301162944902623,142.96617723343874,6.1564744433837415,402.9682112974679,402.9682112974679
2026-10-02,HBSA11,HIDROVIAS DO BRASIL S.A.,HIDROVIAS DO BRASIL S.A.,Hidrovias do Brasil,CVM FRE,IPCA_MAIS,S,Quirografária,N,HIDROVIAS DO BRASIL S.A.,12648327000153,7.6742,0.3186,1270.103084,2028-10-15,2028-08-15,32.40999999999996,1.8786,ok,,,5,1.8785772813577517,-0.001209338989052632,1.7446865464129304,4.831206882591078,1.7691447924059966,0.8784198377964181,-0.8663413872771253,-1.7208257877216138,-3.3950843215957316,1.7688425808258856,0.878382281809704,-0.8663042646032263,-1.720530511999975,-3.3927489551740386,9.597025103831172,19.194050207662343,corrigido IPCA,0.9978885654451767,33.487601168482804,5.914320344780566,267.5451025211299,267.5451025211299
2026-10-02,HBSA21,HIDROVIAS DO BRASIL S.A.,HIDROVIAS DO BRASIL S.A.,Hidrovias do Brasil,CVM FRE,IPCA_MAIS,S,Quirografária,N,HIDROVIAS DO BRASIL S.A.,12648327000153,7.7921,0.3622,1235.686748,2031-10-15,2030-08-15,17.97999999999993,3.4773,ok,,,11,3.477354113489779,0.0015561927293850516,3.225982343316235,14.845085896058501,3.3016421495704718,1.6317253050277536,-1.5946096199829451,-3.153143743781439,-6.165975992249861,3.3002077727965275,1.631547529028191,-1.5944348142880445,-3.151756913835943,-6.1550629687113005,3.464383056812417,6.928766113624834,corrigido IPCA,0.9708485119538842,22.35207714352157,6.026685946716581,260.39905126807673,260.39905126807673
2026-10-02,HGLB23,HIGHLINE DO BRASIL II INFRAESTRUTURA DE TELECOMUNICACOES S.A,HIGHLINE DO BRASIL II INFRAESTRUTURA DE TELECOMUNICACOES S.A,Highline Brasil,inferido,IPCA_MAIS,S,Quirografária,N,HIGHLINE DO BRASIL II INFRAESTRUTURA DE TELECOMUNICACOES S.A,27902165000105,12.0582,0.1798,1018.30916,2034-10-15,2031-05-15,449.48999999999995,4.0597,ok,,,17,4.059740124579366,0.0009883631639222678,3.6228853618738888,20.547952492877,3.7280876052283585,1.8374322389988373,-1.7860561532055619,-3.5225087522894105,-6.853341033489324,3.7256251243382743,1.8371276215530408,-1.7857577403208484,-3.520145599409504,-6.834811673890238,62.400491267547025,124.80098253509405,corrigido IPCA,0.9334469845559384,452.1396527738711,6.088461216043339,766.7068046347378,766.7068046347378
2026-10-02,HSBH11,HELEXIA SBH4 S.A.,HELEXIA SBH4 S.A.,Helexia Sbh4,inferido,IPCA_MAIS,S,Real,N,HELEXIA SBH4 S.A.,52609844000138,8.904,0.1504,1032.545375,2043-11-15,2035-05-15,138.40000000000003,6.1655,ok,,,35,6.165520464692502,0.0003319226745987606,5.661427004235383,55.51874614805678,5.950883655986305,2.9015679482255807,-2.7627199272594494,-5.394876895036116,-10.29784629734609,5.939020734975667,2.900111934802763,-2.7613150694326207,-5.3838332734950995,-10.212479085509631,13.480897546729675,26.96179509345935,corrigido IPCA,1.0117843362344974,152.64223482477183,6.254827904448357,412.726522036851,412.726522036851
2026-10-02,HVSP11,HELIO VALGAS SOLAR PARTICIPACOES S.A.,HELIO VALGAS SOLAR PARTICIPACOES S.A.,Isolada (a identificar),,IPCA_MAIS,S,Real,N,HELIO VALGAS SOLAR PARTICIPACOES S.A.,32431519000110,9.4099,0.2574,1198.578237,2038-06-15,2032-08-15,184.99000000000007,4.7144,ok,,,24,4.714364870757808,-0.0007451476792913393,4.30890154433722,31.221760555761946,4.469876965487796,2.1940781661056175,-2.116008078793752,-4.157408210965707,-8.029355601455956,4.4650103471160305,2.1934779728633123,-2.1154235714739076,-4.15279274155841,-7.993367877559201,22.480925443838107,44.96185088767621,corrigido IPCA,0.9743209034586378,193.73618872616785,6.148662958659745,462.30013245779844,462.30013245779844
2026-10-02,HZTC14,ORIZON MEIO AMBIENTE S.A.,ORIZON MEIO AMBIENTE S.A.,Isolada (a identificar),,IPCA_MAIS,S,Real,N,ORIZON MEIO AMBIENTE S.A.,03279285000130,8.1332,0.1147,1095.420843,2035-11-15,2031-05-15,56.99000000000005,3.8246,ok,,,19,3.824579272377423,-0.000541955304539879,3.5369149089987375,21.63874135935965,3.6479749892803115,1.7958600498252597,-1.7417551987042756,-3.4314595367857414,-6.662480123535053,3.645108615795536,1.7955058811985682,-1.741409027800169,-3.428721202201939,-6.641054990810281,8.985417257340412,17.970834514680824,corrigido IPCA,0.9762513984378889,63.5613125221237,6.06441002883884,308.59665073957535,308.59665073957535
2026-10-02,IBPB11,SERRA DE IBIAPABA TRANSMISSORA DE ENERGIA S.A.,SERRA DE IBIAPABA TRANSMISSORA DE ENERGIA S.A.,Isolada (a identificar),,IPCA_MAIS,S,Quirografária,N,SERRA DE IBIAPABA TRANSMISSORA DE ENERGIA S.A.,29554549000100,7.9302,0.1192,1173.205716,2040-11-15,2033-05-15,39.90999999999998,5.7306,ok,,,29,5.73064651097751,0.0008116249172912878,5.309585742431229,46.84488198396641,5.552656176109183,2.714437070914477,-2.5972910389641335,-5.08366567018702,-9.746715283162743,5.543810152351061,2.7133489736955725,-2.5962367687356562,-5.075361332511397,-9.68227384518313,4.758092071381737,9.516184142763475,corrigido IPCA,0.9144426458375305,50.52699564676709,6.225978399352927,293.5842551806075,293.5842551806075
2026-10-02,IGSN15,IGUA SANEAMENTO S.A,IGUA SANEAMENTO S.A,Iguá,inferido,IPCA_MAIS,S,Real,N,IGUA SANEAMENTO S.A,08159965000133,11.8748,0.0824,976.217215,2034-07-15,2030-08-15,426.25,3.5474,ok,,,16,3.547442167996947,0.0011887014981866641,3.1709036959144923,16.961485185134663,3.257683200922501,1.6068977027414277,-1.5644891070065614,-3.087990183095213,-6.017433011293461,3.2557111218401658,1.6066537044386646,-1.564249991475828,-3.0860962699888193,-6.0025776881262916,68.99205545959586,137.98411091919172,corrigido IPCA,0.833533447480919,437.5343272911403,6.034486700802355,748.4125356243693,748.4125356243693
2026-10-02,IPIPA5,IPIRANGA PRODUTOS DE PETRÓLEO S/A,IPIRANGA  PRODUTOS DE PETROLEO S.A.,Ipiranga Produtos,inferido,IPCA_MAIS,S,Quirografária,N,IPIRANGA  PRODUTOS DE PETROLEO S.A.,33337122000127,7.4907,0.081,1047.17967,2035-10-15,2035-05-15,-2.9299999999999216,6.0379,ok,,,19,6.0378947651658414,-8.669958359946454e-05,5.617132240431816,43.39971301041774,5.840810189111001,2.8636400380287252,-2.755120178857562,-5.406483622054381,-10.41583668391507,5.8341308054839045,2.86281576147893,-2.7543164789528856,-5.4001336753797275,-10.366270220655277,-0.22502812607943773,-0.45005625215887546,corrigido IPCA,1.0012238814168264,-2.52802548400953,6.246564686560374,233.54423392543572,233.54423392543572
2026-10-02,IRJS14,IGUA RIO DE JANEIRO S.A.,IGUA RIO DE JANEIRO S.A.,Iguá,CVM FRE,IPCA_MAIS,S,Real,N,IGUA RIO DE JANEIRO S.A.,42353180000135,11.7354,0.3562,1094.925407,2043-05-15,2035-05-15,421.5400000000001,6.4491,ok,,,34,6.4490904164766665,-0.00014860249233434559,5.77175220787384,55.25329381537489,6.059388590483472,2.9563392421887436,-2.8181588265387414,-5.506100046685091,-10.52059278878742,6.048018676950715,2.9549427212061388,-2.816809486667702,-5.495485738796966,-10.438438539440183,37.6898512177293,75.3797024354586,corrigido IPCA,0.8288120507882986,435.07296396073133,6.272658114914731,745.2818849881188,745.2818849881188
2026-10-02,IRJS15,IGUA RIO DE JANEIRO S.A.,IGUA RIO DE JANEIRO S.A.,Iguá,CVM FRE,IPCA_MAIS,S,Real,N,IGUA RIO DE JANEIRO S.A.,42353180000135,11.6852,0.346,960.345116,2044-02-15,2035-05-15,416.52000000000004,6.5765,ok,,,35,6.576538068090882,0.0005788503137133765,5.88845976735582,54.02513572798926,6.169182591129019,3.0130638722117187,-2.87795882888342,-5.628255362696299,-10.773310001845182,6.158585445995766,3.0117613033378965,-2.8766984640179234,-5.618334088715874,-10.696416820151855,36.307794852701875,72.61558970540375,corrigido IPCA,0.755500507398319,427.59397846308735,6.28045580656309,737.1887093892798,737.1887093892798
2026-10-02,ISAEA8,ISA ENERGIA BRASIL S.A.,ISA ENERGIA BRASIL S.A.,ISA,CVM FRE,IPCA_MAIS,S,Quirografária,N,ISA ENERGIA BRASIL S.A.,02998611000104,7.5825,0.0638,1077.430431,2033-06-15,2032-08-15,2.2499999999999964,4.9487,ok,,,14,4.9487011735901,2.3715119135449426e-05,4.59991278654995,28.77385178552915,4.747401669606699,2.3363713615465853,-2.264427407125491,-4.459513870040044,-8.651546676132792,4.743782045477596,2.3359237080068866,-2.263989078543064,-4.456043527622304,-8.624348537389318,0.16433996357625122,0.32867992715250244,corrigido IPCA,1.0143700256211514,1.5118989995911019,6.168008459050078,238.11261263781532,238.11261263781532
2026-10-02,ISAEA9,ISA ENERGIA BRASIL S.A.,ISA ENERGIA BRASIL S.A.,ISA,CVM FRE,IPCA_MAIS,S,Quirografária,N,ISA ENERGIA BRASIL S.A.,02998611000104,7.4222,0.1683,1073.506123,2035-06-15,2040-08-15,15.120000000000022,8.6389,ok,,,1,8.63888888888889,-0.00012861719791056414,8.04199587132724,72.16004850600551,8.415037454674268,4.112707265755811,-3.9322668269122896,-7.692791452412962,-14.731149759231755,8.402796113857267,4.111197996296126,-3.9307978750311134,-7.681195628797212,-14.64079077253437,-0.4318399658004264,-0.8636799316008528,corrigido IPCA,1.0230499451812265,-6.945710444082251,6.393704323201943,230.08386928391195,230.08386928391195
2026-10-02,ISAEB0,ISA ENERGIA BRASIL S.A.,ISA ENERGIA BRASIL S.A.,ISA,CVM FRE,IPCA_MAIS,S,Quirografária,N,ISA ENERGIA BRASIL S.A.,02998611000104,7.5876,0.1156,1004.440422,2037-10-15,2037-05-15,8.84999999999998,7.6173,ok,,,23,7.617336445713207,0.0004784597325363308,7.0801248895906275,69.95665793318167,7.443559284261325,3.6291877057981203,-3.454244351615432,-6.7431646976474635,-12.860646054073433,7.429908179256536,3.627508267211791,-3.452616622378837,-6.730341599924719,-12.76111662051762,1.2558808856495771,2.5117617712991542,corrigido IPCA,0.9642980866815618,17.783587033697383,6.340178740999214,256.75244534620634,256.75244534620634
2026-10-02,ISAEB2,ISA ENERGIA BRASIL S.A.,ISA ENERGIA BRASIL S.A.,ISA,CVM FRE,IPCA_MAIS,S,Quirografária,N,ISA ENERGIA BRASIL S.A.,02998611000104,7.4861,0.0989,934.203654,2041-03-15,2040-08-15,21.51000000000005,9.3413,ok,,,29,9.341293868462415,-6.563901796558181e-05,8.690699419238781,106.03798597619209,9.24667549635294,4.481057798698274,-4.215843671778163,-8.184387084320988,-15.444739539094565,9.22088934911974,4.477897192089631,-4.21280222714915,-8.160509489357821,-15.26063911895372,1.0847620451355502,2.1695240902711004,corrigido IPCA,0.9163147823436366,18.8546817513436,6.428302257427854,256.74875595294776,256.74875595294776
2026-10-02,ISAEB8,ISA ENERGIA BRASIL S.A.,ISA ENERGIA BRASIL S.A.,ISA,CVM FRE,IPCA_MAIS,S,Quirografária,N,ISA ENERGIA BRASIL S.A.,02998611000104,7.5037,0.0779,1061.653737,2033-03-15,2032-08-15,-5.629999999999935,4.8768,ok,,,13,4.876809206586852,0.0001887833590058085,4.536410566879886,27.504074586843547,4.677292162342184,2.303001185495357,-2.234232553415294,-4.402116214688812,-8.548035808278065,4.673930939814104,2.302585376673498,-2.233825190206389,-4.398890193945669,-8.522739642022902,-0.7731693235927914,-1.546338647185583,corrigido IPCA,0.9995167147332809,-7.0148269790674265,6.162184409641291,228.08247000761415,228.08247000761415
2026-10-02,ISAEC0,ISA ENERGIA BRASIL S.A.,ISA ENERGIA BRASIL S.A.,ISA,CVM FRE,IPCA_MAIS,S,Quirografária,N,ISA ENERGIA BRASIL S.A.,02998611000104,7.5041,0.0651,999.887084,2040-10-15,2040-08-15,23.31000000000003,8.6816,ok,,,29,8.68162814145528,0.00032415056302813886,8.075625154254842,93.58119228365871,8.565113049691565,4.157436881574705,-3.923388741091849,-7.627777101134736,-14.434539284536596,8.543531115673137,4.154789067481994,-3.9208360867728476,-7.607719192836548,-14.27962646283651,1.1050511982297446,2.2101023964594892,corrigido IPCA,0.9599267233911556,17.847958506327156,6.395856967444402,255.73542269900085,255.73542269900085
2026-10-02,ISAEC2,ISA ENERGIA BRASIL S.A.,ISA ENERGIA BRASIL S.A.,ISA,CVM FRE,IPCA_MAIS,S,Quirografária,N,ISA ENERGIA BRASIL S.A.,02998611000104,7.4448,0.113,937.565218,2041-03-15,2040-08-15,17.379999999999995,9.3512,ok,,,29,9.351246508771311,0.0004973561822079213,8.703303006540391,106.27209306332212,9.26052139275173,4.4876609933742095,-4.221861212205713,-8.195885719331319,-15.465767091768667,9.234663471857003,4.484491619599348,-4.218811386941043,-8.171942541223782,-15.281164151814341,0.8467104258551379,1.6934208517102758,corrigido IPCA,0.9196119759253645,14.738354790028232,6.428780957826019,251.9138919949892,251.9138919949892
2026-10-02,ITPE13,COMPANHIA AGUAS DE ITAPEMA,COMPANHIA AGUAS DE ITAPEMA,Isolada (a identificar),,IPCA_MAIS,S,Real,N,COMPANHIA AGUAS DE ITAPEMA,06220197000150,8.6528,0.1113,1154.472974,2042-06-15,2037-05-15,115.36999999999989,7.4965,ok,,,31,7.496549576024407,0.0006613222758164941,6.899545686834032,71.48635846004844,7.272506558500735,3.5410369287035337,-3.362254308200985,-6.556574353898981,-12.481153295712799,7.2569774791342745,3.539130791492077,-3.3604148953419557,-6.542113894533791,-12.369364204467097,9.28063700627173,18.56127401254346,corrigido IPCA,0.9838079207767052,128.06435805538882,6.333555203580032,384.86165540956864,384.86165540956864
2026-10-02,ITPO14,ITAPOA TERMINAIS PORTUÁRIOS S/A,ITAPOA TERMINAIS PORTUARIOS S.A.,Isolada (a identificar),,IPCA_MAIS,S,Quirografária,N,ITAPOA TERMINAIS PORTUARIOS S.A.,01317277000105,7.6001,0.11,1445.462136,2036-11-15,2032-08-15,4.010000000000069,4.9198,ok,,,21,4.919794052295398,-0.00012089321928949613,4.5722950557624,32.70437091250821,4.740783924319247,2.327640804116493,-2.2458643091309183,-4.413490965989997,-8.52731394580305,4.735816910324941,2.327027991521835,-2.2452670642405645,-4.408773201199858,-8.490502693274635,1.0921357663459117,2.1842715326918234,corrigido IPCA,0.963371605962251,9.987133929369381,6.165678093077842,246.73006411735594,246.73006411735594
2026-10-02,ITPO15,ITAPOA TERMINAIS PORTUÁRIOS S/A,ITAPOA TERMINAIS PORTUARIOS S.A.,Isolada (a identificar),,IPCA_MAIS,S,Real,N,ITAPOA TERMINAIS PORTUARIOS S.A.,01317277000105,7.7834,0.1567,1060.324858,2040-05-15,2033-05-15,25.229999999999997,5.6419,ok,,,28,5.641881722053616,-0.000323967925414881,5.234462562930484,43.22048681873535,5.458253418573156,2.6722033145179847,-2.564124024884573,-5.025599028319094,-9.660767071057897,5.450564997024161,2.671256889988661,-2.563205672941823,-5.018360128836807,-9.604515389486263,3.0887249393551732,6.1774498787103465,corrigido IPCA,1.007605821947312,32.33563012448877,6.219829870263949,272.63419836643146,272.63419836643146
2026-10-02,IVIAA0,CONC. RODOV. INTERI. PAULISTA S/A,CONCESSIONARIA DE RODOVIAS DO INTERIOR PAULISTA S/A,Arteris,CVM FRE,IPCA_MAIS,S,Quirografária,N,CONCESSIONARIA DE RODOVIAS DO INTERIOR PAULISTA S/A,03207703000183,9.5908,0.3268,986.491387,2038-05-15,2033-05-15,205.96999999999994,5.4533,ok,,,24,5.453295860795527,-7.59027464564318e-05,4.97605260733157,38.74936066438375,5.176195980097287,2.537251364139337,-2.440356374616104,-4.7883567154425215,-9.224240840169173,5.169799410653489,2.5364630044962646,-2.4395896028353055,-4.782305804009651,-9.177118001375465,21.274835309529422,42.549670619058844,corrigido IPCA,0.8913422312902685,211.72939942506721,6.206433399650635,483.98889206106395,483.98889206106395
2026-10-02,JALL11,JALLES MACHADO S.A.,JALLES MACHADO S.A.,Jalles Machado,CVM FRE,IPCA_MAIS,S,Quirografária,N,JALLES MACHADO S.A.,02635522000195,8.2892,0.0902,1212.936566,2028-12-15,2028-08-15,93.9099999999999,2.0481,ok,,,5,2.048112068194622,0.0005892385441284347,1.8913354870057422,5.481892951908331,1.919099667792401,0.9525641836090948,-0.9388589294511362,-1.8642723859910504,-3.6757717264087386,1.918744951765284,0.9525201096927566,-0.9388153773129857,-1.8639260222462004,-3.6730331149733173,23.85694430632874,47.71388861265748,corrigido IPCA,0.9657321065960701,90.24297075615827,5.904498688831583,335.02151144351194,335.02151144351194
2026-10-02,JALL13,JALLES MACHADO S.A.,JALLES MACHADO S.A.,Jalles Machado,CVM FRE,IPCA_MAIS,S,Quirografária,N,JALLES MACHADO S.A.,02635522000195,8.8375,0.1032,1106.893753,2032-09-15,2031-05-15,127.42000000000004,3.8286,ok,,,12,3.828634388684417,0.0008982052034009285,3.5177529699638606,17.422773371302835,3.6066810151481388,1.7808796592481135,-1.737318700474988,-3.432388843722556,-6.700803034146197,3.6048668368203742,1.7806549516960586,-1.7370980182678015,-3.430639103107346,-6.687050472501664,18.051456417356885,36.10291283471377,corrigido IPCA,0.9223440735565265,127.00112884866076,6.064835651475575,384.1415397987706,384.1415397987706
2026-10-02,JALL14,JALLES MACHADO S.A.,JALLES MACHADO S.A.,Jalles Machado,CVM FRE,IPCA_MAIS,S,Quirografária,S,JALLES MACHADO S.A.,02635522000195,8.9031,0.0852,1114.633411,2030-10-15,2030-08-15,129.07999999999998,3.4232,ok,,,9,3.423251594476224,0.0015072001701281342,3.1433922399603165,13.89379651400102,3.2141330736487728,1.5892210765529269,-1.554484100835818,-3.07515534053453,-6.018612892031405,3.2128612225303215,1.5890633656226596,-1.554328874337657,-3.0739232573903115,-6.008908549640612,21.15584658433215,42.3116931686643,corrigido IPCA,0.9756780900598132,133.0022479659613,6.020612375946799,390.5673901575747,390.5673901575747
2026-10-02,JALL15,JALLES MACHADO S.A.,JALLES MACHADO S.A.,Jalles Machado,CVM FRE,IPCA_MAIS,S,Quirografária,N,JALLES MACHADO S.A.,02635522000195,9.0045,0.3417,1011.379651,2034-05-15,2033-05-15,147.33999999999997,5.1981,ok,,,16,5.198133076451319,0.0006363181031381656,4.7687325536572525,31.19543284703829,4.928814112956248,2.4238679381649364,-2.345868334873591,-4.616683345611983,-8.944314326814485,4.924709717892444,2.423360567887424,-2.3453719857698285,-4.612755389422061,-8.913556450373738,15.18789514769682,30.37579029539364,corrigido IPCA,0.9122103458330136,144.85402002470968,6.187510288984521,406.83410216416985,406.83410216416985
2026-10-02,JALL21,JALLES MACHADO S.A.,JALLES MACHADO S.A.,Jalles Machado,CVM FRE,IPCA_MAIS,S,Quirografária,N,JALLES MACHADO S.A.,02635522000195,8.2776,0.1504,1174.221638,2031-12-15,2030-08-15,66.52999999999993,3.6492,ok,,,11,3.649177536426387,-0.000615575293565617,3.3702054131476755,15.894150858338158,3.451242402786825,1.705164487105093,-1.665425815763022,-3.292248162930189,-6.43443454737559,3.449676167439366,1.7049703951467605,-1.665235018000915,-3.290734658855985,-6.422527809128588,10.46837365732928,20.93674731465856,corrigido IPCA,0.9349075352316207,70.56113913356734,6.045653911088711,317.4905858242491,317.4905858242491
2026-10-02,JALL24,JALLES MACHADO S.A.,JALLES MACHADO S.A.,Jalles Machado,CVM FRE,IPCA_MAIS,S,Quirografária,S,JALLES MACHADO S.A.,02635522000195,8.996,0.1005,1092.001832,2033-10-17,2032-08-15,143.60000000000008,4.7424,ok,,,15,4.742420402906523,0.0004302232313467196,4.351004076210616,26.436986321772046,4.486445602086575,2.2089510907526755,-2.1428503561053414,-4.221943365973568,-8.197761245609513,4.483189007819476,2.208548271007523,-2.142455805203093,-4.218819144601756,-8.17326842598579,16.415915794348393,32.83183158869679,corrigido IPCA,0.9558678711657729,142.8514330718802,6.151035178699438,404.12549328008805,404.12549328008805
2026-10-02,JSMLB5,SIMPAR S.A.,SIMPAR S.A.,Simpar,CVM FRE,IPCA_MAIS,N,Quirografária,S,SIMPAR S.A.,07415333000120,13.0421,0.2063,1135.666611,2031-09-15,2030-08-15,542.9799999999999,3.3491,ok,,,10,3.349142995873146,0.0012838038023894043,2.962739542058353,12.584797853345755,3.026795484709388,1.4972411385566042,-1.4657769465841741,-2.9009123285873573,-5.682422580734459,3.025663531325082,1.4971007683458588,-1.4656387737124943,-2.8998155527916243,-5.673783127049791,92.65769472669494,185.31538945338988,corrigido IPCA,0.8594646814042477,549.0412320855016,6.012231655514699,,549.0412320855016
2026-10-02,JTEE11,JANAUBA TRANSMISSORA DE ENERGIA ELETRICA  S/A,JANAUBA TRANSMISSORA DE ENERGIA ELETRICA S.A.,Isolada (a identificar),,IPCA_MAIS,S,Quirografária,N,JANAUBA TRANSMISSORA DE ENERGIA ELETRICA S.A.,26617923000180,7.4909,0.1189,904.767771,2033-07-15,2030-08-15,-12.14000000000004,3.2148,ok,,,14,3.2148418350187153,0.001301325703479647,2.990803719215967,15.014254215890157,3.067513098214558,1.514372472346337,-1.476833004289324,-2.917309205411789,-5.693703458502641,3.0658749902954177,1.5141696773778461,-1.4766340418381207,-2.915732448136516,-5.681322354114131,-0.10101434437444821,-0.20202868874889643,corrigido IPCA,0.9208536487546987,-0.6042281536985245,5.99692391702511,232.17578142234026,232.17578142234026
2026-10-02,JTEE12,JANAUBA TRANSMISSORA DE ENERGIA ELETRICA  S/A,JANAUBA TRANSMISSORA DE ENERGIA ELETRICA S.A.,Isolada (a identificar),,IPCA_MAIS,S,Real,N,JANAUBA TRANSMISSORA DE ENERGIA ELETRICA S.A.,26617923000180,7.4535,0.0895,1325.198804,2044-12-15,2035-05-15,-6.649999999999956,6.9094,ok,,,37,6.9094621513531065,0.0008995188164923266,6.43018808261537,70.14185934504808,6.797395057642808,3.304793055780708,-3.1293614913059375,-6.09474446125533,-11.575212172290817,6.780897379340612,3.3027713654889954,-3.1274167171263754,-6.07947878589013,-11.45753897832978,0.8887741495260431,1.7775482990520861,corrigido IPCA,0.8483725025102876,11.429969888837945,6.300270231442573,246.41067741580264,246.41067741580264
2026-10-02,KLBNA5,KLABIN S/A,KLABIN S/A,Klabin,CVM FRE,IPCA_MAIS,S,Quirografária,N,KLABIN S/A,89637490000145,7.3404,0.1066,1001.109506,2039-08-15,2037-05-15,-15.87000000000005,8.3557,ok,,,26,8.355700573598138,6.864752658380201e-06,7.784301692184991,82.48087399778775,8.21398458572078,3.9973752477138413,-3.7911032116332954,-7.388057261651426,-14.044160309271147,8.19670606217393,3.9952519385897305,-3.789049753595261,-7.371897322196053,-13.918985904414228,-0.23116098836214746,-0.4623219767242949,corrigido IPCA,0.9097502310145771,-3.5988537457492393,6.379275847891552,231.45083557741816,231.45083557741816
2026-10-02,LCAMD1,COMPANHIA DE LOCAÇÃO DAS AMÉRICAS,LOCALIZA RENT A CAR S/A,Localiza,inferido,IPCA_MAIS,N,Quirografária,S,LOCALIZA RENT A CAR S/A,16670085000155,9.3156,0.0647,1191.935163,2031-09-15,2030-08-15,170.32999999999996,3.4632,ok,,,10,3.463232297785214,0.0009325994806494817,3.168104367341179,14.096648605992334,3.239909760349957,1.601836898198039,-1.5665926096492644,-3.0989005828358063,-6.064348176887169,3.238587610371141,1.60167299442808,-1.5664313729130992,-3.0976211243112175,-6.054275762562511,27.669315435839636,55.33863087167927,corrigido IPCA,0.916499330849558,175.3185581472485,6.025104710803819,,175.3185581472485
2026-10-02,LCAMD3,COMPANHIA DE LOCAÇÃO DAS AMÉRICAS,LOCALIZA RENT A CAR S/A,Localiza,inferido,IPCA_MAIS,N,Quirografária,S,LOCALIZA RENT A CAR S/A,16670085000155,9.2052,0.1341,1195.672875,2029-04-15,2029-05-15,179.51999999999995,2.256,ok,,,6,2.2559903622645634,-0.0004272045849461544,2.06582686746104,6.491945637110288,2.098733810682396,1.0410839158061291,-1.0248533608021804,-2.0338032957897267,-4.005261373312696,2.0982865956465915,1.0410283657769077,-1.0247985016841321,-2.0333671392754886,-4.001814822179874,42.47275098373504,84.94550196747008,corrigido IPCA,0.9909776949117607,175.4827002343643,5.9066853633308325,,175.4827002343643
2026-10-02,LGEN11,LAGOA 1 ENERGIA RENOVAVEL S.A.,LAGOA 1 ENERGIA RENOVAVEL S.A.,Isolada (a identificar),,IPCA_MAIS,S,Quirografária,S,LAGOA 1 ENERGIA RENOVAVEL S.A.,21540697000163,6.3771,0.095,642.764551,2029-03-15,2027-05-15,76.71000000000001,1.1399,fluxo divergente da ANBIMA,,,5,1.3602350036293354,19.32932745234981,1.2786915639073968,3.403008480345683,1.2959230846226522,0.6436264390329294,-0.6351185970501216,-1.2618878652476906,-2.4909938653448926,1.2957066063091252,0.6435995425541305,-0.6350920213532664,-1.2616765215056684,-2.48932295820788,-25.343606717360256,-50.68721343472051,sem correção,1.0158615844323287,-64.81331221695079,6.068772636706576,149.6354679713508,149.6354679713508
2026-10-02,LIGH1B,LIGHT SERVIÇOS DE ELETRICIDADE S/A,LIGHT SERVICOS DE ELETRICIDADE S/A,Light,inferido,IPCA_MAIS,N,Real,S,LIGHT SERVICOS DE ELETRICIDADE S/A,60444437000146,,,78.458927,2032-11-13,,,,sem taxa indicativa,,,,,,,,,,,,,,,,,,,,,,,,,
2026-10-02,LIGHB4,LIGHT SERVIÇOS DE ELETRICIDADE S/A,LIGHT SERVICOS DE ELETRICIDADE S/A,Light,inferido,IPCA_MAIS,N,Real,S,LIGHT SERVICOS DE ELETRICIDADE S/A,60444437000146,,,77.405144,2032-11-13,,,,sem taxa indicativa,,,,,,,,,,,,,,,,,,,,,,,,,
2026-10-02,LIGHB6,LIGHT SERVIÇOS DE ELETRICIDADE S/A,LIGHT SERVICOS DE ELETRICIDADE S/A,Light,inferido,IPCA_MAIS,N,Real,S,LIGHT SERVICOS DE ELETRICIDADE S/A,60444437000146,,,78.458927,2032-11-13,,,,sem taxa indicativa,,,,,,,,,,,,,,,,,,,,,,,,,
2026-10-02,LIGHB7,LIGHT SERVIÇOS DE ELETRICIDADE S/A,LIGHT SERVICOS DE ELETRICIDADE S/A,Light,inferido,IPCA_MAIS,N,Real,S,LIGHT SERVICOS DE ELETRICIDADE S/A,60444437000146,,,77.405144,2032-11-13,,,,sem taxa indicativa,,,,,,,,,,,,,,,,,,,,,,,,,
2026-10-02,LIGHC3,LIGHT SERVIÇOS DE ELETRICIDADE S/A,LIGHT SERVICOS DE ELETRICIDADE S/A,Light,inferido,IPCA_MAIS,N,Real,S,LIGHT SERVICOS DE ELETRICIDADE S/A,60444437000146,,,77.02195,2032-11-13,,,,sem taxa indicativa,,,,,,,,,,,,,,,,,,,,,,,,,
2026-10-02,LIGHD3,LIGHT SERVIÇOS DE ELETRICIDADE S/A,LIGHT SERVICOS DE ELETRICIDADE S/A,Light,inferido,IPCA_MAIS,N,Real,S,LIGHT SERVICOS DE ELETRICIDADE S/A,60444437000146,,,54.300012,2037-11-13,,,,sem taxa indicativa,,,,,,,,,,,,,,,,,,,,,,,,,
2026-10-02,LORTA7,LOCALIZA RENT A CAR,LOCALIZA RENT A CAR S/A,Localiza,inferido,IPCA_MAIS,N,Quirografária,S,LOCALIZA RENT A CAR S/A,16670085000155,9.3504,0.0751,1195.043729,2031-03-15,2030-08-15,173.81000000000003,3.5257,ok,,,9,3.5257394280414425,0.0011183039238282632,3.2242583731211245,14.17741811516645,3.2964439213241326,1.6300119635669352,-1.594565871062048,-3.1546289658873183,-6.174873717199736,3.2951454636969566,1.62985095920452,-1.5944074139166042,-3.153371282545292,-6.16496838393892,27.55086509043709,55.10173018087418,corrigido IPCA,0.8822563096695488,177.66221490914452,6.032079941126356,,177.66221490914452
2026-10-02,LTTE15,LINHAS DE TAUBATE TRANS.DE ENERGIA S/A,LINHAS DE TAUBATE TRANSMISSORA DE ENERGIA S.A.,Isolada (a identificar),,IPCA_MAIS,S,Real,N,LINHAS DE TAUBATE TRANSMISSORA DE ENERGIA S.A.,14395590000103,7.7613,0.3532,1123.840413,2038-10-15,2032-08-15,20.13000000000007,4.6918,ok,,,13,4.691847896369762,0.001020852759322211,4.35392659180036,34.06921376213763,4.530007573638684,2.2202563664979857,-2.1350634998791085,-4.18899788305549,-8.068630251776588,4.524272660611048,2.2195498131028524,-2.1343767786975083,-4.183580522989672,-8.026468908357968,3.408850586022453,6.817701172044906,corrigido IPCA,0.9284893083212787,29.683770427914798,6.146747586745671,268.8099908802546,268.8099908802546
2026-10-02,MGPRA0,CONCESSÃO METROVIÁRIA DO R. JANEIRO S/A,CONCESSAO METROVIARIA DO RIO DE JANEIRO S/A,Isolada (a identificar),,IPCA_MAIS,S,Real,S,CONCESSAO METROVIARIA DO RIO DE JANEIRO S/A,10324624000118,9.178,0.0947,1028.417287,2042-03-15,2037-05-15,167.89000000000004,7.4794,ok,,,31,7.479465339725487,0.0008735958163362958,6.8507074133300545,71.90811055158451,7.226153407032387,3.5171905088485778,-3.3373506712669365,-6.50595822335891,-12.377529905134443,7.2102479660879775,3.515238844854508,-3.335468568475547,-6.491166860572132,-12.26325261562842,13.253229006489233,26.506458012978467,corrigido IPCA,0.9169956004474998,181.58798841063341,6.332612651471337,447.49632828406493,447.49632828406493
2026-10-02,MGSP12,EDP TRANSMISSAO SP-MG S.A.,TRANSMISSAO SP-MG S/A,EDP,escritura,IPCA_MAIS,S,Quirografária,N,TRANSMISSAO SP-MG S/A,27821748000101,7.6703,0.1496,1150.518053,2039-07-15,2033-05-15,13.919999999999977,5.3447,ok,,,26,5.344741183223822,0.0007705432264167162,4.963988382333682,40.44902750541199,5.173297078856387,2.533425299294456,-2.4322775223570625,-4.7684031608364315,-9.170782229310703,5.166233519860742,2.5325554755486057,-2.431432906785076,-4.761743244806622,-9.118996214559123,2.2189258105475727,4.437851621095145,corrigido IPCA,0.8532704134841764,22.029443889636998,6.19850108945843,260.35068142729426,260.35068142729426
2026-10-02,MOTVB9,MOTIVA INFRAESTRUTURA DE MOBILIDADE S.A.,MOTIVA INFRAESTRUTURA DE MOBILIDADE S.A.,Motiva (ex-CCR),CVM FRE,IPCA_MAIS,S,Quirografária,S,MOTIVA INFRAESTRUTURA DE MOBILIDADE S.A.,02846056000197,7.7632,0.1423,996.310603,2037-10-15,2037-05-15,26.41,7.1124,ok,,,23,7.112437160890249,0.0005224803195619214,6.600061209105009,60.55831752819953,6.913867340178026,3.3770848784273166,-3.2256497775759008,-6.3076547830365755,-12.069704897872436,6.902852796746008,3.375728501462754,-3.224332707642256,-6.297269621464012,-11.98895606764603,2.41109380863509,4.82218761727018,corrigido IPCA,0.956567966577135,31.82673343577143,6.3119975423998165,273.5399269680645,273.5399269680645
2026-10-02,MOVI18,MOVIDA PARTICIPACOES S/A,MOVIDA PARTICIPACOES S/A,Simpar,CVM FRE,IPCA_MAIS,N,Quirografária,S,MOVIDA PARTICIPACOES S/A,21314559000166,12.6634,0.2506,1104.14173,2029-06-15,2029-05-15,525.3399999999999,2.385,ok,,,6,2.3850133285878985,0.0005588506456481691,2.1169371140830995,6.715586147778706,2.1509787649812706,1.0669206410135468,-1.0501309613756393,-2.0838114706316246,-4.103136645329597,2.150515044821993,1.066863039726273,-1.0500740743568264,-2.0833591833442062,-4.099562505210625,122.75685921092155,245.5137184218431,corrigido IPCA,0.9267447239008634,519.7371025437473,5.913428677956323,,519.7371025437473
2026-10-02,MOVI37,MOVIDA PARTICIPACOES S/A,MOVIDA PARTICIPACOES S/A,Simpar,CVM FRE,IPCA_MAIS,N,Quirografária,S,MOVIDA PARTICIPACOES S/A,21314559000166,13.4778,0.6376,1092.742913,2031-09-15,2030-08-15,586.55,3.3579,ok,,,10,3.3579697847053422,0.002078224644639723,2.9591424795910233,12.529818533619359,3.022914479179706,1.4953727656191296,-1.4640460471641914,-2.897581524146664,-5.676260482290052,3.02179157225912,1.4952335129625358,-1.4639089666284875,-2.896493386922926,-5.667688588509659,100.11543565897311,200.23087131794622,corrigido IPCA,0.8388455302040796,592.5116770424585,6.0132330545730195,,592.5116770424585
2026-10-02,MRSAA1,MRS LOGÍSTICA S/A,MRS LOGISTICA S/A,MRS,CVM FRE,IPCA_MAIS,S,Quirografária,N,MRS LOGISTICA S/A,01417222000177,7.6979,0.0966,1062.275706,2033-09-15,2033-05-15,16.67999999999994,5.6598,ok,,,14,5.659846335227663,0.0008186725266549815,5.255298696843359,36.17325573454795,5.441104013021558,2.673476280856768,-2.5830295317897822,-5.079153575380458,-9.824080327570572,5.436164975516099,2.672865918089864,-2.5824327787534944,-5.074432418170619,-9.787132278995758,1.3636113713303135,2.727222742660627,corrigido IPCA,0.9283628979124295,14.332370125505964,6.221082038456727,253.75173507033423,253.75173507033423
2026-10-02,MRSAA2,MRS LOGÍSTICA S/A,MRS LOGISTICA S/A,MRS,CVM FRE,IPCA_MAIS,S,Quirografária,N,MRS LOGISTICA S/A,01417222000177,7.7908,0.0871,1022.615477,2034-09-15,2035-05-15,27.080000000000037,6.2303,ok,,,16,6.230329287778765,0.0004700861718516745,5.780019526507609,44.114890554145525,6.007249892773525,2.9459750096215265,-2.835667749942783,-5.565780254899167,-10.72722005985951,6.000593979278337,2.9451533764464863,-2.8348661500611225,-5.559445073736882,-10.677741241932308,2.3258710470547648,4.6517420941095295,corrigido IPCA,0.9316872832890323,26.887160136230477,6.258965081226986,268.5042092017056,268.5042092017056
2026-10-02,MRSAA3,MRS LOGÍSTICA S/A,MRS LOGISTICA S/A,MRS,CVM FRE,IPCA_MAIS,S,Quirografária,N,MRS LOGISTICA S/A,01417222000177,7.5454,0.1306,1051.769961,2032-07-15,2032-08-15,-1.4599999999999724,4.7296,fluxo divergente da ANBIMA,,,12,4.424899715192991,-6.442411299200961,4.114448144869972,24.23175118913823,4.238484568883272,2.087869855377966,-2.0272834445831833,-3.9960544730027525,-7.765954941933173,4.235606900815664,2.087513761421409,-2.0269343834485634,-3.9932893889242815,-7.744261265957181,-0.21886744525123802,-0.43773489050247605,corrigido IPCA,1.0769017946599317,-1.8010375081727732,6.1232287874052105,233.61052032764806,233.61052032764806
2026-10-02,MRSAA4,MRS LOGÍSTICA S/A,MRS LOGISTICA S/A,MRS,CVM FRE,IPCA_MAIS,S,Quirografária,N,MRS LOGISTICA S/A,01417222000177,7.6248,0.1802,937.977434,2041-02-15,2040-08-15,35.37999999999997,8.8379,ok,,,29,8.837883721693535,-0.00018418749323432758,8.211753909594753,94.35837513092247,8.705137289555665,4.226474225116883,-3.9904836607819183,-7.760038055561735,-14.691426572730816,8.683545785249365,4.22382492371103,-3.9879289858837237,-7.739962033940142,-14.536340316571057,1.7977955472830798,3.5955910945661596,corrigido IPCA,0.9146854380982294,29.526109228107735,6.403673234461893,269.6825545680823,269.6825545680823
2026-10-02,MRSAB1,MRS LOGÍSTICA S/A,MRS LOGISTICA S/A,MRS,CVM FRE,IPCA_MAIS,S,Quirografária,N,MRS LOGISTICA S/A,01417222000177,7.7659,0.0894,1055.971704,2035-09-15,2035-05-15,24.590000000000067,6.2404,ok,,,18,6.240391033692032,-0.00014368162246161483,5.790691706460051,44.48908245020698,6.0199337901028604,2.9517960387206665,-2.8405525476850046,-5.574710195357923,-10.74206677105738,6.013137118711087,2.9509572062927845,-2.839734500167267,-5.5682462942090165,-10.691601763915964,2.1335592235208574,4.267118447041715,corrigido IPCA,0.9228536023655297,24.70956740176715,6.259603960972626,265.8392490804224,265.8392490804224
2026-10-02,MRSAB2,MRS LOGÍSTICA S/A,MRS LOGISTICA S/A,MRS,CVM FRE,IPCA_MAIS,S,Quirografária,N,MRS LOGISTICA S/A,01417222000177,7.7558,0.0872,1019.893601,2036-09-15,2035-05-15,23.580000000000023,6.775,ok,,,20,6.77507643399234,0.0011281770087056575,6.2874355106568185,52.86122938053184,6.560557138451828,3.2108811234660806,-3.0786989255609076,-6.031478534162538,-11.582702231071817,6.551741657559479,3.2097942920540747,-3.0776412186027446,-6.02312936375416,-11.517646433703002,2.1611942778145283,4.322388555629057,corrigido IPCA,0.929207431624292,27.176739295518768,6.292363467756745,268.56739769673476,268.56739769673476
2026-10-02,MRSAB3,MRS LOGÍSTICA S/A,MRS LOGISTICA S/A,MRS,CVM FRE,IPCA_MAIS,S,Quirografária,N,MRS LOGISTICA S/A,01417222000177,7.6847,0.0778,995.256668,2040-07-15,2040-08-15,41.37000000000004,8.4353,fluxo divergente da ANBIMA,,,28,7.880273069668131,-6.5798125772867495,7.317913380144191,80.57145561840416,7.7384833353742355,3.761845837716371,-3.5603422399394513,-6.931568345653282,-13.15210795616858,7.720770658236212,3.7596710095951003,-3.5582423705490904,-6.915056102052169,-13.0243976479203,2.337078074593047,4.674156149186094,corrigido IPCA,1.0185745549217355,34.20506982501216,6.3543642894278385,274.96265058112624,274.96265058112624
2026-10-02,MRSAC1,MRS LOGÍSTICA S/A,MRS LOGISTICA S/A,MRS,CVM FRE,IPCA_MAIS,S,Quirografária,N,MRS LOGISTICA S/A,01417222000177,7.7899,0.0671,1039.982747,2038-09-15,2037-05-15,29.079999999999995,7.8067,ok,,,24,7.806710138021145,0.00012986308101047933,7.242524705952177,71.23901782581518,7.612602770420329,3.712019042901349,-3.533868829627196,-6.899369218002505,-13.161474816637364,7.598719795081253,3.710311125258358,-3.5322135806938193,-6.886329616823102,-13.060269055388051,2.6128658067638257,5.2257316135276515,corrigido IPCA,0.9088802536946381,37.847490317649346,6.350426544117038,280.50497426850666,280.50497426850666
2026-10-02,MRSAC2,MRS LOGÍSTICA S/A,MRS LOGISTICA S/A,MRS,CVM FRE,IPCA_MAIS,S,Quirografária,N,MRS LOGISTICA S/A,01417222000177,7.7615,0.086,1004.547986,2039-09-15,2037-05-15,26.239999999999952,8.2364,ok,,,26,8.236437780625337,0.00045870313896297874,7.6432100338482085,80.32121098309126,8.061577766027938,3.9240663951249255,-3.723195734965501,-7.257282597179515,-13.801449650653119,8.044816088763666,3.922006530652969,-3.72120350319524,-7.241603978932753,-13.679995848034594,2.5154518074854613,5.0309036149709225,corrigido IPCA,0.9152263261507385,38.45225298926898,6.373110582673602,280.79883387692803,280.79883387692803
2026-10-02,MSGT12,MATA DE SANTA GENEBRA TRANSMISSÃO S/A,MATA DE SANTA GENEBRA TRANSMISSAO S/A,Mata de Santa Genebra (Copel + Furnas),escritura,IPCA_MAIS,S,Real,N,MATA DE SANTA GENEBRA TRANSMISSAO S/A,19699063000106,7.3086,0.0975,841.243496,2030-11-15,2028-08-15,-4.150000000000009,1.8496,ok,,,9,1.8496712141729208,0.0038502472383696983,1.7236933611778746,5.71089916580036,1.7526841496882994,0.8690394553359404,-0.8547614515015289,-1.69556305916152,-3.336515779699556,1.7522478570068765,0.8689853045461876,-0.8547080566316869,-1.6951388653488726,-3.333168739039742,0.29182681605828403,0.5836536321165681,corrigido IPCA,0.977611526620377,1.006039890906682,5.917373368245027,229.4660410782961,229.4660410782961
2026-10-02,MSGT13,MATA DE SANTA GENEBRA TRANSMISSÃO S/A,MATA DE SANTA GENEBRA TRANSMISSAO S/A,Mata de Santa Genebra (Copel + Furnas),escritura,IPCA_MAIS,N,Quirografária,S,MATA DE SANTA GENEBRA TRANSMISSAO S/A,19699063000106,8.3766,0.0448,981.313064,2031-11-15,2029-05-15,96.65999999999997,2.6904,ok,,,11,2.6903950371567,-0.00018446488625749414,2.482450120373494,10.5093618646671,2.53596831091758,1.2544821838782472,-1.2282068230150878,-2.43084337875612,-4.7621138213781,2.5349969296968298,1.254361762517581,-1.2280883578559132,-2.4299033110501584,-4.754713003453646,18.12096855165076,36.24193710330152,corrigido IPCA,0.993501044804178,89.96880112465945,5.939212150579021,,89.96880112465945
2026-10-02,MSGT23,MATA DE SANTA GENEBRA TRANSMISSÃO S/A,MATA DE SANTA GENEBRA TRANSMISSAO S/A,Mata de Santa Genebra (Copel + Furnas),escritura,IPCA_MAIS,S,Quirografária,N,MATA DE SANTA GENEBRA TRANSMISSAO S/A,19699063000106,7.7428,0.1765,1085.591382,2037-11-15,2035-05-15,22.280000000000033,6.2402,ok,,,23,6.2402609697654166,0.0009770482583379913,5.791812510687875,48.12162005371823,6.040537836809556,2.9570586626714856,-2.8367271288805007,-5.5588815819542,-10.680974278466582,6.032420610956467,2.9560582804110855,-2.83575423027679,-5.551204410419285,-10.621192620301386,2.265012311604891,4.530024623209782,corrigido IPCA,0.9271582028299118,26.23705328643054,6.25959570824326,266.7683124919159,266.7683124919159
2026-10-02,MSGT33,MATA DE SANTA GENEBRA TRANSMISSÃO S/A,MATA DE SANTA GENEBRA TRANSMISSAO S/A,Mata de Santa Genebra (Copel + Furnas),escritura,IPCA_MAIS,S,Quirografária,N,MATA DE SANTA GENEBRA TRANSMISSAO S/A,19699063000106,7.9369,0.1553,1018.766043,2041-11-15,2037-05-15,43.77999999999993,8.1079,ok,,,31,8.107943136338273,0.0005320284940862699,7.511743561597815,84.30926056858289,7.95242472034845,3.863606201819203,-3.6527491678306823,-7.107988692818923,-13.47474069729464,7.933289864440731,3.8612583565096363,-3.650485205088179,-7.0901972587549,-13.337301911823973,3.991067211431586,7.982134422863172,corrigido IPCA,0.8971842850247606,59.959746858750734,6.366406536934832,304.9335793233796,304.9335793233796
2026-10-02,NEOE16,NEOENERGIA S/A,NEOENERGIA S/A,Neoenergia,CVM FRE,IPCA_MAIS,S,Quirografária,N,NEOENERGIA S/A,01083200000118,7.6368,0.102,1409.477642,2029-06-15,2028-08-15,28.669999999999973,1.6067,ok,,,3,1.6067076636978166,0.0004769837441073872,1.492712217102159,4.180361427863573,1.5138886147825437,0.7516156721260492,-0.7411643521351263,-1.4720783357177525,-2.903934872989,1.5136140242414768,0.751581560335909,-0.7411306567662501,-1.4718104099628413,-2.9018172056470464,15.952625220005494,31.905250440010988,corrigido IPCA,0.9587082316382429,47.625357121508436,5.964609598911785,282.53429833015093,282.53429833015093
2026-10-02,NEOE26,NEOENERGIA S/A,NEOENERGIA S/A,Neoenergia,CVM FRE,IPCA_MAIS,S,Quirografária,N,NEOENERGIA S/A,01083200000118,7.9614,0.0757,843.684719,2033-06-15,2030-08-15,34.91,3.226,ok,,,7,3.225985823811238,-0.00043943548549234035,2.988091877107223,14.978265298357707,3.0646288444336367,1.5129724786872911,-1.4755229295209338,-2.9147839839298695,-5.689049827624471,3.062983203599012,1.5127687701765586,-1.4753231069306645,-2.913200550615435,-5.676618448247293,7.965655709703155,15.93131141940631,corrigido IPCA,0.9017848358772045,47.60422224399353,5.998197377190917,288.7898873046923,288.7898873046923
2026-10-02,NMCH11,NEOENERGIA MORRO DO CHAPEU TRANSMISSAO E ENERGIA S.A.,NEOENERGIA MORRO DO CHAPEU TRANSMISSAO E ENERGIA S.A.,Neoenergia,inferido,IPCA_MAIS,S,Quirografária,N,NEOENERGIA MORRO DO CHAPEU TRANSMISSAO E ENERGIA S.A.,28438834000100,8.0513,0.1451,1148.877481,2038-12-15,2032-08-15,49.12999999999998,4.6389,ok,,,25,4.619214996973872,-0.4243463542246599,4.275020288486924,31.993803808799218,4.440207384447725,2.1781454978415438,-2.0981433550111728,-4.119987007483827,-7.948601939329825,4.434989307530921,2.177502399004461,-2.097517889482463,-4.115051269442928,-7.9101645007978645,6.947273555267237,13.894547110534473,corrigido IPCA,0.955380944233483,59.39947079687223,6.140498425202345,303.81823309881145,303.81823309881145
2026-10-02,NNAE12,SPE NOVO NORTE AEROPORTOS S.A.,SPE NOVO NORTE AEROPORTOS S.A.,Isolada (a identificar),,IPCA_MAIS,S,Real,N,SPE NOVO NORTE AEROPORTOS S.A.,48710127000120,8.4108,0.1336,1347.870995,2040-12-15,2033-05-15,87.96999999999997,5.6061,ok,,,29,5.606116333791187,0.0002913574710966775,5.17117882516427,43.19845075240986,5.394973287306115,2.6405476674385975,-2.53252261157324,-4.962525537241602,-9.535392459801129,5.387171078926318,2.639587476022647,-2.5315913491416224,-4.95518657140222,-9.478388635280341,9.321310367599228,18.642620735198456,corrigido IPCA,1.0870328137389087,96.4043255914266,6.217324889703391,347.7700432734648,347.7700432734648
2026-10-02,NTEN11,NORTE ENERGIA S/A,NORTE ENERGIA S/A,Axia (ex-Eletrobras),CVM FRE,IPCA_MAIS,S,Real,N,NORTE ENERGIA S/A,12300288000107,12.686,0.0801,977.886013,2030-05-15,2028-08-15,533.5899999999999,1.7045,ok,,,8,1.7045079124774931,0.00046421105856324124,1.5126172838484755,4.635516174797632,1.5361211610030123,0.7621435584466152,-0.7505542464613546,-1.489757652241852,-2.935035652200002,1.5357948647224637,0.7621030371427349,-0.7505142467057407,-1.4894397029744872,-2.9325242442009984,178.80013851108438,357.60027702216877,corrigido IPCA,0.9430649673187066,540.9123597327354,5.940395421761058,864.9739505747242,864.9739505747242
2026-10-02,NTSD19,NOVA TRANSPORTE DO SUDESTE S.A. - NTS,NOVA TRANSPORTADORA DO SUDESTE S.A.  NTS,Nova Transportadora,CVM FRE,IPCA_MAIS,S,Quirografária,N,NOVA TRANSPORTADORA DO SUDESTE S.A.  NTS,04992714000184,7.3016,0.1194,1013.342283,2040-07-16,2040-08-15,3.059999999999974,8.5379,ok,,,28,8.537947253320011,0.0005534536596897827,7.9569617352583855,88.50692726554493,8.419076194107022,4.0915183906645725,-3.870167812007874,-7.532673522356581,-14.284884643506102,8.39949637158611,4.089114526711124,-3.867847208547262,-7.5144270989306605,-14.143784925205875,-0.29504318285393216,-0.5900863657078643,corrigido IPCA,0.968818255666454,-4.6952946324351625,6.388594591173091,229.65590929086324,229.65590929086324
2026-10-02,NTSDA1,NOVA TRANSPORTE DO SUDESTE S.A. - NTS,NOVA TRANSPORTADORA DO SUDESTE S.A.  NTS,Nova Transportadora,CVM FRE,IPCA_MAIS,S,Quirografária,N,NOVA TRANSPORTADORA DO SUDESTE S.A.  NTS,04992714000184,7.3264,0.0915,944.721856,2041-03-15,2040-08-15,5.539999999999967,9.0171,ok,,,29,9.017071693661608,-0.00031391842600680335,8.401541180605712,97.66883263757201,8.912454749133225,4.3256254788124116,-4.08135367651643,-7.934169343072329,-15.011669329110312,8.889885343793571,4.322856631099821,-4.078684549505891,-7.913197017417853,-14.849705708459984,0.002684619542271987,0.005369239084543974,corrigido IPCA,0.9205486817764513,0.04510988327731391,6.412534882895815,235.06324032201147,235.06324032201147
2026-10-02,ODYA11,ODOYA TRANSMISSORA DE ENERGIA S.A..,ARGO V TRANSMISSAO DE ENERGIA S.A.,Argo,CVM FRE,IPCA_MAIS,S,Real,S,ARGO V TRANSMISSAO DE ENERGIA S.A.,20514590000188,7.6048,0.2617,714.004956,2031-09-15,2029-05-15,19.479999999999986,2.4158,ok,,,10,2.4158243529132863,0.0010080682708169639,2.24508976636106,8.982456395176193,2.2908062550747177,1.1338726673465693,-1.1114149394461759,-2.200956286353395,-4.316663619036287,2.290002048336941,1.1337729536745005,-1.1113168126865598,-2.200177484385179,-4.310530404818596,4.377626834718425,8.75525366943685,corrigido IPCA,0.9852325351610686,19.656330415147792,5.915490664739154,253.38579683638514,253.38579683638514
2026-10-02,OMGE12,OMEGA GERAÇÃO S/A,SERENA GERACAO S.A.,Serena,CVM FRE,IPCA_MAIS,S,Quirografária,N,SERENA GERACAO S.A.,09149503000106,8.5358,0.207,1332.625707,2028-09-15,2028-08-15,118.56999999999998,1.8756,ok,,,4,1.875660606647962,0.003231320535403922,1.7281492435196146,4.639944545445269,1.751631680792065,0.869909690186943,-0.8583094324314922,-1.70522589103127,-3.3656859923763327,1.751348966246841,0.8698745524416138,-0.8582746910780007,-1.7049495207923882,-3.363499596130324,35.17309808715994,70.34619617431989,corrigido IPCA,0.9311724981019943,121.56872570313331,5.9146079394445605,370.81270320475176,370.81270320475176
2026-10-02,OMGE22,OMEGA GERAÇÃO S/A,SERENA GERACAO S.A.,Serena,CVM FRE,IPCA_MAIS,S,Quirografária,N,SERENA GERACAO S.A.,09149503000106,8.5325,0.265,1331.600783,2028-09-15,2028-08-15,118.24000000000004,1.8973,ok,,,2,1.8973720221175807,0.0037960321288529938,1.7482063180315395,4.702008764648327,1.7720031164712546,0.8800163097259395,-0.8682608854811091,-1.724976589790117,-3.404590054068357,1.771716361854781,0.8799806699715801,-0.8682256480599593,-1.7246962742082976,-3.4023724607701125,34.48356053029386,68.96712106058771,corrigido IPCA,0.9304563298106481,120.56875677456551,5.9125736842444265,369.6994013907032,369.6994013907032
2026-10-02,OMGE41,OMEGA GERAÇÃO S/A,SERENA GERACAO S.A.,Serena,CVM FRE,IPCA_MAIS,S,Quirografária,N,SERENA GERACAO S.A.,09149503000106,6.9902,0.4435,1483.535648,2027-05-15,2027-05-15,138.01999999999995,0.5912,ok,,,2,0.5912128519882218,0.0021738816342817342,0.5525859863690523,0.8268096198011333,0.5567538262103211,0.2773307112864387,-0.27526365212577897,-0.548485166512358,-1.088899406131849,0.556720034468058,0.27732650520927754,-0.2752594811597747,-0.5484519382700466,-1.0886357803420819,120.19681964746702,240.39363929493405,corrigido IPCA,1.0079028763254971,132.8381562866373,7.263910982173738,375.7123622793511,375.7123622793511
2026-10-02,OMNG12,OMEGA ENERGIA E IMPLANTACAO 2 S.A.,DELTA 3 ENERGIA S.A,Isolada (a identificar),,IPCA_MAIS,S,Real,S,DELTA 3 ENERGIA S.A,14797436000168,8.409,0.1608,660.897919,2029-12-15,2028-08-15,105.89000000000004,1.542,ok,,,7,1.5419916756031546,-0.0005398441533977871,1.4223834511923867,4.163033504000447,1.4434830849262337,0.716430848421723,-0.7060228184353479,-1.4018456079729735,-2.763697275117638,1.443198618712389,0.7163955174761939,-0.7059879337161928,-1.4015682836723844,-2.7615062323047646,42.958682536034345,85.91736507206869,corrigido IPCA,1.0025973229357037,122.2074382485653,5.985344698056072,371.2862160160424,371.2862160160424
2026-10-02,ONZE21,BLOCO DE ONZE AEROPORTOS DO BRASIL S.A,BLOCO DE ONZE AEROPORTOS DO BRASIL S.A,Isolada (a identificar),,IPCA_MAIS,S,Real,N,BLOCO DE ONZE AEROPORTOS DO BRASIL S.A,48725405000113,8.3749,0.1215,1096.672983,2048-06-15,2037-05-15,87.57999999999998,7.9946,ok,,,44,7.99458263126064,-0.00021725588973225485,7.376784321148752,89.72828175591384,7.849127283253621,3.803449898221367,-3.579005996904827,-6.949870760334842,-13.125779435987916,7.825425729928321,3.800552512769268,-3.576231808379484,-6.928142912369182,-12.959003007179227,7.321173275257109,14.642346550514217,corrigido IPCA,1.0540433587458822,108.01343245865978,6.360437319771606,359.2723469412652,359.2723469412652
2026-10-02,ORIG11,ORIGEM ENERGIA S.A,ORIGEM ENERGIA S.A.,Isolada (a identificar),,IPCA_MAIS,S,Real,N,ORIGEM ENERGIA S.A.,32021201000161,11.0964,0.2277,1032.711596,2035-12-15,2032-08-15,353.63999999999993,4.7988,ok,,,19,4.798803096676771,6.453023195399545e-05,4.319494688105799,28.121224748760046,4.463943836524065,2.195373632026487,-2.1250596823976675,-4.182557279643973,-8.105259308407419,4.460100811849599,2.1948988749888496,-2.1245958131169496,-4.178888564361999,-8.076564881236397,41.357448598981115,82.71489719796223,corrigido IPCA,0.909360848574002,357.286559073815,6.1557553940304155,655.703395429311,655.703395429311
2026-10-02,ORIG12,ORIGEM ENERGIA S.A,ORIGEM ENERGIA S.A.,Isolada (a identificar),,IPCA_MAIS,S,Real,N,ORIGEM ENERGIA S.A.,32021201000161,10.5257,0.3766,1054.920773,2035-12-15,2032-08-15,296.5700000000001,4.7048,ok,,,19,4.704864608980062,0.0013732566753527793,4.256805981758145,27.660011627964483,4.3988905882693885,2.1634455243662254,-2.0942847469360704,-4.122118394805197,-7.988664727858286,4.395106039897968,2.162978005414028,-2.0938279763441168,-4.118505923618323,-7.960411730957001,35.29102950493955,70.5820590098791,corrigido IPCA,1.0086837140233336,300.45413099805967,6.147856084704517,588.7088591949778,588.7088591949778
2026-10-02,ORVR16,HAZTEC INVESTIMENTOS E PARTICIPAÇÕES S/A,ORIZON VALORIZACAO DE RESIDUOS S.A.,Isolada (a identificar),,IPCA_MAIS,S,Quirografária,S,ORIZON VALORIZACAO DE RESIDUOS S.A.,11421994000136,8.3041,0.2178,1039.125086,2039-12-15,2035-05-15,78.41000000000005,6.3951,ok,,,27,6.395094775083256,-8.17018771339779e-05,5.90475778394655,50.91512567844371,6.168427320865777,3.0171424616775244,-2.8898218506728024,-5.658750905471166,-10.85782126958712,6.1593334123387695,3.01602279907133,-2.888734984875221,-5.650182155554332,-10.791213054324228,7.16117188158354,14.32234376316708,corrigido IPCA,1.0013128242760503,84.56997081991913,6.269315744136117,334.91607149322573,334.91607149322573
2026-10-02,PALF38,COMPANHIA PAULISTA DE FORÇA E LUZ,COMPANHIA PAULISTA DE FORCA E LUZ,State Grid,CVM FRE,IPCA_MAIS,S,Quirografária,S,COMPANHIA PAULISTA DE FORCA E LUZ,33050196000188,6.078,0.3926,521.775545,2027-09-15,2027-05-15,46.8,0.9284,ok,,,2,0.9284467152022983,0.0050317968869306555,0.8752490763422182,1.5964619675969811,0.8833057281864676,0.43962936505075323,-0.4356381247679897,-0.8673397418540341,-1.719147397910492,0.883231386180203,0.43962011563060527,-0.43562896071161283,-0.8672667665042332,-1.7185689133324966,-21.098577627977257,-42.19715525595451,corrigido IPCA,0.993520868867273,-36.93302116204337,6.50235341108345,178.082880241529,178.082880241529
2026-10-02,PALFA3,COMPANHIA PAULISTA DE FORÇA E LUZ,COMPANHIA PAULISTA DE FORCA E LUZ,State Grid,CVM FRE,IPCA_MAIS,S,Quirografária,N,COMPANHIA PAULISTA DE FORCA E LUZ,33050196000188,7.6358,0.0547,1098.117801,2033-10-15,2032-08-15,7.580000000000009,4.9054,ok,,,15,4.905399951575674,-9.871636539829375e-07,4.557405576560656,28.33890504333124,4.702656937061467,2.314566300214005,-2.243709860804688,-4.419120976998903,-8.574756965282514,4.699100101777312,2.3141264195844924,-2.2432791569761643,-4.415711051344,-8.548033052254688,0.704935578189847,1.409871156379694,corrigido IPCA,0.9615505995365098,6.425354670316838,6.164511994909572,243.84214144326003,243.84214144326003
2026-10-02,PALFA7,COMPANHIA PAULISTA DE FORÇA E LUZ,COMPANHIA PAULISTA DE FORCA E LUZ,State Grid,CVM FRE,IPCA_MAIS,S,Quirografária,N,COMPANHIA PAULISTA DE FORCA E LUZ,33050196000188,7.814,0.062,992.497618,2035-09-15,2035-05-15,29.40000000000005,6.1587,ok,,,18,6.158768924607542,0.001119142149191623,5.712401844479883,43.56809673199116,5.936854641042633,2.9114771901415315,-2.802536853673676,-5.500851956523201,-10.602561190419435,5.930242328139839,2.910661043154931,-2.8017408013249527,-5.494561360819928,-10.553441754319943,2.5779758405724045,5.155951681144809,corrigido IPCA,0.9517801910810956,29.452867893420763,6.254394677130404,271.37623722346996,271.37623722346996
2026-10-02,PALFB3,COMPANHIA PAULISTA DE FORÇA E LUZ,COMPANHIA PAULISTA DE FORCA E LUZ,State Grid,CVM FRE,IPCA_MAIS,S,Quirografária,N,COMPANHIA PAULISTA DE FORCA E LUZ,33050196000188,7.8258,0.1045,1067.473465,2035-10-15,2035-05-15,30.58000000000005,6.1387,ok,,,19,6.138677606136456,-0.00036479814201651807,5.693143576153812,44.119509039253266,5.920532427920033,2.902559274683636,-2.792239602256086,-5.479002726367732,-10.554297915196054,5.913741121350078,2.9017211743759725,-2.7914224017778393,-5.472546030957546,-10.503896971522558,2.7196904005140854,5.439380801028171,corrigido IPCA,0.9347173405221565,30.9671758656279,6.253102940390365,273.0464934973068,273.0464934973068
2026-10-02,PALFB6,COMPANHIA PAULISTA DE FORÇA E LUZ,COMPANHIA PAULISTA DE FORCA E LUZ,State Grid,CVM FRE,IPCA_MAIS,S,Quirografária,N,COMPANHIA PAULISTA DE FORCA E LUZ,33050196000188,7.6795,0.059,1081.636159,2035-02-15,2033-05-15,14.839999999999964,5.6915,ok,,,17,5.691468592721411,-0.000551827788606245,5.285563726355909,37.802867850836314,5.479989543855623,2.6907038061562805,-2.5961809957524395,-5.101710460764009,-9.855417728469885,5.474578065610091,2.6900354479915003,-2.5955282783644096,-5.096549387101728,-9.815070095695093,1.353833752318144,2.707667504636288,corrigido IPCA,1.0113039010026914,14.311549145538185,6.223276482480422,253.43356547658618,253.43356547658618
2026-10-02,PASN12,PARANAGUA SANEAMENTO S/A,PARANAGUA SANEAMENTO S/A,Isolada (a identificar),,IPCA_MAIS,S,Quirografária,N,PARANAGUA SANEAMENTO S/A,01691945000160,8.6316,0.288,586.878452,2030-07-15,2028-08-15,128.15000000000003,1.8372,ok,,,8,1.8372589151281213,0.0032067890333874974,1.691274836353438,5.488108371794741,1.7191242620641534,0.8525483123589472,-0.8388273519843836,-1.6642321420094919,-3.275927809539625,1.7187153782124118,0.8524975536414625,-0.8387772827119756,-1.6638342944944644,-3.272787505270981,39.763575888764606,79.52715177752921,corrigido IPCA,0.9699441608642405,134.50227060819574,5.9188264922765965,386.4701788652396,386.4701788652396
2026-10-02,PAXA12,PAX INVESTIMENTOS EM AEROPORTOS S.A,PAX INVESTIMENTOS EM AEROPORTOS S.A,Isolada (a identificar),,IPCA_MAIS,S,Real,N,PAX INVESTIMENTOS EM AEROPORTOS S.A,48533969000154,9.0116,0.093,1274.307088,2040-02-15,2035-05-15,149.16,6.1564,ok,,,27,6.156430861834914,0.0005012967791939689,5.647500689683404,49.20012510654001,5.902496773772281,2.8863576701140037,-2.7633242243897627,-5.40996497241224,-10.376759211801033,5.893501315216104,2.885250501224877,-2.762250188458527,-5.401500064150704,-10.310998877236008,13.942057458072696,27.884114916145393,corrigido IPCA,1.0450366380531328,157.47555822014237,6.254244550719612,420.0952060719956,420.0952060719956
2026-10-02,PEJA11,PRIO FORTE S.A,PRIO FORTE S.A.,Prio Forte,CVM FRE,IPCA_MAIS,S,Quirografária,N,PRIO FORTE S.A.,08926302000105,7.9456,0.1766,1190.850144,2032-08-15,2029-05-15,53.55999999999996,2.901,ok,,,12,2.9010325167919864,0.0011208821780961692,2.687494920396928,12.167784952521789,2.749552177943748,1.3591081221299595,-1.3286860059546268,-2.627831847326556,-5.14087912247666,2.748333845159537,1.3589571913891163,-1.328537729007812,-2.626655995634319,-5.131634141743421,8.867815918972973,17.735631837945945,corrigido IPCA,0.9949084137554014,47.66442047450976,5.961440040827992,287.9911712174083,287.9911712174083
2026-10-02,PEJA22,PRIO FORTE S.A,PRIO FORTE S.A.,Prio Forte,CVM FRE,IPCA_MAIS,S,Quirografária,N,PRIO FORTE S.A.,08926302000105,8.1094,0.129,1045.053689,2034-02-15,2033-05-15,57.83000000000005,5.1917,ok,,,15,5.19176944335453,0.0013375841156047592,4.80232934726724,30.894281897871238,4.960803126094615,2.440277356417986,-2.3630310409972433,-4.651690441377587,-9.016791700898718,4.956800756756596,2.4397825260059594,-2.362546821261281,-4.647857937777884,-8.986773056577055,5.689663772172196,11.379327544344392,corrigido IPCA,0.9307425640859432,54.64727861837153,6.187025649456812,300.7943547890655,300.7943547890655
2026-10-02,PEJA23,PRIO FORTE S.A,PRIO FORTE S.A.,Prio Forte,CVM FRE,IPCA_MAIS,S,Quirografária,N,PRIO FORTE S.A.,08926302000105,8.2264,0.1234,1057.874914,2034-04-15,2033-05-15,69.52999999999996,5.1664,ok,,,16,5.166398329118751,-3.234130631310843e-05,4.773695077281284,31.26474458768641,4.934135700918141,2.426437378934443,-2.348264449948656,-4.621311077693835,-8.95294455865444,4.930018800219715,2.42592846937525,-2.3477666079060335,-4.617371354342851,-8.92209526280884,6.982687779051193,13.965375558102386,corrigido IPCA,0.9477627218498785,66.66644455409772,6.185086978855026,314.83841854526395,314.83841854526395
2026-10-02,PETR17,PETRÓLEO BRASILEIRO S/A - PETROBRAS,PETROLEO BRASILEIRO S/A - PETROBRAS,Petroleo Brasileiro,CVM FRE,IPCA_MAIS,S,Quirografária,N,PETROLEO BRASILEIRO S/A - PETROBRAS,33000167000101,6.7561,0.0978,1350.831491,2029-09-15,2029-05-15,-65.39000000000001,2.7951,ok,,,6,2.795137032699559,0.0013249150140926336,2.6182457327492847,9.508439197059063,2.6665249314214323,1.3210999000465407,-1.2973275462196288,-2.571420437402472,-5.051980513463416,2.6657879287345803,1.3210084153709662,-1.2972373173783187,-2.570703536763989,-5.046322681557388,-14.765391529782582,-29.530783059565163,corrigido IPCA,0.9211271263408957,-77.31884673045136,5.949988483319801,141.09124293703084,141.09124293703084
2026-10-02,PETR18,PETRÓLEO BRASILEIRO S/A - PETROBRAS,PETROLEO BRASILEIRO S/A - PETROBRAS,Petroleo Brasileiro,CVM FRE,IPCA_MAIS,S,Quirografária,N,PETROLEO BRASILEIRO S/A - PETROBRAS,33000167000101,7.125,0.1987,1022.401752,2035-06-15,2035-05-15,-39.49999999999996,6.611,ok,,,18,6.610956399699441,-0.0006595114288063603,6.171254515472057,50.99672346450032,6.434541915665681,3.1503972832507943,-3.0228787375027877,-5.924146603498903,-11.383981955365197,6.426238132794559,3.149373162066654,-3.021881353405403,-5.9162708981495555,-11.322574561654108,-2.996603878761521,-5.993207757523042,corrigido IPCA,0.9736470811947354,-36.98561043577624,6.28254043396459,193.2031223309156,193.2031223309156
2026-10-02,PETR26,PETRÓLEO BRASILEIRO S/A - PETROBRAS,PETROLEO BRASILEIRO S/A - PETROBRAS,Petroleo Brasileiro,CVM FRE,IPCA_MAIS,S,Quirografária,N,PETROLEO BRASILEIRO S/A - PETROBRAS,33000167000101,6.7317,0.0819,1437.037958,2029-01-15,2029-05-15,-67.83000000000001,2.156,ok,,,5,2.15599305178787,-0.0003222732898932229,2.0200119100397256,6.09831515072675,2.050911774641806,1.0176795700969077,-1.0024331636977135,-1.989918722368078,-3.9212063712394496,2.0505034857933593,1.0176288489582712,-1.0023830610814544,-1.9895203342860917,-3.9180575170649163,-16.915783315075807,-33.83156663015161,corrigido IPCA,0.9586494156974887,-68.34016752820881,5.904052582355468,148.912758283253,148.912758283253
2026-10-02,PETR27,PETRÓLEO BRASILEIRO S/A - PETROBRAS,PETROLEO BRASILEIRO S/A - PETROBRAS,Petroleo Brasileiro,CVM FRE,IPCA_MAIS,S,Quirografária,N,PETROLEO BRASILEIRO S/A - PETROBRAS,33000167000101,7.0904,0.1541,1195.973078,2034-09-15,2035-05-15,-42.95999999999998,6.7361,ok,,,16,6.736102504282175,3.7177033810665754e-05,6.290108641187421,49.718802051753606,6.546369200885138,3.2081490253005773,-3.0838285907954788,-6.048806075551072,-11.64276745172954,6.538702651446189,3.2072028231584024,-3.0829058180290185,-6.041514630928653,-11.58584124133977,-3.444601748966945,-6.88920349793389,corrigido IPCA,0.8155297383485147,-43.333838453252575,6.290047858065284,186.3375619486126,186.3375619486126
2026-10-02,PETR28,PETRÓLEO BRASILEIRO S/A - PETROBRAS,PETROLEO BRASILEIRO S/A - PETROBRAS,Petroleo Brasileiro,CVM FRE,IPCA_MAIS,S,Quirografária,N,PETROLEO BRASILEIRO S/A - PETROBRAS,33000167000101,6.914,0.1261,1049.245284,2040-06-15,2040-08-15,-35.70000000000002,8.5438,ok,,,28,8.543824324978736,0.00028470913103134275,7.991305465120318,89.0960671397615,8.456503731469866,4.1094436453454675,-3.886619645382039,-7.564200508983743,-14.342787367277888,8.436785800819125,4.107022816484862,-3.884282648635457,-7.5458251294215115,-14.200689587445407,-2.7285346955150227,-5.457069391030045,corrigido IPCA,0.9992105498048717,-43.609108448079205,6.388893088518666,183.93714380611456,183.93714380611456
2026-10-02,PETR38,PETRÓLEO BRASILEIRO S/A - PETROBRAS,PETROLEO BRASILEIRO S/A - PETROBRAS,Petroleo Brasileiro,CVM FRE,IPCA_MAIS,S,Quirografária,N,PETROLEO BRASILEIRO S/A - PETROBRAS,33000167000101,6.8545,0.1049,1070.627787,2045-06-15,2045-05-15,-29.860000000000042,10.3401,ok,,,38,10.340136336192755,0.00035141045787869896,9.676837509129474,138.1444255138047,10.40749651618398,5.015976602571404,-4.6703991680372425,-9.022585810503847,-16.870196293773375,10.367559636698498,5.011099286456993,-4.665738222672481,-8.98611538156045,-16.590786507982855,-1.8695292893209003,-3.7390585786418007,corrigido IPCA,1.0195734045901583,-36.18226230263331,6.474836954307395,190.55333553695547,190.55333553695547
2026-10-02,PLSB1A,AUTOPISTA LITORAL SUL S/A.,AUTOPISTA LITORAL SUL S/A.,Isolada (a identificar),,IPCA_MAIS,S,Quirografária,N,AUTOPISTA LITORAL SUL S/A.,09313969000197,9.9577,0.1011,1130.390447,2031-10-15,2029-05-15,254.77000000000007,2.6241,ok,,,11,2.624115715691965,0.0005988983638246854,2.386477450594151,9.708206828659721,2.4358842073723297,1.2054813345483417,-1.1812091271497516,-2.3387750822262854,-4.585396511152096,2.4350184847374496,1.2053739838329003,-1.181103466761251,-2.337936416450853,-4.578790764615108,52.02110313461652,104.04220626923303,corrigido IPCA,0.9279776144842954,248.29437917159004,5.932782607810605,523.6032391994347,523.6032391994347
2026-10-02,POTE11,POTENGI HOLDINGS S.A.,POTENGI HOLDINGS S.A.,Potengi Holdings,inferido,IPCA_MAIS,S,Quirografária,N,POTENGI HOLDINGS S.A.,42165941000125,8.1254,0.0855,1060.46738,2041-12-15,2035-05-15,60.54000000000013,6.0288,ok,,,31,6.028856103589222,0.000930592974082387,5.575800046602576,52.674720377483595,5.849933652874562,2.855065227490372,-2.7233341272671407,-5.3224770057788025,-10.175916101680693,5.839173648489994,2.8537434237731425,-2.7220566228294336,-5.312426444715158,-10.09810568565548,6.558524156384156,13.117048312768311,corrigido IPCA,0.9795174086547095,73.13803859362179,6.245973415746819,319.64929590889034,319.64929590889034
2026-10-02,POTE12,POTENGI HOLDINGS S.A.,POTENGI HOLDINGS S.A.,Potengi Holdings,inferido,IPCA_MAIS,S,Quirografária,N,POTENGI HOLDINGS S.A.,42165941000125,8.1481,0.0845,91.066043,2042-10-15,2033-05-15,61.69999999999991,5.5816,ok,,,33,5.581595131128111,-8.723075621281722e-05,5.161066288846602,50.251191210837256,5.423274861991012,2.6446908039778005,-2.5190144765153355,-4.919988569114386,-9.395722419467067,5.412322244900788,2.6433471334368472,-2.5177191554097544,-4.909810332792416,-9.317108753476457,7.60245911676043,15.20491823352086,corrigido IPCA,0.9631749859589105,78.47359091969354,6.215598026333824,324.71270251882123,324.71270251882123
2026-10-02,PRAS11,PIRAPORA SOLAR HOLDING S.A.,PIRAPORA SOLAR HOLDING S.A.,Isolada (a identificar),,IPCA_MAIS,S,Quirografária,N,PIRAPORA SOLAR HOLDING S.A.,25117259000148,7.6031,0.3276,952.85944,2034-08-15,2031-05-15,3.98000000000005,3.7984,fluxo divergente da ANBIMA,,,16,4.111903398703721,8.25356462467672,3.82136146514712,22.796715032752655,3.9382227805952352,1.9395324258784097,-1.8825330339277024,-3.7101338927405525,-7.208377201445604,3.9353450403108834,1.939176626364501,-1.8821848387826194,-3.707377889983357,-7.186788629639188,1.0333836148277207,2.0667672296554414,corrigido IPCA,0.7292927732142389,7.8978646488341715,6.093619381677762,243.94188166370643,243.94188166370643
2026-10-02,PRPO12,PIRAPORA II SOLAR HOLDING S.A.,PIRAPORA II SOLAR HOLDING S.A.,Isolada (a identificar),,IPCA_MAIS,S,Real,S,PIRAPORA II SOLAR HOLDING S.A.,27219024000192,7.6432,0.2467,951.029187,2031-12-15,2029-05-15,23.320000000000007,2.6511,ok,,,11,2.651133961941154,0.0012810509280681548,2.4628903283636623,10.466449206176893,2.5161997272210357,1.244649350330329,-1.218481236287794,-2.4115033633179017,-4.723892130796214,2.5152225743945467,1.2445282256895522,-1.2183621026741098,-2.4105580823327775,-4.716451672603786,3.6644819150238903,7.328963830047781,corrigido IPCA,0.928519381341672,18.050434133951786,5.935361211243162,252.5908235451537,252.5908235451537
2026-10-02,PRSS11,PAX INVESTIMENTOS EM AEROPORTOS S.A,PRS AEROPORTOS S.A.,Isolada (a identificar),,IPCA_MAIS,S,Real,N,PRS AEROPORTOS S.A.,48534024000157,8.4517,0.1994,1228.528317,2040-02-15,2035-05-15,93.1700000000001,6.331,ok,,,27,6.3309828588330355,-0.00027074975461917816,5.837605919347539,51.81760175613622,6.106299114434677,2.9847569769533733,-2.85517722389107,-5.587550658274621,-10.709009752378496,6.096693928128221,2.98357496186894,-2.8540309574786,-5.578517910566858,-10.638859803572355,8.709637335974536,17.419274671949072,corrigido IPCA,1.0204846341392064,101.68686093571057,6.265315907573243,354.5732775989219,354.5732775989219
2026-10-02,PRTE12,PARANAIBA TRANSMISSORA DE ENERGIA S.A.,PARANAIBA TRANSMISSORA DE ENERGIA S.A.,Isolada (a identificar),,IPCA_MAIS,S,Real,S,PARANAIBA TRANSMISSORA DE ENERGIA S.A.,17553029000101,6.5589,0.1836,320.888038,2028-03-15,2027-05-15,94.89000000000001,0.9985,ok,,,3,0.998563220759395,0.006331573299440238,0.9370997830865323,1.9135949155638041,0.9467655414193699,0.4709540466669937,-0.4661699383481044,-0.9276276546052009,-1.8366869102256822,0.9466677576643514,0.47094188518772095,-0.4661578978988114,-0.9275318085087133,-1.8359276678617884,-4.572508281900035,-9.14501656380007,corrigido IPCA,1.0066990500759752,-8.56979303825979,6.400709418658224,213.803529308002,213.803529308002
2026-10-02,PTAZ11,PARINTINS AMAZONAS TRANSMISSORA DE ENERGIA S.A.,PARINTINS AMAZONAS TRANSMISSORA DE ENERGIA S.A.,Isolada (a identificar),,IPCA_MAIS,S,Quirografária,N,PARINTINS AMAZONAS TRANSMISSORA DE ENERGIA S.A.,32667691000178,7.8754,0.0652,1116.54589,2046-04-15,2037-05-15,37.62999999999997,8.2778,ok,,,40,8.27778833287302,-0.0001409447797519841,7.673471739500406,95.22669704628225,8.174445240969042,3.95880795301764,-3.720615856282694,-7.220170180072827,-13.617862332477737,8.149605224731818,3.9557692410580563,-3.7177024984423506,-7.197338254268995,-13.442409538075168,3.849665333523718,7.699330667047436,corrigido IPCA,0.8601370978719171,59.08059628665731,6.375254326641211,302.1972257534842,302.1972257534842
2026-10-02,QMCT14,QMC TELECOM DO BRASIL CESSAO DE INFRAESTRUTURA S.A,QMC TELECOM DO BRASIL CESSAO DE INFRAESTRUTURA S/A,Qmc Telecom,inferido,IPCA_MAIS,S,Quirografária,N,QMC TELECOM DO BRASIL CESSAO DE INFRAESTRUTURA S/A,13733490000187,8.5696,0.3053,1112.03143,2035-08-15,2032-08-15,100.95999999999998,4.8688,ok,,,18,4.868815061011681,0.00030933724286215906,4.484510453213129,29.26874769724858,4.634835951437966,2.279333092020397,-2.206150007310781,-4.341968920264671,-8.413388359325113,4.630854191699372,2.278841161228125,-2.2056692919850036,-4.338166714726886,-8.383645952481286,11.542164954798524,23.08432990959705,corrigido IPCA,1.062240783889342,103.52191878500845,6.161530871448484,357.4058027409632,357.4058027409632
2026-10-02,QUAT13,ACUCAREIRA QUATA S/A,ACUCAREIRA QUATA S/A,Acucareira Quata,inferido,IPCA_MAIS,S,Quirografária,N,ACUCAREIRA QUATA S/A,60855574000173,8.6498,0.4215,1053.242186,2034-07-15,2030-08-15,103.75000000000006,3.4623,ok,,,16,3.462266838949291,-0.0009577751988256598,3.1866297397227523,17.305950861933677,3.275222006460621,1.6152024199575399,-1.5719322932852164,-3.1020784597000417,-6.042650573410279,3.273159494032421,1.614947308438793,-1.5716824312839592,-3.100099985413084,-6.027140462206831,18.230567842948073,36.461135685896146,corrigido IPCA,0.9918754673132227,116.18813932074319,6.02499649827013,369.93445568071365,369.93445568071365
2026-10-02,RAIZ13,RAIZEN S.A.,RAIZEN S.A.,Rumo,CVM FRE,IPCA_MAIS,S,Quirografária,N,RAIZEN S.A.,33453598000123,,,535.217502,2034-09-15,,,,sem taxa indicativa,,,,,,,,,,,,,,,,,,,,,,,,,
2026-10-02,RAIZ23,RAIZEN S.A.,RAIZEN S.A.,Rumo,CVM FRE,IPCA_MAIS,S,Quirografária,N,RAIZEN S.A.,33453598000123,,,532.517041,2039-09-15,,,,sem taxa indicativa,,,,,,,,,,,,,,,,,,,,,,,,,
2026-10-02,RALM11,RIALMA TRANSMISSORA DE ENERGIA V S/A,RIALMA TRANSMISSORA DE ENERGIA V S/A,Isolada (a identificar),,IPCA_MAIS,S,Quirografária,N,RIALMA TRANSMISSORA DE ENERGIA V S/A,51715706000170,8.7239,0.2341,1178.109718,2048-12-15,2037-05-15,122.48000000000002,8.1678,ok,,,43,8.167818739953315,0.000229436975873074,7.512440907613978,88.33988390707687,7.977004046107239,3.8694408011125336,-3.648473236505456,-7.091717081285531,-13.4191467843349,7.954140327149363,3.8666453086908357,-3.645795598923143,-7.070741488078595,-13.25808413708642,9.347875697112947,18.695751394225894,corrigido IPCA,0.8869624385341763,140.45072757256366,6.369538546565789,397.6881936278025,397.6881936278025
2026-10-02,RALM21,RIALMA TRANSMISSORA DE ENERGIA V S/A,RIALMA TRANSMISSORA DE ENERGIA V S/A,Isolada (a identificar),,IPCA_MAIS,S,Quirografária,N,RIALMA TRANSMISSORA DE ENERGIA V S/A,51715706000170,8.7952,0.2027,1094.708713,2048-12-15,2037-05-15,129.6099999999999,8.1485,ok,,,43,8.148474552450367,-0.0003122973508466489,7.489737187348676,87.87817586318725,7.9518324661175255,3.857492411943797,-3.6376800920482566,-7.0711782017924385,-13.381878801338887,7.929128066664612,3.8547163135033222,-3.6350208738453538,-7.05034630803274,-13.221910857433606,9.847675621257881,19.695351242515763,corrigido IPCA,0.882231385481391,147.51300461896426,6.368528232525694,405.9866657105439,405.9866657105439
2026-10-02,RATL11,CONCESSIONARIA ROTA DO ATLANTICO S.A,CONCESSIONARIA ROTA DO ATLANTICO S.A.,Concessionaria Rota,inferido,IPCA_MAIS,S,Real,N,CONCESSIONARIA ROTA DO ATLANTICO S.A.,13799190000109,7.8185,0.0917,1183.849644,2036-12-15,2032-08-15,25.850000000000062,5.1014,ok,,,21,5.101398383176197,-3.169372726783507e-05,4.731468517161894,34.96154576892384,4.911673062485211,2.4101019812146296,-2.3226811063316477,-4.561785253934458,-8.803684702502979,4.906276246006513,2.409436190792102,-2.322032326369792,-4.556660788317275,-8.763706118945311,3.449890227125753,6.899780454251506,corrigido IPCA,0.9906149941124229,32.646093994619996,6.180072196437769,273.57454223504976,273.57454223504976
2026-10-02,RDOE18,CONCESSIONÁRIA DO RODOANEL OESTE S/A,CONCESSIONARIA DO RODOANEL OESTE S/A,Concessionaria Rodoanel,inferido,IPCA_MAIS,S,Quirografária,N,CONCESSIONARIA DO RODOANEL OESTE S/A,09387725000159,7.6683,0.0447,1090.442908,2031-04-15,2030-08-15,5.600000000000005,3.088,ok,,,10,3.0880202684662197,0.0006563622480443143,2.8680867706337145,12.036958033011244,2.9293499558619818,1.4492233085729556,-1.4191288142980096,-2.8089467734465634,-5.503664058109258,2.928271560798771,1.4490895828581214,-1.4189971877755934,-2.8079019804686585,-5.495434380607205,2.135115489079485,4.27023097815897,corrigido IPCA,0.9774702005283731,12.247392976008006,5.982444741050719,247.43022329581345,247.43022329581345
2026-10-02,RDSM12,CONCESSIONARIA RODOVIAS DO SUL DE MINAS SPE S.A.,CONCESSIONARIA RODOVIAS DO SUL DE MINAS SPE S.A.,EPR,CVM FRE,IPCA_MAIS,S,Real,N,CONCESSIONARIA RODOVIAS DO SUL DE MINAS SPE S.A.,48127008000140,8.7349,0.2874,1086.497197,2044-10-15,2037-05-15,123.57999999999993,7.393,ok,,,37,7.3929449325288745,-0.0007448596121367464,6.799054335387144,72.11776655153601,7.175789729240467,3.49165490736838,-3.3112885997968133,-6.453460621393592,-12.27153515285796,7.159643168144823,3.489674375882992,-3.3093799595041515,-6.438465502629463,-12.155753339743566,10.084590225175097,20.169180450350193,corrigido IPCA,0.9970981151387156,137.13135378215912,6.327816871051839,395.1160812753783,395.1160812753783
2026-10-02,RDVE11,RDVE SUBHOLDING S.A.,RDVE SUBHOLDING S.A.,Rdve Subholding,inferido,IPCA_MAIS,S,Real,N,RDVE SUBHOLDING S.A.,42596330000131,7.4833,0.0719,1122.840053,2038-04-15,2032-08-15,-7.669999999999977,4.459,ok,,,24,4.459005987408643,0.0001342769375094981,4.148557019935788,30.442591503824815,4.305609298051349,2.1129283932691534,-2.0368059777783554,-4.000928214394528,-7.723986005872985,4.300769977454912,2.112331749347675,-2.036225270588113,-3.9963440624166644,-7.68826220979508,0.14354458357771643,0.28708916715543287,corrigido IPCA,1.0135233714620786,1.1910057797501898,6.126319648334255,235.34542638652894,235.34542638652894
2026-10-02,RECV11,PETRORECONCAVO S.A.,PETRORECONCAVO S.A.,Petroreconcavo,inferido,IPCA_MAIS,S,Quirografária,N,PETRORECONCAVO S.A.,03342704000130,7.8885,0.2137,1121.455637,2031-05-15,2030-08-15,27.619999999999933,3.103,ok,,,10,3.1030284775201147,0.000917741544134007,2.8761438684568925,12.159829524222427,2.9380402756750135,1.4534077792612843,-1.4230060564380254,-2.8164075801883404,-5.517462328961331,2.9369430160780046,1.4532717211337243,-1.4228721473231682,-2.8153447208357805,-5.509091146429337,6.018519567944125,12.03703913588825,corrigido IPCA,1.0112820014228543,34.62025630506064,5.984154101878092,273.76237562179017,273.76237562179017
2026-10-02,RECV14,PETRORECONCAVO S.A.,PETRORECONCAVO S.A.,Petroreconcavo,inferido,IPCA_MAIS,S,Quirografária,S,PETRORECONCAVO S.A.,03342704000130,7.8125,0.1887,1044.859823,2032-12-15,2032-08-15,25.25000000000004,4.6154,ok,,,13,4.6153774187681975,-0.0004892583915295346,4.280929779727024,25.023853887167043,4.4090074262525425,2.1721107920132043,-2.109543934600966,-4.15865326290138,-8.083686006752034,4.406049049162859,2.1717447072224707,-2.109185072504553,-4.155810510291189,-8.061382481710707,2.7713600344566944,5.542720068913389,corrigido IPCA,1.006996841321535,23.72799540370195,6.14016520446381,263.96365264405983,263.96365264405983
2026-10-02,RECV24,PETRORECONCAVO S.A.,PETRORECONCAVO S.A.,Petroreconcavo,inferido,IPCA_MAIS,S,Quirografária,S,PETRORECONCAVO S.A.,03342704000130,7.8567,0.0767,1026.251506,2035-12-15,2035-05-15,33.670000000000044,6.1246,ok,,,19,6.1246350381997825,0.0005720896022998333,5.678492887507018,44.22056393491943,5.906465088234825,2.8953697745797813,-2.7847970203245698,-5.463917717735722,-10.523517265374826,5.899595707181616,2.894522148672159,-2.78397073883486,-5.457390067832422,-10.47257449631565,3.062584155878324,6.125168311756648,corrigido IPCA,0.9890628435884719,34.7817246930935,6.252197828993489,277.42681800200614,277.42681800200614
2026-10-02,RENTD1,LOCALIZA RENT A CAR,LOCALIZA RENT A CAR S/A,Localiza,inferido,IPCA_MAIS,N,Quirografária,S,LOCALIZA RENT A CAR S/A,16670085000155,9.3186,0.1235,1231.060303,2031-12-15,2033-05-15,178.74999999999997,5.1627,ok,,,1,5.162698412698412,-3.074557088241422e-05,4.722616656907801,26.623157731777596,4.858694942857955,2.394954108316294,-2.328389432218836,-4.592354805011622,-8.93518853078772,4.855732445566689,2.3945872756186226,-2.3280293812891784,-4.589500868248914,-8.91277015918005,18.02517483759597,36.05034967519194,corrigido IPCA,1.1365269679422765,170.2519818634122,6.1848033898521,,170.2519818634122
2026-10-02,RESA14,RAIZEN ENERGIA S/A,RAIZEN ENERGIA S/A,Rumo,CVM FRE,IPCA_MAIS,S,Quirografária,N,RAIZEN ENERGIA S/A,08070508000178,,,692.409645,2029-11-15,,,,sem taxa indicativa,,,,,,,,,,,,,,,,,,,,,,,,,
2026-10-02,RESA15,RAIZEN ENERGIA S/A,RAIZEN ENERGIA S/A,Rumo,CVM FRE,IPCA_MAIS,S,Quirografária,N,RAIZEN ENERGIA S/A,08070508000178,,,687.297637,2030-06-15,,,,sem taxa indicativa,,,,,,,,,,,,,,,,,,,,,,,,,
2026-10-02,RESA17,RAIZEN ENERGIA S/A,RAIZEN ENERGIA S/A,Rumo,CVM FRE,IPCA_MAIS,S,Quirografária,N,RAIZEN ENERGIA S/A,08070508000178,,,611.143055,2029-03-15,,,,sem taxa indicativa,,,,,,,,,,,,,,,,,,,,,,,,,
2026-10-02,RESA27,RAIZEN ENERGIA S/A,RAIZEN ENERGIA S/A,Rumo,CVM FRE,IPCA_MAIS,S,Quirografária,N,RAIZEN ENERGIA S/A,08070508000178,,,600.636501,2032-03-15,,,,sem taxa indicativa,,,,,,,,,,,,,,,,,,,,,,,,,
2026-10-02,RIGEA3,RGE SUL DISTRIBUIDORA DE ENERGIA S/A,RGE SUL DISTRIBUIDORA DE ENERGIA S/A,CPFL,CVM FRE,IPCA_MAIS,S,Quirografária,N,RGE SUL DISTRIBUIDORA DE ENERGIA S/A,02016440000162,7.2299,0.1156,1198.550255,2029-05-15,2028-08-15,-12.020000000000053,1.9415,ok,,,6,1.9415822520228416,0.004236519332558453,1.81067244492706,5.315840606013754,1.8376058771662596,0.9120250272128594,-0.8987348866442146,-1.7844388405746536,-3.517759531163167,1.8372516479571288,0.9119810232210472,-0.8986914217060129,-1.7840932418969915,-3.515028077733845,-3.061169904063206,-6.122339808126412,corrigido IPCA,0.9999114855711942,-11.085551989054517,5.909160175492545,215.21995998185903,215.21995998185903
2026-10-02,RIPR22,RIO PARANA ENERGIA S/A,RIO PARANA ENERGIA S/A,CTG,CVM FRE,IPCA_MAIS,S,Quirografária,N,RIO PARANA ENERGIA S/A,23096269000119,7.4673,0.0599,1237.392465,2031-06-15,2030-08-15,-14.500000000000046,3.3211,ok,,,10,3.321148691956041,0.001466139412873994,3.090380694365673,13.487387135008952,3.1590635692808844,1.5622040514698732,-1.5284830978824937,-3.0241499072272027,-5.920510614989338,3.157817630040718,1.5620495811015978,-1.5283311132640753,-3.0229437586906287,-5.911013646031167,-1.5003721724319676,-3.0007443448639353,corrigido IPCA,0.9274079615729928,-9.273442392094475,6.00905084046599,222.74886117386518,222.74886117386518
2026-10-02,RIS412,AGUAS DO RIO 4 SPE S.A,AGUAS DO RIO 4 SPE S.A,Isolada (a identificar),,IPCA_MAIS,S,Real,N,AGUAS DO RIO 4 SPE S.A,42644220000106,13.9271,1.5679,9.09296,2034-01-15,2031-05-15,636.38,3.7934,ok,,,15,3.793441504446047,0.0010941225825674505,3.329709528677591,17.183802130189925,3.4175168359106722,1.6865682920837788,-1.6436043820666435,-3.2456083027166738,-6.330017419671452,3.4156285393285404,1.6863345170015327,-1.6433750116760582,-3.243790518026641,-6.3157430147513836,96.05567316185844,192.11134632371687,corrigido IPCA,0.7905643511644218,639.6749804211607,6.061129452103775,987.0159418263386,987.0159418263386
2026-10-02,RIS414,AGUAS DO RIO 4 SPE S.A,AGUAS DO RIO 4 SPE S.A,Isolada (a identificar),,IPCA_MAIS,S,Real,N,AGUAS DO RIO 4 SPE S.A,42644220000106,14.1098,0.9146,0.857663,2034-09-15,2031-05-15,654.65,4.2501,ok,,,16,4.250089673900143,-0.00024296133872052378,3.724561495945259,20.682880988157454,3.830399748927471,1.8884342569383206,-1.8367210779711929,-3.6234752652456126,-7.053728295358441,3.8279759008860466,1.8881343492078262,-1.836427146737433,-3.6211470910044716,-7.035465372127369,88.20001988240583,176.40003976481165,corrigido IPCA,0.7679186632779506,657.0127959912301,6.106972722333315,1008.0918709616094,1008.0918709616094
2026-10-02,RIS422,AGUAS DO RIO 4 SPE S.A,AGUAS DO RIO 4 SPE S.A,Isolada (a identificar),,IPCA_MAIS,S,Real,N,AGUAS DO RIO 4 SPE S.A,42644220000106,12.9303,1.2009,7.846537,2042-01-15,2037-05-15,543.12,7.1047,ok,,,31,7.104686490526823,-0.0001901483972224628,6.2912136871387245,61.25707131499765,6.60986242937609,3.2236977745897066,-3.0705056772340034,-5.996500321361342,-11.446958114147376,6.597499043713713,3.22217818271311,-3.0690355044256155,-5.984928330563736,-11.357285947977497,44.1336634204205,88.267326840841,corrigido IPCA,0.6821983683890318,555.3086147482461,6.311554241787021,887.5055196232317,887.5055196232317
2026-10-02,RIS424,AGUAS DO RIO 4 SPE S.A,AGUAS DO RIO 4 SPE S.A,Isolada (a identificar),,IPCA_MAIS,S,Real,N,AGUAS DO RIO 4 SPE S.A,42644220000106,13.1274,1.0077,0.763378,2042-09-15,2037-05-15,562.8299999999999,7.2627,ok,,,32,7.262654960630702,-0.0006201463546355568,6.419890283548196,63.98589884109821,6.753115903177664,3.2915609254019706,-3.1315415202955776,-6.112381603023998,-11.656225429240408,6.739819777753688,3.289927515325471,-3.129962768222726,-6.099960789342705,-11.560062590274429,44.88335015752846,89.76670031505692,corrigido IPCA,0.6835122034622341,576.2923671388169,6.320522198068224,911.8988271348971,911.8988271348971
2026-10-02,RISP12,SPE SANEAMENTO RIO 1 S.A,AGUAS DO RIO 1 SPE S.A,Isolada (a identificar),,IPCA_MAIS,S,Real,N,AGUAS DO RIO 1 SPE S.A,42310775000103,13.6984,1.5545,9.162617,2034-01-15,2031-05-15,613.51,3.8017,ok,,,15,3.80171964606357,0.0005167704861032944,3.3436879024362436,17.30763952716779,3.4321330782052017,1.6937145829114764,-1.6504410252967894,-3.2589853037810923,-6.355636669249054,3.430226100072083,1.6934785006270818,-1.650209401809162,-3.2571497048004048,-6.341223014329132,92.2273886075912,184.4547772151824,corrigido IPCA,0.7966202377855595,616.7592071209777,6.062003739168786,960.0661585916454,960.0661585916454
2026-10-02,RISP14,SPE SANEAMENTO RIO 1 S.A,AGUAS DO RIO 1 SPE S.A,Isolada (a identificar),,IPCA_MAIS,S,Real,N,AGUAS DO RIO 1 SPE S.A,42310775000103,14.1705,1.0949,0.855727,2034-09-15,2031-05-15,660.72,4.2476,ok,,,16,4.247633788700837,0.0007954774657775679,3.720430223832633,20.643181334336244,3.8260635845830393,1.886318207159432,-1.834704297027634,-3.619536411380575,-7.046212278454611,3.823646130504314,1.886019088584237,-1.8344111352483963,-3.6172143171609523,-7.027996820978541,89.11486851721229,178.22973703442457,corrigido IPCA,0.7661854679059134,663.0913004486156,6.106739321512689,1015.24038327927,1015.24038327927
2026-10-02,RISP22,SPE SANEAMENTO RIO 1 S.A,AGUAS DO RIO 1 SPE S.A,Isolada (a identificar),,IPCA_MAIS,S,Real,N,AGUAS DO RIO 1 SPE S.A,42310775000103,12.843,1.2309,7.889816,2042-01-15,2037-05-15,534.39,7.1206,ok,,,31,7.120574831715804,-0.0003534573518440762,6.310160871047211,61.547493554043335,6.630337298129851,3.233543653298998,-3.0796251432804844,-6.014065249954426,-11.479582168474156,6.617898338817428,3.2320148024661597,-3.0781460685810518,-6.002423403276995,-11.389371871013557,43.31110847168882,86.62221694337764,corrigido IPCA,0.685961137334449,546.6001239194643,6.312462604396085,877.2701997529786,877.2701997529786
2026-10-02,RISP24,SPE SANEAMENTO RIO 1 S.A,AGUAS DO RIO 1 SPE S.A,Isolada (a identificar),,IPCA_MAIS,S,Real,N,AGUAS DO RIO 1 SPE S.A,42310775000103,12.9485,1.3444,0.772226,2042-09-15,2037-05-15,544.9399999999999,7.2973,ok,,,32,7.2973037536338525,5.143866707730635e-05,6.460735426883803,64.63268578860195,6.797368352453348,3.312813209004206,-3.1511759963887997,-6.150152716773249,-11.726210538153959,6.783898855826813,3.311158570677654,-3.149576856206149,-6.1375719979407934,-11.628817137995567,43.219321687669975,86.43864337533995,corrigido IPCA,0.6914329601002418,558.4572055068337,6.322470865649676,890.9380010534023,890.9380010534023
2026-10-02,RLMS13,CONCESSIONARIA DAS RODOVIAS DO LESTE MS S.A.,CONCESSIONARIA DAS RODOVIAS DO LESTE MS S.A.,Isolada (a identificar),,IPCA_MAIS,S,Real,N,CONCESSIONARIA DAS RODOVIAS DO LESTE MS S.A.,48851242000115,8.682,0.1071,1026.313125,2045-07-15,2037-05-15,118.29,7.7067,ok,,,38,7.706700816585805,1.0595790743077107e-05,7.091055387815651,77.81726162233059,7.498288234345618,3.6450233272975696,-3.4503961420183527,-6.718769656182532,-12.755304584981065,7.480141695927303,3.6427992709357384,-3.448256116879912,-6.701969079703998,-12.62576554318469,9.418368892850166,18.836737785700333,corrigido IPCA,0.9807762876757292,133.572350964161,6.345034913002534,390.7106125607612,390.7106125607612
2026-10-02,RMSA12,BRK AMBIENTAL - REGIAO METROPOLITANA DE MACEIO S.A.,BRK AMBIENTAL - REGIAO METROPOLITANA DE MACEIO S.A.,BRK,CVM FRE,IPCA_MAIS,S,Real,N,BRK AMBIENTAL - REGIAO METROPOLITANA DE MACEIO S.A.,39580673000101,10.1542,0.1866,1212.325192,2042-06-15,2035-05-15,263.41999999999996,6.768,fluxo divergente da ANBIMA,,,32,9.495419497455556,40.29875143994616,8.620115708212266,94.38059254358286,9.112794259333912,4.430583742044258,-4.19454300927401,-8.167558946414799,-15.502177255315964,9.09201867093018,4.428033594785612,-4.192082113426654,-8.148212745494352,-15.352619565552875,16.18707840572352,32.37415681144704,corrigido IPCA,0.37301895336654123,279.0689776704817,6.435680566497881,563.7132669697645,563.7132669697645
2026-10-02,ROTY13,CONCESSIONARIA ROTA SOROCABANA SA,CONCESSIONARIA ROTA SOROCABANA SA,Concessionaria Rota,inferido,IPCA_MAIS,S,Quirografária,N,CONCESSIONARIA ROTA SOROCABANA SA,58484141000107,7.6462,0.0829,998.375709,2031-03-15,2031-05-15,8.290000000000042,3.861,ok,,,9,3.860974189188024,-0.000668500698683449,3.5867259496275987,17.297762607141795,3.6749250780193865,1.8151971394216204,-1.771949163091302,-3.501890308314093,-6.840503736342907,3.673214762663308,1.8149851780727269,-1.7717407715548723,-3.5002371365918905,-6.827496647112362,0.871871013314571,1.743742026629142,corrigido IPCA,0.9772173790350925,6.254324776366962,6.06821660050052,242.3700040338541,242.3700040338541
2026-10-02,RPTA14,CONCESSIONÁRIA AUTO RAPOSO TAVARES S/A,CONCESSIONARIA AUTO RAPOSO TAVARES S/A,Isolada (a identificar),,IPCA_MAIS,S,Quirografária,N,CONCESSIONARIA AUTO RAPOSO TAVARES S/A,10531501000158,9.0624,0.2655,1072.628399,2036-03-15,2032-08-15,150.24000000000007,5.0454,ok,,,19,5.04542419476987,0.00047954116363927617,4.626181153880595,32.37469372531243,4.7928081029809055,2.354145724063561,-2.2731946719285134,-4.468831935904838,-8.640203724374029,4.788054622507158,2.353558944096938,-2.272622209783657,-4.464307685254033,-8.604868433254943,16.823250489936218,33.646500979872435,corrigido IPCA,0.9798043895366907,155.65480872711083,6.175697041201511,418.456305822128,418.456305822128
2026-10-02,RRRP13,3R PETROLEUM OLEO E GAS S.A.,BRAVA ENERGIA S.A.,Isolada (a identificar),,IPCA_MAIS,S,Quirografária,N,BRAVA ENERGIA S.A.,12091809000155,9.0053,0.1594,1163.459832,2033-10-15,2030-08-15,139.29999999999998,3.6072,ok,,,15,3.607257249351173,0.0015870855836387378,3.309249412048014,17.182182192162653,3.397083544107482,1.6763404701246154,-1.633380410546692,-3.225188018823877,-6.289371789502118,3.395160323008827,1.6761024337642105,-1.6331469782838035,-3.2233385010872007,-6.274855180252775,22.172139436303716,44.34427887260743,corrigido IPCA,1.0184175954657537,146.7462787868693,6.041076260607547,406.6215543781503,406.6215543781503
2026-10-02,RSAN16,COMPANHIA RIOGRANDENSE DE SANEAMENTO - CORSAN,COMPANHIA RIOGRANDENSE DE SANEAMENTO - CORSAN,Aegea,CVM FRE,IPCA_MAIS,S,Quirografária,N,COMPANHIA RIOGRANDENSE DE SANEAMENTO - CORSAN,92802784000190,9.3388,0.2818,977.475419,2034-09-15,2033-05-15,180.77000000000004,5.477,ok,,,16,5.477005909596016,0.00010789841183304682,5.009206164322286,33.832582636414266,5.182959928384601,2.5474611357163335,-2.462867013963088,-4.8444313426387335,-9.376101454378261,5.178369077504358,2.5468938104566607,-2.4623123538656255,-4.840043251140215,-9.341760675916287,17.881328956865524,35.76265791373105,corrigido IPCA,0.8898165962748333,179.14252647401077,6.208143804943034,447.33297317874093,447.33297317874093
2026-10-02,RSAN26,COMPANHIA RIOGRANDENSE DE SANEAMENTO - CORSAN,COMPANHIA RIOGRANDENSE DE SANEAMENTO - CORSAN,Aegea,CVM FRE,IPCA_MAIS,S,Quirografária,N,COMPANHIA RIOGRANDENSE DE SANEAMENTO - CORSAN,92802784000190,9.5775,0.3532,941.942131,2039-09-15,2037-05-15,207.84000000000003,7.7518,ok,,,26,7.7518092890376975,0.00011983071928142676,7.074270985410051,71.37645500797979,7.445606151104789,3.6281329356877334,-3.4496348421318213,-6.730929540160302,-12.825985743414403,7.431153260449951,3.6263560614650006,-3.447914923945051,-6.717388710370152,-12.721012870660505,15.508087931870751,31.016175863741502,corrigido IPCA,0.8574698916087847,219.41683299124207,6.347472303597823,493.37945633063885,493.37945633063885
2026-10-02,RSAN34,COMPANHIA RIOGRANDENSE DE SANEAMENTO - CORSAN,COMPANHIA RIOGRANDENSE DE SANEAMENTO - CORSAN,Aegea,CVM FRE,IPCA_MAIS,S,Quirografária,S,COMPANHIA RIOGRANDENSE DE SANEAMENTO - CORSAN,92802784000190,7.3945,0.4758,668.704038,2028-02-15,2027-05-15,178.44999999999996,0.8344,ok,,,3,0.8343663421116189,-0.004033783363035316,0.7769171997743077,1.5444805288954206,0.7847174694373571,0.39039888547913737,-0.3865375887578626,-0.7692711370691496,-1.523549575645422,0.7846396024187848,0.39038920054827314,-0.3865279992260346,-0.7691947971298306,-1.522944788970707,58.33304758217071,116.66609516434141,corrigido IPCA,0.9819716147947251,90.63989596368303,6.664789909656399,332.2635755182833,332.2635755182833
2026-10-02,RSAN44,COMPANHIA RIOGRANDENSE DE SANEAMENTO - CORSAN,COMPANHIA RIOGRANDENSE DE SANEAMENTO - CORSAN,Aegea,CVM FRE,IPCA_MAIS,S,Quirografária,S,COMPANHIA RIOGRANDENSE DE SANEAMENTO - CORSAN,92802784000190,9.0767,0.1534,898.667511,2031-02-15,2029-05-15,166.67000000000004,2.116,ok,,,9,2.115992527905871,-0.00035312354107810924,1.9399124908489813,7.145336028702129,1.9762332112125192,0.9789616089883824,-0.9610971701094151,-1.9047622624438931,-3.741462408488294,1.9756391709924923,0.9788879154603685,-0.9610245753886131,-1.9041858107054708,-3.7369182611239204,44.20368341176311,88.40736682352622,corrigido IPCA,0.9237669964204949,171.50255518402636,5.903777577594105,431.222425931876,431.222425931876
2026-10-02,RUMOA2,RUMO S/A,RUMO S.A.,Rumo,CVM FRE,IPCA_MAIS,S,Quirografária,N,RUMO S.A.,02387241000160,8.4129,0.0921,1429.854599,2029-02-15,2028-08-15,106.28000000000002,1.2826,ok,,,5,1.2826225248950198,0.0017561901621596576,1.1830903194131142,3.0413392898322034,1.198483611813761,0.5953700223491287,-0.5877664068894783,-1.1680659416115735,-2.306795854265198,1.1982970158622752,0.5953468338188473,-0.5877434855942668,-1.167883622963953,-2.3053538530295845,59.130296645742845,118.26059329148569,corrigido IPCA,0.959039896532841,139.91296309120818,6.118341667721672,391.1981574352161,391.1981574352161
2026-10-02,RUMOA3,RUMO S/A,RUMO S.A.,Rumo,CVM FRE,IPCA_MAIS,S,Quirografária,N,RUMO S.A.,02387241000160,8.4383,0.1134,1403.091573,2029-10-15,2028-08-15,108.81999999999996,1.8624,ok,,,4,1.8624195193144193,0.0010480731539538374,1.7174923613837723,5.1832313985367895,1.743767525913964,0.8652698068044806,-0.8523111609484602,-1.6919261310864964,-3.334084482454247,1.743408518376456,0.8652252199400572,-0.8522671414437151,-1.6915762043910882,-3.331320094796809,33.09644563688055,66.1928912737611,corrigido IPCA,0.9573559392936042,113.68578514059126,5.915970798539849,361.7535165731539,361.7535165731539
2026-10-02,RUMOA4,RUMO S/A,RUMO S.A.,Rumo,CVM FRE,IPCA_MAIS,S,Quirografária,N,RUMO S.A.,02387241000160,8.5961,0.0728,1427.925082,2030-04-15,2029-05-15,118.60999999999997,2.2452,ok,,,8,2.245229452269564,0.001311788239982124,2.0675046822764025,6.944582472676541,2.102749245391622,1.042497826743638,-1.0251354907685029,-2.0332893377524197,-4.000124051305476,2.102227594639785,1.042433069229047,-1.0250716130473556,-2.03278176991302,-3.996117715099275,28.422568324282537,56.845136648565074,corrigido IPCA,0.99315876574842,117.52758618555022,5.906281249007872,368.06468049472016,368.06468049472016
2026-10-02,RUMOA5,RUMO S/A,RUMO S.A.,Rumo,CVM FRE,IPCA_MAIS,S,Quirografária,N,RUMO S.A.,02387241000160,8.8403,0.0995,1202.567531,2030-12-15,2030-08-15,122.79999999999988,2.9392,ok,,,9,2.9392500340845817,0.0017023028232752825,2.7005162922966783,10.580425202740368,2.754311795349973,1.3635945049911946,-1.337141788589724,-2.6484810778830137,-5.19625783475528,2.7534184183103805,1.3634836776517647,-1.3370326146449139,-2.6476141662829766,-5.18942408053855,24.26310196946072,48.52620393892144,corrigido IPCA,0.873503346759318,131.0458043403686,5.9656708078637655,386.65204183733243,386.65204183733243
2026-10-02,RUMOA6,RUMO S/A,RUMO S.A.,Rumo,CVM FRE,IPCA_MAIS,S,Quirografária,N,RUMO S.A.,02387241000160,8.8149,0.0537,1178.869747,2031-06-15,2030-08-15,120.25999999999995,3.3126,ok,,,10,3.312630785866524,0.0009293565937211936,3.0442805037421565,13.101177633945476,3.110980012913789,1.5386647242211282,-1.5059094297383058,-2.979930614235027,-5.835641438956907,3.109786391911884,1.53851672391351,-1.5057637798286465,-2.978774615572429,-5.826537454805403,20.61952488508937,41.23904977017874,corrigido IPCA,0.8856715184791435,125.5432352082076,6.008081663311438,381.352315631973,381.352315631973
2026-10-02,RUMOA7,RUMO S/A,RUMO S.A.,Rumo,CVM FRE,IPCA_MAIS,S,Quirografária,N,RUMO S.A.,02387241000160,8.5172,0.0407,1079.724939,2029-08-15,2029-05-15,110.72000000000006,2.6367,ok,,,6,2.636772129309962,0.0027355903197991203,2.4298195394923217,8.42850335686593,2.4725908841159328,1.225523473785417,-1.2044511784929268,-2.388289253473541,-4.695902902377924,2.4719620562766513,1.2254453989422434,-1.2043741405500785,-2.387677022707992,-4.691069011847325,20.814530351858764,41.62906070371753,corrigido IPCA,0.941164932111083,101.15110510860482,5.933982863696574,350.45244275208665,350.45244275208665
2026-10-02,RUMOB3,RUMO S/A,RUMO S.A.,Rumo,CVM FRE,IPCA_MAIS,S,Quirografária,N,RUMO S.A.,02387241000160,8.4999,0.1227,1377.635799,2029-10-15,2028-08-15,114.97999999999999,1.8792,ok,,,7,1.879214489281967,0.0007710345874373529,1.7319965173073588,5.215459588500342,1.7584345581962868,0.872562385836595,-0.8595231674258352,-1.706270847571001,-3.3624617094191067,1.7580738152498605,0.8725175831393049,-0.859478934168054,-1.7059192193648574,-3.359683842844711,34.75274029357261,69.50548058714521,corrigido IPCA,0.9399869872561593,120.38325031070974,5.914258112641746,369.5327726406368,369.5327726406368
2026-10-02,RUMOB5,RUMO S/A,RUMO S.A.,Rumo,CVM FRE,IPCA_MAIS,S,Quirografária,N,RUMO S.A.,02387241000160,8.902,0.1184,1018.267312,2035-12-15,2035-05-15,138.19999999999996,6.6661,ok,,,19,6.666128536795271,0.0004280883165691648,6.121217734105223,48.691533357022216,6.3722904173408645,3.1224129110016596,-3.0006604067559617,-5.8849961028020426,-11.325075032604504,6.364675400890335,3.1214732837488897,-2.9997444503563337,-5.8777600673201125,-11.268604801070001,11.371984724795434,22.743969449590868,corrigido IPCA,0.7396340661575547,139.22078913878303,6.285863944419945,400.77634830200685,400.77634830200685
2026-10-02,RUMOB6,RUMO S/A,RUMO S.A.,Rumo,CVM FRE,IPCA_MAIS,S,Quirografária,N,RUMO S.A.,02387241000160,8.9247,0.1316,1012.451508,2036-06-15,2035-05-15,140.47,6.8351,ok,,,20,6.835082059767822,-0.0002624721244465865,6.275052453454379,51.93492723509015,6.543186700698866,3.2034882049411406,-3.073623611028242,-6.023400723720307,-11.573959462763128,6.53472708962983,3.202444885771052,-3.0726075676833267,-6.015377817278928,-11.511406362206953,11.422372336199,22.844744672398,corrigido IPCA,0.7606433851507073,143.35197110506994,6.295908619500312,405.4504770698826,405.4504770698826
2026-10-02,RUMOB7,RUMO S/A,RUMO S.A.,Rumo,CVM FRE,IPCA_MAIS,S,Quirografária,N,RUMO S.A.,02387241000160,8.8123,0.1009,1030.628632,2033-05-15,2033-05-15,128.12,5.2832,ok,,,14,5.28321518619783,0.00028744317515747047,4.855347406679052,31.721578623335134,5.018079306491563,2.46783557473389,-2.388520748038414,-4.700689342166209,-9.107203791779138,5.013955299795728,2.467325676618695,-2.3880217300603572,-4.696739513562377,-9.076263240891402,12.874924035182202,25.749848070364404,corrigido IPCA,0.8983691131346189,125.02445805082343,6.193928736428678,383.7382151016687,383.7382151016687
2026-10-02,SAELA1,ENERGISA PARAIBA - DISTR.DE ENERGIA S/A,ENERGISA PARAIBA - DISTRIBUIDORA DE ENERGIA S/A,Energisa,CVM FRE,IPCA_MAIS,S,Quirografária,N,ENERGISA PARAIBA - DISTRIBUIDORA DE ENERGIA S/A,09095183000140,7.7083,0.0492,1213.140346,2030-01-15,2029-05-15,29.830000000000023,2.5331,ok,,,7,2.5331015435435393,6.0934962662602434e-05,2.3518164742582877,8.185088722209647,2.3933630725575528,1.186216708033605,-1.1657529386013499,-2.311495417008813,-4.54470171308512,2.392741917869336,1.186139598031906,-1.1656768762263818,-2.3108910306472397,-4.5399311740723824,4.780493965077745,9.56098793015549,corrigido IPCA,0.9730710092491476,22.48568892432433,5.924599575106493,257.43207848587116,257.43207848587116
2026-10-02,SAELA3,ENERGISA PARAIBA - DISTR.DE ENERGIA S/A,ENERGISA PARAIBA - DISTRIBUIDORA DE ENERGIA S/A,Energisa,CVM FRE,IPCA_MAIS,S,Quirografária,N,ENERGISA PARAIBA - DISTRIBUIDORA DE ENERGIA S/A,09095183000140,7.9849,0.0979,1071.765804,2031-04-15,2031-05-15,42.159999999999975,3.858,ok,,,10,3.8579993871301252,-1.5885688824514363e-05,3.5727211740994576,17.476828641592068,3.6618520603288296,1.8084230828756098,-1.7647273351654391,-3.4870249279044585,-6.809184234177379,3.6601053173074174,1.8082066228517188,-1.7645145512477385,-3.4853370308914973,-6.795905775367073,5.5632321789107095,11.126464357821419,corrigido IPCA,0.9626384740375797,39.75175480405151,6.067906601295903,281.83088143642516,281.83088143642516
2026-10-02,SAELA7,ENERGISA PARAIBA - DISTR.DE ENERGIA S/A,ENERGISA PARAIBA - DISTRIBUIDORA DE ENERGIA S/A,Energisa,CVM FRE,IPCA_MAIS,S,Quirografária,S,ENERGISA PARAIBA - DISTRIBUIDORA DE ENERGIA S/A,09095183000140,8.1876,0.0743,1015.326141,2035-10-15,2035-05-15,66.76000000000002,6.4787,ok,,,19,6.478682294869025,-0.00027328215497946407,5.9883778685071345,49.88109605152296,6.2460110548048675,3.0575548581204925,-2.9328252815559397,-5.74677042133549,-11.039915291332136,6.237783348764749,3.0565403043179713,-2.9318375641891636,-5.73897238824952,-10.979133815983811,5.876482674937617,11.752965349875234,corrigido IPCA,0.9751298974653856,70.38119759052407,6.274479928002075,319.1800612630133,319.1800612630133
2026-10-02,SAELB3,ENERGISA PARAIBA - DISTR.DE ENERGIA S/A,ENERGISA PARAIBA - DISTRIBUIDORA DE ENERGIA S/A,Energisa,CVM FRE,IPCA_MAIS,S,Quirografária,N,ENERGISA PARAIBA - DISTRIBUIDORA DE ENERGIA S/A,09095183000140,8.2715,0.1143,998.52706,2039-04-15,2037-05-15,77.23999999999992,7.7808,ok,,,26,7.780815990772102,0.0002055157837499321,7.1863934560545495,73.06428468082589,7.566460246132145,3.6863401225954995,-3.5036216789825048,-6.834892922113555,-13.018666697232351,7.551714879458679,3.6845270838783075,-3.5018663721762424,-6.821072032650422,-12.911501218492582,6.124578241796803,12.249156483593605,corrigido IPCA,0.8968569203658079,88.02725799588525,6.349034832341682,339.06792470048146,339.06792470048146
2026-10-02,SAELB7,ENERGISA PARAIBA - DISTR.DE ENERGIA S/A,ENERGISA PARAIBA - DISTRIBUIDORA DE ENERGIA S/A,Energisa,CVM FRE,IPCA_MAIS,S,Quirografária,S,ENERGISA PARAIBA - DISTRIBUIDORA DE ENERGIA S/A,09095183000140,8.2591,0.1287,984.287006,2040-10-15,2037-05-15,75.99999999999997,8.1993,ok,,,29,8.199305401183436,6.587371405490955e-05,7.573779387768266,83.67943953399242,8.010680182033326,3.8937606564000804,-3.6844832482072487,-7.17262367126883,-13.607291577202762,7.992176585438228,3.8914889933016235,-3.6822903944666425,-7.155382190098305,-13.473969984856685,6.030843559097517,12.061687118195033,corrigido IPCA,0.9453195982928984,91.35255727749556,6.371179896725865,342.2198539252884,342.2198539252884
2026-10-02,SAELB8,ENERGISA PARAIBA - DISTR.DE ENERGIA S/A,ENERGISA PARAIBA - DISTRIBUIDORA DE ENERGIA S/A,Energisa,CVM FRE,IPCA_MAIS,S,Quirografária,N,ENERGISA PARAIBA - DISTRIBUIDORA DE ENERGIA S/A,09095183000140,8.1463,0.1603,940.441144,2036-02-15,2035-05-15,62.63000000000005,6.9183,ok,,,19,6.91830985568959,0.0001424582569385142,6.397176653930453,55.17751702583094,6.682463134019567,3.2687187324384137,-3.130743419121307,-6.130183282947432,-11.76007758819988,6.673064239059608,3.2675602232475156,-3.1296164306829377,-6.121289068801299,-11.690802967344288,5.2823108755949875,10.564621751189975,corrigido IPCA,0.9160224520338385,67.58375162431835,6.300786696386851,316.03210978368406,316.03210978368406
2026-10-02,SAPR10,COMPANHIA DE SANEAMENTO DO PARANA - SANEPAR,COMPANHIA DE SANEAMENTO  DO PARANA - SANEPAR,Sanepar,CVM FRE,IPCA_MAIS,S,Quirografária,N,COMPANHIA DE SANEAMENTO  DO PARANA - SANEPAR,76484013000145,6.1595,0.4221,14288.736471,2027-03-15,,,0.4325,ok,,,1,0.4325396825396826,0.009175153683842141,0.4074432175544182,0.5498128425577549,0.41021345034946144,0.20441151016838965,-0.20303695681477274,-0.40471498231569036,-0.8040554857974835,0.410192281767207,0.20440887483040626,-0.2030343427240119,-0.4046941533416294,-0.8038901782576814,133.58511734981087,267.17023469962174,corrigido IPCA,0.9961898662317118,108.85670006078294,7.845206504652968,345.9274021434343,345.9274021434343
2026-10-02,SAPRA2,COMPANHIA DE SANEAMENTO DO PARANA - SANEPAR,COMPANHIA DE SANEAMENTO  DO PARANA - SANEPAR,Sanepar,CVM FRE,IPCA_MAIS,S,Quirografária,N,COMPANHIA DE SANEAMENTO  DO PARANA - SANEPAR,76484013000145,7.1909,0.1698,1277.886815,2029-03-15,2029-05-15,-21.910000000000007,2.3181,ok,,,5,2.31811556635698,0.0006715136094344967,2.162604816600085,6.8190059810659065,2.197171691806732,1.0898847729115202,-1.072836524637466,-2.128969894195787,-4.192465060897311,2.1966998465054144,1.0898261657763748,-1.07277865082371,-2.1285097866947553,-4.188829513578852,-6.041943828042557,-12.083887656085114,corrigido IPCA,0.9394548522318648,-26.132673648303975,5.909520068970497,199.31054403949122,199.31054403949122
2026-10-02,SAPRA3,COMPANHIA DE SANEAMENTO DO PARANA - SANEPAR,COMPANHIA DE SANEAMENTO  DO PARANA - SANEPAR,Sanepar,CVM FRE,IPCA_MAIS,S,Quirografária,N,COMPANHIA DE SANEAMENTO  DO PARANA - SANEPAR,76484013000145,7.2731,0.1465,1226.356472,2031-03-15,2031-05-15,-29.019999999999957,4.0185,ok,,,9,4.01848655729304,-0.0003345205166111907,3.7460337748168366,18.367171280770904,3.839704491544804,1.8962032328640355,-1.8502814463918882,-3.655971015789805,-7.138673038094334,3.837869631220691,1.8959758515093819,-1.8500579233074546,-3.6541979184129816,-7.124724124018254,-4.28962951213547,-8.57925902427094,corrigido IPCA,0.9015716655554438,-32.138194067821075,6.084336108061317,197.57558453783025,197.57558453783025
2026-10-02,SAPRB3,COMPANHIA DE SANEAMENTO DO PARANA - SANEPAR,COMPANHIA DE SANEAMENTO  DO PARANA - SANEPAR,Sanepar,CVM FRE,IPCA_MAIS,S,Quirografária,N,COMPANHIA DE SANEAMENTO  DO PARANA - SANEPAR,76484013000145,7.3371,0.1451,1187.620552,2032-01-15,2032-08-15,-22.28999999999992,4.512,ok,,,11,4.511996522862502,-7.706421759599818e-05,4.203575951709615,23.401248506207754,4.323207062413759,2.1313645147126525,-2.072855295198739,-4.08909695683235,-7.9589737630963775,4.320582194240654,2.131039536487567,-2.072536415222048,-4.086569709178576,-7.939126933295075,-2.986096608975445,-5.97219321795089,corrigido IPCA,0.9526013524027629,-25.10456778994162,6.13107086184963,206.544663872422,206.544663872422
2026-10-02,SAUC16,S/A USINA CORURIPE ACUCAR E ALCOOL,S/A USINA CORURIPE ACUCAR E ALCOOL,Usina Coruripe,inferido,IPCA_MAIS,S,Quirografária,N,S/A USINA CORURIPE ACUCAR E ALCOOL,12229415000110,12.1704,0.1683,1123.264308,2034-04-15,2030-08-15,455.81000000000006,2.9193,ok,,,16,2.919307041120239,0.00024119207478861106,2.6025645278257357,12.588346615353778,2.6668629025198065,1.3171856501647428,-1.285711615775309,-2.54092872548628,-4.963617035312784,2.6655062609025046,1.3170176971820602,-1.2855468306436757,-2.539622794748967,-4.953362123344396,90.38580798769071,180.77161597538142,corrigido IPCA,1.100377037890155,470.46979537526374,5.963457744936584,785.7254830890581,785.7254830890581
2026-10-02,SAVI13,SANTA VITÓRIA DO PALMAR ENERGIAS RENOVÁVEIS S.A.,SANTA VITORIA DO PALMAR ENERGIAS RENOVAVEIS S.A.,Isolada (a identificar),,IPCA_MAIS,S,Quirografária,N,SANTA VITORIA DO PALMAR ENERGIAS RENOVAVEIS S.A.,18156217000150,7.9929,0.0553,625.60926,2031-09-15,2029-05-15,58.28999999999995,2.7487,ok,,,10,2.7486600372294276,-0.0014538789454024504,2.5452229148670216,10.403901552593567,2.598173791493541,1.2857318211590307,-1.2597202409467267,-2.4941055415747537,-4.889472983875754,2.5972424226299893,1.2856163343742528,-1.2596065804927687,-2.493203407104054,-4.882367798682171,10.127593146458565,20.25518629291713,corrigido IPCA,0.951497895456091,51.55396429763308,5.945126024250769,292.2578012195736,292.2578012195736
2026-10-02,SBSPB6,CIA. DE SANEAMENTO BÁSICO DO ESTADO DE SP - SABESP,CIA SANEAMENTO BASICO EST. SP - SABESP,Sabesp,inferido,IPCA_MAIS,S,Quirografária,N,CIA SANEAMENTO BASICO EST. SP - SABESP,43776517000180,6.5497,0.1259,1433.666176,2027-07-15,2027-05-15,93.96999999999993,0.7698,ok,,,1,0.7698412698412699,0.0053611121420943115,0.7225184771437836,1.2001376457480137,0.728571626759944,0.3627659391419513,-0.3597655376336495,-0.7165693307595866,-1.4214429526742123,0.7285191653725237,0.36275941062907685,-0.3597590665147068,-0.7165177889150436,-1.421034201372607,29.904072476855053,59.808144953710105,corrigido IPCA,0.9962577833932253,43.21248981274929,6.796085860026246,271.0944220766163,271.0944220766163
2026-10-02,SBSPC6,CIA. DE SANEAMENTO BÁSICO DO ESTADO DE SP - SABESP,CIA SANEAMENTO BASICO EST. SP - SABESP,Sabesp,inferido,IPCA_MAIS,S,Quirografária,N,CIA SANEAMENTO BASICO EST. SP - SABESP,43776517000180,7.3783,0.1142,1370.783171,2030-07-15,2029-05-15,-3.169999999999984,2.5852,ok,,,4,2.5852249545688553,0.0009652858136824098,2.4075860342069633,8.714382894027219,2.4518521398280146,1.214772142207421,-1.1929849560689876,-2.364688640536039,-4.646204994696978,2.4511579486770994,1.2146859957210159,-1.1929000384859476,-2.3640141197368276,-4.640884410533382,-2.0469220472126066,-4.093844094425213,corrigido IPCA,0.952560247898097,-9.856281867958797,5.929184789468556,219.42030705258304,219.42030705258304
2026-10-02,SBSPD4,CIA. DE SANEAMENTO BÁSICO DO ESTADO DE SP - SABESP,CIA SANEAMENTO BASICO EST. SP - SABESP,Sabesp,inferido,IPCA_MAIS,S,Quirografária,N,CIA SANEAMENTO BASICO EST. SP - SABESP,43776517000180,7.2862,0.0633,1389.242654,2029-07-15,2028-08-15,-6.390000000000029,1.6977,ok,,,3,1.6977075023787918,0.00044191428354646247,1.5824099486968424,4.546296988968885,1.6054459386897424,0.7969256696770399,-0.7855594580367553,-1.5599754583234482,-3.076240921460227,1.605141433641687,0.7968878455846323,-0.7855221031122103,-1.559678463751998,-3.0738939576143074,2.6149673289441373,5.229934657888275,corrigido IPCA,0.9453347815834119,8.275900633676821,5.941829217380601,236.54364613889942,236.54364613889942
2026-10-02,SBSPE3,CIA. DE SANEAMENTO BÁSICO DO ESTADO DE SP - SABESP,CIA SANEAMENTO BASICO EST. SP - SABESP,Sabesp,inferido,IPCA_MAIS,S,Quirografária,N,CIA SANEAMENTO BASICO EST. SP - SABESP,43776517000180,7.574,0.1467,1134.270221,2035-01-15,2035-05-15,5.400000000000027,6.0982,ok,,,9,6.098178075728776,-0.0003595203703432449,5.668821532832075,44.33301947237399,5.8973634103196115,2.890675646489438,-2.779821852830877,-5.453693078380006,-10.50200256665329,5.890486630193944,2.8898270407565048,-2.7789944920755696,-5.4471564354702044,-10.450982676216668,0.584141751363608,1.168283502727216,corrigido IPCA,1.051528772527789,6.622790676712523,6.250487421451423,244.32353994755664,244.32353994755664
2026-10-02,SBSPE9,CIA. DE SANEAMENTO BÁSICO DO ESTADO DE SP - SABESP,CIA SANEAMENTO BASICO EST. SP - SABESP,Sabesp,inferido,IPCA_MAIS,S,Quirografária,N,CIA SANEAMENTO BASICO EST. SP - SABESP,43776517000180,7.5686,0.0495,1213.994609,2031-12-15,2030-08-15,-4.370000000000029,3.6442,ok,,,6,3.6442585746552565,0.0016073392035668354,3.3878460579158385,16.1520699886895,3.4702129103697743,1.7143121838094189,-1.6739286020816868,-3.3086376772785586,-6.464858374770499,3.468606407859286,1.714113116443781,-1.6737329414720576,-3.307085707972391,-6.452650716057887,-0.08377666101347958,-0.16755332202695916,corrigido IPCA,0.9638275745254653,-0.5676448615197366,6.045118563821705,233.82160247885233,233.82160247885233
2026-10-02,SBSPF3,CIA. DE SANEAMENTO BÁSICO DO ESTADO DE SP - SABESP,CIA SANEAMENTO BASICO EST. SP - SABESP,Sabesp,inferido,IPCA_MAIS,S,Quirografária,N,CIA SANEAMENTO BASICO EST. SP - SABESP,43776517000180,7.7213,0.0827,1106.554297,2040-01-15,2037-05-15,22.219999999999995,7.9638,ok,,,14,7.9637955141978445,-5.632740846715389e-05,7.392962686300522,78.57909239898885,7.802531435335158,3.7967535890976345,-3.600237445284027,-7.015644939172983,-13.334950242067055,7.785858148295466,3.794705208648997,-3.5982574776515253,-7.000067224305578,-13.214343524621267,2.3951148273649348,4.7902296547298695,corrigido IPCA,1.025834648894287,35.41398909622816,6.3588070617195624,276.816029174727,276.816029174727
2026-10-02,SBSPF9,CIA. DE SANEAMENTO BÁSICO DO ESTADO DE SP - SABESP,CIA SANEAMENTO BASICO EST. SP - SABESP,Sabesp,inferido,IPCA_MAIS,S,Quirografária,N,CIA SANEAMENTO BASICO EST. SP - SABESP,43776517000180,7.744,0.1251,1129.358245,2036-12-15,2035-05-15,22.40000000000002,6.9129,ok,,,11,6.9129366841315445,0.0005306619731935242,6.416075776035366,55.80429768968743,6.704668383092294,3.278972858889473,-3.13942976114322,-6.14610738668323,-11.786563036453423,6.6950972644838025,3.277793260129792,-3.1382825159055736,-6.137054287586928,-11.716065598276982,2.118336491786271,4.236672983572542,corrigido IPCA,0.8966321692217424,27.18281490088327,6.300473108610705,268.48391480609916,268.48391480609916
2026-10-02,SBSPI8,CIA. DE SANEAMENTO BÁSICO DO ESTADO DE SP - SABESP,CIA SANEAMENTO BASICO EST. SP - SABESP,Sabesp,inferido,IPCA_MAIS,S,Quirografária,N,CIA SANEAMENTO BASICO EST. SP - SABESP,43776517000180,7.604,0.0974,950.372279,2036-02-15,2035-05-15,8.400000000000052,7.0382,ok,,,19,7.038228961738927,0.00041149354845102735,6.540861828313936,57.05451681066128,6.835935037344187,3.3429569674099158,-3.2002875848060164,-6.264860053665355,-12.012828013296794,6.826134412367242,3.3417490601702946,-3.1991127681436415,-6.25558924426063,-11.940633320414646,1.0233092949865492,2.0466185899730984,corrigido IPCA,0.9239039053057068,13.38664941227273,6.3077387830450915,252.35922053532985,252.35922053532985
2026-10-02,SBSPJ8,CIA. DE SANEAMENTO BÁSICO DO ESTADO DE SP - SABESP,CIA SANEAMENTO BASICO EST. SP - SABESP,Sabesp,inferido,IPCA_MAIS,S,Quirografária,N,CIA SANEAMENTO BASICO EST. SP - SABESP,43776517000180,7.6815,0.0722,937.562384,2038-02-15,2037-05-15,18.239999999999945,8.0104,ok,,,23,8.010411917085177,0.00014877016349307655,7.438986192693431,75.3985479390288,7.8310606467547395,3.8155960422887825,-3.6270412909155336,-7.0761403013138935,-13.47973242039191,7.815978932388575,3.813741281270502,-3.625244911422929,-7.061993452998287,-13.370001426606285,1.916398676561009,3.832797353122018,corrigido IPCA,0.9114507896834313,28.51212658926662,6.361273993401828,269.4259023011506,269.4259023011506
2026-10-02,SBSPK8,CIA. DE SANEAMENTO BÁSICO DO ESTADO DE SP - SABESP,CIA SANEAMENTO BASICO EST. SP - SABESP,Sabesp,inferido,IPCA_MAIS,S,Quirografária,N,CIA SANEAMENTO BASICO EST. SP - SABESP,43776517000180,7.5508,0.1383,928.480332,2041-02-15,2040-08-15,27.979999999999983,8.9137,ok,,,29,8.913751079545172,0.0005730453702880052,8.287944933506001,95.6586486770627,8.78818969052988,4.266239151413287,-4.026996139328521,-7.830059473394613,-14.82035516243071,8.766238176891315,4.2635457775993295,-4.024399155906672,-7.809651690120687,-14.662716893470748,1.3440501864409637,2.6881003728819275,corrigido IPCA,0.9026216742715576,22.278827866182365,6.407438309350955,261.19591264807764,261.19591264807764
2026-10-02,SDOM12,USINA SAO DOMINGOS-ACUCAR E ETANOL S/A,USINA SAO DOMINGOS-ACUCAR E ETANOL S/A,Usina Sao,inferido,IPCA_MAIS,S,Real,N,USINA SAO DOMINGOS-ACUCAR E ETANOL S/A,47063128000168,,,,2034-01-15,2031-05-15,,,sem taxa indicativa,,,,,,,,,,,,,,,,,,,,,,,,,
2026-10-02,SERI11,SERRA DO SERIDO F2 HOLDING S.A.,SERRA DO SERIDO F2 HOLDING S.A.,Serra Serido,inferido,IPCA_MAIS,S,Real,N,SERRA DO SERIDO F2 HOLDING S.A.,43386975000102,8.2481,0.405,976.971991,2042-04-15,2032-08-15,68.81000000000013,4.7615,ok,,,32,4.761518357113049,0.0003855321442655783,4.398708482747549,36.57593485513803,4.588412933822106,2.2459134025531124,-2.154447060010356,-4.222229124130228,-8.115543202756248,4.581588157023239,2.245074159942697,-2.1536343228048516,-4.2158288084718585,-8.065898268392337,9.380759289716348,18.761518579432696,corrigido IPCA,0.9650182684836199,82.52645092457635,6.152641020927563,330.0760089811504,330.0760089811504
2026-10-02,SMTO14,SAO MARTINHO S/A,SAO MARTINHO S/A,Sao Martinho,CVM FRE,IPCA_MAIS,S,Quirografária,N,SAO MARTINHO S/A,51466860000156,8.4783,0.1403,1120.846553,2032-01-15,2032-08-15,91.83000000000013,4.4823,ok,,,11,4.4822784088444685,-0.00048169813559797775,4.1319585657633535,22.721316255705688,4.248084393088902,2.094692862763381,-2.037883782320593,-4.0207785471601305,-7.828550732800643,4.245565147041882,2.0943809282013093,-2.0375776375620447,-4.018351984484825,-7.809490806412593,10.788680943273183,21.577361886546367,corrigido IPCA,0.9117679131386054,89.15676527369097,6.128413888838313,340.93328043306076,340.93328043306076
2026-10-02,SMTO15,SAO MARTINHO S/A,SAO MARTINHO S/A,Sao Martinho,CVM FRE,IPCA_MAIS,S,Quirografária,N,SAO MARTINHO S/A,51466860000156,8.1447,0.131,1237.171239,2030-12-15,2029-05-15,73.47000000000001,2.755,ok,,,5,2.7550239653411004,0.0008698853394009388,2.5475348910682634,9.931663982947752,2.5980325361344203,1.2862861450156249,-1.2614554271154321,-2.49869095790225,-4.902855931511341,2.5971932109830025,1.2861820255128165,-1.2613528655554471,-2.4978765711535247,-4.896436502477572,12.466199437793932,24.932398875587864,corrigido IPCA,1.040843432699879,63.51615605359122,5.945784781684993,306.6308749578298,306.6308749578298
2026-10-02,SMTO24,SAO MARTINHO S/A,SAO MARTINHO S/A,Sao Martinho,CVM FRE,IPCA_MAIS,S,Quirografária,N,SAO MARTINHO S/A,51466860000156,8.6839,0.1546,1053.334337,2037-01-15,2035-05-15,116.38999999999999,6.8718,ok,,,21,6.871790939232861,-0.0001318543487768299,6.3227312777999884,54.24131417738616,6.603159887527399,3.2303039658284405,-3.094669707757658,-6.060250842827141,-11.628599519785421,6.593937848686919,3.2291672816217267,-3.0935639961782613,-6.051524706913057,-11.560636272052253,9.595160387685246,19.19032077537049,corrigido IPCA,0.8568491921946416,121.33524139744993,6.2980656753756525,379.19178837678953,379.19178837678953
2026-10-02,SPRZ11,ESPERANZA TRANSMISSORA DE ENERGIA S.A,ARGO VI TRANSMISSAO DE ENERGIA S.A,Argo,CVM FRE,IPCA_MAIS,S,Real,N,ARGO VI TRANSMISSAO DE ENERGIA S.A,20514555000169,7.4746,0.0358,595.060783,2030-09-15,2028-08-15,12.449999999999939,1.8795,ok,,,8,1.8794859565175959,-0.0007471924662984978,1.7487722275938649,5.865572649952178,1.7785534711934226,0.8817743481451368,-0.867109625208351,-1.7198850775207664,-3.3837100177729673,1.7781000908436255,0.8817180796093727,-0.8670541479844921,-1.719444364344104,-3.3802330021886857,5.637518006277104,11.275036012554208,corrigido IPCA,0.9915104905801266,19.71746984387547,5.914231665184566,251.24129347048378,251.24129347048378
2026-10-02,SRBS11,SRBT SUBHOLDING S.A,SRBT SUBHOLDING S.A,Srbt Subholding,inferido,IPCA_MAIS,S,Quirografária,N,SRBT SUBHOLDING S.A,61741462000154,7.5454,0.0822,1025.718983,2049-12-15,2037-05-15,4.629999999999956,8.0268,ok,,,46,8.026859684319133,0.0007435630529372681,7.463694109017339,90.19506895972292,7.938860073447573,3.847545991751966,-3.6219289841120883,-7.034837153486095,-13.293069306093974,7.914669453815954,3.8445908907083237,-3.6191032183090157,-7.012718764218725,-13.12348683884022,1.5935188323466773,3.1870376646933547,corrigido IPCA,0.9265721518140392,23.78707424318817,6.362142264972048,260.2449076544857,260.2449076544857
2026-10-02,SRNA11,SERENA ENERGIA S.A,SERENA ENERGIA S.A,Serena,CVM FRE,IPCA_MAIS,S,Real,N,SERENA ENERGIA S.A,42500384000151,9.1791,0.0604,1017.230228,2035-03-15,2033-05-15,164.79999999999995,5.6212,ok,,,17,5.6211516415330465,-0.0008602872510051588,5.1485601562323255,36.32453493956809,5.335338643565879,2.620322574570655,-2.5294964225252015,-4.971856116682838,-9.609087175050924,5.330182830930166,2.6196857467906227,-2.528874409441703,-4.966937481534485,-9.57062961367329,15.99409591567997,31.98819183135994,corrigido IPCA,0.9564206859937197,164.69312993285612,6.21837992206733,430.22917506339786,430.22917506339786
2026-10-02,SRTI11,SERTÃO I SOLAR ENERGIA SPE S.A.,SERTAO I SOLAR ENERGIA SPE S.A.,Isolada (a identificar),,IPCA_MAIS,S,Real,N,SERTAO I SOLAR ENERGIA SPE S.A.,23907723000174,7.7795,0.0994,755.037227,2032-12-15,2029-05-15,36.949999999999946,2.8471,ok,,,13,2.8470737957294725,-0.000920384620409732,2.6415726513200304,12.386978718376353,2.7047832061584343,1.3364280488779023,-1.3054577606092743,-2.580867932847719,-5.045074014794759,2.703507544911912,1.3362700490579857,-1.3053026022620449,-2.579637757728149,-5.035405728272535,5.8436376064422495,11.687275212884499,corrigido IPCA,1.0029109396767373,30.87278657080618,5.955548278628053,268.24378963330696,268.24378963330696
2026-10-02,STBP35,SANTOS BRASIL PARTICIPAÇÕES S/A,SANTOS BRASIL PARTICIPACOES S/A,Santos Brasil,CVM FRE,IPCA_MAIS,S,Quirografária,N,SANTOS BRASIL PARTICIPACOES S/A,02762121000104,7.5535,0.1153,1044.457102,2034-08-15,2033-05-15,2.239999999999931,5.544,ok,,,16,5.544002189233617,3.9488340863997264e-05,5.15464600336913,35.39110691830181,5.336467801252298,2.622163161673896,-2.533671812034355,-4.982339287817772,-9.637841710211914,5.331601537960639,2.6215618853324423,-2.5330841180366876,-4.977690468777621,-9.601469868372224,0.019797538081432274,0.03959507616286455,corrigido IPCA,0.9490731403151772,0.20409860109600608,6.212935460120272,236.91532178934654,236.91532178934654
2026-10-02,STBP45,SANTOS BRASIL PARTICIPAÇÕES S/A,SANTOS BRASIL PARTICIPACOES S/A,Santos Brasil,CVM FRE,IPCA_MAIS,S,Quirografária,N,SANTOS BRASIL PARTICIPACOES S/A,02762121000104,7.6669,0.0947,1017.266859,2039-08-15,2037-05-15,16.779999999999973,8.1798,ok,,,26,8.179840632594507,0.0004967431294997134,7.59735873568804,79.5615853115415,8.011701762403245,3.900163510128296,-3.70119308572483,-7.215021618762862,-13.723344694536854,7.995166662245748,3.8981313494834477,-3.6992273862045932,-7.199550809130334,-13.603485765145251,1.8943400793773593,3.7886801587547185,corrigido IPCA,0.9243660247284846,28.78396230084311,6.370165687388263,269.4438203058302,269.4438203058302
2026-10-02,STRZ11,VENTOS DE SANTA TEREZA 07 ENERGIAS RENOVAVEIS S.A.,VENTOS DE SANTA TEREZA 07 ENERGIAS RENOVAVEIS S.A.,Isolada (a identificar),,IPCA_MAIS,S,Real,N,VENTOS DE SANTA TEREZA 07 ENERGIAS RENOVAVEIS S.A.,37020274000152,8.107,0.0634,992.100634,2039-03-15,2033-05-15,57.5899999999999,5.3943,ok,,,25,5.394360116086703,0.0011144372152535448,4.989834253181296,39.728893243627674,5.195245274443883,2.5454117890360894,-2.446065955061183,-4.797578445208228,-9.234799412482896,5.188478719399434,2.5445782431451827,-2.4452560100361134,-4.791189786963158,-9.185090641490039,6.4794509912072025,12.958901982414405,corrigido IPCA,0.9454541376095016,64.66277299547039,6.202147800650049,310.739757738679,310.739757738679
2026-10-02,SUMI17,GIGA MAIS FIBRA TELECOMUNICACOES S.A.,GIGA MAIS FIBRA TELECOMUNICACOES S.A.,Giga Mais,CVM FRE,IPCA_MAIS,S,Real,N,GIGA MAIS FIBRA TELECOMUNICACOES S.A.,07714104000107,14.3518,1.2938,904.127117,2031-07-15,2030-08-15,673.95,3.5385,ok,,,10,3.53855172313027,0.001461724749750162,3.0944433958453383,13.567531616518533,3.1635184451295872,1.5643345545853116,-1.5304133166141987,-3.027804569109338,-5.926979085133333,3.162281053927931,1.5641811124433174,-1.530262283402021,-3.0266057377627456,-5.9175361593603055,109.67824981152633,219.35649962305266,corrigido IPCA,0.8213919824350753,678.7862715943057,6.033501765443439,1032.9150207289351,1032.9150207289351
2026-10-02,SUMI18,GIGA MAIS FIBRA TELECOMUNICACOES S.A.,GIGA MAIS FIBRA TELECOMUNICACOES S.A.,Giga Mais,CVM FRE,IPCA_MAIS,S,Quirografária,N,GIGA MAIS FIBRA TELECOMUNICACOES S.A.,07714104000107,14.6528,0.522,927.874324,2031-10-15,2030-08-15,704.0499999999998,3.5681,ok,,,11,3.5680929357693882,-0.0001979829772592263,3.1120853008120064,14.161843610214076,3.184229912355696,1.5739105107602125,-1.5385032272818067,-3.0425686651112116,-5.9511105573781915,3.1828945188630766,1.5737449549187705,-1.5383403458932357,-3.041276082760936,-5.940933729419731,113.84380021663878,227.68760043327757,corrigido IPCA,0.8511133653775269,708.5832344855605,6.036769114475238,1068.0956898071959,1068.0956898071959
2026-10-02,SUMI19,GIGA MAIS FIBRA TELECOMUNICACOES S.A.,GIGA MAIS FIBRA TELECOMUNICACOES S.A.,Giga Mais,CVM FRE,IPCA_MAIS,S,Quirografária,N,GIGA MAIS FIBRA TELECOMUNICACOES S.A.,07714104000107,14.2443,1.2536,932.54349,2032-04-15,2031-05-15,668.1000000000001,3.8041,ok,,,12,3.804116771696173,0.0004408847341751554,3.329808814703379,16.328775306675066,3.4131022886467965,1.6855197791851184,-1.6446943331414055,-3.2497583841826216,-6.3455753477648535,3.411452691236754,1.6853153764850335,-1.6444934382183456,-3.248164938170004,-6.333042123273256,100.27143018633924,200.5428603726785,corrigido IPCA,0.8846281371121747,667.7693841947738,6.062256622151518,1020.520508102239,1020.520508102239
2026-10-02,SUMI37,GIGA MAIS FIBRA TELECOMUNICACOES S.A.,GIGA MAIS FIBRA TELECOMUNICACOES S.A.,Giga Mais,CVM FRE,IPCA_MAIS,S,Real,N,GIGA MAIS FIBRA TELECOMUNICACOES S.A.,07714104000107,14.1734,0.6799,847.372796,2034-07-15,2032-08-15,661.3400000000001,4.9537,ok,,,16,4.953699989167103,-2.186829490260787e-07,4.33875139845805,26.896517214308954,4.476621073344678,2.2034152277981445,-2.136165184217942,-4.207515815933494,-8.165018729827189,4.473233984529595,2.2029963457469113,-2.135755052711139,-4.2042688123865055,-8.139572452629922,76.41851581171284,152.83703162342567,corrigido IPCA,0.7698311625301718,663.1218846923153,6.168409901389094,1016.2628376347782,1016.2628376347782
2026-10-02,SUZB19,SUZANO S.A.,SUZANO S.A.,Suzano,CVM FRE,IPCA_MAIS,S,Quirografária,N,SUZANO S.A.,16404287000155,7.1393,0.1451,1131.994866,2030-06-15,2030-08-15,-47.29999999999998,3.2784,ok,,,8,3.2784323086823908,0.0009855015370543994,3.059971745832193,12.938254927959658,3.12580403673528,1.5463002127998893,-1.5139524119683556,-2.9963868558066986,-5.869896677755837,3.1246630204719916,1.5461586915760461,-1.513813054256147,-2.9952804711923946,-5.8611783931051935,-6.963604037108775,-13.92720807421755,corrigido IPCA,0.9837118170571688,-42.61686320543169,6.00418518702901,183.50713286162855,183.50713286162855
2026-10-02,SUZB29,SUZANO S.A.,SUZANO S.A.,Suzano,CVM FRE,IPCA_MAIS,S,Quirografária,N,SUZANO S.A.,16404287000155,7.2945,0.1007,1111.627086,2033-06-15,2033-05-15,-23.660000000000014,5.4197,ok,,,14,5.419687199458854,-0.0002361854188638285,5.051225551597569,33.89237007558032,5.225205701080449,2.5685367417103366,-2.4837936212308787,-4.88608676597636,-9.458451536104262,5.2206874019754705,2.56797823839326,-2.483247313204309,-4.8817637012196675,-9.424603701683532,-2.6352150764525013,-5.270430152905003,corrigido IPCA,0.9660120735283492,-26.622131456264032,6.203995513024485,205.426500193713,205.426500193713
2026-10-02,SUZBA0,SUZANO S.A.,SUZANO S.A.,Suzano,CVM FRE,IPCA_MAIS,S,Quirografária,N,SUZANO S.A.,16404287000155,7.3499,0.1211,1054.93208,2038-09-15,2037-05-15,-14.920000000000044,7.9232,ok,,,24,7.923236412179278,0.0004595640559225466,7.380758074464232,73.31373817599736,7.761718689707164,3.783791568720596,-3.600452307856683,-7.027701952567577,-13.400099571423018,7.747326765344218,3.7820212099521124,-3.598736864512119,-7.014189383584244,-13.295241385408515,-0.40831251568288807,-0.8166250313657761,corrigido IPCA,0.9195537242582195,-6.027311794062559,6.356653304530857,228.96450104360568,228.96450104360568
2026-10-02,SUZBC1,SUZANO S.A.,SUZANO S.A.,Suzano,CVM FRE,IPCA_MAIS,S,Quirografária,N,SUZANO S.A.,16404287000155,7.3909,0.0846,1046.477947,2036-05-15,2035-05-15,-12.909999999999933,6.8279,ok,,,20,6.827870224253697,-0.0004360893730482711,6.357959775226483,54.55208921938679,6.639947023653403,3.2483073917978667,-3.1118964046326747,-6.093933565620602,-11.6929170792339,6.6307202213234175,3.2471699991374754,-3.110789776089008,-6.08519932912955,-11.62487776606523,-0.6907099389457712,-1.3814198778915423,corrigido IPCA,0.9421989895384626,-8.783012016332705,6.295483807437474,226.2417008485735,226.2417008485735
2026-10-02,TAEE17,TRANS. ALIANÇA DE ENERGIA ELÉTRICA S/A,TRANSMISSORA ALIANCA DE ENERGIA ELETRICA S/A,Taesa (Cemig + ISA),CVM FRE,IPCA_MAIS,S,Quirografária,N,TRANSMISSORA ALIANCA DE ENERGIA ELETRICA S/A,07859971000130,7.4956,0.0688,1407.815332,2044-09-15,2037-05-15,-0.3500000000000725,7.0852,ok,,,36,7.085191425645432,-0.00012101781980156006,6.591145521905484,71.41620529920303,6.964870955683189,3.386883081773684,-3.208265675678379,-6.249477293213356,-11.872814181770064,6.9482265484014984,3.3848430175767454,-3.2063025043287383,-6.234064495409468,-11.753966937826906,1.1495303212398558,2.2990606424797115,corrigido IPCA,0.811990407592913,15.153443258269297,6.310437677826863,251.03798824674095,251.03798824674095
2026-10-02,TAEE18,TRANS. ALIANÇA DE ENERGIA ELÉTRICA S/A,TRANSMISSORA ALIANCA DE ENERGIA ELETRICA S/A,Taesa (Cemig + ISA),CVM FRE,IPCA_MAIS,S,Real,N,TRANSMISSORA ALIANCA DE ENERGIA ELETRICA S/A,07859971000130,7.4017,0.1014,1139.524337,2039-12-15,2032-08-15,-15.829999999999966,5.0643,ok,,,27,5.064308507299548,0.00016798569491319345,4.715296412719303,37.16755646136186,4.907439862420682,2.4048844172374073,-2.311943525518667,-4.535412021060736,-8.733563633019692,4.901134195026112,2.4041076519363536,-2.311188760782949,-4.529458630412493,-8.687241696211368,-0.6006440008588259,-1.2012880017176517,corrigido IPCA,0.8915700723584244,-5.664429005141983,6.17717907996278,227.676006339508,227.676006339508
2026-10-02,TAEE26,TRANS. ALIANÇA DE ENERGIA ELÉTRICA S/A,TRANSMISSORA ALIANCA DE ENERGIA ELETRICA S/A,Taesa (Cemig + ISA),CVM FRE,IPCA_MAIS,S,Real,N,TRANSMISSORA ALIANCA DE ENERGIA ELETRICA S/A,07859971000130,7.4362,0.1144,1275.470792,2044-05-15,2037-05-15,-6.289999999999996,7.854,ok,,,36,7.8539970446523295,-3.762856723434804e-05,7.310382389410952,78.89079726302857,7.722591361178499,3.7559824645243767,-3.558676329127164,-6.932415808637449,-13.17024737536794,7.704836375726096,3.753804691284262,-3.55657769812669,-6.915928403095808,-13.042948833561333,0.4749521157302488,0.9499042314604976,corrigido IPCA,0.8819801522212017,6.944163165295766,6.352960454101608,242.5362277046462,242.5362277046462
2026-10-02,TAEEA2,TRANS. ALIANÇA DE ENERGIA ELÉTRICA S/A,TRANSMISSORA ALIANCA DE ENERGIA ELETRICA S/A,Taesa (Cemig + ISA),CVM FRE,IPCA_MAIS,S,Quirografária,N,TRANSMISSORA ALIANCA DE ENERGIA ELETRICA S/A,07859971000130,7.4685,0.0815,1148.486959,2036-05-15,2035-05-15,-5.149999999999988,6.8079,ok,,,20,6.807876866916877,-0.0003397976339671624,6.334764946860593,52.82707680561958,6.607568059049296,3.2344851976996436,-3.102389358627211,-6.078846632277801,-11.677043566197742,6.598900330888692,3.233416319437321,-3.101348627423272,-6.0706295628324956,-11.612988357608796,-0.2097936622977036,-0.4195873245954072,corrigido IPCA,0.8537213199962717,-2.6579870759940034,6.2943043036115975,233.69896100556474,233.69896100556474
2026-10-02,TAEEA4,TRANSMISSORA ALIANÇA DE ENERGIA ELÉTRICA S.A.,TRANSMISSORA ALIANCA DE ENERGIA ELETRICA S/A,Taesa (Cemig + ISA),CVM FRE,IPCA_MAIS,S,Quirografária,N,TRANSMISSORA ALIANCA DE ENERGIA ELETRICA S/A,07859971000130,7.4657,0.0668,1054.953706,2033-09-15,2033-05-15,-6.540000000000035,5.7167,ok,,,14,5.716667676768801,-0.0005654176570254113,5.319527697459563,36.824960507263675,5.508701027770169,2.7064189192068877,-2.6143425618491922,-5.140227997170355,-9.940315039187354,5.503652499995882,2.705795049363861,-2.613732648095702,-5.135402894923245,-9.902556184773854,-0.8433737765708962,-1.6867475531417924,corrigido IPCA,0.9205283639498874,-8.97270032755991,6.225016462827737,226.3955194977225,226.3955194977225
2026-10-02,TAEEA7,TRANSMISSORA ALIANÇA DE ENERGIA ELÉTRICA S.A.,TRANSMISSORA ALIANCA DE ENERGIA ELETRICA S/A,Taesa (Cemig + ISA),CVM FRE,IPCA_MAIS,S,Quirografária,N,TRANSMISSORA ALIANCA DE ENERGIA ELETRICA S/A,07859971000130,7.5133,0.0753,1184.716196,2040-01-15,2037-05-15,1.4199999999999768,7.5502,ok,,,25,7.550180205811095,-0.00026216774264064033,7.022554610277142,73.72810583615913,7.406845302534282,3.605360046680328,-3.420975428757811,-6.668533674976274,-12.683727865268368,7.391195139457937,3.603437437433769,-3.4191171728433725,-6.653914081096346,-12.570547103831101,1.0740642275722911,2.1481284551445823,corrigido IPCA,1.0974555017185639,15.085349386143102,6.336504777765795,252.5419696561964,252.5419696561964
2026-10-02,TAEEA8,TRANSMISSORA ALIANÇA DE ENERGIA ELÉTRICA S.A.,TRANSMISSORA ALIANCA DE ENERGIA ELETRICA S/A,Taesa (Cemig + ISA),CVM FRE,IPCA_MAIS,S,Quirografária,N,TRANSMISSORA ALIANCA DE ENERGIA ELETRICA S/A,07859971000130,7.3776,0.0802,1125.557717,2032-07-15,2031-05-15,-18.569999999999975,4.3188,ok,,,9,4.318854315096677,0.001257643249891291,4.022118500596657,21.78003795648664,4.133445168605787,2.0385847040803373,-1.9841289542476104,-3.915554263544063,-7.626979830560199,4.131018690379091,2.038284297743937,-1.9838342028527203,-3.9132183108142238,-7.608636242063582,-2.537587198732386,-5.075174397464772,corrigido IPCA,1.0748892018027356,-20.41295283779755,6.113450999989567,211.6380787687603,211.6380787687603
2026-10-02,TAEEB0,TRANSMISSORA ALIANÇA DE ENERGIA ELÉTRICA S.A.,TRANSMISSORA ALIANCA DE ENERGIA ELETRICA S/A,Taesa (Cemig + ISA),CVM FRE,IPCA_MAIS,S,Quirografária,N,TRANSMISSORA ALIANCA DE ENERGIA ELETRICA S/A,07859971000130,7.258,0.0724,999.99818,2040-12-15,2050-08-15,12.03000000000003,11.7952,ok,,,4,11.795165813060965,-0.0002898377224154053,10.99700331263026,132.11129911221457,11.687289563674707,5.667291076583014,-5.336886906861482,-10.364159996626432,-19.566110307146033,11.657559808191333,5.663640780205399,-5.333362532424862,-10.336446817069188,-19.351780643016227,-0.3282941705130711,-0.6565883410261422,corrigido IPCA,0.9628541042168987,-7.220504161298893,6.537436366087013,229.0295233766388,229.0295233766388
2026-10-02,TAEEB2,TRANS. ALIANÇA DE ENERGIA ELÉTRICA S/A,TRANSMISSORA ALIANCA DE ENERGIA ELETRICA S/A,Taesa (Cemig + ISA),CVM FRE,IPCA_MAIS,S,Quirografária,N,TRANSMISSORA ALIANCA DE ENERGIA ELETRICA S/A,07859971000130,7.2124,0.0704,1192.501414,2029-04-15,2029-05-15,-19.760000000000044,2.3081,ok,,,6,2.3081723564054353,0.0031348904048887215,2.1528968257453758,6.923227499926762,2.188000006659041,1.0851629367673699,-1.0678541007010267,-2.1187554500081807,-4.171079804062083,2.1875129632450094,1.0851024472475963,-1.0677943784977795,-2.118280688245742,-4.167329101492216,-5.751143271953967,-11.502286543907934,corrigido IPCA,0.990545630595175,-24.76323618919314,5.909011696735367,201.07892950068478,201.07892950068478
2026-10-02,TAEEB4,TRANSMISSORA ALIANÇA DE ENERGIA ELÉTRICA S.A.,TRANSMISSORA ALIANCA DE ENERGIA ELETRICA S/A,Taesa (Cemig + ISA),CVM FRE,IPCA_MAIS,S,Quirografária,N,TRANSMISSORA ALIANCA DE ENERGIA ELETRICA S/A,07859971000130,7.5515,0.0734,1043.540614,2035-09-15,2035-05-15,3.1500000000000306,6.8948,ok,,,18,6.894880663149885,0.0011699128311896375,6.410771270646978,54.135582205120095,6.690443776819488,3.274164161762516,-3.1387957372672637,-6.148616132545004,-11.805253490417133,6.681449181672579,3.273055113079889,-3.1377161575670893,-6.140093359621377,-11.738830897191555,0.5115036954386857,1.0230073908773714,corrigido IPCA,0.9105695681657073,6.5582663910961765,6.2994179852501775,244.4989046398597,244.4989046398597
2026-10-02,TAEEB8,TRANSMISSORA ALIANÇA DE ENERGIA ELÉTRICA S.A.,TRANSMISSORA ALIANCA DE ENERGIA ELETRICA S/A,Taesa (Cemig + ISA),CVM FRE,IPCA_MAIS,S,Quirografária,N,TRANSMISSORA ALIANCA DE ENERGIA ELETRICA S/A,07859971000130,7.3582,0.0914,1116.30628,2035-07-15,2033-05-15,-17.290000000000028,5.8158,ok,,,15,5.815783383772108,-0.0002857083787662136,5.417176688666639,39.94997143785368,5.622889215812621,2.759261857014539,-2.6593689704382806,-5.223101994285151,-10.079677697187407,5.6169265458559074,2.758525808630637,-2.6586508800360025,-5.21742683147737,-10.035353948576205,-1.546875884857156,-3.093751769714312,corrigido IPCA,1.0660542348991577,-16.75939996741753,6.231787417247392,216.70283954398093,216.70283954398093
2026-10-02,TAEEC2,TRANS. ALIANÇA DE ENERGIA ELÉTRICA S/A,TRANSMISSORA ALIANCA DE ENERGIA ELETRICA S/A,Taesa (Cemig + ISA),CVM FRE,IPCA_MAIS,S,Quirografária,N,TRANSMISSORA ALIANCA DE ENERGIA ELETRICA S/A,07859971000130,7.3246,0.1065,1166.700497,2032-04-15,2031-05-15,-23.86999999999997,3.8789,ok,,,12,3.8788937765777547,-0.00016044296695196168,3.614170261596833,18.197577759200122,3.7070553372833492,1.830067104772093,-1.7845689746281868,-3.5250125536807952,-6.878775159035766,3.7051581503928337,1.8298321029974165,-1.7843381585994165,-3.5231823728008322,-6.8643889680096635,-3.5454575103147623,-7.090915020629525,corrigido IPCA,0.9691147772180047,-25.627774195069524,6.070079659417527,204.82292116881538,204.82292116881538
2026-10-02,TAEEC4,TRANSMISSORA ALIANÇA DE ENERGIA ELÉTRICA S.A.,TRANSMISSORA ALIANCA DE ENERGIA ELETRICA S/A,Taesa (Cemig + ISA),CVM FRE,IPCA_MAIS,S,Quirografária,N,TRANSMISSORA ALIANCA DE ENERGIA ELETRICA S/A,07859971000130,7.5703,0.0755,1043.636281,2038-09-15,2037-05-15,7.119999999999926,7.8758,ok,,,24,7.875849252119841,0.0006253602153583401,7.3215834223013605,72.4144492923049,7.697824116291407,3.75305272004276,-3.5719626787691583,-6.972816243315993,-13.298134284449715,7.683655668762884,3.7513097727660614,-3.5702736495352987,-6.959511175839836,-13.194877858756623,1.0903571209638085,2.180714241927617,corrigido IPCA,0.9106530591607472,15.96628124247372,6.354128148349836,254.80713361733055,254.80713361733055
2026-10-02,TAEED2,TRANSMISSORA ALIANÇA DE ENERGIA ELÉTRICA S.A.,TRANSMISSORA ALIANCA DE ENERGIA ELETRICA S/A,Taesa (Cemig + ISA),CVM FRE,IPCA_MAIS,S,Quirografária,N,TRANSMISSORA ALIANCA DE ENERGIA ELETRICA S/A,07859971000130,7.4744,0.0737,1109.015982,2037-04-15,2035-05-15,-4.559999999999942,7.0559,ok,,,22,7.05586096022424,-0.0005532926453122262,6.565155013867712,58.61317107350793,6.868550491263892,3.357116581333841,-3.210547862009361,-6.281845700477351,-12.033970491531786,6.858220869235253,3.3558439707757413,-3.209311043091972,-6.272089158500173,-11.958046606265267,0.09392938750310882,0.18785877500621764,corrigido IPCA,0.9211992549172343,1.2333219786311163,6.308753608477113,237.84628184289036,237.84628184289036
2026-10-02,TBEG11,TIBAGI ENERGIA SPE S/A,TIBAGI ENERGIA SPE S/A,Isolada (a identificar),,IPCA_MAIS,S,Real,N,TIBAGI ENERGIA SPE S/A,23080281000135,8.7047,0.0902,952.647541,2035-07-15,2031-05-15,114.14000000000009,4.0888,ok,,,18,4.088873672606823,0.001801814880236656,3.7614506756440362,23.177834395938003,3.880399621211761,1.91007573662485,-1.8521226890575893,-3.648485811458435,-7.082229258322082,3.877339847623726,1.9096976308169404,-1.8517530448270956,-3.6455615036643465,-7.059344663369312,15.946528034002545,31.89305606800509,corrigido IPCA,0.8860390999312696,119.96415729535089,6.091350052188527,375.48683727760283,375.48683727760283
2026-10-02,TCII11,AES TUCANO HOLDING II S.A,TUCANO HOLDING II S.A,Tucano Holding,inferido,IPCA_MAIS,S,Quirografária,N,TUCANO HOLDING II S.A,34623550000189,8.0186,0.116,1150.16049,2041-09-15,2033-05-15,48.74999999999989,5.9147,ok,,,30,5.914743235097175,0.0007309770094053488,5.4756710743308785,51.14172106470582,5.741659172787861,2.8030258969863775,-2.6751300598475525,-5.229576815118087,-10.002985857328673,5.731379679654408,2.801762688496322,-2.673908385834557,-5.21996246900735,-9.928507727367641,5.702899496639033,11.405798993278067,corrigido IPCA,0.9063104922598639,62.45440362712497,6.23843645476323,307.16083861896425,307.16083861896425
2026-10-02,TEPA11,BRASIL TECNOLOGIA E PARTICIPACAO S.A.,BRASIL TECNOLOGIA E PARTICIPACAO S.A.,Brasil Tecnologia,CVM FRE,IPCA_MAIS,S,Real,N,BRASIL TECNOLOGIA E PARTICIPACAO S.A.,35764708000101,,,,2030-03-15,,,,sem taxa indicativa,,,,,,,,,,,,,,,,,,,,,,,,,
2026-10-02,TEPA12,BRASIL TECNOLOGIA E PARTICIPACAO S.A.,BRASIL TECNOLOGIA E PARTICIPACAO S.A.,Brasil Tecnologia,CVM FRE,IPCA_MAIS,S,Real,N,BRASIL TECNOLOGIA E PARTICIPACAO S.A.,35764708000101,,,833.350952,2031-07-15,,,,sem taxa indicativa,,,,,,,,,,,,,,,,,,,,,,,,,
2026-10-02,TEPA13,BRASIL TECNOLOGIA E PARTICIPACAO S.A.,BRASIL TECNOLOGIA E PARTICIPACAO S.A.,Brasil Tecnologia,CVM FRE,IPCA_MAIS,S,Real,N,BRASIL TECNOLOGIA E PARTICIPACAO S.A.,35764708000101,,,,2032-03-15,,,,sem taxa indicativa,,,,,,,,,,,,,,,,,,,,,,,,,
2026-10-02,TIET18,AES TIETE ENERGIA S/A,AUREN OPERACOES S.A.,Auren,CVM FRE,IPCA_MAIS,S,Real,N,AUREN OPERACOES S.A.,00194724000113,7.6982,0.098,776.58181,2030-05-15,2028-08-15,34.80999999999996,1.9422,ok,,,8,1.9780812746569025,1.8474551877717336,1.8366892618975084,6.351105753179318,1.8689383893389921,0.9263447751989506,-0.9104661531800673,-1.805413603156647,-3.550142580034321,1.8684447906634052,0.9262835131402284,-0.9104057487572802,-1.804933733131612,-3.5463564087314303,9.198085793742733,18.396171587485465,corrigido IPCA,0.9915552887583199,33.78805081475859,5.907027896060302,268.89161136938907,268.89161136938907
2026-10-02,TIET29,AES TIETE ENERGIA S/A,AUREN OPERACOES S.A.,Auren,CVM FRE,IPCA_MAIS,S,Quirografária,N,AUREN OPERACOES S.A.,00194724000113,7.6807,0.086,1427.693519,2029-03-15,2028-08-15,33.05999999999996,1.3645,ok,,,5,1.3645040259760643,0.00029505137884232676,1.2671760361662436,3.3401458102951476,1.2840861505918122,0.6377892179678657,-0.6294385479777231,-1.2506798018612764,-2.4691662016890548,1.2838767652177194,0.6377632003459908,-0.6294128358202529,-1.250475307114768,-2.4675491561265845,25.000578514519113,50.001157029038225,corrigido IPCA,0.9646337788953134,63.36026796778256,6.06631602535932,300.81875869195494,300.81875869195494
2026-10-02,TIET39,AES TIETE ENERGIA S/A,AUREN OPERACOES S.A.,Auren,CVM FRE,IPCA_MAIS,S,Quirografária,N,AUREN OPERACOES S.A.,00194724000113,7.691,0.0723,1461.215218,2029-03-15,2028-08-15,34.089999999999954,1.3532,ok,,,3,1.3532476091451582,0.0035182637568890625,1.2566023243773,3.3102538557520296,1.2733611240685283,0.6324647666432925,-0.6241888290486552,-1.2402537367340538,-2.4486022775571104,1.27315359365606,0.6324389795083399,-0.62416334486896,-1.2400510550985397,-2.446999571639559,25.876311913726777,51.752623827453554,corrigido IPCA,0.9872830095731469,65.03246739420217,6.072851566296644,302.80121094020086,302.80121094020086
2026-10-02,TIMS12,TIM S.A.,TIM S.A.,Tim,CVM FRE,IPCA_MAIS,S,Quirografária,N,TIM S.A.,02421421000111,5.1009,0.1504,889.570661,2028-06-15,2027-05-15,-50.91000000000001,1.1488,ok,,,4,1.1475953647957589,-0.10486030677586951,1.0918987038129633,2.4687200921475414,1.1043794988691014,0.5490523087322119,-0.5428803263579751,-1.0796893820644415,-2.1354859311514485,1.1042423042737008,0.5490352520216661,-0.5428634517912972,-1.0795551033522257,-2.134423005782976,-78.40596224342366,-156.81192448684732,sem correção,0.998892908202727,-171.2227370896049,6.230080060410814,22.815608309578668,22.815608309578668
2026-10-02,TNHL11,TUCANO HOLDING III S.A,TUCANO HOLDING III S.A,Tucano Holding,inferido,IPCA_MAIS,S,Quirografária,N,TUCANO HOLDING III S.A,35714529000151,8.0167,0.116,1117.601137,2041-09-15,2033-05-15,48.55999999999998,5.7925,ok,,,30,5.7924662122853,-0.0005833010738152848,5.362565429498678,49.37555710806057,5.619271423579275,2.7442100079507536,-2.6207315828091104,-5.124882770715134,-9.8088612327642,5.609443215038982,2.7430021611344153,-2.6195632683642636,-5.115687643958376,-9.737619716836146,5.756273737523652,11.512547475047304,corrigido IPCA,0.9373761996414957,61.73678909515097,6.2302047998110455,306.2946800102256,306.2946800102256
2026-10-02,TPEN11,TPE - TRANSMISSORA PARAÍSO DE ENERGIA S.A.,TPE  - TRANSMISSORA PARAISO DE ENERGIA S.A.,Isolada (a identificar),,IPCA_MAIS,S,Quirografária,N,TPE  - TRANSMISSORA PARAISO DE ENERGIA S.A.,26796739000145,7.2429,0.0625,958.127757,2028-09-15,2028-08-15,-10.720000000000063,1.6291,ok,,,4,1.6307915786015696,0.10383516061442848,1.5206522563279896,3.9662453409351963,1.5407229710840076,0.765313700261272,-0.7553977515766475,-1.5010551497718017,-2.963831782296278,1.5404834830326657,0.7652839348401638,-0.7553683214878258,-1.5008210296233135,-2.9619796058372754,1.2472596926515067,2.4945193853030134,sem correção,0.9924610140608938,3.7932965317149376,5.957897392040867,231.1340823738132,231.1340823738132
2026-10-02,TPNO12,MATRINCHA TRANSMISSORA DE ENERGIA  TP NORTE SA,MATRINCHA TRANSMISSORA DE ENERGIA TP NORTE S/A,Isolada (a identificar),,IPCA_MAIS,S,Real,N,MATRINCHA TRANSMISSORA DE ENERGIA TP NORTE S/A,15286382000139,7.1707,0.207,632.636004,2029-06-15,2028-08-15,-17.940000000000023,1.3573,ok,,,6,1.3573332655452173,0.0024508616530848214,1.2665152560776567,3.482123642377222,1.2841526036571738,0.6376384495434095,-0.6289327984756565,-1.249325892367592,-2.465136926092948,1.2839258742895427,0.6376102825917999,-0.6289049734858567,-1.2491046378657704,-2.4633880393077687,3.3127237922022963,6.625447584404593,corrigido IPCA,1.0282142903721532,8.391230443991274,6.070457755298886,236.9251554175538,236.9251554175538
2026-10-02,TPNO13,MATRINCHA TRANSMISSORA DE ENERGIA  TP NORTE SA,MATRINCHA TRANSMISSORA DE ENERGIA TP NORTE S/A,Isolada (a identificar),,IPCA_MAIS,S,Quirografária,N,MATRINCHA TRANSMISSORA DE ENERGIA TP NORTE S/A,15286382000139,7.5566,0.0914,1088.000312,2038-12-15,2035-05-15,3.6600000000000854,6.529,ok,,,25,6.529007922732232,0.00012134679479317375,6.070299658721298,55.09018410372227,6.356024986438946,3.1052770007664376,-2.9675134239040113,-5.804512796447647,-11.113854521086541,6.34575057923991,3.104012559490302,-2.966287099230996,-5.7948487382026865,-11.038795635368151,1.0089081024986402,2.0178162049972803,corrigido IPCA,0.8600850113323975,12.248749020557295,6.277562411718196,249.6202585193432,249.6202585193432
2026-10-02,TRCC11,TCC - TRANSMISSORA CAMINHO DO CAFÉ S.A.,TCC - TRANSMISSORA CAMINHO DO CAFE S/A,Isolada (a identificar),,IPCA_MAIS,S,Quirografária,N,TCC - TRANSMISSORA CAMINHO DO CAFE S/A,26796760000140,7.2717,0.0668,957.708743,2028-09-15,2028-08-15,-7.840000000000025,1.629,ok,,,4,1.6307187180913438,0.10550755625192323,1.5201760744831525,3.9638918654705564,1.5402348134019084,0.765072641635145,-0.7551625770089165,-1.5005905329099845,-2.9629248925547746,1.5399955338105054,0.7650429020734145,-0.7551331724097382,-1.5003566151557999,-2.961074311656894,2.196149685916719,4.392299371833438,sem correção,0.992026531085688,6.677068417028573,5.9579169236992024,234.52706421362691,234.52706421362691
2026-10-02,TRGO11,ARGO TRANSMISSAO DE ENERGIA S.A.,ARGO TRANSMISSAO DE ENERGIA S.A.,Argo,CVM FRE,IPCA_MAIS,S,Real,N,ARGO TRANSMISSAO DE ENERGIA S.A.,24624490000165,7.6186,0.2086,1041.543803,2031-12-15,2029-05-15,20.859999999999967,2.4837,ok,,,11,2.483735426039202,0.0014263413134495552,2.3079053491117723,9.505843003683855,2.3563036139524485,1.1659427163510205,-1.1421763638187699,-2.261217251417913,-4.43231598748377,2.3554345641301917,1.1658349783104909,-1.1420703708012812,-2.260376134093353,-4.425693838149867,3.918816112884114,7.837632225768228,corrigido IPCA,1.0070713986736028,18.088513338221297,5.920542460385292,252.0405047130426,252.0405047130426
2026-10-02,TRGP13,TECP - TRANSMISSORA DE ENERGIA CENTRAL PAULISTANA S.A.,TECP - TRANSMISSORA DE ENERGIA CENTRAL PAULISTANA S.A.,Isolada (a identificar),,IPCA_MAIS,S,Real,N,TECP - TRANSMISSORA DE ENERGIA CENTRAL PAULISTANA S.A.,49786044000188,7.5909,0.1058,1034.36652,2038-01-15,2037-05-15,9.18000000000001,7.5984,fluxo divergente da ANBIMA,,,23,7.137503429060628,-6.065705555635032,6.633928546987364,63.61172444589734,6.96422995591699,3.397985225617006,-3.238909765194642,-6.327373734097885,-12.084926193704637,6.95198716921685,3.3964789290510535,-3.2374496179363104,-6.315869924757878,-11.99562260505678,1.3208266059814928,2.6416532119629856,corrigido IPCA,1.0036974310982885,17.524538654082114,6.3134288427805,256.138277491608,256.138277491608
2026-10-02,TRPLA4,ISA ENERGIA BRASIL S.A.,ISA ENERGIA BRASIL S.A.,ISA,CVM FRE,IPCA_MAIS,S,Quirografária,N,ISA ENERGIA BRASIL S.A.,02998611000104,7.5517,0.0661,1103.834267,2033-10-15,2033-05-15,2.059999999999995,5.2396,ok,,,15,5.239650474317432,0.0009633238688342056,4.871750492384064,32.065394792401236,5.0362908293845265,2.476477859918047,-2.396303114371945,-4.715456643826665,-9.133777706590662,5.03207746634607,2.4759569896825333,-2.3957935027015305,-4.711423518422057,-9.102193088920103,-0.12706164547468177,-0.25412329094936353,corrigido IPCA,0.9654535565324599,-1.2380252678088204,6.190656398560401,235.11634727723794,235.11634727723794
2026-10-02,TRPLA7,ISA ENERGIA BRASIL S.A.,ISA ENERGIA BRASIL S.A.,ISA,CVM FRE,IPCA_MAIS,S,Quirografária,N,ISA ENERGIA BRASIL S.A.,02998611000104,7.4766,0.1049,1159.767828,2036-10-15,2040-08-15,20.560000000000045,9.2163,ok,,,2,9.216337468361905,0.00040654451249045557,8.575203782369284,81.67170304794118,8.998234162920493,4.391499095617757,-4.187268982752268,-8.180702874691626,-15.624808205625495,8.983562297608989,4.389691519994568,-4.185512262374715,-8.16684526712958,-15.516973503779743,0.08590414034324682,0.17180828068649365,corrigido IPCA,1.060728111956715,1.4732910183851837,6.422265439095831,239.88665861734947,239.88665861734947
2026-10-02,TRPLB4,ISA ENERGIA BRASIL S.A.,ISA ENERGIA BRASIL S.A.,ISA,CVM FRE,IPCA_MAIS,S,Quirografária,N,ISA ENERGIA BRASIL S.A.,02998611000104,7.6002,0.1156,1082.204627,2038-10-15,2037-05-15,10.109999999999975,7.655,ok,,,25,7.654975992449293,-0.00031361921237644245,7.1142767322451945,70.6115420694391,7.481212904505119,3.64710994173878,-3.4705280392482107,-6.774248044745845,-12.917423240735204,7.467334442592391,3.6454027937093967,-3.4688739385357983,-6.761219021897999,-12.816322623101609,1.3498880635062327,2.6997761270124654,corrigido IPCA,0.9465354979858325,19.20695448267583,6.342228621206347,258.37861726148,258.37861726148
2026-10-02,TRPLB7,ISA ENERGIA BRASIL S.A.,ISA ENERGIA BRASIL S.A.,ISA,CVM FRE,IPCA_MAIS,S,Quirografária,N,ISA ENERGIA BRASIL S.A.,02998611000104,7.6475,0.074,1040.825427,2039-10-15,2037-05-15,14.839999999999964,8.049,ok,,,27,8.049070633397642,0.0008775425225840999,7.477248086019315,79.1181281558247,7.889462284911253,3.839564370544979,-3.64170156470075,-7.0972002970013826,-13.49251196809469,7.87283872679844,3.8375217032044384,-3.639726382814877,-7.081657445240191,-13.372133608922137,1.8286038590903937,3.6572077181807874,corrigido IPCA,0.951942950974713,27.345849410942353,6.363313015292582,267.5166441413051,267.5166441413051
2026-10-02,TRRG12,TRSP - TERMINAL DE REGASEIFICACAO DE GNL DE SAO PAULO S.A.,TRSP - TERMINAL DE REGASEIFICACAO DE GNL DE SAO PAULO S.A.,Trsp Terminal,inferido,IPCA_MAIS,S,Quirografária,N,TRSP - TERMINAL DE REGASEIFICACAO DE GNL DE SAO PAULO S.A.,34840096000118,7.6686,0.0592,1085.223065,2033-01-15,2031-05-15,10.529999999999973,3.995,ok,,,13,3.995033152071905,0.0008298390964960759,3.710490479185115,19.500991722798624,3.8101368820388837,1.8798866050065755,-1.8311291505045735,-3.6150473201551847,-7.047152904995368,3.807995437799109,1.8796214792460562,-1.8308689999390595,-3.6129855205711223,-7.030961123914259,1.362231661631555,2.72446332326311,corrigido IPCA,1.0073471591097944,10.109095221856808,6.0819729152284285,246.89063560859793,246.89063560859793
2026-10-02,TSSG21,TRANSPORTADORA ASSOCIADA DE GAS S.A. - TAG,TRANSPORTADORA ASSOCIADA DE GAS S.A. - TAG,Isolada (a identificar),,IPCA_MAIS,S,Quirografária,N,TRANSPORTADORA ASSOCIADA DE GAS S.A. - TAG,06248349000123,7.4987,0.0771,1077.803859,2033-12-15,2032-08-15,-6.129999999999924,5.0944,ok,,,15,5.094384081918848,-0.00031246233416823687,4.739019245738645,30.16716844028476,4.893721316145916,2.407696632755929,-2.3322685576596225,-4.591887078098367,-8.903710445253266,4.889855087940069,2.4072185834196786,-2.3318006623189667,-4.588183403537221,-8.874695122671596,-0.7269748775339792,-1.4539497550679583,corrigido IPCA,0.9468381331063307,-6.890295871604043,6.179526843828387,228.3483259575881,228.3483259575881
2026-10-02,TUPW21,TUPI ENERGIAS RENOVAVEIS S.A,TUPI ENERGIAS RENOVAVEIS S.A.,Isolada (a identificar),,IPCA_MAIS,S,Quirografária,N,TUPI ENERGIAS RENOVAVEIS S.A.,59115685000164,12.663,0.6328,907.384457,2036-10-15,2032-08-15,510.30000000000007,4.4581,ok,,,21,4.45813992495508,0.0008955598815585567,3.957057707459485,26.058412491186456,4.091006499308225,2.0115534567547,-1.9463967743130306,-3.8302518500203275,-7.420196860555029,4.087349769915417,2.0111018693437255,-1.9459558381157598,-3.826765645003553,-7.392947165095241,65.29559369819468,130.59118739638936,corrigido IPCA,0.8611011694461177,516.7568646131685,6.126241481998007,842.5544597486836,842.5544597486836
2026-10-02,TVVH11,TVV TERMINAL DE VILA VELHA S.A.,TVV TERMINAL DE VILA VELHA S.A.,Tvv Terminal,inferido,IPCA_MAIS,S,Real,N,TVV TERMINAL DE VILA VELHA S.A.,02639850000160,7.9936,0.1154,840.081747,2033-11-15,2030-08-15,38.12999999999995,2.9824,ok,,,15,2.9824015195378704,5.095017000396347e-05,2.7616465415893816,14.316238417926623,2.8348543142776794,1.3989198543104209,-1.3631252969412144,-2.6916285131080686,-5.249233326179792,2.833227733679015,1.3987185688170989,-1.3629279727722825,-2.6900653494997484,-5.23696831482023,9.220608279736323,18.441216559472647,corrigido IPCA,0.9940668624745704,50.92812193416847,5.970494016238925,292.27742693093603,292.27742693093603
2026-10-02,UHSM12,UHE SAO SIMAO ENERGIA S/A,UHE SAO SIMAO ENERGIA S/A,Isolada (a identificar),,IPCA_MAIS,S,Quirografária,N,UHE SAO SIMAO ENERGIA S/A,27352303000120,7.6446,0.1568,1182.490964,2036-10-15,2035-05-15,12.460000000000004,6.4864,ok,,,21,6.486462670456737,0.0009661824237947703,6.025813343592467,49.42042193494467,6.280976661978266,3.075676275634587,-2.95209903244551,-5.7863531447803425,-11.122789669944366,6.27291545326719,3.0746821992149145,-2.9511311443775523,-5.778711233917743,-11.063218248486042,1.2306527234915685,2.461305446983137,corrigido IPCA,0.9178980566147686,14.831367205087806,6.274957773491985,253.96119115137762,253.96119115137762
2026-10-02,ULFT14,ULTRAFERTIL S/A,ULTRAFERTIL S/A.,Ultrafertil,inferido,IPCA_MAIS,S,Quirografária,S,ULTRAFERTIL S/A.,02476026000136,7.9407,0.0393,998.601498,2035-10-15,2035-05-15,42.07000000000001,6.0495,ok,,,19,6.0494889899218744,-0.0001819998037135396,5.6044559558367455,43.16600971889865,5.826904868296068,2.857002338918635,-2.749067000545957,-5.394919539037401,-10.394723082544422,5.820286004431239,2.8561854900669963,-2.748270465769749,-5.388625907242252,-10.345591717295518,3.790137245118537,7.580274490237074,corrigido IPCA,0.9591048734425826,42.483314513686516,6.247321933293648,286.5130848826022,286.5130848826022
2026-10-02,UNEG11,UTE GNA I GERACAO DE ENERGIA S.A.,UTE GNA I GERACAO DE ENERGIA S.A.,Isolada (a identificar),,IPCA_MAIS,S,Real,N,UTE GNA I GERACAO DE ENERGIA S.A.,23449511000190,9.0565,0.4006,1131.588203,2039-07-15,2035-05-15,153.65000000000003,6.4265,ok,,,26,6.426580539131398,0.0012532347529421559,5.89289087686786,51.03557317755139,6.157154205201532,3.0113587242103224,-2.883737379780549,-5.646279495960704,-10.831680680926114,6.148068742755616,3.010239904905869,-2.8826509719619904,-5.637713010980103,-10.765070290184692,13.629795571713045,27.25959114342609,corrigido IPCA,0.8350558437187587,160.63779595624348,6.271267612927889,424.41101349029145,424.41101349029145
2026-10-02,UNTE11,UNIFIQUE TELECOMUNICACOES S.A.,UNIFIQUE TELECOMUNICACOES S.A.,Unifique Telecomunicacoes,CVM FRE,IPCA_MAIS,S,Quirografária,N,UNIFIQUE TELECOMUNICACOES S.A.,02255187000108,6.5542,0.1101,448.766988,2028-03-15,2027-05-15,94.41999999999994,0.9129,ok,,,3,0.9128835593384916,-0.0018009268822883184,0.8567316533168018,1.756730377362491,0.8656060768871487,0.4305730284242637,-0.4261810888171458,-0.8480369548026889,-1.6790332679987197,0.8655153052036143,0.430561739630104,-0.4261699136866979,-0.8479480014299894,-1.6783286990863537,-0.5452815708705205,-1.090563141741041,corrigido IPCA,0.9922519599972875,-0.9343199634701677,6.5270535031334065,223.61780512330196,223.61780512330196
2026-10-02,USAS11,USINA SANTA ADÉLIA S.A.,USINA SANTA ADELIA S.A.,Usina Santa,inferido,IPCA_MAIS,S,Real,N,USINA SANTA ADELIA S.A.,50376938000189,6.7489,0.1859,690.593462,2028-02-15,2027-05-15,113.88999999999996,0.877,ok,,,3,0.8770487993460698,0.005564349608874313,0.8215998472546976,1.6633332120444289,0.8300013438213405,0.4128896406982996,-0.4087312027948764,-0.8133663330675001,-1.61059172533623,0.8299165133149198,0.4128790901424043,-0.4087207571122933,-0.8132831811944754,-1.6099330302685066,12.066347999184522,24.132695998369044,corrigido IPCA,1.0099174338028443,19.82741934610406,6.5871111729856935,248.73088378824258,248.73088378824258
2026-10-02,USAS12,USINA SANTA ADÉLIA S.A.,USINA SANTA ADELIA S.A.,Usina Santa,inferido,IPCA_MAIS,S,Quirografária,N,USINA SANTA ADELIA S.A.,50376938000189,8.7172,0.0864,1025.878023,2032-09-15,2031-05-15,115.39000000000001,3.7486,ok,,,12,3.748612858494348,0.00034302124387653897,3.4480402903076497,16.973410549048836,3.534669819121583,1.7454552146266789,-1.7030177828867843,-3.3648731956742006,-6.569973972203691,3.5329073430528934,1.7452369083401358,-1.702803381967514,-3.363173237562406,-6.556612369634323,16.757504488349486,33.51500897669897,corrigido IPCA,0.9822935775691186,115.5611012816806,6.056368490092723,370.4854880142405,370.4854880142405
2026-10-02,USAS22,USINA SANTA ADÉLIA S.A.,USINA SANTA ADELIA S.A.,Usina Santa,inferido,IPCA_MAIS,S,Quirografária,N,USINA SANTA ADELIA S.A.,50376938000189,9.0309,0.1348,1003.727362,2035-09-15,2033-05-15,149.98000000000005,5.3257,ok,,,18,5.32575217180223,0.00097962337776245,4.884626442414242,33.22978190383179,5.055403146445991,2.4844220971939945,-2.401334423211765,-4.722893691677865,-9.139191129766699,5.050775351933401,2.483850448586911,-2.4007759938273314,-4.718477532895083,-9.104657246751849,15.291366489687892,30.582732979375784,corrigido IPCA,0.9610839859521151,149.38522619235306,6.197095949996778,411.90539139947595,411.90539139947595
2026-10-02,USNA12,USINA SANTA FE S.A.,USINA SANTA FE S.A.,Usina Santa,inferido,IPCA_MAIS,S,Real,N,USINA SANTA FE S.A.,45281813000135,9.0439,0.2154,1133.929061,2031-06-15,2029-05-15,163.39000000000004,2.114,ok,,,10,2.114018502317472,0.0008752278841964733,1.938685705773062,7.188304352901405,1.97522976228528,0.9784029755059098,-0.9604310901225044,-1.903328720184816,-3.738212603747182,1.974627227537569,0.9783282333276577,-0.9603574724454043,-1.9027441840085548,-3.733605324488096,43.177565768353666,86.35513153670733,corrigido IPCA,1.0153324017359087,167.41545913036705,5.903776794091931,426.5041740450194,426.5041740450194
2026-10-02,USNA13,USINA SANTA FE S.A.,USINA SANTA FE S.A.,Usina Santa,inferido,IPCA_MAIS,S,Real,N,USINA SANTA FE S.A.,45281813000135,10.7683,0.6996,1002.909879,2033-07-15,2031-05-15,320.5,3.8073,ok,,,14,3.8073071971343495,0.00018903512592596583,3.4371812126161996,17.41916573813064,3.5261450382652493,1.7405958733475169,-1.697043692814404,-3.3518850883754725,-6.540117072891849,3.524277041306853,1.7403645634807632,-1.6968166491354366,-3.350085383925547,-6.5259791104697875,46.77703844724333,93.55407689448666,corrigido IPCA,0.9589524436463681,321.56231546538083,6.062592993415472,612.8915501474435,612.8915501474435
2026-10-02,UTPS11,USINA TERMELETRICA PAMPA SUL S.A.,USINA TERMELETRICA PAMPA SUL S.A.,Isolada (a identificar),,IPCA_MAIS,S,Real,N,USINA TERMELETRICA PAMPA SUL S.A.,04739720000124,7.1386,0.208,654.888951,2028-04-15,2027-05-15,152.85999999999999,0.9319,ok,,,4,0.9319602025289203,0.006460191964841845,0.869864084959968,1.8735895204926123,0.8793310377013697,0.437286341280152,-0.43260224215114773,-0.8605931351931995,-1.7030245676595501,0.8792320325624312,0.43727402938059984,-0.43259005557936825,-0.8604961373575051,-1.702256379510084,19.085001838064322,38.170003676128644,corrigido IPCA,1.0208276697715775,33.202715320654264,6.496889193268807,267.2978194755842,267.2978194755842
2026-10-02,UTPS12,USINA TERMELETRICA PAMPA SUL S.A.,USINA TERMELETRICA PAMPA SUL S.A.,Isolada (a identificar),,IPCA_MAIS,S,Real,N,USINA TERMELETRICA PAMPA SUL S.A.,04739720000124,7.5474,0.3262,629.058041,2028-04-15,2027-05-15,193.73999999999992,0.9384,ok,,,4,0.938437597601922,0.004006564569694433,0.8725804599664166,1.8748140700063884,0.8820532929018743,0.43864602954446497,-0.4339588696618102,-0.863303156014128,-1.7084310198524633,0.8819545303164487,0.4386337475707163,-0.4339467123957004,-0.8632063896163849,-1.7076646385327057,42.170982075769764,84.34196415153953,corrigido IPCA,0.9935131736538401,73.59514987382138,6.486921900133291,314.7559001221604,314.7559001221604
2026-10-02,UTPS21,USINA TERMELETRICA PAMPA SUL S.A.,USINA TERMELETRICA PAMPA SUL S.A.,Isolada (a identificar),,IPCA_MAIS,S,Real,N,USINA TERMELETRICA PAMPA SUL S.A.,04739720000124,8.3953,0.3007,1417.681686,2036-10-15,2032-08-15,83.5300000000001,4.9691,ok,,,21,4.969160917099097,0.0012259181561371972,4.584295552573863,31.84592260448858,4.748191981656147,2.3325312075870075,-2.252902247030464,-4.42950614567984,-8.566346202956188,4.7435251655963055,2.3319551795425424,-2.2523403730313207,-4.42506593955142,-8.531672653057955,9.562582287300916,19.125164574601833,corrigido IPCA,0.9924127811745805,87.67540690159038,6.169648677720341,338.432250047334,338.432250047334
2026-10-02,UTPS22,USINA TERMELETRICA PAMPA SUL S.A.,USINA TERMELETRICA PAMPA SUL S.A.,Isolada (a identificar),,IPCA_MAIS,S,Real,N,USINA TERMELETRICA PAMPA SUL S.A.,04739720000124,8.3435,0.3043,1274.619321,2036-10-15,2032-08-15,78.3500000000001,5.1517,ok,,,21,5.151702505891268,4.8642026279156415e-05,4.754971461962432,33.46512408814089,4.927240578435943,2.4199272725474286,-2.3362493895059955,-4.592348015667691,-8.877354918841762,4.922297082403137,2.4193171360913923,-2.3356543258710403,-4.587645841521728,-8.840640442162046,8.647820357956803,17.295640715913606,corrigido IPCA,0.9040497021272913,82.24027802052468,6.183959267270356,332.2507170467183,332.2507170467183
2026-10-02,VALE48,VALE S/A,VALE S/A,Vale,inferido,IPCA_MAIS,S,Quirografária,N,VALE S/A,33592510000154,6.7795,0.1372,1047.614711,2029-01-15,2028-08-15,-57.060000000000066,1.1901,fluxo divergente da ANBIMA,,,3,1.2155243140372884,2.1363174554481565,1.1383498836736343,2.940550946292651,1.1532339999117847,0.5728731677824728,-0.5655215291507032,-1.1238243089336741,-2.2192900150589057,1.1530526384050976,0.572850630519683,-0.5654992531539514,-1.1236471289421712,-2.217888748421416,-9.724876019170106,-19.44975203834021,sem correção,1.047705821481192,-22.14062297032561,6.169441929215758,201.01857580391757,201.01857580391757
2026-10-02,VALEA0,VALE S/A,VALE S/A,Vale,inferido,IPCA_MAIS,S,Quirografária,N,VALE S/A,33592510000154,7.1065,0.1099,1077.453227,2034-10-15,2035-05-15,-41.349999999999994,6.1701,ok,,,17,6.170142508208241,0.0006889387245160573,5.760754490351418,44.74396631897043,5.99133237776861,2.937153635909495,-2.8252727903523844,-5.543557628123863,-10.677558048469926,5.984474321946269,2.936307203074422,-2.8244472872769957,-5.537034658756566,-10.626629654323427,-3.585724362578777,-7.171448725157554,corrigido IPCA,0.9871189698725349,-41.31295544577633,6.255124242449273,188.1455045862835,188.1455045862835
2026-10-02,VALEB0,VALE S/A,VALE S/A,Vale,inferido,IPCA_MAIS,S,Quirografária,N,VALE S/A,33592510000154,7.2192,0.0918,1065.528827,2036-10-15,2037-05-15,-27.990000000000048,7.2339,ok,,,21,7.2338912348615185,-0.0001211675373130987,6.7468244818666046,62.367523165582014,7.070013314668899,3.452769560845348,-3.296810387003646,-6.445691749215376,-12.329541065740045,7.058662097694516,3.45137164489028,-3.295452836976325,-6.434986866038694,-12.246298500421569,-1.6792471995486207,-3.3584943990972413,corrigido IPCA,0.9761943268635493,-22.65917223404114,6.318899584617577,209.61060575943137,209.61060575943137
2026-10-02,VALEB1,VALE S/A,VALE S/A,Vale,inferido,IPCA_MAIS,S,Quirografária,N,VALE S/A,33592510000154,6.8888,0.1271,1079.012901,2032-05-15,2032-08-15,-67.11999999999998,4.615,ok,,,12,4.615056371472738,0.0012214836996259446,4.317623896491249,25.174375790098143,4.446448111018109,2.1906452935576137,-2.1277022184264416,-4.194590124154751,-8.15403166646147,4.44349577544174,2.190279917983247,-2.1273439785080015,-4.191752017540758,-8.131760277180534,-8.027715503419998,-16.055431006839996,corrigido IPCA,1.0262122148767117,-69.3213125835989,6.140137313615557,154.5760818599829,154.5760818599829
2026-10-02,VALEC0,VALE S/A,VALE S/A,Vale,inferido,IPCA_MAIS,S,Quirografária,N,VALE S/A,33592510000154,6.982,0.134,1073.394203,2039-10-15,2040-08-15,-28.89999999999997,8.6574,ok,,,27,8.657427793050068,0.00032103229685142074,8.092415353096847,92.16890252844257,8.574028311585579,4.163967962134607,-3.9334562175587617,-7.650906137525615,-14.490903898802,8.55325986573906,4.161418804708977,-3.93099654838787,-7.631570840454635,-14.341452655624842,-2.205380969175888,-4.410761938351776,corrigido IPCA,0.9834002663991781,-35.693717628773115,6.394638856515278,193.10464582534388,193.10464582534388
2026-10-02,VALEC1,VALE S/A,VALE S/A,Vale,inferido,IPCA_MAIS,S,Quirografária,N,VALE S/A,33592510000154,7.1066,0.0821,1056.298421,2035-05-15,2035-05-15,-41.33999999999993,6.4638,ok,,,18,6.4637831467323235,-0.0002607331241147769,6.034906482637226,49.299306869915924,6.289352473418797,3.08005790638195,-2.956784248882671,-5.7959528915447205,-11.142651863865726,6.281403016986806,3.079077374906008,-2.9558291077312178,-5.788409948287646,-11.083826827876132,-3.2468307909523495,-6.493661581904699,corrigido IPCA,1.004609256583297,-39.188640376688966,6.273563537043247,190.5425364737539,190.5425364737539
2026-10-02,VALED1,VALE S/A,VALE S/A,Vale,inferido,IPCA_MAIS,S,Quirografária,N,VALE S/A,33592510000154,7.147,0.0662,1052.309412,2037-05-15,2037-05-15,-35.21000000000001,7.4902,ok,,,22,7.490187787048039,-0.00016305241463318636,6.9905716324750475,67.30074707262395,7.339860184611302,3.5809852372899798,-3.4126860951873894,-6.666095737663147,-12.728552599794995,7.327075367838168,3.579411750078304,-3.411159882396744,-6.654067897111929,-12.635128323497618,-1.985620665333171,-3.971241330666342,corrigido IPCA,1.0008154494691577,-27.76124699186859,6.333204386276736,203.40041746416577,203.40041746416577
2026-10-02,VAMO33,"VAMOS LOCACAO DE CAMINHOES, MAQUINAS E EQUIPAMENTOS S.A.",VAMOS LOCACAO DE CAMINHOES MAQUINAS E EQUIPAMENTOS S.A.,Simpar,CVM FRE,IPCA_MAIS,N,Quirografária,S,VAMOS LOCACAO DE CAMINHOES MAQUINAS E EQUIPAMENTOS S.A.,23373000000132,13.559,0.398,1099.246954,2031-06-15,2030-08-15,594.6699999999998,3.1602,ok,,,10,3.1601607479457527,-0.0012420750030812603,2.7828360129498786,11.295467179132492,2.8402894256664313,1.40565841423268,-1.377417915446788,-2.7273054445531963,-5.347224399743499,2.839313348845541,1.405537340448855,-1.3772986725010237,-2.726358677054216,-5.339762682317108,108.06386856232267,216.12773712464534,corrigido IPCA,0.8262487754175466,601.4480502678275,5.990674554850073,,601.4480502678275
2026-10-02,VAMO34,"VAMOS LOCACAO DE CAMINHOES, MAQUINAS E EQUIPAMENTOS S.A.",VAMOS LOCACAO DE CAMINHOES MAQUINAS E EQUIPAMENTOS S.A.,Simpar,CVM FRE,IPCA_MAIS,N,Flutuante,S,VAMOS LOCACAO DE CAMINHOES MAQUINAS E EQUIPAMENTOS S.A.,23373000000132,13.6915,0.6718,1101.196364,2031-10-15,2030-08-15,607.92,3.2865,ok,,,11,3.2865244392081006,0.000743624162493762,2.8907389199791544,12.3896441514518,2.953808802482949,1.4609956039164596,-1.4300193061141386,-2.829877341992293,-5.542243973940564,2.9526871407364137,1.4608565151788921,-1.4298824048002625,-2.8287906992218956,-5.533684956929273,106.14422894156827,212.28845788313654,corrigido IPCA,0.8638672332060124,613.6705074651383,6.005107881227123,,613.6705074651383
2026-10-02,VBBRA0,VIBRA ENERGIA S.A,VIBRA ENERGIA S.A,Vibra Energia,inferido,IPCA_MAIS,S,Quirografária,N,VIBRA ENERGIA S.A,34274233000102,8.1107,0.1807,982.379732,2036-03-15,2033-05-15,57.95999999999992,5.746,ok,,,19,5.7459547643646935,-0.000787254356193787,5.3148807327717735,38.707929462174555,5.514143990723275,2.7065318339305477,-2.609744808595993,-5.126789295093925,-9.898156633079013,5.5084203800826455,2.705825278213605,-2.6090554545581686,-5.121341085460901,-9.855602876300056,5.498434058610277,10.996868117220554,corrigido IPCA,0.9651777081857092,58.447042477047724,6.227029149952701,305.120305388101,305.120305388101
2026-10-02,VBRR11,VIA BRASIL BR 163 CONCESSIONARIA DE RODOVIAS S.A.,VIA BRASIL BR 163 CONCESSIONARIA DE RODOVIAS S.A.,Isolada (a identificar),,IPCA_MAIS,S,Real,N,VIA BRASIL BR 163 CONCESSIONARIA DE RODOVIAS S.A.,44067725000172,11.4268,0.2014,1187.23241,2030-12-15,2029-05-15,401.68,2.3159,ok,,,9,2.3158857202881102,-0.0006165944941418365,2.078392020849661,7.295818635412678,2.1154429883575077,1.048386757991926,-1.030146212300942,-2.0424688088379828,-4.015253230213112,2.1148711140267245,1.0483157837190966,-1.0300762371305647,-2.041912927672598,-4.01086766899107,96.55562333375461,193.11124666750922,corrigido IPCA,0.9659532489281819,401.3608742100819,5.9094043356098025,702.3054570479048,702.3054570479048
2026-10-02,VDBF12,VDB F2 GERACAO DE ENERGIA S.A.,VDB F2 GERACAO DE ENERGIA S.A.,Isolada (a identificar),,IPCA_MAIS,S,Real,N,VDB F2 GERACAO DE ENERGIA S.A.,19788923000188,7.9801,0.0699,1082.569176,2033-04-15,2030-08-15,36.77999999999999,3.3162,ok,,,14,3.31621358687803,0.00040971226193275344,3.071134020877949,15.609389830607366,3.1508826290764347,1.555289423525541,-1.5162619929166676,-2.9947254013000912,-5.842946295184048,3.149180970030986,1.5550787477272339,-1.5160552731507153,-2.9930870717249123,-5.83008024514375,7.487455256048167,14.974910512096335,corrigido IPCA,0.8924331210577301,45.98995713330188,6.0084893894851055,287.454489384626,287.454489384626
2026-10-02,VERO12,VERO S.A.,VERO S.A.,Vero,CVM FRE,IPCA_MAIS,S,Quirografária,S,VERO S.A.,31748174000160,,,954.330099,2030-03-17,,,,sem taxa indicativa,,,,,,,,,,,,,,,,,,,,,,,,,
2026-10-02,VERO13,VERO S.A.,VERO S.A.,Vero,CVM FRE,IPCA_MAIS,S,Quirografária,N,VERO S.A.,31748174000160,,,921.922586,2031-03-15,,,,sem taxa indicativa,,,,,,,,,,,,,,,,,,,,,,,,,
2026-10-02,VERO24,VERO S.A.,VERO S.A.,Vero,CVM FRE,IPCA_MAIS,S,Quirografária,N,VERO S.A.,31748174000160,,,935.837823,2031-10-15,,,,sem taxa indicativa,,,,,,,,,,,,,,,,,,,,,,,,,
2026-10-02,VERO25,VERO S.A.,VERO S.A.,Vero,CVM FRE,IPCA_MAIS,S,Quirografária,N,VERO S.A.,31748174000160,,,880.18953,2032-07-15,,,,sem taxa indicativa,,,,,,,,,,,,,,,,,,,,,,,,,
2026-10-02,VERO35,VERO S.A.,VERO S.A.,Vero,CVM FRE,IPCA_MAIS,S,Quirografária,N,VERO S.A.,31748174000160,,,872.668105,2035-07-15,,,,sem taxa indicativa,,,,,,,,,,,,,,,,,,,,,,,,,
2026-10-02,VERO44,VERO S.A.,VERO S.A.,Vero,CVM FRE,IPCA_MAIS,S,Quirografária,N,VERO S.A.,31748174000160,,,929.871582,2034-10-15,,,,sem taxa indicativa,,,,,,,,,,,,,,,,,,,,,,,,,
2026-10-02,VIALA5,RODOVIAS INTEGRADAS DO OESTE S/A,RODOVIAS INTEGRADAS DO OESTE S/A,Isolada (a identificar),,IPCA_MAIS,S,Quirografária,S,RODOVIAS INTEGRADAS DO OESTE S/A,03497792000140,7.7331,0.0384,1031.605397,2030-04-15,2030-08-15,12.080000000000002,3.4921,ok,,,1,3.492063492063492,-0.0010454436158217758,3.2414025884927584,13.515425269264737,3.3101455816094028,1.6377402048141088,-1.6039494799849785,-3.174956726822109,-6.22141398657543,3.3089797148390816,1.6375955758329601,-1.603807012659798,-3.173825462146435,-6.2124966716002215,2.1618824813199407,4.323764962639881,corrigido IPCA,1.015912446144188,14.015062941935206,6.028329722805359,250.81536836855398,250.81536836855398
2026-10-02,VLIM13,VLI MULTIMODAL S/A,VLI MULTIMODAL S.A.,VLI,CVM FRE,IPCA_MAIS,S,Quirografária,N,VLI MULTIMODAL S.A.,42276907000128,7.4596,0.1391,1240.530399,2028-12-15,2028-08-15,10.94999999999997,2.0463,ok,,,5,2.0463198929447683,0.000972142147697819,1.9042690396621318,5.560665306846108,1.9324349455132728,0.9591304003211398,-0.9452281996759959,-1.8768196905218804,-3.7001233372328746,1.9320723661963621,0.9590853514646235,-0.9451836881975082,-1.8764657131279012,-3.697324773187341,1.9268830436198456,3.8537660872396913,corrigido IPCA,0.9845837540814117,7.338607446030418,5.904539667930564,237.4733337846637,237.4733337846637
2026-10-02,VLIM14,VLI MULTIMODAL S/A,VLI MULTIMODAL S.A.,VLI,CVM FRE,IPCA_MAIS,S,Quirografária,N,VLI MULTIMODAL S.A.,42276907000128,7.4319,0.1089,1120.275991,2030-09-15,2029-05-15,2.1899999999999586,2.6844,ok,,,8,2.684475916664348,0.002828068259119661,2.4987698408613714,9.34879272732304,2.546278764009724,1.2611658242818624,-1.237792458266107,-2.4527686801931847,-4.816421181786579,2.5455138044979866,1.2610709113398395,-1.237698929521532,-2.4520258772247563,-4.810563827176282,-1.216070084944619,-2.432140169889238,corrigido IPCA,0.9787973092095316,-6.07735850526668,5.938624177546936,224.30110670891895,224.30110670891895
2026-10-02,VLIM15,VLI MULTIMODAL S/A,VLI MULTIMODAL S.A.,VLI,CVM FRE,IPCA_MAIS,S,Quirografária,N,VLI MULTIMODAL S.A.,42276907000128,7.6874,0.0986,1082.830136,2031-04-15,2031-05-15,12.410000000000032,3.8663,ok,,,10,3.866338737148843,0.001001917824361326,3.5903353012040804,17.620363702158755,3.680203592524367,1.8174120046142495,-1.7733573672262026,-3.503940275237827,-6.841689793102789,3.6784371197148746,1.8171931052297388,-1.7731421959743416,-3.5022334826932866,-6.8282633283649865,1.3862382704447596,2.772476540889519,corrigido IPCA,0.9708214308718937,9.954120396515817,6.068775116714575,246.78956396305676,246.78956396305676
2026-10-02,VLIM16,VLI MULTIMODAL S/A,VLI MULTIMODAL S.A.,VLI,CVM FRE,IPCA_MAIS,S,Quirografária,N,VLI MULTIMODAL S.A.,42276907000128,7.7612,0.0956,1063.431672,2034-11-15,2033-05-15,23.00999999999993,5.533,ok,,,17,5.533002740661971,4.953301952390138e-05,5.13450364385509,36.01631968842824,5.319644948632396,2.6128972554974705,-2.5228420623493397,-4.959251312618784,-9.586448341636011,5.314585242297231,2.6122722215380803,-2.5222314223170095,-4.954422045412949,-9.548680893941615,2.1230087300567457,4.2460174601134915,corrigido IPCA,0.979735991150946,21.801192120825057,6.2121528959057315,262.17948995121594,262.17948995121594
2026-10-02,VLIM17,VLI MULTIMODAL S/A,VLI MULTIMODAL S.A.,VLI,CVM FRE,IPCA_MAIS,S,Quirografária,N,VLI MULTIMODAL S.A.,42276907000128,7.7734,0.1457,1038.214947,2035-05-15,2033-05-15,24.22999999999993,5.8016,ok,,,18,5.801621559288771,0.0003716093624366115,5.383166494968862,39.70131009281592,5.587521879750801,2.7419320268293967,-2.6426614087915024,-5.190231121830779,-10.015834467372652,5.581673045432941,2.7412098851004507,-2.641956609868411,-5.184659944504782,-9.972306788081404,2.274814326986741,4.549628653973482,corrigido IPCA,0.9854313548954026,24.491408534620327,6.2308269459988574,265.3572912976599,265.3572912976599
2026-10-02,VLIM18,VLI MULTIMODAL S/A,VLI MULTIMODAL S.A.,VLI,CVM FRE,IPCA_MAIS,S,Quirografária,N,VLI MULTIMODAL S.A.,42276907000128,7.9057,0.0636,1000.562957,2035-10-15,2035-05-15,38.57000000000008,6.0519,ok,,,19,6.051968238119687,0.0011275486985452229,5.608571408294175,43.21686740035547,5.83128504031456,2.859124920702194,-2.7510623988558747,-5.3987905054432295,-10.402012926941262,5.824655745295953,2.858306788397532,-2.7502646198966434,-5.392487071292398,-10.352805468581241,3.475179254955181,6.950358509910362,corrigido IPCA,0.9609887532499738,38.98158201607736,6.2474836849545134,282.39543627725,282.39543627725
2026-10-02,VLIM19,VLI MULTIMODAL S/A,VLI MULTIMODAL S.A.,VLI,CVM FRE,IPCA_MAIS,S,Quirografária,S,VLI MULTIMODAL S.A.,42276907000128,7.97,0.1749,925.199927,2038-03-15,2037-05-15,47.08999999999995,7.5313,ok,,,23,7.5312899580109,-0.00013333672938029608,6.975354226184034,65.9300378412618,7.31735404791134,3.5716098201225455,-3.4067394943514295,-6.657329420847646,-12.722431894142117,7.305004415390343,3.5700896603935948,-3.4052645657904397,-6.645704036977726,-12.632107695542832,3.8715126247927993,7.743025249585599,corrigido IPCA,0.9037052845566931,54.01034389814659,6.335467447181542,299.6855895382385,299.6855895382385
2026-10-02,VLIM26,VLI MULTIMODAL S/A,VLI MULTIMODAL S.A.,VLI,CVM FRE,IPCA_MAIS,S,Quirografária,N,VLI MULTIMODAL S.A.,42276907000128,7.9214,0.066,1032.313535,2036-11-15,2035-05-15,40.140000000000065,6.665,ok,,,21,6.665033668065172,0.0005051472643997478,6.175822096512066,52.47542795712603,6.447051590353126,3.154596544785271,-3.0233784194671265,-5.921824099148665,-11.36740677489938,6.438199236297697,3.1535053332024408,-3.0223167633096253,-5.913444956726436,-11.302135633881612,3.5969133033854184,7.193826606770837,corrigido IPCA,0.9510669580278183,44.42779331657175,6.285798204486115,288.6449280826379,288.6449280826379
2026-10-02,VLIM27,VLI MULTIMODAL S/A,VLI MULTIMODAL S.A.,VLI,CVM FRE,IPCA_MAIS,S,Quirografária,N,VLI MULTIMODAL S.A.,42276907000128,7.9301,0.0876,1013.556939,2037-05-15,2037-05-15,43.10000000000001,7.1151,ok,,,22,7.115141486539425,0.00058307739069234,6.592360691354335,60.37315099463705,6.905178072803708,3.372995497434794,-3.2220236905189825,-6.300823229945074,-12.057573710769297,6.89422644632752,3.371646784420464,-3.220713906933871,-6.290494936381149,-11.97725836281593,3.6941663313564232,7.3883326627128465,corrigido IPCA,0.9620269786099531,48.70655382031748,6.312152134993831,293.41376865722907,293.41376865722907
2026-10-02,VLIM28,VLI MULTIMODAL S/A,VLI MULTIMODAL S.A.,VLI,CVM FRE,IPCA_MAIS,S,Quirografária,N,VLI MULTIMODAL S.A.,42276907000128,7.9754,0.1049,983.286298,2037-10-15,2037-05-15,47.629999999999924,7.3205,ok,,,23,7.320532046978139,0.0004377703454510548,6.779814704995897,64.27249006978812,7.113234463268836,3.471732149543705,-3.311006775902381,-6.4698026511351925,-12.362367657519545,7.101177155344837,3.470247965085184,-3.3095667399107134,-6.458452254646957,-12.27417960859603,4.038717782268798,8.077435564537597,corrigido IPCA,0.9443954215637068,54.76351641910883,6.32377365179253,300.37456127218513,300.37456127218513
2026-10-02,VLIM29,VLI MULTIMODAL S/A,VLI MULTIMODAL S.A.,VLI,CVM FRE,IPCA_MAIS,S,Quirografária,S,VLI MULTIMODAL S.A.,42276907000128,7.8596,0.0889,914.487238,2041-03-15,2040-08-15,58.86000000000004,8.8624,ok,,,29,8.86239190452454,-9.134631092896292e-05,8.21660001012848,94.41424645598525,8.71030084054658,4.22897171648946,-3.9928411758727522,-7.764638118204936,-14.700251253732677,8.688671242408407,4.226317813134223,-3.990282196994259,-7.744528777848555,-14.544915091137259,3.2328353445770746,6.465670689154149,corrigido IPCA,0.8932414848464271,53.12582984999141,6.4048916244205945,297.40604830305585,297.40604830305585
2026-10-02,VPLT12,VIAPAULISTA S.A.,VIAPAULISTA  S/A,Arteris,CVM FRE,IPCA_MAIS,S,Quirografária,N,VIAPAULISTA  S/A,28019100000189,7.0781,0.4106,219.86179,2027-06-15,2027-05-15,146.80999999999997,0.5119,ok,,,2,0.511957372002762,0.011207658285214459,0.47811585375792254,0.7223443862787416,0.48175745250420565,0.2399645760106539,-0.23815868355254732,-0.4745335047346422,-0.9420178390145306,0.4817275756893163,0.23996085736180972,-0.23815499639611284,-0.47450413182652884,-0.9417848197902703,151.46352626004574,302.9270525200915,corrigido IPCA,0.996720129973417,144.83422634201457,7.531510076129111,393.59867052259955,393.59867052259955
2026-10-02,VRDN12,VIARONDON CONCESSIONÁRIA DE RODOVIA S/A,VIARONDON CONCESSIONARIA DE RODOVIA S/A,Isolada (a identificar),,IPCA_MAIS,S,Quirografária,N,VIARONDON CONCESSIONARIA DE RODOVIA S/A,10635691000153,8.942,0.1816,1177.285613,2034-12-15,2030-08-15,132.97,3.666,ok,,,17,3.6660669757131394,0.0018269425297194916,3.3651548307476817,19.415517153370907,3.464656876844674,1.7071465756804294,-1.6586013906256913,-3.270399372300292,-6.360190148144007,3.4622324165145364,1.7068468118155544,-1.6583080189321273,-3.268077244980827,-6.341999318427946,21.51505994525412,43.03011989050824,corrigido IPCA,0.9028206206102248,144.8030158171957,6.047488330971484,404.03485953349735,404.03485953349735
2026-10-02,WDPR11,WINDEPAR HOLDING S. A.,WINDEPAR HOLDING S.  A.,Windepar Holding,inferido,IPCA_MAIS,S,Real,N,WINDEPAR HOLDING S.  A.,23733733000130,6.9663,0.1682,721.820376,2028-12-15,2028-08-15,-38.379999999999995,1.1813,fluxo divergente da ANBIMA,,,5,1.2210391645119512,3.364019682718288,1.1415176223838266,2.7949406671180497,1.1556569657039217,0.5742729508404265,-0.5672853707191949,-1.12770390246818,-2.2284101404250856,1.155492325719417,0.5742524870258109,-0.5672651353580157,-1.1275429190482364,-2.2271364314252926,-0.312129285638071,-0.624258571276142,corrigido IPCA,0.9200475680327307,-0.7126021600358662,6.164927400538955,225.43416922018702,225.43416922018702
2026-10-02,WNTY12,WINITY S.A.,WINITY S.A.,Winity,inferido,IPCA_MAIS,S,Quirografária,N,WINITY S.A.,34622881000102,9.3733,0.1773,1023.600081,2035-08-15,2032-08-15,181.33000000000007,4.5463,ok,,,18,4.546273533426719,-0.0005821563310942288,4.156657551181795,25.42350399382222,4.287061669994974,2.110514385805673,-2.0469467159894617,-4.0326839898631395,-7.829459244366587,4.283775071150907,2.1101081555831755,-2.0465493955986203,-4.029540031212685,-7.8048450224871475,22.051926189525403,44.10385237905081,corrigido IPCA,0.9788334513523993,183.32461102758873,6.134111558692967,450.9765756186106,450.9765756186106
2026-10-02,XNGU17,XINGU RIO TRANSMISSORA DE ENERGIA S.A.,XINGU RIO TRANSMISSORA DE ENERGIA S.A.,Isolada (a identificar),,IPCA_MAIS,S,Real,N,XINGU RIO TRANSMISSORA DE ENERGIA S.A.,23093056000133,7.5703,0.0807,1046.537607,2034-12-15,2031-05-15,0.6999999999999673,3.9838,ok,,,17,3.983809062472849,0.00022748312789401637,3.703447013230277,22.236472806433657,3.8174821086494726,1.8798717286858446,-1.8242728651418183,-3.5949944036158366,-6.9835390237987465,3.8146293772624453,1.8795190976231808,-1.8239279156070967,-3.592264649198109,-6.962164570331882,0.7404073674461714,1.4808147348923428,corrigido IPCA,0.9137996271826719,5.484118907084431,6.080837356415358,240.76437567593499,240.76437567593499
