data_referencia,codigo,emissor,marcadores,vencimento,indexador_texto,indexador_tipo,taxa_emissao,taxa_compra,taxa_venda,taxa_indicativa,desvio_padrao,intervalo_min,intervalo_max,pu,pct_pu_par,duration_du,duration_anos,pct_reune,ntnb_referencia
2026-09-24,AALM12,AURA ALMAS MINERACAO S.A.,*,2030-10-02,"DI + 1,6%",DI_MAIS,1.6,0.8349,0.5809,0.7262,0.0508,0.6754,0.7771,1091.942873,101.7267,500.86,1.9875,15.0,
2026-09-24,ABSP12,AGUAS DE BOMBINHAS SANEAMENTO SPE S.A.,*;**,2026-10-15,"DI + 1,95%",DI_MAIS,1.95,,,,,,,,,,,,
2026-09-24,ACOV15,ACO VERDE DO BRASIL S/A,*,2032-06-10,"DI + 1,1%",DI_MAIS,1.1,1.7263,1.3471,1.5218,0.0087,1.5131,1.5307,1032.75258,98.9922,611.78,2.4277,,
2026-09-24,ADPA21,AGUAS DO PARA A SPE S.A.,*,2027-11-27,"DI + 2,85%",DI_MAIS,2.85,,,,,,,,,,,,
2026-09-24,AEGE16,EQUIPAV SANEAMENTO S.A.,*;**,2034-03-11,"DI + 3,9%",DI_MAIS,3.9,6.7536,4.0,5.4003,0.0925,5.3078,5.4929,957.428113,95.1728,862.51,3.4227,,
2026-09-24,AEGE17,EQUIPAV SANEAMENTO S.A.,*;**,2035-06-15,"DI + 3,4%",DI_MAIS,3.4,6.7645,5.4844,5.9198,0.3596,5.5602,6.2795,954.096158,91.0244,965.65,3.8319,,
2026-09-24,AEGP17,AEGEA SANEAMENTO E PARTICIPAÇÕES S/A,*;**,2027-04-12,"DI + 2,15%",DI_MAIS,2.15,3.5,1.5,2.4449,0.1177,2.3272,2.5626,356.884118,99.8571,124.97,0.4959,,
2026-09-24,AEGP19,AEGEA SANEAMENTO E PARTICIPAÇÕES S/A,*,2028-10-04,"DI + 1,9%",DI_MAIS,1.9,3.5596,2.6788,3.063,0.4024,2.6605,3.4655,1063.680189,99.0158,218.74,0.868,,
2026-09-24,AEGPA4,AEGEA SANEAMENTO E PARTICIPAÇÕES S/A,*,2028-10-25,"DI + 3,47%",DI_MAIS,3.47,3.9876,2.55,3.1774,0.4395,2.7379,3.617,1071.055157,100.2665,237.01,0.9405,,
2026-09-24,AEGPA9,AEGEA SANEAMENTO E PARTICIPAÇÕES S/A,*,2029-06-25,"DI + 2,75%",DI_MAIS,2.75,4.2571,2.0422,2.914,0.0852,2.8287,2.9993,1037.879679,99.7023,470.97,1.8689,,
2026-09-24,AEGPB3,AEGEA SANEAMENTO E PARTICIPAÇÕES S/A,*,2032-08-22,"DI + 1,8%",DI_MAIS,1.8,4.3795,3.4722,3.8286,0.1413,3.6872,3.97,945.295792,93.3202,875.74,3.4752,35.0,
2026-09-24,AEGPB5,AEGEA SANEAMENTO E PARTICIPAÇÕES S/A,*,2030-12-15,"DI + 1,8%",DI_MAIS,1.8,4.2802,3.4605,4.0118,0.3364,3.6755,4.3483,976.491949,93.5771,772.74,3.0664,35.0,
2026-09-24,AEGPB7,AEGEA SANEAMENTO E PARTICIPAÇÕES S/A,*,2028-09-15,"DI + 2,95%",DI_MAIS,2.95,3.914,2.0199,2.9213,0.1873,2.734,3.1088,1004.763888,100.0373,337.41,1.3389,,
2026-09-24,AERI11,AERIS INDUSTRIA E COMERCIO DE EQUIPAMENTOS PARA GERACAO DE ENERGIA S.A,,2030-03-30,DI + 3%,DI_MAIS,3.0,,,,,,,121.31125,13.0,,,,
2026-09-24,AERI12,AERIS INDUSTRIA E COMERCIO DE EQUIPAMENTOS PARA GERACAO DE ENERGIA S.A,,2030-03-30,DI + 3%,DI_MAIS,3.0,,,,,,,152.698681,11.0392,,,5.0,
2026-09-24,AESLA8,RGE SUL DISTRIBUIDORA DE ENERGIA S/A,*,2029-09-10,"DI + 0,49%",DI_MAIS,0.49,0.5607,0.25,0.4235,0.0391,0.3843,0.4627,1006.726372,100.139,528.73,2.0981,,
2026-09-24,AGAU13,AGASUS S.A.,*,2027-03-15,"DI + 4,5%",DI_MAIS,4.5,,,,,,,,,,,,
2026-09-24,ALGAA2,ALGAR TELECOM S/A,*,2029-01-15,"DI + 1,55%",DI_MAIS,1.55,1.2817,0.9975,1.1305,0.0494,1.0811,1.18,1036.158105,100.657,398.86,1.5828,,
2026-09-24,ALGTA5,ALGAR TELECOM S/A,*,2032-01-28,"DI + 1,3%",DI_MAIS,1.3,1.201,0.801,1.0595,0.0854,0.9741,1.145,1032.156438,100.8391,886.72,3.5187,,
2026-09-24,ALGTA6,ALGAR TELECOM S/A,*,2033-02-22,"DI + 1,25%",DI_MAIS,1.25,1.3,0.9,1.1337,0.0605,1.0733,1.1943,1017.220025,100.4681,1024.6,4.0659,,
2026-09-24,ALPA22,ALPARGATAS S.A.,*;**,2029-12-12,"DI + 1,5%",DI_MAIS,1.5,,,0.966,0.131,0.835,1.0971,1055.484932,101.1723,557.3,2.2115,,
2026-09-24,AMBP16,AMBIPAR PARTICIPACOES E EMPREENDIMENTOS S/A,*;**,2029-04-25,"DI + 2,75%",DI_MAIS,2.75,,,,,,,,,,,,
2026-09-24,ANHBA5,CONCESSIONÁRIA DO SISTEMA ANHANGUERA-BANDEIRANTES S/A,*,2030-11-05,"DI + 0,44%",DI_MAIS,0.44,0.55,0.45,0.4996,0.0006,0.499,0.5003,1053.94534,99.8353,700.17,2.7785,,
2026-09-24,ANHBA6,CONCESSIONÁRIA DO SISTEMA ANHANGUERA-BANDEIRANTES S/A,*,2032-07-15,"DI + 0,5%",DI_MAIS,0.5,0.6696,0.4163,0.5511,0.0495,0.5015,0.6007,1025.300006,99.8078,953.28,3.7829,,
2026-09-24,ANIM15,ANIMA HOLDING S/A,*,2029-05-15,"DI + 1,92%",DI_MAIS,1.92,2.25,1.8196,2.0329,0.0633,1.9696,2.0964,791.291261,99.8475,347.29,1.3781,,
2026-09-24,ANIM17,ANIMA HOLDING S/A,*,2029-05-15,"DI + 1,6%",DI_MAIS,1.6,2.251,1.8818,2.0571,0.029,2.0281,2.0861,1047.064693,99.2051,447.68,1.7765,,
2026-09-24,ANIM18,ANIMA HOLDING S/A,*,2029-10-15,"DI + 1,5%",DI_MAIS,1.5,2.351,1.8887,2.1771,0.1403,2.0368,2.3176,1052.531453,98.5744,543.45,2.1565,,
2026-09-24,APFL18,AUTOPISTA FLUMINENSE S/A,*;**,2029-01-15,"DI + 1,38%",DI_MAIS,1.38,3.0217,2.05,2.5676,0.0196,2.548,2.5873,1005.785875,97.739,494.27,1.9614,35.0,
2026-09-24,APPSB2,AUTOPISTA PLANALTO SUL S/A,*,2028-09-15,"DI + 2,15%",DI_MAIS,2.15,1.5638,1.1983,1.3533,0.0335,1.3198,1.3869,506.534861,100.8862,284.26,1.128,,
2026-09-24,APRB28,AUTOPISTA REGIS BITTENCOURT S/A,*,2027-06-15,"DI + 0,86%",DI_MAIS,0.86,0.95,0.4214,0.6614,0.0599,0.6015,0.7214,322.540192,100.1029,131.51,0.5219,,
2026-09-24,ARML13,ARMAC LOCACAO LOGISTICA E SERVICOS S.A.,*;**,2029-11-04,"DI + 2,25%",DI_MAIS,2.25,3.3973,2.6291,3.0415,0.2413,2.8002,3.2829,1046.924849,98.4086,523.42,2.0771,15.0,
2026-09-24,ARML14,ARMAC LOCACAO LOGISTICA E SERVICOS S.A.,*,2032-03-15,"DI + 1,9%",DI_MAIS,1.9,4.0329,3.1379,3.5925,0.2128,3.3796,3.8054,950.856833,94.6971,828.72,3.2886,,
2026-09-24,ARML15,ARMAC LOCACAO LOGISTICA E SERVICOS S.A.,*,2032-09-25,"DI + 1,35%",DI_MAIS,1.35,4.2725,3.5067,3.9491,0.1899,3.7592,4.1391,988.43797,91.8632,833.2,3.3063,15.0,
2026-09-24,ARML25,ARMAC LOCACAO LOGISTICA E SERVICOS S.A.,*,2034-09-25,"DI + 1,6%",DI_MAIS,1.6,5.0,3.8139,4.41,0.1024,4.3077,4.5125,963.585681,89.4433,1006.88,3.9956,,
2026-09-24,ARML26,ARMAC LOCACAO LOGISTICA E SERVICOS S.A.,*,2030-11-05,"DI + 1,55%",DI_MAIS,1.55,4.15,3.306,3.7096,0.1043,3.6053,3.814,995.568513,93.8951,748.92,2.9719,,
2026-09-24,ARTRA1,ARTERIS S/A,*;**,2027-03-11,"DI + 1,65%",DI_MAIS,1.65,2.0475,1.55,1.7306,0.0953,1.6353,1.8261,334.948629,99.9645,113.0,0.4484,,
2026-09-24,ARTRA4,ARTERIS S/A,*,2028-08-24,"DI + 2,7%",DI_MAIS,2.7,2.85,2.35,2.5851,0.0514,2.5337,2.6366,676.795698,100.1435,322.9,1.2813,,
2026-09-24,ARTRA5,ARTERIS S/A,*,2029-04-12,"DI + 2,4%",DI_MAIS,2.4,2.8867,2.3896,2.5935,0.1402,2.4533,2.7338,1070.719923,99.7581,323.18,1.2825,,
2026-09-24,ASAI18,SENDAS DISTRIBUIDORA S/A,*,2027-12-22,"DI + 1,85%",DI_MAIS,1.85,2.5,2.0177,2.25,0.0,2.25,2.25,1035.934877,99.5593,283.89,1.1265,,
2026-09-24,ASAI19,SENDAS DISTRIBUIDORA S/A,*,2029-03-25,"DI + 1,25%",DI_MAIS,1.25,2.4963,2.0655,2.2932,0.0441,2.2491,2.3374,1057.421062,98.3229,415.08,1.6471,,
2026-09-24,ASAI22,SENDAS DISTRIBUIDORA S/A,*,2028-05-20,"DI + 1,95%",DI_MAIS,1.95,2.6884,1.9424,2.3146,0.056,2.2587,2.3707,1051.015598,99.6368,256.69,1.0186,,
2026-09-24,ASAI28,SENDAS DISTRIBUIDORA S/A,*,2028-12-22,"DI + 1,95%",DI_MAIS,1.95,2.5,2.1589,2.3297,0.0604,2.2693,2.3902,1033.48537,99.298,477.35,1.8942,,
2026-09-24,ASAIA0,SENDAS DISTRIBUIDORA S/A,*,2029-06-20,"DI + 1,25%",DI_MAIS,1.25,2.5147,2.1808,2.3397,0.0711,2.2685,2.4109,1018.152889,98.0042,473.82,1.8802,35.0,
2026-09-24,ASAIA1,SENDAS DISTRIBUIDORA S/A,*,2029-09-25,"DI + 1,25%",DI_MAIS,1.25,2.5269,2.2394,2.3657,0.0794,2.2863,2.4452,1052.142775,97.8321,502.85,1.9954,15.0,
2026-09-24,ASAIA2,SENDAS DISTRIBUIDORA S/A,*,2029-12-09,"DI + 1,25%",DI_MAIS,1.25,2.5157,2.2178,2.3725,0.0566,2.316,2.4292,1015.558366,97.2445,637.24,2.5287,,
2026-09-24,ASAIA3,SENDAS DISTRIBUIDORA S/A,*,2029-06-05,"DI + 1,2%",DI_MAIS,1.2,2.5157,2.2282,2.3395,0.0597,2.2798,2.3993,1019.956776,97.5667,553.49,2.1964,35.0,
2026-09-24,AURE13,AUREN ENERGIA S.A.,*,2031-10-10,"DI + 0,55%",DI_MAIS,0.55,0.8907,0.6877,0.8129,0.0456,0.7672,0.8586,1056.847772,99.2251,750.04,2.9763,35.0,
2026-09-24,AXIAA0,CENTRAIS ELETRICAS BRASILEIRAS S/A ELETROBRAS,*,2033-07-15,"DI + 0,7%",DI_MAIS,0.7,0.7376,0.5081,0.6391,0.0516,0.5875,0.6907,1029.305776,100.2691,1119.82,4.4437,35.0,
2026-09-24,AXIAB0,CENTRAIS ELETRICAS BRASILEIRAS S/A ELETROBRAS,*,2036-07-15,"DI + 0,85%",DI_MAIS,0.85,0.8385,0.5776,0.7039,0.0507,0.6532,0.7546,1034.442168,100.7409,1284.86,5.0987,35.0,
2026-09-24,AZZA11,AZZAS 2154 S.A.,*,2030-03-28,"DI + 1,25%",DI_MAIS,1.25,,0.7404,1.4396,0.1243,1.3153,1.564,1068.918522,99.5651,586.76,2.3284,,
2026-09-24,AZZA12,AZZAS 2154 S.A.,*,2030-08-15,"DI + 1,25%",DI_MAIS,1.25,2.4736,0.7939,1.6647,0.2648,1.3999,1.9296,1004.142541,98.8963,683.63,2.7128,,
2026-09-24,AZZA13,AZZAS 2154 S.A.,*;**,2028-01-28,DI + 1%,DI_MAIS,1.0,,,2.0147,0.0111,2.0036,2.0259,1010.479383,98.769,312.16,1.2387,,
2026-09-24,BCBF16,BCBF PARTICIPAÇÕES S/A,*;**,2027-10-07,"DI + 1,45%",DI_MAIS,1.45,6.0,3.0403,4.5171,0.0423,4.4748,4.5595,704.164894,98.5887,119.37,0.4737,,
2026-09-24,BCPSA4,CLARO S/A,,2027-02-20,"DI + 1,2%",DI_MAIS,1.2,0.3,0.1582,0.2514,0.0027,0.2487,0.2542,1017.374074,100.3744,100.0,0.3968,,
2026-09-24,BCPSA6,CLARO S/A,,2028-10-10,"DI + 0,55%",DI_MAIS,0.55,0.45,0.25,0.3614,0.0326,0.3288,0.394,1068.563732,100.325,435.66,1.7288,,
2026-09-24,BKBR19,BK BRASIL OPERAÇÃO E ASSESSORIA A RESTAURANTES S/A,*;**,2027-04-24,"DI + 1,9%",DI_MAIS,1.9,,1.45,1.6155,0.1561,1.4595,1.7717,533.627266,100.1489,134.1,0.5321,,
2026-09-24,BRIT11,BRISANET PARTICIPACOES S.A.,,2027-08-25,DI + 2%,DI_MAIS,2.0,1.1281,0.75,0.9383,0.0112,0.927,0.9496,340.610432,100.9185,220.23,0.8739,,
2026-09-24,BRIT12,BRISANET PARTICIPACOES S.A.,*,2030-07-10,"DI + 1,6%",DI_MAIS,1.6,1.432,1.15,1.3032,0.0775,1.2258,1.3808,1038.158328,100.6637,570.22,2.2628,,
2026-09-24,BRKMA6,BRASKEM S/A,*,2029-05-12,"DI + 1,75%",DI_MAIS,1.75,,,,,,,479.652071,45.3386,,,,
2026-09-24,BRKMA8,BRASKEM S/A,*,2029-11-09,"DI + 1,7%",DI_MAIS,1.7,,,,,,,457.823108,43.2572,,,35.0,
2026-09-24,BRKMB6,BRASKEM S/A,*,2032-05-12,DI + 2%,DI_MAIS,2.0,,,,,,,475.552987,44.9095,,,,
2026-09-24,BRKMB8,BRASKEM S/A,*,2032-11-09,"DI + 1,95%",DI_MAIS,1.95,,,,,,,471.235283,44.4829,,,,
2026-09-24,BRKPA0,BRK AMBIENTAL PARTICIPACOES S/A,*;**,2027-04-15,"DI + 2,4%",DI_MAIS,2.4,2.1629,1.922,2.0433,0.0357,2.0076,2.0791,419.302433,100.1771,127.79,0.5071,,
2026-09-24,BRKPA2,BRK AMBIENTAL PARTICIPACOES S/A,*,2029-02-21,"DI + 3,25%",DI_MAIS,3.25,2.6417,2.3,2.484,0.0486,2.4354,2.5327,1030.344618,101.5254,512.7,2.0345,,
2026-09-24,BRKPA3,BRK AMBIENTAL PARTICIPACOES S/A,*,2029-08-23,"DI + 2,93%",DI_MAIS,2.93,2.7605,2.3,2.5266,0.0467,2.4799,2.5734,1023.469295,100.9402,600.89,2.3845,,
2026-09-24,BRKPA4,BRK AMBIENTAL PARTICIPACOES S/A,*,2030-10-15,"DI + 1,9%",DI_MAIS,1.9,2.9007,2.5,2.7071,0.0331,2.6739,2.7403,1045.170495,97.714,736.63,2.9231,10.0,
2026-09-24,BRKPA5,BRK AMBIENTAL PARTICIPACOES S/A,*;**,2028-03-15,"DI + 1,9%",DI_MAIS,1.9,2.5243,1.9,2.228,0.0464,2.1816,2.2746,999.729306,99.5644,342.26,1.3582,,
2026-09-24,BRMLA1,BR MALLS PARTICIPAÇÕES S/A,*,2031-08-20,"DI + 0,63%",DI_MAIS,0.63,0.5379,0.2574,0.4045,0.0472,0.3572,0.4518,1020.683505,100.7551,845.6,3.3556,,
2026-09-24,BRMLB1,BR MALLS PARTICIPAÇÕES S/A,*,2034-08-20,"DI + 0,95%",DI_MAIS,0.95,0.649,0.3883,0.5413,0.0484,0.4928,0.5898,1032.013904,101.8428,1137.29,4.5131,35.0,
2026-09-24,BRST14,BRISANET SERVICOS DE TELECOMUNICACOES S.A.,*,2031-05-15,"DI + 1,4%",DI_MAIS,1.4,1.8,1.4,1.5881,0.0206,1.5675,1.6088,1049.363184,99.4945,688.72,2.733,,
2026-09-24,BSA312,"B3 S/A - BRASIL, BOLSA, BALCÃO",*;**,2029-11-05,"DI + 0,58%",DI_MAIS,0.58,0.5316,0.3,0.4053,0.0274,0.3779,0.4328,10614.066024,100.4306,623.0,2.4722,,
2026-09-24,BSA318,"B3 S/A - BRASIL, BOLSA, BALCÃO",*,2029-05-28,"DI + 0,62%",DI_MAIS,0.62,0.4202,0.302,0.3494,0.0232,0.3261,0.3727,1050.503332,100.387,361.66,1.4352,,
2026-09-24,BSA319,"B3 S/A - BRASIL, BOLSA, BALCÃO",*,2031-01-08,"DI + 0,59%",DI_MAIS,0.59,0.6152,0.2974,0.471,0.0216,0.4493,0.4927,1033.876609,100.3493,742.49,2.9464,,
2026-09-24,BSA3A0,"B3 S/A - BRASIL, BOLSA, BALCÃO",*,2030-09-18,"DI + 0,45%",DI_MAIS,0.45,0.45,0.15,0.3282,0.0402,0.2879,0.3685,1005.565078,100.3453,716.19,2.842,,
2026-09-24,BTGH18,BTG PACTUAL HOLDING S/A,*,2029-12-10,"DI + 1,5%",DI_MAIS,1.5,1.2509,0.9956,1.1357,0.014,1.1217,1.1498,1051.405134,100.6618,462.65,1.8359,40.0,
2026-09-24,CAEC13,COMPANHIA DE AGUA E ESGOTO DO CEARA - CAGECE,*,2032-08-07,"DI + 1,37%",DI_MAIS,1.37,1.4765,1.0773,1.2721,0.0334,1.2387,1.3055,1022.569598,100.3543,922.83,3.662,,
2026-09-24,CAEC22,COMPANHIA DE AGUA E ESGOTO DO CEARA - CAGECE,*,2029-06-15,"DI + 2,2%",DI_MAIS,2.2,1.3,1.0,1.1607,0.019,1.1417,1.1798,1062.712921,101.7256,422.45,1.6764,,
2026-09-24,CAEC32,COMPANHIA DE AGUA E ESGOTO DO CEARA - CAGECE,*,2031-06-15,"DI + 2,5%",DI_MAIS,2.5,1.5298,0.8776,1.2801,0.0462,1.2339,1.3264,1082.946314,103.5756,742.28,2.9456,,
2026-09-24,CAMLA1,CAMIL ALIMENTOS S/A,,2028-10-30,"DI + 1,55%",DI_MAIS,1.55,5.0193,3.0228,4.2358,0.6077,3.6281,4.8436,1024.272477,96.4874,343.93,1.3648,,
2026-09-24,CAMLB1,CAMIL ALIMENTOS S/A,,2028-10-30,"DI + 1,55%",DI_MAIS,1.55,4.151,3.0689,3.8001,1.1642,2.6358,4.9644,1030.148239,97.0409,344.33,1.3664,,
2026-09-24,CASN13,COMPANHIA CATARINENSE DE AGUAS E SANEAMENTO - CASAN,*,2028-11-16,"DI + 5,5%",DI_MAIS,5.5,3.7344,3.1302,3.4065,0.5589,2.8477,3.9655,719.564893,101.9571,244.64,0.9708,,
2026-09-24,CASN14,COMPANHIA CATARINENSE DE AGUAS E SANEAMENTO - CASAN,,2030-04-15,"DI + 2,3%",DI_MAIS,2.3,2.2636,1.2793,1.8213,0.584,1.2373,2.4054,1012.3216,100.8075,432.63,1.7168,,
2026-09-24,CBAN22,CONCESSIONÁRIA ROTA DAS BANDEIRAS S/A,*;**,2032-07-15,DI + 2%,DI_MAIS,2.0,0.9661,0.7,0.8197,0.0229,0.7967,0.8427,889.288491,103.6598,782.28,3.1043,,
2026-09-24,CBOH11,CBO HOLDING S.A.,*,2029-08-28,"DI + 1,9%",DI_MAIS,1.9,1.5056,1.2,1.3421,0.1162,1.226,1.4584,1018.261869,100.7528,344.7,1.3679,35.0,
2026-09-24,CBRDB8,COMPANHIA BRASILEIRA DE DISTRIBUIÇÃO,*,2028-05-10,"DI + 1,95%",DI_MAIS,1.95,,,,,,,407.725026,38.751,,,,
2026-09-24,CDAR11,UNIDAS LOCADORA S.A.,*;**,2027-09-27,DI + 2%,DI_MAIS,2.0,1.7171,1.434,1.5463,0.0564,1.49,1.6028,1080.258902,100.2009,113.56,0.4506,45.0,
2026-09-24,CDES12,VPORTS AUTORIDADE PORTUARIA S/A,*;**,2031-02-03,"DI + 1,4%",DI_MAIS,1.4,1.6004,1.1981,1.3797,0.0143,1.3654,1.394,1022.026715,100.0655,823.86,3.2693,,
2026-09-24,CDGS26,COPA ENERGIA S A,*,2032-01-03,DI + 1%,DI_MAIS,1.0,0.9,0.6,0.7627,0.0356,0.7271,0.7984,1041.070211,100.7869,840.46,3.3352,,
2026-09-24,CEAB13,C E A MODAS S.A.,*,2027-07-15,"DI + 1,8%",DI_MAIS,1.8,1.3111,1.1437,1.2223,0.015,1.2072,1.2374,1034.355035,100.4329,191.27,0.759,,
2026-09-24,CEAB14,C E A MODAS S.A.,*,2028-09-15,"DI + 0,8%",DI_MAIS,0.8,1.0341,0.7,0.8671,0.0125,0.8546,0.8797,1002.613963,99.8818,447.77,1.7769,,
2026-09-24,CEAB22,C E A MODAS S.A.,,2028-05-13,"DI + 2,4%",DI_MAIS,2.4,0.8525,0.5637,0.6995,0.0011,0.6984,0.7007,538.842963,101.6866,252.28,1.0011,,
2026-09-24,CEAP15,COMPANHIA DE ELETRICIDADE DO AMAPA - CEA,*;**,2029-05-14,"DI + 1,2%",DI_MAIS,1.2,0.95,0.65,0.801,0.0026,0.7984,0.8036,1062.013867,100.708,450.3,1.7869,,
2026-09-24,CEAP16,COMPANHIA DE ELETRICIDADE DO AMAPA - CEA,*;**,2029-09-09,"DI + 1,2%",DI_MAIS,1.2,0.95,0.65,0.8,0.0,0.8,0.8,1014.64363,100.8414,533.44,2.1168,,
2026-09-24,CEBD14,CEB DISTRIBUICAO S/A,*;**,2028-08-25,"DI + 1,6%",DI_MAIS,1.6,1.3092,0.95,1.1234,0.0125,1.1108,1.136,1018.374573,100.6101,326.17,1.2943,5.0,
2026-09-24,CEBD25,CEB DISTRIBUICAO S/A,*;**,2029-06-20,"DI + 1,72%",DI_MAIS,1.72,1.6,0.4083,1.0213,0.0445,0.9768,1.0659,1053.722575,101.3032,473.87,1.8804,,
2026-09-24,CEEBA3,CIA DE ELETRICIDADE DO ESTADO DA BAHIA - COELBA,*;**,2026-10-15,"DI + 1,34%",DI_MAIS,1.34,1.15,0.5,0.8412,0.0368,0.8044,0.878,1067.297612,100.0274,14.0,0.0556,,
2026-09-24,CEEBA6,CIA DE ELETRICIDADE DO ESTADO DA BAHIA - COELBA,*;**,2028-08-15,"DI + 1,95%",DI_MAIS,1.95,1.639,1.2,1.4724,0.0812,1.3911,1.5537,1024.132642,100.7907,422.78,1.6777,,
2026-09-24,CEEBA7,CIA DE ELETRICIDADE DO ESTADO DA BAHIA - COELBA,*,2028-11-15,"DI + 1,18%",DI_MAIS,1.18,0.85,0.55,0.7344,0.0539,0.6805,0.7884,1062.319845,100.8028,456.75,1.8125,,
2026-09-24,CEEBA8,CIA DE ELETRICIDADE DO ESTADO DA BAHIA - COELBA,*,2029-06-10,"DI + 0,95%",DI_MAIS,0.95,0.8,0.3,0.5903,0.0718,0.5185,0.6622,1051.127178,100.798,561.44,2.2279,,
2026-09-24,CEEBB3,CIA DE ELETRICIDADE DO ESTADO DA BAHIA - COELBA,*,2028-10-15,"DI + 1,49%",DI_MAIS,1.49,1.3216,0.8,1.0743,0.0416,1.0327,1.1161,1073.570996,100.5492,336.49,1.3353,,
2026-09-24,CEEBB8,CIA DE ELETRICIDADE DO ESTADO DA BAHIA - COELBA,*,2031-06-10,"DI + 1,1%",DI_MAIS,1.1,0.8085,0.5,0.6771,0.0809,0.5962,0.7581,1057.027173,101.319,788.87,3.1304,,
2026-09-24,CEED16,COMPANHIA ESTADUAL DE DISTRIBUICAO DE ENERGIA ELETRICA - CEEE D,*,2030-08-05,"DI + 1,05%",DI_MAIS,1.05,0.7336,0.5,0.6218,0.0175,0.6043,0.6395,1029.923302,101.0042,593.52,2.3552,,
2026-09-24,CEED18,COMPANHIA ESTADUAL DE DISTRIBUICAO DE ENERGIA ELETRICA - CEEE D,*,2030-03-25,"DI + 0,8%",DI_MAIS,0.8,0.7679,0.3644,0.6015,0.0825,0.5189,0.6841,1078.692787,100.5245,669.08,2.6551,10.0,
2026-09-24,CEEDA0,COMPANHIA ESTADUAL DE DISTRIBUICAO DE ENERGIA ELETRICA - CEEE D,*,2032-10-15,"DI + 0,65%",DI_MAIS,0.65,0.8627,0.6909,0.7774,0.0151,0.7623,0.7926,1059.144888,99.5652,867.48,3.4424,45.0,
2026-09-24,CEEDA1,COMPANHIA ESTADUAL DE DISTRIBUICAO DE ENERGIA ELETRICA - CEEE D,*,2033-04-15,"DI + 0,75%",DI_MAIS,0.75,0.9653,0.8,0.8597,0.0596,0.8001,0.9193,1053.853036,99.5922,945.6,3.7524,5.0,
2026-09-24,CEMTE2,ENERGISA MATO GROSSO - DISTRIBUIDORA DE ENERGIA S.A.,*;**,2029-06-10,"DI + 1,05%",DI_MAIS,1.05,0.6811,0.45,0.5552,0.0467,0.5085,0.602,1050.641542,100.7218,369.64,1.4668,,
2026-09-24,CEPEA1,COMPANHIA ENERGÉTICA DE PERNAMBUCO - CELPE,*,2026-10-15,"DI + 1,39%",DI_MAIS,1.39,1.0974,0.6172,0.8825,0.0656,0.8169,0.9482,1067.536591,100.0279,14.0,0.0556,,
2026-09-24,CEPEA3,COMPANHIA ENERGÉTICA DE PERNAMBUCO - CELPE,*,2028-11-15,"DI + 1,18%",DI_MAIS,1.18,0.8596,0.55,0.7509,0.0978,0.6531,0.8489,1062.004535,100.7729,456.73,1.8124,,
2026-09-24,CEPEA4,COMPANHIA ENERGÉTICA DE PERNAMBUCO - CELPE,*,2029-03-18,"DI + 1,18%",DI_MAIS,1.18,1.0933,0.701,0.908,0.0183,0.8896,0.9264,1008.020847,100.5788,540.43,2.1446,,
2026-09-24,CEPEB1,COMPANHIA ENERGÉTICA DE PERNAMBUCO - CELPE,*;**,2028-10-15,"DI + 1,54%",DI_MAIS,1.54,1.2,0.7161,0.9675,0.0363,0.9313,1.0039,1076.026959,100.7572,336.48,1.3352,,
2026-09-24,CEPEB2,COMPANHIA ENERGÉTICA DE PERNAMBUCO - CELPE,*,2029-04-15,"DI + 1,68%",DI_MAIS,1.68,1.24,0.5817,0.9795,0.0362,0.9434,1.0158,1081.244301,101.1838,429.46,1.7042,,
2026-09-24,CERO19,CENTRAIS ELETRICAS DE RONDONIA S/A CERON,,2029-04-15,"DI + 0,85%",DI_MAIS,0.85,0.6,0.3696,0.501,0.0442,0.4569,0.5453,1072.407506,100.7231,524.0,2.0794,5.0,
2026-09-24,CEROA2,CENTRAIS ELETRICAS DE RONDONIA S/A CERON,,2029-12-15,"DI + 0,95%",DI_MAIS,0.95,0.7,0.4,0.5725,0.0443,0.5281,0.6169,1051.098436,100.9682,648.57,2.5737,,
2026-09-24,CEROB2,CENTRAIS ELETRICAS DE RONDONIA S/A CERON,,2031-12-15,"DI + 1,1%",DI_MAIS,1.1,0.8,0.5,0.6725,0.0427,0.6297,0.7153,1056.627728,101.4563,861.23,3.4176,,
2026-09-24,CESPA4,CESP-COMPANHIA ENERGETICA DE SAO PAULO,*,2032-08-14,"DI + 0,62%",DI_MAIS,0.62,0.8831,0.6711,0.7639,0.0072,0.7567,0.7711,1009.563959,99.443,984.32,3.906,,
2026-09-24,CGASA3,COMPANHIA DE GAS DE SÃO PAULO - COMGAS,*,2028-05-15,"DI + 0,45%",DI_MAIS,0.45,0.6,0.3,0.4634,0.0196,0.4438,0.4831,1050.875525,99.9808,361.87,1.436,,
2026-09-24,CGASA5,COMPANHIA DE GAS DE SÃO PAULO - COMGAS,*,2029-03-15,"DI + 0,75%",DI_MAIS,0.75,0.75,0.5543,0.6788,0.0106,0.6682,0.6895,1005.308528,100.1516,540.16,2.1435,,
2026-09-24,CGBP14,ESSENTIA PCHS S.A,*,2032-03-25,DI + 1%,DI_MAIS,1.0,0.9845,0.6213,0.8252,0.0941,0.7312,0.9194,1005.830328,100.4737,688.32,2.7314,,
2026-09-24,CGOS15,EQUATORIAL GOIAS DISTRIBUIDORA DE ENERGIA S.A.,*,2030-03-20,"DI + 1,05%",DI_MAIS,1.05,0.7255,0.55,0.6456,0.0116,0.6341,0.6573,1010.195158,100.8532,534.32,2.1203,5.0,
2026-09-24,CGOS17,EQUATORIAL GOIAS DISTRIBUIDORA DE ENERGIA S.A.,*,2030-08-05,DI + 1%,DI_MAIS,1.0,0.732,0.55,0.6596,0.0145,0.6451,0.6742,1027.748735,100.7979,593.66,2.3558,40.0,
2026-09-24,CGOS18,EQUATORIAL GOIAS DISTRIBUIDORA DE ENERGIA S.A.,*,2030-09-15,DI + 1%,DI_MAIS,1.0,0.7735,0.55,0.6598,0.0558,0.604,0.7157,1012.248403,100.8361,622.3,2.4694,15.0,
2026-09-24,CGOS19,EQUATORIAL GOIAS DISTRIBUIDORA DE ENERGIA S.A.,*,2031-11-25,"DI + 0,92%",DI_MAIS,0.92,0.8315,0.6,0.7078,0.0484,0.6594,0.7562,1057.306041,100.7655,913.86,3.6264,,
2026-09-24,CGOSA1,EQUATORIAL GOIAS DISTRIBUIDORA DE ENERGIA S.A.,*,2032-10-15,"DI + 0,65%",DI_MAIS,0.65,0.8655,0.6271,0.7322,0.02,0.7122,0.7524,1060.78218,99.7191,867.88,3.444,35.0,
2026-09-24,CHSF12,COMPANHIA HIDRO ELETRICA DO SAO FRANCISCO - CHESF,*,2029-04-15,"DI + 0,85%",DI_MAIS,0.85,0.6055,0.3,0.4764,0.0416,0.4348,0.5181,1072.953569,100.7743,524.04,2.0795,,
2026-09-24,CHSF14,COMPANHIA HIDRO ELETRICA DO SAO FRANCISCO - CHESF,*,2031-09-15,"DI + 0,85%",DI_MAIS,0.85,0.6593,0.4875,0.5586,0.0374,0.5211,0.5961,1014.583042,101.0728,930.23,3.6914,35.0,
2026-09-24,CHSF24,COMPANHIA HIDRO ELETRICA DO SAO FRANCISCO - CHESF,*,2034-09-15,"DI + 1,05%",DI_MAIS,1.05,0.7655,0.5186,0.619,0.0825,0.5365,0.7016,1023.615221,101.967,1151.57,4.5697,,
2026-09-24,CHTH11,CHINA THREE GORGES BRASIL ENERGIA S.A.,*,2029-12-15,"DI + 0,43%",DI_MAIS,0.43,0.5228,0.3,0.4036,0.0366,0.367,0.4403,1040.098969,100.0591,566.56,2.2483,,
2026-09-24,CIEL17,CIELO S/A,,2027-12-17,"DI + 0,54%",DI_MAIS,0.54,0.35,0.1604,0.2753,0.0143,0.2611,0.2897,1041.736681,100.2966,283.16,1.1237,10.0,
2026-09-24,CIEL18,CIELO S/A,*,2029-05-08,"DI + 0,54%",DI_MAIS,0.54,0.432,0.35,0.394,0.0146,0.3795,0.4087,1057.637896,100.3125,541.1,2.1472,,
2026-09-24,CIEL19,CIELO S/A,*,2028-10-20,"DI + 0,39%",DI_MAIS,0.39,0.35,0.3,0.3346,0.0151,0.3194,0.3498,1061.801056,100.0971,443.19,1.7587,10.0,
2026-09-24,CLCD16,CELESC DISTRIBUIÇÃO S/A,*,2028-11-15,"DI + 1,65%",DI_MAIS,1.65,0.9,0.6,0.7716,0.0146,0.757,0.7863,1064.825072,100.8697,251.97,0.9999,35.0,
2026-09-24,CLCD17,CELESC DISTRIBUIÇÃO S/A,*,2031-07-15,"DI + 0,95%",DI_MAIS,0.95,,,0.9021,0.0686,0.8334,0.9708,1029.692959,100.1467,778.29,3.0885,,
2026-09-24,CLCD18,CELESC DISTRIBUIÇÃO S/A,*,2031-07-30,"DI + 0,67%",DI_MAIS,0.67,,,0.7986,0.0797,0.719,0.8784,1017.394474,99.6077,775.58,3.0777,45.0,
2026-09-24,CLCD19,CELESC DISTRIBUIÇÃO S/A,*,2027-02-28,"DI + 0,3%",DI_MAIS,0.3,0.5,0.3,0.4,0.0,0.4,0.4,1118.583814,99.9585,105.0,0.4167,,
2026-09-24,CLII12,CORREDOR LOGISTICA E INFRAESTRUTURA S.A,*,2031-10-10,"DI + 3,5%",DI_MAIS,3.5,2.0867,1.6168,1.841,0.0177,1.8232,1.8588,1041.40985,103.7568,580.35,2.303,,
2026-09-24,CLIS11,CLI SUL S/A,*,2031-10-10,"DI + 3,2%",DI_MAIS,3.2,,,,,,,,,,,,
2026-09-24,CLMOA2,CALAMO DISTRIBUIDORA DE PRODUTOS DE BELEZA S/A,,2031-08-27,"DI + 1,1%",DI_MAIS,1.1,0.85,0.55,0.7011,0.0028,0.6983,0.704,1022.892526,101.2113,768.36,3.049,,
2026-09-24,CLMOA4,CALAMO DISTRIBUIDORA DE PRODUTOS DE BELEZA S/A,*,2032-11-27,"DI + 0,95%",DI_MAIS,0.95,0.8614,0.55,0.7184,0.0418,0.6766,0.7603,1056.906829,100.8324,910.5,3.6131,,
2026-09-24,CMED13,CIMED & CO S.A.,*;**,2029-05-02,"DI + 0,75%",DI_MAIS,0.75,1.8,0.9445,1.4161,0.244,1.1721,1.6601,1045.387387,98.8479,442.69,1.7567,,
2026-09-24,CMGD18,CEMIG DISTRIBUIÇÃO S/A,*;**,2027-06-15,"DI + 1,35%",DI_MAIS,1.35,0.7275,0.287,0.4834,0.192,0.2913,0.6755,1048.23223,100.5792,169.48,0.6725,35.0,
2026-09-24,CMGDA0,CEMIG DISTRIBUIÇÃO S/A,*,2029-02-15,"DI + 0,8%",DI_MAIS,0.8,0.536,0.3748,0.4533,0.0309,0.4224,0.4843,1020.744372,100.5794,422.72,1.6775,,
2026-09-24,CMGDA1,CEMIG DISTRIBUIÇÃO S/A,*,2031-09-15,"DI + 0,55%",DI_MAIS,0.55,0.7212,0.4914,0.5917,0.0362,0.5555,0.628,1002.306065,99.858,863.3,3.4258,,
2026-09-24,CMGDA2,CEMIG DISTRIBUIÇÃO S/A,*,2032-03-15,"DI + 0,86%",DI_MAIS,0.86,0.75,0.55,0.6211,0.0333,0.5878,0.6546,1012.60657,100.8756,927.22,3.6794,10.0,
2026-09-24,CMGDA3,CEMIG DISTRIBUIÇÃO S/A,*,2030-04-15,"DI + 0,64%",DI_MAIS,0.64,0.65,0.45,0.5347,0.0399,0.4948,0.5747,1066.400864,100.2517,605.36,2.4022,,
2026-09-24,CMGDA6,CEMIG DISTRIBUIÇÃO S/A,,2036-08-15,"DI + 0,73%",DI_MAIS,0.73,0.9,0.6,0.7438,0.0075,0.7363,0.7513,1006.390796,99.9325,1241.99,4.9285,35.0,
2026-09-24,CMGDB3,CEMIG DISTRIBUIÇÃO S/A,*,2032-04-15,"DI + 0,8%",DI_MAIS,0.8,0.75,0.4475,0.6233,0.0318,0.5915,0.6551,1071.054094,100.6181,885.8,3.5151,15.0,
2026-09-24,CMGTA0,CEMIG GERAÇÃO E TRANSMISSÃO S/A,*,2030-03-15,"DI + 0,64%",DI_MAIS,0.64,0.6518,0.4328,0.514,0.0347,0.4793,0.5488,1006.887898,100.312,626.79,2.4873,45.0,
2026-09-24,CMGTA2,CEMIG GERAÇÃO E TRANSMISSÃO S/A,*,2031-06-10,"DI + 0,7%",DI_MAIS,0.7,0.6994,0.3672,0.5168,0.0449,0.4719,0.5618,1047.440675,100.5751,794.1,3.1512,35.0,
2026-09-24,CMGTC3,CEMIG GERAÇÃO E TRANSMISSÃO S/A,,2033-08-15,"DI + 0,62%",DI_MAIS,0.62,0.8,0.5,0.65,0.0,0.65,0.65,1005.708437,99.8704,1096.32,4.3505,,
2026-09-24,CMPH14,CM HOSPITALAR S.A.,*;**,2034-01-30,"DI + 1,7%",DI_MAIS,1.7,,,,,,,493.807779,64.36,,,,
2026-09-24,CMTR19,CEMIG GERAÇÃO E TRANSMISSÃO S/A,*,2027-12-15,"DI + 1,33%",DI_MAIS,1.33,0.5828,0.3396,0.4848,0.0588,0.426,0.5437,698.640864,100.5588,167.89,0.6662,45.0,
2026-09-24,CNLM16,CONCESSIONARIA DA LINHA 4 DO METRO DE SAO PAULO S/A,*,2031-06-15,"DI + 1,1%",DI_MAIS,1.1,0.7792,0.5,0.6275,0.0262,0.6013,0.6539,1055.411595,101.3395,716.84,2.8446,,
2026-09-24,CNLM17,CONCESSIONARIA DA LINHA 4 DO METRO DE SAO PAULO S/A,*,2033-04-15,"DI + 0,96%",DI_MAIS,0.96,0.838,0.55,0.698,0.0706,0.6274,0.7687,1075.602697,101.0329,998.13,3.9608,35.0,
2026-09-24,COCEA2,COMPANHIA ENERGÉTICA DO CEARÁ - COELCE,*,2029-05-15,"DI + 1,1%",DI_MAIS,1.1,1.4463,1.186,1.2968,0.0897,1.2071,1.3867,1049.159449,99.5828,541.58,2.1491,35.0,
2026-09-24,COGNA4,COGNA EDUCACAO S.A,*,2029-11-19,"DI + 1,6%",DI_MAIS,1.6,1.3518,1.0209,1.1454,0.0451,1.1004,1.1906,1064.372008,100.9654,540.35,2.1442,45.0,
2026-09-24,COGNA5,COGNA EDUCACAO S.A,*,2028-11-17,"DI + 0,64%",DI_MAIS,0.64,1.098,0.862,0.9572,0.0476,0.9096,1.0049,1020.415103,99.4143,470.29,1.8662,,
2026-09-24,COGNB2,COGNA EDUCACAO S.A,*,2029-05-15,"DI + 1,6%",DI_MAIS,1.6,1.3118,0.951,1.1613,0.0715,1.0898,1.2329,1063.616139,100.7733,448.91,1.7814,,
2026-09-24,COLNA3,RODOVIAS DAS COLINAS S/A,*,2032-01-15,"DI + 0,8%",DI_MAIS,0.8,0.8455,0.7,0.7781,0.0096,0.7685,0.7878,1023.416611,100.0659,764.55,3.0339,15.0,
2026-09-24,CPFGA3,CPFL GERAÇÃO DE ENERGIA S/A,*,2031-09-10,"DI + 0,59%",DI_MAIS,0.59,0.6574,0.35,0.521,0.0362,0.4848,0.5573,1007.687515,100.2306,846.17,3.3578,,
2026-09-24,CPFPA6,COMPANHIA PIRATININGA DE FORÇA E LUZ,*,2028-06-05,"DI + 0,57%",DI_MAIS,0.57,0.4668,0.2,0.3343,0.065,0.2692,0.3994,415.26906,100.2053,220.29,0.8742,,
2026-09-24,CPFPA8,COMPANHIA PIRATININGA DE FORÇA E LUZ,*,2029-09-10,"DI + 0,49%",DI_MAIS,0.49,0.5555,0.25,0.4284,0.043,0.3854,0.4715,1006.623317,100.1287,528.72,2.0981,,
2026-09-24,CPFPB8,COMPANHIA PIRATININGA DE FORÇA E LUZ,*,2031-09-10,"DI + 0,59%",DI_MAIS,0.59,0.6585,0.35,0.5265,0.0431,0.4835,0.5697,1007.502404,100.2122,846.14,3.3577,,
2026-09-24,CPGT17,COPEL GERAÇÃO E TRANSMISSÃO S/A,*;**,2026-10-15,"DI + 1,38%",DI_MAIS,1.38,0.75,0.2666,0.545,0.1134,0.4316,0.6585,533.841349,100.046,14.0,0.0556,,
2026-09-24,CPGT18,COPEL GERAÇÃO E TRANSMISSÃO S/A,*,2030-01-15,"DI + 1,4%",DI_MAIS,1.4,0.6563,0.35,0.5086,0.0161,0.4925,0.5248,1050.231023,102.0541,581.17,2.3062,,
2026-09-24,CPGT19,COPEL GERAÇÃO E TRANSMISSÃO S/A,*,2029-10-10,"DI + 0,52%",DI_MAIS,0.52,0.5,0.2308,0.3956,0.0785,0.3171,0.4741,1067.192952,100.21,427.0,1.6944,,
2026-09-24,CPGT29,COPEL GERAÇÃO E TRANSMISSÃO S/A,*,2031-10-10,"DI + 0,69%",DI_MAIS,0.69,0.7248,0.4592,0.608,0.0375,0.5706,0.6456,1068.612074,100.2659,821.62,3.2604,,
2026-09-24,CPGT39,COPEL GERAÇÃO E TRANSMISSÃO S/A,*,2034-10-10,"DI + 0,95%",DI_MAIS,0.95,1.0,0.6426,0.8297,0.0639,0.7657,0.8937,1072.539434,100.516,1088.79,4.3206,,
2026-09-24,CPGTA0,COPEL GERAÇÃO E TRANSMISSÃO S/A,*,2029-02-15,"DI + 0,59%",DI_MAIS,0.59,0.5055,0.3389,0.4198,0.0577,0.362,0.4776,1017.526928,100.2848,423.26,1.6796,,
2026-09-24,CPGTB0,COPEL GERAÇÃO E TRANSMISSÃO S/A,*,2032-02-15,"DI + 0,79%",DI_MAIS,0.79,0.65,0.4544,0.6002,0.0476,0.5525,0.6479,1021.770718,100.6816,908.81,3.6064,45.0,
2026-09-24,CPLD19,COPEL DISTRIBUICAO S/A,*,2031-05-15,"DI + 0,6%",DI_MAIS,0.6,0.6594,0.3427,0.5487,0.082,0.4668,0.6308,1053.139852,100.1417,699.72,2.7767,,
2026-09-24,CPLD27,COPEL DISTRIBUICAO S/A,*,2027-05-15,"DI + 1,36%",DI_MAIS,1.36,1.0806,0.6074,0.8494,0.1095,0.7399,0.959,528.852463,100.2998,149.39,0.5928,,
2026-09-24,CPLDA0,COPEL DISTRIBUICAO S/A,*,2030-07-15,"DI + 0,43%",DI_MAIS,0.43,0.55,0.2812,0.4458,0.0469,0.3988,0.4928,1026.752707,99.9631,591.52,2.3473,,
2026-09-24,CPLDA2,COPEL DISTRIBUICAO S/A,*,2028-07-15,"DI + 0,25%",DI_MAIS,0.25,0.4657,0.2937,0.3677,0.0097,0.358,0.3775,1022.082765,99.8105,407.29,1.6162,,
2026-09-24,CPLDB0,COPEL DISTRIBUICAO S/A,*,2032-07-15,"DI + 0,58%",DI_MAIS,0.58,0.7055,0.4,0.5695,0.0309,0.5386,0.6005,1027.852036,100.0405,976.95,3.8768,,
2026-09-24,CPREA0,CPFL ENERGIAS RENOVÁVEIS,*;**,2028-12-12,"DI + 1,12%",DI_MAIS,1.12,0.6267,0.2139,0.4434,0.0537,0.3896,0.4972,1055.38307,101.2725,474.94,1.8847,,
2026-09-24,CPTE12,CACHOEIRA PAULISTA TRANS. DE ENERGIA S/A,*,2031-07-15,"DI + 1,7%",DI_MAIS,1.7,1.3,0.526,0.8874,0.011,0.8764,0.8984,657.190111,101.7764,555.09,2.2027,,
2026-09-24,CSAN15,COSAN S.A.,*,2028-04-20,"DI + 2,4%",DI_MAIS,2.4,2.4133,2.0409,2.2801,0.1171,2.163,2.3973,1071.599564,100.1583,340.29,1.3504,,
2026-09-24,CSAN18,COSAN S.A.,*,2031-01-21,"DI + 1,8%",DI_MAIS,1.8,1.95,1.1678,1.547,0.0926,1.4545,1.6397,1034.946731,100.7302,737.26,2.9256,,
2026-09-24,CSAN23,COSAN S.A.,*,2031-08-15,DI + 2%,DI_MAIS,2.0,1.9627,1.6487,1.8037,0.0401,1.7636,1.8439,1021.979416,100.5735,748.52,2.9703,,
2026-09-24,CSAN24,COSAN S.A.,*,2032-05-05,"DI + 1,9%",DI_MAIS,1.9,2.0366,1.7626,1.8851,0.051,1.8341,1.9362,1062.246539,100.047,810.36,3.2157,,
2026-09-24,CSANA0,COSAN S.A.,*,2029-06-28,DI + 1%,DI_MAIS,1.0,1.8,1.0,1.4173,0.0578,1.3595,1.4752,1027.14317,99.2143,481.8,1.9119,,
2026-09-24,CSANA2,COSAN S.A.,*,2029-01-27,"DI + 0,6%",DI_MAIS,0.6,1.8,1.5656,1.6674,0.0502,1.6172,1.7177,1206.535608,97.5796,585.0,2.3214,,
2026-09-24,CSANB0,COSAN S.A.,*,2034-06-28,"DI + 1,5%",DI_MAIS,1.5,2.1418,1.6388,1.8729,0.0176,1.8552,1.8906,1020.469937,98.45,1070.7,4.2488,,
2026-09-24,CSANB1,COSAN S.A.,*,2030-01-08,"DI + 0,72%",DI_MAIS,0.72,2.0234,1.2533,1.5683,0.1042,1.4642,1.6726,1008.046567,97.8146,662.86,2.6304,,
2026-09-24,CSANB2,COSAN S.A.,*,2030-03-27,"DI + 0,7%",DI_MAIS,0.7,1.85,1.1437,1.4964,0.0616,1.4348,1.5581,1215.163569,98.1318,601.62,2.3874,,
2026-09-24,CSANC1,COSAN S.A.,*,2035-01-08,"DI + 1,3%",DI_MAIS,1.3,2.4167,1.7398,1.9995,0.1799,1.8196,2.1795,998.204536,96.7383,1206.84,4.789,,
2026-09-24,CSANC2,COSAN S.A.,*,2032-03-27,DI + 1%,DI_MAIS,1.0,2.0567,1.7194,1.8784,0.0686,1.8098,1.947,1209.251861,97.222,814.96,3.234,,
2026-09-24,CSED12,CRUZEIRO DO SUL EDUCACIONAL S/A,*,2030-02-05,"DI + 1,35%",DI_MAIS,1.35,0.9132,0.7,0.8012,0.0441,0.7571,0.8454,1031.268364,101.0945,505.71,2.0068,,
2026-09-24,CSED13,CRUZEIRO DO SUL EDUCACIONAL S/A,*,2030-11-15,"DI + 0,9%",DI_MAIS,0.9,1.0996,0.75,0.9207,0.016,0.9047,0.9368,1052.191411,99.9428,702.64,2.7883,,
2026-09-24,CSMGA7,CIA DE SANEAMENTO DE M.GERAIS COPASA MG,*,2029-12-16,"DI + 1,3%",DI_MAIS,1.3,0.8011,0.6,0.7132,0.0474,0.6658,0.7607,773.968733,100.8717,377.06,1.4963,,
2026-09-24,CSMGA8,CIA DE SANEAMENTO DE M.GERAIS COPASA MG,*,2030-09-15,"DI + 1,2%",DI_MAIS,1.2,0.9805,0.7138,0.8402,0.0668,0.7734,0.9071,950.791548,100.6281,443.58,1.7602,,
2026-09-24,CSMGA9,CIA DE SANEAMENTO DE M.GERAIS COPASA MG,*,2034-07-15,"DI + 0,9%",DI_MAIS,0.9,0.75,0.55,0.6502,0.0411,0.6091,0.6914,1035.826989,100.7532,764.11,3.0322,,
2026-09-24,CSMGB0,CIA DE SANEAMENTO DE M.GERAIS COPASA MG,*,2035-05-15,"DI + 0,6%",DI_MAIS,0.6,,,0.6293,0.0687,0.5607,0.6981,1013.604037,99.8971,890.79,3.5349,,
2026-09-24,CSMGD1,CIA DE SANEAMENTO DE M.GERAIS COPASA MG,*,2035-10-15,"DI + 0,52%",DI_MAIS,0.52,0.7998,0.5702,0.6844,0.023,0.6614,0.7075,1021.120582,99.3971,931.45,3.6962,5.0,
2026-09-24,CSMGD2,CIA DE SANEAMENTO DE M.GERAIS COPASA MG,*,2036-03-15,"DI + 0,65%",DI_MAIS,0.65,0.75,0.5568,0.6613,0.0759,0.5854,0.7373,1003.310496,99.9553,1002.4,3.9778,,
2026-09-24,CSNAA1,COMPANHIA SIDERÚRGICA NACIONAL,*;**,2028-11-10,"DI + 1,65%",DI_MAIS,1.65,,17.0,17.029,0.049,16.98,17.078,872.055683,82.4113,339.08,1.3456,,
2026-09-24,CSNAA2,COMPANHIA SIDERÚRGICA NACIONAL,*;**,2027-12-20,"DI + 2,5%",DI_MAIS,2.5,,16.8359,17.5568,0.1427,17.4141,17.6996,952.255381,91.3626,162.11,0.6433,10.0,
2026-09-24,CSRNA2,COMPANHIA ENERGÉTICA DO R. G. N. - COSERN,*,2031-03-15,"DI + 0,96%",DI_MAIS,0.96,0.9,0.55,0.7519,0.054,0.6979,0.8061,1010.31452,100.6445,785.05,3.1153,,
2026-09-24,CTEE19,ISA ENERGIA BRASIL S.A.,,2028-11-15,"DI + 2,83%",DI_MAIS,2.83,,,0.3844,0.0335,0.3509,0.4179,1085.554496,102.401,250.26,0.9931,,
2026-09-24,CTNSA2,ENERGISA TOCANTINS - DISTRIBUIDORA DE ENERGIA S.A,,2030-02-25,DI + 1%,DI_MAIS,1.0,1.0,0.7,0.85,0.0,0.85,0.85,1015.863838,100.4116,696.69,2.7646,,
2026-09-24,CVCB14,CVC BRASIL OPERADORA E AGENCIA DE VIAGENS S.A.,*,2028-10-30,"DI + 4,5%",DI_MAIS,4.5,,,6.7976,0.3159,6.4818,7.1136,0.603071,98.3973,186.36,0.7395,,
2026-09-24,DASAB2,DIAGNÓSTICOS DA AMÉRICA S/A,*,2030-11-20,"DI + 3,4%",DI_MAIS,3.4,2.9807,2.7,2.8277,0.014,2.8137,2.8418,1074.235889,101.3315,601.54,2.3871,,
2026-09-24,DASAB4,DIAGNÓSTICOS DA AMÉRICA S/A,*;**,2027-10-20,"DI + 2,4%",DI_MAIS,2.4,2.0,1.1911,1.5775,0.1166,1.4609,1.6943,1074.321874,100.4128,128.95,0.5117,,
2026-09-24,DASAB5,DIAGNÓSTICOS DA AMÉRICA S/A,*,2028-10-30,"DI + 1,7%",DI_MAIS,1.7,2.7,2.2063,2.4676,0.0449,2.4227,2.5126,1048.261896,98.6883,442.14,1.7545,,
2026-09-24,DASAC2,DIAGNÓSTICOS DA AMÉRICA S/A,*,2030-11-20,"DI + 3,4%",DI_MAIS,3.4,2.9652,2.7,2.8335,0.01,2.8235,2.8436,1074.091267,101.3178,601.52,2.387,,
2026-09-24,DASAC5,DIAGNÓSTICOS DA AMÉRICA S/A,*,2031-10-30,"DI + 2,05%",DI_MAIS,2.05,3.1145,2.7,2.8976,0.1091,2.7885,3.0068,1033.776465,97.1893,865.09,3.4329,35.0,
2026-09-24,DASAD3,DIAGNÓSTICOS DA AMÉRICA S/A,*,2028-07-20,"DI + 2,75%",DI_MAIS,2.75,,,2.6308,0.0298,2.601,2.6607,1030.443886,100.1854,402.11,1.5957,,
2026-09-24,DGCD11,EDGE COMERCIALIZACAO S.A.,,2029-03-16,"DI + 0,85%",DI_MAIS,0.85,1.05,0.75,0.9,0.0,0.9,0.9,1002.195907,99.8937,540.54,2.145,,
2026-09-24,DXCO13,DEXCO S.A,*,2031-10-15,"DI + 0,53%",DI_MAIS,0.53,0.9,0.6,0.7508,0.0024,0.7484,0.7533,1055.584627,99.2832,825.61,3.2762,,
2026-09-24,EBENA6,EDP SÃO PAULO DISTRIBUIÇÃO DE ENERGIA S.A.,*,2028-03-04,"DI + 0,89%",DI_MAIS,0.89,0.7961,0.2598,0.5848,0.0997,0.4851,0.6846,1009.852533,100.268,222.73,0.8838,,
2026-09-24,EBENA7,EDP SÃO PAULO DISTRIBUIÇÃO DE ENERGIA S.A.,*,2028-06-20,"DI + 0,68%",DI_MAIS,0.68,,,0.6767,0.0248,0.6518,0.7016,1037.366427,100.0036,280.13,1.1116,,
2026-09-24,EBENA9,EDP SÃO PAULO DISTRIBUIÇÃO DE ENERGIA S.A.,*,2030-06-23,"DI + 0,47%",DI_MAIS,0.47,0.7,0.4,0.551,0.0023,0.5487,0.5535,1034.023787,99.791,654.07,2.5955,,
2026-09-24,EBENB1,EDP SÃO PAULO DISTRIBUIÇÃO DE ENERGIA S.A.,*,2030-12-19,"DI + 0,63%",DI_MAIS,0.63,0.6,0.3,0.4831,0.0578,0.4253,0.5409,1042.159567,100.4237,729.66,2.8955,,
2026-09-24,EBENC1,EDP SÃO PAULO DISTRIBUIÇÃO DE ENERGIA S.A.,*,2032-12-19,"DI + 0,73%",DI_MAIS,0.73,0.8,0.5,0.6507,0.0023,0.6484,0.6531,1041.261436,100.3103,991.71,3.9354,,
2026-09-24,ECOV17,CONCESSIONÁRIA ECOVIAS DOS IMIGRANTES S/A,*,2032-02-25,"DI + 1,25%",DI_MAIS,1.25,0.8324,0.6,0.7102,0.0125,0.6978,0.7228,1030.020064,101.7899,837.85,3.3248,,
2026-09-24,EDPR13,EDP TRANSMISSAO GOIAS S.A.,*,2030-12-10,"DI + 0,52%",DI_MAIS,0.52,,,0.6292,0.0183,0.6109,0.6476,1039.015939,99.7633,549.87,2.182,,
2026-09-24,EDPR23,EDP TRANSMISSAO GOIAS S.A.,*,2032-12-10,"DI + 0,6%",DI_MAIS,0.6,,,,,,,,,,,,
2026-09-24,EDVP18,ENERGISA SUL-SUDESTE - DISTRIBUICAO DE ENERGIA S.A,,2027-08-22,"DI + 1,6%",DI_MAIS,1.6,0.4249,0.2,0.3034,0.0368,0.2665,0.3403,512.06391,101.1199,218.53,0.8672,,
2026-09-24,EEELA3,CPFL TRANSMISSAO S.A,*,2029-09-10,"DI + 0,49%",DI_MAIS,0.49,0.55,0.25,0.4213,0.0654,0.3559,0.4869,1006.772648,100.1436,528.73,2.0981,,
2026-09-24,EEELA5,CPFL TRANSMISSAO S.A,*,2030-05-15,"DI + 0,45%",DI_MAIS,0.45,0.6,0.3,0.4574,0.0169,0.4405,0.4744,1014.272294,99.9789,720.64,2.8597,,
2026-09-24,EGIEE1,ENGIE BRASIL ENERGIA S.A.,*,2030-11-15,"DI + 1,1%",DI_MAIS,1.1,,,0.663,0.1207,0.5423,0.7839,1066.32894,101.2125,701.96,2.7856,,
2026-09-24,EKTRA0,ELEKTRO REDES S.A.,*;**,2026-10-15,"DI + 1,29%",DI_MAIS,1.29,1.0654,0.4559,0.7188,0.026,0.6928,0.745,1067.106283,100.0314,14.0,0.0556,,
2026-09-24,EKTRA1,ELEKTRO REDES S.A.,*;**,2027-07-15,"DI + 1,28%",DI_MAIS,1.28,,,0.9868,0.063,0.9238,1.0498,1031.120765,100.2206,191.55,0.7601,,
2026-09-24,EKTRA3,ELEKTRO REDES S.A.,*,2031-04-15,"DI + 0,98%",DI_MAIS,0.98,0.7,0.4533,0.5993,0.0421,0.5571,0.6415,1077.384916,101.1326,752.38,2.9856,,
2026-09-24,EKTRA4,ELEKTRO REDES S.A.,*,2032-02-08,"DI + 0,8%",DI_MAIS,0.8,0.75,0.45,0.625,0.0389,0.5861,0.664,1024.469362,100.6702,969.42,3.8469,,
2026-09-24,EKTRB0,ELEKTRO REDES S.A.,*,2028-10-15,"DI + 1,44%",DI_MAIS,1.44,1.1271,0.7,0.9178,0.0229,0.8949,0.9408,1074.855443,100.6916,336.76,1.3363,,
2026-09-24,ELET15,CENTRAIS ELETRICAS BRASILEIRAS S/A ELETROBRAS,*,2029-04-15,"DI + 0,85%",DI_MAIS,0.85,0.6,0.45,0.5267,0.005,0.5217,0.5318,1071.83751,100.6695,523.96,2.0792,,
2026-09-24,ELET17,CENTRAIS ELETRICAS BRASILEIRAS S/A ELETROBRAS,*,2035-11-15,"DI + 0,85%",DI_MAIS,0.85,0.8058,0.5478,0.6715,0.0839,0.5876,0.7556,1061.532194,100.8483,1203.58,4.7761,35.0,
2026-09-24,ELET24,CENTRAIS ELETRICAS BRASILEIRAS S/A ELETROBRAS,*,2028-09-15,"DI + 1,55%",DI_MAIS,1.55,1.0501,0.825,0.9369,0.0613,0.8756,0.9983,1012.247643,100.8208,340.37,1.3507,5.0,
2026-09-24,ELET25,CENTRAIS ELETRICAS BRASILEIRAS S/A ELETROBRAS,*,2031-04-15,DI + 1%,DI_MAIS,1.0,0.6835,0.4275,0.5523,0.0403,0.512,0.5926,1080.942985,101.4577,822.32,3.2632,,
2026-09-24,ELFA12,ELFA MEDICAMENTOS SA,*;**,2031-12-13,"DI + 3,4%",DI_MAIS,3.4,,,,,,,268.646323,26.2,,,,
2026-09-24,ELPLA6,ELETROPAULO METROP. ELETRIC. DE S.P. S/A,,2028-10-04,"DI + 1,64%",DI_MAIS,1.64,3.0216,2.0,2.5769,0.2003,2.3766,2.7774,1060.233099,98.8141,327.2,1.2984,35.0,
2026-09-24,ELPLB8,ELETROPAULO METROP. ELETRIC. DE S.P. S/A,*,2028-05-15,"DI + 1,1%",DI_MAIS,1.1,3.229,2.6228,2.8235,0.2091,2.6143,3.0327,1028.457618,97.6179,359.02,1.4247,35.0,
2026-09-24,ELTN16,CENTRAIS ELETRICAS DO NORTE DO BRASIL S/A - ELETRONORTE,*,2031-09-15,"DI + 0,85%",DI_MAIS,0.85,0.6927,0.441,0.5572,0.0455,0.5117,0.6028,1014.635185,101.078,930.24,3.6914,,
2026-09-24,ELTN19,CENTRAIS ELETRICAS DO NORTE DO BRASIL S/A - ELETRONORTE,*,2032-11-15,"DI + 0,65%",DI_MAIS,0.65,0.7226,0.479,0.6323,0.0481,0.5842,0.6804,1052.593451,100.0716,1025.61,4.0699,35.0,
2026-09-24,ELTN26,CENTRAIS ELETRICAS DO NORTE DO BRASIL S/A - ELETRONORTE,*,2034-09-15,"DI + 1,05%",DI_MAIS,1.05,0.7349,0.534,0.6129,0.0429,0.5701,0.6559,1023.898863,101.9952,1151.66,4.5701,,
2026-09-24,ENERB5,ENERGISA MATO GROSSO DO SUL - DISTRIBUIDORA DE ENERGIA S.A.,,2029-12-15,"DI + 0,8%",DI_MAIS,0.8,0.7737,0.45,0.6309,0.0556,0.5753,0.6865,1045.088461,100.4335,649.5,2.5774,,
2026-09-24,ENERC3,ENERGISA MATO GROSSO DO SUL - DISTRIBUIDORA DE ENERGIA S.A.,,2029-09-04,"DI + 0,8%",DI_MAIS,0.8,0.6,0.4048,0.5081,0.062,0.4461,0.5702,1014.360629,100.7203,623.87,2.4757,,
2026-09-24,ENEV48,ENEVA S.A.,*,2032-07-15,DI + 2%,DI_MAIS,2.0,0.9981,0.5946,0.7977,0.0394,0.7583,0.8372,1072.997321,104.1444,867.31,3.4417,,
2026-09-24,ENEVA3,ENEVA S.A.,*,2029-12-15,"DI + 0,9%",DI_MAIS,0.9,0.6746,0.53,0.5795,0.0849,0.4946,0.6645,1049.42905,100.8221,648.91,2.575,50.0,
2026-09-24,ENEVD0,ENEVA S.A.,*,2031-04-15,"DI + 1,15%",DI_MAIS,1.15,0.7202,0.5,0.6125,0.0538,0.5587,0.6664,1083.139004,101.5968,750.64,2.9787,35.0,
2026-09-24,ENGIA7,ENERGISA S/A,,2027-10-20,"DI + 1,5%",DI_MAIS,1.5,,,0.4193,0.0826,0.3367,0.502,1071.708236,100.5517,129.83,0.5152,,
2026-09-24,ENGIB1,ENERGISA S/A,,2029-09-04,"DI + 0,8%",DI_MAIS,0.8,0.6,0.4185,0.5204,0.0739,0.4465,0.5944,1014.053376,100.6898,623.85,2.4756,,
2026-09-24,ENGIB5,ENERGISA S/A,,2026-10-15,"DI + 1,64%",DI_MAIS,1.64,,,0.3623,0.0156,0.3466,0.378,1069.158939,100.0703,14.0,0.0556,,
2026-09-24,ENGIB7,ENERGISA S/A,,2029-10-20,"DI + 1,65%",DI_MAIS,1.65,,,0.5755,0.0574,0.5181,0.633,1090.211744,102.2224,522.34,2.0728,,
2026-09-24,ENGIB8,ENERGISA S/A,,2028-06-20,"DI + 2,1%",DI_MAIS,2.1,,,0.5585,0.0601,0.4984,0.6187,1065.507827,102.3347,382.67,1.5185,,
2026-09-24,ENGIC3,ENERGISA S/A,,2030-02-25,"DI + 0,8%",DI_MAIS,0.8,0.7,0.4683,0.6027,0.0514,0.5513,0.6542,1017.040446,100.5445,698.73,2.7727,,
2026-09-24,ENGIC4,ENERGISA S/A,*,2032-09-15,"DI + 0,75%",DI_MAIS,0.75,0.8237,0.6292,0.7243,0.0702,0.6542,0.7946,1004.794648,100.1004,991.79,3.9357,50.0,
2026-09-24,ENGIC5,ENERGISA S/A,,2028-10-15,"DI + 1,8%",DI_MAIS,1.8,,,0.549,0.0017,0.5473,0.5507,1092.107049,102.1468,433.49,1.7202,,
2026-09-24,ENGIC6,ENERGISA S/A,,2027-04-15,"DI + 1,5%",DI_MAIS,1.5,,,0.4427,0.0658,0.3769,0.5086,1073.461392,100.5346,128.32,0.5092,,
2026-09-24,ENGIC9,ENERGISA S/A,,2028-09-15,"DI + 1,45%",DI_MAIS,1.45,,,0.5689,0.0689,0.4999,0.6379,1019.598138,101.5557,446.17,1.7705,,
2026-09-24,ENGID3,ENERGISA S/A,,2032-02-25,"DI + 0,95%",DI_MAIS,0.95,0.7872,0.5,0.6639,0.0871,0.5768,0.7511,1022.844793,101.1058,977.65,3.8796,,
2026-09-24,ENMTA8,ENERGISA MATO GROSSO - DISTRIBUIDORA DE ENERGIA S.A.,,2029-04-15,"DI + 0,75%",DI_MAIS,0.75,0.6,0.4,0.5021,0.0083,0.4938,0.5105,1069.709265,100.5139,524.56,2.0816,15.0,
2026-09-24,ENMTB0,ENERGISA MATO GROSSO - DISTRIBUIDORA DE ENERGIA S.A.,,2029-09-04,"DI + 0,8%",DI_MAIS,0.8,0.7552,0.4478,0.613,0.056,0.557,0.6691,1011.744743,100.4605,623.7,2.475,,
2026-09-24,ENMTB2,ENERGISA MATO GROSSO - DISTRIBUIDORA DE ENERGIA S.A.,,2029-12-15,"DI + 0,8%",DI_MAIS,0.8,0.706,0.55,0.626,0.0165,0.6096,0.6426,1045.219632,100.4461,649.51,2.5774,,
2026-09-24,ENMTC2,ENERGISA MATO GROSSO - DISTRIBUIDORA DE ENERGIA S.A.,,2031-12-15,"DI + 0,95%",DI_MAIS,0.95,0.7659,0.5,0.6368,0.0439,0.5929,0.6809,1052.145197,101.0687,863.18,3.4253,,
2026-09-24,ENMTC3,ENERGISA MATO GROSSO - DISTRIBUIDORA DE ENERGIA S.A.,,2030-03-25,"DI + 0,75%",DI_MAIS,0.75,0.7,0.4,0.5901,0.0572,0.5329,0.6474,1077.333879,100.4227,669.55,2.6569,,
2026-09-24,EQMAA1,EQUATORIAL MARANHAO DISTRIBUIDORA DE ENERGIA S.A,*,2030-05-15,"DI + 0,95%",DI_MAIS,0.95,0.7568,0.5,0.6271,0.0344,0.5927,0.6615,1060.175744,100.683,535.83,2.1263,,
2026-09-24,EQPA17,EQUATORIAL PARA DISTRIBUIDORA DE ENERGIA S.A.,*,2030-08-05,"DI + 0,95%",DI_MAIS,0.95,0.7529,0.5,0.6366,0.0369,0.5997,0.6736,1027.037475,100.7351,593.97,2.357,35.0,
2026-09-24,EQPAA0,EQUATORIAL PARA DISTRIBUIDORA DE ENERGIA S.A.,*,2032-09-15,"DI + 0,65%",DI_MAIS,0.65,0.868,0.6,0.7211,0.0143,0.7068,0.7356,1001.205372,99.7456,908.66,3.6058,45.0,
2026-09-24,EQTL17,EQUATORIAL ENERGIA S.A,*,2030-03-15,"DI + 0,72%",DI_MAIS,0.72,0.6889,0.48,0.5785,0.0212,0.5573,0.5997,1006.762848,100.2974,532.35,2.1125,,
2026-09-24,ERDVA3,ECORODOVIAS CONCESSÕES E SERVIÇOS S/A,*,2028-10-15,"DI + 1,85%",DI_MAIS,1.85,1.8,1.1541,1.6226,0.1568,1.4658,1.7795,1072.570847,100.2976,335.13,1.3299,,
2026-09-24,ERDVA6,ECORODOVIAS CONCESSÕES E SERVIÇOS S/A,*,2031-07-15,"DI + 1,2%",DI_MAIS,1.2,0.928,0.7,0.8104,0.0174,0.793,0.8279,1040.335472,101.1321,736.32,2.9219,35.0,
2026-09-24,ERDVB3,ECORODOVIAS CONCESSÕES E SERVIÇOS S/A,*,2030-10-15,"DI + 2,35%",DI_MAIS,2.35,1.4076,1.1,1.2553,0.0691,1.1862,1.3245,1098.919689,102.5381,589.28,2.3384,,
2026-09-24,ESCEA3,EDP ESPIRITO SANTO DISTRIBUICAO DE ENERGIA SA,*,2028-02-19,"DI + 0,9%",DI_MAIS,0.9,0.8138,0.2489,0.5365,0.0312,0.5053,0.5678,1016.962508,100.3068,214.0,0.8492,,
2026-09-24,ESCEA4,EDP ESPIRITO SANTO DISTRIBUICAO DE ENERGIA SA,*,2029-08-28,"DI + 0,49%",DI_MAIS,0.49,0.55,0.25,0.4276,0.0457,0.3819,0.4734,758.033559,100.1053,427.04,1.6946,,
2026-09-24,ESCEA6,EDP ESPIRITO SANTO DISTRIBUICAO DE ENERGIA SA,*,2030-06-11,"DI + 0,5%",DI_MAIS,0.5,0.65,0.3551,0.5209,0.0336,0.4873,0.5545,1040.289256,99.9468,645.15,2.5601,,
2026-09-24,ESCEB4,EDP ESPIRITO SANTO DISTRIBUICAO DE ENERGIA SA,*,2031-08-28,"DI + 0,56%",DI_MAIS,0.56,0.6,0.3,0.4574,0.0169,0.4405,0.4744,843.451742,100.2421,597.08,2.3694,,
2026-09-24,ESCEB6,EDP ESPIRITO SANTO DISTRIBUICAO DE ENERGIA SA,*,2032-06-11,"DI + 0,58%",DI_MAIS,0.58,0.75,0.45,0.6045,0.0086,0.5959,0.6133,1040.153103,99.9103,927.91,3.6822,,
2026-09-24,ESSDA2,ENERGISA SUL-SUDESTE - DISTRIBUICAO DE ENERGIA S.A,,2029-09-04,"DI + 0,8%",DI_MAIS,0.8,0.7449,0.4434,0.5982,0.0747,0.5235,0.6729,1012.113192,100.4971,623.73,2.4751,10.0,
2026-09-24,EUFA17,EUROFARMA LABORATÓRIOS S/A,*;**,2031-03-18,"DI + 1,3%",DI_MAIS,1.3,1.3234,1.15,1.2008,0.0175,1.1833,1.2184,1004.97478,100.273,701.43,2.7835,5.0,
2026-09-24,EUFA18,EUROFARMA LABORATÓRIOS S/A,*;**,2028-09-11,"DI + 0,93%",DI_MAIS,0.93,1.1,0.8,0.9597,0.02,0.9397,0.9797,1004.426894,99.9482,443.75,1.7609,,
2026-09-24,EUFA19,EUROFARMA LABORATÓRIOS S/A,*;**,2031-12-16,"DI + 0,95%",DI_MAIS,0.95,,,1.2041,0.1675,1.0366,1.3718,1032.259257,99.2152,789.09,3.1313,,
2026-09-24,FENS12,FERROVIA NORTE SUL S/A,*,2031-03-22,"DI + 0,75%",DI_MAIS,0.75,0.6,0.3,0.4903,0.0623,0.428,0.5526,1070.746897,100.842,819.42,3.2517,,
2026-09-24,FISI15,FISIA COMERCIO DE PRODUTOS ESPORTIVOS S.A.,*,2030-07-15,"DI + 0,85%",DI_MAIS,0.85,1.35,1.0908,1.2289,0.05,1.1789,1.2791,1019.173493,99.1431,577.85,2.2931,,
2026-09-24,FLCLA4,ENERGISA MINAS RIO - DISTRIBUIDORA DE ENERGIA S.A.,,2027-08-22,"DI + 1,6%",DI_MAIS,1.6,,,0.4505,0.0984,0.3521,0.549,511.413574,100.9915,218.52,0.8671,,
2026-09-24,FLCLA8,ENERGISA MINAS RIO - DISTRIBUIDORA DE ENERGIA S.A.,,2029-12-15,"DI + 0,8%",DI_MAIS,0.8,,,,,,,,,,,,
2026-09-24,FLRY18,FLEURY S/A,*,2028-10-23,"DI + 1,23%",DI_MAIS,1.23,0.8,0.377,0.6354,0.1116,0.5237,0.7471,1071.89708,100.8044,343.01,1.3612,,
2026-09-24,FLRY19,FLEURY S/A,*,2029-05-17,"DI + 0,55%",DI_MAIS,0.55,0.507,0.2928,0.3988,0.0347,0.3641,0.4336,1053.737596,100.2724,455.69,1.8083,,
2026-09-24,FLRY27,FLEURY S/A,*,2029-04-22,"DI + 1,55%",DI_MAIS,1.55,1.2096,0.654,0.9224,0.0168,0.9056,0.9393,1079.227695,101.2967,524.24,2.0803,,
2026-09-24,FLRY29,FLEURY S/A,*,2031-05-17,"DI + 0,67%",DI_MAIS,0.67,0.7633,0.3346,0.6089,0.0814,0.5275,0.6904,1053.297736,100.1874,777.34,3.0847,,
2026-09-24,FLRYA0,FLEURY S/A,*,2029-10-21,"DI + 0,45%",DI_MAIS,0.45,0.6465,0.2284,0.4693,0.0919,0.3774,0.5613,1060.022544,99.9596,529.57,2.1015,,
2026-09-24,FLRYA1,FLEURY S/A,,9999-12-31,"DI + 0,42%",DI_MAIS,0.42,0.65,0.35,0.5,0.0,0.5,0.5,1009.596389,99.7337,843.78,3.3483,,
2026-09-24,FLRYB0,FLEURY S/A,*,2031-10-21,"DI + 0,55%",DI_MAIS,0.55,0.7618,0.3994,0.5948,0.0611,0.5336,0.656,1059.34637,99.8533,830.48,3.2956,,
2026-09-24,FRAS15,FRAS-LE S/A,*;**,2031-12-20,"DI + 1,22%",DI_MAIS,1.22,1.3336,0.702,1.0607,0.1057,0.955,1.1665,1044.832329,100.5802,926.29,3.6758,,
2026-09-24,FRAS16,FRAS-LE S/A,*,2030-10-25,"DI + 0,75%",DI_MAIS,0.75,1.48,0.6197,1.0136,0.0191,0.9945,1.0328,1051.612799,99.2101,764.19,3.0325,5.0,
2026-09-24,GGBRA7,GERDAU S/A,*,2029-05-29,"DI + 0,6%",DI_MAIS,0.6,0.5,0.2317,0.3849,0.0385,0.3464,0.4235,1050.750321,100.4732,555.92,2.206,,
2026-09-24,GGBRA8,GERDAU S/A,*,2028-12-10,"DI + 0,5%",DI_MAIS,0.5,0.47,0.34,0.4027,0.0095,0.3932,0.4124,1043.327756,100.1832,476.27,1.89,,
2026-09-24,GGBRA9,GERDAU S/A,*,2032-06-04,"DI + 0,65%",DI_MAIS,0.65,0.701,0.3136,0.5046,0.0038,0.5008,0.5085,1049.543515,100.5664,985.24,3.9097,35.0,
2026-09-24,GRRB16,AGUAS GUARIROBA S/A,*,2029-08-12,"DI + 0,95%",DI_MAIS,0.95,4.0,0.5,2.25,0.0,2.25,2.25,985.954703,96.9746,603.99,2.3968,,
2026-09-24,GSHC15,GSH CORP PARTICIPACOES S.A.,*,2029-04-22,"DI + 1,7%",DI_MAIS,1.7,,1.2295,1.3694,0.1236,1.2458,1.4931,1070.681265,100.431,333.15,1.322,,
2026-09-24,GSHC17,GSH CORP PARTICIPACOES S.A.,*,2030-09-15,"DI + 2,5%",DI_MAIS,2.5,,2.5153,2.8361,0.1465,2.6896,2.9827,998.179784,99.3939,467.48,1.8551,45.0,
2026-09-24,GUAR17,GUARARAPES CONFECCOES S/A,*,2028-10-15,"DI + 0,95%",DI_MAIS,0.95,1.1137,0.8561,0.9785,0.0384,0.9401,1.017,1064.775036,99.9622,337.86,1.3407,,
2026-09-24,HAPV15,HAPVIDA PARTICIPACOES E INVESTIMENTOS S/A,*,2030-01-27,"DI + 1,75%",DI_MAIS,1.75,11.9615,8.5526,10.2891,0.529,9.7601,10.8182,842.705562,81.251,637.5,2.5298,,
2026-09-24,HAPV17,HAPVIDA PARTICIPACOES E INVESTIMENTOS S/A,*;**,2031-05-10,"DI + 1,6%",DI_MAIS,1.6,11.9118,8.8906,10.3881,0.4023,9.9858,10.7905,850.054404,80.3472,645.45,2.5613,,
2026-09-24,HAPV18,HAPVIDA PARTICIPACOES E INVESTIMENTOS S/A,*,2031-10-15,"DI + 1,1%",DI_MAIS,1.1,11.1547,8.0,9.6075,0.4772,9.1303,10.0848,812.506359,76.2286,811.31,3.2195,,
2026-09-24,HAPV19,HAPVIDA PARTICIPACOES E INVESTIMENTOS S/A,*,2032-05-16,"DI + 1,05%",DI_MAIS,1.05,10.7647,8.6037,9.7512,0.4799,9.2713,10.2311,779.233135,74.0182,873.79,3.4674,,
2026-09-24,HAPV28,HAPVIDA PARTICIPACOES E INVESTIMENTOS S/A,*,2032-10-15,"DI + 1,2%",DI_MAIS,1.2,11.0071,7.7734,9.2486,0.4093,8.8394,9.658,801.079922,75.1236,893.01,3.5437,,
2026-09-24,HAPVA0,HAPVIDA PARTICIPACOES E INVESTIMENTOS S/A,*,2033-10-15,"DI + 1,05%",DI_MAIS,1.05,10.7168,8.1399,9.5908,0.4344,9.1564,10.0253,776.744625,72.8895,921.03,3.6549,35.0,
2026-09-24,HBSA14,HIDROVIAS DO BRASIL S.A.,*;**,2028-06-11,"DI + 0,5%",DI_MAIS,0.5,0.7121,0.35,0.5346,0.012,0.5226,0.5467,1040.300968,99.9479,381.5,1.5139,,
2026-09-24,HBSA24,HIDROVIAS DO BRASIL S.A.,*;**,2031-06-11,"DI + 0,75%",DI_MAIS,0.75,0.75,0.4645,0.6029,0.0046,0.5983,0.6076,1046.831105,100.5019,864.0,3.4286,,
2026-09-24,HGLB13,HIGHLINE DO BRASIL II INFRAESTRUTURA DE TELECOMUNICACOES S.A,*;**,2034-10-15,DI + 3%,DI_MAIS,3.0,,,2.8039,0.1389,2.665,2.9429,1081.226598,100.6591,869.94,3.4521,,
2026-09-24,HSPE15,HOSPITAL ESPERANÇA S/A,*,2034-11-25,"DI + 1,35%",DI_MAIS,1.35,1.322,1.0467,1.157,0.0448,1.1122,1.2018,1060.311344,100.9054,1193.71,4.7369,,
2026-09-24,HYPEA6,HYPERA S/A,*,2028-10-10,"DI + 1,35%",DI_MAIS,1.35,0.9105,0.4655,0.6911,0.0662,0.6249,0.7574,1078.23743,100.8678,334.16,1.326,,
2026-09-24,HYPEA7,HYPERA S/A,*,2028-12-15,"DI + 1,3%",DI_MAIS,1.3,0.8597,0.5099,0.6537,0.0621,0.5915,0.7159,1052.107108,100.9652,378.5,1.502,,
2026-09-24,HYPEA8,HYPERA S/A,*,2029-05-03,"DI + 0,85%",DI_MAIS,0.85,0.6532,0.3616,0.5032,0.0901,0.4132,0.5934,1064.434162,100.6089,444.31,1.7631,,
2026-09-24,HYPEA9,HYPERA S/A,*,2030-01-15,"DI + 0,9%",DI_MAIS,0.9,0.65,0.3445,0.523,0.0502,0.4728,0.5732,1037.032166,100.8704,583.77,2.3165,35.0,
2026-09-24,HYPEB1,HYPERA S/A,*,2030-12-15,"DI + 0,85%",DI_MAIS,0.85,0.7538,0.5,0.6176,0.0598,0.5579,0.6775,1048.361033,100.7338,799.12,3.1711,,
2026-09-24,HYPEC0,HYPERA S/A,*,2030-08-15,"DI + 0,75%",DI_MAIS,0.75,0.7115,0.45,0.5833,0.0659,0.5174,0.6493,1019.421146,100.4544,690.11,2.7385,35.0,
2026-09-24,IEAS11,INTERLIGACAO ELETRICA AIMORES S.A,,2030-06-15,"DI + 0,5%",DI_MAIS,0.5,0.85,0.55,0.7,0.0,0.7,0.7,1033.729389,99.4266,728.6,2.8913,,
2026-09-24,IEPS11,INTERLIGACAO ELETRICA PARAGUACU S.A,,2030-06-15,"DI + 0,5%",DI_MAIS,0.5,0.85,0.5414,0.7,0.0,0.7,0.7,1033.729389,99.4266,728.6,2.8913,,
2026-09-24,IGTAA3,IGUATEMI EMPRESA DE SHOPPING CENTERS S/A,*;**,2030-09-20,"DI + 0,45%",DI_MAIS,0.45,0.6,0.3028,0.4547,0.0086,0.446,0.4634,1001.444522,99.9867,717.48,2.8471,,
2026-09-24,IGTAB0,IGUATEMI EMPRESA DE SHOPPING CENTERS S/A,,2027-09-28,"DI + 2,45%",DI_MAIS,2.45,0.3727,0.1912,0.2635,0.0075,0.256,0.271,1090.33824,100.9814,114.72,0.4552,,
2026-09-24,INEL12,INSPIRALI EDUCACAO S/A,*,2029-05-15,"DI + 1,65%",DI_MAIS,1.65,1.4,1.1,1.2463,0.0309,1.2154,1.2773,1061.47396,100.5523,349.13,1.3854,,
2026-09-24,IOCHA3,IOCHPE-MAXION S/A,*;**,2030-04-02,"DI + 1,6%",DI_MAIS,1.6,1.3658,1.1937,1.2702,0.0429,1.2273,1.3132,1080.380383,100.6496,502.26,1.9931,,
2026-09-24,IOCHA4,IOCHPE-MAXION S/A,*;**,2028-10-10,"DI + 1,35%",DI_MAIS,1.35,1.3134,1.08,1.1752,0.004,1.1712,1.1793,1071.406272,100.2288,333.7,1.3242,,
2026-09-24,IOCHA5,IOCHPE-MAXION S/A,*;**,2030-02-05,"DI + 1,55%",DI_MAIS,1.55,1.4428,1.2378,1.3085,0.0447,1.2638,1.3533,1026.121668,100.5624,593.85,2.3565,,
2026-09-24,IOCHA6,IOCHPE-MAXION S/A,*;**,2030-06-04,"DI + 1,45%",DI_MAIS,1.45,1.5,1.2425,1.3265,0.088,1.2385,1.4147,1049.391264,100.3057,631.65,2.5065,,
2026-09-24,IOCHA7,IOCHPE-MAXION S/A,*,2030-07-07,"DI + 1,6%",DI_MAIS,1.6,1.4062,1.2312,1.3186,0.0257,1.2929,1.3444,1041.48278,100.808,731.73,2.9037,,
2026-09-24,IPIPA6,IPIRANGA PRODUTOS DE PETRÓLEO S/A,*,2030-11-19,"DI + 0,6%",DI_MAIS,0.6,0.65,0.35,0.5014,0.0028,0.4986,0.5044,1053.37584,100.2759,708.27,2.8106,,
2026-09-24,ISAEB1,ISA ENERGIA BRASIL S.A.,*,2030-01-15,"DI + 0,55%",DI_MAIS,0.55,0.65,0.3937,0.5207,0.0163,0.5044,0.537,1028.17369,100.0777,671.7,2.6655,,
2026-09-24,ISAEB3,ISA ENERGIA BRASIL S.A.,*,2030-07-15,"DI + 0,42%",DI_MAIS,0.42,0.55,0.25,0.4014,0.0028,0.3986,0.4044,1027.678489,100.0552,750.62,2.9787,,
2026-09-24,ISAEC1,ISA ENERGIA BRASIL S.A.,*,2031-01-15,"DI + 0,6%",DI_MAIS,0.6,0.7359,0.3934,0.5849,0.0467,0.5382,0.6317,1027.980372,100.049,822.82,3.2652,,
2026-09-24,ISAED1,ISA ENERGIA BRASIL S.A.,*,2035-01-15,"DI + 0,84%",DI_MAIS,0.84,0.65,0.4212,0.5446,0.0309,0.5137,0.5756,1042.362692,101.4008,1197.75,4.753,35.0,
2026-09-24,ISPE12,IGUA SERGIPE S.A.,*,2029-06-01,"DI + 2,5%",DI_MAIS,2.5,2.85,2.1555,2.4969,0.001,2.4959,2.498,1051.592607,100.0065,543.88,2.1583,45.0,
2026-09-24,ISPE13,IGUA SERGIPE S.A.,*,2029-06-01,"DI + 2,5%",DI_MAIS,2.5,2.85,2.35,2.601,0.0026,2.5984,2.6036,1049.29154,99.7877,543.71,2.1576,,
2026-09-24,ITSA17,ITAUSA S/A,*,2034-07-25,"DI + 0,88%",DI_MAIS,0.88,0.6,0.3,0.4783,0.0782,0.4,0.5566,1042.381138,101.8499,1160.41,4.6048,45.0,
2026-09-24,ITSA18,ITAUSA S/A,*,2035-09-12,"DI + 0,6%",DI_MAIS,0.6,0.6,0.3,0.4688,0.0374,0.4314,0.5062,1010.779397,100.6464,1245.32,4.9417,15.0,
2026-09-24,JHSFA1,JHSF PARTICIPAÇÕES S/A,,2027-01-21,"DI + 2,75%",DI_MAIS,2.75,0.8834,0.332,0.6059,0.0493,0.5566,0.6553,229.625825,100.401,47.86,0.1899,,
2026-09-24,JHSFA3,JHSF PARTICIPAÇÕES S/A,*,2027-12-20,"DI + 2,2%",DI_MAIS,2.2,1.476,0.9161,1.1764,0.0056,1.1707,1.1821,629.963128,100.6148,153.6,0.6095,,
2026-09-24,JSLGA5,JSL S/A,*,2028-10-20,"DI + 2,7%",DI_MAIS,2.7,3.2801,2.3,2.857,0.0798,2.7772,2.9368,1069.772732,99.8611,229.13,0.9092,,
2026-09-24,JSMLA5,SIMPAR S.A.,*,2031-01-15,"DI + 3,5%",DI_MAIS,3.5,4.17,3.75,4.0363,0.1091,3.9272,4.1456,1019.901519,98.7046,634.82,2.5191,40.0,
2026-09-24,KRSA12,KORA SAUDE PARTICIPACOES S.A.,,2030-10-30,"DI + 2,8%",DI_MAIS,2.8,,,,,,,,,,,,
2026-09-24,LCAMC2,COMPANHIA DE LOCAÇÃO DAS AMÉRICAS,*,2031-05-20,"DI + 2,4%",DI_MAIS,2.4,1.8013,1.3711,1.5453,0.0671,1.4782,1.6125,1080.752485,102.2967,684.6,2.7167,,
2026-09-24,LETS18,LETS RENT A CAR S/A,*,2031-10-15,"DI + 1,25%",DI_MAIS,1.25,1.35,1.1379,1.2523,0.0608,1.1915,1.3132,1066.512315,99.9933,743.65,2.951,,
2026-09-24,LMTP18,LM TRANSPORTES INTERESTADUAIS SERVIÇOS E COMÉRCIOS S.A.,*,2026-12-10,"DI + 1,93%",DI_MAIS,1.93,1.7888,1.2665,1.5501,0.0531,1.4971,1.6033,1046.614104,100.0771,52.0,0.2063,,
2026-09-24,LMTP26,LM TRANSPORTES INTERESTADUAIS SERVIÇOS E COMÉRCIOS S.A.,*;**,2027-09-25,"DI + 1,7%",DI_MAIS,1.7,1.652,1.4,1.5283,0.009,1.5193,1.5373,1079.470899,100.1509,224.84,0.8922,35.0,
2026-09-24,LMTPA0,LM TRANSPORTES INTERESTADUAIS SERVIÇOS E COMÉRCIOS S.A.,*,2029-10-15,"DI + 1,7%",DI_MAIS,1.7,1.9977,1.646,1.7842,0.0551,1.7291,1.8394,1066.589243,99.8036,598.49,2.375,5.0,
2026-09-24,LMTPA1,LM TRANSPORTES INTERESTADUAIS SERVIÇOS E COMÉRCIOS S.A.,*,2028-01-17,"DI + 1,5%",DI_MAIS,1.5,1.7052,0.9403,1.3312,0.2648,1.0664,1.5962,1030.149948,100.2002,302.78,1.2015,,
2026-09-24,LMTPA2,LM TRANSPORTES INTERESTADUAIS SERVIÇOS E COMÉRCIOS S.A.,*,2028-09-23,"DI + 1,3%",DI_MAIS,1.3,1.9,1.5748,1.7088,0.0635,1.6453,1.7724,993.355592,99.28,452.01,1.7937,10.0,
2026-09-24,LMTPB1,LM TRANSPORTES INTERESTADUAIS SERVIÇOS E COMÉRCIOS S.A.,*,2030-01-17,"DI + 1,7%",DI_MAIS,1.7,2.5884,0.9845,1.8363,0.1086,1.7276,1.945,1024.862647,99.6485,662.31,2.6282,,
2026-09-24,LMTPB2,LM TRANSPORTES INTERESTADUAIS SERVIÇOS E COMÉRCIOS S.A.,*,2030-09-23,"DI + 1,5%",DI_MAIS,1.5,,,,,,,,,,,,
2026-09-24,LOGGB1,LOG COMMERCIAL PROPERTIES E PARTICIPAÇÕES S/A,*,2027-07-11,"DI + 1,65%",DI_MAIS,1.65,1.3,0.5,0.9091,0.0194,0.8897,0.9286,129.558109,100.5484,188.42,0.7477,,
2026-09-24,LORTB2,LOCALIZA RENT A CAR,*,2028-12-05,"DI + 1,87%",DI_MAIS,1.87,1.4,1.1,1.2902,0.0603,1.23,1.3506,1058.642692,101.0607,466.1,1.8496,,
2026-09-24,LVTC12,LIVETECH DA BAHIA INDUSTRIA E COMERCIO S/A,*;**,2027-06-15,"DI + 2,3%",DI_MAIS,2.3,,,2.3748,0.0613,2.3135,2.4361,417.855723,99.9675,111.94,0.4442,,
2026-09-24,LVTC22,LIVETECH DA BAHIA INDUSTRIA E COMERCIO S/A,*,2029-06-15,"DI + 2,7%",DI_MAIS,2.7,,,5.7588,0.1801,5.5787,5.939,672.342922,96.4078,311.56,1.2363,,
2026-09-24,MATD12,HOSPITAL MATER DEI S.A.,*,2031-05-15,"DI + 0,95%",DI_MAIS,0.95,0.8967,0.4978,0.7137,0.1507,0.563,0.8646,1060.568753,100.7203,772.4,3.0651,,
2026-09-24,MATD13,HOSPITAL MATER DEI S.A.,*,2032-07-18,"DI + 1,1%",DI_MAIS,1.1,0.8,0.5781,0.693,0.0332,0.6597,0.7263,1042.39101,101.5248,947.08,3.7583,,
2026-09-24,MDRO18,MADERO INDUSTRIA E COMERCIO S.A.,*;**,2030-11-25,"DI + 2,25%",DI_MAIS,2.25,,,2.1209,0.1608,1.96,2.2818,1057.219839,100.3081,613.83,2.4358,,
2026-09-24,MEAL14,INTERNATIONAL MEAL COMPANY ALIMENTAÇÃO S.A.,*;**,2028-10-11,"DI + 4,2%",DI_MAIS,4.2,,,4.6079,0.0879,4.52,4.6959,606.937707,99.659,220.04,0.8732,,
2026-09-24,MGLUA0,MAGAZINE LUIZA S/A,*,2026-10-15,"DI + 1,25%",DI_MAIS,1.25,2.0,1.4924,1.7236,0.0129,1.7108,1.7366,533.153668,99.9741,14.0,0.0556,,
2026-09-24,MILS18,MILLS ESTR. E SERVIÇOS DE ENGENHARIA S/A,*,2030-01-10,DI + 2%,DI_MAIS,2.0,1.1267,0.8,0.9375,0.1177,0.8198,1.0553,1053.022833,102.0207,482.55,1.9149,,
2026-09-24,MILS19,MILLS ESTR. E SERVIÇOS DE ENGENHARIA S/A,*,2029-06-20,"DI + 1,3%",DI_MAIS,1.3,1.25,0.75,0.9518,0.0835,0.8683,1.0354,1045.792777,100.6515,475.52,1.887,,
2026-09-24,MILS29,MILLS ESTR. E SERVIÇOS DE ENGENHARIA S/A,*,2032-06-20,"DI + 1,4%",DI_MAIS,1.4,,,1.2093,0.083,1.1263,1.2925,1045.938539,100.6392,853.58,3.3872,,
2026-09-24,MILSA0,MILLS ESTR. E SERVIÇOS DE ENGENHARIA S/A,*,2029-11-25,"DI + 1,15%",DI_MAIS,1.15,1.0617,0.5139,0.8027,0.0549,0.7479,0.8577,1057.959233,100.7495,547.42,2.1723,,
2026-09-24,MILSA1,MILLS ESTR. E SERVIÇOS DE ENGENHARIA S/A,*,2030-08-19,"DI + 0,9%",DI_MAIS,0.9,1.1,0.4683,0.8347,0.0957,0.739,0.9304,1015.652476,100.1776,690.74,2.741,,
2026-09-24,MILSB0,MILLS ESTR. E SERVIÇOS DE ENGENHARIA S/A,*,2032-11-25,"DI + 1,3%",DI_MAIS,1.3,1.3,1.0,1.15,0.0,1.15,1.15,1056.188321,100.53,899.53,3.5696,,
2026-09-24,MNLT11,MNLT S.A.,,2026-10-15,"DI + 1,75%",DI_MAIS,1.75,1.1921,0.5493,0.8384,0.0543,0.7841,0.8928,1069.456112,100.05,14.0,0.0556,,
2026-09-24,MNRVA1,MINERVA S/A,*;**,2026-10-15,"DI + 1,6%",DI_MAIS,1.6,,,1.7441,0.0909,1.6533,1.8351,1068.13679,99.9921,14.0,0.0556,,
2026-09-24,MOVI27,MOVIDA PARTICIPACOES S/A,*;**,2029-09-15,"DI + 2,9%",DI_MAIS,2.9,2.2847,1.3561,1.9287,0.206,1.7228,2.1348,1020.8067,101.636,432.0,1.7143,,
2026-09-24,MOVI34,MOVIDA PARTICIPACOES S/A,*;**,2027-07-27,"DI + 2,05%",DI_MAIS,2.05,,,1.3565,0.0536,1.3029,1.4102,343.653336,100.5403,199.15,0.7903,,
2026-09-24,MOVIA2,MOVIDA PARTICIPACOES S/A,*,2026-10-15,"DI + 2,1%",DI_MAIS,2.1,,,1.2613,0.0758,1.1855,1.3372,535.52242,100.0458,14.0,0.0556,,
2026-09-24,MOVIA3,MOVIDA PARTICIPACOES S/A,*,2027-03-05,"DI + 2,5%",DI_MAIS,2.5,2.0846,1.7,1.8748,0.0745,1.8004,1.9494,1010.026151,100.265,109.0,0.4325,45.0,
2026-09-24,MRFGA1,MARFRIG GLOBAL FOODS S.A.,*;**,2027-11-11,"DI + 1,55%",DI_MAIS,1.55,1.5,1.0,1.1762,0.0985,1.0777,1.2747,1060.012807,100.2112,144.29,0.5726,,
2026-09-24,MTRO12,COMPANHIA DO METROPOLITANO DE SAO PAULO,,2027-04-25,"DI + 4,5%",DI_MAIS,4.5,1.1203,0.75,0.8572,0.0807,0.7765,0.938,195.14737,100.9808,69.47,0.2757,,
2026-09-24,MULPA0,MULTIPLAN EMPREENDIMENTOS IMOBILIÁRIOS S/A,*;**,2028-10-15,"DI + 1,3%",DI_MAIS,1.3,0.7,0.5114,0.6123,0.0581,0.5542,0.6704,1073.462012,100.6228,230.21,0.9135,,
2026-09-24,MULPB1,MULTIPLAN EMPREENDIMENTOS IMOBILIÁRIOS S/A,*;**,2028-01-10,"DI + 1,2%",DI_MAIS,1.2,0.7617,0.45,0.6016,0.0034,0.5982,0.6051,1034.961209,100.437,185.46,0.736,,
2026-09-24,MULTA4,MULTIPLAN EMPREENDIMENTOS IMOBILIÁRIOS S/A,,2031-07-03,"DI + 0,65%",DI_MAIS,0.65,0.6422,0.3017,0.4642,0.024,0.4402,0.4883,1038.268473,100.596,810.98,3.2182,,
2026-09-24,MULTA5,MULTIPLAN EMPREENDIMENTOS IMOBILIÁRIOS S/A,*;**,2031-10-15,"DI + 0,55%",DI_MAIS,0.55,0.65,0.35,0.5275,0.0428,0.4847,0.5704,1064.012848,100.067,754.5,2.994,,
2026-09-24,MULTB5,MULTIPLAN EMPREENDIMENTOS IMOBILIÁRIOS S/A,*;**,2034-10-15,"DI + 0,8%",DI_MAIS,0.8,0.7568,0.4657,0.5991,0.0147,0.5844,0.614,1073.757521,100.8721,1098.49,4.3591,,
2026-09-24,MVLV19,MOVIDA PARTICIPACOES S/A,*,2027-04-05,"DI + 2,95%",DI_MAIS,2.95,2.2961,1.8208,2.0929,0.0685,2.0245,2.1615,541.877748,100.3974,119.56,0.4744,,
2026-09-24,MVLVA1,MOVIDA PARTICIPACOES S/A,*,2027-12-22,"DI + 2,9%",DI_MAIS,2.9,2.3392,1.9221,2.1277,0.0757,2.052,2.2035,699.147087,100.5136,171.58,0.6809,,
2026-09-24,MVLVA3,MOVIDA PARTICIPACOES S/A,*,2027-08-10,"DI + 2,5%",DI_MAIS,2.5,2.4091,1.8528,2.1428,0.0138,2.129,2.1567,1022.768146,100.2898,208.9,0.829,,
2026-09-24,NATUA3,NATURA COSMÉTICOS S/A,*,2029-06-15,"DI + 1,2%",DI_MAIS,1.2,1.871,1.6,1.7169,0.0701,1.6468,1.7871,1029.977623,98.8694,561.97,2.23,,
2026-09-24,NIGP12,NOVA TRANSPORTE DO SUDESTE S.A. - NTS,*,2032-03-24,"DI + 1,9%",DI_MAIS,1.9,1.2638,0.8393,1.0472,0.0279,1.0193,1.0752,1028.652293,102.8652,849.48,3.371,,
2026-09-24,NTSD16,NOVA TRANSPORTE DO SUDESTE S.A. - NTS,*,2029-02-15,"DI + 1,2%",DI_MAIS,1.2,0.8645,0.6808,0.7737,0.0205,0.7532,0.7943,189.466668,100.8716,518.23,2.0565,,
2026-09-24,NTSD17,NOVA TRANSPORTE DO SUDESTE S.A. - NTS,*,2028-06-20,"DI + 0,8%",DI_MAIS,0.8,0.5879,0.35,0.4829,0.0478,0.435,0.5308,1042.677776,100.4838,386.11,1.5322,,
2026-09-24,NTSD18,NOVA TRANSPORTE DO SUDESTE S.A. - NTS,*,2030-11-22,"DI + 0,8%",DI_MAIS,0.8,0.7907,0.5802,0.6898,0.014,0.6758,0.7039,1053.01501,100.3406,783.51,3.1092,45.0,
2026-09-24,NTSD26,NOVA TRANSPORTE DO SUDESTE S.A. - NTS,*,2031-02-15,"DI + 1,4%",DI_MAIS,1.4,0.9437,0.65,0.8501,0.0559,0.7942,0.906,1032.327799,101.6561,762.27,3.0249,35.0,
2026-09-24,NTSD35,NOVA TRANSPORTE DO SUDESTE S.A. - NTS,*,2032-09-13,"DI + 1,85%",DI_MAIS,1.85,1.1313,0.8242,0.9958,0.044,0.9518,1.0398,1034.496057,102.9676,877.65,3.4827,,
2026-09-24,NTSD36,NOVA TRANSPORTE DO SUDESTE S.A. - NTS,*,2034-02-15,"DI + 1,7%",DI_MAIS,1.7,1.1097,0.8977,0.99,0.0594,0.9307,1.0495,1046.252154,102.9947,1065.83,4.2295,40.0,
2026-09-24,NTSDA0,NOVA TRANSPORTE DO SUDESTE S.A. - NTS,*,2031-08-25,"DI + 0,9%",DI_MAIS,0.9,0.75,0.5158,0.6578,0.0548,0.603,0.7127,1020.470163,100.8753,914.55,3.6292,35.0,
2026-09-24,NTSDA2,NOVA TRANSPORTE DO SUDESTE S.A. - NTS,*,2031-03-10,"DI + 0,6%",DI_MAIS,0.6,0.7288,0.5065,0.6532,0.0479,0.6053,0.7012,1076.490474,99.8467,731.11,2.9012,45.0,
2026-09-24,OMGE15,OMEGA GERAÇÃO S/A,*;**,2029-06-15,"DI + 1,65%",DI_MAIS,1.65,1.5942,1.3251,1.4625,0.0616,1.4009,1.5241,1047.363246,100.411,559.92,2.2219,,
2026-09-24,OMGE16,OMEGA GERAÇÃO S/A,*;**,2030-03-15,"DI + 1,15%",DI_MAIS,1.15,1.5821,1.3301,1.4378,0.0976,1.3402,1.5355,995.923913,99.2058,706.86,2.805,,
2026-09-24,OMGE17,OMEGA GERAÇÃO S/A,*,2031-02-15,"DI + 0,89%",DI_MAIS,0.89,1.75,1.4777,1.5863,0.0511,1.5352,1.6376,991.965384,97.7343,837.97,3.3253,10.0,
2026-09-24,OMGE26,OMEGA GERAÇÃO S/A,*;**,2031-03-15,"DI + 1,25%",DI_MAIS,1.25,1.7516,1.45,1.6232,0.1299,1.4933,1.7532,991.486933,98.7611,852.95,3.3847,50.0,
2026-09-24,OMGE27,OMEGA GERAÇÃO S/A,*,2033-02-15,"DI + 1,02%",DI_MAIS,1.02,,,,,,,,,,,,
2026-09-24,ONCO19,ONCOCLINICAS DO BRASIL SERVICOS MEDICOS S.A.,*;**,2027-11-25,"DI + 1,62%",DI_MAIS,1.62,,,,,,,,,,,,
2026-09-24,ONCO29,ONCOCLINICAS DO BRASIL SERVICOS MEDICOS S.A.,*;**,2029-11-25,"DI + 1,8%",DI_MAIS,1.8,,,,,,,631.732308,59.5575,,,,
2026-09-24,OPCT16,OCEANPACT SERVICOS MARITIMOS S.A.,*,2029-12-18,"DI + 2,5%",DI_MAIS,2.5,1.4527,1.1683,1.307,0.0755,1.2314,1.3826,1024.952622,102.2472,479.27,1.9019,,
2026-09-24,OPCT17,OCEANPACT SERVICOS MARITIMOS S.A.,*,2030-07-27,DI + 2%,DI_MAIS,2.0,1.5452,1.15,1.3686,0.0804,1.2882,1.4492,1025.69258,101.4206,573.21,2.2746,,
2026-09-24,ORMA16,ORIZON MEIO AMBIENTE S.A.,*,2035-09-15,"DI + 1,45%",DI_MAIS,1.45,1.45,1.05,1.25,0.0,1.25,1.25,1012.864076,100.8849,1126.65,4.4708,,
2026-09-24,ORMA17,ORIZON MEIO AMBIENTE S.A.,,2035-12-15,"DI + 1,45%",DI_MAIS,1.45,1.5342,1.3,1.4087,0.0222,1.3865,1.431,1118.367259,100.1676,1036.71,4.1139,5.0,
2026-09-24,OVSAA3,UNIDAS LOCACOES E SERVICOS S.A.,*,2028-07-15,"DI + 2,4%",DI_MAIS,2.4,2.7252,1.7293,2.2176,0.0393,2.1783,2.257,723.560358,100.2482,350.43,1.3906,,
2026-09-24,OVSAA8,UNIDAS LOCACOES E SERVICOS S.A.,*,2029-06-10,"DI + 2,7%",DI_MAIS,2.7,2.2943,1.9224,2.1239,0.0605,2.0634,2.1846,1059.016604,101.0364,462.31,1.8346,10.0,
2026-09-24,OVSAA9,UNIDAS LOCACOES E SERVICOS S.A.,*,2029-11-18,"DI + 2,5%",DI_MAIS,2.5,2.4559,2.15,2.3078,0.0433,2.2645,2.3512,1062.397259,100.3977,533.09,2.1154,,
2026-09-24,OVSAB0,UNIDAS LOCACOES E SERVICOS S.A.,*,2028-05-16,"DI + 2,3%",DI_MAIS,2.3,2.3986,2.0421,2.2019,0.0691,2.1328,2.2711,1058.881685,100.1361,357.16,1.4173,,
2026-09-24,OVSAB1,UNIDAS LOCACOES E SERVICOS S.A.,*,2032-01-20,"DI + 2,35%",DI_MAIS,2.35,2.5286,2.2307,2.377,0.0024,2.3746,2.3794,1028.164267,99.91,860.52,3.4148,,
2026-09-24,OZNH11,OZN HEALTH SPE S.A,*,2031-11-26,"DI + 3,5%",DI_MAIS,3.5,,,1.8069,0.1228,1.6841,1.9297,944.517802,103.589,542.95,2.1546,,
2026-09-24,PALFA4,COMPANHIA PAULISTA DE FORÇA E LUZ,*,2027-09-05,"DI + 0,55%",DI_MAIS,0.55,0.4412,0.2,0.3318,0.0855,0.2463,0.4174,287.892323,100.1181,136.91,0.5433,,
2026-09-24,PALFA5,COMPANHIA PAULISTA DE FORÇA E LUZ,*,2029-09-10,"DI + 0,49%",DI_MAIS,0.49,0.55,0.35,0.4591,0.0164,0.4427,0.4756,1005.978029,100.0645,528.68,2.0979,,
2026-09-24,PALFA6,COMPANHIA PAULISTA DE FORÇA E LUZ,*,2030-02-15,"DI + 0,59%",DI_MAIS,0.59,0.6641,0.3259,0.4612,0.054,0.4072,0.5153,1017.730143,100.3048,598.72,2.3759,,
2026-09-24,PALFA8,COMPANHIA PAULISTA DE FORÇA E LUZ,*,2026-12-19,"DI + 0,3%",DI_MAIS,0.3,0.35,0.1549,0.2583,0.0398,0.2185,0.2982,1101.589836,100.0041,24.88,0.0987,,
2026-09-24,PASS12,COMPASS GAS E ENERGIA S.A,*,2030-11-01,"DI + 1,55%",DI_MAIS,1.55,1.1062,0.7999,0.9594,0.0172,0.9422,0.9766,1077.923144,101.6018,687.71,2.729,,
2026-09-24,PASS13,COMPASS GAS E ENERGIA S.A,*,2029-03-15,"DI + 1,08%",DI_MAIS,1.08,0.9651,0.5699,0.7832,0.0663,0.7168,0.8496,1010.206626,100.6305,538.72,2.1378,35.0,
2026-09-24,PASS14,COMPASS GAS E ENERGIA S.A,*,2030-06-01,"DI + 0,65%",DI_MAIS,0.65,0.8667,0.6347,0.7483,0.0324,0.7159,0.7808,1042.48431,99.7224,717.35,2.8466,,
2026-09-24,PASS24,COMPASS GAS E ENERGIA S.A,*;**,2032-06-01,"DI + 0,7%",DI_MAIS,0.7,,,,,,,,,,,,
2026-09-24,PEJA21,PRIO FORTE S.A,*,2027-08-15,"DI + 2,05%",DI_MAIS,2.05,1.1861,0.7279,0.9811,0.0847,0.8964,1.0659,1025.300086,100.895,213.26,0.8463,5.0,
2026-09-24,PFOR15,PRIO FORTE S.A,*,2030-02-20,"DI + 1,2%",DI_MAIS,1.2,1.3588,1.15,1.2267,0.0803,1.1464,1.3071,1012.936143,99.9366,606.08,2.4051,10.0,
2026-09-24,PFOR16,PRIO FORTE S.A,*,2030-07-15,"DI + 1,45%",DI_MAIS,1.45,1.3458,1.1361,1.2251,0.0328,1.1923,1.2579,1035.197823,100.5834,660.85,2.6224,15.0,
2026-09-24,PFOR25,PRIO FORTE S.A,*,2032-02-20,"DI + 1,35%",DI_MAIS,1.35,1.5797,1.2921,1.4075,0.1629,1.2447,1.5705,1011.669438,99.7975,900.34,3.5728,5.0,
2026-09-24,PFOR26,PRIO FORTE S.A,*,2032-07-15,"DI + 1,6%",DI_MAIS,1.6,1.4601,1.2308,1.3419,0.0325,1.3095,1.3745,1039.221596,100.9448,932.7,3.7012,15.0,
2026-09-24,PGMN18,EMPREENDIMENTOS PAGUE MENOS S/A,*,2029-06-25,"DI + 1,6%",DI_MAIS,1.6,,,1.6637,0.3312,1.3325,1.9949,1036.545548,99.8592,566.51,2.2481,,
2026-09-24,PLSB2A,AUTOPISTA LITORAL SUL S/A.,*,2028-10-15,"DI + 1,55%",DI_MAIS,1.55,1.5,1.0,1.2508,0.0024,1.2484,1.2533,867.656767,100.2991,255.19,1.0127,,
2026-09-24,PRLG17,PROLAGOS S/A - C.S.PUBL. DE ÁGUA E ESGOTO,*,2030-04-10,"DI + 1,2%",DI_MAIS,1.2,1.1265,0.8764,1.0268,0.0344,0.9924,1.0613,1073.155218,100.4603,675.9,2.6821,,
2026-09-24,PSAN13,PARSAN S.A.,*;**,2030-03-18,"DI + 2,3%",DI_MAIS,2.3,2.7,2.0,2.35,0.0,2.35,2.35,1001.197082,99.8805,616.53,2.4465,,
2026-09-24,PSAN23,PARSAN S.A.,*,2030-03-18,"DI + 2,7%",DI_MAIS,2.7,2.6,2.1,2.3177,0.0865,2.2312,2.4043,1012.826825,101.0345,695.87,2.7614,10.0,
2026-09-24,QUAL16,QUALICORP S/A,*;**,2027-06-03,"DI + 1,85%",DI_MAIS,1.85,4.5,2.5918,3.6671,0.1165,3.5506,3.7837,259.079197,98.8754,161.13,0.6394,40.0,
2026-09-24,QUAL17,QUALICORP S/A,*;**,2028-03-15,"DI + 3,5%",DI_MAIS,3.5,,,,,,,,,,,,
2026-09-24,QUAL18,QUALICORP S/A,*,2029-10-15,"DI + 2,5%",DI_MAIS,2.5,7.9009,3.8695,5.0803,1.0763,4.0039,6.1567,1031.053918,96.1431,396.43,1.5731,,
2026-09-24,QUNT11,QUANTUM PARTICIPACOES S.A.,*;**,2031-11-18,DI + 1%,DI_MAIS,1.0,0.9508,0.55,0.7543,0.0338,0.7205,0.7881,1060.252207,100.7298,753.18,2.9888,50.0,
2026-09-24,QYAN11,MANTIQUEIRA HOLDING S.A.,*;**,2032-11-18,DI + 1%,DI_MAIS,1.0,0.7739,0.55,0.67,0.0879,0.5821,0.758,1063.674345,101.0549,809.32,3.2116,,
2026-09-24,RADL15,RAIA DROGASIL S/A,*,2029-01-25,"DI + 1,49%",DI_MAIS,1.49,0.8024,0.4477,0.6334,0.0539,0.5795,0.6875,1038.571329,101.3757,406.62,1.6136,,
2026-09-24,RADL19,RAIA DROGASIL S/A,*,2031-04-22,"DI + 0,65%",DI_MAIS,0.65,0.5517,0.4,0.45,0.0,0.45,0.45,1067.74104,100.6017,760.52,3.0179,,
2026-09-24,RADLA0,RAIA DROGASIL S/A,*,2032-04-15,"DI + 0,6%",DI_MAIS,0.6,0.5872,0.45,0.5008,0.0024,0.4984,0.5033,1067.243201,100.3487,889.42,3.5294,,
2026-09-24,RADLA1,RAIA DROGASIL S/A,*,2032-11-10,"DI + 0,44%",DI_MAIS,0.44,0.5427,0.4,0.4637,0.0184,0.4453,0.4822,1052.402787,99.9092,969.76,3.8483,,
2026-09-24,RAIZ14,RAIZEN S.A.,*,2030-07-15,"DI + 1,3%",DI_MAIS,1.3,,,,,,,509.808997,49.8571,,,,
2026-09-24,RDORA5,REDE DOR SÃO LUIZ S/A,*,2032-10-15,DI + 2%,DI_MAIS,2.0,1.301,1.0217,1.1532,0.0079,1.1452,1.1612,1105.119142,103.2737,978.84,3.8843,,
2026-09-24,RDORB3,REDE DOR SÃO LUIZ S/A,*;**,2032-05-15,"DI + 1,9%",DI_MAIS,1.9,1.0834,0.8774,0.9735,0.0426,0.931,1.0162,1088.521827,103.0221,824.74,3.2728,,
2026-09-24,RDORB5,REDE DOR SÃO LUIZ S/A,*,2032-10-15,"DI + 1,95%",DI_MAIS,1.95,1.2474,0.8478,1.0284,0.0247,1.0037,1.0532,1105.972581,103.3759,926.12,3.6751,,
2026-09-24,RDORB9,REDE DOR SÃO LUIZ S/A,*,2031-08-20,"DI + 1,9%",DI_MAIS,1.9,1.05,0.8904,0.9658,0.027,0.9388,0.993,1042.581222,102.7939,756.03,3.0001,,
2026-09-24,RDORC3,REDE DOR SÃO LUIZ S/A,*;**,2032-05-15,"DI + 1,9%",DI_MAIS,1.9,1.1605,0.8865,1.0176,0.0327,0.9849,1.0504,1086.967657,102.875,824.42,3.2715,,
2026-09-24,RDORC4,REDE DOR SÃO LUIZ S/A,*,2027-09-15,"DI + 0,65%",DI_MAIS,0.65,0.5107,0.2655,0.3805,0.0258,0.3547,0.4064,1006.271348,100.2503,234.98,0.9325,,
2026-09-24,RDORC7,REDE DOR SÃO LUIZ S/A,*,2029-06-20,"DI + 0,79%",DI_MAIS,0.79,0.58,0.3762,0.4824,0.0179,0.4646,0.5004,1042.381246,100.4579,376.93,1.4958,,
2026-09-24,RDORC9,REDE DOR SÃO LUIZ S/A,*,2031-08-20,"DI + 1,9%",DI_MAIS,1.9,1.1052,0.8562,0.9662,0.0095,0.9566,0.9758,1042.56883,102.7926,756.02,3.0001,,
2026-09-24,RDORD3,REDE DOR SÃO LUIZ S/A,*,2034-05-05,"DI + 1,7%",DI_MAIS,1.7,1.1612,0.9462,1.0412,0.0881,0.9531,1.1294,1092.273256,102.9553,1135.59,4.5063,40.0,
2026-09-24,RDORD4,REDE DOR SÃO LUIZ S/A,*,2031-09-15,"DI + 1,1%",DI_MAIS,1.1,0.9877,0.824,0.8832,0.0354,0.8478,0.9186,1011.821082,100.7907,925.26,3.6717,50.0,
2026-09-24,RDORD7,REDE DOR SÃO LUIZ S/A,*,2030-02-20,"DI + 1,7%",DI_MAIS,1.7,,,0.9654,0.0419,0.9234,1.0074,1031.807366,101.7506,604.01,2.3969,,
2026-09-24,RDORE4,REDE DOR SÃO LUIZ S/A,*,2034-09-15,"DI + 1,3%",DI_MAIS,1.3,1.196,0.9096,1.0911,0.0997,0.9914,1.1909,1014.128976,101.0151,1234.89,4.9004,40.0,
2026-09-24,RDORF1,REDE DOR SÃO LUIZ S/A,*,2033-06-10,"DI + 0,9%",DI_MAIS,0.9,1.1,0.91,0.9889,0.0421,0.9468,1.031,1038.892472,99.6395,1032.94,4.099,,
2026-09-24,RDORF8,REDE DOR SÃO LUIZ S/A,*,2035-11-20,"DI + 1,15%",DI_MAIS,1.15,1.1798,0.95,1.0711,0.0255,1.0456,1.0966,1055.803067,100.3696,1192.14,4.7307,50.0,
2026-09-24,RDORG6,REDE DOR SÃO LUIZ S/A,*,2032-08-20,DI + 1%,DI_MAIS,1.0,1.0641,0.9011,0.9663,0.017,0.9493,0.9834,1014.771469,100.1365,1030.28,4.0884,,
2026-09-24,RDORG9,REDE DOR SÃO LUIZ S/A,*,2036-01-10,"DI + 1,3%",DI_MAIS,1.3,1.1828,0.9772,1.0818,0.036,1.0458,1.118,1041.512495,101.0518,1225.13,4.8616,,
2026-09-24,RDORH6,REDE DOR SÃO LUIZ S/A,*,2035-08-20,"DI + 1,15%",DI_MAIS,1.15,1.1956,0.97,1.0746,0.0546,1.02,1.1293,1017.184306,100.3604,1216.52,4.8275,,
2026-09-24,RDORI6,REDE DOR SÃO LUIZ S/A,*,2040-08-20,"DI + 1,55%",DI_MAIS,1.55,1.3509,1.0957,1.2073,0.0909,1.1165,1.2983,1034.479353,102.0285,1504.88,5.9717,,
2026-09-24,RECV12,PETRORECONCAVO S.A.,*,2029-10-15,"DI + 1,15%",DI_MAIS,1.15,,,0.8822,0.1029,0.7793,0.9853,1071.963368,100.5485,520.24,2.0644,,
2026-09-24,RECV13,PETRORECONCAVO S.A.,*,2032-07-04,"DI + 1,1%",DI_MAIS,1.1,,,0.6932,0.074,0.6192,0.7673,1047.044896,101.3999,870.35,3.4538,,
2026-09-24,RENTA5,LOCALIZA RENT A CAR,*,2033-08-11,"DI + 2,35%",DI_MAIS,2.35,1.4071,1.15,1.272,0.0178,1.2542,1.2899,1062.336669,104.2526,996.87,3.9558,50.0,
2026-09-24,RENTC4,LOCALIZA RENT A CAR,*,2028-11-25,"DI + 1,85%",DI_MAIS,1.85,1.5352,1.1004,1.3338,0.1366,1.1972,1.4705,1062.356837,100.9304,459.56,1.8237,35.0,
2026-09-24,RENTC8,LOCALIZA RENT A CAR,*,2029-02-27,"DI + 1,85%",DI_MAIS,1.85,,,1.3929,0.2339,1.1589,1.6269,1020.695481,100.9377,523.08,2.0757,,
2026-09-24,RENTD0,LOCALIZA RENT A CAR,*,2030-12-10,"DI + 1,55%",DI_MAIS,1.55,1.1713,0.9,1.0278,0.0693,0.9585,1.0973,1059.968974,101.4668,712.78,2.8285,,
2026-09-24,RENTD5,LOCALIZA RENT A CAR,*,2031-08-27,"DI + 1,18%",DI_MAIS,1.18,1.1622,0.9018,0.9929,0.1013,0.8916,1.0944,1016.977291,100.62,842.03,3.3414,,
2026-09-24,RENTD9,LOCALIZA RENT A CAR,*,2030-04-16,"DI + 1,85%",DI_MAIS,1.85,1.5706,1.1056,1.284,0.0827,1.2013,1.3668,1084.745241,101.4985,673.62,2.6731,,
2026-09-24,RENTE2,LOCALIZA RENT A CAR,*,2030-05-20,"DI + 1,2%",DI_MAIS,1.2,1.1785,0.9581,1.1032,0.0795,1.0237,1.1828,1054.907052,100.2669,702.03,2.7858,35.0,
2026-09-24,RENTE3,LOCALIZA RENT A CAR,*,2031-07-17,"DI + 1,2%",DI_MAIS,1.2,1.203,1.0062,1.1051,0.0624,1.0427,1.1676,1030.334039,100.2746,736.79,2.9238,35.0,
2026-09-24,RENTE4,LOCALIZA RENT A CAR,*,2032-08-01,"DI + 1,3%",DI_MAIS,1.3,1.2891,1.05,1.1668,0.041,1.1258,1.2078,1025.936864,100.4629,884.92,3.5116,,
2026-09-24,RENTE5,LOCALIZA RENT A CAR,*,2032-08-27,"DI + 1,28%",DI_MAIS,1.28,,,1.2717,0.0256,1.2461,1.2974,1011.1043,100.0315,968.21,3.8421,,
2026-09-24,RENTE9,LOCALIZA RENT A CAR,*,2034-04-16,"DI + 2,15%",DI_MAIS,2.15,1.5235,1.1508,1.3421,0.0533,1.2888,1.3955,1104.837122,103.2446,1019.29,4.0448,,
2026-09-24,RENTF2,LOCALIZA RENT A CAR,*,2032-05-20,"DI + 1,4%",DI_MAIS,1.4,1.3652,1.1,1.2403,0.0229,1.2174,1.2633,1059.146016,100.5996,956.61,3.7961,,
2026-09-24,RENTH7,LOCALIZA RENT A CAR,*,2033-06-23,"DI + 1,25%",DI_MAIS,1.25,1.4257,1.1774,1.3277,0.0295,1.2983,1.3573,1032.648223,99.6854,1034.59,4.1055,40.0,
2026-09-24,RENTQ8,LOCALIZA RENT A CAR,*,2033-07-14,"DI + 1,25%",DI_MAIS,1.25,1.4204,1.25,1.3393,0.0288,1.3105,1.3682,1024.43339,99.6337,1048.42,4.1604,50.0,
2026-09-24,RNDNA0,RANDON S.A. IMPLEMENTOS E PARTICIPACOES,*,2027-11-09,"DI + 1,5%",DI_MAIS,1.5,1.7486,1.4081,1.5975,0.0577,1.5398,1.6553,1056.555101,99.9031,254.47,1.0098,,
2026-09-24,RNDNA1,RANDON S.A. IMPLEMENTOS E PARTICIPACOES,*,2031-05-17,"DI + 1,17%",DI_MAIS,1.17,2.1217,1.7574,1.9433,0.0196,1.9237,1.963,1026.943758,97.5061,833.33,3.3069,,
2026-09-24,RNDNA2,RANDON S.A. IMPLEMENTOS E PARTICIPACOES,*,2030-07-25,"DI + 0,85%",DI_MAIS,0.85,2.2852,1.5868,2.0306,0.0908,1.9397,2.1215,988.502807,96.5903,749.06,2.9725,,
2026-09-24,RNDNB0,RANDON S.A. IMPLEMENTOS E PARTICIPACOES,*,2029-11-09,"DI + 1,69%",DI_MAIS,1.69,2.0197,1.7421,1.8894,0.0285,1.8608,1.918,1053.959337,99.5867,532.61,2.1135,,
2026-09-24,RNDNB2,RANDON S.A. IMPLEMENTOS E PARTICIPACOES,*,2032-07-25,"DI + 1,1%",DI_MAIS,1.1,2.2195,1.5917,2.0243,0.2184,1.8059,2.2428,987.3473,96.4376,999.79,3.9674,35.0,
2026-09-24,RODB11,RODOVIAS DO BRASIL HOLDING S.A.,*,2030-05-10,"DI + 4,25%",DI_MAIS,4.25,2.4835,2.05,2.2721,0.0433,2.2288,2.3155,1507.378359,104.3651,565.98,2.246,15.0,
2026-09-24,RSAN15,COMPANHIA RIOGRANDENSE DE SANEAMENTO - CORSAN,*,2026-12-05,"DI + 2,5%",DI_MAIS,2.5,,,2.292,0.0833,2.2086,2.3754,1049.947288,100.0395,49.0,0.1944,,
2026-09-24,RSAN25,COMPANHIA RIOGRANDENSE DE SANEAMENTO - CORSAN,*,2028-12-05,"DI + 2,9%",DI_MAIS,2.9,3.0,2.2,2.5427,0.0846,2.4581,2.6274,1057.502352,100.638,460.9,1.829,10.0,
2026-09-24,SAELA4,ENERGISA PARAIBA - DISTR.DE ENERGIA S/A,,2029-09-04,"DI + 0,8%",DI_MAIS,0.8,0.7469,0.45,0.6183,0.0491,0.5691,0.6675,1011.612846,100.4474,623.7,2.475,,
2026-09-24,SAELB6,ENERGISA PARAIBA - DISTR.DE ENERGIA S/A,,2032-03-25,"DI + 0,95%",DI_MAIS,0.95,0.8,0.5,0.65,0.0,0.65,0.65,1085.71231,101.1034,930.67,3.6931,,
2026-09-24,SAPRB1,COMPANHIA DE SANEAMENTO DO PARANA - SANEPAR,*;**,2027-01-15,"DI + 0,88%",DI_MAIS,0.88,,,0.7717,0.0558,0.716,0.8276,514.188266,100.0324,76.0,0.3016,,
2026-09-24,SAPRB4,COMPANHIA DE SANEAMENTO DO PARANA - SANEPAR,*,2030-01-15,"DI + 1,05%",DI_MAIS,1.05,0.6555,0.4102,0.5193,0.0258,0.4935,0.5453,1042.830664,101.4045,668.12,2.6513,,
2026-09-24,SAPRC1,COMPANHIA DE SANEAMENTO DO PARANA - SANEPAR,*,2028-04-15,"DI + 1,9%",DI_MAIS,1.9,1.1173,0.7137,0.9447,0.0676,0.8771,1.0124,1083.260333,101.2751,339.22,1.3461,,
2026-09-24,SBFC13,SBF COMERCIO DE PRODUTOS ESPORTIVOS S.A.,,2027-04-29,"DI + 2,1%",DI_MAIS,2.1,0.95,0.65,0.8075,0.0162,0.7913,0.8237,357.316509,100.6951,137.04,0.5438,,
2026-09-24,SBIOA4,SMARTFIT ESCOLA DE GINASTICA E DANCA S/A,*,2031-03-15,"DI + 0,63%",DI_MAIS,0.63,0.8562,0.63,0.7241,0.0326,0.6916,0.7568,1000.823212,99.7081,787.96,3.1268,,
2026-09-24,SBSPA1,CIA. DE SANEAMENTO BÁSICO DO ESTADO DE SP - SABESP,*,2029-02-20,"DI + 0,49%",DI_MAIS,0.49,0.5409,0.2645,0.4372,0.0564,0.3808,0.4936,1014.008079,100.1094,524.44,2.0811,,
2026-09-24,SBSPB1,CIA. DE SANEAMENTO BÁSICO DO ESTADO DE SP - SABESP,*,2031-02-20,"DI + 1,1%",DI_MAIS,1.1,0.6297,0.4324,0.5073,0.0143,0.493,0.5218,1031.807052,101.808,769.1,3.052,,
2026-09-24,SBSPC1,CIA. DE SANEAMENTO BÁSICO DO ESTADO DE SP - SABESP,*,2034-02-20,"DI + 1,31%",DI_MAIS,1.31,0.7107,0.4446,0.6074,0.0546,0.5528,0.6621,1044.231905,103.0136,1079.51,4.2838,,
2026-09-24,SBSPC3,CIA. DE SANEAMENTO BÁSICO DO ESTADO DE SP - SABESP,,2027-05-10,"DI + 0,63%",DI_MAIS,0.63,0.6,0.2008,0.4018,0.0038,0.3981,0.4057,351.832027,100.1306,144.85,0.5748,,
2026-09-24,SBSPD3,CIA. DE SANEAMENTO BÁSICO DO ESTADO DE SP - SABESP,*,2032-01-15,"DI + 0,51%",DI_MAIS,0.51,0.6642,0.35,0.5311,0.0558,0.4753,0.587,1026.475971,99.9203,956.52,3.7957,,
2026-09-24,SBSPD7,CIA. DE SANEAMENTO BÁSICO DO ESTADO DE SP - SABESP,*,2032-11-14,"DI + 0,69%",DI_MAIS,0.69,0.6554,0.55,0.6266,0.0376,0.589,0.6644,1055.131624,100.2421,967.73,3.8402,35.0,
2026-09-24,SBSPE7,CIA. DE SANEAMENTO BÁSICO DO ESTADO DE SP - SABESP,*,2035-11-14,"DI + 0,9%",DI_MAIS,0.9,0.75,0.5252,0.6646,0.0591,0.6055,0.7239,1065.167072,101.1177,1201.79,4.769,,
2026-09-24,SBSPL8,CIA. DE SANEAMENTO BÁSICO DO ESTADO DE SP - SABESP,*,2033-02-15,"DI + 0,64%",DI_MAIS,0.64,0.7,0.4088,0.5948,0.0663,0.5285,0.6612,1016.667377,100.1947,1091.6,4.3317,35.0,
2026-09-24,SBSPM8,CIA. DE SANEAMENTO BÁSICO DO ESTADO DE SP - SABESP,*,2036-02-15,"DI + 0,72%",DI_MAIS,0.72,0.8143,0.6,0.7125,0.055,0.6576,0.7676,1015.158611,100.0375,1269.76,5.0387,35.0,
2026-09-24,SIMH16,SIMPAR S.A.,*,2029-12-20,"DI + 3,2%",DI_MAIS,3.2,4.3039,3.7413,4.0626,0.1186,3.944,4.1813,1022.689856,97.9429,628.13,2.4926,35.0,
2026-09-24,SLFT13,SELF IT ACADEMIAS HOLDING S.A.,*;**,2029-12-20,"DI + 2,5%",DI_MAIS,2.5,2.5,1.5125,2.0011,0.0028,1.9983,2.004,807.22256,100.7196,371.02,1.4723,,
2026-09-24,SMFT18,SMARTFIT ESCOLA DE GINASTICA E DANCA S/A,*,2030-10-20,"DI + 1,95%",DI_MAIS,1.95,,,1.3999,0.1202,1.2798,1.5202,1083.416376,101.4559,674.31,2.6758,,
2026-09-24,SMFTA0,SMARTFIT ESCOLA DE GINASTICA E DANCA S/A,*,2029-07-18,"DI + 1,1%",DI_MAIS,1.1,0.765,0.5,0.6354,0.0174,0.618,0.653,1036.094976,100.9116,496.81,1.9715,10.0,
2026-09-24,SMFTA1,SMARTFIT ESCOLA DE GINASTICA E DANCA S/A,*,2029-10-30,"DI + 0,89%",DI_MAIS,0.89,0.8055,0.5311,0.6848,0.0228,0.662,0.7077,1063.325822,100.431,532.49,2.1131,,
2026-09-24,SMFTA2,SMARTFIT ESCOLA DE GINASTICA E DANCA S/A,*,2030-09-04,"DI + 0,65%",DI_MAIS,0.65,0.85,0.6036,0.7135,0.0189,0.6945,0.7325,1005.255261,99.8238,704.41,2.7953,,
2026-09-24,SMFTA3,SMARTFIT ESCOLA DE GINASTICA E DANCA S/A,*,2030-10-09,"DI + 0,58%",DI_MAIS,0.58,0.85,0.6202,0.7194,0.0159,0.7036,0.7354,1061.868049,99.6265,680.62,2.7009,,
2026-09-24,SMFTA5,SMARTFIT ESCOLA DE GINASTICA E DANCA S/A,,2031-08-20,"DI + 0,65%",DI_MAIS,0.65,0.7845,0.55,0.6595,0.02,0.6395,0.6795,1012.732894,99.9684,844.09,3.3496,,
2026-09-24,SMFTB3,SMARTFIT ESCOLA DE GINASTICA E DANCA S/A,*,2032-10-09,"DI + 0,68%",DI_MAIS,0.68,1.1016,0.6462,0.8896,0.0225,0.867,0.9122,1058.078743,99.2256,940.99,3.7341,,
2026-09-24,SMFTB5,SMARTFIT ESCOLA DE GINASTICA E DANCA S/A,,2033-08-20,"DI + 0,75%",DI_MAIS,0.75,0.8845,0.65,0.7514,0.0031,0.7483,0.7545,1013.088089,99.994,1089.14,4.322,,
2026-09-24,SMFTC3,SMARTFIT ESCOLA DE GINASTICA E DANCA S/A,*,2035-10-09,"DI + 0,95%",DI_MAIS,0.95,1.0851,0.8071,0.9331,0.0441,0.889,0.9773,1068.483315,100.0778,1171.25,4.6478,15.0,
2026-09-24,SMFTC5,SMARTFIT ESCOLA DE GINASTICA E DANCA S/A,,2036-08-20,"DI + 1,05%",DI_MAIS,1.05,1.1678,0.9,1.0304,0.0265,1.004,1.057,1014.448528,100.0999,1297.69,5.1496,,
2026-09-24,SNGO10,SANEAMENTO DE GOIÁS - SANEAGO,,2027-06-15,"DI + 1,55%",DI_MAIS,1.55,0.4073,0.19,0.2879,0.0086,0.2793,0.2965,252.160472,100.4619,92.91,0.3687,,
2026-09-24,SNGOA1,SANEAMENTO DE GOIÁS - SANEAGO,,2028-08-23,"DI + 2,25%",DI_MAIS,2.25,0.516,0.2911,0.391,0.0213,0.3696,0.4124,649.955558,101.6716,228.37,0.9062,,
2026-09-24,SNGOA2,SANEAMENTO DE GOIÁS - SANEAGO,,2029-07-15,"DI + 0,8%",DI_MAIS,0.8,0.6167,0.4,0.5046,0.008,0.4966,0.5127,951.531777,100.369,316.47,1.2558,,
2026-09-24,SNGOA3,SANEAMENTO DE GOIÁS - SANEAGO,,2030-04-15,"DI + 0,65%",DI_MAIS,0.65,0.7497,0.4412,0.5788,0.0176,0.5612,0.5964,1005.022231,100.1259,448.07,1.7781,,
2026-09-24,STBP15,SANTOS BRASIL PARTICIPAÇÕES S/A,*,2029-08-15,"DI + 0,55%",DI_MAIS,0.55,,,0.7246,0.0819,0.6427,0.8066,1010.33452,99.5802,610.95,2.4244,,
2026-09-24,STBP25,SANTOS BRASIL PARTICIPAÇÕES S/A,*,2031-08-15,"DI + 0,7%",DI_MAIS,0.7,0.901,0.501,0.7032,0.0079,0.6952,0.7112,1014.648688,99.9894,840.35,3.3347,,
2026-09-24,SUMI39,GIGA MAIS FIBRA TELECOMUNICACOES S.A.,*,2031-04-15,DI + 2%,DI_MAIS,2.0,5.0933,3.535,4.7143,0.552,4.1623,5.2664,1017.423087,95.0784,478.05,1.897,35.0,
2026-09-24,SUZBA1,SUZANO S.A.,*,2032-05-15,"DI + 0,8%",DI_MAIS,0.8,0.5933,0.3044,0.4373,0.0293,0.408,0.4667,1066.146631,101.305,907.93,3.6029,,
2026-09-24,SUZBB1,SUZANO S.A.,*,2034-05-15,DI + 1%,DI_MAIS,1.0,0.7511,0.5009,0.5986,0.0273,0.5713,0.626,1071.881613,101.7763,1117.56,4.4348,5.0,
2026-09-24,SVEA14,SOLVI ESSENCIS AMBIENTAL S.A.,*,2029-04-12,"DI + 3,1%",DI_MAIS,3.1,2.2818,2.0185,2.1205,0.1408,1.9797,2.2613,932.422591,101.0399,273.94,1.0871,,
2026-09-24,SVEA15,SOLVI ESSENCIS AMBIENTAL S.A.,*,2032-06-06,"DI + 2,1%",DI_MAIS,2.1,,1.8,1.9022,0.1325,1.7698,2.0348,1052.480621,100.4642,602.45,2.3907,,
2026-09-24,SVEA16,SOLVI ESSENCIS AMBIENTAL S.A.,*,2035-11-12,"DI + 2,5%",DI_MAIS,2.5,2.4523,2.14,2.2565,0.0592,2.1974,2.3158,1070.962162,100.9516,1005.38,3.9896,,
2026-09-24,TAEEA1,TRANS. ALIANÇA DE ENERGIA ELÉTRICA S/A,,2028-05-15,"DI + 1,7%",DI_MAIS,1.7,0.5439,0.3354,0.4152,0.0175,0.3977,0.4328,1075.091175,101.824,358.58,1.4229,,
2026-09-24,TAEEA5,TRANSMISSORA ALIANÇA DE ENERGIA ELÉTRICA S.A.,*,2029-03-15,"DI + 0,63%",DI_MAIS,0.63,0.3999,0.2775,0.3861,0.0115,0.3747,0.3977,1008.994132,100.5221,540.91,2.1465,,
2026-09-24,TAEEA6,TRANSMISSORA ALIANÇA DE ENERGIA ELÉTRICA S.A.,*,2031-09-15,"DI + 0,55%",DI_MAIS,0.55,0.5,0.2,0.3919,0.085,0.3069,0.477,1009.160409,100.5409,864.32,3.4298,,
2026-09-24,TAEEA9,TRANSMISSORA ALIANÇA DE ENERGIA ELÉTRICA S.A.,*,2032-10-23,"DI + 0,6%",DI_MAIS,0.6,0.5739,0.3693,0.4773,0.0799,0.3974,0.5573,1065.44556,100.4637,955.8,3.7929,,
2026-09-24,TAEEC1,TRANS. ALIANÇA DE ENERGIA ELÉTRICA S/A,,2027-01-15,"DI + 1,36%",DI_MAIS,1.36,0.3888,0.18,0.2853,0.0121,0.2732,0.2975,344.108666,100.322,76.0,0.3016,,
2026-09-24,TAEEE1,TRANS. ALIANÇA DE ENERGIA ELÉTRICA S/A,*,2033-03-15,"DI + 0,51%",DI_MAIS,0.51,0.55,0.25,0.4008,0.0024,0.3984,0.4033,1008.304639,100.4568,1057.04,4.1946,,
2026-09-24,TAEEE2,TRANSMISSORA ALIANÇA DE ENERGIA ELÉTRICA S.A.,*;**,2028-01-03,"DI + 0,4%",DI_MAIS,0.4,0.35,0.05,0.2394,0.0555,0.1839,0.2951,1032.494117,100.2022,318.0,1.2619,35.0,
2026-09-24,TBSP12,TIM BRASIL SERVICOS E PARTICIPACOES S.A,*,2030-07-23,"DI + 0,7%",DI_MAIS,0.7,0.52,0.3967,0.4522,0.0195,0.4327,0.4719,1030.921565,100.6488,661.84,2.6263,,
2026-09-24,TBSP22,TIM BRASIL SERVICOS E PARTICIPACOES S.A,*,2032-07-23,"DI + 0,85%",DI_MAIS,0.85,0.6445,0.45,0.5348,0.0406,0.4942,0.5755,1036.532407,101.1703,938.03,3.7223,,
2026-09-24,TEPA14,BRASIL TECNOLOGIA E PARTICIPACAO S.A.,*,2030-12-04,"DI + 3,35%",DI_MAIS,3.35,,4.0,4.1313,0.0984,4.0329,4.2298,992.274041,98.4003,538.5,2.1369,,
2026-09-24,TFLE19,LOCALIZA FLEET S.A.,*,2030-05-28,"DI + 1,3%",DI_MAIS,1.3,1.188,0.9353,1.0512,0.0449,1.0062,1.0962,1056.038123,100.6923,707.41,2.8072,5.0,
2026-09-24,TFLEA3,LOCALIZA FLEET S.A.,*,2028-12-20,"DI + 1,85%",DI_MAIS,1.85,,,1.3489,0.0768,1.272,1.4258,1050.27876,100.9379,477.19,1.8936,,
2026-09-24,TFLEA4,LOCALIZA FLEET S.A.,*,2029-01-26,"DI + 1,85%",DI_MAIS,1.85,,,1.3649,0.0618,1.303,1.4268,1034.879395,100.9557,502.3,1.9933,,
2026-09-24,TFLEA6,LOCALIZA FLEET S.A.,*,2031-12-11,"DI + 1,45%",DI_MAIS,1.45,1.2436,0.95,1.1575,0.0551,1.1024,1.2127,1053.098745,100.8983,781.35,3.1006,45.0,
2026-09-24,TFLEA7,LOCALIZA FLEET S.A.,*,2031-02-10,"DI + 1,4%",DI_MAIS,1.4,1.1409,1.0,1.0567,0.0319,1.0247,1.0887,1027.721506,100.9137,676.44,2.6843,,
2026-09-24,TFLEA8,LOCALIZA FLEET S.A.,*,2030-06-20,"DI + 1,2%",DI_MAIS,1.2,1.1744,1.0,1.0599,0.0435,1.0164,1.1035,1042.897093,100.3992,724.96,2.8768,15.0,
2026-09-24,TFLEA9,LOCALIZA FLEET S.A.,*,2032-09-09,"DI + 1,24%",DI_MAIS,1.24,1.3156,1.1,1.1934,0.0473,1.146,1.2408,1007.920355,100.1715,938.15,3.7228,5.0,
2026-09-24,TFLEB5,LOCALIZA FLEET S.A.,*,2030-11-04,"DI + 1,5%",DI_MAIS,1.5,1.2247,0.903,1.0635,0.0397,1.0238,1.1033,1153.207726,101.007,586.72,2.3283,,
2026-09-24,TFLEC0,LOCALIZA FLEET S.A.,*,2030-09-18,"DI + 0,91%",DI_MAIS,0.91,1.1618,0.85,0.9987,0.0239,0.9748,1.0227,999.695086,99.7523,711.1,2.8218,,
2026-09-24,TFLED0,LOCALIZA FLEET S.A.,*,2032-09-18,"DI + 1,15%",DI_MAIS,1.15,1.3102,1.0975,1.1753,0.0504,1.1249,1.2259,1001.234774,99.9022,985.84,3.9121,35.0,
2026-09-24,TFLEE1,LOCALIZA FLEET S.A.,*,2033-07-14,"DI + 1,25%",DI_MAIS,1.25,1.426,1.2487,1.3347,0.0166,1.318,1.3514,1022.267504,99.6518,1050.72,4.1695,,
2026-09-24,TIET19,AES TIETE ENERGIA S/A,*;**,2027-03-15,DI + 1%,DI_MAIS,1.0,0.7379,0.3967,0.566,0.0251,0.5409,0.5912,215.820861,100.1967,115.0,0.4563,,
2026-09-24,TIGR12,TIGRE S.A PARTICIPACOES,*,2029-10-24,"DI + 0,6%",DI_MAIS,0.6,1.4885,1.241,1.3484,0.0037,1.3447,1.3521,1040.926744,98.2073,614.11,2.4369,,
2026-09-24,TIGR21,TIGRE S.A PARTICIPACOES,*,2028-11-10,"DI + 1,7%",DI_MAIS,1.7,1.4011,1.0187,1.1953,0.0582,1.1371,1.2535,1065.774684,100.6993,353.23,1.4017,,
2026-09-24,TLPP27,TELEFÔNICA BRASIL S/A,*;**,2027-07-12,"DI + 1,35%",DI_MAIS,1.35,0.8,0.5,0.6685,0.0704,0.5981,0.739,1035.397504,100.5062,188.59,0.7484,,
2026-09-24,TOTS16,TOTVS SA,,2033-01-29,"DI + 0,59%",DI_MAIS,0.59,0.7678,0.5,0.6261,0.0262,0.5999,0.6524,1020.542293,99.8734,889.62,3.5302,,
2026-09-24,TOTS17,TOTVS SA,,2033-09-02,"DI + 0,59%",DI_MAIS,0.59,,,0.5637,0.0308,0.533,0.5946,1008.633987,100.1084,1043.99,4.1428,,
2026-09-24,TRES11,TRES TENTOS AGROINDUSTRIAL S.A,*,2029-04-05,"DI + 2,1%",DI_MAIS,2.1,1.9725,1.4988,1.7884,0.1264,1.662,1.9149,1081.890757,100.6178,508.03,2.016,,
2026-09-24,TRPLA3,ISA ENERGIA BRASIL S.A.,*,2030-03-15,"DI + 1,5%",DI_MAIS,1.5,1.2852,0.7994,0.9823,0.1848,0.7974,1.1672,1018.457431,101.4407,705.55,2.7998,,
2026-09-24,TRPLA5,ISA ENERGIA BRASIL S.A.,*,2029-03-15,"DI + 0,73%",DI_MAIS,0.73,,,0.616,0.0718,0.5442,0.6879,1006.220633,100.2431,540.29,2.144,,
2026-09-24,TRPLA6,ISA ENERGIA BRASIL S.A.,*,2031-05-20,"DI + 0,8%",DI_MAIS,0.8,,,0.7378,0.0737,0.6642,0.8116,1052.629171,100.1904,776.83,3.0827,,
2026-09-24,TRPLB5,ISA ENERGIA BRASIL S.A.,*,2031-03-17,"DI + 0,8%",DI_MAIS,0.8,,,0.7052,0.1128,0.5924,0.8181,1006.751989,100.2941,786.58,3.1213,,
2026-09-24,TSSG13,TRANSPORTADORA ASSOCIADA DE GAS S.A. - TAG,*,2029-06-20,"DI + 0,98%",DI_MAIS,0.98,0.7,0.2428,0.4803,0.023,0.4573,0.5034,1049.830739,101.1252,568.78,2.2571,,
2026-09-24,TSSG14,TRANSPORTADORA ASSOCIADA DE GAS S.A. - TAG,*,2030-05-20,"DI + 0,67%",DI_MAIS,0.67,0.55,0.25,0.4088,0.0157,0.3931,0.4245,844.494048,100.5207,504.23,2.0009,,
2026-09-24,TUPW11,TUPI ENERGIAS RENOVAVEIS S.A,*,2034-10-15,"DI + 2,9%",DI_MAIS,2.9,9.0,5.0,7.0,0.0,7.0,7.0,938.223239,89.1179,720.53,2.8592,,
2026-09-24,TUPY15,TUPY S/A,*,2029-07-17,"DI + 0,87%",DI_MAIS,0.87,2.75,1.2467,2.1452,0.6369,1.5083,2.7822,997.265077,97.1167,585.86,2.3248,35.0,
2026-09-24,TUPY25,TUPY S/A,*,2031-07-17,DI + 1%,DI_MAIS,1.0,3.2928,2.7913,3.087,0.2029,2.8841,3.29,961.816215,93.6416,804.05,3.1907,45.0,
2026-09-24,TUPY35,TUPY S/A,*,2034-07-17,"DI + 1,18%",DI_MAIS,1.18,3.0,1.3827,2.2454,0.7323,1.5132,2.9778,981.872149,95.5618,1084.36,4.303,,
2026-09-24,UNIP18,UNIPAR CARBOCLORO S/A,*,2030-10-16,"DI + 2,05%",DI_MAIS,2.05,1.6149,1.35,1.4766,0.0342,1.4424,1.5109,1085.778038,101.5074,670.25,2.6597,,
2026-09-24,UNIP19,UNIPAR CARBOCLORO S/A,*,2029-09-05,"DI + 0,85%",DI_MAIS,0.85,1.6996,1.0288,1.289,0.2166,1.0725,1.5057,995.815479,98.9307,623.35,2.4736,,
2026-09-24,UNIP29,UNIPAR CARBOCLORO S/A,*,2031-09-05,"DI + 1,2%",DI_MAIS,1.2,1.6546,1.35,1.4835,0.0223,1.4612,1.506,997.322795,99.0641,846.28,3.3583,,
2026-09-24,UNIP39,UNIPAR CARBOCLORO S/A,*,2034-09-05,"DI + 1,65%",DI_MAIS,1.65,1.8,1.4008,1.5996,0.0034,1.5962,1.6031,1009.183103,100.221,1122.24,4.4533,,
2026-09-24,UNIPA0,UNIPAR CARBOCLORO S/A,*,2032-07-18,DI + 1%,DI_MAIS,1.0,1.7607,1.45,1.5912,0.0234,1.5677,1.6147,1004.360683,97.8389,940.88,3.7337,,
2026-09-24,UNIPB0,UNIPAR CARBOCLORO S/A,*,2035-07-18,"DI + 1,35%",DI_MAIS,1.35,1.7219,1.5184,1.5817,0.0103,1.5714,1.5921,1016.263818,98.9346,1179.84,4.6819,,
2026-09-24,UNIPC0,UNIPAR CARBOCLORO S/A,*,2032-07-18,"DI + 1,15%",DI_MAIS,1.15,1.6932,1.35,1.5077,0.0206,1.4871,1.5284,1012.883188,98.6418,974.89,3.8686,,
2026-09-24,UQFN14,UNIÃO QUÍMICA FARMACÊUTICA NACIONAL S/A,,2026-10-15,"DI + 1,9%",DI_MAIS,1.9,1.35,0.55,0.951,0.0026,0.9484,0.9536,100.329165,100.052,14.0,0.0556,,
2026-09-24,UQFN15,UNIÃO QUÍMICA FARMACÊUTICA NACIONAL S/A,*,2031-06-13,"DI + 1,3%",DI_MAIS,1.3,2.4671,2.0921,2.2343,0.0981,2.1362,2.3326,1015.472613,97.4496,707.06,2.8058,,
2026-09-24,USIM28,USINAS SIDERURGICAS DE MINAS GERAIS S/A - USIMINAS,*,2029-05-23,"DI + 1,7%",DI_MAIS,1.7,1.3797,1.0369,1.2246,0.0621,1.1625,1.2868,1060.95604,100.848,454.5,1.8036,,
2026-09-24,USIM29,USINAS SIDERURGICAS DE MINAS GERAIS S/A - USIMINAS,*,2029-12-09,"DI + 1,65%",DI_MAIS,1.65,1.4211,1.0938,1.2653,0.0752,1.1902,1.3406,1054.323836,100.8365,553.98,2.1983,,
2026-09-24,USIM39,USINAS SIDERURGICAS DE MINAS GERAIS S/A - USIMINAS,*,2032-12-09,"DI + 1,95%",DI_MAIS,1.95,1.6061,1.3,1.4264,0.0368,1.3895,1.4633,1065.870261,101.8502,899.53,3.5696,,
2026-09-24,USIMA0,USINAS SIDERURGICAS DE MINAS GERAIS S/A - USIMINAS,*,2029-09-19,"DI + 1,35%",DI_MAIS,1.35,1.3991,1.1,1.233,0.066,1.167,1.299,1004.579006,100.289,629.65,2.4986,,
2026-09-24,USIMB0,USINAS SIDERURGICAS DE MINAS GERAIS S/A - USIMINAS,*,2031-09-19,"DI + 1,5%",DI_MAIS,1.5,1.5493,1.1829,1.3543,0.0864,1.2679,1.4408,1006.585589,100.4875,853.56,3.3871,,
2026-09-24,VAMO13,"VAMOS LOCACAO DE CAMINHOES, MAQUINAS E EQUIPAMENTOS S.A.",*,2029-06-15,"DI + 2,3%",DI_MAIS,2.3,3.9214,1.5142,2.6639,0.1654,2.4985,2.8294,1039.584552,99.4839,366.93,1.4561,,
2026-09-24,VAMO14,"VAMOS LOCACAO DE CAMINHOES, MAQUINAS E EQUIPAMENTOS S.A.",*,2028-10-15,"DI + 2,4%",DI_MAIS,2.4,3.8289,3.532,3.6644,0.0226,3.6418,3.6871,1060.228269,98.9064,224.85,0.8923,,
2026-09-24,VAMO17,"VAMOS LOCACAO DE CAMINHOES, MAQUINAS E EQUIPAMENTOS S.A.",,2028-06-15,"DI + 2,17%",DI_MAIS,2.17,,,,,,,,,,,,
2026-09-24,VAMO23,"VAMOS LOCACAO DE CAMINHOES, MAQUINAS E EQUIPAMENTOS S.A.",*,2031-06-15,"DI + 2,75%",DI_MAIS,2.75,4.1,2.4037,3.2883,0.0848,3.2034,3.3732,1031.349257,98.5721,692.4,2.7476,,
2026-09-24,VAMO24,"VAMOS LOCACAO DE CAMINHOES, MAQUINAS E EQUIPAMENTOS S.A.",*,2031-10-15,"DI + 2,8%",DI_MAIS,2.8,4.2908,3.7895,4.0286,0.0564,3.9722,4.0851,1038.098504,96.6743,713.89,2.8329,,
2026-09-24,VAMOA0,"VAMOS LOCACAO DE CAMINHOES, MAQUINAS E EQUIPAMENTOS S.A.",*,2029-02-21,"DI + 2,35%",DI_MAIS,2.35,4.0019,3.5381,3.7674,0.0383,3.7291,3.8058,991.035785,97.7302,420.02,1.6667,,
2026-09-24,VAMOA1,"VAMOS LOCACAO DE CAMINHOES, MAQUINAS E EQUIPAMENTOS S.A.",*,2029-06-25,"DI + 2,35%",DI_MAIS,2.35,4.0375,2.2771,3.2741,0.2169,3.0572,3.4911,1022.566578,98.3286,471.91,1.8727,,
2026-09-24,VBBR15,VIBRA ENERGIA S.A,*,2029-10-03,"DI + 1,5%",DI_MAIS,1.5,1.1,0.6979,0.9707,0.083,0.8877,1.0539,1083.670716,101.0642,510.76,2.0268,,
2026-09-24,VBBR16,VIBRA ENERGIA S.A,*,2031-04-05,"DI + 1,07%",DI_MAIS,1.07,0.8601,0.6482,0.75,0.0594,0.6905,0.8095,1080.172481,100.9401,744.43,2.9541,,
2026-09-24,VBBR17,VIBRA ENERGIA S.A,*,2031-06-14,"DI + 1,18%",DI_MAIS,1.18,0.8867,0.6725,0.7686,0.0182,0.7504,0.787,1055.085348,101.2853,790.96,3.1387,10.0,
2026-09-24,VBBR18,VIBRA ENERGIA S.A,*,2032-01-08,"DI + 1,05%",DI_MAIS,1.05,0.8933,0.6772,0.7759,0.0385,0.7374,0.8144,1040.292398,100.8715,805.81,3.1977,10.0,
2026-09-24,VBBR24,VIBRA ENERGIA S.A,*,2031-11-16,"DI + 1,75%",DI_MAIS,1.75,1.2396,0.95,1.093,0.0127,1.0802,1.1058,1159.455019,101.9014,734.81,2.9159,,
2026-09-24,VBBR26,VIBRA ENERGIA S.A,*,2034-04-05,"DI + 1,25%",DI_MAIS,1.25,1.0339,0.8104,0.9168,0.0297,0.8871,0.9465,1085.514804,101.3542,1030.76,4.0903,5.0,
2026-09-24,VEBMA6,VOTORANTIM CIMENTOS S/A,*,2030-12-20,"DI + 1,48%",DI_MAIS,1.48,1.4062,1.15,1.2746,0.0033,1.2713,1.278,1046.166386,100.64,793.95,3.1506,,
2026-09-24,VEBMA8,VOTORANTIM CIMENTOS S/A,*,2032-04-16,"DI + 0,67%",DI_MAIS,0.67,0.7067,0.4177,0.6107,0.0571,0.5536,0.6679,1065.623466,100.2224,950.37,3.7713,45.0,
2026-09-24,VEBMA9,VOTORANTIM CIMENTOS S/A,*,2033-01-25,"DI + 0,6%",DI_MAIS,0.6,0.7557,0.444,0.5866,0.0292,0.5574,0.6158,1059.910183,100.055,1039.61,4.1254,,
2026-09-24,VEBMB0,VOTORANTIM CIMENTOS S/A,*,2033-03-20,"DI + 0,64%",DI_MAIS,0.64,0.7327,0.4,0.5507,0.0023,0.5485,0.5531,1005.540682,100.3934,1115.08,4.4249,,
2026-09-24,VERO14,VERO S.A.,*,2029-10-15,"DI + 1,75%",DI_MAIS,1.75,,,,,,,909.839293,85.1175,,,,
2026-09-24,VIVA11,VIVARA PARTICIPACOES S.A.,*,2030-08-27,"DI + 0,7%",DI_MAIS,0.7,,,0.667,0.0554,0.6116,0.7225,1011.26624,100.0908,698.19,2.7706,10.0,
2026-09-24,VIXL15,VIX LOGÍSTICA S/A,,2026-10-26,"DI + 2,15%",DI_MAIS,2.15,1.292,0.6266,0.9635,0.0708,0.8927,1.0344,533.568382,100.0974,21.0,0.0833,,
2026-09-24,VIXL18,VIX LOGÍSTICA S/A,*,2030-06-11,DI + 2%,DI_MAIS,2.0,1.2,0.9,1.0686,0.0178,1.0508,1.0865,1066.419727,102.0125,548.6,2.177,35.0,
2026-09-24,VIXL19,VIX LOGÍSTICA S/A,*,2031-10-15,"DI + 1,25%",DI_MAIS,1.25,1.35,1.1097,1.2342,0.0337,1.2006,1.268,1067.075163,100.0461,743.75,2.9514,,
2026-09-24,VIXL25,VIX LOGÍSTICA S/A,,2028-10-26,"DI + 2,5%",DI_MAIS,2.5,1.4,0.6703,1.0883,0.067,1.0214,1.1554,1081.510125,101.3012,235.98,0.9364,,
2026-09-24,VIXL26,VIX LOGÍSTICA S/A,,2028-09-29,"DI + 2,8%",DI_MAIS,2.8,1.4,0.73,1.0812,0.0727,1.0084,1.154,1059.247788,101.8717,277.79,1.1023,,
2026-09-24,VIXL35,VIX LOGÍSTICA S/A,,2026-10-26,"DI + 2,15%",DI_MAIS,2.15,1.35,0.75,1.05,0.0,1.05,1.05,533.530305,100.0903,21.0,0.0833,,
2026-09-24,VIXL45,VIX LOGÍSTICA S/A,,2028-10-26,"DI + 2,5%",DI_MAIS,2.5,1.4,0.7262,1.0838,0.0748,1.009,1.1587,1081.555212,101.3054,235.99,0.9365,,
2026-09-24,VLIDA0,VALID SOLUCOES S/A,*,2029-04-26,"DI + 1,95%",DI_MAIS,1.95,1.5034,0.9597,1.298,0.1168,1.1811,1.4149,1072.904041,100.7206,282.51,1.1211,,
2026-09-24,VLIDA1,VALID SOLUCOES S/A,*,2030-12-15,DI + 1%,DI_MAIS,1.0,1.75,1.0327,1.499,0.1424,1.3566,1.6415,1028.231115,98.7576,638.38,2.5333,,
2026-09-24,VLIDB1,VALID SOLUCOES S/A,*,2032-12-15,"DI + 1,2%",DI_MAIS,1.2,1.7666,1.0336,1.4675,0.1695,1.298,1.6372,1031.833752,99.0476,912.34,3.6204,,
2026-09-24,VLME11,VRENTAL LOCACAO DE MAQUINAS E EQUIPAMENTOS S.A.,*;**,2030-10-06,DI + 3%,DI_MAIS,3.0,,,,,,,783.0479,98.75,,,,
2026-09-24,VLME12,VRENTAL LOCACAO DE MAQUINAS E EQUIPAMENTOS S.A.,*,2030-10-06,DI + 3%,DI_MAIS,3.0,,,,,,,,,,,,
2026-09-24,VVEO15,CM HOSPITALAR S.A.,*;**,2034-01-30,"DI + 1,6%",DI_MAIS,1.6,,,,,,,678.432174,66.3171,,,,
2026-09-24,VVEO16,CM HOSPITALAR S.A.,*;**,2034-01-30,"DI + 1,6%",DI_MAIS,1.6,,,,,,,678.432174,66.3171,,,,
2026-09-24,WIZC12,WIZ SOLUCOES E CORRETAGEM DE SEGUROS S.A.,*,2030-01-29,"DI + 1,95%",DI_MAIS,1.95,2.5,1.8,2.15,0.0,2.15,2.15,1020.871816,99.6929,395.26,1.5685,,
2026-09-24,YDUQ17,YDUQS PARTICIPACOES S.A,*,2027-11-29,"DI + 0,78%",DI_MAIS,0.78,0.7387,0.45,0.5876,0.0168,0.5708,0.6044,1048.546464,100.2041,268.92,1.0671,,
2026-09-24,YDUQ18,YDUQS PARTICIPACOES S.A,*;**,2030-06-02,"DI + 0,85%",DI_MAIS,0.85,0.8885,0.6071,0.7646,0.0377,0.7269,0.8024,1003.05436,100.2512,746.27,2.9614,,
2026-09-24,YDUQA0,YDUQS PARTICIPACOES S.A,*,2029-04-10,"DI + 1,25%",DI_MAIS,1.25,0.8446,0.55,0.723,0.0624,0.6606,0.7855,1077.97473,100.8887,427.61,1.6969,,
2026-09-24,YDUQA1,YDUQS PARTICIPACOES S.A,*,2031-11-29,"DI + 1,05%",DI_MAIS,1.05,0.9583,0.6543,0.8334,0.0932,0.7401,0.9267,1054.925659,100.726,850.27,3.3741,,
2026-09-24,YDUQA2,YDUQS PARTICIPACOES S.A,*,2029-12-23,"DI + 0,7%",DI_MAIS,0.7,0.8933,0.6,0.7426,0.0095,0.733,0.7522,1035.670213,99.8901,655.32,2.6005,,
2026-09-24,YDUQA3,YDUQS PARTICIPACOES S.A,,2031-08-25,"DI + 0,8%",DI_MAIS,0.8,0.9,0.7,0.8,0.0,0.8,0.8,1010.977956,100.0,915.26,3.632,,
2026-09-24,BHIAA0,GRUPO CASAS BAHIA S.A.,*;**,2050-11-28,100% do DI,PCT_DI,100.0,,,,,,,,,,,,
2026-09-24,BHIAC0,GRUPO CASAS BAHIA S.A.,*;**,2050-11-28,100% do DI,PCT_DI,100.0,,,,,,,,,,,,
2026-09-24,KLBNA2,KLABIN S/A,,2029-03-19,"114,65% do DI",PCT_DI,114.65,103.4125,102.0,102.7707,0.2749,102.4958,103.0457,10223.673341,102.0583,336.2,1.3341,,
2026-09-24,RADL14,RAIA DROGASIL S/A,*;**,2027-06-17,"106,99% do DI",PCT_DI,106.99,104.8016,102.0,103.4012,0.0035,103.3977,103.4048,521.496426,100.3122,171.72,0.6814,,
2026-09-24,UNDAC3,UNIDAS S/A,*,2029-04-10,112% do DI,PCT_DI,112.0,109.512,106.0,107.8414,0.1127,107.7287,107.9542,1079.955944,100.9128,426.01,1.6905,,
2026-09-24,CVRDA6,VALE S/A,,2100-01-01,IGP-M,IGPM,,,,,,,,,,,,,
2026-09-24,ACRC21,ATLAS LUIZ CARLOS COMERCIALIZADORA DE ENERGIA S.A.,*,2044-07-15,"IPCA + 7,415%",IPCA_MAIS,7.415,8.6756,8.5284,8.5606,0.0964,8.4642,8.6572,1126.774388,92.9831,1696.7,6.7329,,2035-05-15
2026-09-24,AEAB11,AES CAJUINA AB1 HOLDINGS S.A.,*,2044-06-15,"IPCA + 7,0718%",IPCA_MAIS,7.0718,8.1971,7.9855,8.0861,0.0622,8.0239,8.1483,1151.562111,93.1819,1856.09,7.3654,,2037-05-15
2026-09-24,AESLA5,RGE SUL DISTRIBUIDORA DE ENERGIA S/A,*,2033-10-15,"IPCA + 6,1774%",IPCA_MAIS,6.1774,7.6963,7.5086,7.5912,0.1471,7.444,7.7384,1095.607664,93.6545,1242.56,4.9308,,2032-08-15
2026-09-24,AESLA7,RGE SUL DISTRIBUIDORA DE ENERGIA S/A,*,2034-04-15,"IPCA + 6,1409%",IPCA_MAIS,6.1409,7.7039,7.4537,7.5748,0.1809,7.3939,7.7558,1060.308653,93.1414,1326.58,5.2642,,2033-05-15
2026-09-24,AESLA9,RGE SUL DISTRIBUIDORA DE ENERGIA S/A,*,2035-05-15,"IPCA + 6,9249%",IPCA_MAIS,6.9249,7.6891,7.4574,7.5419,0.109,7.4329,7.6511,1040.431042,96.6747,1476.42,5.8588,45.0,2033-05-15
2026-09-24,AESLB0,RGE SUL DISTRIBUIDORA DE ENERGIA S/A,*,2035-09-15,"IPCA + 6,8967%",IPCA_MAIS,6.8967,7.7355,7.3584,7.567,0.1204,7.4466,7.6875,1002.298528,96.1878,1561.78,6.1975,,2035-05-15
2026-09-24,AESLB7,RGE SUL DISTRIBUIDORA DE ENERGIA S/A,*,2039-04-15,"IPCA + 6,2031%",IPCA_MAIS,6.2031,7.8887,7.5849,7.6824,0.1477,7.5347,7.8302,1018.461548,89.4421,2003.29,7.9496,,2037-05-15
2026-09-24,AESLC2,RGE SUL DISTRIBUIDORA DE ENERGIA S/A,*,2033-03-15,"IPCA + 6,5243%",IPCA_MAIS,6.5243,7.5506,7.3534,7.4394,0.0571,7.3822,7.4966,979.229318,95.533,1342.54,5.3275,35.0,2033-05-15
2026-09-24,AESLD2,RGE SUL DISTRIBUIDORA DE ENERGIA S/A,*,2036-03-15,"IPCA + 6,458%",IPCA_MAIS,6.458,7.6288,7.3899,7.5892,0.1145,7.4747,7.7037,956.050401,93.2733,1650.44,6.5494,35.0,2035-05-15
2026-09-24,AESOA1,AES TIETE ENERGIA S/A,*,2038-03-15,"IPCA + 6,4966%",IPCA_MAIS,6.4966,8.0651,7.8731,8.0319,0.1502,7.8817,8.1821,1031.938094,92.5462,1346.06,5.3415,,2033-05-15
2026-09-24,AGEO15,AGEO TERMINAIS E ARMAZENS GERAIS S/A,*,2037-06-15,"IPCA + 7,6056%",IPCA_MAIS,7.6056,7.6815,7.4605,7.563,0.1333,7.4297,7.6963,1071.815732,100.2732,1737.17,6.8935,,2035-05-15
2026-09-24,AGIZ11,AGUAS DA IMPERATRIZ S.A.,,2047-03-15,"IPCA + 7,7322%",IPCA_MAIS,7.7322,8.5084,8.2206,8.3824,0.1126,8.2697,8.4951,993.276921,95.1564,2057.45,8.1645,,2037-05-15
2026-09-24,AHGD13,ATHON GERACAO DISTRIBUIDA S/A,*,2041-09-15,"IPCA + 7,3293%",IPCA_MAIS,7.3293,8.6659,8.4982,8.5223,0.1643,8.358,8.6867,0.936585,93.722,1454.84,5.7732,,2033-05-15
2026-09-24,ALGAB1,ALGAR TELECOM S/A,*,2031-07-15,"IPCA + 4,9999%",IPCA_MAIS,4.9999,8.7075,8.505,8.6318,0.1549,8.4769,8.7868,1181.230651,89.0349,855.32,3.3941,,2030-08-15
2026-09-24,ALGAC2,ALGAR TELECOM S/A,*,2032-01-15,"IPCA + 5,8806%",IPCA_MAIS,5.8806,8.6836,8.4877,8.6201,0.2928,8.3272,8.913,1143.229701,90.83,943.47,3.7439,,2031-05-15
2026-09-24,ALGE16,ALIANCA GERACAO DE ENERGIA S.A,*,2037-11-15,"IPCA + 6,1451%",IPCA_MAIS,6.1451,7.5136,7.347,7.4377,0.1706,7.267,7.6084,997.427934,93.8164,1313.27,5.2114,35.0,2033-05-15
2026-09-24,ALGTA4,ALGAR TELECOM S/A,*,2033-11-15,"IPCA + 6,3243%",IPCA_MAIS,6.3243,8.8163,8.5102,8.6108,0.253,8.3578,8.8639,1051.921665,90.5856,1161.4,4.6087,,2032-08-15
2026-09-24,ALIG12,ALIANCA GERACAO DE ENERGIA S.A,,2029-12-15,"IPCA + 3,65%",IPCA_MAIS,3.65,,6.885,7.1078,0.3244,6.7834,7.4323,655.481981,95.2398,370.65,1.4708,,2028-08-15
2026-09-24,ALIG13,ALIANCA GERACAO DE ENERGIA S.A,*;**,2035-02-15,IPCA + 4%,IPCA_MAIS,4.0,7.4687,7.255,7.3514,0.1644,7.187,7.516,828.868772,88.0034,993.12,3.941,,2031-05-15
2026-09-24,ALIG15,ALIANCA GERACAO DE ENERGIA S.A,*,2036-04-15,"IPCA + 6,1305%",IPCA_MAIS,6.1305,7.5381,7.2874,7.4,0.1412,7.2588,7.5413,994.720635,94.7345,1135.22,4.5048,,2032-08-15
2026-09-24,ALUP18,ALUPAR INVESTIMENTO S/A,*,2034-10-15,"IPCA + 6,4986%",IPCA_MAIS,6.4986,7.4581,7.3049,7.313,0.2435,7.0694,7.5566,1074.915039,95.8462,1398.16,5.5483,35.0,2033-05-15
2026-09-24,ANET11,AMERICA NET S.A.,*,2029-03-15,"IPCA + 5,6006%",IPCA_MAIS,5.6006,,,,,,,,,,,,
2026-09-24,ANET12,AMERICA NET S.A.,*,2030-11-15,"IPCA + 8,9619%",IPCA_MAIS,8.9619,,,,,,,1002.410941,81.625,,,,
2026-09-24,ANHBB6,CONCESSIONÁRIA DO SISTEMA ANHANGUERA-BANDEIRANTES S/A,*,2037-07-15,"IPCA + 7,0457%",IPCA_MAIS,7.0457,7.7558,7.3509,7.5646,0.1343,7.4303,7.699,1025.83666,96.879,1646.62,6.5342,5.0,2035-05-15
2026-09-24,APFD19,AUTOPISTA FERNAO DIAS S/A,*,2031-09-15,"IPCA + 6,3854%",IPCA_MAIS,6.3854,7.6708,7.3708,7.4883,0.2155,7.2729,7.7039,1052.293319,97.242,680.77,2.7015,,2029-05-15
2026-09-24,APPSA2,AUTOPISTA PLANALTO SUL S/A,*,2031-09-15,"IPCA + 6,78%",IPCA_MAIS,6.78,,,9.1432,0.2172,8.926,9.3606,1052.571911,93.3904,783.27,3.1082,,2030-08-15
2026-09-24,APRB18,AUTOPISTA REGIS BITTENCOURT S/A,,2031-06-15,"IPCA + 4,5%",IPCA_MAIS,4.5,8.3434,8.2461,8.3019,0.2182,8.0837,8.5202,1277.033942,90.06,729.87,2.8963,10.0,2029-05-15
2026-09-24,ARTR19,ARTERIS S/A,*;**,2027-09-15,"IPCA + 4,8392%",IPCA_MAIS,4.8392,,8.7773,9.4962,0.4057,9.0905,9.902,675.776607,95.944,240.04,0.9525,,2027-05-15
2026-09-24,ARTRA7,ARTERIS S/A,*,2035-05-15,"IPCA + 7,7%",IPCA_MAIS,7.7,,,9.985,0.8016,9.1833,10.7867,957.232668,88.7832,1409.54,5.5934,,2033-05-15
2026-09-24,ARTRA8,ARTERIS S/A,*,2032-10-15,"IPCA + 8,2857%",IPCA_MAIS,8.2857,10.45,10.0007,10.258,0.22,10.038,10.478,994.790648,92.429,1091.43,4.3311,5.0,2031-05-15
2026-09-24,ASAB11,ASA BRANCA HOLDING S.A.,*,2033-06-15,"IPCA + 6,25%",IPCA_MAIS,6.25,,,11.2282,0.2113,11.0169,11.4396,795.944064,86.4267,780.04,3.0954,,2030-08-15
2026-09-24,ASCP13,CONCESS. ROD. A. S. E C. PINTO S/A - ECOPISTAS,*,2030-03-15,"IPCA + 7,55%",IPCA_MAIS,7.55,7.7964,7.5875,7.6727,0.1054,7.5673,7.7783,899.586953,99.7673,514.69,2.0424,,2028-08-15
2026-09-24,ASCP23,CONCESS. ROD. A. S. E C. PINTO S/A - ECOPISTAS,*,2035-03-15,"IPCA + 8,15%",IPCA_MAIS,8.15,8.3709,8.1961,8.3104,0.077,8.2334,8.3875,1152.43763,99.2286,1315.7,5.221,,2033-05-15
2026-09-24,ASER12,AGUAS DO SERTAO S.A.,*,2043-12-15,"IPCA + 8,4051%",IPCA_MAIS,8.4051,,12.1123,12.3082,0.5151,11.793,12.8234,954.403378,77.6027,1708.25,6.7788,35.0,2035-05-15
2026-09-24,ASSR21,ASSURUA 5 ENERGIA S.A,*,2041-06-15,"IPCA + 7,1071%",IPCA_MAIS,7.1071,9.0782,8.8494,8.9388,0.1334,8.8054,9.0723,850.298581,89.6377,1582.85,6.2812,5.0,2035-05-15
2026-09-24,ATHT11,ATHON GERACAO DISTRIBUIDA III S.A.,*,2041-09-15,"IPCA + 7,3293%",IPCA_MAIS,7.3293,8.664,8.4982,8.5152,0.1744,8.3407,8.6897,0.936942,93.7578,1455.11,5.7742,,2033-05-15
2026-09-24,ATII12,ATHON GERACAO DISTRIBUIDA II S.A.,*,2041-09-15,"IPCA + 7,3293%",IPCA_MAIS,7.3293,8.6748,8.4982,8.57,0.1086,8.4613,8.6787,0.934213,93.4847,1453.09,5.7662,,2033-05-15
2026-09-24,AURE12,AUREN ENERGIA S.A.,*,2034-04-15,"IPCA + 6,298%",IPCA_MAIS,6.298,8.0797,7.7478,7.9742,0.1449,7.8294,8.1192,1051.036847,92.0946,1317.29,5.2273,,2033-05-15
2026-09-24,AURP12,AUREN PARTICIPACOES S.A.,*,2035-04-15,"IPCA + 7,4515%",IPCA_MAIS,7.4515,8.0418,7.7582,7.9473,0.0938,7.8534,8.0412,1061.316543,97.4126,1431.05,5.6788,,2033-05-15
2026-09-24,AURP13,AUREN PARTICIPACOES S.A.,*,2037-07-15,"IPCA + 6,9164%",IPCA_MAIS,6.9164,8.1082,7.7538,7.9516,0.0579,7.8937,8.0095,987.254089,93.3735,1779.4,7.0611,5.0,2035-05-15
2026-09-24,AXIA18,CENTRAIS ELETRICAS BRASILEIRAS S/A ELETROBRAS,*,2033-02-15,"IPCA + 6,8%",IPCA_MAIS,6.8,7.7473,7.54,7.6297,0.1638,7.4659,7.7936,993.801136,96.0326,1314.78,5.2174,15.0,2033-05-15
2026-09-24,AXIA19,CENTRAIS ELETRICAS BRASILEIRAS S/A ELETROBRAS,*,2036-06-15,"IPCA + 8,0036%",IPCA_MAIS,8.0036,7.7925,7.5088,7.6843,0.1874,7.4969,7.8718,1037.076274,101.8923,1598.89,6.3448,50.0,2035-05-15
2026-09-24,AXIA28,CENTRAIS ELETRICAS BRASILEIRAS S/A ELETROBRAS,*,2036-02-15,"IPCA + 6,7116%",IPCA_MAIS,6.7116,7.8543,7.5747,7.708,0.1044,7.6036,7.8125,969.42875,93.6857,1757.29,6.9734,35.0,2035-05-15
2026-09-24,AXIA38,CENTRAIS ELETRICAS BRASILEIRAS S/A ELETROBRAS,*,2041-02-15,"IPCA + 6,6752%",IPCA_MAIS,6.6752,7.5207,7.345,7.4281,0.1154,7.3127,7.5435,971.791632,93.9175,2228.82,8.8445,,2040-08-15
2026-09-24,AXIAA1,CENTRAIS ELETRICAS BRASILEIRAS S/A ELETROBRAS,*,2036-07-15,"IPCA + 7,9537%",IPCA_MAIS,7.9537,7.822,7.5413,7.6957,0.1284,7.5673,7.8242,1027.253924,101.5473,1619.78,6.4277,50.0,2035-05-15
2026-09-24,BARU11,BARUERI ENERGIA RENOVAVEL S.A.,*,2043-03-15,"IPCA + 7,7959%",IPCA_MAIS,7.7959,8.2513,8.14,8.1461,0.1742,7.9719,8.3204,1259.199239,97.6571,1834.31,7.279,,2037-05-15
2026-09-24,BCPSA5,CLARO S/A,,2029-03-15,"IPCA + 5,7687%",IPCA_MAIS,5.7687,7.2422,6.8466,7.0238,0.1962,6.8276,7.22,1086.084188,97.3097,582.3,2.3107,40.0,2029-05-15
2026-09-24,BCPSA7,CLARO S/A,*,2036-01-15,"IPCA + 7,0225%",IPCA_MAIS,7.0225,7.5134,7.3734,7.451,0.101,7.3501,7.5521,1019.82904,97.5085,1587.35,6.299,50.0,2035-05-15
2026-09-24,BHSA11,BARREIRAS HOLDING S.A.,*,2044-03-15,"IPCA + 6,8413%",IPCA_MAIS,6.8413,,8.014,8.1641,0.1699,7.9941,8.3341,978.879376,91.0649,1874.74,7.4394,5.0,2037-05-15
2026-09-24,BION17,BIOENERGETICA VALE DO PARACATU S/A.,*,2032-10-15,"IPCA + 10,1044%",IPCA_MAIS,10.1044,10.7616,10.4481,10.6862,0.312,10.3742,10.9983,1067.96632,98.2299,852.21,3.3818,,2030-08-15
2026-09-24,BLMN12,BELO MONTE TRANSMISSORA DE ENERGIA SPE S.A.,,2031-12-15,"IPCA + 7,1358%",IPCA_MAIS,7.1358,7.4271,7.1758,7.3075,0.2589,7.0485,7.5665,1010.86828,99.6538,545.19,2.1635,5.0,2029-05-15
2026-09-24,BRKP28,BRK AMBIENTAL PARTICIPACOES S/A,*,2034-09-15,"IPCA + 5,5365%",IPCA_MAIS,5.5365,9.9226,9.2732,9.4902,0.2352,9.255,9.7254,1175.162695,82.5288,1299.59,5.1571,50.0,2033-05-15
2026-09-24,BRST11,BRISANET SERVICOS DE TELECOMUNICACOES S.A.,*,2028-03-15,"IPCA + 5,7694%",IPCA_MAIS,5.7694,6.8074,6.3103,6.4712,0.1926,6.2786,6.664,574.137752,99.3791,237.18,0.9412,,2027-05-15
2026-09-24,BRST15,BRISANET SERVICOS DE TELECOMUNICACOES S.A.,*,2032-12-15,"IPCA + 8,0355%",IPCA_MAIS,8.0355,8.5552,8.2517,8.3877,0.1488,8.2389,8.5366,1044.021624,98.6291,1067.58,4.2364,35.0,2031-05-15
2026-09-24,BTCL12,BRAZIL TOWER CESSAO DE INFRA-ESTRUTURAS S.A.,*,2039-02-15,"IPCA + 10,7609%",IPCA_MAIS,10.7609,10.4204,9.9417,10.1698,0.0732,10.0965,10.2431,1110.354824,102.9501,1376.82,5.4636,5.0,2033-05-15
2026-09-24,BTEL23,V.TAL - REDE NEUTRA DE TELECOMUNICACOES S.A.,*,2032-04-15,"IPCA + 8,27%",IPCA_MAIS,8.27,10.293,9.7776,9.9513,0.2033,9.748,10.1547,1023.191201,93.9572,1014.1,4.0242,,2031-05-15
2026-09-24,BTEL33,V.TAL - REDE NEUTRA DE TELECOMUNICACOES S.A.,*,2035-04-15,"IPCA + 8,45%",IPCA_MAIS,8.45,10.8449,10.1669,10.5366,0.0937,10.4428,10.6304,982.211746,90.1276,1357.16,5.3856,,2033-05-15
2026-09-24,CAEC12,COMPANHIA DE AGUA E ESGOTO DO CEARA - CAGECE,*,2036-06-15,"IPCA + 8,1891%",IPCA_MAIS,8.1891,8.2561,7.8622,8.0439,0.1164,7.9275,8.1605,1136.86565,100.8444,1579.35,6.2673,,2035-05-15
2026-09-24,CAJS11,CONCESSIONARIA AGUAS DE JUTURNAIBA S/A,,2040-11-15,"IPCA + 5,4%",IPCA_MAIS,5.4,,8.1735,8.3051,0.3589,7.9461,8.6641,1052.345913,84.8612,1464.72,5.8124,,2033-05-15
2026-09-24,CAJS12,CONCESSIONARIA AGUAS DE JUTURNAIBA S/A,*,2037-09-15,"IPCA + 6,85%",IPCA_MAIS,6.85,8.8042,8.3502,8.5696,0.094,8.4755,8.6637,910.618388,93.0647,1116.38,4.4301,,2031-05-15
2026-09-24,CART13,CONCESSIONÁRIA AUTO RAPOSO TAVARES S/A,*,2035-12-15,"IPCA + 6,8138%",IPCA_MAIS,6.8138,8.7853,8.4694,8.6425,0.1459,8.4966,8.7885,11251.284406,93.5753,972.85,3.8605,,2031-05-15
2026-09-24,CASN23,COMPANHIA CATARINENSE DE AGUAS E SANEAMENTO - CASAN,*,2033-11-16,"IPCA + 10,3294%",IPCA_MAIS,10.3294,8.5484,8.3364,8.4007,0.0773,8.3234,8.4781,1161.244357,105.2256,737.31,2.9258,,2029-05-15
2026-09-24,CASN24,COMPANHIA CATARINENSE DE AGUAS E SANEAMENTO - CASAN,*,2032-04-15,"IPCA + 9,9878%",IPCA_MAIS,9.9878,,8.5999,8.8979,0.2532,8.6447,9.1513,1132.571639,102.9269,732.82,2.908,35.0,2029-05-15
2026-09-24,CASN34,COMPANHIA CATARINENSE DE AGUAS E SANEAMENTO - CASAN,*,2037-04-15,"IPCA + 10,6573%",IPCA_MAIS,10.6573,8.8171,8.4709,8.727,0.227,8.5,8.9541,1189.713056,107.8287,1096.88,4.3527,,2031-05-15
2026-09-24,CBAN12,CONCESSIONÁRIA ROTA DAS BANDEIRAS S/A,,2034-07-15,IPCA + 5%,IPCA_MAIS,5.0,7.8627,7.4961,7.6962,0.3115,7.3847,8.0077,1445.264407,90.1574,1015.09,4.0281,10.0,2031-05-15
2026-09-24,CBAN32,CONCESSIONÁRIA ROTA DAS BANDEIRAS S/A,,2034-07-15,"IPCA + 5,2%",IPCA_MAIS,5.2,7.8662,7.5146,7.7568,0.3177,7.4391,8.0745,1460.151586,90.6901,1011.52,4.014,,2031-05-15
2026-09-24,CBAN52,CONCESSIONÁRIA ROTA DAS BANDEIRAS S/A,,2034-07-15,"IPCA + 5,2%",IPCA_MAIS,5.2,7.8659,7.5143,7.7564,0.3177,7.4388,8.0742,1460.173343,90.6915,1011.52,4.014,,2031-05-15
2026-09-24,CBAN72,CONCESSIONÁRIA ROTA DAS BANDEIRAS S/A,,2034-07-15,"IPCA + 5,2%",IPCA_MAIS,5.2,7.8578,7.5014,7.7447,0.3173,7.4274,8.062,1460.809948,90.731,1011.65,4.0145,,2031-05-15
2026-09-24,CCLS11,CICLUS AMBIENTAL DO BRASIL S.A.,*,2031-01-15,"IPCA + 6,6739%",IPCA_MAIS,6.6739,14.4127,12.5514,13.1746,0.7496,12.4251,13.9243,1040.171931,80.3079,924.21,3.6675,,2030-08-15
2026-09-24,CCPV11,CONCESSIONARIA DE RODOVIAS PRVIAS S.A.,*,2030-02-15,"IPCA + 7,6%",IPCA_MAIS,7.6,7.7879,7.5864,7.6636,0.1604,7.5032,7.824,1195.364969,99.8117,803.92,3.1902,10.0,2030-08-15
2026-09-24,CCROA5,MOTIVA INFRAESTRUTURA DE MOBILIDADE S.A.,*,2033-11-15,"IPCA + 4,8791%",IPCA_MAIS,4.8791,7.7477,7.5108,7.5723,0.1521,7.4202,7.7244,945.195322,88.181,1231.32,4.8862,,2032-08-15
2026-09-24,CCROB4,MOTIVA INFRAESTRUTURA DE MOBILIDADE S.A.,*;**,2028-12-15,"IPCA + 4,25%",IPCA_MAIS,4.25,6.5277,5.866,6.2324,0.3564,5.876,6.5889,826.942183,97.835,291.27,1.1558,,2027-05-15
2026-09-24,CCROB6,MOTIVA INFRAESTRUTURA DE MOBILIDADE S.A.,*,2036-01-15,"IPCA + 6,437%",IPCA_MAIS,6.437,7.819,7.5358,7.6884,0.1395,7.5489,7.828,1182.061632,93.9139,1342.16,5.326,10.0,2033-05-15
2026-09-24,CDES11,VPORTS AUTORIDADE PORTUARIA S/A,*,2038-12-15,"IPCA + 8,0361%",IPCA_MAIS,8.0361,7.9069,7.5884,7.8264,0.126,7.7004,7.9526,1120.177934,101.2345,1594.47,6.3273,5.0,2035-05-15
2026-09-24,CEAD11,CEA II CENTRAIS EOLICAS ASSURUA II SPE S/A,,2030-06-15,"IPCA + 6,6605%",IPCA_MAIS,6.6605,8.1302,7.8733,8.043,0.2214,7.8217,8.2645,713.161214,97.7098,451.05,1.7899,,2028-08-15
2026-09-24,CEAL12,EQUATORIAL ALAGOAS DISTRIBUIDORA DE ENERGIA S.A.,*,2037-08-15,"IPCA + 7,3239%",IPCA_MAIS,7.3239,8.1108,7.88,7.9928,0.0794,7.9134,8.0723,1008.083986,95.8352,1717.25,6.8145,,2035-05-15
2026-09-24,CEAL21,EQUATORIAL ALAGOAS DISTRIBUIDORA DE ENERGIA S.A.,*,2034-10-15,"IPCA + 6,3618%",IPCA_MAIS,6.3618,8.1711,7.8141,8.0225,0.0831,7.9394,8.1058,1140.789321,92.7036,1223.13,4.8537,,2032-08-15
2026-09-24,CEAM11,AMBIENTAL CEARA 2 SPE S.A.,*,2045-12-15,"IPCA + 7,5232%",IPCA_MAIS,7.5232,10.9871,10.7605,10.869,0.1413,10.7277,11.0104,82.877033,78.376,1894.64,7.5184,,2037-05-15
2026-09-24,CEAP12,COMPANHIA DE ELETRICIDADE DO AMAPA - CEA,*;**,2030-07-15,"IPCA + 6,5%",IPCA_MAIS,6.5,8.0599,7.7024,7.8802,0.0846,7.7956,7.965,1118.345204,96.2666,743.39,2.95,,2030-08-15
2026-09-24,CEAP14,COMPANHIA DE ELETRICIDADE DO AMAPA - CEA,*,2033-12-15,"IPCA + 6,75%",IPCA_MAIS,6.75,8.1853,7.8415,8.0825,0.0909,7.9917,8.1735,1084.140846,93.9416,1263.32,5.0132,35.0,2032-08-15
2026-09-24,CEAP17,COMPANHIA DE ELETRICIDADE DO AMAPA - CEA,*,2036-12-15,"IPCA + 7,9091%",IPCA_MAIS,7.9091,8.2795,7.9839,8.1248,0.0916,8.0332,8.2164,1091.474116,98.7503,1584.59,6.2881,,2035-05-15
2026-09-24,CEAP19,COMPANHIA DE ELETRICIDADE DO AMAPA - CEA,*,2037-06-15,"IPCA + 7,0606%",IPCA_MAIS,7.0606,,7.8276,7.9959,0.0857,7.9103,8.0817,1006.921697,94.3163,1684.02,6.6826,,2035-05-15
2026-09-24,CEEBB6,CIA DE ELETRICIDADE DO ESTADO DA BAHIA - COELBA,*,2030-08-15,"IPCA + 6,25%",IPCA_MAIS,6.25,8.1269,7.8082,7.978,0.0568,7.9212,8.0349,1098.528869,95.1922,768.1,3.048,,2030-08-15
2026-09-24,CEEBB7,CIA DE ELETRICIDADE DO ESTADO DA BAHIA - COELBA,*,2033-11-15,"IPCA + 6,1%",IPCA_MAIS,6.1,8.1818,7.8608,8.0661,0.1248,7.9413,8.191,1056.408535,91.1613,1261.21,5.0048,,2032-08-15
2026-09-24,CEEBC3,CIA DE ELETRICIDADE DO ESTADO DA BAHIA - COELBA,*,2031-10-15,"IPCA + 5,8224%",IPCA_MAIS,5.8224,8.1086,7.8146,7.976,0.0815,7.8945,8.0577,1221.176796,93.1387,884.9,3.5115,,2030-08-15
2026-09-24,CEEBC4,CIA DE ELETRICIDADE DO ESTADO DA BAHIA - COELBA,*,2032-04-15,"IPCA + 6,2792%",IPCA_MAIS,6.2792,8.1457,7.8321,8.0069,0.0742,7.9327,8.0812,1167.506356,93.9522,970.61,3.8516,,2031-05-15
2026-09-24,CEEBD2,CIA DE ELETRICIDADE DO ESTADO DA BAHIA - COELBA,*,2035-11-15,"IPCA + 6,3%",IPCA_MAIS,6.3,8.1652,8.005,8.077,0.1443,7.9328,8.2214,947.051591,89.2713,1705.26,6.7669,50.0,2035-05-15
2026-09-24,CEEBE3,CIA DE ELETRICIDADE DO ESTADO DA BAHIA - COELBA,*,2031-03-15,"IPCA + 7,0099%",IPCA_MAIS,7.0099,8.1276,7.833,7.9516,0.1732,7.7784,8.1249,1021.202732,96.7031,962.59,3.8198,,2031-05-15
2026-09-24,CEED12,COMPANHIA ESTADUAL DE DISTRIBUICAO DE ENERGIA ELETRICA - CEEE D,*,2029-12-15,"IPCA + 7,1498%",IPCA_MAIS,7.1498,7.7573,7.5728,7.6811,0.1187,7.5624,7.7999,1193.207594,98.5955,720.26,2.8582,10.0,2029-05-15
2026-09-24,CEED13,COMPANHIA ESTADUAL DE DISTRIBUICAO DE ENERGIA ELETRICA - CEEE D,*,2030-07-15,"IPCA + 6,5%",IPCA_MAIS,6.5,8.0801,7.7549,7.9088,0.2112,7.6976,8.1201,1117.343477,96.1913,743.34,2.9498,,2030-08-15
2026-09-24,CEED15,COMPANHIA ESTADUAL DE DISTRIBUICAO DE ENERGIA ELETRICA - CEEE D,*,2036-05-15,"IPCA + 6,5596%",IPCA_MAIS,6.5596,8.1151,7.7863,7.9738,0.1211,7.8528,8.095,1041.006768,92.1504,1549.55,6.149,10.0,2035-05-15
2026-09-24,CEED17,COMPANHIA ESTADUAL DE DISTRIBUICAO DE ENERGIA ELETRICA - CEEE D,*,2036-09-15,"IPCA + 6,6493%",IPCA_MAIS,6.6493,8.2589,7.9763,8.1079,0.1243,7.9836,8.2323,1003.571536,91.5252,1629.37,6.4658,,2035-05-15
2026-09-24,CEED19,COMPANHIA ESTADUAL DE DISTRIBUICAO DE ENERGIA ELETRICA - CEEE D,*,2037-06-15,"IPCA + 7,0606%",IPCA_MAIS,7.0606,8.0847,7.9724,8.0018,0.1173,7.8846,8.1192,1006.55418,94.2818,1683.88,6.6821,,2035-05-15
2026-09-24,CEED21,COMPANHIA ESTADUAL DE DISTRIBUICAO DE ENERGIA ELETRICA - CEEE D,,2029-08-15,"IPCA + 5,4409%",IPCA_MAIS,5.4409,7.7301,7.4829,7.6014,0.1663,7.435,7.7678,1258.074329,95.5657,562.52,2.2322,,2029-05-15
2026-09-24,CEPEA7,COMPANHIA ENERGÉTICA DE PERNAMBUCO - CELPE,*,2035-08-15,"IPCA + 6,7929%",IPCA_MAIS,6.7929,8.0173,7.8054,7.9185,0.086,7.8326,8.0046,1020.607604,91.1543,2226.0,8.8333,,2040-08-15
2026-09-24,CEPEA8,COMPANHIA ENERGÉTICA DE PERNAMBUCO - CELPE,*,2031-03-15,"IPCA + 7,0099%",IPCA_MAIS,7.0099,8.1458,7.8325,7.9299,0.1845,7.7454,8.1145,1021.987269,96.7774,962.67,3.8201,,2031-05-15
2026-09-24,CEPEB3,COMPANHIA ENERGÉTICA DE PERNAMBUCO - CELPE,*,2033-11-15,"IPCA + 6,1%",IPCA_MAIS,6.1,8.1799,7.8355,8.0509,0.0887,7.9622,8.1397,1057.152553,91.2255,1261.35,5.0054,,2032-08-15
2026-09-24,CEPEB7,COMPANHIA ENERGÉTICA DE PERNAMBUCO - CELPE,*,2040-08-15,"IPCA + 6,7392%",IPCA_MAIS,6.7392,8.0094,7.8053,7.9069,0.088,7.8189,7.995,956.515109,91.0242,2150.02,8.5318,,2040-08-15
2026-09-24,CEPEC1,COMPANHIA ENERGÉTICA DE PERNAMBUCO - CELPE,*,2031-10-15,"IPCA + 5,875%",IPCA_MAIS,5.875,8.1264,7.8466,7.9887,0.0611,7.9276,8.05,1223.169615,93.2701,884.06,3.5082,,2030-08-15
2026-09-24,CEPEC2,COMPANHIA ENERGÉTICA DE PERNAMBUCO - CELPE,*,2032-04-15,"IPCA + 6,2792%",IPCA_MAIS,6.2792,8.133,7.8193,8.0101,0.109,7.9011,8.1192,1167.373137,93.9415,970.59,3.8515,,2031-05-15
2026-09-24,CEROA4,CENTRAIS ELETRICAS DE RONDONIA S/A CERON,*,2035-10-15,"IPCA + 7,2856%",IPCA_MAIS,7.2856,8.1426,7.901,8.0711,0.0883,7.9828,8.1596,1021.591438,95.3412,1639.0,6.504,,2035-05-15
2026-09-24,CEROB4,CENTRAIS ELETRICAS DE RONDONIA S/A CERON,*,2040-10-15,"IPCA + 7,1683%",IPCA_MAIS,7.1683,8.1489,7.8717,8.0606,0.113,7.9476,8.1738,999.392876,93.3148,2079.36,8.2514,,2037-05-15
2026-09-24,CERR18,CERRADINHO BIOENERGIA S/A,*,2034-12-15,"IPCA + 8,3082%",IPCA_MAIS,8.3082,,9.6471,9.6868,0.4737,9.2131,10.1607,1032.62755,93.4004,1350.53,5.3592,35.0,2033-05-15
2026-09-24,CERT11,CONCESSIONARIA ECOVIAS RAPOSO-CASTELO S.A,*,2029-03-15,"IPCA + 8,1773%",IPCA_MAIS,8.1773,8.2986,7.9592,8.1165,0.185,7.9315,8.3015,1206.816391,100.1375,616.0,2.4444,50.0,2029-05-15
2026-09-24,CESE32,CELSE - CENTRAIS ELETRICAS DE SERGIPE S.A.,*,2030-09-15,"IPCA + 7,4941%",IPCA_MAIS,7.4941,7.9709,7.6973,7.8396,0.1654,7.6742,8.0052,1133.920168,99.0128,778.78,3.0904,15.0,2030-08-15
2026-09-24,CESPA2,CESP-COMPANHIA ENERGETICA DE SAO PAULO,*;**,2030-08-15,"IPCA + 4,3%",IPCA_MAIS,4.3,7.8705,7.6373,7.7495,0.1295,7.6199,7.8791,1316.240458,91.619,674.51,2.6766,,2029-05-15
2026-09-24,CESPA3,CESP-COMPANHIA ENERGETICA DE SAO PAULO,*,2034-04-15,"IPCA + 6,1661%",IPCA_MAIS,6.1661,8.0908,7.7965,7.9575,0.1,7.8575,8.0576,1046.011716,91.5394,1321.64,5.2446,,2033-05-15
2026-09-24,CGASA1,COMPANHIA DE GAS DE SÃO PAULO - COMGAS,*,2034-07-15,"IPCA + 6,3763%",IPCA_MAIS,6.3763,7.8208,7.6077,7.73,0.1418,7.5882,7.872,1030.001629,92.5202,1539.6,6.1095,,2035-05-15
2026-09-24,CGASA2,COMPANHIA DE GAS DE SÃO PAULO - COMGAS,*,2036-12-15,"IPCA + 7,1728%",IPCA_MAIS,7.1728,7.8401,7.517,7.6778,0.1216,7.5562,7.7995,1065.898513,96.6503,1819.02,7.2183,,2037-05-15
2026-09-24,CGASA4,COMPANHIA DE GAS DE SÃO PAULO - COMGAS,*,2037-09-15,"IPCA + 6,7998%",IPCA_MAIS,6.7998,7.894,7.5053,7.6537,0.1014,7.5523,7.7553,978.929787,93.9475,1961.86,7.7852,,2037-05-15
2026-09-24,CGASB1,COMPANHIA DE GAS DE SÃO PAULO - COMGAS,*,2039-07-15,"IPCA + 6,4504%",IPCA_MAIS,6.4504,7.825,7.5758,7.6764,0.1186,7.5578,7.795,1013.262082,91.004,2049.96,8.1348,,2037-05-15
2026-09-24,CGASB4,COMPANHIA DE GAS DE SÃO PAULO - COMGAS,*,2040-09-15,"IPCA + 6,5846%",IPCA_MAIS,6.5846,7.6096,7.3951,7.4983,0.1872,7.3111,7.6855,966.380722,92.7484,2200.46,8.732,,2040-08-15
2026-09-24,CGEE13,COMPANHIA ESTADUAL DE GERACAO DE ENERGIA ELETRICA - CEEE-G,*,2041-12-14,"IPCA + 8,7219%",IPCA_MAIS,8.7219,,13.6916,14.1442,0.0953,14.0488,14.2396,820.146141,75.7273,1346.58,5.3436,,2033-05-15
2026-09-24,CGEE23,COMPANHIA ESTADUAL DE GERACAO DE ENERGIA ELETRICA - CEEE-G,*,2041-12-15,"IPCA + 8,7219%",IPCA_MAIS,8.7219,,13.8569,14.1295,0.0911,14.0384,14.2207,820.710878,75.7795,1347.05,5.3454,,2033-05-15
2026-09-24,CGMG18,COMPANHIA DE GÁS DE MINAS GERAIS - GASMIG,,2031-08-15,"IPCA + 5,27%",IPCA_MAIS,5.27,7.5522,7.1959,7.3112,0.1763,7.1349,7.4875,906.720777,94.9923,669.3,2.656,5.0,2029-05-15
2026-09-24,CGOS13,EQUATORIAL GOIAS DISTRIBUIDORA DE ENERGIA S.A.,*,2031-04-15,"IPCA + 7,1%",IPCA_MAIS,7.1,8.0532,7.7384,7.8947,0.1478,7.7469,8.0426,1161.013811,97.7616,770.37,3.057,10.0,2030-08-15
2026-09-24,CGOS16,EQUATORIAL GOIAS DISTRIBUIDORA DE ENERGIA S.A.,*,2036-05-15,"IPCA + 6,4895%",IPCA_MAIS,6.4895,8.2528,7.9074,8.0647,0.1195,7.9452,8.1842,1031.616044,91.2838,1550.69,6.1535,,2035-05-15
2026-09-24,CGOS24,EQUATORIAL GOIAS DISTRIBUIDORA DE ENERGIA S.A.,*,2031-10-15,"IPCA + 6,4407%",IPCA_MAIS,6.4407,8.0565,7.7139,7.873,0.1396,7.7334,8.0127,1118.796433,95.4443,876.17,3.4769,,2030-08-15
2026-09-24,CGOS28,EQUATORIAL GOIAS DISTRIBUIDORA DE ENERGIA S.A.,*,2036-09-15,"IPCA + 6,6493%",IPCA_MAIS,6.6493,8.1899,7.9544,8.0844,0.1386,7.9458,8.2231,1004.773308,91.654,1629.8,6.4675,,2035-05-15
2026-09-24,CGOS34,EQUATORIAL GOIAS DISTRIBUIDORA DE ENERGIA S.A.,*,2035-10-15,"IPCA + 6,6789%",IPCA_MAIS,6.6789,8.1974,7.8623,8.0534,0.1169,7.9365,8.1703,1089.276354,92.8337,1452.67,5.7646,,2033-05-15
2026-09-24,CGOSA0,EQUATORIAL GOIAS DISTRIBUIDORA DE ENERGIA S.A.,*,2037-08-15,"IPCA + 7,3239%",IPCA_MAIS,7.3239,8.095,7.8541,8.0208,0.1083,7.9125,8.1292,1006.305016,95.6661,1716.57,6.8118,,2035-05-15
2026-09-24,CGOSA2,EQUATORIAL GOIAS DISTRIBUIDORA DE ENERGIA S.A.,*,2038-01-15,"IPCA + 6,57%",IPCA_MAIS,6.57,,8.0261,8.2094,0.1437,8.0657,8.3532,934.603257,89.6227,1786.55,7.0895,50.0,2037-05-15
2026-09-24,CGOSB0,EQUATORIAL GOIAS DISTRIBUIDORA DE ENERGIA S.A.,*,2037-08-15,"IPCA + 7,3239%",IPCA_MAIS,7.3239,8.197,7.9156,8.0418,0.1331,7.9087,8.1751,1004.973612,95.5395,1716.06,6.8098,,2035-05-15
2026-09-24,CHSF13,COMPANHIA HIDRO ELETRICA DO SAO FRANCISCO - CHESF,*,2031-06-15,"IPCA + 6,767%",IPCA_MAIS,6.767,7.6708,7.4454,7.525,0.1974,7.3276,7.7225,1093.147207,97.201,1009.72,4.0068,15.0,2031-05-15
2026-09-24,CJEN13,TESC-TERMINAL SANTA CATARINA S/A,*,2035-12-15,"IPCA + 8,1693%",IPCA_MAIS,8.1693,,,8.1927,0.2113,7.9814,8.4042,1165.066723,99.9146,994.95,3.9482,45.0,2031-05-15
2026-09-24,CLAG13,COLOMBO AGROINDUSTRIA SA,*,2028-07-15,"IPCA + 5,4806%",IPCA_MAIS,5.4806,,,7.5903,0.2728,7.3174,7.8632,863.31964,97.5626,313.34,1.2434,,2028-08-15
2026-09-24,CLAG15,COLOMBO AGROINDUSTRIA SA,*,2032-12-15,"IPCA + 7,77%",IPCA_MAIS,7.77,,8.4155,8.5821,0.0834,8.4987,8.6656,1022.195099,96.6047,1156.42,4.589,,2032-08-15
2026-09-24,CLCD26,CELESC DISTRIBUIÇÃO S/A,*,2030-11-15,"IPCA + 6,5279%",IPCA_MAIS,6.5279,7.3693,7.223,7.236,0.2117,7.0243,7.4477,1142.898739,98.1681,702.34,2.7871,,2029-05-15
2026-09-24,CLCD27,CELESC DISTRIBUIÇÃO S/A,*,2034-07-15,"IPCA + 6,9534%",IPCA_MAIS,6.9534,7.5617,7.264,7.4385,0.2411,7.1974,7.6796,1088.017292,97.6427,1325.87,5.2614,45.0,2033-05-15
2026-09-24,CLIS13,CLI SUL S/A,*,2035-08-15,"IPCA + 8,5536%",IPCA_MAIS,8.5536,7.7973,7.4595,7.6846,0.2152,7.4695,7.8999,1122.891909,104.036,1246.69,4.9472,,2032-08-15
2026-09-24,CLTM14,CONCESSIONARIA DAS LINHAS 8 E 9 DO SISTEMA DE TRENS METROPOLITANOS DE SAO PAULO S.A.,*,2042-01-15,"IPCA + 7,25%",IPCA_MAIS,7.25,8.9092,8.7473,8.894,0.0935,8.8005,8.9876,1037.215086,91.7631,1393.43,5.5295,50.0,2033-05-15
2026-09-24,CMGD28,CEMIG DISTRIBUIÇÃO S/A,*,2029-06-15,"IPCA + 6,1052%",IPCA_MAIS,6.1052,7.3367,7.0873,7.2167,0.2307,6.986,7.4474,1183.804527,97.8827,516.96,2.0514,,2028-08-15
2026-09-24,CMGDA4,CEMIG DISTRIBUIÇÃO S/A,*,2037-10-15,"IPCA + 6,7878%",IPCA_MAIS,6.7878,7.8094,7.5253,7.7267,0.0738,7.6529,7.8006,1003.995912,93.9186,1792.3,7.1123,40.0,2037-05-15
2026-09-24,CMGDB0,CEMIG DISTRIBUIÇÃO S/A,*,2034-02-15,"IPCA + 6,1469%",IPCA_MAIS,6.1469,7.766,7.5026,7.6332,0.1578,7.4753,7.7911,1042.583068,92.9023,1327.53,5.268,,2033-05-15
2026-09-24,CMGDB1,CEMIG DISTRIBUIÇÃO S/A,*,2036-09-15,"IPCA + 6,5769%",IPCA_MAIS,6.5769,7.8242,7.5306,7.6865,0.1318,7.5547,7.8185,1019.526243,92.8849,1783.23,7.0763,10.0,2035-05-15
2026-09-24,CMGDB2,CEMIG DISTRIBUIÇÃO S/A,*,2040-03-15,"IPCA + 7,5467%",IPCA_MAIS,7.5467,7.8659,7.5661,7.7636,0.0863,7.6773,7.85,1045.707857,98.3484,2078.21,8.2469,,2037-05-15
2026-09-24,CMGDB4,CEMIG DISTRIBUIÇÃO S/A,*,2040-10-15,"IPCA + 6,6504%",IPCA_MAIS,6.6504,7.8102,7.4876,7.7534,0.1704,7.583,7.9239,978.295861,91.5669,2128.85,8.4478,45.0,2040-08-15
2026-09-24,CMGDB6,CEMIG DISTRIBUIÇÃO S/A,,2038-08-15,"IPCA + 7,35%",IPCA_MAIS,7.35,,,,,,,,,,,,2037-05-15
2026-09-24,CMGTA1,CEMIG GERAÇÃO E TRANSMISSÃO S/A,*,2037-10-15,"IPCA + 6,7878%",IPCA_MAIS,6.7878,7.7942,7.6273,7.7409,0.106,7.6349,7.847,1003.055266,93.8306,1791.88,7.1106,50.0,2037-05-15
2026-09-24,CMGTB1,CEMIG GERAÇÃO E TRANSMISSÃO S/A,*,2040-10-15,"IPCA + 6,6504%",IPCA_MAIS,6.6504,7.9645,7.5448,7.8125,0.1719,7.6406,7.9845,973.778014,91.144,2125.75,8.4355,50.0,2040-08-15
2026-09-24,CMIN11,CSN MINERACAO S.A.,*,2031-07-15,"IPCA + 4,879%",IPCA_MAIS,4.879,15.2894,13.0638,13.9028,0.7531,13.1498,14.656,939.508964,70.6471,1044.99,4.1468,40.0,2031-05-15
2026-09-24,CMIN12,CSN MINERACAO S.A.,,2032-07-15,"IPCA + 6,8798%",IPCA_MAIS,6.8798,15.4482,13.1368,14.5491,0.5275,14.0215,15.0767,872.188031,72.1924,1157.01,4.5913,,2032-08-15
2026-09-24,CMIN21,CSN MINERACAO S.A.,*,2036-07-15,"IPCA + 5,021%",IPCA_MAIS,5.021,14.7518,11.0025,12.6117,0.4463,12.1654,13.0582,843.232158,63.3904,1578.81,6.2651,,2035-05-15
2026-09-24,CMIN22,CSN MINERACAO S.A.,,2037-07-15,"IPCA + 7,0673%",IPCA_MAIS,7.0673,15.0073,11.3101,13.2585,0.9436,12.315,14.2022,824.687335,68.2369,1627.71,6.4592,,2035-05-15
2026-09-24,CMTR29,CEMIG GERAÇÃO E TRANSMISSÃO S/A,*,2029-12-15,"IPCA + 7,6245%",IPCA_MAIS,7.6245,7.4827,7.2117,7.3329,0.2015,7.1314,7.5344,1222.145075,100.7742,716.51,2.8433,40.0,2029-05-15
2026-09-24,CNRD12,CONCESSIONARIA DA RODOVIA MS 306 S.A.,*,2043-05-15,"IPCA + 7,6891%",IPCA_MAIS,7.6891,8.8933,8.5068,8.7362,0.1206,8.6156,8.8569,996.801492,93.4988,1725.37,6.8467,10.0,2035-05-15
2026-09-24,COCE18,COMPANHIA ENERGÉTICA DO CEARÁ - COELCE,*,2032-05-15,"IPCA + 6,2137%",IPCA_MAIS,6.2137,9.3193,8.9159,9.1001,0.1012,8.9989,9.2014,1099.541295,89.9662,986.6,3.9151,,2031-05-15
2026-09-24,COCEB2,COMPANHIA ENERGÉTICA DO CEARÁ - COELCE,*,2030-05-15,"IPCA + 7,9%",IPCA_MAIS,7.9,9.3867,8.9324,9.1574,0.0963,9.0611,9.2539,1041.285575,96.4568,783.2,3.1079,,2030-08-15
2026-09-24,COMR14,COMERC PARTICIPACOES S.A.,*,2038-11-15,"IPCA + 7,9171%",IPCA_MAIS,7.9171,9.7473,9.2566,9.5239,0.0685,9.4554,9.5925,1024.522823,92.7072,1269.07,5.036,10.0,2032-08-15
2026-09-24,COMR15,COMERC PARTICIPACOES S.A.,*,2040-04-15,"IPCA + 7,2209%",IPCA_MAIS,7.2209,9.8133,9.2627,9.5268,0.0795,9.4473,9.6064,924.14715,88.9046,1352.74,5.368,,2033-05-15
2026-09-24,COMT11,CONCESSIONARIA DE RODOVIA SUL - MATOGROSSENSE S.A,,2030-12-15,"IPCA + 7,3161%",IPCA_MAIS,7.3161,7.6776,7.3981,7.6051,0.161,7.4441,7.7662,1043.824553,99.0317,911.31,3.6163,35.0,2030-08-15
2026-09-24,CONF11,CONFLUENCIA ENERGIA S/A,*,2041-11-15,"IPCA + 6,6018%",IPCA_MAIS,6.6018,,,8.1546,0.1216,8.033,8.2763,1136.433835,91.3902,1534.86,6.0907,,2035-05-15
2026-09-24,CONX12,TRIPLE PLAY BRASIL PARTICIPACOES S.A.,*,2029-08-15,"IPCA + 7,684%",IPCA_MAIS,7.684,13.8842,13.0232,13.5645,0.1395,13.425,13.704,823.871623,91.2103,431.48,1.7122,35.0,2028-08-15
2026-09-24,CPFGA2,CPFL TRANSMISSAO S.A,*,2031-05-15,"IPCA + 6,0265%",IPCA_MAIS,6.0265,7.5229,7.2349,7.4091,0.2048,7.2043,7.614,1171.791655,95.9396,804.09,3.1908,,2030-08-15
2026-09-24,CPFPA2,COMPANHIA PIRATININGA DE FORÇA E LUZ,*;**,2031-05-15,"IPCA + 4,3%",IPCA_MAIS,4.3,7.5447,7.2526,7.4429,0.1421,7.3008,7.5851,1235.650236,90.684,825.62,3.2763,,2030-08-15
2026-09-24,CPFPA5,COMPANHIA PIRATININGA DE FORÇA E LUZ,*,2033-10-15,"IPCA + 6,1774%",IPCA_MAIS,6.1774,7.6804,7.3754,7.5357,0.1535,7.3822,7.6892,1098.399191,93.8932,1243.06,4.9328,35.0,2032-08-15
2026-09-24,CPFPA7,COMPANHIA PIRATININGA DE FORÇA E LUZ,*,2034-04-15,"IPCA + 6,235%",IPCA_MAIS,6.235,7.7353,7.4742,7.5817,0.2278,7.354,7.8096,1066.752953,93.5639,1323.54,5.2521,,2033-05-15
2026-09-24,CPFPA9,COMPANHIA PIRATININGA DE FORÇA E LUZ,*,2035-02-15,"IPCA + 7,7082%",IPCA_MAIS,7.7082,7.7577,7.4857,7.5607,0.1007,7.4599,7.6615,1083.770316,100.7866,1441.84,5.7216,,2033-05-15
2026-09-24,CPFPB0,COMPANHIA PIRATININGA DE FORÇA E LUZ,*,2035-05-15,"IPCA + 6,9249%",IPCA_MAIS,6.9249,7.7003,7.4231,7.5878,0.1369,7.4509,7.7248,1037.833753,96.4334,1475.72,5.856,,2033-05-15
2026-09-24,CPFPB1,COMPANHIA PIRATININGA DE FORÇA E LUZ,*,2035-09-15,"IPCA + 6,8967%",IPCA_MAIS,6.8967,7.6756,7.3369,7.511,0.1346,7.3764,7.6457,1005.53939,96.4988,1562.64,6.201,,2035-05-15
2026-09-24,CPFPB7,COMPANHIA PIRATININGA DE FORÇA E LUZ,*,2039-04-15,"IPCA + 6,3018%",IPCA_MAIS,6.3018,7.8218,7.4904,7.6167,0.1166,7.5001,7.7334,1032.951244,90.5902,1999.56,7.9348,,2037-05-15
2026-09-24,CPGS16,COMPANHIA PARANAENSE DE GAS COMPAGAS,,2041-02-15,"IPCA + 6,89%",IPCA_MAIS,6.89,,,,,,,,,,,,2040-08-15
2026-09-24,CPGT27,COPEL GERAÇÃO E TRANSMISSÃO S/A,*,2031-10-15,"IPCA + 5,7138%",IPCA_MAIS,5.7138,7.642,7.3465,7.4339,0.0813,7.3526,7.5153,1231.632414,94.4471,888.65,3.5264,45.0,2030-08-15
2026-09-24,CPGT28,COPEL GERAÇÃO E TRANSMISSÃO S/A,*,2035-01-15,"IPCA + 6,8226%",IPCA_MAIS,6.8226,7.7384,7.5125,7.6269,0.1108,7.5161,7.7378,1143.745994,95.7731,1445.6,5.7365,10.0,2033-05-15
2026-09-24,CPGTA1,COPEL GERAÇÃO E TRANSMISSÃO S/A,*,2038-01-15,"IPCA + 7,1841%",IPCA_MAIS,7.1841,7.7921,7.5417,7.7606,0.1221,7.6385,7.8828,1009.167486,96.4747,1678.53,6.6608,45.0,2035-05-15
2026-09-24,CPGTC0,COPEL GERAÇÃO E TRANSMISSÃO S/A,*,2037-02-15,"IPCA + 7,482%",IPCA_MAIS,7.482,7.6799,7.4973,7.5919,0.0953,7.4966,7.6873,1065.978032,99.3697,1558.06,6.1828,35.0,2035-05-15
2026-09-24,CPIS13,EQUATORIAL PIAUI DISTRIBUIDORA DE ENERGIA S.A,*,2036-09-15,"IPCA + 6,8091%",IPCA_MAIS,6.8091,8.1417,7.9734,8.0511,0.074,7.9771,8.1252,1017.26751,92.7704,1624.19,6.4452,10.0,2035-05-15
2026-09-24,CPIS14,EQUATORIAL PIAUI DISTRIBUIDORA DE ENERGIA S.A,*,2037-08-15,"IPCA + 7,3239%",IPCA_MAIS,7.3239,8.1139,7.9734,8.0462,0.1395,7.9067,8.1857,1004.694962,95.513,1715.95,6.8093,,2035-05-15
2026-09-24,CPIS15,EQUATORIAL PIAUI DISTRIBUIDORA DE ENERGIA S.A,*,2037-09-15,"IPCA + 7,1962%",IPCA_MAIS,7.1962,8.1479,7.7872,8.0009,0.0836,7.9174,8.0846,990.787014,94.931,1743.1,6.9171,,2035-05-15
2026-09-24,CPIS16,EQUATORIAL PIAUI DISTRIBUIDORA DE ENERGIA S.A,*,2038-01-15,"IPCA + 6,57%",IPCA_MAIS,6.57,,7.9224,8.1765,0.1345,8.042,8.3111,936.620765,89.8161,1787.43,7.093,45.0,2037-05-15
2026-09-24,CPJG18,COMPANHIA JAGUARI DE ENERGIA,*,2036-03-15,"IPCA + 6,458%",IPCA_MAIS,6.458,,,7.512,0.1184,7.3937,7.6305,960.557358,93.713,1651.78,6.5547,,2035-05-15
2026-09-24,CPLD15,COPEL DISTRIBUICAO S/A,,2027-11-15,"IPCA + 4,2%",IPCA_MAIS,4.2,,,5.4413,0.1499,5.2914,5.5913,980.098553,99.2726,154.99,0.615,,2027-05-15
2026-09-24,CPLD26,COPEL DISTRIBUICAO S/A,*,2031-06-15,"IPCA + 4,7742%",IPCA_MAIS,4.7742,7.5316,7.4238,7.4649,0.1383,7.3267,7.6033,1233.685499,91.8492,841.04,3.3375,,2030-08-15
2026-09-24,CPLD29,COPEL DISTRIBUICAO S/A,*,2036-05-15,"IPCA + 6,2831%",IPCA_MAIS,6.2831,7.6656,7.5803,7.6159,0.1767,7.4392,7.7927,1053.565973,93.1949,1413.39,5.6087,,2033-05-15
2026-09-24,CPLD37,COPEL DISTRIBUICAO S/A,*,2032-05-15,"IPCA + 6,1732%",IPCA_MAIS,6.1732,7.6375,7.4065,7.5206,0.1601,7.3605,7.6807,1159.47487,95.1262,995.14,3.949,,2031-05-15
2026-09-24,CPLDA1,COPEL DISTRIBUICAO S/A,*,2038-01-15,"IPCA + 7,1841%",IPCA_MAIS,7.1841,7.7849,7.5338,7.6915,0.1098,7.5817,7.8014,1013.490739,96.888,1680.32,6.6679,50.0,2035-05-15
2026-09-24,CPLDC0,COPEL DISTRIBUICAO S/A,*,2037-07-15,"IPCA + 6,9543%",IPCA_MAIS,6.9543,7.754,7.4429,7.5702,0.1274,7.4427,7.6977,1021.119061,96.3519,1623.81,6.4437,5.0,2035-05-15
2026-09-24,CRCF12,CONCESSIONARIA RODOVIAS DO CAFE SPE S.A.,*,2041-03-15,"IPCA + 8,4668%",IPCA_MAIS,8.4668,9.3318,8.733,8.9663,0.1224,8.8438,9.0888,1157.699892,96.5943,1888.26,7.4931,15.0,2037-05-15
2026-09-24,CRMG15,CONCESSIONÁRIA DA RODOVIA MG-050 S/A,*,2030-12-15,"IPCA + 5,9668%",IPCA_MAIS,5.9668,,,7.0939,0.5815,6.5124,7.6755,838.387772,97.3803,629.77,2.4991,,2029-05-15
2026-09-24,CRNP13,CONCESSIONARIA DE RODOVIAS NOROESTE PAULISTA S.A.,*,2047-12-15,"IPCA + 8,3702%",IPCA_MAIS,8.3702,,8.5897,8.8062,0.0869,8.7193,8.8933,1032.009624,96.6313,2133.02,8.4644,45.0,2040-08-15
2026-09-24,CRNP23,CONCESSIONARIA DE RODOVIAS NOROESTE PAULISTA S.A.,*,2047-12-15,"IPCA + 8,3702%",IPCA_MAIS,8.3702,8.7303,8.5508,8.6082,0.1319,8.4763,8.7402,1048.103997,98.1383,2149.01,8.5278,10.0,2040-08-15
2026-09-24,CRTA12,CONCESSIONARIA ROTA DO OESTE S.A.,*,2043-12-15,"IPCA + 7,7178%",IPCA_MAIS,7.7178,8.6939,8.4104,8.5051,0.0703,8.4348,8.5755,1042.901618,94.3302,1997.33,7.9259,5.0,2037-05-15
2026-09-24,CRTR12,CONCESSIONARIA RODOVIAS DO TRIANGULO SPE S.A.,*,2041-08-15,"IPCA + 7,3201%",IPCA_MAIS,7.3201,9.268,8.6876,8.9509,0.1936,8.7574,9.1446,999.905723,90.4093,1652.46,6.5574,10.0,2035-05-15
2026-09-24,CSAN33,COSAN S.A.,*,2031-08-15,"IPCA + 5,7531%",IPCA_MAIS,5.7531,,10.0231,10.1901,0.1226,10.0675,10.3128,1147.342842,86.7624,863.77,3.4277,,2030-08-15
2026-09-24,CSMGA6,CIA DE SANEAMENTO DE M.GERAIS COPASA MG,*,2031-09-15,"IPCA + 5,2306%",IPCA_MAIS,5.2306,,,7.2933,0.1427,7.1507,7.4361,768.09369,94.8141,686.56,2.7244,,2029-05-15
2026-09-24,CSMGB8,CIA DE SANEAMENTO DE M.GERAIS COPASA MG,*,2030-09-15,"IPCA + 7,1%",IPCA_MAIS,7.1,8.2122,7.7673,7.9737,0.0694,7.9043,8.0432,1061.197372,98.4642,478.72,1.8997,10.0,2028-08-15
2026-09-24,CSMGB9,CIA DE SANEAMENTO DE M.GERAIS COPASA MG,*,2034-07-15,"IPCA + 7,2735%",IPCA_MAIS,7.2735,,,8.8313,0.1072,8.7242,8.9386,1061.38073,95.0389,881.26,3.4971,,2030-08-15
2026-09-24,CSMGC0,CIA DE SANEAMENTO DE M.GERAIS COPASA MG,*,2035-05-15,"IPCA + 8,21%",IPCA_MAIS,8.21,8.7546,8.4338,8.5791,0.0847,8.4944,8.6639,1044.5192,98.619,1026.95,4.0752,,2031-05-15
2026-09-24,CSMGE1,CIA DE SANEAMENTO DE M.GERAIS COPASA MG,*,2035-10-15,"IPCA + 8,3342%",IPCA_MAIS,8.3342,,,8.5051,0.05,8.4551,8.5552,1048.254355,99.3217,1086.98,4.3134,,2031-05-15
2026-09-24,CSMGE2,CIA DE SANEAMENTO DE M.GERAIS COPASA MG,*,2036-03-15,"IPCA + 8,567%",IPCA_MAIS,8.567,,,8.7447,0.0494,8.6953,8.7943,1017.056545,99.2479,1161.99,4.6111,35.0,2032-08-15
2026-09-24,CSNAA4,COMPANHIA SIDERÚRGICA NACIONAL,*,2030-07-15,"IPCA + 6,5%",IPCA_MAIS,6.5,,,,,,,,,,,,
2026-09-24,CSNAA5,COMPANHIA SIDERÚRGICA NACIONAL,*,2034-04-15,"IPCA + 6,83%",IPCA_MAIS,6.83,,,,,,,,,,,,
2026-09-24,CSNAA6,COMPANHIA SIDERÚRGICA NACIONAL,*,2034-11-15,"IPCA + 7,5888%",IPCA_MAIS,7.5888,,,,,,,,,,,,
2026-09-24,CSNAB4,COMPANHIA SIDERÚRGICA NACIONAL,*,2033-07-15,"IPCA + 6,8%",IPCA_MAIS,6.8,,,,,,,,,,,,
2026-09-24,CSNAB5,COMPANHIA SIDERÚRGICA NACIONAL,*,2039-04-15,"IPCA + 6,9924%",IPCA_MAIS,6.9924,,,,,,,,,,,,
2026-09-24,CSNAB6,COMPANHIA SIDERÚRGICA NACIONAL,*,2039-11-15,"IPCA + 7,6952%",IPCA_MAIS,7.6952,,,,,,,,,,,,
2026-09-24,CSNAC4,COMPANHIA SIDERÚRGICA NACIONAL,*,2038-07-15,IPCA + 7%,IPCA_MAIS,7.0,,,,,,,,,,,,
2026-09-24,CSNP12,COMPANHIA ENERGÉTICA SINOP S.A.,*;**,2032-06-15,"IPCA + 7,9461%",IPCA_MAIS,7.9461,8.1058,7.7447,7.9292,0.0976,7.8316,8.0269,1155.777698,100.0434,699.02,2.7739,,2029-05-15
2026-09-24,CSRN29,COMPANHIA ENERGÉTICA DO R. G. N. - COSERN,,2029-04-15,"IPCA + 4,4986%",IPCA_MAIS,4.4986,7.7,7.4971,7.623,0.0745,7.5484,7.6976,1434.531646,95.8095,363.66,1.4431,,2028-08-15
2026-09-24,CSRNA1,COMPANHIA ENERGÉTICA DO R. G. N. - COSERN,*;**,2028-06-15,"IPCA + 6,4482%",IPCA_MAIS,6.4482,,7.4461,7.5739,0.2075,7.3665,7.7815,1148.947958,98.3105,408.04,1.6192,5.0,2028-08-15
2026-09-24,CSRNA4,COMPANHIA ENERGÉTICA DO R. G. N. - COSERN,*,2031-03-15,"IPCA + 7,0099%",IPCA_MAIS,7.0099,8.0819,7.8015,7.9612,0.1544,7.8068,8.1157,1020.855918,96.6703,962.56,3.8197,15.0,2031-05-15
2026-09-24,CSRNB2,COMPANHIA ENERGÉTICA DO R. G. N. - COSERN,*,2034-03-15,"IPCA + 6,0691%",IPCA_MAIS,6.0691,8.1785,7.9538,8.1022,0.0935,8.0087,8.1958,1007.077997,90.3032,1344.65,5.3359,,2033-05-15
2026-09-24,CSRNB3,COMPANHIA ENERGÉTICA DO R. G. N. - COSERN,*,2035-11-15,"IPCA + 6,3%",IPCA_MAIS,6.3,8.1436,7.9405,8.0877,0.0746,8.0131,8.1624,946.417405,89.2115,1705.02,6.766,,2035-05-15
2026-09-24,CSRNC0,COMPANHIA ENERGÉTICA DO R. G. N. - COSERN,*,2029-07-15,"IPCA + 6,623%",IPCA_MAIS,6.623,7.8829,7.5498,7.7439,0.0808,7.6631,7.8248,1174.893382,97.8013,535.17,2.1237,,2029-05-15
2026-09-24,CTEE18,ISA ENERGIA BRASIL S.A.,,2029-12-15,"IPCA + 3,5%",IPCA_MAIS,3.5,7.2141,6.8817,6.9665,0.1042,6.8623,7.0708,1367.116376,93.321,525.75,2.0863,,2028-08-15
2026-09-24,CTEE1B,ISA ENERGIA BRASIL S.A.,*,2031-10-15,"IPCA + 5,771%",IPCA_MAIS,5.771,7.5088,7.2185,7.3047,0.1387,7.166,7.4435,1232.703349,93.9797,1083.19,4.2984,,2031-05-15
2026-09-24,CTEE29,ISA ENERGIA BRASIL S.A.,,2044-05-15,"IPCA + 5,3%",IPCA_MAIS,5.3,7.6743,7.3883,7.4822,0.1282,7.354,7.6106,1005.511433,86.9501,1656.18,6.5721,,2035-05-15
2026-09-24,CTEE2B,ISA ENERGIA BRASIL S.A.,*,2039-10-15,"IPCA + 5,864%",IPCA_MAIS,5.864,7.6914,7.3967,7.5029,0.1544,7.3485,7.6574,1152.663932,87.8433,2090.68,8.2963,,2037-05-15
2026-09-24,CTGE11,COMPANHIA DE GERACAO E TRANSMISSAO DE ENERGIA ELETRICA DO SUL DO BRASIL ELETROSUL,*,2028-11-15,"IPCA + 3,75%",IPCA_MAIS,3.75,5.4713,5.1849,5.3663,0.157,5.2094,5.5234,1392.568846,98.4903,246.94,0.9799,,2027-05-15
2026-09-24,CTGE13,COMPANHIA DE GERACAO E TRANSMISSAO DE ENERGIA ELETRICA DO SUL DO BRASIL ELETROSUL,*;**,2029-09-15,"IPCA + 5,3455%",IPCA_MAIS,5.3455,7.5213,7.2414,7.4023,0.2203,7.182,7.6227,1365.641086,94.793,696.15,2.7625,,2029-05-15
2026-09-24,CTGE15,COMPANHIA DE GERACAO E TRANSMISSAO DE ENERGIA ELETRICA DO SUL DO BRASIL ELETROSUL,*,2031-04-15,"IPCA + 6,3423%",IPCA_MAIS,6.3423,7.6853,7.3882,7.5265,0.1519,7.3746,7.6785,1093.803749,95.7896,976.57,3.8753,,2031-05-15
2026-09-24,CTNSA3,ENERGISA TOCANTINS - DISTRIBUIDORA DE ENERGIA S.A,*,2035-05-15,"IPCA + 7,3%",IPCA_MAIS,7.3,8.189,7.8721,8.0603,0.0774,7.9829,8.1378,1033.311405,95.9924,1453.77,5.7689,,2033-05-15
2026-09-24,CTNSA5,ENERGISA TOCANTINS - DISTRIBUIDORA DE ENERGIA S.A,*,2036-02-15,"IPCA + 6,6675%",IPCA_MAIS,6.6675,8.0828,7.836,8.0389,0.0615,7.9774,8.1005,942.755675,91.4304,1751.85,6.9518,,2035-05-15
2026-09-24,CTRR11,CANTAREIRA TRANSMISSORA DE ENERGIA S/A,,2032-08-15,"IPCA + 6,9094%",IPCA_MAIS,6.9094,7.403,7.1048,7.2369,0.2415,6.9954,7.4786,693.623055,99.1609,693.1,2.7504,,2029-05-15
2026-09-24,CUTI11,CUTIA EMPREENDIMENTOS EÓLICOS S.A.,,2031-12-15,"IPCA + 5,8813%",IPCA_MAIS,5.8813,7.6543,7.4241,7.5369,0.218,7.3188,7.755,813.337174,96.1265,636.69,2.5265,,2029-05-15
2026-09-24,CYAR11,AMBIENTAL CEARA 1 SPE S.A.,*,2045-12-15,"IPCA + 7,5232%",IPCA_MAIS,7.5232,11.0032,10.7563,10.8863,0.1291,10.7572,11.0155,82.657472,78.1684,1902.94,7.5513,,2037-05-15
2026-09-24,DESK17,DESKTOP S/A,*,2031-06-15,"IPCA + 7,4408%",IPCA_MAIS,7.4408,7.9204,7.6483,7.8019,0.0998,7.7021,7.9017,1112.472136,98.9284,808.58,3.2087,,2030-08-15
2026-09-24,DESK18,DESKTOP S/A,*,2032-06-15,"IPCA + 7,9356%",IPCA_MAIS,7.9356,7.8884,7.6013,7.7706,0.1907,7.5799,7.9614,1077.34422,100.654,1074.34,4.2633,,2031-05-15
2026-09-24,DESK19,DESKTOP S/A,*,2032-09-15,"IPCA + 8,1215%",IPCA_MAIS,8.1215,7.9385,7.5269,7.7087,0.1975,7.5111,7.9063,1059.254477,101.7379,1136.32,4.5092,10.0,2032-08-15
2026-09-24,EBAS13,EMPRESA BAIANA DE AGUAS E SANEAMENTO SA,*,2035-11-15,"IPCA + 8,6%",IPCA_MAIS,8.6,8.7247,8.232,8.4515,0.0894,8.3622,8.541,1178.378103,100.4928,906.49,3.5972,35.0,2030-08-15
2026-09-24,EBENA8,EDP SÃO PAULO DISTRIBUIÇÃO DE ENERGIA S.A.,*,2036-12-15,"IPCA + 7,2843%",IPCA_MAIS,7.2843,7.8623,7.5931,7.7217,0.0939,7.6279,7.8157,1072.91053,97.3077,1685.19,6.6873,,2035-05-15
2026-09-24,ECER12,CONCESSIONARIA ECOVIAS DO CERRADO S.A.,*,2027-09-15,"IPCA + 6,35%",IPCA_MAIS,6.35,6.6523,6.3662,6.4895,0.1596,6.3299,6.6493,1378.534528,99.8737,243.0,0.9643,5.0,2027-05-15
2026-09-24,ECHP11,ECHOENERGIA PARTICIPACOES S/A,*,2030-06-15,"IPCA + 6,9%",IPCA_MAIS,6.9,,7.5614,7.72,0.2944,7.4256,8.0145,980.93114,98.5049,495.55,1.9665,,2028-08-15
2026-09-24,ECHP12,ECHOENERGIA PARTICIPACOES S/A,*,2030-12-15,"IPCA + 4,75%",IPCA_MAIS,4.75,7.9031,7.6248,7.7892,0.3609,7.4283,8.1503,900.18742,95.09,438.23,1.739,,2028-08-15
2026-09-24,ECHP22,ECHOENERGIA PARTICIPACOES S/A,*,2031-01-15,"IPCA + 4,75%",IPCA_MAIS,4.75,,,7.6462,0.4136,7.2326,8.0599,902.160109,95.2984,439.76,1.7451,,2028-08-15
2026-09-24,ECOC13,ECO101 CONCESSIONARIA DE RODOVIAS S/A.,,2030-06-15,"IPCA + 8,6431%",IPCA_MAIS,8.6431,8.5539,8.2172,8.4093,0.1142,8.2952,8.5236,1036.316954,100.7974,929.0,3.6865,,2030-08-15
2026-09-24,ECOV16,CONCESSIONÁRIA ECOVIAS DOS IMIGRANTES S/A,*,2033-02-15,"IPCA + 6,095%",IPCA_MAIS,6.095,8.7332,8.3764,8.5021,0.1952,8.3069,8.6974,1023.615925,90.966,1054.94,4.1863,50.0,2031-05-15
2026-09-24,ECPN11,CONCESSIONARIA PONTE RIO-NITEROI S.A. - ECOPONTE,,2034-10-15,"IPCA + 4,4%",IPCA_MAIS,4.4,,,9.4623,0.203,9.2593,9.6653,1101.617784,81.3626,1056.97,4.1943,,2031-05-15
2026-09-24,ECRD14,ECORIOMINAS CONCESSIONARIA DE RODOVIAS S.A.,*,2047-09-15,"IPCA + 8,3939%",IPCA_MAIS,8.3939,8.9397,8.706,8.8484,0.1318,8.7166,8.9804,1036.545329,96.3883,2198.11,8.7227,50.0,2040-08-15
2026-09-24,EDFT11,EDF OITI TRANSMISSORA S.A.,*,2049-05-15,"IPCA + 6,8209%",IPCA_MAIS,6.8209,8.3041,7.9858,8.1537,0.0081,8.1456,8.1619,1194.443276,92.0367,1632.97,6.48,,2035-05-15
2026-09-24,EDPA11,EDP TRANSMISSAO ALIANCA SC S.A.,,2044-10-15,"IPCA + 8,3431%",IPCA_MAIS,8.3431,7.777,7.4583,7.6037,0.1443,7.4593,7.7481,1422.167152,104.4361,1617.78,6.4198,,2035-05-15
2026-09-24,EDPT11,EDP TRANSMISSÃO S.A.,*;**,2033-05-15,"IPCA + 7,0267%",IPCA_MAIS,7.0267,7.8098,7.5252,7.7751,0.3411,7.4339,8.1163,843.540385,97.8013,800.11,3.175,,2030-08-15
2026-09-24,EDTE12,EDTE - EMPRESA DIAMANTINA DE TRANSMISSAO DE ENERGIA S.A.,*;**,2028-12-15,"IPCA + 5,2939%",IPCA_MAIS,5.2939,,6.9247,7.154,0.2307,6.9232,7.3848,1021.557103,97.3425,386.62,1.5342,15.0,2028-08-15
2026-09-24,EDVP17,ENERGISA SUL-SUDESTE - DISTRIBUICAO DE ENERGIA S.A,,2032-01-15,"IPCA + 6,0996%",IPCA_MAIS,6.0996,8.1435,7.7905,7.9405,0.1588,7.7817,8.0994,1179.475734,93.7434,942.84,3.7414,,2031-05-15
2026-09-24,EEELA0,CPFL TRANSMISSAO S.A,*,2033-10-15,"IPCA + 6,1774%",IPCA_MAIS,6.1774,7.663,7.3635,7.5499,0.1336,7.4163,7.6836,1097.684043,93.832,1242.93,4.9323,,2032-08-15
2026-09-24,EEELA1,CPFL TRANSMISSAO S.A,*,2034-04-15,"IPCA + 6,0994%",IPCA_MAIS,6.0994,7.7731,7.5344,7.6449,0.186,7.4589,7.8311,1053.779533,92.6226,1327.15,5.2665,,2033-05-15
2026-09-24,EEELA4,CPFL TRANSMISSAO S.A,*,2035-02-15,"IPCA + 7,7082%",IPCA_MAIS,7.7082,7.6843,7.4811,7.562,0.102,7.46,7.6641,1083.695373,100.7796,1441.82,5.7215,,2033-05-15
2026-09-24,EEELB1,CPFL TRANSMISSAO S.A,*,2039-04-15,"IPCA + 6,1572%",IPCA_MAIS,6.1572,7.8225,7.4983,7.6212,0.1136,7.5076,7.735,1018.679008,89.5157,2008.72,7.9711,,2037-05-15
2026-09-24,EEELB5,CPFL TRANSMISSAO S.A,*,2035-05-15,"IPCA + 6,9249%",IPCA_MAIS,6.9249,7.6573,7.3495,7.5477,0.1195,7.4282,7.6673,1040.102353,96.6442,1476.33,5.8585,,2033-05-15
2026-09-24,EGIE27,ENGIE BRASIL ENERGIA S.A.,,2028-07-15,"IPCA + 5,9033%",IPCA_MAIS,5.9033,5.7944,5.0678,5.3781,0.4755,4.9026,5.8536,1026.866867,100.5529,279.64,1.1097,,2027-05-15
2026-09-24,EGIE29,ENGIE BRASIL ENERGIA S.A.,,2029-07-15,"IPCA + 3,9%",IPCA_MAIS,3.9,7.2429,6.9267,7.1781,0.2872,6.8909,7.4654,1398.560131,94.77,433.22,1.7191,,2028-08-15
2026-09-24,EGIE49,ENGIE BRASIL ENERGIA S.A.,,2029-07-15,"IPCA + 3,7%",IPCA_MAIS,3.7,7.2647,6.9432,7.2135,0.29,6.9235,7.5035,1393.322524,94.4512,428.92,1.7021,,2028-08-15
2026-09-24,EGIEA0,ENGIE BRASIL ENERGIA S.A.,*,2046-09-15,"IPCA + 5,7158%",IPCA_MAIS,5.7158,7.4455,7.2433,7.3189,0.141,7.1779,7.46,1025.268664,87.0243,2259.11,8.9647,,2040-08-15
2026-09-24,EGIEA1,ENGIE BRASIL ENERGIA S.A.,*,2033-11-15,"IPCA + 5,9325%",IPCA_MAIS,5.9325,7.5864,7.3116,7.3839,0.1522,7.2317,7.5362,1114.463127,93.4156,1254.33,4.9775,,2032-08-15
2026-09-24,EGIEA6,ENGIE BRASIL ENERGIA S.A.,*,2038-02-15,"IPCA + 6,2474%",IPCA_MAIS,6.2474,7.5792,7.3105,7.5085,0.0884,7.4201,7.5971,965.306289,91.384,1906.37,7.565,45.0,2037-05-15
2026-09-24,EGIEB1,ENGIE BRASIL ENERGIA S.A.,*,2038-11-15,"IPCA + 6,0691%",IPCA_MAIS,6.0691,7.7729,7.5317,7.67,0.1984,7.4716,7.8685,1061.96201,88.918,1945.79,7.7214,,2037-05-15
2026-09-24,EGIEB2,ENGIE BRASIL ENERGIA S.A.,*,2034-06-15,"IPCA + 6,7766%",IPCA_MAIS,6.7766,7.555,7.3122,7.4125,0.207,7.2054,7.6196,1087.619178,96.8085,1373.32,5.4497,,2033-05-15
2026-09-24,EGIEB4,ENGIE BRASIL ENERGIA S.A.,*,2032-01-15,"IPCA + 7,5568%",IPCA_MAIS,7.5568,7.5703,7.2146,7.3832,0.1987,7.1846,7.582,1194.447469,100.6089,947.62,3.7604,,2031-05-15
2026-09-24,EGIEB5,ENGIE BRASIL ENERGIA S.A.,*,2035-06-15,"IPCA + 6,8555%",IPCA_MAIS,6.8555,7.5378,7.2928,7.4046,0.1487,7.2559,7.5534,1098.130061,96.9514,1516.87,6.0193,,2035-05-15
2026-09-24,EGVG11,ENEL GREEN POWER VOLTA GRANDE S.A.,,2029-10-15,"IPCA + 3,7%",IPCA_MAIS,3.7,7.4261,7.3876,7.3952,0.2555,7.1397,7.6508,564.876457,95.0537,359.77,1.4277,35.0,2028-08-15
2026-09-24,EGVG21,ENEL GREEN POWER VOLTA GRANDE S.A.,,2029-10-15,"IPCA + 3,7%",IPCA_MAIS,3.7,,7.3228,7.3465,0.3649,6.9816,7.7115,575.692407,95.1573,356.64,1.4152,,2028-08-15
2026-09-24,EKTRA6,ELEKTRO REDES S.A.,*,2035-08-15,"IPCA + 6,8172%",IPCA_MAIS,6.8172,7.9736,7.6168,7.8104,0.1479,7.6626,7.9584,1033.086136,92.1499,2226.0,8.8333,,2040-08-15
2026-09-24,EKTRA8,ELEKTRO REDES S.A.,*,2031-03-15,"IPCA + 7,0099%",IPCA_MAIS,7.0099,8.1335,7.7937,7.9853,0.1495,7.8358,8.1349,1019.985977,96.5879,962.47,3.8193,10.0,2031-05-15
2026-09-24,EKTRB3,ELEKTRO REDES S.A.,*,2034-04-15,"IPCA + 6,2587%",IPCA_MAIS,6.2587,8.1392,7.9334,8.0895,0.0693,8.0202,8.1589,1041.570734,91.3956,1317.27,5.2273,,2033-05-15
2026-09-24,EKTRB6,ELEKTRO REDES S.A.,*,2040-08-15,"IPCA + 6,7636%",IPCA_MAIS,6.7636,7.9888,7.7909,7.8481,0.16,7.6881,8.0082,962.732112,91.6376,2151.3,8.5369,,2040-08-15
2026-09-24,EKTRC0,ELEKTRO REDES S.A.,*,2031-10-15,"IPCA + 5,7697%",IPCA_MAIS,5.7697,8.1346,7.8031,7.9831,0.0547,7.9284,8.038,1218.392189,92.9469,885.68,3.5146,,2030-08-15
2026-09-24,EKTRC1,ELEKTRO REDES S.A.,*;**,2029-07-15,"IPCA + 6,623%",IPCA_MAIS,6.623,7.8887,7.5963,7.7376,0.1049,7.6327,7.8426,1175.03929,97.8135,535.17,2.1237,,2029-05-15
2026-09-24,EKTT11,EKTT 9 SERV DE TRANS DE E E SPE S.A.,*,2038-05-15,"IPCA + 6,4217%",IPCA_MAIS,6.4217,8.1581,7.8845,8.0421,0.0902,7.9519,8.1324,1183.455318,92.5005,1276.74,5.0664,10.0,2032-08-15
2026-09-24,ELDC15,ELDORADO BRASIL CELULOSE S.A.,*,2035-10-15,"IPCA + 7,795%",IPCA_MAIS,7.795,,8.6827,8.8432,0.1233,8.7199,8.9666,1014.846514,94.4682,1472.15,5.8419,45.0,2033-05-15
2026-09-24,ELET14,CENTRAIS ELETRICAS BRASILEIRAS S/A ELETROBRAS,*,2031-09-15,"IPCA + 6,317%",IPCA_MAIS,6.317,7.6534,7.466,7.5305,0.1757,7.3548,7.7063,1100.675564,96.0769,886.69,3.5186,35.0,2030-08-15
2026-09-24,ELET16,CENTRAIS ELETRICAS BRASILEIRAS S/A ELETROBRAS,*,2034-09-15,"IPCA + 6,877%",IPCA_MAIS,6.877,7.7774,7.5257,7.7215,0.1525,7.569,7.8741,1042.048989,95.2141,1564.04,6.2065,35.0,2035-05-15
2026-09-24,ELET23,CENTRAIS ELETRICAS BRASILEIRAS S/A ELETROBRAS,,2031-04-15,"IPCA + 4,9126%",IPCA_MAIS,4.9126,7.6556,7.4623,7.5167,0.2268,7.2899,7.7435,1244.667091,90.6518,1004.43,3.9858,,2031-05-15
2026-09-24,ELET42,CENTRAIS ELETRICAS BRASILEIRAS S/A ELETROBRAS,,2029-05-15,"IPCA + 5,1814%",IPCA_MAIS,5.1814,7.3602,7.0746,7.2476,0.2299,7.0177,7.4776,1452.170142,97.0793,382.33,1.5172,,2028-08-15
2026-09-24,ELPLA5,ELETROPAULO METROP. ELETRIC. DE S.P. S/A,*,2031-04-15,"IPCA + 4,26%",IPCA_MAIS,4.26,12.5868,11.2029,11.9185,0.1321,11.7864,12.0507,1093.220036,79.7486,793.71,3.1496,,2030-08-15
2026-09-24,ELPLA7,ELETROPAULO METROP. ELETRIC. DE S.P. S/A,*,2032-04-15,"IPCA + 6,1385%",IPCA_MAIS,6.1385,12.5785,11.4783,12.026,0.2039,11.8222,12.23,1000.979941,81.2726,953.23,3.7827,,2031-05-15
2026-09-24,ELPLC8,ELETROPAULO METROP. ELETRIC. DE S.P. S/A,*,2029-06-15,"IPCA + 8,3%",IPCA_MAIS,8.3,10.4151,9.4139,9.9903,0.1621,9.8283,10.1525,1119.059028,95.913,679.0,2.6944,10.0,2029-05-15
2026-09-24,ELTE12,EMPRESA LITORANEA DE TRANSMISSAO DE ENERGIA S.A. - ELTE,*,2039-07-15,"IPCA + 6,4232%",IPCA_MAIS,6.4232,7.5094,7.2579,7.4299,0.1987,7.2312,7.6286,938.472787,94.8943,1384.86,5.4955,,2033-05-15
2026-09-24,ELTN15,CENTRAIS ELETRICAS DO NORTE DO BRASIL S/A - ELETRONORTE,*,2031-04-15,"IPCA + 6,3423%",IPCA_MAIS,6.3423,7.6752,7.3989,7.5259,0.1453,7.3807,7.6713,1093.827403,95.7917,976.57,3.8753,,2031-05-15
2026-09-24,ELTN27,CENTRAIS ELETRICAS DO NORTE DO BRASIL S/A - ELETRONORTE,*,2032-07-15,"IPCA + 7,3146%",IPCA_MAIS,7.3146,7.7576,7.5333,7.6198,0.2018,7.418,7.8217,1046.039673,98.6598,1196.21,4.7469,,2032-08-15
2026-09-24,ELTN37,CENTRAIS ELETRICAS DO NORTE DO BRASIL S/A - ELETRONORTE,*,2035-07-15,"IPCA + 7,2083%",IPCA_MAIS,7.2083,7.7506,7.5125,7.6089,0.1418,7.467,7.7508,1034.420732,97.5831,1649.04,6.5438,,2035-05-15
2026-09-24,ENAT11,ENAUTA PARTICIPACOES S.A.,*,2029-12-15,"IPCA + 9,8297%",IPCA_MAIS,9.8297,8.6292,8.2026,8.339,0.1255,8.2135,8.4646,1089.125426,102.1282,389.98,1.5475,,2028-08-15
2026-09-24,ENAT12,ENAUTA PARTICIPACOES S.A.,*,2029-09-17,"IPCA + 7,1149%",IPCA_MAIS,7.1149,8.6464,8.2888,8.5123,0.2762,8.2362,8.7886,1117.966946,97.642,463.05,1.8375,,2028-08-15
2026-09-24,ENAT13,ENAUTA PARTICIPACOES S.A.,*,2030-06-15,"IPCA + 8,0618%",IPCA_MAIS,8.0618,9.0922,8.6764,8.9103,0.1778,8.7325,9.0881,1100.650675,97.5317,804.24,3.1914,,2030-08-15
2026-09-24,ENAT14,ENAUTA PARTICIPACOES S.A.,*,2030-06-15,"IPCA + 8,056%",IPCA_MAIS,8.056,9.0253,8.6195,8.8528,0.1745,8.6783,9.0275,1101.952278,97.6793,804.44,3.1922,,2030-08-15
2026-09-24,ENAT24,ENAUTA PARTICIPACOES S.A.,*,2034-06-15,"IPCA + 8,2674%",IPCA_MAIS,8.2674,9.0336,8.6687,8.8767,0.0995,8.7771,8.9763,1096.669226,97.1567,1291.6,5.1254,,2032-08-15
2026-09-24,ENAT33,ENAUTA PARTICIPACOES S.A.,*,2034-06-15,"IPCA + 8,262%",IPCA_MAIS,8.262,9.1153,8.7826,8.9241,0.1103,8.8137,9.0345,1094.269795,96.915,1291.17,5.1237,5.0,2032-08-15
2026-09-24,ENERA1,ENERGISA MATO GROSSO DO SUL - DISTRIBUIDORA DE ENERGIA S.A.,,2031-02-15,"IPCA + 6,1076%",IPCA_MAIS,6.1076,8.1389,7.8023,7.9431,0.1798,7.7634,8.123,1067.047511,94.2281,871.32,3.4576,5.0,2030-08-15
2026-09-24,ENERB4,ENERGISA MATO GROSSO DO SUL - DISTRIBUIDORA DE ENERGIA S.A.,,2034-09-15,"IPCA + 6,4364%",IPCA_MAIS,6.4364,8.2158,7.9762,8.1044,0.08,8.0244,8.1846,993.330701,90.6721,1574.87,6.2495,5.0,2035-05-15
2026-09-24,ENERB7,ENERGISA MATO GROSSO DO SUL - DISTRIBUIDORA DE ENERGIA S.A.,*,2035-09-15,"IPCA + 7,0461%",IPCA_MAIS,7.0461,8.2124,7.921,8.1356,0.0915,8.0441,8.2272,976.665394,93.3985,1688.63,6.7009,50.0,2035-05-15
2026-09-24,ENERB8,ENERGISA MATO GROSSO DO SUL - DISTRIBUIDORA DE ENERGIA S.A.,*,2036-07-15,"IPCA + 7,892%",IPCA_MAIS,7.892,8.1859,7.9885,7.9928,0.1448,7.848,8.1378,1007.815845,99.4038,1612.51,6.3988,,2035-05-15
2026-09-24,ENERC7,ENERGISA MATO GROSSO DO SUL - DISTRIBUIDORA DE ENERGIA S.A.,*,2040-09-15,"IPCA + 6,9467%",IPCA_MAIS,6.9467,8.0033,7.8275,7.9571,0.1233,7.8338,8.0805,963.989632,92.1886,2155.2,8.5524,,2040-08-15
2026-09-24,ENEV13,ENEVA S.A.,,2027-12-15,"IPCA + 4,2259%",IPCA_MAIS,4.2259,6.2708,5.8497,6.1959,0.423,5.7729,6.619,965.907816,98.7037,175.02,0.6945,,2027-05-15
2026-09-24,ENEV15,ENEVA S.A.,,2030-06-15,"IPCA + 5,5%",IPCA_MAIS,5.5,7.7628,7.5155,7.6086,0.1428,7.4658,7.7515,1390.166353,95.2026,623.87,2.4757,,2029-05-15
2026-09-24,ENEV16,ENEVA S.A.,,2030-09-15,"IPCA + 4,127%",IPCA_MAIS,4.127,7.7505,7.5223,7.6089,0.1469,7.462,7.7558,1300.095317,91.2534,697.82,2.7691,,2029-05-15
2026-09-24,ENEV18,ENEVA S.A.,*,2032-07-15,"IPCA + 6,5254%",IPCA_MAIS,6.5254,8.0201,7.7558,7.8638,0.1474,7.7165,8.0113,1141.182388,95.0124,1029.23,4.0842,,2031-05-15
2026-09-24,ENEV19,ENEVA S.A.,*,2032-09-15,"IPCA + 6,9%",IPCA_MAIS,6.9,8.003,7.7164,7.8579,0.1323,7.7257,7.9903,1155.956126,96.286,1066.66,4.2328,,2031-05-15
2026-09-24,ENEV26,ENEVA S.A.,,2035-09-15,"IPCA + 4,5034%",IPCA_MAIS,4.5034,8.0325,7.8064,7.927,0.1196,7.8074,8.0468,1149.530916,80.6772,1655.74,6.5704,,2035-05-15
2026-09-24,ENEV28,ENEVA S.A.,*,2037-07-15,"IPCA + 6,5891%",IPCA_MAIS,6.5891,8.0668,7.7881,7.9026,0.1653,7.7372,8.068,1099.873617,91.5623,1796.54,7.1291,,2037-05-15
2026-09-24,ENEV29,ENEVA S.A.,*,2037-09-15,IPCA + 7%,IPCA_MAIS,7.0,8.0281,7.7636,7.8617,0.1535,7.7082,8.0153,1132.547413,94.3337,1821.2,7.227,,2037-05-15
2026-09-24,ENEV32,ENEVA S.A.,,2029-05-15,"IPCA + 5,05%",IPCA_MAIS,5.05,7.5529,7.3005,7.4196,0.1405,7.279,7.5602,1444.361267,96.6559,382.36,1.5173,,2028-08-15
2026-09-24,ENEV39,ENEVA S.A.,*,2042-09-15,"IPCA + 7,15%",IPCA_MAIS,7.15,7.9287,7.6497,7.7946,0.1365,7.658,7.9312,1132.793046,94.3505,2419.2,9.6,,2040-08-15
2026-09-24,ENEVA0,ENEVA S.A.,*,2034-04-15,"IPCA + 6,5643%",IPCA_MAIS,6.5643,8.0548,7.819,7.9299,0.0785,7.8514,8.0084,1068.192144,93.5613,1309.56,5.1967,,2033-05-15
2026-09-24,ENEVA4,ENEVA S.A.,*,2036-01-15,"IPCA + 6,7078%",IPCA_MAIS,6.7078,8.1236,7.7788,7.9366,0.074,7.8626,8.0107,963.948251,92.3853,1729.31,6.8623,,2035-05-15
2026-09-24,ENEVB0,ENEVA S.A.,*,2039-04-15,"IPCA + 6,6737%",IPCA_MAIS,6.6737,8.0541,7.7687,7.9356,0.1328,7.8029,8.0685,1040.966865,91.1352,1963.74,7.7926,,2037-05-15
2026-09-24,ENEVB4,ENEVA S.A.,*,2041-01-15,"IPCA + 6,6709%",IPCA_MAIS,6.6709,8.0034,7.7494,7.8473,0.1719,7.6755,8.0193,947.413789,90.8069,2184.84,8.67,45.0,2040-08-15
2026-09-24,ENGI39,ENERGISA S/A,,2027-10-15,"IPCA + 5,1074%",IPCA_MAIS,5.1074,6.5884,6.1415,6.3195,0.5431,5.7763,6.8627,1626.05393,98.8605,251.81,0.9992,,2027-05-15
2026-09-24,ENGIA4,ENERGISA S/A,,2027-10-15,"IPCA + 4,2297%",IPCA_MAIS,4.2297,5.6669,5.4048,5.4987,0.2348,5.2639,5.7336,1422.39438,98.7765,256.31,1.0171,,2027-05-15
2026-09-24,ENGIA5,ENERGISA S/A,,2031-10-15,"IPCA + 6,0872%",IPCA_MAIS,6.0872,8.0712,7.7886,7.9124,0.1478,7.7646,8.0604,1236.288146,94.1865,881.18,3.4967,,2030-08-15
2026-09-24,ENGIA6,ENERGISA S/A,,2029-04-15,"IPCA + 6,1566%",IPCA_MAIS,6.1566,7.6797,7.4202,7.497,0.1342,7.3628,7.6313,1211.127292,98.2186,359.91,1.4282,15.0,2028-08-15
2026-09-24,ENGIA9,ENERGISA S/A,,2030-09-15,"IPCA + 6,1666%",IPCA_MAIS,6.1666,8.0615,7.7841,7.907,0.1465,7.7606,8.0536,1085.855307,95.0166,790.67,3.1376,,2030-08-15
2026-09-24,ENGIB0,ENERGISA S/A,,2031-04-15,"IPCA + 6,1581%",IPCA_MAIS,6.1581,8.0709,7.8251,7.9299,0.1141,7.8158,8.0441,1069.163565,93.7547,978.42,3.8826,10.0,2031-05-15
2026-09-24,ENGIB2,ENERGISA S/A,,2034-09-15,"IPCA + 6,4364%",IPCA_MAIS,6.4364,8.1772,7.9104,8.1264,0.1048,8.0217,8.2313,992.068427,90.5568,1574.55,6.2482,35.0,2035-05-15
2026-09-24,ENGIB4,ENERGISA S/A,,2030-10-15,"IPCA + 4,4744%",IPCA_MAIS,4.4744,7.7786,7.5835,7.6507,0.127,7.5237,7.7777,1326.031519,91.9888,698.85,2.7732,,2029-05-15
2026-09-24,ENGIB6,ENERGISA S/A,,2032-04-15,"IPCA + 6,277%",IPCA_MAIS,6.277,8.0661,7.7573,7.8959,0.1495,7.7464,8.0455,1163.607572,94.3174,971.19,3.8539,,2031-05-15
2026-09-24,ENGIB9,ENERGISA S/A,,2033-09-15,"IPCA + 6,4526%",IPCA_MAIS,6.4526,8.1915,7.8902,8.0244,0.1012,7.9232,8.1257,1062.294487,92.948,1251.33,4.9656,50.0,2032-08-15
2026-09-24,ENGIC0,ENERGISA S/A,,2039-04-15,"IPCA + 6,4045%",IPCA_MAIS,6.4045,8.1975,7.9259,8.0909,0.1193,7.9716,8.2102,1007.132726,88.2243,1974.04,7.8335,,2037-05-15
2026-09-24,ENJG21,COMPANHIA ENERGÉTICA JAGUARA,,2027-06-15,"IPCA + 6,4962%",IPCA_MAIS,6.4962,5.594,5.164,5.3427,0.3507,4.992,5.6935,347.505529,100.4968,114.74,0.4553,,2027-05-15
2026-09-24,ENMI21,COMPANHIA ENERGÉTICA MIRANDA,,2027-06-15,"IPCA + 6,4962%",IPCA_MAIS,6.4962,5.4626,4.8889,5.0514,0.2226,4.8288,5.2741,398.07594,100.6236,114.78,0.4555,,2027-05-15
2026-09-24,ENMTA3,ENERGISA MATO GROSSO - DISTRIBUIDORA DE ENERGIA S.A.,,2027-10-15,"IPCA + 4,2297%",IPCA_MAIS,4.2297,6.3074,5.7238,6.2218,0.4705,5.7512,6.6924,1412.547251,98.0927,256.26,1.0169,,2027-05-15
2026-09-24,ENMTA4,ENERGISA MATO GROSSO - DISTRIBUIDORA DE ENERGIA S.A.,,2031-10-15,"IPCA + 6,0872%",IPCA_MAIS,6.0872,8.0798,7.7969,7.921,0.1487,7.7723,8.0699,1235.943697,94.1603,881.15,3.4966,,2030-08-15
2026-09-24,ENMTA5,ENERGISA MATO GROSSO - DISTRIBUIDORA DE ENERGIA S.A.,,2029-04-15,"IPCA + 6,1566%",IPCA_MAIS,6.1566,7.5843,7.3901,7.4726,0.131,7.3415,7.6037,1211.520054,98.2504,359.95,1.4284,,2028-08-15
2026-09-24,ENMTA7,ENERGISA MATO GROSSO - DISTRIBUIDORA DE ENERGIA S.A.,,2031-02-15,"IPCA + 6,1076%",IPCA_MAIS,6.1076,8.0189,7.774,7.9207,0.1435,7.7773,8.0643,1067.813512,94.2958,871.37,3.4578,,2030-08-15
2026-09-24,ENMTB3,ENERGISA MATO GROSSO - DISTRIBUIDORA DE ENERGIA S.A.,,2030-10-15,"IPCA + 4,4744%",IPCA_MAIS,4.4744,7.7841,7.6293,7.6998,0.1178,7.5821,7.8177,1324.355826,91.8725,698.73,2.7727,,2029-05-15
2026-09-24,ENMTB5,ENERGISA MATO GROSSO - DISTRIBUIDORA DE ENERGIA S.A.,,2032-04-15,"IPCA + 6,277%",IPCA_MAIS,6.277,8.1057,7.7479,7.914,0.1496,7.7644,8.0637,1162.85562,94.2564,971.1,3.8536,,2031-05-15
2026-09-24,ENMTC5,ENERGISA MATO GROSSO - DISTRIBUIDORA DE ENERGIA S.A.,*,2035-09-15,"IPCA + 7,0999%",IPCA_MAIS,7.0999,8.1809,7.8587,8.0627,0.065,7.9977,8.1277,984.532205,94.1494,1687.88,6.6979,5.0,2035-05-15
2026-09-24,ENMTC6,ENERGISA MATO GROSSO - DISTRIBUIDORA DE ENERGIA S.A.,*,2040-10-15,"IPCA + 7,1146%",IPCA_MAIS,7.1146,8.1164,7.8998,8.0437,0.0921,7.9516,8.1359,996.123058,93.0302,2083.57,8.2681,,2037-05-15
2026-09-24,ENMTD2,ENERGISA MATO GROSSO - DISTRIBUIDORA DE ENERGIA S.A.,,2034-12-15,"IPCA + 7,0292%",IPCA_MAIS,7.0292,8.2796,7.9131,8.1074,0.0865,8.0209,8.1941,1036.572295,93.954,1558.53,6.1846,10.0,2035-05-15
2026-09-24,ENMTD5,ENERGISA MATO GROSSO - DISTRIBUIDORA DE ENERGIA S.A.,*,2040-09-15,"IPCA + 6,9467%",IPCA_MAIS,6.9467,7.9416,7.69,7.8617,0.1475,7.7142,8.0092,971.313808,92.8891,2159.82,8.5707,,2040-08-15
2026-09-24,ENMTD9,ENERGISA MATO GROSSO - DISTRIBUIDORA DE ENERGIA S.A.,*,2036-07-15,"IPCA + 7,892%",IPCA_MAIS,7.892,8.1817,,7.9903,0.1379,7.8524,8.1283,1007.965148,99.4186,1612.56,6.399,,2035-05-15
2026-09-24,ENMTE6,ENERGISA MATO GROSSO - DISTRIBUIDORA DE ENERGIA S.A.,*,2035-10-15,"IPCA + 7,2318%",IPCA_MAIS,7.2318,8.1982,7.8394,8.0654,0.136,7.9295,8.2015,1018.27662,95.053,1641.45,6.5137,,2035-05-15
2026-09-24,ENMTF8,ENERGISA MATO GROSSO - DISTRIBUIDORA DE ENERGIA S.A.,*,2036-02-15,"IPCA + 6,6675%",IPCA_MAIS,6.6675,8.1243,7.9056,8.0816,0.1377,7.9439,8.2194,940.170194,91.1796,1750.88,6.9479,50.0,2035-05-15
2026-09-24,ENMTG8,ENERGISA MATO GROSSO - DISTRIBUIDORA DE ENERGIA S.A.,*,2041-02-15,"IPCA + 6,55%",IPCA_MAIS,6.55,8.0362,7.7287,7.8902,0.1363,7.7539,8.0266,922.20395,89.4478,2213.1,8.7821,,2040-08-15
2026-09-24,ENSEA1,ENERGISA SERGIPE - DIST.DE ENERGIA S/A,,2027-07-15,"IPCA + 5,736%",IPCA_MAIS,5.736,,,6.715,0.2223,6.4928,6.9374,1248.331448,99.2836,196.57,0.78,,2027-05-15
2026-09-24,ENSEA5,ENERGISA SERGIPE - DIST.DE ENERGIA S/A,*,2036-02-15,"IPCA + 6,6675%",IPCA_MAIS,6.6675,8.0853,7.8296,7.9488,0.2079,7.7409,8.1567,948.24269,91.9625,1753.89,6.9599,,2035-05-15
2026-09-24,ENSEB4,ENERGISA SERGIPE - DIST.DE ENERGIA S/A,*,2035-09-15,"IPCA + 7,1536%",IPCA_MAIS,7.1536,8.1604,7.8284,8.0175,0.1113,7.9062,8.1289,990.735761,94.7414,1686.58,6.6928,,2035-05-15
2026-09-24,ENSEB5,ENERGISA SERGIPE - DIST.DE ENERGIA S/A,*,2041-02-15,"IPCA + 6,55%",IPCA_MAIS,6.55,8.0307,7.7758,7.9016,0.1258,7.7758,8.0275,921.348749,89.3649,2212.5,8.7798,,2040-08-15
2026-09-24,ENSEC4,ENERGISA SERGIPE - DIST.DE ENERGIA S/A,*,2040-09-15,"IPCA + 6,9467%",IPCA_MAIS,6.9467,7.9605,7.8136,7.8635,0.131,7.7326,7.9946,971.174895,92.8758,2159.73,8.5704,,2040-08-15
2026-09-24,ENTV12,ENTREVIAS CONCESSIONARIA DE RODOVIAS S.A,*;**,2030-12-15,"IPCA + 7,75%",IPCA_MAIS,7.75,7.9377,7.638,7.7633,0.1234,7.6399,7.8868,1457.31185,99.9738,535.22,2.1239,40.0,2029-05-15
2026-09-24,ENTV13,ENTREVIAS CONCESSIONARIA DE RODOVIAS S.A,*,2036-12-15,"IPCA + 8,0389%",IPCA_MAIS,8.0389,8.1927,7.8503,8.0795,0.1082,7.9713,8.1878,1130.936556,99.786,1436.65,5.701,,2033-05-15
2026-09-24,EPRL12,EPR LITORAL PIONEIRO S.A.,*,2049-03-15,"IPCA + 8,203%",IPCA_MAIS,8.203,9.0106,8.5306,8.8145,0.0555,8.759,8.87,989.731908,95.0734,2231.92,8.8568,,2040-08-15
2026-09-24,EQMAA0,EQUATORIAL MARANHAO DISTRIBUIDORA DE ENERGIA S.A,*,2031-12-15,"IPCA + 6,3%",IPCA_MAIS,6.3,8.0859,7.697,7.8963,0.1555,7.7408,8.0519,1092.395583,94.6877,919.67,3.6495,,2030-08-15
2026-09-24,EQMAA2,EQUATORIAL MARANHAO DISTRIBUIDORA DE ENERGIA S.A,*,2036-09-15,"IPCA + 6,6493%",IPCA_MAIS,6.6493,8.2342,7.9375,8.1285,0.0897,8.0388,8.2183,1002.3361,91.4125,1628.99,6.4642,10.0,2035-05-15
2026-09-24,EQPA18,EQUATORIAL PARA DISTRIBUIDORA DE ENERGIA S.A.,*,2036-12-15,"IPCA + 7,7477%",IPCA_MAIS,7.7477,8.1043,7.857,8.0019,0.1767,7.8252,8.1787,1088.448775,98.5187,1593.15,6.322,,2035-05-15
2026-09-24,EQPA19,EQUATORIAL PARA DISTRIBUIDORA DE ENERGIA S.A.,*,2037-06-15,"IPCA + 7,0606%",IPCA_MAIS,7.0606,8.0564,7.8221,7.9477,0.1807,7.767,8.1285,1009.931102,94.5981,1685.19,6.6873,,2035-05-15
2026-09-24,EQPAA1,EQUATORIAL PARA DISTRIBUIDORA DE ENERGIA S.A.,*,2038-01-15,"IPCA + 6,57%",IPCA_MAIS,6.57,8.152,7.7931,8.1247,0.1398,7.9849,8.2646,939.80938,90.1219,1788.83,7.0985,35.0,2037-05-15
2026-09-24,EQSP11,EQUATORIAL TRANSMISSORA 3 SPE S.A.,,2033-01-15,"IPCA + 4,8%",IPCA_MAIS,4.8,,,7.899,0.2594,7.6395,8.1585,970.728865,91.467,759.83,3.0152,,2030-08-15
2026-09-24,EQSP21,EQUATORIAL TRANSMISSORA 3 SPE S.A.,,2034-01-15,"IPCA + 4,65%",IPCA_MAIS,4.65,8.0705,7.803,7.9803,0.2016,7.7787,8.182,858.007599,89.7829,847.9,3.3647,,2030-08-15
2026-09-24,EQTC11,EQUATORIAL TRANSMISSORA 5 SPE S.A.,,2039-04-15,"IPCA + 4,85%",IPCA_MAIS,4.85,8.1606,7.897,7.9973,0.104,7.8933,8.1014,1188.492918,83.4349,1486.73,5.8997,,2033-05-15
2026-09-24,EQTN11,EQUATORIAL TRANSMISSORA 2 SPE S/A,,2033-01-15,"IPCA + 4,85%",IPCA_MAIS,4.85,7.8386,7.5728,7.7617,0.2432,7.5185,8.005,974.510434,92.2023,735.81,2.9199,,2029-05-15
2026-09-24,EQTR11,EQUATORIAL TRANSMISSORA 8 SPE S.A.,,2039-04-15,"IPCA + 4,85%",IPCA_MAIS,4.85,8.1591,7.8826,8.0364,0.1479,7.8885,8.1845,1185.958657,83.257,1485.36,5.8943,,2033-05-15
2026-09-24,EQTR21,EQUATORIAL TRANSMISSORA 8 SPE S.A.,,2039-04-15,"IPCA + 4,85%",IPCA_MAIS,4.85,8.0812,7.8745,7.9967,0.1848,7.8119,8.1816,1188.531876,83.4376,1486.75,5.8998,,2033-05-15
2026-09-24,EQTS11,EQUATORIAL TRANSMISSORA 1 SPE S.A,,2033-01-15,"IPCA + 4,85%",IPCA_MAIS,4.85,7.941,7.7668,7.8467,0.1072,7.7395,7.9541,970.189714,91.8662,746.93,2.964,,2030-08-15
2026-09-24,EQUA11,EQUATORIAL TRANSMISSAO S.A,*,2036-03-15,"IPCA + 4,9173%",IPCA_MAIS,4.9173,7.9323,7.718,7.8519,0.1686,7.6833,8.0206,1005.139698,89.1163,1026.21,4.0723,,2031-05-15
2026-09-24,ERDVA4,ECORODOVIAS CONCESSÕES E SERVIÇOS S/A,*,2031-06-15,"IPCA + 6,8233%",IPCA_MAIS,6.8233,8.7799,8.4486,8.5187,0.2003,8.3184,8.7192,1055.348173,93.8948,1004.71,3.9869,,2031-05-15
2026-09-24,ERDVB4,ECORODOVIAS CONCESSÕES E SERVIÇOS S/A,*,2034-06-15,"IPCA + 7,1117%",IPCA_MAIS,7.1117,9.0939,8.6809,8.7867,0.1528,8.6339,8.9396,1036.152804,92.116,1324.11,5.2544,5.0,2033-05-15
2026-09-24,ERDVC3,ECORODOVIAS CONCESSÕES E SERVIÇOS S/A,*,2033-10-15,"IPCA + 6,8285%",IPCA_MAIS,6.8285,8.9067,8.5971,8.7347,0.1197,8.6151,8.8545,1076.892416,91.7735,1214.18,4.8182,,2032-08-15
2026-09-24,ERDVC4,ECORODOVIAS CONCESSÕES E SERVIÇOS S/A,*,2039-06-15,"IPCA + 7,3108%",IPCA_MAIS,7.3108,9.0225,8.6918,8.8114,0.1358,8.6757,8.9473,1010.061678,89.7488,1932.03,7.6668,,2037-05-15
2026-09-24,ESAM14,EMPRESA DE ENERGIA SÃO MANOEL S/A,,2033-06-15,"IPCA + 7,3129%",IPCA_MAIS,7.3129,7.7891,7.6122,7.7263,0.2116,7.5147,7.9379,772.32944,98.8474,757.67,3.0066,,2030-08-15
2026-09-24,ESCEA5,EDP ESPIRITO SANTO DISTRIBUICAO DE ENERGIA SA,*,2036-12-15,"IPCA + 7,2843%",IPCA_MAIS,7.2843,7.8552,7.4886,7.728,0.1212,7.6069,7.8493,1072.491028,97.2696,1685.04,6.6867,,2035-05-15
2026-09-24,ESSDA4,ENERGISA SUL-SUDESTE - DISTRIBUICAO DE ENERGIA S.A,*,2035-05-15,"IPCA + 7,3%",IPCA_MAIS,7.3,8.1219,7.8449,7.9755,0.1237,7.8518,8.0993,1038.003989,96.4284,1455.11,5.7742,,2033-05-15
2026-09-24,ESSDA5,ENERGISA SUL-SUDESTE - DISTRIBUICAO DE ENERGIA S.A,*,2035-10-15,"IPCA + 7,2318%",IPCA_MAIS,7.2318,8.1045,7.8586,8.0278,0.1131,7.9147,8.141,1020.588034,95.2688,1642.32,6.5171,,2035-05-15
2026-09-24,ESSDB5,ENERGISA SUL-SUDESTE - DISTRIBUICAO DE ENERGIA S.A,*,2040-10-15,"IPCA + 7,1146%",IPCA_MAIS,7.1146,8.1245,7.8654,8.0164,0.1107,7.9057,8.1272,998.207273,93.2249,2085.0,8.2738,,2037-05-15
2026-09-24,ESULA6,ENERGISA MATO GROSSO DO SUL - DISTRIBUIDORA DE ENERGIA S.A.,,2031-10-15,"IPCA + 6,0872%",IPCA_MAIS,6.0872,8.0801,7.7971,7.9619,0.1488,7.8131,8.1108,1234.307421,94.0356,880.99,3.496,35.0,2030-08-15
2026-09-24,ETBA12,ETB - EMPRESA DE TRANSMISSAO BAIANA S.A.,*;**,2029-02-15,"IPCA + 5,3382%",IPCA_MAIS,5.3382,7.2726,6.9296,7.2134,0.3123,6.9011,7.5257,1050.953859,96.7221,474.88,1.8844,,2028-08-15
2026-09-24,ETEN12,ENERGISA TRANSMISSAO DE ENERGIA S.A,,2027-10-15,"IPCA + 4,2297%",IPCA_MAIS,4.2297,6.5501,6.0858,6.3262,0.4601,5.8661,6.7864,1411.13683,97.9947,256.26,1.0169,,2027-05-15
2026-09-24,ETEN21,ENERGISA TRANSMISSAO DE ENERGIA S.A,,2028-12-15,"IPCA + 5,141%",IPCA_MAIS,5.141,6.5867,6.1126,6.3462,0.5194,5.8268,6.8656,1502.467819,98.6913,290.33,1.1521,,2027-05-15
2026-09-24,ETEN22,ENERGISA TRANSMISSAO DE ENERGIA S.A,,2030-10-15,"IPCA + 4,4744%",IPCA_MAIS,4.4744,7.9026,7.618,7.7701,0.1751,7.595,7.9454,1321.962108,91.7065,698.57,2.7721,,2029-05-15
2026-09-24,ETSP12,EQUATORIAL TRANSMISSORA 7 SPE S.A.,,2039-04-15,"IPCA + 4,85%",IPCA_MAIS,4.85,8.0684,7.8068,7.9858,0.2186,7.7672,8.2046,1189.239943,83.4873,1487.14,5.9013,,2033-05-15
2026-09-24,EUBE11,ENGIE SOLUCOES CIDADES INTELIGENTES E INFRAESTRUTURA DE UBERLANDIA S.A,*,2034-01-15,"IPCA + 6,4449%",IPCA_MAIS,6.4449,7.4303,7.2471,7.3675,0.1777,7.1898,7.5453,832.711202,97.0677,863.98,3.4285,,2030-08-15
2026-09-24,EXTZ11,EXTREMOZ TRANSMISSORA DO NORDESTE ETN S.A.,*;**,2029-01-15,"IPCA + 7,0291%",IPCA_MAIS,7.0291,,,7.9553,0.7346,7.2208,8.69,509.507876,98.7112,378.85,1.5034,,2028-08-15
2026-09-24,FBRI13,FIBRASIL INFRAESTRUTURA FIBRA OTICA S.A.,*,2034-04-15,"IPCA + 7,3609%",IPCA_MAIS,7.3609,7.162,6.8108,7.0423,0.0696,6.9727,7.112,1160.56232,101.3343,1125.47,4.4662,5.0,2032-08-15
2026-09-24,FEPS11,FARO ENERGY PROJ. SOL. HOL. IV S.A,*,2040-01-15,"IPCA + 8,6895%",IPCA_MAIS,8.6895,9.0846,8.7408,8.8832,0.2776,8.6056,9.1609,1065.787661,99.1271,1238.0,4.9127,,2032-08-15
2026-09-24,FGEN13,FERREIRA GOMES ENERGIA S/A,,2027-12-15,"IPCA + 6,4686%",IPCA_MAIS,6.4686,,,6.05,0.2905,5.7595,6.3406,518.457852,100.2764,176.66,0.701,,2027-05-15
2026-09-24,FLCLA9,ENERGISA MINAS RIO - DISTRIBUIDORA DE ENERGIA S.A.,*,2035-10-15,"IPCA + 7,2318%",IPCA_MAIS,7.2318,8.1886,7.8354,8.0665,0.1073,7.9592,8.1739,1018.209109,95.0467,1641.42,6.5136,,2035-05-15
2026-09-24,FLCLB9,ENERGISA MINAS RIO - DISTRIBUIDORA DE ENERGIA S.A.,*,2040-10-15,"IPCA + 7,1146%",IPCA_MAIS,7.1146,8.1246,7.9098,8.053,0.0955,7.9575,8.1487,995.414495,92.9641,2083.08,8.2662,,2037-05-15
2026-09-24,FRAG14,FERRARI AGROINDUSTRIA S/A,*,2031-06-15,"IPCA + 7,53%",IPCA_MAIS,7.53,,8.4474,8.567,0.097,8.47,8.6641,1088.276862,96.6186,901.35,3.5768,,2030-08-15
2026-09-24,FRAG16,FERRARI AGROINDUSTRIA S/A,*,2035-09-15,"IPCA + 8,4942%",IPCA_MAIS,8.4942,8.8207,8.5909,8.6788,0.0786,8.6002,8.7575,1036.336735,99.0455,1420.31,5.6362,,2033-05-15
2026-09-24,FSII14,FS I INDUSTRIA DE ETANOL S.A,*,2033-02-15,"IPCA + 9,1451%",IPCA_MAIS,9.1451,10.1169,9.7798,9.9499,0.0991,9.8508,10.0491,1003.062063,96.8897,1081.0,4.2897,,2031-05-15
2026-09-24,FURN21,FURNAS CENTRAIS ELETRICAS S/A,,2029-11-15,"IPCA + 4,08%",IPCA_MAIS,4.08,7.4095,7.1727,7.2734,0.2949,6.9786,7.5684,1215.444157,95.4759,382.32,1.5171,,2028-08-15
2026-09-24,GASC15,RUMO MALHA PAULISTA S/A,*;**,2034-03-15,"IPCA + 5,797%",IPCA_MAIS,5.797,8.8819,8.526,8.6946,0.2018,8.4928,8.8965,947.173806,84.8496,1515.26,6.0129,,2035-05-15
2026-09-24,GASC16,RUMO MALHA PAULISTA S/A,*,2034-06-15,"IPCA + 6,4186%",IPCA_MAIS,6.4186,8.906,8.5464,8.6846,0.2544,8.4303,8.9391,989.084122,88.0763,1502.11,5.9608,,2035-05-15
2026-09-24,GASC17,RUMO MALHA PAULISTA S/A,*,2036-08-15,"IPCA + 6,047%",IPCA_MAIS,6.047,8.5697,8.3306,8.4761,0.0744,8.4017,8.5507,939.777455,85.0821,1770.47,7.0257,,2035-05-15
2026-09-24,GASC18,RUMO MALHA PAULISTA S/A,*,2037-03-15,"IPCA + 7,4742%",IPCA_MAIS,7.4742,8.9368,8.5682,8.7098,0.2296,8.4802,8.9395,978.024357,92.1804,1778.52,7.0576,,2035-05-15
2026-09-24,GASC19,RUMO MALHA PAULISTA S/A,*,2040-10-15,"IPCA + 6,5823%",IPCA_MAIS,6.5823,8.7841,8.0782,8.4302,0.121,8.3092,8.5512,925.86164,86.38,2097.86,8.3248,,2037-05-15
2026-09-24,GASC22,RUMO MALHA PAULISTA S/A,*,2031-06-15,"IPCA + 4,52%",IPCA_MAIS,4.52,8.6472,8.2902,8.4132,0.1186,8.2946,8.5319,1205.087681,88.4303,841.65,3.3399,,2030-08-15
2026-09-24,GASC23,RUMO MALHA PAULISTA S/A,*,2033-10-15,"IPCA + 5,7283%",IPCA_MAIS,5.7283,8.6303,8.3837,8.5029,0.0894,8.4134,8.5924,1134.66712,86.3064,1416.44,5.6208,5.0,2033-05-15
2026-09-24,GASC25,RUMO MALHA PAULISTA S/A,*;**,2039-03-15,"IPCA + 5,9284%",IPCA_MAIS,5.9284,8.9126,8.4537,8.6521,0.2269,8.4252,8.8791,905.161782,81.0833,2032.38,8.065,,2037-05-15
2026-09-24,GASC26,RUMO MALHA PAULISTA S/A,*,2039-06-15,"IPCA + 6,5318%",IPCA_MAIS,6.5318,8.8088,8.4635,8.4979,0.3292,8.1687,8.8272,969.484029,86.3047,1989.95,7.8966,,2037-05-15
2026-09-24,GASC27,RUMO MALHA PAULISTA S/A,*,2036-08-15,"IPCA + 6,047%",IPCA_MAIS,6.047,8.8529,8.4548,8.6604,0.199,8.4614,8.8595,928.648814,84.0746,1766.31,7.0092,,2035-05-15
2026-09-24,GASC28,RUMO MALHA PAULISTA S/A,*,2040-03-15,"IPCA + 7,528%",IPCA_MAIS,7.528,8.88,8.4682,8.5696,0.033,8.5366,8.6027,980.355441,92.3988,2043.33,8.1085,,2037-05-15
2026-09-24,GASP19,COMPANHIA DE GAS DE SÃO PAULO - COMGAS,,2031-08-15,"IPCA + 5,1216%",IPCA_MAIS,5.1216,7.9039,7.6732,7.7343,0.1604,7.5739,7.8949,1203.56896,91.7573,879.09,3.4885,,2030-08-15
2026-09-24,GASP29,COMPANHIA DE GAS DE SÃO PAULO - COMGAS,,2036-08-15,"IPCA + 5,2164%",IPCA_MAIS,5.2164,7.942,7.6347,7.7753,0.1052,7.6701,7.8807,1107.018329,84.3884,1755.94,6.968,,2035-05-15
2026-09-24,GSTS14,AGUAS DE TERESINA SANEAMENTO SPE S.A.,*,2032-05-15,"IPCA + 6,5163%",IPCA_MAIS,6.5163,10.8181,9.8568,10.0934,0.3099,9.7835,10.4035,1074.765137,87.8851,976.16,3.8737,10.0,2031-05-15
2026-09-24,GSTS24,AGUAS DE TERESINA SANEAMENTO SPE S.A.,*,2037-05-15,"IPCA + 6,8516%",IPCA_MAIS,6.8516,10.5223,10.2104,10.4033,0.1371,10.2662,10.5405,996.298277,81.3753,1548.85,6.1462,,2035-05-15
2026-09-24,HARG11,HOLDING DO ARAGUAIA S.A.,*,2036-10-15,"IPCA + 6,6647%",IPCA_MAIS,6.6647,8.957,8.6252,8.8163,0.0533,8.763,8.8697,1075.439584,90.5983,1219.85,4.8407,45.0,2032-08-15
2026-09-24,HBSA11,HIDROVIAS DO BRASIL S.A.,*,2028-10-15,"IPCA + 6,0029%",IPCA_MAIS,6.0029,7.8048,7.4201,7.7046,0.3288,7.3758,8.0335,1263.9236,97.0134,479.38,1.9023,,2028-08-15
2026-09-24,HBSA21,HIDROVIAS DO BRASIL S.A.,*,2031-10-15,"IPCA + 6,0444%",IPCA_MAIS,6.0444,8.1868,7.9203,8.0882,0.3247,7.7635,8.4129,1218.551202,93.5146,881.13,3.4965,,2030-08-15
2026-09-24,HGLB23,HIGHLINE DO BRASIL II INFRAESTRUTURA DE TELECOMUNICACOES S.A,*,2034-10-15,"IPCA + 9,1196%",IPCA_MAIS,9.1196,,11.5419,12.0112,0.2768,11.7344,12.2882,1014.673353,89.7038,1029.61,4.0858,5.0,2031-05-15
2026-09-24,HSBH11,HELEXIA SBH4 S.A.,*,2043-11-15,"IPCA + 8,55%",IPCA_MAIS,8.55,,8.7328,8.8993,0.1137,8.7856,9.0131,1028.0703,98.0199,1559.94,6.1902,,2035-05-15
2026-09-24,HVSP11,HELIO VALGAS SOLAR PARTICIPACOES S.A.,*,2038-06-15,"IPCA + 8,2561%",IPCA_MAIS,8.2561,,,9.3334,0.2007,9.1327,9.5341,1196.896292,95.3606,1195.85,4.7454,10.0,2032-08-15
2026-09-24,HZTC14,ORIZON MEIO AMBIENTE S.A.,*,2035-11-15,"IPCA + 6,7592%",IPCA_MAIS,6.7592,8.5307,8.1574,8.4368,0.2486,8.1882,8.6855,1078.891652,94.1258,964.96,3.8292,40.0,2031-05-15
2026-09-24,IBPB11,SERRA DE IBIAPABA TRANSMISSORA DE ENERGIA S.A.,*;**,2040-11-15,"IPCA + 5,9%",IPCA_MAIS,5.9,,,7.9454,0.1578,7.7876,8.1033,1167.112799,89.3154,1449.55,5.7522,,2033-05-15
2026-09-24,IGSN15,IGUA SANEAMENTO S.A,,2034-07-15,"IPCA + 6,1%",IPCA_MAIS,6.1,12.2516,11.8581,11.9591,0.2171,11.742,12.1763,968.496801,81.9394,898.98,3.5674,,2030-08-15
2026-09-24,IPIPA5,IPIRANGA PRODUTOS DE PETRÓLEO S/A,*,2035-10-15,"IPCA + 6,955%",IPCA_MAIS,6.955,7.6932,7.4183,7.5595,0.106,7.4535,7.6657,1038.652215,96.6323,1526.31,6.0568,,2035-05-15
2026-09-24,IRJS14,IGUA RIO DE JANEIRO S.A.,*,2043-05-15,"IPCA + 8,2%",IPCA_MAIS,8.2,11.8185,11.5825,11.6284,0.5477,11.0807,12.1762,1096.009338,80.8184,1636.23,6.493,10.0,2035-05-15
2026-09-24,IRJS15,IGUA RIO DE JANEIRO S.A.,*,2044-02-15,"IPCA + 7,1303%",IPCA_MAIS,7.1303,11.799,11.5872,11.6467,0.3479,11.2988,11.9947,957.531305,74.968,1664.81,6.6064,5.0,2035-05-15
2026-09-24,ISAEA8,ISA ENERGIA BRASIL S.A.,*,2033-06-15,"IPCA + 7,4118%",IPCA_MAIS,7.4118,7.5603,,7.3987,0.1952,7.2034,7.594,1081.952515,100.0607,1254.73,4.9791,,2032-08-15
2026-09-24,ISAEA9,ISA ENERGIA BRASIL S.A.,*,2035-06-15,"IPCA + 6,7%",IPCA_MAIS,6.7,7.5683,7.2424,7.3733,0.163,7.2103,7.5363,1073.141055,94.6966,2183.0,8.6627,10.0,2040-08-15
2026-09-24,ISAEB0,ISA ENERGIA BRASIL S.A.,*,2037-10-15,"IPCA + 6,6598%",IPCA_MAIS,6.6598,7.4688,7.2388,7.3543,0.1066,7.2476,7.461,1016.873965,95.1108,1933.93,7.6743,,2037-05-15
2026-09-24,ISAEB2,ISA ENERGIA BRASIL S.A.,*,2041-03-15,"IPCA + 6,4618%",IPCA_MAIS,6.4618,7.5031,7.2784,7.3609,0.0717,7.2892,7.4327,940.421639,92.3189,2367.6,9.3952,10.0,2040-08-15
2026-09-24,ISAEB8,ISA ENERGIA BRASIL S.A.,*,2033-03-15,"IPCA + 7,4118%",IPCA_MAIS,7.4118,7.5573,7.4153,7.4291,0.1253,7.3038,7.5544,1060.69885,99.9211,1235.5,4.9028,45.0,2032-08-15
2026-09-24,ISAEC0,ISA ENERGIA BRASIL S.A.,*,2040-10-15,"IPCA + 6,6382%",IPCA_MAIS,6.6382,7.6326,7.2138,7.3997,0.0694,7.3303,7.4693,1004.06231,93.9209,2199.66,8.7288,50.0,2040-08-15
2026-09-24,ISAEC2,ISA ENERGIA BRASIL S.A.,*,2041-03-15,"IPCA + 6,4618%",IPCA_MAIS,6.4618,7.4564,7.1963,7.3138,0.0858,7.2281,7.3997,944.309044,92.7005,2370.46,9.4066,,2040-08-15
2026-09-24,ITPE13,COMPANHIA AGUAS DE ITAPEMA,*,2042-06-15,"IPCA + 8,65%",IPCA_MAIS,8.65,,8.6771,8.6992,0.079,8.6202,8.7783,1145.543677,99.6603,1892.9,7.5115,,2037-05-15
2026-09-24,ITPO14,ITAPOA TERMINAIS PORTUÁRIOS S/A,*,2036-11-15,"IPCA + 6,2878%",IPCA_MAIS,6.2878,7.9604,7.6288,7.7053,0.1759,7.5294,7.8813,1432.295629,93.5991,1243.63,4.935,5.0,2032-08-15
2026-09-24,ITPO15,ITAPOA TERMINAIS PORTUÁRIOS S/A,*,2040-05-15,"IPCA + 7,4%",IPCA_MAIS,7.4,7.9689,7.6341,7.7967,0.1617,7.635,7.9585,1054.969682,97.9249,1427.35,5.6641,,2033-05-15
2026-09-24,IVIAA0,CONC. RODOV. INTERI. PAULISTA S/A,*,2038-05-15,"IPCA + 6,8672%",IPCA_MAIS,6.8672,9.3507,9.0045,9.2984,0.1716,9.1268,9.4701,996.319393,88.0926,1387.87,5.5074,5.0,2033-05-15
2026-09-24,JALL11,JALLES MACHADO S.A.,,2028-12-15,"IPCA + 5,5923%",IPCA_MAIS,5.5923,8.3298,7.9619,8.0664,0.216,7.8504,8.2825,1212.684145,95.3091,522.22,2.0723,,2028-08-15
2026-09-24,JALL13,JALLES MACHADO S.A.,,2032-09-15,"IPCA + 6,4876%",IPCA_MAIS,6.4876,,8.636,8.8876,0.1179,8.7697,9.0056,1099.866617,91.7253,970.56,3.8514,,2031-05-15
2026-09-24,JALL14,JALLES MACHADO S.A.,*,2030-10-15,"IPCA + 7,1163%",IPCA_MAIS,7.1163,9.0653,8.6509,8.8997,0.1923,8.7074,9.0921,1109.625756,94.4501,868.66,3.4471,,2030-08-15
2026-09-24,JALL15,JALLES MACHADO S.A.,*,2034-05-15,"IPCA + 6,6074%",IPCA_MAIS,6.6074,,8.7693,9.0497,0.2783,8.7713,9.3281,1004.528589,88.7399,1315.42,5.2199,,2033-05-15
2026-09-24,JALL21,JALLES MACHADO S.A.,,2031-12-15,"IPCA + 5,8041%",IPCA_MAIS,5.8041,,,8.3569,0.1878,8.1691,8.5449,1165.842112,91.5752,925.28,3.6717,,2030-08-15
2026-09-24,JALL24,JALLES MACHADO S.A.,*,2033-10-17,"IPCA + 7,234%",IPCA_MAIS,7.234,8.7572,8.4488,8.6518,0.3019,8.3499,8.9538,1103.489973,93.882,1204.4,4.7794,,2032-08-15
2026-09-24,JSMLB5,SIMPAR S.A.,*,2031-09-15,"IPCA + 7,9677%",IPCA_MAIS,7.9677,,,12.4032,1.31,11.0932,13.7133,1151.267114,87.1663,852.14,3.3815,,2030-08-15
2026-09-24,JTEE11,JANAUBA TRANSMISSORA DE ENERGIA ELETRICA  S/A,*;**,2033-07-15,"IPCA + 4,5%",IPCA_MAIS,4.5,7.5194,7.3004,7.4849,0.1765,7.3084,7.6615,901.048847,91.1442,816.19,3.2388,,2030-08-15
2026-09-24,JTEE12,JANAUBA TRANSMISSORA DE ENERGIA ELETRICA  S/A,*,2044-12-15,"IPCA + 4,8295%",IPCA_MAIS,4.8295,7.4951,7.2312,7.4045,0.1333,7.2712,7.5379,1323.707175,83.8234,1750.21,6.9453,,2035-05-15
2026-09-24,KLBNA5,KLABIN S/A,*,2039-08-15,"IPCA + 6,05%",IPCA_MAIS,6.05,7.4688,7.1923,7.2834,0.1592,7.1243,7.4427,1001.296721,90.6547,2113.89,8.3885,,2037-05-15
2026-09-24,LCAMD1,COMPANHIA DE LOCAÇÃO DAS AMÉRICAS,,2031-09-15,"IPCA + 6,5119%",IPCA_MAIS,6.5119,,,9.37,0.0811,9.2889,9.4511,1184.289563,91.1374,878.56,3.4863,15.0,2030-08-15
2026-09-24,LCAMD3,COMPANHIA DE LOCAÇÃO DAS AMÉRICAS,*,2029-04-15,"IPCA + 7,2101%",IPCA_MAIS,7.2101,,,9.3034,0.1342,9.1691,9.4377,1187.658581,95.6809,574.41,2.2794,,2029-05-15
2026-09-24,LGEN11,LAGOA 1 ENERGIA RENOVAVEL S.A.,,2029-03-15,"IPCA + 7,3287%",IPCA_MAIS,7.3287,,,6.431,0.2108,6.2201,6.6419,639.788357,100.9802,293.19,1.1635,,2027-05-15
2026-09-24,LIGH1B,LIGHT SERVIÇOS DE ELETRICIDADE S/A,*;**,2032-11-13,IPCA + 5%,IPCA_MAIS,5.0,,,,,,,77.004586,67.25,,,,
2026-09-24,LIGHB4,LIGHT SERVIÇOS DE ELETRICIDADE S/A,*;**,2032-11-13,IPCA + 5%,IPCA_MAIS,5.0,,,,,,,77.039882,67.2808,,,15.0,
2026-09-24,LIGHB6,LIGHT SERVIÇOS DE ELETRICIDADE S/A,*;**,2032-11-13,IPCA + 5%,IPCA_MAIS,5.0,,,,,,,77.004586,67.25,,,,
2026-09-24,LIGHB7,LIGHT SERVIÇOS DE ELETRICIDADE S/A,*;**,2032-11-13,IPCA + 5%,IPCA_MAIS,5.0,,,,,,,77.100007,67.3333,,,,
2026-09-24,LIGHC3,LIGHT SERVIÇOS DE ELETRICIDADE S/A,*;**,2032-11-13,IPCA + 5%,IPCA_MAIS,5.0,,,,,,,76.718324,67.0,,,,
2026-09-24,LIGHD3,LIGHT SERVIÇOS DE ELETRICIDADE S/A,*;**,2037-11-13,IPCA + 3%,IPCA_MAIS,3.0,,,,,,,54.110729,46.5625,,,,
2026-09-24,LORTA7,LOCALIZA RENT A CAR,,2031-03-15,"IPCA + 5,4702%",IPCA_MAIS,5.4702,9.6503,9.418,9.4568,0.0919,9.3649,9.5487,1185.332305,87.605,894.24,3.5486,,2030-08-15
2026-09-24,LTTE15,LINHAS DE TAUBATE TRANS.DE ENERGIA S/A,*;**,2038-10-15,"IPCA + 5,09%",IPCA_MAIS,5.09,8.0624,7.6886,7.8868,0.0801,7.8066,7.967,1112.836677,87.9897,1184.57,4.7007,5.0,2032-08-15
2026-09-24,MGPRA0,CONCESSÃO METROVIÁRIA DO R. JANEIRO S/A,*,2042-03-15,"IPCA + 7,8868%",IPCA_MAIS,7.8868,9.0646,8.8595,8.9731,0.1568,8.8163,9.13,1038.196389,92.6151,1901.39,7.5452,50.0,2037-05-15
2026-09-24,MGSP12,EDP TRANSMISSAO SP-MG S.A.,,2039-07-15,"IPCA + 4,45%",IPCA_MAIS,4.45,7.9549,7.6046,7.7782,0.125,7.6532,7.9033,1139.400443,83.9921,1349.6,5.3556,,2033-05-15
2026-09-24,MOTVB9,MOTIVA INFRAESTRUTURA DE MOBILIDADE S.A.,*,2037-10-15,"IPCA + 6,6497%",IPCA_MAIS,6.6497,7.8154,7.457,7.5895,0.0859,7.5036,7.6755,1003.478324,93.8692,1803.45,7.1565,15.0,2037-05-15
2026-09-24,MOVI18,MOVIDA PARTICIPACOES S/A,*,2029-06-15,"IPCA + 8,0525%",IPCA_MAIS,8.0525,,,12.9366,0.2838,12.6528,13.2205,1091.78816,89.8637,606.74,2.4077,,2029-05-15
2026-09-24,MOVI37,MOVIDA PARTICIPACOES S/A,*,2031-09-15,"IPCA + 7,6366%",IPCA_MAIS,7.6366,,,13.4822,0.6485,12.8337,14.1308,1086.508916,83.4507,852.19,3.3817,,2030-08-15
2026-09-24,MRSAA1,MRS LOGÍSTICA S/A,*,2033-09-15,"IPCA + 6,2414%",IPCA_MAIS,6.2414,7.7586,7.5036,7.585,0.1256,7.4594,7.7108,1063.996102,93.0702,1433.4,5.6881,,2033-05-15
2026-09-24,MRSAA2,MRS LOGÍSTICA S/A,*,2034-09-15,"IPCA + 6,5251%",IPCA_MAIS,6.5251,7.7522,7.5233,7.6244,0.12,7.5044,7.7445,1028.053446,93.7414,1578.45,6.2637,,2035-05-15
2026-09-24,MRSAA3,MRS LOGÍSTICA S/A,*,2032-07-15,"IPCA + 7,2638%",IPCA_MAIS,7.2638,7.5947,7.3725,7.4461,0.1493,7.2968,7.5956,1051.854777,99.1952,1198.56,4.7562,5.0,2032-08-15
2026-09-24,MRSAA4,MRS LOGÍSTICA S/A,*,2041-02-15,"IPCA + 6,4613%",IPCA_MAIS,6.4613,7.6316,7.4337,7.5624,0.0585,7.5039,7.6209,938.741179,91.1659,2236.41,8.8746,,2040-08-15
2026-09-24,MRSAB1,MRS LOGÍSTICA S/A,*,2035-09-15,"IPCA + 6,3439%",IPCA_MAIS,6.3439,7.7675,7.5261,7.6427,0.0942,7.5485,7.737,1058.942336,92.6256,1580.44,6.2716,,2035-05-15
2026-09-24,MRSAB2,MRS LOGÍSTICA S/A,*,2036-09-15,"IPCA + 6,5514%",IPCA_MAIS,6.5514,7.7761,7.5317,7.6375,0.1194,7.5181,7.757,1023.07583,93.2869,1715.72,6.8084,10.0,2035-05-15
2026-09-24,MRSAB3,MRS LOGÍSTICA S/A,*,2040-07-15,"IPCA + 6,8437%",IPCA_MAIS,6.8437,7.7066,7.4356,7.5484,0.1358,7.4126,7.6843,1001.634468,94.5327,2138.26,8.4852,,2040-08-15
2026-09-24,MRSAC1,MRS LOGÍSTICA S/A,*,2038-09-15,"IPCA + 6,4496%",IPCA_MAIS,6.4496,7.7867,7.5,7.6693,0.0824,7.5869,7.7518,1044.578195,91.3667,1977.24,7.8462,,2037-05-15
2026-09-24,MRSAC2,MRS LOGÍSTICA S/A,*,2039-09-15,"IPCA + 6,5796%",IPCA_MAIS,6.5796,7.8047,7.494,7.6687,0.094,7.5746,7.7628,1007.327758,91.8502,2085.31,8.275,,2037-05-15
2026-09-24,MSGT12,MATA DE SANTA GENEBRA TRANSMISSÃO S/A,,2030-11-15,"IPCA + 4,95%",IPCA_MAIS,4.95,7.5488,7.0898,7.293,0.3772,6.9159,7.6703,837.896286,95.9169,472.16,1.8737,,2028-08-15
2026-09-24,MSGT13,MATA DE SANTA GENEBRA TRANSMISSÃO S/A,*;**,2031-11-15,"IPCA + 7,0605%",IPCA_MAIS,7.0605,8.767,8.3395,8.5679,0.2414,8.3265,8.8094,972.250573,96.2592,682.9,2.7099,,2029-05-15
2026-09-24,MSGT23,MATA DE SANTA GENEBRA TRANSMISSÃO S/A,*,2037-11-15,"IPCA + 6,0762%",IPCA_MAIS,6.0762,7.8847,7.5691,7.8007,0.1294,7.6713,7.9302,1077.24379,90.2754,1577.09,6.2583,45.0,2035-05-15
2026-09-24,MSGT33,MATA DE SANTA GENEBRA TRANSMISSÃO S/A,*,2041-11-15,"IPCA + 6,2339%",IPCA_MAIS,6.2339,7.8784,7.527,7.6798,0.157,7.5228,7.8369,1034.228466,89.3215,2063.83,8.1898,,2037-05-15
2026-09-24,NEOE16,NEOENERGIA S/A,,2029-06-15,"IPCA + 4,07%",IPCA_MAIS,4.07,7.6716,7.4527,7.5389,0.055,7.4839,7.594,1405.46923,94.7589,411.04,1.6311,50.0,2028-08-15
2026-09-24,NEOE26,NEOENERGIA S/A,,2033-06-15,"IPCA + 4,22%",IPCA_MAIS,4.22,8.075,7.7642,7.9891,0.1197,7.8694,8.1089,839.277733,88.8832,818.7,3.2488,,2030-08-15
2026-09-24,NMCH11,NEOENERGIA MORRO DO CHAPEU TRANSMISSAO E ENERGIA S.A.,*,2038-12-15,"IPCA + 6,5599%",IPCA_MAIS,6.5599,8.0432,7.8324,7.9481,0.1202,7.8279,8.0684,1148.920314,94.0398,1177.74,4.6736,10.0,2032-08-15
2026-09-24,NNAE12,SPE NOVO NORTE AEROPORTOS S.A.,*,2040-12-15,"IPCA + 9,5%",IPCA_MAIS,9.5,8.5495,8.2992,8.4391,0.2011,8.238,8.6402,1339.846143,105.5622,1417.83,5.6263,10.0,2033-05-15
2026-09-24,NTEN11,NORTE ENERGIA S/A,,2030-05-15,"IPCA + 7,25%",IPCA_MAIS,7.25,12.8108,11.8067,12.4307,0.153,12.2776,12.5838,976.420261,92.0265,436.26,1.7312,,2028-08-15
2026-09-24,NTSD19,NOVA TRANSPORTE DO SUDESTE S.A. - NTS,*,2040-07-16,"IPCA + 6,7269%",IPCA_MAIS,6.7269,7.4214,7.1097,7.2118,0.071,7.1409,7.2829,1016.303327,96.1656,2161.87,8.5788,,2040-08-15
2026-09-24,NTSDA1,NOVA TRANSPORTE DO SUDESTE S.A. - NTS,*,2041-03-15,"IPCA + 6,3198%",IPCA_MAIS,6.3198,7.3442,7.135,7.3092,0.1173,7.1919,7.4267,942.067273,91.8768,2279.19,9.0444,45.0,2040-08-15
2026-09-24,ODYA11,ODOYA TRANSMISSORA DE ENERGIA S.A..,*,2031-09-15,"IPCA + 6,7968%",IPCA_MAIS,6.7968,7.9705,7.6734,7.8898,0.414,7.4758,8.3039,706.356134,97.5412,613.35,2.4339,,2029-05-15
2026-09-24,OMGE12,OMEGA GERAÇÃO S/A,,2028-09-15,"IPCA + 4,3671%",IPCA_MAIS,4.3671,8.5607,8.1661,8.4222,0.0566,8.3656,8.4788,1329.24411,93.0104,478.68,1.8995,,2028-08-15
2026-09-24,OMGE22,OMEGA GERAÇÃO S/A,,2028-09-15,"IPCA + 4,3671%",IPCA_MAIS,4.3671,8.5216,7.5457,8.1006,0.4416,7.6591,8.5423,1335.777369,93.4675,484.17,1.9213,,2028-08-15
2026-09-24,OMGE41,OMEGA GERAÇÃO S/A,,2027-05-15,IPCA + 5%,IPCA_MAIS,5.0,,6.6041,6.92,0.4444,6.4756,7.3645,1477.931397,98.8916,154.98,0.615,,2027-05-15
2026-09-24,OMNG12,OMEGA ENERGIA E IMPLANTACAO 2 S.A.,,2029-12-15,"IPCA + 7,1096%",IPCA_MAIS,7.1096,8.4065,7.8293,8.1956,0.1651,8.0305,8.3608,659.963436,98.426,395.06,1.5677,,2028-08-15
2026-09-24,ONZE21,BLOCO DE ONZE AEROPORTOS DO BRASIL S.A,*,2048-06-15,"IPCA + 8,74%",IPCA_MAIS,8.74,8.3785,7.7213,8.0246,0.3488,7.6758,8.3735,1120.665036,105.434,2048.09,8.1273,,2037-05-15
2026-09-24,ORIG11,ORIGEM ENERGIA S.A,*,2035-12-15,"IPCA + 8,4001%",IPCA_MAIS,8.4001,,10.8417,11.1187,0.53,10.5887,11.6488,1026.479532,88.5563,1214.95,4.8212,,2032-08-15
2026-09-24,ORIG12,ORIGEM ENERGIA S.A,*,2035-12-15,"IPCA + 10,0361%",IPCA_MAIS,10.0361,,10.4775,10.707,0.3726,10.3344,11.0798,1041.604369,97.1608,1188.75,4.7173,45.0,2032-08-15
2026-09-24,ORVR16,HAZTEC INVESTIMENTOS E PARTICIPAÇÕES S/A,*,2039-12-15,"IPCA + 7,9283%",IPCA_MAIS,7.9283,8.3899,8.193,8.2718,0.1672,8.1046,8.439,1036.464284,97.9737,1618.49,6.4226,35.0,2035-05-15
2026-09-24,PALF38,COMPANHIA PAULISTA DE FORÇA E LUZ,,2027-09-15,"IPCA + 5,05%",IPCA_MAIS,5.05,6.2698,5.5734,5.8179,0.3151,5.5028,6.133,520.916995,99.3088,239.97,0.9523,,2027-05-15
2026-09-24,PALFA3,COMPANHIA PAULISTA DE FORÇA E LUZ,*,2033-10-15,"IPCA + 6,1774%",IPCA_MAIS,6.1774,7.6771,7.3962,7.522,0.1458,7.3762,7.6678,1099.08976,93.9522,1243.18,4.9333,,2032-08-15
2026-09-24,PALFA7,COMPANHIA PAULISTA DE FORÇA E LUZ,*,2035-09-15,"IPCA + 6,8967%",IPCA_MAIS,6.8967,7.8331,7.3661,7.5488,0.1226,7.4262,7.6715,1003.350283,96.2887,1562.06,6.1987,15.0,2035-05-15
2026-09-24,PALFB3,COMPANHIA PAULISTA DE FORÇA E LUZ,*,2035-10-15,"IPCA + 6,1753%",IPCA_MAIS,6.1753,7.8474,7.4891,7.6185,0.1612,7.4573,7.7798,1075.50875,91.9372,1556.56,6.1768,,2035-05-15
2026-09-24,PALFB6,COMPANHIA PAULISTA DE FORÇA E LUZ,*,2035-02-15,"IPCA + 7,7082%",IPCA_MAIS,7.7082,7.6973,7.4042,7.5776,0.0951,7.4825,7.6729,1082.796614,100.6961,1441.62,5.7207,35.0,2033-05-15
2026-09-24,PASN12,PARANAGUA SANEAMENTO S/A,*,2030-07-15,"IPCA + 6,1%",IPCA_MAIS,6.1,9.2536,8.1384,8.6189,0.4564,8.1625,9.0754,584.340797,95.6936,469.02,1.8612,,2028-08-15
2026-09-24,PAXA12,PAX INVESTIMENTOS EM AEROPORTOS S.A,*,2040-02-15,"IPCA + 9,5844%",IPCA_MAIS,9.5844,,,8.9858,0.0534,8.9324,9.0393,1270.272868,103.4227,1558.28,6.1837,,2035-05-15
2026-09-24,PEJA11,PRIO FORTE S.A,*,2032-08-15,"IPCA + 7,41%",IPCA_MAIS,7.41,8.1732,7.8424,8.0453,0.1377,7.9076,8.1831,1182.426136,98.2866,736.39,2.9222,5.0,2030-08-15
2026-09-24,PEJA22,PRIO FORTE S.A,*,2034-02-15,"IPCA + 6,4662%",IPCA_MAIS,6.4662,8.1524,7.7669,8.0015,0.1631,7.8384,8.1647,1045.862685,92.7621,1315.32,5.2195,10.0,2033-05-15
2026-09-24,PEJA23,PRIO FORTE S.A,*,2034-04-15,"IPCA + 6,5102%",IPCA_MAIS,6.5102,8.2881,7.9925,8.1512,0.0954,8.0558,8.2466,1056.972706,92.3157,1308.76,5.1935,,2033-05-15
2026-09-24,PETR17,PETRÓLEO BRASILEIRO S/A - PETROBRAS,,2029-09-15,"IPCA + 3,6%",IPCA_MAIS,3.6,7.0346,6.7023,6.7908,0.1872,6.6036,6.9781,1344.023742,91.795,710.35,2.8188,45.0,2029-05-15
2026-09-24,PETR18,PETRÓLEO BRASILEIRO S/A - PETROBRAS,*,2035-06-15,"IPCA + 6,3874%",IPCA_MAIS,6.3874,7.202,,6.9786,0.2328,6.7458,7.2115,1027.385478,96.372,1674.78,6.646,,2035-05-15
2026-09-24,PETR26,PETRÓLEO BRASILEIRO S/A - PETROBRAS,*;**,2029-01-15,"IPCA + 4,2186%",IPCA_MAIS,4.2186,7.1129,6.7018,6.8627,0.2187,6.644,7.0815,1427.292744,94.6813,549.26,2.1796,50.0,2029-05-15
2026-09-24,PETR27,PETRÓLEO BRASILEIRO S/A - PETROBRAS,,2034-09-15,"IPCA + 3,9%",IPCA_MAIS,3.9,7.2624,,7.0653,0.3666,6.6987,7.432,1192.836536,81.4626,1703.78,6.761,,2035-05-15
2026-09-24,PETR28,PETRÓLEO BRASILEIRO S/A - PETROBRAS,*,2040-06-15,"IPCA + 6,6556%",IPCA_MAIS,6.6556,7.1767,,6.8621,0.24,6.6221,7.1022,1049.235794,98.3508,2161.52,8.5775,,2040-08-15
2026-09-24,PETR38,PETRÓLEO BRASILEIRO S/A - PETROBRAS,*,2045-06-15,"IPCA + 6,8431%",IPCA_MAIS,6.8431,7.269,,6.9705,0.2538,6.7166,7.2244,1054.288267,98.7749,2600.64,10.32,,2045-05-15
2026-09-24,PLSB1A,AUTOPISTA LITORAL SUL S/A.,*,2031-10-15,"IPCA + 5,855%",IPCA_MAIS,5.855,10.0079,9.8231,10.0066,0.1268,9.8798,10.1335,1123.609374,90.17,667.02,2.6469,,2029-05-15
2026-09-24,POTE11,POTENGI HOLDINGS S.A.,*,2041-12-15,"IPCA + 7,3706%",IPCA_MAIS,7.3706,8.2628,7.852,8.1104,0.1448,7.9656,8.2553,1056.656742,95.8837,1525.94,6.0553,,2035-05-15
2026-09-24,POTE12,POTENGI HOLDINGS S.A.,*,2042-10-15,"IPCA + 7,0416%",IPCA_MAIS,7.0416,8.3855,8.0884,8.2893,0.0992,8.1901,8.3885,90.003197,93.6016,1405.33,5.5767,,2033-05-15
2026-09-24,PRAS11,PIRAPORA SOLAR HOLDING S.A.,*;**,2034-08-15,"IPCA + 5,7656%",IPCA_MAIS,5.7656,,,7.7093,0.356,7.3533,8.0655,945.179607,93.2029,961.88,3.817,,2031-05-15
2026-09-24,PRPO12,PIRAPORA II SOLAR HOLDING S.A.,*,2031-12-15,"IPCA + 4,22%",IPCA_MAIS,4.22,7.8823,7.5136,7.7992,0.2474,7.5518,8.0467,943.258315,91.2471,673.19,2.6714,10.0,2029-05-15
2026-09-24,PRSS11,PAX INVESTIMENTOS EM AEROPORTOS S.A,*,2040-02-15,"IPCA + 8,6141%",IPCA_MAIS,8.6141,8.5991,8.2359,8.4692,0.1616,8.3075,8.6309,1221.745191,100.8503,1600.81,6.3524,,2035-05-15
2026-09-24,PRTE12,PARANAIBA TRANSMISSORA DE ENERGIA S.A.,,2028-03-15,"IPCA + 6,9045%",IPCA_MAIS,6.9045,,,5.5863,0.5571,5.0292,6.1434,322.589891,101.2772,258.04,1.024,,2027-05-15
2026-09-24,PTAZ11,PARINTINS AMAZONAS TRANSMISSORA DE ENERGIA S.A.,*,2046-04-15,"IPCA + 5,6904%",IPCA_MAIS,5.6904,8.0462,7.7756,7.9154,0.0747,7.8407,7.9902,1108.2475,83.5152,2088.82,8.289,,2037-05-15
2026-09-24,QMCT14,QMC TELECOM DO BRASIL CESSAO DE INFRAESTRUTURA S.A,*,2035-08-15,"IPCA + 9,6588%",IPCA_MAIS,9.6588,8.8254,8.3266,8.7552,0.3428,8.4124,9.098,1097.794239,104.1015,1230.39,4.8825,,2032-08-15
2026-09-24,QUAT13,ACUCAREIRA QUATA S/A,*,2034-07-15,"IPCA + 7,8722%",IPCA_MAIS,7.8722,,,8.6406,0.2911,8.3494,8.9318,1048.765196,97.5434,878.59,3.4865,15.0,2030-08-15
2026-09-24,RAIZ13,RAIZEN S.A.,*,2034-09-15,"IPCA + 6,4879%",IPCA_MAIS,6.4879,,,,,,,526.569073,47.8125,,,,
2026-09-24,RAIZ23,RAIZEN S.A.,*,2039-09-15,"IPCA + 6,4794%",IPCA_MAIS,6.4794,,,,,,,519.436302,47.1667,,,,
2026-09-24,RALM11,RIALMA TRANSMISSORA DE ENERGIA V S/A,*,2048-12-15,"IPCA + 7,8293%",IPCA_MAIS,7.8293,,8.8352,8.8556,0.3526,8.503,9.2083,1161.189521,92.4414,2055.29,8.1559,5.0,2037-05-15
2026-09-24,RALM21,RIALMA TRANSMISSORA DE ENERGIA V S/A,*,2048-12-15,"IPCA + 7,8293%",IPCA_MAIS,7.8293,,8.8352,8.9482,0.3136,8.6346,9.2619,1077.287024,91.8035,2049.0,8.131,,2037-05-15
2026-09-24,RATL11,CONCESSIONARIA ROTA DO ATLANTICO S.A,*,2036-12-15,"IPCA + 7,1717%",IPCA_MAIS,7.1717,,,7.5902,0.6443,6.9459,8.2345,1191.585421,98.0076,1296.63,5.1454,,2033-05-15
2026-09-24,RDOE18,CONCESSIONÁRIA DO RODOANEL OESTE S/A,*,2031-04-15,"IPCA + 5,95%",IPCA_MAIS,5.95,7.7613,7.4308,7.6422,0.2126,7.4296,7.8548,1086.541303,95.1724,784.26,3.1121,,2030-08-15
2026-09-24,RDSM12,CONCESSIONARIA RODOVIAS DO SUL DE MINAS SPE S.A.,*,2044-10-15,"IPCA + 8,1584%",IPCA_MAIS,8.1584,8.6472,7.9798,8.2951,0.2837,8.0115,8.5789,1114.756548,99.0539,1892.81,7.5112,,2037-05-15
2026-09-24,RDVE11,RDVE SUBHOLDING S.A.,*,2038-04-15,"IPCA + 7,0421%",IPCA_MAIS,7.0421,7.6737,7.4219,7.5543,0.1795,7.3748,7.7339,1114.722427,97.8741,1127.86,4.4756,,2032-08-15
2026-09-24,RECV11,PETRORECONCAVO S.A.,*,2031-05-15,"IPCA + 7,3249%",IPCA_MAIS,7.3249,8.1718,7.6804,7.8742,0.2333,7.6409,8.1076,1117.008882,98.4145,788.01,3.127,5.0,2030-08-15
2026-09-24,RECV14,PETRORECONCAVO S.A.,*,2032-12-15,"IPCA + 7,4564%",IPCA_MAIS,7.4564,8.0401,7.4736,7.7985,0.3121,7.4863,8.1107,1040.929936,98.5345,1169.17,4.6396,5.0,2032-08-15
2026-09-24,RECV24,PETRORECONCAVO S.A.,*,2035-12-15,"IPCA + 7,2833%",IPCA_MAIS,7.2833,7.4063,7.1726,7.2728,0.1024,7.1703,7.3753,1056.564848,100.0606,1560.02,6.1906,,2035-05-15
2026-09-24,RENTD1,LOCALIZA RENT A CAR,*,2031-12-15,"IPCA + 8,867%",IPCA_MAIS,8.867,,,9.4912,0.0949,9.3963,9.5862,1215.301754,97.0783,1307.0,5.1865,,2033-05-15
2026-09-24,RESA14,RAIZEN ENERGIA S/A,,2029-11-15,"IPCA + 3,539%",IPCA_MAIS,3.539,,,,,,,695.70135,48.3375,,,15.0,
2026-09-24,RESA15,RAIZEN ENERGIA S/A,,2030-06-15,"IPCA + 5,8%",IPCA_MAIS,5.8,,,,,,,683.615067,48.0,,,,
2026-09-24,RESA17,RAIZEN ENERGIA S/A,*;**,2029-03-15,"IPCA + 5,9219%",IPCA_MAIS,5.9219,,,,,,,601.753834,48.0281,,,5.0,
2026-09-24,RESA27,RAIZEN ENERGIA S/A,*;**,2032-03-15,"IPCA + 5,9645%",IPCA_MAIS,5.9645,,,,,,,596.267454,47.5714,,,,
2026-09-24,RIGEA3,RGE SUL DISTRIBUIDORA DE ENERGIA S/A,*,2029-05-15,"IPCA + 5,9853%",IPCA_MAIS,5.9853,7.2313,6.9419,7.2212,0.3593,6.8619,7.5805,1193.667419,97.7445,495.28,1.9654,35.0,2028-08-15
2026-09-24,RIPR22,RIO PARANA ENERGIA S/A,*,2031-06-15,"IPCA + 4,6279%",IPCA_MAIS,4.6279,7.5919,7.3041,7.4853,0.3227,7.1625,7.8081,1231.399991,91.3417,842.87,3.3447,5.0,2030-08-15
2026-09-24,RIS412,AGUAS DO RIO 4 SPE S.A,*,2034-01-15,"IPCA + 6,9%",IPCA_MAIS,6.9,13.8291,12.7037,13.8043,1.9154,11.8889,15.7198,9.078744,78.0957,963.06,3.8217,,2031-05-15
2026-09-24,RIS414,AGUAS DO RIO 4 SPE S.A,*,2034-09-15,"IPCA + 7,3591%",IPCA_MAIS,7.3591,14.7929,12.9241,13.8795,1.515,12.3645,15.3945,0.86017,77.0612,1079.37,4.2832,10.0,2031-05-15
2026-09-24,RIS422,AGUAS DO RIO 4 SPE S.A,*,2042-01-15,"IPCA + 7,2%",IPCA_MAIS,7.2,13.0579,11.9712,12.5462,1.2552,11.291,13.8015,7.996499,68.748,1814.03,7.1985,35.0,2037-05-15
2026-09-24,RIS424,AGUAS DO RIO 4 SPE S.A,*,2042-09-15,"IPCA + 7,692%",IPCA_MAIS,7.692,13.1256,12.1031,12.6035,1.2441,11.3594,13.8477,0.785485,70.3643,1861.83,7.3882,10.0,2037-05-15
2026-09-24,RISP12,SPE SANEAMENTO RIO 1 S.A,*,2034-01-15,"IPCA + 6,9%",IPCA_MAIS,6.9,,12.7301,13.7069,1.8408,11.8662,15.5478,9.108514,78.3518,963.95,3.8252,,2031-05-15
2026-09-24,RISP14,SPE SANEAMENTO RIO 1 S.A,*,2034-09-15,"IPCA + 7,3591%",IPCA_MAIS,7.3591,13.8814,12.8225,13.8771,1.9723,11.9048,15.8495,0.860248,77.0682,1079.4,4.2833,10.0,2031-05-15
2026-09-24,RISP22,SPE SANEAMENTO RIO 1 S.A,*,2042-01-15,"IPCA + 7,2%",IPCA_MAIS,7.2,12.7986,11.9401,12.4543,1.2576,11.1967,13.712,8.043716,69.1539,1818.26,7.2153,,2037-05-15
2026-09-24,RISP24,SPE SANEAMENTO RIO 1 S.A,*,2042-09-15,"IPCA + 7,692%",IPCA_MAIS,7.692,12.9134,11.9481,12.4317,1.2099,11.2218,13.6417,0.794413,71.1641,1870.27,7.4217,,2037-05-15
2026-09-24,RLMS13,CONCESSIONARIA DAS RODOVIAS DO LESTE MS S.A.,*,2045-07-15,"IPCA + 8,1674%",IPCA_MAIS,8.1674,8.8958,8.477,8.6666,0.06,8.6066,8.7267,1022.761797,96.4761,1948.97,7.734,,2037-05-15
2026-09-24,RMSA12,BRK AMBIENTAL - REGIAO METROPOLITANA DE MACEIO S.A.,*,2042-06-15,"IPCA + 7,6179%",IPCA_MAIS,7.6179,10.3332,9.9471,10.1275,0.1691,9.9584,10.2967,1208.409245,85.0549,1712.73,6.7965,,2035-05-15
2026-09-24,ROTY13,CONCESSIONARIA ROTA SOROCABANA SA,*,2031-03-15,"IPCA + 6,9109%",IPCA_MAIS,6.9109,7.7229,7.4859,7.6221,0.1355,7.4866,7.7577,994.923188,97.4543,979.03,3.885,,2031-05-15
2026-09-24,RPTA14,CONCESSIONÁRIA AUTO RAPOSO TAVARES S/A,*,2036-03-15,"IPCA + 8,5334%",IPCA_MAIS,8.5334,9.0901,8.7018,8.8991,0.0959,8.8032,8.995,1075.80774,98.3008,1280.47,5.0812,45.0,2032-08-15
2026-09-24,RRRP13,3R PETROLEUM OLEO E GAS S.A.,*,2033-10-15,"IPCA + 8,4166%",IPCA_MAIS,8.4166,9.0196,8.7213,8.8405,0.1551,8.6854,8.9957,1164.467147,98.588,916.47,3.6368,50.0,2030-08-15
2026-09-24,RSAN16,COMPANHIA RIOGRANDENSE DE SANEAMENTO - CORSAN,*,2034-09-15,"IPCA + 6,9875%",IPCA_MAIS,6.9875,10.1628,9.2655,9.5064,0.5787,8.9276,10.0852,964.729785,87.8832,1384.28,5.4932,,2033-05-15
2026-09-24,RSAN26,COMPANHIA RIOGRANDENSE DE SANEAMENTO - CORSAN,*,2039-09-15,"IPCA + 7,4224%",IPCA_MAIS,7.4224,9.848,9.3709,9.557,0.3148,9.2422,9.8719,938.836723,85.5148,1960.29,7.7789,,2037-05-15
2026-09-24,RSAN34,COMPANHIA RIOGRANDENSE DE SANEAMENTO - CORSAN,*,2028-02-15,"IPCA + 4,3854%",IPCA_MAIS,4.3854,8.3135,7.1353,7.4629,0.7648,6.6981,8.2277,665.485576,97.5274,216.22,0.858,,2027-05-15
2026-09-24,RSAN44,COMPANHIA RIOGRANDENSE DE SANEAMENTO - CORSAN,*,2031-02-15,"IPCA + 4,833%",IPCA_MAIS,4.833,9.9664,9.0444,9.3104,0.4657,8.8447,9.7762,890.416647,91.3021,538.2,2.1357,,2029-05-15
2026-09-24,RUMOA2,RUMO S/A,,2029-02-15,"IPCA + 4,5%",IPCA_MAIS,4.5,8.454,8.1464,8.289,0.1235,8.1656,8.4126,1425.559151,95.4118,329.4,1.3071,,2028-08-15
2026-09-24,RUMOA3,RUMO S/A,,2029-10-15,"IPCA + 3,9%",IPCA_MAIS,3.9,8.4772,8.137,8.3862,0.0797,8.3065,8.466,1398.046729,92.2718,475.42,1.8866,40.0,2028-08-15
2026-09-24,RUMOA4,RUMO S/A,,2030-04-15,"IPCA + 6,7961%",IPCA_MAIS,6.7961,8.6487,8.3079,8.5239,0.1041,8.4197,8.6281,1423.599452,96.4118,571.94,2.2696,45.0,2029-05-15
2026-09-24,RUMOA5,RUMO S/A,*;**,2030-12-15,"IPCA + 3,6%",IPCA_MAIS,3.6,8.7936,8.4552,8.5902,0.101,8.4891,8.6913,1205.243092,86.8884,747.24,2.9652,,2030-08-15
2026-09-24,RUMOA6,RUMO S/A,*,2031-06-15,"IPCA + 4,4998%",IPCA_MAIS,4.4998,8.8115,8.4802,8.6537,0.0778,8.5759,8.7316,1179.290161,87.7175,841.24,3.3383,,2030-08-15
2026-09-24,RUMOA7,RUMO S/A,*,2029-08-15,"IPCA + 5,76%",IPCA_MAIS,5.76,8.3279,8.0929,8.2485,0.0754,8.1731,8.324,1081.963596,93.9896,670.67,2.6614,,2029-05-15
2026-09-24,RUMOB3,RUMO S/A,,2029-10-15,IPCA + 4%,IPCA_MAIS,4.0,8.4394,8.0609,8.2709,0.0851,8.1858,8.3561,1376.947591,92.5667,479.95,1.9046,10.0,2028-08-15
2026-09-24,RUMOB5,RUMO S/A,*;**,2035-12-15,IPCA + 4%,IPCA_MAIS,4.0,8.8387,8.5151,8.6621,0.1389,8.5232,8.8011,1028.665095,74.0769,1689.54,6.7045,10.0,2035-05-15
2026-09-24,RUMOB6,RUMO S/A,*,2036-06-15,"IPCA + 4,5404%",IPCA_MAIS,4.5404,8.6546,8.4917,8.4973,0.1993,8.298,8.6967,1035.399701,77.0062,1736.38,6.8904,,2035-05-15
2026-09-24,RUMOB7,RUMO S/A,*,2033-05-15,"IPCA + 6,183%",IPCA_MAIS,6.183,8.8413,8.4382,8.6289,0.1655,8.4635,8.7945,1035.14032,88.5034,1339.22,5.3144,,2033-05-15
2026-09-24,SAELA1,ENERGISA PARAIBA - DISTR.DE ENERGIA S/A,,2030-01-15,"IPCA + 6,0123%",IPCA_MAIS,6.0123,7.8962,7.5706,7.7897,0.3374,7.4523,8.1272,1205.546644,95.8312,644.23,2.5565,,2029-05-15
2026-09-24,SAELA3,ENERGISA PARAIBA - DISTR.DE ENERGIA S/A,,2031-04-15,"IPCA + 6,1581%",IPCA_MAIS,6.1581,8.1479,7.7835,7.9479,0.1168,7.8311,8.0648,1068.471557,93.694,978.35,3.8823,,2031-05-15
2026-09-24,SAELA7,ENERGISA PARAIBA - DISTR.DE ENERGIA S/A,*,2035-10-15,"IPCA + 7,2318%",IPCA_MAIS,7.2318,8.2274,7.9162,8.1737,0.1139,8.0598,8.2877,1011.659463,94.4353,1638.94,6.5037,45.0,2035-05-15
2026-09-24,SAELB3,ENERGISA PARAIBA - DISTR.DE ENERGIA S/A,,2039-04-15,"IPCA + 6,4045%",IPCA_MAIS,6.4045,8.3395,7.9065,8.0533,0.0695,7.9838,8.1229,1009.882362,88.4652,1975.55,7.8395,,2037-05-15
2026-09-24,SAELB7,ENERGISA PARAIBA - DISTR.DE ENERGIA S/A,*,2040-10-15,"IPCA + 7,1146%",IPCA_MAIS,7.1146,8.1544,7.8856,8.0394,0.085,7.9544,8.1244,996.450924,93.0609,2083.79,8.269,45.0,2037-05-15
2026-09-24,SAELB8,ENERGISA PARAIBA - DISTR.DE ENERGIA S/A,*,2036-02-15,"IPCA + 6,6675%",IPCA_MAIS,6.6675,8.0762,7.8278,8.068,0.1435,7.9246,8.2116,940.992634,91.2594,1751.19,6.9492,35.0,2035-05-15
2026-09-24,SAPR10,COMPANHIA DE SANEAMENTO DO PARANA - SANEPAR,,2027-03-15,"IPCA + 4,657%",IPCA_MAIS,4.657,,,5.8253,0.0569,5.7684,5.8824,14252.147417,99.4947,115.0,0.4563,35.0,
2026-09-24,SAPRA2,COMPANHIA DE SANEAMENTO DO PARANA - SANEPAR,*,2029-03-15,"IPCA + 4,2474%",IPCA_MAIS,4.2474,7.3836,7.0744,7.2861,0.305,6.9811,7.5912,1269.846139,93.4874,590.13,2.3418,,2029-05-15
2026-09-24,SAPRA3,COMPANHIA DE SANEAMENTO DO PARANA - SANEPAR,*,2031-03-15,"IPCA + 4,492%",IPCA_MAIS,4.492,7.5004,7.166,7.2665,0.1131,7.1533,7.3797,1221.457644,89.9192,1018.67,4.0423,,2031-05-15
2026-09-24,SAPRB3,COMPANHIA DE SANEAMENTO DO PARANA - SANEPAR,*,2032-01-15,"IPCA + 5,8935%",IPCA_MAIS,5.8935,7.5142,7.2215,7.3104,0.1033,7.207,7.4138,1183.90077,94.1315,1143.15,4.5363,,2032-08-15
2026-09-24,SAUC16,S/A USINA CORURIPE ACUCAR E ALCOOL,*,2034-04-15,"IPCA + 13,3904%",IPCA_MAIS,13.3904,,12.0172,12.0546,1.2971,10.7575,13.3518,1120.715205,103.523,742.81,2.9477,,2030-08-15
2026-09-24,SAVI13,SANTA VITÓRIA DO PALMAR ENERGIAS RENOVÁVEIS S.A.,,2031-09-15,"IPCA + 5,9548%",IPCA_MAIS,5.9548,8.2492,7.8886,8.0923,0.0522,8.0401,8.1445,621.26984,94.5818,698.23,2.7708,,2029-05-15
2026-09-24,SBSPB6,CIA. DE SANEAMENTO BÁSICO DO ESTADO DE SP - SABESP,*;**,2027-07-15,"IPCA + 4,65%",IPCA_MAIS,4.65,6.7948,5.752,6.4038,0.3151,6.0887,6.7191,1429.367731,98.6896,200.0,0.7937,5.0,2027-05-15
2026-09-24,SBSPC6,CIA. DE SANEAMENTO BÁSICO DO ESTADO DE SP - SABESP,*;**,2030-07-15,"IPCA + 4,95%",IPCA_MAIS,4.95,7.3802,7.0473,7.1662,0.2057,6.9604,7.372,1371.9975,94.6748,657.86,2.6106,35.0,2029-05-15
2026-09-24,SBSPD4,CIA. DE SANEAMENTO BÁSICO DO ESTADO DE SP - SABESP,,2029-07-15,"IPCA + 3,37%",IPCA_MAIS,3.37,7.2832,,7.0952,0.2378,6.8574,7.3331,1387.596431,94.0448,434.11,1.7227,15.0,2028-08-15
2026-09-24,SBSPE3,CIA. DE SANEAMENTO BÁSICO DO ESTADO DE SP - SABESP,*,2035-01-15,"IPCA + 7,5485%",IPCA_MAIS,7.5485,7.6511,7.4235,7.4848,0.1305,7.3543,7.6154,1135.136196,100.3636,1544.41,6.1286,,2035-05-15
2026-09-24,SBSPE9,CIA. DE SANEAMENTO BÁSICO DO ESTADO DE SP - SABESP,*,2031-12-15,"IPCA + 5,3058%",IPCA_MAIS,5.3058,7.5632,7.3931,7.4571,0.2809,7.1762,7.7381,1213.373474,92.8138,924.81,3.6699,,2030-08-15
2026-09-24,SBSPF3,CIA. DE SANEAMENTO BÁSICO DO ESTADO DE SP - SABESP,*,2040-01-15,"IPCA + 7,3837%",IPCA_MAIS,7.3837,7.6978,7.5077,7.6667,0.0846,7.5821,7.7515,1106.224144,97.9104,2015.4,7.9976,35.0,2037-05-15
2026-09-24,SBSPF9,CIA. DE SANEAMENTO BÁSICO DO ESTADO DE SP - SABESP,*,2036-12-15,"IPCA + 5,4478%",IPCA_MAIS,5.4478,7.654,7.4574,7.5269,0.1432,7.3836,7.6702,1140.316404,87.1351,1753.16,6.957,,2035-05-15
2026-09-24,SBSPI8,CIA. DE SANEAMENTO BÁSICO DO ESTADO DE SP - SABESP,*,2036-02-15,"IPCA + 6,2907%",IPCA_MAIS,6.2907,7.7287,7.4325,7.6198,0.1252,7.4946,7.7451,945.290552,91.5335,1779.28,7.0606,45.0,2035-05-15
2026-09-24,SBSPJ8,CIA. DE SANEAMENTO BÁSICO DO ESTADO DE SP - SABESP,*,2038-02-15,"IPCA + 6,3507%",IPCA_MAIS,6.3507,,7.5099,7.6457,0.0797,7.5659,7.7255,935.998484,90.6282,2025.9,8.0393,50.0,2037-05-15
2026-09-24,SBSPK8,CIA. DE SANEAMENTO BÁSICO DO ESTADO DE SP - SABESP,*,2041-02-15,"IPCA + 6,2467%",IPCA_MAIS,6.2467,7.4711,7.2621,7.4063,0.1233,7.2831,7.5297,935.679093,90.6068,2259.8,8.9675,10.0,2040-08-15
2026-09-24,SDOM12,USINA SAO DOMINGOS-ACUCAR E ETANOL S/A,*,2034-01-15,"IPCA + 9,15%",IPCA_MAIS,9.15,,,,,,,,,,,,2031-05-15
2026-09-24,SERI11,SERRA DO SERIDO F2 HOLDING S.A.,*,2042-04-15,"IPCA + 6,783%",IPCA_MAIS,6.783,8.7293,8.2724,8.5217,0.1163,8.4054,8.6381,960.986588,92.4322,1196.13,4.7465,10.0,2032-08-15
2026-09-24,SMTO14,SAO MARTINHO S/A,,2032-01-15,"IPCA + 5,9741%",IPCA_MAIS,5.9741,8.7301,8.3736,8.4976,0.1498,8.3477,8.6475,1114.900665,89.8866,1135.43,4.5057,,2032-08-15
2026-09-24,SMTO15,SAO MARTINHO S/A,,2030-12-15,"IPCA + 7,4737%",IPCA_MAIS,7.4737,8.6105,8.1078,8.265,0.0684,8.1967,8.3335,1227.887039,97.9798,699.91,2.7774,,2029-05-15
2026-09-24,SMTO24,SAO MARTINHO S/A,,2037-01-15,"IPCA + 6,1076%",IPCA_MAIS,6.1076,8.634,8.4103,8.5769,0.1498,8.4271,8.7268,1055.690675,85.0916,1740.16,6.9054,,2035-05-15
2026-09-24,SPRZ11,ESPERANZA TRANSMISSORA DE ENERGIA S.A,*,2030-09-15,"IPCA + 6,7968%",IPCA_MAIS,6.7968,7.6158,7.2524,7.4858,0.0609,7.4248,7.5468,592.392378,98.7808,479.59,1.9031,,2028-08-15
2026-09-24,SRBS11,SRBT SUBHOLDING S.A,*,2049-12-15,"IPCA + 6,7092%",IPCA_MAIS,6.7092,7.6604,7.4034,7.5372,0.0596,7.4776,7.5969,1021.933143,93.8748,2029.38,8.0531,,2037-05-15
2026-09-24,SRNA11,SERENA ENERGIA S.A,*,2035-03-15,"IPCA + 8,2427%",IPCA_MAIS,8.2427,9.3753,8.9201,9.1713,0.0812,9.0902,9.2526,1012.898612,95.271,1422.63,5.6454,,2033-05-15
2026-09-24,SRTI11,SERTÃO I SOLAR ENERGIA SPE S.A.,,2032-12-15,"IPCA + 7,0916%",IPCA_MAIS,7.0916,7.9857,7.7214,7.8199,0.1355,7.6844,7.9556,750.941621,98.0661,723.13,2.8696,,2029-05-15
2026-09-24,STBP35,SANTOS BRASIL PARTICIPAÇÕES S/A,*,2034-08-15,"IPCA + 6,3936%",IPCA_MAIS,6.3936,7.7017,7.4393,7.5227,0.1511,7.3716,7.6739,1041.621475,94.2661,1403.42,5.5691,,2033-05-15
2026-09-24,STBP45,SANTOS BRASIL PARTICIPAÇÕES S/A,*,2039-08-15,"IPCA + 6,5408%",IPCA_MAIS,6.5408,7.8105,7.4654,7.5727,0.1446,7.4281,7.7174,1020.168848,92.311,2071.09,8.2186,,2037-05-15
2026-09-24,STRZ11,VENTOS DE SANTA TEREZA 07 ENERGIAS RENOVAVEIS S.A.,*,2039-03-15,"IPCA + 6,9343%",IPCA_MAIS,6.9343,8.166,7.8663,8.0475,0.1663,7.8812,8.214,990.66212,94.4761,1367.03,5.4247,,2033-05-15
2026-09-24,SUMI17,GIGA MAIS FIBRA TELECOMUNICACOES S.A.,*,2031-07-15,"IPCA + 7,749%",IPCA_MAIS,7.749,14.1616,12.7068,13.3356,1.5354,11.8002,14.8711,928.028711,83.2859,901.47,3.5773,5.0,2030-08-15
2026-09-24,SUMI18,GIGA MAIS FIBRA TELECOMUNICACOES S.A.,*,2031-10-15,"IPCA + 8,5214%",IPCA_MAIS,8.5214,14.6206,13.0393,14.2706,0.6389,13.6317,14.9096,933.61819,82.7948,907.1,3.5996,,2030-08-15
2026-09-24,SUMI19,GIGA MAIS FIBRA TELECOMUNICACOES S.A.,*,2032-04-15,"IPCA + 9,4735%",IPCA_MAIS,9.4735,14.1015,12.6942,13.513,0.4129,13.1,13.926,950.330525,86.8192,969.52,3.8473,,2031-05-15
2026-09-24,SUMI37,GIGA MAIS FIBRA TELECOMUNICACOES S.A.,*,2034-07-15,"IPCA + 8,0993%",IPCA_MAIS,8.0993,14.4409,13.0036,14.0213,0.6603,13.361,14.6817,848.139767,76.0673,1256.2,4.9849,,2032-08-15
2026-09-24,SUZB19,SUZANO S.A.,*,2030-06-15,"IPCA + 6,0188%",IPCA_MAIS,6.0188,7.3877,7.0526,7.1405,0.1851,6.9554,7.3257,1127.184405,96.5798,832.16,3.3022,,2030-08-15
2026-09-24,SUZB29,SUZANO S.A.,*,2033-06-15,"IPCA + 6,2477%",IPCA_MAIS,6.2477,7.4565,7.166,7.2482,0.1579,7.0903,7.4062,1109.510134,95.0069,1372.22,5.4453,,2033-05-15
2026-09-24,SUZBA0,SUZANO S.A.,*,2038-09-15,"IPCA + 6,1889%",IPCA_MAIS,6.1889,7.4931,7.2691,7.3068,0.1998,7.107,7.5068,1053.797636,91.9403,2004.04,7.9525,5.0,2037-05-15
2026-09-24,SUZBC1,SUZANO S.A.,*,2036-05-15,"IPCA + 6,11%",IPCA_MAIS,6.11,7.4978,7.1957,7.3238,0.1284,7.1954,7.4524,1050.149223,92.4406,1728.11,6.8576,,2035-05-15
2026-09-24,TAEE17,TRANS. ALIANÇA DE ENERGIA ELÉTRICA S/A,,2044-09-15,"IPCA + 4,5%",IPCA_MAIS,4.5,7.5605,7.3668,7.4708,0.1385,7.3323,7.6094,1404.075939,81.0933,1792.93,7.1148,35.0,2037-05-15
2026-09-24,TAEE18,TRANS. ALIANÇA DE ENERGIA ELÉTRICA S/A,*,2039-12-15,"IPCA + 4,7742%",IPCA_MAIS,4.7742,7.5134,7.2352,7.4592,0.279,7.1802,7.7383,1131.573903,87.5887,1280.56,5.0816,,2032-08-15
2026-09-24,TAEE26,TRANS. ALIANÇA DE ENERGIA ELÉTRICA S/A,*;**,2044-05-15,"IPCA + 5,5%",IPCA_MAIS,5.5,7.5875,7.3237,7.3928,0.1911,7.2017,7.5839,1274.065006,86.6186,1987.39,7.8865,,2037-05-15
2026-09-24,TAEEA2,TRANS. ALIANÇA DE ENERGIA ELÉTRICA S/A,,2036-05-15,"IPCA + 4,7605%",IPCA_MAIS,4.7605,7.6195,7.3623,7.4229,0.2404,7.1825,7.6634,1146.886415,84.0344,1722.42,6.835,,2035-05-15
2026-09-24,TAEEA4,TRANSMISSORA ALIANÇA DE ENERGIA ELÉTRICA S.A.,,2033-09-15,"IPCA + 5,8741%",IPCA_MAIS,5.8741,7.6221,7.4491,7.5086,0.1591,7.3495,7.6677,1048.029826,91.5396,1446.18,5.7388,,2033-05-15
2026-09-24,TAEEA7,TRANSMISSORA ALIANÇA DE ENERGIA ELÉTRICA S.A.,*,2040-01-15,"IPCA + 7,169%",IPCA_MAIS,7.169,7.4721,7.2605,7.3803,0.1113,7.2689,7.4917,1190.757598,98.5103,1915.08,7.5995,,2037-05-15
2026-09-24,TAEEA8,TRANSMISSORA ALIANÇA DE ENERGIA ELÉTRICA S.A.,*,2032-07-15,"IPCA + 7,1499%",IPCA_MAIS,7.1499,7.6006,7.1427,7.3679,0.1651,7.2028,7.5331,1121.196558,99.1208,1094.4,4.3429,,2031-05-15
2026-09-24,TAEEB0,TRANSMISSORA ALIANÇA DE ENERGIA ELÉTRICA S.A.,*,2040-12-15,"IPCA + 6,4712%",IPCA_MAIS,6.4712,7.3251,7.0427,7.2137,0.0794,7.1343,7.2932,1000.633001,92.112,2978.49,11.8194,,2050-08-15
2026-09-24,TAEEB2,TRANS. ALIANÇA DE ENERGIA ELÉTRICA S/A,,2029-04-15,"IPCA + 5,6%",IPCA_MAIS,5.6,7.3376,6.9949,7.1328,0.1758,6.957,7.3087,1189.517065,96.6917,587.71,2.3322,35.0,2029-05-15
2026-09-24,TAEEB4,TRANSMISSORA ALIANÇA DE ENERGIA ELÉTRICA S.A.,,2035-09-15,"IPCA + 6,0653%",IPCA_MAIS,6.0653,7.6136,7.4295,7.4866,0.1494,7.3372,7.6361,1043.399395,91.1306,1744.75,6.9236,,2035-05-15
2026-09-24,TAEEB8,TRANSMISSORA ALIANÇA DE ENERGIA ELÉTRICA S.A.,*,2035-07-15,"IPCA + 7,0564%",IPCA_MAIS,7.0564,7.5146,7.2568,7.375,0.1126,7.2623,7.4877,1110.534462,98.2772,1471.32,5.8386,,2033-05-15
2026-09-24,TAEEC2,TRANS. ALIANÇA DE ENERGIA ELÉTRICA S/A,,2032-04-15,"IPCA + 5,75%",IPCA_MAIS,5.75,7.4871,7.1777,7.3154,0.1528,7.1627,7.4683,1162.126476,94.4057,983.53,3.9029,35.0,2031-05-15
2026-09-24,TAEEC4,TRANSMISSORA ALIANÇA DE ENERGIA ELÉTRICA S.A.,,2038-09-15,"IPCA + 6,2709%",IPCA_MAIS,6.2709,7.6181,7.3489,7.435,0.13,7.305,7.5651,1049.534915,91.6616,1995.11,7.9171,,2037-05-15
2026-09-24,TAEED2,TRANSMISSORA ALIANÇA DE ENERGIA ELÉTRICA S.A.,,2037-04-15,"IPCA + 5,85%",IPCA_MAIS,5.85,7.6096,7.4341,7.4783,0.1864,7.292,7.6648,1103.978275,89.6443,1783.98,7.0793,,2035-05-15
2026-09-24,TBEG11,TIBAGI ENERGIA SPE S/A,,2035-07-15,"IPCA + 5,3231%",IPCA_MAIS,5.3231,8.9209,8.6314,8.7592,0.2737,8.4855,9.0329,946.354692,87.3426,1035.56,4.1094,,2031-05-15
2026-09-24,TCII11,AES TUCANO HOLDING II S.A,*,2041-09-15,"IPCA + 6,0594%",IPCA_MAIS,6.0594,8.2508,7.7786,8.0498,0.0837,7.9661,8.1336,1143.131029,89.2618,1495.14,5.9331,,2033-05-15
2026-09-24,TEPA11,BRASIL TECNOLOGIA E PARTICIPACAO S.A.,*,2030-03-15,"IPCA + 9,6888%",IPCA_MAIS,9.6888,,,,,,,,,,,,
2026-09-24,TEPA12,BRASIL TECNOLOGIA E PARTICIPACAO S.A.,*,2031-07-15,"IPCA + 10,0924%",IPCA_MAIS,10.0924,,,,,,,842.074223,75.25,,,,
2026-09-24,TEPA13,BRASIL TECNOLOGIA E PARTICIPACAO S.A.,*,2032-03-15,"IPCA + 11,5593%",IPCA_MAIS,11.5593,,,,,,,796.887785,75.25,,,,
2026-09-24,TIET18,AES TIETE ENERGIA S/A,,2030-05-15,"IPCA + 6,0215%",IPCA_MAIS,6.0215,7.7368,7.4624,7.5849,0.2092,7.3757,7.7943,774.816843,97.1458,495.82,1.9675,,2028-08-15
2026-09-24,TIET29,AES TIETE ENERGIA S/A,*;**,2029-03-15,"IPCA + 4,7133%",IPCA_MAIS,4.7133,7.7191,7.4139,7.5501,0.1262,7.4239,7.6763,1423.906137,96.3327,350.05,1.3891,5.0,2028-08-15
2026-09-24,TIET39,AES TIETE ENERGIA S/A,*;**,2029-03-15,"IPCA + 4,7133%",IPCA_MAIS,4.7133,7.7126,7.445,7.5843,0.1122,7.4721,7.6967,1456.86943,96.319,347.18,1.3777,,2028-08-15
2026-09-24,TIMS12,TIM S.A.,,2028-06-15,"IPCA + 3,9182%",IPCA_MAIS,3.9182,5.312,4.4027,4.8976,0.6404,4.2573,5.5381,888.2432,98.9044,295.62,1.1731,,2027-05-15
2026-09-24,TNHL11,TUCANO HOLDING III S.A,*,2041-09-15,"IPCA + 6,5865%",IPCA_MAIS,6.5865,,,8.0222,0.0533,7.9689,8.0756,1112.347474,92.3616,1465.46,5.8153,5.0,2033-05-15
2026-09-24,TPEN11,TPE - TRANSMISSORA PARAÍSO DE ENERGIA S.A.,*;**,2028-09-15,"IPCA + 6,5333%",IPCA_MAIS,6.5333,7.0491,6.8952,6.9994,0.2582,6.7411,7.2577,957.661578,99.2805,416.68,1.6535,,2028-08-15
2026-09-24,TPNO12,MATRINCHA TRANSMISSORA DE ENERGIA  TP NORTE SA,,2029-06-15,"IPCA + 7,5826%",IPCA_MAIS,7.5826,7.2725,,7.0328,0.271,6.7618,7.304,631.088181,100.7096,348.3,1.3821,5.0,2028-08-15
2026-09-24,TPNO13,MATRINCHA TRANSMISSORA DE ENERGIA  TP NORTE SA,*,2038-12-15,"IPCA + 4,9335%",IPCA_MAIS,4.9335,,7.1228,7.4049,0.4349,6.97,7.8398,1093.398274,85.4743,1656.49,6.5734,,2035-05-15
2026-09-24,TRCC11,TCC - TRANSMISSORA CAMINHO DO CAFÉ S.A.,,2028-09-15,"IPCA + 6,5333%",IPCA_MAIS,6.5333,,,7.146,0.3011,6.8449,7.4473,955.496191,99.056,416.59,1.6531,,2028-08-15
2026-09-24,TRGO11,ARGO TRANSMISSAO DE ENERGIA S.A.,,2031-12-15,"IPCA + 7,0176%",IPCA_MAIS,7.0176,7.8735,7.6453,7.8564,0.3199,7.5365,8.1764,1031.327896,98.0582,630.59,2.5023,,2029-05-15
2026-09-24,TRGP13,TECP - TRANSMISSORA DE ENERGIA CENTRAL PAULISTANA S.A.,*,2038-01-15,"IPCA + 6,9928%",IPCA_MAIS,6.9928,7.6392,7.402,7.5797,0.1273,7.4524,7.7071,1030.7235,95.8964,1921.14,7.6236,35.0,2037-05-15
2026-09-24,TRPLA4,ISA ENERGIA BRASIL S.A.,*,2033-10-15,"IPCA + 6,2607%",IPCA_MAIS,6.2607,7.6189,7.3065,7.4672,0.1611,7.3061,7.6284,1103.641374,94.2008,1327.26,5.2669,,2033-05-15
2026-09-24,TRPLA7,ISA ENERGIA BRASIL S.A.,*,2036-10-15,"IPCA + 6,7119%",IPCA_MAIS,6.7119,7.6425,7.2872,7.4166,0.136,7.2806,7.5527,1160.769636,94.0989,2328.54,9.2402,,2040-08-15
2026-09-24,TRPLB4,ISA ENERGIA BRASIL S.A.,*,2038-10-15,"IPCA + 6,4364%",IPCA_MAIS,6.4364,7.6274,7.3873,7.4181,0.0951,7.3229,7.5133,1091.666104,93.1103,1941.65,7.705,,2037-05-15
2026-09-24,TRPLB7,ISA ENERGIA BRASIL S.A.,*,2039-10-15,"IPCA + 6,6052%",IPCA_MAIS,6.6052,7.6648,7.3771,7.5134,0.1088,7.4046,7.6223,1046.820358,93.2996,2040.27,8.0963,,2037-05-15
2026-09-24,TRRG12,TRSP - TERMINAL DE REGASEIFICACAO DE GNL DE SAO PAULO S.A.,*,2033-01-15,"IPCA + 7,4367%",IPCA_MAIS,7.4367,7.7771,7.5448,7.6254,0.106,7.5194,7.7315,1082.268852,99.2966,1013.01,4.0199,5.0,2031-05-15
2026-09-24,TSSG21,TRANSPORTADORA ASSOCIADA DE GAS S.A. - TAG,*,2033-12-15,"IPCA + 5,9851%",IPCA_MAIS,5.9851,7.676,7.2078,7.4551,0.1787,7.2764,7.634,1075.408684,93.1573,1290.17,5.1197,,2032-08-15
2026-09-24,TUPW21,TUPI ENERGIAS RENOVAVEIS S.A,*,2036-10-15,"IPCA + 8,2194%",IPCA_MAIS,8.2194,13.9251,11.985,12.946,0.2951,12.6509,13.2411,892.414782,81.9791,1123.92,4.46,,2032-08-15
2026-09-24,TVVH11,TVV TERMINAL DE VILA VELHA S.A.,*,2033-11-15,"IPCA + 6,8596%",IPCA_MAIS,6.8596,8.1784,8.0519,8.0711,0.2542,7.8169,8.3253,834.58379,96.6418,756.69,3.0027,,2030-08-15
2026-09-24,UHSM12,UHE SAO SIMAO ENERGIA S/A,,2036-10-15,"IPCA + 5,8198%",IPCA_MAIS,5.8198,7.585,7.2736,7.4467,0.1278,7.3189,7.5746,1191.584761,90.4322,1644.61,6.5262,,2035-05-15
2026-09-24,ULFT14,ULTRAFERTIL S/A,*,2035-10-15,"IPCA + 6,6729%",IPCA_MAIS,6.6729,7.8346,7.6211,7.7591,0.0779,7.6812,7.8371,1004.448522,93.9839,1533.7,6.0861,50.0,2035-05-15
2026-09-24,UNEG11,UTE GNA I GERACAO DE ENERGIA S.A.,*,2039-07-15,"IPCA + 5,92%",IPCA_MAIS,5.92,8.9595,8.4932,8.7401,0.2561,8.484,8.9963,1147.716529,83.9511,1634.98,6.488,35.0,2035-05-15
2026-09-24,UNTE11,UNIFIQUE TELECOMUNICACOES S.A.,*,2028-03-15,"IPCA + 5,3418%",IPCA_MAIS,5.3418,,,6.2247,0.128,6.0967,6.3528,448.233722,99.2198,236.24,0.9375,,2027-05-15
2026-09-24,USAS11,USINA SANTA ADÉLIA S.A.,,2028-02-15,"IPCA + 6,8884%",IPCA_MAIS,6.8884,7.4126,6.4924,6.7148,0.6462,6.0686,7.3611,687.941942,100.1465,227.03,0.9009,,2027-05-15
2026-09-24,USAS12,USINA SANTA ADÉLIA S.A.,*,2032-09-15,"IPCA + 8,0857%",IPCA_MAIS,8.0857,9.3612,8.7164,8.7758,0.1484,8.6275,8.9243,1019.127254,97.6239,950.34,3.7712,,2031-05-15
2026-09-24,USAS22,USINA SANTA ADÉLIA S.A.,*,2035-09-15,"IPCA + 8,1432%",IPCA_MAIS,8.1432,9.6721,9.0084,9.2052,0.2969,8.9083,9.5022,990.588957,94.8888,1345.74,5.3402,,2033-05-15
2026-09-24,USNA12,USINA SANTA FE S.A.,*,2031-06-15,"IPCA + 8,525%",IPCA_MAIS,8.525,,9.7304,9.8297,0.6517,9.178,10.4815,1111.541238,97.4803,535.18,2.1237,,2029-05-15
2026-09-24,USNA13,USINA SANTA FE S.A.,*,2033-07-15,"IPCA + 9,0161%",IPCA_MAIS,9.0161,11.5337,10.4348,11.0056,1.1403,9.8653,12.146,989.752169,93.2703,963.78,3.8245,,2031-05-15
2026-09-24,UTPS11,USINA TERMELETRICA PAMPA SUL S.A.,,2028-04-15,"IPCA + 6,25%",IPCA_MAIS,6.25,6.3418,6.0404,6.3263,0.6645,5.6619,6.9909,656.89776,99.9312,241.52,0.9584,,2027-05-15
2026-09-24,UTPS12,USINA TERMELETRICA PAMPA SUL S.A.,,2028-04-15,"IPCA + 4,5%",IPCA_MAIS,4.5,,6.1224,6.4759,0.6612,5.8147,7.1372,632.426427,98.2013,243.36,0.9657,,2027-05-15
2026-09-24,UTPS21,USINA TERMELETRICA PAMPA SUL S.A.,,2036-10-15,"IPCA + 7,5%",IPCA_MAIS,7.5,,8.281,8.4694,0.3323,8.1371,8.8019,1406.51294,95.5913,1256.89,4.9877,,2032-08-15
2026-09-24,UTPS22,USINA TERMELETRICA PAMPA SUL S.A.,,2036-10-15,"IPCA + 5,75%",IPCA_MAIS,5.75,,8.305,8.5086,0.3189,8.1897,8.8275,1258.962414,87.328,1301.31,5.1639,10.0,2032-08-15
2026-09-24,VALE48,VALE S/A,,2029-01-15,"IPCA + 6,78%",IPCA_MAIS,6.78,6.9014,6.5304,6.6796,0.2956,6.3841,6.9753,1044.471333,100.1143,306.05,1.2145,,2028-08-15
2026-09-24,VALEA0,VALE S/A,*,2034-10-15,"IPCA + 6,3837%",IPCA_MAIS,6.3837,7.2719,6.9326,7.0092,0.1855,6.8237,7.1948,1078.982133,96.4187,1562.49,6.2004,5.0,2035-05-15
2026-09-24,VALEB0,VALE S/A,*,2036-10-15,"IPCA + 6,4368%",IPCA_MAIS,6.4368,7.2505,,6.9914,0.2261,6.7653,7.2176,1077.555997,96.2699,1835.42,7.2834,,2037-05-15
2026-09-24,VALEB1,VALE S/A,*,2032-05-15,"IPCA + 6,8881%",IPCA_MAIS,6.8881,7.1928,6.7798,6.8427,0.191,6.6517,7.0339,1076.679906,100.1973,1169.3,4.6401,35.0,2032-08-15
2026-09-24,VALEC0,VALE S/A,*,2039-10-15,"IPCA + 6,4203%",IPCA_MAIS,6.4203,7.2746,6.8359,6.9967,0.1772,6.8195,7.174,1067.635694,95.3902,2186.91,8.6782,,2040-08-15
2026-09-24,VALEC1,VALE S/A,*,2035-05-15,"IPCA + 6,7624%",IPCA_MAIS,6.7624,7.3057,6.9514,7.1741,0.1826,6.9915,7.3569,1047.567443,97.5299,1633.55,6.4823,45.0,2035-05-15
2026-09-24,VALED1,VALE S/A,*,2037-05-15,"IPCA + 6,7946%",IPCA_MAIS,6.7946,7.3578,7.0262,7.0536,0.132,6.9216,7.1857,1054.769078,98.1896,1896.52,7.5259,,2037-05-15
2026-09-24,VAMO33,"VAMOS LOCACAO DE CAMINHOES, MAQUINAS E EQUIPAMENTOS S.A.",*,2031-06-15,"IPCA + 6,3605%",IPCA_MAIS,6.3605,,,13.681,0.4031,13.2779,14.0843,1089.370732,80.6603,801.97,3.1824,,2030-08-15
2026-09-24,VAMO34,"VAMOS LOCACAO DE CAMINHOES, MAQUINAS E EQUIPAMENTOS S.A.",*,2031-10-15,"IPCA + 7,6897%",IPCA_MAIS,7.6897,,,13.2825,0.7575,12.5251,14.0401,1108.164478,84.3349,835.95,3.3173,,2030-08-15
2026-09-24,VBBRA0,VIBRA ENERGIA S.A,*,2036-03-15,"IPCA + 7,38%",IPCA_MAIS,7.38,8.1803,7.7343,7.956,0.1436,7.8125,8.0997,986.151656,96.9467,1456.31,5.779,10.0,2033-05-15
2026-09-24,VBRR11,VIA BRASIL BR 163 CONCESSIONARIA DE RODOVIAS S.A.,*,2030-12-15,"IPCA + 8,5914%",IPCA_MAIS,8.5914,,11.0873,11.4939,0.1421,11.3518,11.6361,1179.464804,93.972,589.39,2.3388,45.0,2029-05-15
2026-09-24,VDBF12,VDB F2 GERACAO DE ENERGIA S.A.,,2033-04-15,"IPCA + 3,8708%",IPCA_MAIS,3.8708,,7.8228,8.0349,0.0619,7.973,8.0969,1075.983589,87.4411,841.18,3.338,,2030-08-15
2026-09-24,VERO12,VERO S.A.,*,2030-03-17,"IPCA + 9,34%",IPCA_MAIS,9.34,,,,,,,956.163188,82.0,,,,
2026-09-24,VERO13,VERO S.A.,*,2031-03-15,"IPCA + 8,4041%",IPCA_MAIS,8.4041,,,,,,,920.119413,82.0,,,,
2026-09-24,VERO24,VERO S.A.,*,2031-10-15,"IPCA + 8,3524%",IPCA_MAIS,8.3524,,,,,,,932.875078,81.8043,,,,
2026-09-24,VERO25,VERO S.A.,*,2032-07-15,"IPCA + 9,2618%",IPCA_MAIS,9.2618,,,,,,,877.626258,82.235,,,,
2026-09-24,VERO35,VERO S.A.,*,2035-07-15,"IPCA + 9,2707%",IPCA_MAIS,9.2707,,,,,,,869.760692,81.4967,,,,
2026-09-24,VERO44,VERO S.A.,*,2034-10-15,"IPCA + 8,7014%",IPCA_MAIS,8.7014,,,,,,,927.096274,81.1814,,,,
2026-09-24,VIALA5,RODOVIAS INTEGRADAS DO OESTE S/A,*,2030-04-15,"IPCA + 7,23%",IPCA_MAIS,7.23,7.6918,7.4012,7.4795,0.1948,7.2847,7.6744,1035.670474,99.1862,886.0,3.5159,5.0,2030-08-15
2026-09-24,VLIM13,VLI MULTIMODAL S/A,*,2028-12-15,"IPCA + 5,75%",IPCA_MAIS,5.75,7.2961,6.9381,7.1518,0.268,6.8838,7.4199,1242.574152,97.3085,521.8,2.0706,,2028-08-15
2026-09-24,VLIM14,VLI MULTIMODAL S/A,*,2030-09-15,"IPCA + 6,4512%",IPCA_MAIS,6.4512,7.5106,7.2189,7.3294,0.0904,7.239,7.42,1118.372078,97.7958,682.7,2.7091,5.0,2029-05-15
2026-09-24,VLIM15,VLI MULTIMODAL S/A,*,2031-04-15,"IPCA + 6,1062%",IPCA_MAIS,6.1062,7.772,7.4926,7.5946,0.1838,7.4108,7.7786,1081.760054,94.7087,980.66,3.8915,15.0,2031-05-15
2026-09-24,VLIM16,VLI MULTIMODAL S/A,*,2034-11-15,"IPCA + 6,867%",IPCA_MAIS,6.867,7.857,7.5948,7.7681,0.0988,7.6693,7.867,1058.429175,95.4226,1400.22,5.5564,35.0,2033-05-15
2026-09-24,VLIM17,VLI MULTIMODAL S/A,*,2035-05-15,"IPCA + 7,0166%",IPCA_MAIS,7.0166,7.8523,7.5867,7.6743,0.1348,7.5395,7.8091,1039.25345,96.4781,1469.54,5.8315,,2033-05-15
2026-09-24,VLIM18,VLI MULTIMODAL S/A,*,2035-10-15,"IPCA + 6,6729%",IPCA_MAIS,6.6729,7.8312,7.5477,7.7418,0.1097,7.6322,7.8516,1005.430617,94.0758,1534.01,6.0873,45.0,2035-05-15
2026-09-24,VLIM19,VLI MULTIMODAL S/A,*,2038-03-15,"IPCA + 6,4988%",IPCA_MAIS,6.4988,7.8247,7.5804,7.7084,0.0521,7.6563,7.7606,938.205298,91.717,1911.56,7.5856,,2037-05-15
2026-09-24,VLIM26,VLI MULTIMODAL S/A,*,2036-11-15,"IPCA + 6,7166%",IPCA_MAIS,6.7166,8.0444,7.577,7.748,0.0881,7.6599,7.8363,1038.914446,93.7115,1689.64,6.7049,,2035-05-15
2026-09-24,VLIM27,VLI MULTIMODAL S/A,*,2037-05-15,"IPCA + 6,9582%",IPCA_MAIS,6.9582,7.8832,7.62,7.7558,0.0651,7.6907,7.8211,1020.837978,94.7874,1804.13,7.1592,,2037-05-15
2026-09-24,VLIM28,VLI MULTIMODAL S/A,*,2037-10-15,"IPCA + 6,7052%",IPCA_MAIS,6.7052,7.9304,7.5551,7.761,0.0656,7.6955,7.8267,993.385675,92.9363,1857.78,7.3721,,2037-05-15
2026-09-24,VLIM29,VLI MULTIMODAL S/A,*,2041-03-15,"IPCA + 6,4776%",IPCA_MAIS,6.4776,7.837,7.5469,7.687,0.0739,7.6131,7.761,923.56617,90.2864,2248.36,8.9221,,2040-08-15
2026-09-24,VPLT12,VIAPAULISTA S.A.,,2027-06-15,"IPCA + 3,9407%",IPCA_MAIS,3.9407,,6.217,6.5758,0.5577,6.0181,7.1336,219.490924,98.6653,135.07,0.536,,2027-05-15
2026-09-24,VRDN12,VIARONDON CONCESSIONÁRIA DE RODOVIA S/A,,2034-12-15,"IPCA + 5,55%",IPCA_MAIS,5.55,8.8179,8.6893,8.7476,0.0971,8.6505,8.8448,1179.619904,89.3058,932.52,3.7005,,2030-08-15
2026-09-24,WDPR11,WINDEPAR HOLDING S. A.,,2028-12-15,"IPCA + 7,6276%",IPCA_MAIS,7.6276,7.2447,,6.9143,0.2389,6.6754,7.1533,719.228582,100.8036,303.74,1.2053,,2028-08-15
2026-09-24,WNTY12,WINITY S.A.,*,2035-08-15,"IPCA + 8,6044%",IPCA_MAIS,8.6044,9.6122,9.2413,9.4165,0.1085,9.308,9.525,1016.950678,96.6402,1151.14,4.568,,2032-08-15
2026-09-24,XNGU17,XINGU RIO TRANSMISSORA DE ENERGIA S.A.,*,2034-12-15,"IPCA + 4,8304%",IPCA_MAIS,4.8304,,,7.2624,0.261,7.0014,7.5235,1054.094033,91.0421,1014.16,4.0244,,2031-05-15
2026-09-24,AEGPA0,AEGEA SANEAMENTO E PARTICIPAÇÕES S/A,*;**,2029-05-15,"PREFIXADO 16,762%",PREFIXADO,16.762,,,16.636,0.346,16.29,16.9822,1060.619656,100.228,531.74,2.1101,,
2026-09-24,AEGPA8,AEGEA SANEAMENTO E PARTICIPAÇÕES S/A,*,2031-01-15,"PREFIXADO 16,3433%",PREFIXADO,16.3433,,,16.5777,0.188,16.3897,16.7658,1023.935802,99.3639,798.4,3.1683,,
2026-09-24,BTEL13,V.TAL - REDE NEUTRA DE TELECOMUNICACOES S.A.,*,2032-04-15,"PREFIXADO 15,05%",PREFIXADO,15.05,,,15.2228,0.4392,14.7835,15.6621,1058.726553,99.4771,879.66,3.4907,,
2026-09-24,CEEBC0,CIA DE ELETRICIDADE DO ESTADO DA BAHIA - COELBA,,2032-04-25,"PREFIXADO 13,5966%",PREFIXADO,13.5966,,,,,,,,,,,,
2026-09-24,CEEBD1,CIA DE ELETRICIDADE DO ESTADO DA BAHIA - COELBA,*,2032-11-15,"PREFIXADO 11,6692%",PREFIXADO,11.6692,14.3997,13.3566,14.2282,0.1753,14.0529,14.4035,943.781959,90.6509,1078.39,4.2793,40.0,
2026-09-24,CEPEA6,COMPANHIA ENERGÉTICA DE PERNAMBUCO - CELPE,*;**,2032-04-25,"PREFIXADO 13,5966%",PREFIXADO,13.5966,14.3379,13.9522,14.2439,0.2237,14.0202,14.4677,1031.565698,97.8201,974.67,3.8677,,
2026-09-24,CEROA3,CENTRAIS ELETRICAS DE RONDONIA S/A CERON,*,2032-05-15,"PREFIXADO 13,7%",PREFIXADO,13.7,14.2526,13.8867,14.2185,0.2344,13.984,14.453,1029.428744,98.2289,987.46,3.9185,,
2026-09-24,EGIEA2,ENGIE BRASIL ENERGIA S.A.,*,2029-08-15,"PREFIXADO 12,4974%",PREFIXADO,12.4974,,,13.4529,0.225,13.2278,13.678,1013.27218,97.9747,608.91,2.4163,5.0,
2026-09-24,EGIEA4,ENGIE BRASIL ENERGIA S.A.,*,2032-01-15,"PREFIXADO 14,3509%",PREFIXADO,14.3509,13.6978,13.3199,13.5988,0.1882,13.4105,13.7871,1252.861665,102.0765,787.83,3.1263,5.0,
2026-09-24,EGIEA5,ENGIE BRASIL ENERGIA S.A.,*,2035-06-15,"PREFIXADO 12,8775%",PREFIXADO,12.8775,,,13.714,0.1898,13.5242,13.9038,1117.953407,96.6428,1157.77,4.5943,,
2026-09-24,EGIEC1,ENGIE BRASIL ENERGIA S.A.,*,2028-11-15,"PREFIXADO 10,9%",PREFIXADO,10.9,,,13.3758,0.0915,13.2843,13.4673,1273.354962,95.4124,536.0,2.127,,
2026-09-24,EKTRA5,ELEKTRO REDES S.A.,*,2032-04-25,"PREFIXADO 13,5966%",PREFIXADO,13.5966,,,13.9308,0.3857,13.5451,14.3166,1042.589183,98.8654,977.39,3.8785,,
2026-09-24,ELTN17,CENTRAIS ELETRICAS DO NORTE DO BRASIL S/A - ELETRONORTE,*,2032-07-15,"PREFIXADO 13,2474%",PREFIXADO,13.2474,13.8863,13.4863,13.742,0.207,13.5351,13.9491,1006.684364,98.214,1039.95,4.1268,,
2026-09-24,ENAT23,3R PETROLEUM OLEO E GAS S.A.,*,2030-06-15,"PREFIXADO 13,5733%",PREFIXADO,13.5733,,,15.3693,0.3161,15.0532,15.6855,990.579908,95.5204,733.33,2.91,,
2026-09-24,ENAT32,3R PETROLEUM OLEO E GAS S.A.,*,2029-09-17,"PREFIXADO 13,9662%",PREFIXADO,13.9662,,14.8325,15.2002,0.2216,14.9786,15.4218,976.78653,97.3246,633.7,2.5147,5.0,
2026-09-24,ENERB6,ENERGISA MATO GROSSO DO SUL - DISTRIBUIDORA DE ENERGIA S.A.,*,2032-05-15,"PREFIXADO 13,7%",PREFIXADO,13.7,14.2923,13.9349,14.1564,0.0676,14.0888,14.2241,1031.625461,98.4385,988.0,3.9206,,
2026-09-24,ENMTC4,ENERGISA MATO GROSSO - DISTRIBUIDORA DE ENERGIA S.A.,*,2032-05-15,"PREFIXADO 13,7%",PREFIXADO,13.7,,,14.2119,0.0199,14.192,14.2319,1029.661875,98.2511,987.52,3.9187,,
2026-09-24,ORIG21,ORIGEM ENERGIA S.A,*,2035-12-15,"PREFIXADO 14,15%",PREFIXADO,14.15,,,17.126,0.2655,16.8605,17.3916,932.922997,89.8306,1028.01,4.0794,,
2026-09-24,ORIG22,ORIGEM ENERGIA S.A,*,2035-12-15,"PREFIXADO 15,63%",PREFIXADO,15.63,,,,,,,,,,,,
2026-09-24,RECV21,PETRORECONCAVO S.A.,,2031-05-15,"PREFIXADO 12,8886%",PREFIXADO,12.8886,,,14.6305,0.3799,14.2505,15.0105,1000.79147,95.7463,712.04,2.8256,,
2026-09-24,TEPA23,BRASIL TECNOLOGIA E PARTICIPACAO S.A.,*,2032-03-15,"PREFIXADO 18,5067%",PREFIXADO,18.5067,,,21.1866,5.3009,15.8857,26.4876,1021.454564,93.3897,763.2,3.0286,,
2026-09-24,VLIM25,VLI MULTIMODAL S/A,*,2031-04-15,"PREFIXADO 11,44%",PREFIXADO,11.44,,,,,,,,,,,,
