data_referencia,codigo,emissor,marcadores,vencimento,indexador_texto,indexador_tipo,taxa_emissao,taxa_compra,taxa_venda,taxa_indicativa,desvio_padrao,intervalo_min,intervalo_max,pu,pct_pu_par,duration_du,duration_anos,pct_reune,ntnb_referencia
2026-10-01,AALM12,AURA ALMAS MINERACAO S.A.,*,2030-10-02,"DI + 1,6%",DI_MAIS,1.6,0.8554,0.6379,0.7454,0.0213,0.7242,0.7668,1094.47522,101.6721,496.07,1.9685,35.0,
2026-10-01,ABSP12,AGUAS DE BOMBINHAS SANEAMENTO SPE S.A.,*;**,2026-10-15,"DI + 1,95%",DI_MAIS,1.95,,,,,,,,,,,,
2026-10-01,ACOV15,ACO VERDE DO BRASIL S/A,*,2032-06-10,"DI + 1,1%",DI_MAIS,1.1,1.8979,1.35,1.5638,0.1177,1.4461,1.6815,1034.652681,98.9014,606.78,2.4079,,
2026-10-01,ADPA21,AGUAS DO PARA A SPE S.A.,*,2027-11-27,"DI + 2,85%",DI_MAIS,2.85,,2.2502,2.7692,0.1359,2.6332,2.9052,1047.350256,100.0849,272.13,1.0799,35.0,
2026-10-01,AEGE16,EQUIPAV SANEAMENTO S.A.,*;**,2034-03-11,"DI + 3,9%",DI_MAIS,3.9,6.765,5.1762,6.5884,0.4944,6.094,7.0829,925.106983,91.6572,846.71,3.36,35.0,
2026-10-01,AEGE17,EQUIPAV SANEAMENTO S.A.,*;**,2035-06-15,"DI + 3,4%",DI_MAIS,3.4,7.1318,5.5,6.1098,0.4065,5.7033,6.5164,951.097218,90.4482,957.98,3.8015,40.0,
2026-10-01,AEGP17,AEGEA SANEAMENTO E PARTICIPAÇÕES S/A,*;**,2027-04-12,"DI + 2,15%",DI_MAIS,2.15,3.7685,2.111,2.8776,0.6164,2.2612,3.4941,357.245294,99.6627,119.95,0.476,,
2026-10-01,AEGP19,AEGEA SANEAMENTO E PARTICIPAÇÕES S/A,*,2028-10-04,"DI + 1,9%",DI_MAIS,1.9,3.5727,2.7339,3.2007,0.457,2.7437,3.6578,1065.811118,98.9257,213.61,0.8477,,
2026-10-01,AEGPA4,AEGEA SANEAMENTO E PARTICIPAÇÕES S/A,*,2028-10-25,"DI + 3,47%",DI_MAIS,3.47,3.7765,2.5541,3.2799,0.5531,2.7268,3.8331,1073.463586,100.1693,231.95,0.9204,,
2026-10-01,AEGPA9,AEGEA SANEAMENTO E PARTICIPAÇÕES S/A,*,2029-06-25,"DI + 2,75%",DI_MAIS,2.75,4.3252,2.0831,2.8814,0.169,2.7123,3.0505,1041.719974,99.7638,466.26,1.8502,,
2026-10-01,AEGPB3,AEGEA SANEAMENTO E PARTICIPAÇÕES S/A,*,2032-08-22,"DI + 1,8%",DI_MAIS,1.8,4.8819,3.6696,4.6192,0.5629,4.0563,5.1822,923.913451,90.9459,865.53,3.4346,45.0,
2026-10-01,AEGPB5,AEGEA SANEAMENTO E PARTICIPAÇÕES S/A,*,2030-12-15,"DI + 1,8%",DI_MAIS,1.8,4.8395,3.695,4.5493,0.3834,4.1659,4.9329,964.462354,92.1573,765.43,3.0374,35.0,
2026-10-01,AEGPB7,AEGEA SANEAMENTO E PARTICIPAÇÕES S/A,*,2028-09-15,"DI + 2,95%",DI_MAIS,2.95,4.1917,2.6599,3.3914,0.3415,3.0499,3.733,1001.853926,99.4373,332.2,1.3183,,
2026-10-01,AERI11,AERIS INDUSTRIA E COMERCIO DE EQUIPAMENTOS PARA GERACAO DE ENERGIA S.A,,2030-03-30,DI + 3%,DI_MAIS,3.0,,,,,,,121.690969,13.0,,,,
2026-10-01,AERI12,AERIS INDUSTRIA E COMERCIO DE EQUIPAMENTOS PARA GERACAO DE ENERGIA S.A,,2030-03-30,DI + 3%,DI_MAIS,3.0,,,,,,,151.418219,10.9125,,,10.0,
2026-10-01,AESLA8,RGE SUL DISTRIBUIDORA DE ENERGIA S/A,*,2029-09-10,"DI + 0,49%",DI_MAIS,0.49,0.5603,0.25,0.4082,0.0227,0.3855,0.4311,1009.690818,100.1695,524.06,2.0796,,
2026-10-01,ALGAA2,ALGAR TELECOM S/A,*,2029-01-15,"DI + 1,55%",DI_MAIS,1.55,1.293,1.0009,1.138,0.0623,1.0756,1.2004,1038.90608,100.6374,394.02,1.5636,,
2026-10-01,ALGTA5,ALGAR TELECOM S/A,*,2032-01-28,"DI + 1,3%",DI_MAIS,1.3,1.2,0.8015,1.0071,0.0328,0.9743,1.0401,1036.880562,101.0179,882.38,3.5015,,
2026-10-01,ALGTA6,ALGAR TELECOM S/A,*,2033-02-22,"DI + 1,25%",DI_MAIS,1.25,1.3,0.9038,1.1246,0.0434,1.0812,1.1681,1020.406424,100.5025,1019.91,4.0473,,
2026-10-01,ALPA22,ALPARGATAS S.A.,*;**,2029-12-12,"DI + 1,5%",DI_MAIS,1.5,,,1.1036,0.1956,0.908,1.2993,1059.508496,101.2705,1.0,0.004,,
2026-10-01,AMBP16,AMBIPAR PARTICIPACOES E EMPREENDIMENTOS S/A,*;**,2029-04-25,"DI + 2,75%",DI_MAIS,2.75,,,,,,,193.326867,15.286,,,,
2026-10-01,ANHBA5,CONCESSIONÁRIA DO SISTEMA ANHANGUERA-BANDEIRANTES S/A,*,2030-11-05,"DI + 0,44%",DI_MAIS,0.44,0.55,0.4491,0.5131,0.0083,0.5047,0.5215,1056.336273,99.7994,695.51,2.76,40.0,
2026-10-01,ANHBA6,CONCESSIONÁRIA DO SISTEMA ANHANGUERA-BANDEIRANTES S/A,*,2032-07-15,"DI + 0,5%",DI_MAIS,0.5,0.6764,0.4347,0.5546,0.0423,0.5123,0.5969,1027.8832,99.7957,948.5,3.7639,,
2026-10-01,ANIM15,ANIMA HOLDING S/A,*,2029-05-15,"DI + 1,92%",DI_MAIS,1.92,2.25,1.7647,2.0048,0.037,1.9679,2.0419,793.91613,99.887,342.49,1.3591,5.0,
2026-10-01,ANIM17,ANIMA HOLDING S/A,*,2029-05-15,"DI + 1,6%",DI_MAIS,1.6,2.248,1.7937,2.0209,0.0403,1.9806,2.0612,1050.801157,99.2754,442.97,1.7578,5.0,
2026-10-01,ANIM18,ANIMA HOLDING S/A,*,2029-10-15,"DI + 1,5%",DI_MAIS,1.5,2.35,1.8832,2.1235,0.0661,2.0574,2.1897,1056.833999,98.6972,538.9,2.1385,10.0,
2026-10-01,APFL18,AUTOPISTA FLUMINENSE S/A,*;**,2029-01-15,"DI + 1,38%",DI_MAIS,1.38,2.9687,2.0162,2.4904,0.0176,2.4728,2.5082,1010.313937,97.9035,489.62,1.9429,,
2026-10-01,APPSB2,AUTOPISTA PLANALTO SUL S/A,*,2028-09-15,"DI + 2,15%",DI_MAIS,2.15,1.5551,1.2,1.366,0.0402,1.3258,1.4063,507.888759,100.8568,279.34,1.1085,,
2026-10-01,APRB28,AUTOPISTA REGIS BITTENCOURT S/A,*,2027-06-15,"DI + 0,86%",DI_MAIS,0.86,0.9162,0.45,0.6793,0.0417,0.6375,0.7211,323.373509,100.0901,126.51,0.502,,
2026-10-01,ARML13,ARMAC LOCACAO LOGISTICA E SERVICOS S.A.,*;**,2029-11-04,"DI + 2,25%",DI_MAIS,2.25,3.3477,2.7025,3.0562,0.2094,2.8468,3.2657,1049.892412,98.3939,518.69,2.0583,,
2026-10-01,ARML14,ARMAC LOCACAO LOGISTICA E SERVICOS S.A.,*,2032-03-15,"DI + 1,9%",DI_MAIS,1.9,4.0,3.2567,3.7214,0.1281,3.5933,3.8497,950.047007,94.3414,823.41,3.2675,45.0,
2026-10-01,ARML15,ARMAC LOCACAO LOGISTICA E SERVICOS S.A.,*,2032-09-25,"DI + 1,35%",DI_MAIS,1.35,4.25,3.5959,3.862,0.1865,3.6755,4.0486,917.620373,91.5564,899.08,3.5678,,
2026-10-01,ARML25,ARMAC LOCACAO LOGISTICA E SERVICOS S.A.,*,2034-09-25,"DI + 1,6%",DI_MAIS,1.6,5.0,3.8645,4.431,0.09,4.3411,4.5211,887.937351,88.5913,1090.18,4.3261,,
2026-10-01,ARML26,ARMAC LOCACAO LOGISTICA E SERVICOS S.A.,*,2030-11-05,"DI + 1,55%",DI_MAIS,1.55,4.15,3.5072,3.7578,0.0975,3.6604,3.8554,997.417512,93.8024,744.09,2.9527,45.0,
2026-10-01,ARTRA1,ARTERIS S/A,*;**,2027-03-11,"DI + 1,65%",DI_MAIS,1.65,2.1436,1.6279,1.847,0.1361,1.7109,1.9832,335.74981,99.9171,108.0,0.4286,,
2026-10-01,ARTRA4,ARTERIS S/A,*,2028-08-24,"DI + 2,7%",DI_MAIS,2.7,2.9294,2.4387,2.6449,0.1419,2.503,2.7869,678.36108,100.0677,317.97,1.2618,,
2026-10-01,ARTRA5,ARTERIS S/A,*,2029-04-12,"DI + 2,4%",DI_MAIS,2.4,2.9813,2.4865,2.6774,0.1591,2.5183,2.8365,1072.877803,99.6587,318.18,1.2626,,
2026-10-01,ASAI18,SENDAS DISTRIBUIDORA S/A,*,2027-12-22,"DI + 1,85%",DI_MAIS,1.85,2.5,2.0226,2.25,0.0,2.25,2.25,1039.026079,99.567,278.94,1.1069,,
2026-10-01,ASAI19,SENDAS DISTRIBUIDORA S/A,*,2029-03-25,"DI + 1,25%",DI_MAIS,1.25,2.5004,2.1387,2.303,0.0642,2.2387,2.3673,984.172771,98.1982,442.36,1.7554,,
2026-10-01,ASAI22,SENDAS DISTRIBUIDORA S/A,*,2028-05-20,"DI + 1,95%",DI_MAIS,1.95,2.5635,1.9416,2.2132,0.0973,2.1158,2.3106,1055.209637,99.7426,251.83,0.9993,15.0,
2026-10-01,ASAI28,SENDAS DISTRIBUIDORA S/A,*,2028-12-22,"DI + 1,95%",DI_MAIS,1.95,2.5244,2.237,2.3548,0.0642,2.2906,2.419,1036.105315,99.2593,472.59,1.8754,5.0,
2026-10-01,ASAIA0,SENDAS DISTRIBUIDORA S/A,*,2029-06-20,"DI + 1,25%",DI_MAIS,1.25,2.5237,2.2414,2.3524,0.0748,2.2776,2.4273,1020.96254,98.0013,469.06,1.8613,15.0,
2026-10-01,ASAIA1,SENDAS DISTRIBUIDORA S/A,*,2029-09-25,"DI + 1,25%",DI_MAIS,1.25,2.5291,2.2925,2.3566,0.0685,2.2881,2.4252,979.239308,97.706,537.26,2.132,45.0,
2026-10-01,ASAIA2,SENDAS DISTRIBUIDORA S/A,*,2029-12-09,"DI + 1,25%",DI_MAIS,1.25,2.5352,2.2807,2.3738,0.0661,2.3077,2.44,1018.565345,97.2611,632.59,2.5103,,
2026-10-01,ASAIA3,SENDAS DISTRIBUIDORA S/A,*,2029-06-05,"DI + 1,2%",DI_MAIS,1.2,2.5392,2.2804,2.3731,0.0679,2.3052,2.4411,1022.272038,97.5171,548.78,2.1777,,
2026-10-01,AURE13,AUREN ENERGIA S.A.,*,2031-10-10,"DI + 0,55%",DI_MAIS,0.55,0.9529,0.7399,0.8402,0.0321,0.8081,0.8723,1058.851587,99.1503,745.3,2.9575,15.0,
2026-10-01,AXIAA0,CENTRAIS ELETRICAS BRASILEIRAS S/A ELETROBRAS,*,2033-07-15,"DI + 0,7%",DI_MAIS,0.7,0.7881,0.55,0.6611,0.0326,0.6285,0.6938,1031.055355,100.171,1114.5,4.4226,35.0,
2026-10-01,AXIAB0,CENTRAIS ELETRICAS BRASILEIRAS S/A ELETROBRAS,*,2036-07-15,"DI + 0,85%",DI_MAIS,0.85,0.8686,0.5991,0.7321,0.0313,0.7008,0.7635,1035.739906,100.5946,1278.61,5.0738,,
2026-10-01,AZZA11,AZZAS 2154 S.A.,*,2030-03-28,"DI + 1,25%",DI_MAIS,1.25,2.2814,0.8336,1.4694,0.1423,1.3271,1.6118,996.303075,99.464,626.02,2.4842,,
2026-10-01,AZZA12,AZZAS 2154 S.A.,*,2030-08-15,"DI + 1,25%",DI_MAIS,1.25,2.3658,1.001,1.6868,0.2576,1.4293,1.9445,1006.428784,98.8458,678.96,2.6943,,
2026-10-01,AZZA13,AZZAS 2154 S.A.,*;**,2028-01-28,DI + 1%,DI_MAIS,1.0,,,2.052,0.0522,1.9999,2.1043,1012.99452,98.7443,307.22,1.2191,,
2026-10-01,BCBF16,BCBF PARTICIPAÇÕES S/A,*;**,2027-10-07,"DI + 1,45%",DI_MAIS,1.45,6.0,3.398,4.5613,0.1336,4.4276,4.695,706.437658,98.6279,114.36,0.4538,,
2026-10-01,BCPSA4,CLARO S/A,,2027-02-20,"DI + 1,2%",DI_MAIS,1.2,0.3,0.1711,0.251,0.0025,0.2485,0.2535,1020.012565,100.3558,95.0,0.377,5.0,
2026-10-01,BCPSA6,CLARO S/A,,2028-10-10,"DI + 0,55%",DI_MAIS,0.55,0.45,0.25,0.3611,0.0186,0.3425,0.3799,1071.364037,100.322,430.9,1.7099,10.0,
2026-10-01,BKBR19,BK BRASIL OPERAÇÃO E ASSESSORIA A RESTAURANTES S/A,*;**,2027-04-24,"DI + 1,9%",DI_MAIS,1.9,1.6633,1.4702,1.5877,0.1051,1.4826,1.6929,535.228898,100.1574,129.1,0.5123,,
2026-10-01,BRIT11,BRISANET PARTICIPACOES S.A.,,2027-08-25,DI + 2%,DI_MAIS,2.0,1.1221,0.7504,0.9425,0.0162,0.9263,0.9588,341.527485,100.894,215.23,0.8541,,
2026-10-01,BRIT12,BRISANET PARTICIPACOES S.A.,*,2030-07-10,"DI + 1,6%",DI_MAIS,1.6,1.4584,1.15,1.3228,0.0219,1.3008,1.3448,1040.616403,100.6145,565.46,2.2439,45.0,
2026-10-01,BRKMA6,BRASKEM S/A,*,2029-05-12,"DI + 1,75%",DI_MAIS,1.75,,,,,,,482.88193,45.5125,,,10.0,
2026-10-01,BRKMA8,BRASKEM S/A,*,2029-11-09,"DI + 1,7%",DI_MAIS,1.7,,,,,,,463.309276,43.65,,,,
2026-10-01,BRKMB6,BRASKEM S/A,*,2032-05-12,DI + 2%,DI_MAIS,2.0,,,,,,,480.232689,45.2187,,,,
2026-10-01,BRKMB8,BRASKEM S/A,*,2032-11-09,"DI + 1,95%",DI_MAIS,1.95,,,,,,,472.371366,44.46,,,,
2026-10-01,BRKPA0,BRK AMBIENTAL PARTICIPACOES S/A,*;**,2027-04-15,"DI + 2,4%",DI_MAIS,2.4,2.4457,2.0051,2.2127,0.0974,2.1153,2.3103,420.197276,100.0892,122.78,0.4872,,
2026-10-01,BRKPA2,BRK AMBIENTAL PARTICIPACOES S/A,*,2029-02-21,"DI + 3,25%",DI_MAIS,3.25,2.9,2.5423,2.7616,0.1509,2.6107,2.9126,1027.856839,100.9594,507.71,2.0147,5.0,
2026-10-01,BRKPA3,BRK AMBIENTAL PARTICIPACOES S/A,*,2029-08-23,"DI + 2,93%",DI_MAIS,2.93,2.9643,2.3858,2.6913,0.0407,2.6505,2.7321,1022.694307,100.5504,595.97,2.365,,
2026-10-01,BRKPA4,BRK AMBIENTAL PARTICIPACOES S/A,*,2030-10-15,"DI + 1,9%",DI_MAIS,1.9,3.0562,2.6802,2.9487,0.177,2.7717,3.1258,1041.243743,97.0638,730.84,2.9002,45.0,
2026-10-01,BRKPA5,BRK AMBIENTAL PARTICIPACOES S/A,*;**,2028-03-15,"DI + 1,9%",DI_MAIS,1.9,2.5755,1.9,2.2515,0.0047,2.2467,2.2563,1002.398977,99.54,337.37,1.3388,,
2026-10-01,BRMLA1,BR MALLS PARTICIPAÇÕES S/A,*,2031-08-20,"DI + 0,63%",DI_MAIS,0.63,0.6,0.35,0.4737,0.0145,0.4592,0.4883,1021.013637,100.5196,840.62,3.3358,,
2026-10-01,BRMLB1,BR MALLS PARTICIPAÇÕES S/A,*,2034-08-20,"DI + 0,95%",DI_MAIS,0.95,0.7,0.4597,0.5751,0.0166,0.5585,0.5918,1033.186806,101.6809,1131.78,4.4912,,
2026-10-01,BRST14,BRISANET SERVICOS DE TELECOMUNICACOES S.A.,*,2031-05-15,"DI + 1,4%",DI_MAIS,1.4,1.8,1.4015,1.5989,0.0033,1.5956,1.6022,1052.053139,99.4691,684.03,2.7144,,
2026-10-01,BSA312,"B3 S/A - BRASIL, BOLSA, BALCÃO",*;**,2029-11-05,"DI + 0,58%",DI_MAIS,0.58,0.5458,0.3,0.4284,0.0221,0.4064,0.4506,10635.922426,100.3707,618.32,2.4537,,
2026-10-01,BSA318,"B3 S/A - BRASIL, BOLSA, BALCÃO",*,2029-05-28,"DI + 0,62%",DI_MAIS,0.62,0.4,0.3052,0.3493,0.0206,0.3287,0.37,1053.249858,100.3819,356.82,1.416,40.0,
2026-10-01,BSA319,"B3 S/A - BRASIL, BOLSA, BALCÃO",*,2031-01-08,"DI + 0,59%",DI_MAIS,0.59,0.6237,0.3295,0.477,0.0327,0.4443,0.5097,1036.421879,100.3295,737.82,2.9279,35.0,
2026-10-01,BSA3A0,"B3 S/A - BRASIL, BOLSA, BALCÃO",*,2030-09-18,"DI + 0,45%",DI_MAIS,0.45,0.4729,0.2,0.3723,0.0492,0.3232,0.4216,1006.938569,100.2187,711.5,2.8234,,
2026-10-01,BTGH18,BTG PACTUAL HOLDING S/A,*,2029-12-10,"DI + 1,5%",DI_MAIS,1.5,1.2939,1.05,1.1498,0.0319,1.1179,1.1818,1054.050224,100.6294,457.84,1.8168,45.0,
2026-10-01,CAEC13,COMPANHIA DE AGUA E ESGOTO DO CEARA - CAGECE,*,2032-08-07,"DI + 1,37%",DI_MAIS,1.37,1.5015,1.1,1.3037,0.0206,1.2832,1.3244,1024.262567,100.2385,917.91,3.6425,,
2026-10-01,CAEC22,COMPANHIA DE AGUA E ESGOTO DO CEARA - CAGECE,*,2029-06-15,"DI + 2,2%",DI_MAIS,2.2,1.3,1.0,1.1617,0.0192,1.1425,1.181,1065.649333,101.7041,417.64,1.6573,,
2026-10-01,CAEC32,COMPANHIA DE AGUA E ESGOTO DO CEARA - CAGECE,*,2031-06-15,"DI + 2,5%",DI_MAIS,2.5,1.458,0.8707,1.2589,0.0393,1.2195,1.2983,1086.656455,103.6161,737.72,2.9275,,
2026-10-01,CAMLA1,CAMIL ALIMENTOS S/A,,2028-10-30,"DI + 1,55%",DI_MAIS,1.55,4.9985,3.2922,4.1333,0.5475,3.5859,4.6809,1029.068722,96.6639,339.16,1.3459,,
2026-10-01,CAMLB1,CAMIL ALIMENTOS S/A,,2028-10-30,"DI + 1,55%",DI_MAIS,1.55,4.9858,3.2594,4.1527,0.5795,3.5732,4.7323,1028.81076,96.6397,339.14,1.3458,5.0,
2026-10-01,CASN13,COMPANHIA CATARINENSE DE AGUAS E SANEAMENTO - CASAN,*,2028-11-16,"DI + 5,5%",DI_MAIS,5.5,3.8133,3.1689,3.3704,0.0539,3.3165,3.4245,722.119202,101.9513,239.77,0.9515,,
2026-10-01,CASN14,COMPANHIA CATARINENSE DE AGUAS E SANEAMENTO - CASAN,,2030-04-15,"DI + 2,3%",DI_MAIS,2.3,1.9332,1.3303,1.6413,0.3185,1.3228,1.9599,1018.319056,101.102,428.25,1.6994,,
2026-10-01,CBAN22,CONCESSIONÁRIA ROTA DAS BANDEIRAS S/A,*;**,2032-07-15,DI + 2%,DI_MAIS,2.0,0.9607,0.7,0.8336,0.0227,0.8109,0.8564,891.325907,103.5932,777.46,3.0852,15.0,
2026-10-01,CBOH11,CBO HOLDING S.A.,*,2029-08-28,"DI + 1,9%",DI_MAIS,1.9,1.5543,1.2143,1.3831,0.0905,1.2926,1.4737,1008.716004,100.6955,343.84,1.3644,10.0,
2026-10-01,CBRDB8,COMPANHIA BRASILEIRA DE DISTRIBUIÇÃO,*,2028-05-10,"DI + 1,95%",DI_MAIS,1.95,,,,,,,,,,,,
2026-10-01,CDAR11,UNIDAS LOCADORA S.A.,*;**,2027-09-27,DI + 2%,DI_MAIS,2.0,1.7419,1.4449,1.5965,0.0128,1.5837,1.6093,502.753301,100.3739,237.3,0.9417,,
2026-10-01,CDES12,VPORTS AUTORIDADE PORTUARIA S/A,*;**,2031-02-03,"DI + 1,4%",DI_MAIS,1.4,1.6017,1.2,1.4,0.0,1.4,1.4,1024.236755,100.0,819.13,3.2505,,
2026-10-01,CDGS26,COPA ENERGIA S A,*,2032-01-03,DI + 1%,DI_MAIS,1.0,0.9,0.6,0.7546,0.0116,0.7431,0.7663,1044.155612,100.8094,835.85,3.3169,,
2026-10-01,CEAB13,C E A MODAS S.A.,*,2027-07-15,"DI + 1,8%",DI_MAIS,1.8,1.3014,1.1061,1.2212,0.0348,1.1863,1.2561,1037.242627,100.4223,186.27,0.7392,,
2026-10-01,CEAB14,C E A MODAS S.A.,*,2028-09-15,"DI + 0,8%",DI_MAIS,0.8,1.1005,0.7005,0.8904,0.0177,0.8726,0.9082,1004.926067,99.8425,442.99,1.7579,,
2026-10-01,CEAB22,C E A MODAS S.A.,,2028-05-13,"DI + 2,4%",DI_MAIS,2.4,0.9,0.5608,0.7264,0.0199,0.7065,0.7464,540.148269,101.6266,247.33,0.9815,,
2026-10-01,CEAP15,COMPANHIA DE ELETRICIDADE DO AMAPA - CEA,*;**,2029-05-14,"DI + 1,2%",DI_MAIS,1.2,0.95,0.65,0.8025,0.0222,0.7802,0.8248,1064.857968,100.6978,445.53,1.768,35.0,
2026-10-01,CEAP16,COMPANHIA DE ELETRICIDADE DO AMAPA - CEA,*;**,2029-09-09,"DI + 1,2%",DI_MAIS,1.2,0.95,0.65,0.8,0.0,0.8,0.8,1017.388376,100.834,528.73,2.0981,,
2026-10-01,CEBD14,CEB DISTRIBUICAO S/A,*;**,2026-10-02,"DI + 1,6%",DI_MAIS,1.6,1.3234,1.0019,1.1493,0.0489,1.1004,1.1983,1020.849551,100.5673,1.0,0.004,,
2026-10-01,CEBD25,CEB DISTRIBUICAO S/A,*;**,2026-10-02,"DI + 1,72%",DI_MAIS,1.72,1.6,0.4072,1.0382,0.0688,0.9694,1.1072,1051.586862,100.8075,1.0,0.004,,
2026-10-01,CEEBA3,CIA DE ELETRICIDADE DO ESTADO DA BAHIA - COELBA,*;**,2026-10-15,"DI + 1,34%",DI_MAIS,1.34,1.15,0.5,0.8345,0.0247,0.8098,0.8594,1070.191063,100.0179,9.0,0.0357,,
2026-10-01,CEEBA6,CIA DE ELETRICIDADE DO ESTADO DA BAHIA - COELBA,*;**,2026-10-02,"DI + 1,95%",DI_MAIS,1.95,1.8308,1.2216,1.5273,0.0643,1.463,1.5917,1024.754162,100.5576,1.0,0.004,,
2026-10-01,CEEBA7,CIA DE ELETRICIDADE DO ESTADO DA BAHIA - COELBA,*,2026-10-02,"DI + 1,18%",DI_MAIS,1.18,0.8862,0.55,0.7289,0.0452,0.6837,0.7742,1063.458002,100.6315,1.0,0.004,,
2026-10-01,CEEBA8,CIA DE ELETRICIDADE DO ESTADO DA BAHIA - COELBA,*,2026-10-02,"DI + 0,95%",DI_MAIS,0.95,0.8,0.3,0.5789,0.0462,0.5327,0.6253,1051.21122,100.5316,1.0,0.004,,
2026-10-01,CEEBB3,CIA DE ELETRICIDADE DO ESTADO DA BAHIA - COELBA,*,2026-10-02,"DI + 1,49%",DI_MAIS,1.49,1.3172,0.8,1.0733,0.0322,1.0411,1.1056,1075.069465,100.4048,1.0,0.004,,
2026-10-01,CEEBB8,CIA DE ELETRICIDADE DO ESTADO DA BAHIA - COELBA,*,2031-06-10,"DI + 1,1%",DI_MAIS,1.1,0.8133,0.4982,0.6724,0.0375,0.6349,0.7099,1060.016414,101.3259,784.26,3.1121,,
2026-10-01,CEED16,COMPANHIA ESTADUAL DE DISTRIBUICAO DE ENERGIA ELETRICA - CEEE D,*,2030-08-05,"DI + 1,05%",DI_MAIS,1.05,0.7676,0.55,0.6501,0.0234,0.6266,0.6736,1031.995466,100.9299,588.76,2.3363,,
2026-10-01,CEED18,COMPANHIA ESTADUAL DE DISTRIBUICAO DE ENERGIA ELETRICA - CEEE D,*,2030-03-25,"DI + 0,8%",DI_MAIS,0.8,0.85,0.5624,0.7079,0.0045,0.7034,0.7124,1004.755282,100.259,713.16,2.83,35.0,
2026-10-01,CEEDA0,COMPANHIA ESTADUAL DE DISTRIBUICAO DE ENERGIA ELETRICA - CEEE D,*,2032-10-15,"DI + 0,65%",DI_MAIS,0.65,0.8978,0.7,0.7978,0.0202,0.7776,0.818,1061.262929,99.4986,862.64,3.4232,50.0,
2026-10-01,CEEDA1,COMPANHIA ESTADUAL DE DISTRIBUICAO DE ENERGIA ELETRICA - CEEE D,*,2033-04-15,"DI + 0,75%",DI_MAIS,0.75,0.978,0.8299,0.878,0.0203,0.8578,0.8984,1055.99455,99.5268,940.7,3.7329,,
2026-10-01,CEMTE2,ENERGISA MATO GROSSO - DISTRIBUIDORA DE ENERGIA S.A.,*;**,2029-06-10,"DI + 1,05%",DI_MAIS,1.05,0.6019,0.439,0.5344,0.0364,0.498,0.5709,1053.746692,100.7424,364.83,1.4477,,
2026-10-01,CEPEA1,COMPANHIA ENERGÉTICA DE PERNAMBUCO - CELPE,*,2026-10-15,"DI + 1,39%",DI_MAIS,1.39,1.0723,0.6591,0.8926,0.0679,0.8247,0.9605,1070.433018,100.0176,9.0,0.0357,,
2026-10-01,CEPEA3,COMPANHIA ENERGÉTICA DE PERNAMBUCO - CELPE,*,2026-10-02,"DI + 1,18%",DI_MAIS,1.18,0.869,0.55,0.7487,0.0942,0.6544,0.843,1063.457172,100.6315,1.0,0.004,,
2026-10-01,CEPEA4,COMPANHIA ENERGÉTICA DE PERNAMBUCO - CELPE,*,2026-10-02,"DI + 1,18%",DI_MAIS,1.18,1.0804,0.7364,0.9045,0.0796,0.8249,0.9841,1012.322327,100.7285,1.0,0.004,,
2026-10-01,CEPEB1,COMPANHIA ENERGÉTICA DE PERNAMBUCO - CELPE,*;**,2026-10-02,"DI + 1,54%",DI_MAIS,1.54,1.2,0.7162,0.9694,0.0342,0.9352,1.0038,1075.32183,100.4054,1.0,0.004,,
2026-10-01,CEPEB2,COMPANHIA ENERGÉTICA DE PERNAMBUCO - CELPE,*,2026-10-02,"DI + 1,68%",DI_MAIS,1.68,1.24,0.6977,0.9793,0.0318,0.9475,1.0113,1079.732308,100.7528,1.0,0.004,,
2026-10-01,CERO19,CENTRAIS ELETRICAS DE RONDONIA S/A CERON,,2029-04-15,"DI + 0,85%",DI_MAIS,0.85,0.6095,0.4292,0.5164,0.0436,0.4728,0.56,1074.905379,100.6848,519.29,2.0607,,
2026-10-01,CEROA2,CENTRAIS ELETRICAS DE RONDONIA S/A CERON,,2029-12-15,"DI + 0,95%",DI_MAIS,0.95,0.7,0.4311,0.572,0.0403,0.5317,0.6125,1053.908626,100.9625,643.93,2.5553,10.0,
2026-10-01,CEROB2,CENTRAIS ELETRICAS DE RONDONIA S/A CERON,,2031-12-15,"DI + 1,1%",DI_MAIS,1.1,0.8,0.542,0.6704,0.0549,0.6154,0.7254,1059.53524,101.4555,856.56,3.399,,
2026-10-01,CESPA4,CESP-COMPANHIA ENERGETICA DE SAO PAULO,*,2032-08-14,"DI + 0,62%",DI_MAIS,0.62,0.9329,0.6945,0.8113,0.0458,0.7655,0.8572,1010.432897,99.264,979.2,3.8857,5.0,
2026-10-01,CGASA3,COMPANHIA DE GAS DE SÃO PAULO - COMGAS,*,2028-05-15,"DI + 0,45%",DI_MAIS,0.45,0.6,0.3,0.4544,0.0092,0.4452,0.4637,1053.77714,99.9938,357.01,1.4167,,
2026-10-01,CGASA5,COMPANHIA DE GAS DE SÃO PAULO - COMGAS,*,2029-03-15,"DI + 0,75%",DI_MAIS,0.75,0.757,0.5665,0.682,0.0105,0.6716,0.6926,1007.932151,100.1436,535.48,2.1249,,
2026-10-01,CGBP14,ESSENTIA PCHS S.A,*,2032-03-25,DI + 1%,DI_MAIS,1.0,1.05,0.6313,0.8782,0.1024,0.7759,0.9807,895.238901,100.3686,768.95,3.0514,10.0,
2026-10-01,CGOS15,EQUATORIAL GOIAS DISTRIBUIDORA DE ENERGIA S.A.,*,2030-03-20,"DI + 1,05%",DI_MAIS,1.05,0.7447,0.55,0.6625,0.0368,0.6257,0.6994,1012.539965,100.8101,529.59,2.1015,5.0,
2026-10-01,CGOS17,EQUATORIAL GOIAS DISTRIBUIDORA DE ENERGIA S.A.,*,2030-08-05,DI + 1%,DI_MAIS,1.0,0.7645,0.55,0.6521,0.0203,0.6318,0.6725,1030.679443,100.8091,589.0,2.3373,,
2026-10-01,CGOS18,EQUATORIAL GOIAS DISTRIBUIDORA DE ENERGIA S.A.,*,2030-09-15,DI + 1%,DI_MAIS,1.0,0.7778,0.5545,0.6576,0.0219,0.6357,0.6796,1015.013114,100.8352,617.66,2.451,,
2026-10-01,CGOS19,EQUATORIAL GOIAS DISTRIBUIDORA DE ENERGIA S.A.,*,2031-11-25,"DI + 0,92%",DI_MAIS,0.92,0.8666,0.6086,0.7873,0.036,0.7513,0.8234,1057.132093,100.4752,908.54,3.6053,45.0,
2026-10-01,CGOSA1,EQUATORIAL GOIAS DISTRIBUIDORA DE ENERGIA S.A.,*,2032-10-15,"DI + 0,65%",DI_MAIS,0.65,0.867,0.6235,0.7852,0.0426,0.7426,0.8279,1061.717205,99.5412,862.75,3.4236,45.0,
2026-10-01,CHSF12,COMPANHIA HIDRO ELETRICA DO SAO FRANCISCO - CHESF,*,2029-04-15,"DI + 0,85%",DI_MAIS,0.85,0.6,0.3,0.4758,0.0383,0.4375,0.5142,1075.800687,100.7686,519.36,2.061,,
2026-10-01,CHSF14,COMPANHIA HIDRO ELETRICA DO SAO FRANCISCO - CHESF,*,2031-09-15,"DI + 0,85%",DI_MAIS,0.85,0.6603,0.4918,0.5643,0.0426,0.5217,0.607,1017.067388,101.0464,925.59,3.673,,
2026-10-01,CHSF24,COMPANHIA HIDRO ELETRICA DO SAO FRANCISCO - CHESF,*,2034-09-15,"DI + 1,05%",DI_MAIS,1.05,0.75,0.5133,0.6114,0.0456,0.5657,0.6571,1026.696154,101.9934,1146.7,4.5504,,
2026-10-01,CHTH11,CHINA THREE GORGES BRASIL ENERGIA S.A.,*,2029-12-15,"DI + 0,43%",DI_MAIS,0.43,0.5,0.3,0.404,0.0087,0.3953,0.4129,1042.817296,100.0577,561.87,2.2296,5.0,
2026-10-01,CIEL17,CIELO S/A,,2027-12-17,"DI + 0,54%",DI_MAIS,0.54,0.35,0.1638,0.2757,0.0143,0.2614,0.2902,1044.437626,100.291,278.21,1.104,5.0,
2026-10-01,CIEL18,CIELO S/A,*,2029-05-08,"DI + 0,54%",DI_MAIS,0.54,0.4599,0.3448,0.3941,0.021,0.3731,0.4151,1060.408901,100.3095,536.43,2.1287,,
2026-10-01,CIEL19,CIELO S/A,*,2028-10-20,"DI + 0,39%",DI_MAIS,0.39,0.35,0.3,0.3298,0.017,0.3129,0.3469,1064.659829,100.1044,438.43,1.7398,,
2026-10-01,CLCD16,CELESC DISTRIBUIÇÃO S/A,*,2028-11-15,"DI + 1,65%",DI_MAIS,1.65,0.914,0.6,0.7855,0.0216,0.7639,0.8072,1067.553404,100.839,247.03,0.9803,45.0,
2026-10-01,CLCD17,CELESC DISTRIBUIÇÃO S/A,*,2031-07-15,"DI + 0,95%",DI_MAIS,0.95,1.0804,0.7789,0.9177,0.068,0.8497,0.9857,1032.005177,100.0983,773.58,3.0698,,
2026-10-01,CLCD18,CELESC DISTRIBUIÇÃO S/A,*,2031-07-30,"DI + 0,67%",DI_MAIS,0.67,0.9648,0.65,0.8014,0.0045,0.7969,0.8059,1020.053156,99.6016,770.92,3.0592,,
2026-10-01,CLCD19,CELESC DISTRIBUIÇÃO S/A,*,2027-02-28,"DI + 0,3%",DI_MAIS,0.3,0.5,0.3,0.4,0.0,0.4,0.4,1121.516056,99.9605,100.0,0.3968,,
2026-10-01,CLII12,CORREDOR LOGISTICA E INFRAESTRUTURA S.A,*,2031-10-10,"DI + 3,5%",DI_MAIS,3.5,2.0889,1.6524,1.8646,0.0477,1.8169,1.9124,1043.902026,103.6706,575.49,2.2837,,
2026-10-01,CLIS11,CLI SUL S/A,*,2031-10-10,"DI + 3,2%",DI_MAIS,3.2,,,,,,,,,,,,
2026-10-01,CLMOA2,CALAMO DISTRIBUIDORA DE PRODUTOS DE BELEZA S/A,*,2031-08-27,"DI + 1,1%",DI_MAIS,1.1,0.8558,0.55,0.7409,0.0577,0.6832,0.7988,1024.41393,101.0829,763.58,3.0301,,
2026-10-01,CLMOA4,CALAMO DISTRIBUIDORA DE PRODUTOS DE BELEZA S/A,*,2032-11-27,"DI + 0,95%",DI_MAIS,0.95,0.85,0.55,0.7073,0.0152,0.6921,0.7227,1060.166536,100.868,905.87,3.5947,,
2026-10-01,CMED13,CIMED & CO S.A.,*;**,2029-05-02,"DI + 0,75%",DI_MAIS,0.75,1.8,1.0262,1.4102,0.1448,1.2655,1.5551,1048.436999,98.8702,437.92,1.7378,10.0,
2026-10-01,CMGD18,CEMIG DISTRIBUIÇÃO S/A,*;**,2027-06-15,"DI + 1,35%",DI_MAIS,1.35,0.7037,0.4,0.5819,0.0749,0.507,0.6568,1050.325407,100.4977,164.47,0.6527,,
2026-10-01,CMGDA0,CEMIG DISTRIBUIÇÃO S/A,*,2029-02-15,"DI + 0,8%",DI_MAIS,0.8,0.5541,0.4,0.4821,0.0184,0.4636,0.5006,1022.947158,100.525,417.88,1.6583,5.0,
2026-10-01,CMGDA1,CEMIG DISTRIBUIÇÃO S/A,*,2031-09-15,"DI + 0,55%",DI_MAIS,0.55,0.7246,0.5124,0.6102,0.0162,0.594,0.6265,1004.34131,99.7962,858.63,3.4073,,
2026-10-01,CMGDA2,CEMIG DISTRIBUIÇÃO S/A,*,2032-03-15,"DI + 0,86%",DI_MAIS,0.86,0.75,0.54,0.6478,0.0138,0.634,0.6617,1014.323323,100.7733,922.43,3.6604,,
2026-10-01,CMGDA3,CEMIG DISTRIBUIÇÃO S/A,*,2030-04-15,"DI + 0,64%",DI_MAIS,0.64,0.6183,0.4555,0.5379,0.0181,0.5198,0.5561,1069.145279,100.2422,600.72,2.3838,10.0,
2026-10-01,CMGDA6,CEMIG DISTRIBUIÇÃO S/A,*,2036-08-15,"DI + 0,73%",DI_MAIS,0.73,0.9372,0.6326,0.79,0.051,0.7391,0.8411,1006.830394,99.7083,1235.8,4.904,,
2026-10-01,CMGDB3,CEMIG DISTRIBUIÇÃO S/A,*,2032-04-15,"DI + 0,8%",DI_MAIS,0.8,0.7141,0.5,0.6234,0.0307,0.5927,0.6542,1073.908118,100.6145,881.17,3.4967,10.0,
2026-10-01,CMGTA0,CEMIG GERAÇÃO E TRANSMISSÃO S/A,*,2030-03-15,"DI + 0,64%",DI_MAIS,0.64,0.6157,0.417,0.5213,0.0158,0.5055,0.5371,1009.370953,100.2917,622.15,2.4688,35.0,
2026-10-01,CMGTA2,CEMIG GERAÇÃO E TRANSMISSÃO S/A,*,2031-06-10,"DI + 0,7%",DI_MAIS,0.7,0.7,0.4,0.5727,0.0358,0.5368,0.6086,1048.386132,100.3968,789.19,3.1317,,
2026-10-01,CMGTC3,CEMIG GERAÇÃO E TRANSMISSÃO S/A,*,2033-08-15,"DI + 0,62%",DI_MAIS,0.62,0.8,0.5004,0.7059,0.058,0.648,0.764,1005.973014,99.6311,1090.79,4.3285,40.0,
2026-10-01,CMPH14,CM HOSPITALAR S.A.,*;**,2034-01-30,"DI + 1,7%",DI_MAIS,1.7,,,,,,,504.214296,65.5278,,,,
2026-10-01,CMTR19,CEMIG GERAÇÃO E TRANSMISSÃO S/A,*,2027-12-15,"DI + 1,33%",DI_MAIS,1.33,0.7103,0.4,0.5787,0.0434,0.5353,0.6222,700.06173,100.4815,162.86,0.6463,,
2026-10-01,CNLM16,CONCESSIONARIA DA LINHA 4 DO METRO DE SAO PAULO S/A,*,2031-06-15,"DI + 1,1%",DI_MAIS,1.1,0.7752,0.5289,0.6401,0.0277,0.6124,0.6679,1057.858115,101.2949,712.12,2.8259,,
2026-10-01,CNLM17,CONCESSIONARIA DA LINHA 4 DO METRO DE SAO PAULO S/A,*,2033-04-15,"DI + 0,96%",DI_MAIS,0.96,0.8235,0.5482,0.7167,0.0636,0.6531,0.7804,1077.699232,100.954,993.13,3.941,,
2026-10-01,COCEA2,COMPANHIA ENERGÉTICA DO CEARÁ - COELCE,*,2029-05-15,"DI + 1,1%",DI_MAIS,1.1,1.5922,1.2,1.3847,0.1257,1.259,1.5105,1050.150348,99.4025,536.77,2.13,10.0,
2026-10-01,COGNA4,COGNA EDUCACAO S.A,*,2029-11-19,"DI + 1,6%",DI_MAIS,1.6,1.3584,1.0904,1.2212,0.0196,1.2016,1.241,1065.626579,100.7963,535.5,2.125,,
2026-10-01,COGNA5,COGNA EDUCACAO S.A,*,2028-11-17,"DI + 0,64%",DI_MAIS,0.64,1.1321,0.8826,1.0028,0.0617,0.9411,1.0647,1022.345984,99.3373,465.51,1.8473,10.0,
2026-10-01,COGNB2,COGNA EDUCACAO S.A,*,2029-05-15,"DI + 1,6%",DI_MAIS,1.6,1.3,1.0,1.1712,0.0452,1.126,1.2165,1066.384504,100.7477,444.13,1.7624,5.0,
2026-10-01,COLNA3,RODOVIAS DAS COLINAS S/A,*,2032-01-15,"DI + 0,8%",DI_MAIS,0.8,0.85,0.7,0.7736,0.0072,0.7664,0.781,1026.314374,100.079,759.88,3.0154,,
2026-10-01,CPFGA3,CPFL GERAÇÃO DE ENERGIA S/A,*,2031-09-10,"DI + 0,59%",DI_MAIS,0.59,0.65,0.35,0.519,0.0331,0.4859,0.5523,1010.42141,100.236,841.57,3.3396,,
2026-10-01,CPFPA6,COMPANHIA PIRATININGA DE FORÇA E LUZ,*,2028-06-05,"DI + 0,57%",DI_MAIS,0.57,0.4408,0.2098,0.3303,0.0403,0.2901,0.3707,416.366654,100.2041,215.36,0.8546,,
2026-10-01,CPFPA8,COMPANHIA PIRATININGA DE FORÇA E LUZ,*,2029-09-10,"DI + 0,49%",DI_MAIS,0.49,0.55,0.25,0.426,0.0403,0.3857,0.4664,1009.318684,100.1326,524.04,2.0795,,
2026-10-01,CPFPB8,COMPANHIA PIRATININGA DE FORÇA E LUZ,*,2031-09-10,"DI + 0,59%",DI_MAIS,0.59,0.65,0.35,0.5265,0.0386,0.4879,0.5652,1010.169684,100.2111,841.53,3.3394,,
2026-10-01,CPGT17,COPEL GERAÇÃO E TRANSMISSÃO S/A,*;**,2026-10-15,"DI + 1,38%",DI_MAIS,1.38,0.75,0.2647,0.5369,0.083,0.4539,0.62,535.257624,100.0298,9.0,0.0357,,
2026-10-01,CPGT18,COPEL GERAÇÃO E TRANSMISSÃO S/A,*,2030-01-15,"DI + 1,4%",DI_MAIS,1.4,0.65,0.35,0.5016,0.0072,0.4943,0.5089,1053.186316,102.0536,576.51,2.2877,,
2026-10-01,CPGT19,COPEL GERAÇÃO E TRANSMISSÃO S/A,*,2029-10-10,"DI + 0,52%",DI_MAIS,0.52,0.5,0.2342,0.3771,0.0184,0.3588,0.3956,1070.321133,100.2386,422.25,1.6756,,
2026-10-01,CPGT29,COPEL GERAÇÃO E TRANSMISSÃO S/A,*,2031-10-10,"DI + 0,69%",DI_MAIS,0.69,0.8,0.4506,0.6438,0.0515,0.5923,0.6954,1070.223738,100.1488,816.8,3.2413,,
2026-10-01,CPGT39,COPEL GERAÇÃO E TRANSMISSÃO S/A,*,2034-10-10,"DI + 0,95%",DI_MAIS,0.95,1.0,0.6452,0.8137,0.0512,0.7625,0.865,1076.176798,100.5823,1084.12,4.3021,,
2026-10-01,CPGTA0,COPEL GERAÇÃO E TRANSMISSÃO S/A,*,2029-02-15,"DI + 0,59%",DI_MAIS,0.59,0.5052,0.341,0.4282,0.0188,0.4093,0.4471,1020.057861,100.2676,418.44,1.6605,,
2026-10-01,CPGTB0,COPEL GERAÇÃO E TRANSMISSÃO S/A,*,2032-02-15,"DI + 0,79%",DI_MAIS,0.79,0.65,0.5,0.5805,0.0147,0.5657,0.5953,1025.212586,100.7489,904.29,3.5885,,
2026-10-01,CPLD19,COPEL DISTRIBUICAO S/A,*,2031-05-15,"DI + 0,6%",DI_MAIS,0.6,0.7411,0.392,0.5723,0.0799,0.4925,0.6523,1055.249068,100.076,694.99,2.7579,10.0,
2026-10-01,CPLD27,COPEL DISTRIBUICAO S/A,*,2027-05-15,"DI + 1,36%",DI_MAIS,1.36,1.0753,0.6413,0.8557,0.1124,0.7432,0.9682,530.266791,100.2862,144.39,0.573,,
2026-10-01,CPLDA0,COPEL DISTRIBUICAO S/A,*,2030-07-15,"DI + 0,43%",DI_MAIS,0.43,0.55,0.2876,0.4333,0.0295,0.4039,0.4629,1029.751746,99.9923,586.87,2.3288,35.0,
2026-10-01,CPLDA2,COPEL DISTRIBUICAO S/A,*,2028-07-15,"DI + 0,25%",DI_MAIS,0.25,0.5,0.294,0.3825,0.0193,0.3632,0.4019,1024.513386,99.7893,402.45,1.597,,
2026-10-01,CPLDB0,COPEL DISTRIBUICAO S/A,*,2032-07-15,"DI + 0,58%",DI_MAIS,0.58,0.7,0.4349,0.5738,0.0318,0.542,0.6056,1030.411058,100.0238,972.14,3.8577,35.0,
2026-10-01,CPREA0,CPFL ENERGIAS RENOVÁVEIS,*;**,2028-12-12,"DI + 1,12%",DI_MAIS,1.12,0.6261,0.2114,0.4375,0.0506,0.387,0.4882,1058.281693,101.2708,470.2,1.8659,,
2026-10-01,CPTE12,CACHOEIRA PAULISTA TRANS. DE ENERGIA S/A,*,2031-07-15,"DI + 1,7%",DI_MAIS,1.7,1.2527,0.6109,0.9197,0.0577,0.862,0.9774,658.520859,101.6899,550.17,2.1832,10.0,
2026-10-01,CSAN15,COSAN S.A.,*,2028-04-20,"DI + 2,4%",DI_MAIS,2.4,2.3126,2.0001,2.1208,0.2119,1.9088,2.3328,1077.037224,100.3641,335.49,1.3313,5.0,
2026-10-01,CSAN18,COSAN S.A.,*,2031-01-21,"DI + 1,8%",DI_MAIS,1.8,1.99,1.1906,1.5511,0.0615,1.4896,1.6126,1037.775596,100.7137,732.61,2.9072,,
2026-10-01,CSAN23,COSAN S.A.,*,2031-08-15,DI + 2%,DI_MAIS,2.0,2.0,1.7503,1.8589,0.077,1.7819,1.936,1023.305155,100.4092,743.65,2.951,,
2026-10-01,CSAN24,COSAN S.A.,*,2032-05-05,"DI + 1,9%",DI_MAIS,1.9,2.1192,1.7841,1.9053,0.1058,1.7995,2.0112,1064.666681,99.9834,805.55,3.1966,,
2026-10-01,CSANA0,COSAN S.A.,*,2029-06-28,DI + 1%,DI_MAIS,1.0,1.8833,1.0067,1.4594,0.0497,1.4097,1.5092,1029.228424,99.1441,477.01,1.8929,,
2026-10-01,CSANA2,COSAN S.A.,*,2029-01-27,"DI + 0,6%",DI_MAIS,0.6,1.8986,1.6807,1.7753,0.1002,1.6751,1.8756,1207.04906,97.3621,580.0,2.3016,15.0,
2026-10-01,CSANB0,COSAN S.A.,*,2034-06-28,"DI + 1,5%",DI_MAIS,1.5,2.2121,1.6117,1.9151,0.1096,1.8056,2.0248,1021.649442,98.2849,1065.14,4.2267,,
2026-10-01,CSANB1,COSAN S.A.,*,2030-01-08,"DI + 0,72%",DI_MAIS,0.72,2.0554,1.3605,1.6915,0.1688,1.5227,1.8604,1007.713336,97.5205,657.94,2.6109,,
2026-10-01,CSANB2,COSAN S.A.,*,2030-03-27,"DI + 0,7%",DI_MAIS,0.7,1.89,1.2111,1.5299,0.0709,1.4591,1.6009,1217.646618,98.0695,596.82,2.3683,,
2026-10-01,CSANC1,COSAN S.A.,*,2035-01-08,"DI + 1,3%",DI_MAIS,1.3,2.499,1.7677,2.126,0.2307,1.8953,2.3568,995.252303,96.183,1198.81,4.7572,,
2026-10-01,CSANC2,COSAN S.A.,*,2032-03-27,DI + 1%,DI_MAIS,1.0,2.1,1.8177,1.9024,0.1076,1.7948,2.01,1211.843655,97.1641,809.98,3.2142,,
2026-10-01,CSED12,CRUZEIRO DO SUL EDUCACIONAL S/A,*,2030-02-05,"DI + 1,35%",DI_MAIS,1.35,0.9077,0.7,0.8028,0.0448,0.758,0.8477,1034.02668,101.081,500.96,1.9879,10.0,
2026-10-01,CSED13,CRUZEIRO DO SUL EDUCACIONAL S/A,*,2030-11-15,"DI + 0,9%",DI_MAIS,0.9,1.1681,0.7567,0.9418,0.0481,0.8938,0.99,1054.44684,99.8853,697.93,2.7696,,
2026-10-01,CSMGA7,CIA DE SANEAMENTO DE M.GERAIS COPASA MG,*,2029-12-16,"DI + 1,3%",DI_MAIS,1.3,0.8247,0.5991,0.7142,0.0516,0.6627,0.7659,776.037654,100.859,372.25,1.4772,,
2026-10-01,CSMGA8,CIA DE SANEAMENTO DE M.GERAIS COPASA MG,*,2030-09-15,"DI + 1,2%",DI_MAIS,1.2,0.9279,0.7276,0.8259,0.0392,0.7868,0.8652,953.605294,100.6462,438.86,1.7415,,
2026-10-01,CSMGA9,CIA DE SANEAMENTO DE M.GERAIS COPASA MG,*,2034-07-15,"DI + 0,9%",DI_MAIS,0.9,0.75,0.55,0.6584,0.0129,0.6455,0.6714,1038.340735,100.7237,759.22,3.0128,10.0,
2026-10-01,CSMGB0,CIA DE SANEAMENTO DE M.GERAIS COPASA MG,*,2035-05-15,"DI + 0,6%",DI_MAIS,0.6,0.75,0.5502,0.6483,0.0613,0.5871,0.7097,1015.632662,99.8314,885.71,3.5147,,
2026-10-01,CSMGD1,CIA DE SANEAMENTO DE M.GERAIS COPASA MG,*,2035-10-15,"DI + 0,52%",DI_MAIS,0.52,0.7887,0.5787,0.6793,0.0254,0.6539,0.7048,1024.044825,99.4187,926.63,3.6771,,
2026-10-01,CSMGD2,CIA DE SANEAMENTO DE M.GERAIS COPASA MG,*,2036-03-15,"DI + 0,65%",DI_MAIS,0.65,0.75,0.5879,0.6635,0.0459,0.6176,0.7095,1005.905411,99.9469,997.41,3.958,,
2026-10-01,CSNAA1,COMPANHIA SIDERÚRGICA NACIONAL,*;**,2028-11-10,"DI + 1,65%",DI_MAIS,1.65,,17.0,17.0326,0.2305,16.8021,17.2633,876.900106,82.6321,334.21,1.3262,,
2026-10-01,CSNAA2,COMPANHIA SIDERÚRGICA NACIONAL,*;**,2027-12-20,"DI + 2,5%",DI_MAIS,2.5,,17.3,17.4711,0.1564,17.3147,17.6276,958.169432,91.652,157.17,0.6237,,
2026-10-01,CSRNA2,COMPANHIA ENERGÉTICA DO R. G. N. - COSERN,*,2031-03-15,"DI + 0,96%",DI_MAIS,0.96,0.9058,0.5512,0.7528,0.0501,0.7027,0.803,1013.008806,100.638,780.47,3.0971,35.0,
2026-10-01,CTEE19,ISA ENERGIA BRASIL S.A.,,2028-11-15,"DI + 2,83%",DI_MAIS,2.83,0.4566,0.3023,0.3883,0.0307,0.3576,0.4192,1088.365348,102.3492,245.35,0.9736,,
2026-10-01,CTNSA2,ENERGISA TOCANTINS - DISTRIBUIDORA DE ENERGIA S.A,,2030-02-25,DI + 1%,DI_MAIS,1.0,1.0,0.7,0.85,0.0,0.85,0.85,1018.619568,100.4089,692.09,2.7464,,
2026-10-01,CVCB14,CVC BRASIL OPERADORA E AGENCIA DE VIAGENS S.A.,*,2028-10-30,"DI + 4,5%",DI_MAIS,4.5,8.1833,6.5942,6.8553,0.3409,6.5144,7.1962,0.605157,98.4013,181.35,0.7196,,
2026-10-01,DASAB2,DIAGNÓSTICOS DA AMÉRICA S/A,*,2030-11-20,"DI + 3,4%",DI_MAIS,3.4,2.9837,2.7,2.8307,0.0157,2.815,2.8465,1077.495568,101.314,596.85,2.3685,,
2026-10-01,DASAB4,DIAGNÓSTICOS DA AMÉRICA S/A,*;**,2027-10-20,"DI + 2,4%",DI_MAIS,2.4,2.0446,0.8738,1.4356,0.1796,1.2561,1.6153,1078.129013,100.4658,124.04,0.4922,,
2026-10-01,DASAB5,DIAGNÓSTICOS DA AMÉRICA S/A,*,2028-10-30,"DI + 1,7%",DI_MAIS,1.7,2.7,2.2,2.45,0.0041,2.4459,2.4541,1051.740734,98.7317,437.41,1.7358,,
2026-10-01,DASAC2,DIAGNÓSTICOS DA AMÉRICA S/A,*,2030-11-20,"DI + 3,4%",DI_MAIS,3.4,2.9778,2.7,2.8335,0.0122,2.8213,2.8458,1077.426081,101.3075,596.84,2.3684,10.0,
2026-10-01,DASAC5,DIAGNÓSTICOS DA AMÉRICA S/A,*,2031-10-30,"DI + 2,05%",DI_MAIS,2.05,3.062,2.7,2.8762,0.0764,2.7998,2.9527,1037.717235,97.2732,860.6,3.4151,10.0,
2026-10-01,DASAD3,DIAGNÓSTICOS DA AMÉRICA S/A,*,2028-07-20,"DI + 2,75%",DI_MAIS,2.75,2.752,2.4135,2.6171,0.0512,2.5659,2.6684,1033.814052,100.2042,397.29,1.5765,,
2026-10-01,DGCD11,EDGE COMERCIALIZACAO S.A.,*;**,2029-03-16,"DI + 0,85%",DI_MAIS,0.85,1.05,0.75,0.9015,0.0047,0.8968,0.9063,1004.889656,99.8915,535.88,2.1265,,
2026-10-01,DXCO13,DEXCO S.A,*,2031-10-15,"DI + 0,53%",DI_MAIS,0.53,0.9,0.6,0.7501,0.0003,0.7497,0.7505,1058.445181,99.2894,821.02,3.258,,
2026-10-01,EBENA6,EDP SÃO PAULO DISTRIBUIÇÃO DE ENERGIA S.A.,*,2028-03-04,"DI + 0,89%",DI_MAIS,0.89,0.8006,0.2501,0.5863,0.107,0.4793,0.6934,1012.524243,100.2608,217.78,0.8642,,
2026-10-01,EBENA7,EDP SÃO PAULO DISTRIBUIÇÃO DE ENERGIA S.A.,*,2028-06-20,"DI + 0,68%",DI_MAIS,0.68,0.9006,0.5338,0.6943,0.1401,0.5542,0.8344,1039.944034,99.9845,275.19,1.092,,
2026-10-01,EBENA9,EDP SÃO PAULO DISTRIBUIÇÃO DE ENERGIA S.A.,*,2030-06-23,"DI + 0,47%",DI_MAIS,0.47,0.7,0.4166,0.5598,0.0179,0.5418,0.5778,1036.530271,99.77,649.41,2.577,,
2026-10-01,EBENB1,EDP SÃO PAULO DISTRIBUIÇÃO DE ENERGIA S.A.,*,2030-12-19,"DI + 0,63%",DI_MAIS,0.63,0.6,0.3686,0.4939,0.0776,0.4164,0.5716,1044.587937,100.39,725.0,2.877,,
2026-10-01,EBENC1,EDP SÃO PAULO DISTRIBUIÇÃO DE ENERGIA S.A.,*,2032-12-19,"DI + 0,73%",DI_MAIS,0.73,0.8,0.5,0.6701,0.0358,0.6342,0.706,1043.255711,100.2331,986.73,3.9156,,
2026-10-01,ECOV17,CONCESSIONÁRIA ECOVIAS DOS IMIGRANTES S/A,*,2032-02-25,"DI + 1,25%",DI_MAIS,1.25,0.8319,0.6,0.7304,0.0185,0.7119,0.749,1032.106437,101.7124,833.08,3.3059,35.0,
2026-10-01,EDPR13,EDP TRANSMISSAO GOIAS S.A.,*,2030-12-10,"DI + 0,52%",DI_MAIS,0.52,,,0.6333,0.0201,0.6133,0.6535,1041.693775,99.7565,545.11,2.1631,,
2026-10-01,EDPR23,EDP TRANSMISSAO GOIAS S.A.,*,2032-12-10,"DI + 0,6%",DI_MAIS,0.6,,,,,,,,,,,,
2026-10-01,EDVP18,ENERGISA SUL-SUDESTE - DISTRIBUICAO DE ENERGIA S.A,,2027-08-22,"DI + 1,6%",DI_MAIS,1.6,0.582,0.2015,0.4094,0.0207,0.3887,0.4302,512.937279,101.0037,213.53,0.8473,,
2026-10-01,EEELA3,CPFL TRANSMISSAO S.A,*,2029-09-10,"DI + 0,49%",DI_MAIS,0.49,0.55,0.25,0.4181,0.0389,0.3792,0.457,1009.483817,100.1489,524.05,2.0796,,
2026-10-01,EEELA5,CPFL TRANSMISSAO S.A,*,2030-05-15,"DI + 0,45%",DI_MAIS,0.45,0.6,0.2982,0.47,0.0372,0.4328,0.5072,1016.580156,99.9434,716.03,2.8414,,
2026-10-01,EGIEE1,ENGIE BRASIL ENERGIA S.A.,*,2030-11-15,"DI + 1,1%",DI_MAIS,1.1,0.7613,0.5829,0.6836,0.0533,0.6303,0.737,1068.581413,101.1471,697.26,2.7669,,
2026-10-01,EKTRA0,ELEKTRO REDES S.A.,*;**,2026-10-15,"DI + 1,29%",DI_MAIS,1.29,1.01,0.6095,0.7643,0.0591,0.7051,0.8235,1069.953631,100.0186,9.0,0.0357,,
2026-10-01,EKTRA1,ELEKTRO REDES S.A.,*;**,2026-10-02,"DI + 1,28%",DI_MAIS,1.28,,,1.0053,0.054,0.9513,1.0595,1034.120553,100.232,1.0,0.004,,
2026-10-01,EKTRA3,ELEKTRO REDES S.A.,*,2031-04-15,"DI + 0,98%",DI_MAIS,0.98,0.7,0.45,0.6023,0.0464,0.5559,0.6487,1080.162712,101.1167,747.77,2.9673,,
2026-10-01,EKTRA4,ELEKTRO REDES S.A.,*,2032-02-08,"DI + 0,8%",DI_MAIS,0.8,0.75,0.45,0.6231,0.0374,0.5857,0.6606,1027.277023,100.6742,964.75,3.8284,45.0,
2026-10-01,EKTRB0,ELEKTRO REDES S.A.,*,2026-10-02,"DI + 1,44%",DI_MAIS,1.44,1.1274,0.7,0.9139,0.0124,0.9015,0.9264,1074.828156,100.4052,1.0,0.004,,
2026-10-01,ELET15,CENTRAIS ELETRICAS BRASILEIRAS S/A ELETROBRAS,*,2029-04-15,"DI + 0,85%",DI_MAIS,0.85,0.6,0.4444,0.5262,0.0144,0.5118,0.5408,1074.689452,100.6645,519.28,2.0606,,
2026-10-01,ELET17,CENTRAIS ELETRICAS BRASILEIRAS S/A ELETROBRAS,*,2035-11-15,"DI + 0,85%",DI_MAIS,0.85,0.8463,0.6,0.735,0.074,0.661,0.8091,1061.184738,100.5428,1196.85,4.7494,15.0,
2026-10-01,ELET24,CENTRAIS ELETRICAS BRASILEIRAS S/A ELETROBRAS,*,2028-09-15,"DI + 1,55%",DI_MAIS,1.55,1.0294,0.8018,0.9423,0.0507,0.8916,0.9931,1014.939194,100.8018,335.49,1.3313,50.0,
2026-10-01,ELET25,CENTRAIS ELETRICAS BRASILEIRAS S/A ELETROBRAS,*,2031-04-15,DI + 1%,DI_MAIS,1.0,0.7,0.4358,0.5763,0.0345,0.5419,0.6109,1082.977896,101.3709,817.57,3.2443,10.0,
2026-10-01,ELFA12,ELFA MEDICAMENTOS SA,*;**,2031-12-13,"DI + 3,4%",DI_MAIS,3.4,,,,,,,285.143521,27.72,,,,
2026-10-01,ELPLA6,ELETROPAULO METROP. ELETRIC. DE S.P. S/A,,2028-10-04,"DI + 1,64%",DI_MAIS,1.64,4.2786,2.014,2.5667,0.4634,2.1033,3.0302,1063.59544,98.8442,322.33,1.2791,,
2026-10-01,ELPLB8,ELETROPAULO METROP. ELETRIC. DE S.P. S/A,*,2028-05-15,"DI + 1,1%",DI_MAIS,1.1,3.2705,2.0123,2.6887,0.3027,2.386,2.9915,1033.535845,97.8299,354.22,1.4056,10.0,
2026-10-01,ELTN16,CENTRAIS ELETRICAS DO NORTE DO BRASIL S/A - ELETRONORTE,*,2031-09-15,"DI + 0,85%",DI_MAIS,0.85,0.7136,0.4602,0.603,0.0303,0.5727,0.6334,1015.631271,100.9037,925.35,3.672,15.0,
2026-10-01,ELTN19,CENTRAIS ELETRICAS DO NORTE DO BRASIL S/A - ELETRONORTE,*,2032-11-15,"DI + 0,65%",DI_MAIS,0.65,0.7531,0.5,0.6521,0.0312,0.6208,0.6834,1054.560582,99.9915,1020.54,4.0498,35.0,
2026-10-01,ELTN26,CENTRAIS ELETRICAS DO NORTE DO BRASIL S/A - ELETRONORTE,*,2034-09-15,"DI + 1,05%",DI_MAIS,1.05,0.7225,0.521,0.6025,0.0054,0.5971,0.608,1027.109553,102.0345,1146.83,4.5509,,
2026-10-01,ENERB5,ENERGISA MATO GROSSO DO SUL - DISTRIBUIDORA DE ENERGIA S.A.,,2029-12-15,"DI + 0,8%",DI_MAIS,0.8,0.7663,0.4602,0.6286,0.0511,0.5776,0.6798,1047.939589,100.4363,644.86,2.559,,
2026-10-01,ENERC3,ENERGISA MATO GROSSO DO SUL - DISTRIBUIDORA DE ENERGIA S.A.,,2029-09-04,"DI + 0,8%",DI_MAIS,0.8,0.6232,0.4697,0.5239,0.0581,0.4658,0.5821,1016.653305,100.6761,619.25,2.4573,,
2026-10-01,ENEV48,ENEVA S.A.,*,2032-07-15,DI + 2%,DI_MAIS,2.0,0.9954,0.6316,0.7978,0.0279,0.7698,0.8258,1075.905091,104.1209,862.58,3.4229,,
2026-10-01,ENEVA3,ENEVA S.A.,*,2029-12-15,"DI + 0,9%",DI_MAIS,0.9,0.6639,0.524,0.6006,0.0625,0.5382,0.6632,1051.657915,100.7621,644.21,2.5564,,
2026-10-01,ENEVD0,ENEVA S.A.,*,2031-04-15,"DI + 1,15%",DI_MAIS,1.15,0.7072,0.5,0.618,0.0433,0.5747,0.6614,1085.857508,101.5705,746.02,2.9604,35.0,
2026-10-01,ENGIA7,ENERGISA S/A,,2027-10-20,"DI + 1,5%",DI_MAIS,1.5,0.5375,0.3093,0.4225,0.0838,0.3387,0.5064,1074.505174,100.5288,124.84,0.4954,,
2026-10-01,ENGIB1,ENERGISA S/A,,2029-09-04,"DI + 0,8%",DI_MAIS,0.8,0.6411,0.4735,0.5287,0.0573,0.4713,0.5861,1016.534025,100.6642,619.24,2.4573,,
2026-10-01,ENGIB5,ENERGISA S/A,,2026-10-15,"DI + 1,64%",DI_MAIS,1.64,0.5977,0.2669,0.3742,0.0648,0.3094,0.439,1071.949099,100.0448,9.0,0.0357,,
2026-10-01,ENGIB7,ENERGISA S/A,,2029-10-20,"DI + 1,65%",DI_MAIS,1.65,0.6632,0.4875,0.6112,0.0256,0.5856,0.6368,1092.324422,102.1277,517.56,2.0538,,
2026-10-01,ENGIB8,ENERGISA S/A,,2028-06-20,"DI + 2,1%",DI_MAIS,2.1,,,0.5448,0.0584,0.4864,0.6033,1068.563016,102.3258,377.83,1.4993,,
2026-10-01,ENGIC3,ENERGISA S/A,,2030-02-25,"DI + 0,8%",DI_MAIS,0.8,0.7236,0.5025,0.6108,0.0557,0.5551,0.6665,1019.524336,100.5186,694.1,2.7544,,
2026-10-01,ENGIC4,ENERGISA S/A,*,2032-09-15,"DI + 0,75%",DI_MAIS,0.75,0.885,0.7317,0.7972,0.0147,0.7825,0.8121,1004.643069,99.8168,986.5,3.9147,50.0,
2026-10-01,ENGIC5,ENERGISA S/A,,2028-10-15,"DI + 1,8%",DI_MAIS,1.8,0.6,0.4855,0.5472,0.0127,0.5345,0.56,1095.047961,102.126,428.72,1.7013,,
2026-10-01,ENGIC6,ENERGISA S/A,,2027-04-15,"DI + 1,5%",DI_MAIS,1.5,0.5325,0.3155,0.4458,0.0636,0.3822,0.5095,1076.268181,100.5122,123.32,0.4894,,
2026-10-01,ENGIC9,ENERGISA S/A,,2028-09-15,"DI + 1,45%",DI_MAIS,1.45,0.6106,0.488,0.55,0.0138,0.5363,0.5639,1022.649701,101.5723,441.4,1.7516,,
2026-10-01,ENGID3,ENERGISA S/A,,2032-02-25,"DI + 0,95%",DI_MAIS,0.95,0.8239,0.5733,0.6989,0.0799,0.619,0.7789,1024.207375,100.9649,972.65,3.8597,,
2026-10-01,ENMTA8,ENERGISA MATO GROSSO - DISTRIBUIDORA DE ENERGIA S.A.,,2029-04-15,"DI + 0,75%",DI_MAIS,0.75,0.6006,0.421,0.5089,0.0433,0.4657,0.5523,1072.388653,100.4953,519.87,2.063,,
2026-10-01,ENMTB0,ENERGISA MATO GROSSO - DISTRIBUIDORA DE ENERGIA S.A.,,2029-09-04,"DI + 0,8%",DI_MAIS,0.8,0.7353,0.4762,0.6094,0.0474,0.562,0.6569,1014.531765,100.466,619.11,2.4568,,
2026-10-01,ENMTB2,ENERGISA MATO GROSSO - DISTRIBUIDORA DE ENERGIA S.A.,,2029-12-15,"DI + 0,8%",DI_MAIS,0.8,0.7125,0.5437,0.6261,0.0146,0.6115,0.6408,1048.006213,100.4427,644.87,2.559,,
2026-10-01,ENMTC2,ENERGISA MATO GROSSO - DISTRIBUIDORA DE ENERGIA S.A.,,2031-12-15,"DI + 0,95%",DI_MAIS,0.95,0.7619,0.5325,0.659,0.0622,0.5967,0.7213,1054.164329,100.987,858.34,3.4061,,
2026-10-01,ENMTC3,ENERGISA MATO GROSSO - DISTRIBUIDORA DE ENERGIA S.A.,,2030-03-25,"DI + 0,75%",DI_MAIS,0.75,0.7045,0.4496,0.5951,0.0615,0.5336,0.6568,1006.527918,100.4367,713.79,2.8325,,
2026-10-01,EQMAA1,EQUATORIAL MARANHAO DISTRIBUIDORA DE ENERGIA S.A,*,2030-05-15,"DI + 0,95%",DI_MAIS,0.95,0.7593,0.5181,0.6242,0.0279,0.5963,0.6522,1063.071044,100.6831,531.13,2.1077,,
2026-10-01,EQPA17,EQUATORIAL PARA DISTRIBUIDORA DE ENERGIA S.A.,*,2030-08-05,"DI + 0,95%",DI_MAIS,0.95,0.7589,0.5174,0.6595,0.0412,0.6184,0.7008,1029.234074,100.6757,589.22,2.3382,50.0,
2026-10-01,EQPAA0,EQUATORIAL PARA DISTRIBUIDORA DE ENERGIA S.A.,*,2032-09-15,"DI + 0,65%",DI_MAIS,0.65,0.8843,0.65,0.744,0.0368,0.7072,0.7809,1003.074249,99.6656,903.84,3.5867,10.0,
2026-10-01,EQTL17,EQUATORIAL ENERGIA S.A,*,2030-03-15,"DI + 0,72%",DI_MAIS,0.72,0.7,0.5,0.6167,0.0454,0.5713,0.6622,1008.636944,100.215,527.56,2.0935,,
2026-10-01,ERDVA3,ECORODOVIAS CONCESSÕES E SERVIÇOS S/A,*,2028-10-15,"DI + 1,85%",DI_MAIS,1.85,1.8,1.1871,1.6038,0.1666,1.4372,1.7705,1075.902817,100.3176,330.27,1.3106,,
2026-10-01,ERDVA6,ECORODOVIAS CONCESSÕES E SERVIÇOS S/A,*,2031-07-15,"DI + 1,2%",DI_MAIS,1.2,0.9259,0.7,0.8151,0.0216,0.7935,0.8368,1043.011328,101.1112,731.65,2.9034,,
2026-10-01,ERDVB3,ECORODOVIAS CONCESSÕES E SERVIÇOS S/A,*,2030-10-15,"DI + 2,35%",DI_MAIS,2.35,1.3966,1.1,1.2554,0.0687,1.1867,1.3242,1101.999002,102.5174,584.61,2.3199,,
2026-10-01,ESCEA3,EDP ESPIRITO SANTO DISTRIBUICAO DE ENERGIA SA,*,2028-02-19,"DI + 0,9%",DI_MAIS,0.9,0.8573,0.2402,0.5502,0.0066,0.5436,0.5569,1019.541207,100.2883,209.03,0.8295,,
2026-10-01,ESCEA4,EDP ESPIRITO SANTO DISTRIBUICAO DE ENERGIA SA,*,2029-08-28,"DI + 0,49%",DI_MAIS,0.49,0.55,0.25,0.4265,0.0432,0.3833,0.4699,760.039151,100.106,422.26,1.6756,,
2026-10-01,ESCEA6,EDP ESPIRITO SANTO DISTRIBUICAO DE ENERGIA SA,*,2030-06-11,"DI + 0,5%",DI_MAIS,0.5,0.65,0.356,0.5281,0.0407,0.4874,0.569,1042.850997,99.929,640.49,2.5416,,
2026-10-01,ESCEB4,EDP ESPIRITO SANTO DISTRIBUICAO DE ENERGIA SA,*,2031-08-28,"DI + 0,56%",DI_MAIS,0.56,0.6,0.3,0.4695,0.0358,0.4337,0.5053,845.433988,100.2118,592.32,2.3505,,
2026-10-01,ESCEB6,EDP ESPIRITO SANTO DISTRIBUICAO DE ENERGIA SA,*,2032-06-11,"DI + 0,58%",DI_MAIS,0.58,0.75,0.45,0.6058,0.0121,0.5937,0.618,1042.872199,99.9061,923.18,3.6634,,
2026-10-01,ESSDA2,ENERGISA SUL-SUDESTE - DISTRIBUICAO DE ENERGIA S.A,,2029-09-04,"DI + 0,8%",DI_MAIS,0.8,0.7423,0.4846,0.6174,0.0474,0.5699,0.6649,1014.333601,100.4463,619.1,2.4567,,
2026-10-01,EUFA17,EUROFARMA LABORATÓRIOS S/A,*;**,2031-03-18,"DI + 1,3%",DI_MAIS,1.3,1.2883,1.15,1.2207,0.016,1.2047,1.2368,1007.221905,100.2167,696.76,2.7649,45.0,
2026-10-01,EUFA18,EUROFARMA LABORATÓRIOS S/A,*;**,2028-09-11,"DI + 0,93%",DI_MAIS,0.93,1.1,0.8,0.9605,0.0197,0.9409,0.9803,1007.156817,99.9474,438.96,1.7419,,
2026-10-01,EUFA19,EUROFARMA LABORATÓRIOS S/A,*;**,2031-12-16,"DI + 0,95%",DI_MAIS,0.95,,,1.3407,0.2175,1.1232,1.5583,1030.790696,98.8043,783.65,3.1097,,
2026-10-01,FENS12,FERROVIA NORTE SUL S/A,*,2031-03-22,"DI + 0,75%",DI_MAIS,0.75,0.6,0.3076,0.4876,0.0702,0.4174,0.5579,1073.670495,100.846,814.83,3.2335,35.0,
2026-10-01,FISI15,FISIA COMERCIO DE PRODUTOS ESPORTIVOS S.A.,*,2030-07-15,"DI + 0,85%",DI_MAIS,0.85,1.3592,1.1183,1.229,0.0478,1.1813,1.2769,1022.004984,99.1498,573.15,2.2744,,
2026-10-01,FLCLA4,ENERGISA MINAS RIO - DISTRIBUIDORA DE ENERGIA S.A.,,2027-08-22,"DI + 1,6%",DI_MAIS,1.6,0.6108,0.4027,0.5167,0.0617,0.4551,0.5785,512.473272,100.9124,213.53,0.8473,,
2026-10-01,FLCLA8,ENERGISA MINAS RIO - DISTRIBUIDORA DE ENERGIA S.A.,,2029-12-15,"DI + 0,8%",DI_MAIS,0.8,,,,,,,,,,,,
2026-10-01,FLRY18,FLEURY S/A,*,2028-10-23,"DI + 1,23%",DI_MAIS,1.23,0.8,0.409,0.6395,0.1001,0.5394,0.7397,1074.701388,100.7874,338.13,1.3418,,
2026-10-01,FLRY19,FLEURY S/A,*,2029-05-17,"DI + 0,55%",DI_MAIS,0.55,0.5,0.3,0.4015,0.0233,0.3782,0.4249,1056.450291,100.2648,450.92,1.7894,,
2026-10-01,FLRY27,FLEURY S/A,*,2029-04-22,"DI + 1,55%",DI_MAIS,1.55,1.2,0.6549,0.919,0.0132,0.9058,0.9323,1082.251811,101.2921,519.56,2.0617,10.0,
2026-10-01,FLRY29,FLEURY S/A,*,2031-05-17,"DI + 0,67%",DI_MAIS,0.67,0.75,0.3275,0.5874,0.0721,0.5153,0.6596,1056.795773,100.252,772.84,3.0668,10.0,
2026-10-01,FLRYA0,FLEURY S/A,*,2029-10-21,"DI + 0,45%",DI_MAIS,0.45,0.6,0.2221,0.4545,0.0663,0.3882,0.521,1063.141764,99.9907,524.91,2.083,,
2026-10-01,FLRYA1,FLEURY S/A,*,2031-08-10,"DI + 0,42%",DI_MAIS,0.42,0.65,0.3611,0.502,0.0053,0.4966,0.5074,1012.194595,99.7285,839.16,3.33,,
2026-10-01,FLRYB0,FLEURY S/A,*,2031-10-21,"DI + 0,55%",DI_MAIS,0.55,0.6928,0.4,0.5607,0.032,0.5286,0.5928,1063.344476,99.9651,826.1,3.2782,,
2026-10-01,FRAS15,FRAS-LE S/A,*;**,2031-12-20,"DI + 1,22%",DI_MAIS,1.22,1.4339,0.6795,1.0713,0.0788,0.9924,1.1502,1047.307793,100.5387,921.51,3.6568,,
2026-10-01,FRAS16,FRAS-LE S/A,*,2030-10-25,"DI + 0,75%",DI_MAIS,0.75,1.5,0.6369,1.005,0.0252,0.9799,1.0303,1054.763035,99.2403,759.65,3.0145,,
2026-10-01,GGBRA7,GERDAU S/A,*,2029-05-29,"DI + 0,6%",DI_MAIS,0.6,0.5,0.2352,0.3804,0.0217,0.3587,0.4022,1053.607968,100.479,551.26,2.1875,,
2026-10-01,GGBRA8,GERDAU S/A,*,2028-12-10,"DI + 0,5%",DI_MAIS,0.5,0.47,0.334,0.4062,0.0115,0.3947,0.4178,1045.996059,100.1749,471.52,1.8711,,
2026-10-01,GGBRA9,GERDAU S/A,*,2032-06-04,"DI + 0,65%",DI_MAIS,0.65,0.7,0.3192,0.5,0.0041,0.4959,0.5041,1052.50532,100.5815,980.51,3.8909,,
2026-10-01,GRRB16,AGUAS GUARIROBA S/A,*,2029-08-12,"DI + 0,95%",DI_MAIS,0.95,4.0,0.5,2.2515,0.0047,2.2468,2.2563,988.844164,96.994,599.36,2.3784,,
2026-10-01,GSHC15,GSH CORP PARTICIPACOES S.A.,*,2029-04-22,"DI + 1,7%",DI_MAIS,1.7,,1.25,1.3822,0.1191,1.2631,1.5013,1073.518065,100.4082,328.28,1.3027,,
2026-10-01,GSHC17,GSH CORP PARTICIPACOES S.A.,*,2030-09-15,"DI + 2,5%",DI_MAIS,2.5,3.3271,2.6208,2.8536,0.1629,2.6908,3.0166,1000.956745,99.369,462.67,1.836,,
2026-10-01,GUAR17,GUARARAPES CONFECCOES S/A,*,2028-10-15,"DI + 0,95%",DI_MAIS,0.95,1.15,0.8802,1.0063,0.0373,0.969,1.0437,1067.299506,99.9264,332.96,1.3213,,
2026-10-01,HAPV15,HAPVIDA PARTICIPACOES E INVESTIMENTOS S/A,*,2030-01-27,"DI + 1,75%",DI_MAIS,1.75,11.958,8.7566,10.2438,0.4791,9.7647,10.7229,847.256631,81.4546,633.04,2.5121,,
2026-10-01,HAPV17,HAPVIDA PARTICIPACOES E INVESTIMENTOS S/A,*;**,2031-05-10,"DI + 1,6%",DI_MAIS,1.6,12.0436,9.0,10.4824,0.4493,10.0331,10.9318,851.924583,80.2945,640.47,2.5415,35.0,
2026-10-01,HAPV18,HAPVIDA PARTICIPACOES E INVESTIMENTOS S/A,*,2031-10-15,"DI + 1,1%",DI_MAIS,1.1,11.5443,8.1912,9.8298,0.1941,9.6356,10.024,810.672511,75.8472,804.98,3.1944,,
2026-10-01,HAPV19,HAPVIDA PARTICIPACOES E INVESTIMENTOS S/A,*,2032-05-16,"DI + 1,05%",DI_MAIS,1.05,11.1185,8.708,9.8606,0.1924,9.6682,10.0531,779.886842,73.8772,868.12,3.4449,10.0,
2026-10-01,HAPV28,HAPVIDA PARTICIPACOES E INVESTIMENTOS S/A,*,2032-10-15,"DI + 1,2%",DI_MAIS,1.2,11.2407,8.2224,9.5819,0.517,9.0649,10.099,795.875967,74.4287,884.46,3.5098,,
2026-10-01,HAPVA0,HAPVIDA PARTICIPACOES E INVESTIMENTOS S/A,*,2033-10-15,"DI + 1,05%",DI_MAIS,1.05,11.0734,8.8361,9.9098,0.3253,9.5845,10.2352,771.892363,72.2355,911.98,3.619,,
2026-10-01,HBSA14,HIDROVIAS DO BRASIL S.A.,*;**,2028-06-11,"DI + 0,5%",DI_MAIS,0.5,0.75,0.3514,0.55,0.0,0.55,0.55,1042.816755,99.9257,376.64,1.4946,,
2026-10-01,HBSA24,HIDROVIAS DO BRASIL S.A.,*;**,2031-06-11,"DI + 0,75%",DI_MAIS,0.75,0.75,0.4904,0.6024,0.0047,0.5977,0.6071,1049.637208,100.5009,859.35,3.4101,,
2026-10-01,HGLB13,HIGHLINE DO BRASIL II INFRAESTRUTURA DE TELECOMUNICACOES S.A,*;**,2034-10-15,DI + 3%,DI_MAIS,3.0,,,2.8185,0.1318,2.6867,2.9504,1084.042996,100.6064,864.94,3.4323,,
2026-10-01,HSPE15,HOSPITAL ESPERANÇA S/A,*,2034-11-25,"DI + 1,35%",DI_MAIS,1.35,1.3566,1.15,1.2297,0.0708,1.159,1.3006,1059.65312,100.5603,1186.86,4.7098,,
2026-10-01,HYPEA6,HYPERA S/A,*,2028-10-10,"DI + 1,35%",DI_MAIS,1.35,0.8909,0.4592,0.6842,0.0711,0.6131,0.7555,1081.226344,100.8641,329.29,1.3067,,
2026-10-01,HYPEA7,HYPERA S/A,*,2028-12-15,"DI + 1,3%",DI_MAIS,1.3,0.8551,0.5238,0.6908,0.0498,0.6409,0.7407,1054.345754,100.8976,373.61,1.4826,,
2026-10-01,HYPEA8,HYPERA S/A,*,2029-05-03,"DI + 0,85%",DI_MAIS,0.85,0.6071,0.3112,0.4756,0.0431,0.4325,0.5189,1067.760799,100.6505,439.56,1.7443,10.0,
2026-10-01,HYPEA9,HYPERA S/A,*,2030-01-15,"DI + 0,9%",DI_MAIS,0.9,0.65,0.3471,0.5107,0.0183,0.4924,0.5291,1040.07334,100.8917,579.12,2.2981,,
2026-10-01,HYPEB1,HYPERA S/A,*,2030-12-15,"DI + 0,85%",DI_MAIS,0.85,0.7674,0.5,0.6272,0.0225,0.6047,0.6497,1050.841713,100.6992,794.44,3.1525,35.0,
2026-10-01,HYPEC0,HYPERA S/A,*,2030-08-15,"DI + 0,75%",DI_MAIS,0.75,0.6957,0.45,0.5636,0.0297,0.5339,0.5934,1022.677916,100.5049,685.56,2.7205,,
2026-10-01,IEAS11,INTERLIGACAO ELETRICA AIMORES S.A,*;**,2030-06-15,"DI + 0,5%",DI_MAIS,0.5,0.9,0.6,0.752,0.0053,0.7466,0.7574,1034.961421,99.2828,723.8,2.8722,,
2026-10-01,IEPS11,INTERLIGACAO ELETRICA PARAGUACU S.A,*,2030-06-15,"DI + 0,5%",DI_MAIS,0.5,0.9,0.6,0.752,0.0053,0.7466,0.7574,1034.961421,99.2828,723.8,2.8722,,
2026-10-01,IGTAA3,IGUATEMI EMPRESA DE SHOPPING CENTERS S/A,*;**,2030-09-20,"DI + 0,45%",DI_MAIS,0.45,0.6,0.3389,0.4568,0.0124,0.4445,0.4693,1004.021087,99.9808,712.94,2.8291,,
2026-10-01,IGTAB0,IGUATEMI EMPRESA DE SHOPPING CENTERS S/A,,2027-09-28,"DI + 2,45%",DI_MAIS,2.45,0.4,0.19,0.2823,0.0215,0.2607,0.3039,511.127116,102.0404,238.06,0.9447,,
2026-10-01,INEL12,INSPIRALI EDUCACAO S/A,*,2029-05-15,"DI + 1,65%",DI_MAIS,1.65,1.4091,1.1,1.2574,0.0241,1.2334,1.2816,1064.276981,100.5295,344.27,1.3662,10.0,
2026-10-01,IOCHA3,IOCHPE-MAXION S/A,*;**,2030-04-02,"DI + 1,6%",DI_MAIS,1.6,1.3774,1.2253,1.2834,0.0482,1.2352,1.3317,1083.123179,100.6175,497.5,1.9742,15.0,
2026-10-01,IOCHA4,IOCHPE-MAXION S/A,*;**,2028-10-10,"DI + 1,35%",DI_MAIS,1.35,1.3239,1.0859,1.1791,0.0498,1.1293,1.229,1074.325682,100.2204,328.82,1.3048,,
2026-10-01,IOCHA5,IOCHPE-MAXION S/A,*;**,2030-02-05,"DI + 1,55%",DI_MAIS,1.55,1.4268,1.2112,1.3011,0.0461,1.255,1.3473,1029.174508,100.5752,589.2,2.3381,,
2026-10-01,IOCHA6,IOCHPE-MAXION S/A,*;**,2030-06-04,"DI + 1,45%",DI_MAIS,1.45,1.4574,1.241,1.3158,0.0749,1.2409,1.3907,1052.612313,100.3298,627.04,2.4883,,
2026-10-01,IOCHA7,IOCHPE-MAXION S/A,*,2030-07-07,"DI + 1,6%",DI_MAIS,1.6,1.4408,1.2106,1.3037,0.0318,1.2719,1.3356,1044.849285,100.8457,727.16,2.8856,,
2026-10-01,IPIPA6,IPIRANGA PRODUTOS DE PETRÓLEO S/A,*,2030-11-19,"DI + 0,6%",DI_MAIS,0.6,0.65,0.35,0.5017,0.0044,0.4973,0.5062,1056.151021,100.2733,703.63,2.7922,,
2026-10-01,ISAEB1,ISA ENERGIA BRASIL S.A.,*,2030-01-15,"DI + 0,55%",DI_MAIS,0.55,0.6347,0.4,0.5104,0.0159,0.4945,0.5264,1031.173647,100.1043,667.11,2.6473,35.0,
2026-10-01,ISAEB3,ISA ENERGIA BRASIL S.A.,*,2030-07-15,"DI + 0,42%",DI_MAIS,0.42,0.5875,0.3,0.445,0.0303,0.4147,0.4754,1029.049698,99.9263,745.85,2.9597,,
2026-10-01,ISAEC1,ISA ENERGIA BRASIL S.A.,*,2031-01-15,"DI + 0,6%",DI_MAIS,0.6,0.6454,0.3822,0.5242,0.0585,0.4657,0.5828,1032.735419,100.2451,818.47,3.2479,,
2026-10-01,ISAED1,ISA ENERGIA BRASIL S.A.,*,2035-01-15,"DI + 0,84%",DI_MAIS,0.84,0.7213,0.4798,0.5982,0.0049,0.5933,0.6032,1042.490754,101.1394,1191.5,4.7282,50.0,
2026-10-01,ISPE12,IGUA SERGIPE S.A.,*,2029-06-01,"DI + 2,5%",DI_MAIS,2.5,2.85,2.1614,2.5,0.0,2.5,2.5,1054.713527,100.0,539.22,2.1398,,
2026-10-01,ISPE13,IGUA SERGIPE S.A.,*,2029-06-01,"DI + 2,5%",DI_MAIS,2.5,2.85,2.35,2.5825,0.0536,2.529,2.6362,1052.899555,99.828,539.08,2.1392,,
2026-10-01,ITSA17,ITAUSA S/A,*,2034-07-25,"DI + 0,88%",DI_MAIS,0.88,0.6,0.3,0.4588,0.0277,0.4311,0.4865,1046.06178,101.9326,1155.75,4.5863,,
2026-10-01,ITSA18,ITAUSA S/A,*,2035-09-12,"DI + 0,6%",DI_MAIS,0.6,0.6,0.2982,0.4734,0.0357,0.4376,0.5092,1013.214287,100.6211,1240.21,4.9215,15.0,
2026-10-01,JHSFA1,JHSF PARTICIPAÇÕES S/A,,2027-01-21,"DI + 2,75%",DI_MAIS,2.75,0.8735,0.3512,0.6004,0.0568,0.5436,0.6573,230.239266,100.36,42.86,0.1701,,
2026-10-01,JHSFA3,JHSF PARTICIPAÇÕES S/A,*,2027-12-20,"DI + 2,2%",DI_MAIS,2.2,1.415,0.911,1.1599,0.0563,1.1036,1.2163,631.772434,100.6045,148.63,0.5898,,
2026-10-01,JSLGA5,JSL S/A,*,2028-10-20,"DI + 2,7%",DI_MAIS,2.7,3.3067,2.3,2.9133,0.0749,2.8384,2.9884,1072.568922,99.8155,224.12,0.8894,,
2026-10-01,JSMLA5,SIMPAR S.A.,*,2031-01-15,"DI + 3,5%",DI_MAIS,3.5,4.1992,3.7384,3.999,0.0707,3.9284,4.0698,1024.208487,98.8026,630.27,2.5011,,
2026-10-01,KRSA12,KORA SAUDE PARTICIPACOES S.A.,,2030-10-30,"DI + 2,8%",DI_MAIS,2.8,,,,,,,,53.688,,,,
2026-10-01,LCAMC2,COMPANHIA DE LOCAÇÃO DAS AMÉRICAS,*,2031-05-20,"DI + 2,4%",DI_MAIS,2.4,1.7926,1.3955,1.5468,0.0698,1.477,1.6166,1083.798547,102.2767,679.93,2.6981,,
2026-10-01,LETS18,LETS RENT A CAR S/A,*,2031-10-15,"DI + 1,25%",DI_MAIS,1.25,1.3508,1.1533,1.2774,0.0161,1.2612,1.2936,1068.71032,99.9207,738.89,2.9321,,
2026-10-01,LMTP18,LM TRANSPORTES INTERESTADUAIS SERVIÇOS E COMÉRCIOS S.A.,*,2026-12-10,"DI + 1,93%",DI_MAIS,1.93,1.8028,1.2729,1.5167,0.0306,1.486,1.5474,1049.659259,100.0758,47.0,0.1865,,
2026-10-01,LMTP26,LM TRANSPORTES INTERESTADUAIS SERVIÇOS E COMÉRCIOS S.A.,*;**,2027-09-25,"DI + 1,7%",DI_MAIS,1.7,1.65,1.3995,1.5245,0.0148,1.5097,1.5394,1003.933355,100.1628,237.39,0.942,10.0,
2026-10-01,LMTPA0,LM TRANSPORTES INTERESTADUAIS SERVIÇOS E COMÉRCIOS S.A.,*,2029-10-15,"DI + 1,7%",DI_MAIS,1.7,2.0004,1.6777,1.7995,0.0598,1.7397,1.8593,1069.295655,99.7698,593.82,2.3564,,
2026-10-01,LMTPA1,LM TRANSPORTES INTERESTADUAIS SERVIÇOS E COMÉRCIOS S.A.,*,2028-01-17,"DI + 1,5%",DI_MAIS,1.5,1.682,0.8728,1.3053,0.2539,1.0513,1.5593,1033.352165,100.2272,297.84,1.1819,,
2026-10-01,LMTPA2,LM TRANSPORTES INTERESTADUAIS SERVIÇOS E COMÉRCIOS S.A.,*,2028-09-23,"DI + 1,3%",DI_MAIS,1.3,1.9063,1.6,1.7226,0.0665,1.656,1.7892,995.971858,99.2637,447.24,1.7748,,
2026-10-01,LMTPB1,LM TRANSPORTES INTERESTADUAIS SERVIÇOS E COMÉRCIOS S.A.,*,2030-01-17,"DI + 1,7%",DI_MAIS,1.7,2.6224,0.9954,1.8383,0.1183,1.72,1.9568,1027.78423,99.6459,657.66,2.6098,15.0,
2026-10-01,LMTPB2,LM TRANSPORTES INTERESTADUAIS SERVIÇOS E COMÉRCIOS S.A.,*,2030-09-23,"DI + 1,5%",DI_MAIS,1.5,,,,,,,,,,,,
2026-10-01,LOGGB1,LOG COMMERCIAL PROPERTIES E PARTICIPAÇÕES S/A,*,2027-07-11,"DI + 1,65%",DI_MAIS,1.65,1.3,0.7453,0.9727,0.0476,0.9251,1.0204,129.851197,100.4877,183.41,0.7278,,
2026-10-01,LORTB2,LOCALIZA RENT A CAR,*,2028-12-05,"DI + 1,87%",DI_MAIS,1.87,1.4,1.1,1.2818,0.0573,1.2245,1.3392,1061.771058,101.0652,461.36,1.8308,,
2026-10-01,LVTC12,LIVETECH DA BAHIA INDUSTRIA E COMERCIO S/A,*;**,2027-06-15,"DI + 2,3%",DI_MAIS,2.3,2.6362,2.2182,2.3702,0.1256,2.2446,2.4959,419.121025,99.9709,106.94,0.4244,,
2026-10-01,LVTC22,LIVETECH DA BAHIA INDUSTRIA E COMERCIO S/A,*,2029-06-15,"DI + 2,7%",DI_MAIS,2.7,5.9426,5.4079,5.616,0.1116,5.5044,5.7277,675.902101,96.6214,306.92,1.2179,,
2026-10-01,MATD12,HOSPITAL MATER DEI S.A.,*,2031-05-15,"DI + 0,95%",DI_MAIS,0.95,0.8518,0.512,0.684,0.0466,0.6374,0.7306,1064.374622,100.8065,767.93,3.0473,,
2026-10-01,MATD13,HOSPITAL MATER DEI S.A.,*,2032-07-18,"DI + 1,1%",DI_MAIS,1.1,0.8017,0.581,0.7116,0.0162,0.6954,0.7279,1044.466367,101.447,942.16,3.7387,10.0,
2026-10-01,MDRO18,MADERO INDUSTRIA E COMERCIO S.A.,*;**,2030-11-25,"DI + 2,25%",DI_MAIS,2.25,3.8877,1.8845,2.1838,0.2016,1.9822,2.3854,1058.773675,100.1566,608.96,2.4165,,
2026-10-01,MEAL14,INTERNATIONAL MEAL COMPANY ALIMENTAÇÃO S.A.,*;**,2028-10-11,"DI + 4,2%",DI_MAIS,4.2,,,4.5597,0.0907,4.469,4.6506,609.263592,99.7058,215.19,0.8539,,
2026-10-01,MGLUA0,MAGAZINE LUIZA S/A,*,2026-10-15,"DI + 1,25%",DI_MAIS,1.25,1.9888,1.527,1.7372,0.0487,1.6885,1.7861,534.687649,99.9829,9.0,0.0357,,
2026-10-01,MILS18,MILLS ESTR. E SERVIÇOS DE ENGENHARIA S/A,*,2030-01-10,DI + 2%,DI_MAIS,2.0,1.0964,0.8,0.9457,0.1025,0.8432,1.0483,1055.742494,101.9848,477.76,1.8959,,
2026-10-01,MILS19,MILLS ESTR. E SERVIÇOS DE ENGENHARIA S/A,*,2029-06-20,"DI + 1,3%",DI_MAIS,1.3,1.25,0.7642,1.0015,0.0047,0.9968,1.0063,1047.688167,100.5525,470.71,1.8679,,
2026-10-01,MILS29,MILLS ESTR. E SERVIÇOS DE ENGENHARIA S/A,*,2032-06-20,"DI + 1,4%",DI_MAIS,1.4,1.5141,1.0251,1.228,0.0996,1.1284,1.3277,1048.197622,100.5731,848.8,3.3683,,
2026-10-01,MILSA0,MILLS ESTR. E SERVIÇOS DE ENGENHARIA S/A,*,2029-11-25,"DI + 1,15%",DI_MAIS,1.15,1.1,0.5356,0.8339,0.1113,0.7226,0.9453,1060.114776,100.6759,542.68,2.1535,,
2026-10-01,MILSA1,MILLS ESTR. E SERVIÇOS DE ENGENHARIA S/A,*,2030-08-19,"DI + 0,9%",DI_MAIS,0.9,1.1,0.5426,0.8236,0.0907,0.7328,0.9144,1018.708463,100.2064,686.15,2.7228,,
2026-10-01,MILSB0,MILLS ESTR. E SERVIÇOS DE ENGENHARIA S/A,*,2032-11-25,"DI + 1,3%",DI_MAIS,1.3,1.3,1.0,1.15,0.0,1.15,1.15,1059.11528,100.5272,894.83,3.5509,,
2026-10-01,MNLT11,MNLT S.A.,,2026-10-15,"DI + 1,75%",DI_MAIS,1.75,1.1684,0.6151,0.8585,0.0652,0.7933,0.9238,1072.344645,100.0314,9.0,0.0357,10.0,
2026-10-01,MNRVA1,MINERVA S/A,*;**,2026-10-15,"DI + 1,6%",DI_MAIS,1.6,1.936,1.6811,1.7774,0.1026,1.6749,1.8801,1071.206894,99.9938,9.0,0.0357,,
2026-10-01,MOVI27,MOVIDA PARTICIPACOES S/A,*;**,2029-09-15,"DI + 2,9%",DI_MAIS,2.9,2.2907,1.4295,1.8966,0.1908,1.7058,2.0875,1024.344294,101.6719,427.26,1.6955,,
2026-10-01,MOVI34,MOVIDA PARTICIPACOES S/A,*;**,2027-07-27,"DI + 2,05%",DI_MAIS,2.05,,,1.2285,0.1122,1.1163,1.3408,344.95472,100.6246,194.16,0.7705,,
2026-10-01,MOVIA2,MOVIDA PARTICIPACOES S/A,*,2026-10-15,"DI + 2,1%",DI_MAIS,2.1,,,1.4097,0.1962,1.2135,1.606,536.989159,100.0242,9.0,0.0357,,
2026-10-01,MOVIA3,MOVIDA PARTICIPACOES S/A,*,2027-03-05,"DI + 2,5%",DI_MAIS,2.5,2.0513,1.7195,1.9184,0.0658,1.8526,1.9843,1012.788005,100.2351,104.0,0.4127,50.0,
2026-10-01,MRFGA1,MARFRIG GLOBAL FOODS S.A.,*;**,2027-11-11,"DI + 1,55%",DI_MAIS,1.55,1.4912,1.0,1.1918,0.0907,1.1012,1.2826,1062.863586,100.1954,139.3,0.5528,,
2026-10-01,MTRO12,COMPANHIA DO METROPOLITANO DE SAO PAULO,,2027-04-25,"DI + 4,5%",DI_MAIS,4.5,1.1156,0.75,0.9179,0.0997,0.8182,1.0177,168.870595,101.0464,75.32,0.2989,10.0,
2026-10-01,MULPA0,MULTIPLAN EMPREENDIMENTOS IMOBILIÁRIOS S/A,*;**,2028-10-15,"DI + 1,3%",DI_MAIS,1.3,0.6978,0.5112,0.6151,0.0587,0.5564,0.6739,1076.296781,100.6069,225.29,0.894,5.0,
2026-10-01,MULPB1,MULTIPLAN EMPREENDIMENTOS IMOBILIÁRIOS S/A,*;**,2028-01-10,"DI + 1,2%",DI_MAIS,1.2,0.7588,0.4535,0.6035,0.0141,0.5894,0.6177,1037.702196,100.4239,180.49,0.7162,,
2026-10-01,MULTA4,MULTIPLAN EMPREENDIMENTOS IMOBILIÁRIOS S/A,*;**,2031-07-03,"DI + 0,65%",DI_MAIS,0.65,0.6341,0.3933,0.4904,0.0491,0.4413,0.5396,1040.137976,100.5087,806.2,3.1992,,
2026-10-01,MULTA5,MULTIPLAN EMPREENDIMENTOS IMOBILIÁRIOS S/A,*;**,2031-10-15,"DI + 0,55%",DI_MAIS,0.55,0.65,0.35,0.5087,0.0159,0.4929,0.5247,1067.423249,100.1223,750.0,2.9762,,
2026-10-01,MULTB5,MULTIPLAN EMPREENDIMENTOS IMOBILIÁRIOS S/A,*;**,2034-10-15,"DI + 0,8%",DI_MAIS,0.8,0.7442,0.5262,0.6371,0.0419,0.5953,0.6791,1074.852289,100.703,1092.86,4.3367,,
2026-10-01,MVLV19,MOVIDA PARTICIPACOES S/A,*,2027-04-05,"DI + 2,95%",DI_MAIS,2.95,2.3,1.8037,2.0878,0.064,2.0238,2.1519,543.490844,100.383,114.56,0.4546,,
2026-10-01,MVLVA1,MOVIDA PARTICIPACOES S/A,*,2027-12-22,"DI + 2,9%",DI_MAIS,2.9,2.3062,1.9979,2.1267,0.014,2.1127,2.1408,701.22217,100.4993,166.6,0.6611,15.0,
2026-10-01,MVLVA3,MOVIDA PARTICIPACOES S/A,*,2027-08-10,"DI + 2,5%",DI_MAIS,2.5,2.3817,1.849,2.1475,0.1157,2.0318,2.2633,1025.761313,100.2791,203.91,0.8092,,
2026-10-01,NATUA3,NATURA COSMÉTICOS S/A,*,2029-06-15,"DI + 1,2%",DI_MAIS,1.2,1.8496,1.6051,1.7263,0.0133,1.713,1.7397,1032.726625,98.8586,557.29,2.2115,,
2026-10-01,NIGP12,NOVA TRANSPORTE DO SUDESTE S.A. - NTS,*,2032-03-24,"DI + 1,9%",DI_MAIS,1.9,1.2,1.049,1.1077,0.0653,1.0424,1.1731,1029.42622,102.6433,844.51,3.3512,,
2026-10-01,NTSD16,NOVA TRANSPORTE DO SUDESTE S.A. - NTS,*,2029-02-15,"DI + 1,2%",DI_MAIS,1.2,0.8576,0.682,0.7854,0.0212,0.7641,0.8067,189.933337,100.8398,513.52,2.0378,,
2026-10-01,NTSD17,NOVA TRANSPORTE DO SUDESTE S.A. - NTS,*,2028-06-20,"DI + 0,8%",DI_MAIS,0.8,0.6,0.3363,0.4776,0.037,0.4406,0.5147,1045.513739,100.4858,381.27,1.513,,
2026-10-01,NTSD18,NOVA TRANSPORTE DO SUDESTE S.A. - NTS,*,2030-11-22,"DI + 0,8%",DI_MAIS,0.8,0.8412,0.5919,0.7205,0.0508,0.6697,0.7714,1054.843169,100.2441,778.73,3.0902,45.0,
2026-10-01,NTSD26,NOVA TRANSPORTE DO SUDESTE S.A. - NTS,*,2031-02-15,"DI + 1,4%",DI_MAIS,1.4,0.95,0.6912,0.833,0.0329,0.8001,0.866,1035.662773,101.6979,757.74,3.0069,,
2026-10-01,NTSD35,NOVA TRANSPORTE DO SUDESTE S.A. - NTS,*,2032-09-13,"DI + 1,85%",DI_MAIS,1.85,1.1698,0.9148,1.0292,0.0332,0.996,1.0625,1036.155019,102.8338,872.81,3.4635,,
2026-10-01,NTSD36,NOVA TRANSPORTE DO SUDESTE S.A. - NTS,*,2034-02-15,"DI + 1,7%",DI_MAIS,1.7,1.11,0.9575,1.0297,0.0351,0.9946,1.0649,1047.386283,102.8105,1060.45,4.2081,,
2026-10-01,NTSDA0,NOVA TRANSPORTE DO SUDESTE S.A. - NTS,*,2031-08-25,"DI + 0,9%",DI_MAIS,0.9,0.7817,0.5379,0.6706,0.0392,0.6314,0.7099,1022.730882,100.8245,909.8,3.6103,35.0,
2026-10-01,NTSDA2,NOVA TRANSPORTE DO SUDESTE S.A. - NTS,*,2031-03-10,"DI + 0,6%",DI_MAIS,0.6,0.7514,0.5,0.6202,0.019,0.6012,0.6393,1001.502227,99.9375,784.23,3.112,5.0,
2026-10-01,OMGE15,OMEGA GERAÇÃO S/A,*;**,2029-06-15,"DI + 1,65%",DI_MAIS,1.65,1.65,1.35,1.5062,0.0118,1.4944,1.5181,1049.334673,100.3123,555.17,2.2031,,
2026-10-01,OMGE16,OMEGA GERAÇÃO S/A,*;**,2030-03-15,"DI + 1,15%",DI_MAIS,1.15,1.7,1.4,1.5341,0.0386,1.4954,1.5728,996.096596,98.949,702.04,2.7859,,
2026-10-01,OMGE17,OMEGA GERAÇÃO S/A,*,2031-02-15,"DI + 0,89%",DI_MAIS,0.89,1.8,1.5,1.6717,0.0228,1.6489,1.6946,992.026494,97.4754,832.97,3.3054,45.0,
2026-10-01,OMGE26,OMEGA GERAÇÃO S/A,*;**,2031-03-15,"DI + 1,25%",DI_MAIS,1.25,1.7512,1.495,1.6282,0.0657,1.5626,1.694,994.153731,98.7513,848.37,3.3665,,
2026-10-01,OMGE27,OMEGA GERAÇÃO S/A,*,2033-02-15,"DI + 1,02%",DI_MAIS,1.02,,,,,,,,,,,,
2026-10-01,ONCO19,ONCOCLINICAS DO BRASIL SERVICOS MEDICOS S.A.,*;**,2027-11-25,"DI + 1,62%",DI_MAIS,1.62,,,,,,,636.001492,60.0,,,,
2026-10-01,ONCO29,ONCOCLINICAS DO BRASIL SERVICOS MEDICOS S.A.,*;**,2029-11-25,"DI + 1,8%",DI_MAIS,1.8,,,,,,,636.42595,60.0,,,,
2026-10-01,OPCT16,OCEANPACT SERVICOS MARITIMOS S.A.,*,2029-12-18,"DI + 2,5%",DI_MAIS,2.5,1.4375,1.1535,1.3022,0.0488,1.2534,1.3511,1027.928414,102.234,474.57,1.8832,,
2026-10-01,OPCT17,OCEANPACT SERVICOS MARITIMOS S.A.,*,2030-07-27,DI + 2%,DI_MAIS,2.0,1.5,1.1707,1.3702,0.0716,1.2986,1.4419,1016.015922,101.423,575.61,2.2842,35.0,
2026-10-01,ORMA16,ORIZON MEIO AMBIENTE S.A.,*,2035-09-15,"DI + 1,45%",DI_MAIS,1.45,1.45,1.0515,1.25,0.0,1.25,1.25,1015.689064,100.881,1121.65,4.451,,
2026-10-01,ORMA17,ORIZON MEIO AMBIENTE S.A.,,2035-12-15,"DI + 1,45%",DI_MAIS,1.45,1.5,1.3,1.4004,0.0014,1.3991,1.4019,1121.897044,100.2003,1031.76,4.0943,,
2026-10-01,OVSAA3,UNIDAS LOCACOES E SERVICOS S.A.,*,2028-07-15,"DI + 2,4%",DI_MAIS,2.4,2.6315,1.7623,2.236,0.0654,2.1706,2.3015,725.536887,100.22,345.53,1.3712,,
2026-10-01,OVSAA8,UNIDAS LOCACOES E SERVICOS S.A.,*,2029-06-10,"DI + 2,7%",DI_MAIS,2.7,2.2668,1.9101,2.1044,0.0571,2.0473,2.1616,1062.525155,101.0607,457.56,1.8157,,
2026-10-01,OVSAA9,UNIDAS LOCACOES E SERVICOS S.A.,*,2029-11-18,"DI + 2,5%",DI_MAIS,2.5,2.55,2.25,2.3949,0.0174,2.3775,2.4124,1063.683152,100.2152,528.21,2.0961,,
2026-10-01,OVSAB0,UNIDAS LOCACOES E SERVICOS S.A.,*,2028-05-16,"DI + 2,3%",DI_MAIS,2.3,2.4508,2.1369,2.2972,0.0454,2.2517,2.3427,1060.649916,100.0038,352.25,1.3978,,
2026-10-01,OVSAB1,UNIDAS LOCACOES E SERVICOS S.A.,*,2032-01-20,"DI + 2,35%",DI_MAIS,2.35,2.5,2.2592,2.3695,0.0437,2.3258,2.4133,1031.514708,99.9353,855.87,3.3963,,
2026-10-01,OZNH11,OZN HEALTH SPE S.A,*,2031-11-26,"DI + 3,5%",DI_MAIS,3.5,2.0094,1.7248,1.8108,0.1089,1.7019,1.9198,924.188245,103.6405,551.68,2.1892,,
2026-10-01,PALFA4,COMPANHIA PAULISTA DE FORÇA E LUZ,*,2027-09-05,"DI + 0,55%",DI_MAIS,0.55,0.4209,0.2309,0.3139,0.0342,0.2796,0.3482,288.670092,100.1231,131.92,0.5235,,
2026-10-01,PALFA5,COMPANHIA PAULISTA DE FORÇA E LUZ,*,2029-09-10,"DI + 0,49%",DI_MAIS,0.49,0.55,0.35,0.4554,0.01,0.4455,0.4655,1008.704518,100.0716,524.0,2.0794,,
2026-10-01,PALFA6,COMPANHIA PAULISTA DE FORÇA E LUZ,*,2030-02-15,"DI + 0,59%",DI_MAIS,0.59,0.6544,0.3441,0.4823,0.0491,0.4331,0.5315,1019.907244,100.2528,594.06,2.3574,10.0,
2026-10-01,PALFA8,COMPANHIA PAULISTA DE FORÇA E LUZ,*,2026-12-19,"DI + 0,3%",DI_MAIS,0.3,0.35,0.1663,0.2791,0.0151,0.264,0.2943,454.743531,100.0045,54.0,0.2143,,
2026-10-01,PASS12,COMPASS GAS E ENERGIA S.A,*,2030-11-01,"DI + 1,55%",DI_MAIS,1.55,1.1181,0.7999,0.9543,0.0147,0.9396,0.9691,1081.025531,101.6048,683.11,2.7108,5.0,
2026-10-01,PASS13,COMPASS GAS E ENERGIA S.A,*,2029-03-15,"DI + 1,08%",DI_MAIS,1.08,0.9127,0.5967,0.7696,0.0711,0.6985,0.8408,1013.224933,100.6538,534.06,2.1193,,
2026-10-01,PASS14,COMPASS GAS E ENERGIA S.A,*,2030-06-01,"DI + 0,65%",DI_MAIS,0.65,0.8964,0.65,0.7697,0.05,0.7197,0.8199,1044.659553,99.6643,712.68,2.8281,35.0,
2026-10-01,PASS24,COMPASS GAS E ENERGIA S.A,*;**,2032-06-01,"DI + 0,7%",DI_MAIS,0.7,,,,,,,,,,,,
2026-10-01,PEJA21,PRIO FORTE S.A,*,2027-08-15,"DI + 2,05%",DI_MAIS,2.05,1.322,0.7569,1.0177,0.079,0.9387,1.0968,1027.797877,100.8437,208.26,0.8264,,
2026-10-01,PFOR15,PRIO FORTE S.A,*,2030-02-20,"DI + 1,2%",DI_MAIS,1.2,1.3033,1.15,1.2172,0.0601,1.1571,1.2774,1015.983879,99.9594,601.44,2.3867,,
2026-10-01,PFOR16,PRIO FORTE S.A,*,2030-07-15,"DI + 1,45%",DI_MAIS,1.45,1.355,1.15,1.2354,0.0515,1.184,1.287,1037.808333,100.5527,656.18,2.6039,10.0,
2026-10-01,PFOR25,PRIO FORTE S.A,*,2032-02-20,"DI + 1,35%",DI_MAIS,1.35,1.5047,1.1504,1.306,0.1372,1.1689,1.4433,1018.140429,100.1545,896.35,3.5569,,
2026-10-01,PFOR26,PRIO FORTE S.A,*,2032-07-15,"DI + 1,6%",DI_MAIS,1.6,1.4586,1.2482,1.3672,0.0345,1.3327,1.4018,1041.184108,100.8472,927.74,3.6815,45.0,
2026-10-01,PGMN18,EMPREENDIMENTOS PAGUE MENOS S/A,*,2029-06-25,"DI + 1,6%",DI_MAIS,1.6,,,1.9255,0.0556,1.8699,1.9811,1033.578421,99.2896,561.42,2.2279,,
2026-10-01,PLSB2A,AUTOPISTA LITORAL SUL S/A.,*,2028-10-15,"DI + 1,55%",DI_MAIS,1.55,1.5,1.009,1.2685,0.0443,1.2242,1.3129,869.926714,100.2759,250.26,0.9931,,
2026-10-01,PRLG17,PROLAGOS S/A - C.S.PUBL. DE ÁGUA E ESGOTO,*,2030-04-10,"DI + 1,2%",DI_MAIS,1.2,1.1678,0.9425,1.0046,0.0587,0.9459,1.0633,1076.734651,100.516,671.41,2.6643,,
2026-10-01,PSAN13,PARSAN S.A.,*;**,2030-03-18,"DI + 2,3%",DI_MAIS,2.3,2.7,2.0,2.35,0.0,2.35,2.35,1004.204078,99.8814,611.9,2.4282,,
2026-10-01,PSAN23,PARSAN S.A.,*,2030-03-18,"DI + 2,7%",DI_MAIS,2.7,2.6,2.1,2.3467,0.016,2.3307,2.3628,1015.079976,100.9491,691.21,2.7429,,
2026-10-01,QUAL16,QUALICORP S/A,*;**,2027-06-03,"DI + 1,85%",DI_MAIS,1.85,4.5,2.7447,3.5746,0.085,3.4897,3.6597,260.067268,98.9648,156.14,0.6196,,
2026-10-01,QUAL17,QUALICORP S/A,*;**,2028-03-15,"DI + 3,5%",DI_MAIS,3.5,,,,,,,,,,,,
2026-10-01,QUAL18,QUALICORP S/A,*,2029-10-15,"DI + 2,5%",DI_MAIS,2.5,7.9976,4.0,5.3222,1.0124,4.3098,6.3347,1030.983599,95.8458,391.2,1.5524,,
2026-10-01,QUNT11,QUANTUM PARTICIPACOES S.A.,*;**,2031-11-18,DI + 1%,DI_MAIS,1.0,0.95,0.55,0.7698,0.0343,0.7356,0.8042,1062.623402,100.6792,748.38,2.9698,,
2026-10-01,QYAN11,MANTIQUEIRA HOLDING S.A.,*;**,2032-11-18,DI + 1%,DI_MAIS,1.0,0.784,0.55,0.6972,0.0799,0.6173,0.7772,1065.604118,100.9616,804.4,3.1921,35.0,
2026-10-01,RADL15,RAIA DROGASIL S/A,*,2029-01-25,"DI + 1,49%",DI_MAIS,1.49,0.8,0.4405,0.6324,0.0225,0.6099,0.655,1041.364658,101.3609,401.8,1.5944,,
2026-10-01,RADL19,RAIA DROGASIL S/A,*,2031-04-22,"DI + 0,65%",DI_MAIS,0.65,0.6,0.333,0.4644,0.0218,0.4426,0.4863,1070.093749,100.5548,755.85,2.9994,,
2026-10-01,RADLA0,RAIA DROGASIL S/A,*,2032-04-15,"DI + 0,6%",DI_MAIS,0.6,0.6614,0.3617,0.5065,0.013,0.4935,0.5196,1069.850673,100.3269,884.74,3.5109,,
2026-10-01,RADLA1,RAIA DROGASIL S/A,*,2032-11-10,"DI + 0,44%",DI_MAIS,0.44,0.65,0.3803,0.5098,0.0242,0.4855,0.5341,1053.322896,99.7344,964.54,3.8275,,
2026-10-01,RAIZ14,RAIZEN S.A.,*,2030-07-15,"DI + 1,3%",DI_MAIS,1.3,,,,,,,501.896489,49.0833,,,,
2026-10-01,RDORA5,REDE DOR SÃO LUIZ S/A,*,2032-10-15,DI + 2%,DI_MAIS,2.0,1.3,1.05,1.1734,0.0358,1.1377,1.2093,1107.333845,103.1777,973.82,3.8644,,
2026-10-01,RDORB3,REDE DOR SÃO LUIZ S/A,*;**,2032-05-15,"DI + 1,9%",DI_MAIS,1.9,1.0915,0.8958,0.9783,0.0177,0.9606,0.9961,1091.34296,102.9887,820.03,3.2541,10.0,
2026-10-01,RDORB5,REDE DOR SÃO LUIZ S/A,*,2032-10-15,"DI + 1,95%",DI_MAIS,1.95,1.2506,0.8505,1.035,0.0233,1.0117,1.0584,1108.756095,103.3337,921.34,3.6561,,
2026-10-01,RDORB9,REDE DOR SÃO LUIZ S/A,*,2031-08-20,"DI + 1,9%",DI_MAIS,1.9,1.05,0.9,0.9868,0.017,0.9698,1.0039,1044.796377,102.7127,751.28,2.9813,45.0,
2026-10-01,RDORC3,REDE DOR SÃO LUIZ S/A,*;**,2032-05-15,"DI + 1,9%",DI_MAIS,1.9,1.145,0.9255,1.0505,0.0602,0.9903,1.1108,1088.808381,102.7495,819.51,3.252,35.0,
2026-10-01,RDORC4,REDE DOR SÃO LUIZ S/A,*,2027-09-15,"DI + 0,65%",DI_MAIS,0.65,0.5121,0.2645,0.3903,0.01,0.3803,0.4004,1008.815536,100.2361,229.99,0.9127,,
2026-10-01,RDORC7,REDE DOR SÃO LUIZ S/A,*,2029-06-20,"DI + 0,79%",DI_MAIS,0.79,0.6,0.395,0.4881,0.0226,0.4655,0.5108,1045.045384,100.4436,372.09,1.4765,,
2026-10-01,RDORC9,REDE DOR SÃO LUIZ S/A,*,2031-08-20,"DI + 1,9%",DI_MAIS,1.9,1.0522,0.9,0.9907,0.0305,0.9602,1.0213,1044.676094,102.7009,751.27,2.9812,10.0,
2026-10-01,RDORD3,REDE DOR SÃO LUIZ S/A,*,2034-05-05,"DI + 1,7%",DI_MAIS,1.7,1.1548,0.9662,1.0484,0.0357,1.0127,1.0842,1094.920044,102.9087,1130.27,4.4852,10.0,
2026-10-01,RDORD4,REDE DOR SÃO LUIZ S/A,*,2031-09-15,"DI + 1,1%",DI_MAIS,1.1,1.0,0.82,0.9191,0.0247,0.8943,0.9439,1013.255748,100.6559,920.43,3.6525,10.0,
2026-10-01,RDORD7,REDE DOR SÃO LUIZ S/A,*,2030-02-20,"DI + 1,7%",DI_MAIS,1.7,1.3187,0.9081,1.0109,0.0707,0.9402,1.0818,1033.529575,101.6281,599.26,2.378,5.0,
2026-10-01,RDORE4,REDE DOR SÃO LUIZ S/A,*,2034-09-15,"DI + 1,3%",DI_MAIS,1.3,1.2466,0.9374,1.0894,0.0777,1.0117,1.1673,1017.007663,101.0191,1229.72,4.8798,45.0,
2026-10-01,RDORF1,REDE DOR SÃO LUIZ S/A,*,2033-06-10,"DI + 0,9%",DI_MAIS,0.9,1.1121,0.8953,1.003,0.0237,0.9792,1.0268,1041.143082,99.5844,1027.91,4.079,,
2026-10-01,RDORF8,REDE DOR SÃO LUIZ S/A,*,2035-11-20,"DI + 1,15%",DI_MAIS,1.15,1.2249,0.95,1.0772,0.0194,1.0578,1.0967,1058.40873,100.3394,1186.68,4.709,10.0,
2026-10-01,RDORG6,REDE DOR SÃO LUIZ S/A,*,2032-08-20,DI + 1%,DI_MAIS,1.0,1.0748,0.8944,0.9837,0.0218,0.962,1.0056,1016.832177,100.0657,1025.32,4.0687,15.0,
2026-10-01,RDORG9,REDE DOR SÃO LUIZ S/A,*,2036-01-10,"DI + 1,3%",DI_MAIS,1.3,1.2285,0.9785,1.1056,0.0094,1.0962,1.1152,1043.190361,100.9321,1219.22,4.8382,,
2026-10-01,RDORH6,REDE DOR SÃO LUIZ S/A,*,2035-08-20,"DI + 1,15%",DI_MAIS,1.15,1.2134,0.9542,1.069,0.0321,1.0369,1.1012,1020.257241,100.3856,1211.39,4.8071,,
2026-10-01,RDORI6,REDE DOR SÃO LUIZ S/A,*,2040-08-20,"DI + 1,55%",DI_MAIS,1.55,1.3476,1.047,1.2036,0.056,1.1476,1.2597,1037.559036,102.0416,1498.41,5.9461,,
2026-10-01,RECV12,PETRORECONCAVO S.A.,*,2029-10-15,"DI + 1,15%",DI_MAIS,1.15,,,0.9043,0.0962,0.8081,1.0006,1074.397469,100.4985,515.5,2.0456,,
2026-10-01,RECV13,PETRORECONCAVO S.A.,*,2032-07-04,"DI + 1,1%",DI_MAIS,1.1,0.9709,0.3793,0.6827,0.075,0.6077,0.7578,1050.231593,101.4286,865.72,3.4354,,
2026-10-01,RENTA5,LOCALIZA RENT A CAR,*,2033-08-11,"DI + 2,35%",DI_MAIS,2.35,1.4236,1.15,1.286,0.024,1.262,1.3101,1064.733669,104.1749,991.91,3.9362,10.0,
2026-10-01,RENTC4,LOCALIZA RENT A CAR,*,2028-11-25,"DI + 1,85%",DI_MAIS,1.85,1.5462,1.1827,1.4195,0.0988,1.3207,1.5184,1063.718901,100.7669,454.74,1.8045,,
2026-10-01,RENTC8,LOCALIZA RENT A CAR,*,2029-02-27,"DI + 1,85%",DI_MAIS,1.85,1.557,1.13,1.3548,0.2311,1.1237,1.586,1024.368387,101.0073,518.42,2.0572,,
2026-10-01,RENTD0,LOCALIZA RENT A CAR,*,2030-12-10,"DI + 1,55%",DI_MAIS,1.55,1.185,0.9223,1.0859,0.0674,1.0185,1.1533,1061.17128,101.2934,707.91,2.8092,35.0,
2026-10-01,RENTD5,LOCALIZA RENT A CAR,*,2031-08-27,"DI + 1,18%",DI_MAIS,1.18,1.2665,0.9424,1.0765,0.0972,0.9794,1.1738,1016.965889,100.3404,837.01,3.3215,35.0,
2026-10-01,RENTD9,LOCALIZA RENT A CAR,*,2030-04-16,"DI + 1,85%",DI_MAIS,1.85,1.5584,1.1429,1.2981,0.0827,1.2155,1.3809,1087.385449,101.4506,668.95,2.6546,,
2026-10-01,RENTE2,LOCALIZA RENT A CAR,*,2030-05-20,"DI + 1,2%",DI_MAIS,1.2,1.1831,0.984,1.0835,0.0924,0.991,1.176,1058.391076,100.3192,697.48,2.7678,,
2026-10-01,RENTE3,LOCALIZA RENT A CAR,*,2031-07-17,"DI + 1,2%",DI_MAIS,1.2,1.2309,1.0131,1.1254,0.0589,1.0665,1.1844,1032.577281,100.2144,732.03,2.9049,40.0,
2026-10-01,RENTE4,LOCALIZA RENT A CAR,*,2032-08-01,"DI + 1,3%",DI_MAIS,1.3,1.3023,1.05,1.2035,0.0368,1.1668,1.2404,1027.480838,100.3332,879.96,3.4919,45.0,
2026-10-01,RENTE5,LOCALIZA RENT A CAR,*,2032-08-27,"DI + 1,28%",DI_MAIS,1.28,1.4889,1.1719,1.289,0.0323,1.2568,1.3214,1013.266866,99.966,963.38,3.8229,,
2026-10-01,RENTE9,LOCALIZA RENT A CAR,*,2034-04-16,"DI + 2,15%",DI_MAIS,2.15,1.45,1.0672,1.2799,0.0642,1.2157,1.3442,1110.68528,103.4843,1015.3,4.029,15.0,
2026-10-01,RENTF2,LOCALIZA RENT A CAR,*,2032-05-20,"DI + 1,4%",DI_MAIS,1.4,1.365,1.1,1.2368,0.0161,1.2207,1.253,1062.238289,100.6098,951.87,3.7773,,
2026-10-01,RENTH7,LOCALIZA RENT A CAR,*,2033-06-23,"DI + 1,25%",DI_MAIS,1.25,1.4239,1.1853,1.3136,0.0194,1.2941,1.3331,1036.132843,99.7436,1029.88,4.0868,,
2026-10-01,RENTQ8,LOCALIZA RENT A CAR,*,2033-07-14,"DI + 1,25%",DI_MAIS,1.25,1.4602,1.25,1.3685,0.0152,1.3532,1.3838,1026.083612,99.5166,1043.17,4.1396,50.0,
2026-10-01,RNDNA0,RANDON S.A. IMPLEMENTOS E PARTICIPACOES,*,2027-11-09,"DI + 1,5%",DI_MAIS,1.5,1.7388,1.409,1.5869,0.0559,1.531,1.6429,1059.683317,99.9153,249.51,0.9901,,
2026-10-01,RNDNA1,RANDON S.A. IMPLEMENTOS E PARTICIPACOES,*,2031-05-17,"DI + 1,17%",DI_MAIS,1.17,2.1143,1.7505,1.941,0.023,1.918,1.9641,1030.012453,97.527,828.72,3.2886,,
2026-10-01,RNDNA2,RANDON S.A. IMPLEMENTOS E PARTICIPACOES,*,2030-07-25,"DI + 0,85%",DI_MAIS,0.85,2.3076,1.691,2.0524,0.1022,1.9502,2.1547,990.766973,96.5498,744.39,2.9539,,
2026-10-01,RNDNB0,RANDON S.A. IMPLEMENTOS E PARTICIPACOES,*,2029-11-09,"DI + 1,69%",DI_MAIS,1.69,2.0209,1.7369,1.8947,0.0401,1.8546,1.9349,1056.913194,99.5794,527.91,2.0949,,
2026-10-01,RNDNB2,RANDON S.A. IMPLEMENTOS E PARTICIPACOES,*,2032-07-25,"DI + 1,1%",DI_MAIS,1.1,2.2,1.7147,2.025,0.0945,1.9305,2.1196,990.216223,96.4516,995.01,3.9485,,
2026-10-01,RODB11,RODOVIAS DO BRASIL HOLDING S.A.,*,2030-05-10,"DI + 4,25%",DI_MAIS,4.25,2.4509,2.05,2.2766,0.043,2.2336,2.3197,1511.772159,104.3178,561.28,2.2273,,
2026-10-01,RSAN15,COMPANHIA RIOGRANDENSE DE SANEAMENTO - CORSAN,*,2026-12-05,"DI + 2,5%",DI_MAIS,2.5,2.9924,2.0442,2.3597,0.1482,2.2115,2.5081,1052.967982,100.0239,44.0,0.1746,10.0,
2026-10-01,RSAN25,COMPANHIA RIOGRANDENSE DE SANEAMENTO - CORSAN,*,2028-12-05,"DI + 2,9%",DI_MAIS,2.9,2.9938,2.1933,2.566,0.118,2.448,2.6841,1060.286363,100.59,456.12,1.81,15.0,
2026-10-01,SAELA4,ENERGISA PARAIBA - DISTR.DE ENERGIA S/A,,2029-09-04,"DI + 0,8%",DI_MAIS,0.8,0.7521,0.4592,0.6192,0.0475,0.5716,0.6668,1014.289021,100.4419,619.1,2.4567,,
2026-10-01,SAELB6,ENERGISA PARAIBA - DISTR.DE ENERGIA S/A,,2032-03-25,"DI + 0,95%",DI_MAIS,0.95,0.8373,0.5548,0.6678,0.0361,0.6317,0.704,1013.301103,101.1093,994.27,3.9455,,
2026-10-01,SAPRB1,COMPANHIA DE SANEAMENTO DO PARANA - SANEPAR,*;**,2027-01-15,"DI + 0,88%",DI_MAIS,0.88,0.809,0.6612,0.7631,0.0471,0.716,0.8103,515.586355,100.0327,71.0,0.2817,,
2026-10-01,SAPRB4,COMPANHIA DE SANEAMENTO DO PARANA - SANEPAR,*,2030-01-15,"DI + 1,05%",DI_MAIS,1.05,0.65,0.4134,0.5342,0.0401,0.4942,0.5744,1045.189132,101.3551,663.46,2.6328,10.0,
2026-10-01,SAPRC1,COMPANHIA DE SANEAMENTO DO PARANA - SANEPAR,*,2028-04-15,"DI + 1,9%",DI_MAIS,1.9,1.1109,0.7151,0.9427,0.0646,0.8781,1.0074,1086.249972,101.2593,334.34,1.3267,45.0,
2026-10-01,SBFC13,SBF COMERCIO DE PRODUTOS ESPORTIVOS S.A.,,2027-04-29,"DI + 2,1%",DI_MAIS,2.1,0.95,0.6482,0.8248,0.0411,0.7837,0.866,358.249756,100.6606,132.04,0.524,,
2026-10-01,SBIOA4,SMARTFIT ESCOLA DE GINASTICA E DANCA S/A,*,2031-03-15,"DI + 0,63%",DI_MAIS,0.63,0.8768,0.6451,0.7432,0.0511,0.6921,0.7944,1002.918013,99.651,783.32,3.1084,,
2026-10-01,SBSPA1,CIA. DE SANEAMENTO BÁSICO DO ESTADO DE SP - SABESP,*,2029-02-20,"DI + 0,49%",DI_MAIS,0.49,0.5924,0.3151,0.4608,0.0467,0.4141,0.5076,1016.18177,100.06,519.72,2.0624,,
2026-10-01,SBSPB1,CIA. DE SANEAMENTO BÁSICO DO ESTADO DE SP - SABESP,*,2031-02-20,"DI + 1,1%",DI_MAIS,1.1,0.6524,0.4416,0.5379,0.0401,0.4978,0.5781,1033.588263,101.7031,764.37,3.0332,15.0,
2026-10-01,SBSPC1,CIA. DE SANEAMENTO BÁSICO DO ESTADO DE SP - SABESP,*,2034-02-20,"DI + 1,31%",DI_MAIS,1.31,0.7916,0.55,0.6538,0.0607,0.5931,0.7147,1044.959016,102.7974,1074.03,4.262,,
2026-10-01,SBSPC3,CIA. DE SANEAMENTO BÁSICO DO ESTADO DE SP - SABESP,,2027-05-10,"DI + 0,63%",DI_MAIS,0.63,0.5703,0.2122,0.4004,0.0062,0.3943,0.4067,352.757172,100.1268,139.85,0.555,,
2026-10-01,SBSPD3,CIA. DE SANEAMENTO BÁSICO DO ESTADO DE SP - SABESP,*,2032-01-15,"DI + 0,51%",DI_MAIS,0.51,0.733,0.5,0.6087,0.0528,0.5559,0.6616,1026.199162,99.6301,951.16,3.7744,,
2026-10-01,SBSPD7,CIA. DE SANEAMENTO BÁSICO DO ESTADO DE SP - SABESP,*,2032-11-14,"DI + 0,69%",DI_MAIS,0.69,0.7378,0.5496,0.6423,0.0189,0.6233,0.6613,1057.315027,100.1812,962.81,3.8207,10.0,
2026-10-01,SBSPE7,CIA. DE SANEAMENTO BÁSICO DO ESTADO DE SP - SABESP,*,2035-11-14,"DI + 0,9%",DI_MAIS,0.9,0.8482,0.6024,0.7347,0.0484,0.6864,0.7832,1064.489946,100.7793,1194.92,4.7417,15.0,
2026-10-01,SBSPL8,CIA. DE SANEAMENTO BÁSICO DO ESTADO DE SP - SABESP,*,2033-02-15,"DI + 0,64%",DI_MAIS,0.64,0.8216,0.5544,0.6767,0.0393,0.6374,0.7162,1015.802191,99.843,1085.76,4.3086,,
2026-10-01,SBSPM8,CIA. DE SANEAMENTO BÁSICO DO ESTADO DE SP - SABESP,*,2036-02-15,"DI + 0,72%",DI_MAIS,0.72,0.8757,0.6099,0.736,0.0252,0.7107,0.7613,1016.691785,99.9204,1263.86,5.0153,10.0,
2026-10-01,SIMH16,SIMPAR S.A.,*,2029-12-20,"DI + 3,2%",DI_MAIS,3.2,4.2882,3.75,4.033,0.0692,3.9638,4.1022,1026.809639,98.0268,623.59,2.4746,,
2026-10-01,SLFT13,SELF IT ACADEMIAS HOLDING S.A.,*;**,2029-12-20,"DI + 2,5%",DI_MAIS,2.5,2.5,1.5098,2.0014,0.0045,1.9969,2.0059,809.592469,100.7098,366.22,1.4533,,
2026-10-01,SMFT18,SMARTFIT ESCOLA DE GINASTICA E DANCA S/A,*,2030-10-20,"DI + 1,95%",DI_MAIS,1.95,1.55,1.1609,1.3766,0.1439,1.2326,1.5206,1087.142476,101.5078,669.77,2.6578,,
2026-10-01,SMFTA0,SMARTFIT ESCOLA DE GINASTICA E DANCA S/A,*,2029-07-18,"DI + 1,1%",DI_MAIS,1.1,0.77,0.5,0.6406,0.0207,0.6199,0.6614,1038.759332,100.8927,492.06,1.9526,,
2026-10-01,SMFTA1,SMARTFIT ESCOLA DE GINASTICA E DANCA S/A,*,2029-10-30,"DI + 0,89%",DI_MAIS,0.89,0.85,0.5632,0.698,0.0092,0.6888,0.7072,1065.883127,100.3996,527.78,2.0944,,
2026-10-01,SMFTA2,SMARTFIT ESCOLA DE GINASTICA E DANCA S/A,*,2030-09-04,"DI + 0,65%",DI_MAIS,0.65,0.8544,0.6319,0.7248,0.0374,0.6874,0.7624,1007.637689,99.7939,699.81,2.777,,
2026-10-01,SMFTA3,SMARTFIT ESCOLA DE GINASTICA E DANCA S/A,*,2030-10-09,"DI + 0,58%",DI_MAIS,0.58,0.85,0.6385,0.7347,0.0217,0.7129,0.7565,1064.282654,99.5884,675.96,2.6824,,
2026-10-01,SMFTA5,SMARTFIT ESCOLA DE GINASTICA E DANCA S/A,*,2031-08-20,"DI + 0,65%",DI_MAIS,0.65,0.7699,0.55,0.6612,0.0189,0.6423,0.6802,1015.382397,99.9629,839.46,3.3312,35.0,
2026-10-01,SMFTB3,SMARTFIT ESCOLA DE GINASTICA E DANCA S/A,*,2032-10-09,"DI + 0,68%",DI_MAIS,0.68,1.1169,0.6234,0.8996,0.0007,0.8989,0.9004,1060.561379,99.1929,936.21,3.7151,,
2026-10-01,SMFTB5,SMARTFIT ESCOLA DE GINASTICA E DANCA S/A,*,2033-08-20,"DI + 0,75%",DI_MAIS,0.75,0.8604,0.6641,0.7698,0.024,0.7459,0.7939,1015.016459,99.9155,1084.03,4.3017,,
2026-10-01,SMFTC3,SMARTFIT ESCOLA DE GINASTICA E DANCA S/A,*,2035-10-09,"DI + 0,95%",DI_MAIS,0.95,1.1041,0.8012,0.9543,0.0527,0.9016,1.0071,1070.356202,99.9803,1165.57,4.6253,15.0,
2026-10-01,SMFTC5,SMARTFIT ESCOLA DE GINASTICA E DANCA S/A,*,2036-08-20,"DI + 1,05%",DI_MAIS,1.05,1.1916,0.9071,1.0528,0.0092,1.0436,1.0621,1016.07826,99.9858,1291.61,5.1254,,
2026-10-01,SNGO10,SANEAMENTO DE GOIÁS - SANEAGO,,2027-06-15,"DI + 1,55%",DI_MAIS,1.55,0.4146,0.19,0.2955,0.0062,0.2893,0.3018,252.809224,100.4343,87.92,0.3489,,
2026-10-01,SNGOA1,SANEAMENTO DE GOIÁS - SANEAGO,,2028-08-23,"DI + 2,25%",DI_MAIS,2.25,0.5022,0.29,0.4018,0.0179,0.3839,0.4198,651.599908,101.6255,223.44,0.8867,,
2026-10-01,SNGOA2,SANEAMENTO DE GOIÁS - SANEAGO,,2029-07-15,"DI + 0,8%",DI_MAIS,0.8,0.6188,0.4,0.5011,0.0245,0.4765,0.5257,954.08872,100.3676,311.64,1.2367,,
2026-10-01,SNGOA3,SANEAMENTO DE GOIÁS - SANEAGO,,2030-04-15,"DI + 0,65%",DI_MAIS,0.65,0.7564,0.4287,0.5974,0.0063,0.591,0.6038,1007.365348,100.092,443.28,1.759,,
2026-10-01,STBP15,SANTOS BRASIL PARTICIPAÇÕES S/A,*,2029-08-15,"DI + 0,55%",DI_MAIS,0.55,0.8327,0.5714,0.7089,0.0834,0.6255,0.7924,1013.425292,99.6207,606.35,2.4062,,
2026-10-01,STBP25,SANTOS BRASIL PARTICIPAÇÕES S/A,*,2031-08-15,"DI + 0,7%",DI_MAIS,0.7,0.9,0.5015,0.7118,0.0234,0.6884,0.7352,1017.081208,99.9611,835.7,3.3163,,
2026-10-01,SUMI39,GIGA MAIS FIBRA TELECOMUNICACOES S.A.,*,2031-04-15,DI + 2%,DI_MAIS,2.0,5.3604,3.7601,4.613,0.3083,4.3046,4.9214,1022.774214,95.2987,473.76,1.88,,
2026-10-01,SUZBA1,SUZANO S.A.,*,2032-05-15,"DI + 0,8%",DI_MAIS,0.8,0.65,0.35,0.5,0.0,0.5,0.5,1066.56633,101.072,902.72,3.5822,,
2026-10-01,SUZBB1,SUZANO S.A.,*,2034-05-15,DI + 1%,DI_MAIS,1.0,0.75,0.45,0.6115,0.018,0.5935,0.6297,1074.12439,101.7106,1112.28,4.4138,10.0,
2026-10-01,SVEA14,SOLVI ESSENCIS AMBIENTAL S.A.,*,2029-04-12,"DI + 3,1%",DI_MAIS,3.1,2.4784,2.1945,2.2534,0.162,2.0915,2.4155,933.888838,100.8811,268.83,1.0668,35.0,
2026-10-01,SVEA15,SOLVI ESSENCIS AMBIENTAL S.A.,*,2032-06-06,"DI + 2,1%",DI_MAIS,2.1,2.1114,1.85,1.9315,0.114,1.8175,2.0456,1054.833151,100.3921,597.52,2.3711,,
2026-10-01,SVEA16,SOLVI ESSENCIS AMBIENTAL S.A.,*,2035-11-12,"DI + 2,5%",DI_MAIS,2.5,7.161,2.25,2.408,0.2923,2.1157,2.7004,1067.873049,100.356,998.05,3.9605,,
2026-10-01,TAEEA1,TRANS. ALIANÇA DE ENERGIA ELÉTRICA S/A,,2028-05-15,"DI + 1,7%",DI_MAIS,1.7,0.5475,0.3,0.425,0.0198,0.4052,0.4449,1077.772593,101.7851,353.71,1.4036,15.0,
2026-10-01,TAEEA5,TRANSMISSORA ALIANÇA DE ENERGIA ELÉTRICA S.A.,*,2029-03-15,"DI + 0,63%",DI_MAIS,0.63,0.4001,0.2872,0.3804,0.0092,0.3711,0.3897,1011.761772,100.5298,536.25,2.128,,
2026-10-01,TAEEA6,TRANSMISSORA ALIANÇA DE ENERGIA ELÉTRICA S.A.,*,2031-09-15,"DI + 0,55%",DI_MAIS,0.55,0.5,0.1993,0.3872,0.058,0.3291,0.4453,1011.968488,100.5541,859.77,3.4118,,
2026-10-01,TAEEA9,TRANSMISSORA ALIANÇA DE ENERGIA ELÉTRICA S.A.,*,2032-10-23,"DI + 0,6%",DI_MAIS,0.6,0.5879,0.4001,0.4814,0.0742,0.4071,0.5557,1068.091776,100.4459,951.04,3.774,,
2026-10-01,TAEEC1,TRANS. ALIANÇA DE ENERGIA ELÉTRICA S/A,,2027-01-15,"DI + 1,36%",DI_MAIS,1.36,0.401,0.1987,0.292,0.0088,0.2832,0.3008,344.996393,100.2989,71.0,0.2817,,
2026-10-01,TAEEE1,TRANS. ALIANÇA DE ENERGIA ELÉTRICA S/A,*,2033-03-15,"DI + 0,51%",DI_MAIS,0.51,0.55,0.2531,0.4014,0.0045,0.3969,0.4059,1010.923779,100.4522,1052.27,4.1757,,
2026-10-01,TAEEE2,TRANSMISSORA ALIANÇA DE ENERGIA ELÉTRICA S.A.,*;**,2028-01-03,"DI + 0,4%",DI_MAIS,0.4,0.35,0.053,0.2376,0.0519,0.1857,0.2896,1035.190895,100.2013,313.0,1.2421,,
2026-10-01,TBSP12,TIM BRASIL SERVICOS E PARTICIPACOES S.A,*,2030-07-23,"DI + 0,7%",DI_MAIS,0.7,0.55,0.3877,0.4641,0.0282,0.4359,0.4924,1033.319397,100.6132,657.2,2.6079,5.0,
2026-10-01,TBSP22,TIM BRASIL SERVICOS E PARTICIPACOES S.A,*,2032-07-23,"DI + 0,85%",DI_MAIS,0.85,0.6558,0.4553,0.5542,0.0146,0.5396,0.569,1038.538457,101.0921,933.14,3.7029,50.0,
2026-10-01,TEPA14,BRASIL TECNOLOGIA E PARTICIPACAO S.A.,*,2030-12-04,"DI + 3,35%",DI_MAIS,3.35,,4.0296,4.2746,0.1773,4.0973,4.452,992.691579,98.1279,533.42,2.1167,,
2026-10-01,TFLE19,LOCALIZA FLEET S.A.,*,2030-05-28,"DI + 1,3%",DI_MAIS,1.3,1.2195,0.9796,1.0837,0.063,1.0206,1.1468,1057.997026,100.5975,702.68,2.7884,,
2026-10-01,TFLEA3,LOCALIZA FLEET S.A.,*,2028-12-20,"DI + 1,85%",DI_MAIS,1.85,1.5452,1.1573,1.3976,0.092,1.3057,1.4897,1052.28601,100.8377,472.42,1.8747,,
2026-10-01,TFLEA4,LOCALIZA FLEET S.A.,*,2029-01-26,"DI + 1,85%",DI_MAIS,1.85,1.5286,1.1248,1.3205,0.1072,1.2133,1.4278,1038.693107,101.0341,497.64,1.9748,,
2026-10-01,TFLEA6,LOCALIZA FLEET S.A.,*,2031-12-11,"DI + 1,45%",DI_MAIS,1.45,1.3031,1.0111,1.1507,0.0481,1.1027,1.1989,1056.239724,100.9138,776.73,3.0823,10.0,
2026-10-01,TFLEA7,LOCALIZA FLEET S.A.,*,2031-02-10,"DI + 1,4%",DI_MAIS,1.4,1.1865,1.0,1.0828,0.0448,1.038,1.1277,1029.844766,100.838,671.71,2.6655,,
2026-10-01,TFLEA8,LOCALIZA FLEET S.A.,*,2030-06-20,"DI + 1,2%",DI_MAIS,1.2,1.1955,1.0,1.0695,0.046,1.0235,1.1156,1045.485332,100.3694,720.34,2.8585,50.0,
2026-10-01,TFLEA9,LOCALIZA FLEET S.A.,*,2032-09-09,"DI + 1,24%",DI_MAIS,1.24,1.3568,1.104,1.2261,0.0449,1.1812,1.2711,1009.512182,100.0509,933.23,3.7033,10.0,
2026-10-01,TFLEB5,LOCALIZA FLEET S.A.,*,2030-11-04,"DI + 1,5%",DI_MAIS,1.5,1.1995,1.0001,1.0948,0.0418,1.0529,1.1367,1155.56097,100.9267,581.89,2.3091,45.0,
2026-10-01,TFLEC0,LOCALIZA FLEET S.A.,*,2030-09-18,"DI + 0,91%",DI_MAIS,0.91,1.1784,0.8505,1.0084,0.0271,0.9813,1.0356,1002.162548,99.7271,706.5,2.8036,,
2026-10-01,TFLED0,LOCALIZA FLEET S.A.,*,2032-09-18,"DI + 1,15%",DI_MAIS,1.15,1.3778,1.1,1.2247,0.0347,1.1899,1.2595,1002.106199,99.713,980.79,3.892,,
2026-10-01,TFLEE1,LOCALIZA FLEET S.A.,*,2033-07-14,"DI + 1,25%",DI_MAIS,1.25,1.4686,1.25,1.3368,0.0194,1.3174,1.3562,1025.047238,99.6448,1045.8,4.15,,
2026-10-01,TIET19,AES TIETE ENERGIA S/A,*;**,2027-03-15,DI + 1%,DI_MAIS,1.0,0.75,0.3964,0.5689,0.0413,0.5277,0.6103,216.390982,100.1869,110.0,0.4365,,
2026-10-01,TIGR12,TIGRE S.A PARTICIPACOES,*,2029-10-24,"DI + 0,6%",DI_MAIS,0.6,1.5278,1.3009,1.3895,0.0553,1.3342,1.4449,1042.815061,98.1244,609.4,2.4183,45.0,
2026-10-01,TIGR21,TIGRE S.A PARTICIPACOES,*,2028-11-10,"DI + 1,7%",DI_MAIS,1.7,1.4649,1.1345,1.2901,0.0436,1.2465,1.3338,1067.3564,100.5594,348.28,1.3821,,
2026-10-01,TLPP27,TELEFÔNICA BRASIL S/A,*;**,2027-07-12,"DI + 1,35%",DI_MAIS,1.35,0.8,0.5519,0.6747,0.074,0.6007,0.7488,1038.120063,100.4882,183.59,0.7285,15.0,
2026-10-01,TOTS16,TOTVS SA,*,2033-01-29,"DI + 0,59%",DI_MAIS,0.59,0.7502,0.5,0.6219,0.0253,0.5967,0.6473,1023.412775,99.8887,884.94,3.5117,,
2026-10-01,TOTS17,TOTVS SA,*,2033-09-02,"DI + 0,59%",DI_MAIS,0.59,0.7008,0.446,0.5985,0.0585,0.5399,0.6571,1009.869259,99.9652,1038.88,4.1225,,
2026-10-01,TRES11,TRES TENTOS AGROINDUSTRIAL S.A,*,2029-04-05,"DI + 2,1%",DI_MAIS,2.1,1.8233,1.5354,1.6926,0.0837,1.6089,1.7764,1087.069779,100.8015,503.51,1.9981,,
2026-10-01,TRPLA3,ISA ENERGIA BRASIL S.A.,*,2030-03-15,"DI + 1,5%",DI_MAIS,1.5,1.2405,0.7766,1.0548,0.1838,0.871,1.2387,1019.216402,101.229,700.77,2.7808,,
2026-10-01,TRPLA5,ISA ENERGIA BRASIL S.A.,*,2029-03-15,"DI + 0,73%",DI_MAIS,0.73,,0.4605,0.6721,0.0166,0.6556,0.6888,1007.708278,100.1223,535.57,2.1253,,
2026-10-01,TRPLA6,ISA ENERGIA BRASIL S.A.,*,2031-05-20,"DI + 0,8%",DI_MAIS,0.8,0.8011,0.5723,0.7388,0.0668,0.672,0.8057,1055.427711,100.1862,772.19,3.0642,,
2026-10-01,TRPLB5,ISA ENERGIA BRASIL S.A.,*,2031-03-17,"DI + 0,8%",DI_MAIS,0.8,0.8,0.5201,0.7363,0.0661,0.6703,0.8025,1008.486776,100.1963,781.89,3.1027,,
2026-10-01,TSSG13,TRANSPORTADORA ASSOCIADA DE GAS S.A. - TAG,*,2029-06-20,"DI + 0,98%",DI_MAIS,0.98,0.7,0.2438,0.4814,0.0239,0.4576,0.5054,1052.580893,101.1135,564.13,2.2386,5.0,
2026-10-01,TSSG14,TRANSPORTADORA ASSOCIADA DE GAS S.A. - TAG,*,2030-05-20,"DI + 0,67%",DI_MAIS,0.67,0.55,0.25,0.4063,0.0211,0.3852,0.4274,846.752823,100.5207,499.44,1.9819,,
2026-10-01,TUPW11,TUPI ENERGIAS RENOVAVEIS S.A,*,2034-10-15,"DI + 2,9%",DI_MAIS,2.9,9.0,5.0,6.8823,0.3236,6.5587,7.206,944.787497,89.4631,717.05,2.8454,,
2026-10-01,TUPY15,TUPY S/A,*,2029-07-17,"DI + 0,87%",DI_MAIS,0.87,2.75,1.2256,2.0316,0.2058,1.8258,2.2376,1002.775003,97.3889,581.38,2.3071,35.0,
2026-10-01,TUPY25,TUPY S/A,*,2031-07-17,DI + 1%,DI_MAIS,1.0,3.1433,2.6648,2.9274,0.1875,2.7399,3.115,969.572413,94.1388,800.22,3.1755,35.0,
2026-10-01,TUPY35,TUPY S/A,*,2034-07-17,"DI + 1,18%",DI_MAIS,1.18,3.0,1.3548,2.1358,0.2007,1.9351,2.3366,989.339938,96.0221,1080.96,4.2895,,
2026-10-01,UNIP18,UNIPAR CARBOCLORO S/A,*,2030-10-16,"DI + 2,05%",DI_MAIS,2.05,1.6337,1.4,1.5152,0.0559,1.4593,1.5713,1087.770785,101.395,665.47,2.6408,,
2026-10-01,UNIP19,UNIPAR CARBOCLORO S/A,*,2029-09-05,"DI + 0,85%",DI_MAIS,0.85,1.6595,1.0692,1.2836,0.253,1.0307,1.5367,998.72431,98.9515,618.77,2.4554,,
2026-10-01,UNIP29,UNIPAR CARBOCLORO S/A,*,2031-09-05,"DI + 1,2%",DI_MAIS,1.2,1.7594,1.4,1.5237,0.1056,1.4181,1.6295,998.823315,98.9382,841.51,3.3393,,
2026-10-01,UNIP39,UNIPAR CARBOCLORO S/A,*,2034-09-05,"DI + 1,65%",DI_MAIS,1.65,1.8,1.4015,1.6,0.0,1.6,1.6,1012.049493,100.2183,1117.29,4.4337,,
2026-10-01,UNIPA0,UNIPAR CARBOCLORO S/A,*,2032-07-18,DI + 1%,DI_MAIS,1.0,1.7486,1.4894,1.6009,0.0497,1.5512,1.6507,1006.866281,97.815,936.05,3.7145,35.0,
2026-10-01,UNIPB0,UNIPAR CARBOCLORO S/A,*,2035-07-18,"DI + 1,35%",DI_MAIS,1.35,1.9269,1.4956,1.601,0.04,1.561,1.6411,1018.264781,98.8517,1174.23,4.6596,,
2026-10-01,UNIPC0,UNIPAR CARBOCLORO S/A,*,2032-07-18,"DI + 1,15%",DI_MAIS,1.15,1.6853,1.35,1.5093,0.0257,1.4836,1.5352,1015.694077,98.6423,970.14,3.8498,,
2026-10-01,UQFN14,UNIÃO QUÍMICA FARMACÊUTICA NACIONAL S/A,,2026-10-15,"DI + 1,9%",DI_MAIS,1.9,1.35,0.55,0.95,0.0,0.95,0.95,100.603127,100.0335,9.0,0.0357,,
2026-10-01,UQFN15,UNIÃO QUÍMICA FARMACÊUTICA NACIONAL S/A,*,2031-06-13,"DI + 1,3%",DI_MAIS,1.3,2.4788,2.0969,2.2231,0.0949,2.1282,2.318,1018.798332,97.4958,702.47,2.7876,,
2026-10-01,USIM28,USINAS SIDERURGICAS DE MINAS GERAIS S/A - USIMINAS,*,2029-05-23,"DI + 1,7%",DI_MAIS,1.7,1.4103,1.0542,1.2311,0.0405,1.1906,1.2718,1063.792537,100.8276,449.73,1.7846,,
2026-10-01,USIM29,USINAS SIDERURGICAS DE MINAS GERAIS S/A - USIMINAS,*,2029-12-09,"DI + 1,65%",DI_MAIS,1.65,1.4427,1.1444,1.2879,0.0448,1.2431,1.3328,1056.758233,100.7803,549.23,2.1795,5.0,
2026-10-01,USIM39,USINAS SIDERURGICAS DE MINAS GERAIS S/A - USIMINAS,*,2032-12-09,"DI + 1,95%",DI_MAIS,1.95,1.6153,1.3461,1.4548,0.0462,1.4086,1.5011,1067.82382,101.7392,894.53,3.5497,,
2026-10-01,USIMA0,USINAS SIDERURGICAS DE MINAS GERAIS S/A - USIMINAS,*,2029-09-19,"DI + 1,35%",DI_MAIS,1.35,1.4138,1.15,1.2619,0.0624,1.1995,1.3243,1006.666476,100.2159,625.01,2.4802,40.0,
2026-10-01,USIMB0,USINAS SIDERURGICAS DE MINAS GERAIS S/A - USIMINAS,*,2031-09-19,"DI + 1,5%",DI_MAIS,1.5,1.5799,1.1991,1.4008,0.0609,1.3398,1.4618,1007.857808,100.3298,848.77,3.3681,35.0,
2026-10-01,VAMO13,"VAMOS LOCACAO DE CAMINHOES, MAQUINAS E EQUIPAMENTOS S.A.",*,2029-06-15,"DI + 2,3%",DI_MAIS,2.3,3.9516,1.5098,2.7163,0.0506,2.6657,2.7671,1042.00441,99.4177,362.0,1.4365,,
2026-10-01,VAMO14,"VAMOS LOCACAO DE CAMINHOES, MAQUINAS E EQUIPAMENTOS S.A.",*,2028-10-15,"DI + 2,4%",DI_MAIS,2.4,3.8394,3.5029,3.6581,0.0533,3.6048,3.7116,1063.734754,98.9353,219.94,0.8728,,
2026-10-01,VAMO17,"VAMOS LOCACAO DE CAMINHOES, MAQUINAS E EQUIPAMENTOS S.A.",,2028-06-15,"DI + 2,17%",DI_MAIS,2.17,,,,,,,,,,,,
2026-10-01,VAMO23,"VAMOS LOCACAO DE CAMINHOES, MAQUINAS E EQUIPAMENTOS S.A.",*,2031-06-15,"DI + 2,75%",DI_MAIS,2.75,4.1032,2.5001,3.2916,0.0709,3.2208,3.3626,1034.53748,98.573,687.72,2.729,,
2026-10-01,VAMO24,"VAMOS LOCACAO DE CAMINHOES, MAQUINAS E EQUIPAMENTOS S.A.",*,2031-10-15,"DI + 2,8%",DI_MAIS,2.8,4.2477,3.7871,4.028,0.0661,3.9618,4.0942,1041.551321,96.6969,709.28,2.8146,,
2026-10-01,VAMOA0,"VAMOS LOCACAO DE CAMINHOES, MAQUINAS E EQUIPAMENTOS S.A.",*,2029-02-21,"DI + 2,35%",DI_MAIS,2.35,4.0,3.5389,3.7677,0.0355,3.7322,3.8033,994.269205,97.7554,415.21,1.6477,,
2026-10-01,VAMOA1,"VAMOS LOCACAO DE CAMINHOES, MAQUINAS E EQUIPAMENTOS S.A.",*,2029-06-25,"DI + 2,35%",DI_MAIS,2.35,4.081,2.3461,3.1811,0.0493,3.1318,3.2304,1027.527435,98.5097,467.28,1.8543,,
2026-10-01,VBBR15,VIBRA ENERGIA S.A,*,2029-10-03,"DI + 1,5%",DI_MAIS,1.5,1.1,0.8,0.95,0.0,0.95,0.95,1087.087967,101.096,506.1,2.0083,,
2026-10-01,VBBR16,VIBRA ENERGIA S.A,*,2031-04-05,"DI + 1,07%",DI_MAIS,1.07,0.8611,0.6235,0.7445,0.0288,0.7157,0.7734,1083.258284,100.9505,739.89,2.9361,45.0,
2026-10-01,VBBR17,VIBRA ENERGIA S.A,*,2031-06-14,"DI + 1,18%",DI_MAIS,1.18,0.8739,0.6726,0.7658,0.0169,0.7489,0.7828,1058.025856,101.2865,786.33,3.1204,,
2026-10-01,VBBR18,VIBRA ENERGIA S.A,*,2032-01-08,"DI + 1,05%",DI_MAIS,1.05,0.8847,0.6886,0.8026,0.0365,0.7661,0.8392,1042.22238,100.7815,800.99,3.1785,45.0,
2026-10-01,VBBR24,VIBRA ENERGIA S.A,*,2031-11-16,"DI + 1,75%",DI_MAIS,1.75,1.25,0.95,1.0984,0.0154,1.083,1.1139,1162.484217,101.8735,730.15,2.8974,,
2026-10-01,VBBR26,VIBRA ENERGIA S.A,*,2034-04-05,"DI + 1,25%",DI_MAIS,1.25,1.0,0.8027,0.9084,0.0363,0.872,0.9448,1088.842222,101.3821,1026.02,4.0715,10.0,
2026-10-01,VEBMA6,VOTORANTIM CIMENTOS S/A,*,2030-12-20,"DI + 1,48%",DI_MAIS,1.48,1.3937,1.15,1.2754,0.0044,1.271,1.2799,1049.066891,100.6338,789.36,3.1324,,
2026-10-01,VEBMA8,VOTORANTIM CIMENTOS S/A,*,2032-04-16,"DI + 0,67%",DI_MAIS,0.67,0.75,0.45,0.6112,0.0313,0.5799,0.6426,1068.442196,100.2194,945.68,3.7527,,
2026-10-01,VEBMA9,VOTORANTIM CIMENTOS S/A,*,2033-01-25,"DI + 0,6%",DI_MAIS,0.6,0.7844,0.4849,0.6306,0.0453,0.5853,0.676,1060.821653,99.8752,1034.18,4.1039,35.0,
2026-10-01,VEBMB0,VOTORANTIM CIMENTOS S/A,*,2033-03-20,"DI + 0,64%",DI_MAIS,0.64,0.7805,0.5,0.6214,0.0533,0.5681,0.6748,1005.091121,100.0814,1109.46,4.4026,,
2026-10-01,VERO14,VERO S.A.,*,2029-10-15,"DI + 1,75%",DI_MAIS,1.75,,,,,,,910.134507,84.9,,,,
2026-10-01,VIVA11,VIVARA PARTICIPACOES S.A.,*,2030-08-27,"DI + 0,7%",DI_MAIS,0.7,,,0.6642,0.0304,0.6338,0.6946,1014.048792,100.0979,693.62,2.7525,,
2026-10-01,VIXL15,VIX LOGÍSTICA S/A,,2026-10-26,"DI + 2,15%",DI_MAIS,2.15,1.3347,0.7226,0.9829,0.079,0.9039,1.0621,535.019954,100.073,16.0,0.0635,,
2026-10-01,VIXL18,VIX LOGÍSTICA S/A,*,2030-06-11,DI + 2%,DI_MAIS,2.0,1.2,0.9,1.064,0.0209,1.0431,1.0849,1069.471933,102.005,543.89,2.1583,10.0,
2026-10-01,VIXL19,VIX LOGÍSTICA S/A,*,2031-10-15,"DI + 1,25%",DI_MAIS,1.25,1.35,1.1268,1.235,0.0249,1.2101,1.2601,1070.023507,100.0435,739.14,2.9331,,
2026-10-01,VIXL25,VIX LOGÍSTICA S/A,,2028-10-26,"DI + 2,5%",DI_MAIS,2.5,1.37,0.7438,1.0981,0.0734,1.0246,1.1716,1084.401154,101.2648,231.06,0.9169,,
2026-10-01,VIXL26,VIX LOGÍSTICA S/A,,2028-09-29,"DI + 2,8%",DI_MAIS,2.8,1.3456,0.7437,1.0836,0.0759,1.0077,1.1596,1020.387029,101.9128,284.14,1.1275,,
2026-10-01,VIXL35,VIX LOGÍSTICA S/A,,2026-10-26,"DI + 2,15%",DI_MAIS,2.15,1.35,0.7705,1.05,0.0,1.05,1.05,534.99739,100.0688,16.0,0.0635,,
2026-10-01,VIXL45,VIX LOGÍSTICA S/A,,2028-10-26,"DI + 2,5%",DI_MAIS,2.5,1.3699,0.7322,1.0978,0.0778,1.02,1.1757,1084.404104,101.2651,231.06,0.9169,,
2026-10-01,VLIDA0,VALID SOLUCOES S/A,*,2029-04-26,"DI + 1,95%",DI_MAIS,1.95,1.5026,0.9914,1.3111,0.1252,1.1859,1.4364,1075.756894,100.6938,277.62,1.1017,,
2026-10-01,VLIDA1,VALID SOLUCOES S/A,*,2030-12-15,DI + 1%,DI_MAIS,1.0,1.7714,1.0785,1.5653,0.2044,1.3608,1.7698,1029.45104,98.6046,633.48,2.5138,,
2026-10-01,VLIDB1,VALID SOLUCOES S/A,*,2032-12-15,"DI + 1,2%",DI_MAIS,1.2,2.2816,1.0206,1.6792,0.2669,1.4124,1.9462,1027.022377,98.3125,905.76,3.5943,,
2026-10-01,VLME11,VRENTAL LOCACAO DE MAQUINAS E EQUIPAMENTOS S.A.,*;**,2030-10-06,DI + 3%,DI_MAIS,3.0,,,,,,,783.510338,98.5,,,,
2026-10-01,VLME12,VRENTAL LOCACAO DE MAQUINAS E EQUIPAMENTOS S.A.,*,2030-10-06,DI + 3%,DI_MAIS,3.0,,,,,,,881.228465,99.375,,,,
2026-10-01,VVEO15,CM HOSPITALAR S.A.,*;**,2034-01-30,"DI + 1,6%",DI_MAIS,1.6,,,,,,,672.646971,65.563,,,35.0,
2026-10-01,VVEO16,CM HOSPITALAR S.A.,*;**,2034-01-30,"DI + 1,6%",DI_MAIS,1.6,,,,,,,675.664868,65.8571,,,,
2026-10-01,WIZC12,WIZ SOLUCOES E CORRETAGEM DE SEGUROS S.A.,*,2030-01-29,"DI + 1,95%",DI_MAIS,1.95,2.5,1.8,2.15,0.0,2.15,2.15,1023.897452,99.6966,390.44,1.5494,,
2026-10-01,YDUQ17,YDUQS PARTICIPACOES S.A,*,2027-11-29,"DI + 0,78%",DI_MAIS,0.78,0.75,0.45,0.6,0.0,0.6,0.6,1051.198654,100.1874,263.96,1.0475,,
2026-10-01,YDUQ18,YDUQS PARTICIPACOES S.A,*;**,2030-06-02,"DI + 0,85%",DI_MAIS,0.85,0.9096,0.6373,0.7756,0.0384,0.7372,0.814,1005.434447,100.2174,741.66,2.9431,10.0,
2026-10-01,YDUQA0,YDUQS PARTICIPACOES S.A,*,2029-04-10,"DI + 1,25%",DI_MAIS,1.25,0.8435,0.55,0.7241,0.0566,0.6675,0.7808,1080.854386,100.8769,422.82,1.6779,,
2026-10-01,YDUQA1,YDUQS PARTICIPACOES S.A,*,2031-11-29,"DI + 1,05%",DI_MAIS,1.05,0.95,0.675,0.8326,0.0819,0.7508,0.9146,1057.812567,100.7247,845.61,3.3556,,
2026-10-01,YDUQA2,YDUQS PARTICIPACOES S.A,*,2029-12-23,"DI + 0,7%",DI_MAIS,0.7,0.95,0.6358,0.7842,0.0386,0.7456,0.8229,1037.348302,99.7844,650.59,2.5817,,
2026-10-01,YDUQA3,YDUQS PARTICIPACOES S.A,*,2031-08-25,"DI + 0,8%",DI_MAIS,0.8,0.95,0.733,0.8416,0.0273,0.8143,0.869,1012.198032,99.851,910.33,3.6124,35.0,
2026-10-01,BHIAA0,GRUPO CASAS BAHIA S.A.,*;**,2050-11-28,100% do DI,PCT_DI,100.0,,,,,,,0.385215,27.75,,,,
2026-10-01,BHIAC0,GRUPO CASAS BAHIA S.A.,*;**,2050-11-28,100% do DI,PCT_DI,100.0,,,,,,,0.375166,27.25,,,,
2026-10-01,KLBNA2,KLABIN S/A,,2029-03-19,"114,65% do DI",PCT_DI,114.65,103.8444,101.9111,102.9535,0.2719,102.6815,103.2255,10246.491779,101.9889,331.34,1.3148,,
2026-10-01,RADL14,RAIA DROGASIL S/A,*;**,2027-06-17,"106,99% do DI",PCT_DI,106.99,104.985,101.91,103.5357,0.2099,103.3257,103.7457,522.800833,100.2904,166.72,0.6616,,
2026-10-01,UNDAC3,UNIDAS S/A,*,2029-04-10,112% do DI,PCT_DI,112.0,109.6262,106.0,107.8979,0.2658,107.632,108.1638,1082.748343,100.8865,421.24,1.6716,,
2026-10-01,CVRDA6,VALE S/A,,2100-01-01,IGP-M,IGPM,,,,,,,,,,,,,
2026-10-01,ACRC21,ATLAS LUIZ CARLOS COMERCIALIZADORA DE ENERGIA S.A.,*,2044-07-15,"IPCA + 7,415%",IPCA_MAIS,7.415,8.6241,8.4905,8.5321,0.0586,8.4734,8.5908,1133.137389,93.1668,1693.24,6.7192,,2035-05-15
2026-10-01,AEAB11,AES CAJUINA AB1 HOLDINGS S.A.,*,2044-06-15,"IPCA + 7,0718%",IPCA_MAIS,7.0718,8.4353,8.2085,8.2928,0.1368,8.156,8.4298,1139.869584,91.9049,1838.52,7.2957,5.0,2037-05-15
2026-10-01,AESLA5,RGE SUL DISTRIBUIDORA DE ENERGIA S/A,*,2033-10-15,"IPCA + 6,1774%",IPCA_MAIS,6.1774,7.8611,7.5943,7.7002,0.0334,7.6668,7.7337,1094.205164,93.2146,1236.57,4.907,,2032-08-15
2026-10-01,AESLA7,RGE SUL DISTRIBUIDORA DE ENERGIA S/A,*,2034-04-15,"IPCA + 6,1409%",IPCA_MAIS,6.1409,7.8748,7.6372,7.7526,0.0202,7.7324,7.7729,1055.05442,92.3634,1319.66,5.2367,,2033-05-15
2026-10-01,AESLA9,RGE SUL DISTRIBUIDORA DE ENERGIA S/A,*,2035-05-15,"IPCA + 6,9249%",IPCA_MAIS,6.9249,7.868,7.6251,7.7591,0.023,7.7362,7.7822,1032.051081,95.5547,1468.09,5.8258,10.0,2033-05-15
2026-10-01,AESLB0,RGE SUL DISTRIBUIDORA DE ENERGIA S/A,*,2035-09-15,"IPCA + 6,8967%",IPCA_MAIS,6.8967,8.0307,7.7422,7.862,0.0556,7.8064,7.9178,989.146006,94.5881,1552.27,6.1598,,2035-05-15
2026-10-01,AESLB7,RGE SUL DISTRIBUIDORA DE ENERGIA S/A,*,2039-04-15,"IPCA + 6,2031%",IPCA_MAIS,6.2031,8.0976,7.8914,7.9939,0.058,7.9358,8.052,999.165728,87.4469,1985.83,7.8803,,2037-05-15
2026-10-01,AESLC2,RGE SUL DISTRIBUIDORA DE ENERGIA S/A,*,2033-03-15,"IPCA + 6,5243%",IPCA_MAIS,6.5243,7.8563,7.5511,7.7264,0.0744,7.6519,7.8009,969.015572,94.207,1335.18,5.2983,5.0,2033-05-15
2026-10-01,AESLD2,RGE SUL DISTRIBUIDORA DE ENERGIA S/A,*,2036-03-15,"IPCA + 6,458%",IPCA_MAIS,6.458,8.0292,7.7216,7.9114,0.0845,7.8269,7.996,941.06147,91.492,1639.82,6.5072,50.0,2035-05-15
2026-10-01,AESOA1,AES TIETE ENERGIA S/A,*,2038-03-15,"IPCA + 6,4966%",IPCA_MAIS,6.4966,8.3135,8.0209,8.1653,0.0788,8.0865,8.2442,1029.064139,91.9672,1338.02,5.3096,15.0,2033-05-15
2026-10-01,AGEO15,AGEO TERMINAIS E ARMAZENS GERAIS S/A,*,2037-06-15,"IPCA + 7,6056%",IPCA_MAIS,7.6056,7.7978,7.4929,7.6707,0.0826,7.5881,7.7534,1068.403543,99.5856,1729.28,6.8622,,2035-05-15
2026-10-01,AGIZ11,AGUAS DA IMPERATRIZ S.A.,,2047-03-15,"IPCA + 7,7322%",IPCA_MAIS,7.7322,8.6353,8.2778,8.4558,0.071,8.3848,8.5269,991.617357,94.645,2047.57,8.1253,,2037-05-15
2026-10-01,AHGD13,ATHON GERACAO DISTRIBUIDA S/A,*,2041-09-15,"IPCA + 7,3293%",IPCA_MAIS,7.3293,8.6153,8.4233,8.5159,0.0615,8.4544,8.5776,0.940528,93.7745,1450.08,5.7543,,2033-05-15
2026-10-01,ALGAB1,ALGAR TELECOM S/A,*,2031-07-15,"IPCA + 4,9999%",IPCA_MAIS,4.9999,8.9342,8.613,8.7584,0.1248,8.6336,8.8833,1181.173397,88.7456,849.95,3.3728,,2030-08-15
2026-10-01,ALGAC2,ALGAR TELECOM S/A,*,2032-01-15,"IPCA + 5,8806%",IPCA_MAIS,5.8806,8.7759,8.5897,8.7103,0.1322,8.5782,8.8426,1144.130894,90.5956,938.12,3.7227,,2031-05-15
2026-10-01,ALGE16,ALIANCA GERACAO DE ENERGIA S.A,*,2037-11-15,"IPCA + 6,1451%",IPCA_MAIS,6.1451,7.6458,7.4308,7.6005,0.1641,7.4364,7.7648,993.259866,93.1052,1304.36,5.176,35.0,2033-05-15
2026-10-01,ALGTA4,ALGAR TELECOM S/A,*,2033-11-15,"IPCA + 6,3243%",IPCA_MAIS,6.3243,8.8943,8.6628,8.8253,0.1382,8.6871,8.9636,1046.49741,89.8076,1154.6,4.5817,5.0,2032-08-15
2026-10-01,ALIG12,ALIANCA GERACAO DE ENERGIA S.A,,2029-12-15,"IPCA + 3,65%",IPCA_MAIS,3.65,7.1844,6.986,7.176,0.2625,6.9135,7.4386,657.239093,95.2139,365.5,1.4504,,2028-08-15
2026-10-01,ALIG13,ALIANCA GERACAO DE ENERGIA S.A,*;**,2035-02-15,IPCA + 4%,IPCA_MAIS,4.0,7.5464,7.3283,7.472,0.1579,7.314,7.63,828.244422,87.6723,986.56,3.9149,,2031-05-15
2026-10-01,ALIG15,ALIANCA GERACAO DE ENERGIA S.A,*,2036-04-15,"IPCA + 6,1305%",IPCA_MAIS,6.1305,7.6101,7.4126,7.5292,0.1674,7.3618,7.6967,992.999034,94.2478,1127.97,4.4761,,2032-08-15
2026-10-01,ALUP18,ALUPAR INVESTIMENTO S/A,*,2034-10-15,"IPCA + 6,4986%",IPCA_MAIS,6.4986,7.544,7.2746,7.3957,0.1319,7.2638,7.5278,1074.250203,95.4534,1392.08,5.5241,,2033-05-15
2026-10-01,ANET11,AMERICA NET S.A.,*,2029-03-15,"IPCA + 5,6006%",IPCA_MAIS,5.6006,,,,,,,,,,,,
2026-10-01,ANET12,AMERICA NET S.A.,*,2030-11-15,"IPCA + 8,9619%",IPCA_MAIS,8.9619,,,,,,,,,,,,
2026-10-01,ANHBB6,CONCESSIONÁRIA DO SISTEMA ANHANGUERA-BANDEIRANTES S/A,*,2037-07-15,"IPCA + 7,0457%",IPCA_MAIS,7.0457,7.8188,7.4762,7.7058,0.149,7.5568,7.8549,1020.870555,96.0646,1638.51,6.502,5.0,2035-05-15
2026-10-01,APFD19,AUTOPISTA FERNAO DIAS S/A,*,2031-09-15,"IPCA + 6,3854%",IPCA_MAIS,6.3854,7.9235,7.4409,7.678,0.1956,7.4823,7.8737,1051.184155,96.8034,674.89,2.6781,40.0,2029-05-15
2026-10-01,APPSA2,AUTOPISTA PLANALTO SUL S/A,*,2031-09-15,"IPCA + 6,78%",IPCA_MAIS,6.78,10.1157,9.0064,9.4306,0.0867,9.3439,9.5174,1048.220271,92.6757,777.33,3.0846,,2030-08-15
2026-10-01,APRB18,AUTOPISTA REGIS BITTENCOURT S/A,,2031-06-15,"IPCA + 4,5%",IPCA_MAIS,4.5,8.6047,8.2194,8.3856,0.1829,8.2027,8.5685,1279.077347,89.9239,724.5,2.875,40.0,2029-05-15
2026-10-01,ARTR19,ARTERIS S/A,*;**,2027-09-15,"IPCA + 4,8392%",IPCA_MAIS,4.8392,10.2199,9.1953,9.931,0.1075,9.8236,10.0386,676.007597,95.6725,235.03,0.9327,10.0,2027-05-15
2026-10-01,ARTRA7,ARTERIS S/A,*,2035-05-15,"IPCA + 7,7%",IPCA_MAIS,7.7,10.3741,9.9822,10.1667,0.0763,10.0904,10.2431,952.397382,88.0076,1401.59,5.5619,,2033-05-15
2026-10-01,ARTRA8,ARTERIS S/A,*,2032-10-15,"IPCA + 8,2857%",IPCA_MAIS,8.2857,10.4324,9.9716,10.2064,0.2572,9.9492,10.4638,1000.971639,92.6489,1086.84,4.3129,5.0,2031-05-15
2026-10-01,ASAB11,ASA BRANCA HOLDING S.A.,*,2033-06-15,"IPCA + 6,25%",IPCA_MAIS,6.25,11.4872,10.8529,11.1851,0.1931,10.992,11.3782,800.367228,86.6084,775.42,3.0771,5.0,2030-08-15
2026-10-01,ASCP13,CONCESS. ROD. A. S. E C. PINTO S/A - ECOPISTAS,*,2030-03-15,"IPCA + 7,55%",IPCA_MAIS,7.55,8.216,8.0047,8.1151,0.0473,8.0678,8.1625,895.475998,98.9464,508.68,2.0186,10.0,2028-08-15
2026-10-01,ASCP23,CONCESS. ROD. A. S. E C. PINTO S/A - ECOPISTAS,*,2035-03-15,"IPCA + 8,15%",IPCA_MAIS,8.15,8.9653,8.7313,8.8686,0.0734,8.7952,8.9421,1126.409923,96.6204,1303.75,5.1736,,2033-05-15
2026-10-01,ASER12,AGUAS DO SERTAO S.A.,*,2043-12-15,"IPCA + 8,4051%",IPCA_MAIS,8.4051,12.6028,12.2106,12.4034,0.4955,11.9079,12.899,953.279802,77.2143,1698.63,6.7406,5.0,2035-05-15
2026-10-01,ASSR21,ASSURUA 5 ENERGIA S.A,*,2041-06-15,"IPCA + 7,1071%",IPCA_MAIS,7.1071,9.2926,9.0079,9.1441,0.2211,8.923,9.3653,843.67811,88.6202,1568.4,6.2238,,2035-05-15
2026-10-01,ATHT11,ATHON GERACAO DISTRIBUIDA III S.A.,*,2041-09-15,"IPCA + 7,3293%",IPCA_MAIS,7.3293,8.6545,8.458,8.5236,0.0707,8.4529,8.5943,0.940144,93.7362,1449.8,5.7532,,2033-05-15
2026-10-01,ATII12,ATHON GERACAO DISTRIBUIDA II S.A.,*,2041-09-15,"IPCA + 7,3293%",IPCA_MAIS,7.3293,8.6539,8.458,8.5194,0.0764,8.4429,8.5959,0.940352,93.7569,1449.95,5.7538,,2033-05-15
2026-10-01,AURE12,AUREN ENERGIA S.A.,*,2034-04-15,"IPCA + 6,298%",IPCA_MAIS,6.298,8.2932,7.9866,8.1136,0.0627,8.0509,8.1765,1047.936054,91.5067,1310.77,5.2015,,2033-05-15
2026-10-01,AURP12,AUREN PARTICIPACOES S.A.,*,2035-04-15,"IPCA + 7,4515%",IPCA_MAIS,7.4515,8.2887,7.9758,8.1091,0.0617,8.0475,8.1709,1056.326622,96.6,1423.49,5.6488,,2033-05-15
2026-10-01,AURP13,AUREN PARTICIPACOES S.A.,*,2037-07-15,"IPCA + 6,9164%",IPCA_MAIS,6.9164,8.3374,8.053,8.1994,0.0951,8.1043,8.2945,975.12824,91.8984,1767.82,7.0152,,2035-05-15
2026-10-01,AXIA18,CENTRAIS ELETRICAS BRASILEIRAS S/A ELETROBRAS,*,2033-02-15,"IPCA + 6,8%",IPCA_MAIS,6.8,7.9003,7.6662,7.7634,0.0547,7.7087,7.8182,991.069165,95.4298,1308.65,5.1931,5.0,2033-05-15
2026-10-01,AXIA19,CENTRAIS ELETRICAS BRASILEIRAS S/A ELETROBRAS,*,2036-06-15,"IPCA + 8,0036%",IPCA_MAIS,8.0036,8.008,7.7491,7.8774,0.0604,7.8171,7.9379,1029.213571,100.7397,1589.85,6.3089,50.0,2035-05-15
2026-10-01,AXIA28,CENTRAIS ELETRICAS BRASILEIRAS S/A ELETROBRAS,*,2036-02-15,"IPCA + 6,7116%",IPCA_MAIS,6.7116,7.9669,7.7638,7.8535,0.0967,7.7568,7.9503,963.950652,92.8283,1749.0,6.9405,50.0,2035-05-15
2026-10-01,AXIA38,CENTRAIS ELETRICAS BRASILEIRAS S/A ELETROBRAS,*,2041-02-15,"IPCA + 6,6752%",IPCA_MAIS,6.6752,7.8489,7.6363,7.7049,0.0497,7.6552,7.7546,953.525839,91.8284,2209.33,8.7672,5.0,2040-08-15
2026-10-01,AXIAA1,CENTRAIS ELETRICAS BRASILEIRAS S/A ELETROBRAS,*,2036-07-15,"IPCA + 7,9537%",IPCA_MAIS,7.9537,8.1454,7.8248,7.9054,0.1307,7.7748,8.0362,1018.315966,100.2863,1610.38,6.3904,50.0,2035-05-15
2026-10-01,BARU11,BARUERI ENERGIA RENOVAVEL S.A.,*,2043-03-15,"IPCA + 7,7959%",IPCA_MAIS,7.7959,8.3752,8.2144,8.2716,0.2367,8.0349,8.5083,1253.401786,96.8458,1823.86,7.2375,15.0,2037-05-15
2026-10-01,BCPSA5,CLARO S/A,,2029-03-15,"IPCA + 5,7687%",IPCA_MAIS,5.7687,7.3609,6.9211,7.155,0.0745,7.0805,7.2296,1086.929894,97.0597,577.25,2.2907,50.0,2029-05-15
2026-10-01,BCPSA7,CLARO S/A,*,2036-01-15,"IPCA + 7,0225%",IPCA_MAIS,7.0225,7.7245,7.436,7.5944,0.1277,7.4667,7.7222,1015.04343,96.7036,1579.77,6.2689,,2035-05-15
2026-10-01,BHSA11,BARREIRAS HOLDING S.A.,*,2044-03-15,"IPCA + 6,8413%",IPCA_MAIS,6.8413,8.491,8.1891,8.4086,0.0801,8.3286,8.4888,966.343411,89.58,1854.47,7.359,35.0,2037-05-15
2026-10-01,BION17,BIOENERGETICA VALE DO PARACATU S/A.,*,2032-10-15,"IPCA + 10,1044%",IPCA_MAIS,10.1044,10.8526,10.4129,10.64,0.1582,10.4818,10.7983,1074.024221,98.3782,847.49,3.3631,,2030-08-15
2026-10-01,BLMN12,BELO MONTE TRANSMISSORA DE ENERGIA SPE S.A.,,2031-12-15,"IPCA + 7,1358%",IPCA_MAIS,7.1358,7.4813,7.2136,7.3374,0.0313,7.3061,7.3688,1013.946334,99.5975,540.02,2.1429,5.0,2029-05-15
2026-10-01,BRKP28,BRK AMBIENTAL PARTICIPACOES S/A,*,2034-09-15,"IPCA + 5,5365%",IPCA_MAIS,5.5365,9.8793,9.4371,9.6402,0.0917,9.5484,9.732,1171.650832,82.0105,1293.36,5.1324,5.0,2033-05-15
2026-10-01,BRST11,BRISANET SERVICOS DE TELECOMUNICACOES S.A.,*,2028-03-15,"IPCA + 5,7694%",IPCA_MAIS,5.7694,7.0713,6.7977,6.8442,0.3043,6.5399,7.1486,574.287651,99.0725,232.03,0.9208,,2027-05-15
2026-10-01,BRST15,BRISANET SERVICOS DE TELECOMUNICACOES S.A.,*,2032-12-15,"IPCA + 8,0355%",IPCA_MAIS,8.0355,8.5475,8.2761,8.3893,0.1361,8.2532,8.5255,1047.969152,98.6293,1062.56,4.2165,5.0,2031-05-15
2026-10-01,BTCL12,BRAZIL TOWER CESSAO DE INFRA-ESTRUTURAS S.A.,*,2039-02-15,"IPCA + 10,7609%",IPCA_MAIS,10.7609,10.47,10.0099,10.1769,0.1368,10.04,10.3138,1114.592195,102.9031,1371.64,5.443,,2033-05-15
2026-10-01,BTEL23,V.TAL - REDE NEUTRA DE TELECOMUNICACOES S.A.,*,2032-04-15,"IPCA + 8,27%",IPCA_MAIS,8.27,10.5621,10.0252,10.318,0.1926,10.1254,10.5107,1013.823736,92.7425,1006.8,3.9952,,2031-05-15
2026-10-01,BTEL33,V.TAL - REDE NEUTRA DE TELECOMUNICACOES S.A.,*,2035-04-15,"IPCA + 8,45%",IPCA_MAIS,8.45,10.8227,10.3449,10.5852,0.1188,10.4664,10.7041,984.047996,89.9493,1351.35,5.3625,10.0,2033-05-15
2026-10-01,CAEC12,COMPANHIA DE AGUA E ESGOTO DO CEARA - CAGECE,*,2036-06-15,"IPCA + 8,1891%",IPCA_MAIS,8.1891,8.4221,7.942,8.1714,0.0946,8.0767,8.2661,1132.793194,100.1021,1571.64,6.2367,15.0,2035-05-15
2026-10-01,CAJS11,CONCESSIONARIA AGUAS DE JUTURNAIBA S/A,,2040-11-15,"IPCA + 5,4%",IPCA_MAIS,5.4,8.1149,7.8936,8.1031,0.2913,7.8118,8.3946,1067.890521,85.8326,1467.42,5.8231,,2033-05-15
2026-10-01,CAJS12,CONCESSIONARIA AGUAS DE JUTURNAIBA S/A,*,2037-09-15,"IPCA + 6,85%",IPCA_MAIS,6.85,8.7366,8.3157,8.5308,0.0328,8.4981,8.5637,915.591526,93.2411,1112.19,4.4135,,2031-05-15
2026-10-01,CART13,CONCESSIONÁRIA AUTO RAPOSO TAVARES S/A,*,2035-12-15,"IPCA + 6,8138%",IPCA_MAIS,6.8138,8.9103,8.6303,8.7493,0.0925,8.6567,8.8419,11252.544307,93.2546,966.36,3.8348,,2031-05-15
2026-10-01,CASN23,COMPANHIA CATARINENSE DE AGUAS E SANEAMENTO - CASAN,*,2033-11-16,"IPCA + 10,3294%",IPCA_MAIS,10.3294,8.499,8.1947,8.2659,0.0727,8.1932,8.3387,1169.848555,105.5702,733.65,2.9113,,2029-05-15
2026-10-01,CASN24,COMPANHIA CATARINENSE DE AGUAS E SANEAMENTO - CASAN,*,2032-04-15,"IPCA + 9,9878%",IPCA_MAIS,9.9878,9.3352,8.4456,8.9861,0.3594,8.6266,9.3456,1134.37589,102.6663,727.37,2.8864,,2029-05-15
2026-10-01,CASN34,COMPANHIA CATARINENSE DE AGUAS E SANEAMENTO - CASAN,*,2037-04-15,"IPCA + 10,6573%",IPCA_MAIS,10.6573,9.5448,8.4278,9.0548,0.3759,8.679,9.4308,1178.924937,106.398,1085.84,4.3089,35.0,2031-05-15
2026-10-01,CBAN12,CONCESSIONÁRIA ROTA DAS BANDEIRAS S/A,,2034-07-15,IPCA + 5%,IPCA_MAIS,5.0,7.9614,7.7348,7.7991,0.0871,7.712,7.8862,1445.095781,89.8584,1008.98,4.0039,50.0,2031-05-15
2026-10-01,CBAN32,CONCESSIONÁRIA ROTA DAS BANDEIRAS S/A,,2034-07-15,"IPCA + 5,2%",IPCA_MAIS,5.2,7.9516,7.7354,7.8278,0.0899,7.7379,7.9179,1461.744774,90.495,1005.75,3.9911,,2031-05-15
2026-10-01,CBAN52,CONCESSIONÁRIA ROTA DAS BANDEIRAS S/A,,2034-07-15,"IPCA + 5,2%",IPCA_MAIS,5.2,7.9526,7.737,7.8293,0.0904,7.7388,7.9198,1461.663619,90.49,1005.74,3.991,,2031-05-15
2026-10-01,CBAN72,CONCESSIONÁRIA ROTA DAS BANDEIRAS S/A,,2034-07-15,"IPCA + 5,2%",IPCA_MAIS,5.2,7.9519,7.7359,7.8192,0.0911,7.7281,7.9105,1462.210186,90.5238,1005.85,3.9915,,2031-05-15
2026-10-01,CCLS11,CICLUS AMBIENTAL DO BRASIL S.A.,*,2031-01-15,"IPCA + 6,6739%",IPCA_MAIS,6.6739,14.796,13.0274,13.7712,1.148,12.6232,14.9193,1025.23408,78.8764,917.34,3.6402,15.0,2030-08-15
2026-10-01,CCPV11,CONCESSIONARIA DE RODOVIAS PRVIAS S.A.,*,2030-02-15,"IPCA + 7,6%",IPCA_MAIS,7.6,7.8506,7.6016,7.7338,0.0447,7.6891,7.7786,1197.323067,99.6068,798.89,3.1702,,2030-08-15
2026-10-01,CCROA5,MOTIVA INFRAESTRUTURA DE MOBILIDADE S.A.,*,2033-11-15,"IPCA + 4,8791%",IPCA_MAIS,4.8791,7.8763,7.6467,7.764,0.0393,7.7247,7.8033,940.510674,87.4651,1223.64,4.8557,,2032-08-15
2026-10-01,CCROB4,MOTIVA INFRAESTRUTURA DE MOBILIDADE S.A.,*;**,2028-12-15,"IPCA + 4,25%",IPCA_MAIS,4.25,6.7096,6.1903,6.5118,0.3024,6.2093,6.8143,827.31941,97.5802,285.84,1.1343,,2027-05-15
2026-10-01,CCROB6,MOTIVA INFRAESTRUTURA DE MOBILIDADE S.A.,*,2036-01-15,"IPCA + 6,437%",IPCA_MAIS,6.437,7.9445,7.6415,7.7629,0.0714,7.6915,7.8344,1182.108925,93.5918,1335.79,5.3008,15.0,2033-05-15
2026-10-01,CDES11,VPORTS AUTORIDADE PORTUARIA S/A,*,2038-12-15,"IPCA + 8,0361%",IPCA_MAIS,8.0361,8.1534,7.6857,7.9277,0.156,7.7717,8.0838,1117.734088,100.6333,1586.42,6.2953,35.0,2035-05-15
2026-10-01,CEAD11,CEA II CENTRAIS EOLICAS ASSURUA II SPE S/A,,2030-06-15,"IPCA + 6,6605%",IPCA_MAIS,6.6605,8.5105,8.2966,8.4326,0.0975,8.3351,8.5302,711.31713,97.115,444.77,1.765,,2028-08-15
2026-10-01,CEAL12,EQUATORIAL ALAGOAS DISTRIBUIDORA DE ENERGIA S.A.,*,2037-08-15,"IPCA + 7,3239%",IPCA_MAIS,7.3239,8.3168,8.1742,8.252,0.1387,8.1133,8.3909,995.566307,94.3013,1705.95,6.7696,,2035-05-15
2026-10-01,CEAL21,EQUATORIAL ALAGOAS DISTRIBUIDORA DE ENERGIA S.A.,*,2034-10-15,"IPCA + 6,3618%",IPCA_MAIS,6.3618,8.3587,8.1235,8.2389,0.0509,8.188,8.2899,1134.083914,91.8402,1215.74,4.8244,,2032-08-15
2026-10-01,CEAM11,AMBIENTAL CEARA 2 SPE S.A.,*,2045-12-15,"IPCA + 7,5232%",IPCA_MAIS,7.5232,12.6114,11.8985,12.221,0.5503,11.6707,12.7714,76.155149,71.7549,1806.09,7.167,,2037-05-15
2026-10-01,CEAP12,COMPANHIA DE ELETRICIDADE DO AMAPA - CEA,*;**,2030-07-15,"IPCA + 6,5%",IPCA_MAIS,6.5,8.164,7.8441,8.0062,0.0845,7.9217,8.0907,1118.706829,95.9625,738.16,2.9292,,2030-08-15
2026-10-01,CEAP14,COMPANHIA DE ELETRICIDADE DO AMAPA - CEA,*,2033-12-15,"IPCA + 6,75%",IPCA_MAIS,6.75,8.3629,8.1245,8.2156,0.0698,8.1458,8.2855,1081.583064,93.3894,1257.07,4.9884,15.0,2032-08-15
2026-10-01,CEAP17,COMPANHIA DE ELETRICIDADE DO AMAPA - CEA,*,2036-12-15,"IPCA + 7,9091%",IPCA_MAIS,7.9091,8.4296,8.0795,8.2513,0.0541,8.1972,8.3056,1087.622796,98.0337,1576.83,6.2573,,2035-05-15
2026-10-01,CEAP19,COMPANHIA DE ELETRICIDADE DO AMAPA - CEA,*,2037-06-15,"IPCA + 7,0606%",IPCA_MAIS,7.0606,8.4504,8.2639,8.335,0.0877,8.2473,8.4229,989.876711,92.3873,1670.82,6.6302,,2035-05-15
2026-10-01,CEEBB6,CIA DE ELETRICIDADE DO ESTADO DA BAHIA - COELBA,*,2030-08-15,"IPCA + 6,25%",IPCA_MAIS,6.25,8.1139,7.8862,7.9867,0.0574,7.9293,8.0442,1102.39927,95.1995,763.08,3.0281,,2030-08-15
2026-10-01,CEEBB7,CIA DE ELETRICIDADE DO ESTADO DA BAHIA - COELBA,*,2033-11-15,"IPCA + 6,1%",IPCA_MAIS,6.1,8.3146,8.0638,8.1651,0.0887,8.0764,8.2539,1055.5787,90.7794,1255.32,4.9814,,2032-08-15
2026-10-01,CEEBC3,CIA DE ELETRICIDADE DO ESTADO DA BAHIA - COELBA,*,2031-10-15,"IPCA + 5,8224%",IPCA_MAIS,5.8224,8.1122,7.919,8.0069,0.0697,7.9372,8.0767,1224.553919,93.0829,879.78,3.4912,,2030-08-15
2026-10-01,CEEBC4,CIA DE ELETRICIDADE DO ESTADO DA BAHIA - COELBA,*,2032-04-15,"IPCA + 6,2792%",IPCA_MAIS,6.2792,8.1451,7.9094,8.0138,0.0451,7.9688,8.059,1171.625066,93.9593,965.57,3.8316,,2031-05-15
2026-10-01,CEEBD2,CIA DE ELETRICIDADE DO ESTADO DA BAHIA - COELBA,*,2035-11-15,"IPCA + 6,3%",IPCA_MAIS,6.3,8.3598,8.1343,8.1962,0.1261,8.0701,8.3224,943.598998,88.6395,1697.58,6.7364,40.0,2035-05-15
2026-10-01,CEEBE3,CIA DE ELETRICIDADE DO ESTADO DA BAHIA - COELBA,*,2031-03-15,"IPCA + 7,0099%",IPCA_MAIS,7.0099,8.0994,7.8734,7.9946,0.0859,7.9087,8.0806,1023.495832,96.5737,957.44,3.7994,5.0,2031-05-15
2026-10-01,CEED12,COMPANHIA ESTADUAL DE DISTRIBUICAO DE ENERGIA ELETRICA - CEEE D,*,2029-12-15,"IPCA + 7,1498%",IPCA_MAIS,7.1498,7.8233,7.6122,7.7331,0.0864,7.6467,7.8196,1195.998372,98.4701,715.18,2.838,,2029-05-15
2026-10-01,CEED13,COMPANHIA ESTADUAL DE DISTRIBUICAO DE ENERGIA ELETRICA - CEEE D,*,2030-07-15,"IPCA + 6,5%",IPCA_MAIS,6.5,8.2034,8.0262,8.1148,0.0905,8.0244,8.2054,1115.291432,95.6804,737.96,2.9284,,2030-08-15
2026-10-01,CEED15,COMPANHIA ESTADUAL DE DISTRIBUICAO DE ENERGIA ELETRICA - CEEE D,*,2036-05-15,"IPCA + 6,5596%",IPCA_MAIS,6.5596,8.4036,8.2317,8.307,0.069,8.238,8.3761,1025.418514,90.4535,1538.42,6.1048,,2035-05-15
2026-10-01,CEED17,COMPANHIA ESTADUAL DE DISTRIBUICAO DE ENERGIA ELETRICA - CEEE D,*,2036-09-15,"IPCA + 6,6493%",IPCA_MAIS,6.6493,8.4124,8.093,8.234,0.0589,8.1752,8.293,999.841157,90.865,1622.03,6.4366,,2035-05-15
2026-10-01,CEED19,COMPANHIA ESTADUAL DE DISTRIBUICAO DE ENERGIA ELETRICA - CEEE D,*,2037-06-15,"IPCA + 7,0606%",IPCA_MAIS,7.0606,,8.1934,8.3375,0.0878,8.2497,8.4253,989.725273,92.3731,1670.76,6.63,45.0,2035-05-15
2026-10-01,CEED21,COMPANHIA ESTADUAL DE DISTRIBUICAO DE ENERGIA ELETRICA - CEEE D,,2029-08-15,"IPCA + 5,4409%",IPCA_MAIS,5.4409,7.8653,7.659,7.757,0.0455,7.7115,7.8026,1258.697424,95.299,557.37,2.2118,10.0,2029-05-15
2026-10-01,CEPEA7,COMPANHIA ENERGÉTICA DE PERNAMBUCO - CELPE,*,2035-08-15,"IPCA + 6,7929%",IPCA_MAIS,6.7929,8.1523,7.9504,8.0421,0.0253,8.0168,8.0675,1014.159162,90.2581,2221.0,8.8135,,2040-08-15
2026-10-01,CEPEA8,COMPANHIA ENERGÉTICA DE PERNAMBUCO - CELPE,*,2031-03-15,"IPCA + 7,0099%",IPCA_MAIS,7.0099,8.1178,7.8605,7.9936,0.0829,7.9107,8.0765,1023.531842,96.5771,957.44,3.7994,5.0,2031-05-15
2026-10-01,CEPEB3,COMPANHIA ENERGÉTICA DE PERNAMBUCO - CELPE,*,2033-11-15,"IPCA + 6,1%",IPCA_MAIS,6.1,8.2814,7.9751,8.1511,0.0832,8.0679,8.2344,1056.259587,90.8379,1255.44,4.9819,,2032-08-15
2026-10-01,CEPEB7,COMPANHIA ENERGÉTICA DE PERNAMBUCO - CELPE,*,2040-08-15,"IPCA + 6,7392%",IPCA_MAIS,6.7392,8.1437,7.9423,8.0269,0.0133,8.0136,8.0403,951.078553,90.1877,2139.22,8.489,,2040-08-15
2026-10-01,CEPEC1,COMPANHIA ENERGÉTICA DE PERNAMBUCO - CELPE,*,2031-10-15,"IPCA + 5,875%",IPCA_MAIS,5.875,8.091,7.9123,7.9767,0.0494,7.9273,8.0263,1228.257148,93.3428,879.1,3.4885,,2030-08-15
2026-10-01,CEPEC2,COMPANHIA ENERGÉTICA DE PERNAMBUCO - CELPE,*,2032-04-15,"IPCA + 6,2792%",IPCA_MAIS,6.2792,8.1329,7.9334,8.0368,0.0682,7.9686,8.1051,1170.66969,93.8827,965.46,3.8312,,2031-05-15
2026-10-01,CEROA4,CENTRAIS ELETRICAS DE RONDONIA S/A CERON,*,2035-10-15,"IPCA + 7,2856%",IPCA_MAIS,7.2856,8.3879,8.1552,8.2539,0.0623,8.1916,8.3162,1014.29666,94.3171,1629.77,6.4673,,2035-05-15
2026-10-01,CEROB4,CENTRAIS ELETRICAS DE RONDONIA S/A CERON,*,2040-10-15,"IPCA + 7,1683%",IPCA_MAIS,7.1683,8.5154,8.227,8.3412,0.0566,8.2846,8.398,982.060557,91.3659,2059.57,8.1729,,2037-05-15
2026-10-01,CERR18,CERRADINHO BIOENERGIA S/A,*,2034-12-15,"IPCA + 8,3082%",IPCA_MAIS,8.3082,,9.776,9.9203,0.137,9.7833,10.0574,1025.149742,92.3703,1342.22,5.3263,,2033-05-15
2026-10-01,CERT11,CONCESSIONARIA ECOVIAS RAPOSO-CASTELO S.A,*,2029-03-15,"IPCA + 8,1773%",IPCA_MAIS,8.1773,8.465,8.264,8.3309,0.0536,8.2774,8.3846,1205.589852,99.6566,611.0,2.4246,15.0,2029-05-15
2026-10-01,CESE32,CELSE - CENTRAIS ELETRICAS DE SERGIPE S.A.,*,2030-09-15,"IPCA + 7,4941%",IPCA_MAIS,7.4941,8.0808,7.8622,7.9437,0.0936,7.8502,8.0374,1134.797377,98.7262,773.58,3.0698,15.0,2030-08-15
2026-10-01,CESPA2,CESP-COMPANHIA ENERGETICA DE SAO PAULO,*;**,2030-08-15,"IPCA + 4,3%",IPCA_MAIS,4.3,8.1288,7.6424,7.8433,0.094,7.7492,7.9374,1318.094363,91.4665,669.32,2.656,,2029-05-15
2026-10-01,CESPA3,CESP-COMPANHIA ENERGETICA DE SAO PAULO,*,2034-04-15,"IPCA + 6,1661%",IPCA_MAIS,6.1661,8.2736,7.9602,8.1189,0.049,8.0699,8.1679,1041.791327,90.8583,1314.89,5.2178,15.0,2033-05-15
2026-10-01,CGASA1,COMPANHIA DE GAS DE SÃO PAULO - COMGAS,*,2034-07-15,"IPCA + 6,3763%",IPCA_MAIS,6.3763,8.0271,7.7986,7.9331,0.0505,7.8827,7.9837,1022.056521,91.489,1531.68,6.0781,,2035-05-15
2026-10-01,CGASA2,COMPANHIA DE GAS DE SÃO PAULO - COMGAS,*,2036-12-15,"IPCA + 7,1728%",IPCA_MAIS,7.1728,7.9963,7.6402,7.8624,0.0937,7.7687,7.9563,1056.764574,95.4765,1808.6,7.177,15.0,2037-05-15
2026-10-01,CGASA4,COMPANHIA DE GAS DE SÃO PAULO - COMGAS,*,2037-09-15,"IPCA + 6,7998%",IPCA_MAIS,6.7998,8.0579,7.808,7.9155,0.0609,7.8546,7.9764,964.240591,92.2105,1948.36,7.7316,10.0,2037-05-15
2026-10-01,CGASB1,COMPANHIA DE GAS DE SÃO PAULO - COMGAS,*,2039-07-15,"IPCA + 6,4504%",IPCA_MAIS,6.4504,7.9995,7.7678,7.9273,0.075,7.8523,8.0025,998.042027,89.3258,2034.88,8.0749,,2037-05-15
2026-10-01,CGASB4,COMPANHIA DE GAS DE SÃO PAULO - COMGAS,*,2040-09-15,"IPCA + 6,5846%",IPCA_MAIS,6.5846,7.8742,7.6472,7.8082,0.0761,7.7321,7.8844,945.994017,90.4743,2180.52,8.6529,,2040-08-15
2026-10-01,CGEE13,COMPANHIA ESTADUAL DE GERACAO DE ENERGIA ELETRICA - CEEE-G,*,2041-12-14,"IPCA + 8,7219%",IPCA_MAIS,8.7219,,14.0496,14.4172,0.1362,14.2809,14.5535,813.763166,74.8457,1332.82,5.289,,2033-05-15
2026-10-01,CGEE23,COMPANHIA ESTADUAL DE GERACAO DE ENERGIA ELETRICA - CEEE-G,*,2041-12-15,"IPCA + 8,7219%",IPCA_MAIS,8.7219,14.9387,13.951,14.5952,0.2438,14.3513,14.8391,807.114172,74.2341,1327.15,5.2665,5.0,2033-05-15
2026-10-01,CGMG18,COMPANHIA DE GÁS DE MINAS GERAIS - GASMIG,,2031-08-15,"IPCA + 5,27%",IPCA_MAIS,5.27,7.5666,7.2383,7.4029,0.0468,7.3561,7.4498,907.979438,94.8148,663.87,2.6344,,2029-05-15
2026-10-01,CGOS13,EQUATORIAL GOIAS DISTRIBUIDORA DE ENERGIA S.A.,*,2031-04-15,"IPCA + 7,1%",IPCA_MAIS,7.1,8.1795,7.8397,8.0435,0.0578,7.9857,8.1015,1160.504562,97.3676,764.88,3.0352,10.0,2030-08-15
2026-10-01,CGOS16,EQUATORIAL GOIAS DISTRIBUIDORA DE ENERGIA S.A.,*,2036-05-15,"IPCA + 6,4895%",IPCA_MAIS,6.4895,8.5426,8.1746,8.2506,0.1043,8.1463,8.355,1024.672061,90.3539,1542.27,6.1201,,2035-05-15
2026-10-01,CGOS24,EQUATORIAL GOIAS DISTRIBUIDORA DE ENERGIA S.A.,*,2031-10-15,"IPCA + 6,4407%",IPCA_MAIS,6.4407,8.1585,7.756,7.983,0.09,7.8931,8.0731,1119.041726,95.134,870.73,3.4553,,2030-08-15
2026-10-01,CGOS28,EQUATORIAL GOIAS DISTRIBUIDORA DE ENERGIA S.A.,*,2036-09-15,"IPCA + 6,6493%",IPCA_MAIS,6.6493,8.429,8.1033,8.2582,0.0599,8.1984,8.3182,998.194912,90.7344,1621.59,6.4349,5.0,2035-05-15
2026-10-01,CGOS34,EQUATORIAL GOIAS DISTRIBUIDORA DE ENERGIA S.A.,*,2035-10-15,"IPCA + 6,6789%",IPCA_MAIS,6.6789,8.3497,8.0719,8.212,0.0453,8.1667,8.2575,1084.229954,92.0789,1445.11,5.7346,,2033-05-15
2026-10-01,CGOSA0,EQUATORIAL GOIAS DISTRIBUIDORA DE ENERGIA S.A.,*,2037-08-15,"IPCA + 7,3239%",IPCA_MAIS,7.3239,8.4581,7.9498,8.2039,0.1082,8.0956,8.3122,998.567166,94.5855,1707.12,6.7743,5.0,2035-05-15
2026-10-01,CGOSA2,EQUATORIAL GOIAS DISTRIBUIDORA DE ENERGIA S.A.,*,2038-01-15,"IPCA + 6,57%",IPCA_MAIS,6.57,8.5607,8.3286,8.4388,0.0752,8.3637,8.5141,924.247661,88.3199,1775.36,7.0451,35.0,2035-05-15
2026-10-01,CGOSB0,EQUATORIAL GOIAS DISTRIBUIDORA DE ENERGIA S.A.,*,2037-08-15,"IPCA + 7,3239%",IPCA_MAIS,7.3239,8.4291,8.1707,8.2895,0.0488,8.2407,8.3384,993.235364,94.0805,1705.04,6.766,5.0,2035-05-15
2026-10-01,CHSF13,COMPANHIA HIDRO ELETRICA DO SAO FRANCISCO - CHESF,*,2031-06-15,"IPCA + 6,767%",IPCA_MAIS,6.767,7.78,7.5346,7.6243,0.0937,7.5306,7.7181,1093.145064,96.8576,1004.32,3.9854,50.0,2031-05-15
2026-10-01,CJEN13,TESC-TERMINAL SANTA CATARINA S/A,*,2035-12-15,"IPCA + 8,1693%",IPCA_MAIS,8.1693,,7.7307,7.7917,0.1486,7.6431,7.9403,1186.745401,101.3881,996.57,3.9546,,2031-05-15
2026-10-01,CLAG13,COLOMBO AGROINDUSTRIA SA,*,2028-07-15,"IPCA + 5,4806%",IPCA_MAIS,5.4806,,7.7668,8.1357,0.6195,7.5162,8.7552,861.169172,96.9992,308.01,1.2223,10.0,2028-08-15
2026-10-01,CLAG15,COLOMBO AGROINDUSTRIA SA,*,2032-12-15,"IPCA + 7,77%",IPCA_MAIS,7.77,,8.4093,8.9202,0.0631,8.8571,8.9834,1011.702642,95.2578,1148.86,4.559,35.0,2032-08-15
2026-10-01,CLCD26,CELESC DISTRIBUIÇÃO S/A,*,2030-11-15,"IPCA + 6,5279%",IPCA_MAIS,6.5279,7.3824,7.0861,7.2212,0.1127,7.1084,7.334,1147.486588,98.2185,697.38,2.7674,,2029-05-15
2026-10-01,CLCD27,CELESC DISTRIBUIÇÃO S/A,*,2034-07-15,"IPCA + 6,9534%",IPCA_MAIS,6.9534,7.6696,7.4325,7.5731,0.1426,7.4304,7.7158,1084.869411,97.0131,1319.47,5.236,45.0,2033-05-15
2026-10-01,CLIS13,CLI SUL S/A,*,2035-08-15,"IPCA + 8,5536%",IPCA_MAIS,8.5536,7.7489,7.6283,7.6868,0.0408,7.6461,7.7277,1126.948806,104.0089,1241.66,4.9272,,2032-08-15
2026-10-01,CLTM14,CONCESSIONARIA DAS LINHAS 8 E 9 DO SISTEMA DE TRENS METROPOLITANOS DE SAO PAULO S.A.,*,2042-01-15,"IPCA + 7,25%",IPCA_MAIS,7.25,9.1912,8.9154,9.0359,0.0864,8.9495,9.1224,1033.867165,91.1358,1383.28,5.4892,35.0,2033-05-15
2026-10-01,CMGD28,CEMIG DISTRIBUIÇÃO S/A,*,2029-06-15,"IPCA + 6,1052%",IPCA_MAIS,6.1052,7.3921,7.1326,7.3077,0.0858,7.222,7.3936,1186.052578,97.7344,511.87,2.0312,,2028-08-15
2026-10-01,CMGDA4,CEMIG DISTRIBUIÇÃO S/A,*,2037-10-15,"IPCA + 6,7878%",IPCA_MAIS,6.7878,8.0806,7.793,8.0212,0.1481,7.8731,8.1694,988.454403,92.138,1778.57,7.0578,50.0,2037-05-15
2026-10-01,CMGDB0,CEMIG DISTRIBUIÇÃO S/A,*,2034-02-15,"IPCA + 6,1469%",IPCA_MAIS,6.1469,7.828,7.4845,7.6852,0.1292,7.5561,7.8145,1043.796444,92.6927,1322.06,5.2463,,2033-05-15
2026-10-01,CMGDB1,CEMIG DISTRIBUIÇÃO S/A,*,2036-09-15,"IPCA + 6,5769%",IPCA_MAIS,6.5769,8.0354,7.5453,7.8795,0.1474,7.7321,8.027,1010.480015,91.7389,1773.83,7.039,40.0,2035-05-15
2026-10-01,CMGDB2,CEMIG DISTRIBUIÇÃO S/A,*,2040-03-15,"IPCA + 7,5467%",IPCA_MAIS,7.5467,8.2068,7.855,8.0537,0.1057,7.948,8.1595,1026.717598,96.2075,2060.31,8.1758,10.0,2037-05-15
2026-10-01,CMGDB4,CEMIG DISTRIBUIÇÃO S/A,*,2040-10-15,"IPCA + 6,6504%",IPCA_MAIS,6.6504,7.9604,7.8704,7.8756,0.0844,7.7912,7.9602,972.620308,90.7162,2117.43,8.4025,5.0,2040-08-15
2026-10-01,CMGDB6,CEMIG DISTRIBUIÇÃO S/A,*,2038-08-15,"IPCA + 7,35%",IPCA_MAIS,7.35,8.0279,,7.9249,0.1754,7.7495,8.1005,966.97138,95.9071,1961.34,7.7831,,2037-05-15
2026-10-01,CMGTA1,CEMIG GERAÇÃO E TRANSMISSÃO S/A,*,2037-10-15,"IPCA + 6,7878%",IPCA_MAIS,6.7878,8.1169,7.9339,7.9888,0.0891,7.8997,8.078,990.549992,92.3333,1779.53,7.0616,15.0,2037-05-15
2026-10-01,CMGTB1,CEMIG GERAÇÃO E TRANSMISSÃO S/A,*,2040-10-15,"IPCA + 6,6504%",IPCA_MAIS,6.6504,8.0025,7.7363,7.8719,0.1094,7.7625,7.9814,972.900673,90.7424,2117.63,8.4033,,2040-08-15
2026-10-01,CMIN11,CSN MINERACAO S.A.,*,2031-07-15,"IPCA + 4,879%",IPCA_MAIS,4.879,17.1658,13.4928,15.2785,0.4731,14.8054,15.7517,898.522043,67.3503,1034.96,4.107,,2031-05-15
2026-10-01,CMIN12,CSN MINERACAO S.A.,,2032-07-15,"IPCA + 6,8798%",IPCA_MAIS,6.8798,17.2047,13.5233,15.3617,0.4887,14.873,15.8504,848.701581,69.9989,1145.96,4.5475,,2032-08-15
2026-10-01,CMIN21,CSN MINERACAO S.A.,*,2036-07-15,"IPCA + 5,021%",IPCA_MAIS,5.021,16.6678,11.4502,14.3967,0.6046,13.7921,15.0014,768.642908,57.598,1541.37,6.1165,,2035-05-15
2026-10-01,CMIN22,CSN MINERACAO S.A.,,2037-07-15,"IPCA + 7,0673%",IPCA_MAIS,7.0673,17.2442,11.7223,14.683,0.2705,14.4125,14.9535,765.25262,63.0921,1583.14,6.2823,,2035-05-15
2026-10-01,CMTR29,CEMIG GERAÇÃO E TRANSMISSÃO S/A,*,2029-12-15,"IPCA + 7,6245%",IPCA_MAIS,7.6245,7.4669,7.1564,7.2916,0.0912,7.2003,7.3829,1227.938073,100.8783,711.57,2.8237,,2029-05-15
2026-10-01,CNRD12,CONCESSIONARIA DA RODOVIA MS 306 S.A.,*,2043-05-15,"IPCA + 7,6891%",IPCA_MAIS,7.6891,8.9387,8.5964,8.7273,0.0641,8.6632,8.7915,1001.255902,93.5691,1720.79,6.8285,40.0,2035-05-15
2026-10-01,COCE18,COMPANHIA ENERGÉTICA DO CEARÁ - COELCE,*,2032-05-15,"IPCA + 6,2137%",IPCA_MAIS,6.2137,9.3967,9.0154,9.1288,0.1685,8.9603,9.2975,1102.780562,89.9219,981.45,3.8946,,2031-05-15
2026-10-01,COCEB2,COMPANHIA ENERGÉTICA DO CEARÁ - COELCE,*,2030-05-15,"IPCA + 7,9%",IPCA_MAIS,7.9,9.4658,9.0634,9.307,0.0805,9.2265,9.3877,1041.023378,96.0718,777.86,3.0867,40.0,2030-08-15
2026-10-01,COMR14,COMERC PARTICIPACOES S.A.,*,2038-11-15,"IPCA + 7,9171%",IPCA_MAIS,7.9171,9.8918,9.4561,9.6824,0.0686,9.6139,9.7511,1021.250982,92.0653,1259.79,4.9992,15.0,2032-08-15
2026-10-01,COMR15,COMERC PARTICIPACOES S.A.,*,2040-04-15,"IPCA + 7,2209%",IPCA_MAIS,7.2209,9.9253,9.5006,9.6451,0.1459,9.4992,9.7912,922.557837,88.4309,1343.72,5.3322,,2033-05-15
2026-10-01,COMT11,CONCESSIONARIA DE RODOVIA SUL - MATOGROSSENSE S.A,,2030-12-15,"IPCA + 7,3161%",IPCA_MAIS,7.3161,7.8378,7.4935,7.7389,0.0382,7.7007,7.7772,1043.015064,98.5954,905.9,3.5948,,2030-08-15
2026-10-01,CONF11,CONFLUENCIA ENERGIA S/A,*,2041-11-15,"IPCA + 6,6018%",IPCA_MAIS,6.6018,8.2709,8.0007,8.1267,0.1485,7.9782,8.2754,1142.541885,91.5598,1531.06,6.0756,,2035-05-15
2026-10-01,CONX12,TRIPLE PLAY BRASIL PARTICIPACOES S.A.,*,2029-08-15,"IPCA + 7,684%",IPCA_MAIS,7.684,14.9657,13.5335,14.1836,0.4683,13.7153,14.652,820.230644,90.4712,425.55,1.6887,5.0,2028-08-15
2026-10-01,CPFGA2,CPFL TRANSMISSAO S.A,*,2031-05-15,"IPCA + 6,0265%",IPCA_MAIS,6.0265,7.6973,7.4829,7.5746,0.0442,7.5304,7.6189,1170.357739,95.497,798.57,3.1689,15.0,2030-08-15
2026-10-01,CPFPA2,COMPANHIA PIRATININGA DE FORÇA E LUZ,*;**,2031-05-15,"IPCA + 4,3%",IPCA_MAIS,4.3,7.7834,7.5935,7.6766,0.0197,7.6569,7.6964,1231.443717,90.098,819.96,3.2538,,2030-08-15
2026-10-01,CPFPA5,COMPANHIA PIRATININGA DE FORÇA E LUZ,*,2033-10-15,"IPCA + 6,1774%",IPCA_MAIS,6.1774,7.8297,7.5565,7.7122,0.0427,7.6695,7.7549,1093.607133,93.1637,1236.46,4.9066,,2032-08-15
2026-10-01,CPFPA7,COMPANHIA PIRATININGA DE FORÇA E LUZ,*,2034-04-15,"IPCA + 6,235%",IPCA_MAIS,6.235,7.9093,7.636,7.7808,0.0538,7.727,7.8347,1060.394463,92.687,1316.38,5.2237,,2033-05-15
2026-10-01,CPFPA9,COMPANHIA PIRATININGA DE FORÇA E LUZ,*,2035-02-15,"IPCA + 7,7082%",IPCA_MAIS,7.7082,7.912,7.6653,7.769,0.0408,7.7282,7.81,1075.848538,99.6793,1434.04,5.6906,,2033-05-15
2026-10-01,CPFPB0,COMPANHIA PIRATININGA DE FORÇA E LUZ,*,2035-05-15,"IPCA + 6,9249%",IPCA_MAIS,6.9249,7.8777,7.6737,7.7598,0.0237,7.7361,7.7837,1032.012024,95.5511,1468.08,5.8257,,2033-05-15
2026-10-01,CPFPB1,COMPANHIA PIRATININGA DE FORÇA E LUZ,*,2035-09-15,"IPCA + 6,8967%",IPCA_MAIS,6.8967,8.0199,7.7916,7.9035,0.0857,7.8178,7.9893,986.805439,94.3643,1551.63,6.1573,,2035-05-15
2026-10-01,CPFPB7,COMPANHIA PIRATININGA DE FORÇA E LUZ,*,2039-04-15,"IPCA + 6,3018%",IPCA_MAIS,6.3018,8.1219,7.8161,7.9611,0.0745,7.8866,8.0357,1010.972226,88.3573,1980.77,7.8602,,2037-05-15
2026-10-01,CPGS16,COMPANHIA PARANAENSE DE GAS COMPAGAS,*,2041-02-15,"IPCA + 6,89%",IPCA_MAIS,6.89,,,,,,,,,,,,2040-08-15
2026-10-01,CPGT27,COPEL GERAÇÃO E TRANSMISSÃO S/A,*,2031-10-15,"IPCA + 5,7138%",IPCA_MAIS,5.7138,7.7886,7.5008,7.6463,0.0804,7.566,7.7268,1227.621656,93.8256,882.84,3.5033,5.0,2030-08-15
2026-10-01,CPGT28,COPEL GERAÇÃO E TRANSMISSÃO S/A,*,2035-01-15,"IPCA + 6,8226%",IPCA_MAIS,6.8226,7.9968,7.6719,7.8479,0.0862,7.7618,7.9342,1134.611806,94.6718,1437.68,5.7051,,2033-05-15
2026-10-01,CPGTA1,COPEL GERAÇÃO E TRANSMISSÃO S/A,*,2038-01-15,"IPCA + 7,1841%",IPCA_MAIS,7.1841,8.0822,7.8124,7.9336,0.0745,7.8591,8.0083,1002.210547,95.4639,1669.03,6.6231,50.0,2035-05-15
2026-10-01,CPGTC0,COPEL GERAÇÃO E TRANSMISSÃO S/A,*,2037-02-15,"IPCA + 7,482%",IPCA_MAIS,7.482,7.9666,7.7005,7.7456,0.1224,7.6232,7.8682,1060.556793,98.5022,1549.82,6.1501,,2035-05-15
2026-10-01,CPIS13,EQUATORIAL PIAUI DISTRIBUIDORA DE ENERGIA S.A,*,2036-09-15,"IPCA + 6,8091%",IPCA_MAIS,6.8091,8.4184,8.175,8.2833,0.0975,8.1858,8.3809,1007.145188,91.5223,1614.87,6.4082,,2035-05-15
2026-10-01,CPIS14,EQUATORIAL PIAUI DISTRIBUIDORA DE ENERGIA S.A,*,2037-08-15,"IPCA + 7,3239%",IPCA_MAIS,7.3239,8.3926,8.1601,8.2473,0.0669,8.1804,8.3143,995.858985,94.329,1706.06,6.7701,,2035-05-15
2026-10-01,CPIS15,EQUATORIAL PIAUI DISTRIBUIDORA DE ENERGIA S.A,*,2037-09-15,"IPCA + 7,1962%",IPCA_MAIS,7.1962,8.4714,8.2253,8.3412,0.0672,8.274,8.4084,973.227648,92.9119,1729.84,6.8644,,2035-05-15
2026-10-01,CPIS16,EQUATORIAL PIAUI DISTRIBUIDORA DE ENERGIA S.A,*,2038-01-15,"IPCA + 6,57%",IPCA_MAIS,6.57,8.5127,8.1968,8.3699,0.1755,8.1944,8.5455,928.397673,88.7165,1777.22,7.0525,,2037-05-15
2026-10-01,CPJG18,COMPANHIA JAGUARI DE ENERGIA,*,2036-03-15,"IPCA + 6,458%",IPCA_MAIS,6.458,7.9289,7.709,7.8126,0.1338,7.6788,7.9466,946.690418,92.0393,1641.54,6.514,,2035-05-15
2026-10-01,CPLD15,COPEL DISTRIBUICAO S/A,,2027-11-15,"IPCA + 4,2%",IPCA_MAIS,4.2,5.713,5.5393,5.6448,0.0476,5.5971,5.6925,982.2003,99.1821,149.88,0.5948,,2027-05-15
2026-10-01,CPLD26,COPEL DISTRIBUICAO S/A,*,2031-06-15,"IPCA + 4,7742%",IPCA_MAIS,4.7742,7.8005,7.5174,7.6764,0.0673,7.609,7.7438,1230.169549,91.2981,835.42,3.3152,,2030-08-15
2026-10-01,CPLD29,COPEL DISTRIBUICAO S/A,*,2036-05-15,"IPCA + 6,2831%",IPCA_MAIS,6.2831,7.9765,7.5101,7.7691,0.1522,7.6168,7.9214,1049.099328,92.4804,1405.7,5.5782,45.0,2033-05-15
2026-10-01,CPLD37,COPEL DISTRIBUICAO S/A,*,2032-05-15,"IPCA + 6,1732%",IPCA_MAIS,6.1732,7.8516,7.6042,7.7131,0.0286,7.6845,7.7418,1155.599355,94.484,989.19,3.9254,,2031-05-15
2026-10-01,CPLDA1,COPEL DISTRIBUICAO S/A,*,2038-01-15,"IPCA + 7,1841%",IPCA_MAIS,7.1841,8.0443,7.8058,7.9504,0.0689,7.8815,8.0193,1001.178116,95.3656,1668.59,6.6214,50.0,2035-05-15
2026-10-01,CPLDC0,COPEL DISTRIBUICAO S/A,*,2037-07-15,"IPCA + 6,9543%",IPCA_MAIS,6.9543,7.9637,7.7753,7.8963,0.0791,7.8172,7.9755,1005.199531,94.5115,1611.22,6.3937,15.0,2035-05-15
2026-10-01,CRCF12,CONCESSIONARIA RODOVIAS DO CAFE SPE S.A.,*,2041-03-15,"IPCA + 8,4668%",IPCA_MAIS,8.4668,9.3474,9.0401,9.0818,0.1762,8.9057,9.2581,1153.120382,95.8425,1877.64,7.451,,2037-05-15
2026-10-01,CRMG15,CONCESSIONÁRIA DA RODOVIA MG-050 S/A,*,2030-12-15,"IPCA + 5,9668%",IPCA_MAIS,5.9668,7.0547,6.7468,6.9154,0.2061,6.7094,7.1216,844.898953,97.8046,625.56,2.4824,5.0,2029-05-15
2026-10-01,CRNP13,CONCESSIONARIA DE RODOVIAS NOROESTE PAULISTA S.A.,*,2047-12-15,"IPCA + 8,3702%",IPCA_MAIS,8.3702,9.0535,8.7985,8.9627,0.1053,8.8574,9.068,1023.593155,95.4766,2115.45,8.3946,35.0,2040-08-15
2026-10-01,CRNP23,CONCESSIONARIA DE RODOVIAS NOROESTE PAULISTA S.A.,*,2047-12-15,"IPCA + 8,3702%",IPCA_MAIS,8.3702,9.0346,8.8403,8.8877,0.1082,8.7794,8.996,1029.535225,96.0309,2121.46,8.4185,,2040-08-15
2026-10-01,CRTA12,CONCESSIONARIA ROTA DO OESTE S.A.,*,2043-12-15,"IPCA + 7,7178%",IPCA_MAIS,7.7178,8.907,8.4278,8.8794,0.3056,8.5738,9.1852,1018.960848,91.8232,1971.14,7.822,,2037-05-15
2026-10-01,CRTR12,CONCESSIONARIA RODOVIAS DO TRIANGULO SPE S.A.,*,2041-08-15,"IPCA + 7,3201%",IPCA_MAIS,7.3201,9.2206,8.9203,8.9809,0.1268,8.8541,9.1077,1002.047573,90.2738,1646.29,6.5329,,2035-05-15
2026-10-01,CSAN33,COSAN S.A.,*,2031-08-15,"IPCA + 5,7531%",IPCA_MAIS,5.7531,10.3311,9.9303,10.1286,0.1076,10.021,10.2363,1154.323955,86.9985,858.96,3.4086,,2030-08-15
2026-10-01,CSMGA6,CIA DE SANEAMENTO DE M.GERAIS COPASA MG,*,2031-09-15,"IPCA + 5,2306%",IPCA_MAIS,5.2306,7.3129,7.2047,7.2497,0.0672,7.1825,7.317,771.738668,94.955,681.76,2.7054,,2029-05-15
2026-10-01,CSMGB8,CIA DE SANEAMENTO DE M.GERAIS COPASA MG,*,2030-09-15,"IPCA + 7,1%",IPCA_MAIS,7.1,8.0853,7.81,7.9068,0.074,7.8328,7.981,1066.437324,98.5949,473.93,1.8807,,2028-08-15
2026-10-01,CSMGB9,CIA DE SANEAMENTO DE M.GERAIS COPASA MG,*,2034-07-15,"IPCA + 7,2735%",IPCA_MAIS,7.2735,8.893,8.6648,8.72,0.092,8.628,8.8122,1069.346949,95.4052,877.41,3.4818,5.0,2030-08-15
2026-10-01,CSMGC0,CIA DE SANEAMENTO DE M.GERAIS COPASA MG,*,2035-05-15,"IPCA + 8,21%",IPCA_MAIS,8.21,8.6697,8.3731,8.4899,0.1088,8.3811,8.5988,1052.073016,98.9551,1022.99,4.0595,10.0,2031-05-15
2026-10-01,CSMGE1,CIA DE SANEAMENTO DE M.GERAIS COPASA MG,*,2035-10-15,"IPCA + 8,3342%",IPCA_MAIS,8.3342,8.6207,8.3575,8.4942,0.0601,8.434,8.5544,1052.760006,99.3677,1082.12,4.2941,35.0,2031-05-15
2026-10-01,CSMGE2,CIA DE SANEAMENTO DE M.GERAIS COPASA MG,*,2036-03-15,"IPCA + 8,567%",IPCA_MAIS,8.567,8.881,8.5426,8.7021,0.0792,8.6229,8.7814,1022.871152,99.4299,1157.57,4.5935,,2032-08-15
2026-10-01,CSNAA4,COMPANHIA SIDERÚRGICA NACIONAL,*,2030-07-15,"IPCA + 6,5%",IPCA_MAIS,6.5,,,,,,,539.507902,46.2419,,,,
2026-10-01,CSNAA5,COMPANHIA SIDERÚRGICA NACIONAL,*,2034-04-15,"IPCA + 6,83%",IPCA_MAIS,6.83,,,,,,,552.108022,48.125,,,,
2026-10-01,CSNAA6,COMPANHIA SIDERÚRGICA NACIONAL,*,2034-11-15,"IPCA + 7,5888%",IPCA_MAIS,7.5888,,,,,,,,,,,,
2026-10-01,CSNAB4,COMPANHIA SIDERÚRGICA NACIONAL,*,2033-07-15,"IPCA + 6,8%",IPCA_MAIS,6.8,,,,,,,554.526513,47.5,,,,
2026-10-01,CSNAB5,COMPANHIA SIDERÚRGICA NACIONAL,*,2039-04-15,"IPCA + 6,9924%",IPCA_MAIS,6.9924,,,,,,,,,,,,
2026-10-01,CSNAB6,COMPANHIA SIDERÚRGICA NACIONAL,*,2039-11-15,"IPCA + 7,6952%",IPCA_MAIS,7.6952,,,,,,,,,,,,
2026-10-01,CSNAC4,COMPANHIA SIDERÚRGICA NACIONAL,*,2038-07-15,IPCA + 7%,IPCA_MAIS,7.0,,,,,,,,,,,,
2026-10-01,CSNP12,COMPANHIA ENERGÉTICA SINOP S.A.,*;**,2032-06-15,"IPCA + 7,9461%",IPCA_MAIS,7.9461,8.0645,7.7948,7.965,0.1529,7.8122,8.118,1159.06345,99.9518,693.78,2.7531,,2029-05-15
2026-10-01,CSRN29,COMPANHIA ENERGÉTICA DO R. G. N. - COSERN,,2029-04-15,"IPCA + 4,4986%",IPCA_MAIS,4.4986,7.8063,7.6456,7.7113,0.0382,7.6731,7.7496,1438.163691,95.7537,358.52,1.4227,5.0,2028-08-15
2026-10-01,CSRNA1,COMPANHIA ENERGÉTICA DO R. G. N. - COSERN,*;**,2028-06-15,"IPCA + 6,4482%",IPCA_MAIS,6.4482,7.8935,7.2126,7.5704,0.1721,7.3983,7.7426,1153.251554,98.3362,403.04,1.5994,,2028-08-15
2026-10-01,CSRNA4,COMPANHIA ENERGÉTICA DO R. G. N. - COSERN,*,2031-03-15,"IPCA + 7,0099%",IPCA_MAIS,7.0099,8.0691,7.8785,7.992,0.1193,7.8727,8.1114,1023.589461,96.5825,957.45,3.7994,5.0,2031-05-15
2026-10-01,CSRNB2,COMPANHIA ENERGÉTICA DO R. G. N. - COSERN,*,2034-03-15,"IPCA + 6,0691%",IPCA_MAIS,6.0691,8.2258,8.0472,8.1238,0.0128,8.111,8.1367,1009.82282,90.2414,1339.46,5.3153,,2033-05-15
2026-10-01,CSRNB3,COMPANHIA ENERGÉTICA DO R. G. N. - COSERN,*,2035-11-15,"IPCA + 6,3%",IPCA_MAIS,6.3,8.3133,8.1086,8.1956,0.066,8.1295,8.2617,943.63425,88.6428,1697.59,6.7365,,2035-05-15
2026-10-01,CSRNC0,COMPANHIA ENERGÉTICA DO R. G. N. - COSERN,*,2029-07-15,"IPCA + 6,623%",IPCA_MAIS,6.623,7.9138,7.6185,7.8171,0.0434,7.7737,7.8606,1177.586059,97.682,530.09,2.1035,,2029-05-15
2026-10-01,CTEE18,ISA ENERGIA BRASIL S.A.,,2029-12-15,"IPCA + 3,5%",IPCA_MAIS,3.5,7.3317,7.1571,7.2666,0.1053,7.1612,7.372,1364.095133,92.8432,520.24,2.0644,,2028-08-15
2026-10-01,CTEE1B,ISA ENERGIA BRASIL S.A.,*,2031-10-15,"IPCA + 5,771%",IPCA_MAIS,5.771,7.7031,7.4386,7.5528,0.0337,7.519,7.5866,1225.036887,93.0828,1076.99,4.2738,,2031-05-15
2026-10-01,CTEE29,ISA ENERGIA BRASIL S.A.,,2044-05-15,"IPCA + 5,3%",IPCA_MAIS,5.3,7.8235,7.5977,7.6974,0.0593,7.638,7.7568,996.114622,85.857,1639.37,6.5054,,2035-05-15
2026-10-01,CTEE2B,ISA ENERGIA BRASIL S.A.,*,2039-10-15,"IPCA + 5,864%",IPCA_MAIS,5.864,7.8651,7.6054,7.7136,0.1104,7.6032,7.8241,1138.349348,86.4606,2076.49,8.24,,2037-05-15
2026-10-01,CTGE11,COMPANHIA DE GERACAO E TRANSMISSAO DE ENERGIA ELETRICA DO SUL DO BRASIL ELETROSUL,*,2028-11-15,"IPCA + 3,75%",IPCA_MAIS,3.75,,5.7797,6.2056,0.3321,5.8736,6.5378,1386.558027,97.7745,240.89,0.9559,5.0,2027-05-15
2026-10-01,CTGE13,COMPANHIA DE GERACAO E TRANSMISSAO DE ENERGIA ELETRICA DO SUL DO BRASIL ELETROSUL,*;**,2029-09-15,"IPCA + 5,3455%",IPCA_MAIS,5.3455,7.5318,7.3741,7.4438,0.0463,7.3975,7.4902,1369.190118,94.7289,691.12,2.7425,,2029-05-15
2026-10-01,CTGE15,COMPANHIA DE GERACAO E TRANSMISSAO DE ENERGIA ELETRICA DO SUL DO BRASIL ELETROSUL,*,2031-04-15,"IPCA + 6,3423%",IPCA_MAIS,6.3423,7.7363,7.4854,7.6005,0.0843,7.5162,7.6849,1094.926423,95.5569,971.28,3.8543,,2031-05-15
2026-10-01,CTNSA3,ENERGISA TOCANTINS - DISTRIBUIDORA DE ENERGIA S.A,*,2035-05-15,"IPCA + 7,3%",IPCA_MAIS,7.3,8.2625,7.9518,8.1208,0.0575,8.0632,8.1784,1033.889543,95.6975,1447.82,5.7453,,2033-05-15
2026-10-01,CTNSA5,ENERGISA TOCANTINS - DISTRIBUIDORA DE ENERGIA S.A,*,2036-02-15,"IPCA + 6,6675%",IPCA_MAIS,6.6675,8.37,8.1122,8.239,0.0568,8.1822,8.2959,934.273476,90.2895,1742.3,6.9139,,2035-05-15
2026-10-01,CTRR11,CANTAREIRA TRANSMISSORA DE ENERGIA S/A,,2032-08-15,"IPCA + 6,9094%",IPCA_MAIS,6.9094,7.1241,6.9356,7.0987,0.2038,6.8949,7.3026,698.59886,99.517,689.03,2.7342,,2029-05-15
2026-10-01,CUTI11,CUTIA EMPREENDIMENTOS EÓLICOS S.A.,,2031-12-15,"IPCA + 5,8813%",IPCA_MAIS,5.8813,7.6661,7.4341,7.5317,0.1494,7.3823,7.6812,816.434588,96.1677,631.73,2.5069,,2029-05-15
2026-10-01,CYAR11,AMBIENTAL CEARA 1 SPE S.A.,*,2045-12-15,"IPCA + 7,5232%",IPCA_MAIS,7.5232,12.655,11.9527,12.3075,0.5017,11.8058,12.8093,75.592446,71.2247,1808.2,7.1754,,2037-05-15
2026-10-01,DESK17,DESKTOP S/A,*,2031-06-15,"IPCA + 7,4408%",IPCA_MAIS,7.4408,8.0151,7.7693,7.9468,0.0352,7.9116,7.9821,1111.856681,98.5122,803.1,3.1869,,2030-08-15
2026-10-01,DESK18,DESKTOP S/A,*,2032-06-15,"IPCA + 7,9356%",IPCA_MAIS,7.9356,7.9419,7.7584,7.8576,0.0821,7.7755,7.9398,1077.666951,100.307,1068.82,4.2413,15.0,2031-05-15
2026-10-01,DESK19,DESKTOP S/A,*,2032-09-15,"IPCA + 8,1215%",IPCA_MAIS,8.1215,8.04,7.6528,7.8613,0.1059,7.7553,7.9673,1056.459756,101.0859,1130.39,4.4857,50.0,2032-08-15
2026-10-01,EBAS13,EMPRESA BAIANA DE AGUAS E SANEAMENTO SA,*,2035-11-15,"IPCA + 8,6%",IPCA_MAIS,8.6,8.6341,,8.4312,0.1763,8.255,8.6076,1183.713645,100.5574,901.81,3.5786,,2030-08-15
2026-10-01,EBENA8,EDP SÃO PAULO DISTRIBUIÇÃO DE ENERGIA S.A.,*,2036-12-15,"IPCA + 7,2843%",IPCA_MAIS,7.2843,7.9718,7.6489,7.8173,0.1056,7.7117,7.923,1070.556273,96.742,1677.93,6.6585,,2035-05-15
2026-10-01,ECER12,CONCESSIONARIA ECOVIAS DO CERRADO S.A.,*,2027-09-15,"IPCA + 6,35%",IPCA_MAIS,6.35,6.8398,6.3671,6.6093,0.1322,6.4771,6.7416,1381.879766,99.7703,238.0,0.9444,15.0,2027-05-15
2026-10-01,ECHP11,ECHOENERGIA PARTICIPACOES S/A,*,2030-06-15,"IPCA + 6,9%",IPCA_MAIS,6.9,7.8901,7.7206,7.8187,0.1374,7.6813,7.9563,982.827412,98.3444,490.26,1.9455,,2028-08-15
2026-10-01,ECHP12,ECHOENERGIA PARTICIPACOES S/A,*,2030-12-15,"IPCA + 4,75%",IPCA_MAIS,4.75,7.8993,7.742,7.8464,0.1184,7.728,7.965,902.724534,95.0572,433.03,1.7184,,2028-08-15
2026-10-01,ECHP22,ECHOENERGIA PARTICIPACOES S/A,*,2031-01-15,"IPCA + 4,75%",IPCA_MAIS,4.75,7.8959,7.7239,7.826,0.1187,7.7073,7.9448,902.902692,95.076,434.13,1.7227,,2028-08-15
2026-10-01,ECOC13,ECO101 CONCESSIONARIA DE RODOVIAS S/A.,*,2030-06-15,"IPCA + 8,6431%",IPCA_MAIS,8.6431,8.6118,8.3694,8.5178,0.1382,8.3796,8.6561,1036.49546,100.424,924.0,3.6667,,2030-08-15
2026-10-01,ECOV16,CONCESSIONÁRIA ECOVIAS DOS IMIGRANTES S/A,*,2033-02-15,"IPCA + 6,095%",IPCA_MAIS,6.095,8.7948,8.5284,8.655,0.0532,8.6018,8.7083,1021.563596,90.4744,1048.85,4.1621,40.0,2031-05-15
2026-10-01,ECPN11,CONCESSIONARIA PONTE RIO-NITEROI S.A. - ECOPONTE,,2034-10-15,"IPCA + 4,4%",IPCA_MAIS,4.4,9.541,9.2251,9.4168,0.1762,9.2406,9.5931,1107.990369,81.5806,1052.69,4.1773,,2031-05-15
2026-10-01,ECRD14,ECORIOMINAS CONCESSIONARIA DE RODOVIAS S.A.,*,2047-09-15,"IPCA + 8,3939%",IPCA_MAIS,8.3939,9.0905,8.8518,9.0041,0.1327,8.8714,9.137,1027.786225,95.2078,2181.35,8.6562,,2040-08-15
2026-10-01,EDFT11,EDF OITI TRANSMISSORA S.A.,*,2049-05-15,"IPCA + 6,8209%",IPCA_MAIS,6.8209,8.2853,8.0603,8.1704,0.0555,8.1149,8.226,1197.78792,91.9676,1626.66,6.455,,2035-05-15
2026-10-01,EDPA11,EDP TRANSMISSAO ALIANCA SC S.A.,,2044-10-15,"IPCA + 8,3431%",IPCA_MAIS,8.3431,7.8802,7.4924,7.658,0.1427,7.5153,7.8009,1422.830603,104.0856,1609.74,6.3879,,2035-05-15
2026-10-01,EDPT11,EDP TRANSMISSÃO S.A.,*;**,2033-05-15,"IPCA + 7,0267%",IPCA_MAIS,7.0267,7.7074,7.5097,7.6347,0.1425,7.4922,7.7773,850.18018,98.2183,796.57,3.161,,2030-08-15
2026-10-01,EDTE12,EDTE - EMPRESA DIAMANTINA DE TRANSMISSAO DE ENERGIA S.A.,*;**,2028-12-15,"IPCA + 5,2939%",IPCA_MAIS,5.2939,7.3773,7.0898,7.2467,0.0834,7.1633,7.3302,1023.909062,97.2489,381.52,1.514,,2028-08-15
2026-10-01,EDVP17,ENERGISA SUL-SUDESTE - DISTRIBUICAO DE ENERGIA S.A,,2032-01-15,"IPCA + 6,0996%",IPCA_MAIS,6.0996,8.1246,7.9477,8.0239,0.0402,7.9837,8.0642,1180.514457,93.5063,937.51,3.7203,,2031-05-15
2026-10-01,EEELA0,CPFL TRANSMISSAO S.A,*,2033-10-15,"IPCA + 6,1774%",IPCA_MAIS,6.1774,7.8435,7.5241,7.6868,0.035,7.6519,7.7219,1094.873491,93.2715,1236.69,4.9075,15.0,2032-08-15
2026-10-01,EEELA1,CPFL TRANSMISSAO S.A,*,2034-04-15,"IPCA + 6,0994%",IPCA_MAIS,6.0994,7.9386,7.6027,7.7667,0.0335,7.7332,7.8003,1051.43168,92.1014,1320.83,5.2414,,2033-05-15
2026-10-01,EEELA4,CPFL TRANSMISSAO S.A,*,2035-02-15,"IPCA + 7,7082%",IPCA_MAIS,7.7082,7.9006,7.6664,7.7764,0.0315,7.7449,7.808,1075.428261,99.6403,1433.94,5.6902,,2033-05-15
2026-10-01,EEELB1,CPFL TRANSMISSAO S.A,*,2039-04-15,"IPCA + 6,1572%",IPCA_MAIS,6.1572,8.104,7.8324,7.9729,0.0718,7.9011,8.0448,996.35748,87.255,1989.68,7.8956,,2037-05-15
2026-10-01,EEELB5,CPFL TRANSMISSAO S.A,*,2035-05-15,"IPCA + 6,9249%",IPCA_MAIS,6.9249,7.9086,7.7249,7.7865,0.0543,7.7321,7.8409,1030.523819,95.4133,1467.67,5.8241,,2033-05-15
2026-10-01,EGIE27,ENGIE BRASIL ENERGIA S.A.,,2028-07-15,"IPCA + 5,9033%",IPCA_MAIS,5.9033,5.8841,5.7467,5.8436,0.2688,5.5748,6.1126,1025.30297,100.0614,274.4,1.0889,15.0,2027-05-15
2026-10-01,EGIE29,ENGIE BRASIL ENERGIA S.A.,,2029-07-15,"IPCA + 3,9%",IPCA_MAIS,3.9,7.2674,7.058,7.1464,0.0695,7.0769,7.2159,1404.328775,94.8761,428.27,1.6995,15.0,2028-08-15
2026-10-01,EGIE49,ENGIE BRASIL ENERGIA S.A.,,2029-07-15,"IPCA + 3,7%",IPCA_MAIS,3.7,7.2913,7.0777,7.1739,0.0727,7.1012,7.2467,1399.244955,94.5724,423.98,1.6825,,2028-08-15
2026-10-01,EGIEA0,ENGIE BRASIL ENERGIA S.A.,*,2046-09-15,"IPCA + 5,7158%",IPCA_MAIS,5.7158,7.7026,7.5089,7.5956,0.1084,7.4872,7.7042,1005.694982,85.0782,2231.13,8.8537,,2040-08-15
2026-10-01,EGIEA1,ENGIE BRASIL ENERGIA S.A.,*,2033-11-15,"IPCA + 5,9325%",IPCA_MAIS,5.9325,7.7195,7.4239,7.5505,0.0471,7.5034,7.5978,1109.981889,92.7259,1247.72,4.9513,45.0,2032-08-15
2026-10-01,EGIEA6,ENGIE BRASIL ENERGIA S.A.,*,2038-02-15,"IPCA + 6,2474%",IPCA_MAIS,6.2474,7.8291,7.5514,7.6959,0.0767,7.6193,7.7727,956.229369,90.2138,1896.04,7.524,15.0,2037-05-15
2026-10-01,EGIEB1,ENGIE BRASIL ENERGIA S.A.,*,2038-11-15,"IPCA + 6,0691%",IPCA_MAIS,6.0691,7.8632,7.5933,7.7606,0.118,7.6426,7.8787,1059.026818,88.3706,1937.37,7.688,,2037-05-15
2026-10-01,EGIEB2,ENGIE BRASIL ENERGIA S.A.,*,2034-06-15,"IPCA + 6,7766%",IPCA_MAIS,6.7766,7.6729,7.2342,7.4414,0.1446,7.2967,7.5861,1090.010506,96.6786,1368.03,5.4287,,2033-05-15
2026-10-01,EGIEB4,ENGIE BRASIL ENERGIA S.A.,*,2032-01-15,"IPCA + 7,5568%",IPCA_MAIS,7.5568,7.5118,7.2842,7.4061,0.0865,7.3197,7.4927,1197.861169,100.5255,942.47,3.74,,2031-05-15
2026-10-01,EGIEB5,ENGIE BRASIL ENERGIA S.A.,*,2035-06-15,"IPCA + 6,8555%",IPCA_MAIS,6.8555,7.7702,7.5249,7.5587,0.1338,7.4249,7.6926,1092.721063,96.1316,1508.89,5.9877,,2035-05-15
2026-10-01,EGVG11,ENEL GREEN POWER VOLTA GRANDE S.A.,,2029-10-15,"IPCA + 3,7%",IPCA_MAIS,3.7,7.6785,7.3008,7.4793,0.1236,7.3557,7.603,566.319851,95.015,354.54,1.4069,,2028-08-15
2026-10-01,EGVG21,ENEL GREEN POWER VOLTA GRANDE S.A.,,2029-10-15,"IPCA + 3,7%",IPCA_MAIS,3.7,7.5545,7.2876,7.4247,0.0678,7.3569,7.4926,577.207788,95.1259,351.42,1.3945,,2028-08-15
2026-10-01,EKTRA6,ELEKTRO REDES S.A.,*,2035-08-15,"IPCA + 6,8172%",IPCA_MAIS,6.8172,8.1108,7.8642,7.9916,0.1003,7.8913,8.092,1021.712498,90.8127,2221.0,8.8135,,2040-08-15
2026-10-01,EKTRA8,ELEKTRO REDES S.A.,*,2031-03-15,"IPCA + 7,0099%",IPCA_MAIS,7.0099,8.1155,7.8526,7.991,0.0233,7.9676,8.0144,1023.625474,96.5859,957.45,3.7994,15.0,2031-05-15
2026-10-01,EKTRB3,ELEKTRO REDES S.A.,*,2034-04-15,"IPCA + 6,2587%",IPCA_MAIS,6.2587,8.2853,7.8009,8.1165,0.0477,8.0688,8.1643,1044.158136,91.3078,1311.97,5.2062,,2033-05-15
2026-10-01,EKTRB6,ELEKTRO REDES S.A.,*,2040-08-15,"IPCA + 6,7636%",IPCA_MAIS,6.7636,8.1674,7.8946,8.0184,0.0593,7.9591,8.0778,953.462031,90.4348,2138.07,8.4844,,2040-08-15
2026-10-01,EKTRC0,ELEKTRO REDES S.A.,*,2031-10-15,"IPCA + 5,7697%",IPCA_MAIS,5.7697,8.1418,7.8888,8.0009,0.0433,7.9576,8.0443,1222.280142,92.9315,880.61,3.4945,,2030-08-15
2026-10-01,EKTRC1,ELEKTRO REDES S.A.,*;**,2029-07-15,"IPCA + 6,623%",IPCA_MAIS,6.623,7.909,7.6545,7.7893,0.0774,7.7119,7.8667,1178.225046,97.735,530.12,2.1037,,2029-05-15
2026-10-01,EKTT11,EKTT 9 SERV DE TRANS DE E E SPE S.A.,*,2038-05-15,"IPCA + 6,4217%",IPCA_MAIS,6.4217,8.2581,7.9534,8.1122,0.0436,8.0686,8.1559,1184.049669,92.2261,1269.75,5.0387,,2032-08-15
2026-10-01,ELDC15,ELDORADO BRASIL CELULOSE S.A.,*,2035-10-15,"IPCA + 7,795%",IPCA_MAIS,7.795,9.0927,8.7468,8.8653,0.1519,8.7134,9.0173,1017.628512,94.3747,1466.74,5.8204,,2033-05-15
2026-10-01,ELET14,CENTRAIS ELETRICAS BRASILEIRAS S/A ELETROBRAS,*,2031-09-15,"IPCA + 6,317%",IPCA_MAIS,6.317,7.7839,7.5399,7.6615,0.0437,7.6178,7.7053,1100.037128,95.6901,881.28,3.4971,50.0,2030-08-15
2026-10-01,ELET16,CENTRAIS ELETRICAS BRASILEIRAS S/A ELETROBRAS,*,2034-09-15,"IPCA + 6,877%",IPCA_MAIS,6.877,8.0315,7.586,7.7997,0.0766,7.7232,7.8764,1041.242708,94.8025,1557.88,6.1821,5.0,2035-05-15
2026-10-01,ELET23,CENTRAIS ELETRICAS BRASILEIRAS S/A ELETROBRAS,,2031-04-15,"IPCA + 4,9126%",IPCA_MAIS,4.9126,7.7936,7.5636,7.6612,0.0542,7.607,7.7155,1242.61601,90.2142,998.94,3.964,,2031-05-15
2026-10-01,ELET42,CENTRAIS ELETRICAS BRASILEIRAS S/A ELETROBRAS,,2029-05-15,"IPCA + 5,1814%",IPCA_MAIS,5.1814,7.5068,7.2866,7.3893,0.0408,7.3485,7.4302,1454.56808,96.925,377.1,1.4964,,2028-08-15
2026-10-01,ELPLA5,ELETROPAULO METROP. ELETRIC. DE S.P. S/A,*,2031-04-15,"IPCA + 4,26%",IPCA_MAIS,4.26,12.6386,11.05,11.8245,0.378,11.4465,12.2026,1101.01225,80.0712,788.97,3.1308,,2030-08-15
2026-10-01,ELPLA7,ELETROPAULO METROP. ELETRIC. DE S.P. S/A,*,2032-04-15,"IPCA + 6,1385%",IPCA_MAIS,6.1385,12.6204,10.9661,11.8405,0.3002,11.5403,12.1409,1011.778542,81.8689,949.16,3.7665,,2031-05-15
2026-10-01,ELPLC8,ELETROPAULO METROP. ELETRIC. DE S.P. S/A,*,2029-06-15,"IPCA + 8,3%",IPCA_MAIS,8.3,10.3785,9.1914,9.958,0.2296,9.7284,10.1877,1124.570438,96.0178,674.0,2.6746,40.0,2029-05-15
2026-10-01,ELTE12,EMPRESA LITORANEA DE TRANSMISSAO DE ENERGIA S.A. - ELTE,*,2039-07-15,"IPCA + 6,4232%",IPCA_MAIS,6.4232,7.6607,7.3891,7.5329,0.067,7.4659,7.6,936.990782,94.4159,1376.25,5.4613,,2033-05-15
2026-10-01,ELTN15,CENTRAIS ELETRICAS DO NORTE DO BRASIL S/A - ELETRONORTE,*,2031-04-15,"IPCA + 6,3423%",IPCA_MAIS,6.3423,7.7226,7.4939,7.6048,0.0743,7.5304,7.6792,1094.757789,95.5422,971.27,3.8542,40.0,2031-05-15
2026-10-01,ELTN27,CENTRAIS ELETRICAS DO NORTE DO BRASIL S/A - ELETRONORTE,*,2032-07-15,"IPCA + 7,3146%",IPCA_MAIS,7.3146,7.8779,7.6227,7.7334,0.0571,7.6763,7.7907,1044.690843,98.1747,1190.41,4.7238,10.0,2032-08-15
2026-10-01,ELTN37,CENTRAIS ELETRICAS DO NORTE DO BRASIL S/A - ELETRONORTE,*,2035-07-15,"IPCA + 7,2083%",IPCA_MAIS,7.2083,7.9542,7.6589,7.8302,0.0907,7.7395,7.921,1024.443794,96.2928,1639.6,6.5063,,2035-05-15
2026-10-01,ENAT11,ENAUTA PARTICIPACOES S.A.,*,2029-12-15,"IPCA + 9,8297%",IPCA_MAIS,9.8297,8.7446,8.2522,8.505,0.1852,8.3198,8.6903,1090.748738,101.8621,384.61,1.5262,,2028-08-15
2026-10-01,ENAT12,ENAUTA PARTICIPACOES S.A.,*,2029-09-17,"IPCA + 7,1149%",IPCA_MAIS,7.1149,8.9134,8.4313,8.6925,0.1796,8.5129,8.8721,1118.91056,97.3731,457.83,1.8168,,2028-08-15
2026-10-01,ENAT13,ENAUTA PARTICIPACOES S.A.,*,2030-06-15,"IPCA + 8,0618%",IPCA_MAIS,8.0618,9.4109,8.5318,8.9912,0.1422,8.8489,9.1335,1102.387608,97.3174,799.05,3.1708,,2030-08-15
2026-10-01,ENAT14,ENAUTA PARTICIPACOES S.A.,*,2030-06-15,"IPCA + 8,056%",IPCA_MAIS,8.056,9.3165,8.4335,8.8749,0.103,8.7719,8.978,1105.569457,97.6307,799.39,3.1722,,2030-08-15
2026-10-01,ENAT24,ENAUTA PARTICIPACOES S.A.,*,2034-06-15,"IPCA + 8,2674%",IPCA_MAIS,8.2674,9.2396,8.7943,9.068,0.163,8.9051,9.2311,1091.16756,96.3013,1284.31,5.0965,,2032-08-15
2026-10-01,ENAT33,ENAUTA PARTICIPACOES S.A.,*,2034-06-15,"IPCA + 8,262%",IPCA_MAIS,8.262,9.2707,8.8587,9.0594,0.0976,8.9617,9.1571,1091.649184,96.315,1284.55,5.0974,10.0,2032-08-15
2026-10-01,ENERA1,ENERGISA MATO GROSSO DO SUL - DISTRIBUIDORA DE ENERGIA S.A.,,2031-02-15,"IPCA + 6,1076%",IPCA_MAIS,6.1076,8.1152,7.9693,8.0627,0.0599,8.0028,8.1228,1066.992369,93.9021,866.03,3.4366,,2030-08-15
2026-10-01,ENERB4,ENERGISA MATO GROSSO DO SUL - DISTRIBUIDORA DE ENERGIA S.A.,,2034-09-15,"IPCA + 6,4364%",IPCA_MAIS,6.4364,8.3658,8.1429,8.2237,0.0519,8.1718,8.2757,990.273,90.0793,1568.13,6.2227,,2035-05-15
2026-10-01,ENERB7,ENERGISA MATO GROSSO DO SUL - DISTRIBUIDORA DE ENERGIA S.A.,*,2035-09-15,"IPCA + 7,0461%",IPCA_MAIS,7.0461,8.3791,8.0724,8.2287,0.0537,8.1749,8.2825,974.756443,92.8819,1681.76,6.6737,,2035-05-15
2026-10-01,ENERB8,ENERGISA MATO GROSSO DO SUL - DISTRIBUIDORA DE ENERGIA S.A.,*,2036-07-15,"IPCA + 7,892%",IPCA_MAIS,7.892,8.3724,8.149,8.2683,0.0838,8.1845,8.3523,995.33676,97.806,1601.68,6.3559,45.0,2035-05-15
2026-10-01,ENERC7,ENERGISA MATO GROSSO DO SUL - DISTRIBUIDORA DE ENERGIA S.A.,*,2040-09-15,"IPCA + 6,9467%",IPCA_MAIS,6.9467,8.2185,8.0033,8.1397,0.0532,8.0865,8.193,953.793839,90.8885,2141.34,8.4974,,2040-08-15
2026-10-01,ENEV13,ENEVA S.A.,,2027-12-15,"IPCA + 4,2259%",IPCA_MAIS,4.2259,6.6494,6.0914,6.3549,0.1754,6.1796,6.5304,968.249752,98.6407,169.93,0.6743,,2027-05-15
2026-10-01,ENEV15,ENEVA S.A.,,2030-06-15,"IPCA + 5,5%",IPCA_MAIS,5.5,7.8286,7.5978,7.7178,0.0826,7.6353,7.8005,1391.83918,95.0031,618.64,2.4549,,2029-05-15
2026-10-01,ENEV16,ENEVA S.A.,,2030-09-15,"IPCA + 4,127%",IPCA_MAIS,4.127,7.8037,7.5792,7.7149,0.0761,7.6388,7.791,1301.378687,91.0662,692.61,2.7485,,2029-05-15
2026-10-01,ENEV18,ENEVA S.A.,*,2032-07-15,"IPCA + 6,5254%",IPCA_MAIS,6.5254,8.105,7.8496,7.9855,0.1128,7.8727,8.0983,1140.22214,94.6015,1023.62,4.062,,2031-05-15
2026-10-01,ENEV19,ENEVA S.A.,*,2032-09-15,"IPCA + 6,9%",IPCA_MAIS,6.9,8.118,7.8531,7.9736,0.1122,7.8613,8.0859,1155.058724,95.8692,1061.07,4.2106,,2031-05-15
2026-10-01,ENEV26,ENEVA S.A.,,2035-09-15,"IPCA + 4,5034%",IPCA_MAIS,4.5034,8.214,8.0124,8.1043,0.0628,8.0414,8.1672,1141.520461,79.8661,1648.34,6.541,,2035-05-15
2026-10-01,ENEV28,ENEVA S.A.,*,2037-07-15,"IPCA + 6,5891%",IPCA_MAIS,6.5891,8.2205,7.9773,8.1012,0.1419,7.9594,8.2432,1089.684853,90.3968,1786.31,7.0885,,2037-05-15
2026-10-01,ENEV29,ENEVA S.A.,*,2037-09-15,IPCA + 7%,IPCA_MAIS,7.0,8.2135,7.9594,8.0992,0.1472,7.952,8.2465,1118.94318,92.8675,1809.89,7.1821,,2037-05-15
2026-10-01,ENEV32,ENEVA S.A.,,2029-05-15,"IPCA + 5,05%",IPCA_MAIS,5.05,7.7558,7.4784,7.6277,0.1442,7.4835,7.7719,1445.461216,96.419,377.03,1.4962,,2028-08-15
2026-10-01,ENEV39,ENEVA S.A.,*,2042-09-15,"IPCA + 7,15%",IPCA_MAIS,7.15,8.121,7.8876,8.0208,0.0524,7.9685,8.0733,1114.495243,92.4921,2397.29,9.5131,,2040-08-15
2026-10-01,ENEVA0,ENEVA S.A.,*,2034-04-15,"IPCA + 6,5643%",IPCA_MAIS,6.5643,8.1425,7.9093,8.0527,0.077,7.9758,8.1298,1065.917745,93.036,1303.2,5.1714,,2033-05-15
2026-10-01,ENEVA4,ENEVA S.A.,*,2036-01-15,"IPCA + 6,7078%",IPCA_MAIS,6.7078,8.2026,7.9182,8.0661,0.0724,7.9936,8.1386,959.673809,91.6519,1721.37,6.8308,45.0,2035-05-15
2026-10-01,ENEVB0,ENEVA S.A.,*,2039-04-15,"IPCA + 6,6737%",IPCA_MAIS,6.6737,8.1828,7.9093,8.0727,0.0888,7.9839,8.1616,1034.636723,90.2627,1953.21,7.7508,,2037-05-15
2026-10-01,ENEVB4,ENEVA S.A.,*,2041-01-15,"IPCA + 6,6709%",IPCA_MAIS,6.6709,8.0665,7.9168,7.9513,0.07,7.8813,8.0214,943.075013,90.0734,2174.37,8.6285,,2040-08-15
2026-10-01,ENGI39,ENERGISA S/A,,2027-10-15,"IPCA + 5,1074%",IPCA_MAIS,5.1074,6.1494,5.9449,6.0779,0.1909,5.8871,6.2689,1635.319817,99.1036,246.84,0.9795,,2027-05-15
2026-10-01,ENGIA4,ENERGISA S/A,,2027-10-15,"IPCA + 4,2297%",IPCA_MAIS,4.2297,6.0007,5.7796,5.9088,0.1556,5.7531,6.0645,1421.585603,98.4187,251.28,0.9971,,2027-05-15
2026-10-01,ENGIA5,ENERGISA S/A,,2031-10-15,"IPCA + 6,0872%",IPCA_MAIS,6.0872,8.1711,7.9132,8.0642,0.0556,8.0086,8.1199,1234.883424,93.7592,875.58,3.4745,,2030-08-15
2026-10-01,ENGIA6,ENERGISA S/A,,2029-04-15,"IPCA + 6,1566%",IPCA_MAIS,6.1566,7.7595,7.524,7.6624,0.0945,7.5679,7.757,1212.95491,98.0306,354.65,1.4073,,2028-08-15
2026-10-01,ENGIA9,ENERGISA S/A,,2030-09-15,"IPCA + 6,1666%",IPCA_MAIS,6.1666,8.1192,7.8755,8.0518,0.0531,7.9987,8.105,1085.386059,94.6508,785.41,3.1167,10.0,2030-08-15
2026-10-01,ENGIB0,ENERGISA S/A,,2031-04-15,"IPCA + 6,1581%",IPCA_MAIS,6.1581,8.2024,7.7435,7.9874,0.0919,7.8955,8.0794,1070.97739,93.5928,973.2,3.8619,,2031-05-15
2026-10-01,ENGIB2,ENERGISA S/A,,2034-09-15,"IPCA + 6,4364%",IPCA_MAIS,6.4364,8.3857,8.0856,8.2228,0.0694,8.1534,8.2923,990.324247,90.084,1568.15,6.2228,10.0,2035-05-15
2026-10-01,ENGIB4,ENERGISA S/A,,2030-10-15,"IPCA + 4,4744%",IPCA_MAIS,4.4744,7.806,7.615,7.681,0.0696,7.6114,7.7507,1329.917133,91.9722,693.78,2.7531,,2029-05-15
2026-10-01,ENGIB6,ENERGISA S/A,,2032-04-15,"IPCA + 6,277%",IPCA_MAIS,6.277,8.1305,7.8607,8.0024,0.0582,7.9443,8.0607,1163.566065,93.9896,965.67,3.832,,2031-05-15
2026-10-01,ENGIB9,ENERGISA S/A,,2033-09-15,"IPCA + 6,4526%",IPCA_MAIS,6.4526,8.2615,8.0071,8.1369,0.0474,8.0895,8.1844,1060.833086,92.4978,1245.47,4.9423,35.0,2032-08-15
2026-10-01,ENGIC0,ENERGISA S/A,,2039-04-15,"IPCA + 6,4045%",IPCA_MAIS,6.4045,8.4222,7.9075,8.237,0.101,8.136,8.3381,1000.350886,87.3267,1963.15,7.7903,,2037-05-15
2026-10-01,ENJG21,COMPANHIA ENERGÉTICA JAGUARA,,2027-06-15,"IPCA + 6,4962%",IPCA_MAIS,6.4962,,5.6968,5.7382,0.0967,5.6415,5.835,348.075652,100.3112,109.68,0.4352,,2027-05-15
2026-10-01,ENMI21,COMPANHIA ENERGÉTICA MIRANDA,,2027-06-15,"IPCA + 6,4962%",IPCA_MAIS,6.4962,5.5786,5.3813,5.4658,0.1281,5.3377,5.594,398.673961,100.424,109.72,0.4354,5.0,2027-05-15
2026-10-01,ENMTA3,ENERGISA MATO GROSSO - DISTRIBUIDORA DE ENERGIA S.A.,,2027-10-15,"IPCA + 4,2297%",IPCA_MAIS,4.2297,6.0278,5.8498,5.9881,0.1394,5.8487,6.1276,1420.524996,98.3453,251.28,0.9971,,2027-05-15
2026-10-01,ENMTA4,ENERGISA MATO GROSSO - DISTRIBUIDORA DE ENERGIA S.A.,,2031-10-15,"IPCA + 6,0872%",IPCA_MAIS,6.0872,8.1534,7.909,8.0491,0.0483,8.0009,8.0975,1235.483172,93.8047,875.64,3.4748,15.0,2030-08-15
2026-10-01,ENMTA5,ENERGISA MATO GROSSO - DISTRIBUIDORA DE ENERGIA S.A.,,2029-04-15,"IPCA + 6,1566%",IPCA_MAIS,6.1566,7.7134,7.3492,7.5131,0.0995,7.4136,7.6127,1215.326921,98.2223,354.89,1.4083,,2028-08-15
2026-10-01,ENMTA7,ENERGISA MATO GROSSO - DISTRIBUIDORA DE ENERGIA S.A.,,2031-02-15,"IPCA + 6,1076%",IPCA_MAIS,6.1076,8.1163,7.94,8.0296,0.053,7.9766,8.0828,1068.116362,94.001,866.11,3.4369,,2030-08-15
2026-10-01,ENMTB3,ENERGISA MATO GROSSO - DISTRIBUIDORA DE ENERGIA S.A.,,2030-10-15,"IPCA + 4,4744%",IPCA_MAIS,4.4744,7.7843,7.5261,7.675,0.0936,7.5813,7.7687,1330.121171,91.9863,693.79,2.7531,,2029-05-15
2026-10-01,ENMTB5,ENERGISA MATO GROSSO - DISTRIBUIDORA DE ENERGIA S.A.,,2032-04-15,"IPCA + 6,277%",IPCA_MAIS,6.277,8.1614,7.8955,8.0391,0.0517,7.9874,8.0908,1162.052311,93.8673,965.49,3.8313,5.0,2031-05-15
2026-10-01,ENMTC5,ENERGISA MATO GROSSO - DISTRIBUIDORA DE ENERGIA S.A.,*,2035-09-15,"IPCA + 7,0999%",IPCA_MAIS,7.0999,8.3976,8.0758,8.2269,0.0717,8.1552,8.2988,978.297276,93.2171,1679.56,6.6649,,2035-05-15
2026-10-01,ENMTC6,ENERGISA MATO GROSSO - DISTRIBUIDORA DE ENERGIA S.A.,*,2040-10-15,"IPCA + 7,1146%",IPCA_MAIS,7.1146,8.4738,8.2229,8.3404,0.0553,8.285,8.3958,977.60843,90.9729,2062.93,8.1862,,2037-05-15
2026-10-01,ENMTD2,ENERGISA MATO GROSSO - DISTRIBUIDORA DE ENERGIA S.A.,,2034-12-15,"IPCA + 7,0292%",IPCA_MAIS,7.0292,8.3771,8.0582,8.2125,0.0492,8.1633,8.2617,1034.292203,93.4118,1551.7,6.1575,,2035-05-15
2026-10-01,ENMTD5,ENERGISA MATO GROSSO - DISTRIBUIDORA DE ENERGIA S.A.,*,2040-09-15,"IPCA + 6,9467%",IPCA_MAIS,6.9467,8.2655,7.9916,8.1229,0.086,8.0369,8.209,955.054125,91.0086,2142.16,8.5006,,2040-08-15
2026-10-01,ENMTD9,ENERGISA MATO GROSSO - DISTRIBUIDORA DE ENERGIA S.A.,*,2036-07-15,"IPCA + 7,892%",IPCA_MAIS,7.892,8.324,8.1372,8.2479,0.1707,8.0772,8.4188,996.529743,97.9232,1602.11,6.3576,35.0,2035-05-15
2026-10-01,ENMTE6,ENERGISA MATO GROSSO - DISTRIBUIDORA DE ENERGIA S.A.,*,2035-10-15,"IPCA + 7,2318%",IPCA_MAIS,7.2318,8.3762,8.1421,8.2419,0.0617,8.1802,8.3037,1011.368476,94.0667,1632.37,6.4777,,2035-05-15
2026-10-01,ENMTF8,ENERGISA MATO GROSSO - DISTRIBUIDORA DE ENERGIA S.A.,*,2036-02-15,"IPCA + 6,6675%",IPCA_MAIS,6.6675,8.367,8.0566,8.2477,0.0599,8.1878,8.3077,933.754471,90.2393,1742.1,6.9131,,2035-05-15
2026-10-01,ENMTG8,ENERGISA MATO GROSSO - DISTRIBUIDORA DE ENERGIA S.A.,*,2041-02-15,"IPCA + 6,55%",IPCA_MAIS,6.55,8.2434,7.9127,8.1216,0.0878,8.0338,8.2095,908.495462,87.8106,2195.94,8.714,,2040-08-15
2026-10-01,ENSEA1,ENERGISA SERGIPE - DIST.DE ENERGIA S/A,,2027-07-15,"IPCA + 5,736%",IPCA_MAIS,5.736,,6.0642,6.3113,0.4241,5.8871,6.7355,1256.357663,99.5883,191.58,0.7602,,2027-05-15
2026-10-01,ENSEA5,ENERGISA SERGIPE - DIST.DE ENERGIA S/A,*,2036-02-15,"IPCA + 6,6675%",IPCA_MAIS,6.6675,8.3741,8.0818,8.2899,0.0961,8.1938,8.386,931.242519,89.9966,1741.14,6.9093,45.0,2035-05-15
2026-10-01,ENSEB4,ENERGISA SERGIPE - DIST.DE ENERGIA S/A,*,2035-09-15,"IPCA + 7,1536%",IPCA_MAIS,7.1536,8.3521,8.0904,8.2272,0.0482,8.179,8.2755,981.704562,93.5395,1677.35,6.6562,,2035-05-15
2026-10-01,ENSEB5,ENERGISA SERGIPE - DIST.DE ENERGIA S/A,*,2041-02-15,"IPCA + 6,55%",IPCA_MAIS,6.55,8.2309,7.9836,8.0817,0.0286,8.0531,8.1104,911.423599,88.0936,2198.04,8.7224,,2040-08-15
2026-10-01,ENSEC4,ENERGISA SERGIPE - DIST.DE ENERGIA S/A,*,2040-09-15,"IPCA + 6,9467%",IPCA_MAIS,6.9467,8.229,8.0202,8.1251,0.1003,8.0248,8.2255,954.888955,90.9928,2142.05,8.5002,,2040-08-15
2026-10-01,ENTV12,ENTREVIAS CONCESSIONARIA DE RODOVIAS S.A,*;**,2030-12-15,"IPCA + 7,75%",IPCA_MAIS,7.75,8.1408,7.7128,7.9611,0.0763,7.8848,8.0376,1457.11663,99.5893,529.4,2.1008,,2029-05-15
2026-10-01,ENTV13,ENTREVIAS CONCESSIONARIA DE RODOVIAS S.A,*,2036-12-15,"IPCA + 8,0389%",IPCA_MAIS,8.0389,8.5847,8.0787,8.2892,0.0775,8.2117,8.3668,1122.800301,98.6951,1428.48,5.6686,,2033-05-15
2026-10-01,EPRL12,EPR LITORAL PIONEIRO S.A.,*,2049-03-15,"IPCA + 8,203%",IPCA_MAIS,8.203,8.9837,8.6369,8.7524,0.069,8.6834,8.8215,998.644808,95.5655,2232.41,8.8588,5.0,2040-08-15
2026-10-01,EQMAA0,EQUATORIAL MARANHAO DISTRIBUIDORA DE ENERGIA S.A,*,2031-12-15,"IPCA + 6,3%",IPCA_MAIS,6.3,8.206,7.9928,8.0853,0.0507,8.0346,8.1361,1089.554896,94.1162,913.91,3.6266,,2030-08-15
2026-10-01,EQMAA2,EQUATORIAL MARANHAO DISTRIBUIDORA DE ENERGIA S.A,*,2036-09-15,"IPCA + 6,6493%",IPCA_MAIS,6.6493,8.4039,8.1103,8.2305,0.0691,8.1614,8.2997,1000.049298,90.8839,1622.1,6.4369,5.0,2035-05-15
2026-10-01,EQPA18,EQUATORIAL PARA DISTRIBUIDORA DE ENERGIA S.A.,*,2036-12-15,"IPCA + 7,7477%",IPCA_MAIS,7.7477,8.4767,8.1185,8.1817,0.1094,8.0723,8.2913,1081.175401,97.4972,1584.24,6.2867,35.0,2035-05-15
2026-10-01,EQPA19,EQUATORIAL PARA DISTRIBUIDORA DE ENERGIA S.A.,*,2037-06-15,"IPCA + 7,0606%",IPCA_MAIS,7.0606,8.2607,8.0048,8.1076,0.2207,7.887,8.3284,1003.787092,93.6855,1676.33,6.6521,5.0,2035-05-15
2026-10-01,EQPAA1,EQUATORIAL PARA DISTRIBUIDORA DE ENERGIA S.A.,*,2038-01-15,"IPCA + 6,57%",IPCA_MAIS,6.57,8.4678,8.192,8.3383,0.1453,8.193,8.4837,930.309586,88.8992,1778.07,7.0558,,2037-05-15
2026-10-01,EQSP11,EQUATORIAL TRANSMISSORA 3 SPE S.A.,,2033-01-15,"IPCA + 4,8%",IPCA_MAIS,4.8,8.1311,7.9716,8.091,0.0825,8.0085,8.1735,969.202212,91.0343,753.44,2.9898,,2030-08-15
2026-10-01,EQSP21,EQUATORIAL TRANSMISSORA 3 SPE S.A.,,2034-01-15,"IPCA + 4,65%",IPCA_MAIS,4.65,8.1492,8.0274,8.1027,0.087,8.0157,8.1898,857.986282,89.4992,841.53,3.3394,,2030-08-15
2026-10-01,EQTC11,EQUATORIAL TRANSMISSORA 5 SPE S.A.,,2039-04-15,"IPCA + 4,85%",IPCA_MAIS,4.85,8.3512,8.1426,8.2496,0.0582,8.1914,8.3079,1176.767408,82.3496,1472.88,5.8448,,2033-05-15
2026-10-01,EQTN11,EQUATORIAL TRANSMISSORA 2 SPE S/A,,2033-01-15,"IPCA + 4,85%",IPCA_MAIS,4.85,7.8451,7.7224,7.7875,0.0453,7.7422,7.833,977.464851,92.1884,730.62,2.8993,,2029-05-15
2026-10-01,EQTR11,EQUATORIAL TRANSMISSORA 8 SPE S.A.,,2039-04-15,"IPCA + 4,85%",IPCA_MAIS,4.85,8.358,8.195,8.2595,0.0575,8.202,8.317,1176.138652,82.3056,1472.53,5.8434,,2033-05-15
2026-10-01,EQTR21,EQUATORIAL TRANSMISSORA 8 SPE S.A.,,2039-04-15,"IPCA + 4,85%",IPCA_MAIS,4.85,8.3526,8.1844,8.2679,0.03,8.2379,8.298,1175.605591,82.2683,1472.24,5.8422,,2033-05-15
2026-10-01,EQTS11,EQUATORIAL TRANSMISSORA 1 SPE S.A,,2033-01-15,"IPCA + 4,85%",IPCA_MAIS,4.85,8.1302,7.9572,8.0437,0.0828,7.9609,8.1265,968.608857,91.4255,740.42,2.9382,,2030-08-15
2026-10-01,EQUA11,EQUATORIAL TRANSMISSAO S.A,*,2036-03-15,"IPCA + 4,9173%",IPCA_MAIS,4.9173,8.1676,8.0039,8.0982,0.0274,8.0708,8.1256,999.640076,88.3464,1016.89,4.0353,,2031-05-15
2026-10-01,ERDVA4,ECORODOVIAS CONCESSÕES E SERVIÇOS S/A,*,2031-06-15,"IPCA + 6,8233%",IPCA_MAIS,6.8233,9.1247,8.5513,8.7279,0.0863,8.6416,8.8143,1051.369658,93.2096,998.86,3.9637,,2031-05-15
2026-10-01,ERDVB4,ECORODOVIAS CONCESSÕES E SERVIÇOS S/A,*,2034-06-15,"IPCA + 7,1117%",IPCA_MAIS,7.1117,9.1105,8.7848,8.9118,0.1807,8.7311,9.0927,1033.975316,91.592,1317.67,5.2288,,2033-05-15
2026-10-01,ERDVC3,ECORODOVIAS CONCESSÕES E SERVIÇOS S/A,*,2033-10-15,"IPCA + 6,8285%",IPCA_MAIS,6.8285,9.2158,8.8119,8.928,0.1176,8.8104,9.0457,1071.932395,91.0272,1207.35,4.7911,10.0,2032-08-15
2026-10-01,ERDVC4,ECORODOVIAS CONCESSÕES E SERVIÇOS S/A,*,2039-06-15,"IPCA + 7,3108%",IPCA_MAIS,7.3108,9.2617,8.906,9.0501,0.1402,8.9099,9.1904,997.214556,88.2855,1917.26,7.6082,,2037-05-15
2026-10-01,ESAM14,EMPRESA DE ENERGIA SÃO MANOEL S/A,,2033-06-15,"IPCA + 7,3129%",IPCA_MAIS,7.3129,7.6849,7.5095,7.6709,0.1548,7.5161,7.8257,776.396161,99.007,753.23,2.989,35.0,2030-08-15
2026-10-01,ESCEA5,EDP ESPIRITO SANTO DISTRIBUICAO DE ENERGIA SA,*,2036-12-15,"IPCA + 7,2843%",IPCA_MAIS,7.2843,7.8982,7.6451,7.7695,0.1171,7.6525,7.8867,1073.72297,97.0282,1679.06,6.6629,,2035-05-15
2026-10-01,ESSDA4,ENERGISA SUL-SUDESTE - DISTRIBUICAO DE ENERGIA S.A,*,2035-05-15,"IPCA + 7,3%",IPCA_MAIS,7.3,8.2912,7.9751,8.1564,0.0551,8.1013,8.2116,1031.936268,95.5168,1447.25,5.7431,,2033-05-15
2026-10-01,ESSDA5,ENERGISA SUL-SUDESTE - DISTRIBUICAO DE ENERGIA S.A,*,2035-10-15,"IPCA + 7,2318%",IPCA_MAIS,7.2318,8.3823,8.1261,8.251,0.0543,8.1968,8.3054,1010.81791,94.0155,1632.16,6.4768,,2035-05-15
2026-10-01,ESSDB5,ENERGISA SUL-SUDESTE - DISTRIBUICAO DE ENERGIA S.A,*,2040-10-15,"IPCA + 7,1146%",IPCA_MAIS,7.1146,8.4669,8.1498,8.3143,0.0407,8.2736,8.3551,979.53918,91.1525,2064.31,8.1917,35.0,2037-05-15
2026-10-01,ESULA6,ENERGISA MATO GROSSO DO SUL - DISTRIBUIDORA DE ENERGIA S.A.,,2031-10-15,"IPCA + 6,0872%",IPCA_MAIS,6.0872,8.1696,7.909,8.0489,0.0483,8.0006,8.0972,1235.49112,93.8053,875.64,3.4748,15.0,2030-08-15
2026-10-01,ETBA12,ETB - EMPRESA DE TRANSMISSAO BAIANA S.A.,*;**,2029-02-15,"IPCA + 5,3382%",IPCA_MAIS,5.3382,7.3634,7.126,7.2865,0.074,7.2125,7.3606,1053.425724,96.6331,469.8,1.8643,35.0,2028-08-15
2026-10-01,ETEN12,ENERGISA TRANSMISSAO DE ENERGIA S.A,,2027-10-15,"IPCA + 4,2297%",IPCA_MAIS,4.2297,6.2484,,6.0678,0.3199,5.7479,6.3878,1419.460654,98.2716,251.27,0.9971,50.0,2027-05-15
2026-10-01,ETEN21,ENERGISA TRANSMISSAO DE ENERGIA S.A,,2028-12-15,"IPCA + 5,141%",IPCA_MAIS,5.141,,5.9436,6.2124,0.4081,5.8042,6.6206,1509.82516,98.8545,285.53,1.1331,,2027-05-15
2026-10-01,ETEN22,ENERGISA TRANSMISSAO DE ENERGIA S.A,,2030-10-15,"IPCA + 4,4744%",IPCA_MAIS,4.4744,7.8433,7.6435,7.7415,0.0628,7.6786,7.8044,1327.862372,91.8301,693.64,2.7525,,2029-05-15
2026-10-01,ETSP12,EQUATORIAL TRANSMISSORA 7 SPE S.A.,,2039-04-15,"IPCA + 4,85%",IPCA_MAIS,4.85,8.3443,8.1022,8.2471,0.0494,8.1978,8.2966,1176.926268,82.3607,1472.97,5.8451,,2033-05-15
2026-10-01,EUBE11,ENGIE SOLUCOES CIDADES INTELIGENTES E INFRAESTRUTURA DE UBERLANDIA S.A,*,2034-01-15,"IPCA + 6,4449%",IPCA_MAIS,6.4449,7.5885,7.4394,7.5005,0.0807,7.4198,7.5814,832.238604,96.6758,857.53,3.4029,,2030-08-15
2026-10-01,EXTZ11,EXTREMOZ TRANSMISSORA DO NORDESTE ETN S.A.,*;**,2029-01-15,"IPCA + 7,0291%",IPCA_MAIS,7.0291,,,8.1143,0.0806,8.0337,8.1951,510.310465,98.5128,373.67,1.4828,,2028-08-15
2026-10-01,FBRI13,FIBRASIL INFRAESTRUTURA FIBRA OTICA S.A.,*,2034-04-15,"IPCA + 7,3609%",IPCA_MAIS,7.3609,7.7635,7.1247,7.4607,0.1194,7.3413,7.5802,1144.742094,99.5891,1116.34,4.4299,5.0,2032-08-15
2026-10-01,FEPS11,FARO ENERGY PROJ. SOL. HOL. IV S.A,*,2040-01-15,"IPCA + 8,6895%",IPCA_MAIS,8.6895,9.0468,8.7125,8.8873,0.0923,8.795,8.9798,1069.783789,99.1123,1232.88,4.8924,,2032-08-15
2026-10-01,FGEN13,FERREIRA GOMES ENERGIA S/A,,2027-12-15,"IPCA + 6,4686%",IPCA_MAIS,6.4686,6.3584,6.1483,6.2252,0.0776,6.1476,6.3029,519.640935,100.1559,171.59,0.6809,5.0,2027-05-15
2026-10-01,FLCLA9,ENERGISA MINAS RIO - DISTRIBUIDORA DE ENERGIA S.A.,*,2035-10-15,"IPCA + 7,2318%",IPCA_MAIS,7.2318,8.372,8.1421,8.2426,0.0596,8.1831,8.3023,1011.326111,94.0628,1632.35,6.4776,,2035-05-15
2026-10-01,FLCLB9,ENERGISA MINAS RIO - DISTRIBUIDORA DE ENERGIA S.A.,*,2040-10-15,"IPCA + 7,1146%",IPCA_MAIS,7.1146,8.4784,8.259,8.3427,0.0579,8.2849,8.4007,977.438552,90.9571,2062.81,8.1858,,2037-05-15
2026-10-01,FRAG14,FERRARI AGROINDUSTRIA S/A,*,2031-06-15,"IPCA + 7,53%",IPCA_MAIS,7.53,8.7254,8.4592,8.5803,0.1819,8.3984,8.7623,1092.019638,96.5949,896.3,3.5567,,2030-08-15
2026-10-01,FRAG16,FERRARI AGROINDUSTRIA S/A,*,2035-09-15,"IPCA + 8,4942%",IPCA_MAIS,8.4942,8.775,8.5688,8.6526,0.0639,8.5886,8.7166,1041.785261,99.1831,1415.7,5.6179,,2033-05-15
2026-10-01,FSII14,FS I INDUSTRIA DE ETANOL S.A,*,2033-02-15,"IPCA + 9,1451%",IPCA_MAIS,9.1451,10.4833,10.1321,10.2214,0.0717,10.1497,10.2932,996.661813,95.8896,1074.1,4.2623,,2031-05-15
2026-10-01,FURN21,FURNAS CENTRAIS ELETRICAS S/A,,2029-11-15,"IPCA + 4,08%",IPCA_MAIS,4.08,7.5545,7.2667,7.4089,0.0654,7.3435,7.4744,1217.563069,95.3528,377.01,1.4961,,2028-08-15
2026-10-01,GASC15,RUMO MALHA PAULISTA S/A,*;**,2034-03-15,"IPCA + 5,797%",IPCA_MAIS,5.797,9.1428,8.7244,8.9716,0.1091,8.8625,9.0808,936.489194,83.6113,1506.96,5.98,10.0,2035-05-15
2026-10-01,GASC16,RUMO MALHA PAULISTA S/A,*,2034-06-15,"IPCA + 6,4186%",IPCA_MAIS,6.4186,9.1392,8.7134,8.9423,0.115,8.8273,9.0573,979.084407,86.8836,1493.33,5.9259,15.0,2035-05-15
2026-10-01,GASC17,RUMO MALHA PAULISTA S/A,*,2036-08-15,"IPCA + 6,047%",IPCA_MAIS,6.047,9.0301,8.7877,8.9047,0.0916,8.8131,8.9964,917.768284,82.8072,1755.76,6.9673,,2035-05-15
2026-10-01,GASC18,RUMO MALHA PAULISTA S/A,*,2037-03-15,"IPCA + 7,4742%",IPCA_MAIS,7.4742,9.0967,8.8104,8.9166,0.0804,8.8362,8.9971,968.816345,90.9782,1768.0,7.0159,,2035-05-15
2026-10-01,GASC19,RUMO MALHA PAULISTA S/A,*,2040-10-15,"IPCA + 6,5823%",IPCA_MAIS,6.5823,8.9311,8.6774,8.8639,0.1262,8.7377,8.9901,899.282944,83.6069,2069.96,8.2141,,2037-05-15
2026-10-01,GASC22,RUMO MALHA PAULISTA S/A,*,2031-06-15,"IPCA + 4,52%",IPCA_MAIS,4.52,8.9826,8.5564,8.7103,0.0385,8.6718,8.7489,1198.788903,87.6944,835.8,3.3167,5.0,2030-08-15
2026-10-01,GASC23,RUMO MALHA PAULISTA S/A,*,2033-10-15,"IPCA + 5,7283%",IPCA_MAIS,5.7283,9.011,8.7127,8.8763,0.079,8.7972,8.9554,1117.377839,84.7076,1407.01,5.5834,,2033-05-15
2026-10-01,GASC25,RUMO MALHA PAULISTA S/A,*;**,2039-03-15,"IPCA + 5,9284%",IPCA_MAIS,5.9284,9.1357,8.8101,8.9202,0.077,8.8433,8.9973,890.888021,79.5353,2017.63,8.0065,35.0,2037-05-15
2026-10-01,GASC26,RUMO MALHA PAULISTA S/A,*,2039-06-15,"IPCA + 6,5318%",IPCA_MAIS,6.5318,9.1524,8.8323,8.9031,0.4259,8.4772,9.3291,945.184035,83.848,1968.5,7.8115,,2037-05-15
2026-10-01,GASC27,RUMO MALHA PAULISTA S/A,*,2036-08-15,"IPCA + 6,047%",IPCA_MAIS,6.047,9.0792,8.6683,8.8918,0.1012,8.7906,8.9931,918.526138,82.8756,1756.06,6.9685,,2035-05-15
2026-10-01,GASC28,RUMO MALHA PAULISTA S/A,*,2040-03-15,"IPCA + 7,528%",IPCA_MAIS,7.528,9.1577,8.8142,9.0073,0.0863,8.921,9.0937,952.79217,89.4713,2018.77,8.011,15.0,2037-05-15
2026-10-01,GASP19,COMPANHIA DE GAS DE SÃO PAULO - COMGAS,,2031-08-15,"IPCA + 5,1216%",IPCA_MAIS,5.1216,7.8676,7.6539,7.7255,0.1422,7.5832,7.8678,1208.392338,91.8281,874.12,3.4687,,2030-08-15
2026-10-01,GASP29,COMPANHIA DE GAS DE SÃO PAULO - COMGAS,,2036-08-15,"IPCA + 5,2164%",IPCA_MAIS,5.2164,8.074,7.8428,7.9693,0.1044,7.8649,8.0738,1097.364551,83.3813,1747.22,6.9334,,2035-05-15
2026-10-01,GSTS14,AGUAS DE TERESINA SANEAMENTO SPE S.A.,*,2032-05-15,"IPCA + 6,5163%",IPCA_MAIS,6.5163,10.6727,9.9727,10.2886,0.2563,10.0323,10.545,1071.891356,87.3447,970.17,3.8499,,2031-05-15
2026-10-01,GSTS24,AGUAS DE TERESINA SANEAMENTO SPE S.A.,*,2037-05-15,"IPCA + 6,8516%",IPCA_MAIS,6.8516,11.0922,10.2651,10.7492,0.2425,10.5067,10.9918,981.548829,79.8863,1536.16,6.0959,,2035-05-15
2026-10-01,HARG11,HOLDING DO ARAGUAIA S.A.,*,2036-10-15,"IPCA + 6,6647%",IPCA_MAIS,6.6647,9.0841,8.7784,8.9786,0.0777,8.9009,9.0565,1071.940411,89.9864,1210.98,4.8055,35.0,2032-08-15
2026-10-01,HBSA11,HIDROVIAS DO BRASIL S.A.,*,2028-10-15,"IPCA + 6,0029%",IPCA_MAIS,6.0029,7.8037,7.4302,7.6378,0.2827,7.3551,7.9205,1270.104957,97.1575,474.41,1.8826,,2028-08-15
2026-10-01,HBSA21,HIDROVIAS DO BRASIL S.A.,*,2031-10-15,"IPCA + 6,0444%",IPCA_MAIS,6.0444,8.1515,7.4215,7.8043,0.3189,7.4854,8.1233,1234.410477,94.4099,877.24,3.4811,,2030-08-15
2026-10-01,HGLB23,HIGHLINE DO BRASIL II INFRAESTRUTURA DE TELECOMUNICACOES S.A,*,2034-10-15,"IPCA + 9,1196%",IPCA_MAIS,9.1196,12.6598,11.8803,12.1488,0.1753,11.9735,12.3243,1014.167068,89.3038,1022.98,4.0594,,2031-05-15
2026-10-01,HSBH11,HELEXIA SBH4 S.A.,*,2043-11-15,"IPCA + 8,55%",IPCA_MAIS,8.55,,8.7729,9.0536,0.0484,9.0051,9.1021,1023.16231,97.1756,1547.23,6.1398,,2035-05-15
2026-10-01,HVSP11,HELIO VALGAS SOLAR PARTICIPACOES S.A.,*,2038-06-15,"IPCA + 8,2561%",IPCA_MAIS,8.2561,9.5011,9.2425,9.4225,0.2114,9.2111,9.6341,1197.09078,95.0132,1188.71,4.7171,5.0,2032-08-15
2026-10-01,HZTC14,ORIZON MEIO AMBIENTE S.A.,*,2035-11-15,"IPCA + 6,7592%",IPCA_MAIS,6.7592,,8.2114,8.2688,0.1029,8.1659,8.3717,1089.472947,94.7135,962.63,3.82,,2031-05-15
2026-10-01,IBPB11,SERRA DE IBIAPABA TRANSMISSORA DE ENERGIA S.A.,*;**,2040-11-15,"IPCA + 5,9%",IPCA_MAIS,5.9,8.1988,7.9142,8.0574,0.1547,7.9027,8.2122,1164.570159,88.8205,1440.37,5.7158,5.0,2033-05-15
2026-10-01,IGSN15,IGUA SANEAMENTO S.A,,2034-07-15,"IPCA + 6,1%",IPCA_MAIS,6.1,12.0838,11.7459,11.8979,0.0819,11.816,11.9798,974.734462,82.1862,894.69,3.5504,10.0,2030-08-15
2026-10-01,IPIPA5,IPIRANGA PRODUTOS DE PETRÓLEO S/A,*,2035-10-15,"IPCA + 6,955%",IPCA_MAIS,6.955,7.7119,7.4517,7.5829,0.0672,7.5157,7.6502,1041.117728,96.5163,1520.89,6.0353,,2035-05-15
2026-10-01,IRJS14,IGUA RIO DE JANEIRO S.A.,*,2043-05-15,"IPCA + 8,2%",IPCA_MAIS,8.2,12.0459,11.7003,11.8104,0.3604,11.45,12.1708,1089.347568,80.0224,1622.63,6.439,,2035-05-15
2026-10-01,IRJS15,IGUA RIO DE JANEIRO S.A.,*,2044-02-15,"IPCA + 7,1303%",IPCA_MAIS,7.1303,12.0154,11.6577,11.7491,0.3455,11.4037,12.0947,955.993859,74.5783,1655.75,6.5704,,2035-05-15
2026-10-01,ISAEA8,ISA ENERGIA BRASIL S.A.,*,2033-06-15,"IPCA + 7,4118%",IPCA_MAIS,7.4118,7.7559,7.4845,7.6164,0.0434,7.573,7.6599,1075.071453,99.0615,1247.76,4.9514,,2032-08-15
2026-10-01,ISAEA9,ISA ENERGIA BRASIL S.A.,*,2035-06-15,"IPCA + 6,7%",IPCA_MAIS,6.7,7.6797,7.4432,7.5087,0.0562,7.4525,7.565,1065.397071,93.6825,2178.0,8.6429,35.0,2040-08-15
2026-10-01,ISAEB0,ISA ENERGIA BRASIL S.A.,*,2037-10-15,"IPCA + 6,6598%",IPCA_MAIS,6.6598,7.8306,7.3698,7.6289,0.0794,7.5495,7.7084,1000.875189,93.2857,1919.08,7.6154,5.0,2037-05-15
2026-10-01,ISAEB2,ISA ENERGIA BRASIL S.A.,*,2041-03-15,"IPCA + 6,4618%",IPCA_MAIS,6.4618,7.8553,7.3408,7.5889,0.0854,7.5035,7.6743,925.324626,90.5213,2348.75,9.3204,,2040-08-15
2026-10-01,ISAEB8,ISA ENERGIA BRASIL S.A.,*,2033-03-15,"IPCA + 7,4118%",IPCA_MAIS,7.4118,7.7354,7.4611,7.5819,0.0472,7.5347,7.6292,1057.228461,99.2306,1229.38,4.8785,,2032-08-15
2026-10-01,ISAEC0,ISA ENERGIA BRASIL S.A.,*,2040-10-15,"IPCA + 6,6382%",IPCA_MAIS,6.6382,7.7552,7.451,7.5986,0.0592,7.5394,7.6579,991.670885,92.4365,2183.42,8.6644,15.0,2040-08-15
2026-10-01,ISAEC2,ISA ENERGIA BRASIL S.A.,*,2041-03-15,"IPCA + 6,4618%",IPCA_MAIS,6.4618,7.6512,7.4319,7.5263,0.0904,7.4358,7.6168,930.361912,91.0141,2352.56,9.3356,,2040-08-15
2026-10-01,ITPE13,COMPANHIA AGUAS DE ITAPEMA,*,2042-06-15,"IPCA + 8,65%",IPCA_MAIS,8.65,,8.7244,8.7832,0.0703,8.713,8.8536,1143.383099,99.0867,1883.87,7.4757,,2037-05-15
2026-10-01,ITPO14,ITAPOA TERMINAIS PORTUÁRIOS S/A,*,2036-11-15,"IPCA + 6,2878%",IPCA_MAIS,6.2878,7.8576,7.4111,7.7346,0.1188,7.6158,7.8535,1435.700284,93.4986,1238.03,4.9128,45.0,2032-08-15
2026-10-01,ITPO15,ITAPOA TERMINAIS PORTUÁRIOS S/A,*,2040-05-15,"IPCA + 7,4%",IPCA_MAIS,7.4,8.0618,7.6738,7.8377,0.1793,7.6584,8.0172,1056.640229,97.7222,1421.13,5.6394,,2033-05-15
2026-10-01,IVIAA0,CONC. RODOV. INTERI. PAULISTA S/A,*,2038-05-15,"IPCA + 6,8672%",IPCA_MAIS,6.8672,10.066,9.5258,9.7673,0.328,9.4393,10.0954,977.191031,86.0947,1370.63,5.439,15.0,2033-05-15
2026-10-01,JALL11,JALLES MACHADO S.A.,,2028-12-15,"IPCA + 5,5923%",IPCA_MAIS,5.5923,8.4359,7.9206,8.235,0.1787,8.0562,8.4138,1213.385101,95.0484,517.14,2.0521,,2028-08-15
2026-10-01,JALL13,JALLES MACHADO S.A.,,2032-09-15,"IPCA + 6,4876%",IPCA_MAIS,6.4876,,8.7308,8.9208,0.0591,8.8617,8.9801,1102.905882,91.6587,965.4,3.831,,2031-05-15
2026-10-01,JALL14,JALLES MACHADO S.A.,*,2030-10-15,"IPCA + 7,1163%",IPCA_MAIS,7.1163,,8.727,8.9222,0.0778,8.8444,9.0001,1113.206372,94.4141,863.6,3.427,,2030-08-15
2026-10-01,JALL15,JALLES MACHADO S.A.,*,2034-05-15,"IPCA + 6,6074%",IPCA_MAIS,6.6074,,8.9356,9.1273,0.286,8.8413,9.4133,1004.788943,88.4521,1309.55,5.1966,,2033-05-15
2026-10-01,JALL21,JALLES MACHADO S.A.,,2031-12-15,"IPCA + 5,8041%",IPCA_MAIS,5.8041,8.4026,8.191,8.3116,0.1532,8.1584,8.4649,1172.105163,91.7586,920.46,3.6526,,2030-08-15
2026-10-01,JALL24,JALLES MACHADO S.A.,*,2033-10-17,"IPCA + 7,234%",IPCA_MAIS,7.234,9.1702,8.8787,9.0292,0.0563,8.9728,9.0856,1089.679649,92.3717,1195.76,4.7451,,2032-08-15
2026-10-01,JSMLB5,SIMPAR S.A.,*,2031-09-15,"IPCA + 7,9677%",IPCA_MAIS,7.9677,,,12.9681,0.9346,12.0335,13.9028,1137.221226,85.7798,845.23,3.3541,,2030-08-15
2026-10-01,JTEE11,JANAUBA TRANSMISSORA DE ENERGIA ELETRICA  S/A,*;**,2033-07-15,"IPCA + 4,5%",IPCA_MAIS,4.5,7.5409,7.3647,7.5182,0.1289,7.3893,7.6472,903.460818,91.1043,810.89,3.2178,,2030-08-15
2026-10-01,JTEE12,JANAUBA TRANSMISSORA DE ENERGIA ELETRICA  S/A,*,2044-12-15,"IPCA + 4,8295%",IPCA_MAIS,4.8295,7.62,7.4736,7.5472,0.0683,7.479,7.6156,1316.424908,83.0981,1736.4,6.8905,,2035-05-15
2026-10-01,KLBNA5,KLABIN S/A,*,2039-08-15,"IPCA + 6,05%",IPCA_MAIS,6.05,7.6557,7.1609,7.431,0.1327,7.2983,7.5638,993.460694,89.6397,2103.04,8.3454,,2037-05-15
2026-10-01,LCAMD1,COMPANHIA DE LOCAÇÃO DAS AMÉRICAS,,2031-09-15,"IPCA + 6,5119%",IPCA_MAIS,6.5119,9.5287,9.2012,9.3599,0.0674,9.2925,9.4275,1189.435008,91.2145,873.59,3.4666,10.0,2030-08-15
2026-10-01,LCAMD3,COMPANHIA DE LOCAÇÃO DAS AMÉRICAS,*,2029-04-15,"IPCA + 7,2101%",IPCA_MAIS,7.2101,9.4314,9.1913,9.2369,0.1427,9.0942,9.3798,1194.063413,95.8494,569.48,2.2598,,2029-05-15
2026-10-01,LGEN11,LAGOA 1 ENERGIA RENOVAVEL S.A.,,2029-03-15,"IPCA + 7,3287%",IPCA_MAIS,7.3287,,,6.3214,0.1288,6.1926,6.4503,642.772408,101.0825,288.32,1.1441,,2027-05-15
2026-10-01,LIGH1B,LIGHT SERVIÇOS DE ELETRICIDADE S/A,*;**,2032-11-13,IPCA + 5%,IPCA_MAIS,5.0,,,,,,,77.898579,67.8,,,,
2026-10-01,LIGHB4,LIGHT SERVIÇOS DE ELETRICIDADE S/A,*;**,2032-11-13,IPCA + 5%,IPCA_MAIS,5.0,,,,,,,77.362404,67.3333,,,,
2026-10-01,LIGHB6,LIGHT SERVIÇOS DE ELETRICIDADE S/A,*;**,2032-11-13,IPCA + 5%,IPCA_MAIS,5.0,,,,,,,78.415605,68.25,,,,
2026-10-01,LIGHB7,LIGHT SERVIÇOS DE ELETRICIDADE S/A,*;**,2032-11-13,IPCA + 5%,IPCA_MAIS,5.0,,,,,,,77.362404,67.3333,,,,
2026-10-01,LIGHC3,LIGHT SERVIÇOS DE ELETRICIDADE S/A,*;**,2032-11-13,IPCA + 5%,IPCA_MAIS,5.0,,,,,,,76.979422,67.0,,,,
2026-10-01,LIGHD3,LIGHT SERVIÇOS DE ELETRICIDADE S/A,*;**,2037-11-13,IPCA + 3%,IPCA_MAIS,3.0,,,,,,,54.274172,46.5625,,,,
2026-10-01,LORTA7,LOCALIZA RENT A CAR,,2031-03-15,"IPCA + 5,4702%",IPCA_MAIS,5.4702,9.5151,9.2931,9.3931,0.078,9.3151,9.4711,1192.567405,87.8498,889.38,3.5293,,2030-08-15
2026-10-01,LTTE15,LINHAS DE TAUBATE TRANS.DE ENERGIA S/A,*;**,2038-10-15,"IPCA + 5,09%",IPCA_MAIS,5.09,8.2173,7.7664,8.0389,0.1173,7.9216,8.1562,1109.683489,87.458,1175.02,4.6628,10.0,2032-08-15
2026-10-01,MGPRA0,CONCESSÃO METROVIÁRIA DO R. JANEIRO S/A,*,2042-03-15,"IPCA + 7,8868%",IPCA_MAIS,7.8868,9.3271,9.0402,9.2129,0.0838,9.1292,9.2968,1025.253885,91.1187,1884.03,7.4763,50.0,2037-05-15
2026-10-01,MGSP12,EDP TRANSMISSAO SP-MG S.A.,,2039-07-15,"IPCA + 4,45%",IPCA_MAIS,4.45,7.9632,7.6175,7.7627,0.1524,7.6104,7.9152,1144.529951,84.1089,1345.07,5.3376,35.0,2033-05-15
2026-10-01,MOTVB9,MOTIVA INFRAESTRUTURA DE MOBILIDADE S.A.,*,2037-10-15,"IPCA + 6,6497%",IPCA_MAIS,6.6497,7.9209,7.6451,7.8138,0.141,7.6728,7.9549,992.355508,92.5029,1791.83,7.1104,50.0,2037-05-15
2026-10-01,MOVI18,MOVIDA PARTICIPACOES S/A,*,2029-06-15,"IPCA + 8,0525%",IPCA_MAIS,8.0525,,,12.628,0.222,12.4061,12.8501,1104.071054,90.5323,602.05,2.3891,,2029-05-15
2026-10-01,MOVI37,MOVIDA PARTICIPACOES S/A,*,2031-09-15,"IPCA + 7,6366%",IPCA_MAIS,7.6366,,,13.4775,0.701,12.7764,14.1786,1091.831414,83.5499,847.2,3.3619,,2030-08-15
2026-10-01,MRSAA1,MRS LOGÍSTICA S/A,*,2033-09-15,"IPCA + 6,2414%",IPCA_MAIS,6.2414,7.9562,7.6666,7.7631,0.0639,7.6992,7.8271,1057.968476,92.2252,1426.63,5.6612,45.0,2033-05-15
2026-10-01,MRSAA2,MRS LOGÍSTICA S/A,*,2034-09-15,"IPCA + 6,5251%",IPCA_MAIS,6.5251,7.9733,7.8132,7.8758,0.0791,7.7967,7.955,1016.954039,92.406,1569.8,6.2294,,2035-05-15
2026-10-01,MRSAA3,MRS LOGÍSTICA S/A,*,2032-07-15,"IPCA + 7,2638%",IPCA_MAIS,7.2638,7.791,7.3848,7.5564,0.1464,7.41,7.703,1050.598498,98.7178,1192.8,4.7333,,2032-08-15
2026-10-01,MRSAA4,MRS LOGÍSTICA S/A,*,2041-02-15,"IPCA + 6,4613%",IPCA_MAIS,6.4613,7.8135,7.6477,7.7319,0.0909,7.6409,7.8229,929.186387,89.9244,2222.53,8.8196,,2040-08-15
2026-10-01,MRSAB1,MRS LOGÍSTICA S/A,*,2035-09-15,"IPCA + 6,3439%",IPCA_MAIS,6.3439,7.9976,7.7602,7.8367,0.0829,7.7538,7.9197,1050.980239,91.6118,1572.5,6.2401,5.0,2035-05-15
2026-10-01,MRSAB2,MRS LOGÍSTICA S/A,*,2036-09-15,"IPCA + 6,5514%",IPCA_MAIS,6.5514,8.0026,7.7575,7.8305,0.0797,7.7508,7.9102,1014.468177,92.1791,1706.79,6.773,,2035-05-15
2026-10-01,MRSAB3,MRS LOGÍSTICA S/A,*,2040-07-15,"IPCA + 6,8437%",IPCA_MAIS,6.8437,7.8292,7.6077,7.7581,0.0596,7.6985,7.8179,988.926116,93.0024,2123.14,8.4252,50.0,2040-08-15
2026-10-01,MRSAC1,MRS LOGÍSTICA S/A,*,2038-09-15,"IPCA + 6,4496%",IPCA_MAIS,6.4496,8.0117,7.7438,7.8737,0.0533,7.8204,7.9271,1033.032954,90.0431,1965.54,7.7998,35.0,2037-05-15
2026-10-01,MRSAC2,MRS LOGÍSTICA S/A,*,2039-09-15,"IPCA + 6,5796%",IPCA_MAIS,6.5796,7.9985,7.732,7.8586,0.0824,7.7762,7.9411,996.490772,90.5444,2072.67,8.2249,,2037-05-15
2026-10-01,MSGT12,MATA DE SANTA GENEBRA TRANSMISSÃO S/A,,2030-11-15,"IPCA + 4,95%",IPCA_MAIS,4.95,7.367,7.2544,7.3098,0.0994,7.2103,7.4093,840.703351,95.931,467.11,1.8536,,2028-08-15
2026-10-01,MSGT13,MATA DE SANTA GENEBRA TRANSMISSÃO S/A,*;**,2031-11-15,"IPCA + 7,0605%",IPCA_MAIS,7.0605,8.5216,8.241,8.3917,0.0575,8.3342,8.4493,980.29675,96.7079,678.89,2.694,,2029-05-15
2026-10-01,MSGT23,MATA DE SANTA GENEBRA TRANSMISSÃO S/A,*,2037-11-15,"IPCA + 6,0762%",IPCA_MAIS,6.0762,7.9908,7.5839,7.8287,0.1445,7.6843,7.9733,1079.517698,90.1581,1571.39,6.2357,15.0,2035-05-15
2026-10-01,MSGT33,MATA DE SANTA GENEBRA TRANSMISSÃO S/A,*,2041-11-15,"IPCA + 6,2339%",IPCA_MAIS,6.2339,8.1509,7.8517,8.0118,0.1355,7.8764,8.1474,1012.402469,87.1364,2039.93,8.095,35.0,2037-05-15
2026-10-01,NEOE16,NEOENERGIA S/A,,2029-06-15,"IPCA + 4,07%",IPCA_MAIS,4.07,7.7781,7.566,7.6553,0.0631,7.5922,7.7185,1408.194931,94.6554,405.86,1.6106,15.0,2028-08-15
2026-10-01,NEOE26,NEOENERGIA S/A,,2033-06-15,"IPCA + 4,22%",IPCA_MAIS,4.22,8.0917,7.8705,8.0028,0.068,7.9348,8.0708,842.096968,88.9095,813.57,3.2285,,2030-08-15
2026-10-01,NMCH11,NEOENERGIA MORRO DO CHAPEU TRANSMISSAO E ENERGIA S.A.,*,2038-12-15,"IPCA + 6,5599%",IPCA_MAIS,6.5599,8.2175,8.0058,8.0958,0.1233,7.9726,8.2192,1145.94045,93.4683,1168.83,4.6382,35.0,2032-08-15
2026-10-01,NNAE12,SPE NOVO NORTE AEROPORTOS S.A.,*,2040-12-15,"IPCA + 9,5%",IPCA_MAIS,9.5,8.611,8.3519,8.5196,0.1276,8.3919,8.6473,1339.429404,105.104,1410.27,5.5963,,2033-05-15
2026-10-01,NTEN11,NORTE ENERGIA S/A,,2030-05-15,"IPCA + 7,25%",IPCA_MAIS,7.25,13.1735,11.8582,12.6856,0.0826,12.603,12.7682,977.094714,91.7567,430.53,1.7085,5.0,2028-08-15
2026-10-01,NTSD19,NOVA TRANSPORTE DO SUDESTE S.A. - NTS,*,2040-07-16,"IPCA + 6,7269%",IPCA_MAIS,6.7269,7.4449,7.3578,7.3867,0.0372,7.3495,7.424,1005.884603,94.8444,2148.47,8.5257,,2040-08-15
2026-10-01,NTSDA1,NOVA TRANSPORTE DO SUDESTE S.A. - NTS,*,2041-03-15,"IPCA + 6,3198%",IPCA_MAIS,6.3198,7.5318,7.29,7.3889,0.058,7.331,7.447,939.192401,91.2806,2270.04,9.0081,,2040-08-15
2026-10-01,ODYA11,ODOYA TRANSMISSORA DE ENERGIA S.A..,*,2031-09-15,"IPCA + 6,7968%",IPCA_MAIS,6.7968,7.7068,7.4963,7.5855,0.0657,7.5198,7.6512,713.863308,98.2293,609.88,2.4202,,2029-05-15
2026-10-01,OMGE12,OMEGA GERAÇÃO S/A,,2028-09-15,"IPCA + 4,3671%",IPCA_MAIS,4.3671,8.6907,8.3728,8.532,0.1175,8.4144,8.6496,1331.825222,92.9038,473.66,1.8796,,2028-08-15
2026-10-01,OMGE22,OMEGA GERAÇÃO S/A,,2028-09-15,"IPCA + 4,3671%",IPCA_MAIS,4.3671,8.6542,8.3344,8.5049,0.2551,8.2498,8.76,1331.357154,92.8712,479.14,1.9013,,2028-08-15
2026-10-01,OMGE41,OMEGA GERAÇÃO S/A,,2027-05-15,IPCA + 5%,IPCA_MAIS,5.0,,6.905,7.0548,0.2028,6.8521,7.2577,1482.098772,98.853,149.98,0.5952,15.0,2027-05-15
2026-10-01,OMNG12,OMEGA ENERGIA E IMPLANTACAO 2 S.A.,,2029-12-15,"IPCA + 7,1096%",IPCA_MAIS,7.1096,8.5535,8.2608,8.4017,0.1567,8.2451,8.5585,660.529287,98.1563,389.59,1.546,,2028-08-15
2026-10-01,ONZE21,BLOCO DE ONZE AEROPORTOS DO BRASIL S.A,*,2048-06-15,"IPCA + 8,74%",IPCA_MAIS,8.74,8.5119,8.3529,8.4483,0.1114,8.337,8.5598,1090.03794,102.1533,2009.92,7.9759,10.0,2037-05-15
2026-10-01,ORIG11,ORIGEM ENERGIA S.A,*,2035-12-15,"IPCA + 8,4001%",IPCA_MAIS,8.4001,,10.8957,11.165,0.243,10.922,11.408,1028.874362,88.4228,1209.22,4.7985,,2032-08-15
2026-10-01,ORIG12,ORIGEM ENERGIA S.A,*,2035-12-15,"IPCA + 10,0361%",IPCA_MAIS,10.0361,10.9923,10.6139,10.6545,0.3934,10.2611,11.048,1048.381355,97.3894,1184.58,4.7007,,2032-08-15
2026-10-01,ORVR16,HAZTEC INVESTIMENTOS E PARTICIPAÇÕES S/A,*,2039-12-15,"IPCA + 7,9283%",IPCA_MAIS,7.9283,,8.3376,8.3824,0.052,8.3303,8.4345,1033.653403,97.3421,1610.3,6.3901,,2035-05-15
2026-10-01,PALF38,COMPANHIA PAULISTA DE FORÇA E LUZ,,2027-09-15,"IPCA + 5,05%",IPCA_MAIS,5.05,6.4627,5.848,6.0712,0.32,5.7513,6.3913,521.506375,99.102,234.96,0.9324,,2027-05-15
2026-10-01,PALFA3,COMPANHIA PAULISTA DE FORÇA E LUZ,*,2033-10-15,"IPCA + 6,1774%",IPCA_MAIS,6.1774,7.839,7.5423,7.6868,0.063,7.6238,7.7499,1094.873491,93.2715,1236.69,4.9075,,2032-08-15
2026-10-01,PALFA7,COMPANHIA PAULISTA DE FORÇA E LUZ,*,2035-09-15,"IPCA + 6,8967%",IPCA_MAIS,6.8967,8.0163,7.741,7.8668,0.0426,7.8242,7.9095,988.874914,94.5622,1552.2,6.1595,,2035-05-15
2026-10-01,PALFB3,COMPANHIA PAULISTA DE FORÇA E LUZ,*,2035-10-15,"IPCA + 6,1753%",IPCA_MAIS,6.1753,8.0166,7.7433,7.8882,0.057,7.8312,7.9453,1063.006744,90.5577,1546.85,6.1383,,2035-05-15
2026-10-01,PALFB6,COMPANHIA PAULISTA DE FORÇA E LUZ,*,2035-02-15,"IPCA + 7,7082%",IPCA_MAIS,7.7082,7.8634,7.6056,7.7382,0.0272,7.711,7.7656,1077.600193,99.8416,1434.46,5.6923,35.0,2033-05-15
2026-10-01,PASN12,PARANAGUA SANEAMENTO S/A,*,2030-07-15,"IPCA + 6,1%",IPCA_MAIS,6.1,9.2308,8.2636,8.5841,0.2932,8.2909,8.8774,586.957806,95.7947,464.12,1.8417,,2028-08-15
2026-10-01,PAXA12,PAX INVESTIMENTOS EM AEROPORTOS S.A,*,2040-02-15,"IPCA + 9,5844%",IPCA_MAIS,9.5844,9.1796,8.9237,9.0579,0.0793,8.9786,9.1374,1270.110509,102.9911,1550.87,6.1542,,2035-05-15
2026-10-01,PEJA11,PRIO FORTE S.A,*,2032-08-15,"IPCA + 7,41%",IPCA_MAIS,7.41,8.1516,7.7623,7.9848,0.1013,7.8835,8.0862,1188.827886,98.458,731.79,2.9039,,2029-05-15
2026-10-01,PEJA22,PRIO FORTE S.A,*,2034-02-15,"IPCA + 6,4662%",IPCA_MAIS,6.4662,8.4034,7.7806,8.2225,0.119,8.1034,8.3416,1038.717344,91.8082,1308.28,5.1916,35.0,2033-05-15
2026-10-01,PEJA23,PRIO FORTE S.A,*,2034-04-15,"IPCA + 6,5102%",IPCA_MAIS,6.5102,8.4966,8.1522,8.3307,0.1074,8.2233,8.4382,1051.932097,91.5554,1301.77,5.1658,,2033-05-15
2026-10-01,PETR17,PETRÓLEO BRASILEIRO S/A - PETROBRAS,,2029-09-15,"IPCA + 3,6%",IPCA_MAIS,3.6,6.9269,6.68,6.7854,0.0774,6.708,6.8629,1348.983206,91.8633,705.35,2.799,45.0,2029-05-15
2026-10-01,PETR18,PETRÓLEO BRASILEIRO S/A - PETROBRAS,*,2035-06-15,"IPCA + 6,3874%",IPCA_MAIS,6.3874,7.3533,7.1147,7.1832,0.1357,7.0475,7.319,1018.110153,95.1714,1665.83,6.6104,,2035-05-15
2026-10-01,PETR26,PETRÓLEO BRASILEIRO S/A - PETROBRAS,*;**,2029-01-15,"IPCA + 4,2186%",IPCA_MAIS,4.2186,6.9016,6.667,6.7659,0.0966,6.6693,6.8625,1435.182269,94.914,544.29,2.1599,45.0,2029-05-15
2026-10-01,PETR27,PETRÓLEO BRASILEIRO S/A - PETROBRAS,,2034-09-15,"IPCA + 3,9%",IPCA_MAIS,3.9,7.3484,7.0956,7.1544,0.1393,7.0151,7.2938,1190.43728,81.0554,1697.75,6.7371,35.0,2035-05-15
2026-10-01,PETR28,PETRÓLEO BRASILEIRO S/A - PETROBRAS,*,2040-06-15,"IPCA + 6,6556%",IPCA_MAIS,6.6556,7.1103,6.8791,7.0032,0.1068,6.8964,7.1102,1041.16749,97.252,2149.77,8.5308,,2040-08-15
2026-10-01,PETR38,PETRÓLEO BRASILEIRO S/A - PETROBRAS,*,2045-06-15,"IPCA + 6,8431%",IPCA_MAIS,6.8431,7.0349,6.8232,6.944,0.0978,6.8462,7.0419,1060.769072,99.0297,2598.17,10.3102,35.0,2045-05-15
2026-10-01,PLSB1A,AUTOPISTA LITORAL SUL S/A.,*,2031-10-15,"IPCA + 5,855%",IPCA_MAIS,5.855,10.1107,9.7951,10.0437,0.1092,9.9345,10.1531,1127.260987,90.1589,661.83,2.6263,45.0,2029-05-15
2026-10-01,POTE11,POTENGI HOLDINGS S.A.,*,2041-12-15,"IPCA + 7,3706%",IPCA_MAIS,7.3706,8.2371,8.0375,8.1531,0.0941,8.0589,8.2473,1058.140801,95.6686,1519.03,6.0279,,2035-05-15
2026-10-01,POTE12,POTENGI HOLDINGS S.A.,*,2042-10-15,"IPCA + 7,0416%",IPCA_MAIS,7.0416,8.3131,8.1776,8.2548,0.1115,8.1433,8.3664,90.507715,93.7891,1402.09,5.5638,,2033-05-15
2026-10-01,PRAS11,PIRAPORA SOLAR HOLDING S.A.,*;**,2034-08-15,"IPCA + 5,7656%",IPCA_MAIS,5.7656,,,7.6102,0.087,7.5233,7.6973,952.018147,93.5633,958.11,3.802,,2031-05-15
2026-10-01,PRPO12,PIRAPORA II SOLAR HOLDING S.A.,*,2031-12-15,"IPCA + 4,22%",IPCA_MAIS,4.22,7.759,7.4352,7.6538,0.2498,7.404,7.9037,950.17807,91.6359,669.02,2.6548,,2029-05-15
2026-10-01,PRSS11,PAX INVESTIMENTOS EM AEROPORTOS S.A,*,2040-02-15,"IPCA + 8,6141%",IPCA_MAIS,8.6141,8.6155,8.2988,8.5085,0.1953,8.3131,8.7039,1223.650232,100.6167,1594.49,6.3273,,2035-05-15
2026-10-01,PRTE12,PARANAIBA TRANSMISSORA DE ENERGIA S.A.,,2028-03-15,"IPCA + 6,9045%",IPCA_MAIS,6.9045,,6.0839,6.5058,0.1272,6.3786,6.6331,320.857873,100.3752,252.66,1.0026,5.0,2027-05-15
2026-10-01,PTAZ11,PARINTINS AMAZONAS TRANSMISSORA DE ENERGIA S.A.,*,2046-04-15,"IPCA + 5,6904%",IPCA_MAIS,5.6904,8.0384,7.8364,7.9395,0.0706,7.8689,8.0102,1110.359502,83.3957,2081.91,8.2615,,2037-05-15
2026-10-01,QMCT14,QMC TELECOM DO BRASIL CESSAO DE INFRAESTRUTURA S.A,*,2035-08-15,"IPCA + 9,6588%",IPCA_MAIS,9.6588,8.7707,8.2819,8.5928,0.2473,8.3455,8.8401,1110.132679,104.8442,1227.62,4.8715,,2032-08-15
2026-10-01,QUAT13,ACUCAREIRA QUATA S/A,*,2034-07-15,"IPCA + 7,8722%",IPCA_MAIS,7.8722,8.742,8.4838,8.6617,0.3041,8.3576,8.966,1052.136404,97.4915,873.35,3.4657,15.0,2030-08-15
2026-10-01,RAIZ13,RAIZEN S.A.,*,2034-09-15,"IPCA + 6,4879%",IPCA_MAIS,6.4879,,,,,,,530.971297,48.2122,,,,
2026-10-01,RAIZ23,RAIZEN S.A.,*,2039-09-15,"IPCA + 6,4794%",IPCA_MAIS,6.4794,,,,,,,536.32257,48.7,,,,
2026-10-01,RALM11,RIALMA TRANSMISSORA DE ENERGIA V S/A,*,2048-12-15,"IPCA + 7,8293%",IPCA_MAIS,7.8293,8.9699,8.8066,8.8148,0.2281,8.5866,9.043,1169.315695,92.7414,2053.07,8.1471,,2037-05-15
2026-10-01,RALM21,RIALMA TRANSMISSORA DE ENERGIA V S/A,*,2048-12-15,"IPCA + 7,8293%",IPCA_MAIS,7.8293,8.9913,8.8007,8.9117,0.1376,8.7741,9.0493,1084.483561,92.0724,2046.48,8.121,,2037-05-15
2026-10-01,RATL11,CONCESSIONARIA ROTA DO ATLANTICO S.A,*,2036-12-15,"IPCA + 7,1717%",IPCA_MAIS,7.1717,,7.4927,7.8592,0.0656,7.7936,7.9249,1180.815152,96.7715,1285.64,5.1017,,2033-05-15
2026-10-01,RDOE18,CONCESSIONÁRIA DO RODOANEL OESTE S/A,*,2031-04-15,"IPCA + 5,95%",IPCA_MAIS,5.95,7.8286,7.544,7.6908,0.0376,7.6532,7.7285,1089.047068,95.0696,779.11,3.0917,5.0,2030-08-15
2026-10-01,RDSM12,CONCESSIONARIA RODOVIAS DO SUL DE MINAS SPE S.A.,*,2044-10-15,"IPCA + 8,1584%",IPCA_MAIS,8.1584,8.8803,8.6609,8.8619,0.306,8.5559,9.168,1076.447571,95.2877,1857.21,7.3699,,2037-05-15
2026-10-01,RDVE11,RDVE SUBHOLDING S.A.,*,2038-04-15,"IPCA + 7,0421%",IPCA_MAIS,7.0421,7.6631,7.4515,7.5587,0.0882,7.4705,7.647,1118.631636,97.8655,1122.75,4.4554,5.0,2032-08-15
2026-10-01,RECV11,PETRORECONCAVO S.A.,*,2031-05-15,"IPCA + 7,3249%",IPCA_MAIS,7.3249,7.9923,7.6493,7.8812,0.2089,7.6723,8.0902,1120.970491,98.4046,782.98,3.1071,5.0,2030-08-15
2026-10-01,RECV14,PETRORECONCAVO S.A.,*,2032-12-15,"IPCA + 7,4564%",IPCA_MAIS,7.4564,8.0792,7.7996,7.8883,0.2007,7.6876,8.0891,1040.807432,98.1625,1163.51,4.6171,,2032-08-15
2026-10-01,RECV24,PETRORECONCAVO S.A.,*,2035-12-15,"IPCA + 7,2833%",IPCA_MAIS,7.2833,8.0547,7.6683,7.8879,0.1607,7.7272,8.0488,1023.777101,96.6039,1543.83,6.1263,,2035-05-15
2026-10-01,RENTD1,LOCALIZA RENT A CAR,*,2031-12-15,"IPCA + 8,867%",IPCA_MAIS,8.867,9.5993,9.2315,9.4286,0.08,9.3485,9.5087,1223.828883,97.3766,1302.0,5.1667,5.0,2033-05-15
2026-10-01,RESA14,RAIZEN ENERGIA S/A,,2029-11-15,"IPCA + 3,539%",IPCA_MAIS,3.539,,,,,,,697.585216,48.4683,,,5.0,
2026-10-01,RESA15,RAIZEN ENERGIA S/A,,2030-06-15,"IPCA + 5,8%",IPCA_MAIS,5.8,,,,,,,681.684488,47.8644,,,,
2026-10-01,RESA17,RAIZEN ENERGIA S/A,*;**,2029-03-15,"IPCA + 5,9219%",IPCA_MAIS,5.9219,,,,,,,591.879014,47.24,,,,
2026-10-01,RESA27,RAIZEN ENERGIA S/A,*;**,2032-03-15,"IPCA + 5,9645%",IPCA_MAIS,5.9645,,,,,,,599.038397,47.7925,,,,
2026-10-01,RIGEA3,RGE SUL DISTRIBUIDORA DE ENERGIA S/A,*,2029-05-15,"IPCA + 5,9853%",IPCA_MAIS,5.9853,7.3439,7.1003,7.2512,0.0764,7.1747,7.3277,1197.346247,97.7138,490.25,1.9454,,2028-08-15
2026-10-01,RIPR22,RIO PARANA ENERGIA S/A,*,2031-06-15,"IPCA + 4,6279%",IPCA_MAIS,4.6279,7.6606,7.3826,7.5104,0.0434,7.467,7.5538,1234.968815,91.3197,837.8,3.3246,5.0,2030-08-15
2026-10-01,RIS412,AGUAS DO RIO 4 SPE S.A,*,2034-01-15,"IPCA + 6,9%",IPCA_MAIS,6.9,15.0833,12.9418,14.0433,1.5876,12.4557,15.6309,9.050069,77.5723,955.88,3.7932,,2031-05-15
2026-10-01,RIS414,AGUAS DO RIO 4 SPE S.A,*,2034-09-15,"IPCA + 7,3591%",IPCA_MAIS,7.3591,14.9853,13.4537,14.077,0.9349,13.1421,15.012,0.857968,76.5842,1072.36,4.2554,,2031-05-15
2026-10-01,RIS422,AGUAS DO RIO 4 SPE S.A,*,2042-01-15,"IPCA + 7,2%",IPCA_MAIS,7.2,13.7428,12.2154,13.1522,0.8676,12.2846,14.0199,7.731734,66.2317,1781.22,7.0683,,2037-05-15
2026-10-01,RIS424,AGUAS DO RIO 4 SPE S.A,*,2042-09-15,"IPCA + 7,692%",IPCA_MAIS,7.692,13.7471,12.3074,13.1568,0.8028,12.354,13.9598,0.761307,67.946,1829.75,7.2609,5.0,2037-05-15
2026-10-01,RISP12,SPE SANEAMENTO RIO 1 S.A,*,2034-01-15,"IPCA + 6,9%",IPCA_MAIS,6.9,14.491,13.0653,13.8511,1.1031,12.748,14.9543,9.108213,78.0706,957.64,3.8002,,2031-05-15
2026-10-01,RISP14,SPE SANEAMENTO RIO 1 S.A,*,2034-09-15,"IPCA + 7,3591%",IPCA_MAIS,7.3591,15.0359,13.1128,14.3276,0.4508,13.8768,14.7785,0.850003,75.8732,1069.8,4.2452,,2031-05-15
2026-10-01,RISP22,SPE SANEAMENTO RIO 1 S.A,*,2042-01-15,"IPCA + 7,2%",IPCA_MAIS,7.2,13.6612,12.2379,12.9846,1.2377,11.747,14.2224,7.813348,66.9308,1788.89,7.0988,,2037-05-15
2026-10-01,RISP24,SPE SANEAMENTO RIO 1 S.A,*,2042-09-15,"IPCA + 7,692%",IPCA_MAIS,7.692,13.7754,12.2744,13.0478,1.2443,11.8035,14.2922,0.766662,68.4239,1835.07,7.282,,2037-05-15
2026-10-01,RLMS13,CONCESSIONARIA DAS RODOVIAS DO LESTE MS S.A.,*,2045-07-15,"IPCA + 8,1674%",IPCA_MAIS,8.1674,9.0308,8.7395,8.784,0.1197,8.6643,8.9039,1018.242993,95.686,1937.22,7.6874,,2037-05-15
2026-10-01,RMSA12,BRK AMBIENTAL - REGIAO METROPOLITANA DE MACEIO S.A.,*,2042-06-15,"IPCA + 7,6179%",IPCA_MAIS,7.6179,10.4544,10.0393,10.2315,0.2639,9.9677,10.4955,1205.710435,84.552,1703.12,6.7584,,2035-05-15
2026-10-01,ROTY13,CONCESSIONARIA ROTA SOROCABANA SA,*,2031-03-15,"IPCA + 6,9109%",IPCA_MAIS,6.9109,7.8347,7.562,7.7176,0.067,7.6506,7.7847,995.18956,97.1336,973.75,3.8641,,2031-05-15
2026-10-01,RPTA14,CONCESSIONÁRIA AUTO RAPOSO TAVARES S/A,*,2036-03-15,"IPCA + 8,5334%",IPCA_MAIS,8.5334,9.1147,8.901,9.0715,0.1754,8.8962,9.247,1071.441481,97.5244,1272.27,5.0487,40.0,2032-08-15
2026-10-01,RRRP13,3R PETROLEUM OLEO E GAS S.A.,*,2033-10-15,"IPCA + 8,4166%",IPCA_MAIS,8.4166,9.2415,8.7484,9.001,0.1172,8.8838,9.1182,1162.83017,98.0719,910.06,3.6113,15.0,2030-08-15
2026-10-01,RSAN16,COMPANHIA RIOGRANDENSE DE SANEAMENTO - CORSAN,*,2034-09-15,"IPCA + 6,9875%",IPCA_MAIS,6.9875,9.6375,9.232,9.3592,0.2447,9.1145,9.6039,975.797198,88.5739,1380.97,5.48,,2033-05-15
2026-10-01,RSAN26,COMPANHIA RIOGRANDENSE DE SANEAMENTO - CORSAN,*,2039-09-15,"IPCA + 7,4224%",IPCA_MAIS,7.4224,9.8377,9.3357,9.5457,0.2416,9.3041,9.7874,943.400691,85.6167,1955.76,7.761,5.0,2037-05-15
2026-10-01,RSAN34,COMPANHIA RIOGRANDENSE DE SANEAMENTO - CORSAN,*,2028-02-15,"IPCA + 4,3854%",IPCA_MAIS,4.3854,8.0666,6.7377,7.6531,0.3296,7.3235,7.9828,666.940827,97.4392,211.1,0.8377,,2027-05-15
2026-10-01,RSAN44,COMPANHIA RIOGRANDENSE DE SANEAMENTO - CORSAN,*,2031-02-15,"IPCA + 4,833%",IPCA_MAIS,4.833,9.2036,8.9118,9.1015,0.1528,8.9487,9.2544,897.618208,91.7488,534.12,2.1195,,2029-05-15
2026-10-01,RUMOA2,RUMO S/A,,2029-02-15,"IPCA + 4,5%",IPCA_MAIS,4.5,8.6662,8.2911,8.4451,0.1006,8.3446,8.5458,1428.362281,95.3025,324.17,1.2864,,2028-08-15
2026-10-01,RUMOA3,RUMO S/A,,2029-10-15,"IPCA + 3,9%",IPCA_MAIS,3.9,8.6814,8.3647,8.5015,0.1007,8.4008,8.6023,1400.637698,92.1661,470.21,1.8659,,2028-08-15
2026-10-01,RUMOA4,RUMO S/A,,2030-04-15,"IPCA + 6,7961%",IPCA_MAIS,6.7961,8.8147,8.4605,8.6067,0.0768,8.53,8.6836,1426.657064,96.2772,566.77,2.2491,15.0,2029-05-15
2026-10-01,RUMOA5,RUMO S/A,*;**,2030-12-15,"IPCA + 3,6%",IPCA_MAIS,3.6,9.0793,8.7077,8.8789,0.0858,8.7931,8.9648,1200.499262,86.2923,741.6,2.9429,,2030-08-15
2026-10-01,RUMOA6,RUMO S/A,*,2031-06-15,"IPCA + 4,4998%",IPCA_MAIS,4.4998,9.0827,8.7349,8.851,0.0601,8.791,8.9112,1176.776851,87.2587,835.68,3.3162,10.0,2030-08-15
2026-10-01,RUMOA7,RUMO S/A,*,2029-08-15,"IPCA + 5,76%",IPCA_MAIS,5.76,8.6276,8.3849,8.505,0.0474,8.4576,8.5525,1079.32649,93.447,665.47,2.6408,,2029-05-15
2026-10-01,RUMOB3,RUMO S/A,,2029-10-15,IPCA + 4%,IPCA_MAIS,4.0,8.6984,8.324,8.5062,0.1062,8.4,8.6125,1376.568944,92.2625,474.55,1.8831,,2028-08-15
2026-10-01,RUMOB5,RUMO S/A,*;**,2035-12-15,IPCA + 4%,IPCA_MAIS,4.0,9.1352,8.8139,8.9612,0.0736,8.8877,9.0349,1013.894108,72.7933,1679.95,6.6665,,2035-05-15
2026-10-01,RUMOB6,RUMO S/A,*,2036-06-15,"IPCA + 4,5404%",IPCA_MAIS,4.5404,9.1511,8.8518,8.996,0.0648,8.9312,9.0609,1007.246369,74.679,1722.1,6.8337,,2035-05-15
2026-10-01,RUMOB7,RUMO S/A,*,2033-05-15,"IPCA + 6,183%",IPCA_MAIS,6.183,9.1053,8.6548,8.8363,0.0636,8.7727,8.9001,1028.731243,87.6544,1332.12,5.2862,,2033-05-15
2026-10-01,SAELA1,ENERGISA PARAIBA - DISTR.DE ENERGIA S/A,,2030-01-15,"IPCA + 6,0123%",IPCA_MAIS,6.0123,7.7894,7.6551,7.7197,0.0501,7.6696,7.7698,1212.043178,96.0209,639.32,2.537,,2029-05-15
2026-10-01,SAELA3,ENERGISA PARAIBA - DISTR.DE ENERGIA S/A,,2031-04-15,"IPCA + 6,1581%",IPCA_MAIS,6.1581,8.1143,7.9309,8.007,0.0528,7.9543,8.0599,1070.227048,93.5272,973.13,3.8616,,2031-05-15
2026-10-01,SAELA7,ENERGISA PARAIBA - DISTR.DE ENERGIA S/A,*,2035-10-15,"IPCA + 7,2318%",IPCA_MAIS,7.2318,8.3811,8.0693,8.2295,0.0554,8.1741,8.285,1012.119371,94.1365,1632.65,6.4788,,2035-05-15
2026-10-01,SAELB3,ENERGISA PARAIBA - DISTR.DE ENERGIA S/A,,2039-04-15,"IPCA + 6,4045%",IPCA_MAIS,6.4045,8.4319,8.2662,8.3114,0.1019,8.2095,8.4134,995.01432,86.8608,1960.15,7.7784,,2037-05-15
2026-10-01,SAELB7,ENERGISA PARAIBA - DISTR.DE ENERGIA S/A,*,2040-10-15,"IPCA + 7,1146%",IPCA_MAIS,7.1146,8.457,8.1727,8.3347,0.0855,8.2492,8.4203,978.029617,91.0121,2063.23,8.1874,,2037-05-15
2026-10-01,SAELB8,ENERGISA PARAIBA - DISTR.DE ENERGIA S/A,*,2036-02-15,"IPCA + 6,6675%",IPCA_MAIS,6.6675,8.3544,8.0685,8.2244,0.082,8.1424,8.3065,935.145326,90.3738,1742.63,6.9152,5.0,2035-05-15
2026-10-01,SAPR10,COMPANHIA DE SANEAMENTO DO PARANA - SANEPAR,,2027-03-15,"IPCA + 4,657%",IPCA_MAIS,4.657,6.558,5.8978,6.0418,0.1971,5.8446,6.239,14287.384806,99.4279,110.0,0.4365,5.0,
2026-10-01,SAPRA2,COMPANHIA DE SANEAMENTO DO PARANA - SANEPAR,*,2029-03-15,"IPCA + 4,2474%",IPCA_MAIS,4.2474,7.3654,7.0506,7.2275,0.1749,7.0526,7.4025,1276.086353,93.6595,585.15,2.322,,2029-05-15
2026-10-01,SAPRA3,COMPANHIA DE SANEAMENTO DO PARANA - SANEPAR,*,2031-03-15,"IPCA + 4,492%",IPCA_MAIS,4.492,7.5329,7.1875,7.347,0.1454,7.2016,7.4925,1222.206021,89.6949,1013.49,4.0218,,2031-05-15
2026-10-01,SAPRB3,COMPANHIA DE SANEAMENTO DO PARANA - SANEPAR,*,2032-01-15,"IPCA + 5,8935%",IPCA_MAIS,5.8935,7.6201,7.2981,7.4344,0.139,7.2954,7.5736,1182.035793,93.6666,1137.54,4.514,,2032-08-15
2026-10-01,SAUC16,S/A USINA CORURIPE ACUCAR E ALCOOL,*,2034-04-15,"IPCA + 13,3904%",IPCA_MAIS,13.3904,,11.9544,12.1633,0.1725,11.9909,12.3359,1122.576691,103.2055,736.73,2.9235,,2030-08-15
2026-10-01,SAVI13,SANTA VITÓRIA DO PALMAR ENERGIAS RENOVÁVEIS S.A.,,2031-09-15,"IPCA + 5,9548%",IPCA_MAIS,5.9548,8.1517,7.8625,8.0054,0.0581,7.9472,8.0636,625.00561,94.8289,693.6,2.7524,,2029-05-15
2026-10-01,SBSPB6,CIA. DE SANEAMENTO BÁSICO DO ESTADO DE SP - SABESP,*;**,2027-07-15,"IPCA + 4,65%",IPCA_MAIS,4.65,,6.0746,6.5531,0.1215,6.4317,6.6747,1432.780329,98.6151,195.0,0.7738,,2027-05-15
2026-10-01,SBSPC6,CIA. DE SANEAMENTO BÁSICO DO ESTADO DE SP - SABESP,*;**,2030-07-15,"IPCA + 4,95%",IPCA_MAIS,4.95,7.4952,7.2453,7.3829,0.0823,7.3006,7.4653,1369.775954,94.2198,652.46,2.5891,,2029-05-15
2026-10-01,SBSPD4,CIA. DE SANEAMENTO BÁSICO DO ESTADO DE SP - SABESP,,2029-07-15,"IPCA + 3,37%",IPCA_MAIS,3.37,7.4131,7.1265,7.2591,0.0568,7.2024,7.316,1388.977589,93.8663,428.86,1.7018,15.0,2028-08-15
2026-10-01,SBSPE3,CIA. DE SANEAMENTO BÁSICO DO ESTADO DE SP - SABESP,*,2035-01-15,"IPCA + 7,5485%",IPCA_MAIS,7.5485,7.8971,7.6371,7.6493,0.1328,7.5165,7.7822,1128.726692,99.4301,1536.32,6.0965,,2035-05-15
2026-10-01,SBSPE9,CIA. DE SANEAMENTO BÁSICO DO ESTADO DE SP - SABESP,*,2031-12-15,"IPCA + 5,3058%",IPCA_MAIS,5.3058,7.7726,7.505,7.5755,0.0576,7.518,7.6332,1212.944772,92.4787,919.32,3.6481,35.0,2030-08-15
2026-10-01,SBSPF3,CIA. DE SANEAMENTO BÁSICO DO ESTADO DE SP - SABESP,*,2040-01-15,"IPCA + 7,3837%",IPCA_MAIS,7.3837,7.9715,7.723,7.8154,0.0353,7.7802,7.8508,1098.191263,96.8451,2003.51,7.9504,,2037-05-15
2026-10-01,SBSPF9,CIA. DE SANEAMENTO BÁSICO DO ESTADO DE SP - SABESP,*,2036-12-15,"IPCA + 5,4478%",IPCA_MAIS,5.4478,7.9409,7.6737,7.799,0.0865,7.7125,7.8855,1124.662821,85.6566,1741.76,6.9117,,2035-05-15
2026-10-01,SBSPI8,CIA. DE SANEAMENTO BÁSICO DO ESTADO DE SP - SABESP,*,2036-02-15,"IPCA + 6,2907%",IPCA_MAIS,6.2907,7.8478,7.5881,7.68,0.0626,7.6174,7.7427,945.062993,91.1964,1772.94,7.0355,35.0,2035-05-15
2026-10-01,SBSPJ8,CIA. DE SANEAMENTO BÁSICO DO ESTADO DE SP - SABESP,*,2038-02-15,"IPCA + 6,3507%",IPCA_MAIS,6.3507,7.8815,7.7106,7.7663,0.0521,7.7142,7.8184,931.078706,89.8405,2016.59,8.0023,,2037-05-15
2026-10-01,SBSPK8,CIA. DE SANEAMENTO BÁSICO DO ESTADO DE SP - SABESP,*,2041-02-15,"IPCA + 6,2467%",IPCA_MAIS,6.2467,7.7433,7.4873,7.628,0.1007,7.5273,7.7288,921.981905,88.9738,2243.23,8.9017,10.0,2040-08-15
2026-10-01,SDOM12,USINA SAO DOMINGOS-ACUCAR E ETANOL S/A,*,2034-01-15,"IPCA + 9,15%",IPCA_MAIS,9.15,,,,,,,,,,,,2031-05-15
2026-10-01,SERI11,SERRA DO SERIDO F2 HOLDING S.A.,*,2042-04-15,"IPCA + 6,783%",IPCA_MAIS,6.783,8.8174,8.5021,8.5918,0.2016,8.3902,8.7935,961.766873,92.1804,1188.64,4.7168,,2032-08-15
2026-10-01,SMTO14,SAO MARTINHO S/A,,2032-01-15,"IPCA + 5,9741%",IPCA_MAIS,5.9741,8.736,8.472,8.546,0.121,8.4251,8.6671,1116.97167,89.7488,1130.19,4.4849,,2032-08-15
2026-10-01,SMTO15,SAO MARTINHO S/A,,2030-12-15,"IPCA + 7,4737%",IPCA_MAIS,7.4737,8.3003,8.0192,8.1799,0.1338,8.046,8.3138,1235.254906,98.2068,695.16,2.7586,,2029-05-15
2026-10-01,SMTO24,SAO MARTINHO S/A,,2037-01-15,"IPCA + 6,1076%",IPCA_MAIS,6.1076,8.8589,8.5713,8.7357,0.14,8.5957,8.8757,1049.184767,84.279,1731.49,6.871,,2035-05-15
2026-10-01,SPRZ11,ESPERANZA TRANSMISSORA DE ENERGIA S.A,*,2030-09-15,"IPCA + 6,7968%",IPCA_MAIS,6.7968,7.614,7.4141,7.4929,0.0539,7.439,7.5469,594.496729,98.7811,474.57,1.8832,,2028-08-15
2026-10-01,SRBS11,SRBT SUBHOLDING S.A,*,2049-12-15,"IPCA + 6,7092%",IPCA_MAIS,6.7092,7.6707,7.5757,7.6146,0.0509,7.5637,7.6656,1019.797752,93.3488,2018.61,8.0104,35.0,2037-05-15
2026-10-01,SRNA11,SERENA ENERGIA S.A,*,2035-03-15,"IPCA + 8,2427%",IPCA_MAIS,8.2427,9.4095,9.0972,9.2686,0.05,9.2187,9.3187,1011.855797,94.811,1416.27,5.6201,,2033-05-15
2026-10-01,SRTI11,SERTÃO I SOLAR ENERGIA SPE S.A.,,2032-12-15,"IPCA + 7,0916%",IPCA_MAIS,7.0916,7.9161,7.6515,7.791,0.0737,7.7173,7.8649,754.325484,98.1543,718.37,2.8507,,2029-05-15
2026-10-01,STBP35,SANTOS BRASIL PARTICIPAÇÕES S/A,*,2034-08-15,"IPCA + 6,3936%",IPCA_MAIS,6.3936,7.9337,7.5718,7.6411,0.1055,7.5356,7.7468,1039.096213,93.712,1397.13,5.5442,,2033-05-15
2026-10-01,STBP45,SANTOS BRASIL PARTICIPAÇÕES S/A,*,2039-08-15,"IPCA + 6,5408%",IPCA_MAIS,6.5408,8.0942,7.7364,7.7687,0.0925,7.6763,7.8613,1008.796621,90.9635,2058.23,8.1676,,2037-05-15
2026-10-01,STRZ11,VENTOS DE SANTA TEREZA 07 ENERGIAS RENOVAVEIS S.A.,*,2039-03-15,"IPCA + 6,9343%",IPCA_MAIS,6.9343,8.2928,7.9698,8.1503,0.1124,8.0379,8.2628,989.315,94.0115,1359.17,5.3935,,2033-05-15
2026-10-01,SUMI17,GIGA MAIS FIBRA TELECOMUNICACOES S.A.,*,2031-07-15,"IPCA + 7,749%",IPCA_MAIS,7.749,14.7687,12.8189,14.4361,1.808,12.6282,16.2442,900.982669,80.5585,892.4,3.5413,45.0,2030-08-15
2026-10-01,SUMI18,GIGA MAIS FIBRA TELECOMUNICACOES S.A.,*,2031-10-15,"IPCA + 8,5214%",IPCA_MAIS,8.5214,15.1999,13.3659,14.6251,0.5375,14.0876,15.1627,927.854779,81.9667,900.3,3.5726,,2030-08-15
2026-10-01,SUMI19,GIGA MAIS FIBRA TELECOMUNICACOES S.A.,*,2032-04-15,"IPCA + 9,4735%",IPCA_MAIS,9.4735,14.663,12.7371,14.1273,0.8197,13.3076,14.9471,935.37661,85.1091,960.42,3.8112,35.0,2031-05-15
2026-10-01,SUMI37,GIGA MAIS FIBRA TELECOMUNICACOES S.A.,*,2034-07-15,"IPCA + 8,0993%",IPCA_MAIS,8.0993,14.9916,12.9553,14.2,0.7559,13.4442,14.956,845.660827,75.5585,1249.0,4.9563,,2032-08-15
2026-10-01,SUZB19,SUZANO S.A.,*,2030-06-15,"IPCA + 6,0188%",IPCA_MAIS,6.0188,7.3326,7.0893,7.2326,0.1192,7.1134,7.3519,1128.071236,96.328,826.98,3.2817,5.0,2030-08-15
2026-10-01,SUZB29,SUZANO S.A.,*,2033-06-15,"IPCA + 6,2477%",IPCA_MAIS,6.2477,7.4976,7.2743,7.3713,0.0447,7.3266,7.4162,1106.635175,94.4353,1365.99,5.4206,,2033-05-15
2026-10-01,SUZBA0,SUZANO S.A.,*,2038-09-15,"IPCA + 6,1889%",IPCA_MAIS,6.1889,7.6364,7.3601,7.469,0.1212,7.3478,7.5903,1045.057361,90.8655,1993.79,7.9119,40.0,2037-05-15
2026-10-01,SUZBC1,SUZANO S.A.,*,2036-05-15,"IPCA + 6,11%",IPCA_MAIS,6.11,7.6297,7.3528,7.4899,0.0646,7.4252,7.5546,1039.779537,91.49,1719.42,6.8231,,2035-05-15
2026-10-01,TAEE17,TRANS. ALIANÇA DE ENERGIA ELÉTRICA S/A,,2044-09-15,"IPCA + 4,5%",IPCA_MAIS,4.5,7.7451,7.4937,7.5914,0.0508,7.5407,7.6423,1398.08801,80.4966,1780.8,7.0667,,2037-05-15
2026-10-01,TAEE18,TRANS. ALIANÇA DE ENERGIA ELÉTRICA S/A,*,2039-12-15,"IPCA + 4,7742%",IPCA_MAIS,4.7742,7.5363,7.3864,7.4585,0.0862,7.3724,7.5448,1135.766725,87.6356,1275.58,5.0618,,2032-08-15
2026-10-01,TAEE26,TRANS. ALIANÇA DE ENERGIA ELÉTRICA S/A,*;**,2044-05-15,"IPCA + 5,5%",IPCA_MAIS,5.5,7.7384,7.4278,7.5568,0.0683,7.4884,7.6252,1263.501461,85.6174,1974.12,7.8338,,2037-05-15
2026-10-01,TAEEA2,TRANS. ALIANÇA DE ENERGIA ELÉTRICA S/A,,2036-05-15,"IPCA + 4,7605%",IPCA_MAIS,4.7605,7.6708,7.4658,7.5485,0.066,7.4825,7.6147,1141.965867,83.4098,1715.1,6.806,,2035-05-15
2026-10-01,TAEEA4,TRANSMISSORA ALIANÇA DE ENERGIA ELÉTRICA S.A.,,2033-09-15,"IPCA + 5,8741%",IPCA_MAIS,5.8741,7.6946,7.4673,7.5531,0.0618,7.4913,7.615,1049.401802,91.351,1440.75,5.7173,,2033-05-15
2026-10-01,TAEEA7,TRANSMISSORA ALIANÇA DE ENERGIA ELÉTRICA S.A.,*,2040-01-15,"IPCA + 7,169%",IPCA_MAIS,7.169,7.7293,7.5143,7.5962,0.0594,7.5368,7.6558,1177.104671,97.0297,1899.62,7.5382,,2037-05-15
2026-10-01,TAEEA8,TRANSMISSORA ALIANÇA DE ENERGIA ELÉTRICA S.A.,*,2032-07-15,"IPCA + 7,1499%",IPCA_MAIS,7.1499,7.4669,7.3273,7.4193,0.0884,7.3309,7.5078,1122.969236,98.9199,1089.14,4.322,40.0,2031-05-15
2026-10-01,TAEEB0,TRANSMISSORA ALIANÇA DE ENERGIA ELÉTRICA S.A.,*,2040-12-15,"IPCA + 6,4712%",IPCA_MAIS,6.4712,7.4599,7.264,7.3465,0.0524,7.294,7.399,989.700655,90.7889,2973.16,11.7983,,2050-08-15
2026-10-01,TAEEB2,TRANS. ALIANÇA DE ENERGIA ELÉTRICA S/A,,2029-04-15,"IPCA + 5,6%",IPCA_MAIS,5.6,7.3391,7.049,7.2175,0.061,7.1565,7.2786,1191.633618,96.5428,582.65,2.3121,15.0,2029-05-15
2026-10-01,TAEEB4,TRANSMISSORA ALIANÇA DE ENERGIA ELÉTRICA S.A.,,2035-09-15,"IPCA + 6,0653%",IPCA_MAIS,6.0653,7.7837,7.5157,7.6589,0.085,7.5739,7.744,1035.730767,90.1532,1736.44,6.8906,5.0,2035-05-15
2026-10-01,TAEEB8,TRANSMISSORA ALIANÇA DE ENERGIA ELÉTRICA S.A.,*,2035-07-15,"IPCA + 7,0564%",IPCA_MAIS,7.0564,7.5688,7.3399,7.4461,0.0694,7.3767,7.5156,1110.311975,97.9053,1465.25,5.8145,50.0,2033-05-15
2026-10-01,TAEEC2,TRANS. ALIANÇA DE ENERGIA ELÉTRICA S/A,,2032-04-15,"IPCA + 5,75%",IPCA_MAIS,5.75,7.4515,7.2419,7.3572,0.1061,7.2511,7.4634,1164.600804,94.2905,978.33,3.8823,,2031-05-15
2026-10-01,TAEEC4,TRANSMISSORA ALIANÇA DE ENERGIA ELÉTRICA S.A.,,2038-09-15,"IPCA + 6,2709%",IPCA_MAIS,6.2709,7.8036,7.5448,7.6414,0.0774,7.564,7.7189,1037.564675,90.3045,1983.39,7.8706,,2037-05-15
2026-10-01,TAEED2,TRANSMISSORA ALIANÇA DE ENERGIA ELÉTRICA S.A.,,2037-04-15,"IPCA + 5,85%",IPCA_MAIS,5.85,7.7163,7.4884,7.5815,0.0632,7.5183,7.6447,1100.559927,89.0664,1776.35,7.049,,2035-05-15
2026-10-01,TBEG11,TIBAGI ENERGIA SPE S/A,,2035-07-15,"IPCA + 5,3231%",IPCA_MAIS,5.3231,8.9356,8.614,8.7411,0.1044,8.6367,8.8456,950.703516,87.4577,1030.84,4.0906,,2031-05-15
2026-10-01,TCII11,AES TUCANO HOLDING II S.A,*,2041-09-15,"IPCA + 6,0594%",IPCA_MAIS,6.0594,8.2153,7.931,8.0833,0.0391,8.0443,8.1225,1145.353192,89.1313,1488.68,5.9075,,2033-05-15
2026-10-01,TEPA11,BRASIL TECNOLOGIA E PARTICIPACAO S.A.,*,2030-03-15,"IPCA + 9,6888%",IPCA_MAIS,9.6888,,,,,,,,,,,,
2026-10-01,TEPA12,BRASIL TECNOLOGIA E PARTICIPACAO S.A.,*,2031-07-15,"IPCA + 10,0924%",IPCA_MAIS,10.0924,,,,,,,848.026675,75.4684,,,,
2026-10-01,TEPA13,BRASIL TECNOLOGIA E PARTICIPACAO S.A.,*,2032-03-15,"IPCA + 11,5593%",IPCA_MAIS,11.5593,,,,,,,800.40857,75.25,,,,
2026-10-01,TIET18,AES TIETE ENERGIA S/A,,2030-05-15,"IPCA + 6,0215%",IPCA_MAIS,6.0215,7.8156,7.5923,7.7096,0.1052,7.6044,7.8149,775.928264,96.9551,490.39,1.946,,2028-08-15
2026-10-01,TIET29,AES TIETE ENERGIA S/A,*;**,2029-03-15,"IPCA + 4,7133%",IPCA_MAIS,4.7133,7.8184,7.5812,7.6894,0.0571,7.6323,7.7467,1426.629074,96.2132,344.84,1.3684,,2028-08-15
2026-10-01,TIET39,AES TIETE ENERGIA S/A,*;**,2029-03-15,"IPCA + 4,7133%",IPCA_MAIS,4.7133,7.796,7.5707,7.7115,0.0666,7.6449,7.7783,1459.909488,96.2162,341.98,1.3571,,2028-08-15
2026-10-01,TIMS12,TIM S.A.,,2028-06-15,"IPCA + 3,9182%",IPCA_MAIS,3.9182,5.2351,,5.1208,0.1471,4.9737,5.268,888.897243,98.6807,290.48,1.1527,5.0,2027-05-15
2026-10-01,TNHL11,TUCANO HOLDING III S.A,*,2041-09-15,"IPCA + 6,5865%",IPCA_MAIS,6.5865,8.1886,7.9883,8.0837,0.0557,8.0279,8.1395,1112.874311,92.0821,1457.84,5.7851,,2033-05-15
2026-10-01,TPEN11,TPE - TRANSMISSORA PARAÍSO DE ENERGIA S.A.,*;**,2028-09-15,"IPCA + 6,5333%",IPCA_MAIS,6.5333,7.3784,7.0944,7.2551,0.0578,7.1972,7.313,957.356884,98.9027,411.52,1.633,5.0,2028-08-15
2026-10-01,TPNO12,MATRINCHA TRANSMISSORA DE ENERGIA  TP NORTE SA,,2029-06-15,"IPCA + 7,5826%",IPCA_MAIS,7.5826,7.2818,7.106,7.1738,0.073,7.1008,7.247,632.221243,100.519,343.04,1.3613,,2028-08-15
2026-10-01,TPNO13,MATRINCHA TRANSMISSORA DE ENERGIA  TP NORTE SA,*,2038-12-15,"IPCA + 4,9335%",IPCA_MAIS,4.9335,7.8379,7.6666,7.7092,0.2695,7.4397,7.9788,1077.305514,83.9478,1641.1,6.5123,,2035-05-15
2026-10-01,TRCC11,TCC - TRANSMISSORA CAMINHO DO CAFÉ S.A.,,2028-09-15,"IPCA + 6,5333%",IPCA_MAIS,6.5333,7.3697,7.1844,7.2919,0.0721,7.2197,7.3641,956.820731,98.8474,411.49,1.6329,15.0,2028-08-15
2026-10-01,TRGO11,ARGO TRANSMISSAO DE ENERGIA S.A.,,2031-12-15,"IPCA + 7,0176%",IPCA_MAIS,7.0176,7.7147,7.498,7.6035,0.0575,7.546,7.6611,1041.248151,98.6473,626.98,2.488,,2029-05-15
2026-10-01,TRGP13,TECP - TRANSMISSORA DE ENERGIA CENTRAL PAULISTANA S.A.,*,2038-01-15,"IPCA + 6,9928%",IPCA_MAIS,6.9928,7.8058,7.507,7.6924,0.0853,7.6071,7.7777,1026.335278,95.147,1912.65,7.5899,45.0,2037-05-15
2026-10-01,TRPLA4,ISA ENERGIA BRASIL S.A.,*,2033-10-15,"IPCA + 6,2607%",IPCA_MAIS,6.2607,7.7948,7.5257,7.6549,0.0402,7.6148,7.6952,1097.606904,93.3637,1320.32,5.2394,,2033-05-15
2026-10-01,TRPLA7,ISA ENERGIA BRASIL S.A.,*,2036-10-15,"IPCA + 6,7119%",IPCA_MAIS,6.7119,7.679,7.4407,7.5525,0.0763,7.4761,7.6289,1151.520256,93.0204,2323.48,9.2202,,2040-08-15
2026-10-01,TRPLB4,ISA ENERGIA BRASIL S.A.,*,2038-10-15,"IPCA + 6,4364%",IPCA_MAIS,6.4364,7.7858,7.5805,7.6675,0.1131,7.5544,7.7806,1076.356893,91.486,1927.61,7.6492,,2037-05-15
2026-10-01,TRPLB7,ISA ENERGIA BRASIL S.A.,*,2039-10-15,"IPCA + 6,6052%",IPCA_MAIS,6.6052,7.8658,7.5933,7.7385,0.0699,7.6686,7.8085,1033.118567,91.756,2025.34,8.0371,,2037-05-15
2026-10-01,TRRG12,TRSP - TERMINAL DE REGASEIFICACAO DE GNL DE SAO PAULO S.A.,*,2033-01-15,"IPCA + 7,4367%",IPCA_MAIS,7.4367,7.859,7.5401,7.7426,0.0942,7.6484,7.8369,1081.55929,98.8689,1007.28,3.9971,5.0,2031-05-15
2026-10-01,TSSG21,TRANSPORTADORA ASSOCIADA DE GAS S.A. - TAG,*,2033-12-15,"IPCA + 5,9851%",IPCA_MAIS,5.9851,7.6991,7.3953,7.5741,0.0679,7.5063,7.6421,1073.284007,92.6585,1284.11,5.0957,,2032-08-15
2026-10-01,TUPW21,TUPI ENERGIAS RENOVAVEIS S.A,*,2036-10-15,"IPCA + 8,2194%",IPCA_MAIS,8.2194,,12.4383,12.9284,0.7379,12.1905,13.6663,897.198054,82.1055,1119.27,4.4415,,2032-08-15
2026-10-01,TVVH11,TVV TERMINAL DE VILA VELHA S.A.,*,2033-11-15,"IPCA + 6,8596%",IPCA_MAIS,6.8596,8.1069,7.94,8.0374,0.0493,7.9881,8.0869,838.522855,96.7534,752.07,2.9844,,2030-08-15
2026-10-01,UHSM12,UHE SAO SIMAO ENERGIA S/A,,2036-10-15,"IPCA + 5,8198%",IPCA_MAIS,5.8198,7.9561,7.6095,7.7492,0.1132,7.636,7.8626,1174.320358,88.823,1633.45,6.4819,,2035-05-15
2026-10-01,ULFT14,ULTRAFERTIL S/A,*,2035-10-15,"IPCA + 6,6729%",IPCA_MAIS,6.6729,8.0867,7.8734,7.9604,0.0561,7.9043,8.0166,996.856034,92.9458,1525.11,6.052,,2035-05-15
2026-10-01,UNEG11,UTE GNA I GERACAO DE ENERGIA S.A.,*,2039-07-15,"IPCA + 5,92%",IPCA_MAIS,5.92,9.2079,8.7621,8.9873,0.0967,8.8906,9.0841,1135.440607,82.7729,1622.57,6.4388,,2035-05-15
2026-10-01,UNTE11,UNIFIQUE TELECOMUNICACOES S.A.,*,2028-03-15,"IPCA + 5,3418%",IPCA_MAIS,5.3418,,,6.5483,0.0964,6.4518,6.6448,448.523468,98.9597,231.05,0.9169,,2027-05-15
2026-10-01,USAS11,USINA SANTA ADÉLIA S.A.,,2028-02-15,"IPCA + 6,8884%",IPCA_MAIS,6.8884,,6.4113,6.8814,0.1891,6.6923,7.0706,689.424945,100.0058,221.93,0.8807,,2027-05-15
2026-10-01,USAS12,USINA SANTA ADÉLIA S.A.,*,2032-09-15,"IPCA + 8,0857%",IPCA_MAIS,8.0857,8.9397,8.6479,8.7686,0.0886,8.6799,8.8573,1023.37097,97.6605,945.38,3.7515,,2031-05-15
2026-10-01,USAS22,USINA SANTA ADÉLIA S.A.,*,2035-09-15,"IPCA + 8,1432%",IPCA_MAIS,8.1432,9.4079,9.0146,9.1512,0.1557,8.9955,9.307,997.165905,95.1574,1341.47,5.3233,,2033-05-15
2026-10-01,USNA12,USINA SANTA FE S.A.,*,2031-06-15,"IPCA + 8,525%",IPCA_MAIS,8.525,,,9.1593,0.2322,8.9271,9.3915,1130.617873,98.7712,533.2,2.1159,,2029-05-15
2026-10-01,USNA13,USINA SANTA FE S.A.,*,2033-07-15,"IPCA + 9,0161%",IPCA_MAIS,9.0161,11.2059,10.4076,10.676,0.5727,10.1034,11.2488,1005.350655,94.3667,961.08,3.8138,,2031-05-15
2026-10-01,UTPS11,USINA TERMELETRICA PAMPA SUL S.A.,,2028-04-15,"IPCA + 6,25%",IPCA_MAIS,6.25,,6.3996,7.0078,0.1953,6.8125,7.2032,655.235038,99.3359,235.96,0.9363,,2027-05-15
2026-10-01,UTPS12,USINA TERMELETRICA PAMPA SUL S.A.,,2028-04-15,"IPCA + 4,5%",IPCA_MAIS,4.5,,6.5633,7.3095,0.5173,6.7922,7.8269,629.975526,97.5168,237.68,0.9432,,2027-05-15
2026-10-01,UTPS21,USINA TERMELETRICA PAMPA SUL S.A.,,2036-10-15,"IPCA + 7,5%",IPCA_MAIS,7.5,8.4286,8.1895,8.4087,0.2971,8.1116,8.7058,1415.87356,95.8747,1252.98,4.9721,,2032-08-15
2026-10-01,UTPS22,USINA TERMELETRICA PAMPA SUL S.A.,,2036-10-15,"IPCA + 5,75%",IPCA_MAIS,5.75,8.4124,8.1731,8.3793,0.29,8.0893,8.6694,1271.611543,87.9107,1298.59,5.1531,,2032-08-15
2026-10-01,VALE48,VALE S/A,,2029-01-15,"IPCA + 6,78%",IPCA_MAIS,6.78,6.9333,6.6684,6.7767,0.0789,6.6979,6.8557,1047.017082,100.0037,300.9,1.194,,2028-08-15
2026-10-01,VALEA0,VALE S/A,*,2034-10-15,"IPCA + 6,3837%",IPCA_MAIS,6.3837,7.3694,7.1439,7.2057,0.0683,7.1374,7.2741,1070.657986,95.3438,1554.22,6.1675,10.0,2035-05-15
2026-10-01,VALEB0,VALE S/A,*,2036-10-15,"IPCA + 6,4368%",IPCA_MAIS,6.4368,7.4139,7.1372,7.267,0.0843,7.1827,7.3514,1061.441787,94.5012,1822.57,7.2324,,2037-05-15
2026-10-01,VALEB1,VALE S/A,*,2032-05-15,"IPCA + 6,8881%",IPCA_MAIS,6.8881,7.1249,6.8702,7.0062,0.0918,6.9145,7.0981,1072.907113,99.4914,1163.2,4.6159,10.0,2032-08-15
2026-10-01,VALEC0,VALE S/A,*,2039-10-15,"IPCA + 6,4203%",IPCA_MAIS,6.4203,7.2542,6.9733,7.0885,0.0683,7.0202,7.1568,1063.5465,94.6954,2177.17,8.6396,5.0,2040-08-15
2026-10-01,VALEC1,VALE S/A,*,2035-05-15,"IPCA + 6,7624%",IPCA_MAIS,6.7624,7.3895,7.0705,7.1943,0.0678,7.1265,7.2622,1050.079361,97.4187,1628.15,6.4609,15.0,2035-05-15
2026-10-01,VALED1,VALE S/A,*,2037-05-15,"IPCA + 6,7946%",IPCA_MAIS,6.7946,7.4069,7.1378,7.2264,0.063,7.1634,7.2894,1045.843736,97.0145,1885.97,7.484,40.0,2037-05-15
2026-10-01,VAMO33,"VAMOS LOCACAO DE CAMINHOES, MAQUINAS E EQUIPAMENTOS S.A.",*,2031-06-15,"IPCA + 6,3605%",IPCA_MAIS,6.3605,,,13.5661,0.4225,13.1436,13.9887,1098.0999,81.0257,797.33,3.164,,2030-08-15
2026-10-01,VAMO34,"VAMOS LOCACAO DE CAMINHOES, MAQUINAS E EQUIPAMENTOS S.A.",*,2031-10-15,"IPCA + 7,6897%",IPCA_MAIS,7.6897,,,13.8186,0.6741,13.1445,14.4928,1096.223454,83.1173,828.66,3.2883,,2030-08-15
2026-10-01,VBBRA0,VIBRA ENERGIA S.A,*,2036-03-15,"IPCA + 7,38%",IPCA_MAIS,7.38,8.3156,7.8934,8.1379,0.1033,8.0346,8.2413,980.32148,96.0223,1448.56,5.7483,45.0,2033-05-15
2026-10-01,VBRR11,VIA BRASIL BR 163 CONCESSIONARIA DE RODOVIAS S.A.,*,2030-12-15,"IPCA + 8,5914%",IPCA_MAIS,8.5914,,11.1975,11.4689,0.2002,11.2687,11.6692,1185.278381,94.0701,584.47,2.3193,,2029-05-15
2026-10-01,VDBF12,VDB F2 GERACAO DE ENERGIA S.A.,,2033-04-15,"IPCA + 3,8708%",IPCA_MAIS,3.8708,8.1058,7.908,8.0043,0.076,7.9283,8.0804,1081.065201,87.5916,836.46,3.3193,,2030-08-15
2026-10-01,VERO12,VERO S.A.,*,2030-03-17,"IPCA + 9,34%",IPCA_MAIS,9.34,,,,,,,953.663762,81.4584,,,,
2026-10-01,VERO13,VERO S.A.,*,2031-03-15,"IPCA + 8,4041%",IPCA_MAIS,8.4041,,,,,,,923.658716,82.0,,,,
2026-10-01,VERO24,VERO S.A.,*,2031-10-15,"IPCA + 8,3524%",IPCA_MAIS,8.3524,,,,,,,938.619804,82.1771,,,,
2026-10-01,VERO25,VERO S.A.,*,2032-07-15,"IPCA + 9,2618%",IPCA_MAIS,9.2618,,,,,,,875.036186,81.8483,,,,
2026-10-01,VERO35,VERO S.A.,*,2035-07-15,"IPCA + 9,2707%",IPCA_MAIS,9.2707,,,,,,,872.34332,81.595,,,,
2026-10-01,VERO44,VERO S.A.,*,2034-10-15,"IPCA + 8,7014%",IPCA_MAIS,8.7014,,,,,,,929.547421,81.2614,,,,
2026-10-01,VIALA5,RODOVIAS INTEGRADAS DO OESTE S/A,*,2030-04-15,"IPCA + 7,23%",IPCA_MAIS,7.23,7.9093,7.6139,7.7783,0.0577,7.7206,7.8361,1029.437505,98.2327,881.0,3.496,5.0,2030-08-15
2026-10-01,VLIM13,VLI MULTIMODAL S/A,*,2028-12-15,"IPCA + 5,75%",IPCA_MAIS,5.75,7.5687,7.2748,7.4307,0.1367,7.294,7.5674,1240.436549,96.8165,516.68,2.0503,,2028-08-15
2026-10-01,VLIM14,VLI MULTIMODAL S/A,*,2030-09-15,"IPCA + 6,4512%",IPCA_MAIS,6.4512,7.5431,7.2962,7.3892,0.1307,7.2585,7.52,1120.772077,97.6654,677.57,2.6888,,2029-05-15
2026-10-01,VLIM15,VLI MULTIMODAL S/A,*,2031-04-15,"IPCA + 6,1062%",IPCA_MAIS,6.1062,7.88,7.5183,7.707,0.1157,7.5912,7.8228,1081.380255,94.3528,975.24,3.87,5.0,2031-05-15
2026-10-01,VLIM16,VLI MULTIMODAL S/A,*,2034-11-15,"IPCA + 6,867%",IPCA_MAIS,6.867,8.0079,7.7096,7.8424,0.0612,7.7812,7.9038,1058.331724,95.0752,1394.23,5.5327,15.0,2033-05-15
2026-10-01,VLIM17,VLI MULTIMODAL S/A,*,2035-05-15,"IPCA + 7,0166%",IPCA_MAIS,7.0166,8.0238,7.7292,7.8598,0.0899,7.7699,7.9498,1032.73839,95.5304,1461.66,5.8002,,2033-05-15
2026-10-01,VLIM18,VLI MULTIMODAL S/A,*,2035-10-15,"IPCA + 6,6729%",IPCA_MAIS,6.6729,8.0581,7.7792,7.9396,0.0571,7.8825,7.9969,998.019312,93.0542,1525.49,6.0535,,2035-05-15
2026-10-01,VLIM19,VLI MULTIMODAL S/A,*,2038-03-15,"IPCA + 6,4988%",IPCA_MAIS,6.4988,8.1665,7.9141,8.0413,0.0732,7.9681,8.1146,920.017096,89.6259,1896.78,7.5269,50.0,2037-05-15
2026-10-01,VLIM26,VLI MULTIMODAL S/A,*,2036-11-15,"IPCA + 6,7166%",IPCA_MAIS,6.7166,8.1018,7.8897,7.982,0.0478,7.9343,8.0299,1027.79542,92.382,1679.16,6.6633,,2035-05-15
2026-10-01,VLIM27,VLI MULTIMODAL S/A,*,2037-05-15,"IPCA + 6,9582%",IPCA_MAIS,6.9582,8.1399,7.8598,7.9842,0.0717,7.9125,8.056,1009.298387,93.3817,1792.42,7.1128,,2037-05-15
2026-10-01,VLIM28,VLI MULTIMODAL S/A,*,2037-10-15,"IPCA + 6,7052%",IPCA_MAIS,6.7052,8.1167,7.8557,8.0102,0.0906,7.9195,8.1009,980.335289,91.3925,1844.63,7.32,45.0,2037-05-15
2026-10-01,VLIM29,VLI MULTIMODAL S/A,*,2041-03-15,"IPCA + 6,4776%",IPCA_MAIS,6.4776,8.0709,7.8212,7.933,0.046,7.887,7.9791,908.409428,88.4959,2230.47,8.8511,15.0,2040-08-15
2026-10-01,VPLT12,VIAPAULISTA S.A.,,2027-06-15,"IPCA + 3,9407%",IPCA_MAIS,3.9407,7.1611,6.4619,6.9756,0.0936,6.882,7.0693,219.83565,98.5238,130.02,0.516,,2027-05-15
2026-10-01,VRDN12,VIARONDON CONCESSIONÁRIA DE RODOVIA S/A,,2034-12-15,"IPCA + 5,55%",IPCA_MAIS,5.55,9.0495,8.8132,8.9034,0.1124,8.7909,9.0159,1178.015121,88.8896,925.37,3.6721,,2030-08-15
2026-10-01,WDPR11,WINDEPAR HOLDING S. A.,,2028-12-15,"IPCA + 7,6276%",IPCA_MAIS,7.6276,7.1517,6.8409,6.9022,0.2274,6.6748,7.1297,721.893785,100.8039,298.75,1.1855,,2028-08-15
2026-10-01,WNTY12,WINITY S.A.,*,2035-08-15,"IPCA + 8,6044%",IPCA_MAIS,8.6044,9.671,9.3592,9.4591,0.1779,9.2811,9.6371,1019.245045,96.4836,1145.63,4.5462,,2032-08-15
2026-10-01,XNGU17,XINGU RIO TRANSMISSORA DE ENERGIA S.A.,*,2034-12-15,"IPCA + 4,8304%",IPCA_MAIS,4.8304,,,7.6015,0.0642,7.5372,7.6658,1044.668672,89.9421,1004.49,3.9861,,2031-05-15
2026-10-01,AEGPA0,AEGEA SANEAMENTO E PARTICIPAÇÕES S/A,*;**,2029-05-15,"PREFIXADO 16,762%",PREFIXADO,16.762,,,16.5479,0.3577,16.1902,16.9057,1065.544892,100.3843,526.87,2.0908,,
2026-10-01,AEGPA8,AEGEA SANEAMENTO E PARTICIPAÇÕES S/A,*,2031-01-15,"PREFIXADO 16,3433%",PREFIXADO,16.3433,,,16.8089,0.3772,16.4317,17.1862,1020.674184,98.7504,792.38,3.1444,,
2026-10-01,BTEL13,V.TAL - REDE NEUTRA DE TELECOMUNICACOES S.A.,*,2032-04-15,"PREFIXADO 15,05%",PREFIXADO,15.05,15.8143,15.0589,15.485,0.5872,14.8978,16.0724,1053.373206,98.6992,872.73,3.4632,,
2026-10-01,CEEBC0,CIA DE ELETRICIDADE DO ESTADO DA BAHIA - COELBA,*;**,2032-04-25,"PREFIXADO 13,5966%",PREFIXADO,13.5966,14.6016,14.0937,14.4459,0.1164,14.3295,14.5623,1027.294236,97.1689,967.91,3.8409,,
2026-10-01,CEEBD1,CIA DE ELETRICIDADE DO ESTADO DA BAHIA - COELBA,*,2032-11-15,"PREFIXADO 11,6692%",PREFIXADO,11.6692,14.5818,14.1626,14.4252,0.1368,14.2885,14.5621,939.362915,90.0291,1071.35,4.2514,50.0,
2026-10-01,CEPEA6,COMPANHIA ENERGÉTICA DE PERNAMBUCO - CELPE,*;**,2032-04-25,"PREFIXADO 13,5966%",PREFIXADO,13.5966,14.7078,13.9093,14.4091,0.0604,14.3487,14.4695,1028.564199,97.2891,968.23,3.8422,5.0,
2026-10-01,CEROA3,CENTRAIS ELETRICAS DE RONDONIA S/A CERON,*,2032-05-15,"PREFIXADO 13,7%",PREFIXADO,13.7,14.4828,13.9868,14.3769,0.1518,14.2251,14.5288,1026.589955,97.7088,981.08,3.8932,5.0,
2026-10-01,EGIEA2,ENGIE BRASIL ENERGIA S.A.,*,2029-08-15,"PREFIXADO 12,4974%",PREFIXADO,12.4974,13.925,13.193,13.5741,0.1824,13.3917,13.7566,1013.217421,97.7408,603.72,2.3957,,
2026-10-01,EGIEA4,ENGIE BRASIL ENERGIA S.A.,*,2032-01-15,"PREFIXADO 14,3509%",PREFIXADO,14.3509,14.0546,13.3234,13.6989,0.1471,13.5518,13.8461,1252.604912,101.7844,782.04,3.1033,10.0,
2026-10-01,EGIEA5,ENGIE BRASIL ENERGIA S.A.,*,2035-06-15,"PREFIXADO 12,8775%",PREFIXADO,12.8775,14.2223,13.6302,13.8593,0.1238,13.7355,13.9832,1114.287259,96.0947,1150.1,4.5639,35.0,
2026-10-01,EGIEC1,ENGIE BRASIL ENERGIA S.A.,*,2028-11-15,"PREFIXADO 10,9%",PREFIXADO,10.9,13.7769,13.2975,13.5212,0.0845,13.4367,13.6058,1273.087881,95.1968,531.0,2.1071,,
2026-10-01,EKTRA5,ELEKTRO REDES S.A.,*,2032-04-25,"PREFIXADO 13,5966%",PREFIXADO,13.5966,14.5005,13.7304,14.0929,0.4173,13.6756,14.5103,1039.575702,98.3306,970.98,3.8531,5.0,
2026-10-01,ELTN17,CENTRAIS ELETRICAS DO NORTE DO BRASIL S/A - ELETRONORTE,*,2032-07-15,"PREFIXADO 13,2474%",PREFIXADO,13.2474,14.0684,13.5394,13.9346,0.2642,13.6704,14.1989,1002.276695,97.5429,1033.27,4.1003,,
2026-10-01,ENAT23,3R PETROLEUM OLEO E GAS S.A.,*,2030-06-15,"PREFIXADO 13,5733%",PREFIXADO,13.5733,15.6639,14.851,15.4137,0.1773,15.2364,15.5911,992.289814,95.444,728.2,2.8897,,
2026-10-01,ENAT32,3R PETROLEUM OLEO E GAS S.A.,*,2029-09-17,"PREFIXADO 13,9662%",PREFIXADO,13.9662,15.4662,14.8611,15.2751,0.1476,15.1275,15.4228,977.945819,97.1877,628.6,2.4944,,
2026-10-01,ENERB6,ENERGISA MATO GROSSO DO SUL - DISTRIBUIDORA DE ENERGIA S.A.,*,2032-05-15,"PREFIXADO 13,7%",PREFIXADO,13.7,14.587,13.9651,14.3772,0.0699,14.3072,14.4472,1026.579472,97.7078,981.08,3.8932,,
2026-10-01,ENMTC4,ENERGISA MATO GROSSO - DISTRIBUIDORA DE ENERGIA S.A.,*,2032-05-15,"PREFIXADO 13,7%",PREFIXADO,13.7,14.6163,13.955,14.4214,0.1615,14.2599,14.583,1025.036763,97.561,980.69,3.8916,40.0,
2026-10-01,ORIG21,ORIGEM ENERGIA S.A,*,2035-12-15,"PREFIXADO 14,15%",PREFIXADO,14.15,,,17.2503,0.3805,16.8698,17.631,931.836186,89.4906,1021.2,4.0524,,
2026-10-01,ORIG22,ORIGEM ENERGIA S.A,*,2035-12-15,"PREFIXADO 15,63%",PREFIXADO,15.63,,,17.8531,1.6696,16.1835,19.5228,968.462343,92.6427,995.12,3.9489,,
2026-10-01,RECV21,PETRORECONCAVO S.A.,,2031-05-15,"PREFIXADO 12,8886%",PREFIXADO,12.8886,,,14.6511,0.3643,14.2867,15.0155,1003.000713,95.7272,706.96,2.8054,5.0,
2026-10-01,TEPA23,BRASIL TECNOLOGIA E PARTICIPACAO S.A.,*,2032-03-15,"PREFIXADO 18,5067%",PREFIXADO,18.5067,34.5669,,24.8789,7.2603,17.6187,32.1393,937.948082,85.4665,738.01,2.9286,,
2026-10-01,VLIM25,VLI MULTIMODAL S/A,*,2031-04-15,"PREFIXADO 11,44%",PREFIXADO,11.44,,,,,,,,,,,,
