data_referencia,codigo,emissor,marcadores,vencimento,indexador_texto,indexador_tipo,taxa_emissao,taxa_compra,taxa_venda,taxa_indicativa,desvio_padrao,intervalo_min,intervalo_max,pu,pct_pu_par,duration_du,duration_anos,pct_reune,ntnb_referencia
2026-10-06,AALM12,AURA ALMAS MINERACAO S.A.,*,2030-10-02,"DI + 1,6%",DI_MAIS,1.6,0.85,0.5732,0.7468,0.0566,0.6902,0.8035,1019.227432,101.8065,536.13,2.1275,35.0,
2026-10-06,ABSP12,AGUAS DE BOMBINHAS SANEAMENTO SPE S.A.,*;**,2026-10-15,"DI + 1,95%",DI_MAIS,1.95,,,,,,,,,,,,
2026-10-06,ACOV15,ACO VERDE DO BRASIL S/A,*,2032-06-10,"DI + 1,1%",DI_MAIS,1.1,1.9117,1.23,1.5197,0.1142,1.4055,1.634,1037.331068,98.9936,613.96,2.4363,,
2026-10-06,ADPA21,AGUAS DO PARA A SPE S.A.,*,2027-11-27,"DI + 2,85%",DI_MAIS,2.85,2.8292,2.1994,2.6374,0.5015,2.1359,3.1389,1050.729727,100.2215,269.44,1.0692,,
2026-10-06,AEGE16,EQUIPAV SANEAMENTO S.A.,*;**,2034-03-11,"DI + 3,9%",DI_MAIS,3.9,7.25,3.309,6.0405,1.1562,4.8842,7.1968,941.795243,93.1262,869.75,3.4514,15.0,
2026-10-06,AEGE17,EQUIPAV SANEAMENTO S.A.,*;**,2035-06-15,"DI + 3,4%",DI_MAIS,3.4,7.5,4.8476,6.3259,0.6668,5.6591,6.9929,942.754914,89.4828,981.56,3.8951,15.0,
2026-10-06,AEGP17,AEGEA SANEAMENTO E PARTICIPAÇÕES S/A,*;**,2027-04-12,"DI + 2,15%",DI_MAIS,2.15,3.3509,1.8774,2.6204,0.3093,2.3111,2.9298,358.326817,99.787,116.96,0.4641,10.0,
2026-10-06,AEGP19,AEGEA SANEAMENTO E PARTICIPAÇÕES S/A,*,2028-10-04,"DI + 1,9%",DI_MAIS,1.9,3.7298,2.5397,3.0792,0.4101,2.6691,3.4893,656.650413,98.4353,345.0,1.369,,
2026-10-06,AEGPA4,AEGEA SANEAMENTO E PARTICIPAÇÕES S/A,*,2028-10-25,"DI + 3,47%",DI_MAIS,3.47,3.6793,2.5555,3.104,0.4368,2.6672,3.5409,1077.194131,100.3237,230.07,0.913,,
2026-10-06,AEGPA9,AEGEA SANEAMENTO E PARTICIPAÇÕES S/A,*,2029-06-25,"DI + 2,75%",DI_MAIS,2.75,4.4627,2.0622,2.9038,0.2139,2.6899,3.1178,1043.222656,99.7234,466.56,1.8514,,
2026-10-06,AEGPB3,AEGEA SANEAMENTO E PARTICIPAÇÕES S/A,*,2032-08-22,"DI + 1,8%",DI_MAIS,1.8,4.9531,3.6085,4.5956,0.5402,4.0553,5.1359,924.53956,90.8497,882.77,3.5031,50.0,
2026-10-06,AEGPB5,AEGEA SANEAMENTO E PARTICIPAÇÕES S/A,*,2030-12-15,"DI + 1,8%",DI_MAIS,1.8,4.7484,3.6189,4.3965,0.4719,3.9246,4.8684,969.327359,92.4616,777.75,3.0863,50.0,
2026-10-06,AEGPB7,AEGEA SANEAMENTO E PARTICIPAÇÕES S/A,*,2028-09-15,"DI + 2,95%",DI_MAIS,2.95,4.0735,2.3659,3.2729,0.1329,3.1399,3.4059,1005.270507,99.5901,330.42,1.3112,,
2026-10-06,AERI11,AERIS INDUSTRIA E COMERCIO DE EQUIPAMENTOS PARA GERACAO DE ENERGIA S.A,,2030-03-30,DI + 3%,DI_MAIS,3.0,,,,,,,123.482441,13.1667,,,,
2026-10-06,AERI12,AERIS INDUSTRIA E COMERCIO DE EQUIPAMENTOS PARA GERACAO DE ENERGIA S.A,,2030-03-30,DI + 3%,DI_MAIS,3.0,,,,,,,154.545241,11.117,,,10.0,
2026-10-06,AESLA8,RGE SUL DISTRIBUIDORA DE ENERGIA S/A,*,2029-09-10,"DI + 0,49%",DI_MAIS,0.49,0.5743,0.2273,0.3993,0.0077,0.3916,0.4071,1011.482588,100.1887,526.09,2.0877,,
2026-10-06,ALGAA2,ALGAR TELECOM S/A,*,2029-01-15,"DI + 1,55%",DI_MAIS,1.55,1.2971,0.9708,1.104,0.076,1.028,1.1801,1041.208083,100.6884,392.98,1.5594,,
2026-10-06,ALGTA5,ALGAR TELECOM S/A,*,2032-01-28,"DI + 1,3%",DI_MAIS,1.3,1.1,0.7,0.9238,0.0492,0.8746,0.9731,1041.881246,101.335,899.48,3.5694,,
2026-10-06,ALGTA6,ALGAR TELECOM S/A,*,2033-02-22,"DI + 1,25%",DI_MAIS,1.25,1.2,0.8,1.0407,0.0843,0.9563,1.1251,1025.765617,100.8617,1045.89,4.1504,,
2026-10-06,AMBP16,AMBIPAR PARTICIPACOES E EMPREENDIMENTOS S/A,*;**,2029-04-25,"DI + 2,75%",DI_MAIS,2.75,,,,,,,182.933041,14.4375,,,,
2026-10-06,ANHBA5,CONCESSIONÁRIA DO SISTEMA ANHANGUERA-BANDEIRANTES S/A,*,2030-11-05,"DI + 0,44%",DI_MAIS,0.44,0.5613,0.3964,0.5017,0.0195,0.4822,0.5213,1058.313226,99.8287,703.27,2.7908,45.0,
2026-10-06,ANHBA6,CONCESSIONÁRIA DO SISTEMA ANHANGUERA-BANDEIRANTES S/A,*,2032-07-15,"DI + 0,5%",DI_MAIS,0.5,0.6707,0.4071,0.543,0.0428,0.5002,0.5859,1029.922354,99.8356,969.22,3.8461,,
2026-10-06,ANIM15,ANIMA HOLDING S/A,*,2029-05-15,"DI + 1,92%",DI_MAIS,1.92,2.0762,1.1897,1.689,0.1345,1.5545,1.8235,798.660124,100.3082,341.97,1.357,,
2026-10-06,ANIM17,ANIMA HOLDING S/A,*,2029-05-15,"DI + 1,6%",DI_MAIS,1.6,2.0937,1.1292,1.7132,0.1892,1.524,1.9024,1058.208835,99.8043,443.31,1.7592,,
2026-10-06,ANIM18,ANIMA HOLDING S/A,*,2029-10-15,"DI + 1,5%",DI_MAIS,1.5,2.1,1.8052,1.954,0.0564,1.8976,2.0106,1062.356776,99.0444,541.65,2.1494,,
2026-10-06,APFL18,AUTOPISTA FLUMINENSE S/A,*;**,2029-01-15,"DI + 1,38%",DI_MAIS,1.38,2.8328,1.9517,2.43,0.0589,2.371,2.489,1013.162919,98.0141,490.08,1.9448,,
2026-10-06,APPSB2,AUTOPISTA PLANALTO SUL S/A,*,2028-09-15,"DI + 2,15%",DI_MAIS,2.15,1.601,1.18,1.3832,0.0346,1.3487,1.4179,508.662231,100.8311,277.1,1.0996,,
2026-10-06,APRB28,AUTOPISTA REGIS BITTENCOURT S/A,*,2027-06-15,"DI + 0,86%",DI_MAIS,0.86,0.9012,0.4039,0.6429,0.054,0.5889,0.697,323.950009,100.1057,123.52,0.4902,,
2026-10-06,ARML13,ARMAC LOCACAO LOGISTICA E SERVICOS S.A.,*;**,2029-11-04,"DI + 2,25%",DI_MAIS,2.25,3.439,2.7833,3.171,0.205,2.966,3.3761,1049.296628,98.1624,520.27,2.0646,,
2026-10-06,ARML14,ARMAC LOCACAO LOGISTICA E SERVICOS S.A.,*,2032-03-15,"DI + 1,9%",DI_MAIS,1.9,4.3269,2.9974,3.5976,0.0784,3.5192,3.6761,954.559254,94.6239,838.06,3.3256,15.0,
2026-10-06,ARML15,ARMAC LOCACAO LOGISTICA E SERVICOS S.A.,*,2032-09-25,"DI + 1,35%",DI_MAIS,1.35,4.4859,3.4137,3.8211,0.2334,3.5878,4.0546,918.843695,91.5243,917.81,3.6421,,
2026-10-06,ARML25,ARMAC LOCACAO LOGISTICA E SERVICOS S.A.,*,2034-09-25,"DI + 1,6%",DI_MAIS,1.6,5.6348,3.6265,4.5947,0.8792,3.7155,5.474,880.022932,87.6514,1121.53,4.4505,,
2026-10-06,ARML26,ARMAC LOCACAO LOGISTICA E SERVICOS S.A.,*,2030-11-05,"DI + 1,55%",DI_MAIS,1.55,4.0814,3.3273,3.747,0.1801,3.5668,3.9272,998.53099,93.747,754.75,2.995,10.0,
2026-10-06,ARTRA1,ARTERIS S/A,*;**,2027-03-11,"DI + 1,65%",DI_MAIS,1.65,2.0807,1.628,1.8174,0.1185,1.6989,1.936,336.375641,99.9315,105.0,0.4167,,
2026-10-06,ARTRA4,ARTERIS S/A,*,2028-08-24,"DI + 2,7%",DI_MAIS,2.7,2.8462,2.3896,2.6083,0.0684,2.5399,2.6768,679.911817,100.1121,316.01,1.254,35.0,
2026-10-06,ARTRA5,ARTERIS S/A,*,2029-04-12,"DI + 2,4%",DI_MAIS,2.4,2.8491,2.3964,2.6157,0.0739,2.5419,2.6897,1075.644721,99.7355,316.97,1.2578,,
2026-10-06,ASAI18,SENDAS DISTRIBUIDORA S/A,*,2027-12-22,"DI + 1,85%",DI_MAIS,1.85,2.2272,1.8106,1.8992,0.2969,1.6024,2.1962,1044.809871,99.947,276.38,1.0967,45.0,
2026-10-06,ASAI19,SENDAS DISTRIBUIDORA S/A,*,2029-03-25,"DI + 1,25%",DI_MAIS,1.25,2.2827,1.8543,1.9649,0.2093,1.7556,2.1743,991.576894,98.7718,442.29,1.7551,10.0,
2026-10-06,ASAI22,SENDAS DISTRIBUIDORA S/A,*,2028-05-20,"DI + 1,95%",DI_MAIS,1.95,2.4075,1.7785,2.0242,0.1611,1.8631,2.1854,1059.026084,99.928,249.52,0.9902,35.0,
2026-10-06,ASAI28,SENDAS DISTRIBUIDORA S/A,*,2028-12-22,"DI + 1,95%",DI_MAIS,1.95,2.3735,1.9138,2.0209,0.2725,1.7485,2.2935,1044.305104,99.8696,473.0,1.877,10.0,
2026-10-06,ASAIA0,SENDAS DISTRIBUIDORA S/A,*,2029-06-20,"DI + 1,25%",DI_MAIS,1.25,2.3268,1.9111,2.0028,0.236,1.7667,2.2389,1029.196405,98.6267,469.9,1.8647,10.0,
2026-10-06,ASAIA1,SENDAS DISTRIBUIDORA S/A,*,2029-09-25,"DI + 1,25%",DI_MAIS,1.25,2.3636,2.0046,2.0853,0.2441,1.8412,2.3295,986.390143,98.2551,539.34,2.1402,50.0,
2026-10-06,ASAIA2,SENDAS DISTRIBUIDORA S/A,*,2029-12-09,"DI + 1,25%",DI_MAIS,1.25,2.379,1.9507,2.1027,0.227,1.8757,2.3298,1026.916391,97.8948,638.27,2.5328,10.0,
2026-10-06,ASAIA3,SENDAS DISTRIBUIDORA S/A,*,2029-06-05,"DI + 1,2%",DI_MAIS,1.2,2.3782,1.9999,2.1021,0.2152,1.8869,2.3174,1029.829212,98.0746,551.35,2.1879,10.0,
2026-10-06,AURE13,AUREN ENERGIA S.A.,*,2031-10-10,"DI + 0,55%",DI_MAIS,0.55,0.95,0.6891,0.8205,0.043,0.7775,0.8636,1061.027343,99.1964,756.08,3.0003,,
2026-10-06,AXIAA0,CENTRAIS ELETRICAS BRASILEIRAS S/A ELETROBRAS,*,2033-07-15,"DI + 0,7%",DI_MAIS,0.7,0.816,0.55,0.6787,0.0231,0.6555,0.7019,1031.943127,100.0963,1147.0,4.5516,5.0,
2026-10-06,AXIAB0,CENTRAIS ELETRICAS BRASILEIRAS S/A ELETROBRAS,*,2036-07-15,"DI + 0,85%",DI_MAIS,0.85,0.8682,0.5987,0.7539,0.0225,0.7315,0.7765,1036.475851,100.5027,1326.73,5.2648,40.0,
2026-10-06,AZZA11,AZZAS 2154 S.A.,*,2030-03-28,"DI + 1,25%",DI_MAIS,1.25,2.2125,1.0151,1.4075,0.1172,1.2903,1.5248,999.468636,99.6134,630.43,2.5017,,
2026-10-06,AZZA12,AZZAS 2154 S.A.,*,2030-08-15,"DI + 1,25%",DI_MAIS,1.25,2.096,0.8969,1.6517,0.2532,1.3985,1.9049,1008.947256,98.9277,685.57,2.7205,,
2026-10-06,AZZA13,AZZAS 2154 S.A.,*;**,2028-01-28,DI + 1%,DI_MAIS,1.0,,,1.9734,0.0546,1.9188,2.0281,1015.707675,98.8463,304.78,1.2094,,
2026-10-06,BCBF16,BCBF PARTICIPAÇÕES S/A,*;**,2027-10-07,"DI + 1,45%",DI_MAIS,1.45,5.3277,3.4726,4.396,0.2641,4.1319,4.6602,708.379026,98.7315,111.53,0.4426,,
2026-10-06,BCPSA4,CLARO S/A,,2027-02-20,"DI + 1,2%",DI_MAIS,1.2,0.3168,0.1657,0.25,0.0044,0.2456,0.2544,1021.601691,100.3449,92.0,0.3651,,
2026-10-06,BCPSA6,CLARO S/A,,2028-10-10,"DI + 0,55%",DI_MAIS,0.55,0.45,0.25,0.35,0.0,0.35,0.35,1073.264491,100.3404,430.22,1.7072,,
2026-10-06,BKBR19,BK BRASIL OPERAÇÃO E ASSESSORIA A RESTAURANTES S/A,*;**,2027-04-24,"DI + 1,9%",DI_MAIS,1.9,1.5871,1.4253,1.5167,0.0455,1.4712,1.5623,536.332948,100.1888,126.1,0.5004,,
2026-10-06,BRIT11,BRISANET PARTICIPACOES S.A.,,2027-08-25,DI + 2%,DI_MAIS,2.0,1.147,0.7596,0.9528,0.0425,0.9104,0.9954,342.058316,100.8733,212.33,0.8426,,
2026-10-06,BRIT12,BRISANET PARTICIPACOES S.A.,*,2030-07-10,"DI + 1,6%",DI_MAIS,1.6,1.4796,1.0932,1.3393,0.0898,1.2494,1.4292,1042.05392,100.5812,568.71,2.2568,,
2026-10-06,BRKMA6,BRASKEM S/A,*,2029-05-12,"DI + 1,75%",DI_MAIS,1.75,,,,,,,493.123625,46.3974,,,,
2026-10-06,BRKMA8,BRASKEM S/A,*,2029-11-09,"DI + 1,7%",DI_MAIS,1.7,,,,,,,467.718415,43.9895,,,,
2026-10-06,BRKMB6,BRASKEM S/A,*,2032-05-12,DI + 2%,DI_MAIS,2.0,,,,,,,486.06645,45.6876,,,,
2026-10-06,BRKMB8,BRASKEM S/A,*,2032-11-09,"DI + 1,95%",DI_MAIS,1.95,,,,,,,477.729544,44.8856,,,,
2026-10-06,BRKPA0,BRK AMBIENTAL PARTICIPACOES S/A,*;**,2027-04-15,"DI + 2,4%",DI_MAIS,2.4,2.4304,2.0603,2.2515,0.0029,2.2487,2.2545,420.871558,100.069,119.78,0.4753,10.0,
2026-10-06,BRKPA2,BRK AMBIENTAL PARTICIPACOES S/A,*,2029-02-21,"DI + 3,25%",DI_MAIS,3.25,2.8556,2.4814,2.6974,0.1081,2.5894,2.8056,1031.13043,101.0883,508.55,2.0181,,
2026-10-06,BRKPA3,BRK AMBIENTAL PARTICIPACOES S/A,*,2029-08-23,"DI + 2,93%",DI_MAIS,2.93,2.983,2.5287,2.6991,0.1832,2.5159,2.8824,1024.451682,100.5353,599.26,2.378,35.0,
2026-10-06,BRKPA4,BRK AMBIENTAL PARTICIPACOES S/A,*,2030-10-15,"DI + 1,9%",DI_MAIS,1.9,3.0675,2.6742,2.9364,0.1019,2.8346,3.0384,1043.011745,97.0589,740.81,2.9397,50.0,
2026-10-06,BRKPA5,BRK AMBIENTAL PARTICIPACOES S/A,*;**,2028-03-15,"DI + 1,9%",DI_MAIS,1.9,2.5682,2.086,2.3218,0.0535,2.2683,2.3754,1003.265093,99.4521,335.13,1.3299,,
2026-10-06,BRMLA1,BR MALLS PARTICIPAÇÕES S/A,*,2031-08-20,"DI + 0,63%",DI_MAIS,0.63,0.6,0.3,0.45,0.0,0.45,0.45,1023.551484,100.6086,854.46,3.3907,,
2026-10-06,BRMLB1,BR MALLS PARTICIPAÇÕES S/A,*,2034-08-20,"DI + 0,95%",DI_MAIS,0.95,0.7317,0.4,0.5643,0.0323,0.532,0.5967,1035.90588,101.7819,1165.52,4.6251,,
2026-10-06,BRST14,BRISANET SERVICOS DE TELECOMUNICACOES S.A.,*,2031-05-15,"DI + 1,4%",DI_MAIS,1.4,1.8042,1.4212,1.5872,0.0674,1.5197,1.6547,1054.100408,99.4945,691.91,2.7457,,
2026-10-06,BSA312,"B3 S/A - BRASIL, BOLSA, BALCÃO",*;**,2029-11-05,"DI + 0,58%",DI_MAIS,0.58,0.5557,0.3,0.4175,0.0375,0.38,0.4551,10656.009337,100.4003,622.76,2.4713,,
2026-10-06,BSA318,"B3 S/A - BRASIL, BOLSA, BALCÃO",*,2029-05-28,"DI + 0,62%",DI_MAIS,0.62,0.4,0.2669,0.3449,0.0213,0.3236,0.3664,1054.988135,100.3872,355.92,1.4124,,
2026-10-06,BSA319,"B3 S/A - BRASIL, BOLSA, BALCÃO",*,2031-01-08,"DI + 0,59%",DI_MAIS,0.59,0.587,0.3,0.4708,0.0299,0.4409,0.5008,1038.306612,100.352,746.96,2.9641,,
2026-10-06,BSA3A0,"B3 S/A - BRASIL, BOLSA, BALCÃO",*,2030-09-18,"DI + 0,45%",DI_MAIS,0.45,0.5062,0.2,0.3699,0.0371,0.3328,0.4071,1008.619131,100.2278,718.89,2.8527,35.0,
2026-10-06,BTGH18,BTG PACTUAL HOLDING S/A,*,2029-12-10,"DI + 1,5%",DI_MAIS,1.5,1.3166,0.9575,1.1485,0.0527,1.0958,1.2013,1055.879585,100.6328,458.58,1.8198,40.0,
2026-10-06,CAEC13,COMPANHIA DE AGUA E ESGOTO DO CEARA - CAGECE,*,2032-08-07,"DI + 1,37%",DI_MAIS,1.37,1.5926,1.0478,1.3266,0.0629,1.2637,1.3895,1025.178478,100.1592,936.46,3.7161,,
2026-10-06,CAEC22,COMPANHIA DE AGUA E ESGOTO DO CEARA - CAGECE,*,2029-06-15,"DI + 2,2%",DI_MAIS,2.2,1.3,1.0,1.1609,0.0192,1.1417,1.1802,1067.541207,101.7032,417.11,1.6552,35.0,
2026-10-06,CAEC32,COMPANHIA DE AGUA E ESGOTO DO CEARA - CAGECE,*,2031-06-15,"DI + 2,5%",DI_MAIS,2.5,1.4304,0.8788,1.2103,0.0925,1.1178,1.3029,1090.689011,103.8118,747.51,2.9663,,
2026-10-06,CAMLA1,CAMIL ALIMENTOS S/A,,2028-10-30,"DI + 1,55%",DI_MAIS,1.55,4.9822,2.961,3.9579,0.5964,3.3615,4.5544,1033.327688,96.8985,337.66,1.3399,,
2026-10-06,CAMLB1,CAMIL ALIMENTOS S/A,,2028-10-30,"DI + 1,55%",DI_MAIS,1.55,4.8036,2.759,3.8816,0.584,3.2976,4.4656,1034.344882,96.9939,337.73,1.3402,,
2026-10-06,CASN13,COMPANHIA CATARINENSE DE AGUAS E SANEAMENTO - CASAN,*,2028-11-16,"DI + 5,5%",DI_MAIS,5.5,3.5728,3.1497,3.3372,0.0585,3.2786,3.3958,723.782326,101.9655,237.79,0.9436,,
2026-10-06,CASN14,COMPANHIA CATARINENSE DE AGUAS E SANEAMENTO - CASAN,,2030-04-15,"DI + 2,3%",DI_MAIS,2.3,1.9319,1.3454,1.6408,0.1938,1.447,1.8347,1020.187688,101.106,429.47,1.7042,,
2026-10-06,CBAN22,CONCESSIONÁRIA ROTA DAS BANDEIRAS S/A,*;**,2032-07-15,DI + 2%,DI_MAIS,2.0,0.9053,0.763,0.8396,0.0342,0.8053,0.8739,893.235732,103.6327,789.9,3.1345,,
2026-10-06,CBOH11,CBO HOLDING S.A.,*,2029-08-28,"DI + 1,9%",DI_MAIS,1.9,1.5748,1.2,1.3789,0.0178,1.361,1.3968,1010.526484,100.7001,343.33,1.3624,35.0,
2026-10-06,CBRDB8,COMPANHIA BRASILEIRA DE DISTRIBUIÇÃO,*,2028-05-10,"DI + 1,95%",DI_MAIS,1.95,,,,,,,403.321709,38.3325,,,,
2026-10-06,CDAR11,UNIDAS LOCADORA S.A.,*;**,2027-09-27,DI + 2%,DI_MAIS,2.0,1.7985,1.4133,1.5786,0.0548,1.5238,1.6335,503.698473,100.3859,234.46,0.9304,,
2026-10-06,CDES12,VPORTS AUTORIDADE PORTUARIA S/A,*;**,2031-02-03,"DI + 1,4%",DI_MAIS,1.4,1.6304,1.1171,1.3804,0.0446,1.3358,1.4251,1026.622946,100.0638,832.07,3.3019,,
2026-10-06,CDGS26,COPA ENERGIA S A,*,2032-01-03,DI + 1%,DI_MAIS,1.0,0.9,0.6,0.7528,0.0117,0.7411,0.7647,1046.077223,100.8293,850.01,3.3731,,
2026-10-06,CEAB13,C E A MODAS S.A.,*,2027-07-15,"DI + 1,8%",DI_MAIS,1.8,1.3135,1.0875,1.2164,0.0577,1.1587,1.2742,1039.010843,100.4191,183.31,0.7274,,
2026-10-06,CEAB14,C E A MODAS S.A.,*,2028-09-15,"DI + 0,8%",DI_MAIS,0.8,1.0624,0.7,0.8816,0.0258,0.8558,0.9075,1006.710381,99.8581,442.2,1.7548,,
2026-10-06,CEAB22,C E A MODAS S.A.,,2028-05-13,"DI + 2,4%",DI_MAIS,2.4,0.8835,0.5515,0.7181,0.0188,0.6993,0.7369,541.080517,101.6184,244.87,0.9717,,
2026-10-06,CEAP15,COMPANHIA DE ELETRICIDADE DO AMAPA - CEA,*;**,2029-05-14,"DI + 1,2%",DI_MAIS,1.2,0.8028,0.5,0.669,0.0791,0.5899,0.7481,1069.133696,100.9339,445.64,1.7684,,
2026-10-06,CEAP16,COMPANHIA DE ELETRICIDADE DO AMAPA - CEA,*;**,2029-09-09,"DI + 1,2%",DI_MAIS,1.2,0.85,0.5571,0.7087,0.056,0.6528,0.7648,1021.052897,101.0288,530.34,2.1045,,
2026-10-06,CEEBA3,CIA DE ELETRICIDADE DO ESTADO DA BAHIA - COELBA,*;**,2026-10-15,"DI + 1,34%",DI_MAIS,1.34,1.085,0.4919,0.834,0.0264,0.8077,0.8605,1071.928653,100.0119,6.0,0.0238,,
2026-10-06,CEEBB8,CIA DE ELETRICIDADE DO ESTADO DA BAHIA - COELBA,*,2031-06-10,"DI + 1,1%",DI_MAIS,1.1,0.8,0.5,0.6606,0.0194,0.6412,0.6801,1062.371489,101.3833,795.94,3.1585,,
2026-10-06,CEED16,COMPANHIA ESTADUAL DE DISTRIBUICAO DE ENERGIA ELETRICA - CEEE D,*,2030-08-05,"DI + 1,05%",DI_MAIS,1.05,0.7712,0.55,0.6562,0.0212,0.635,0.6775,1033.611784,100.9216,592.55,2.3514,,
2026-10-06,CEED18,COMPANHIA ESTADUAL DE DISTRIBUICAO DE ENERGIA ELETRICA - CEEE D,*,2030-03-25,"DI + 0,8%",DI_MAIS,0.8,0.85,0.4821,0.6583,0.0248,0.6335,0.6833,1007.827099,100.4029,720.48,2.859,,
2026-10-06,CEEDA0,COMPANHIA ESTADUAL DE DISTRIBUICAO DE ENERGIA ELETRICA - CEEE D,*,2032-10-15,"DI + 0,65%",DI_MAIS,0.65,0.8754,0.6656,0.8004,0.0402,0.7601,0.8407,1062.759978,99.4796,879.9,3.4917,50.0,
2026-10-06,CEEDA1,COMPANHIA ESTADUAL DE DISTRIBUICAO DE ENERGIA ELETRICA - CEEE D,*,2033-04-15,"DI + 0,75%",DI_MAIS,0.75,0.9772,0.8185,0.8971,0.0325,0.8646,0.9296,1056.818518,99.444,962.19,3.8182,,
2026-10-06,CEMTE2,ENERGISA MATO GROSSO - DISTRIBUIDORA DE ENERGIA S.A.,*;**,2029-06-10,"DI + 1,05%",DI_MAIS,1.05,0.6266,0.4231,0.546,0.0235,0.5225,0.5696,1055.29108,100.724,364.01,1.4445,,
2026-10-06,CEPEA1,COMPANHIA ENERGÉTICA DE PERNAMBUCO - CELPE,*,2026-10-15,"DI + 1,39%",DI_MAIS,1.39,1.0298,0.6175,0.8324,0.104,0.7284,0.9365,1072.193465,100.0131,6.0,0.0238,,
2026-10-06,CERO19,CENTRAIS ELETRICAS DE RONDONIA S/A CERON,,2029-04-15,"DI + 0,85%",DI_MAIS,0.85,0.7119,0.4309,0.5764,0.0355,0.5408,0.612,1075.345443,100.5625,520.58,2.0658,,
2026-10-06,CEROA2,CENTRAIS ELETRICAS DE RONDONIA S/A CERON,,2029-12-15,"DI + 0,95%",DI_MAIS,0.95,0.8794,0.6011,0.7741,0.1039,0.6702,0.878,1050.272371,100.4497,648.57,2.5737,,
2026-10-06,CEROB2,CENTRAIS ELETRICAS DE RONDONIA S/A CERON,,2031-12-15,"DI + 1,1%",DI_MAIS,1.1,0.937,0.65,0.7758,0.0716,0.7041,0.8475,1057.730204,101.1153,871.29,3.4575,,
2026-10-06,CESPA4,CESP-COMPANHIA ENERGETICA DE SAO PAULO,*,2032-08-14,"DI + 0,62%",DI_MAIS,0.62,0.9463,0.6827,0.8567,0.0668,0.7899,0.9236,1010.069137,99.07,1001.1,3.9726,50.0,
2026-10-06,CGASA3,COMPANHIA DE GAS DE SÃO PAULO - COMGAS,*,2028-05-15,"DI + 0,45%",DI_MAIS,0.45,0.5987,0.3,0.4529,0.0096,0.4433,0.4627,1055.462504,99.9959,355.11,1.4092,,
2026-10-06,CGASA5,COMPANHIA DE GAS DE SÃO PAULO - COMGAS,*,2029-03-15,"DI + 0,75%",DI_MAIS,0.75,0.7498,0.562,0.7065,0.0242,0.6823,0.7307,1009.038829,100.092,536.72,2.1298,45.0,
2026-10-06,CGBP14,ESSENTIA PCHS S.A,*,2032-03-25,DI + 1%,DI_MAIS,1.0,0.9995,0.5924,0.8086,0.0682,0.7404,0.8768,898.690873,100.5904,782.82,3.1064,,
2026-10-06,CGOS15,EQUATORIAL GOIAS DISTRIBUIDORA DE ENERGIA S.A.,*,2030-03-20,"DI + 1,05%",DI_MAIS,1.05,0.7678,0.55,0.6618,0.0275,0.6343,0.6894,1014.2561,100.8147,531.64,2.1097,,
2026-10-06,CGOS17,EQUATORIAL GOIAS DISTRIBUIDORA DE ENERGIA S.A.,*,2030-08-05,DI + 1%,DI_MAIS,1.0,0.7734,0.5792,0.6706,0.0193,0.6513,0.69,1031.98057,100.7708,592.76,2.3522,,
2026-10-06,CGOS18,EQUATORIAL GOIAS DISTRIBUIDORA DE ENERGIA S.A.,*,2030-09-15,DI + 1%,DI_MAIS,1.0,0.7776,0.55,0.6673,0.0336,0.6337,0.701,1016.501144,100.8174,622.17,2.4689,,
2026-10-06,CGOS19,EQUATORIAL GOIAS DISTRIBUIDORA DE ENERGIA S.A.,*,2031-11-25,"DI + 0,92%",DI_MAIS,0.92,0.8893,0.6051,0.7507,0.0653,0.6854,0.8162,1060.378808,100.6194,927.53,3.6807,5.0,
2026-10-06,CGOSA1,EQUATORIAL GOIAS DISTRIBUIDORA DE ENERGIA S.A.,*,2032-10-15,"DI + 0,65%",DI_MAIS,0.65,0.8853,0.6153,0.7454,0.0444,0.701,0.7898,1064.787782,99.6694,880.39,3.4936,,
2026-10-06,CHSF12,COMPANHIA HIDRO ELETRICA DO SAO FRANCISCO - CHESF,*,2029-04-15,"DI + 0,85%",DI_MAIS,0.85,0.6108,0.3,0.4635,0.0189,0.4446,0.4826,1077.843816,100.7962,520.76,2.0665,,
2026-10-06,CHSF14,COMPANHIA HIDRO ELETRICA DO SAO FRANCISCO - CHESF,*,2031-09-15,"DI + 0,85%",DI_MAIS,0.85,0.7,0.4771,0.5889,0.039,0.5499,0.628,1017.995223,100.9745,943.51,3.7441,50.0,
2026-10-06,CHSF24,COMPANHIA HIDRO ELETRICA DO SAO FRANCISCO - CHESF,*,2034-09-15,"DI + 1,05%",DI_MAIS,1.05,0.8015,0.5129,0.6441,0.0325,0.6116,0.6767,1027.433541,101.8987,1180.57,4.6848,,
2026-10-06,CHTH11,CHINA THREE GORGES BRASIL ENERGIA S.A.,*,2029-12-15,"DI + 0,43%",DI_MAIS,0.43,0.4985,0.3,0.4005,0.0012,0.3993,0.4017,1044.544758,100.0658,564.55,2.2403,,
2026-10-06,CIEL17,CIELO S/A,,2027-12-17,"DI + 0,54%",DI_MAIS,0.54,0.35,0.203,0.2672,0.0293,0.2379,0.2966,1046.165064,100.2975,275.58,1.0936,,
2026-10-06,CIEL18,CIELO S/A,*,2029-05-08,"DI + 0,54%",DI_MAIS,0.54,0.4602,0.2887,0.3951,0.0361,0.359,0.4313,1062.081676,100.3084,538.19,2.1357,35.0,
2026-10-06,CIEL19,CIELO S/A,*,2028-10-20,"DI + 0,39%",DI_MAIS,0.39,0.3753,0.2988,0.3316,0.0211,0.3105,0.3528,1066.297553,100.1012,437.86,1.7375,,
2026-10-06,CLCD16,CELESC DISTRIBUIÇÃO S/A,*,2028-11-15,"DI + 1,65%",DI_MAIS,1.65,0.895,0.5862,0.7645,0.022,0.7425,0.7866,1069.525993,100.8519,244.87,0.9717,,
2026-10-06,CLCD17,CELESC DISTRIBUIÇÃO S/A,*,2031-07-15,"DI + 0,95%",DI_MAIS,0.95,0.9671,0.7319,0.8539,0.0788,0.7752,0.9328,1035.746352,100.2969,784.74,3.114,,
2026-10-06,CLCD18,CELESC DISTRIBUIÇÃO S/A,*,2031-07-30,"DI + 0,67%",DI_MAIS,0.67,0.9535,0.638,0.799,0.0026,0.7964,0.8017,1021.706525,99.6033,781.95,3.103,,
2026-10-06,CLCD19,CELESC DISTRIBUIÇÃO S/A,*,2027-02-28,"DI + 0,3%",DI_MAIS,0.3,0.5,0.3,0.4,0.0,0.4,0.4,1123.279094,99.9616,97.0,0.3849,,
2026-10-06,CLII12,CORREDOR LOGISTICA E INFRAESTRUTURA S.A,*,2031-10-10,"DI + 3,5%",DI_MAIS,3.5,2.0316,1.6205,1.8424,0.0162,1.8262,1.8587,1046.852391,103.7628,581.84,2.3089,,
2026-10-06,CLIS11,CLI SUL S/A,*,2031-10-10,"DI + 3,2%",DI_MAIS,3.2,1.84,1.6182,1.7323,0.1031,1.6292,1.8356,1129.833965,103.1407,548.96,2.1784,,
2026-10-06,CLMOA2,CALAMO DISTRIBUIDORA DE PRODUTOS DE BELEZA S/A,*,2031-08-27,"DI + 1,1%",DI_MAIS,1.1,0.8509,0.5249,0.7277,0.0719,0.6558,0.7997,1026.671835,101.1383,773.96,3.0713,,
2026-10-06,CLMOA4,CALAMO DISTRIBUIDORA DE PRODUTOS DE BELEZA S/A,*,2032-11-27,"DI + 0,95%",DI_MAIS,0.95,0.8304,0.5337,0.7,0.0,0.7,0.7,1062.375836,100.913,924.76,3.6697,,
2026-10-06,CMED13,CIMED & CO S.A.,*;**,2029-05-02,"DI + 0,75%",DI_MAIS,0.75,1.7316,1.0003,1.4316,0.224,1.2076,1.6557,1049.748592,98.8344,437.72,1.737,,
2026-10-06,CMGD18,CEMIG DISTRIBUIÇÃO S/A,*;**,2027-06-15,"DI + 1,35%",DI_MAIS,1.35,0.7874,0.3769,0.5492,0.0224,0.5268,0.5717,1052.219004,100.5096,161.49,0.6408,,
2026-10-06,CMGDA0,CEMIG DISTRIBUIÇÃO S/A,*,2029-02-15,"DI + 0,8%",DI_MAIS,0.8,0.5505,0.3014,0.4537,0.052,0.4017,0.5058,1025.073543,100.5711,417.15,1.6554,35.0,
2026-10-06,CMGDA1,CEMIG DISTRIBUIÇÃO S/A,*,2031-09-15,"DI + 0,55%",DI_MAIS,0.55,0.7213,0.464,0.5992,0.0024,0.5968,0.6016,1006.284612,99.8306,873.15,3.4649,,
2026-10-06,CMGDA2,CEMIG DISTRIBUIÇÃO S/A,*,2032-03-15,"DI + 0,86%",DI_MAIS,0.86,0.75,0.5278,0.6465,0.0187,0.6278,0.6653,1016.176183,100.7935,940.57,3.7324,,
2026-10-06,CMGDA3,CEMIG DISTRIBUIÇÃO S/A,*,2030-04-15,"DI + 0,64%",DI_MAIS,0.64,0.6241,0.35,0.5023,0.0417,0.4605,0.5441,1071.785386,100.3292,605.02,2.4009,,
2026-10-06,CMGDA6,CEMIG DISTRIBUIÇÃO S/A,*,2036-08-15,"DI + 0,73%",DI_MAIS,0.73,0.8956,0.57,0.7307,0.0345,0.6962,0.7653,1011.367431,99.9965,1280.09,5.0797,,
2026-10-06,CMGDB3,CEMIG DISTRIBUIÇÃO S/A,*,2032-04-15,"DI + 0,8%",DI_MAIS,0.8,0.7362,0.45,0.606,0.0558,0.5503,0.6619,1076.442769,100.6889,898.91,3.5671,,
2026-10-06,CMGTA0,CEMIG GERAÇÃO E TRANSMISSÃO S/A,*,2030-03-15,"DI + 0,64%",DI_MAIS,0.64,0.6285,0.4116,0.517,0.0247,0.4923,0.5418,1011.113578,100.3043,626.31,2.4854,,
2026-10-06,CMGTA2,CEMIG GERAÇÃO E TRANSMISSÃO S/A,*,2031-06-10,"DI + 0,7%",DI_MAIS,0.7,0.6921,0.3946,0.5682,0.027,0.5412,0.5953,1050.283177,100.417,801.02,3.1787,,
2026-10-06,CMGTC3,CEMIG GERAÇÃO E TRANSMISSÃO S/A,*,2033-08-15,"DI + 0,62%",DI_MAIS,0.62,0.8,0.5,0.6566,0.0,0.6566,0.6566,1009.67546,99.8383,1121.35,4.4498,35.0,
2026-10-06,CMPH14,CM HOSPITALAR S.A.,*;**,2034-01-30,"DI + 1,7%",DI_MAIS,1.7,,,,,,,525.103513,68.125,,,,
2026-10-06,CMTR19,CEMIG GERAÇÃO E TRANSMISSÃO S/A,*,2027-12-15,"DI + 1,33%",DI_MAIS,1.33,0.7423,0.4,0.5776,0.0416,0.536,0.6192,701.185601,100.4738,160.04,0.6351,,
2026-10-06,CNLM16,CONCESSIONARIA DA LINHA 4 DO METRO DE SAO PAULO S/A,*,2031-06-15,"DI + 1,1%",DI_MAIS,1.1,0.714,0.4115,0.5992,0.0552,0.5441,0.6545,1061.007131,101.4286,720.93,2.8608,,
2026-10-06,CNLM17,CONCESSIONARIA DA LINHA 4 DO METRO DE SAO PAULO S/A,*,2033-04-15,"DI + 0,96%",DI_MAIS,0.96,0.85,0.5431,0.7028,0.0165,0.6863,0.7193,1080.327578,101.0347,1018.48,4.0416,,
2026-10-06,COCEA2,COMPANHIA ENERGÉTICA DO CEARÁ - COELCE,*,2029-05-15,"DI + 1,1%",DI_MAIS,1.1,1.5541,1.2136,1.4421,0.0572,1.3849,1.4994,1050.595386,99.2804,538.5,2.1369,35.0,
2026-10-06,COGNA4,COGNA EDUCACAO S.A,*,2029-11-19,"DI + 1,6%",DI_MAIS,1.6,1.3993,1.0599,1.2159,0.0343,1.1817,1.2503,1067.605203,100.8107,537.61,2.1334,5.0,
2026-10-06,COGNA5,COGNA EDUCACAO S.A,*,2028-11-17,"DI + 0,64%",DI_MAIS,0.64,1.1761,0.8613,1.0332,0.0796,0.9536,1.1129,1023.415222,99.2823,465.36,1.8467,,
2026-10-06,COGNB2,COGNA EDUCACAO S.A,*,2029-05-15,"DI + 1,6%",DI_MAIS,1.6,1.3321,0.95,1.1489,0.0128,1.1361,1.1618,1068.625566,100.7867,444.08,1.7622,,
2026-10-06,COLNA3,RODOVIAS DAS COLINAS S/A,*,2032-01-15,"DI + 0,8%",DI_MAIS,0.8,0.85,0.6458,0.777,0.0098,0.7672,0.7868,1027.882386,100.0699,771.2,3.0603,10.0,
2026-10-06,CPFGA3,CPFL GERAÇÃO DE ENERGIA S/A,*,2031-09-10,"DI + 0,59%",DI_MAIS,0.59,0.6718,0.35,0.5117,0.0218,0.4899,0.5335,1012.325693,100.2651,856.82,3.4001,,
2026-10-06,CPFPA6,COMPANHIA PIRATININGA DE FORÇA E LUZ,*,2028-06-05,"DI + 0,57%",DI_MAIS,0.57,0.4109,0.2,0.3151,0.0217,0.2935,0.3369,417.07311,100.2145,212.87,0.8447,,
2026-10-06,CPFPA8,COMPANHIA PIRATININGA DE FORÇA E LUZ,*,2029-09-10,"DI + 0,49%",DI_MAIS,0.49,0.5615,0.2306,0.4195,0.033,0.3865,0.4526,1011.057873,100.1466,526.06,2.0875,,
2026-10-06,CPFPB8,COMPANHIA PIRATININGA DE FORÇA E LUZ,*,2031-09-10,"DI + 0,59%",DI_MAIS,0.59,0.675,0.35,0.5182,0.0388,0.4794,0.557,1012.103137,100.243,856.79,3.4,,
2026-10-06,CPGT17,COPEL GERAÇÃO E TRANSMISSÃO S/A,*;**,2026-10-15,"DI + 1,38%",DI_MAIS,1.38,0.7447,0.2604,0.5064,0.0347,0.4717,0.5412,536.111628,100.0206,6.0,0.0238,,
2026-10-06,CPGT18,COPEL GERAÇÃO E TRANSMISSÃO S/A,*,2030-01-15,"DI + 1,4%",DI_MAIS,1.4,0.6547,0.35,0.5,0.0,0.5,0.5,1055.11682,102.0682,579.5,2.2996,,
2026-10-06,CPGT19,COPEL GERAÇÃO E TRANSMISSÃO S/A,*,2029-10-10,"DI + 0,52%",DI_MAIS,0.52,0.5159,0.2266,0.3821,0.0186,0.3635,0.4008,1071.930429,100.2303,422.41,1.6762,,
2026-10-06,CPGT29,COPEL GERAÇÃO E TRANSMISSÃO S/A,*,2031-10-10,"DI + 0,69%",DI_MAIS,0.69,0.801,0.4245,0.6222,0.0732,0.549,0.6954,1072.728955,100.2223,830.86,3.2971,,
2026-10-06,CPGT39,COPEL GERAÇÃO E TRANSMISSÃO S/A,*,2034-10-10,"DI + 0,95%",DI_MAIS,0.95,0.945,0.5532,0.7893,0.0218,0.7675,0.8112,1079.286096,100.708,1117.4,4.4341,,
2026-10-06,CPGTA0,COPEL GERAÇÃO E TRANSMISSÃO S/A,*,2029-02-15,"DI + 0,59%",DI_MAIS,0.59,0.5163,0.3156,0.4241,0.0382,0.3859,0.4624,1021.748637,100.2739,417.69,1.6575,,
2026-10-06,CPGTB0,COPEL GERAÇÃO E TRANSMISSÃO S/A,*,2032-02-15,"DI + 0,79%",DI_MAIS,0.79,0.6473,0.4421,0.5747,0.041,0.5337,0.6158,1027.235408,100.7846,921.67,3.6574,45.0,
2026-10-06,CPLD19,COPEL DISTRIBUICAO S/A,*,2031-05-15,"DI + 0,6%",DI_MAIS,0.6,0.7056,0.3789,0.5537,0.0692,0.4845,0.623,1057.487899,100.1285,703.15,2.7903,,
2026-10-06,CPLD27,COPEL DISTRIBUICAO S/A,*,2027-05-15,"DI + 1,36%",DI_MAIS,1.36,1.0479,0.6264,0.8132,0.0496,0.7637,0.8629,531.254676,100.304,141.39,0.5611,5.0,
2026-10-06,CPLDA0,COPEL DISTRIBUICAO S/A,*,2030-07-15,"DI + 0,43%",DI_MAIS,0.43,0.5652,0.2826,0.4405,0.031,0.4094,0.4716,1031.200515,99.9755,590.39,2.3428,,
2026-10-06,CPLDA2,COPEL DISTRIBUICAO S/A,*,2028-07-15,"DI + 0,25%",DI_MAIS,0.25,0.4846,0.2657,0.3733,0.0353,0.338,0.4087,1026.262809,99.8045,401.08,1.5916,,
2026-10-06,CPLDB0,COPEL DISTRIBUICAO S/A,*,2032-07-15,"DI + 0,58%",DI_MAIS,0.58,0.734,0.4,0.574,0.0341,0.5399,0.6082,1032.050385,100.0235,994.32,3.9457,35.0,
2026-10-06,CPREA0,CPFL ENERGIAS RENOVÁVEIS,*;**,2028-12-12,"DI + 1,12%",DI_MAIS,1.12,0.6015,0.2013,0.4148,0.0455,0.3693,0.4604,1060.48248,101.3135,470.21,1.8659,,
2026-10-06,CPTE12,CACHOEIRA PAULISTA TRANS. DE ENERGIA S/A,*,2031-07-15,"DI + 1,7%",DI_MAIS,1.7,1.094,0.5807,0.8856,0.0685,0.817,0.9542,660.241368,101.7799,554.99,2.2023,,
2026-10-06,CSAN15,COSAN S.A.,*,2028-04-20,"DI + 2,4%",DI_MAIS,2.4,2.1947,1.8786,2.0999,0.2133,1.8866,2.3133,1079.251599,100.389,333.42,1.3231,,
2026-10-06,CSAN18,COSAN S.A.,*,2031-01-21,"DI + 1,8%",DI_MAIS,1.8,1.8901,1.1504,1.5197,0.0248,1.4948,1.5446,1040.616194,100.8143,741.75,2.9435,,
2026-10-06,CSAN23,COSAN S.A.,*,2031-08-15,DI + 2%,DI_MAIS,2.0,2.0,1.3709,1.7407,0.1391,1.6016,1.88,1028.727447,100.7638,753.89,2.9916,5.0,
2026-10-06,CSAN24,COSAN S.A.,*,2032-05-05,"DI + 1,9%",DI_MAIS,1.9,2.081,1.7423,1.8669,0.1058,1.7611,1.9728,1067.833686,100.1057,819.72,3.2529,,
2026-10-06,CSANA0,COSAN S.A.,*,2029-06-28,DI + 1%,DI_MAIS,1.0,1.8356,1.0,1.4477,0.0055,1.4422,1.4533,1031.13599,99.1649,477.5,1.8948,,
2026-10-06,CSANA2,COSAN S.A.,*,2029-01-27,"DI + 0,6%",DI_MAIS,0.6,1.9018,1.2742,1.6544,0.1662,1.4882,1.8207,1212.437611,97.6409,577.0,2.2897,5.0,
2026-10-06,CSANB0,COSAN S.A.,*,2034-06-28,"DI + 1,5%",DI_MAIS,1.5,2.1278,1.4964,1.8131,0.1152,1.698,1.9284,1027.345358,98.6649,1097.39,4.3547,,
2026-10-06,CSANB1,COSAN S.A.,*,2030-01-08,"DI + 0,72%",DI_MAIS,0.72,2.0202,1.369,1.6634,0.1486,1.5148,1.8121,1009.852635,97.5704,663.69,2.6337,,
2026-10-06,CSANB2,COSAN S.A.,*,2030-03-27,"DI + 0,7%",DI_MAIS,0.7,1.961,1.0064,1.4813,0.0429,1.4384,1.5244,1220.789853,98.1648,602.31,2.3901,,
2026-10-06,CSANC1,COSAN S.A.,*,2035-01-08,"DI + 1,3%",DI_MAIS,1.3,2.5165,1.7805,2.1514,0.2278,1.9236,2.3793,994.318969,95.9317,1241.29,4.9258,15.0,
2026-10-06,CSANC2,COSAN S.A.,*,2032-03-27,DI + 1%,DI_MAIS,1.0,2.0744,1.3911,1.7347,0.1457,1.589,1.8804,1219.676957,97.6318,829.13,3.2902,,
2026-10-06,CSED12,CRUZEIRO DO SUL EDUCACIONAL S/A,*,2030-02-05,"DI + 1,35%",DI_MAIS,1.35,0.8706,0.7,0.7988,0.0282,0.7707,0.8271,1035.8782,101.0917,502.23,1.993,,
2026-10-06,CSED13,CRUZEIRO DO SUL EDUCACIONAL S/A,*,2030-11-15,"DI + 0,9%",DI_MAIS,0.9,1.1084,0.7584,0.9201,0.0502,0.8699,0.9704,1056.789479,99.9442,705.87,2.8011,,
2026-10-06,CSMGA7,CIA DE SANEAMENTO DE M.GERAIS COPASA MG,*,2029-12-16,"DI + 1,3%",DI_MAIS,1.3,0.8538,0.581,0.7069,0.0659,0.641,0.7729,777.422331,100.8697,372.21,1.477,,
2026-10-06,CSMGA8,CIA DE SANEAMENTO DE M.GERAIS COPASA MG,*,2030-09-15,"DI + 1,2%",DI_MAIS,1.2,0.9172,0.6794,0.816,0.0186,0.7974,0.8346,955.383065,100.6661,440.64,1.7486,,
2026-10-06,CSMGA9,CIA DE SANEAMENTO DE M.GERAIS COPASA MG,*,2034-07-15,"DI + 0,9%",DI_MAIS,0.9,0.75,0.5,0.6655,0.0261,0.6394,0.6918,1039.962033,100.7167,774.65,3.074,35.0,
2026-10-06,CSMGB0,CIA DE SANEAMENTO DE M.GERAIS COPASA MG,*,2035-05-15,"DI + 0,6%",DI_MAIS,0.6,0.7376,0.4621,0.5606,0.1056,0.455,0.6663,1020.411032,100.1413,908.37,3.6046,,
2026-10-06,CSMGD1,CIA DE SANEAMENTO DE M.GERAIS COPASA MG,*,2035-10-15,"DI + 0,52%",DI_MAIS,0.52,0.7715,0.55,0.6727,0.0338,0.639,0.7066,1025.765726,99.4281,951.09,3.7742,,
2026-10-06,CSMGD2,CIA DE SANEAMENTO DE M.GERAIS COPASA MG,*,2036-03-15,"DI + 0,65%",DI_MAIS,0.65,0.7522,0.5585,0.6493,0.0358,0.6136,0.6852,1008.080104,100.0028,1025.75,4.0704,,
2026-10-06,CSNAA1,COMPANHIA SIDERÚRGICA NACIONAL,*;**,2028-11-10,"DI + 1,65%",DI_MAIS,1.65,17.4334,16.4804,17.0893,0.2489,16.8404,17.3383,878.641309,82.6541,332.51,1.3195,,
2026-10-06,CSNAA2,COMPANHIA SIDERÚRGICA NACIONAL,*;**,2027-12-20,"DI + 2,5%",DI_MAIS,2.5,17.9202,13.9411,17.4061,0.0585,17.3476,17.4648,961.705725,91.8232,154.37,0.6126,,
2026-10-06,CSRNA2,COMPANHIA ENERGÉTICA DO R. G. N. - COSERN,*,2031-03-15,"DI + 0,96%",DI_MAIS,0.96,0.9216,0.55,0.7448,0.0511,0.6937,0.796,1015.008521,100.6717,791.03,3.139,,
2026-10-06,CTEE19,ISA ENERGIA BRASIL S.A.,,2028-11-15,"DI + 2,83%",DI_MAIS,2.83,0.4727,0.3192,0.361,0.0703,0.2907,0.4315,1090.461418,102.3562,243.37,0.9658,,
2026-10-06,CTNSA2,ENERGISA TOCANTINS - DISTRIBUIDORA DE ENERGIA S.A,,2030-02-25,DI + 1%,DI_MAIS,1.0,0.9982,0.7,0.8491,0.0025,0.8466,0.8517,1020.358121,100.4153,698.67,2.7725,,
2026-10-06,CVCB14,CVC BRASIL OPERADORA E AGENCIA DE VIAGENS S.A.,*,2028-10-30,"DI + 4,5%",DI_MAIS,4.5,8.2687,,7.1418,0.7579,6.384,7.8998,0.605393,98.2384,178.45,0.7081,,
2026-10-06,DASAB2,DIAGNÓSTICOS DA AMÉRICA S/A,*,2030-11-20,"DI + 3,4%",DI_MAIS,3.4,2.8474,2.6747,2.7794,0.0427,2.7367,2.8221,1080.965528,101.4452,601.72,2.3878,,
2026-10-06,DASAB4,DIAGNÓSTICOS DA AMÉRICA S/A,*;**,2027-10-20,"DI + 2,4%",DI_MAIS,2.4,1.918,0.898,1.4196,0.2383,1.1813,1.658,1080.041546,100.4625,121.14,0.4807,,
2026-10-06,DASAB5,DIAGNÓSTICOS DA AMÉRICA S/A,*,2028-10-30,"DI + 1,7%",DI_MAIS,1.7,2.6002,2.1455,2.3936,0.0647,2.3289,2.4584,1054.577986,98.8275,436.94,1.7339,,
2026-10-06,DASAC2,DIAGNÓSTICOS DA AMÉRICA S/A,*,2030-11-20,"DI + 3,4%",DI_MAIS,3.4,2.8521,2.6791,2.7982,0.021,2.7772,2.8192,1080.493573,101.4009,601.65,2.3875,50.0,
2026-10-06,DASAC5,DIAGNÓSTICOS DA AMÉRICA S/A,*,2031-10-30,"DI + 2,05%",DI_MAIS,2.05,3.0521,2.6448,2.8425,0.0933,2.7492,2.9359,1040.165992,97.3308,878.05,3.4843,15.0,
2026-10-06,DASAD3,DIAGNÓSTICOS DA AMÉRICA S/A,*,2028-07-20,"DI + 2,75%",DI_MAIS,2.75,2.6587,2.3838,2.5709,0.0452,2.5258,2.6162,1036.449928,100.2744,395.9,1.571,15.0,
2026-10-06,DGCD11,EDGE COMERCIALIZACAO S.A.,*;**,2029-03-16,"DI + 0,85%",DI_MAIS,0.85,1.05,0.7332,0.9051,0.0028,0.9023,0.9081,1006.443806,99.8836,537.15,2.1315,35.0,
2026-10-06,DXCO13,DEXCO S.A,*,2031-10-15,"DI + 0,53%",DI_MAIS,0.53,0.8928,0.6071,0.7498,0.0,0.7499,0.7499,1060.006057,99.2782,835.14,3.314,35.0,
2026-10-06,EBENA6,EDP SÃO PAULO DISTRIBUIÇÃO DE ENERGIA S.A.,*,2028-03-04,"DI + 0,89%",DI_MAIS,0.89,0.7946,0.2339,0.5692,0.1044,0.4647,0.6737,1014.289956,100.2722,215.15,0.8538,,
2026-10-06,EBENA7,EDP SÃO PAULO DISTRIBUIÇÃO DE ENERGIA S.A.,*,2028-06-20,"DI + 0,68%",DI_MAIS,0.68,0.8587,0.4701,0.6596,0.139,0.5206,0.7987,1042.003589,100.0219,272.91,1.083,,
2026-10-06,EBENA9,EDP SÃO PAULO DISTRIBUIÇÃO DE ENERGIA S.A.,*,2030-06-23,"DI + 0,47%",DI_MAIS,0.47,0.7,0.3969,0.5572,0.0173,0.5399,0.5746,1038.217626,99.7747,654.98,2.5991,,
2026-10-06,EBENB1,EDP SÃO PAULO DISTRIBUIÇÃO DE ENERGIA S.A.,*,2030-12-19,"DI + 0,63%",DI_MAIS,0.63,0.6,0.2991,0.4594,0.0186,0.4408,0.4781,1047.353737,100.4951,733.79,2.9119,,
2026-10-06,EBENC1,EDP SÃO PAULO DISTRIBUIÇÃO DE ENERGIA S.A.,*,2032-12-19,"DI + 0,73%",DI_MAIS,0.73,0.8,0.5,0.6783,0.0422,0.6361,0.7207,1044.653647,100.206,1010.28,4.009,,
2026-10-06,ECOV17,CONCESSIONÁRIA ECOVIAS DOS IMIGRANTES S/A,*,2032-02-25,"DI + 1,25%",DI_MAIS,1.25,0.8684,0.6611,0.7965,0.0444,0.7521,0.8411,1031.846038,101.517,846.44,3.3589,50.0,
2026-10-06,EDPR13,EDP TRANSMISSAO GOIAS S.A.,*,2030-12-10,"DI + 0,52%",DI_MAIS,0.52,,,0.6112,0.0239,0.5873,0.6353,1043.828598,99.8027,548.76,2.1776,5.0,
2026-10-06,EDPR23,EDP TRANSMISSAO GOIAS S.A.,*,2032-12-10,"DI + 0,6%",DI_MAIS,0.6,,,0.7105,0.0512,0.6594,0.7618,1041.594603,99.563,1004.84,3.9875,,
2026-10-06,EDVP18,ENERGISA SUL-SUDESTE - DISTRIBUICAO DE ENERGIA S.A,,2027-08-22,"DI + 1,6%",DI_MAIS,1.6,0.5802,0.2,0.3679,0.0674,0.3006,0.4354,513.92399,101.0249,210.62,0.8358,,
2026-10-06,EEELA3,CPFL TRANSMISSAO S.A,*,2029-09-10,"DI + 0,49%",DI_MAIS,0.49,0.55,0.2286,0.4047,0.0273,0.3774,0.4321,1011.369021,100.1774,526.08,2.0876,,
2026-10-06,EEELA5,CPFL TRANSMISSAO S.A,*,2030-05-15,"DI + 0,45%",DI_MAIS,0.45,0.6,0.3,0.4587,0.0189,0.4398,0.4777,1018.506603,99.9751,725.01,2.877,,
2026-10-06,EGIEE1,ENGIE BRASIL ENERGIA S.A.,*,2030-11-15,"DI + 1,1%",DI_MAIS,1.1,0.6969,0.4166,0.5893,0.1111,0.4782,0.7005,1073.297011,101.4257,705.4,2.7992,,
2026-10-06,EKTRA0,ELEKTRO REDES S.A.,*;**,2026-10-15,"DI + 1,29%",DI_MAIS,1.29,0.8196,0.4982,0.716,0.0392,0.6768,0.7554,1071.694059,100.0135,6.0,0.0238,,
2026-10-06,EKTRA3,ELEKTRO REDES S.A.,*,2031-04-15,"DI + 0,98%",DI_MAIS,0.98,0.7019,0.4,0.5875,0.0488,0.5387,0.6364,1082.579589,101.177,758.14,3.0085,,
2026-10-06,EKTRA4,ELEKTRO REDES S.A.,*,2032-02-08,"DI + 0,8%",DI_MAIS,0.8,0.743,0.435,0.6032,0.0134,0.5899,0.6167,1029.888629,100.767,986.0,3.9127,,
2026-10-06,ELET15,CENTRAIS ELETRICAS BRASILEIRAS S/A ELETROBRAS,*,2029-04-15,"DI + 0,85%",DI_MAIS,0.85,0.6156,0.3976,0.5107,0.0326,0.478,0.5434,1076.798174,100.6984,520.68,2.0662,,
2026-10-06,ELET17,CENTRAIS ELETRICAS BRASILEIRAS S/A ELETROBRAS,*,2035-11-15,"DI + 0,85%",DI_MAIS,0.85,0.8287,0.5785,0.7388,0.0683,0.6706,0.8072,1062.915622,100.5434,1239.02,4.9167,15.0,
2026-10-06,ELET24,CENTRAIS ELETRICAS BRASILEIRAS S/A ELETROBRAS,*,2028-09-15,"DI + 1,55%",DI_MAIS,1.55,0.998,0.7535,0.9095,0.0763,0.8331,0.9859,1017.065552,100.8407,333.67,1.3241,5.0,
2026-10-06,ELET25,CENTRAIS ELETRICAS BRASILEIRAS S/A ELETROBRAS,*,2031-04-15,DI + 1%,DI_MAIS,1.0,0.7147,0.4151,0.5715,0.0243,0.5472,0.5958,1085.17569,101.41,831.27,3.2987,,
2026-10-06,ELFA12,ELFA MEDICAMENTOS SA,*;**,2031-12-13,"DI + 3,4%",DI_MAIS,3.4,,,,,,,292.784336,28.4082,,,,
2026-10-06,ELPLA6,ELETROPAULO METROP. ELETRIC. DE S.P. S/A,,2028-10-04,"DI + 1,64%",DI_MAIS,1.64,3.047,1.9889,2.41,0.6124,1.7976,3.0226,990.256517,98.969,345.77,1.3721,,
2026-10-06,ELPLB8,ELETROPAULO METROP. ELETRIC. DE S.P. S/A,*,2028-05-15,"DI + 1,1%",DI_MAIS,1.1,3.1194,1.5063,2.4981,0.0571,2.441,2.5553,1038.06161,98.0959,352.4,1.3984,,
2026-10-06,ELTN16,CENTRAIS ELETRICAS DO NORTE DO BRASIL S/A - ELETRONORTE,*,2031-09-15,"DI + 0,85%",DI_MAIS,0.85,0.7365,0.45,0.5774,0.0394,0.5379,0.6169,1018.431114,101.0177,943.58,3.7444,,
2026-10-06,ELTN19,CENTRAIS ELETRICAS DO NORTE DO BRASIL S/A - ELETRONORTE,*,2032-11-15,"DI + 0,65%",DI_MAIS,0.65,0.7827,0.5,0.6467,0.0231,0.6236,0.6699,1056.482816,100.0136,1047.16,4.1554,10.0,
2026-10-06,ELTN26,CENTRAIS ELETRICAS DO NORTE DO BRASIL S/A - ELETRONORTE,*,2034-09-15,"DI + 1,05%",DI_MAIS,1.05,0.8115,0.5096,0.6512,0.0028,0.6484,0.654,1027.094061,101.865,1180.47,4.6844,5.0,
2026-10-06,ENERB5,ENERGISA MATO GROSSO DO SUL - DISTRIBUIDORA DE ENERGIA S.A.,,2029-12-15,"DI + 0,8%",DI_MAIS,0.8,0.728,0.4221,0.5878,0.0493,0.5385,0.6372,1050.772098,100.545,650.14,2.5799,,
2026-10-06,ENERC3,ENERGISA MATO GROSSO DO SUL - DISTRIBUIDORA DE ENERGIA S.A.,,2029-09-04,"DI + 0,8%",DI_MAIS,0.8,0.7266,0.4789,0.6057,0.0455,0.5601,0.6513,1016.295951,100.4779,622.89,2.4718,,
2026-10-06,ENEV48,ENEVA S.A.,*,2032-07-15,DI + 2%,DI_MAIS,2.0,0.9594,0.6161,0.7947,0.0301,0.7646,0.8249,1078.716674,104.2095,878.4,3.4857,,
2026-10-06,ENEVA3,ENEVA S.A.,*,2029-12-15,"DI + 0,9%",DI_MAIS,0.9,0.665,0.5065,0.5953,0.0203,0.575,0.6157,1053.580563,100.782,649.38,2.5769,,
2026-10-06,ENEVD0,ENEVA S.A.,*,2031-04-15,"DI + 1,15%",DI_MAIS,1.15,0.75,0.4,0.5962,0.0469,0.5493,0.6432,1088.601234,101.6583,756.35,3.0014,,
2026-10-06,ENGIA7,ENERGISA S/A,,2027-10-20,"DI + 1,5%",DI_MAIS,1.5,0.5278,0.2807,0.3479,0.0523,0.2956,0.4004,1076.588725,100.5526,121.98,0.484,,
2026-10-06,ENGIB1,ENERGISA S/A,,2029-09-04,"DI + 0,8%",DI_MAIS,0.8,0.7271,0.4909,0.6059,0.0525,0.5533,0.6585,1016.290956,100.4775,622.89,2.4718,,
2026-10-06,ENGIB5,ENERGISA S/A,,2026-10-15,"DI + 1,64%",DI_MAIS,1.64,0.5391,0.2145,0.3228,0.0559,0.267,0.3788,1073.644031,100.0311,6.0,0.0238,,
2026-10-06,ENGIB7,ENERGISA S/A,,2029-10-20,"DI + 1,65%",DI_MAIS,1.65,0.7097,0.4294,0.5782,0.0522,0.526,0.6305,1095.018264,102.2038,519.32,2.0608,,
2026-10-06,ENGIB8,ENERGISA S/A,,2028-06-20,"DI + 2,1%",DI_MAIS,2.1,0.6412,0.4101,0.5331,0.0519,0.4811,0.5851,1070.534321,102.3332,376.17,1.4927,,
2026-10-06,ENGIC3,ENERGISA S/A,,2030-02-25,"DI + 0,8%",DI_MAIS,0.8,0.7611,0.5327,0.6563,0.0496,0.6067,0.7059,1019.942843,100.3973,700.62,2.7802,,
2026-10-06,ENGIC4,ENERGISA S/A,*,2032-09-15,"DI + 0,75%",DI_MAIS,0.75,0.8755,0.704,0.791,0.0412,0.7497,0.8323,1006.470137,99.8372,1008.88,4.0035,15.0,
2026-10-06,ENGIC5,ENERGISA S/A,,2028-10-15,"DI + 1,8%",DI_MAIS,1.8,0.6409,0.4227,0.5419,0.0338,0.5081,0.5759,1097.010693,102.1316,428.02,1.6985,,
2026-10-06,ENGIC6,ENERGISA S/A,,2027-04-15,"DI + 1,5%",DI_MAIS,1.5,0.5334,0.2586,0.3882,0.0491,0.3392,0.4374,1078.261232,100.5272,120.32,0.4775,,
2026-10-06,ENGIC9,ENERGISA S/A,,2028-09-15,"DI + 1,45%",DI_MAIS,1.45,0.6585,0.4344,0.5499,0.0111,0.5389,0.5611,1024.356435,101.5696,440.58,1.7483,,
2026-10-06,ENGID3,ENERGISA S/A,,2032-02-25,"DI + 0,95%",DI_MAIS,0.95,0.8398,0.6025,0.7284,0.073,0.6554,0.8015,1024.916788,100.8697,993.84,3.9438,,
2026-10-06,ENMTA8,ENERGISA MATO GROSSO - DISTRIBUIDORA DE ENERGIA S.A.,,2029-04-15,"DI + 0,75%",DI_MAIS,0.75,0.7193,0.4263,0.5701,0.028,0.5421,0.5982,1072.781677,100.3702,521.16,2.0681,,
2026-10-06,ENMTB0,ENERGISA MATO GROSSO - DISTRIBUIDORA DE ENERGIA S.A.,,2029-09-04,"DI + 0,8%",DI_MAIS,0.8,0.7299,0.4645,0.5951,0.0459,0.5492,0.6412,1016.560681,100.5041,622.91,2.4719,,
2026-10-06,ENMTB2,ENERGISA MATO GROSSO - DISTRIBUIDORA DE ENERGIA S.A.,,2029-12-15,"DI + 0,8%",DI_MAIS,0.8,0.7391,0.5204,0.6349,0.0223,0.6126,0.6573,1049.503885,100.4236,650.03,2.5795,,
2026-10-06,ENMTC2,ENERGISA MATO GROSSO - DISTRIBUIDORA DE ENERGIA S.A.,,2031-12-15,"DI + 0,95%",DI_MAIS,0.95,0.7812,0.5553,0.6777,0.0627,0.615,0.7405,1055.39809,100.9399,873.75,3.4673,,
2026-10-06,ENMTC3,ENERGISA MATO GROSSO - DISTRIBUIDORA DE ENERGIA S.A.,,2030-03-25,"DI + 0,75%",DI_MAIS,0.75,0.7481,0.55,0.6323,0.0133,0.619,0.6457,1007.130499,100.3349,720.91,2.8608,5.0,
2026-10-06,EQMAA1,EQUATORIAL MARANHAO DISTRIBUIDORA DE ENERGIA S.A,*,2030-05-15,"DI + 0,95%",DI_MAIS,0.95,0.7736,0.5072,0.6323,0.0404,0.5919,0.6728,1064.663998,100.6691,533.6,2.1175,,
2026-10-06,EQPA17,EQUATORIAL PARA DISTRIBUIDORA DE ENERGIA S.A.,*,2030-08-05,"DI + 0,95%",DI_MAIS,0.95,0.768,0.5275,0.6568,0.027,0.6298,0.6839,1031.029218,100.6864,593.05,2.3534,5.0,
2026-10-06,EQPAA0,EQUATORIAL PARA DISTRIBUIDORA DE ENERGIA S.A.,*,2032-09-15,"DI + 0,65%",DI_MAIS,0.65,0.8661,0.6281,0.7407,0.043,0.6977,0.7837,1004.734691,99.671,921.74,3.6577,,
2026-10-06,EQTL17,EQUATORIAL ENERGIA S.A,*,2030-03-15,"DI + 0,72%",DI_MAIS,0.72,0.7445,0.4728,0.612,0.0299,0.5822,0.642,1010.368307,100.2257,529.59,2.1015,,
2026-10-06,ERDVA3,ECORODOVIAS CONCESSÕES E SERVIÇOS S/A,*,2028-10-15,"DI + 1,85%",DI_MAIS,1.85,1.7681,1.117,1.4991,0.2383,1.2608,1.7375,1079.209714,100.4508,328.62,1.304,,
2026-10-06,ERDVA6,ECORODOVIAS CONCESSÕES E SERVIÇOS S/A,*,2031-07-15,"DI + 1,2%",DI_MAIS,1.2,1.0129,0.7775,0.9322,0.0966,0.8357,1.0289,1041.336987,100.7809,740.39,2.9381,35.0,
2026-10-06,ERDVB3,ECORODOVIAS CONCESSÕES E SERVIÇOS S/A,*,2030-10-15,"DI + 2,35%",DI_MAIS,2.35,1.4065,1.1,1.2486,0.0755,1.1731,1.3242,1104.358225,102.5522,588.91,2.3369,,
2026-10-06,ESCEA3,EDP ESPIRITO SANTO DISTRIBUICAO DE ENERGIA SA,*,2028-02-19,"DI + 0,9%",DI_MAIS,0.9,0.7661,0.2434,0.5374,0.0277,0.5097,0.5651,1021.273215,100.2951,206.37,0.8189,,
2026-10-06,ESCEA4,EDP ESPIRITO SANTO DISTRIBUICAO DE ENERGIA SA,*,2029-08-28,"DI + 0,49%",DI_MAIS,0.49,0.5473,0.25,0.4219,0.0971,0.3248,0.5192,761.300384,100.1136,422.21,1.6754,,
2026-10-06,ESCEA6,EDP ESPIRITO SANTO DISTRIBUICAO DE ENERGIA SA,*,2030-06-11,"DI + 0,5%",DI_MAIS,0.5,0.6496,0.3739,0.5239,0.0524,0.4716,0.5764,1044.608436,99.9391,645.81,2.5627,,
2026-10-06,ESCEB4,EDP ESPIRITO SANTO DISTRIBUICAO DE ENERGIA SA,*,2031-08-28,"DI + 0,56%",DI_MAIS,0.56,0.6078,0.3,0.4655,0.0995,0.3661,0.5651,846.875919,100.2232,597.91,2.3727,,
2026-10-06,ESCEB6,EDP ESPIRITO SANTO DISTRIBUICAO DE ENERGIA SA,*,2032-06-11,"DI + 0,58%",DI_MAIS,0.58,0.7602,0.45,0.6047,0.0128,0.592,0.6176,1044.555889,99.9082,942.68,3.7408,,
2026-10-06,ESSDA2,ENERGISA SUL-SUDESTE - DISTRIBUICAO DE ENERGIA S.A,,2029-09-04,"DI + 0,8%",DI_MAIS,0.8,0.7349,0.4594,0.6066,0.0477,0.5589,0.6544,1016.273479,100.4757,622.89,2.4718,,
2026-10-06,EUFA17,EUROFARMA LABORATÓRIOS S/A,*;**,2031-03-18,"DI + 1,3%",DI_MAIS,1.3,1.2581,1.0717,1.2083,0.0428,1.1654,1.2512,1009.281097,100.2533,704.2,2.7944,10.0,
2026-10-06,EUFA18,EUROFARMA LABORATÓRIOS S/A,*;**,2028-09-11,"DI + 0,93%",DI_MAIS,0.93,1.1,0.8662,0.9776,0.0489,0.9288,1.0266,1008.507338,99.9181,438.11,1.7385,5.0,
2026-10-06,EUFA19,EUROFARMA LABORATÓRIOS S/A,*;**,2031-12-16,"DI + 0,95%",DI_MAIS,0.95,,,1.2817,0.2036,1.0782,1.4854,1034.187262,98.9678,796.08,3.159,,
2026-10-06,FENS12,FERROVIA NORTE SUL S/A,*,2031-03-22,"DI + 0,75%",DI_MAIS,0.75,0.6,0.3053,0.471,0.0779,0.3931,0.549,1076.136816,100.9148,828.37,3.2872,,
2026-10-06,FISI15,FISIA COMERCIO DE PRODUTOS ESPORTIVOS S.A.,*,2030-07-15,"DI + 0,85%",DI_MAIS,0.85,1.3531,1.0,1.1881,0.1216,1.0665,1.3097,1024.560198,99.2364,576.73,2.2886,,
2026-10-06,FLCLA4,ENERGISA MINAS RIO - DISTRIBUIDORA DE ENERGIA S.A.,,2027-08-22,"DI + 1,6%",DI_MAIS,1.6,0.5196,0.2434,0.4458,0.0667,0.3791,0.5126,513.590834,100.9594,210.62,0.8358,,
2026-10-06,FLCLA8,ENERGISA MINAS RIO - DISTRIBUIDORA DE ENERGIA S.A.,,2029-12-15,"DI + 0,8%",DI_MAIS,0.8,,,0.6484,0.2148,0.4336,0.8633,1049.140816,100.3889,649.99,2.5793,,
2026-10-06,FLRY18,FLEURY S/A,*,2028-10-23,"DI + 1,23%",DI_MAIS,1.23,0.8,0.3599,0.6226,0.1206,0.502,0.7433,1076.695551,100.8061,336.46,1.3352,,
2026-10-06,FLRY19,FLEURY S/A,*,2029-05-17,"DI + 0,55%",DI_MAIS,0.55,0.5,0.3071,0.3972,0.0642,0.333,0.4615,1058.211055,100.2725,450.95,1.7895,,
2026-10-06,FLRY27,FLEURY S/A,*,2029-04-22,"DI + 1,55%",DI_MAIS,1.55,1.147,0.63,0.8864,0.0577,0.8287,0.9441,1084.863221,101.3634,521.05,2.0677,,
2026-10-06,FLRY29,FLEURY S/A,*,2031-05-17,"DI + 0,67%",DI_MAIS,0.67,0.75,0.3253,0.5906,0.0771,0.5135,0.6677,1058.424888,100.2457,784.06,3.1113,,
2026-10-06,FLRYA0,FLEURY S/A,*,2029-10-21,"DI + 0,45%",DI_MAIS,0.45,0.6,0.2279,0.4428,0.0687,0.3741,0.5116,1065.078278,100.015,526.76,2.0903,,
2026-10-06,FLRYA1,FLEURY S/A,*,2031-08-10,"DI + 0,42%",DI_MAIS,0.42,0.6095,0.3583,0.497,0.0071,0.4899,0.5043,1013.914044,99.7409,852.85,3.3843,,
2026-10-06,FLRYB0,FLEURY S/A,*,2031-10-21,"DI + 0,55%",DI_MAIS,0.55,0.691,0.4,0.555,0.0133,0.5417,0.5685,1065.229913,99.9834,840.4,3.3349,,
2026-10-06,FRAS15,FRAS-LE S/A,*;**,2031-12-20,"DI + 1,22%",DI_MAIS,1.22,1.4014,0.658,1.0655,0.0865,0.979,1.1522,1049.398728,100.5716,940.85,3.7335,,
2026-10-06,FRAS16,FRAS-LE S/A,*,2030-10-25,"DI + 0,75%",DI_MAIS,0.75,1.4132,0.5615,1.0026,0.0072,0.9955,1.0099,1056.429221,99.2369,770.27,3.0566,,
2026-10-06,GGBRA7,GERDAU S/A,*,2029-05-29,"DI + 0,6%",DI_MAIS,0.6,0.5119,0.2231,0.3816,0.0208,0.3608,0.4025,1055.280671,100.4782,553.35,2.1958,,
2026-10-06,GGBRA8,GERDAU S/A,*,2028-12-10,"DI + 0,5%",DI_MAIS,0.5,0.4724,0.2805,0.3937,0.0311,0.3626,0.4249,1047.896918,100.1982,471.54,1.8712,,
2026-10-06,GGBRA9,GERDAU S/A,*,2032-06-04,"DI + 0,65%",DI_MAIS,0.65,0.6,0.2352,0.4561,0.0695,0.3867,0.5257,1056.172088,100.7706,1004.08,3.9844,,
2026-10-06,GRRB16,AGUAS GUARIROBA S/A,*,2029-08-12,"DI + 0,95%",DI_MAIS,0.95,3.9741,0.497,2.2303,0.0424,2.188,2.2728,990.784428,97.0255,602.8,2.3921,,
2026-10-06,GSHC15,GSH CORP PARTICIPACOES S.A.,*,2029-04-22,"DI + 1,7%",DI_MAIS,1.7,,1.1456,1.3554,0.1166,1.2388,1.4721,1075.723349,100.4412,327.12,1.2981,,
2026-10-06,GSHC17,GSH CORP PARTICIPACOES S.A.,*,2030-09-15,"DI + 2,5%",DI_MAIS,2.5,2.9756,2.095,2.6393,0.2357,2.4035,2.8751,1006.61886,99.7497,464.86,1.8447,,
2026-10-06,GUAR17,GUARARAPES CONFECCOES S/A,*,2028-10-15,"DI + 0,95%",DI_MAIS,0.95,1.142,0.86,0.991,0.0392,0.9518,1.0303,1069.263847,99.9466,331.24,1.3144,10.0,
2026-10-06,HAPV15,HAPVIDA PARTICIPACOES E INVESTIMENTOS S/A,*,2030-01-27,"DI + 1,75%",DI_MAIS,1.75,11.6561,7.8892,9.9071,1.0262,8.8809,10.9333,853.741854,81.9363,639.94,2.5394,10.0,
2026-10-06,HAPV17,HAPVIDA PARTICIPACOES E INVESTIMENTOS S/A,*;**,2031-05-10,"DI + 1,6%",DI_MAIS,1.6,11.7554,7.3823,9.8074,1.1348,8.6725,10.9423,864.794018,81.368,650.78,2.5825,45.0,
2026-10-06,HAPV18,HAPVIDA PARTICIPACOES E INVESTIMENTOS S/A,*,2031-10-15,"DI + 1,1%",DI_MAIS,1.1,11.4144,7.1407,9.5283,0.705,8.8234,10.2334,814.675143,76.0958,824.68,3.2725,,
2026-10-06,HAPV19,HAPVIDA PARTICIPACOES E INVESTIMENTOS S/A,*,2032-05-16,"DI + 1,05%",DI_MAIS,1.05,10.9937,8.706,9.5552,0.9167,8.6385,10.4721,783.136495,74.0629,893.01,3.5437,,
2026-10-06,HAPV28,HAPVIDA PARTICIPACOES E INVESTIMENTOS S/A,*,2032-10-15,"DI + 1,2%",DI_MAIS,1.2,11.0594,6.4154,9.0776,0.743,8.3345,9.8207,804.352693,75.0963,914.46,3.6288,10.0,
2026-10-06,HAPVA0,HAPVIDA PARTICIPACOES E INVESTIMENTOS S/A,*,2033-10-15,"DI + 1,05%",DI_MAIS,1.05,10.87,6.5547,9.4813,0.7955,8.6858,10.277,777.186072,72.6112,945.14,3.7506,10.0,
2026-10-06,HBSA14,HIDROVIAS DO BRASIL S.A.,*;**,2028-06-11,"DI + 0,5%",DI_MAIS,0.5,0.6,0.3003,0.4795,0.0609,0.4186,0.5406,1045.562572,100.0304,374.98,1.488,,
2026-10-06,HBSA24,HIDROVIAS DO BRASIL S.A.,*;**,2031-06-11,"DI + 0,75%",DI_MAIS,0.75,0.75,0.4746,0.6006,0.001,0.5996,0.6017,1051.490304,100.5162,874.75,3.4712,35.0,
2026-10-06,HGLB13,HIGHLINE DO BRASIL II INFRAESTRUTURA DE TELECOMUNICACOES S.A,*;**,2034-10-15,DI + 3%,DI_MAIS,3.0,2.9011,2.5447,2.7637,0.1254,2.6383,2.8892,1088.266411,100.8091,885.72,3.5148,,
2026-10-06,HSPE15,HOSPITAL ESPERANÇA S/A,*,2034-11-25,"DI + 1,35%",DI_MAIS,1.35,1.3224,1.1401,1.2097,0.0645,1.1451,1.2743,1062.668559,100.6769,1228.78,4.8761,,
2026-10-06,HYPEA6,HYPERA S/A,*,2028-10-10,"DI + 1,35%",DI_MAIS,1.35,0.823,0.6,0.7151,0.0226,0.6926,0.7378,1082.565558,100.8193,327.49,1.2996,,
2026-10-06,HYPEA7,HYPERA S/A,*,2028-12-15,"DI + 1,3%",DI_MAIS,1.3,0.8192,0.595,0.699,0.0334,0.6656,0.7325,1055.955255,100.8823,372.3,1.4774,,
2026-10-06,HYPEA8,HYPERA S/A,*,2029-05-03,"DI + 0,85%",DI_MAIS,0.85,0.6043,0.2954,0.464,0.0441,0.4199,0.5083,1069.709063,100.6705,439.42,1.7437,,
2026-10-06,HYPEA9,HYPERA S/A,*,2030-01-15,"DI + 0,9%",DI_MAIS,0.9,0.65,0.35,0.5,0.0,0.5,0.5,1042.075261,100.9213,582.2,2.3103,,
2026-10-06,HYPEB1,HYPERA S/A,*,2030-12-15,"DI + 0,85%",DI_MAIS,0.85,0.7594,0.476,0.6177,0.0268,0.5908,0.6446,1052.97698,100.7401,806.3,3.1996,5.0,
2026-10-06,HYPEC0,HYPERA S/A,*,2030-08-15,"DI + 0,75%",DI_MAIS,0.75,0.6463,0.4266,0.5462,0.0391,0.5071,0.5854,1024.864704,100.5575,692.2,2.7468,,
2026-10-06,IEAS11,INTERLIGACAO ELETRICA AIMORES S.A,*;**,2030-06-15,"DI + 0,5%",DI_MAIS,0.5,0.8077,0.5864,0.716,0.0547,0.6613,0.7708,1037.590653,99.3777,732.39,2.9063,,
2026-10-06,IEPS11,INTERLIGACAO ELETRICA PARAGUACU S.A,*,2030-06-15,"DI + 0,5%",DI_MAIS,0.5,0.8415,0.5858,0.7153,0.0561,0.6592,0.7715,1037.611612,99.3797,732.39,2.9063,,
2026-10-06,IGTAA3,IGUATEMI EMPRESA DE SHOPPING CENTERS S/A,*;**,2030-09-20,"DI + 0,45%",DI_MAIS,0.45,0.5948,0.2973,0.4536,0.0093,0.4443,0.4631,1005.694951,99.9898,720.38,2.8587,,
2026-10-06,IGTAB0,IGUATEMI EMPRESA DE SHOPPING CENTERS S/A,,2027-09-28,"DI + 2,45%",DI_MAIS,2.45,0.3987,0.19,0.2786,0.0197,0.2589,0.2983,511.94793,102.0193,235.21,0.9334,,
2026-10-06,INEL12,INSPIRALI EDUCACAO S/A,*,2029-05-15,"DI + 1,65%",DI_MAIS,1.65,1.385,1.0768,1.2383,0.0176,1.2208,1.256,1066.363828,100.5538,343.25,1.3621,,
2026-10-06,IOCHA3,IOCHPE-MAXION S/A,*;**,2030-04-02,"DI + 1,6%",DI_MAIS,1.6,1.4011,1.1963,1.3198,0.0423,1.2775,1.3622,1007.054928,100.5906,537.62,2.1334,35.0,
2026-10-06,IOCHA4,IOCHPE-MAXION S/A,*;**,2028-10-10,"DI + 1,35%",DI_MAIS,1.35,1.3129,1.0709,1.1783,0.0435,1.1348,1.222,1076.133469,100.2202,327.05,1.2978,,
2026-10-06,IOCHA5,IOCHPE-MAXION S/A,*;**,2030-02-05,"DI + 1,55%",DI_MAIS,1.55,1.4581,1.1858,1.3229,0.0386,1.2843,1.3616,1030.444269,100.5276,592.5,2.3512,,
2026-10-06,IOCHA6,IOCHPE-MAXION S/A,*;**,2030-06-04,"DI + 1,45%",DI_MAIS,1.45,1.4751,1.2601,1.3791,0.0438,1.3352,1.423,1052.774943,100.1754,631.82,2.5072,40.0,
2026-10-06,IOCHA7,IOCHPE-MAXION S/A,*,2030-07-07,"DI + 1,6%",DI_MAIS,1.6,1.4112,1.165,1.2921,0.0349,1.2573,1.3271,1047.094006,100.8895,735.78,2.9198,,
2026-10-06,IPIPA6,IPIRANGA PRODUTOS DE PETRÓLEO S/A,*,2030-11-19,"DI + 0,6%",DI_MAIS,0.6,0.65,0.35,0.5,0.0,0.5,0.5,1057.919679,100.2812,711.63,2.8239,,
2026-10-06,ISAEB1,ISA ENERGIA BRASIL S.A.,*,2030-01-15,"DI + 0,55%",DI_MAIS,0.55,0.6249,0.3773,0.513,0.0187,0.4943,0.5317,1032.751052,100.0983,672.9,2.6702,40.0,
2026-10-06,ISAEB3,ISA ENERGIA BRASIL S.A.,*,2030-07-15,"DI + 0,42%",DI_MAIS,0.42,0.5928,0.2863,0.4383,0.0183,0.42,0.4567,1030.866527,99.9454,754.99,2.996,,
2026-10-06,ISAEC1,ISA ENERGIA BRASIL S.A.,*,2031-01-15,"DI + 0,6%",DI_MAIS,0.6,0.6134,0.3706,0.4992,0.0322,0.467,0.5315,1035.271839,100.3312,831.32,3.2989,,
2026-10-06,ISAED1,ISA ENERGIA BRASIL S.A.,*,2035-01-15,"DI + 0,84%",DI_MAIS,0.84,0.7171,0.4555,0.5848,0.0174,0.5674,0.6023,1045.260085,101.2436,1231.56,4.8871,,
2026-10-06,ISPE12,IGUA SERGIPE S.A.,*,2029-06-01,"DI + 2,5%",DI_MAIS,2.5,2.8288,2.15,2.4601,0.0799,2.3802,2.5401,1057.515767,100.0836,541.21,2.1477,,
2026-10-06,ISPE13,IGUA SERGIPE S.A.,*,2029-06-01,"DI + 2,5%",DI_MAIS,2.5,2.8329,2.2801,2.5033,0.053,2.4504,2.5564,1056.558865,99.9931,541.14,2.1474,,
2026-10-06,ITSA17,ITAUSA S/A,*,2034-07-25,"DI + 0,88%",DI_MAIS,0.88,0.6,0.2927,0.4551,0.0139,0.4412,0.4691,1048.48314,102.0024,1186.57,4.7086,,
2026-10-06,ITSA18,ITAUSA S/A,*,2035-09-12,"DI + 0,6%",DI_MAIS,0.6,0.5928,0.3206,0.462,0.019,0.443,0.4811,1015.603219,100.6977,1277.48,5.0694,,
2026-10-06,JHSFA1,JHSF PARTICIPAÇÕES S/A,,2027-01-21,"DI + 2,75%",DI_MAIS,2.75,0.7167,0.379,0.5469,0.0568,0.4901,0.6038,230.626088,100.3432,39.87,0.1582,,
2026-10-06,JHSFA3,JHSF PARTICIPAÇÕES S/A,*,2027-12-20,"DI + 2,2%",DI_MAIS,2.2,1.3424,0.8939,1.1234,0.0595,1.0638,1.183,632.959628,100.6141,145.84,0.5787,,
2026-10-06,JSLGA5,JSL S/A,*,2028-10-20,"DI + 2,7%",DI_MAIS,2.7,3.269,2.3,2.7619,0.2065,2.5554,2.9685,1075.958903,99.9469,222.19,0.8817,5.0,
2026-10-06,JSMLA5,SIMPAR S.A.,*,2031-01-15,"DI + 3,5%",DI_MAIS,3.5,4.0943,3.6454,3.9526,0.1833,3.7693,4.1361,1027.235589,98.9033,636.08,2.5241,50.0,
2026-10-06,KRSA12,KORA SAUDE PARTICIPACOES S.A.,,2030-10-30,"DI + 2,8%",DI_MAIS,2.8,,,,,,,,52.435,,,,
2026-10-06,LCAMC2,COMPANHIA DE LOCAÇÃO DAS AMÉRICAS,*,2031-05-20,"DI + 2,4%",DI_MAIS,2.4,1.777,1.4587,1.6244,0.0902,1.5342,1.7147,1083.771932,102.0897,687.23,2.7271,,
2026-10-06,LETS18,LETS RENT A CAR S/A,*,2031-10-15,"DI + 1,25%",DI_MAIS,1.25,1.35,1.1202,1.2545,0.0496,1.2049,1.3042,1071.205922,99.9868,749.47,2.9741,,
2026-10-06,LMTP18,LM TRANSPORTES INTERESTADUAIS SERVIÇOS E COMÉRCIOS S.A.,*,2026-12-10,"DI + 1,93%",DI_MAIS,1.93,1.7523,1.2681,1.522,0.0567,1.4652,1.5788,1051.438196,100.0701,44.0,0.1746,,
2026-10-06,LMTP26,LM TRANSPORTES INTERESTADUAIS SERVIÇOS E COMÉRCIOS S.A.,*;**,2027-09-25,"DI + 1,7%",DI_MAIS,1.7,1.6542,1.3615,1.5187,0.032,1.4867,1.5508,1005.699409,100.1662,234.55,0.9308,,
2026-10-06,LMTPA0,LM TRANSPORTES INTERESTADUAIS SERVIÇOS E COMÉRCIOS S.A.,*,2029-10-15,"DI + 1,7%",DI_MAIS,1.7,1.9035,1.6384,1.7802,0.0153,1.7649,1.7956,1071.606414,99.8132,597.73,2.3719,10.0,
2026-10-06,LMTPA1,LM TRANSPORTES INTERESTADUAIS SERVIÇOS E COMÉRCIOS S.A.,*,2028-01-17,"DI + 1,5%",DI_MAIS,1.5,1.6754,0.8398,1.3327,0.2389,1.0938,1.5717,1034.763011,100.1935,295.32,1.1719,,
2026-10-06,LMTPA2,LM TRANSPORTES INTERESTADUAIS SERVIÇOS E COMÉRCIOS S.A.,*,2028-09-23,"DI + 1,3%",DI_MAIS,1.3,1.9012,1.1644,1.4982,0.3149,1.1833,1.8132,1001.567487,99.6541,446.64,1.7724,,
2026-10-06,LMTPB1,LM TRANSPORTES INTERESTADUAIS SERVIÇOS E COMÉRCIOS S.A.,*,2030-01-17,"DI + 1,7%",DI_MAIS,1.7,2.5734,0.9667,1.7513,0.0034,1.7479,1.7547,1031.845293,99.8673,663.53,2.6331,,
2026-10-06,LMTPB2,LM TRANSPORTES INTERESTADUAIS SERVIÇOS E COMÉRCIOS S.A.,*,2030-09-23,"DI + 1,5%",DI_MAIS,1.5,,,1.8555,0.2693,1.5863,2.1249,994.12723,98.9069,791.59,3.1412,,
2026-10-06,LOGGB1,LOG COMMERCIAL PROPERTIES E PARTICIPAÇÕES S/A,*,2027-07-11,"DI + 1,65%",DI_MAIS,1.65,1.2944,0.6978,0.9758,0.0456,0.9302,1.0215,130.061402,100.4776,180.45,0.7161,,
2026-10-06,LORTB2,LOCALIZA RENT A CAR,*,2028-12-05,"DI + 1,87%",DI_MAIS,1.87,1.3945,1.0966,1.2468,0.0173,1.2295,1.2642,1064.293552,101.1288,461.24,1.8303,,
2026-10-06,LVTC12,LIVETECH DA BAHIA INDUSTRIA E COMERCIO S/A,*;**,2027-06-15,"DI + 2,3%",DI_MAIS,2.3,2.4573,1.9723,2.3363,0.0813,2.255,2.4178,419.934375,99.9854,103.96,0.4125,,
2026-10-06,LVTC22,LIVETECH DA BAHIA INDUSTRIA E COMERCIO S/A,*,2029-06-15,"DI + 2,7%",DI_MAIS,2.7,5.9404,4.3736,5.6291,0.1722,5.4568,5.8014,677.150165,96.6218,305.49,1.2123,,
2026-10-06,MATD12,HOSPITAL MATER DEI S.A.,*,2031-05-15,"DI + 0,95%",DI_MAIS,0.95,0.8154,0.4952,0.661,0.0409,0.6201,0.702,1066.993745,100.8894,779.09,3.0916,,
2026-10-06,MATD13,HOSPITAL MATER DEI S.A.,*,2032-07-18,"DI + 1,1%",DI_MAIS,1.1,0.813,0.5841,0.7101,0.0183,0.6918,0.7285,1046.577876,101.4842,962.4,3.819,,
2026-10-06,MDRO18,MADERO INDUSTRIA E COMERCIO S.A.,*;**,2030-11-25,"DI + 2,25%",DI_MAIS,2.25,3.3591,1.7608,2.0085,0.0288,1.9797,2.0374,1065.13056,100.5779,614.54,2.4387,,
2026-10-06,MEAL14,INTERNATIONAL MEAL COMPANY ALIMENTAÇÃO S.A.,*;**,2028-10-11,"DI + 4,2%",DI_MAIS,4.2,4.6984,4.2461,4.5799,0.2478,4.3321,4.8278,610.410146,99.6925,212.95,0.845,,
2026-10-06,MGLUA0,MAGAZINE LUIZA S/A,*,2026-10-15,"DI + 1,25%",DI_MAIS,1.25,1.9344,1.4509,1.7119,0.0596,1.6523,1.7716,535.615717,99.9892,6.0,0.0238,15.0,
2026-10-06,MILS18,MILLS ESTR. E SERVIÇOS DE ENGENHARIA S/A,*,2030-01-10,DI + 2%,DI_MAIS,2.0,1.1003,0.75,0.941,0.0369,0.9041,0.9779,1057.741623,101.9983,478.85,1.9002,,
2026-10-06,MILS19,MILLS ESTR. E SERVIÇOS DE ENGENHARIA S/A,*,2029-06-20,"DI + 1,3%",DI_MAIS,1.3,1.2,0.7,0.948,0.0058,0.9422,0.9539,1050.491027,100.6526,471.14,1.8696,,
2026-10-06,MILS29,MILLS ESTR. E SERVIÇOS DE ENGENHARIA S/A,*,2032-06-20,"DI + 1,4%",DI_MAIS,1.4,3.2055,0.895,1.1674,0.0968,1.0706,1.2643,1052.238236,100.7904,864.71,3.4314,,
2026-10-06,MILSA0,MILLS ESTR. E SERVIÇOS DE ENGENHARIA S/A,*,2029-11-25,"DI + 1,15%",DI_MAIS,1.15,1.1037,0.4925,0.7993,0.0032,0.7961,0.8025,1062.6931,100.7534,544.97,2.1626,,
2026-10-06,MILSA1,MILLS ESTR. E SERVIÇOS DE ENGENHARIA S/A,*,2030-08-19,"DI + 0,9%",DI_MAIS,0.9,1.0935,0.4306,0.8089,0.0476,0.7613,0.8566,1020.799798,100.2486,692.85,2.7494,,
2026-10-06,MILSB0,MILLS ESTR. E SERVIÇOS DE ENGENHARIA S/A,*,2032-11-25,"DI + 1,3%",DI_MAIS,1.3,1.3169,0.9918,1.1253,0.091,1.0343,1.2165,1061.948237,100.6272,913.58,3.6253,,
2026-10-06,MNLT11,MNLT S.A.,,2026-10-15,"DI + 1,75%",DI_MAIS,1.75,1.0886,0.593,0.826,0.0644,0.7616,0.8905,1074.096892,100.0217,6.0,0.0238,,
2026-10-06,MNRVA1,MINERVA S/A,*;**,2026-10-15,"DI + 1,6%",DI_MAIS,1.6,1.9129,1.536,1.753,0.0568,1.6962,1.8099,1073.071027,99.9964,6.0,0.0238,15.0,
2026-10-06,MOVI27,MOVIDA PARTICIPACOES S/A,*;**,2029-09-15,"DI + 2,9%",DI_MAIS,2.9,2.2293,1.3343,1.8418,0.2059,1.6359,2.0478,1027.191802,101.7647,427.36,1.6959,,
2026-10-06,MOVI34,MOVIDA PARTICIPACOES S/A,*;**,2027-07-27,"DI + 2,05%",DI_MAIS,2.05,1.6308,0.8835,1.1556,0.1191,1.0365,1.2749,345.720364,100.6702,191.22,0.7588,,
2026-10-06,MOVIA2,MOVIDA PARTICIPACOES S/A,*,2026-10-15,"DI + 2,1%",DI_MAIS,2.1,,,1.5463,0.2006,1.3458,1.747,537.88015,100.0129,6.0,0.0238,35.0,
2026-10-06,MOVIA3,MOVIDA PARTICIPACOES S/A,*,2027-03-05,"DI + 2,5%",DI_MAIS,2.5,2.0249,1.65,1.8403,0.0613,1.779,1.9017,1014.873163,100.2591,101.0,0.4008,,
2026-10-06,MRFGA1,MARFRIG GLOBAL FOODS S.A.,*;**,2027-11-11,"DI + 1,55%",DI_MAIS,1.55,1.4484,0.9965,1.1742,0.0916,1.0827,1.2659,1064.736034,100.2008,136.43,0.5414,,
2026-10-06,MTRO12,COMPANHIA DO METROPOLITANO DE SAO PAULO,,2027-04-25,"DI + 4,5%",DI_MAIS,4.5,1.1339,0.7352,0.9022,0.0874,0.8149,0.9897,169.15433,101.0092,72.33,0.287,,
2026-10-06,MULPA0,MULTIPLAN EMPREENDIMENTOS IMOBILIÁRIOS S/A,*;**,2028-10-15,"DI + 1,3%",DI_MAIS,1.3,0.719,0.4887,0.6076,0.0605,0.547,0.6682,1078.111722,100.6077,223.15,0.8855,,
2026-10-06,MULPB1,MULTIPLAN EMPREENDIMENTOS IMOBILIÁRIOS S/A,*;**,2028-01-10,"DI + 1,2%",DI_MAIS,1.2,0.75,0.45,0.6004,0.0038,0.5966,0.6043,1039.386628,100.4196,177.72,0.7052,,
2026-10-06,MULTA4,MULTIPLAN EMPREENDIMENTOS IMOBILIÁRIOS S/A,*;**,2031-07-03,"DI + 0,65%",DI_MAIS,0.65,0.614,0.3353,0.4646,0.0453,0.4192,0.51,1042.755042,100.6005,818.76,3.249,,
2026-10-06,MULTA5,MULTIPLAN EMPREENDIMENTOS IMOBILIÁRIOS S/A,*;**,2031-10-15,"DI + 0,55%",DI_MAIS,0.55,0.65,0.35,0.5046,0.0122,0.4924,0.5168,1069.27066,100.1364,760.77,3.0189,,
2026-10-06,MULTB5,MULTIPLAN EMPREENDIMENTOS IMOBILIÁRIOS S/A,*;**,2034-10-15,"DI + 0,8%",DI_MAIS,0.8,0.75,0.4984,0.6287,0.0405,0.5882,0.6693,1077.224545,100.7621,1126.27,4.4693,5.0,
2026-10-06,MVLV19,MOVIDA PARTICIPACOES S/A,*,2027-04-05,"DI + 2,95%",DI_MAIS,2.95,2.2393,1.8,2.0438,0.0556,1.9882,2.0994,502.440108,100.4254,121.0,0.4802,,
2026-10-06,MVLVA1,MOVIDA PARTICIPACOES S/A,*,2027-12-22,"DI + 2,9%",DI_MAIS,2.9,2.2685,1.8977,2.1079,0.0609,2.0471,2.1689,702.555042,100.5029,163.8,0.65,,
2026-10-06,MVLVA3,MOVIDA PARTICIPACOES S/A,*,2027-08-10,"DI + 2,5%",DI_MAIS,2.5,2.3662,1.8335,2.1221,0.0392,2.0829,2.1614,1027.789718,100.295,200.98,0.7975,,
2026-10-06,NATUA3,NATURA COSMÉTICOS S/A,*,2029-06-15,"DI + 1,2%",DI_MAIS,1.2,1.75,1.3761,1.6035,0.0951,1.5084,1.6987,1037.177365,99.1194,559.8,2.2214,,
2026-10-06,NIGP12,NOVA TRANSPORTE DO SUDESTE S.A. - NTS,*,2032-03-24,"DI + 1,9%",DI_MAIS,1.9,1.1962,0.952,1.0818,0.0622,1.0196,1.1441,1032.578759,102.7779,858.76,3.4078,,
2026-10-06,NTSD16,NOVA TRANSPORTE DO SUDESTE S.A. - NTS,*,2029-02-15,"DI + 1,2%",DI_MAIS,1.2,0.8745,0.6374,0.7703,0.0167,0.7536,0.7871,190.310631,100.8719,514.35,2.0411,,
2026-10-06,NTSD17,NOVA TRANSPORTE DO SUDESTE S.A. - NTS,*,2028-06-20,"DI + 0,8%",DI_MAIS,0.8,0.6,0.3234,0.4707,0.0295,0.4412,0.5003,1047.293428,100.4941,379.64,1.5065,,
2026-10-06,NTSD18,NOVA TRANSPORTE DO SUDESTE S.A. - NTS,*,2030-11-22,"DI + 0,8%",DI_MAIS,0.8,0.8,0.5436,0.6887,0.0176,0.6712,0.7064,1057.635294,100.3469,790.16,3.1356,,
2026-10-06,NTSD26,NOVA TRANSPORTE DO SUDESTE S.A. - NTS,*,2031-02-15,"DI + 1,4%",DI_MAIS,1.4,0.95,0.6851,0.8245,0.0254,0.7991,0.85,1037.904202,101.746,767.48,3.0456,,
2026-10-06,NTSD35,NOVA TRANSPORTE DO SUDESTE S.A. - NTS,*,2032-09-13,"DI + 1,85%",DI_MAIS,1.85,1.1599,0.8484,1.0243,0.0329,0.9914,1.0572,1038.659514,102.903,888.44,3.5256,,
2026-10-06,NTSD36,NOVA TRANSPORTE DO SUDESTE S.A. - NTS,*,2034-02-15,"DI + 1,7%",DI_MAIS,1.7,1.1279,0.8776,1.0381,0.0599,0.9781,1.0981,1049.597125,102.8501,1088.69,4.3202,35.0,
2026-10-06,NTSDA0,NOVA TRANSPORTE DO SUDESTE S.A. - NTS,*,2031-08-25,"DI + 0,9%",DI_MAIS,0.9,0.7692,0.5266,0.6531,0.0139,0.6392,0.6671,1025.216473,100.9049,927.36,3.68,,
2026-10-06,NTSDA2,NOVA TRANSPORTE DO SUDESTE S.A. - NTS,*,2031-03-10,"DI + 0,6%",DI_MAIS,0.6,0.7323,0.5,0.6213,0.0196,0.6018,0.641,1003.057286,99.9332,794.85,3.1542,,
2026-10-06,OMGE15,OMEGA GERAÇÃO S/A,*;**,2029-06-15,"DI + 1,65%",DI_MAIS,1.65,1.6478,1.35,1.5048,0.0127,1.4921,1.5176,1051.184459,100.3166,557.43,2.212,,
2026-10-06,OMGE16,OMEGA GERAÇÃO S/A,*;**,2030-03-15,"DI + 1,15%",DI_MAIS,1.15,1.6515,1.3839,1.5288,0.0193,1.5095,1.5483,997.793401,98.9532,708.99,2.8135,,
2026-10-06,OMGE17,OMEGA GERAÇÃO S/A,*,2031-02-15,"DI + 0,89%",DI_MAIS,0.89,1.7986,1.478,1.6401,0.0324,1.6077,1.6726,994.27156,97.537,846.62,3.3596,,
2026-10-06,OMGE26,OMEGA GERAÇÃO S/A,*;**,2031-03-15,"DI + 1,25%",DI_MAIS,1.25,1.7,1.4194,1.6029,0.0713,1.5316,1.6743,996.459058,98.815,862.51,3.4227,,
2026-10-06,OMGE27,OMEGA GERAÇÃO S/A,*,2033-02-15,"DI + 1,02%",DI_MAIS,1.02,,,,,,,,,,,,
2026-10-06,ONCO19,ONCOCLINICAS DO BRASIL SERVICOS MEDICOS S.A.,*;**,2027-11-25,"DI + 1,62%",DI_MAIS,1.62,,,,,,,636.001492,60.0,,,,
2026-10-06,ONCO29,ONCOCLINICAS DO BRASIL SERVICOS MEDICOS S.A.,*;**,2029-11-25,"DI + 1,8%",DI_MAIS,1.8,,,,,,,649.154469,61.2,,,,
2026-10-06,OPCT16,OCEANPACT SERVICOS MARITIMOS S.A.,*,2029-12-18,"DI + 2,5%",DI_MAIS,2.5,1.4416,1.1614,1.298,0.0484,1.2496,1.3465,1029.955197,102.2496,476.16,1.8895,,
2026-10-06,OPCT17,OCEANPACT SERVICOS MARITIMOS S.A.,*,2030-07-27,DI + 2%,DI_MAIS,2.0,1.5224,1.1656,1.3498,0.0223,1.3275,1.3721,1018.390252,101.4814,580.2,2.3024,5.0,
2026-10-06,ORMA16,ORIZON MEIO AMBIENTE S.A.,*,2035-09-15,"DI + 1,45%",DI_MAIS,1.45,1.4,1.0,1.2046,0.032,1.1726,1.2367,1019.775667,101.1154,1156.07,4.5876,,
2026-10-06,ORMA17,ORIZON MEIO AMBIENTE S.A.,,2035-12-15,"DI + 1,45%",DI_MAIS,1.45,1.4,1.1196,1.2752,0.096,1.1792,1.3713,1129.751558,100.731,1066.02,4.2302,,
2026-10-06,OVSAA3,UNIDAS LOCACOES E SERVICOS S.A.,*,2028-07-15,"DI + 2,4%",DI_MAIS,2.4,2.6244,1.6768,2.1987,0.0064,2.1923,2.2051,727.200637,100.2686,343.57,1.3634,,
2026-10-06,OVSAA8,UNIDAS LOCACOES E SERVICOS S.A.,*,2029-06-10,"DI + 2,7%",DI_MAIS,2.7,2.2524,1.874,2.0855,0.0573,2.0281,2.1429,1064.844762,101.0951,457.76,1.8165,35.0,
2026-10-06,OVSAA9,UNIDAS LOCACOES E SERVICOS S.A.,*,2029-11-18,"DI + 2,5%",DI_MAIS,2.5,3.4379,2.241,2.4004,0.0754,2.325,2.476,1065.506112,100.2047,530.2,2.104,,
2026-10-06,OVSAB0,UNIDAS LOCACOES E SERVICOS S.A.,*,2028-05-16,"DI + 2,3%",DI_MAIS,2.3,3.1244,2.01,2.2326,0.1281,2.1045,2.3608,1063.487742,100.0917,350.36,1.3903,,
2026-10-06,OVSAB1,UNIDAS LOCACOES E SERVICOS S.A.,*,2032-01-20,"DI + 2,35%",DI_MAIS,2.35,2.5,2.1972,2.3446,0.0202,2.3244,2.3649,1034.230497,100.0183,871.72,3.4592,35.0,
2026-10-06,OZNH11,OZN HEALTH SPE S.A,*,2031-11-26,"DI + 3,5%",DI_MAIS,3.5,1.9474,1.6114,1.8301,0.2067,1.6234,2.0369,925.940442,103.6365,557.48,2.2122,50.0,
2026-10-06,PALFA4,COMPANHIA PAULISTA DE FORÇA E LUZ,*,2027-09-05,"DI + 0,55%",DI_MAIS,0.55,0.4189,0.2,0.3117,0.0197,0.292,0.3316,289.124375,100.1215,128.99,0.5119,,
2026-10-06,PALFA5,COMPANHIA PAULISTA DE FORÇA E LUZ,*,2029-09-10,"DI + 0,49%",DI_MAIS,0.49,0.55,0.321,0.4375,0.0361,0.4014,0.4737,1010.679656,100.1091,526.04,2.0875,,
2026-10-06,PALFA6,COMPANHIA PAULISTA DE FORÇA E LUZ,*,2030-02-15,"DI + 0,59%",DI_MAIS,0.59,0.6515,0.3266,0.47,0.0364,0.4336,0.5064,1021.849061,100.2838,598.35,2.3744,,
2026-10-06,PALFA8,COMPANHIA PAULISTA DE FORÇA E LUZ,*,2026-12-19,"DI + 0,3%",DI_MAIS,0.3,0.3694,0.1635,0.2678,0.0318,0.236,0.2997,455.462245,100.0065,51.0,0.2024,,
2026-10-06,PASS12,COMPASS GAS E ENERGIA S.A,*,2030-11-01,"DI + 1,55%",DI_MAIS,1.55,1.1116,0.7731,0.9493,0.0022,0.947,0.9516,1083.203823,101.636,690.44,2.7398,,
2026-10-06,PASS13,COMPASS GAS E ENERGIA S.A,*,2029-03-15,"DI + 1,08%",DI_MAIS,1.08,0.9038,0.5641,0.7571,0.0709,0.6862,0.8281,1015.182123,100.6818,535.3,2.1242,,
2026-10-06,PASS14,COMPASS GAS E ENERGIA S.A,*,2030-06-01,"DI + 0,65%",DI_MAIS,0.65,0.8789,0.6,0.7824,0.0593,0.7231,0.8418,1045.916031,99.6246,720.68,2.8598,45.0,
2026-10-06,PASS24,COMPASS GAS E ENERGIA S.A,*;**,2032-06-01,"DI + 0,7%",DI_MAIS,0.7,,,,,,,,,,,,
2026-10-06,PEJA21,PRIO FORTE S.A,*,2027-08-15,"DI + 2,05%",DI_MAIS,2.05,1.3383,0.7081,1.0247,0.0775,0.9472,1.1023,1029.433999,100.8262,205.34,0.8148,,
2026-10-06,PFOR15,PRIO FORTE S.A,*,2030-02-20,"DI + 1,2%",DI_MAIS,1.2,1.3338,1.1262,1.2068,0.0711,1.1357,1.278,1017.925781,99.9839,605.14,2.4013,,
2026-10-06,PFOR16,PRIO FORTE S.A,*,2030-07-15,"DI + 1,45%",DI_MAIS,1.45,1.3522,1.1011,1.2247,0.0351,1.1896,1.2598,1039.907773,100.5855,661.99,2.6269,35.0,
2026-10-06,PFOR25,PRIO FORTE S.A,*,2032-02-20,"DI + 1,35%",DI_MAIS,1.35,1.4516,1.145,1.2934,0.1993,1.0941,1.4928,1020.345437,100.2027,913.59,3.6254,,
2026-10-06,PFOR26,PRIO FORTE S.A,*,2032-07-15,"DI + 1,6%",DI_MAIS,1.6,1.4332,1.1803,1.3292,0.0707,1.2585,1.3999,1044.62735,101.0076,947.76,3.761,15.0,
2026-10-06,PGMN18,EMPREENDIMENTOS PAGUE MENOS S/A,*,2029-06-25,"DI + 1,6%",DI_MAIS,1.6,1.9803,1.6317,1.7991,0.0813,1.7178,1.8805,1038.197008,99.5626,564.04,2.2383,,
2026-10-06,PLSB2A,AUTOPISTA LITORAL SUL S/A.,*,2028-10-15,"DI + 1,55%",DI_MAIS,1.55,1.4233,1.0962,1.2609,0.0454,1.2156,1.3064,871.455212,100.2808,248.02,0.9842,,
2026-10-06,PRLG17,PROLAGOS S/A - C.S.PUBL. DE ÁGUA E ESGOTO,*,2030-04-10,"DI + 1,2%",DI_MAIS,1.2,1.1045,0.8477,0.9685,0.0419,0.9266,1.0105,1079.62313,100.6179,678.28,2.6916,,
2026-10-06,PSAN13,PARSAN S.A.,*;**,2030-03-18,"DI + 2,3%",DI_MAIS,2.3,2.7,2.0,2.3337,0.0355,2.2981,2.3693,1006.391145,99.9195,615.89,2.444,,
2026-10-06,PSAN23,PARSAN S.A.,*,2030-03-18,"DI + 2,7%",DI_MAIS,2.7,2.5069,2.0776,2.3162,0.0402,2.2761,2.3565,1017.881562,101.0416,697.89,2.7694,35.0,
2026-10-06,QUAL16,QUALICORP S/A,*;**,2027-06-03,"DI + 1,85%",DI_MAIS,1.85,4.3944,2.6121,3.4763,0.0845,3.3918,3.5608,260.722885,99.0416,153.15,0.6077,15.0,
2026-10-06,QUAL17,QUALICORP S/A,*;**,2028-03-15,"DI + 3,5%",DI_MAIS,3.5,,,,,,,,,,,,
2026-10-06,QUAL18,QUALICORP S/A,*,2029-10-15,"DI + 2,5%",DI_MAIS,2.5,8.0004,4.1311,5.8159,1.7432,4.0728,7.5592,1025.454967,95.1587,389.88,1.5471,10.0,
2026-10-06,QUNT11,QUANTUM PARTICIPACOES S.A.,*;**,2031-11-18,DI + 1%,DI_MAIS,1.0,0.8561,0.6966,0.7792,0.0192,0.76,0.7986,1064.182863,100.6616,760.04,3.016,5.0,
2026-10-06,QYAN11,MANTIQUEIRA HOLDING S.A.,*;**,2032-11-18,DI + 1%,DI_MAIS,1.0,0.856,0.6641,0.7641,0.0201,0.744,0.7844,1065.235219,100.7611,818.05,3.2462,35.0,
2026-10-06,RADL15,RAIA DROGASIL S/A,*,2029-01-25,"DI + 1,49%",DI_MAIS,1.49,0.7992,0.3893,0.6016,0.0639,0.5377,0.6656,1043.60943,101.4069,400.85,1.5907,,
2026-10-06,RADL19,RAIA DROGASIL S/A,*,2031-04-22,"DI + 0,65%",DI_MAIS,0.65,0.6133,0.3,0.47,0.0238,0.4462,0.4939,1071.709118,100.5455,766.41,3.0413,,
2026-10-06,RADLA0,RAIA DROGASIL S/A,*,2032-04-15,"DI + 0,6%",DI_MAIS,0.6,0.6602,0.3365,0.5054,0.014,0.4914,0.5196,1071.670087,100.3374,902.51,3.5814,,
2026-10-06,RADLA1,RAIA DROGASIL S/A,*,2032-11-10,"DI + 0,44%",DI_MAIS,0.44,0.6642,0.3474,0.5123,0.022,0.4903,0.5344,1054.815214,99.7184,987.13,3.9172,,
2026-10-06,RAIZ14,RAIZEN S.A.,*,2030-07-15,"DI + 1,3%",DI_MAIS,1.3,,,,,,,483.030634,47.2383,,,,
2026-10-06,RDORA5,REDE DOR SÃO LUIZ S/A,*,2032-10-15,DI + 2%,DI_MAIS,2.0,1.2437,1.0275,1.1419,0.0206,1.1213,1.1626,1111.513359,103.3851,998.22,3.9612,,
2026-10-06,RDORB3,REDE DOR SÃO LUIZ S/A,*;**,2032-05-15,"DI + 1,9%",DI_MAIS,1.9,1.1197,0.8877,0.9956,0.0313,0.9642,1.027,1093.19214,102.9831,834.13,3.31,40.0,
2026-10-06,RDORB5,REDE DOR SÃO LUIZ S/A,*,2032-10-15,"DI + 1,95%",DI_MAIS,1.95,1.1739,0.8402,1.0252,0.0212,1.0039,1.0465,1111.916029,103.4467,941.86,3.7375,,
2026-10-06,RDORB9,REDE DOR SÃO LUIZ S/A,*,2031-08-20,"DI + 1,9%",DI_MAIS,1.9,1.0688,0.9416,0.9965,0.0336,0.9629,1.0302,1046.688933,102.7191,761.1,3.0202,5.0,
2026-10-06,RDORC3,REDE DOR SÃO LUIZ S/A,*;**,2032-05-15,"DI + 1,9%",DI_MAIS,1.9,1.1002,0.9163,1.0272,0.0439,0.9832,1.0712,1092.060868,102.8766,833.91,3.3092,,
2026-10-06,RDORC4,REDE DOR SÃO LUIZ S/A,*,2027-09-15,"DI + 0,65%",DI_MAIS,0.65,0.4544,0.2832,0.372,0.0258,0.3462,0.3979,1010.567663,100.2496,227.13,0.9013,,
2026-10-06,RDORC7,REDE DOR SÃO LUIZ S/A,*,2029-06-20,"DI + 0,79%",DI_MAIS,0.79,0.6111,0.3652,0.4915,0.0294,0.4621,0.521,1046.675227,100.4377,371.35,1.4736,,
2026-10-06,RDORC9,REDE DOR SÃO LUIZ S/A,*,2031-08-20,"DI + 1,9%",DI_MAIS,1.9,1.0993,0.8985,0.9947,0.0429,0.9518,1.0376,1046.745277,102.7247,761.11,3.0203,,
2026-10-06,RDORD3,REDE DOR SÃO LUIZ S/A,*,2034-05-05,"DI + 1,7%",DI_MAIS,1.7,1.165,0.8851,1.0271,0.0381,0.989,1.0653,1098.895119,103.1044,1166.96,4.6308,,
2026-10-06,RDORD4,REDE DOR SÃO LUIZ S/A,*,2031-09-15,"DI + 1,1%",DI_MAIS,1.1,1.0499,0.886,0.9557,0.0219,0.9337,0.9777,1013.692479,100.5329,938.12,3.7227,,
2026-10-06,RDORD7,REDE DOR SÃO LUIZ S/A,*,2030-02-20,"DI + 1,7%",DI_MAIS,1.7,1.2652,0.8678,0.9746,0.0663,0.9082,1.041,1036.304094,101.7254,602.93,2.3926,,
2026-10-06,RDORE4,REDE DOR SÃO LUIZ S/A,*,2034-09-15,"DI + 1,3%",DI_MAIS,1.3,1.2252,1.035,1.138,0.0742,1.0638,1.2123,1016.60037,100.8094,1270.85,5.0431,45.0,
2026-10-06,RDORF1,REDE DOR SÃO LUIZ S/A,*,2033-06-10,"DI + 0,9%",DI_MAIS,0.9,1.1623,0.8901,1.0294,0.0354,0.994,1.0649,1041.586909,99.4646,1054.69,4.1853,5.0,
2026-10-06,RDORF8,REDE DOR SÃO LUIZ S/A,*,2035-11-20,"DI + 1,15%",DI_MAIS,1.15,1.2227,1.0408,1.1366,0.0639,1.0728,1.2006,1057.262285,100.0645,1227.06,4.8693,,
2026-10-06,RDORG6,REDE DOR SÃO LUIZ S/A,*,2032-08-20,DI + 1%,DI_MAIS,1.0,1.1195,0.9272,1.0109,0.0299,0.981,1.0409,1017.376554,99.955,1050.4,4.1683,,
2026-10-06,RDORG9,REDE DOR SÃO LUIZ S/A,*,2036-01-10,"DI + 1,3%",DI_MAIS,1.3,1.2227,0.9792,1.1,0.0,1.1,1.1,1045.576708,100.9935,1262.72,5.0108,,
2026-10-06,RDORH6,REDE DOR SÃO LUIZ S/A,*,2035-08-20,"DI + 1,15%",DI_MAIS,1.15,1.2212,0.9287,1.0676,0.0214,1.0462,1.0891,1022.156151,100.4057,1252.71,4.9711,,
2026-10-06,RDORI6,REDE DOR SÃO LUIZ S/A,*,2040-08-20,"DI + 1,55%",DI_MAIS,1.55,1.3692,1.0614,1.2031,0.0304,1.1727,1.2336,1040.443571,102.1508,1575.41,6.2516,,
2026-10-06,RECV12,PETRORECONCAVO S.A.,*,2029-10-15,"DI + 1,15%",DI_MAIS,1.15,1.0,0.6501,0.8412,0.1194,0.7218,0.9608,1077.581413,100.6292,517.27,2.0527,,
2026-10-06,RECV13,PETRORECONCAVO S.A.,*,2032-07-04,"DI + 1,1%",DI_MAIS,1.1,0.909,0.3026,0.6708,0.1541,0.5166,0.825,1052.682431,101.4974,881.87,3.4995,,
2026-10-06,RENTA5,LOCALIZA RENT A CAR,*,2033-08-11,"DI + 2,35%",DI_MAIS,2.35,1.3996,1.1318,1.2719,0.0354,1.2365,1.3074,1068.298243,104.3357,1015.72,4.0306,,
2026-10-06,RENTC4,LOCALIZA RENT A CAR,*,2028-11-25,"DI + 1,85%",DI_MAIS,1.85,1.4376,1.071,1.3032,0.1273,1.1759,1.4306,1067.775749,100.9752,454.58,1.8039,,
2026-10-06,RENTC8,LOCALIZA RENT A CAR,*,2029-02-27,"DI + 1,85%",DI_MAIS,1.85,1.4604,0.9931,1.2749,0.2356,1.0392,1.5106,1027.841753,101.1734,519.43,2.0612,,
2026-10-06,RENTD0,LOCALIZA RENT A CAR,*,2030-12-10,"DI + 1,55%",DI_MAIS,1.55,1.2472,0.9928,1.1025,0.0458,1.0567,1.1485,1062.645086,101.2612,715.98,2.8412,5.0,
2026-10-06,RENTD5,LOCALIZA RENT A CAR,*,2031-08-27,"DI + 1,18%",DI_MAIS,1.18,1.2937,0.981,1.0944,0.1015,0.9929,1.196,1018.106157,100.286,850.56,3.3752,,
2026-10-06,RENTD9,LOCALIZA RENT A CAR,*,2030-04-16,"DI + 1,85%",DI_MAIS,1.85,1.4856,1.0471,1.2406,0.0681,1.1724,1.3088,1091.098544,101.6199,675.87,2.682,,
2026-10-06,RENTE2,LOCALIZA RENT A CAR,*,2030-05-20,"DI + 1,2%",DI_MAIS,1.2,1.2145,0.9098,1.1052,0.1051,1.0,1.2104,1059.555297,100.2625,704.99,2.7976,35.0,
2026-10-06,RENTE3,LOCALIZA RENT A CAR,*,2031-07-17,"DI + 1,2%",DI_MAIS,1.2,1.2746,0.9707,1.1112,0.0753,1.0359,1.1866,1034.753891,100.2585,741.42,2.9421,,
2026-10-06,RENTE4,LOCALIZA RENT A CAR,*,2032-08-01,"DI + 1,3%",DI_MAIS,1.3,1.3479,1.1054,1.2261,0.0675,1.1586,1.2936,1028.453182,100.2599,896.55,3.5577,5.0,
2026-10-06,RENTE5,LOCALIZA RENT A CAR,*,2032-08-27,"DI + 1,28%",DI_MAIS,1.28,1.415,1.1098,1.2502,0.0484,1.2018,1.2987,1016.478426,100.1151,985.0,3.9087,,
2026-10-06,RENTE9,LOCALIZA RENT A CAR,*,2034-04-16,"DI + 2,15%",DI_MAIS,2.15,1.4202,0.9962,1.2348,0.0795,1.1553,1.3145,1115.755997,103.7722,1043.56,4.1411,,
2026-10-06,RENTF2,LOCALIZA RENT A CAR,*,2032-05-20,"DI + 1,4%",DI_MAIS,1.4,1.4,1.0689,1.2329,0.0449,1.188,1.2779,1064.341458,100.6389,973.86,3.8645,,
2026-10-06,RENTH7,LOCALIZA RENT A CAR,*,2033-06-23,"DI + 1,25%",DI_MAIS,1.25,1.4218,1.1802,1.3028,0.0359,1.2669,1.3388,1038.259663,99.7814,1057.23,4.1954,,
2026-10-06,RENTQ8,LOCALIZA RENT A CAR,*,2033-07-14,"DI + 1,25%",DI_MAIS,1.25,1.4328,1.264,1.3716,0.0441,1.3275,1.4158,1027.533152,99.4908,1071.02,4.2501,50.0,
2026-10-06,RNDNA0,RANDON S.A. IMPLEMENTOS E PARTICIPACOES,*,2027-11-09,"DI + 1,5%",DI_MAIS,1.5,1.7229,1.3974,1.5878,0.06,1.5278,1.648,1061.487602,99.9154,246.74,0.9791,,
2026-10-06,RNDNA1,RANDON S.A. IMPLEMENTOS E PARTICIPACOES,*,2031-05-17,"DI + 1,17%",DI_MAIS,1.17,2.1,1.754,1.9368,0.0166,1.9202,1.9536,1031.416599,97.4978,843.28,3.3463,,
2026-10-06,RNDNA2,RANDON S.A. IMPLEMENTOS E PARTICIPACOES,*,2030-07-25,"DI + 0,85%",DI_MAIS,0.85,2.2475,1.7237,1.9722,0.0847,1.8875,2.057,994.278889,96.7348,754.02,2.9921,,
2026-10-06,RNDNB0,RANDON S.A. IMPLEMENTOS E PARTICIPACOES,*,2029-11-09,"DI + 1,69%",DI_MAIS,1.69,2.0,1.7239,1.8834,0.0334,1.85,1.9169,1058.965993,99.6011,529.89,2.1027,,
2026-10-06,RNDNB2,RANDON S.A. IMPLEMENTOS E PARTICIPACOES,*,2032-07-25,"DI + 1,1%",DI_MAIS,1.1,2.1659,1.4723,1.9221,0.1487,1.7734,2.0709,995.033795,96.7607,1020.54,4.0498,5.0,
2026-10-06,RODB11,RODOVIAS DO BRASIL HOLDING S.A.,*,2030-05-10,"DI + 4,25%",DI_MAIS,4.25,2.45,2.05,2.25,0.0,2.25,2.25,1516.1803,104.4109,565.49,2.244,,
2026-10-06,RSAN15,COMPANHIA RIOGRANDENSE DE SANEAMENTO - CORSAN,*,2026-12-05,"DI + 2,5%",DI_MAIS,2.5,3.4055,2.0561,2.4062,0.2921,2.1141,2.6985,1054.788036,100.0149,41.0,0.1627,,
2026-10-06,RSAN25,COMPANHIA RIOGRANDENSE DE SANEAMENTO - CORSAN,*,2028-12-05,"DI + 2,9%",DI_MAIS,2.9,2.7842,1.7876,2.4522,0.2699,2.1823,2.7221,1064.397387,100.792,456.04,1.8097,50.0,
2026-10-06,SAELA4,ENERGISA PARAIBA - DISTR.DE ENERGIA S/A,,2029-09-04,"DI + 0,8%",DI_MAIS,0.8,0.7314,0.4502,0.6062,0.047,0.5592,0.6533,1016.283466,100.4767,622.89,2.4718,,
2026-10-06,SAELB6,ENERGISA PARAIBA - DISTR.DE ENERGIA S/A,,2032-03-25,"DI + 0,95%",DI_MAIS,0.95,0.9431,0.6583,0.8,0.0,0.8,0.8,1009.854341,100.6007,1015.58,4.0301,,
2026-10-06,SAPRB1,COMPANHIA DE SANEAMENTO DO PARANA - SANEPAR,*;**,2027-01-15,"DI + 0,88%",DI_MAIS,0.88,0.8,0.6122,0.7378,0.0512,0.6866,0.789,516.454051,100.0381,68.0,0.2698,,
2026-10-06,SAPRB4,COMPANHIA DE SANEAMENTO DO PARANA - SANEPAR,*,2030-01-15,"DI + 1,05%",DI_MAIS,1.05,0.6624,0.3926,0.5195,0.0408,0.4787,0.5605,1047.440237,101.4062,669.17,2.6554,,
2026-10-06,SAPRC1,COMPANHIA DE SANEAMENTO DO PARANA - SANEPAR,*,2028-04-15,"DI + 1,9%",DI_MAIS,1.9,1.2794,0.7003,0.9083,0.0423,0.866,0.9507,1088.552734,101.2968,332.24,1.3184,35.0,
2026-10-06,SBFC13,SBF COMERCIO DE PRODUTOS ESPORTIVOS S.A.,,2027-04-29,"DI + 2,1%",DI_MAIS,2.1,0.9,0.5091,0.7513,0.07,0.6812,0.8214,358.964988,100.6831,129.04,0.5121,,
2026-10-06,SBIOA4,SMARTFIT ESCOLA DE GINASTICA E DANCA S/A,*,2031-03-15,"DI + 0,63%",DI_MAIS,0.63,0.8586,0.6308,0.7428,0.0525,0.6903,0.7954,1004.486774,99.6475,793.99,3.1508,,
2026-10-06,SBSPA1,CIA. DE SANEAMENTO BÁSICO DO ESTADO DE SP - SABESP,*,2029-02-20,"DI + 0,49%",DI_MAIS,0.49,0.5707,0.3,0.4547,0.04,0.4148,0.4948,1017.918878,100.0726,520.67,2.0662,,
2026-10-06,SBSPB1,CIA. DE SANEAMENTO BÁSICO DO ESTADO DE SP - SABESP,*,2031-02-20,"DI + 1,1%",DI_MAIS,1.1,0.6534,0.4262,0.5363,0.0225,0.5139,0.5589,1035.577282,101.7304,774.31,3.0727,,
2026-10-06,SBSPC1,CIA. DE SANEAMENTO BÁSICO DO ESTADO DE SP - SABESP,*,2034-02-20,"DI + 1,31%",DI_MAIS,1.31,0.7695,0.5281,0.6404,0.0514,0.589,0.6919,1048.108759,102.9343,1103.22,4.3779,,
2026-10-06,SBSPC3,CIA. DE SANEAMENTO BÁSICO DO ESTADO DE SP - SABESP,,2027-05-10,"DI + 0,63%",DI_MAIS,0.63,0.5043,0.2008,0.3615,0.078,0.2835,0.4395,353.386098,100.1452,136.85,0.5431,,
2026-10-06,SBSPD3,CIA. DE SANEAMENTO BÁSICO DO ESTADO DE SP - SABESP,*,2032-01-15,"DI + 0,51%",DI_MAIS,0.51,0.7088,0.4479,0.5792,0.07,0.5093,0.6493,1028.906259,99.7348,972.03,3.8573,,
2026-10-06,SBSPD7,CIA. DE SANEAMENTO BÁSICO DO ESTADO DE SP - SABESP,*,2032-11-14,"DI + 0,69%",DI_MAIS,0.69,0.7382,0.5275,0.6398,0.0194,0.6204,0.6593,1059.161279,100.1951,985.38,3.9102,,
2026-10-06,SBSPE7,CIA. DE SANEAMENTO BÁSICO DO ESTADO DE SP - SABESP,*,2035-11-14,"DI + 0,9%",DI_MAIS,0.9,0.8071,0.5932,0.7068,0.0478,0.6591,0.7547,1067.969782,100.9441,1237.63,4.9112,,
2026-10-06,SBSPL8,CIA. DE SANEAMENTO BÁSICO DO ESTADO DE SP - SABESP,*,2033-02-15,"DI + 0,64%",DI_MAIS,0.64,0.7958,0.5625,0.6737,0.0387,0.635,0.7125,1017.518421,99.8519,1115.52,4.4267,,
2026-10-06,SBSPM8,CIA. DE SANEAMENTO BÁSICO DO ESTADO DE SP - SABESP,*,2036-02-15,"DI + 0,72%",DI_MAIS,0.72,0.85,0.5628,0.7168,0.0567,0.6602,0.7736,1019.308689,100.0165,1310.39,5.2,,
2026-10-06,SIMH16,SIMPAR S.A.,*,2029-12-20,"DI + 3,2%",DI_MAIS,3.2,4.4415,3.3504,3.9407,0.2395,3.7011,4.1803,1030.881885,98.229,628.67,2.4947,15.0,
2026-10-06,SLFT13,SELF IT ACADEMIAS HOLDING S.A.,*;**,2029-12-20,"DI + 2,5%",DI_MAIS,2.5,2.3861,1.4,1.9012,0.0219,1.8793,1.9232,812.231321,100.8547,366.85,1.4558,,
2026-10-06,SMFT18,SMARTFIT ESCOLA DE GINASTICA E DANCA S/A,*,2030-10-20,"DI + 1,95%",DI_MAIS,1.95,1.5815,1.1007,1.3489,0.1639,1.185,1.5128,1090.020124,101.5982,676.86,2.686,,
2026-10-06,SMFTA0,SMARTFIT ESCOLA DE GINASTICA E DANCA S/A,*,2029-07-18,"DI + 1,1%",DI_MAIS,1.1,0.7753,0.5035,0.6297,0.027,0.6027,0.6568,1040.7128,100.9154,492.82,1.9556,,
2026-10-06,SMFTA1,SMARTFIT ESCOLA DE GINASTICA E DANCA S/A,*,2029-10-30,"DI + 0,89%",DI_MAIS,0.89,0.85,0.5209,0.684,0.0215,0.6625,0.7055,1067.947903,100.4304,529.7,2.102,,
2026-10-06,SMFTA2,SMARTFIT ESCOLA DE GINASTICA E DANCA S/A,*,2030-09-04,"DI + 0,65%",DI_MAIS,0.65,0.85,0.6151,0.72,0.0363,0.6838,0.7564,1009.365502,99.8051,706.89,2.8051,,
2026-10-06,SMFTA3,SMARTFIT ESCOLA DE GINASTICA E DANCA S/A,*,2030-10-09,"DI + 0,58%",DI_MAIS,0.58,0.8416,0.615,0.7319,0.019,0.7129,0.751,1066.012406,99.5916,683.1,2.7107,,
2026-10-06,SMFTA5,SMARTFIT ESCOLA DE GINASTICA E DANCA S/A,*,2031-08-20,"DI + 0,65%",DI_MAIS,0.65,0.7248,0.5376,0.6382,0.0377,0.6005,0.676,1017.789721,100.0397,853.3,3.3861,,
2026-10-06,SMFTB3,SMARTFIT ESCOLA DE GINASTICA E DANCA S/A,*,2032-10-09,"DI + 0,68%",DI_MAIS,0.68,1.0813,0.6033,0.8881,0.0369,0.8512,0.9252,1062.527048,99.2174,957.77,3.8007,,
2026-10-06,SMFTB5,SMARTFIT ESCOLA DE GINASTICA E DANCA S/A,*,2033-08-20,"DI + 0,75%",DI_MAIS,0.75,0.8015,0.593,0.73,0.0637,0.6663,0.7937,1018.407577,100.0878,1114.28,4.4217,,
2026-10-06,SMFTC3,SMARTFIT ESCOLA DE GINASTICA E DANCA S/A,*,2035-10-09,"DI + 0,95%",DI_MAIS,0.95,1.0635,0.735,0.9207,0.039,0.8818,0.9598,1073.811164,100.1391,1206.86,4.7891,,
2026-10-06,SMFTC5,SMARTFIT ESCOLA DE GINASTICA E DANCA S/A,*,2036-08-20,"DI + 1,05%",DI_MAIS,1.05,1.1488,0.8285,1.0026,0.0554,0.9472,1.0582,1020.444292,100.2501,1342.32,5.3267,,
2026-10-06,SNGO10,SANEAMENTO DE GOIÁS - SANEAGO,,2027-06-15,"DI + 1,55%",DI_MAIS,1.55,0.4226,0.19,0.2915,0.0083,0.2833,0.2999,253.207304,100.4209,84.95,0.3371,,
2026-10-06,SNGOA1,SANEAMENTO DE GOIÁS - SANEAGO,,2028-08-23,"DI + 2,25%",DI_MAIS,2.25,0.5223,0.2911,0.3926,0.0093,0.3833,0.4021,652.71233,101.6171,221.2,0.8778,,
2026-10-06,SNGOA2,SANEAMENTO DE GOIÁS - SANEAGO,,2029-07-15,"DI + 0,8%",DI_MAIS,0.8,0.6351,0.3727,0.5117,0.064,0.4477,0.5759,955.499479,100.3535,310.73,1.2331,,
2026-10-06,SNGOA3,SANEAMENTO DE GOIÁS - SANEAGO,,2030-04-15,"DI + 0,65%",DI_MAIS,0.65,0.7504,0.4197,0.591,0.0213,0.5698,0.6124,1009.095159,100.1035,444.76,1.7649,,
2026-10-06,STBP15,SANTOS BRASIL PARTICIPAÇÕES S/A,*,2029-08-15,"DI + 0,55%",DI_MAIS,0.55,0.8358,0.4892,0.6348,0.0541,0.5807,0.689,1016.82417,99.7961,609.93,2.4204,,
2026-10-06,STBP25,SANTOS BRASIL PARTICIPAÇÕES S/A,*,2031-08-15,"DI + 0,7%",DI_MAIS,0.7,0.8784,0.5,0.7,0.0,0.7,0.7,1019.112194,100.0,849.32,3.3703,,
2026-10-06,SUMI39,GIGA MAIS FIBRA TELECOMUNICACOES S.A.,*,2031-04-15,DI + 2%,DI_MAIS,2.0,5.4643,3.6505,4.5998,0.0835,4.5164,4.6834,1024.503777,95.2921,476.77,1.8919,,
2026-10-06,SUZBA1,SUZANO S.A.,*,2032-05-15,"DI + 0,8%",DI_MAIS,0.8,0.6629,0.3412,0.5,0.0,0.5,0.5,1068.527382,101.0941,921.21,3.6556,,
2026-10-06,SUZBB1,SUZANO S.A.,*,2034-05-15,DI + 1%,DI_MAIS,1.0,0.7014,0.4262,0.5705,0.0187,0.5517,0.5893,1078.44723,101.9524,1146.99,4.5515,,
2026-10-06,SVEA14,SOLVI ESSENCIS AMBIENTAL S.A.,*,2029-04-12,"DI + 3,1%",DI_MAIS,3.1,2.3156,1.5173,2.1037,0.2929,1.8108,2.3966,937.053203,101.0321,267.33,1.0608,45.0,
2026-10-06,SVEA15,SOLVI ESSENCIS AMBIENTAL S.A.,*,2032-06-06,"DI + 2,1%",DI_MAIS,2.1,2.0446,1.3931,1.7903,0.2712,1.5192,2.0616,1060.268482,100.7309,605.0,2.4008,35.0,
2026-10-06,SVEA16,SOLVI ESSENCIS AMBIENTAL S.A.,*,2035-11-12,"DI + 2,5%",DI_MAIS,2.5,3.5151,2.138,2.2292,0.0423,2.1869,2.2716,1077.570245,101.0835,1028.69,4.0821,,
2026-10-06,TAEEA1,TRANS. ALIANÇA DE ENERGIA ELÉTRICA S/A,,2028-05-15,"DI + 1,7%",DI_MAIS,1.7,0.5224,0.2848,0.4152,0.0132,0.402,0.4285,1079.675325,101.7891,351.79,1.396,,
2026-10-06,TAEEA5,TRANSMISSORA ALIANÇA DE ENERGIA ELÉTRICA S.A.,*,2029-03-15,"DI + 0,63%",DI_MAIS,0.63,0.4617,0.2946,0.3722,0.0119,0.3603,0.3842,1013.569173,100.5485,537.52,2.133,35.0,
2026-10-06,TAEEA6,TRANSMISSORA ALIANÇA DE ENERGIA ELÉTRICA S.A.,*,2031-09-15,"DI + 0,55%",DI_MAIS,0.55,0.5052,0.2054,0.3529,0.0123,0.3406,0.3653,1014.874091,100.6828,874.38,3.4698,,
2026-10-06,TAEEA9,TRANSMISSORA ALIANÇA DE ENERGIA ELÉTRICA S.A.,*,2032-10-23,"DI + 0,6%",DI_MAIS,0.6,0.5663,0.3643,0.4692,0.0809,0.3883,0.5502,1070.407787,100.5033,973.1,3.8615,,
2026-10-06,TAEEC1,TRANS. ALIANÇA DE ENERGIA ELÉTRICA S/A,,2027-01-15,"DI + 1,36%",DI_MAIS,1.36,0.4055,0.194,0.2913,0.0047,0.2866,0.2961,345.534955,100.2864,68.0,0.2698,5.0,
2026-10-06,TAEEE1,TRANS. ALIANÇA DE ENERGIA ELÉTRICA S/A,*,2033-03-15,"DI + 0,51%",DI_MAIS,0.51,0.556,0.2571,0.4,0.0,0.4,0.4,1012.702476,100.4697,1078.94,4.2815,,
2026-10-06,TAEEE2,TRANSMISSORA ALIANÇA DE ENERGIA ELÉTRICA S.A.,*;**,2028-01-03,"DI + 0,4%",DI_MAIS,0.4,0.35,0.0616,0.2164,0.0317,0.1846,0.2482,1037.06806,100.2254,310.0,1.2302,,
2026-10-06,TBSP12,TIM BRASIL SERVICOS E PARTICIPACOES S.A,*,2030-07-23,"DI + 0,7%",DI_MAIS,0.7,0.5603,0.3495,0.4731,0.0348,0.4383,0.5081,1034.802715,100.5959,664.07,2.6352,35.0,
2026-10-06,TBSP22,TIM BRASIL SERVICOS E PARTICIPACOES S.A,*,2032-07-23,"DI + 0,85%",DI_MAIS,0.85,0.65,0.4389,0.548,0.0075,0.5405,0.5555,1040.73086,101.1411,954.73,3.7886,35.0,
2026-10-06,TEPA14,BRASIL TECNOLOGIA E PARTICIPACAO S.A.,*,2030-12-04,"DI + 3,35%",DI_MAIS,3.35,,3.9615,4.1313,0.3146,3.8167,4.446,997.390787,98.4038,537.32,2.1322,,
2026-10-06,TFLE19,LOCALIZA FLEET S.A.,*,2030-05-28,"DI + 1,3%",DI_MAIS,1.3,1.2758,0.999,1.137,0.0359,1.101,1.173,1058.268679,100.4547,710.22,2.8183,15.0,
2026-10-06,TFLEA3,LOCALIZA FLEET S.A.,*,2028-12-20,"DI + 1,85%",DI_MAIS,1.85,1.4394,1.0473,1.2317,0.1239,1.1078,1.3557,1057.362662,101.1479,472.62,1.8755,,
2026-10-06,TFLEA4,LOCALIZA FLEET S.A.,*,2029-01-26,"DI + 1,85%",DI_MAIS,1.85,1.4549,1.0652,1.2734,0.1058,1.1676,1.3793,1041.471494,101.1281,498.19,1.9769,,
2026-10-06,TFLEA6,LOCALIZA FLEET S.A.,*,2031-12-11,"DI + 1,45%",DI_MAIS,1.45,1.3175,1.0189,1.1741,0.0175,1.1566,1.1917,1057.411405,100.8547,788.34,3.1283,10.0,
2026-10-06,TFLEA7,LOCALIZA FLEET S.A.,*,2031-02-10,"DI + 1,4%",DI_MAIS,1.4,1.2267,0.9575,1.0909,0.0439,1.047,1.1349,1031.44833,100.8246,678.35,2.6919,,
2026-10-06,TFLEA8,LOCALIZA FLEET S.A.,*,2030-06-20,"DI + 1,2%",DI_MAIS,1.2,1.2742,1.0,1.1574,0.0555,1.1019,1.213,1044.643771,100.1218,728.35,2.8903,50.0,
2026-10-06,TFLEA9,LOCALIZA FLEET S.A.,*,2032-09-09,"DI + 1,24%",DI_MAIS,1.24,1.3555,1.1672,1.2585,0.0829,1.1756,1.3415,1009.987646,99.931,952.43,3.7795,,
2026-10-06,TFLEB5,LOCALIZA FLEET S.A.,*,2030-11-04,"DI + 1,5%",DI_MAIS,1.5,1.2299,0.9954,1.1117,0.0193,1.0924,1.1311,1157.133442,100.8923,584.81,2.3207,,
2026-10-06,TFLEC0,LOCALIZA FLEET S.A.,*,2030-09-18,"DI + 0,91%",DI_MAIS,0.91,1.2572,0.8472,1.0428,0.0532,0.9896,1.096,1002.802644,99.6281,713.69,2.8321,,
2026-10-06,TFLED0,LOCALIZA FLEET S.A.,*,2032-09-18,"DI + 1,15%",DI_MAIS,1.15,1.3606,1.1986,1.3065,0.0622,1.2443,1.3688,1000.485029,99.3866,1002.22,3.9771,15.0,
2026-10-06,TFLEE1,LOCALIZA FLEET S.A.,*,2033-07-14,"DI + 1,25%",DI_MAIS,1.25,1.4257,1.2197,1.34,0.0401,1.2998,1.3802,1026.525918,99.622,1073.73,4.2608,,
2026-10-06,TIET19,AES TIETE ENERGIA S/A,*;**,2027-03-15,DI + 1%,DI_MAIS,1.0,0.7076,0.3574,0.5369,0.0447,0.4922,0.5817,216.764777,100.1953,107.0,0.4246,,
2026-10-06,TIGR12,TIGRE S.A PARTICIPACOES,*,2029-10-24,"DI + 0,6%",DI_MAIS,0.6,1.4855,1.1834,1.2926,0.1356,1.157,1.4283,1046.777163,98.3403,613.87,2.436,,
2026-10-06,TIGR21,TIGRE S.A PARTICIPACOES,*,2028-11-10,"DI + 1,7%",DI_MAIS,1.7,1.464,0.8866,1.2337,0.1037,1.1299,1.3375,1069.99051,100.6339,346.74,1.376,,
2026-10-06,TLPP27,TELEFÔNICA BRASIL S/A,*;**,2027-07-12,"DI + 1,35%",DI_MAIS,1.35,0.8,0.539,0.6722,0.0328,0.6394,0.7052,1039.805459,100.4821,180.63,0.7168,,
2026-10-06,TOTS16,TOTVS SA,*,2033-01-29,"DI + 0,59%",DI_MAIS,0.59,0.716,0.5,0.6168,0.0227,0.5941,0.6396,1025.208285,99.9046,902.37,3.5808,,
2026-10-06,TOTS17,TOTVS SA,*,2033-09-02,"DI + 0,59%",DI_MAIS,0.59,0.7085,0.4326,0.5727,0.0477,0.525,0.6206,1012.567986,100.0727,1065.44,4.2279,,
2026-10-06,TRES11,TRES TENTOS AGROINDUSTRIAL S.A,*,2029-04-05,"DI + 2,1%",DI_MAIS,2.1,1.8,1.5171,1.6728,0.0257,1.647,1.6986,1009.695166,100.9099,544.61,2.1612,,
2026-10-06,TRPLA3,ISA ENERGIA BRASIL S.A.,*,2030-03-15,"DI + 1,5%",DI_MAIS,1.5,1.182,0.7428,0.9882,0.1864,0.8018,1.1747,1022.964746,101.4286,707.75,2.8085,,
2026-10-06,TRPLA5,ISA ENERGIA BRASIL S.A.,*,2029-03-15,"DI + 0,73%",DI_MAIS,0.73,0.6437,0.3254,0.5529,0.1158,0.4371,0.6689,1011.885676,100.3756,536.94,2.1307,,
2026-10-06,TRPLA6,ISA ENERGIA BRASIL S.A.,*,2031-05-20,"DI + 0,8%",DI_MAIS,0.8,0.8103,0.4548,0.6611,0.117,0.5441,0.7782,1059.705065,100.4296,783.81,3.1104,,
2026-10-06,TRPLB5,ISA ENERGIA BRASIL S.A.,*,2031-03-17,"DI + 0,8%",DI_MAIS,0.8,0.8,0.3999,0.6601,0.123,0.5372,0.7832,1012.553942,100.4377,792.77,3.1459,,
2026-10-06,TSSG13,TRANSPORTADORA ASSOCIADA DE GAS S.A. - TAG,*,2029-06-20,"DI + 0,98%",DI_MAIS,0.98,0.7,0.2531,0.49,0.0381,0.4519,0.5282,1054.154437,101.0987,566.49,2.248,,
2026-10-06,TSSG14,TRANSPORTADORA ASSOCIADA DE GAS S.A. - TAG,*,2030-05-20,"DI + 0,67%",DI_MAIS,0.67,0.55,0.25,0.4039,0.012,0.3919,0.416,848.166366,100.5272,501.16,1.9887,,
2026-10-06,TUPW11,TUPI ENERGIAS RENOVAVEIS S.A,*,2034-10-15,"DI + 2,9%",DI_MAIS,2.9,8.4902,4.5644,6.3967,0.5848,5.8119,6.9815,957.054517,90.456,736.5,2.9226,,
2026-10-06,TUPY15,TUPY S/A,*,2029-07-17,"DI + 0,87%",DI_MAIS,0.87,2.75,1.3254,2.0503,0.251,1.7993,2.3013,1003.847986,97.3347,584.28,2.3186,,
2026-10-06,TUPY25,TUPY S/A,*,2031-07-17,DI + 1%,DI_MAIS,1.0,2.9535,2.4276,2.7799,0.1199,2.66,2.8999,974.740182,94.4853,813.75,3.2292,5.0,
2026-10-06,TUPY35,TUPY S/A,*,2034-07-17,"DI + 1,18%",DI_MAIS,1.18,3.0,1.5614,2.1869,0.6109,1.5761,2.7979,987.619502,95.6958,1112.21,4.4135,,
2026-10-06,UNIP18,UNIPAR CARBOCLORO S/A,*,2030-10-16,"DI + 2,05%",DI_MAIS,2.05,1.6198,1.2779,1.4815,0.0683,1.4132,1.5498,1090.814041,101.4994,672.46,2.6685,,
2026-10-06,UNIP19,UNIPAR CARBOCLORO S/A,*,2029-09-05,"DI + 0,85%",DI_MAIS,0.85,1.4819,1.0362,1.2902,0.1472,1.1429,1.4375,1000.12168,98.9292,622.58,2.4706,,
2026-10-06,UNIP29,UNIPAR CARBOCLORO S/A,*,2031-09-05,"DI + 1,2%",DI_MAIS,1.2,1.7454,1.3532,1.4872,0.0975,1.3897,1.5849,1001.533506,99.0416,855.63,3.3954,,
2026-10-06,UNIP39,UNIPAR CARBOCLORO S/A,*,2034-09-05,"DI + 1,65%",DI_MAIS,1.65,1.7882,1.4021,1.5974,0.0041,1.5932,1.6016,1013.973733,100.2365,1150.43,4.5652,,
2026-10-06,UNIPA0,UNIPAR CARBOCLORO S/A,*,2032-07-18,DI + 1%,DI_MAIS,1.0,1.7503,1.3879,1.5823,0.0495,1.5328,1.6319,1008.738082,97.836,956.58,3.796,,
2026-10-06,UNIPB0,UNIPAR CARBOCLORO S/A,*,2035-07-18,"DI + 1,35%",DI_MAIS,1.35,2.0823,1.4463,1.7233,0.2254,1.4979,1.9488,1013.697919,98.2429,1211.46,4.8074,,
2026-10-06,UNIPC0,UNIPAR CARBOCLORO S/A,*,2032-07-18,"DI + 1,15%",DI_MAIS,1.15,1.6552,1.3369,1.498,0.0282,1.4698,1.5264,1017.562861,98.66,988.57,3.9229,,
2026-10-06,UQFN14,UNIÃO QUÍMICA FARMACÊUTICA NACIONAL S/A,,2026-10-15,"DI + 1,9%",DI_MAIS,1.9,1.35,0.55,0.9402,0.0205,0.9196,0.9608,100.768062,100.0225,6.0,0.0238,,
2026-10-06,UQFN15,UNIÃO QUÍMICA FARMACÊUTICA NACIONAL S/A,*,2031-06-13,"DI + 1,3%",DI_MAIS,1.3,2.4646,1.8911,2.1656,0.1116,2.0541,2.2773,1021.816824,97.6209,711.23,2.8223,5.0,
2026-10-06,USIM28,USINAS SIDERURGICAS DE MINAS GERAIS S/A - USIMINAS,*,2029-05-23,"DI + 1,7%",DI_MAIS,1.7,1.4184,1.1188,1.2545,0.021,1.2334,1.2756,1065.18885,100.786,449.71,1.7846,,
2026-10-06,USIM29,USINAS SIDERURGICAS DE MINAS GERAIS S/A - USIMINAS,*,2029-12-09,"DI + 1,65%",DI_MAIS,1.65,1.4464,1.1085,1.2946,0.0301,1.2645,1.3248,1058.458382,100.7691,551.64,2.189,,
2026-10-06,USIM39,USINAS SIDERURGICAS DE MINAS GERAIS S/A - USIMINAS,*,2032-12-09,"DI + 1,95%",DI_MAIS,1.95,1.5984,1.2444,1.4279,0.0479,1.38,1.4759,1071.107764,101.8733,913.23,3.6239,,
2026-10-06,USIMA0,USINAS SIDERURGICAS DE MINAS GERAIS S/A - USIMINAS,*,2029-09-19,"DI + 1,35%",DI_MAIS,1.35,1.4316,1.15,1.2583,0.0681,1.1902,1.3265,1008.465271,100.2262,628.97,2.4959,5.0,
2026-10-06,USIMB0,USINAS SIDERURGICAS DE MINAS GERAIS S/A - USIMINAS,*,2031-09-19,"DI + 1,5%",DI_MAIS,1.5,1.5439,1.1992,1.3939,0.0398,1.3542,1.4338,1009.863696,100.3587,862.91,3.4242,15.0,
2026-10-06,VAMO13,"VAMOS LOCACAO DE CAMINHOES, MAQUINAS E EQUIPAMENTOS S.A.",*,2029-06-15,"DI + 2,3%",DI_MAIS,2.3,3.6328,1.4893,2.6638,0.1186,2.5452,2.7825,1044.654595,99.4919,361.26,1.4336,,
2026-10-06,VAMO14,"VAMOS LOCACAO DE CAMINHOES, MAQUINAS E EQUIPAMENTOS S.A.",*,2028-10-15,"DI + 2,4%",DI_MAIS,2.4,3.7545,2.9175,3.46,0.4333,3.0268,3.8934,1067.534343,99.1096,218.04,0.8652,45.0,
2026-10-06,VAMO17,"VAMOS LOCACAO DE CAMINHOES, MAQUINAS E EQUIPAMENTOS S.A.",,2028-06-15,"DI + 2,17%",DI_MAIS,2.17,,,2.212,0.9977,1.2143,3.2099,524.463896,99.9393,372.53,1.4783,,
2026-10-06,VAMO23,"VAMOS LOCACAO DE CAMINHOES, MAQUINAS E EQUIPAMENTOS S.A.",*,2031-06-15,"DI + 2,75%",DI_MAIS,2.75,3.9502,2.5489,3.3362,0.1852,3.151,3.5215,1035.039897,98.439,695.61,2.7604,35.0,
2026-10-06,VAMO24,"VAMOS LOCACAO DE CAMINHOES, MAQUINAS E EQUIPAMENTOS S.A.",*,2031-10-15,"DI + 2,8%",DI_MAIS,2.8,4.2883,3.504,3.8719,0.3009,3.571,4.1729,1047.482868,97.0677,719.93,2.8569,,
2026-10-06,VAMOA0,"VAMOS LOCACAO DE CAMINHOES, MAQUINAS E EQUIPAMENTOS S.A.",*,2029-02-21,"DI + 2,35%",DI_MAIS,2.35,3.8964,2.9883,3.5394,0.2797,3.2597,3.8193,999.717138,98.1143,414.67,1.6455,10.0,
2026-10-06,VAMOA1,"VAMOS LOCACAO DE CAMINHOES, MAQUINAS E EQUIPAMENTOS S.A.",*,2029-06-25,"DI + 2,35%",DI_MAIS,2.35,3.9788,2.4093,3.1362,0.0873,3.0489,3.2236,1030.198484,98.5882,467.7,1.856,,
2026-10-06,VBBR15,VIBRA ENERGIA S.A,*,2029-10-03,"DI + 1,5%",DI_MAIS,1.5,1.1115,0.7908,0.9321,0.0956,0.8365,1.0278,1012.796852,101.2223,546.03,2.1668,,
2026-10-06,VBBR16,VIBRA ENERGIA S.A,*,2031-04-05,"DI + 1,07%",DI_MAIS,1.07,0.8677,0.6092,0.746,0.0329,0.7131,0.779,1010.859087,101.0303,805.11,3.1949,,
2026-10-06,VBBR17,VIBRA ENERGIA S.A,*,2031-06-14,"DI + 1,18%",DI_MAIS,1.18,0.8697,0.68,0.7768,0.0374,0.7395,0.8143,1059.622355,101.2708,797.97,3.1665,,
2026-10-06,VBBR18,VIBRA ENERGIA S.A,*,2032-01-08,"DI + 1,05%",DI_MAIS,1.05,0.8781,0.7122,0.8262,0.0368,0.7894,0.8631,1043.280516,100.7178,813.49,3.2281,40.0,
2026-10-06,VBBR24,VIBRA ENERGIA S.A,*,2031-11-16,"DI + 1,75%",DI_MAIS,1.75,1.2439,0.7599,0.9968,0.0659,0.9309,1.0628,1168.187336,102.1963,739.29,2.9337,,
2026-10-06,VBBR26,VIBRA ENERGIA S.A,*,2034-04-05,"DI + 1,25%",DI_MAIS,1.25,0.9858,0.8,0.9005,0.0075,0.8931,0.9081,1016.198394,101.5632,1132.62,4.4945,,
2026-10-06,VEBMA6,VOTORANTIM CIMENTOS S/A,*,2030-12-20,"DI + 1,48%",DI_MAIS,1.48,1.375,1.1277,1.2713,0.011,1.2603,1.2824,1051.083539,100.6562,801.07,3.1788,,
2026-10-06,VEBMA8,VOTORANTIM CIMENTOS S/A,*,2032-04-16,"DI + 0,67%",DI_MAIS,0.67,0.7586,0.4489,0.6125,0.034,0.5785,0.6466,1070.156533,100.2195,967.27,3.8384,,
2026-10-06,VEBMA9,VOTORANTIM CIMENTOS S/A,*,2033-01-25,"DI + 0,6%",DI_MAIS,0.6,0.7948,0.4613,0.6154,0.0416,0.5738,0.657,1063.155356,99.9355,1062.32,4.2156,,
2026-10-06,VEBMB0,VOTORANTIM CIMENTOS S/A,*,2033-03-20,"DI + 0,64%",DI_MAIS,0.64,0.7771,0.5,0.6099,0.0515,0.5585,0.6615,1007.243416,100.1354,1140.48,4.5257,,
2026-10-06,VERO14,VERO S.A.,*,2029-10-15,"DI + 1,75%",DI_MAIS,1.75,,,,,,,911.35737,84.8671,,,,
2026-10-06,VIVA11,VIVARA PARTICIPACOES S.A.,*,2030-08-27,"DI + 0,7%",DI_MAIS,0.7,0.7477,0.481,0.6321,0.0158,0.6162,0.648,1016.589715,100.1877,700.57,2.78,,
2026-10-06,VIXL15,VIX LOGÍSTICA S/A,,2026-10-26,"DI + 2,15%",DI_MAIS,2.15,1.2107,0.7544,0.9655,0.0765,0.8889,1.0421,535.902707,100.0602,13.0,0.0516,,
2026-10-06,VIXL18,VIX LOGÍSTICA S/A,*,2030-06-11,DI + 2%,DI_MAIS,2.0,1.2,0.8946,1.0659,0.0221,1.0438,1.0881,1071.419977,102.0112,546.67,2.1693,,
2026-10-06,VIXL19,VIX LOGÍSTICA S/A,*,2031-10-15,"DI + 1,25%",DI_MAIS,1.25,1.3481,1.1018,1.2267,0.0409,1.1858,1.2677,1072.081189,100.0685,749.63,2.9747,,
2026-10-06,VIXL25,VIX LOGÍSTICA S/A,,2028-10-26,"DI + 2,5%",DI_MAIS,2.5,1.2455,0.7492,1.0688,0.0686,1.0001,1.1375,1086.533459,101.2797,228.98,0.9087,,
2026-10-06,VIXL26,VIX LOGÍSTICA S/A,,2028-09-29,"DI + 2,8%",DI_MAIS,2.8,1.2466,0.7772,1.075,0.0946,0.9804,1.1697,1022.238036,101.9088,282.13,1.1196,,
2026-10-06,VIXL35,VIX LOGÍSTICA S/A,,2026-10-26,"DI + 2,15%",DI_MAIS,2.15,1.324,0.75,1.0382,0.0195,1.0187,1.0578,535.882808,100.0565,13.0,0.0516,,
2026-10-06,VIXL45,VIX LOGÍSTICA S/A,,2028-10-26,"DI + 2,5%",DI_MAIS,2.5,1.2699,0.6828,1.0444,0.0557,0.9886,1.1002,1086.771892,101.3019,229.02,0.9088,,
2026-10-06,VLIDA0,VALID SOLUCOES S/A,*,2029-04-26,"DI + 1,95%",DI_MAIS,1.95,1.4614,0.8886,1.2646,0.1306,1.134,1.3954,1078.146491,100.7407,276.2,1.096,,
2026-10-06,VLIDA1,VALID SOLUCOES S/A,*,2030-12-15,DI + 1%,DI_MAIS,1.0,1.7184,0.9935,1.4932,0.1467,1.3465,1.64,1032.872402,98.77,639.38,2.5372,,
2026-10-06,VLIDB1,VALID SOLUCOES S/A,*,2032-12-15,"DI + 1,2%",DI_MAIS,1.2,1.9349,0.98,1.6274,0.2756,1.3518,1.9031,1030.289144,98.4611,925.43,3.6723,,
2026-10-06,VLME11,VRENTAL LOCACAO DE MAQUINAS E EQUIPAMENTOS S.A.,*;**,2030-10-06,DI + 3%,DI_MAIS,3.0,,,,,,,772.03072,96.875,,,,
2026-10-06,VLME12,VRENTAL LOCACAO DE MAQUINAS E EQUIPAMENTOS S.A.,*,2030-10-06,DI + 3%,DI_MAIS,3.0,,,,,,,860.671569,96.875,,,,
2026-10-06,VVEO15,CM HOSPITALAR S.A.,*;**,2034-01-30,"DI + 1,6%",DI_MAIS,1.6,,,,,,,705.669908,68.6633,,,,
2026-10-06,VVEO16,CM HOSPITALAR S.A.,*;**,2034-01-30,"DI + 1,6%",DI_MAIS,1.6,,,,,,,705.669908,68.6633,,,,
2026-10-06,WIZC12,WIZ SOLUCOES E CORRETAGEM DE SEGUROS S.A.,*,2030-01-29,"DI + 1,95%",DI_MAIS,1.95,2.3,1.8,2.0491,0.0025,2.0466,2.0517,1027.266482,99.8495,390.62,1.5501,,
2026-10-06,YDUQ17,YDUQS PARTICIPACOES S.A,*,2027-11-29,"DI + 0,78%",DI_MAIS,0.78,0.75,0.4293,0.5906,0.0195,0.5711,0.6102,1052.980293,100.1952,261.26,1.0367,,
2026-10-06,YDUQ18,YDUQS PARTICIPACOES S.A,*;**,2030-06-02,"DI + 0,85%",DI_MAIS,0.85,0.891,0.6045,0.7682,0.0225,0.7457,0.7907,1007.313923,100.2418,750.19,2.9769,,
2026-10-06,YDUQA0,YDUQS PARTICIPACOES S.A,*,2029-04-10,"DI + 1,25%",DI_MAIS,1.25,0.8666,0.544,0.7096,0.0788,0.6308,0.7885,1082.913967,100.9003,422.42,1.6763,,
2026-10-06,YDUQA1,YDUQS PARTICIPACOES S.A,*,2031-11-29,"DI + 1,05%",DI_MAIS,1.05,0.9,0.62,0.7741,0.1005,0.6736,0.8748,1061.796101,100.9376,861.04,3.4168,,
2026-10-06,YDUQA2,YDUQS PARTICIPACOES S.A,*,2029-12-23,"DI + 0,7%",DI_MAIS,0.7,0.9436,0.6038,0.7612,0.0422,0.719,0.8034,1039.614961,99.8419,656.0,2.6032,,
2026-10-06,YDUQA3,YDUQS PARTICIPACOES S.A,*,2031-08-25,"DI + 0,8%",DI_MAIS,0.8,0.95,0.803,0.859,0.0526,0.8064,0.9117,1013.164241,99.7848,927.79,3.6817,5.0,
2026-10-06,BHIAA0,GRUPO CASAS BAHIA S.A.,*;**,2050-11-28,100% do DI,PCT_DI,100.0,,,,,,,0.375375,27.0,,,,
2026-10-06,BHIAC0,GRUPO CASAS BAHIA S.A.,*;**,2050-11-28,100% do DI,PCT_DI,100.0,,,,,,,0.363099,26.3333,,,,
2026-10-06,KLBNA2,KLABIN S/A,,2029-03-19,"114,65% do DI",PCT_DI,114.65,104.0,101.94,102.9986,0.017,102.9815,103.0157,10247.488279,101.8208,330.02,1.3096,,
2026-10-06,RADL14,RAIA DROGASIL S/A,*;**,2027-06-17,"106,99% do DI",PCT_DI,106.99,104.9212,101.9983,103.4873,0.2408,103.2465,103.7281,523.593492,100.2789,163.74,0.6498,,
2026-10-06,UNDAC3,UNIDAS S/A,*,2029-04-10,112% do DI,PCT_DI,112.0,109.606,106.0,107.83,0.145,107.6851,107.9751,1083.924491,100.8239,421.04,1.6708,,
2026-10-06,CVRDA6,VALE S/A,,2100-01-01,IGP-M,IGPM,,,,,,,,39.82,,,,,
2026-10-06,ACRC21,ATLAS LUIZ CARLOS COMERCIALIZADORA DE ENERGIA S.A.,*,2044-07-15,"IPCA + 7,415%",IPCA_MAIS,7.415,7.9487,7.7233,7.7922,0.0671,7.7251,7.8595,1189.368203,97.6068,1730.84,6.8684,,2035-05-15
2026-10-06,AEAB11,AES CAJUINA AB1 HOLDINGS S.A.,*,2044-06-15,"IPCA + 7,0718%",IPCA_MAIS,7.0718,7.669,7.5399,7.6094,0.0435,7.5658,7.653,1196.646814,96.3055,1877.39,7.45,45.0,2037-05-15
2026-10-06,AESLA5,RGE SUL DISTRIBUIDORA DE ENERGIA S/A,*,2033-10-15,"IPCA + 6,1774%",IPCA_MAIS,6.1774,7.1924,6.9228,7.0631,0.0993,6.9638,7.1625,1128.678253,95.9843,1239.32,4.9179,,2032-08-15
2026-10-06,AESLA7,RGE SUL DISTRIBUIDORA DE ENERGIA S/A,*,2034-04-15,"IPCA + 6,1409%",IPCA_MAIS,6.1409,7.2923,6.9585,7.1823,0.1323,7.0499,7.3147,1086.865665,94.9834,1322.81,5.2492,,2033-05-15
2026-10-06,AESLA9,RGE SUL DISTRIBUIDORA DE ENERGIA S/A,*,2035-05-15,"IPCA + 6,9249%",IPCA_MAIS,6.9249,7.3021,6.9567,7.1183,0.2061,6.9121,7.3245,1070.638027,98.9469,1474.88,5.8527,35.0,2033-05-15
2026-10-06,AESLB0,RGE SUL DISTRIBUIDORA DE ENERGIA S/A,*,2035-09-15,"IPCA + 6,8967%",IPCA_MAIS,6.8967,7.4365,7.1139,7.2733,0.131,7.1423,7.4045,1025.065967,97.8449,1558.26,6.1836,,2035-05-15
2026-10-06,AESLB7,RGE SUL DISTRIBUIDORA DE ENERGIA S/A,*,2039-04-15,"IPCA + 6,2031%",IPCA_MAIS,6.2031,7.4782,7.196,7.3769,0.0786,7.2982,7.4556,1047.566428,91.5234,2007.46,7.9661,,2037-05-15
2026-10-06,AESLC2,RGE SUL DISTRIBUIDORA DE ENERGIA S/A,*,2033-03-15,"IPCA + 6,5243%",IPCA_MAIS,6.5243,7.2497,6.9663,7.1172,0.2236,6.8936,7.3409,1000.472951,97.0925,1337.19,5.3063,40.0,2033-05-15
2026-10-06,AESLD2,RGE SUL DISTRIBUIDORA DE ENERGIA S/A,*,2036-03-15,"IPCA + 6,458%",IPCA_MAIS,6.458,7.3321,7.0473,7.2129,0.1686,7.0443,7.3816,983.656828,95.4641,1648.97,6.5435,5.0,2035-05-15
2026-10-06,AESOA1,AES TIETE ENERGIA S/A,*,2038-03-15,"IPCA + 6,4966%",IPCA_MAIS,6.4966,7.6154,7.3103,7.4634,0.0992,7.3642,7.5627,1067.485986,95.2318,1351.1,5.3615,,2033-05-15
2026-10-06,AGEO15,AGEO TERMINAIS E ARMAZENS GERAIS S/A,*,2037-06-15,"IPCA + 7,6056%",IPCA_MAIS,7.6056,7.1308,6.8582,7.0029,0.104,6.8989,7.107,1117.29526,103.9454,1744.13,6.9212,,2035-05-15
2026-10-06,AGIZ11,AGUAS DA IMPERATRIZ S.A.,,2047-03-15,"IPCA + 7,7322%",IPCA_MAIS,7.7322,8.0799,7.5818,7.8329,0.1489,7.684,7.9818,1041.625428,99.2282,2086.39,8.2793,,2037-05-15
2026-10-06,AHGD13,ATHON GERACAO DISTRIBUIDA S/A,*,2041-09-15,"IPCA + 7,3293%",IPCA_MAIS,7.3293,7.8993,7.6986,7.7624,0.1339,7.6285,7.8964,0.981259,97.6531,1475.07,5.8535,,2033-05-15
2026-10-06,ALGAB1,ALGAR TELECOM S/A,*,2031-07-15,"IPCA + 4,9999%",IPCA_MAIS,4.9999,8.1604,7.9199,8.0334,0.2061,7.8273,8.2396,1210.508469,90.8037,849.08,3.3694,35.0,2030-08-15
2026-10-06,ALGAC2,ALGAR TELECOM S/A,*,2032-01-15,"IPCA + 5,8806%",IPCA_MAIS,5.8806,8.1319,7.9555,8.0694,0.1974,7.872,8.2669,1171.910812,92.6372,937.62,3.7207,,2031-05-15
2026-10-06,ALGE16,ALIANCA GERACAO DE ENERGIA S.A,*,2037-11-15,"IPCA + 6,1451%",IPCA_MAIS,6.1451,,6.8405,7.0258,0.3358,6.69,7.3617,1023.202027,95.7457,1315.2,5.219,5.0,2033-05-15
2026-10-06,ALGTA4,ALGAR TELECOM S/A,*,2033-11-15,"IPCA + 6,3243%",IPCA_MAIS,6.3243,8.2589,8.018,8.098,0.1382,7.9598,8.2362,1081.345175,92.6355,1157.72,4.5941,35.0,2032-08-15
2026-10-06,ALIG12,ALIANCA GERACAO DE ENERGIA S.A,,2029-12-15,"IPCA + 3,65%",IPCA_MAIS,3.65,6.7904,6.5959,6.7536,0.2406,6.5131,6.9943,662.211988,95.7951,363.43,1.4422,,2028-08-15
2026-10-06,ALIG13,ALIANCA GERACAO DE ENERGIA S.A,*;**,2035-02-15,IPCA + 4%,IPCA_MAIS,4.0,,6.6927,6.9211,0.3253,6.5958,7.2465,846.679753,89.4901,990.74,3.9315,,2031-05-15
2026-10-06,ALIG15,ALIANCA GERACAO DE ENERGIA S.A,*,2036-04-15,"IPCA + 6,1305%",IPCA_MAIS,6.1305,6.9675,6.7552,6.9626,0.281,6.6817,7.2437,1018.725529,96.5222,1134.86,4.5034,,2032-08-15
2026-10-06,ALUP18,ALUPAR INVESTIMENTO S/A,*,2034-10-15,"IPCA + 6,4986%",IPCA_MAIS,6.4986,6.852,6.6398,6.748,0.2434,6.5047,6.9915,1112.870756,98.7098,1397.46,5.5455,35.0,2033-05-15
2026-10-06,ANET11,AMERICA NET S.A.,*,2029-03-15,"IPCA + 5,6006%",IPCA_MAIS,5.6006,,,,,,,,,,,,
2026-10-06,ANET12,AMERICA NET S.A.,*,2030-11-15,"IPCA + 8,9619%",IPCA_MAIS,8.9619,,,,,,,1004.572779,81.3127,,,35.0,
2026-10-06,ANHBB6,CONCESSIONÁRIA DO SISTEMA ANHANGUERA-BANDEIRANTES S/A,*,2037-07-15,"IPCA + 7,0457%",IPCA_MAIS,7.0457,7.2072,6.8721,7.0435,0.1354,6.9081,7.1789,1064.787397,100.0135,1650.09,6.548,,2035-05-15
2026-10-06,APFD19,AUTOPISTA FERNAO DIAS S/A,*,2031-09-15,"IPCA + 6,3854%",IPCA_MAIS,6.3854,8.2402,,7.3593,0.2186,7.1406,7.578,1061.55489,97.5863,673.37,2.6721,,2029-05-15
2026-10-06,APPSA2,AUTOPISTA PLANALTO SUL S/A,*,2031-09-15,"IPCA + 6,78%",IPCA_MAIS,6.78,9.3815,8.9652,8.9822,0.629,8.3532,9.6114,1063.771052,93.8809,775.8,3.0786,,2030-08-15
2026-10-06,APRB18,AUTOPISTA REGIS BITTENCOURT S/A,,2031-06-15,"IPCA + 4,5%",IPCA_MAIS,4.5,8.0276,7.754,7.9921,0.3452,7.647,8.3374,1295.049022,90.9058,723.22,2.8699,,2029-05-15
2026-10-06,ARTR19,ARTERIS S/A,*;**,2027-09-15,"IPCA + 4,8392%",IPCA_MAIS,4.8392,10.3396,9.8008,10.0162,0.0986,9.9175,10.1149,676.980878,95.6583,232.03,0.9208,,2027-05-15
2026-10-06,ARTRA7,ARTERIS S/A,*,2035-05-15,"IPCA + 7,7%",IPCA_MAIS,7.7,9.7858,9.3688,9.6864,0.2619,9.4246,9.9484,977.968129,90.1983,1406.39,5.5809,,2033-05-15
2026-10-06,ARTRA8,ARTERIS S/A,*,2032-10-15,"IPCA + 8,2857%",IPCA_MAIS,8.2857,9.941,9.4967,9.7637,0.309,9.4547,10.0728,1020.703992,94.2891,1087.31,4.3147,50.0,2031-05-15
2026-10-06,ASAB11,ASA BRANCA HOLDING S.A.,*,2033-06-15,"IPCA + 6,25%",IPCA_MAIS,6.25,10.7826,10.0675,10.4199,0.1179,10.3019,10.5379,819.438569,88.5174,779.25,3.0923,,2030-08-15
2026-10-06,ASCP13,CONCESS. ROD. A. S. E C. PINTO S/A - ECOPISTAS,*,2030-03-15,"IPCA + 7,55%",IPCA_MAIS,7.55,7.8395,7.5929,7.763,0.2296,7.5333,7.9927,903.124396,99.6029,506.49,2.0099,,2028-08-15
2026-10-06,ASCP23,CONCESS. ROD. A. S. E C. PINTO S/A - ECOPISTAS,*,2035-03-15,"IPCA + 8,15%",IPCA_MAIS,8.15,8.2507,8.0118,8.1113,0.1074,8.0039,8.2188,1170.269018,100.1862,1310.18,5.1991,,2033-05-15
2026-10-06,ASER12,AGUAS DO SERTAO S.A.,*,2043-12-15,"IPCA + 8,4051%",IPCA_MAIS,8.4051,,,,,,,,,,,,2035-05-15
2026-10-06,ASSR21,ASSURUA 5 ENERGIA S.A,*,2041-06-15,"IPCA + 7,1071%",IPCA_MAIS,7.1071,8.6484,8.3598,8.4942,0.186,8.3081,8.6803,877.689532,92.023,1595.46,6.3312,35.0,2035-05-15
2026-10-06,ATHT11,ATHON GERACAO DISTRIBUIDA III S.A.,*,2041-09-15,"IPCA + 7,3293%",IPCA_MAIS,7.3293,7.9853,7.7304,7.7931,0.116,7.677,7.9092,0.979627,97.4907,1473.92,5.8489,,2033-05-15
2026-10-06,ATII12,ATHON GERACAO DISTRIBUIDA II S.A.,*,2041-09-15,"IPCA + 7,3293%",IPCA_MAIS,7.3293,7.9785,7.7496,7.762,0.1161,7.646,7.8782,0.981281,97.6553,1475.09,5.8535,,2033-05-15
2026-10-06,AURE12,AUREN ENERGIA S.A.,*,2034-04-15,"IPCA + 6,298%",IPCA_MAIS,6.298,7.6133,7.2105,7.4421,0.1253,7.3168,7.5676,1084.588009,94.5414,1315.09,5.2186,10.0,2033-05-15
2026-10-06,AURP12,AUREN PARTICIPACOES S.A.,*,2035-04-15,"IPCA + 7,4515%",IPCA_MAIS,7.4515,7.6224,7.3564,7.4576,0.123,7.3346,7.5808,1095.210659,99.9678,1430.79,5.6777,15.0,2033-05-15
2026-10-06,AURP13,AUREN PARTICIPACOES S.A.,*,2037-07-15,"IPCA + 6,9164%",IPCA_MAIS,6.9164,7.7441,7.4219,7.6301,0.099,7.5311,7.7291,1013.977323,95.3858,1779.9,7.0631,35.0,2035-05-15
2026-10-06,AXIA18,CENTRAIS ELETRICAS BRASILEIRAS S/A ELETROBRAS,*,2033-02-15,"IPCA + 6,8%",IPCA_MAIS,6.8,7.2363,6.9678,7.1098,0.0751,7.0347,7.1851,1024.834045,98.5028,1311.14,5.2029,35.0,2033-05-15
2026-10-06,AXIA19,CENTRAIS ELETRICAS BRASILEIRAS S/A ELETROBRAS,*,2036-06-15,"IPCA + 8,0036%",IPCA_MAIS,8.0036,7.3222,7.0594,7.2044,0.0583,7.1461,7.2628,1072.835273,104.8058,1600.9,6.3528,35.0,2035-05-15
2026-10-06,AXIA28,CENTRAIS ELETRICAS BRASILEIRAS S/A ELETROBRAS,*,2036-02-15,"IPCA + 6,7116%",IPCA_MAIS,6.7116,7.3122,7.0619,7.1391,0.0916,7.0476,7.2308,1011.534842,97.2357,1762.09,6.9924,50.0,2035-05-15
2026-10-06,AXIA38,CENTRAIS ELETRICAS BRASILEIRAS S/A ELETROBRAS,*,2041-02-15,"IPCA + 6,6752%",IPCA_MAIS,6.6752,7.1622,6.9178,7.0467,0.0651,6.9816,7.1119,1008.443497,96.9431,2240.73,8.8918,,2040-08-15
2026-10-06,AXIAA1,CENTRAIS ELETRICAS BRASILEIRAS S/A ELETROBRAS,*,2036-07-15,"IPCA + 7,9537%",IPCA_MAIS,7.9537,7.2782,7.0594,7.1888,0.1211,7.0677,7.31,1064.793195,104.6607,1622.38,6.438,5.0,2035-05-15
2026-10-06,BARU11,BARUERI ENERGIA RENOVAVEL S.A.,*,2043-03-15,"IPCA + 7,7959%",IPCA_MAIS,7.7959,,7.5017,7.8458,0.0906,7.7552,7.9365,1292.333774,99.6625,1839.44,7.2994,50.0,2037-05-15
2026-10-06,BCPSA5,CLARO S/A,,2029-03-15,"IPCA + 5,7687%",IPCA_MAIS,5.7687,6.7871,6.4684,6.6635,0.1677,6.4958,6.8312,1100.41018,98.0973,574.46,2.2796,50.0,2029-05-15
2026-10-06,BCPSA7,CLARO S/A,*,2036-01-15,"IPCA + 7,0225%",IPCA_MAIS,7.0225,7.1059,6.8671,6.9935,0.1204,6.8731,7.114,1053.365577,100.1708,1587.54,6.2998,35.0,2035-05-15
2026-10-06,BHSA11,BARREIRAS HOLDING S.A.,*,2044-03-15,"IPCA + 6,8413%",IPCA_MAIS,6.8413,7.9559,7.6406,7.8025,0.0982,7.7043,7.9008,1009.408809,93.4027,1889.53,7.4981,40.0,2037-05-15
2026-10-06,BION17,BIOENERGETICA VALE DO PARACATU S/A.,*,2032-10-15,"IPCA + 10,1044%",IPCA_MAIS,10.1044,9.9783,9.5098,9.6657,0.3277,9.3381,9.9935,1108.919893,101.3543,850.41,3.3746,,2030-08-15
2026-10-06,BLMN12,BELO MONTE TRANSMISSORA DE ENERGIA SPE S.A.,,2031-12-15,"IPCA + 7,1358%",IPCA_MAIS,7.1358,6.9881,6.759,6.8143,0.1297,6.6846,6.9441,1026.502051,100.6449,539.94,2.1426,,2029-05-15
2026-10-06,BRKP28,BRK AMBIENTAL PARTICIPACOES S/A,*,2034-09-15,"IPCA + 5,5365%",IPCA_MAIS,5.5365,9.2352,8.8705,9.01,0.1779,8.8321,9.188,1209.882869,84.5456,1294.98,5.1388,35.0,2032-08-15
2026-10-06,BRST11,BRISANET SERVICOS DE TELECOMUNICACOES S.A.,*,2028-03-15,"IPCA + 5,7694%",IPCA_MAIS,5.7694,6.8348,6.7192,6.823,0.2985,6.5244,7.1216,575.433558,99.1023,229.04,0.9089,,2027-05-15
2026-10-06,BRST15,BRISANET SERVICOS DE TELECOMUNICACOES S.A.,*,2032-12-15,"IPCA + 8,0355%",IPCA_MAIS,8.0355,7.895,7.6085,7.7611,0.1653,7.5958,7.9264,1076.082163,101.0784,1063.78,4.2213,45.0,2031-05-15
2026-10-06,BTCL12,BRAZIL TOWER CESSAO DE INFRA-ESTRUTURAS S.A.,*,2039-02-15,"IPCA + 10,7609%",IPCA_MAIS,10.7609,9.7712,9.2259,9.4105,0.1152,9.2953,9.5258,1160.50375,106.9019,1388.56,5.5102,,2033-05-15
2026-10-06,BTEL23,V.TAL - REDE NEUTRA DE TELECOMUNICACOES S.A.,*,2032-04-15,"IPCA + 8,27%",IPCA_MAIS,8.27,9.8882,9.4111,9.6841,0.2095,9.4746,9.8937,1039.69066,94.9215,1007.76,3.999,,2031-05-15
2026-10-06,BTEL33,V.TAL - REDE NEUTRA DE TELECOMUNICACOES S.A.,*,2035-04-15,"IPCA + 8,45%",IPCA_MAIS,8.45,10.0794,9.6505,9.8482,0.0877,9.7606,9.936,1022.329045,93.2626,1360.57,5.3991,,2033-05-15
2026-10-06,CAEC12,COMPANHIA DE AGUA E ESGOTO DO CEARA - CAGECE,*,2036-06-15,"IPCA + 8,1891%",IPCA_MAIS,8.1891,7.7811,7.4091,7.5779,0.1801,7.3978,7.7581,1174.72147,103.6037,1581.2,6.2746,,2035-05-15
2026-10-06,CAJS11,CONCESSIONARIA AGUAS DE JUTURNAIBA S/A,,2040-11-15,"IPCA + 5,4%",IPCA_MAIS,5.4,,7.2358,7.5302,0.3533,7.177,7.8836,1103.788529,88.5715,1486.44,5.8986,,2033-05-15
2026-10-06,CAJS12,CONCESSIONARIA AGUAS DE JUTURNAIBA S/A,*,2037-09-15,"IPCA + 6,85%",IPCA_MAIS,6.85,8.0946,7.5644,7.83,0.1007,7.7292,7.9308,944.137173,95.9739,1123.83,4.4596,,2031-05-15
2026-10-06,CART13,CONCESSIONÁRIA AUTO RAPOSO TAVARES S/A,*,2035-12-15,"IPCA + 6,8138%",IPCA_MAIS,6.8138,8.3877,8.006,8.2988,0.1511,8.1477,8.4499,11456.288559,94.7714,969.65,3.8478,50.0,2031-05-15
2026-10-06,CASN23,COMPANHIA CATARINENSE DE AGUAS E SANEAMENTO - CASAN,*,2033-11-16,"IPCA + 10,3294%",IPCA_MAIS,10.3294,7.8121,7.512,7.6536,0.0877,7.5658,7.7414,1191.672984,107.3039,736.8,2.9238,,2029-05-15
2026-10-06,CASN24,COMPANHIA CATARINENSE DE AGUAS E SANEAMENTO - CASAN,*,2032-04-15,"IPCA + 9,9878%",IPCA_MAIS,9.9878,8.1883,7.7845,8.0171,0.459,7.5581,8.4763,1166.365816,105.334,729.41,2.8945,,2029-05-15
2026-10-06,CASN34,COMPANHIA CATARINENSE DE AGUAS E SANEAMENTO - CASAN,*,2037-04-15,"IPCA + 10,6573%",IPCA_MAIS,10.6573,8.2402,7.7779,8.0784,0.4379,7.6405,8.5163,1228.29594,110.6068,1100.94,4.3688,,2031-05-15
2026-10-06,CBAN12,CONCESSIONÁRIA ROTA DAS BANDEIRAS S/A,,2034-07-15,IPCA + 5%,IPCA_MAIS,5.0,7.3224,7.0399,7.2128,0.2503,6.9626,7.4632,1479.840168,91.8712,1012.31,4.0171,,2031-05-15
2026-10-06,CBAN32,CONCESSIONÁRIA ROTA DAS BANDEIRAS S/A,,2034-07-15,"IPCA + 5,2%",IPCA_MAIS,5.2,7.3397,7.0618,7.2069,0.2659,6.941,7.4729,1498.716684,92.633,1009.46,4.0058,,2031-05-15
2026-10-06,CBAN52,CONCESSIONÁRIA ROTA DAS BANDEIRAS S/A,,2034-07-15,"IPCA + 5,2%",IPCA_MAIS,5.2,7.3396,7.0617,7.2068,0.2659,6.9409,7.4728,1498.722284,92.6333,1009.46,4.0058,,2031-05-15
2026-10-06,CBAN72,CONCESSIONÁRIA ROTA DAS BANDEIRAS S/A,,2034-07-15,"IPCA + 5,2%",IPCA_MAIS,5.2,7.3279,7.0479,7.2166,0.2606,6.956,7.4773,1498.173637,92.5994,1009.36,4.0054,,2031-05-15
2026-10-06,CCLS11,CICLUS AMBIENTAL DO BRASIL S.A.,*,2031-01-15,"IPCA + 6,6739%",IPCA_MAIS,6.6739,14.4501,12.8214,12.9886,1.105,11.8836,14.0937,1053.965825,80.9416,916.79,3.6381,35.0,2030-08-15
2026-10-06,CCPV11,CONCESSIONARIA DE RODOVIAS PRVIAS S.A.,*,2030-02-15,"IPCA + 7,6%",IPCA_MAIS,7.6,7.1853,6.9237,7.0627,0.1281,6.9345,7.1909,1223.52961,101.594,796.24,3.1597,50.0,2030-08-15
2026-10-06,CCROA5,MOTIVA INFRAESTRUTURA DE MOBILIDADE S.A.,*,2033-11-15,"IPCA + 4,8791%",IPCA_MAIS,4.8791,7.1851,6.9935,7.0896,0.0955,6.9942,7.1852,971.521979,90.2054,1230.05,4.8812,,2032-08-15
2026-10-06,CCROB4,MOTIVA INFRAESTRUTURA DE MOBILIDADE S.A.,*;**,2028-12-15,"IPCA + 4,25%",IPCA_MAIS,4.25,6.8282,6.2561,6.5536,0.3405,6.2131,6.8942,828.425091,97.5622,282.77,1.1221,,2027-05-15
2026-10-06,CCROB6,MOTIVA INFRAESTRUTURA DE MOBILIDADE S.A.,*,2036-01-15,"IPCA + 6,437%",IPCA_MAIS,6.437,7.2216,6.9179,7.0572,0.1272,6.93,7.1846,1226.46227,96.9319,1345.83,5.3406,15.0,2033-05-15
2026-10-06,CDES11,VPORTS AUTORIDADE PORTUARIA S/A,*,2038-12-15,"IPCA + 8,0361%",IPCA_MAIS,8.0361,7.5233,7.1563,7.3625,0.1939,7.1686,7.5565,1157.66595,104.026,1600.45,6.351,,2035-05-15
2026-10-06,CEAD11,CEA II CENTRAIS EOLICAS ASSURUA II SPE S/A,,2030-06-15,"IPCA + 6,6605%",IPCA_MAIS,6.6605,8.0984,7.8971,8.0082,0.1019,7.9063,8.1101,717.657739,97.8052,443.16,1.7586,,2028-08-15
2026-10-06,CEAL12,EQUATORIAL ALAGOAS DISTRIBUIDORA DE ENERGIA S.A.,*,2037-08-15,"IPCA + 7,3239%",IPCA_MAIS,7.3239,7.6541,7.5169,7.6233,0.1484,7.4749,7.7718,1037.759098,98.1146,1718.21,6.8183,,2035-05-15
2026-10-06,CEAL21,EQUATORIAL ALAGOAS DISTRIBUIDORA DE ENERGIA S.A.,*,2034-10-15,"IPCA + 6,3618%",IPCA_MAIS,6.3618,7.6501,7.4123,7.5232,0.0902,7.4329,7.6135,1173.30375,94.8493,1220.63,4.8438,,2032-08-15
2026-10-06,CEAM11,AMBIENTAL CEARA 2 SPE S.A.,*,2045-12-15,"IPCA + 7,5232%",IPCA_MAIS,7.5232,12.0102,11.0112,11.639,0.4257,11.2133,12.0647,79.260573,74.54,1838.65,7.2962,,2037-05-15
2026-10-06,CEAP12,COMPANHIA DE ELETRICIDADE DO AMAPA - CEA,*;**,2030-07-15,"IPCA + 6,5%",IPCA_MAIS,6.5,7.522,7.2273,7.3586,0.1219,7.2367,7.4806,1140.736326,97.6786,736.33,2.9219,5.0,2030-08-15
2026-10-06,CEAP14,COMPANHIA DE ELETRICIDADE DO AMAPA - CEA,*,2033-12-15,"IPCA + 6,75%",IPCA_MAIS,6.75,7.6638,7.3555,7.4943,0.0783,7.4159,7.5727,1120.485009,96.5741,1260.82,5.0033,,2032-08-15
2026-10-06,CEAP17,COMPANHIA DE ELETRICIDADE DO AMAPA - CEA,*,2036-12-15,"IPCA + 7,9091%",IPCA_MAIS,7.9091,7.8519,7.4937,7.6639,0.1334,7.5305,7.7974,1127.590361,101.4402,1586.64,6.2962,,2035-05-15
2026-10-06,CEAP19,COMPANHIA DE ELETRICIDADE DO AMAPA - CEA,*,2037-06-15,"IPCA + 7,0606%",IPCA_MAIS,7.0606,7.781,7.5873,7.6869,0.0951,7.5917,7.7821,1032.21009,96.1615,1683.48,6.6805,,2035-05-15
2026-10-06,CEEBB6,CIA DE ELETRICIDADE DO ESTADO DA BAHIA - COELBA,*,2030-08-15,"IPCA + 6,25%",IPCA_MAIS,6.25,7.4539,7.2066,7.3032,0.1025,7.2007,7.4057,1125.914659,97.0605,761.3,3.021,,2030-08-15
2026-10-06,CEEBB7,CIA DE ELETRICIDADE DO ESTADO DA BAHIA - COELBA,*,2033-11-15,"IPCA + 6,1%",IPCA_MAIS,6.1,7.662,7.3833,7.5351,0.1233,7.4118,7.6585,1088.873579,93.4809,1258.0,4.9921,50.0,2032-08-15
2026-10-06,CEEBC3,CIA DE ELETRICIDADE DO ESTADO DA BAHIA - COELBA,*,2031-10-15,"IPCA + 5,8224%",IPCA_MAIS,5.8224,7.4586,7.2512,7.3494,0.1167,7.2327,7.4661,1253.318385,95.1077,879.33,3.4894,,2030-08-15
2026-10-06,CEEBC4,CIA DE ELETRICIDADE DO ESTADO DA BAHIA - COELBA,*,2032-04-15,"IPCA + 6,2792%",IPCA_MAIS,6.2792,7.4981,7.2206,7.3335,0.1232,7.2102,7.4568,1202.629604,96.2771,965.94,3.8331,,2031-05-15
2026-10-06,CEEBD2,CIA DE ELETRICIDADE DO ESTADO DA BAHIA - COELBA,*,2035-11-15,"IPCA + 6,3%",IPCA_MAIS,6.3,7.6493,7.4089,7.4786,0.1339,7.3447,7.6126,988.93148,92.7353,1710.64,6.7883,15.0,2035-05-15
2026-10-06,CEEBE3,CIA DE ELETRICIDADE DO ESTADO DA BAHIA - COELBA,*,2031-03-15,"IPCA + 7,0099%",IPCA_MAIS,7.0099,7.4112,7.1367,7.3132,0.1256,7.1875,7.4389,1050.396174,98.9305,956.8,3.7968,15.0,2031-05-15
2026-10-06,CEED12,COMPANHIA ESTADUAL DE DISTRIBUICAO DE ENERGIA ELETRICA - CEEE D,*,2029-12-15,"IPCA + 7,1498%",IPCA_MAIS,7.1498,7.3534,7.1162,7.2417,0.2067,7.035,7.4484,1213.877411,99.7577,712.9,2.829,,2029-05-15
2026-10-06,CEED13,COMPANHIA ESTADUAL DE DISTRIBUICAO DE ENERGIA ELETRICA - CEEE D,*,2030-07-15,"IPCA + 6,5%",IPCA_MAIS,6.5,7.5912,7.337,7.48,0.156,7.3241,7.6361,1136.846264,97.3567,736.11,2.9211,,2030-08-15
2026-10-06,CEED15,COMPANHIA ESTADUAL DE DISTRIBUICAO DE ENERGIA ELETRICA - CEEE D,*,2036-05-15,"IPCA + 6,5596%",IPCA_MAIS,6.5596,7.7242,7.5123,7.6726,0.1003,7.5724,7.773,1065.033126,93.7807,1547.08,6.1392,,2035-05-15
2026-10-06,CEED17,COMPANHIA ESTADUAL DE DISTRIBUICAO DE ENERGIA ELETRICA - CEEE D,*,2036-09-15,"IPCA + 6,6493%",IPCA_MAIS,6.6493,7.8242,7.5226,7.6583,0.1238,7.5345,7.7822,1036.848068,94.0595,1629.67,6.4669,35.0,2035-05-15
2026-10-06,CEED19,COMPANHIA ESTADUAL DE DISTRIBUICAO DE ENERGIA ELETRICA - CEEE D,*,2037-06-15,"IPCA + 7,0606%",IPCA_MAIS,7.0606,7.803,7.5124,7.6471,0.1392,7.508,7.7864,1034.763004,96.3993,1684.43,6.6842,,2035-05-15
2026-10-06,CEED21,COMPANHIA ESTADUAL DE DISTRIBUICAO DE ENERGIA ELETRICA - CEEE D,,2029-08-15,"IPCA + 5,4409%",IPCA_MAIS,5.4409,7.4208,7.213,7.3559,0.1901,7.1657,7.5461,1271.50132,96.1092,554.74,2.2013,,2029-05-15
2026-10-06,CEPEA7,COMPANHIA ENERGÉTICA DE PERNAMBUCO - CELPE,*,2035-08-15,"IPCA + 6,7929%",IPCA_MAIS,6.7929,7.5492,7.3356,7.4304,0.1224,7.308,7.5529,1068.204263,94.8964,2218.0,8.8016,,2040-08-15
2026-10-06,CEPEA8,COMPANHIA ENERGÉTICA DE PERNAMBUCO - CELPE,*,2031-03-15,"IPCA + 7,0099%",IPCA_MAIS,7.0099,7.417,7.1845,7.3051,0.1659,7.1392,7.4711,1050.697264,98.9589,956.83,3.7969,,2031-05-15
2026-10-06,CEPEB3,COMPANHIA ENERGÉTICA DE PERNAMBUCO - CELPE,*,2033-11-15,"IPCA + 6,1%",IPCA_MAIS,6.1,7.6197,7.3086,7.4582,0.1099,7.3483,7.5683,1092.770184,93.8154,1258.69,4.9948,,2032-08-15
2026-10-06,CEPEB7,COMPANHIA ENERGÉTICA DE PERNAMBUCO - CELPE,*,2040-08-15,"IPCA + 6,7392%",IPCA_MAIS,6.7392,7.5191,7.3534,7.4192,0.0651,7.3541,7.4844,999.936248,94.6501,2165.53,8.5934,,2040-08-15
2026-10-06,CEPEC1,COMPANHIA ENERGÉTICA DE PERNAMBUCO - CELPE,*,2031-10-15,"IPCA + 5,875%",IPCA_MAIS,5.875,7.4326,7.2088,7.3202,0.1077,7.2125,7.428,1257.050503,95.3683,878.66,3.4867,,2030-08-15
2026-10-06,CEPEC2,COMPANHIA ENERGÉTICA DE PERNAMBUCO - CELPE,*,2032-04-15,"IPCA + 6,2792%",IPCA_MAIS,6.2792,7.4803,7.2633,7.357,0.1026,7.2544,7.4598,1201.620909,96.1964,965.82,3.8326,35.0,2031-05-15
2026-10-06,CEROA4,CENTRAIS ELETRICAS DE RONDONIA S/A CERON,*,2035-10-15,"IPCA + 7,2856%",IPCA_MAIS,7.2856,7.7003,7.4403,7.5621,0.0599,7.5022,7.6221,1059.454584,98.3329,1642.73,6.5188,,2035-05-15
2026-10-06,CEROB4,CENTRAIS ELETRICAS DE RONDONIA S/A CERON,*,2040-10-15,"IPCA + 7,1683%",IPCA_MAIS,7.1683,7.821,7.5421,7.6709,0.1526,7.5182,7.8236,1035.57843,96.167,2091.86,8.301,,2037-05-15
2026-10-06,CERR18,CERRADINHO BIOENERGIA S/A,*,2034-12-15,"IPCA + 8,3082%",IPCA_MAIS,8.3082,,9.0388,9.0739,0.0946,8.9793,9.1685,1070.636711,96.2786,1351.2,5.3619,,2033-05-15
2026-10-06,CERT11,CONCESSIONARIA ECOVIAS RAPOSO-CASTELO S.A,*,2029-03-15,"IPCA + 8,1773%",IPCA_MAIS,8.1773,7.9162,7.7069,7.7812,0.101,7.6802,7.8823,1222.89415,100.889,608.0,2.4127,40.0,2029-05-15
2026-10-06,CESE32,CELSE - CENTRAIS ELETRICAS DE SERGIPE S.A.,*,2030-09-15,"IPCA + 7,4941%",IPCA_MAIS,7.4941,7.4349,7.1792,7.2948,0.1014,7.1934,7.3963,1158.170778,100.5699,771.84,3.0629,,2030-08-15
2026-10-06,CESPA2,CESP-COMPANHIA ENERGETICA DE SAO PAULO,*;**,2030-08-15,"IPCA + 4,3%",IPCA_MAIS,4.3,7.4765,7.1549,7.3061,0.1178,7.1883,7.424,1338.200105,92.7201,667.37,2.6483,35.0,2029-05-15
2026-10-06,CESPA3,CESP-COMPANHIA ENERGETICA DE SAO PAULO,*,2034-04-15,"IPCA + 6,1661%",IPCA_MAIS,6.1661,7.6404,7.3067,7.444,0.1073,7.3368,7.5514,1078.515055,93.8979,1319.2,5.2349,,2033-05-15
2026-10-06,CGASA1,COMPANHIA DE GAS DE SÃO PAULO - COMGAS,*,2034-07-15,"IPCA + 6,3763%",IPCA_MAIS,6.3763,7.3762,7.165,7.2997,0.0988,7.2009,7.3986,1061.370574,94.8411,1537.77,6.1023,35.0,2035-05-15
2026-10-06,CGASA2,COMPANHIA DE GAS DE SÃO PAULO - COMGAS,*,2036-12-15,"IPCA + 7,1728%",IPCA_MAIS,7.1728,7.4285,7.1368,7.3035,0.0795,7.224,7.383,1099.14225,99.1218,1821.96,7.23,,2037-05-15
2026-10-06,CGASA4,COMPANHIA DE GAS DE SÃO PAULO - COMGAS,*,2037-09-15,"IPCA + 6,7998%",IPCA_MAIS,6.7998,7.3269,7.1834,7.2877,0.1025,7.1852,7.3902,1010.85231,96.4934,1965.69,7.8004,,2037-05-15
2026-10-06,CGASB1,COMPANHIA DE GAS DE SÃO PAULO - COMGAS,*,2039-07-15,"IPCA + 6,4504%",IPCA_MAIS,6.4504,7.4666,7.1728,7.3086,0.0561,7.2525,7.3649,1047.714845,93.6058,2056.67,8.1614,,2037-05-15
2026-10-06,CGASB4,COMPANHIA DE GAS DE SÃO PAULO - COMGAS,*,2040-09-15,"IPCA + 6,5846%",IPCA_MAIS,6.5846,7.3345,7.1165,7.2326,0.0525,7.1801,7.2852,992.979187,94.7986,2205.23,8.7509,,2040-08-15
2026-10-06,CGEE13,COMPANHIA ESTADUAL DE GERACAO DE ENERGIA ELETRICA - CEEE-G,*,2041-12-14,"IPCA + 8,7219%",IPCA_MAIS,8.7219,,13.2551,13.5294,0.2023,13.3271,13.7318,850.519142,78.0684,1358.58,5.3912,,2033-05-15
2026-10-06,CGEE23,COMPANHIA ESTADUAL DE GERACAO DE ENERGIA ELETRICA - CEEE-G,*,2041-12-15,"IPCA + 8,7219%",IPCA_MAIS,8.7219,14.2992,13.3261,13.7388,0.311,13.4278,14.0499,842.132458,77.2986,1351.72,5.364,,2033-05-15
2026-10-06,CGMG18,COMPANHIA DE GÁS DE MINAS GERAIS - GASMIG,,2031-08-15,"IPCA + 5,27%",IPCA_MAIS,5.27,7.0492,6.7015,6.9067,0.0734,6.8334,6.9802,920.817918,95.9982,663.2,2.6317,35.0,2029-05-15
2026-10-06,CGOS13,EQUATORIAL GOIAS DISTRIBUIDORA DE ENERGIA S.A.,*,2031-04-15,"IPCA + 7,1%",IPCA_MAIS,7.1,7.532,7.2107,7.39,0.1302,7.2598,7.5204,1184.320177,99.183,764.03,3.0319,,2030-08-15
2026-10-06,CGOS16,EQUATORIAL GOIAS DISTRIBUIDORA DE ENERGIA S.A.,*,2036-05-15,"IPCA + 6,4895%",IPCA_MAIS,6.4895,7.825,7.522,7.6681,0.1429,7.5252,7.811,1061.213732,93.4102,1549.95,6.1506,,2035-05-15
2026-10-06,CGOS24,EQUATORIAL GOIAS DISTRIBUIDORA DE ENERGIA S.A.,*,2031-10-15,"IPCA + 6,4407%",IPCA_MAIS,6.4407,7.5077,7.2159,7.3552,0.1277,7.2275,7.483,1143.986363,97.0828,870.25,3.4534,,2030-08-15
2026-10-06,CGOS28,EQUATORIAL GOIAS DISTRIBUIDORA DE ENERGIA S.A.,*,2036-09-15,"IPCA + 6,6493%",IPCA_MAIS,6.6493,7.8379,7.5123,7.6544,0.1345,7.52,7.789,1036.874236,94.0816,1629.74,6.4672,,2035-05-15
2026-10-06,CGOS34,EQUATORIAL GOIAS DISTRIBUIDORA DE ENERGIA S.A.,*,2035-10-15,"IPCA + 6,6789%",IPCA_MAIS,6.6789,7.6719,7.3868,7.5427,0.1205,7.4222,7.6632,1125.775799,95.4358,1452.87,5.7654,35.0,2033-05-15
2026-10-06,CGOSA0,EQUATORIAL GOIAS DISTRIBUIDORA DE ENERGIA S.A.,*,2037-08-15,"IPCA + 7,3239%",IPCA_MAIS,7.3239,7.6885,7.4475,7.6609,0.2209,7.44,7.8819,1035.291095,97.8812,1717.3,6.8147,,2035-05-15
2026-10-06,CGOSA2,EQUATORIAL GOIAS DISTRIBUIDORA DE ENERGIA S.A.,*,2038-01-15,"IPCA + 6,57%",IPCA_MAIS,6.57,7.8648,7.6039,7.7841,0.1483,7.6358,7.9325,966.588804,92.2015,1789.97,7.1031,40.0,2035-05-15
2026-10-06,CGOSB0,EQUATORIAL GOIAS DISTRIBUIDORA DE ENERGIA S.A.,*,2037-08-15,"IPCA + 7,3239%",IPCA_MAIS,7.3239,7.8418,7.5127,7.6868,0.1417,7.5451,7.8287,1033.595731,97.7209,1716.67,6.8122,35.0,2035-05-15
2026-10-06,CHSF13,COMPANHIA HIDRO ELETRICA DO SAO FRANCISCO - CHESF,*,2031-06-15,"IPCA + 6,767%",IPCA_MAIS,6.767,7.1044,6.8653,7.0066,0.1329,6.8737,7.1396,1120.5931,99.1106,1003.79,3.9833,40.0,2031-05-15
2026-10-06,CJEN13,TESC-TERMINAL SANTA CATARINA S/A,*,2035-12-15,"IPCA + 8,1693%",IPCA_MAIS,8.1693,7.1964,6.9989,7.1533,0.1541,6.9992,7.3075,1217.352722,103.7994,1004.21,3.985,35.0,2031-05-15
2026-10-06,CLAG13,COLOMBO AGROINDUSTRIA SA,*,2028-07-15,"IPCA + 5,4806%",IPCA_MAIS,5.4806,,7.1234,7.4788,0.644,6.8348,8.1229,869.246765,97.7467,305.41,1.2119,,2028-08-15
2026-10-06,CLAG15,COLOMBO AGROINDUSTRIA SA,*,2032-12-15,"IPCA + 7,77%",IPCA_MAIS,7.77,8.5289,7.9202,8.2423,0.4467,7.7956,8.6892,1043.02921,98.0195,1151.0,4.5675,5.0,2032-08-15
2026-10-06,CLCD26,CELESC DISTRIBUIÇÃO S/A,*,2030-11-15,"IPCA + 6,5279%",IPCA_MAIS,6.5279,6.9014,6.6354,6.7174,0.1906,6.5268,6.9081,1164.64811,99.5104,695.7,2.7607,,2029-05-15
2026-10-06,CLCD27,CELESC DISTRIBUIÇÃO S/A,*,2034-07-15,"IPCA + 6,9534%",IPCA_MAIS,6.9534,7.0532,6.892,6.9387,0.2116,6.7272,7.1504,1121.122712,100.0722,1323.04,5.2502,50.0,2033-05-15
2026-10-06,CLIS13,CLI SUL S/A,*,2035-08-15,"IPCA + 8,5536%",IPCA_MAIS,8.5536,7.0607,6.7981,7.0108,0.1618,6.849,7.1726,1164.735284,107.2814,1248.29,4.9535,35.0,2032-08-15
2026-10-06,CLTM14,CONCESSIONARIA DAS LINHAS 8 E 9 DO SISTEMA DE TRENS METROPOLITANOS DE SAO PAULO S.A.,*,2042-01-15,"IPCA + 7,25%",IPCA_MAIS,7.25,8.4849,8.2522,8.3222,0.0902,8.232,8.4125,1074.301638,94.5243,1406.44,5.5811,,2033-05-15
2026-10-06,CMGD28,CEMIG DISTRIBUIÇÃO S/A,*,2029-06-15,"IPCA + 6,1052%",IPCA_MAIS,6.1052,6.9605,6.7718,6.8872,0.1838,6.7033,7.0711,1197.728655,98.5259,509.27,2.0209,,2028-08-15
2026-10-06,CMGDA4,CEMIG DISTRIBUIÇÃO S/A,*,2037-10-15,"IPCA + 6,7878%",IPCA_MAIS,6.7878,7.5283,7.2162,7.3743,0.1123,7.262,7.4867,1033.428316,96.1563,1794.71,7.1219,40.0,2037-05-15
2026-10-06,CMGDB0,CEMIG DISTRIBUIÇÃO S/A,*,2034-02-15,"IPCA + 6,1469%",IPCA_MAIS,6.1469,7.2364,6.9897,7.1181,0.1011,7.017,7.2193,1075.153133,95.3118,1324.17,5.2546,35.0,2033-05-15
2026-10-06,CMGDB1,CEMIG DISTRIBUIÇÃO S/A,*,2036-09-15,"IPCA + 6,5769%",IPCA_MAIS,6.5769,7.3709,7.1768,7.2878,0.1221,7.1657,7.41,1052.479691,95.3817,1784.27,7.0804,40.0,2035-05-15
2026-10-06,CMGDB2,CEMIG DISTRIBUIÇÃO S/A,*,2040-03-15,"IPCA + 7,5467%",IPCA_MAIS,7.5467,7.5407,7.2692,7.3938,0.1098,7.284,7.5037,1081.860285,101.1831,2086.61,8.2802,,2037-05-15
2026-10-06,CMGDB4,CEMIG DISTRIBUIÇÃO S/A,*,2040-10-15,"IPCA + 6,6504%",IPCA_MAIS,6.6504,7.4432,7.1623,7.2564,0.0806,7.1758,7.3371,1023.100346,95.2537,2146.87,8.5193,,2040-08-15
2026-10-06,CMGDB6,CEMIG DISTRIBUIÇÃO S/A,*,2038-08-15,"IPCA + 7,35%",IPCA_MAIS,7.35,7.3347,7.0716,7.2957,0.0723,7.2234,7.3681,1014.148014,100.3983,1981.04,7.8613,,2037-05-15
2026-10-06,CMGTA1,CEMIG GERAÇÃO E TRANSMISSÃO S/A,*,2037-10-15,"IPCA + 6,7878%",IPCA_MAIS,6.7878,7.5457,7.2954,7.3671,0.1377,7.2294,7.505,1033.922007,96.2022,1794.93,7.1227,,2037-05-15
2026-10-06,CMGTB1,CEMIG GERAÇÃO E TRANSMISSÃO S/A,*,2040-10-15,"IPCA + 6,6504%",IPCA_MAIS,6.6504,7.4427,7.1885,7.3125,0.1029,7.2096,7.4155,1018.555822,94.8306,2143.94,8.5077,,2040-08-15
2026-10-06,CMIN11,CSN MINERACAO S.A.,*,2031-07-15,"IPCA + 4,879%",IPCA_MAIS,4.879,15.9512,12.0223,14.5117,0.4199,14.0917,14.9317,925.965192,69.2969,1034.78,4.1063,35.0,2031-05-15
2026-10-06,CMIN12,CSN MINERACAO S.A.,,2032-07-15,"IPCA + 6,8798%",IPCA_MAIS,6.8798,15.771,12.8368,14.6309,0.5419,14.0889,15.1729,875.965047,72.1163,1148.4,4.5571,,2032-08-15
2026-10-06,CMIN21,CSN MINERACAO S.A.,*,2036-07-15,"IPCA + 5,021%",IPCA_MAIS,5.021,15.5546,11.7673,13.989,0.3765,13.6125,14.3656,787.687029,58.9302,1545.82,6.1342,35.0,2035-05-15
2026-10-06,CMIN22,CSN MINERACAO S.A.,,2037-07-15,"IPCA + 7,0673%",IPCA_MAIS,7.0673,15.6914,11.9701,14.0046,0.2718,13.7328,14.2765,796.547416,65.5516,1599.0,6.3452,,2035-05-15
2026-10-06,CMTR29,CEMIG GERAÇÃO E TRANSMISSÃO S/A,*,2029-12-15,"IPCA + 7,6245%",IPCA_MAIS,7.6245,6.9921,6.6622,6.8272,0.1858,6.6414,7.013,1245.332126,102.1131,709.28,2.8146,,2029-05-15
2026-10-06,CNRD12,CONCESSIONARIA DA RODOVIA MS 306 S.A.,*,2043-05-15,"IPCA + 7,6891%",IPCA_MAIS,7.6891,8.2934,7.8829,8.0941,0.087,8.0071,8.1813,1044.400846,97.4151,1748.27,6.9376,50.0,2035-05-15
2026-10-06,COCE18,COMPANHIA ENERGÉTICA DO CEARÁ - COELCE,*,2032-05-15,"IPCA + 6,2137%",IPCA_MAIS,6.2137,8.7664,8.414,8.531,0.2118,8.3192,8.743,1128.918388,91.8929,981.42,3.8945,35.0,2031-05-15
2026-10-06,COCEB2,COMPANHIA ENERGÉTICA DO CEARÁ - COELCE,*,2030-05-15,"IPCA + 7,9%",IPCA_MAIS,7.9,8.799,8.4542,8.5983,0.2019,8.3963,8.8003,1064.292765,98.0299,776.49,3.0813,40.0,2030-08-15
2026-10-06,COMR14,COMERC PARTICIPACOES S.A.,*,2038-11-15,"IPCA + 7,9171%",IPCA_MAIS,7.9171,9.1418,8.7731,8.9487,0.1211,8.8277,9.0699,1058.541957,95.2429,1276.75,5.0665,,2032-08-15
2026-10-06,COMR15,COMERC PARTICIPACOES S.A.,*,2040-04-15,"IPCA + 7,2209%",IPCA_MAIS,7.2209,9.1792,8.8647,8.9722,0.174,8.7982,9.1463,955.565747,91.4251,1363.73,5.4116,35.0,2033-05-15
2026-10-06,COMT11,CONCESSIONARIA DE RODOVIA SUL - MATOGROSSENSE S.A,,2030-12-15,"IPCA + 7,3161%",IPCA_MAIS,7.3161,7.1981,6.9159,7.0787,0.1287,6.9499,7.2075,1068.307823,100.7981,904.94,3.591,40.0,2030-08-15
2026-10-06,CONF11,CONFLUENCIA ENERGIA S/A,*,2041-11-15,"IPCA + 6,6018%",IPCA_MAIS,6.6018,7.5482,7.2823,7.4201,0.1535,7.2667,7.5737,1191.682787,95.3274,1558.84,6.1859,,2035-05-15
2026-10-06,CONX12,TRIPLE PLAY BRASIL PARTICIPACOES S.A.,*,2029-08-15,"IPCA + 7,684%",IPCA_MAIS,7.684,14.7471,13.6137,14.1344,0.5953,13.5392,14.7298,822.963794,90.5998,422.62,1.6771,,2028-08-15
2026-10-06,CPFGA2,CPFL TRANSMISSAO S.A,*,2031-05-15,"IPCA + 6,0265%",IPCA_MAIS,6.0265,7.1676,6.9175,7.0215,0.1125,6.909,7.134,1191.836371,97.0823,797.3,3.1639,,2030-08-15
2026-10-06,CPFPA2,COMPANHIA PIRATININGA DE FORÇA E LUZ,*;**,2031-05-15,"IPCA + 4,3%",IPCA_MAIS,4.3,7.1182,6.9256,7.039,0.0917,6.9473,7.1308,1257.80435,91.8863,818.75,3.249,,2030-08-15
2026-10-06,CPFPA5,COMPANHIA PIRATININGA DE FORÇA E LUZ,*,2033-10-15,"IPCA + 6,1774%",IPCA_MAIS,6.1774,7.1949,6.912,7.0658,0.0934,6.9724,7.1593,1128.538282,95.9724,1239.3,4.9179,,2032-08-15
2026-10-06,CPFPA7,COMPANHIA PIRATININGA DE FORÇA E LUZ,*,2034-04-15,"IPCA + 6,235%",IPCA_MAIS,6.235,7.2237,6.9487,7.1809,0.1748,7.0062,7.3558,1093.867766,95.4461,1319.88,5.2376,,2033-05-15
2026-10-06,CPFPA9,COMPANHIA PIRATININGA DE FORÇA E LUZ,*,2035-02-15,"IPCA + 7,7082%",IPCA_MAIS,7.7082,7.3166,7.0165,7.1996,0.1297,7.07,7.3294,1110.920709,102.7325,1438.68,5.709,,2033-05-15
2026-10-06,CPFPB0,COMPANHIA PIRATININGA DE FORÇA E LUZ,*,2035-05-15,"IPCA + 6,9249%",IPCA_MAIS,6.9249,7.2451,6.9915,7.1701,0.0875,7.0826,7.2577,1067.61369,98.6674,1474.09,5.8496,35.0,2033-05-15
2026-10-06,CPFPB1,COMPANHIA PIRATININGA DE FORÇA E LUZ,*,2035-09-15,"IPCA + 6,8967%",IPCA_MAIS,6.8967,7.368,7.0961,7.2442,0.1022,7.142,7.3465,1026.787355,98.0092,1558.7,6.1853,,2035-05-15
2026-10-06,CPFPB7,COMPANHIA PIRATININGA DE FORÇA E LUZ,*,2039-04-15,"IPCA + 6,3018%",IPCA_MAIS,6.3018,7.4965,7.2198,7.3737,0.1248,7.2489,7.4987,1057.515394,92.2632,2001.26,7.9415,,2037-05-15
2026-10-06,CPGS16,COMPANHIA PARANAENSE DE GAS COMPAGAS,*,2041-02-15,"IPCA + 6,89%",IPCA_MAIS,6.89,,,,,,,,,,,,2040-08-15
2026-10-06,CPGT27,COPEL GERAÇÃO E TRANSMISSÃO S/A,*,2031-10-15,"IPCA + 5,7138%",IPCA_MAIS,5.7138,7.1491,6.9483,7.1097,0.1999,6.9098,7.3097,1251.632882,95.4996,881.9,3.4996,,2030-08-15
2026-10-06,CPGT28,COPEL GERAÇÃO E TRANSMISSÃO S/A,*,2035-01-15,"IPCA + 6,8226%",IPCA_MAIS,6.8226,7.3043,7.0563,7.1642,0.1003,7.064,7.2646,1178.845744,98.1847,1443.7,5.729,,2033-05-15
2026-10-06,CPGTA1,COPEL GERAÇÃO E TRANSMISSÃO S/A,*,2038-01-15,"IPCA + 7,1841%",IPCA_MAIS,7.1841,7.4725,7.2106,7.3486,0.0873,7.2613,7.4359,1041.05692,98.9808,1681.24,6.6716,45.0,2035-05-15
2026-10-06,CPGTC0,COPEL GERAÇÃO E TRANSMISSÃO S/A,*,2037-02-15,"IPCA + 7,482%",IPCA_MAIS,7.482,7.3059,7.1136,7.217,0.1637,7.0534,7.3808,1095.273448,101.5351,1557.97,6.1824,35.0,2035-05-15
2026-10-06,CPIS13,EQUATORIAL PIAUI DISTRIBUIDORA DE ENERGIA S.A,*,2036-09-15,"IPCA + 6,8091%",IPCA_MAIS,6.8091,7.7908,7.5893,7.6707,0.1235,7.5471,7.7943,1046.561029,94.9322,1623.25,6.4415,,2035-05-15
2026-10-06,CPIS14,EQUATORIAL PIAUI DISTRIBUIDORA DE ENERGIA S.A,*,2037-08-15,"IPCA + 7,3239%",IPCA_MAIS,7.3239,7.8032,7.5191,7.6486,0.0873,7.5613,7.7359,1036.097563,97.9575,1717.59,6.8158,,2035-05-15
2026-10-06,CPIS15,EQUATORIAL PIAUI DISTRIBUIDORA DE ENERGIA S.A,*,2037-09-15,"IPCA + 7,1962%",IPCA_MAIS,7.1962,7.8082,7.5163,7.682,0.089,7.593,7.7712,1016.999713,96.911,1742.82,6.916,,2035-05-15
2026-10-06,CPIS16,EQUATORIAL PIAUI DISTRIBUIDORA DE ENERGIA S.A,*,2038-01-15,"IPCA + 6,57%",IPCA_MAIS,6.57,7.7442,7.4979,7.7097,0.1873,7.5224,7.8972,971.343955,92.6551,1791.96,7.111,40.0,2035-05-15
2026-10-06,CPJG18,COMPANHIA JAGUARI DE ENERGIA,*,2036-03-15,"IPCA + 6,458%",IPCA_MAIS,6.458,,7.0169,7.2961,0.2561,7.04,7.5524,978.678614,94.981,1647.53,6.5378,35.0,2035-05-15
2026-10-06,CPLD15,COPEL DISTRIBUICAO S/A,,2027-11-15,"IPCA + 4,2%",IPCA_MAIS,4.2,,,5.5341,0.1129,5.4212,5.6471,984.45193,99.259,146.94,0.5831,,2027-05-15
2026-10-06,CPLD26,COPEL DISTRIBUICAO S/A,*,2031-06-15,"IPCA + 4,7742%",IPCA_MAIS,4.7742,7.1232,6.9687,7.0972,0.2558,6.8414,7.3531,1254.694321,92.9712,834.1,3.3099,,2030-08-15
2026-10-06,CPLD29,COPEL DISTRIBUICAO S/A,*,2036-05-15,"IPCA + 6,2831%",IPCA_MAIS,6.2831,7.3597,7.1535,7.2203,0.2191,7.0012,7.4395,1081.515659,95.1713,1412.35,5.6046,5.0,2033-05-15
2026-10-06,CPLD37,COPEL DISTRIBUICAO S/A,*,2032-05-15,"IPCA + 6,1732%",IPCA_MAIS,6.1732,7.2021,6.947,7.0462,0.1695,6.8767,7.2158,1186.341717,96.8291,989.47,3.9265,,2031-05-15
2026-10-06,CPLDA1,COPEL DISTRIBUICAO S/A,*,2038-01-15,"IPCA + 7,1841%",IPCA_MAIS,7.1841,7.4848,7.2338,7.3966,0.0705,7.3261,7.4671,1037.957759,98.6861,1679.99,6.6666,50.0,2035-05-15
2026-10-06,CPLDC0,COPEL DISTRIBUICAO S/A,*,2037-07-15,"IPCA + 6,9543%",IPCA_MAIS,6.9543,7.352,7.1652,7.2959,0.0945,7.2014,7.3905,1043.815006,97.9633,1622.2,6.4373,50.0,2035-05-15
2026-10-06,CRCF12,CONCESSIONARIA RODOVIAS DO CAFE SPE S.A.,*,2041-03-15,"IPCA + 8,4668%",IPCA_MAIS,8.4668,8.6623,8.1316,8.3497,0.1105,8.2392,8.4603,1215.438668,100.821,1910.46,7.5812,45.0,2037-05-15
2026-10-06,CRMG15,CONCESSIONÁRIA DA RODOVIA MG-050 S/A,*,2030-12-15,"IPCA + 5,9668%",IPCA_MAIS,5.9668,6.507,6.1267,6.3691,0.2139,6.1552,6.5832,857.24045,99.0633,624.99,2.4801,,2029-05-15
2026-10-06,CRNP13,CONCESSIONARIA DE RODOVIAS NOROESTE PAULISTA S.A.,*,2047-12-15,"IPCA + 8,3702%",IPCA_MAIS,8.3702,8.5308,8.0394,8.2555,0.1124,8.1431,8.368,1084.032751,100.914,2169.76,8.6102,5.0,2040-08-15
2026-10-06,CRNP23,CONCESSIONARIA DE RODOVIAS NOROESTE PAULISTA S.A.,*,2047-12-15,"IPCA + 8,3702%",IPCA_MAIS,8.3702,8.4624,8.0316,8.2701,0.1244,8.1457,8.3946,1082.775113,100.7969,2168.56,8.6054,,2040-08-15
2026-10-06,CRTA12,CONCESSIONARIA ROTA DO OESTE S.A.,*,2043-12-15,"IPCA + 7,7178%",IPCA_MAIS,7.7178,8.4001,8.082,8.3354,0.2382,8.0972,8.5737,1062.099033,95.5279,1998.98,7.9325,45.0,2037-05-15
2026-10-06,CRTR12,CONCESSIONARIA RODOVIAS DO TRIANGULO SPE S.A.,*,2041-08-15,"IPCA + 7,3201%",IPCA_MAIS,7.3201,8.5965,8.0782,8.3085,0.1508,8.1577,8.4595,1045.79392,94.0392,1669.67,6.6257,35.0,2035-05-15
2026-10-06,CSAN33,COSAN S.A.,*,2031-08-15,"IPCA + 5,7531%",IPCA_MAIS,5.7531,9.423,9.1039,9.2776,0.1016,9.176,9.3794,1187.770098,89.3681,858.57,3.407,,2030-08-15
2026-10-06,CSMGA6,CIA DE SANEAMENTO DE M.GERAIS COPASA MG,*,2031-09-15,"IPCA + 5,2306%",IPCA_MAIS,5.2306,6.8431,6.6556,6.7019,0.06,6.6419,6.762,783.931978,96.298,681.25,2.7034,,2029-05-15
2026-10-06,CSMGB8,CIA DE SANEAMENTO DE M.GERAIS COPASA MG,*,2030-09-15,"IPCA + 7,1%",IPCA_MAIS,7.1,7.5193,7.1823,7.4317,0.1956,7.2361,7.6274,1077.359297,99.4214,472.36,1.8744,,2028-08-15
2026-10-06,CSMGB9,CIA DE SANEAMENTO DE M.GERAIS COPASA MG,*,2034-07-15,"IPCA + 7,2735%",IPCA_MAIS,7.2735,8.0838,7.7857,7.9343,0.051,7.8834,7.9854,1098.94793,97.8639,882.58,3.5023,5.0,2030-08-15
2026-10-06,CSMGC0,CIA DE SANEAMENTO DE M.GERAIS COPASA MG,*,2035-05-15,"IPCA + 8,21%",IPCA_MAIS,8.21,7.9092,7.5981,7.7712,0.1864,7.5848,7.9577,1083.040162,101.6679,1028.46,4.0812,,2031-05-15
2026-10-06,CSMGE1,CIA DE SANEAMENTO DE M.GERAIS COPASA MG,*,2035-10-15,"IPCA + 8,3342%",IPCA_MAIS,8.3342,7.8797,7.6341,7.8011,0.0637,7.7375,7.8649,1084.337647,102.146,1088.12,4.3179,45.0,2031-05-15
2026-10-06,CSMGE2,CIA DE SANEAMENTO DE M.GERAIS COPASA MG,*,2036-03-15,"IPCA + 8,567%",IPCA_MAIS,8.567,,,7.9217,0.0709,7.8509,7.9927,1059.49776,102.7841,1165.2,4.6238,,2032-08-15
2026-10-06,CSNAA4,COMPANHIA SIDERÚRGICA NACIONAL,*,2030-07-15,"IPCA + 6,5%",IPCA_MAIS,6.5,,,,,,,,,,,,
2026-10-06,CSNAA5,COMPANHIA SIDERÚRGICA NACIONAL,*,2034-04-15,"IPCA + 6,83%",IPCA_MAIS,6.83,,,,,,,,,,,,
2026-10-06,CSNAA6,COMPANHIA SIDERÚRGICA NACIONAL,*,2034-11-15,"IPCA + 7,5888%",IPCA_MAIS,7.5888,,,,,,,,,,,,
2026-10-06,CSNAB4,COMPANHIA SIDERÚRGICA NACIONAL,*,2033-07-15,"IPCA + 6,8%",IPCA_MAIS,6.8,,,,,,,555.530047,47.5,,,,
2026-10-06,CSNAB5,COMPANHIA SIDERÚRGICA NACIONAL,*,2039-04-15,"IPCA + 6,9924%",IPCA_MAIS,6.9924,,,,,,,,,,,,
2026-10-06,CSNAB6,COMPANHIA SIDERÚRGICA NACIONAL,*,2039-11-15,"IPCA + 7,6952%",IPCA_MAIS,7.6952,,,,,,,,,,,,
2026-10-06,CSNAC4,COMPANHIA SIDERÚRGICA NACIONAL,*,2038-07-15,IPCA + 7%,IPCA_MAIS,7.0,,,,,,,,,,,,
2026-10-06,CSNP12,COMPANHIA ENERGÉTICA SINOP S.A.,*;**,2032-06-15,"IPCA + 7,9461%",IPCA_MAIS,7.9461,7.5343,7.2459,7.3218,0.1789,7.1429,7.5008,1180.549216,101.6078,695.05,2.7581,,2029-05-15
2026-10-06,CSRN29,COMPANHIA ENERGÉTICA DO R. G. N. - COSERN,,2029-04-15,"IPCA + 4,4986%",IPCA_MAIS,4.4986,7.4002,7.2029,7.2995,0.1122,7.1874,7.4118,1448.727267,96.3078,356.17,1.4134,,2028-08-15
2026-10-06,CSRNA1,COMPANHIA ENERGÉTICA DO R. G. N. - COSERN,*;**,2028-06-15,"IPCA + 6,4482%",IPCA_MAIS,6.4482,7.4029,7.1292,7.2997,0.0993,7.2004,7.3991,1160.068784,98.7426,400.11,1.5877,,2028-08-15
2026-10-06,CSRNA4,COMPANHIA ENERGÉTICA DO R. G. N. - COSERN,*,2031-03-15,"IPCA + 7,0099%",IPCA_MAIS,7.0099,7.393,7.161,7.3174,0.1513,7.1661,7.4688,1050.240102,98.9158,956.79,3.7968,35.0,2031-05-15
2026-10-06,CSRNB2,COMPANHIA ENERGÉTICA DO R. G. N. - COSERN,*,2034-03-15,"IPCA + 6,0691%",IPCA_MAIS,6.0691,7.5154,7.3172,7.4228,0.086,7.3368,7.5089,1047.395605,93.4376,1342.75,5.3284,5.0,2033-05-15
2026-10-06,CSRNB3,COMPANHIA ENERGÉTICA DO R. G. N. - COSERN,*,2035-11-15,"IPCA + 6,3%",IPCA_MAIS,6.3,7.6096,7.4739,7.527,0.0862,7.4408,7.6133,985.914651,92.4524,1709.56,6.784,,2035-05-15
2026-10-06,CSRNC0,COMPANHIA ENERGÉTICA DO R. G. N. - COSERN,*,2029-07-15,"IPCA + 6,623%",IPCA_MAIS,6.623,7.4273,7.2124,7.3489,0.2661,7.0828,7.6152,1190.644061,98.5887,527.55,2.0935,,2029-05-15
2026-10-06,CTEE18,ISA ENERGIA BRASIL S.A.,,2029-12-15,"IPCA + 3,5%",IPCA_MAIS,3.5,6.9319,6.7116,6.8576,0.0583,6.7994,6.916,1377.400147,93.6144,517.94,2.0553,,2028-08-15
2026-10-06,CTEE1B,ISA ENERGIA BRASIL S.A.,*,2031-10-15,"IPCA + 5,771%",IPCA_MAIS,5.771,6.974,6.7668,6.8936,0.1742,6.7194,7.0679,1259.98963,95.5767,1077.18,4.2745,,2031-05-15
2026-10-06,CTEE29,ISA ENERGIA BRASIL S.A.,,2044-05-15,"IPCA + 5,3%",IPCA_MAIS,5.3,7.1662,6.9603,7.0372,0.1028,6.9344,7.1401,1039.134199,89.4182,1672.88,6.6384,,2035-05-15
2026-10-06,CTEE2B,ISA ENERGIA BRASIL S.A.,*,2039-10-15,"IPCA + 5,864%",IPCA_MAIS,5.864,7.2122,6.9608,7.1014,0.1992,6.9022,7.3007,1195.649275,90.6582,2100.11,8.3338,,2037-05-15
2026-10-06,CTGE11,COMPANHIA DE GERACAO E TRANSMISSAO DE ENERGIA ELETRICA DO SUL DO BRASIL ELETROSUL,*,2028-11-15,"IPCA + 3,75%",IPCA_MAIS,3.75,,6.0821,6.6919,0.2044,6.4875,6.8965,1383.005266,97.3814,237.28,0.9416,,2027-05-15
2026-10-06,CTGE13,COMPANHIA DE GERACAO E TRANSMISSAO DE ENERGIA ELETRICA DO SUL DO BRASIL ELETROSUL,*;**,2029-09-15,"IPCA + 5,3455%",IPCA_MAIS,5.3455,7.0212,6.8528,6.9112,0.0987,6.8125,7.01,1390.512554,96.046,688.51,2.7322,,2029-05-15
2026-10-06,CTGE15,COMPANHIA DE GERACAO E TRANSMISSAO DE ENERGIA ELETRICA DO SUL DO BRASIL ELETROSUL,*,2031-04-15,"IPCA + 6,3423%",IPCA_MAIS,6.3423,7.1069,6.834,6.9511,0.0849,6.8662,7.0361,1122.855041,97.8223,970.78,3.8523,35.0,2031-05-15
2026-10-06,CTNSA3,ENERGISA TOCANTINS - DISTRIBUIDORA DE ENERGIA S.A,*,2035-05-15,"IPCA + 7,3%",IPCA_MAIS,7.3,7.607,7.3032,7.4814,0.1046,7.3767,7.5861,1071.872995,99.0286,1454.87,5.7733,35.0,2033-05-15
2026-10-06,CTNSA5,ENERGISA TOCANTINS - DISTRIBUIDORA DE ENERGIA S.A,*,2036-02-15,"IPCA + 6,6675%",IPCA_MAIS,6.6675,7.6925,7.4034,7.5461,0.0761,7.4699,7.6223,978.736793,94.417,1754.98,6.9642,,2035-05-15
2026-10-06,CTRR11,CANTAREIRA TRANSMISSORA DE ENERGIA S/A,,2032-08-15,"IPCA + 6,9094%",IPCA_MAIS,6.9094,6.5634,6.4022,6.4896,0.2277,6.2619,6.7174,710.8713,101.0811,690.13,2.7386,,2029-05-15
2026-10-06,CUTI11,CUTIA EMPREENDIMENTOS EÓLICOS S.A.,,2031-12-15,"IPCA + 5,8813%",IPCA_MAIS,5.8813,7.1963,6.8945,7.0451,0.16,6.885,7.2052,827.308701,97.2826,631.61,2.5064,,2029-05-15
2026-10-06,CYAR11,AMBIENTAL CEARA 1 SPE S.A.,*,2045-12-15,"IPCA + 7,5232%",IPCA_MAIS,7.5232,12.0703,11.3302,11.7243,0.278,11.4462,12.0024,78.683541,73.9973,1841.56,7.3078,,2037-05-15
2026-10-06,DESK17,DESKTOP S/A,*,2031-06-15,"IPCA + 7,4408%",IPCA_MAIS,7.4408,7.3141,7.066,7.2285,0.1261,7.1024,7.3547,1137.913278,100.6316,802.5,3.1845,,2030-08-15
2026-10-06,DESK18,DESKTOP S/A,*,2032-06-15,"IPCA + 7,9356%",IPCA_MAIS,7.9356,7.2675,7.0192,7.212,0.1639,7.0481,7.376,1107.563446,102.8905,1069.71,4.2449,45.0,2031-05-15
2026-10-06,DESK19,DESKTOP S/A,*,2032-09-15,"IPCA + 8,1215%",IPCA_MAIS,8.1215,7.2866,7.107,7.1906,0.1496,7.041,7.3402,1088.505303,103.9488,1131.47,4.49,40.0,2032-08-15
2026-10-06,EBAS13,EMPRESA BAIANA DE AGUAS E SANEAMENTO SA,*,2035-11-15,"IPCA + 8,6%",IPCA_MAIS,8.6,8.0255,7.78,7.7805,0.2803,7.5002,8.0609,1211.956639,102.7502,909.07,3.6074,,2030-08-15
2026-10-06,EBENA8,EDP SÃO PAULO DISTRIBUIÇÃO DE ENERGIA S.A.,*,2036-12-15,"IPCA + 7,2843%",IPCA_MAIS,7.2843,7.3257,6.9479,7.1555,0.1165,7.0389,7.2721,1117.634349,100.8084,1690.57,6.7086,35.0,2035-05-15
2026-10-06,ECER12,CONCESSIONARIA ECOVIAS DO CERRADO S.A.,*,2027-09-15,"IPCA + 6,35%",IPCA_MAIS,6.35,6.8251,6.6055,6.6574,0.3686,6.2888,7.0261,1383.768922,99.7312,235.0,0.9325,,2027-05-15
2026-10-06,ECHP11,ECHOENERGIA PARTICIPACOES S/A,*,2030-06-15,"IPCA + 6,9%",IPCA_MAIS,6.9,7.4918,7.3354,7.4423,0.1437,7.2986,7.5861,991.406315,99.0225,488.38,1.938,,2028-08-15
2026-10-06,ECHP12,ECHOENERGIA PARTICIPACOES S/A,*,2030-12-15,"IPCA + 4,75%",IPCA_MAIS,4.75,7.503,7.3606,7.4882,0.2092,7.279,7.6976,909.62019,95.6324,431.27,1.7114,,2028-08-15
2026-10-06,ECHP22,ECHOENERGIA PARTICIPACOES S/A,*,2031-01-15,"IPCA + 4,75%",IPCA_MAIS,4.75,7.4977,7.314,7.4606,0.2295,7.231,7.6902,909.916601,95.6636,432.42,1.716,,2028-08-15
2026-10-06,ECOC13,ECO101 CONCESSIONARIA DE RODOVIAS S/A.,*,2030-06-15,"IPCA + 8,6431%",IPCA_MAIS,8.6431,8.0493,7.7437,7.876,0.1408,7.7353,8.0169,1061.32976,102.6235,921.0,3.6548,40.0,2030-08-15
2026-10-06,ECOV16,CONCESSIONÁRIA ECOVIAS DOS IMIGRANTES S/A,*,2033-02-15,"IPCA + 6,095%",IPCA_MAIS,6.095,8.1882,7.8024,7.9927,0.0798,7.9129,8.0726,1049.988795,92.8312,1050.57,4.1689,40.0,2031-05-15
2026-10-06,ECPN11,CONCESSIONARIA PONTE RIO-NITEROI S.A. - ECOPONTE,,2034-10-15,"IPCA + 4,4%",IPCA_MAIS,4.4,8.7469,8.4566,8.6322,0.1899,8.4423,8.8222,1144.306096,84.1251,1062.1,4.2147,,2031-05-15
2026-10-06,ECRD14,ECORIOMINAS CONCESSIONARIA DE RODOVIAS S.A.,*,2047-09-15,"IPCA + 8,3939%",IPCA_MAIS,8.3939,8.4842,8.2132,8.3652,0.1301,8.2351,8.4954,1084.196299,100.2342,2226.9,8.8369,,2040-08-15
2026-10-06,EDFT11,EDF OITI TRANSMISSORA S.A.,*,2049-05-15,"IPCA + 6,8209%",IPCA_MAIS,6.8209,7.6231,7.3971,7.4958,0.0873,7.4086,7.5832,1250.330858,95.8283,1677.37,6.6562,,2035-05-15
2026-10-06,EDPA11,EDP TRANSMISSAO ALIANCA SC S.A.,,2044-10-15,"IPCA + 8,3431%",IPCA_MAIS,8.3431,7.1789,6.8517,7.0449,0.2779,6.767,7.3229,1478.987311,107.9798,1641.41,6.5135,35.0,2035-05-15
2026-10-06,EDPT11,EDP TRANSMISSÃO S.A.,*;**,2033-05-15,"IPCA + 7,0267%",IPCA_MAIS,7.0267,7.0857,6.8573,7.0397,0.3082,6.7315,7.348,866.856602,99.9615,799.76,3.1737,,2030-08-15
2026-10-06,EDTE12,EDTE - EMPRESA DIAMANTINA DE TRANSMISSAO DE ENERGIA S.A.,*;**,2028-12-15,"IPCA + 5,2939%",IPCA_MAIS,5.2939,6.8961,6.741,6.7817,0.1461,6.6356,6.928,1032.53463,97.9076,379.01,1.504,,2028-08-15
2026-10-06,EDVP17,ENERGISA SUL-SUDESTE - DISTRIBUICAO DE ENERGIA S.A,,2032-01-15,"IPCA + 6,0996%",IPCA_MAIS,6.0996,7.4449,7.2386,7.3447,0.0983,7.2464,7.4431,1210.844112,95.7429,937.19,3.719,,2031-05-15
2026-10-06,EEELA0,CPFL TRANSMISSAO S.A,*,2033-10-15,"IPCA + 6,1774%",IPCA_MAIS,6.1774,7.2103,6.9379,7.0499,0.1,6.9499,7.1499,1129.362905,96.0426,1239.44,4.9184,,2032-08-15
2026-10-06,EEELA1,CPFL TRANSMISSAO S.A,*,2034-04-15,"IPCA + 6,0994%",IPCA_MAIS,6.0994,7.3219,7.0059,7.1535,0.1123,7.0412,7.2658,1085.43867,94.9159,1324.43,5.2557,5.0,2033-05-15
2026-10-06,EEELA4,CPFL TRANSMISSAO S.A,*,2035-02-15,"IPCA + 7,7082%",IPCA_MAIS,7.7082,7.3346,7.0419,7.1865,0.1359,7.0507,7.3225,1111.696121,102.8042,1438.86,5.7098,,2033-05-15
2026-10-06,EEELB1,CPFL TRANSMISSAO S.A,*,2039-04-15,"IPCA + 6,1572%",IPCA_MAIS,6.1572,7.4755,7.2384,7.3846,0.0861,7.2986,7.4708,1042.494166,91.137,2010.14,7.9767,,2037-05-15
2026-10-06,EEELB5,CPFL TRANSMISSAO S.A,*,2035-05-15,"IPCA + 6,9249%",IPCA_MAIS,6.9249,7.3106,7.0402,7.1864,0.1153,7.0711,7.3018,1066.664419,98.5796,1473.84,5.8486,,2033-05-15
2026-10-06,EGIE27,ENGIE BRASIL ENERGIA S.A.,,2028-07-15,"IPCA + 5,9033%",IPCA_MAIS,5.9033,6.2807,5.7317,6.0762,0.3892,5.687,6.4655,1024.623779,99.8245,271.28,1.0765,,2027-05-15
2026-10-06,EGIE29,ENGIE BRASIL ENERGIA S.A.,,2029-07-15,"IPCA + 3,9%",IPCA_MAIS,3.9,6.8519,6.6838,6.8287,0.1776,6.6511,7.0064,1413.996806,95.388,425.76,1.6895,,2028-08-15
2026-10-06,EGIE49,ENGIE BRASIL ENERGIA S.A.,,2029-07-15,"IPCA + 3,7%",IPCA_MAIS,3.7,6.8536,6.6794,6.842,0.174,6.6679,7.0161,1409.122655,95.1013,421.51,1.6727,,2028-08-15
2026-10-06,EGIEA0,ENGIE BRASIL ENERGIA S.A.,*,2046-09-15,"IPCA + 5,7158%",IPCA_MAIS,5.7158,7.1289,6.928,7.0347,0.0453,6.9894,7.0801,1055.77249,89.164,2274.91,9.0274,,2040-08-15
2026-10-06,EGIEA1,ENGIE BRASIL ENERGIA S.A.,*,2033-11-15,"IPCA + 5,9325%",IPCA_MAIS,5.9325,7.048,6.8718,6.897,0.1468,6.7502,7.044,1146.158369,95.5843,1251.02,4.9644,10.0,2032-08-15
2026-10-06,EGIEA6,ENGIE BRASIL ENERGIA S.A.,*,2038-02-15,"IPCA + 6,2474%",IPCA_MAIS,6.2474,7.2672,7.009,7.1562,0.0897,7.0665,7.2459,995.055513,93.713,1908.36,7.5729,50.0,2037-05-15
2026-10-06,EGIEB1,ENGIE BRASIL ENERGIA S.A.,*,2038-11-15,"IPCA + 6,0691%",IPCA_MAIS,6.0691,7.28,6.99,7.1296,0.0923,7.0374,7.222,1110.291375,92.4886,1958.12,7.7703,,2037-05-15
2026-10-06,EGIEB2,ENGIE BRASIL ENERGIA S.A.,*,2034-06-15,"IPCA + 6,7766%",IPCA_MAIS,6.7766,6.9891,6.753,6.849,0.1852,6.6639,7.0343,1125.336422,99.6318,1371.04,5.4406,,2033-05-15
2026-10-06,EGIEB4,ENGIE BRASIL ENERGIA S.A.,*,2032-01-15,"IPCA + 7,5568%",IPCA_MAIS,7.5568,6.8934,6.6827,6.7843,0.1496,6.6347,6.9341,1226.428389,102.7283,943.6,3.7444,35.0,2031-05-15
2026-10-06,EGIEB5,ENGIE BRASIL ENERGIA S.A.,*,2035-06-15,"IPCA + 6,8555%",IPCA_MAIS,6.8555,7.1626,6.9221,7.0672,0.2119,6.8553,7.2791,1125.265842,98.8153,1515.4,6.0135,5.0,2035-05-15
2026-10-06,EGVG11,ENEL GREEN POWER VOLTA GRANDE S.A.,,2029-10-15,"IPCA + 3,7%",IPCA_MAIS,3.7,7.2369,6.8182,7.0154,0.1606,6.8547,7.1761,570.828034,95.6319,352.85,1.4002,,2028-08-15
2026-10-06,EGVG21,ENEL GREEN POWER VOLTA GRANDE S.A.,,2029-10-15,"IPCA + 3,7%",IPCA_MAIS,3.7,7.2138,6.8464,7.0104,0.1395,6.871,7.15,581.395674,95.6765,349.6,1.3873,,2028-08-15
2026-10-06,EKTRA6,ELEKTRO REDES S.A.,*,2035-08-15,"IPCA + 6,8172%",IPCA_MAIS,6.8172,7.4389,7.2362,7.3881,0.0909,7.2972,7.4792,1075.456293,95.4167,2218.0,8.8016,,2040-08-15
2026-10-06,EKTRA8,ELEKTRO REDES S.A.,*,2031-03-15,"IPCA + 7,0099%",IPCA_MAIS,7.0099,7.4471,7.1543,7.3263,0.1229,7.2034,7.4494,1049.909479,98.8847,956.76,3.7967,35.0,2031-05-15
2026-10-06,EKTRB3,ELEKTRO REDES S.A.,*,2034-04-15,"IPCA + 6,2587%",IPCA_MAIS,6.2587,7.5702,7.3149,7.4235,0.1108,7.3127,7.5344,1081.839752,94.4377,1316.52,5.2243,,2033-05-15
2026-10-06,EKTRB6,ELEKTRO REDES S.A.,*,2040-08-15,"IPCA + 6,7636%",IPCA_MAIS,6.7636,7.6058,7.2848,7.4285,0.1071,7.3213,7.5357,1000.993874,94.772,2163.53,8.5854,,2040-08-15
2026-10-06,EKTRC0,ELEKTRO REDES S.A.,*,2031-10-15,"IPCA + 5,7697%",IPCA_MAIS,5.7697,7.4727,7.1964,7.3089,0.1033,7.2056,7.4123,1252.422169,95.0622,880.28,3.4932,,2030-08-15
2026-10-06,EKTRC1,ELEKTRO REDES S.A.,*;**,2029-07-15,"IPCA + 6,623%",IPCA_MAIS,6.623,7.3967,7.1343,7.2445,0.1215,7.1231,7.3661,1193.072047,98.7897,527.65,2.0938,,2029-05-15
2026-10-06,EKTT11,EKTT 9 SERV DE TRANS DE E E SPE S.A.,*,2038-05-15,"IPCA + 6,4217%",IPCA_MAIS,6.4217,7.6096,7.3238,7.4257,0.1209,7.3048,7.5467,1225.27118,95.2685,1286.3,5.1044,,2032-08-15
2026-10-06,ELDC15,ELDORADO BRASIL CELULOSE S.A.,*,2035-10-15,"IPCA + 7,795%",IPCA_MAIS,7.795,8.2767,7.9182,8.0392,0.1711,7.8682,8.2104,1066.079923,98.6786,1479.09,5.8694,,2033-05-15
2026-10-06,ELET14,CENTRAIS ELETRICAS BRASILEIRAS S/A ELETROBRAS,*,2031-09-15,"IPCA + 6,317%",IPCA_MAIS,6.317,7.0795,6.8929,7.0111,0.1306,6.8805,7.1418,1125.68457,97.7495,880.35,3.4935,35.0,2030-08-15
2026-10-06,ELET16,CENTRAIS ELETRICAS BRASILEIRAS S/A ELETROBRAS,*,2034-09-15,"IPCA + 6,877%",IPCA_MAIS,6.877,7.3019,7.0569,7.2053,0.1017,7.1035,7.3071,1079.55194,98.1121,1563.61,6.2048,,2035-05-15
2026-10-06,ELET23,CENTRAIS ELETRICAS BRASILEIRAS S/A ELETROBRAS,,2031-04-15,"IPCA + 4,9126%",IPCA_MAIS,4.9126,7.1225,6.9119,7.0118,0.1706,6.8411,7.1825,1275.144824,92.4282,998.1,3.9607,,2031-05-15
2026-10-06,ELET42,CENTRAIS ELETRICAS BRASILEIRAS S/A ELETROBRAS,,2029-05-15,"IPCA + 5,1814%",IPCA_MAIS,5.1814,7.0616,6.863,6.9741,0.1593,6.8148,7.1334,1465.708122,97.5086,374.76,1.4871,,2028-08-15
2026-10-06,ELPLA5,ELETROPAULO METROP. ELETRIC. DE S.P. S/A,*,2031-04-15,"IPCA + 4,26%",IPCA_MAIS,4.26,11.6897,10.2523,10.9848,0.2298,10.7551,11.2147,1129.899845,82.0471,788.3,3.1282,,2030-08-15
2026-10-06,ELPLA7,ELETROPAULO METROP. ELETRIC. DE S.P. S/A,*,2032-04-15,"IPCA + 6,1385%",IPCA_MAIS,6.1385,11.6495,10.2107,10.9777,0.2315,10.7462,11.2093,1044.157429,84.3425,950.44,3.7716,35.0,2031-05-15
2026-10-06,ELPLC8,ELETROPAULO METROP. ELETRIC. DE S.P. S/A,*,2029-06-15,"IPCA + 8,3%",IPCA_MAIS,8.3,9.6664,8.5107,9.1576,0.3388,8.8189,9.4965,1149.13464,97.9217,671.0,2.6627,35.0,2029-05-15
2026-10-06,ELTE12,EMPRESA LITORANEA DE TRANSMISSAO DE ENERGIA S.A. - ELTE,*,2039-07-15,"IPCA + 6,4232%",IPCA_MAIS,6.4232,6.9682,6.6889,6.8301,0.1346,6.6954,6.9648,973.227672,97.8943,1398.09,5.548,,2033-05-15
2026-10-06,ELTN15,CENTRAIS ELETRICAS DO NORTE DO BRASIL S/A - ELETRONORTE,*,2031-04-15,"IPCA + 6,3423%",IPCA_MAIS,6.3423,7.107,6.8553,6.9775,0.1004,6.8771,7.078,1121.787994,97.7293,970.68,3.8519,35.0,2031-05-15
2026-10-06,ELTN27,CENTRAIS ELETRICAS DO NORTE DO BRASIL S/A - ELETRONORTE,*,2032-07-15,"IPCA + 7,3146%",IPCA_MAIS,7.3146,7.2108,6.9516,7.0599,0.1017,6.9582,7.1618,1078.143554,101.1296,1192.09,4.7305,,2032-08-15
2026-10-06,ELTN37,CENTRAIS ELETRICAS DO NORTE DO BRASIL S/A - ELETRONORTE,*,2035-07-15,"IPCA + 7,2083%",IPCA_MAIS,7.2083,7.2382,6.9891,7.1778,0.1011,7.0767,7.2791,1067.844719,100.1864,1649.66,6.5463,,2035-05-15
2026-10-06,ENAT11,ENAUTA PARTICIPACOES S.A.,*,2029-12-15,"IPCA + 9,8297%",IPCA_MAIS,9.8297,8.3238,7.8581,8.122,0.0899,8.0321,8.212,1098.803458,102.3948,382.47,1.5177,35.0,2028-08-15
2026-10-06,ENAT12,ENAUTA PARTICIPACOES S.A.,*,2029-09-17,"IPCA + 7,1149%",IPCA_MAIS,7.1149,8.5302,8.1126,8.3174,0.177,8.1404,8.4945,1128.190937,97.9999,455.3,1.8067,,2028-08-15
2026-10-06,ENAT13,ENAUTA PARTICIPACOES S.A.,*,2030-06-15,"IPCA + 8,0618%",IPCA_MAIS,8.0618,8.5309,8.1021,8.3352,0.158,8.1772,8.4932,1125.939055,99.2031,797.59,3.165,45.0,2030-08-15
2026-10-06,ENAT14,ENAUTA PARTICIPACOES S.A.,*,2030-06-15,"IPCA + 8,056%",IPCA_MAIS,8.056,8.3922,7.9617,8.2036,0.2039,7.9998,8.4076,1129.712394,99.5686,797.96,3.1665,10.0,2030-08-15
2026-10-06,ENAT24,ENAUTA PARTICIPACOES S.A.,*,2034-06-15,"IPCA + 8,2674%",IPCA_MAIS,8.2674,8.6399,8.2787,8.4758,0.1998,8.276,8.6757,1124.193324,99.0207,1288.38,5.1126,,2032-08-15
2026-10-06,ENAT33,ENAUTA PARTICIPACOES S.A.,*,2034-06-15,"IPCA + 8,262%",IPCA_MAIS,8.262,8.7011,8.2752,8.4681,0.1332,8.3349,8.6013,1124.64906,99.0312,1288.61,5.1135,35.0,2032-08-15
2026-10-06,ENERA1,ENERGISA MATO GROSSO DO SUL - DISTRIBUIDORA DE ENERGIA S.A.,,2031-02-15,"IPCA + 6,1076%",IPCA_MAIS,6.1076,7.4366,7.2112,7.3704,0.0992,7.2712,7.4696,1092.888593,96.0148,864.7,3.4313,,2030-08-15
2026-10-06,ENERB4,ENERGISA MATO GROSSO DO SUL - DISTRIBUIDORA DE ENERGIA S.A.,,2034-09-15,"IPCA + 6,4364%",IPCA_MAIS,6.4364,7.7881,7.4803,7.6124,0.0827,7.5298,7.6952,1027.853186,93.3326,1573.99,6.246,,2035-05-15
2026-10-06,ENERB7,ENERGISA MATO GROSSO DO SUL - DISTRIBUIDORA DE ENERGIA S.A.,*,2035-09-15,"IPCA + 7,0461%",IPCA_MAIS,7.0461,7.8147,7.4829,7.6323,0.106,7.5263,7.7384,1013.43102,96.3901,1690.72,6.7092,5.0,2035-05-15
2026-10-06,ENERB8,ENERGISA MATO GROSSO DO SUL - DISTRIBUIDORA DE ENERGIA S.A.,*,2036-07-15,"IPCA + 7,892%",IPCA_MAIS,7.892,7.6232,7.4249,7.5224,0.0758,7.4466,7.5983,1042.238064,102.2173,1614.43,6.4065,35.0,2035-05-15
2026-10-06,ENERC7,ENERGISA MATO GROSSO DO SUL - DISTRIBUIDORA DE ENERGIA S.A.,*,2040-09-15,"IPCA + 6,9467%",IPCA_MAIS,6.9467,7.7066,7.3945,7.5748,0.1245,7.4503,7.6995,999.376356,95.0585,2165.69,8.594,5.0,2040-08-15
2026-10-06,ENEV13,ENEVA S.A.,,2027-12-15,"IPCA + 4,2259%",IPCA_MAIS,4.2259,6.5996,6.1437,6.4154,0.3469,6.0686,6.7624,969.588488,98.6273,166.9,0.6623,,2027-05-15
2026-10-06,ENEV15,ENEVA S.A.,,2030-06-15,"IPCA + 5,5%",IPCA_MAIS,5.5,7.3211,7.0488,7.184,0.113,7.071,7.2971,1411.543018,96.188,616.73,2.4473,,2029-05-15
2026-10-06,ENEV16,ENEVA S.A.,,2030-09-15,"IPCA + 4,127%",IPCA_MAIS,4.127,7.3378,7.0939,7.2296,0.1436,7.0861,7.3733,1320.0895,92.2365,690.55,2.7403,,2029-05-15
2026-10-06,ENEV18,ENEVA S.A.,*,2032-07-15,"IPCA + 6,5254%",IPCA_MAIS,6.5254,7.4629,7.206,7.3508,0.1482,7.2026,7.4991,1170.083697,96.9066,1023.81,4.0627,10.0,2031-05-15
2026-10-06,ENEV19,ENEVA S.A.,*,2032-09-15,"IPCA + 6,9%",IPCA_MAIS,6.9,7.4283,7.1821,7.2902,0.1151,7.1751,7.4054,1188.619993,98.4754,1061.57,4.2126,,2031-05-15
2026-10-06,ENEV26,ENEVA S.A.,,2035-09-15,"IPCA + 4,5034%",IPCA_MAIS,4.5034,7.5273,7.3241,7.4421,0.0669,7.3752,7.5092,1190.699043,83.1779,1654.26,6.5645,,2035-05-15
2026-10-06,ENEV28,ENEVA S.A.,*,2037-07-15,"IPCA + 6,5891%",IPCA_MAIS,6.5891,7.6082,7.3669,7.4786,0.1263,7.3524,7.605,1137.580514,94.2018,1799.65,7.1415,,2037-05-15
2026-10-06,ENEV29,ENEVA S.A.,*,2037-09-15,IPCA + 7%,IPCA_MAIS,7.0,7.5915,7.3504,7.5096,0.1842,7.3255,7.6939,1166.166599,96.6098,1822.53,7.2323,,2037-05-15
2026-10-06,ENEV32,ENEVA S.A.,,2029-05-15,"IPCA + 5,05%",IPCA_MAIS,5.05,7.31,7.0864,7.2172,0.1946,7.0226,7.4118,1456.45476,96.9958,374.68,1.4868,45.0,2028-08-15
2026-10-06,ENEV39,ENEVA S.A.,*,2042-09-15,"IPCA + 7,15%",IPCA_MAIS,7.15,7.5249,7.2747,7.4068,0.067,7.3397,7.4739,1179.42169,97.6998,2440.19,9.6833,,2040-08-15
2026-10-06,ENEVA0,ENEVA S.A.,*,2034-04-15,"IPCA + 6,5643%",IPCA_MAIS,6.5643,7.479,7.2125,7.3501,0.153,7.1971,7.5033,1104.665676,96.2464,1307.97,5.1904,35.0,2033-05-15
2026-10-06,ENEVA4,ENEVA S.A.,*,2036-01-15,"IPCA + 6,7078%",IPCA_MAIS,6.7078,7.62,7.3524,7.548,0.1413,7.4067,7.6894,993.68917,94.73,1730.09,6.8654,35.0,2035-05-15
2026-10-06,ENEVB0,ENEVA S.A.,*,2039-04-15,"IPCA + 6,6737%",IPCA_MAIS,6.6737,7.7135,7.4253,7.5786,0.1623,7.4163,7.741,1074.272543,93.5526,1970.11,7.8179,,2037-05-15
2026-10-06,ENEVB4,ENEVA S.A.,*,2041-01-15,"IPCA + 6,6709%",IPCA_MAIS,6.6709,7.5927,7.3393,7.4801,0.1382,7.3418,7.6184,981.409321,93.5668,2196.11,8.7147,,2040-08-15
2026-10-06,ENGI39,ENERGISA S/A,,2027-10-15,"IPCA + 5,1074%",IPCA_MAIS,5.1074,6.3568,5.9117,6.2337,0.4957,5.738,6.7295,1635.822314,98.9738,243.82,0.9675,,2027-05-15
2026-10-06,ENGIA4,ENERGISA S/A,,2027-10-15,"IPCA + 4,2297%",IPCA_MAIS,4.2297,5.9343,5.7558,5.8418,0.2018,5.64,6.0437,1424.904352,98.4988,248.29,0.9853,,2027-05-15
2026-10-06,ENGIA5,ENERGISA S/A,,2031-10-15,"IPCA + 6,0872%",IPCA_MAIS,6.0872,7.5252,7.2692,7.3987,0.1582,7.2405,7.557,1264.083188,95.8105,875.2,3.473,,2030-08-15
2026-10-06,ENGIA6,ENERGISA S/A,,2029-04-15,"IPCA + 6,1566%",IPCA_MAIS,6.1566,7.3887,7.1176,7.2298,0.1812,7.0486,7.4111,1222.120161,98.6,352.34,1.3982,35.0,2028-08-15
2026-10-06,ENGIA9,ENERGISA S/A,,2030-09-15,"IPCA + 6,1666%",IPCA_MAIS,6.1666,7.5136,7.2532,7.3848,0.1544,7.2304,7.5392,1108.627317,96.5097,783.6,3.1095,,2030-08-15
2026-10-06,ENGIB0,ENERGISA S/A,,2031-04-15,"IPCA + 6,1581%",IPCA_MAIS,6.1581,7.5235,7.257,7.3608,0.1409,7.2198,7.5018,1097.400199,95.7355,972.59,3.8595,,2031-05-15
2026-10-06,ENGIB2,ENERGISA S/A,,2034-09-15,"IPCA + 6,4364%",IPCA_MAIS,6.4364,7.7887,7.4515,7.612,0.1064,7.5056,7.7186,1027.877049,93.3348,1573.99,6.246,,2035-05-15
2026-10-06,ENGIB4,ENERGISA S/A,,2030-10-15,"IPCA + 4,4744%",IPCA_MAIS,4.4744,7.3341,7.1095,7.1864,0.1094,7.0769,7.2959,1349.390443,93.1747,691.94,2.7458,,2029-05-15
2026-10-06,ENGIB6,ENERGISA S/A,,2032-04-15,"IPCA + 6,277%",IPCA_MAIS,6.277,7.5014,7.2438,7.3588,0.1554,7.2033,7.5143,1192.79749,96.1824,965.85,3.8327,,2031-05-15
2026-10-06,ENGIB9,ENERGISA S/A,,2033-09-15,"IPCA + 6,4526%",IPCA_MAIS,6.4526,7.604,7.2926,7.4352,0.1255,7.3096,7.5608,1097.656711,95.5394,1247.8,4.9516,35.0,2032-08-15
2026-10-06,ENGIC0,ENERGISA S/A,,2039-04-15,"IPCA + 6,4045%",IPCA_MAIS,6.4045,7.8076,7.4649,7.704,0.1489,7.5551,7.853,1041.775695,90.7826,1981.58,7.8634,35.0,2037-05-15
2026-10-06,ENJG21,COMPANHIA ENERGÉTICA JAGUARA,,2027-06-15,"IPCA + 6,4962%",IPCA_MAIS,6.4962,6.1517,5.7521,5.9764,0.254,5.7223,6.2305,348.332151,100.2072,106.65,0.4232,,2027-05-15
2026-10-06,ENMI21,COMPANHIA ENERGÉTICA MIRANDA,,2027-06-15,"IPCA + 6,4962%",IPCA_MAIS,6.4962,5.8095,,5.4275,0.0734,5.354,5.501,399.397117,100.4278,106.73,0.4235,,2027-05-15
2026-10-06,ENMTA3,ENERGISA MATO GROSSO - DISTRIBUIDORA DE ENERGIA S.A.,,2027-10-15,"IPCA + 4,2297%",IPCA_MAIS,4.2297,6.2468,5.8435,5.9563,0.1421,5.8142,6.0985,1423.387227,98.394,248.28,0.9852,,2027-05-15
2026-10-06,ENMTA4,ENERGISA MATO GROSSO - DISTRIBUIDORA DE ENERGIA S.A.,,2031-10-15,"IPCA + 6,0872%",IPCA_MAIS,6.0872,7.5317,7.2878,7.4366,0.148,7.2886,7.5847,1262.535277,95.6932,875.05,3.4724,45.0,2030-08-15
2026-10-06,ENMTA5,ENERGISA MATO GROSSO - DISTRIBUIDORA DE ENERGIA S.A.,,2029-04-15,"IPCA + 6,1566%",IPCA_MAIS,6.1566,7.2563,7.0858,7.1649,0.2323,6.9326,7.3973,1223.155279,98.6835,352.44,1.3986,,2028-08-15
2026-10-06,ENMTA7,ENERGISA MATO GROSSO - DISTRIBUIDORA DE ENERGIA S.A.,,2031-02-15,"IPCA + 6,1076%",IPCA_MAIS,6.1076,7.4766,7.2381,7.3692,0.1058,7.2634,7.4751,1092.930506,96.0185,864.71,3.4314,,2030-08-15
2026-10-06,ENMTB3,ENERGISA MATO GROSSO - DISTRIBUIDORA DE ENERGIA S.A.,,2030-10-15,"IPCA + 4,4744%",IPCA_MAIS,4.4744,7.3009,7.0967,7.2016,0.1323,7.0693,7.3339,1348.865172,93.1385,691.9,2.7456,,2029-05-15
2026-10-06,ENMTB5,ENERGISA MATO GROSSO - DISTRIBUIDORA DE ENERGIA S.A.,,2032-04-15,"IPCA + 6,277%",IPCA_MAIS,6.277,7.4871,7.229,7.3604,0.1704,7.1901,7.5309,1192.729357,96.1769,965.84,3.8327,,2031-05-15
2026-10-06,ENMTC5,ENERGISA MATO GROSSO - DISTRIBUIDORA DE ENERGIA S.A.,*,2035-09-15,"IPCA + 7,0999%",IPCA_MAIS,7.0999,7.7684,7.4647,7.5991,0.199,7.4001,7.7981,1019.054906,96.9221,1689.18,6.7031,35.0,2035-05-15
2026-10-06,ENMTC6,ENERGISA MATO GROSSO - DISTRIBUIDORA DE ENERGIA S.A.,*,2040-10-15,"IPCA + 7,1146%",IPCA_MAIS,7.1146,7.8221,7.5355,7.6729,0.055,7.6179,7.7279,1030.746376,95.7411,2095.07,8.3138,,2037-05-15
2026-10-06,ENMTD2,ENERGISA MATO GROSSO - DISTRIBUIDORA DE ENERGIA S.A.,,2034-12-15,"IPCA + 7,0292%",IPCA_MAIS,7.0292,7.7971,7.465,7.6084,0.0979,7.5105,7.7064,1072.726109,96.7055,1559.2,6.1873,5.0,2035-05-15
2026-10-06,ENMTD5,ENERGISA MATO GROSSO - DISTRIBUIDORA DE ENERGIA S.A.,*,2040-09-15,"IPCA + 6,9467%",IPCA_MAIS,6.9467,7.6069,7.3379,7.4978,0.1903,7.3075,7.6882,1005.550429,95.6458,2169.41,8.6088,,2040-08-15
2026-10-06,ENMTD9,ENERGISA MATO GROSSO - DISTRIBUIDORA DE ENERGIA S.A.,*,2036-07-15,"IPCA + 7,892%",IPCA_MAIS,7.892,7.6329,7.3838,7.546,0.1389,7.4072,7.685,1040.77393,102.0737,1613.93,6.4045,40.0,2035-05-15
2026-10-06,ENMTE6,ENERGISA MATO GROSSO - DISTRIBUIDORA DE ENERGIA S.A.,*,2035-10-15,"IPCA + 7,2318%",IPCA_MAIS,7.2318,7.6957,7.4262,7.5513,0.0578,7.4935,7.6093,1056.392035,98.0721,1645.27,6.5288,,2035-05-15
2026-10-06,ENMTF8,ENERGISA MATO GROSSO - DISTRIBUIDORA DE ENERGIA S.A.,*,2036-02-15,"IPCA + 6,6675%",IPCA_MAIS,6.6675,7.707,7.3972,7.5405,0.082,7.4585,7.6227,979.091803,94.4513,1755.11,6.9647,,2035-05-15
2026-10-06,ENMTG8,ENERGISA MATO GROSSO - DISTRIBUIDORA DE ENERGIA S.A.,*,2041-02-15,"IPCA + 6,55%",IPCA_MAIS,6.55,7.6317,7.3024,7.4648,0.0504,7.4144,7.5153,960.242021,92.6471,2227.38,8.8388,,2040-08-15
2026-10-06,ENSEA1,ENERGISA SERGIPE - DIST.DE ENERGIA S/A,,2027-07-15,"IPCA + 5,736%",IPCA_MAIS,5.736,,5.9566,6.2615,0.4601,5.8015,6.7217,1259.003968,99.6297,188.58,0.7483,,2027-05-15
2026-10-06,ENSEA5,ENERGISA SERGIPE - DIST.DE ENERGIA S/A,*,2036-02-15,"IPCA + 6,6675%",IPCA_MAIS,6.6675,7.61,7.3752,7.514,0.1307,7.3834,7.6448,980.774096,94.6136,1755.7,6.9671,35.0,2035-05-15
2026-10-06,ENSEB4,ENERGISA SERGIPE - DIST.DE ENERGIA S/A,*,2035-09-15,"IPCA + 7,1536%",IPCA_MAIS,7.1536,7.7623,7.3931,7.5669,0.1755,7.3914,7.7426,1024.622474,97.4487,1687.64,6.697,,2035-05-15
2026-10-06,ENSEB5,ENERGISA SERGIPE - DIST.DE ENERGIA S/A,*,2041-02-15,"IPCA + 6,55%",IPCA_MAIS,6.55,7.5086,7.2647,7.4027,0.1675,7.2352,7.5703,965.164163,93.122,2230.63,8.8517,,2040-08-15
2026-10-06,ENSEC4,ENERGISA SERGIPE - DIST.DE ENERGIA S/A,*,2040-09-15,"IPCA + 6,9467%",IPCA_MAIS,6.9467,7.6034,7.3403,7.4725,0.195,7.2775,7.6676,1007.590662,95.8399,2170.63,8.6136,,2040-08-15
2026-10-06,ENTV12,ENTREVIAS CONCESSIONARIA DE RODOVIAS S.A,*;**,2030-12-15,"IPCA + 7,75%",IPCA_MAIS,7.75,7.7335,7.3343,7.578,0.1851,7.3929,7.7633,1470.839417,100.3351,527.99,2.0952,,2029-05-15
2026-10-06,ENTV13,ENTREVIAS CONCESSIONARIA DE RODOVIAS S.A,*,2036-12-15,"IPCA + 8,0389%",IPCA_MAIS,8.0389,8.2517,7.5878,7.9275,0.1728,7.7547,8.1004,1146.553809,100.5872,1430.95,5.6784,35.0,2033-05-15
2026-10-06,EPRL12,EPR LITORAL PIONEIRO S.A.,*,2049-03-15,"IPCA + 8,203%",IPCA_MAIS,8.203,8.4206,8.0046,8.183,0.1047,8.0783,8.2878,1048.790947,100.1673,2280.31,9.0488,,2040-08-15
2026-10-06,EQMAA0,EQUATORIAL MARANHAO DISTRIBUIDORA DE ENERGIA S.A,*,2031-12-15,"IPCA + 6,3%",IPCA_MAIS,6.3,7.5341,7.2947,7.4219,0.1046,7.3172,7.5266,1116.285895,96.2564,913.57,3.6253,,2030-08-15
2026-10-06,EQMAA2,EQUATORIAL MARANHAO DISTRIBUIDORA DE ENERGIA S.A,*,2036-09-15,"IPCA + 6,6493%",IPCA_MAIS,6.6493,7.8469,7.5115,7.6628,0.1168,7.5461,7.7797,1036.567851,94.0341,1629.58,6.4666,,2035-05-15
2026-10-06,EQPA18,EQUATORIAL PARA DISTRIBUIDORA DE ENERGIA S.A.,*,2036-12-15,"IPCA + 7,7477%",IPCA_MAIS,7.7477,7.7148,7.4433,7.6953,0.1427,7.5526,7.8381,1114.471638,100.3076,1591.81,6.3167,35.0,2035-05-15
2026-10-06,EQPA19,EQUATORIAL PARA DISTRIBUIDORA DE ENERGIA S.A.,*,2037-06-15,"IPCA + 7,0606%",IPCA_MAIS,7.0606,7.6807,7.4145,7.6364,0.1938,7.4426,7.8303,1035.45083,96.4634,1684.69,6.6853,15.0,2035-05-15
2026-10-06,EQPAA1,EQUATORIAL PARA DISTRIBUIDORA DE ENERGIA S.A.,*,2038-01-15,"IPCA + 6,57%",IPCA_MAIS,6.57,7.7298,7.408,7.6967,0.1781,7.5186,7.8749,972.178108,92.7347,1792.31,7.1123,,2037-05-15
2026-10-06,EQSP11,EQUATORIAL TRANSMISSORA 3 SPE S.A.,,2033-01-15,"IPCA + 4,8%",IPCA_MAIS,4.8,7.4751,7.329,7.4223,0.091,7.3313,7.5134,989.267162,92.7719,755.3,2.9972,,2030-08-15
2026-10-06,EQSP21,EQUATORIAL TRANSMISSORA 3 SPE S.A.,,2034-01-15,"IPCA + 4,65%",IPCA_MAIS,4.65,7.4314,7.3191,7.4186,0.0964,7.3221,7.5151,878.101053,91.4541,846.23,3.3581,,2030-08-15
2026-10-06,EQTC11,EQUATORIAL TRANSMISSORA 5 SPE S.A.,,2039-04-15,"IPCA + 4,85%",IPCA_MAIS,4.85,7.6678,7.3595,7.5337,0.0975,7.4361,7.6313,1226.02202,85.6602,1495.09,5.9329,,2033-05-15
2026-10-06,EQTN11,EQUATORIAL TRANSMISSORA 2 SPE S/A,,2033-01-15,"IPCA + 4,85%",IPCA_MAIS,4.85,7.4015,7.2112,7.3569,0.1221,7.2348,7.479,990.751287,93.2932,730.85,2.9002,,2029-05-15
2026-10-06,EQTR11,EQUATORIAL TRANSMISSORA 8 SPE S.A.,,2039-04-15,"IPCA + 4,85%",IPCA_MAIS,4.85,7.6415,7.4192,7.5619,0.0931,7.4688,7.655,1224.116863,85.5271,1494.09,5.9289,,2033-05-15
2026-10-06,EQTR21,EQUATORIAL TRANSMISSORA 8 SPE S.A.,,2039-04-15,"IPCA + 4,85%",IPCA_MAIS,4.85,7.6854,7.4648,7.575,0.1172,7.4578,7.6923,1223.233449,85.4654,1493.63,5.9271,,2033-05-15
2026-10-06,EQTS11,EQUATORIAL TRANSMISSORA 1 SPE S.A,,2033-01-15,"IPCA + 4,85%",IPCA_MAIS,4.85,7.5179,7.2847,7.4331,0.1136,7.3195,7.5468,986.777094,92.9925,742.12,2.9449,,2030-08-15
2026-10-06,EQUA11,EQUATORIAL TRANSMISSAO S.A,*,2036-03-15,"IPCA + 4,9173%",IPCA_MAIS,4.9173,7.5189,7.2494,7.3907,0.1607,7.23,7.5515,1028.574228,90.7585,1026.35,4.0728,,2031-05-15
2026-10-06,ERDVA4,ECORODOVIAS CONCESSÕES E SERVIÇOS S/A,*,2031-06-15,"IPCA + 6,8233%",IPCA_MAIS,6.8233,8.2188,7.8789,7.9718,0.222,7.7498,8.1939,1082.999801,95.84,998.93,3.964,,2031-05-15
2026-10-06,ERDVB4,ECORODOVIAS CONCESSÕES E SERVIÇOS S/A,*,2034-06-15,"IPCA + 7,1117%",IPCA_MAIS,7.1117,8.4035,8.0595,8.2257,0.233,7.9927,8.4588,1070.921524,94.6901,1322.52,5.2481,35.0,2033-05-15
2026-10-06,ERDVC3,ECORODOVIAS CONCESSÕES E SERVIÇOS S/A,*,2033-10-15,"IPCA + 6,8285%",IPCA_MAIS,6.8285,8.3859,8.1579,8.2329,0.1479,8.0851,8.3809,1107.587824,93.8848,1210.91,4.8052,,2032-08-15
2026-10-06,ERDVC4,ECORODOVIAS CONCESSÕES E SERVIÇOS S/A,*,2039-06-15,"IPCA + 7,3108%",IPCA_MAIS,7.3108,8.6235,8.2187,8.4168,0.1776,8.2393,8.5945,1044.783778,92.3246,1940.14,7.699,,2037-05-15
2026-10-06,ESAM14,EMPRESA DE ENERGIA SÃO MANOEL S/A,,2033-06-15,"IPCA + 7,3129%",IPCA_MAIS,7.3129,7.1488,6.8925,6.9709,0.1861,6.7848,7.1571,793.202894,100.9618,757.42,3.0056,,2030-08-15
2026-10-06,ESCEA5,EDP ESPIRITO SANTO DISTRIBUICAO DE ENERGIA SA,*,2036-12-15,"IPCA + 7,2843%",IPCA_MAIS,7.2843,7.1483,6.9541,7.0864,0.1198,6.9666,7.2063,1122.483746,101.2458,1692.2,6.7151,,2035-05-15
2026-10-06,ESSDA4,ENERGISA SUL-SUDESTE - DISTRIBUICAO DE ENERGIA S.A,*,2035-05-15,"IPCA + 7,3%",IPCA_MAIS,7.3,7.5904,7.2974,7.4512,0.126,7.3252,7.5772,1073.613701,99.1894,1455.34,5.7752,,2033-05-15
2026-10-06,ESSDA5,ENERGISA SUL-SUDESTE - DISTRIBUICAO DE ENERGIA S.A,*,2035-10-15,"IPCA + 7,2318%",IPCA_MAIS,7.2318,7.7288,7.4453,7.581,0.1125,7.4686,7.6936,1054.489801,97.8955,1644.59,6.5262,,2035-05-15
2026-10-06,ESSDB5,ENERGISA SUL-SUDESTE - DISTRIBUICAO DE ENERGIA S.A,*,2040-10-15,"IPCA + 7,1146%",IPCA_MAIS,7.1146,7.8168,7.526,7.6706,0.1448,7.5258,7.8154,1030.929453,95.7581,2095.19,8.3142,,2037-05-15
2026-10-06,ESULA6,ENERGISA MATO GROSSO DO SUL - DISTRIBUIDORA DE ENERGIA S.A.,,2031-10-15,"IPCA + 6,0872%",IPCA_MAIS,6.0872,7.5184,7.2723,7.394,0.1451,7.2489,7.5393,1264.275334,95.825,875.22,3.4731,,2030-08-15
2026-10-06,ETBA12,ETB - EMPRESA DE TRANSMISSAO BAIANA S.A.,*;**,2029-02-15,"IPCA + 5,3382%",IPCA_MAIS,5.3382,6.9081,6.7624,6.8406,0.2147,6.6258,7.0554,1063.567461,97.4031,467.32,1.8544,5.0,2028-08-15
2026-10-06,ETEN12,ENERGISA TRANSMISSAO DE ENERGIA S.A,,2027-10-15,"IPCA + 4,2297%",IPCA_MAIS,4.2297,6.2701,,6.0867,0.4393,5.6474,6.5261,1421.663436,98.2748,248.27,0.9852,,2027-05-15
2026-10-06,ETEN21,ENERGISA TRANSMISSAO DE ENERGIA S.A,,2028-12-15,"IPCA + 5,141%",IPCA_MAIS,5.141,6.4069,5.9258,6.2748,0.4696,5.8052,6.7446,1511.462711,98.8014,282.44,1.1208,,2027-05-15
2026-10-06,ETEN22,ENERGISA TRANSMISSAO DE ENERGIA S.A,,2030-10-15,"IPCA + 4,4744%",IPCA_MAIS,4.4744,7.3553,7.0954,7.2257,0.1046,7.1211,7.3303,1348.032968,93.081,691.84,2.7454,,2029-05-15
2026-10-06,ETSP12,EQUATORIAL TRANSMISSORA 7 SPE S.A.,,2039-04-15,"IPCA + 4,85%",IPCA_MAIS,4.85,7.6353,7.3566,7.5381,0.139,7.3991,7.6772,1225.724448,85.6395,1494.93,5.9323,,2033-05-15
2026-10-06,EUBE11,ENGIE SOLUCOES CIDADES INTELIGENTES E INFRAESTRUTURA DE UBERLANDIA S.A,*,2034-01-15,"IPCA + 6,4449%",IPCA_MAIS,6.4449,6.8421,6.7541,6.8248,0.0894,6.7354,6.9143,851.908655,98.7859,861.94,3.4204,,2030-08-15
2026-10-06,EXTZ11,EXTREMOZ TRANSMISSORA DO NORDESTE ETN S.A.,*;**,2029-01-15,"IPCA + 7,0291%",IPCA_MAIS,7.0291,7.7065,7.5718,7.604,0.0527,7.5513,7.6568,514.881899,99.2132,371.24,1.4732,,2028-08-15
2026-10-06,FBRI13,FIBRASIL INFRAESTRUTURA FIBRA OTICA S.A.,*,2034-04-15,"IPCA + 7,3609%",IPCA_MAIS,7.3609,7.0824,6.876,6.9216,0.246,6.6756,7.1677,1172.729279,101.8332,1118.66,4.4391,35.0,2031-05-15
2026-10-06,FEPS11,FARO ENERGY PROJ. SOL. HOL. IV S.A,*,2040-01-15,"IPCA + 8,6895%",IPCA_MAIS,8.6895,8.3131,7.872,8.1378,0.0979,8.0399,8.2358,1109.057378,102.5439,1252.22,4.9691,,2032-08-15
2026-10-06,FGEN13,FERREIRA GOMES ENERGIA S/A,,2027-12-15,"IPCA + 6,4686%",IPCA_MAIS,6.4686,6.3745,6.147,6.2505,0.0601,6.1904,6.3107,520.464966,100.1372,168.58,0.669,,2027-05-15
2026-10-06,FLCLA9,ENERGISA MINAS RIO - DISTRIBUIDORA DE ENERGIA S.A.,*,2035-10-15,"IPCA + 7,2318%",IPCA_MAIS,7.2318,7.686,7.4287,7.5573,0.0582,7.4991,7.6156,1056.007364,98.0364,1645.14,6.5283,,2035-05-15
2026-10-06,FLCLB9,ENERGISA MINAS RIO - DISTRIBUIDORA DE ENERGIA S.A.,*,2040-10-15,"IPCA + 7,1146%",IPCA_MAIS,7.1146,7.8285,7.5771,7.6869,0.1021,7.5848,7.7891,1029.633023,95.6377,2094.33,8.3108,,2037-05-15
2026-10-06,FRAG14,FERRARI AGROINDUSTRIA S/A,*,2031-06-15,"IPCA + 7,53%",IPCA_MAIS,7.53,7.9693,7.5316,7.8501,0.1923,7.6578,8.0425,1120.738982,98.9482,895.9,3.5552,,2030-08-15
2026-10-06,FRAG16,FERRARI AGROINDUSTRIA S/A,*,2035-09-15,"IPCA + 8,4942%",IPCA_MAIS,8.4942,8.0208,7.7749,7.8904,0.1809,7.7095,8.0715,1086.07492,103.1935,1423.92,5.6505,,2033-05-15
2026-10-06,FSII14,FS I INDUSTRIA DE ETANOL S.A,*,2033-02-15,"IPCA + 9,1451%",IPCA_MAIS,9.1451,9.7516,9.364,9.5563,0.1675,9.3888,9.7239,1024.92685,98.4054,1075.75,4.2688,,2031-05-15
2026-10-06,FURN21,FURNAS CENTRAIS ELETRICAS S/A,,2029-11-15,"IPCA + 4,08%",IPCA_MAIS,4.08,7.1158,6.902,7.029,0.1696,6.8594,7.1987,1226.288442,95.8921,374.88,1.4876,,2028-08-15
2026-10-06,GASC15,RUMO MALHA PAULISTA S/A,*;**,2034-03-15,"IPCA + 5,797%",IPCA_MAIS,5.797,8.4701,8.0253,8.2658,0.134,8.1319,8.3999,975.621458,86.9575,1512.33,6.0013,,2035-05-15
2026-10-06,GASC16,RUMO MALHA PAULISTA S/A,*,2034-06-15,"IPCA + 6,4186%",IPCA_MAIS,6.4186,8.4013,7.9797,8.3136,0.2312,8.0825,8.5449,1015.358088,89.9436,1499.53,5.9505,35.0,2035-05-15
2026-10-06,GASC17,RUMO MALHA PAULISTA S/A,*,2036-08-15,"IPCA + 6,047%",IPCA_MAIS,6.047,8.3547,8.1483,8.2757,0.1539,8.1219,8.4297,957.607657,86.253,1766.99,7.0119,,2035-05-15
2026-10-06,GASC18,RUMO MALHA PAULISTA S/A,*,2037-03-15,"IPCA + 7,4742%",IPCA_MAIS,7.4742,8.4895,8.0938,8.3525,0.1398,8.2127,8.4924,1006.90973,94.3775,1780.04,7.0637,45.0,2035-05-15
2026-10-06,GASC19,RUMO MALHA PAULISTA S/A,*,2040-10-15,"IPCA + 6,5823%",IPCA_MAIS,6.5823,8.5116,8.1122,8.4347,0.1198,8.3149,8.5547,930.956965,86.3974,2089.62,8.2921,45.0,2037-05-15
2026-10-06,GASC22,RUMO MALHA PAULISTA S/A,*,2031-06-15,"IPCA + 4,52%",IPCA_MAIS,4.52,8.2298,7.8677,8.0254,0.2884,7.737,8.3139,1226.595246,89.5895,834.75,3.3125,,2030-08-15
2026-10-06,GASC23,RUMO MALHA PAULISTA S/A,*,2033-10-15,"IPCA + 5,7283%",IPCA_MAIS,5.7283,8.252,8.081,8.1583,0.2463,7.912,8.4047,1161.831309,87.9291,1412.5,5.6052,,2033-05-15
2026-10-06,GASC25,RUMO MALHA PAULISTA S/A,*;**,2039-03-15,"IPCA + 5,9284%",IPCA_MAIS,5.9284,8.5035,8.149,8.3588,0.1319,8.2268,8.4908,930.556506,82.9348,2035.02,8.0755,45.0,2037-05-15
2026-10-06,GASC26,RUMO MALHA PAULISTA S/A,*,2039-06-15,"IPCA + 6,5318%",IPCA_MAIS,6.5318,8.4577,8.114,8.3342,0.1346,8.1996,8.469,986.843507,87.3881,1988.58,7.8912,,2037-05-15
2026-10-06,GASC27,RUMO MALHA PAULISTA S/A,*,2036-08-15,"IPCA + 6,047%",IPCA_MAIS,6.047,8.4229,7.9963,8.209,0.091,8.118,8.3002,961.755991,86.6267,1768.49,7.0178,,2035-05-15
2026-10-06,GASC28,RUMO MALHA PAULISTA S/A,*,2040-03-15,"IPCA + 7,528%",IPCA_MAIS,7.528,8.5569,8.2628,8.4499,0.1056,8.3443,8.5557,994.967145,93.2554,2040.67,8.0979,45.0,2037-05-15
2026-10-06,GASP19,COMPANHIA DE GAS DE SÃO PAULO - COMGAS,,2031-08-15,"IPCA + 5,1216%",IPCA_MAIS,5.1216,7.1697,6.952,7.1174,0.19,6.9273,7.3075,1234.653929,93.6719,872.92,3.464,,2030-08-15
2026-10-06,GASP29,COMPANHIA DE GAS DE SÃO PAULO - COMGAS,,2036-08-15,"IPCA + 5,2164%",IPCA_MAIS,5.2164,7.441,7.1282,7.2968,0.1001,7.1967,7.397,1148.268265,87.107,1757.03,6.9723,,2035-05-15
2026-10-06,GSTS14,AGUAS DE TERESINA SANEAMENTO SPE S.A.,*,2032-05-15,"IPCA + 6,5163%",IPCA_MAIS,6.5163,9.9815,9.1884,9.5904,0.1664,9.424,9.7569,1100.796768,89.5409,970.7,3.852,,2031-05-15
2026-10-06,GSTS24,AGUAS DE TERESINA SANEAMENTO SPE S.A.,*,2037-05-15,"IPCA + 6,8516%",IPCA_MAIS,6.8516,10.4574,9.6605,10.0962,0.0877,10.0085,10.184,1019.962582,82.8623,1547.67,6.1415,,2035-05-15
2026-10-06,HARG11,HOLDING DO ARAGUAIA S.A.,*,2036-10-15,"IPCA + 6,6647%",IPCA_MAIS,6.6647,8.4343,8.0534,8.2273,0.1135,8.1137,8.3409,1110.630025,93.0672,1225.98,4.865,5.0,2032-08-15
2026-10-06,HBSA11,HIDROVIAS DO BRASIL S.A.,*,2028-10-15,"IPCA + 6,0029%",IPCA_MAIS,6.0029,7.3178,7.1246,7.3178,0.3253,6.9924,7.6432,1279.63037,97.7181,471.56,1.8713,5.0,2028-08-15
2026-10-06,HBSA21,HIDROVIAS DO BRASIL S.A.,*,2031-10-15,"IPCA + 6,0444%",IPCA_MAIS,6.0444,7.4152,7.2266,7.3608,0.3261,7.0347,7.6869,1254.615153,95.7899,875.98,3.4761,,2030-08-15
2026-10-06,HGLB23,HIGHLINE DO BRASIL II INFRAESTRUTURA DE TELECOMUNICACOES S.A,*,2034-10-15,"IPCA + 9,1196%",IPCA_MAIS,9.1196,11.7776,11.1022,11.3414,0.1562,11.1852,11.4977,1046.906882,91.9967,1029.55,4.0855,,2031-05-15
2026-10-06,HSBH11,HELEXIA SBH4 S.A.,*,2043-11-15,"IPCA + 8,55%",IPCA_MAIS,8.55,,8.102,8.1955,0.0989,8.0967,8.2945,1076.851957,102.0703,1587.66,6.3002,,2035-05-15
2026-10-06,HVSP11,HELIO VALGAS SOLAR PARTICIPACOES S.A.,*,2038-06-15,"IPCA + 8,2561%",IPCA_MAIS,8.2561,8.8414,8.6418,8.7755,0.1422,8.6334,8.9178,1233.775472,97.7322,1201.36,4.7673,5.0,2032-08-15
2026-10-06,HZTC14,ORIZON MEIO AMBIENTE S.A.,*,2035-11-15,"IPCA + 6,7592%",IPCA_MAIS,6.7592,7.5399,7.3405,7.3931,0.1457,7.2474,7.5389,1126.163253,97.7267,973.68,3.8638,,2031-05-15
2026-10-06,IBPB11,SERRA DE IBIAPABA TRANSMISSORA DE ENERGIA S.A.,*;**,2040-11-15,"IPCA + 5,9%",IPCA_MAIS,5.9,7.3491,7.0678,7.2238,0.0735,7.1504,7.2974,1220.124625,92.8989,1468.72,5.8283,,2033-05-15
2026-10-06,IGSN15,IGUA SANEAMENTO S.A,,2034-07-15,"IPCA + 6,1%",IPCA_MAIS,6.1,11.4008,11.0344,11.1966,0.1323,11.0643,11.3289,999.12065,84.0967,899.78,3.5706,15.0,2030-08-15
2026-10-06,IPIPA5,IPIRANGA PRODUTOS DE PETRÓLEO S/A,*,2035-10-15,"IPCA + 6,955%",IPCA_MAIS,6.955,7.1414,6.8579,7.0048,0.1219,6.8829,7.1267,1077.619962,99.718,1528.23,6.0644,35.0,2035-05-15
2026-10-06,IRJS14,IGUA RIO DE JANEIRO S.A.,*,2043-05-15,"IPCA + 8,2%",IPCA_MAIS,8.2,11.3979,10.9139,11.1336,0.216,10.9177,11.3497,1135.805579,83.2715,1651.83,6.5549,35.0,2035-05-15
2026-10-06,IRJS15,IGUA RIO DE JANEIRO S.A.,*,2044-02-15,"IPCA + 7,1303%",IPCA_MAIS,7.1303,11.3267,10.9176,11.055,0.2216,10.8334,11.2766,998.550163,77.7546,1680.44,6.6684,45.0,2035-05-15
2026-10-06,ISAEA8,ISA ENERGIA BRASIL S.A.,*,2033-06-15,"IPCA + 7,4118%",IPCA_MAIS,7.4118,7.057,6.8515,6.9482,0.138,6.8102,7.0863,1110.85082,102.1665,1250.79,4.9635,40.0,2032-08-15
2026-10-06,ISAEA9,ISA ENERGIA BRASIL S.A.,*,2035-06-15,"IPCA + 6,7%",IPCA_MAIS,6.7,7.0912,6.8231,6.9565,0.0994,6.8571,7.0559,1115.920959,97.949,2175.0,8.631,10.0,2040-08-15
2026-10-06,ISAEB0,ISA ENERGIA BRASIL S.A.,*,2037-10-15,"IPCA + 6,6598%",IPCA_MAIS,6.6598,7.1161,6.9861,7.0714,0.0994,6.9721,7.1709,1043.382972,97.0734,1936.03,7.6827,35.0,2037-05-15
2026-10-06,ISAEB2,ISA ENERGIA BRASIL S.A.,*,2041-03-15,"IPCA + 6,4618%",IPCA_MAIS,6.4618,7.1345,6.832,6.9316,0.0973,6.8343,7.0289,981.978657,95.8936,2385.59,9.4666,,2040-08-15
2026-10-06,ISAEB8,ISA ENERGIA BRASIL S.A.,*,2033-03-15,"IPCA + 7,4118%",IPCA_MAIS,7.4118,7.0418,6.8286,6.9314,0.1067,6.8247,7.0382,1091.026023,102.2109,1231.13,4.8854,35.0,2032-08-15
2026-10-06,ISAEC0,ISA ENERGIA BRASIL S.A.,*,2040-10-15,"IPCA + 6,6382%",IPCA_MAIS,6.6382,7.0967,6.8477,6.9643,0.064,6.9003,7.0284,1046.143985,97.3397,2216.18,8.7944,,2040-08-15
2026-10-06,ISAEC2,ISA ENERGIA BRASIL S.A.,*,2041-03-15,"IPCA + 6,4618%",IPCA_MAIS,6.4618,7.0135,6.8046,6.9009,0.08,6.8209,6.9811,984.652603,96.1548,2387.44,9.474,,2040-08-15
2026-10-06,ITPE13,COMPANHIA AGUAS DE ITAPEMA,*,2042-06-15,"IPCA + 8,65%",IPCA_MAIS,8.65,,7.75,8.0559,0.1135,7.9424,8.1695,1205.089258,104.2243,1915.93,7.6029,35.0,2037-05-15
2026-10-06,ITPO14,ITAPOA TERMINAIS PORTUÁRIOS S/A,*,2036-11-15,"IPCA + 6,2878%",IPCA_MAIS,6.2878,7.0884,6.9151,6.9983,0.1981,6.8002,7.1965,1487.921393,96.73,1250.16,4.961,,2032-08-15
2026-10-06,ITPO15,ITAPOA TERMINAIS PORTUÁRIOS S/A,*,2040-05-15,"IPCA + 7,4%",IPCA_MAIS,7.4,7.3074,6.9879,7.1971,0.1665,7.0306,7.3637,1095.021079,101.0821,1437.33,5.7037,,2033-05-15
2026-10-06,IVIAA0,CONC. RODOV. INTERI. PAULISTA S/A,*,2038-05-15,"IPCA + 6,8672%",IPCA_MAIS,6.8672,9.1505,8.8141,8.9971,0.3661,8.6311,9.3633,1017.712135,89.5021,1387.79,5.5071,45.0,2033-05-15
2026-10-06,JALL11,JALLES MACHADO S.A.,,2028-12-15,"IPCA + 5,5923%",IPCA_MAIS,5.5923,8.0282,7.4839,7.7244,0.2686,7.4558,7.9931,1227.562951,95.9982,514.36,2.0411,,2028-08-15
2026-10-06,JALL13,JALLES MACHADO S.A.,,2032-09-15,"IPCA + 6,4876%",IPCA_MAIS,6.4876,,7.9683,8.2353,0.245,7.9904,8.4804,1132.179818,93.9249,965.81,3.8326,,2031-05-15
2026-10-06,JALL14,JALLES MACHADO S.A.,*,2030-10-15,"IPCA + 7,1163%",IPCA_MAIS,7.1163,8.3402,7.9895,8.1672,0.1335,8.0337,8.3007,1142.333616,96.7061,862.92,3.4243,,2030-08-15
2026-10-06,JALL15,JALLES MACHADO S.A.,*,2034-05-15,"IPCA + 6,6074%",IPCA_MAIS,6.6074,8.3478,8.0168,8.2517,0.2703,7.9813,8.5221,1049.976014,92.2649,1316.33,5.2235,,2033-05-15
2026-10-06,JALL21,JALLES MACHADO S.A.,,2031-12-15,"IPCA + 5,8041%",IPCA_MAIS,5.8041,7.678,7.4473,7.5792,0.1752,7.4041,7.7545,1203.840873,94.0833,920.3,3.652,,2030-08-15
2026-10-06,JALL24,JALLES MACHADO S.A.,*,2033-10-17,"IPCA + 7,234%",IPCA_MAIS,7.234,8.4141,8.1489,8.2961,0.1614,8.1347,8.4577,1127.457936,95.3969,1199.82,4.7612,,2032-08-15
2026-10-06,JSMLB5,SIMPAR S.A.,*,2031-09-15,"IPCA + 7,9677%",IPCA_MAIS,7.9677,,,12.6542,0.6093,12.045,13.2636,1150.699352,86.6284,843.29,3.3464,,2030-08-15
2026-10-06,JTEE11,JANAUBA TRANSMISSORA DE ENERGIA ELETRICA  S/A,*;**,2033-07-15,"IPCA + 4,5%",IPCA_MAIS,4.5,6.9084,6.8086,6.8707,0.1445,6.7262,7.0153,922.931698,92.9237,813.68,3.2289,,2030-08-15
2026-10-06,JTEE12,JANAUBA TRANSMISSORA DE ENERGIA ELETRICA  S/A,*,2044-12-15,"IPCA + 4,8295%",IPCA_MAIS,4.8295,6.9261,6.7324,6.8612,0.0906,6.7706,6.952,1379.012997,86.9109,1776.13,7.0481,15.0,2035-05-15
2026-10-06,KLBNA5,KLABIN S/A,*,2039-08-15,"IPCA + 6,05%",IPCA_MAIS,6.05,6.9193,6.6386,6.7266,0.1403,6.5863,6.8671,1051.79882,94.74,2127.82,8.4437,35.0,2037-05-15
2026-10-06,LCAMD1,COMPANHIA DE LOCAÇÃO DAS AMÉRICAS,,2031-09-15,"IPCA + 6,5119%",IPCA_MAIS,6.5119,8.7638,8.4436,8.5986,0.0573,8.5413,8.6561,1221.080637,93.4752,873.03,3.4644,,2030-08-15
2026-10-06,LCAMD3,COMPANHIA DE LOCAÇÃO DAS AMÉRICAS,*,2029-04-15,"IPCA + 7,2101%",IPCA_MAIS,7.2101,8.7353,8.4617,8.6064,0.069,8.5374,8.6755,1212.225329,97.127,567.05,2.2502,35.0,2029-05-15
2026-10-06,LGEN11,LAGOA 1 ENERGIA RENOVAVEL S.A.,,2029-03-15,"IPCA + 7,3287%",IPCA_MAIS,7.3287,,,6.5499,0.3203,6.2296,6.8703,642.33869,100.8259,285.05,1.1312,,2027-05-15
2026-10-06,LIGH1B,LIGHT SERVIÇOS DE ELETRICIDADE S/A,*;**,2032-11-13,IPCA + 5%,IPCA_MAIS,5.0,,,,,,,80.358465,69.8252,,,10.0,
2026-10-06,LIGHB4,LIGHT SERVIÇOS DE ELETRICIDADE S/A,*;**,2032-11-13,IPCA + 5%,IPCA_MAIS,5.0,,,,,,,78.491278,68.2028,,,45.0,
2026-10-06,LIGHB6,LIGHT SERVIÇOS DE ELETRICIDADE S/A,*;**,2032-11-13,IPCA + 5%,IPCA_MAIS,5.0,,,,,,,80.943252,70.3333,,,,
2026-10-06,LIGHB7,LIGHT SERVIÇOS DE ELETRICIDADE S/A,*;**,2032-11-13,IPCA + 5%,IPCA_MAIS,5.0,,,,,,,78.718272,68.4,,,,
2026-10-06,LIGHC3,LIGHT SERVIÇOS DE ELETRICIDADE S/A,*;**,2032-11-13,IPCA + 5%,IPCA_MAIS,5.0,,,,,,,79.177116,68.7987,,,35.0,
2026-10-06,LIGHD3,LIGHT SERVIÇOS DE ELETRICIDADE S/A,*;**,2037-11-13,IPCA + 3%,IPCA_MAIS,3.0,,,,,,,55.387697,47.45,,,,
2026-10-06,LORTA7,LOCALIZA RENT A CAR,,2031-03-15,"IPCA + 5,4702%",IPCA_MAIS,5.4702,8.838,8.4508,8.6463,0.0583,8.588,8.7047,1224.240079,90.0335,888.1,3.5242,35.0,2030-08-15
2026-10-06,LTTE15,LINHAS DE TAUBATE TRANS.DE ENERGIA S/A,*;**,2038-10-15,"IPCA + 5,09%",IPCA_MAIS,5.09,7.1398,6.9316,7.0774,0.3858,6.6916,7.4633,1159.641109,91.2478,1201.07,4.7662,,2032-08-15
2026-10-06,MGPRA0,CONCESSÃO METROVIÁRIA DO R. JANEIRO S/A,*,2042-03-15,"IPCA + 7,8868%",IPCA_MAIS,7.8868,8.8987,8.5789,8.7336,0.1935,8.5401,8.9272,1061.901535,94.1939,1905.79,7.5627,50.0,2037-05-15
2026-10-06,MGSP12,EDP TRANSMISSAO SP-MG S.A.,,2039-07-15,"IPCA + 4,45%",IPCA_MAIS,4.45,7.2182,6.943,7.1038,0.2402,6.8636,7.3442,1185.087399,86.9551,1362.19,5.4055,,2033-05-15
2026-10-06,MOTVB9,MOTIVA INFRAESTRUTURA DE MOBILIDADE S.A.,*,2037-10-15,"IPCA + 6,6497%",IPCA_MAIS,6.6497,7.3412,7.1257,7.2688,0.1075,7.1613,7.3764,1030.848969,95.9191,1804.88,7.1622,50.0,2037-05-15
2026-10-06,MOVI18,MOVIDA PARTICIPACOES S/A,*,2029-06-15,"IPCA + 8,0525%",IPCA_MAIS,8.0525,,,12.0449,0.2637,11.7812,12.3087,1120.517157,91.7021,599.64,2.3795,,2029-05-15
2026-10-06,MOVI37,MOVIDA PARTICIPACOES S/A,*,2031-09-15,"IPCA + 7,6366%",IPCA_MAIS,7.6366,,,12.9069,0.1985,12.7084,13.1055,1113.260516,85.0279,846.11,3.3576,,2030-08-15
2026-10-06,MRSAA1,MRS LOGÍSTICA S/A,*,2033-09-15,"IPCA + 6,2414%",IPCA_MAIS,6.2414,7.2521,6.9963,7.1202,0.0942,7.026,7.2146,1096.52443,95.4195,1430.01,5.6746,,2033-05-15
2026-10-06,MRSAA2,MRS LOGÍSTICA S/A,*,2034-09-15,"IPCA + 6,5251%",IPCA_MAIS,6.5251,7.3614,7.0928,7.2265,0.1067,7.1198,7.3332,1058.008104,95.9657,1576.19,6.2547,35.0,2035-05-15
2026-10-06,MRSAA3,MRS LOGÍSTICA S/A,*,2032-07-15,"IPCA + 7,2638%",IPCA_MAIS,7.2638,7.198,6.9051,7.0108,0.1934,6.8174,7.2043,1078.20925,101.1239,1193.57,4.7364,15.0,2032-08-15
2026-10-06,MRSAA4,MRS LOGÍSTICA S/A,*,2041-02-15,"IPCA + 6,4613%",IPCA_MAIS,6.4613,7.3063,7.071,7.156,0.084,7.072,7.2402,976.281319,94.315,2249.62,8.9271,,2040-08-15
2026-10-06,MRSAB1,MRS LOGÍSTICA S/A,*,2035-09-15,"IPCA + 6,3439%",IPCA_MAIS,6.3439,7.4277,7.1129,7.2249,0.126,7.0989,7.351,1091.100277,94.942,1578.75,6.2649,,2035-05-15
2026-10-06,MRSAB2,MRS LOGÍSTICA S/A,*,2036-09-15,"IPCA + 6,5514%",IPCA_MAIS,6.5514,7.4172,7.1173,7.2327,0.1263,7.1064,7.3591,1055.493125,95.7362,1715.92,6.8092,,2035-05-15
2026-10-06,MRSAB3,MRS LOGÍSTICA S/A,*,2040-07-15,"IPCA + 6,8437%",IPCA_MAIS,6.8437,7.3598,7.0813,7.2671,0.0958,7.1714,7.363,1029.853212,96.676,2143.81,8.5072,50.0,2040-08-15
2026-10-06,MRSAC1,MRS LOGÍSTICA S/A,*,2038-09-15,"IPCA + 6,4496%",IPCA_MAIS,6.4496,7.4463,7.1598,7.3037,0.1016,7.2021,7.4053,1078.835688,93.8693,1981.17,7.8618,,2037-05-15
2026-10-06,MRSAC2,MRS LOGÍSTICA S/A,*,2039-09-15,"IPCA + 6,5796%",IPCA_MAIS,6.5796,7.4296,7.1471,7.2886,0.0897,7.1989,7.3784,1043.071104,94.608,2092.54,8.3037,,2037-05-15
2026-10-06,MSGT12,MATA DE SANTA GENEBRA TRANSMISSÃO S/A,,2030-11-15,"IPCA + 4,95%",IPCA_MAIS,4.95,7.0734,6.8596,7.0586,0.2399,6.8187,7.2985,845.918935,96.3719,464.88,1.8448,,2028-08-15
2026-10-06,MSGT13,MATA DE SANTA GENEBRA TRANSMISSÃO S/A,*;**,2031-11-15,"IPCA + 7,0605%",IPCA_MAIS,7.0605,7.9821,7.7113,7.9412,0.2497,7.6914,8.191,993.298468,97.8106,678.42,2.6921,35.0,2029-05-15
2026-10-06,MSGT23,MATA DE SANTA GENEBRA TRANSMISSÃO S/A,*,2037-11-15,"IPCA + 6,0762%",IPCA_MAIS,6.0762,,7.0694,7.3472,0.1999,7.1473,7.5472,1112.263988,92.7327,1580.42,6.2715,35.0,2035-05-15
2026-10-06,MSGT33,MATA DE SANTA GENEBRA TRANSMISSÃO S/A,*,2041-11-15,"IPCA + 6,2339%",IPCA_MAIS,6.2339,7.5066,7.2691,7.4424,0.1593,7.2831,7.6019,1059.008051,90.9888,2069.35,8.2117,5.0,2037-05-15
2026-10-06,NEOE16,NEOENERGIA S/A,,2029-06-15,"IPCA + 4,07%",IPCA_MAIS,4.07,7.3158,7.1099,7.2649,0.1459,7.119,7.4108,1419.101537,95.2456,403.46,1.601,,2028-08-15
2026-10-06,NEOE26,NEOENERGIA S/A,,2033-06-15,"IPCA + 4,22%",IPCA_MAIS,4.22,7.4132,7.1682,7.3025,0.1075,7.195,7.4102,861.643936,90.8354,816.85,3.2415,,2030-08-15
2026-10-06,NMCH11,NEOENERGIA MORRO DO CHAPEU TRANSMISSAO E ENERGIA S.A.,*,2038-12-15,"IPCA + 6,5599%",IPCA_MAIS,6.5599,7.5442,7.3443,7.4151,0.1274,7.2876,7.5426,1182.498484,96.2785,1184.0,4.6984,,2032-08-15
2026-10-06,NNAE12,SPE NOVO NORTE AEROPORTOS S.A.,*,2040-12-15,"IPCA + 9,5%",IPCA_MAIS,9.5,7.9329,7.6611,7.8647,0.1335,7.7312,7.9984,1388.601684,108.7334,1428.29,5.6678,45.0,2033-05-15
2026-10-06,NTEN11,NORTE ENERGIA S/A,,2030-05-15,"IPCA + 7,25%",IPCA_MAIS,7.25,12.6201,11.3815,12.2702,0.1567,12.1135,12.427,985.653371,92.3886,428.72,1.7013,45.0,2028-08-15
2026-10-06,NTSD19,NOVA TRANSPORTE DO SUDESTE S.A. - NTS,*,2040-07-16,"IPCA + 6,7269%",IPCA_MAIS,6.7269,6.9392,6.7339,6.8113,0.1005,6.7109,6.9119,1055.248861,99.32,2173.06,8.6233,,2040-08-15
2026-10-06,NTSDA1,NOVA TRANSPORTE DO SUDESTE S.A. - NTS,*,2041-03-15,"IPCA + 6,3198%",IPCA_MAIS,6.3198,6.9323,6.6752,6.8243,0.0775,6.7469,6.9019,986.954429,95.7545,2296.37,9.1126,35.0,2040-08-15
2026-10-06,ODYA11,ODOYA TRANSMISSORA DE ENERGIA S.A..,*,2031-09-15,"IPCA + 6,7968%",IPCA_MAIS,6.7968,7.137,6.9743,7.0617,0.2859,6.7757,7.3477,723.692213,99.4019,609.52,2.4187,,2029-05-15
2026-10-06,OMGE12,OMEGA GERAÇÃO S/A,,2028-09-15,"IPCA + 4,3671%",IPCA_MAIS,4.3671,8.2282,7.9503,8.0851,0.1423,7.9428,8.2275,1344.815904,93.6662,470.74,1.868,,2028-08-15
2026-10-06,OMGE22,OMEGA GERAÇÃO S/A,,2028-09-15,"IPCA + 4,3671%",IPCA_MAIS,4.3671,8.2136,8.004,8.0637,0.204,7.8597,8.2678,1344.32803,93.6323,476.18,1.8896,,2028-08-15
2026-10-06,OMGE41,OMEGA GERAÇÃO S/A,,2027-05-15,IPCA + 5%,IPCA_MAIS,5.0,,6.887,7.0355,0.3249,6.7106,7.3604,1484.979228,98.8862,146.98,0.5833,,2027-05-15
2026-10-06,OMNG12,OMEGA ENERGIA E IMPLANTACAO 2 S.A.,,2029-12-15,"IPCA + 7,1096%",IPCA_MAIS,7.1096,8.0775,7.7819,7.953,0.1704,7.7827,8.1235,666.072409,98.7979,387.61,1.5381,,2028-08-15
2026-10-06,ONZE21,BLOCO DE ONZE AEROPORTOS DO BRASIL S.A,*,2048-06-15,"IPCA + 8,74%",IPCA_MAIS,8.74,7.8877,7.7385,7.8563,0.1402,7.7161,7.9966,1141.450141,106.7553,2053.41,8.1485,35.0,2037-05-15
2026-10-06,ORIG11,ORIGEM ENERGIA S.A,*,2035-12-15,"IPCA + 8,4001%",IPCA_MAIS,8.4001,10.6826,10.1273,10.421,0.193,10.2279,10.6141,1065.078813,91.3528,1217.87,4.8328,,2032-08-15
2026-10-06,ORIG12,ORIGEM ENERGIA S.A,*,2035-12-15,"IPCA + 10,0361%",IPCA_MAIS,10.0361,9.8713,9.6352,9.7909,0.1446,9.6463,9.9355,1090.273208,101.062,1195.3,4.7433,35.0,2032-08-15
2026-10-06,ORVR16,HAZTEC INVESTIMENTOS E PARTICIPAÇÕES S/A,*,2039-12-15,"IPCA + 7,9283%",IPCA_MAIS,7.9283,,7.6504,7.7088,0.1027,7.6061,7.8117,1077.979543,101.3203,1626.82,6.4556,,2035-05-15
2026-10-06,PALF38,COMPANHIA PAULISTA DE FORÇA E LUZ,,2027-09-15,"IPCA + 5,05%",IPCA_MAIS,5.05,6.5899,5.9824,6.1495,0.4654,5.6841,6.6151,522.052839,99.0461,231.96,0.9205,,2027-05-15
2026-10-06,PALFA3,COMPANHIA PAULISTA DE FORÇA E LUZ,*,2033-10-15,"IPCA + 6,1774%",IPCA_MAIS,6.1774,7.1391,6.9028,7.0412,0.0831,6.958,7.1244,1129.81446,96.081,1239.52,4.9187,,2032-08-15
2026-10-06,PALFA7,COMPANHIA PAULISTA DE FORÇA E LUZ,*,2035-09-15,"IPCA + 6,8967%",IPCA_MAIS,6.8967,7.4499,7.1333,7.2616,0.114,7.1477,7.3757,1025.757609,97.9109,1558.44,6.1843,,2035-05-15
2026-10-06,PALFB3,COMPANHIA PAULISTA DE FORÇA E LUZ,*,2035-10-15,"IPCA + 6,1753%",IPCA_MAIS,6.1753,7.3937,7.0668,7.2616,0.1448,7.1168,7.4065,1103.891498,93.8773,1554.76,6.1697,,2035-05-15
2026-10-06,PALFB6,COMPANHIA PAULISTA DE FORÇA E LUZ,*,2035-02-15,"IPCA + 7,7082%",IPCA_MAIS,7.7082,7.3409,7.033,7.1445,0.1276,7.0169,7.2722,1114.1871,103.0345,1439.42,5.712,35.0,2033-05-15
2026-10-06,PASN12,PARANAGUA SANEAMENTO S/A,*,2030-07-15,"IPCA + 6,1%",IPCA_MAIS,6.1,8.3269,7.9055,8.0849,0.3077,7.7772,8.3926,593.124109,96.6337,462.59,1.8357,,2028-08-15
2026-10-06,PAXA12,PAX INVESTIMENTOS EM AEROPORTOS S.A,*,2040-02-15,"IPCA + 9,5844%",IPCA_MAIS,9.5844,8.5001,8.2788,8.389,0.0838,8.3051,8.4729,1322.103372,106.9807,1570.25,6.2312,,2035-05-15
2026-10-06,PEJA11,PRIO FORTE S.A,*,2032-08-15,"IPCA + 7,41%",IPCA_MAIS,7.41,7.5831,7.3181,7.4787,0.111,7.3677,7.5899,1207.467437,99.8143,732.18,2.9055,,2029-05-15
2026-10-06,PEJA22,PRIO FORTE S.A,*,2034-02-15,"IPCA + 6,4662%",IPCA_MAIS,6.4662,7.6301,7.4064,7.6027,0.1454,7.4572,7.7482,1072.25859,94.6051,1310.99,5.2023,45.0,2033-05-15
2026-10-06,PEJA23,PRIO FORTE S.A,*,2034-04-15,"IPCA + 6,5102%",IPCA_MAIS,6.5102,7.8044,7.5422,7.6685,0.1247,7.5438,7.7933,1087.951361,94.5224,1306.1,5.1829,15.0,2033-05-15
2026-10-06,PETR17,PETRÓLEO BRASILEIRO S/A - PETROBRAS,,2029-09-15,"IPCA + 3,6%",IPCA_MAIS,3.6,6.4853,6.1979,6.3776,0.3631,6.0144,6.7408,1365.913391,92.8818,702.57,2.788,15.0,2029-05-15
2026-10-06,PETR18,PETRÓLEO BRASILEIRO S/A - PETROBRAS,*,2035-06-15,"IPCA + 6,3874%",IPCA_MAIS,6.3874,6.7059,6.4261,6.5508,0.1652,6.3856,6.7162,1060.764537,98.9842,1674.98,6.6467,,2035-05-15
2026-10-06,PETR26,PETRÓLEO BRASILEIRO S/A - PETROBRAS,*;**,2029-01-15,"IPCA + 4,2186%",IPCA_MAIS,4.2186,6.3823,6.1427,6.3589,0.2073,6.1516,6.5663,1449.619648,95.7235,541.43,2.1485,35.0,2029-05-15
2026-10-06,PETR27,PETRÓLEO BRASILEIRO S/A - PETROBRAS,,2034-09-15,"IPCA + 3,9%",IPCA_MAIS,3.9,6.7238,6.3799,6.628,0.3171,6.3109,6.9451,1232.872573,83.8206,1700.8,6.7492,5.0,2035-05-15
2026-10-06,PETR28,PETRÓLEO BRASILEIRO S/A - PETROBRAS,*,2040-06-15,"IPCA + 6,6556%",IPCA_MAIS,6.6556,6.5843,6.2807,6.3791,0.0747,6.3044,6.4539,1096.751162,102.2604,2176.55,8.6371,,2040-08-15
2026-10-06,PETR38,PETRÓLEO BRASILEIRO S/A - PETROBRAS,*,2045-06-15,"IPCA + 6,8431%",IPCA_MAIS,6.8431,6.6254,6.2656,6.4379,0.1637,6.2742,6.6018,1116.417142,104.0361,2643.48,10.49,,2045-05-15
2026-10-06,PLSB1A,AUTOPISTA LITORAL SUL S/A.,*,2031-10-15,"IPCA + 5,855%",IPCA_MAIS,5.855,9.5393,9.3103,9.4084,0.0868,9.3216,9.4953,1146.97689,91.5798,662.08,2.6273,10.0,2029-05-15
2026-10-06,POTE11,POTENGI HOLDINGS S.A.,*,2041-12-15,"IPCA + 7,3706%",IPCA_MAIS,7.3706,7.6401,7.3229,7.5652,0.2551,7.3101,7.8203,1095.870178,98.8945,1542.55,6.1212,,2035-05-15
2026-10-06,POTE12,POTENGI HOLDINGS S.A.,*,2042-10-15,"IPCA + 7,0416%",IPCA_MAIS,7.0416,7.5023,7.3768,7.4301,0.1214,7.3088,7.5516,94.680707,97.9336,1442.04,5.7224,5.0,2033-05-15
2026-10-06,PRAS11,PIRAPORA SOLAR HOLDING S.A.,*;**,2034-08-15,"IPCA + 5,7656%",IPCA_MAIS,5.7656,6.9845,6.7543,6.8858,0.3702,6.5156,7.2561,978.678976,96.0209,964.15,3.826,,2031-05-15
2026-10-06,PRPO12,PIRAPORA II SOLAR HOLDING S.A.,*,2031-12-15,"IPCA + 4,22%",IPCA_MAIS,4.22,7.1765,6.898,7.1401,0.3508,6.7894,7.491,964.126081,92.8401,668.97,2.6546,,2029-05-15
2026-10-06,PRSS11,PAX INVESTIMENTOS EM AEROPORTOS S.A,*,2040-02-15,"IPCA + 8,6141%",IPCA_MAIS,8.6141,7.8997,7.5678,7.8188,0.2274,7.5914,8.0463,1276.856607,104.781,1614.86,6.4082,,2035-05-15
2026-10-06,PRTE12,PARANAIBA TRANSMISSORA DE ENERGIA S.A.,,2028-03-15,"IPCA + 6,9045%",IPCA_MAIS,6.9045,,6.2153,6.5909,0.2927,6.2982,6.8837,321.173758,100.2914,249.62,0.9906,,2027-05-15
2026-10-06,PTAZ11,PARINTINS AMAZONAS TRANSMISSORA DE ENERGIA S.A.,*,2046-04-15,"IPCA + 5,6904%",IPCA_MAIS,5.6904,7.4249,7.2051,7.302,0.0825,7.2196,7.3846,1168.924411,87.6466,2129.88,8.4519,,2037-05-15
2026-10-06,QMCT14,QMC TELECOM DO BRASIL CESSAO DE INFRAESTRUTURA S.A,*,2035-08-15,"IPCA + 9,6588%",IPCA_MAIS,9.6588,8.1027,7.5603,7.9498,0.4611,7.4887,8.411,1145.052542,107.9128,1233.48,4.8948,35.0,2032-08-15
2026-10-06,QUAT13,ACUCAREIRA QUATA S/A,*,2034-07-15,"IPCA + 7,8722%",IPCA_MAIS,7.8722,8.4098,8.025,8.3088,0.3818,7.927,8.6907,1066.196916,98.6041,874.44,3.47,10.0,2030-08-15
2026-10-06,RAIZ13,RAIZEN S.A.,*,2034-09-15,"IPCA + 6,4879%",IPCA_MAIS,6.4879,,,,,,,531.962486,48.3022,,,,
2026-10-06,RAIZ23,RAIZEN S.A.,*,2039-09-15,"IPCA + 6,4794%",IPCA_MAIS,6.4794,,,,,,,533.679502,48.46,,,,
2026-10-06,RALM11,RIALMA TRANSMISSORA DE ENERGIA V S/A,*,2048-12-15,"IPCA + 7,8293%",IPCA_MAIS,7.8293,8.0959,7.9191,7.9424,0.3172,7.6253,8.2597,1252.195724,99.1241,2110.73,8.3759,35.0,2037-05-15
2026-10-06,RALM21,RIALMA TRANSMISSORA DE ENERGIA V S/A,*,2048-12-15,"IPCA + 7,8293%",IPCA_MAIS,7.8293,8.0282,7.8206,7.9565,0.3025,7.6539,8.2591,1168.510866,99.0157,2109.73,8.3719,35.0,2037-05-15
2026-10-06,RATL11,CONCESSIONARIA ROTA DO ATLANTICO S.A,*,2036-12-15,"IPCA + 7,1717%",IPCA_MAIS,7.1717,7.0692,6.6631,6.8028,0.2383,6.5645,7.0412,1244.443835,101.7976,1306.24,5.1835,,2032-08-15
2026-10-06,RDOE18,CONCESSIONÁRIA DO RODOANEL OESTE S/A,*,2031-04-15,"IPCA + 5,95%",IPCA_MAIS,5.95,7.1542,6.8927,7.0523,0.1382,6.9141,7.1907,1111.319515,96.8478,778.09,3.0877,35.0,2030-08-15
2026-10-06,RDSM12,CONCESSIONARIA RODOVIAS DO SUL DE MINAS SPE S.A.,*,2044-10-15,"IPCA + 8,1584%",IPCA_MAIS,8.1584,8.4537,8.1986,8.3837,0.2172,8.1665,8.6011,1114.404261,98.4546,1880.0,7.4603,,2037-05-15
2026-10-06,RDVE11,RDVE SUBHOLDING S.A.,*,2038-04-15,"IPCA + 7,0421%",IPCA_MAIS,7.0421,7.0766,6.8175,6.9808,0.1596,6.8212,7.1405,1148.084126,100.258,1134.5,4.502,45.0,2032-08-15
2026-10-06,RECV11,PETRORECONCAVO S.A.,*,2031-05-15,"IPCA + 7,3249%",IPCA_MAIS,7.3249,7.3246,6.9476,7.302,0.3429,6.9591,7.6451,1142.028213,100.0662,781.91,3.1028,35.0,2030-08-15
2026-10-06,RECV14,PETRORECONCAVO S.A.,*,2032-12-15,"IPCA + 7,4564%",IPCA_MAIS,7.4564,7.3504,6.9543,7.1196,0.2081,6.9115,7.3278,1077.814846,101.4618,1166.18,4.6277,35.0,2032-08-15
2026-10-06,RECV24,PETRORECONCAVO S.A.,*,2035-12-15,"IPCA + 7,2833%",IPCA_MAIS,7.2833,7.2872,7.0299,7.173,0.1466,7.0264,7.3198,1068.494261,100.6359,1553.82,6.166,,2035-05-15
2026-10-06,RENTD1,LOCALIZA RENT A CAR,*,2031-12-15,"IPCA + 8,867%",IPCA_MAIS,8.867,8.7965,8.3828,8.6378,0.1035,8.5342,8.7414,1273.11763,101.0923,1299.0,5.1548,35.0,2033-05-15
2026-10-06,RESA14,RAIZEN ENERGIA S/A,,2029-11-15,"IPCA + 3,539%",IPCA_MAIS,3.539,,,,,,,681.900483,47.3786,,,,
2026-10-06,RESA15,RAIZEN ENERGIA S/A,,2030-06-15,"IPCA + 5,8%",IPCA_MAIS,5.8,,,,,,,684.754426,48.08,,,,
2026-10-06,RESA17,RAIZEN ENERGIA S/A,*;**,2029-03-15,"IPCA + 5,9219%",IPCA_MAIS,5.9219,,,,,,,601.197155,47.9837,,,15.0,
2026-10-06,RESA27,RAIZEN ENERGIA S/A,*;**,2032-03-15,"IPCA + 5,9645%",IPCA_MAIS,5.9645,,,,,,,601.498224,47.9888,,,,
2026-10-06,RIGEA3,RGE SUL DISTRIBUIDORA DE ENERGIA S/A,*,2029-05-15,"IPCA + 5,9853%",IPCA_MAIS,5.9853,6.977,6.7895,6.9485,0.259,6.6896,7.2076,1206.148746,98.2633,487.54,1.9347,35.0,2028-08-15
2026-10-06,RIPR22,RIO PARANA ENERGIA S/A,*,2031-06-15,"IPCA + 4,6279%",IPCA_MAIS,4.6279,7.0091,6.7188,6.8796,0.1941,6.6855,7.0737,1261.68486,93.1494,836.61,3.3199,,2030-08-15
2026-10-06,RIS412,AGUAS DO RIO 4 SPE S.A,*,2034-01-15,"IPCA + 6,9%",IPCA_MAIS,6.9,13.6289,12.4713,13.0243,1.5878,11.4364,14.6122,9.388319,80.3253,962.2,3.8183,,2031-05-15
2026-10-06,RIS414,AGUAS DO RIO 4 SPE S.A,*,2034-09-15,"IPCA + 7,3591%",IPCA_MAIS,7.3591,14.1131,12.7081,13.533,0.9414,12.5916,14.4744,0.877874,78.2146,1074.92,4.2656,45.0,2031-05-15
2026-10-06,RIS422,AGUAS DO RIO 4 SPE S.A,*,2042-01-15,"IPCA + 7,2%",IPCA_MAIS,7.2,12.5321,11.6671,12.3463,0.8329,11.5134,13.1792,8.156315,69.7394,1815.24,7.2033,,2037-05-15
2026-10-06,RIS424,AGUAS DO RIO 4 SPE S.A,*,2042-09-15,"IPCA + 7,692%",IPCA_MAIS,7.692,12.945,11.8404,12.5799,0.7184,11.8615,13.2984,0.792248,70.5727,1854.98,7.361,10.0,2037-05-15
2026-10-06,RISP12,SPE SANEAMENTO RIO 1 S.A,*,2034-01-15,"IPCA + 6,9%",IPCA_MAIS,6.9,13.5269,12.6276,13.0768,1.4991,11.5777,14.576,9.371693,80.183,961.72,3.8163,35.0,2031-05-15
2026-10-06,RISP14,SPE SANEAMENTO RIO 1 S.A,*,2034-09-15,"IPCA + 7,3591%",IPCA_MAIS,7.3591,14.4417,12.8123,13.6079,1.1327,12.4753,14.7407,0.875407,77.9948,1074.15,4.2625,35.0,2031-05-15
2026-10-06,RISP22,SPE SANEAMENTO RIO 1 S.A,*,2042-01-15,"IPCA + 7,2%",IPCA_MAIS,7.2,12.4658,11.9545,12.2583,1.224,11.0342,13.4824,8.202538,70.1346,1819.31,7.2195,,2037-05-15
2026-10-06,RISP24,SPE SANEAMENTO RIO 1 S.A,*,2042-09-15,"IPCA + 7,692%",IPCA_MAIS,7.692,12.6493,12.0665,12.4905,0.8662,11.6244,13.3568,0.796898,70.9869,1859.38,7.3785,,2037-05-15
2026-10-06,RLMS13,CONCESSIONARIA DAS RODOVIAS DO LESTE MS S.A.,*,2045-07-15,"IPCA + 8,1674%",IPCA_MAIS,8.1674,8.4707,7.9205,8.1356,0.0883,8.0473,8.224,1068.692898,100.2302,1971.74,7.8244,,2037-05-15
2026-10-06,RMSA12,BRK AMBIENTAL - REGIAO METROPOLITANA DE MACEIO S.A.,*,2042-06-15,"IPCA + 7,6179%",IPCA_MAIS,7.6179,9.8115,9.3684,9.535,0.3181,9.2169,9.8531,1261.632698,88.3057,1731.16,6.8697,45.0,2035-05-15
2026-10-06,ROTY13,CONCESSIONARIA ROTA SOROCABANA SA,*,2031-03-15,"IPCA + 6,9109%",IPCA_MAIS,6.9109,7.2297,6.8941,7.0676,0.1391,6.9284,7.2068,1020.636917,99.4361,972.68,3.8598,50.0,2031-05-15
2026-10-06,RPTA14,CONCESSIONÁRIA AUTO RAPOSO TAVARES S/A,*,2036-03-15,"IPCA + 8,5334%",IPCA_MAIS,8.5334,8.5966,8.2158,8.3808,0.3595,8.0213,8.7404,1108.738008,100.7176,1282.09,5.0877,40.0,2032-08-15
2026-10-06,RRRP13,3R PETROLEUM OLEO E GAS S.A.,*,2033-10-15,"IPCA + 8,4166%",IPCA_MAIS,8.4166,8.5937,8.1404,8.3611,0.1115,8.2496,8.4727,1190.254177,100.1856,912.7,3.6218,,2030-08-15
2026-10-06,RSAN16,COMPANHIA RIOGRANDENSE DE SANEAMENTO - CORSAN,*,2034-09-15,"IPCA + 6,9875%",IPCA_MAIS,6.9875,9.1248,8.7346,8.9567,0.1773,8.7794,9.134,997.788458,90.4046,1382.57,5.4864,,2033-05-15
2026-10-06,RSAN26,COMPANHIA RIOGRANDENSE DE SANEAMENTO - CORSAN,*,2039-09-15,"IPCA + 7,4224%",IPCA_MAIS,7.4224,9.3963,9.0092,9.2987,0.1403,9.1585,9.4391,962.119676,87.1518,1962.9,7.7893,45.0,2037-05-15
2026-10-06,RSAN34,COMPANHIA RIOGRANDENSE DE SANEAMENTO - CORSAN,*,2028-02-15,"IPCA + 4,3854%",IPCA_MAIS,4.3854,7.3559,6.9106,7.1668,0.1128,7.054,7.2797,670.715898,97.8403,208.39,0.8269,,2027-05-15
2026-10-06,RSAN44,COMPANHIA RIOGRANDENSE DE SANEAMENTO - CORSAN,*,2031-02-15,"IPCA + 4,833%",IPCA_MAIS,4.833,8.8089,8.4775,8.6444,0.1897,8.4547,8.8342,907.480747,92.6098,533.14,2.1156,45.0,2029-05-15
2026-10-06,RUMOA2,RUMO S/A,,2029-02-15,"IPCA + 4,5%",IPCA_MAIS,4.5,8.1479,7.8142,7.9695,0.1498,7.8197,8.1193,1439.256397,95.8807,321.88,1.2773,,2028-08-15
2026-10-06,RUMOA3,RUMO S/A,,2029-10-15,"IPCA + 3,9%",IPCA_MAIS,3.9,8.1603,7.9565,8.0918,0.1635,7.9283,8.2554,1413.322641,92.8633,467.94,1.8569,35.0,2028-08-15
2026-10-06,RUMOA4,RUMO S/A,,2030-04-15,"IPCA + 6,7961%",IPCA_MAIS,6.7961,8.2367,7.8666,8.0627,0.1573,7.9054,8.22,1445.690775,97.3855,564.91,2.2417,40.0,2029-05-15
2026-10-06,RUMOA5,RUMO S/A,*;**,2030-12-15,"IPCA + 3,6%",IPCA_MAIS,3.6,8.3883,8.0179,8.1666,0.1449,8.0217,8.3115,1226.33922,88.0223,740.18,2.9372,,2030-08-15
2026-10-06,RUMOA6,RUMO S/A,*,2031-06-15,"IPCA + 4,4998%",IPCA_MAIS,4.4998,8.3338,7.8967,8.0982,0.1797,7.9186,8.278,1206.561615,89.3287,834.82,3.3128,,2030-08-15
2026-10-06,RUMOA7,RUMO S/A,*,2029-08-15,"IPCA + 5,76%",IPCA_MAIS,5.76,8.0576,7.8702,7.9498,0.064,7.8858,8.0139,1096.17216,94.7451,662.9,2.6306,,2029-05-15
2026-10-06,RUMOB3,RUMO S/A,,2029-10-15,IPCA + 4%,IPCA_MAIS,4.0,8.2699,7.856,8.0484,0.1797,7.8687,8.2282,1390.285426,93.043,472.32,1.8743,,2028-08-15
2026-10-06,RUMOB5,RUMO S/A,*;**,2035-12-15,IPCA + 4%,IPCA_MAIS,4.0,8.4105,8.0649,8.2739,0.1334,8.1404,8.4074,1059.805883,75.9761,1687.46,6.6963,,2035-05-15
2026-10-06,RUMOB6,RUMO S/A,*,2036-06-15,"IPCA + 4,5404%",IPCA_MAIS,4.5404,8.3423,8.0599,8.2494,0.1721,8.0773,8.4216,1057.967197,78.3178,1732.96,6.8768,,2035-05-15
2026-10-06,RUMOB7,RUMO S/A,*,2033-05-15,"IPCA + 6,183%",IPCA_MAIS,6.183,8.3252,7.9202,8.1081,0.1079,8.0002,8.2161,1068.082325,90.8492,1336.44,5.3033,5.0,2033-05-15
2026-10-06,SAELA1,ENERGISA PARAIBA - DISTR.DE ENERGIA S/A,,2030-01-15,"IPCA + 6,0123%",IPCA_MAIS,6.0123,7.3286,7.0865,7.2177,0.1833,7.0344,7.4011,1228.776233,97.1793,636.96,2.5276,,2029-05-15
2026-10-06,SAELA3,ENERGISA PARAIBA - DISTR.DE ENERGIA S/A,,2031-04-15,"IPCA + 6,1581%",IPCA_MAIS,6.1581,7.484,7.258,7.3559,0.1271,7.2288,7.4831,1097.593528,95.7524,972.6,3.8595,,2031-05-15
2026-10-06,SAELA7,ENERGISA PARAIBA - DISTR.DE ENERGIA S/A,*,2035-10-15,"IPCA + 7,2318%",IPCA_MAIS,7.2318,7.7985,7.4554,7.6122,0.1008,7.5114,7.7131,1052.496594,97.7105,1643.88,6.5233,35.0,2035-05-15
2026-10-06,SAELB3,ENERGISA PARAIBA - DISTR.DE ENERGIA S/A,,2039-04-15,"IPCA + 6,4045%",IPCA_MAIS,6.4045,7.7914,7.5056,7.6671,0.1018,7.5653,7.769,1044.587605,91.0277,1983.05,7.8692,,2037-05-15
2026-10-06,SAELB7,ENERGISA PARAIBA - DISTR.DE ENERGIA S/A,*,2040-10-15,"IPCA + 7,1146%",IPCA_MAIS,7.1146,7.8178,7.5014,7.699,0.0963,7.6026,7.7954,1028.672167,95.5484,2093.7,8.3083,35.0,2037-05-15
2026-10-06,SAELB8,ENERGISA PARAIBA - DISTR.DE ENERGIA S/A,*,2036-02-15,"IPCA + 6,6675%",IPCA_MAIS,6.6675,7.6345,7.3919,7.5333,0.0775,7.4558,7.6109,979.548494,94.4953,1755.27,6.9654,,2035-05-15
2026-10-06,SAPR10,COMPANHIA DE SANEAMENTO DO PARANA - SANEPAR,,2027-03-15,"IPCA + 4,657%",IPCA_MAIS,4.657,6.5369,5.6158,6.0611,0.2147,5.8463,6.2759,14310.92114,99.4357,107.0,0.4246,,
2026-10-06,SAPRA2,COMPANHIA DE SANEAMENTO DO PARANA - SANEPAR,*,2029-03-15,"IPCA + 4,2474%",IPCA_MAIS,4.2474,6.8524,6.532,6.7467,0.28,6.4666,7.0268,1291.800119,94.6688,582.31,2.3108,,2029-05-15
2026-10-06,SAPRA3,COMPANHIA DE SANEAMENTO DO PARANA - SANEPAR,*,2031-03-15,"IPCA + 4,492%",IPCA_MAIS,4.492,6.8646,6.4382,6.6473,0.3218,6.3255,6.9692,1257.05215,92.1095,1012.07,4.0162,,2031-05-15
2026-10-06,SAPRB3,COMPANHIA DE SANEAMENTO DO PARANA - SANEPAR,*,2032-01-15,"IPCA + 5,8935%",IPCA_MAIS,5.8935,6.9133,6.5607,6.7722,0.307,6.4652,7.0793,1217.735243,96.3309,1137.78,4.515,,2032-08-15
2026-10-06,SAUC16,S/A USINA CORURIPE ACUCAR E ALCOOL,*,2034-04-15,"IPCA + 13,3904%",IPCA_MAIS,13.3904,,11.1671,11.2993,0.0657,11.2337,11.3651,1151.039345,105.5558,742.34,2.9458,,2030-08-15
2026-10-06,SAVI13,SANTA VITÓRIA DO PALMAR ENERGIAS RENOVÁVEIS S.A.,,2031-09-15,"IPCA + 5,9548%",IPCA_MAIS,5.9548,7.5963,7.2456,7.4287,0.0571,7.3715,7.4859,635.49285,96.255,693.07,2.7503,,2029-05-15
2026-10-06,SBSPB6,CIA. DE SANEAMENTO BÁSICO DO ESTADO DE SP - SABESP,*;**,2027-07-15,"IPCA + 4,65%",IPCA_MAIS,4.65,6.7929,6.1109,6.5812,0.2572,6.324,6.8385,1435.045378,98.6165,192.0,0.7619,,2027-05-15
2026-10-06,SBSPC6,CIA. DE SANEAMENTO BÁSICO DO ESTADO DE SP - SABESP,*;**,2030-07-15,"IPCA + 4,95%",IPCA_MAIS,4.95,7.0434,6.7611,6.8751,0.1667,6.7084,7.0419,1389.22389,95.4047,650.39,2.5809,,2029-05-15
2026-10-06,SBSPD4,CIA. DE SANEAMENTO BÁSICO DO ESTADO DE SP - SABESP,,2029-07-15,"IPCA + 3,37%",IPCA_MAIS,3.37,7.0607,6.8032,6.9471,0.1741,6.7729,7.1213,1398.433617,94.3712,426.34,1.6918,45.0,2028-08-15
2026-10-06,SBSPE3,CIA. DE SANEAMENTO BÁSICO DO ESTADO DE SP - SABESP,*,2035-01-15,"IPCA + 7,5485%",IPCA_MAIS,7.5485,7.2299,6.9811,7.0697,0.1619,6.9078,7.2317,1168.777232,102.7637,1544.17,6.1277,50.0,2035-05-15
2026-10-06,SBSPE9,CIA. DE SANEAMENTO BÁSICO DO ESTADO DE SP - SABESP,*,2031-12-15,"IPCA + 5,3058%",IPCA_MAIS,5.3058,7.0325,6.874,6.9514,0.2043,6.7471,7.1558,1241.266254,94.4829,918.9,3.6464,10.0,2030-08-15
2026-10-06,SBSPF3,CIA. DE SANEAMENTO BÁSICO DO ESTADO DE SP - SABESP,*,2040-01-15,"IPCA + 7,3837%",IPCA_MAIS,7.3837,7.284,7.033,7.1809,0.1241,7.0567,7.3051,1153.483277,101.5307,2029.85,8.055,,2037-05-15
2026-10-06,SBSPF9,CIA. DE SANEAMENTO BÁSICO DO ESTADO DE SP - SABESP,*,2036-12-15,"IPCA + 5,4478%",IPCA_MAIS,5.4478,7.2393,7.0022,7.117,0.1386,6.9784,7.2557,1177.502294,89.5326,1754.76,6.9633,,2035-05-15
2026-10-06,SBSPI8,CIA. DE SANEAMENTO BÁSICO DO ESTADO DE SP - SABESP,*,2036-02-15,"IPCA + 6,2907%",IPCA_MAIS,6.2907,7.1987,6.9311,7.0424,0.0998,6.9426,7.1423,987.361306,95.1114,1784.04,7.0795,10.0,2035-05-15
2026-10-06,SBSPJ8,CIA. DE SANEAMENTO BÁSICO DO ESTADO DE SP - SABESP,*,2038-02-15,"IPCA + 6,3507%",IPCA_MAIS,6.3507,7.2744,7.0208,7.1382,0.0649,7.0733,7.2032,977.722893,94.1755,2035.92,8.079,,2037-05-15
2026-10-06,SBSPK8,CIA. DE SANEAMENTO BÁSICO DO ESTADO DE SP - SABESP,*,2041-02-15,"IPCA + 6,2467%",IPCA_MAIS,6.2467,7.1041,6.8503,6.9716,0.1074,6.8643,7.0791,975.767546,94.0,2274.4,9.0254,,2040-08-15
2026-10-06,SDOM12,USINA SAO DOMINGOS-ACUCAR E ETANOL S/A,*,2034-01-15,"IPCA + 9,15%",IPCA_MAIS,9.15,,,,,,,,,,,,2031-05-15
2026-10-06,SERI11,SERRA DO SERIDO F2 HOLDING S.A.,*,2042-04-15,"IPCA + 6,783%",IPCA_MAIS,6.783,7.6806,,7.412,0.3535,7.0585,7.7657,1015.459715,97.1509,1228.42,4.8747,,2032-08-15
2026-10-06,SMTO14,SAO MARTINHO S/A,,2032-01-15,"IPCA + 5,9741%",IPCA_MAIS,5.9741,7.9707,7.6847,7.827,0.1496,7.6774,7.9767,1153.034526,92.4877,1130.79,4.4873,,2032-08-15
2026-10-06,SMTO15,SAO MARTINHO S/A,,2030-12-15,"IPCA + 7,4737%",IPCA_MAIS,7.4737,7.6708,7.252,7.3773,0.0618,7.3155,7.4392,1263.299961,100.2476,694.54,2.7561,,2029-05-15
2026-10-06,SMTO24,SAO MARTINHO S/A,,2037-01-15,"IPCA + 6,1076%",IPCA_MAIS,6.1076,8.168,7.8663,7.9863,0.1705,7.8158,8.1569,1102.641908,88.4199,1745.75,6.9276,,2035-05-15
2026-10-06,SPRZ11,ESPERANZA TRANSMISSORA DE ENERGIA S.A,*,2030-09-15,"IPCA + 6,7968%",IPCA_MAIS,6.7968,,6.8976,7.0885,0.1944,6.8942,7.283,599.840234,99.489,472.86,1.8764,,2028-08-15
2026-10-06,SRBS11,SRBT SUBHOLDING S.A,*,2049-12-15,"IPCA + 6,7092%",IPCA_MAIS,6.7092,7.0723,6.9517,7.0018,0.1181,6.8837,7.12,1070.046092,97.7724,2061.89,8.1821,,2037-05-15
2026-10-06,SRNA11,SERENA ENERGIA S.A,*,2035-03-15,"IPCA + 8,2427%",IPCA_MAIS,8.2427,8.6525,8.4083,8.5413,0.0697,8.4715,8.6111,1052.801811,98.4537,1423.45,5.6486,,2033-05-15
2026-10-06,SRTI11,SERTÃO I SOLAR ENERGIA SPE S.A.,,2032-12-15,"IPCA + 7,0916%",IPCA_MAIS,7.0916,7.3818,7.1565,7.2408,0.19,7.0508,7.4309,766.867568,99.6028,719.8,2.8563,,2029-05-15
2026-10-06,STBP35,SANTOS BRASIL PARTICIPAÇÕES S/A,*,2034-08-15,"IPCA + 6,3936%",IPCA_MAIS,6.3936,7.1587,6.847,7.0279,0.1963,6.8315,7.2243,1074.584929,96.7419,1400.81,5.5588,35.0,2033-05-15
2026-10-06,STBP45,SANTOS BRASIL PARTICIPAÇÕES S/A,*,2039-08-15,"IPCA + 6,5408%",IPCA_MAIS,6.5408,7.3815,6.9959,7.2171,0.2362,6.9809,7.4533,1054.166079,94.8855,2077.31,8.2433,35.0,2037-05-15
2026-10-06,STRZ11,VENTOS DE SANTA TEREZA 07 ENERGIAS RENOVAVEIS S.A.,*,2039-03-15,"IPCA + 6,9343%",IPCA_MAIS,6.9343,7.6058,7.3026,7.4578,0.1037,7.3541,7.5615,1026.373905,97.3555,1375.56,5.4586,,2033-05-15
2026-10-06,SUMI17,GIGA MAIS FIBRA TELECOMUNICACOES S.A.,*,2031-07-15,"IPCA + 7,749%",IPCA_MAIS,7.749,15.0652,12.4914,13.9368,1.3928,12.544,15.3297,917.419756,81.8714,891.25,3.5367,10.0,2030-08-15
2026-10-06,SUMI18,GIGA MAIS FIBRA TELECOMUNICACOES S.A.,*,2031-10-15,"IPCA + 8,5214%",IPCA_MAIS,8.5214,15.2833,12.6337,14.0901,0.5959,13.4942,14.686,945.967783,83.3999,900.02,3.5715,,2030-08-15
2026-10-06,SUMI19,GIGA MAIS FIBRA TELECOMUNICACOES S.A.,*,2032-04-15,"IPCA + 9,4735%",IPCA_MAIS,9.4735,15.2212,12.3909,14.2819,1.0116,13.2703,15.2936,933.001602,84.7147,956.38,3.7952,45.0,2031-05-15
2026-10-06,SUMI37,GIGA MAIS FIBRA TELECOMUNICACOES S.A.,*,2034-07-15,"IPCA + 8,0993%",IPCA_MAIS,8.0993,14.848,12.2552,13.5267,0.7114,12.8153,14.2382,873.107704,77.8587,1254.26,4.9772,,2032-08-15
2026-10-06,SUZB19,SUZANO S.A.,*,2030-06-15,"IPCA + 6,0188%",IPCA_MAIS,6.0188,6.8058,6.5037,6.5678,0.1512,6.4166,6.7191,1153.402023,98.3217,825.27,3.2749,,2030-08-15
2026-10-06,SUZB29,SUZANO S.A.,*,2033-06-15,"IPCA + 6,2477%",IPCA_MAIS,6.2477,6.8266,6.623,6.6843,0.0959,6.5884,6.7803,1147.976079,97.7922,1369.78,5.4356,,2033-05-15
2026-10-06,SUZBA0,SUZANO S.A.,*,2038-09-15,"IPCA + 6,1889%",IPCA_MAIS,6.1889,7.0008,6.7436,6.8496,0.1698,6.6798,7.0195,1096.197628,95.1464,2010.78,7.9793,45.0,2037-05-15
2026-10-06,SUZBC1,SUZANO S.A.,*,2036-05-15,"IPCA + 6,11%",IPCA_MAIS,6.11,6.9855,6.747,6.8251,0.1131,6.712,6.9383,1085.291731,95.4709,1731.12,6.8695,,2035-05-15
2026-10-06,TAEE17,TRANS. ALIANÇA DE ENERGIA ELÉTRICA S/A,,2044-09-15,"IPCA + 4,5%",IPCA_MAIS,4.5,7.0586,6.8961,6.9511,0.0921,6.859,7.0433,1461.64486,84.0258,1815.95,7.2062,15.0,2037-05-15
2026-10-06,TAEE18,TRANS. ALIANÇA DE ENERGIA ELÉTRICA S/A,*,2039-12-15,"IPCA + 4,7742%",IPCA_MAIS,4.7742,,6.6173,6.8441,0.2348,6.6093,7.079,1171.57116,90.2555,1290.21,5.1199,10.0,2032-08-15
2026-10-06,TAEE26,TRANS. ALIANÇA DE ENERGIA ELÉTRICA S/A,*;**,2044-05-15,"IPCA + 5,5%",IPCA_MAIS,5.5,7.0622,6.7686,6.909,0.1064,6.8026,7.0155,1327.66894,89.8161,2003.93,7.9521,15.0,2037-05-15
2026-10-06,TAEEA2,TRANS. ALIANÇA DE ENERGIA ELÉTRICA S/A,,2036-05-15,"IPCA + 4,7605%",IPCA_MAIS,4.7605,7.031,6.8008,6.9622,0.2727,6.6895,7.235,1187.557533,86.603,1722.86,6.8367,,2035-05-15
2026-10-06,TAEEA4,TRANSMISSORA ALIANÇA DE ENERGIA ELÉTRICA S.A.,,2033-09-15,"IPCA + 5,8741%",IPCA_MAIS,5.8741,6.9707,6.7794,6.9688,0.2782,6.6906,7.2471,1084.645281,94.2582,1443.39,5.7277,,2033-05-15
2026-10-06,TAEEA7,TRANSMISSORA ALIANÇA DE ENERGIA ELÉTRICA S.A.,*,2040-01-15,"IPCA + 7,169%",IPCA_MAIS,7.169,7.0696,6.8441,6.9615,0.0605,6.901,7.0222,1233.485634,101.4894,1927.37,7.6483,35.0,2037-05-15
2026-10-06,TAEEA8,TRANSMISSORA ALIANÇA DE ENERGIA ELÉTRICA S.A.,*,2032-07-15,"IPCA + 7,1499%",IPCA_MAIS,7.1499,6.8385,6.6251,6.7237,0.0927,6.631,6.8165,1157.079618,101.7365,1089.63,4.3239,35.0,2031-05-15
2026-10-06,TAEEB0,TRANSMISSORA ALIANÇA DE ENERGIA ELÉTRICA S.A.,*,2040-12-15,"IPCA + 6,4712%",IPCA_MAIS,6.4712,6.8045,6.6606,6.7477,0.1304,6.6173,6.8783,1059.146519,96.9875,2971.66,11.7923,,2050-08-15
2026-10-06,TAEEB2,TRANS. ALIANÇA DE ENERGIA ELÉTRICA S/A,,2029-04-15,"IPCA + 5,6%",IPCA_MAIS,5.6,6.8549,6.5409,6.682,0.2296,6.4524,6.9117,1207.679791,97.6792,580.06,2.3018,45.0,2029-05-15
2026-10-06,TAEEB4,TRANSMISSORA ALIANÇA DE ENERGIA ELÉTRICA S.A.,,2035-09-15,"IPCA + 6,0653%",IPCA_MAIS,6.0653,7.0394,6.8496,7.0015,0.2789,6.7225,7.2805,1082.525187,94.0639,1746.0,6.9286,,2035-05-15
2026-10-06,TAEEB8,TRANSMISSORA ALIANÇA DE ENERGIA ELÉTRICA S.A.,*,2035-07-15,"IPCA + 7,0564%",IPCA_MAIS,7.0564,6.9371,6.7306,6.7748,0.1929,6.5819,6.9678,1153.745528,101.5485,1472.34,5.8426,,2033-05-15
2026-10-06,TAEEC2,TRANS. ALIANÇA DE ENERGIA ELÉTRICA S/A,,2032-04-15,"IPCA + 5,75%",IPCA_MAIS,5.75,6.8591,6.5775,6.7558,0.2304,6.5254,6.9864,1192.465153,96.3834,978.2,3.8817,10.0,2031-05-15
2026-10-06,TAEEC4,TRANSMISSORA ALIANÇA DE ENERGIA ELÉTRICA S.A.,,2038-09-15,"IPCA + 6,2709%",IPCA_MAIS,6.2709,7.1492,6.9111,6.9775,0.0844,6.893,7.062,1091.620235,94.8432,2001.91,7.9441,,2037-05-15
2026-10-06,TAEED2,TRANSMISSORA ALIANÇA DE ENERGIA ELÉTRICA S.A.,,2037-04-15,"IPCA + 5,85%",IPCA_MAIS,5.85,7.0571,6.8322,6.9353,0.2039,6.7315,7.1393,1150.627219,92.96,1789.75,7.1022,15.0,2035-05-15
2026-10-06,TBEG11,TIBAGI ENERGIA SPE S/A,,2035-07-15,"IPCA + 5,3231%",IPCA_MAIS,5.3231,8.1903,7.8722,8.0125,0.1043,7.9082,8.1169,979.257275,89.9366,1039.0,4.123,,2031-05-15
2026-10-06,TCII11,AES TUCANO HOLDING II S.A,*,2041-09-15,"IPCA + 6,0594%",IPCA_MAIS,6.0594,7.451,7.2243,7.4137,0.307,7.1067,7.7208,1190.847101,92.5119,1515.23,6.0128,,2033-05-15
2026-10-06,TEPA11,BRASIL TECNOLOGIA E PARTICIPACAO S.A.,*,2030-03-15,"IPCA + 9,6888%",IPCA_MAIS,9.6888,,,,,,,,,,,,
2026-10-06,TEPA12,BRASIL TECNOLOGIA E PARTICIPACAO S.A.,*,2031-07-15,"IPCA + 10,0924%",IPCA_MAIS,10.0924,,,,,,,809.746916,71.9056,,,,
2026-10-06,TEPA13,BRASIL TECNOLOGIA E PARTICIPACAO S.A.,*,2032-03-15,"IPCA + 11,5593%",IPCA_MAIS,11.5593,,,,,,,785.601052,73.6862,,,35.0,
2026-10-06,TIET18,AES TIETE ENERGIA S/A,,2030-05-15,"IPCA + 6,0215%",IPCA_MAIS,6.0215,7.431,7.1546,7.264,0.119,7.145,7.3831,783.67918,97.7553,488.91,1.9401,,2028-08-15
2026-10-06,TIET29,AES TIETE ENERGIA S/A,*;**,2029-03-15,"IPCA + 4,7133%",IPCA_MAIS,4.7133,7.4358,7.1619,7.2818,0.1173,7.1645,7.3991,1436.730329,96.7421,342.45,1.3589,5.0,2028-08-15
2026-10-06,TIET39,AES TIETE ENERGIA S/A,*;**,2029-03-15,"IPCA + 4,7133%",IPCA_MAIS,4.7133,7.3878,7.1585,7.2454,0.114,7.1314,7.3595,1471.266369,96.8123,339.7,1.348,,2028-08-15
2026-10-06,TIMS12,TIM S.A.,,2028-06-15,"IPCA + 3,9182%",IPCA_MAIS,3.9182,5.7074,,5.0781,0.1206,4.9574,5.1988,890.750678,98.74,287.51,1.1409,,2027-05-15
2026-10-06,TNHL11,TUCANO HOLDING III S.A,*,2041-09-15,"IPCA + 6,5865%",IPCA_MAIS,6.5865,7.4839,7.2234,7.3441,0.1092,7.2349,7.4535,1160.637632,95.863,1486.64,5.8994,,2033-05-15
2026-10-06,TPEN11,TPE - TRANSMISSORA PARAÍSO DE ENERGIA S.A.,*;**,2028-09-15,"IPCA + 6,5333%",IPCA_MAIS,6.5333,6.8938,6.6764,6.7755,0.1821,6.5934,6.9577,966.134354,99.6322,408.82,1.6223,,2028-08-15
2026-10-06,TPNO12,MATRINCHA TRANSMISSORA DE ENERGIA  TP NORTE SA,,2029-06-15,"IPCA + 7,5826%",IPCA_MAIS,7.5826,6.8034,6.63,6.7826,0.2238,6.5588,7.0064,636.528277,101.0122,340.77,1.3523,35.0,2028-08-15
2026-10-06,TPNO13,MATRINCHA TRANSMISSORA DE ENERGIA  TP NORTE SA,*,2038-12-15,"IPCA + 4,9335%",IPCA_MAIS,4.9335,6.9592,6.8566,6.8966,0.0932,6.8033,6.9899,1134.301759,88.248,1665.88,6.6106,,2035-05-15
2026-10-06,TRCC11,TCC - TRANSMISSORA CAMINHO DO CAFÉ S.A.,,2028-09-15,"IPCA + 6,5333%",IPCA_MAIS,6.5333,6.8857,6.674,6.8116,0.2003,6.6113,7.0121,965.604679,99.5776,408.8,1.6222,,2028-08-15
2026-10-06,TRGO11,ARGO TRANSMISSAO DE ENERGIA S.A.,,2031-12-15,"IPCA + 7,0176%",IPCA_MAIS,7.0176,7.1767,7.0033,7.0932,0.2241,6.8691,7.3174,1055.605825,99.8244,626.8,2.4873,,2029-05-15
2026-10-06,TRGP13,TECP - TRANSMISSORA DE ENERGIA CENTRAL PAULISTANA S.A.,*,2038-01-15,"IPCA + 6,9928%",IPCA_MAIS,6.9928,7.1702,6.9272,7.0781,0.1146,6.9634,7.1928,1074.083594,99.3915,1928.65,7.6534,35.0,2037-05-15
2026-10-06,TRPLA4,ISA ENERGIA BRASIL S.A.,*,2033-10-15,"IPCA + 6,2607%",IPCA_MAIS,6.2607,7.1031,6.8213,6.9302,0.1097,6.8206,7.04,1139.334254,96.7439,1324.76,5.257,,2033-05-15
2026-10-06,TRPLA7,ISA ENERGIA BRASIL S.A.,*,2036-10-15,"IPCA + 6,7119%",IPCA_MAIS,6.7119,7.1454,6.8777,6.9642,0.0639,6.9003,7.0283,1213.469876,97.8486,2320.73,9.2092,10.0,2040-08-15
2026-10-06,TRPLB4,ISA ENERGIA BRASIL S.A.,*,2038-10-15,"IPCA + 6,4364%",IPCA_MAIS,6.4364,7.1905,6.9858,7.0932,0.1211,6.9721,7.2143,1123.618472,95.3344,1945.39,7.7198,35.0,2037-05-15
2026-10-06,TRPLB7,ISA ENERGIA BRASIL S.A.,*,2039-10-15,"IPCA + 6,6052%",IPCA_MAIS,6.6052,7.2196,6.9495,7.0881,0.0712,7.0169,7.1594,1087.011755,96.3702,2050.96,8.1387,,2037-05-15
2026-10-06,TRRG12,TRSP - TERMINAL DE REGASEIFICACAO DE GNL DE SAO PAULO S.A.,*,2033-01-15,"IPCA + 7,4367%",IPCA_MAIS,7.4367,7.1505,6.898,7.0172,0.151,6.8662,7.1682,1113.267451,101.5764,1008.79,4.0031,,2031-05-15
2026-10-06,TSSG21,TRANSPORTADORA ASSOCIADA DE GAS S.A. - TAG,*,2033-12-15,"IPCA + 5,9851%",IPCA_MAIS,5.9851,7.0623,6.7458,6.8972,0.1372,6.76,7.0345,1110.469784,95.7044,1287.14,5.1077,,2032-08-15
2026-10-06,TUPW21,TUPI ENERGIAS RENOVAVEIS S.A,*,2036-10-15,"IPCA + 8,2194%",IPCA_MAIS,8.2194,,11.359,11.621,0.2998,11.3212,11.9209,947.592553,86.547,1141.98,4.5317,,2032-08-15
2026-10-06,TVVH11,TVV TERMINAL DE VILA VELHA S.A.,*,2033-11-15,"IPCA + 6,8596%",IPCA_MAIS,6.8596,7.4,7.1982,7.3127,0.1351,7.1776,7.448,857.226979,98.7323,757.26,3.005,,2030-08-15
2026-10-06,UHSM12,UHE SAO SIMAO ENERGIA S/A,,2036-10-15,"IPCA + 5,8198%",IPCA_MAIS,5.8198,7.3082,6.999,7.2036,0.0958,7.1077,7.2995,1215.991813,91.8189,1641.55,6.5141,35.0,2035-05-15
2026-10-06,ULFT14,ULTRAFERTIL S/A,*,2035-10-15,"IPCA + 6,6729%",IPCA_MAIS,6.6729,7.4964,7.2163,7.3312,0.0771,7.2541,7.4083,1034.815656,96.3121,1533.31,6.0846,,2035-05-15
2026-10-06,UNEG11,UTE GNA I GERACAO DE ENERGIA S.A.,*,2039-07-15,"IPCA + 5,92%",IPCA_MAIS,5.92,8.8809,8.4171,8.6758,0.1452,8.5306,8.8212,1158.954676,84.3428,1628.92,6.464,35.0,2035-05-15
2026-10-06,UNTE11,UNIFIQUE TELECOMUNICACOES S.A.,*,2028-03-15,"IPCA + 5,3418%",IPCA_MAIS,5.3418,,,6.4463,0.0964,6.3499,6.5428,449.712211,99.059,228.11,0.9052,,2027-05-15
2026-10-06,USAS11,USINA SANTA ADÉLIA S.A.,,2028-02-15,"IPCA + 6,8884%",IPCA_MAIS,6.8884,7.2765,6.5176,6.6019,0.0551,6.5468,6.657,692.252505,100.2335,219.1,0.8694,,2027-05-15
2026-10-06,USAS12,USINA SANTA ADÉLIA S.A.,*,2032-09-15,"IPCA + 8,0857%",IPCA_MAIS,8.0857,8.4177,7.8918,8.0482,0.2268,7.8214,8.2751,1051.300673,100.1304,946.16,3.7546,,2031-05-15
2026-10-06,USAS22,USINA SANTA ADÉLIA S.A.,*,2035-09-15,"IPCA + 8,1432%",IPCA_MAIS,8.1432,8.6276,8.172,8.401,0.1565,8.2446,8.5576,1036.654574,98.7323,1348.55,5.3514,,2033-05-15
2026-10-06,USNA12,USINA SANTA FE S.A.,*,2031-06-15,"IPCA + 8,525%",IPCA_MAIS,8.525,,,8.2499,0.2593,7.9906,8.5093,1153.156564,100.539,534.35,2.1204,,2029-05-15
2026-10-06,USNA13,USINA SANTA FE S.A.,*,2033-07-15,"IPCA + 9,0161%",IPCA_MAIS,9.0161,10.4995,9.5191,10.0342,0.9403,9.0939,10.9747,1030.178355,96.4988,962.57,3.8197,,2031-05-15
2026-10-06,UTPS11,USINA TERMELETRICA PAMPA SUL S.A.,,2028-04-15,"IPCA + 6,25%",IPCA_MAIS,6.25,,6.5647,7.2402,0.3013,6.9389,7.5417,655.121362,99.1453,232.77,0.9237,,2027-05-15
2026-10-06,UTPS12,USINA TERMELETRICA PAMPA SUL S.A.,,2028-04-15,"IPCA + 4,5%",IPCA_MAIS,4.5,7.7768,6.8211,7.6321,0.2651,7.367,7.8972,629.390464,97.2755,234.41,0.9302,,2027-05-15
2026-10-06,UTPS21,USINA TERMELETRICA PAMPA SUL S.A.,,2036-10-15,"IPCA + 7,5%",IPCA_MAIS,7.5,,7.6527,7.9208,0.3903,7.5305,8.3112,1450.902908,98.0616,1258.8,4.9952,,2032-08-15
2026-10-06,UTPS22,USINA TERMELETRICA PAMPA SUL S.A.,,2036-10-15,"IPCA + 5,75%",IPCA_MAIS,5.75,7.8948,7.6401,7.8739,0.3479,7.5261,8.2219,1305.233371,90.0826,1304.54,5.1767,,2032-08-15
2026-10-06,VALE48,VALE S/A,,2029-01-15,"IPCA + 6,78%",IPCA_MAIS,6.78,6.5955,6.2608,6.3698,0.1434,6.2264,6.5134,1053.659145,100.4565,298.52,1.1846,,2028-08-15
2026-10-06,VALEA0,VALE S/A,*,2034-10-15,"IPCA + 6,3837%",IPCA_MAIS,6.3837,6.7413,6.4747,6.565,0.1175,6.4474,6.6826,1113.103683,98.9492,1561.86,6.1979,5.0,2035-05-15
2026-10-06,VALEB0,VALE S/A,*,2036-10-15,"IPCA + 6,4368%",IPCA_MAIS,6.4368,6.8732,6.5779,6.7767,0.1507,6.626,6.9275,1099.323183,97.701,1833.51,7.2758,10.0,2037-05-15
2026-10-06,VALEB1,VALE S/A,*,2032-05-15,"IPCA + 6,8881%",IPCA_MAIS,6.8881,6.4983,6.2082,6.3251,0.1753,6.1498,6.5004,1107.006069,102.467,1164.76,4.6221,,2032-08-15
2026-10-06,VALEC0,VALE S/A,*,2039-10-15,"IPCA + 6,4203%",IPCA_MAIS,6.4203,6.7039,6.4203,6.5525,0.1946,6.3579,6.7472,1112.952142,98.9195,2201.74,8.7371,,2040-08-15
2026-10-06,VALEC1,VALE S/A,*,2035-05-15,"IPCA + 6,7624%",IPCA_MAIS,6.7624,6.7376,6.4778,6.5617,0.1111,6.4506,6.673,1093.117931,101.2287,1637.47,6.4979,,2035-05-15
2026-10-06,VALED1,VALE S/A,*,2037-05-15,"IPCA + 6,7946%",IPCA_MAIS,6.7946,6.8561,6.5717,6.6696,0.1743,6.4952,6.844,1089.551549,100.8864,1900.81,7.5429,40.0,2037-05-15
2026-10-06,VAMO33,"VAMOS LOCACAO DE CAMINHOES, MAQUINAS E EQUIPAMENTOS S.A.",*,2031-06-15,"IPCA + 6,3605%",IPCA_MAIS,6.3605,,,13.148,0.3692,12.7788,13.5174,1113.776516,82.038,795.65,3.1573,,2030-08-15
2026-10-06,VAMO34,"VAMOS LOCACAO DE CAMINHOES, MAQUINAS E EQUIPAMENTOS S.A.",*,2031-10-15,"IPCA + 7,6897%",IPCA_MAIS,7.6897,,,13.0191,0.4881,12.5311,13.5073,1124.772324,85.1195,829.07,3.29,,2030-08-15
2026-10-06,VBBRA0,VIBRA ENERGIA S.A,*,2036-03-15,"IPCA + 7,38%",IPCA_MAIS,7.38,7.54,7.3012,7.4271,0.1672,7.2599,7.5943,1020.254778,99.7468,1456.29,5.7789,50.0,2033-05-15
2026-10-06,VBRR11,VIA BRASIL BR 163 CONCESSIONARIA DE RODOVIAS S.A.,*,2030-12-15,"IPCA + 8,5914%",IPCA_MAIS,8.5914,,10.5936,10.8379,0.1706,10.6673,11.0086,1203.719419,95.3422,583.44,2.3152,35.0,2029-05-15
2026-10-06,VDBF12,VDB F2 GERACAO DE ENERGIA S.A.,,2033-04-15,"IPCA + 3,8708%",IPCA_MAIS,3.8708,7.4335,7.201,7.3909,0.4511,6.9398,7.842,1103.833469,89.3044,839.04,3.3295,,2030-08-15
2026-10-06,VERO12,VERO S.A.,*,2030-03-17,"IPCA + 9,34%",IPCA_MAIS,9.34,,,,,,,955.836558,81.4737,,,,
2026-10-06,VERO13,VERO S.A.,*,2031-03-15,"IPCA + 8,4041%",IPCA_MAIS,8.4041,,,,,,,926.128153,82.0561,,,35.0,
2026-10-06,VERO24,VERO S.A.,*,2031-10-15,"IPCA + 8,3524%",IPCA_MAIS,8.3524,,,,,,,938.214657,82.0633,,,,
2026-10-06,VERO25,VERO S.A.,*,2032-07-15,"IPCA + 9,2618%",IPCA_MAIS,9.2618,,,,,,,878.502073,82.0859,,,,
2026-10-06,VERO35,VERO S.A.,*,2035-07-15,"IPCA + 9,2707%",IPCA_MAIS,9.2707,,,,,,,878.205478,82.0567,,,,
2026-10-06,VERO44,VERO S.A.,*,2034-10-15,"IPCA + 8,7014%",IPCA_MAIS,8.7014,,,,,,,934.626008,81.6243,,,,
2026-10-06,VIALA5,RODOVIAS INTEGRADAS DO OESTE S/A,*,2030-04-15,"IPCA + 7,23%",IPCA_MAIS,7.23,7.2091,7.0315,7.0452,0.2677,6.7775,7.313,1056.233112,100.6028,878.0,3.4841,,2030-08-15
2026-10-06,VLIM13,VLI MULTIMODAL S/A,*,2028-12-15,"IPCA + 5,75%",IPCA_MAIS,5.75,7.1157,6.9141,7.0101,0.1819,6.8282,7.1921,1252.747688,97.6122,513.87,2.0392,,2028-08-15
2026-10-06,VLIM14,VLI MULTIMODAL S/A,*,2030-09-15,"IPCA + 6,4512%",IPCA_MAIS,6.4512,7.1195,6.8624,6.9761,0.1311,6.845,7.1073,1134.526379,98.6892,675.45,2.6804,,2029-05-15
2026-10-06,VLIM15,VLI MULTIMODAL S/A,*,2031-04-15,"IPCA + 6,1062%",IPCA_MAIS,6.1062,7.2375,6.9398,7.1184,0.0912,7.0272,7.2098,1106.622852,96.3883,974.46,3.8669,35.0,2031-05-15
2026-10-06,VLIM16,VLI MULTIMODAL S/A,*,2034-11-15,"IPCA + 6,867%",IPCA_MAIS,6.867,7.3282,7.0611,7.2115,0.0806,7.1309,7.2922,1095.386816,98.2255,1399.59,5.5539,35.0,2033-05-15
2026-10-06,VLIM17,VLI MULTIMODAL S/A,*,2035-05-15,"IPCA + 7,0166%",IPCA_MAIS,7.0166,7.3501,7.0434,7.2103,0.1023,7.1081,7.3127,1071.673731,98.9505,1468.73,5.8283,45.0,2033-05-15
2026-10-06,VLIM18,VLI MULTIMODAL S/A,*,2035-10-15,"IPCA + 6,6729%",IPCA_MAIS,6.6729,7.4874,7.1966,7.3341,0.0825,7.2516,7.4168,1034.645552,96.2963,1533.25,6.0843,15.0,2035-05-15
2026-10-06,VLIM19,VLI MULTIMODAL S/A,*,2038-03-15,"IPCA + 6,4988%",IPCA_MAIS,6.4988,7.5875,7.2685,7.3483,0.1632,7.1851,7.5116,967.732969,94.1071,1914.1,7.5956,5.0,2037-05-15
2026-10-06,VLIM26,VLI MULTIMODAL S/A,*,2036-11-15,"IPCA + 6,7166%",IPCA_MAIS,6.7166,7.4006,7.187,7.2805,0.069,7.2115,7.3496,1075.643787,96.509,1692.53,6.7164,,2035-05-15
2026-10-06,VLIM27,VLI MULTIMODAL S/A,*,2037-05-15,"IPCA + 6,9582%",IPCA_MAIS,6.9582,7.5594,7.2649,7.4075,0.0757,7.3317,7.4833,1050.639795,97.0294,1806.32,7.1679,35.0,2037-05-15
2026-10-06,VLIM28,VLI MULTIMODAL S/A,*,2037-10-15,"IPCA + 6,7052%",IPCA_MAIS,6.7052,7.5663,7.2791,7.416,0.0765,7.3396,7.4926,1022.866823,95.1863,1861.01,7.385,5.0,2037-05-15
2026-10-06,VLIM29,VLI MULTIMODAL S/A,*,2041-03-15,"IPCA + 6,4776%",IPCA_MAIS,6.4776,7.5049,7.2558,7.3071,0.0843,7.2228,7.3915,958.543265,93.2145,2260.2,8.969,,2040-08-15
2026-10-06,VPLT12,VIAPAULISTA S.A.,,2027-06-15,"IPCA + 3,9407%",IPCA_MAIS,3.9407,7.2417,6.663,7.0898,0.1001,6.9897,7.19,220.119387,98.5045,127.01,0.504,,2027-05-15
2026-10-06,VRDN12,VIARONDON CONCESSIONÁRIA DE RODOVIA S/A,,2034-12-15,"IPCA + 5,55%",IPCA_MAIS,5.55,8.5906,8.3279,8.4229,0.3061,8.1168,8.7291,1199.75167,90.3789,929.0,3.6865,10.0,2030-08-15
2026-10-06,WDPR11,WINDEPAR HOLDING S. A.,,2028-12-15,"IPCA + 7,6276%",IPCA_MAIS,7.6276,6.7249,,6.4847,0.2279,6.2568,6.7128,726.54019,101.2601,296.24,1.1756,,2028-08-15
2026-10-06,WNTY12,WINITY S.A.,*,2035-08-15,"IPCA + 8,6044%",IPCA_MAIS,8.6044,8.8576,8.3691,8.5721,0.142,8.4301,8.7142,1059.956802,100.1362,1153.29,4.5765,,2032-08-15
2026-10-06,XNGU17,XINGU RIO TRANSMISSORA DE ENERGIA S.A.,*,2034-12-15,"IPCA + 4,8304%",IPCA_MAIS,4.8304,,,6.8976,0.1461,6.7515,7.0438,1074.44778,92.3593,1011.21,4.0127,,2031-05-15
2026-10-06,AEGPA0,AEGEA SANEAMENTO E PARTICIPAÇÕES S/A,*;**,2029-05-15,"PREFIXADO 16,762%",PREFIXADO,16.762,,,16.1764,0.2173,15.9591,16.3938,1074.601451,101.051,524.42,2.081,,
2026-10-06,AEGPA8,AEGEA SANEAMENTO E PARTICIPAÇÕES S/A,*,2031-01-15,"PREFIXADO 16,3433%",PREFIXADO,16.3433,,,16.4131,0.385,16.0281,16.7981,1033.506119,99.8118,791.13,3.1394,,
2026-10-06,BTEL13,V.TAL - REDE NEUTRA DE TELECOMUNICACOES S.A.,*,2032-04-15,"PREFIXADO 15,05%",PREFIXADO,15.05,15.2914,14.4601,14.7207,0.3773,14.3434,15.0981,1079.721543,100.9992,875.35,3.4736,,
2026-10-06,CEEBC0,CIA DE ELETRICIDADE DO ESTADO DA BAHIA - COELBA,*;**,2032-04-25,"PREFIXADO 13,5966%",PREFIXADO,13.5966,13.8586,13.1579,13.2903,0.5617,12.7286,13.8521,1069.934034,101.0486,974.95,3.8688,40.0,
2026-10-06,CEEBD1,CIA DE ELETRICIDADE DO ESTADO DA BAHIA - COELBA,*,2032-11-15,"PREFIXADO 11,6692%",PREFIXADO,11.6692,13.6859,12.7809,13.1207,0.0876,13.0331,13.2085,988.041322,94.5701,1081.88,4.2932,50.0,
2026-10-06,CEPEA6,COMPANHIA ENERGÉTICA DE PERNAMBUCO - CELPE,*;**,2032-04-25,"PREFIXADO 13,5966%",PREFIXADO,13.5966,13.8312,12.9601,13.2089,0.6537,12.5552,13.8627,1072.914542,101.3301,975.66,3.8717,,
2026-10-06,CEROA3,CENTRAIS ELETRICAS DE RONDONIA S/A CERON,*,2032-05-15,"PREFIXADO 13,7%",PREFIXADO,13.7,13.7169,13.1728,13.3246,0.4995,12.8251,13.8243,1065.969389,101.3019,987.26,3.9177,35.0,
2026-10-06,EGIEA2,ENGIE BRASIL ENERGIA S.A.,*,2029-08-15,"PREFIXADO 12,4974%",PREFIXADO,12.4974,13.0153,12.3256,12.6637,0.3415,12.3222,13.0053,1034.433489,99.6476,602.11,2.3893,,
2026-10-06,EGIEA4,ENGIE BRASIL ENERGIA S.A.,*,2032-01-15,"PREFIXADO 14,3509%",PREFIXADO,14.3509,13.3319,12.5347,13.0074,0.5032,12.5042,13.5107,1278.488976,103.722,784.49,3.1131,35.0,
2026-10-06,EGIEA5,ENGIE BRASIL ENERGIA S.A.,*,2035-06-15,"PREFIXADO 12,8775%",PREFIXADO,12.8775,13.3989,12.7378,13.0646,0.5267,12.5379,13.5914,1152.400086,99.2382,1161.76,4.6102,,
2026-10-06,EGIEC1,ENGIE BRASIL ENERGIA S.A.,*,2028-11-15,"PREFIXADO 10,9%",PREFIXADO,10.9,13.1047,12.4744,12.8206,0.4503,12.3702,13.271,1291.657152,96.4664,528.0,2.0952,,
2026-10-06,EKTRA5,ELEKTRO REDES S.A.,*,2032-04-25,"PREFIXADO 13,5966%",PREFIXADO,13.5966,13.8988,13.217,13.4756,0.4261,13.0494,13.9018,1063.195894,100.4123,973.34,3.8625,,
2026-10-06,ELTN17,CENTRAIS ELETRICAS DO NORTE DO BRASIL S/A - ELETRONORTE,*,2032-07-15,"PREFIXADO 13,2474%",PREFIXADO,13.2474,13.3503,12.6911,12.789,0.4592,12.3298,13.2484,1046.386955,101.6851,1040.2,4.1278,,
2026-10-06,ENAT23,3R PETROLEUM OLEO E GAS S.A.,*,2030-06-15,"PREFIXADO 13,5733%",PREFIXADO,13.5733,14.931,14.021,14.4113,0.5323,13.879,14.9437,1019.307263,97.8942,728.26,2.8899,,
2026-10-06,ENAT32,3R PETROLEUM OLEO E GAS S.A.,*,2029-09-17,"PREFIXADO 13,9662%",PREFIXADO,13.9662,15.1037,14.185,14.5547,0.5563,13.9984,15.111,994.979354,98.7267,626.59,2.4865,,
2026-10-06,ENERB6,ENERGISA MATO GROSSO DO SUL - DISTRIBUIDORA DE ENERGIA S.A.,*,2032-05-15,"PREFIXADO 13,7%",PREFIXADO,13.7,13.8995,13.2401,13.5453,0.454,13.0912,13.9994,1057.882966,100.5334,985.33,3.91,,
2026-10-06,ENMTC4,ENERGISA MATO GROSSO - DISTRIBUIDORA DE ENERGIA S.A.,*,2032-05-15,"PREFIXADO 13,7%",PREFIXADO,13.7,13.8039,13.1482,13.4614,0.4257,13.0357,13.8871,1060.946094,100.8245,986.06,3.9129,,
2026-10-06,ORIG21,ORIGEM ENERGIA S.A,*,2035-12-15,"PREFIXADO 14,15%",PREFIXADO,14.15,,,,,,,,,,,,
2026-10-06,ORIG22,ORIGEM ENERGIA S.A,*,2035-12-15,"PREFIXADO 15,63%",PREFIXADO,15.63,,,16.6619,2.1358,14.5262,18.7978,1010.304491,96.4784,1009.31,4.0052,,
2026-10-06,RECV21,PETRORECONCAVO S.A.,,2031-05-15,"PREFIXADO 12,8886%",PREFIXADO,12.8886,,,14.6265,0.2402,14.3863,14.8668,1005.237037,95.8022,704.05,2.7938,,
2026-10-06,TEPA23,BRASIL TECNOLOGIA E PARTICIPACAO S.A.,*,2032-03-15,"PREFIXADO 18,5067%",PREFIXADO,18.5067,,,24.4779,1.1857,23.2922,25.6637,949.309009,86.327,737.18,2.9253,,
2026-10-06,VLIM25,VLI MULTIMODAL S/A,*,2031-04-15,"PREFIXADO 11,44%",PREFIXADO,11.44,,,,,,,,,,,,
