codigo,classe,spread_bps,justo_pares_bps,dispersao_pares_bps,distancia_media,n_pares,pares,ajuste_eventos_bps,motivos_ajuste,justo_ajustado_bps,desvio_bps,estrutura,fase,patrocinador,faixa,pares_entre_segmentos,desvio_em_dp
AALM12,DI+,74.76,127.17,49.325759031159365,3.898829818696464,5,ACOV15 USIM29 USIMA0 GGBRA7 GGBRA8,0.0,,127.17,-52.41,project_finance,operacional,grande_grupo,principal,,-0.78614128308566
ACOV15,DI+,154.01,74.76,40.46587826799265,3.6482716375454487,5,AALM12 USIMA0 USIM29 GGBRA7 GGBRA8,0.0,,74.76,79.24999999999999,project_finance,operacional,grande_grupo,principal,,1.1887368190142826
ADPA21,DI+,276.22,226.77,88.43625398415517,2.677889191207817,8,ISPE13 ISPE12 RSAN25 RSAN15 PRLG17 GRRB16 SNGOA1 SNGOA2,0.0,,226.77,49.45000000000002,project_finance,operacional,grande_grupo,principal,,0.7417417753975558
AEGE16,DI+,717.12,453.64000000000004,58.73369863677542,6.1420402647176635,3,AEGPB5 AEGPB3 CASN13,0.0,,453.64000000000004,263.47999999999996,project_finance,operacional,nao_identificado,high_yield,,0.6921643618156058
AEGE17,DI+,668.0600000000001,453.64000000000004,58.73369863677542,6.673436021545043,3,AEGPB5 AEGPB3 CASN13,0.0,,453.64000000000004,214.42000000000002,project_finance,operacional,nao_identificado,high_yield,,0.5632832945973213
AEGP17,DI+,281.8,103.375,68.84530039107607,1.9904315863149526,8,BRKPA0 BRKPA5 SAPRB1 SAPRC1 CASN14 SBSPC3 CSMGA7 CAEC22,0.0,,103.375,178.425,corporativa,operacional,grande_grupo,principal,,2.676345324070958
AEGP19,DI+,329.69,668.0600000000001,170.83193482354392,5.047558089098973,3,CASN13 AEGE16 AEGE17,0.0,,668.0600000000001,-338.37000000000006,corporativa,operacional,grande_grupo,high_yield,,-0.8889010744934971
AEGPA4,DI+,326.04,668.0600000000001,170.83193482354392,5.093422284786228,3,CASN13 AEGE16 AEGE17,0.0,,668.0600000000001,-342.02000000000004,corporativa,operacional,grande_grupo,high_yield,,-0.8984896577659539
AEGPA9,DI+,292.56,103.375,79.54573617580014,1.8234236287803116,8,BRKPA2 BRKPA5 SAPRB4 SAPRC1 CASN14 CSMGA7 CAEC22 SBSPA1,0.0,,103.375,189.185,corporativa,operacional,grande_grupo,principal,,2.8377435344506887
AEGPB3,DI+,460.6499999999999,668.0600000000001,170.83193482354392,4.994964974659698,3,CASN13 AEGE16 AEGE17,0.0,,668.0600000000001,-207.41000000000014,corporativa,operacional,grande_grupo,high_yield,,-0.5448679606959728
AEGPB5,DI+,453.64000000000004,668.0600000000001,170.83193482354392,4.7402643936753455,3,CASN13 AEGE16 AEGE17,0.0,,668.0600000000001,-214.42000000000002,corporativa,operacional,grande_grupo,high_yield,,-0.5632832945973213
AEGPB7,DI+,337.12,668.0600000000001,170.83193482354392,5.114776609557395,3,CASN13 AEGE16 AEGE17,0.0,,668.0600000000001,-330.94000000000005,corporativa,operacional,grande_grupo,high_yield,,-0.8693823967635367
AESLA8,DI+,40.37,48.474999999999994,63.92805365213304,0.45950222173204425,8,PALFA5 ESCEA6 ELPLA6 ESCEB4 CMGDA0 CPLD19 CPFPA8 CMGDA3,-0.8838834764831844,avanço operacional (2026-05-08): Renovação da Concessão → -0.9 bps,47.59111652351681,-7.221116523516812,project_finance,operacional,grande_grupo,principal,,-0.10831554682519687
ALGAA2,DI+,113.75999999999999,60.685,77.12833975751066,3.732422112347293,8,TBSP12 BCPSA6 TBSP22 BCPSA4 HGLB13 TLPP27 BRIT12 BRIT11,4.189176491282507,impacto negativo (2026-08-10): Alienação da Operação de IOT → +4.2 bps,64.87417649128251,48.88582350871748,project_finance,operacional,grande_grupo,principal,,0.7332792218630468
ALGTA5,DI+,95.14,60.685,80.3339215400319,3.9391461928538245,8,TBSP22 TBSP12 HGLB13 BCPSA6 BCPSA4 TLPP27 BRST14 BRIT12,4.189176491282507,impacto negativo (2026-08-10): Alienação da Operação de IOT → +4.2 bps,64.87417649128251,30.26582350871749,project_finance,operacional,grande_grupo,principal,,0.45398231877098455
ALGTA6,DI+,106.69,60.685,80.3339215400319,4.192331022459041,8,TBSP22 TBSP12 HGLB13 BCPSA6 BCPSA4 TLPP27 BRST14 BRIT12,4.189176491282507,impacto negativo (2026-08-10): Alienação da Operação de IOT → +4.2 bps,64.87417649128251,41.815823508717486,project_finance,operacional,grande_grupo,principal,,0.6272303977566623
ANHBA5,DI+,48.989999999999995,131.18,79.82876467007367,1.5669246207582832,8,ERDVA6 ECOV17 ERDVB3 APPSB2 ARTRA5 ARTRA4 APRB28 APFL18,0.0,,131.18,-82.19000000000001,project_finance,operacional,grande_grupo,principal,,-1.2328363300288192
ANHBA6,DI+,54.54,131.18,79.82876467007367,1.9260490165523938,8,ECOV17 ERDVA6 ERDVB3 ARTRA5 APPSB2 ARTRA4 APRB28 APFL18,0.0,,131.18,-76.64000000000001,project_finance,operacional,grande_grupo,principal,,-1.1495872531136233
ANIM15,DI+,181.73,91.31,21.781474341508563,2.5362403273031844,7,CSED12 CSED13 YDUQ17 YDUQA0 COGNB2 COGNA5 INEL12,0.0,,91.31,90.41999999999999,corporativa,operacional,grande_grupo,principal,,1.3562849612021632
ANIM17,DI+,181.59,91.31,21.781474341508563,2.5269418603118914,7,CSED12 CSED13 COGNB2 YDUQA0 COGNA5 YDUQ17 INEL12,0.0,,91.31,90.28,corporativa,operacional,grande_grupo,principal,,1.3541849844871854
ANIM18,DI+,202.28000000000003,91.31,22.913814209612788,2.3391922447164353,7,CSED12 CSED13 COGNA4 COGNB2 YDUQA2 YDUQ17 INEL12,0.0,,91.31,110.97000000000003,corporativa,operacional,grande_grupo,principal,,1.6645315432935646
APFL18,DI+,241.15,108.535,80.93612735322529,2.6874665527021326,8,ANHBA5 ARTRA5 ERDVA6 ERDVB3 ECOV17 ARTRA4 ANHBA6 APPSB2,0.0,,108.535,132.615,project_finance,operacional,grande_grupo,principal,,1.989202943262828
APPSB2,DI+,137.10999999999999,101.47,83.58786275530677,1.2423293522538368,8,ARTRA4 ERDVA3 APRB28 ARTRA5 ERDVB3 ANHBA5 ECOV17 ANHBA6,0.0,,101.47,35.639999999999986,project_finance,operacional,grande_grupo,principal,,0.5345940722986627
APRB28,DI+,61.95000000000001,131.18,67.0261931892115,1.3170781228426367,8,ARTRA1 ARTRA4 APPSB2 ERDVA3 ERDVB3 ECOV17 ANHBA5 ANHBA6,0.0,,131.18,-69.22999999999999,project_finance,operacional,grande_grupo,principal,,-1.0384384855565778
ARTRA1,DI+,184.4,101.47,38.067845827384296,1.6390887754273988,8,APRB28 ERDVA3 APPSB2 ERDVB3 ECOV17 ANHBA5 ANHBA6 PLSB2A,0.0,,101.47,82.93,project_finance,operacional,grande_grupo,principal,,1.243936206950845
ARTRA4,DI+,262.72,101.47,38.067845827384296,1.3754336925634232,8,APRB28 ERDVA3 ERDVB3 APPSB2 ECOV17 ANHBA5 ANHBA6 PLSB2A,0.0,,101.47,161.25000000000003,project_finance,operacional,grande_grupo,principal,,2.4187231806442036
ARTRA5,DI+,265.41,101.47,60.917568573749726,1.3590419879923608,8,ERDVA3 APRB28 ERDVB3 APPSB2 ECOV17 ANHBA5 ANHBA6 APFL18,0.0,,101.47,163.94000000000003,project_finance,operacional,grande_grupo,principal,,2.459072733239136
ASAI18,DI+,213.77,99.775,41.1138059993234,2.303205100352205,8,PGMN18 VBBR15 GUAR17 VBBR24 RADL15 CEAB22 CEAB13 MGLUA0,0.0,,99.775,113.995,corporativa,operacional,grupo_inferido,principal,,1.7099060401707655
ASAI19,DI+,222.86999999999998,95.61,38.36906955397147,2.207351742855205,8,PGMN18 VBBR15 VBBR24 GUAR17 RADL15 RADL19 CEAB14 CEAB13,0.0,,95.61,127.25999999999998,corporativa,operacional,grupo_inferido,principal,,1.9088788339149223
ASAI22,DI+,216.16,99.775,41.1138059993234,2.328844954924926,8,PGMN18 VBBR15 VBBR24 GUAR17 RADL15 CEAB13 CEAB22 MGLUA0,0.0,,99.775,116.38499999999999,corporativa,operacional,grupo_inferido,principal,,1.7457556426621739
ASAI28,DI+,228.79999999999998,89.57499999999999,38.346997254511344,2.2102309741362856,8,PGMN18 VBBR15 VBBR24 GUAR17 RADL15 RADL19 CEAB14 CEAB22,0.0,,89.57499999999999,139.225,corporativa,operacional,grupo_inferido,principal,,2.0883518438771422
ASAIA0,DI+,224.6,89.57499999999999,45.81315633909107,2.2375491654595026,8,VBBR15 PGMN18 VBBR18 GUAR17 RADL15 MGLUA0 CEAB14 RADL19,0.0,,89.57499999999999,135.025,corporativa,operacional,grupo_inferido,principal,,2.0253525424278047
ASAIA1,DI+,225.92,89.57499999999999,45.81315633909107,2.3216672246148065,8,VBBR15 PGMN18 VBBR18 GUAR17 RADL15 RADL19 MGLUA0 CEAB14,0.0,,89.57499999999999,136.345,corporativa,operacional,grupo_inferido,principal,,2.0451523228833106
ASAIA2,DI+,231.28000000000003,80.485,39.491408480199844,2.222213439636955,8,VBBR24 VBBR16 PGMN18 GUAR17 RADL19 RADL15 VIVA11 CEAB14,0.0,,80.485,150.79500000000002,corporativa,operacional,grupo_inferido,principal,,2.2618999195363885
ASAIA3,DI+,231.34000000000003,89.57499999999999,46.023104999011096,2.2196006470691,8,VBBR15 PGMN18 VBBR17 GUAR17 RADL15 RADL19 MGLUA0 CEAB14,0.0,,89.57499999999999,141.76500000000004,corporativa,operacional,grupo_inferido,principal,,2.1264514214203136
AURE13,DI+,84.7,61.019999999999996,44.14205829973835,2.7050532932517495,8,EGIEE1 CHTH11 TIET19 ENEVD0 ENEVA3 OMGE17 OMGE16 CESPA4,3.9540560814115846,impacto negativo (2026-08-05): Auren (AURE3) registra prejuízo de R$ 379 mi e EBITDA de R$  → +4.0 bps,64.97405608141158,19.725943918588428,corporativa,operacional,grande_grupo,principal,,0.2958858779285419
AXIAA0,DI+,67.32000000000001,60.745,7.364200379010757,5.420439487850127,6,CHSF14 CHSF24 CPGT39 ELTN19 ELTN16 CPGTB0,10.991812546888685,impacto negativo (2026-09-02): Axia Energia aprova 12ª e 13ª emissões de debêntures → +5.5 bps | impacto negativo (2026-09-03): Axia Energia aprova R$ 3 bilhões em novas debêntures para re → +5.5 bps,71.73681254688869,-4.4168125468886785,corporativa,operacional,grupo_inferido,principal,,-0.06625145359206082
AXIAB0,DI+,74.03,63.489999999999995,7.058108811856046,5.654433688466007,6,CHSF24 CHSF14 ELTN26 CPGT39 CPGTB0 ELTN19,10.991812546888685,impacto negativo (2026-09-02): Axia Energia aprova 12ª e 13ª emissões de debêntures → +5.5 bps | impacto negativo (2026-09-03): Axia Energia aprova R$ 3 bilhões em novas debêntures para re → +5.5 bps,74.48181254688868,-0.4518125468886751,corporativa,operacional,grupo_inferido,principal,,-0.006777113057150601
AZZA11,DI+,140.57,501.225,309.7411539394628,2.1666434348092394,8,QUAL18 MEAL14 QUAL16 HAPV17 HAPV15 CVCB14 SIMH16 MATD13,15.54982789224043,"crédito negativo (2026-05-12): Comunicado acerca de pedido judicial → +4.6 bps | impacto negativo (2026-08-13): Azzas 2154: receita cai 8,2% e lucro recua 62,5% no 2T26, ap → +4.3 bps | impacto negativo (2026-08-12): Azzas 2154: Queda do sell-in derruba o Ebitda no 2º trimestr → +4.3 bps | impacto negativo (2026-06-19): Azzas: venda da Farm reduz estratégia global, diz analista → +2.3 bps",516.7748278922404,-376.2048278922404,corporativa,operacional,grupo_inferido,high_yield,S,-0.9882935122589283
AZZA12,DI+,164.75,501.225,307.2375792342955,2.22184437977634,8,QUAL18 MEAL14 QUAL16 HAPV18 HAPV17 CVCB14 MATD13 ARML14,15.54982789224043,"crédito negativo (2026-05-12): Comunicado acerca de pedido judicial → +4.6 bps | impacto negativo (2026-08-13): Azzas 2154: receita cai 8,2% e lucro recua 62,5% no 2T26, ap → +4.3 bps | impacto negativo (2026-08-12): Azzas 2154: Queda do sell-in derruba o Ebitda no 2º trimestr → +4.3 bps | impacto negativo (2026-06-19): Azzas: venda da Farm reduz estratégia global, diz analista → +2.3 bps",516.7748278922404,-352.0248278922404,corporativa,operacional,grupo_inferido,high_yield,S,-0.9247724318402956
AZZA13,DI+,199.12,423.44,119.13140727128804,1.9289001825266476,8,QUAL18 MEAL14 QUAL16 CVCB14 CAMLB1 VAMOA0 AEGPB7 BCBF16,15.54982789224043,"crédito negativo (2026-05-12): Comunicado acerca de pedido judicial → +4.6 bps | impacto negativo (2026-08-13): Azzas 2154: receita cai 8,2% e lucro recua 62,5% no 2T26, ap → +4.3 bps | impacto negativo (2026-08-12): Azzas 2154: Queda do sell-in derruba o Ebitda no 2º trimestr → +4.3 bps | impacto negativo (2026-06-19): Azzas: venda da Farm reduz estratégia global, diz analista → +2.3 bps",438.98982789224044,-239.86982789224044,corporativa,operacional,grupo_inferido,high_yield,S,-0.6301402244642926
BCBF16,DI+,449.35,362.94,618.5043763183895,1.1707469396571075,8,CSNAA2 AEGPA4 CSNAA1 PASS13 VAMOA1 AEGP19 CAMLB1 CAMLA1,0.0,,362.94,86.41000000000003,corporativa,operacional,grande_grupo,high_yield,S,0.2269998576912347
BCPSA4,DI+,24.73,95.67,68.53462827970617,3.7161542840283044,8,HGLB13 ALGAA2 TBSP12 BRIT11 TBSP22 ALGTA5 BRIT12 TLPP27,7.727490631398765,"impacto negativo (2026-10-02): Claro compra controle da Desktop por R$ 1,7 bilhão → +7.7 bps",103.39749063139877,-78.66749063139876,project_finance,operacional,grupo_inferido,principal,,-1.1799992753691464
BCPSA6,DI+,35.38,95.67,68.53462827970617,3.264462579059132,8,HGLB13 ALGAA2 TBSP12 TBSP22 ALGTA5 BRIT12 BRIT11 TLPP27,7.727490631398765,"impacto negativo (2026-10-02): Claro compra controle da Desktop por R$ 1,7 bilhão → +7.7 bps",103.39749063139877,-68.01749063139877,project_finance,operacional,grupo_inferido,principal,,-1.020251046694041
BKBR19,DI+,152.57,175.25,37.53496059231536,5.267594621285587,3,MNRVA1 MRFGA1 MDRO18,0.0,,175.25,-22.680000000000007,project_finance,operacional,grande_grupo,principal,,-0.34019622782642195
BRIT11,DI+,96.2,60.685,75.99575744737334,5.477762544348465,8,TLPP27 BCPSA4 BCPSA6 HGLB13 ALGAA2 ALGTA5 TBSP12 TBSP22,0.0,,60.685,35.515,corporativa,operacional,grupo_inferido,principal,,0.5327190930888612
BRIT12,DI+,134.35999999999999,60.685,75.99575744737334,5.217543664012743,8,BCPSA6 HGLB13 TLPP27 BCPSA4 ALGAA2 ALGTA5 TBSP12 TBSP22,0.0,,60.685,73.67499999999998,corporativa,operacional,grupo_inferido,principal,,1.1051127462571264
BRKPA0,DI+,225.53999999999996,103.375,91.41611933898749,2.416686372160338,8,AEGP17 AEGPA9 SAPRB1 SAPRC1 CASN14 SBSPC3 CSMGA7 CAEC22,0.0,,103.375,122.16499999999996,corporativa,operacional,grande_grupo,principal,,1.8324546813234046
BRKPA2,DI+,271.63,103.375,92.81585973716992,2.060949655996318,8,AEGPA9 AEGP17 SAPRB4 SAPRC1 CASN14 SBSPA1 CSMGA7 CAEC22,0.0,,103.375,168.255,corporativa,operacional,grande_grupo,principal,,2.523797015561491
BRKPA3,DI+,277.47999999999996,105.845,93.39039189572716,2.152516765651824,8,AEGPA9 SAPRB4 AEGP17 SAPRC1 CASN14 SBSPA1 CSMGA9 CAEC32,0.0,,105.845,171.63499999999996,corporativa,operacional,grande_grupo,principal,,2.5744964533945285
BRKPA4,DI+,292.3,105.845,92.3788130386914,2.432772432249081,8,AEGPA9 SAPRB4 AEGP17 SAPRC1 CASN14 SBSPB1 CAEC32 CSMGA9,0.0,,105.845,186.455,corporativa,operacional,grande_grupo,principal,,2.7967939885086195
BRKPA5,DI+,231.36999999999998,103.375,92.81585973716992,2.0679564633415706,8,AEGPA9 AEGP17 SAPRC1 SAPRB4 CASN14 CSMGA7 CAEC22 SBSPA1,0.0,,103.375,127.99499999999998,corporativa,operacional,grande_grupo,principal,,1.9199037116685564
BRMLA1,DI+,46.11000000000001,56.195,26.979997886165595,2.6527315091795742,8,IGTAA3 FISI15 IGTAB0 SBFC13 RADL19 RADLA0 VIVA11 CEAB14,0.0,,56.195,-10.084999999999994,project_finance,operacional,grande_grupo,principal,,-0.15127332264680168
BRMLB1,DI+,56.550000000000004,56.230000000000004,44.18050261073883,3.371319963749536,8,IGTAA3 FISI15 IGTAB0 SBFC13 RADLA1 RADLA0 VIVA11 MGLUA0,0.0,,56.230000000000004,0.3200000000000003,project_finance,operacional,grande_grupo,principal,,0.004799946777092376
BRST14,DI+,159.5,60.685,75.74675916128359,5.3207156002917975,8,HGLB13 BCPSA6 TLPP27 BCPSA4 ALGTA5 ALGTA6 TBSP12 TBSP22,0.0,,60.685,98.815,corporativa,operacional,grupo_inferido,principal,,1.4822085649324461
BSA312,DI+,41.97,45.25000000000001,65.76165733921249,4.6572903551219795,5,WIZC12 ITSA17 ITSA18 CIEL18 CIEL19,0.0,,45.25000000000001,-3.2800000000000082,corporativa,operacional,grupo_inferido,principal,,-0.04919945446519693
BSA318,DI+,34.32,45.25000000000001,67.36366955562917,4.810811336478183,5,WIZC12 ITSA17 ITSA18 CIEL17 CIEL19,0.0,,45.25000000000001,-10.930000000000007,corporativa,operacional,grupo_inferido,principal,,-0.16394818210506143
BSA319,DI+,46.93,45.25000000000001,65.76165733921249,4.690100447873455,5,WIZC12 ITSA17 ITSA18 CIEL18 CIEL19,0.0,,45.25000000000001,1.6799999999999926,corporativa,operacional,grupo_inferido,principal,,0.025199720579734842
BSA3A0,DI+,36.730000000000004,45.25000000000001,65.76165733921249,4.6871295345063535,5,WIZC12 ITSA17 ITSA18 CIEL18 CIEL19,0.0,,45.25000000000001,-8.520000000000003,corporativa,operacional,grupo_inferido,principal,,-0.12779858294008445
BTGH18,DI+,115.29,78.24000000000001,23.415638470902312,1.2420675622255954,8,CMED13 DGCD11 CLMOA2 CLCD16 CLCD18 CLMOA4 CPFGA3 MNLT11,0.0,,78.24000000000001,37.05,project_finance,operacional,grupo_inferido,principal,,0.5557438377852262
CAEC13,DI+,130.0,102.14,91.88271150459971,3.9348196527895007,8,CSMGD1 CSMGB0 CASN14 SBSPD3 SBSPD7 BRKPA3 BRKPA4 ORMA17,0.0,,102.14,27.86,corporativa,operacional,nao_identificado,principal,,0.41789536628060464
CAEC22,DI+,116.12,202.24,96.13701693416537,2.9894027699391925,8,CSMGA8 AEGPA9 CSMGA7 SBSPA1 CASN14 BRKPA2 BRKPA5 AEGP17,0.0,,202.24,-86.12,corporativa,operacional,nao_identificado,principal,,-1.2917856763849846
CAEC32,DI+,121.05999999999999,65.35,112.00032488792164,3.1370383520204252,8,CSMGA9 CSMGD1 SBSPB1 BRKPA4 AEGPA9 SBSPA1 BRKPA3 SAPRB4,0.0,,65.35,55.709999999999994,corporativa,operacional,nao_identificado,principal,,0.8356407342244251
CAMLA1,DI+,396.19,386.615,585.6266829418188,0.7675279918838381,8,SUMI39 AEGPB7 AEGP19 VAMOA0 VAMOA1 CSNAA1 CSNAA2 SIMH16,0.0,,386.615,9.574999999999989,corporativa,operacional,grande_grupo,high_yield,S,0.025153612283226122
CAMLB1,DI+,398.36999999999995,386.08000000000004,437.5328698223712,0.5798569504834135,8,VAMOA0 AEGPB7 AEGP19 SUMI39 VAMOA1 CSNAA1 SIMH16 JSMLA5,0.0,,386.08000000000004,12.289999999999907,corporativa,operacional,grande_grupo,high_yield,S,0.032285942032464446
CASN13,DI+,332.7,502.59000000000003,181.3787784582309,4.496476675775504,4,AEGPB7 AEGPA4 AEGE17 AEGE16,0.0,,502.59000000000003,-169.89000000000004,corporativa,operacional,grande_grupo,high_yield,,-0.4463025786733464
CASN14,DI+,173.11,173.745,95.065342528179,2.57182294452724,8,AEGPA9 BRKPA2 BRKPA5 AEGP17 SAPRC1 SAPRB4 CAEC22 CSMGA8,0.0,,173.745,-0.6349999999999909,corporativa,operacional,grande_grupo,principal,,-0.00952489438579254
CBAN22,DI+,85.56000000000002,108.535,66.32656971380324,3.1089733071004195,8,RODB11 COLNA3 PLSB2A ECOV17 ERDVB3 ERDVA6 APFL18 ANHBA5,-1.5568120279485287,avanço operacional (2026-06-26): Reajuste Tarifário Ordinário - 2026 → -1.6 bps,106.97818797205147,-21.418187972051456,project_finance,operacional,nao_identificado,principal,,-0.32126925727377187
CBOH11,DI+,136.57,75.49000000000001,24.61218394286659,5.345491246372054,8,RECV12 NTSD17 RECV13 NTSD16 PEJA21 PFOR15 IPIPA6 CDGS26,5.366333597635618,impacto negativo (2026-05-27): Alienação de participação acionária relevante → +1.8 bps | impacto negativo (2026-07-28): OceanPact (OPCT3) anuncia aquisição da Dock Brasil por R$ 11 → +3.6 bps,80.85633359763563,55.71366640236437,corporativa,operacional,grande_grupo,principal,,0.8356957296500888
CDAR11,DI+,159.98999999999998,196.54500000000002,49.752708406176254,3.0584202956382063,8,TFLEA4 TFLEA3 MVLVA3 MOVIA3 OVSAA8 OVSAA3 LETS18 VAMO13,0.0,,196.54500000000002,-36.555000000000035,project_finance,operacional,grande_grupo,principal,,-0.548318920114412
CDES12,DI+,138.95,70.27,50.082545418095066,2.0614974571187044,3,CLIS11 STBP25 STBP15,0.0,,70.27,68.67999999999999,project_finance,operacional,nao_identificado,principal,,1.0301885770334502
CDGS26,DI+,75.0,91.275,33.51981195875061,2.9708336146645893,8,IPIPA6 PFOR25 NTSDA0 NTSD35 PFOR26 RECV13 RECV12 OPCT17,0.0,,91.275,-16.275000000000006,project_finance,operacional,grupo_inferido,principal,,-0.24412229311618244
CEAB13,DI+,119.74000000000001,135.19,73.82666590357105,2.068735375248729,8,RADL15 VIVA11 MGLUA0 LVTC12 RADL19 GUAR17 ASAI22 ASAI18,0.0,,135.19,-15.449999999999989,corporativa,operacional,grande_grupo,principal,,-0.23174743033149092
CEAB14,DI+,87.22,135.19,72.36834476093466,2.0976058463429306,8,VIVA11 RADL15 RADL19 LVTC12 MGLUA0 GUAR17 PGMN18 ASAI28,0.0,,135.19,-47.97,corporativa,operacional,grande_grupo,principal,,-0.7195420215535033
CEAB22,DI+,71.36,135.19,73.82666590357105,2.0217107151522,8,RADL15 VIVA11 LVTC12 MGLUA0 RADL19 GUAR17 ASAI18 ASAI22,0.0,,135.19,-63.83,corporativa,operacional,grande_grupo,principal,,-0.9574393836931441
CEAP15,DI+,67.91,46.215,11.401938431687833,2.3915867843250416,8,CERO19 CPFPA8 CMGDA0 ENERC3 ESCEB4 CEROA2 ESCEA4 AESLA8,0.0,,46.215,21.694999999999993,project_finance,operacional,nao_identificado,principal,,0.3254213916531843
CEAP16,DI+,71.69,51.045,15.307654743624187,2.27388666115451,8,CERO19 CPFPA8 ENERC3 ESCEB4 CEROA2 AESLA8 CTNSA2 CMGDA0,0.0,,51.045,20.644999999999996,project_finance,operacional,nao_identificado,principal,,0.30967156629085
CEEBA3,DI+,82.62,64.68,5.484225104789188,1.8635038573623932,8,EKTRA0 CEMTE2 ENMTB0 EQMAA1 EKTRA3 CEED16 EQPA17 CEED18,-1.61860091791044,avanço operacional (2026-05-08): Prorrogação Concessão Neoenergia Coelba → -0.9 bps | avanço operacional (2026-04-22): Reajuste Tarifário Neoenergia Coelba 2026 → -0.7 bps,63.061399082089565,19.55860091791044,corporativa,operacional,grande_grupo,principal,,0.29337576075112537
CEEBB8,DI+,66.21000000000001,63.69,4.53300104097716,0.9139005578260166,8,ENMTC3 EKTRA3 EKTRA4 ENMTB2 EQMAA1 CEED16 CEED18 EQPAA0,-1.61860091791044,avanço operacional (2026-05-08): Prorrogação Concessão Neoenergia Coelba → -0.9 bps | avanço operacional (2026-04-22): Reajuste Tarifário Neoenergia Coelba 2026 → -0.7 bps,62.071399082089556,4.138600917910452,corporativa,operacional,grande_grupo,principal,,0.0620783254299869
CEED16,DI+,66.11,63.615,5.33637693102727,1.458003288522815,8,ENMTA8 EQMAA1 ENMTB2 EQPA17 CEEBB8 EKTRA3 EKTRA4 EQPAA0,0.0,,63.615,2.4949999999999974,corporativa,operacional,grande_grupo,principal,,0.03742458502764205
CEED18,DI+,68.08,64.69,4.507177435768424,1.5839983400339415,8,ENMTC2 CEEBB8 ENMTC3 EKTRA3 EQMAA1 EQPA17 EKTRA4 EQPAA0,0.0,,64.69,3.3900000000000006,corporativa,operacional,grande_grupo,principal,,0.05084943616982233
CEEDA0,DI+,81.02,64.69,4.507177435768424,1.71040297534608,8,EQPAA0 ENMTC2 CEEBB8 EKTRA4 ENMTC3 EKTRA3 EQPA17 EQMAA1,0.0,,64.69,16.33,corporativa,operacional,grande_grupo,principal,,0.24494728396849508
CEEDA1,DI+,90.27,63.69,4.385270623063076,1.5813416852792839,8,EKTRA4 ENMTC3 EKTRA3 CEEBB8 ENMTB2 EQPAA0 EQPA17 EQMAA1,0.0,,63.69,26.58,corporativa,operacional,grande_grupo,principal,,0.39869557917223514
CEMTE2,DI+,54.87,66.16,6.805402151048827,1.5886947023955804,8,EQMAA1 CEEBA3 EKTRA0 CEEBB8 EKTRA3 CEED16 EQPA17 CEED18,-2.5024843943936244,avanço operacional (2026-05-08): Assinatura do Termo Aditivo da  Prorrogação da Concessão → -0.9 bps | avanço operacional (2026-04-22): Aneel homologa reajuste tarifário da EMT → -0.7 bps | avanço operacional (2026-05-08): Energisa (ENGI3) conclui prorrogação de 4 concessões por 30  → -0.9 bps,63.65751560560637,-8.787515605606373,corporativa,operacional,grande_grupo,principal,,-0.1318112725305601
CEPEA1,DI+,86.11,47.88,16.580855630440187,1.0038930795658192,8,EDVP18 FLCLA4 CPLD27 PALFA8 CMGD18 ESCEA3 EBENA6 PALFA4,-0.7874506561842958,avanço operacional (2026-04-28): Reajuste Tarifário Neoenergia Pernambuco 2026 → -0.8 bps,47.092549343815705,39.017450656184295,project_finance,operacional,grande_grupo,principal,,0.5852552703984765
CERO19,DI+,55.67,52.815,15.270074850422313,2.0039221125778037,8,CTNSA2 CEAP16 CPFPA8 CEAP15 ENERC3 ESCEB4 CMGDA0 AESLA8,0.0,,52.815,2.855000000000004,project_finance,operacional,grupo_inferido,principal,,0.042824525151871067
CEROA2,DI+,75.62,57.144999999999996,13.106975003790922,1.9926208562183558,8,CTNSA2 EBENA9 ESCEB4 ENERC3 ESCEA6 ENERB5 CEAP16 CPFPA8,0.0,,57.144999999999996,18.47500000000001,project_finance,operacional,grupo_inferido,principal,,0.27712192720869255
CEROB2,DI+,75.86000000000001,67.805,10.640327106696487,2.351446813067622,8,CTNSA2 CMGDA1 CGOSA1 CPFPB8 CMGDB3 CGOS19 SAELB6 ESCEB6,0.0,,67.805,8.055000000000007,project_finance,operacional,grupo_inferido,principal,,0.12082366027962216
CESPA4,DI+,84.61999999999999,71.92500000000001,46.7568512192331,3.196572164996682,8,OMGE17 OMGE26 CPREA0 CGBP14 AURE13 EGIEE1 CHTH11 TIET19,0.0,,71.92500000000001,12.694999999999979,project_finance,operacional,grande_grupo,principal,,0.19042288854746112
CGBP14,DI+,81.98,73.245,44.15428850915843,4.490185394313392,8,OMGE17 OMGE26 CESPA4 CPREA0 ENEVA3 ENEVD0 EGIEE1 AURE13,0.0,,73.245,8.735,project_finance,operacional,nao_identificado,principal,,0.13102354718094333
CGOS15,DI+,67.14,44.71,6.909279991431813,1.0871150164147088,8,CPLDA0 CMGDA3 PALFA6 CPLDA2 ESSDA2 ESCEB4 AESLA8 ESCEA4,0.0,,44.71,22.43,project_finance,operacional,grande_grupo,principal,,0.33644626940681843
CGOS17,DI+,67.32000000000001,48.16499999999999,6.609828737380419,0.8920300165686719,8,CMGDA3 CPLDA0 EBENB1 ESCEA6 CPLD19 ESCEA4 ESSDA2 AESLA8,0.0,,48.16499999999999,19.155000000000015,project_finance,operacional,grande_grupo,principal,,0.28732181411001395
CGOS18,DI+,66.69,48.269999999999996,7.484140627854342,0.9347611269009805,8,CPLDA0 CMGDA3 ESSDA2 EBENB1 ESCEA6 ENERC3 CPLDA2 ESCEB4,0.0,,48.269999999999996,18.42,project_finance,operacional,grande_grupo,principal,,0.2762969363563797
CGOS19,DI+,76.44,58.485,5.8264520722305795,0.9887745087174673,8,CMGDA1 CMGDB3 ESCEB6 EBENB1 CPLDB0 EBENC1 CPLD19 ESCEA6,0.0,,58.485,17.955,project_finance,operacional,grande_grupo,principal,,0.2693220136959173
CGOSA1,DI+,75.34,57.150000000000006,7.727059191568292,1.0736310156021067,8,CMGDA1 CMGDA2 EBENB1 ESCEB6 CPLDA0 CPLD19 EBENC1 CPFPB8,0.0,,57.150000000000006,18.189999999999998,project_finance,operacional,grande_grupo,principal,,0.27284697461034446
CHSF12,DI+,46.33,53.425,8.892505115108015,4.038449195809409,6,ELET15 ELET25 CPGT18 CPGT19 ELTN16 ELTN19,0.0,,53.425,-7.094999999999999,corporativa,operacional,grande_grupo,principal,,-0.10642381994834492
CHSF14,DI+,59.15,61.68000000000001,4.527219222534833,3.808671012970762,6,ELTN16 ELET25 AXIAA0 ELTN19 CPGTB0 CPGT29,0.0,,61.68000000000001,-2.5300000000000082,corporativa,operacional,grande_grupo,principal,,-0.03794957920638669
CHSF24,DI+,62.339999999999996,70.345,7.7094588367508345,3.829509197393664,6,ELTN26 AXIAB0 ELET17 ELTN19 CPGT39 CPGTB0,0.0,,70.345,-8.005000000000003,corporativa,operacional,grande_grupo,principal,,-0.12007366859570141
CHTH11,DI+,40.220000000000006,61.019999999999996,43.503686840887404,3.0965759374795505,8,AURE13 EGIEE1 TIET19 ENEVA3 ENEVD0 CPREA0 OMGE15 OMGE17,0.0,,61.019999999999996,-20.79999999999999,corporativa,operacional,grande_grupo,principal,,-0.311996540511004
CIEL17,DI+,26.019999999999996,45.25000000000001,65.89386466128694,6.138667471457068,5,WIZC12 BSA318 ITSA17 ITSA18 BSA3A0,4.336907481205674,"impacto negativo (2026-08-13): Varejo cai há 14 meses seguidos e tem pior julho desde 2020, → +4.3 bps",49.58690748120568,-23.566907481205682,project_finance,operacional,grande_grupo,principal,,-0.3534996925326479
CIEL18,DI+,39.45,45.25000000000001,65.89386466128694,5.869832150752396,5,WIZC12 ITSA17 ITSA18 BSA3A0 BSA318,4.336907481205674,"impacto negativo (2026-08-13): Varejo cai há 14 meses seguidos e tem pior julho desde 2020, → +4.3 bps",49.58690748120568,-10.136907481205675,project_finance,operacional,grande_grupo,principal,,-0.1520519262315523
CIEL19,DI+,32.99,45.25000000000001,65.89386466128694,5.890499457059138,5,WIZC12 ITSA17 ITSA18 BSA318 BSA3A0,4.336907481205674,"impacto negativo (2026-08-13): Varejo cai há 14 meses seguidos e tem pior julho desde 2020, → +4.3 bps",49.58690748120568,-16.596907481205676,project_finance,operacional,grande_grupo,principal,,-0.24895085179410456
CLCD16,DI+,76.48,86.07000000000002,26.640800446636362,1.8866355529820806,8,CMED13 DGCD11 BTGH18 CPFGA3 CLMOA2 CLMOA4 MNLT11 JHSFA3,0.0,,86.07000000000002,-9.590000000000018,project_finance,operacional,grupo_inferido,principal,,-0.14384840497598728
CLCD17,DI+,88.02,86.07000000000002,26.640800446636362,1.969151432879459,8,CLMOA2 CPFGA3 CLMOA4 DGCD11 BTGH18 CMED13 MNLT11 JHSFA3,0.0,,86.07000000000002,1.9499999999999744,project_finance,operacional,grupo_inferido,principal,,0.029249675672906258
CLCD18,DI+,80.0,86.07000000000002,26.640800446636362,1.7468562252958408,8,CPFGA3 CLMOA2 DGCD11 CLMOA4 CMED13 BTGH18 MNLT11 JHSFA3,0.0,,86.07000000000002,-6.070000000000022,project_finance,operacional,grupo_inferido,principal,,-0.09104899042797125
CLCD19,DI+,40.0,86.07000000000002,26.640800446636362,1.994190943862397,8,CMED13 DGCD11 BTGH18 CPFGA3 CLMOA2 CLMOA4 MNLT11 JHSFA3,0.0,,86.07000000000002,-46.07000000000002,project_finance,operacional,grupo_inferido,principal,,-0.6910423375645177
CLII12,DI+,185.38,122.66,72.67814338940293,4.8624560640455625,7,LMTPB1 LMTPA0 VIXL18 VIXL19 HBSA14 HBSA24 JSLGA5,9.615239256762152,impacto negativo (2026-06-02): Mudança de Controle da Companhia → +1.9 bps | impacto negativo (2026-10-02): Mudança de Controle da Companhia → +7.7 bps,132.27523925676215,53.10476074323785,project_finance,operacional,nao_identificado,principal,,0.7965625786805188
CLIS11,DI+,172.85999999999999,70.27,34.13501558354542,2.5233377701349085,3,CDES12 STBP15 STBP25,9.615239256762152,impacto negativo (2026-06-02): Mudança de Controle da Companhia → +1.9 bps | impacto negativo (2026-10-02): Mudança de Controle da Companhia → +7.7 bps,79.88523925676215,92.97476074323784,project_finance,operacional,nao_identificado,principal,,1.3946059474388715
CLMOA2,DI+,71.50999999999999,89.01,24.715974085598976,1.8167927957328924,8,CLCD18 CLCD17 CPFGA3 DGCD11 BTGH18 CMED13 MNLT11 JHSFA3,0.0,,89.01,-17.500000000000014,project_finance,operacional,grupo_inferido,principal,,-0.2624970893722393
CLMOA4,DI+,69.99999999999999,89.01,24.715974085598976,2.0282856482064426,8,CPFGA3 CLCD18 CLCD17 DGCD11 CMED13 BTGH18 MNLT11 JHSFA3,0.0,,89.01,-19.01000000000002,project_finance,operacional,grupo_inferido,principal,,-0.285146838226644
CMED13,DI+,137.61,73.995,21.57538933600041,1.0399735712282148,8,DGCD11 BTGH18 CLCD16 CLCD19 CPFGA3 CLMOA2 CLMOA4 MNLT11,0.0,,73.995,63.61500000000001,project_finance,operacional,grupo_inferido,principal,,0.9542144194522852
CMGD18,DI+,55.339999999999996,54.845,64.94875661579289,0.4342143455078554,8,ESCEA3 EBENA6 CPFPA6 CPLD27 EBENA7 ELPLA6 PALFA4 EDVP18,0.0,,54.845,0.49499999999999744,project_finance,operacional,grande_grupo,principal,,0.007424917670814725
CMGDA0,DI+,46.42,43.765,64.90708431095946,0.49145139285157635,8,ESCEB4 ESCEA4 ELPLA6 EBENA6 EBENA9 AESLA8 CPLDA2 CPFPA8,0.0,,43.765,2.655000000000001,project_finance,operacional,grande_grupo,principal,,0.03982455841618829
CMGDA1,DI+,60.0,58.620000000000005,10.247331283680644,0.5761988958264292,8,EBENB1 ESCEB6 CPLD19 CPLDB0 EBENC1 CGOS19 CPFPB8 CGOSA1,0.0,,58.620000000000005,1.3799999999999955,project_finance,operacional,grande_grupo,principal,,0.020699770476210785
CMGDA2,DI+,63.99,58.620000000000005,11.66037413636458,0.7326021140513563,8,ESCEB6 CPLDB0 EBENC1 EBENB1 CPLDA0 CGOSA1 CPFPB8 CGOS19,0.0,,58.620000000000005,5.369999999999997,project_finance,operacional,grande_grupo,principal,,0.08054910685308132
CMGDA3,DI+,50.529999999999994,45.905,5.968626307618865,0.4507153036560384,8,CPLDA0 EBENB1 CPLD19 ESCEA6 AESLA8 ESCEB4 PALFA5 ENERC3,0.0,,45.905,4.624999999999993,project_finance,operacional,grande_grupo,principal,,0.06937423076266308
CMGDA6,DI+,73.99,63.13000000000001,10.670027457204597,1.1635715068815704,8,EBENC1 CPLDB0 ESCEB6 EBENB1 CPLD19 CGOS19 SAELB6 CGOSA1,0.0,,63.13000000000001,10.859999999999985,project_finance,operacional,grande_grupo,principal,,0.16289819374757214
CMGDB3,DI+,60.099999999999994,55.635000000000005,8.460777058728118,0.5027508067238846,8,ESCEB6 CPLD19 CPLDB0 EBENC1 EBENB1 CSRNA2 ESCEA6 CPFPB8,0.0,,55.635000000000005,4.464999999999989,project_finance,operacional,grande_grupo,principal,,0.06697425737411684
CMGTA0,DI+,51.459999999999994,550.4749999999999,295.9914530200787,3.0557210453104564,8,TEPA14 TUPY15 TUPY25 TUPW11 AEGE16 HAPV17 HAPV15 SIMH16,0.5549304344462365,"crédito negativo (2026-04-27): Cemig (CMIG4) anuncia repactuação de R$ 14,2 mi em UBP → +3.9 bps | avanço operacional (2026-08-31): Cemig (CMIG4) registra prorrogação da UHE Sá Carvalho por 30 → -3.3 bps",551.0299304344461,-499.5699304344461,project_finance,operacional,grande_grupo,high_yield,S,-1.3123747612017043
CMGTA2,DI+,56.67999999999999,550.4749999999999,318.9974803485914,3.231578166901792,8,TUPY25 TEPA14 TUPY15 AEGE16 HAPV19 HAPV28 TUPW11 PASS14,0.5549304344462365,"crédito negativo (2026-04-27): Cemig (CMIG4) anuncia repactuação de R$ 14,2 mi em UBP → +3.9 bps | avanço operacional (2026-08-31): Cemig (CMIG4) registra prorrogação da UHE Sá Carvalho por 30 → -3.3 bps",551.0299304344461,-494.3499304344461,project_finance,operacional,grande_grupo,high_yield,S,-1.2986617736175328
CMGTC3,DI+,65.35,351.32500000000005,352.41636379918214,3.482845507343277,8,TUPY35 TEPA14 TUPY25 AEGE16 HAPV28 MATD13 HAPV18 SUZBA1,0.5549304344462365,"crédito negativo (2026-04-27): Cemig (CMIG4) anuncia repactuação de R$ 14,2 mi em UBP → +3.9 bps | avanço operacional (2026-08-31): Cemig (CMIG4) registra prorrogação da UHE Sá Carvalho por 30 → -3.3 bps",351.8799304344463,-286.5299304344463,project_finance,operacional,grande_grupo,high_yield,S,-0.7527167391841069
CMTR19,DI+,56.57,407.54999999999995,243.81334850852093,3.6534544069764063,8,TEPA14 TUPY15 TUPY25 BCBF16 TUPW11 AEGPA4 CAMLB1 HAPV15,0.5549304344462365,"crédito negativo (2026-04-27): Cemig (CMIG4) anuncia repactuação de R$ 14,2 mi em UBP → +3.9 bps | avanço operacional (2026-08-31): Cemig (CMIG4) registra prorrogação da UHE Sá Carvalho por 30 → -3.3 bps",408.1049304344462,-351.5349304344462,project_finance,operacional,grande_grupo,high_yield,S,-0.9234854667528916
COCEA2,DI+,139.57,64.75999999999999,9.258702716903699,3.11869518028289,5,ENGIC9 ENGIC3 EQTL17 QYAN11 QUNT11,0.0,,64.75999999999999,74.81,corporativa,operacional,grande_grupo,principal,,1.1221375574821262
COGNA4,DI+,119.9,91.31,48.787553991666734,2.619819360686978,7,YDUQA2 YDUQ18 ANIM18 ANIM17 CSED12 CSED13 INEL12,4.981798489435292,impacto negativo (2026-06-26): Aquisição Educbank → +2.5 bps | impacto negativo (2026-06-26): Cogna (COGN3) anuncia aquisição de 47% da Educbank por R$ 46 → +2.5 bps,96.2917984894353,23.60820151056471,corporativa,operacional,grupo_inferido,principal,,0.35411909610494485
COGNA5,DI+,104.57000000000001,91.31,49.61493228981019,2.7315578137037817,7,YDUQA0 YDUQA2 ANIM17 ANIM18 CSED12 CSED13 INEL12,4.981798489435292,impacto negativo (2026-06-26): Aquisição Educbank → +2.5 bps | impacto negativo (2026-06-26): Cogna (COGN3) anuncia aquisição de 47% da Educbank por R$ 46 → +2.5 bps,96.2917984894353,8.278201510564713,corporativa,operacional,grupo_inferido,principal,,0.12417164581486344
COGNB2,DI+,113.99999999999999,91.31,49.61493228981019,2.6538232673040647,7,YDUQA2 YDUQA0 ANIM18 ANIM17 CSED12 CSED13 INEL12,4.981798489435292,impacto negativo (2026-06-26): Aquisição Educbank → +2.5 bps | impacto negativo (2026-06-26): Cogna (COGN3) anuncia aquisição de 47% da Educbank por R$ 46 → +2.5 bps,96.2917984894353,17.70820151056469,corporativa,operacional,grupo_inferido,principal,,0.265620077402304
COLNA3,DI+,77.42999999999999,88.69000000000001,53.302932142612946,2.8760906644895514,8,CBAN22 PLSB2A ANHBA5 RODB11 ANHBA6 ECOV17 ERDVA6 ERDVB3,0.0,,88.69000000000001,-11.26000000000002,project_finance,operacional,nao_identificado,principal,,-0.16889812721893813
CPFGA3,DI+,51.3,85.08000000000001,21.75816136389976,1.1082288063581065,8,CLCD18 CLMOA4 CLCD17 CLMOA2 DGCD11 CMED13 BTGH18 MNLT11,0.0,,85.08000000000001,-33.780000000000015,project_finance,operacional,grupo_inferido,principal,,-0.5066943816568138
CPFPA6,DI+,31.259999999999998,56.30499999999999,62.7010990234621,0.4787824593331912,8,ESCEA3 CMGD18 EBENA6 ELPLA6 EBENA7 PALFA4 CPLD27 CMGDA0,-0.8838834764831844,avanço operacional (2026-05-08): Renovação da Concessão → -0.9 bps,55.42111652351681,-24.16111652351681,project_finance,operacional,grande_grupo,principal,,-0.3624127293375243
CPFPA8,DI+,41.52,46.5,6.826360212441179,0.5947623528970545,8,ENERC3 PALFA5 AESLA8 ESCEB4 ENERB5 CMGDA0 PALFA6 EBENA9,-0.8838834764831844,avanço operacional (2026-05-08): Renovação da Concessão → -0.9 bps,45.616116523516816,-4.096116523516812,project_finance,operacional,grande_grupo,principal,,-0.06144106658015417
CPFPB8,DI+,52.14,60.05,5.667449685484647,0.6949269752634415,8,CSRNA2 CPLDB0 CMGDA1 CMGDB3 EBENA9 ESCEB6 EBENC1 ENERC3,-0.8838834764831844,avanço operacional (2026-05-08): Renovação da Concessão → -0.9 bps,59.16611652351681,-7.026116523516812,project_finance,operacional,grande_grupo,principal,,-0.1053905792579062
CPGT17,DI+,51.04999999999999,59.1,14.068435907693823,4.967658795416331,6,ELTN16 ELTN19 CHSF12 CHSF14 ELET24 ELET15,0.0,,59.1,-8.050000000000011,project_finance,operacional,grande_grupo,principal,,-0.12074866111123016
CPGT18,DI+,50.0,57.75,6.547752795170773,4.015716458509419,6,ELTN16 ELTN19 CHSF12 CHSF14 ELET15 ELET25,0.0,,57.75,-7.75,project_finance,operacional,grande_grupo,principal,,-0.11624871100770588
CPGT19,DI+,38.01,59.1,13.974031868672217,4.332729344599202,6,ELTN16 ELTN26 CHSF12 CHSF14 ELET15 ELET24,0.0,,59.1,-21.090000000000003,project_finance,operacional,grande_grupo,principal,,-0.3163464922777442
CPGT29,DI+,64.31,60.745,5.732960259179663,4.087147632710857,6,ELTN16 ELTN26 CHSF14 CHSF24 ELET25 AXIAB0,0.0,,60.745,3.565000000000005,project_finance,operacional,grande_grupo,principal,,0.05347440706354478
CPGT39,DI+,78.63,65.65,5.554882987066425,3.967726600062663,6,ELTN26 ELTN19 CHSF24 CHSF14 AXIAA0 ELET17,0.0,,65.65,12.97999999999999,project_finance,operacional,grande_grupo,principal,,0.19469784114580918
CPGTA0,DI+,41.11,59.1,13.974031868672217,4.446415147870488,6,ELTN16 ELTN26 CHSF12 CHSF14 ELET24 ELET15,0.0,,59.1,-17.990000000000002,project_finance,operacional,grande_grupo,principal,,-0.2698470078746618
CPGTB0,DI+,56.660000000000004,60.745,5.732960259179663,3.9684902098855406,6,ELTN16 ELTN26 CHSF14 CHSF24 ELET25 AXIAB0,0.0,,60.745,-4.084999999999994,project_finance,operacional,grande_grupo,principal,,-0.061274320576319714
CPLD19,DI+,54.30000000000001,48.269999999999996,6.029989505587882,0.42408784107164266,8,EBENB1 ESCEA6 CMGDB3 CMGDA3 EBENA9 AESLA8 PALFA5 ESCEB4,0.0,,48.269999999999996,6.030000000000015,project_finance,operacional,grande_grupo,principal,,0.09044899708083462
CPLD27,DI+,81.51,53.879999999999995,67.98932195573066,0.49992264681142407,8,PALFA4 CMGD18 EBENA7 ESCEA3 ELPLB8 EBENA6 CPFPA6 ESCEA4,0.0,,53.879999999999995,27.63000000000001,project_finance,operacional,grande_grupo,principal,,0.41444540453456963
CPLDA0,DI+,43.410000000000004,46.295,5.393007046166359,0.4997365692631866,8,CMGDA3 EBENB1 PALFA6 ESCEA6 ESCEB4 AESLA8 ENERC3 PALFA5,0.0,,46.295,-2.884999999999998,project_finance,operacional,grande_grupo,principal,,-0.043274520162223384
CPLDA2,DI+,36.85,48.474999999999994,85.97759733645736,0.548072341087262,8,ESCEA4 ELPLB8 CMGDA3 EBENA7 CMGDA0 ELPLA6 AESLA8 PALFA5,0.0,,48.474999999999994,-11.624999999999993,project_finance,operacional,grande_grupo,principal,,-0.17437306651155873
CPLDB0,DI+,56.97,60.05,7.042311410325449,0.5302515480834203,8,EBENC1 ESCEB6 CMGDB3 CMGDA1 CSRNA2 CPFPB8 EBENA9 ESCEA6,0.0,,60.05,-3.0799999999999983,project_finance,operacional,grande_grupo,principal,,-0.04619948772951406
CPREA0,DI+,41.97,83.3,38.946638494226946,3.587709536572344,8,OMGE16 OMGE15 CESPA4 CHTH11 CGBP14 EGIEE1 AURE13 TIET19,0.0,,83.3,-41.33,project_finance,operacional,grande_grupo,principal,,-0.6199431259288366
CPTE12,DI+,85.51999999999998,60.125,19.561152030235846,5.888712498867829,8,IEAS11 IEPS11 EEELA3 EDPR13 TRPLA5 TAEEA5 TRPLA3 EEELA5,0.0,,60.125,25.394999999999982,project_finance,operacional,nao_identificado,principal,,0.38092077626331466
CSAN15,DI+,209.35000000000002,383.515,586.9271550400761,1.3187382469786968,8,AEGP19 AEGPA4 CSNAA1 VAMOA1 CAMLB1 CSNAA2 VAMOA0 HAPV15,3.310822169872798,crédito negativo (2026-04-13): Credores da Raízen pedem 90% da companhia e ameaçam restring → +3.3 bps,386.82582216987277,-177.47582216987274,corporativa,operacional,grande_grupo,high_yield,S,-0.46623060266399696
CSAN18,DI+,152.58,404.035,350.65423919974216,1.2814022037811734,8,AEGPB5 HAPV18 JSMLA5 HAPV19 PASS12 PASS14 SIMH16 SUZBA1,3.310822169872798,crédito negativo (2026-04-13): Credores da Raízen pedem 90% da companhia e ameaçam restring → +3.3 bps,407.3458221698728,-254.7658221698728,corporativa,operacional,grande_grupo,high_yield,S,-0.669272137219668
CSAN23,DI+,182.25000000000003,404.035,345.9574563801162,1.2997387894022827,8,AEGPB5 HAPV18 HAPV28 SIMH16 SUZBA1 JSMLA5 PASS12 PASS14,3.310822169872798,crédito negativo (2026-04-13): Credores da Raízen pedem 90% da companhia e ameaçam restring → +3.3 bps,407.3458221698728,-225.09582216987278,corporativa,operacional,grande_grupo,high_yield,S,-0.5913287767556137
CSAN24,DI+,186.66000000000003,429.105,319.84296251246485,1.3130101705211172,8,HAPV28 AEGPB5 HAPV18 SUZBA1 AEGPB3 JSMLA5 PASS12 SIMH16,3.310822169872798,crédito negativo (2026-04-13): Credores da Raízen pedem 90% da companhia e ameaçam restring → +3.3 bps,432.4158221698728,-245.75582216987277,corporativa,operacional,grande_grupo,high_yield,S,-0.6456027850868359
CSANA0,DI+,144.26000000000002,383.515,287.91020405675096,1.3519935003707717,8,VAMOA1 AEGP19 VAMOA0 SIMH16 HAPV15 AEGPB7 HAPV17 CAMLB1,3.310822169872798,crédito negativo (2026-04-13): Credores da Raízen pedem 90% da companhia e ameaçam restring → +3.3 bps,386.82582216987277,-242.56582216987275,corporativa,operacional,grande_grupo,high_yield,S,-0.6372226260076199
CSANA2,DI+,176.29,404.035,527.3180537576444,1.2802884749499668,8,PASS13 JSMLA5 HAPV15 HAPV17 PASS12 SIMH16 VAMOA1 CSNAA1,3.310822169872798,crédito negativo (2026-04-13): Credores da Raízen pedem 90% da companhia e ameaçam restring → +3.3 bps,407.3458221698728,-231.0558221698728,corporativa,operacional,grande_grupo,high_yield,S,-0.606985751085434
CSANB0,DI+,181.15000000000003,429.105,351.96334604747904,1.7128043863539026,8,MATD13 SUZBA1 SUZBB1 HAPV28 AEGPB5 HAPV18 AEGPB3 SIMH16,3.310822169872798,crédito negativo (2026-04-13): Credores da Raízen pedem 90% da companhia e ameaçam restring → +3.3 bps,432.4158221698728,-251.26582216987276,corporativa,operacional,grande_grupo,high_yield,S,-0.6600776053145723
CSANB1,DI+,166.69,404.035,311.118953936332,1.4832754437991351,8,SIMH16 VAMO23 HAPV17 HAPV15 AEGPB5 VAMOA0 JSMLA5 PASS12,3.310822169872798,crédito negativo (2026-04-13): Credores da Raízen pedem 90% da companhia e ameaçam restring → +3.3 bps,407.3458221698728,-240.6558221698728,corporativa,operacional,grande_grupo,high_yield,S,-0.6322050385965536
CSANB2,DI+,149.48999999999998,400.935,282.0742380119106,1.4467812677610905,8,SIMH16 HAPV17 HAPV15 VAMOA0 JSMLA5 CAMLB1 VAMO23 AEGPB7,3.310822169872798,crédito negativo (2026-04-13): Credores da Raízen pedem 90% da companhia e ameaçam restring → +3.3 bps,404.2458221698728,-254.7558221698728,corporativa,operacional,grande_grupo,high_yield,S,-0.6692458671285106
CSANC1,DI+,209.01999999999998,261.295,367.12238362831744,2.0201069290846942,8,MATD13 SUZBB1 SUZBA1 HAPV28 HAPVA0 AEGPB3 AEGPB5 MATD12,3.310822169872798,crédito negativo (2026-04-13): Credores da Raízen pedem 90% da companhia e ameaçam restring → +3.3 bps,264.6058221698728,-55.58582216987281,corporativa,operacional,grande_grupo,high_yield,S,-0.14602446154624932
CSANC2,DI+,184.67999999999998,388.055,352.5058531428946,1.484285621532863,8,MATD13 HAPV28 AEGPB5 HAPV18 AEGPB3 SUZBA1 MATD12 VAMO23,3.310822169872798,crédito negativo (2026-04-13): Credores da Raízen pedem 90% da companhia e ameaçam restring → +3.3 bps,391.3658221698728,-206.6858221698728,corporativa,operacional,grande_grupo,high_yield,S,-0.5429655389348103
CSED12,DI+,80.42999999999999,119.9,47.78363019158041,2.7531267276563938,7,ANIM18 ANIM17 COGNA4 COGNB2 YDUQ17 YDUQA2 INEL12,0.0,,119.9,-39.47000000000001,corporativa,operacional,grande_grupo,principal,,-0.5920434352869874
CSED13,DI+,91.31,119.9,44.072687965335135,2.9456421389692102,7,ANIM18 ANIM17 YDUQA1 YDUQ18 COGNA4 COGNB2 INEL12,0.0,,119.9,-28.590000000000003,corporativa,operacional,grande_grupo,principal,,-0.4288452448658467
CSMGA7,DI+,70.28,173.745,101.91417411693773,2.438704424932804,8,SBSPA1 SBSPC3 AEGPA9 CAEC22 BRKPA5 SAPRC1 AEGP17 BRKPA2,13.12041805262944,impacto negativo (2026-09-25): Notificação de Intenção de Rescisão Antecipada do Acordo de  → +7.1 bps | impacto negativo (2026-09-10): Remuneração aos acionistas 3T26 → +6.0 bps,186.86541805262945,-116.58541805262945,corporativa,operacional,grupo_inferido,principal,,-1.7487618801177673
CSMGA8,DI+,80.77,118.59,89.29409092116623,2.5448284718295366,8,SBSPA1 SBSPC3 CAEC22 AEGPA9 CAEC32 CASN14 BRKPA2 SAPRC1,13.12041805262944,impacto negativo (2026-09-25): Notificação de Intenção de Rescisão Antecipada do Acordo de  → +7.1 bps | impacto negativo (2026-09-10): Remuneração aos acionistas 3T26 → +6.0 bps,131.71041805262945,-50.940418052629454,corporativa,operacional,grupo_inferido,principal,,-0.7640977982983026
CSMGA9,DI+,63.010000000000005,118.59,101.72902719203354,2.528789312546091,8,SBSPB1 SBSPA1 CAEC32 SAPRB4 BRKPA3 AEGPA9 BRKPA2 CAEC22,13.12041805262944,impacto negativo (2026-09-25): Notificação de Intenção de Rescisão Antecipada do Acordo de  → +7.1 bps | impacto negativo (2026-09-10): Remuneração aos acionistas 3T26 → +6.0 bps,131.71041805262945,-68.70041805262944,corporativa,operacional,grupo_inferido,principal,,-1.030494844426929
CSMGB0,DI+,56.46,125.53,101.26169542792329,2.7332819444077296,8,SBSPD3 SBSPC1 CAEC32 SAPRB4 CAEC13 BRKPA3 AEGPA9 BRKPA4,13.12041805262944,impacto negativo (2026-09-25): Notificação de Intenção de Rescisão Antecipada do Acordo de  → +7.1 bps | impacto negativo (2026-09-10): Remuneração aos acionistas 3T26 → +6.0 bps,138.65041805262945,-82.19041805262944,corporativa,operacional,grupo_inferido,principal,,-1.2328426007487294
CSMGD1,DI+,67.69,125.53,101.31071497502127,2.7912423595048477,8,SBSPD3 SBSPD7 CAEC32 CAEC13 SAPRB4 BRKPA3 BRKPA4 AEGPA9,13.12041805262944,impacto negativo (2026-09-25): Notificação de Intenção de Rescisão Antecipada do Acordo de  → +7.1 bps | impacto negativo (2026-09-10): Remuneração aos acionistas 3T26 → +6.0 bps,138.65041805262945,-70.96041805262945,corporativa,operacional,grupo_inferido,principal,,-1.064394468540144
CSMGD2,DI+,64.31,125.53,100.89036608492408,2.823982443413736,8,SBSPD3 SBSPL8 CAEC32 BRKPA4 AEGPA9 SAPRB4 CAEC13 BRKPA3,13.12041805262944,impacto negativo (2026-09-25): Notificação de Intenção de Rescisão Antecipada do Acordo de  → +7.1 bps | impacto negativo (2026-09-10): Remuneração aos acionistas 3T26 → +6.0 bps,138.65041805262945,-74.34041805262945,corporativa,operacional,grupo_inferido,principal,,-1.1150939063731822
CSRNA2,DI+,74.31,54.690000000000005,5.600311933276576,0.6026165869779121,8,CPFPB8 EBENA9 CPLD19 CPLDB0 CMGDB3 ESCEA6 ESCEB4 EBENC1,-1.61860091791044,avanço operacional (2026-05-08): Prorrogação Concessão Neoenergia Cosern → -0.9 bps | avanço operacional (2026-04-22): Reajuste Tarifário Neoenergia Cosern 2026 → -0.7 bps,53.07139908208956,21.23860091791044,project_finance,operacional,grande_grupo,principal,,0.31857548133086033
CTEE19,DI+,34.14,52.39,18.372846089746137,3.249052142114359,8,TAEEA1 TAEEC1 EEELA3 EEELA5 EDPR13 IEPS11 IEAS11 CPTE12,1.4807826136548732,"avanço operacional (2026-05-27): Obtenção de LI - Projeto Serra Dourada (Bloco 2) → -1.1 bps | avanço operacional (2026-04-22): Energização Jacarandá → -0.7 bps | impacto negativo (2026-07-03): ISA Energia (ISAE3, ISAE4) anuncia potencial oferta de R$ 65 → +2.7 bps | impacto negativo (2026-05-04): Isa Energia (ISAE4): Lucro cai 14%, para R$ 619,1 milhões, c → +1.4 bps | avanço operacional (2026-04-22): ISA Energia (ISAE3) registra início da operação do projeto J → -0.7 bps",53.870782613654875,-19.730782613654874,corporativa,operacional,grande_grupo,principal,,-0.29595845754975914
CTNSA2,DI+,84.88000000000001,57.44,9.67810544476552,1.7949162858551797,8,CEROA2 CERO19 EBENA9 ENERC3 ESCEB4 CPFPB8 ENERB5 CSRNA2,0.0,,57.44,27.440000000000012,project_finance,operacional,grupo_inferido,principal,,0.41159543613567107
CVCB14,DI+,717.88,381.075,141.3307776989853,2.8111289386561507,8,AZZA13 MEAL14 QUAL18 QUAL16 AZZA11 VAMO14 LVTC22 VAMO24,5.789076949761513,impacto negativo (2026-09-07): CVC Brasil Anuncia 7ª Emissão de Debêntures com Valor Total  → +5.8 bps,386.8640769497615,331.0159230502385,corporativa,operacional,grupo_inferido,high_yield,S,0.869581847308608
DASAB2,DI+,280.17,100.57,33.891722440737645,0.9401244884085856,8,HYPEA9 HYPEA7 NATUA3 EUFA17 EUFA18 GSHC15 RDORD7 RDORC3,0.0,,100.57,179.60000000000002,corporativa,operacional,grande_grupo,principal,,2.693970128643094
DASAB4,DI+,143.19,84.10999999999999,41.798224468869485,1.5004983715227604,8,HYPEA6 EUFA18 HYPEA7 GSHC15 RDORC4 NATUA3 EUFA17 RDORC7,0.0,,84.10999999999999,59.08000000000001,corporativa,operacional,grande_grupo,principal,,0.8861901737206793
DASAB5,DI+,241.48999999999998,97.15,39.28415788759509,1.0748571205238941,8,EUFA18 HYPEA7 HYPEA8 GSHC15 NATUA3 EUFA17 RDORC7 RDORD7,0.0,,97.15,144.33999999999997,corporativa,operacional,grande_grupo,principal,,2.165075993142228
DASAC2,DI+,282.0,100.57,33.891722440737645,0.9026173551450392,8,HYPEA9 HYPEA7 NATUA3 EUFA17 EUFA18 GSHC15 RDORD7 RDORC3,0.0,,100.57,181.43,corporativa,operacional,grande_grupo,principal,,2.721419824274591
DASAC5,DI+,287.64,113.04500000000002,34.3969307996731,1.0072970606828617,8,HYPEB1 EUFA19 HYPEC0 EUFA17 RDORC3 RDORB3 NATUA3 GSHC15,0.0,,113.04500000000002,174.59499999999997,corporativa,operacional,grande_grupo,principal,,2.618895961082633
DASAD3,DI+,259.84,97.15,36.07360060955241,0.8743030279685309,8,HYPEA7 HYPEA6 EUFA18 GSHC15 NATUA3 RDORC7 EUFA17 RDORD7,0.0,,97.15,162.68999999999997,corporativa,operacional,grande_grupo,principal,,2.4403229411411185
DGCD11,DI+,90.00000000000001,78.24000000000001,25.815190991691313,1.0050178329139887,8,CMED13 CLCD18 BTGH18 CPFGA3 CLCD16 CLMOA2 CLMOA4 MNLT11,0.0,,78.24000000000001,11.760000000000005,project_finance,operacional,grupo_inferido,principal,,0.17639804405814474
DXCO13,DI+,75.0,95.86000000000001,35.32042497490883,2.0811296543532856,7,MULTA4 MULTA5 VEBMA8 VEBMA6 LOGGB1 TIGR12 TIGR21,3.44220574897732,impacto negativo (2026-05-25): Encerramento de Atividades - Urussanga (SC) → +1.7 bps | impacto negativo (2026-05-25): Dexco (DXCO3) aprova encerramento de planta em Urussanga → +1.7 bps,99.30220574897733,-24.30220574897733,corporativa,operacional,grande_grupo,principal,,-0.3645290442532483
EBENA6,DI+,57.269999999999996,49.42,64.7915544264837,0.4945026896835561,8,ESCEA3 CMGD18 CPFPA6 CMGDA0 CPLD27 ELPLA6 EDVP18 FLCLA4,0.0,,49.42,7.849999999999994,project_finance,operacional,grande_grupo,principal,,0.11774869437554716
EBENA7,DI+,63.339999999999996,53.879999999999995,85.96481299600146,0.43034773314566777,8,CPLD27 ESCEA4 ESCEA3 ELPLA6 ELPLB8 CMGD18 CPLDA2 CPFPA6,0.0,,53.879999999999995,9.46,project_finance,operacional,grande_grupo,principal,,0.14189842659779325
EBENA9,DI+,55.08,52.965,9.892448429863054,0.39389121413095374,8,ESCEB4 ESCEA6 ENERC3 ENERB5 CPLD19 CMGDA0 CSRNA2 AESLA8,0.0,,52.965,2.114999999999995,project_finance,operacional,grande_grupo,principal,,0.03172464822984482
EBENB1,DI+,45.8,56.910000000000004,8.572048963783397,0.48066772660884427,8,CPLD19 CMGDA1 CMGDA3 CPLDA0 ESCEA6 ESCEB6 ENERB5 CSRNA2,0.0,,56.910000000000004,-11.110000000000007,project_finance,operacional,grande_grupo,principal,,-0.16664815216717588
EBENC1,DI+,65.99000000000001,58.485,6.756076894174606,0.5584264782602918,8,CPLDB0 ESCEB6 CMGDB3 CMGDA1 CSRNA2 CPFPB8 CPLD19 ESCEA6,0.0,,58.485,7.50500000000001,project_finance,operacional,grande_grupo,principal,,0.11257375175649469
ECOV17,DI+,77.69000000000001,108.535,82.43280762801605,1.26089331362217,8,ANHBA6 ERDVA6 ANHBA5 ERDVB3 ARTRA5 ARTRA4 APPSB2 APRB28,0.0,,108.535,-30.844999999999985,project_finance,operacional,grande_grupo,principal,,-0.4626698698106692
EDPR13,DI+,58.919999999999995,48.94,13.39420397037465,2.7302284501793506,8,TAEEA5 TRPLA5 ISAEB1 EEELA3 TAEEA1 EEELA5 IEPS11 IEAS11,0.0,,48.94,9.979999999999997,corporativa,operacional,grupo_inferido,principal,,0.14969834011056832
EDVP18,DI+,36.41,56.30499999999999,17.08313271731798,0.6728049988636902,8,FLCLA4 CEPEA1 ESCEA3 EBENA6 CMGD18 EBENA7 CPLD27 CPFPA6,-3.8333208616740015,avanço operacional (2026-07-14): Revisão Tarifária Periódica 2026 da ESS → -1.9 bps | avanço operacional (2026-07-14): Energisa (ENGI3) registra reajuste médio de 10% nas tarifas  → -1.9 bps,52.47167913832599,-16.061679138325992,project_finance,operacional,grande_grupo,principal,,-0.24092251567093637
EEELA3,DI+,40.26,66.74000000000001,20.072997253773536,2.8392951114178473,8,TAEEA5 TRPLA5 TRPLA3 TAEEA1 EDPR13 IEAS11 IEPS11 CPTE12,0.0,,66.74000000000001,-26.48000000000001,corporativa,operacional,grande_grupo,principal,,-0.39719559580439395
EEELA5,DI+,45.86,69.265,20.956703842386567,2.7411449034384336,8,TRPLA3 TRPLB5 TAEEA6 TAEEA5 EDPR13 IEPS11 IEAS11 CPTE12,0.0,,69.265,-23.405,corporativa,operacional,grande_grupo,principal,,-0.3510711072432718
EGIEE1,DI+,61.870000000000005,72.395,43.301164822669605,2.722636341020195,8,AURE13 CHTH11 TIET19 ENEVD0 ENEVA3 OMGE16 OMGE17 CESPA4,3.3459365485191657,"avanço operacional (2026-04-16): Adesão ao mecanismo de repactuação de UBP (Uso do Bem Públic → -0.7 bps | impacto negativo (2026-07-07): Engie Brasil (EGIE3) aprova emissão de debêntures de R$ 700  → +2.8 bps | impacto negativo (2026-04-24): ENGIE Brasil (EGIE3) aprova dividendos de R$ 0,49 por ação → +1.2 bps",75.74093654851916,-13.870936548519154,corporativa,operacional,grande_grupo,principal,,-0.20806174119161658
EKTRA0,DI+,72.88,65.89500000000001,7.492926247468342,1.8912911730698523,8,CEEBA3 CEMTE2 ENMTB0 EQMAA1 CEEBB8 CEED16 EQPA17 CEED18,-3.961744509845475,avanço operacional (2026-08-24): Reajuste Tarifário Neoenergia Elektro 2026 → -3.1 bps | avanço operacional (2026-05-08): Prorrogação Concessão Neoenergia Elektro → -0.9 bps,61.93325549015454,10.946744509845459,corporativa,operacional,grande_grupo,principal,,0.16419934696776978
EKTRA3,DI+,57.89,65.94500000000001,8.533415201430197,1.052767752610378,8,ENMTC3 CEEBB8 ENMTB2 EQMAA1 EQPA17 CEEDA1 CEED18 EQPAA0,-3.961744509845475,avanço operacional (2026-08-24): Reajuste Tarifário Neoenergia Elektro 2026 → -3.1 bps | avanço operacional (2026-05-08): Prorrogação Concessão Neoenergia Elektro → -0.9 bps,61.983255490154534,-4.093255490154533,corporativa,operacional,grande_grupo,principal,,-0.06139815155557159
EKTRA4,DI+,61.03,67.07000000000001,8.986815342489237,1.24528424778127,8,CEEBB8 ENMTC2 ENMTC3 EQMAA1 CEEDA1 EQPAA0 CEEDA0 EQPA17,-3.961744509845475,avanço operacional (2026-08-24): Reajuste Tarifário Neoenergia Elektro 2026 → -3.1 bps | avanço operacional (2026-05-08): Prorrogação Concessão Neoenergia Elektro → -0.9 bps,63.108255490154534,-2.0782554901545325,corporativa,operacional,grande_grupo,principal,,-0.03117348669356805
ELET15,DI+,50.4,54.525000000000006,9.477777517259343,5.639100764945606,6,CHSF12 CHSF14 CPGT18 CPGT19 ELTN16 ELTN19,10.991812546888685,impacto negativo (2026-09-02): Axia Energia aprova 12ª e 13ª emissões de debêntures → +5.5 bps | impacto negativo (2026-09-03): Axia Energia aprova R$ 3 bilhões em novas debêntures para re → +5.5 bps,65.51681254688869,-15.116812546888688,corporativa,operacional,grupo_inferido,principal,,-0.22674967395108717
ELET17,DI+,77.0,63.489999999999995,7.058108811856046,5.544367289996877,6,CHSF24 CHSF14 ELTN26 CPGT39 CPGTB0 ELTN19,10.991812546888685,impacto negativo (2026-09-02): Axia Energia aprova 12ª e 13ª emissões de debêntures → +5.5 bps | impacto negativo (2026-09-03): Axia Energia aprova R$ 3 bilhões em novas debêntures para re → +5.5 bps,74.48181254688868,2.5181874531113237,corporativa,operacional,grupo_inferido,principal,,0.03777239296773796
ELET24,DI+,89.73,52.69,10.501790984822012,6.064068371066113,6,CHSF12 CHSF14 CPGTA0 CPGT19 ELTN16 ELTN19,10.991812546888685,impacto negativo (2026-09-02): Axia Energia aprova 12ª e 13ª emissões de debêntures → +5.5 bps | impacto negativo (2026-09-03): Axia Energia aprova R$ 3 bilhões em novas debêntures para re → +5.5 bps,63.68181254688868,26.048187453111325,corporativa,operacional,grupo_inferido,principal,,0.39071847942081145
ELET25,DI+,56.449999999999996,59.1,6.485071746369161,5.386284231273162,6,CHSF14 CHSF12 CPGT29 CPGTB0 ELTN16 ELTN19,10.991812546888685,impacto negativo (2026-09-02): Axia Energia aprova 12ª e 13ª emissões de debêntures → +5.5 bps | impacto negativo (2026-09-03): Axia Energia aprova R$ 3 bilhões em novas debêntures para re → +5.5 bps,70.09181254688869,-13.641812546888694,corporativa,operacional,grupo_inferido,principal,,-0.2046249192754271
ELPLA6,DI+,240.66,45.065,9.36872990324729,0.4797325628337533,8,EBENA7 CPFPA6 AESLA8 CMGDA0 ESCEA4 ESCEA3 CMGD18 PALFA5,0.0,,45.065,195.595,project_finance,operacional,grande_grupo,principal,,2.9338924683293204
ELPLB8,DI+,250.25,40.775,16.340989872097712,0.5290844020474789,8,CPLDA2 EBENA7 ESCEA4 PALFA4 CPLD27 PALFA5 AESLA8 CPFPA6,0.0,,40.775,209.475,project_finance,operacional,grande_grupo,principal,,3.142090159785702
ELTN16,DI+,59.050000000000004,60.745,3.9926157535575064,3.772913729948249,6,CPGTB0 CPGT29 CHSF14 CHSF24 ELET25 AXIAA0,0.0,,60.745,-1.6949999999999932,project_finance,operacional,grande_grupo,principal,,-0.025424718084911056
ELTN19,DI+,66.66,64.83,8.420985690523407,3.9012167179599637,6,CPGT39 CPGTB0 CHSF14 CHSF24 AXIAA0 ELET17,0.0,,64.83,1.8299999999999983,project_finance,operacional,grande_grupo,principal,,0.027449695631496976
ELTN26,DI+,64.64,68.185,8.844070361296067,3.7341664997354624,6,CPGT39 CPGTB0 CHSF24 CHSF14 AXIAB0 ELET17,0.0,,68.185,-3.5450000000000017,project_finance,operacional,grande_grupo,principal,,-0.05317441038997646
ENERB5,DI+,59.519999999999996,51.08,6.040745892478842,0.5270924400614716,8,ESSDA2 EBENA9 ESCEB4 ESCEA6 CPFPA8 CMGDA3 CPLD19 CPLDA0,-2.5024843943936244,avanço operacional (2026-05-08): Assinatura do Termo Aditivo da  Prorrogação da Concessão → -0.9 bps | avanço operacional (2026-04-22): Aneel homologa reajuste tarifário da EMS → -0.7 bps | avanço operacional (2026-05-08): Energisa (ENGI3) conclui prorrogação de 4 concessões por 30  → -0.9 bps,48.57751560560637,10.942484394393624,project_finance,operacional,grande_grupo,principal,,0.1641354459445414
ENERC3,DI+,59.209999999999994,48.474999999999994,5.966298973191001,0.46808109104096174,8,ESCEB4 ESSDA2 EBENA9 CPFPA8 ESCEA6 CMGDA3 CPLDA0 CMGDA0,-2.5024843943936244,avanço operacional (2026-05-08): Assinatura do Termo Aditivo da  Prorrogação da Concessão → -0.9 bps | avanço operacional (2026-04-22): Aneel homologa reajuste tarifário da EMS → -0.7 bps | avanço operacional (2026-05-08): Energisa (ENGI3) conclui prorrogação de 4 concessões por 30  → -0.9 bps,45.97251560560637,13.237484394393626,project_finance,operacional,grande_grupo,principal,,0.1985600642365008
ENEV48,DI+,79.79,83.3,43.72455853121904,4.6619622235324,8,EGIEE1 AURE13 CHTH11 TIET19 OMGE26 CGBP14 OMGE17 CESPA4,-4.885799842171229,avanço operacional (2026-08-04): Eneva Inicia a Operação Comercial da UTE Azulão I → -2.4 bps | avanço operacional (2026-08-04): Eneva (ENEV3) anuncia início da operação comercial da UTE Az → -2.4 bps,78.41420015782877,1.375799842171233,corporativa,operacional,grupo_inferido,principal,,0.02063676880735626
ENEVA3,DI+,59.95,83.3,41.5885792428342,4.531826408779026,8,EGIEE1 CHTH11 AURE13 TIET19 CGBP14 OMGE15 OMGE17 CESPA4,-4.885799842171229,avanço operacional (2026-08-04): Eneva Inicia a Operação Comercial da UTE Azulão I → -2.4 bps | avanço operacional (2026-08-04): Eneva (ENEV3) anuncia início da operação comercial da UTE Az → -2.4 bps,78.41420015782877,-18.46420015782877,corporativa,operacional,grupo_inferido,principal,,-0.27695993137237085
ENEVD0,DI+,60.169999999999995,83.3,41.27247582757181,4.5544419041579065,8,EGIEE1 AURE13 CHTH11 TIET19 CGBP14 OMGE16 OMGE26 CESPA4,-4.885799842171229,avanço operacional (2026-08-04): Eneva Inicia a Operação Comercial da UTE Azulão I → -2.4 bps | avanço operacional (2026-08-04): Eneva (ENEV3) anuncia início da operação comercial da UTE Az → -2.4 bps,78.41420015782877,-18.24420015782878,corporativa,operacional,grupo_inferido,principal,,-0.27365996796312
ENGIA7,DI+,34.81,77.38999999999999,30.028244516621346,4.459897507845659,4,COCEA2 EQTL17 QYAN11 QUNT11,-5.269327682887089,impacto negativo (2026-05-29): Descontinuidade de Projeções Divulgadas → +1.8 bps | avanço operacional (2026-05-08): Assinatura do Termo Aditivo da  Prorrogação das Concessões E → -0.9 bps | avanço operacional (2026-08-24): Aneel homologa reajuste tarifário da EPB → -3.1 bps | avanço operacional (2026-07-14): Revisão Tarifária Periódica 2026 da ESS → -1.9 bps | avanço operacional (2026-06-30): Aneel homologa reajuste tarifário da ETO → -1.6 bps | avanço operacional (2026-07-14): Energisa (ENGI3) registra reajuste médio de 10% nas tarifas  → -1.9 bps | impacto negativo (2026-07-10): Energisa Mato Grosso (ENMT3) anuncia emissão de debêntures n → +2.9 bps | avanço operacional (2026-08-24): Energisa (ENGI3) registra reajuste médio de 6% na EPB → -3.1 bps | avanço operacional (2026-05-08): Energisa (ENGI3) conclui prorrogação de 4 concessões por 30  → -0.9 bps | avanço operacional (2026-04-23): Energisa (ENGI3) registra reajuste médio de 7% na tarifa da  → -0.7 bps,72.12067231711289,-37.31067231711289,corporativa,operacional,grande_grupo,principal,,-0.5596538791864862
ENGIB1,DI+,59.3,77.38999999999999,30.028244516621346,3.660388474941208,4,COCEA2 EQTL17 QYAN11 QUNT11,-5.269327682887089,impacto negativo (2026-05-29): Descontinuidade de Projeções Divulgadas → +1.8 bps | avanço operacional (2026-05-08): Assinatura do Termo Aditivo da  Prorrogação das Concessões E → -0.9 bps | avanço operacional (2026-08-24): Aneel homologa reajuste tarifário da EPB → -3.1 bps | avanço operacional (2026-07-14): Revisão Tarifária Periódica 2026 da ESS → -1.9 bps | avanço operacional (2026-06-30): Aneel homologa reajuste tarifário da ETO → -1.6 bps | avanço operacional (2026-07-14): Energisa (ENGI3) registra reajuste médio de 10% nas tarifas  → -1.9 bps | impacto negativo (2026-07-10): Energisa Mato Grosso (ENMT3) anuncia emissão de debêntures n → +2.9 bps | avanço operacional (2026-08-24): Energisa (ENGI3) registra reajuste médio de 6% na EPB → -3.1 bps | avanço operacional (2026-05-08): Energisa (ENGI3) conclui prorrogação de 4 concessões por 30  → -0.9 bps | avanço operacional (2026-04-23): Energisa (ENGI3) registra reajuste médio de 7% na tarifa da  → -0.7 bps,72.12067231711289,-12.820672317112894,corporativa,operacional,grande_grupo,principal,,-0.19230795240213572
ENGIB5,DI+,32.04,77.38999999999999,30.028244516621346,4.690116790356432,4,COCEA2 EQTL17 QYAN11 QUNT11,-5.269327682887089,impacto negativo (2026-05-29): Descontinuidade de Projeções Divulgadas → +1.8 bps | avanço operacional (2026-05-08): Assinatura do Termo Aditivo da  Prorrogação das Concessões E → -0.9 bps | avanço operacional (2026-08-24): Aneel homologa reajuste tarifário da EPB → -3.1 bps | avanço operacional (2026-07-14): Revisão Tarifária Periódica 2026 da ESS → -1.9 bps | avanço operacional (2026-06-30): Aneel homologa reajuste tarifário da ETO → -1.6 bps | avanço operacional (2026-07-14): Energisa (ENGI3) registra reajuste médio de 10% nas tarifas  → -1.9 bps | impacto negativo (2026-07-10): Energisa Mato Grosso (ENMT3) anuncia emissão de debêntures n → +2.9 bps | avanço operacional (2026-08-24): Energisa (ENGI3) registra reajuste médio de 6% na EPB → -3.1 bps | avanço operacional (2026-05-08): Energisa (ENGI3) conclui prorrogação de 4 concessões por 30  → -0.9 bps | avanço operacional (2026-04-23): Energisa (ENGI3) registra reajuste médio de 7% na tarifa da  → -0.7 bps,72.12067231711289,-40.08067231711289,corporativa,operacional,grande_grupo,principal,,-0.6012034184756921
ENGIB7,DI+,56.46,77.38999999999999,30.028244516621346,3.9279055717875098,4,COCEA2 EQTL17 QYAN11 QUNT11,-5.269327682887089,impacto negativo (2026-05-29): Descontinuidade de Projeções Divulgadas → +1.8 bps | avanço operacional (2026-05-08): Assinatura do Termo Aditivo da  Prorrogação das Concessões E → -0.9 bps | avanço operacional (2026-08-24): Aneel homologa reajuste tarifário da EPB → -3.1 bps | avanço operacional (2026-07-14): Revisão Tarifária Periódica 2026 da ESS → -1.9 bps | avanço operacional (2026-06-30): Aneel homologa reajuste tarifário da ETO → -1.6 bps | avanço operacional (2026-07-14): Energisa (ENGI3) registra reajuste médio de 10% nas tarifas  → -1.9 bps | impacto negativo (2026-07-10): Energisa Mato Grosso (ENMT3) anuncia emissão de debêntures n → +2.9 bps | avanço operacional (2026-08-24): Energisa (ENGI3) registra reajuste médio de 6% na EPB → -3.1 bps | avanço operacional (2026-05-08): Energisa (ENGI3) conclui prorrogação de 4 concessões por 30  → -0.9 bps | avanço operacional (2026-04-23): Energisa (ENGI3) registra reajuste médio de 7% na tarifa da  → -0.7 bps,72.12067231711289,-15.66067231711289,corporativa,operacional,grande_grupo,principal,,-0.23490748004883047
ENGIB8,DI+,49.65,77.38999999999999,30.028244516621346,4.006326942473594,4,COCEA2 EQTL17 QYAN11 QUNT11,-5.269327682887089,impacto negativo (2026-05-29): Descontinuidade de Projeções Divulgadas → +1.8 bps | avanço operacional (2026-05-08): Assinatura do Termo Aditivo da  Prorrogação das Concessões E → -0.9 bps | avanço operacional (2026-08-24): Aneel homologa reajuste tarifário da EPB → -3.1 bps | avanço operacional (2026-07-14): Revisão Tarifária Periódica 2026 da ESS → -1.9 bps | avanço operacional (2026-06-30): Aneel homologa reajuste tarifário da ETO → -1.6 bps | avanço operacional (2026-07-14): Energisa (ENGI3) registra reajuste médio de 10% nas tarifas  → -1.9 bps | impacto negativo (2026-07-10): Energisa Mato Grosso (ENMT3) anuncia emissão de debêntures n → +2.9 bps | avanço operacional (2026-08-24): Energisa (ENGI3) registra reajuste médio de 6% na EPB → -3.1 bps | avanço operacional (2026-05-08): Energisa (ENGI3) conclui prorrogação de 4 concessões por 30  → -0.9 bps | avanço operacional (2026-04-23): Energisa (ENGI3) registra reajuste médio de 7% na tarifa da  → -0.7 bps,72.12067231711289,-22.470672317112893,corporativa,operacional,grande_grupo,principal,,-0.33705634739882756
ENGIC3,DI+,64.75999999999999,77.38999999999999,30.028244516621346,3.6526951324673993,4,COCEA2 EQTL17 QYAN11 QUNT11,-5.269327682887089,impacto negativo (2026-05-29): Descontinuidade de Projeções Divulgadas → +1.8 bps | avanço operacional (2026-05-08): Assinatura do Termo Aditivo da  Prorrogação das Concessões E → -0.9 bps | avanço operacional (2026-08-24): Aneel homologa reajuste tarifário da EPB → -3.1 bps | avanço operacional (2026-07-14): Revisão Tarifária Periódica 2026 da ESS → -1.9 bps | avanço operacional (2026-06-30): Aneel homologa reajuste tarifário da ETO → -1.6 bps | avanço operacional (2026-07-14): Energisa (ENGI3) registra reajuste médio de 10% nas tarifas  → -1.9 bps | impacto negativo (2026-07-10): Energisa Mato Grosso (ENMT3) anuncia emissão de debêntures n → +2.9 bps | avanço operacional (2026-08-24): Energisa (ENGI3) registra reajuste médio de 6% na EPB → -3.1 bps | avanço operacional (2026-05-08): Energisa (ENGI3) conclui prorrogação de 4 concessões por 30  → -0.9 bps | avanço operacional (2026-04-23): Energisa (ENGI3) registra reajuste médio de 7% na tarifa da  → -0.7 bps,72.12067231711289,-7.3606723171129005,corporativa,operacional,grande_grupo,principal,,-0.11040886051799721
ENGIC4,DI+,79.5,77.38999999999999,30.028244516621346,4.350780417597465,4,COCEA2 EQTL17 QYAN11 QUNT11,-5.269327682887089,impacto negativo (2026-05-29): Descontinuidade de Projeções Divulgadas → +1.8 bps | avanço operacional (2026-05-08): Assinatura do Termo Aditivo da  Prorrogação das Concessões E → -0.9 bps | avanço operacional (2026-08-24): Aneel homologa reajuste tarifário da EPB → -3.1 bps | avanço operacional (2026-07-14): Revisão Tarifária Periódica 2026 da ESS → -1.9 bps | avanço operacional (2026-06-30): Aneel homologa reajuste tarifário da ETO → -1.6 bps | avanço operacional (2026-07-14): Energisa (ENGI3) registra reajuste médio de 10% nas tarifas  → -1.9 bps | impacto negativo (2026-07-10): Energisa Mato Grosso (ENMT3) anuncia emissão de debêntures n → +2.9 bps | avanço operacional (2026-08-24): Energisa (ENGI3) registra reajuste médio de 6% na EPB → -3.1 bps | avanço operacional (2026-05-08): Energisa (ENGI3) conclui prorrogação de 4 concessões por 30  → -0.9 bps | avanço operacional (2026-04-23): Energisa (ENGI3) registra reajuste médio de 7% na tarifa da  → -0.7 bps,72.12067231711289,7.379327682887109,corporativa,operacional,grande_grupo,principal,,0.1106886879018203
ENGIC5,DI+,50.53999999999999,77.38999999999999,30.028244516621346,4.005813935167621,4,COCEA2 EQTL17 QYAN11 QUNT11,-5.269327682887089,impacto negativo (2026-05-29): Descontinuidade de Projeções Divulgadas → +1.8 bps | avanço operacional (2026-05-08): Assinatura do Termo Aditivo da  Prorrogação das Concessões E → -0.9 bps | avanço operacional (2026-08-24): Aneel homologa reajuste tarifário da EPB → -3.1 bps | avanço operacional (2026-07-14): Revisão Tarifária Periódica 2026 da ESS → -1.9 bps | avanço operacional (2026-06-30): Aneel homologa reajuste tarifário da ETO → -1.6 bps | avanço operacional (2026-07-14): Energisa (ENGI3) registra reajuste médio de 10% nas tarifas  → -1.9 bps | impacto negativo (2026-07-10): Energisa Mato Grosso (ENMT3) anuncia emissão de debêntures n → +2.9 bps | avanço operacional (2026-08-24): Energisa (ENGI3) registra reajuste médio de 6% na EPB → -3.1 bps | avanço operacional (2026-05-08): Energisa (ENGI3) conclui prorrogação de 4 concessões por 30  → -0.9 bps | avanço operacional (2026-04-23): Energisa (ENGI3) registra reajuste médio de 7% na tarifa da  → -0.7 bps,72.12067231711289,-21.5806723171129,corporativa,operacional,grande_grupo,principal,,-0.3237064954250395
ENGIC6,DI+,38.519999999999996,77.38999999999999,30.028244516621346,4.659810107226642,4,COCEA2 EQTL17 QYAN11 QUNT11,-5.269327682887089,impacto negativo (2026-05-29): Descontinuidade de Projeções Divulgadas → +1.8 bps | avanço operacional (2026-05-08): Assinatura do Termo Aditivo da  Prorrogação das Concessões E → -0.9 bps | avanço operacional (2026-08-24): Aneel homologa reajuste tarifário da EPB → -3.1 bps | avanço operacional (2026-07-14): Revisão Tarifária Periódica 2026 da ESS → -1.9 bps | avanço operacional (2026-06-30): Aneel homologa reajuste tarifário da ETO → -1.6 bps | avanço operacional (2026-07-14): Energisa (ENGI3) registra reajuste médio de 10% nas tarifas  → -1.9 bps | impacto negativo (2026-07-10): Energisa Mato Grosso (ENMT3) anuncia emissão de debêntures n → +2.9 bps | avanço operacional (2026-08-24): Energisa (ENGI3) registra reajuste médio de 6% na EPB → -3.1 bps | avanço operacional (2026-05-08): Energisa (ENGI3) conclui prorrogação de 4 concessões por 30  → -0.9 bps | avanço operacional (2026-04-23): Energisa (ENGI3) registra reajuste médio de 7% na tarifa da  → -0.7 bps,72.12067231711289,-33.600672317112895,corporativa,operacional,grande_grupo,principal,,-0.5040044962395717
ENGIC9,DI+,54.010000000000005,77.38999999999999,30.028244516621346,3.8199857194592233,4,COCEA2 EQTL17 QYAN11 QUNT11,-5.269327682887089,impacto negativo (2026-05-29): Descontinuidade de Projeções Divulgadas → +1.8 bps | avanço operacional (2026-05-08): Assinatura do Termo Aditivo da  Prorrogação das Concessões E → -0.9 bps | avanço operacional (2026-08-24): Aneel homologa reajuste tarifário da EPB → -3.1 bps | avanço operacional (2026-07-14): Revisão Tarifária Periódica 2026 da ESS → -1.9 bps | avanço operacional (2026-06-30): Aneel homologa reajuste tarifário da ETO → -1.6 bps | avanço operacional (2026-07-14): Energisa (ENGI3) registra reajuste médio de 10% nas tarifas  → -1.9 bps | impacto negativo (2026-07-10): Energisa Mato Grosso (ENMT3) anuncia emissão de debêntures n → +2.9 bps | avanço operacional (2026-08-24): Energisa (ENGI3) registra reajuste médio de 6% na EPB → -3.1 bps | avanço operacional (2026-05-08): Energisa (ENGI3) conclui prorrogação de 4 concessões por 30  → -0.9 bps | avanço operacional (2026-04-23): Energisa (ENGI3) registra reajuste médio de 7% na tarifa da  → -0.7 bps,72.12067231711289,-18.110672317112886,corporativa,operacional,grande_grupo,principal,,-0.27165707256094385
ENGID3,DI+,73.05000000000001,77.38999999999999,30.028244516621346,4.183023665734622,4,COCEA2 EQTL17 QYAN11 QUNT11,-5.269327682887089,impacto negativo (2026-05-29): Descontinuidade de Projeções Divulgadas → +1.8 bps | avanço operacional (2026-05-08): Assinatura do Termo Aditivo da  Prorrogação das Concessões E → -0.9 bps | avanço operacional (2026-08-24): Aneel homologa reajuste tarifário da EPB → -3.1 bps | avanço operacional (2026-07-14): Revisão Tarifária Periódica 2026 da ESS → -1.9 bps | avanço operacional (2026-06-30): Aneel homologa reajuste tarifário da ETO → -1.6 bps | avanço operacional (2026-07-14): Energisa (ENGI3) registra reajuste médio de 10% nas tarifas  → -1.9 bps | impacto negativo (2026-07-10): Energisa Mato Grosso (ENMT3) anuncia emissão de debêntures n → +2.9 bps | avanço operacional (2026-08-24): Energisa (ENGI3) registra reajuste médio de 6% na EPB → -3.1 bps | avanço operacional (2026-05-08): Energisa (ENGI3) conclui prorrogação de 4 concessões por 30  → -0.9 bps | avanço operacional (2026-04-23): Energisa (ENGI3) registra reajuste médio de 7% na tarifa da  → -0.7 bps,72.12067231711289,0.92932768288712,corporativa,operacional,grande_grupo,principal,,0.013939760676052354
ENMTA8,DI+,55.35,65.89500000000001,6.848389865508535,1.119872938256036,8,EQMAA1 CEEBB8 EKTRA3 CEED16 EKTRA4 CEED18 EQPA17 CEEBA3,-2.5024843943936244,avanço operacional (2026-05-08): Assinatura do Termo Aditivo da  Prorrogação da Concessão → -0.9 bps | avanço operacional (2026-04-22): Aneel homologa reajuste tarifário da EMT → -0.7 bps | avanço operacional (2026-05-08): Energisa (ENGI3) conclui prorrogação de 4 concessões por 30  → -0.9 bps,63.392515605606384,-8.042515605606383,corporativa,operacional,grande_grupo,principal,,-0.12063639644014207
ENMTB0,DI+,59.73000000000001,65.89500000000001,6.848389865508535,1.2988332445575874,8,CEEBB8 EKTRA3 EQMAA1 EKTRA4 CEEBA3 CEED16 EQPA17 CEED18,-2.5024843943936244,avanço operacional (2026-05-08): Assinatura do Termo Aditivo da  Prorrogação da Concessão → -0.9 bps | avanço operacional (2026-04-22): Aneel homologa reajuste tarifário da EMT → -0.7 bps | avanço operacional (2026-05-08): Energisa (ENGI3) conclui prorrogação de 4 concessões por 30  → -0.9 bps,63.392515605606384,-3.662515605606373,corporativa,operacional,grande_grupo,principal,,-0.05493712492869009
ENMTB2,DI+,63.55,65.89500000000001,6.848389865508535,1.0871158313796037,8,EKTRA3 CEEBB8 EQMAA1 EKTRA4 CEED16 EQPA17 CEED18 CEEBA3,-2.5024843943936244,avanço operacional (2026-05-08): Assinatura do Termo Aditivo da  Prorrogação da Concessão → -0.9 bps | avanço operacional (2026-04-22): Aneel homologa reajuste tarifário da EMT → -0.7 bps | avanço operacional (2026-05-08): Energisa (ENGI3) conclui prorrogação de 4 concessões por 30  → -0.9 bps,63.392515605606384,0.15748439439361306,corporativa,operacional,grande_grupo,principal,,0.002362239722849897
ENMTC2,DI+,67.93,67.14500000000001,8.505370362306394,1.2366088659222236,8,CEEBB8 EKTRA4 EKTRA3 CEED18 EQMAA1 CEEDA0 EQPAA0 CEEBA3,-2.5024843943936244,avanço operacional (2026-05-08): Assinatura do Termo Aditivo da  Prorrogação da Concessão → -0.9 bps | avanço operacional (2026-04-22): Aneel homologa reajuste tarifário da EMT → -0.7 bps | avanço operacional (2026-05-08): Energisa (ENGI3) conclui prorrogação de 4 concessões por 30  → -0.9 bps,64.64251560560639,3.2874843943936156,corporativa,operacional,grande_grupo,principal,,0.049311719136284696
ENMTC3,DI+,63.699999999999996,65.89500000000001,4.500277595604522,1.0910337783577102,8,EKTRA3 CEEBB8 EKTRA4 EQMAA1 EQPA17 CEED16 CEED18 EQPAA0,-2.5024843943936244,avanço operacional (2026-05-08): Assinatura do Termo Aditivo da  Prorrogação da Concessão → -0.9 bps | avanço operacional (2026-04-22): Aneel homologa reajuste tarifário da EMT → -0.7 bps | avanço operacional (2026-05-08): Energisa (ENGI3) conclui prorrogação de 4 concessões por 30  → -0.9 bps,63.392515605606384,0.30748439439361164,corporativa,operacional,grande_grupo,principal,,0.004612214774611925
EQMAA1,DI+,63.68000000000001,64.61500000000001,4.209835952860872,1.0360741257419526,8,ENMTA8 ENMTB2 CEEBB8 EKTRA3 EKTRA4 CEED16 EQPA17 CEED18,-4.917569577703552,"avanço operacional (2026-05-08): Renovação Concessão → -0.9 bps | avanço operacional (2026-08-26): Equatorial (EQTL3) registra reajuste médio de 5,76% nas tari → -3.1 bps | avanço operacional (2026-05-08): Equatorial (EQTL3) anuncia renovação de concessões no MA e P → -0.9 bps",59.697430422296456,3.9825695777035506,corporativa,operacional,grande_grupo,principal,,0.0597378812782634
EQPA17,DI+,65.68,63.69,3.0030752467262625,1.5432738707072744,8,ENMTB2 CEED16 ENMTC3 EQMAA1 EKTRA3 CEEBB8 CEED18 EKTRA4,-0.8838834764831844,avanço operacional (2026-05-08): Renovação Concessão → -0.9 bps,62.80611652351681,2.8738834764831935,corporativa,operacional,grande_grupo,principal,,0.043107774158389144
EQPAA0,DI+,74.07000000000001,64.955,10.302660988186496,1.685553724684251,8,CEEDA0 CEEDA1 ENMTC2 EKTRA4 EKTRA3 CEEBB8 ENMTC3 EQMAA1,-0.8838834764831844,avanço operacional (2026-05-08): Renovação Concessão → -0.9 bps,64.07111652351682,9.998883476483186,corporativa,operacional,grande_grupo,principal,,0.1499815891170864
EQTL17,DI+,61.16,75.83,30.09736028292182,4.409985425878533,5,ENGIB1 ENGIB7 COCEA2 QYAN11 QUNT11,-7.905411754358747,"avanço operacional (2026-05-08): Renovação das Concessões → -0.9 bps | avanço operacional (2026-09-16): Reajuste Tarifário - Equatorial Pará → -4.0 bps | avanço operacional (2026-08-26): Reajuste Tarifário Anual - Equatorial Maranhão → -3.1 bps | avanço operacional (2026-09-17): Equatorial Energia (EQTL3) registra reajuste médio de 6,94%  → -4.1 bps | avanço operacional (2026-07-31): Equatorial (EQTL3) anuncia reajuste de 7% nas tarifas da CSA → -2.3 bps | impacto negativo (2026-06-11): Equatorial (EQTL3) anuncia compra de ao menos 30% da Copasa → +2.1 bps | avanço operacional (2026-04-10): Equatorial (EQTL3) anuncia reajuste médio de 4% na CEA → -0.6 bps | avanço operacional (2026-05-08): Equatorial (EQTL3) anuncia renovação de concessões no MA e P → -0.9 bps",67.92458824564125,-6.764588245641249,corporativa,operacional,grupo_inferido,principal,,-0.1014676985875708
ERDVA3,DI+,147.33,102.73,83.3877522106814,1.451292935584808,8,ARTRA5 ARTRA4 APPSB2 APRB28 ECOV17 ANHBA5 PLSB2A ANHBA6,-2.102241038134286,avanço operacional (2026-07-22): EcoRodovias (ECOR3) anuncia pedágio free flow e VPL de R$ 26 → -2.1 bps,100.62775896186572,46.70224103813429,project_finance,operacional,grande_grupo,principal,,0.7005258479811993
ERDVA6,DI+,91.82000000000001,107.4,91.15843844647627,1.4828159333908615,8,ECOV17 ANHBA5 ARTRA5 ANHBA6 ARTRA4 APPSB2 APRB28 APFL18,-2.102241038134286,avanço operacional (2026-07-22): EcoRodovias (ECOR3) anuncia pedágio free flow e VPL de R$ 26 → -2.1 bps,105.29775896186572,-13.477758961865717,project_finance,operacional,grande_grupo,principal,,-0.20216414278573494
ERDVB3,DI+,125.25,107.4,91.15843844647627,1.399357463129611,8,ARTRA4 ARTRA5 APRB28 ECOV17 APPSB2 ANHBA5 ANHBA6 APFL18,-2.102241038134286,avanço operacional (2026-07-22): EcoRodovias (ECOR3) anuncia pedágio free flow e VPL de R$ 26 → -2.1 bps,105.29775896186572,19.952241038134275,project_finance,operacional,grande_grupo,principal,,0.2992802970836337
ESCEA3,DI+,52.42,56.30499999999999,63.760289745557934,0.40012728844595835,8,CMGD18 EBENA6 CPFPA6 EBENA7 CPLD27 ELPLA6 CMGDA0 EDVP18,0.0,,56.30499999999999,-3.884999999999991,project_finance,operacional,grande_grupo,principal,,-0.05827435384063694
ESCEA4,DI+,41.18,48.474999999999994,86.34051944734581,0.4516382345459643,8,CPLDA2 EBENA7 CMGDA0 ELPLB8 AESLA8 PALFA5 ELPLA6 CMGDA3,0.0,,48.474999999999994,-7.294999999999995,project_finance,operacional,grande_grupo,principal,,-0.1094237866840276
ESCEA6,DI+,51.63,52.415000000000006,6.758242652494803,0.41947917903600884,8,EBENA9 CPLD19 AESLA8 CMGDA3 EBENB1 ENERC3 ENERB5 CPLDA0,0.0,,52.415000000000006,-0.7850000000000037,project_finance,operacional,grande_grupo,principal,,-0.011774869437554781
ESCEB4,DI+,46.01,52.415000000000006,6.701165943326578,0.43748242880072696,8,EBENA9 ENERC3 CMGDA0 ENERB5 AESLA8 CPLDA0 CPLD19 CMGDA3,0.0,,52.415000000000006,-6.405000000000008,project_finance,operacional,grande_grupo,principal,,-0.09607393471023963
ESCEB6,DI+,60.27,58.485,8.156766267185791,0.4953486379479087,8,CPLDB0 CMGDB3 EBENC1 CMGDA1 CPLD19 CSRNA2 EBENB1 CPFPB8,0.0,,58.485,1.7850000000000037,project_finance,operacional,grande_grupo,principal,,0.026774703115968444
ESSDA2,DI+,60.71,51.08,6.417639631320846,0.573508433715418,8,ENERB5 ENERC3 ESCEB4 EBENA9 ESCEA6 CMGDA3 CPLDA0 CPFPA8,-3.8333208616740015,avanço operacional (2026-07-14): Revisão Tarifária Periódica 2026 da ESS → -1.9 bps | avanço operacional (2026-07-14): Energisa (ENGI3) registra reajuste médio de 10% nas tarifas  → -1.9 bps,47.246679138325995,13.463320861674006,project_finance,operacional,grande_grupo,principal,,0.201947573684227
EUFA17,DI+,122.56,118.07000000000001,83.9405477015578,1.0698611989998719,8,HYPEC0 HYPEB1 DASAB2 DASAC2 NATUA3 RDORB9 RDORC9 GSHC15,0.0,,118.07000000000001,4.489999999999995,corporativa,operacional,grande_grupo,principal,,0.06734925321607727
EUFA18,DI+,97.60999999999999,116.56,77.98503717661163,0.8347889324049278,8,HYPEA8 DASAD3 DASAB5 NATUA3 HYPEA6 GSHC15 RDORC7 RDORD7,0.0,,116.56,-18.950000000000017,corporativa,operacional,grande_grupo,principal,,-0.28424684820593915
EUFA19,DI+,128.21,118.07000000000001,85.08349670140208,1.0036052243752966,8,HYPEB1 HYPEC0 DASAC5 DASAB2 NATUA3 RDORC9 RDORB9 GSHC15,0.0,,118.07000000000001,10.14,corporativa,operacional,grande_grupo,principal,,0.15209831349911454
FISI15,DI+,118.36,51.655,13.857958397162982,2.1021181552744683,8,IGTAA3 BRMLA1 IGTAB0 SBFC13 BRMLB1 RADL15 RADL19 VIVA11,0.0,,51.655,66.705,project_finance,operacional,grande_grupo,principal,,1.0005639055185833
FLCLA4,DI+,43.34,56.30499999999999,17.99754827052841,0.6954883429698369,8,EDVP18 ESCEA3 EBENA6 CMGD18 CEPEA1 EBENA7 CPLD27 CPFPA6,-1.386961840084806,avanço operacional (2026-06-16): Revisão Tarifária Periódica 2026 da EMR → -1.4 bps,54.918038159915184,-11.578038159915181,project_finance,operacional,grande_grupo,principal,,-0.17366864672105428
FLRY18,DI+,61.54,117.02,75.08336241097291,2.872624617705795,8,DASAD3 DASAB5 HYPEA7 GSHC15 HYPEA6 RDORC7 NATUA3 EUFA18,8.475704754874362,"impacto negativo (2026-08-11): Fleury (FLRY3) aprova emissão de debêntures no valor de R$ 1 → +4.2 bps | impacto negativo (2026-08-11): Fleury (FLRY3) aprova 11ª emissão de debêntures de R$ 1,83 b → +4.2 bps",125.49570475487435,-63.955704754874354,corporativa,operacional,grupo_inferido,principal,,-0.9593249341088451
FLRY19,DI+,39.32,117.02,85.02689853805089,2.861171450342179,8,DASAB2 DASAD3 NATUA3 HYPEA7 HYPEA9 EUFA18 RDORC7 GSHC15,8.475704754874362,"impacto negativo (2026-08-11): Fleury (FLRY3) aprova emissão de debêntures no valor de R$ 1 → +4.2 bps | impacto negativo (2026-08-11): Fleury (FLRY3) aprova 11ª emissão de debêntures de R$ 1,83 b → +4.2 bps",125.49570475487435,-86.17570475487435,corporativa,operacional,grupo_inferido,principal,,-1.2926212384431965
FLRY27,DI+,87.63999999999999,97.15,82.92547293164809,2.9570055107266127,8,NATUA3 DASAB5 DASAB2 HYPEA9 EUFA18 RDORD7 HYPEA7 RDORC7,8.475704754874362,"impacto negativo (2026-08-11): Fleury (FLRY3) aprova emissão de debêntures no valor de R$ 1 → +4.2 bps | impacto negativo (2026-08-11): Fleury (FLRY3) aprova 11ª emissão de debêntures de R$ 1,83 b → +4.2 bps",105.62570475487436,-17.985704754874376,corporativa,operacional,grupo_inferido,principal,,-0.2697825799121694
FLRY29,DI+,61.11999999999999,125.385,80.53402276949475,2.8912821415682144,8,DASAC5 RDORC3 DASAB2 RDORB3 NATUA3 EUFA19 HYPEA9 EUFA17,8.475704754874362,"impacto negativo (2026-08-11): Fleury (FLRY3) aprova emissão de debêntures no valor de R$ 1 → +4.2 bps | impacto negativo (2026-08-11): Fleury (FLRY3) aprova 11ª emissão de debêntures de R$ 1,83 b → +4.2 bps",133.86070475487438,-72.74070475487439,corporativa,operacional,grupo_inferido,principal,,-1.0910984729737097
FLRYA0,DI+,43.27,97.15,90.4169586900046,2.8127065400998896,8,DASAC2 DASAB2 NATUA3 HYPEA9 HYPEA7 RDORD7 RDORC7 EUFA18,8.475704754874362,"impacto negativo (2026-08-11): Fleury (FLRY3) aprova emissão de debêntures no valor de R$ 1 → +4.2 bps | impacto negativo (2026-08-11): Fleury (FLRY3) aprova 11ª emissão de debêntures de R$ 1,83 b → +4.2 bps",105.62570475487436,-62.35570475487436,corporativa,operacional,grupo_inferido,principal,,-0.9353252002233834
FLRYA1,DI+,48.89,115.87,85.36134824966156,2.816667686832124,8,DASAC5 RDORB3 RDORC3 NATUA3 HYPEB1 EUFA19 HYPEC0 DASAC2,8.475704754874362,"impacto negativo (2026-08-11): Fleury (FLRY3) aprova emissão de debêntures no valor de R$ 1 → +4.2 bps | impacto negativo (2026-08-11): Fleury (FLRY3) aprova 11ª emissão de debêntures de R$ 1,83 b → +4.2 bps",124.34570475487436,-75.45570475487436,corporativa,operacional,grupo_inferido,principal,,-1.1318230214106024
FLRYB0,DI+,55.38999999999999,115.87,86.22176113806769,2.8835297440099286,8,DASAC5 RDORC3 RDORB3 DASAC2 NATUA3 EUFA19 HYPEB1 HYPEA9,8.475704754874362,"impacto negativo (2026-08-11): Fleury (FLRY3) aprova emissão de debêntures no valor de R$ 1 → +4.2 bps | impacto negativo (2026-08-11): Fleury (FLRY3) aprova 11ª emissão de debêntures de R$ 1,83 b → +4.2 bps",124.34570475487436,-68.95570475487438,corporativa,operacional,grupo_inferido,principal,,-1.0343241025009138
FRAS15,DI+,105.13999999999999,161.14999999999998,30.917723375921458,4.238767467350463,4,IOCHA7 IOCHA3 RNDNB2 RNDNA1,3.7321319661472296,impacto negativo (2026-07-31): Fras-le (FRAS3) anuncia OPA com troca de ações da Randoncorp → +3.7 bps,164.8821319661472,-59.74213196614721,corporativa,operacional,grande_grupo,principal,,-0.8961220430860484
FRAS16,DI+,100.88999999999999,162.55,31.622414914107996,3.9223602703633036,4,IOCHA7 IOCHA5 RNDNA2 RNDNA1,3.7321319661472296,impacto negativo (2026-07-31): Fras-le (FRAS3) anuncia OPA com troca de ações da Randoncorp → +3.7 bps,166.28213196614723,-65.39213196614725,corporativa,operacional,grande_grupo,principal,,-0.9808711033690861
GGBRA7,DI+,37.4,128.1,28.85356249668314,2.2735594637449856,4,USIMA0 USIM29 ACOV15 AALM12,2.193649959389252,impacto negativo (2026-06-15): Proposta Vinculante para Aquisição de Participação Acionária → +2.2 bps,130.29364995938926,-92.89364995938925,corporativa,operacional,grande_grupo,principal,,-1.3933892991716168
GGBRA8,DI+,38.46,128.1,28.85356249668314,2.408818939397115,4,USIMA0 USIM29 AALM12 ACOV15,2.193649959389252,impacto negativo (2026-06-15): Proposta Vinculante para Aquisição de Participação Acionária → +2.2 bps,130.29364995938926,-91.83364995938925,corporativa,operacional,grande_grupo,principal,,-1.3774894754724982
GGBRA9,DI+,46.36000000000001,135.82500000000002,30.61769463888488,2.9266467798371876,4,USIM39 USIMA0 ACOV15 AALM12,2.193649959389252,impacto negativo (2026-06-15): Proposta Vinculante para Aquisição de Participação Acionária → +2.2 bps,138.01864995938928,-91.65864995938927,corporativa,operacional,grande_grupo,principal,,-1.3748645045787762
GRRB16,DI+,222.08,232.89,49.22102396334314,1.9396418219332439,8,PRLG17 RSAN25 RSAN15 ISPE13 SVEA15 PSAN13 ISPE12 PSAN23,0.0,,232.89,-10.809999999999974,project_finance,operacional,grande_grupo,principal,,-0.1621482020636513
GSHC15,DI+,136.43,84.10999999999999,80.43725643902519,1.0454387970324623,8,HYPEA7 HYPEA6 DASAD3 DASAB5 EUFA18 RDORC7 EUFA17 RDORC4,0.0,,84.10999999999999,52.32000000000002,corporativa,operacional,grande_grupo,principal,,0.7847912980546031
GSHC17,DI+,277.18,110.085,82.02442848779869,2.0225137996366973,8,HYPEA7 HYPEA9 DASAB5 EUFA18 DASAB2 EUFA17 NATUA3 RDORC7,0.0,,110.085,167.09500000000003,corporativa,operacional,grande_grupo,principal,,2.506397208494531
GUAR17,DI+,99.29,89.57499999999999,67.35877573672195,2.0574300403511927,8,ASAIA0 ASAIA3 VBBR15 PGMN18 VBBR17 CEAB22 CEAB14 RADL15,0.0,,89.57499999999999,9.715000000000018,corporativa,operacional,grupo_inferido,principal,,0.145723384185789
HAPV15,DI+,1014.4399999999999,205.68000000000004,163.028550523942,0.787212394550679,8,PASS13 SIMH16 JSMLA5 PASS12 VAMOA1 MATD12 AEGPB5 MATD13,0.0,,205.68000000000004,808.7599999999999,corporativa,operacional,grande_grupo,high_yield,S,2.124619892447204
HAPV17,DI+,1026.6299999999999,205.68000000000004,163.028550523942,0.7790188133834639,8,PASS13 SIMH16 JSMLA5 PASS12 VAMOA1 MATD12 AEGPB5 MATD13,0.0,,205.68000000000004,820.9499999999998,corporativa,operacional,grande_grupo,high_yield,S,2.1566431335680942
HAPV18,DI+,982.3,86.455,169.9149178265405,0.7382880502193258,8,MATD12 AEGPB5 PASS12 PASS14 MATD13 SUZBA1 SIMH16 JSMLA5,0.0,,86.455,895.8449999999999,corporativa,operacional,grande_grupo,high_yield,S,2.3533929812915644
HAPV19,DI+,974.18,86.455,179.01938777685504,0.7879140291290978,8,MATD12 PASS12 PASS14 MATD13 SUZBA1 AEGPB3 AEGPB5 JSMLA5,0.0,,86.455,887.7249999999999,corporativa,operacional,grande_grupo,high_yield,S,2.3320616672717422
HAPV28,DI+,949.6399999999999,86.455,179.16460608456543,0.8037287166346567,8,MATD13 MATD12 SUZBA1 AEGPB5 PASS12 PASS14 AEGPB3 SIMH16,0.0,,86.455,863.1849999999998,corporativa,operacional,grande_grupo,high_yield,S,2.2675948635714422
HAPVA0,DI+,957.64,73.43,168.44760186776182,0.9326995139202513,8,MATD12 MATD13 PASS14 AEGPB3 PASS12 SUZBB1 SUZBA1 AEGPB5,0.0,,73.43,884.21,corporativa,operacional,grande_grupo,high_yield,S,2.322827730229911
HBSA14,DI+,49.51,164.155,57.43533397560156,4.139256305131247,6,JSLGA5 VIXL25 VIXL26 LMTP26 LMTPB1 CLII12,0.0,,164.155,-114.64500000000001,corporativa,operacional,grande_grupo,principal,,-1.7196559320617344
HBSA24,DI+,60.07,173.805,54.04958415401754,4.500528160338066,6,JSLGA5 VIXL18 VIXL19 LMTPA0 LMTPA2 CLII12,0.0,,173.805,-113.73500000000001,corporativa,operacional,grande_grupo,principal,,-1.7060060834143782
HGLB13,DI+,276.49,75.07000000000001,45.96931352475801,2.6871361583309783,8,BCPSA6 BCPSA4 TBSP22 ALGTA5 ALGTA6 TBSP12 BRST14 BRIT12,0.0,,75.07000000000001,201.42000000000002,project_finance,operacional,grupo_inferido,principal,,3.0212664995060803
HSPE15,DI+,122.38000000000001,95.865,58.037814774076395,4.45929519425203,8,UQFN15 OZNH11 FLRYA1 FLRYB0 UQFN14 RDORE4 RDORG6 HYPEB1,0.0,,95.865,26.515000000000015,project_finance,operacional,grupo_inferido,principal,,0.3977205899831385
HYPEA6,DI+,70.61,129.495,83.71803554193086,1.0199403511364118,8,GSHC15 DASAD3 EUFA18 DASAC2 RDORC7 NATUA3 EUFA17 RDORC4,5.856342783782502,"impacto negativo (2026-09-08): Hypera (HYPE3) aprova emissão de R$ 1,35 bi em debêntures → +5.9 bps",135.3513427837825,-64.74134278378251,corporativa,operacional,grande_grupo,principal,,-0.9711093738739043
HYPEA7,DI+,69.57,150.24,83.26282183543866,0.9711951186815019,8,GSHC15 DASAD3 DASAC2 EUFA18 RDORC7 EUFA17 NATUA3 GSHC17,5.856342783782502,"impacto negativo (2026-09-08): Hypera (HYPE3) aprova emissão de R$ 1,35 bi em debêntures → +5.9 bps",156.09634278378252,-86.52634278378252,corporativa,operacional,grande_grupo,principal,,-1.297880750558146
HYPEA8,DI+,46.75,132.32,68.11896898762853,0.9226365232470363,8,EUFA18 DASAD3 DASAB5 NATUA3 GSHC15 EUFA19 RDORC7 RDORD7,5.856342783782502,"impacto negativo (2026-09-08): Hypera (HYPE3) aprova emissão de R$ 1,35 bi em debêntures → +5.9 bps",138.1763427837825,-91.4263427837825,corporativa,operacional,grande_grupo,principal,,-1.3713799355823726
HYPEA9,DI+,50.0,129.495,72.78985489063706,0.9235808478079147,8,DASAB2 DASAC2 GSHC15 EUFA17 EUFA18 NATUA3 RDORD7 RDORC3,5.856342783782502,"impacto negativo (2026-09-08): Hypera (HYPE3) aprova emissão de R$ 1,35 bi em debêntures → +5.9 bps",135.3513427837825,-85.35134278378251,corporativa,operacional,grande_grupo,principal,,-1.28025594598601
HYPEB1,DI+,61.839999999999996,132.32,71.89181141435719,1.017856464043604,8,EUFA19 DASAC5 EUFA17 DASAC2 NATUA3 RDORC9 RDORB3 GSHC15,5.856342783782502,"impacto negativo (2026-09-08): Hypera (HYPE3) aprova emissão de R$ 1,35 bi em debêntures → +5.9 bps",138.1763427837825,-76.3363427837825,corporativa,operacional,grande_grupo,principal,,-1.1450324453751104
HYPEC0,DI+,56.26,132.32,72.19529311830169,0.9680441051331801,8,EUFA19 EUFA17 DASAC2 DASAC5 NATUA3 RDORD7 GSHC15 RDORC9,5.856342783782502,"impacto negativo (2026-09-08): Hypera (HYPE3) aprova emissão de R$ 1,35 bi em debêntures → +5.9 bps",138.1763427837825,-81.91634278378251,corporativa,operacional,grande_grupo,principal,,-1.228731517300659
IEAS11,DI+,72.15,52.39,22.048705177402137,4.423302228510207,8,IEPS11 CPTE12 EDPR13 EEELA5 EEELA3 ISAEB3 TRPLA3 TAEEA6,0.0,,52.39,19.760000000000005,project_finance,operacional,grupo_inferido,principal,,0.29639671348545404
IEPS11,DI+,72.16,62.64999999999999,20.471646703428622,4.288784435273012,8,IEAS11 CPTE12 EDPR13 EEELA5 TRPLA3 TRPLB5 TAEEA6 TAEEA9,0.0,,62.64999999999999,9.510000000000005,project_finance,operacional,grupo_inferido,principal,,0.142648418281714
IGTAA3,DI+,45.43,59.47,23.498708973845773,2.553531693445829,8,FISI15 BRMLA1 BRMLB1 SBFC13 VIVA11 RADL19 RADLA0 CEAB14,0.0,,59.47,-14.04,project_finance,operacional,grande_grupo,principal,,-0.2105976648449278
IGTAB0,DI+,27.93,74.56,39.844563599536386,2.648990316782802,8,SBFC13 FISI15 BRMLA1 BRMLB1 RADL15 CEAB22 CEAB13 MGLUA0,0.0,,74.56,-46.63,project_finance,operacional,grande_grupo,principal,,-0.6994422444244291
INEL12,DI+,124.24,97.94,44.18776780329031,5.027020749984835,8,ANIM15 ANIM17 CSED12 CSED13 YDUQA0 COGNA5 YDUQ17 COGNB2,0.0,,97.94,26.299999999999997,project_finance,operacional,grande_grupo,principal,,0.39449562574227925
IOCHA3,DI+,129.85,146.18,44.05322718030997,3.3451012871040398,4,FRAS16 FRAS15 RNDNB0 RNDNA2,0.0,,146.18,-16.330000000000013,corporativa,operacional,grupo_inferido,principal,,-0.2449472839684953
IOCHA4,DI+,118.74000000000001,132.06,36.46809316032306,3.6656882830836217,4,FRAS16 FRAS15 RNDNA0 RNDNB0,0.0,,132.06,-13.319999999999993,corporativa,operacional,grupo_inferido,principal,,-0.19979778459646988
IOCHA5,DI+,130.59,146.18,44.05322718030997,3.2161308369819275,4,FRAS16 FRAS15 RNDNA2 RNDNB0,0.0,,146.18,-15.590000000000003,corporativa,operacional,grupo_inferido,principal,,-0.23384740704646906
IOCHA6,DI+,134.87,146.18,44.05322718030997,3.3053516341015396,4,FRAS16 RNDNB0 FRAS15 RNDNA2,0.0,,146.18,-11.310000000000002,corporativa,operacional,grupo_inferido,principal,,-0.16964811890285855
IOCHA7,DI+,131.32,149.45999999999998,45.6156993259996,3.0826457673236463,4,FRAS16 FRAS15 RNDNA2 RNDNA1,0.0,,149.45999999999998,-18.139999999999986,corporativa,operacional,grupo_inferido,principal,,-0.27209698292642365
IPIPA6,DI+,50.0,91.275,28.860092878185615,3.01133651500482,8,CDGS26 PFOR15 NTSD35 NTSD18 PFOR26 RECV12 RECV13 OPCT17,0.0,,91.275,-41.275000000000006,project_finance,operacional,grupo_inferido,principal,,-0.619118135076524
ISAEB1,DI+,52.02,52.39,17.173225117533978,2.8528889631809573,8,EEELA5 TAEEA5 TAEEA1 EEELA3 EDPR13 IEPS11 IEAS11 CPTE12,1.4807826136548732,"avanço operacional (2026-05-27): Obtenção de LI - Projeto Serra Dourada (Bloco 2) → -1.1 bps | avanço operacional (2026-04-22): Energização Jacarandá → -0.7 bps | impacto negativo (2026-07-03): ISA Energia (ISAE3, ISAE4) anuncia potencial oferta de R$ 65 → +2.7 bps | impacto negativo (2026-05-04): Isa Energia (ISAE4): Lucro cai 14%, para R$ 619,1 milhões, c → +1.4 bps | avanço operacional (2026-04-22): ISA Energia (ISAE3) registra início da operação do projeto J → -0.7 bps",53.870782613654875,-1.8507826136548715,corporativa,operacional,grande_grupo,principal,,-0.027761431379722805
ISAEB3,DI+,44.720000000000006,52.39,17.897879369844347,2.997781452941795,8,EEELA5 TAEEA5 TAEEA6 EEELA3 EDPR13 IEAS11 IEPS11 CPTE12,1.4807826136548732,"avanço operacional (2026-05-27): Obtenção de LI - Projeto Serra Dourada (Bloco 2) → -1.1 bps | avanço operacional (2026-04-22): Energização Jacarandá → -0.7 bps | impacto negativo (2026-07-03): ISA Energia (ISAE3, ISAE4) anuncia potencial oferta de R$ 65 → +2.7 bps | impacto negativo (2026-05-04): Isa Energia (ISAE4): Lucro cai 14%, para R$ 619,1 milhões, c → +1.4 bps | avanço operacional (2026-04-22): ISA Energia (ISAE3) registra início da operação do projeto J → -0.7 bps",53.870782613654875,-9.150782613654869,corporativa,operacional,grande_grupo,principal,,-0.1372602172321425
ISAEC1,DI+,49.73,52.974999999999994,16.822796103799153,2.987370327098395,8,EEELA5 TAEEA6 TAEEA9 EEELA3 EDPR13 IEPS11 IEAS11 CPTE12,1.4807826136548732,"avanço operacional (2026-05-27): Obtenção de LI - Projeto Serra Dourada (Bloco 2) → -1.1 bps | avanço operacional (2026-04-22): Energização Jacarandá → -0.7 bps | impacto negativo (2026-07-03): ISA Energia (ISAE3, ISAE4) anuncia potencial oferta de R$ 65 → +2.7 bps | impacto negativo (2026-05-04): Isa Energia (ISAE4): Lucro cai 14%, para R$ 619,1 milhões, c → +1.4 bps | avanço operacional (2026-04-22): ISA Energia (ISAE3) registra início da operação do projeto J → -0.7 bps",54.45578261365487,-4.7257826136548715,corporativa,operacional,grande_grupo,principal,,-0.07088595320516208
ISAED1,DI+,58.77,52.974999999999994,16.065497774734524,3.783657573737913,8,TAEEE1 TAEEA9 EEELA5 EEELA3 EDPR13 IEAS11 IEPS11 CPTE12,1.4807826136548732,"avanço operacional (2026-05-27): Obtenção de LI - Projeto Serra Dourada (Bloco 2) → -1.1 bps | avanço operacional (2026-04-22): Energização Jacarandá → -0.7 bps | impacto negativo (2026-07-03): ISA Energia (ISAE3, ISAE4) anuncia potencial oferta de R$ 65 → +2.7 bps | impacto negativo (2026-05-04): Isa Energia (ISAE4): Lucro cai 14%, para R$ 619,1 milhões, c → +1.4 bps | avanço operacional (2026-04-22): ISA Energia (ISAE3) registra início da operação do projeto J → -0.7 bps",54.45578261365487,4.314217386345135,corporativa,operacional,grande_grupo,principal,,0.06471254324769751
ISPE12,DI+,245.78000000000003,226.77,86.07287812335254,3.1322795348770227,8,ADPA21 RSAN25 GRRB16 PRLG17 RSAN15 SNGOA3 SNGOA2 PSAN13,4.336907481205674,"impacto negativo (2026-08-13): Iguá Saneamento registra prejuízo de R$ 198,9 milhões no seg → +4.3 bps",231.1069074812057,14.673092518794334,project_finance,operacional,grande_grupo,principal,,0.22009394732989082
ISPE13,DI+,257.39,226.77,86.07287812335254,2.945534622619094,8,ADPA21 RSAN25 PRLG17 GRRB16 RSAN15 SNGOA3 SNGOA2 PSAN13,4.336907481205674,"impacto negativo (2026-08-13): Iguá Saneamento registra prejuízo de R$ 198,9 milhões no seg → +4.3 bps",231.1069074812057,26.28309251879429,project_finance,operacional,grande_grupo,principal,,0.39424201633627276
ITSA17,DI+,45.25000000000001,41.97,66.00304841444826,4.057730945986442,5,WIZC12 BSA319 BSA312 CIEL18 CIEL19,0.0,,41.97,3.2800000000000082,corporativa,operacional,grande_grupo,principal,,0.04919945446519693
ITSA18,DI+,46.239999999999995,41.97,66.00304841444826,4.313181012862147,5,WIZC12 BSA319 BSA312 CIEL18 CIEL19,0.0,,41.97,4.269999999999996,corporativa,operacional,grande_grupo,principal,,0.06404928980682628
JHSFA1,DI+,55.36,79.31,29.797320952352415,5.9373201543153264,8,MNLT11 CLCD19 CLCD16 CMED13 BTGH18 DGCD11 CPFGA3 CLMOA2,0.0,,79.31,-23.950000000000003,corporativa,operacional,grande_grupo,principal,,-0.35924601659800726
JHSFA3,DI+,111.96,79.31,29.797320952352415,5.700127059006954,8,MNLT11 CLCD16 CLCD19 CMED13 DGCD11 BTGH18 CPFGA3 CLMOA2,0.0,,79.31,32.64999999999999,corporativa,operacional,grande_grupo,principal,,0.48974456960020596
JSLGA5,DI+,274.82000000000005,106.44000000000001,46.4930363449348,3.73732573043923,7,HBSA14 HBSA24 VIXL25 VIXL45 LMTP26 LMTP18 CLII12,0.0,,106.44000000000001,168.38000000000005,corporativa,operacional,grande_grupo,principal,,2.5256719947712933
JSMLA5,DI+,403.50000000000006,319.415,371.49503034192793,0.5897906070537323,8,VAMOA1 AEGPB5 PASS13 PASS12 VAMO23 HAPV17 HAPV15 SUZBA1,9.75973387991418,"impacto negativo (2026-07-23): Alienação da CS Porto Aratu → +3.4 bps | impacto negativo (2026-05-28): Simpar (SIMH3) aprova dividendos de R$ 0,17 por ação → +1.8 bps | crédito negativo (2026-05-11): Simpar tenta escapar de dívida de bilhões com ajuda do BNDES → +4.6 bps",329.1747338799142,74.32526612008587,corporativa,operacional,grande_grupo,high_yield,S,0.19525315162738846
LCAMC2,DI+,161.88000000000002,151.975,70.4974132504165,3.1904996726086505,8,MILSA1 OVSAA9 MILSA0 MOVI27 OVSAB0 VAMO13 MOVI34 TFLEA7,3.6577356553348768,"impacto negativo (2026-06-15): Localiza (RENT3) aprova debêntures de até R$ 1,8 bi → +2.2 bps | impacto negativo (2026-05-11): Localiza (RENT3) aprova emissão de R$ 1,25 bi em debêntures → +1.5 bps",155.63273565533487,6.247264344665155,corporativa,operacional,grupo_inferido,principal,,0.09370792611506125
LETS18,DI+,124.53,114.01500000000001,33.2376523830655,4.119475185898127,8,TFLE19 TFLEA7 MILSA1 MILSB0 CDAR11 LCAMC2 RENTD5 MOVI27,0.0,,114.01500000000001,10.514999999999986,project_finance,operacional,nao_identificado,principal,,0.15772325112851945
LMTP18,DI+,151.57,99.55000000000001,78.81598350306591,5.045392998807138,6,CLII12 VIXL15 VIXL35 JSLGA5 HBSA14 HBSA24,0.0,,99.55000000000001,52.01999999999998,project_finance,operacional,nao_identificado,principal,,0.7802913479510785
LMTP26,DI+,152.23000000000002,106.23500000000001,78.03568900402774,4.783868946631669,6,CLII12 VIXL45 VIXL25 JSLGA5 HBSA14 HBSA24,0.0,,106.23500000000001,45.995000000000005,project_finance,operacional,nao_identificado,principal,,0.6899173500386365
LMTPA0,DI+,178.94,114.59,77.4100490892494,4.859660099389131,6,CLII12 VIXL18 VIXL19 HBSA24 HBSA14 JSLGA5,0.0,,114.59,64.35,project_finance,operacional,nao_identificado,principal,,0.9652392972059191
LMTPA1,DI+,136.9,105.44,78.11917455614426,4.834328995017446,6,CLII12 VIXL26 VIXL45 JSLGA5 HBSA14 HBSA24,0.0,,105.44,31.460000000000008,project_finance,operacional,nao_identificado,principal,,0.47189476752289394
LMTPA2,DI+,168.67,105.685,78.0942105017324,4.799955456814104,6,CLII12 VIXL18 VIXL26 JSLGA5 HBSA14 HBSA24,0.0,,105.685,62.984999999999985,project_finance,operacional,nao_identificado,principal,,0.9447645242348843
LMTPB1,DI+,176.07999999999998,114.59,77.4100490892494,4.758468752771909,6,CLII12 VIXL19 VIXL18 HBSA14 HBSA24 JSLGA5,0.0,,114.59,61.48999999999998,project_finance,operacional,nao_identificado,principal,,0.9223397728856558
LOGGB1,DI+,95.86000000000001,75.0,32.23503500281414,2.384784233941994,7,MULPA0 MULPB1 VEBMA6 DXCO13 VEBMA8 TIGR21 TIGR12,3.9540560814115846,impacto negativo (2026-08-05): Venda de ativo → +4.0 bps,78.95405608141158,16.905943918588434,corporativa,operacional,grande_grupo,principal,,0.25358634695541543
LORTB2,DI+,124.42999999999999,196.78500000000003,62.173263546318694,3.224875255156556,8,OVSAA8 MOVI27 MILS19 OVSAA9 MILS18 VAMO13 MVLVA3 TFLEA4,3.6577356553348768,"impacto negativo (2026-06-15): Localiza (RENT3) aprova debêntures de até R$ 1,8 bi → +2.2 bps | impacto negativo (2026-05-11): Localiza (RENT3) aprova emissão de R$ 1,25 bi em debêntures → +1.5 bps",200.4427356553349,-76.01273565533491,corporativa,operacional,grupo_inferido,principal,,-1.1401783922712476
LVTC12,DI+,233.13,85.325,55.67911496916955,2.755971687678795,8,CEAB22 CEAB13 MGLUA0 VIVA11 RADL15 RADL19 GUAR17 ASAI18,6.276672783174006,impacto negativo (2026-09-14): Proposta vinculante de aquisição da Teki → +6.3 bps,91.60167278317401,141.52832721682597,corporativa,operacional,grande_grupo,principal,,2.1229013690364953
MDRO18,DI+,207.22,152.57,24.156506829883792,5.948434937462342,3,MNRVA1 MRFGA1 BKBR19,0.0,,152.57,54.650000000000006,corporativa,operacional,grupo_inferido,principal,,0.8197409105253067
MEAL14,DI+,448.51000000000005,422.77,173.3252415213592,1.8596807513756861,8,AZZA13 QUAL16 QUAL18 AZZA11 CVCB14 BCBF16 CAMLA1 SUMI39,2.6887741896923574,"impacto negativo (2026-05-08): IMC Fato Relevante - Rescisa~o Acordos de Acionistas → +1.4 bps | impacto negativo (2026-04-29): Alienação da subsidiária direta da Companhia, RA Catering do → +1.3 bps",425.45877418969235,23.0512258103077,corporativa,operacional,grupo_inferido,high_yield,S,0.06055578033269717
MGLUA0,DI+,171.09,85.325,69.44263215732465,2.2659868913656056,8,RADL15 CEAB13 CEAB22 RADL19 LVTC12 VIVA11 ASAIA0 GUAR17,1.2030250360821166,"impacto negativo (2026-04-24): Magazine Luiza (MGLU3) aprova dividendos de R$ 0,0813 por aç → +1.2 bps",86.52802503608211,84.56197496391789,corporativa,operacional,grande_grupo,principal,,1.2684155599769484
MILS18,DI+,90.62,196.78500000000003,51.20949397755753,3.1200950797898948,8,MOVI27 LORTB2 RENTC4 VAMO13 OVSAA8 OVSAA9 MVLVA3 LETS18,1.72110287448866,impacto negativo (2026-05-25): Mudança de Controle da Companhia → +1.7 bps,198.50610287448868,-107.88610287448867,corporativa,operacional,nao_identificado,principal,,-1.6182735993295563
MILS19,DI+,94.33,196.78500000000003,51.20949397755753,3.1002900256458545,8,MOVI27 LORTB2 RENTC4 VAMO13 OVSAA8 MVLVA3 OVSAA9 LETS18,1.72110287448866,impacto negativo (2026-05-25): Mudança de Controle da Companhia → +1.7 bps,198.50610287448868,-104.17610287448868,corporativa,operacional,nao_identificado,principal,,-1.5626242163826416
MILS29,DI+,115.92999999999999,198.77,57.00371784750097,3.431875972761454,8,RENTE9 RENTD5 OVSAB1 MOVI27 LETS18 OVSAA9 VAMO13 MVLVA3,1.72110287448866,impacto negativo (2026-05-25): Mudança de Controle da Companhia → +1.7 bps,200.49110287448866,-84.56110287448867,corporativa,operacional,nao_identificado,principal,,-1.2684024787805575
MILSA0,DI+,80.05999999999999,196.78500000000003,47.04775014546392,3.0971259660897656,8,MOVI27 LCAMC2 RENTC8 VAMO13 OVSAA9 MVLVA3 OVSAA8 LETS18,1.72110287448866,impacto negativo (2026-05-25): Mudança de Controle da Companhia → +1.7 bps,198.50610287448868,-118.44610287448869,corporativa,operacional,nao_identificado,principal,,-1.7766718429736048
MILSA1,DI+,81.18,173.64000000000001,57.44939108413161,3.1972289518536945,8,LCAMC2 RENTD5 OVSAA9 OVSAB1 MOVI27 VAMO13 LETS18 MOVI34,1.72110287448866,impacto negativo (2026-05-25): Mudança de Controle da Companhia → +1.7 bps,175.36110287448867,-94.18110287448866,corporativa,operacional,nao_identificado,principal,,-1.4127008787668969
MILSB0,DI+,113.19,198.77,54.280598974219146,3.3735639867509657,8,RENTE9 RENTF2 OVSAB1 MOVI27 LETS18 VAMO13 OVSAA9 MVLVA3,1.72110287448866,impacto negativo (2026-05-25): Mudança de Controle da Companhia → +1.7 bps,200.49110287448866,-87.30110287448866,corporativa,operacional,nao_identificado,principal,,-1.3095020230594108
MNLT11,DI+,82.14000000000001,83.24000000000001,30.728218683117642,3.251619994588818,8,CLCD19 CLCD16 CMED13 BTGH18 DGCD11 JHSFA1 CLMOA2 JHSFA3,0.0,,83.24000000000001,-1.0999999999999943,project_finance,operacional,grande_grupo,principal,,-0.016499817046254944
MNRVA1,DI+,175.25,152.57,37.26409084717708,3.3069784911894717,3,MRFGA1 BKBR19 MDRO18,3.9184019166674116,"impacto negativo (2026-05-07): Minerva (BEEF3) lucra R$ 87 milhões no 1T26, mas resultado c → +1.4 bps | impacto negativo (2026-04-18): Minerva anuncia R$ 1,5 bilhão em debêntures simples → +1.1 bps | impacto negativo (2026-05-07): Minerva (BEEF3): Lucro recua 52,8% no 1T26, para R$ 87,3 mil → +1.4 bps",156.4884019166674,18.761598083332586,corporativa,operacional,grande_grupo,principal,,0.28142085079123336
MOVI27,DI+,185.4,127.815,63.30819307907549,2.026316703061192,8,VAMO13 OVSAB0 OVSAA3 MILS19 MILS18 RENTC4 LORTB2 TFLEA3,15.267130072785964,"impacto negativo (2026-05-13): Nova emissão de títulos de dívida no mercado internacional → +1.5 bps | impacto negativo (2026-09-22): Movida lança R$ 1,275 bi em debêntures para investidores pro → +6.9 bps | impacto negativo (2026-09-22): Movida lança 29ª emissão de debêntures de R$ 1,275 bilhão → +6.9 bps",143.08213007278596,42.31786992721405,corporativa,operacional,grande_grupo,principal,,0.634761010532954
MOVI34,DI+,118.55,145.59499999999997,61.84670402242549,2.275218034738916,8,VAMO13 OVSAB0 OVSAA3 RENTC4 LORTB2 MILS19 MILS18 CDAR11,15.267130072785964,"impacto negativo (2026-05-13): Nova emissão de títulos de dívida no mercado internacional → +1.5 bps | impacto negativo (2026-09-22): Movida lança R$ 1,275 bi em debêntures para investidores pro → +6.9 bps | impacto negativo (2026-09-22): Movida lança 29ª emissão de debêntures de R$ 1,275 bilhão → +6.9 bps",160.86213007278593,-42.31213007278593,corporativa,operacional,grande_grupo,principal,,-0.634674913671194
MOVIA2,DI+,139.46,145.59499999999997,59.42019194631991,2.7253471297724206,8,OVSAA8 OVSAA3 VAMO13 RENTC4 LORTB2 CDAR11 MILS19 MILS18,15.267130072785964,"impacto negativo (2026-05-13): Nova emissão de títulos de dívida no mercado internacional → +1.5 bps | impacto negativo (2026-09-22): Movida lança R$ 1,275 bi em debêntures para investidores pro → +6.9 bps | impacto negativo (2026-09-22): Movida lança 29ª emissão de debêntures de R$ 1,275 bilhão → +6.9 bps",160.86213007278593,-21.402130072785923,corporativa,operacional,grande_grupo,principal,,-0.3210283914555641
MOVIA3,DI+,184.92,145.59499999999997,59.39906291348375,2.5553513948837923,8,OVSAA3 OVSAA8 VAMO13 RENTC4 RENTD9 CDAR11 MILS19 MILS18,15.267130072785964,"impacto negativo (2026-05-13): Nova emissão de títulos de dívida no mercado internacional → +1.5 bps | impacto negativo (2026-09-22): Movida lança R$ 1,275 bi em debêntures para investidores pro → +6.9 bps | impacto negativo (2026-09-22): Movida lança 29ª emissão de debêntures de R$ 1,275 bilhão → +6.9 bps",160.86213007278593,24.057869927214057,corporativa,operacional,grande_grupo,principal,,0.36086404756512064
MRFGA1,DI+,116.58,175.25,22.41796353125968,3.4485053570015576,3,MNRVA1 BKBR19 MDRO18,0.0,,175.25,-58.67,corporativa,operacional,grande_grupo,principal,,-0.8800402419125296
MULPA0,DI+,60.400000000000006,111.055,27.52131522414339,2.3461984010956454,6,LOGGB1 VEBMA6 DXCO13 VEBMA8 TIGR21 TIGR12,2.4622888266898326,impacto negativo (2026-06-25): Distribuição de Dividendos/Juros sobre Capital Próprio → +2.5 bps,113.51728882668984,-53.11728882668983,corporativa,operacional,grande_grupo,principal,,-0.7967504978486079
MULPB1,DI+,60.31,111.055,27.52131522414339,2.4976462235469907,6,LOGGB1 VEBMA6 DXCO13 VEBMA8 TIGR21 TIGR12,2.4622888266898326,impacto negativo (2026-06-25): Distribuição de Dividendos/Juros sobre Capital Próprio → +2.5 bps,113.51728882668984,-53.20728882668983,corporativa,operacional,grande_grupo,principal,,-0.7981004828796652
MULTA4,DI+,47.3,111.055,27.52131522414339,2.0192789659931627,6,VEBMA6 DXCO13 VEBMA8 LOGGB1 TIGR12 TIGR21,2.4622888266898326,impacto negativo (2026-06-25): Distribuição de Dividendos/Juros sobre Capital Próprio → +2.5 bps,113.51728882668984,-66.21728882668984,corporativa,operacional,grande_grupo,principal,,-0.993248319035827
MULTA5,DI+,50.3,111.055,27.52131522414339,2.029187306981322,6,VEBMA6 DXCO13 VEBMA8 LOGGB1 TIGR12 TIGR21,2.4622888266898326,impacto negativo (2026-06-25): Distribuição de Dividendos/Juros sobre Capital Próprio → +2.5 bps,113.51728882668984,-63.21728882668984,corporativa,operacional,grande_grupo,principal,,-0.9482488180005859
MULTB5,DI+,63.78,85.43,28.928905191098323,2.499354358270964,6,VEBMA9 VEBMB0 DXCO13 LOGGB1 TIGR12 TIGR21,2.4622888266898326,impacto negativo (2026-06-25): Distribuição de Dividendos/Juros sobre Capital Próprio → +2.5 bps,87.89228882668984,-24.112288826689834,corporativa,operacional,grande_grupo,principal,,-0.36168032200621963
MVLV19,DI+,207.0,145.59499999999997,59.42019194631991,3.501890592260974,8,OVSAA8 OVSAA3 VAMO13 RENTC4 LORTB2 CDAR11 MILS19 MILS18,15.267130072785964,"impacto negativo (2026-05-13): Nova emissão de títulos de dívida no mercado internacional → +1.5 bps | impacto negativo (2026-09-22): Movida lança R$ 1,275 bi em debêntures para investidores pro → +6.9 bps | impacto negativo (2026-09-22): Movida lança 29ª emissão de debêntures de R$ 1,275 bilhão → +6.9 bps",160.86213007278593,46.13786992721407,corporativa,operacional,grande_grupo,principal,,0.6920603751844945
MVLVA1,DI+,213.92000000000002,145.59499999999997,61.84670402242549,3.4111265191047497,8,OVSAA3 OVSAB0 VAMO13 RENTC4 LORTB2 MILS19 CDAR11 MILS18,15.267130072785964,"impacto negativo (2026-05-13): Nova emissão de títulos de dívida no mercado internacional → +1.5 bps | impacto negativo (2026-09-22): Movida lança R$ 1,275 bi em debêntures para investidores pro → +6.9 bps | impacto negativo (2026-09-22): Movida lança 29ª emissão de debêntures de R$ 1,275 bilhão → +6.9 bps",160.86213007278593,53.057869927214085,corporativa,operacional,grande_grupo,principal,,0.7958592242391173
MVLVA3,DI+,212.14000000000001,145.59499999999997,61.84670402242549,2.2651365330099464,8,VAMO13 OVSAB0 OVSAA3 MILS19 RENTC4 LORTB2 MILS18 CDAR11,15.267130072785964,"impacto negativo (2026-05-13): Nova emissão de títulos de dívida no mercado internacional → +1.5 bps | impacto negativo (2026-09-22): Movida lança R$ 1,275 bi em debêntures para investidores pro → +6.9 bps | impacto negativo (2026-09-22): Movida lança 29ª emissão de debêntures de R$ 1,275 bilhão → +6.9 bps",160.86213007278593,51.277869927214084,corporativa,operacional,grande_grupo,principal,,0.769159520291541
NATUA3,DI+,164.04999999999998,98.4,87.22069034925143,0.8779435578280903,8,EUFA18 RDORD7 DASAC2 DASAB2 HYPEA8 RDORC9 HYPEC0 EUFA19,0.0,,98.4,65.64999999999998,corporativa,operacional,grande_grupo,principal,,0.9847390809878566
NIGP12,DI+,106.88999999999999,102.80000000000001,33.85788156028076,3.832822021354093,8,PFOR26 PFOR16 IPIPA6 CDGS26 OPCT17 OPCT16 RECV13 RECV12,7.638732831283332,impacto negativo (2026-10-01): Renúncia CFO → +7.6 bps,110.43873283128335,-3.5487328312833597,project_finance,operacional,grande_grupo,principal,,-0.053230402238376405
NTSD16,DI+,75.98,102.70000000000002,32.1633492649242,3.8641766911878577,8,PFOR16 PFOR15 IPIPA6 CDGS26 OPCT16 OPCT17 RECV12 RECV13,7.638732831283332,impacto negativo (2026-10-01): Renúncia CFO → +7.6 bps,110.33873283128335,-34.35873283128335,project_finance,operacional,grande_grupo,principal,,-0.5153752778703011
NTSD17,DI+,46.050000000000004,91.71000000000001,30.985433170281805,3.8488866741611827,8,PFOR15 PEJA21 IPIPA6 CDGS26 CBOH11 OPCT16 RECV12 RECV13,7.638732831283332,impacto negativo (2026-10-01): Renúncia CFO → +7.6 bps,99.34873283128334,-53.29873283128334,project_finance,operacional,grande_grupo,principal,,-0.7994721277394558
NTSD18,DI+,68.88,102.80000000000001,33.85788156028076,3.817750904314046,8,PFOR16 PFOR26 IPIPA6 CDGS26 OPCT17 OPCT16 RECV13 RECV12,7.638732831283332,impacto negativo (2026-10-01): Renúncia CFO → +7.6 bps,110.43873283128335,-41.55873283128335,project_finance,operacional,grande_grupo,principal,,-0.6233740803548796
NTSD26,DI+,80.95,102.80000000000001,32.90117928642528,3.8619351972069036,8,PFOR16 PFOR25 IPIPA6 CDGS26 OPCT17 OPCT16 RECV13 RECV12,7.638732831283332,impacto negativo (2026-10-01): Renúncia CFO → +7.6 bps,110.43873283128335,-29.488732831283343,project_finance,operacional,grande_grupo,principal,,-0.4423260878564266
NTSD35,DI+,101.52000000000001,105.86000000000001,34.5017035811277,3.7049538761652197,8,PFOR26 PFOR25 IPIPA6 CDGS26 OPCT17 OPCT16 RECV13 RECV12,7.638732831283332,impacto negativo (2026-10-01): Renúncia CFO → +7.6 bps,113.49873283128335,-11.978732831283338,project_finance,operacional,grande_grupo,principal,,-0.17967900014740326
NTSD36,DI+,101.35,105.86000000000001,34.5017035811277,4.291421199906384,8,PFOR26 PFOR25 CDGS26 IPIPA6 OPCT17 OPCT16 RECV13 RECV12,7.638732831283332,impacto negativo (2026-10-01): Renúncia CFO → +7.6 bps,113.49873283128335,-12.148732831283354,project_finance,operacional,grande_grupo,principal,,-0.18222897187273382
NTSDA0,DI+,65.27,105.86000000000001,34.5017035811277,3.6839690833505045,8,PFOR26 PFOR25 CDGS26 IPIPA6 OPCT17 OPCT16 RECV13 RECV12,7.638732831283332,impacto negativo (2026-10-01): Renúncia CFO → +7.6 bps,113.49873283128335,-48.22873283128335,project_finance,operacional,grande_grupo,principal,,-0.7234229709898987
NTSDA2,DI+,62.0,102.80000000000001,33.85788156028076,3.8468042430887697,8,PFOR16 PFOR26 IPIPA6 CDGS26 OPCT17 OPCT16 RECV13 RECV12,7.638732831283332,impacto negativo (2026-10-01): Renúncia CFO → +7.6 bps,110.43873283128335,-48.438732831283346,project_finance,operacional,grande_grupo,principal,,-0.7265729360623655
OMGE15,DI+,150.03,61.019999999999996,17.107806514863324,3.687797901961483,8,CESPA4 CPREA0 CGBP14 AURE13 EGIEE1 CHTH11 TIET19 ENEVD0,0.0,,61.019999999999996,89.01,project_finance,operacional,grande_grupo,principal,,1.3351351957156001
OMGE16,DI+,152.25,61.019999999999996,17.107806514863324,3.583493677027191,8,CESPA4 CPREA0 CGBP14 EGIEE1 AURE13 CHTH11 TIET19 ENEVD0,0.0,,61.019999999999996,91.23,project_finance,operacional,grande_grupo,principal,,1.3684348264816786
OMGE17,DI+,164.6,70.83000000000001,17.814469540236104,3.5871719395601023,8,CESPA4 CPREA0 CGBP14 AURE13 EGIEE1 CHTH11 TIET19 ENEV48,0.0,,70.83000000000001,93.76999999999998,project_finance,operacional,grande_grupo,principal,,1.4065344040248489
OMGE26,DI+,161.29999999999998,70.83000000000001,17.814469540236104,3.716599352827659,8,CESPA4 CPREA0 CGBP14 AURE13 EGIEE1 CHTH11 TIET19 ENEV48,0.0,,70.83000000000001,90.46999999999997,project_finance,operacional,grande_grupo,principal,,1.3570349528860837
OPCT16,DI+,130.69,75.49000000000001,24.61218394286659,5.198540211809114,8,RECV12 RECV13 NTSD17 NTSD16 PFOR15 PEJA21 CDGS26 IPIPA6,5.366333597635618,impacto negativo (2026-05-27): Alienação de participação acionária relevante → +1.8 bps | impacto negativo (2026-07-28): OceanPact (OPCT3) anuncia aquisição da Dock Brasil por R$ 11 → +3.6 bps,80.85633359763563,49.83366640236437,corporativa,operacional,grande_grupo,principal,,0.7474967076210165
OPCT17,DI+,134.5,75.49000000000001,28.290168759438323,5.147763596477863,8,RECV12 RECV13 NTSD16 NTSD17 PFOR15 PFOR16 CDGS26 IPIPA6,5.366333597635618,impacto negativo (2026-05-27): Alienação de participação acionária relevante → +1.8 bps | impacto negativo (2026-07-28): OceanPact (OPCT3) anuncia aquisição da Dock Brasil por R$ 11 → +3.6 bps,80.85633359763563,53.643666402364374,corporativa,operacional,grande_grupo,principal,,0.8046460739357726
ORMA16,DI+,121.83,205.58499999999998,75.24362580976543,2.6471736505974612,8,SVEA16 SVEA15 PSAN23 PSAN13 SNGOA3 GRRB16 SNGOA2 PRLG17,0.0,,205.58499999999998,-83.75499999999998,project_finance,operacional,nao_identificado,principal,,-1.256311069735536
ORMA17,DI+,136.59,155.075,72.9283594958093,2.605923041555299,8,SVEA16 SVEA15 PSAN23 PSAN13 SNGOA3 SNGOA2 CAEC32 PRLG17,0.0,,155.075,-18.484999999999985,project_finance,operacional,nao_identificado,principal,,-0.2772719255454763
OVSAA3,DI+,219.3,124.12,55.333318271521556,2.218342348134431,8,VAMO13 MOVI27 MOVI34 RENTC4 LORTB2 MILS19 MILSA1 TFLEA3,0.0,,124.12,95.18,corporativa,operacional,grande_grupo,principal,,1.4276841695114124
OVSAA8,DI+,208.17000000000002,127.95,55.00857124973799,2.1472364411057536,8,MOVI27 VAMO13 MOVIA3 RENTC4 RENTD9 MILS19 MILS18 TFLEA3,0.0,,127.95,80.22000000000001,corporativa,operacional,grande_grupo,principal,,1.2032866576823442
OVSAA9,DI+,239.39,127.36000000000001,58.29230325480373,2.18489178758232,8,VAMO13 MOVI27 MOVIA3 RENTD9 RENTC8 MILSA1 MILSA0 TFLEA3,0.0,,127.36000000000001,112.02999999999997,corporativa,operacional,grande_grupo,principal,,1.6804313669926823
OVSAB0,DI+,229.31,127.505,54.057984609121355,2.186394347989794,8,VAMO13 MOVI27 MOVI34 RENTC4 LCAMC2 MILS19 MILS18 TFLEA3,0.0,,127.505,101.805,corporativa,operacional,grande_grupo,principal,,1.527058067630903
OVSAB1,DI+,234.32,116.41,53.073886881874415,2.429457555306949,8,MOVI27 VAMO13 MOVIA3 RENTD0 RENTE3 MILS29 MILSB0 TFLEA6,0.0,,116.41,117.91,corporativa,operacional,grande_grupo,principal,,1.768630389021755
OZNH11,DI+,181.07999999999998,143.215,86.26006375164292,2.9719088770697564,8,UQFN15 UQFN14 DASAB2 DASAC2 HYPEA9 NATUA3 HSPE15 HYPEA7,0.0,,143.215,37.86499999999998,project_finance,operacional,grande_grupo,principal,,0.567968702233133
PALFA4,DI+,31.380000000000003,59.339999999999996,84.41023989088943,0.6427178210284132,8,CPLD27 ELPLB8 CPFPA6 CMGD18 EBENA7 ESCEA3 ELPLA6 CPLDA2,-0.8838834764831844,avanço operacional (2026-05-08): Renovação da Concessão → -0.9 bps,58.45611652351681,-27.07611652351681,project_finance,operacional,grande_grupo,principal,,-0.4061372445101001
PALFA5,DI+,43.71,51.08,86.28581966348816,0.5236287675256759,8,AESLA8 ESCEA4 CPFPA8 CPLD19 CMGDA3 ELPLB8 ELPLA6 ESCEA6,-0.8838834764831844,avanço operacional (2026-05-08): Renovação da Concessão → -0.9 bps,50.196116523516814,-6.486116523516813,project_finance,operacional,grande_grupo,principal,,-0.09729066907156284
PALFA6,DI+,46.58,48.269999999999996,7.580291468670579,0.7071166216584295,8,CPLDA0 CMGDA3 CPFPA8 SAELA4 ESCEB4 AESLA8 ENERC3 EBENA9,-0.8838834764831844,avanço operacional (2026-05-08): Renovação da Concessão → -0.9 bps,47.38611652351681,-0.8061165235168133,project_finance,operacional,grande_grupo,principal,,-0.012091613778173235
PALFA8,DI+,25.979999999999997,56.30499999999999,66.26882486084614,0.9586273739299972,8,CPLD27 CPFPA6 CMGD18 ELPLB8 CPLDA2 EBENA6 CEPEA1 ESCEA3,-0.8838834764831844,avanço operacional (2026-05-08): Renovação da Concessão → -0.9 bps,55.42111652351681,-29.44111652351681,project_finance,operacional,grande_grupo,principal,,-0.44161185115954843
PASS12,DI+,95.0,429.105,257.92514449145415,0.7150390159935152,8,JSMLA5 HAPV19 HAPV18 AEGPB5 VAMO23 SIMH16 AEGPB3 VAMOA1,1.2599210498948732,impacto negativo (2026-04-28): Protocolo e Justificação de Cisão Parcial e Desproporcional  → +1.3 bps,430.3649210498949,-335.3649210498949,corporativa,operacional,grande_grupo,high_yield,S,-0.8810067046980475
PASS13,DI+,75.32,459.13,450.2319745420132,0.6950156837011641,8,JSMLA5 VAMOA1 HAPV15 HAPV17 SIMH16 SUMI39 CSNAA1 AEGPB5,1.2599210498948732,impacto negativo (2026-04-28): Protocolo e Justificação de Cisão Parcial e Desproporcional  → +1.3 bps,460.3899210498949,-385.0699210498949,corporativa,operacional,grande_grupo,high_yield,S,-1.0115821927959854
PASS14,DI+,77.91,429.105,295.47256775164425,0.7731113105844348,8,AEGPB3 HAPV19 HAPV18 JSMLA5 VAMO23 AEGPB5 MATD12 SIMH16,1.2599210498948732,impacto negativo (2026-04-28): Protocolo e Justificação de Cisão Parcial e Desproporcional  → +1.3 bps,430.3649210498949,-352.4549210498949,corporativa,operacional,grande_grupo,high_yield,S,-0.925902290486072
PEJA21,DI+,102.39,75.49000000000001,31.98314749110068,4.263028345883305,8,NTSD17 NTSD16 CDGS26 IPIPA6 CBOH11 OPCT16 RECV12 RECV13,0.0,,75.49000000000001,26.89999999999999,project_finance,operacional,grande_grupo,principal,,0.4034955259493274
PFOR15,DI+,124.37,78.01500000000001,32.08302510674453,3.8600130386583666,8,NTSD17 NTSD35 IPIPA6 CDGS26 OPCT17 OPCT16 RECV12 RECV13,0.0,,78.01500000000001,46.35499999999999,project_finance,operacional,grande_grupo,principal,,0.6953172901628651
PFOR16,DI+,124.57000000000001,71.94,29.997053995976007,3.9948345720051988,8,NTSDA2 NTSD18 IPIPA6 CDGS26 OPCT17 OPCT16 RECV12 RECV13,0.0,,71.94,52.63000000000001,project_finance,operacional,grande_grupo,principal,,0.7894412464949112
PFOR25,DI+,130.87,78.01500000000001,29.70807623778423,3.9390753671349135,8,NTSDA0 NTSD35 CDGS26 IPIPA6 OPCT17 OPCT16 RECV13 RECV12,0.0,,78.01500000000001,52.85499999999999,project_finance,operacional,grande_grupo,principal,,0.792816209072554
PFOR26,DI+,138.06,78.01500000000001,29.70807623778423,3.9825270930384167,8,NTSD35 NTSDA0 IPIPA6 CDGS26 OPCT17 OPCT16 RECV13 RECV12,0.0,,78.01500000000001,60.04499999999999,project_finance,operacional,grande_grupo,principal,,0.9006650132203482
PGMN18,DI+,182.17000000000002,95.61,67.09505682239191,1.7849663939710985,8,ASAI28 ASAI19 VBBR15 VBBR24 GUAR17 RADL15 RADL19 VIVA11,0.0,,95.61,86.56000000000002,corporativa,operacional,grupo_inferido,principal,,1.2983856032034868
PLSB2A,DI+,127.77,142.22,78.0571011243532,2.5331907077462628,8,RODB11 ERDVA3 COLNA3 APPSB2 ARTRA4 ARTRA5 CBAN22 APRB28,0.0,,142.22,-14.450000000000003,project_finance,operacional,nao_identificado,principal,,-0.21674759665307747
PRLG17,DI+,98.06,239.485,16.520787615531535,1.938442788981443,8,GRRB16 RSAN25 RSAN15 ISPE13 PSAN23 PSAN13 ISPE12 ADPA21,0.0,,239.485,-141.425,project_finance,operacional,grande_grupo,principal,,-2.1213514779696525
PSAN13,DI+,232.58999999999997,129.21,63.21954148046314,2.0262435178223637,8,SVEA15 SVEA14 ORMA17 ORMA16 SNGOA3 SNGOA2 PRLG17 GRRB16,0.0,,129.21,103.37999999999997,project_finance,operacional,nao_identificado,principal,,1.550682805674404
PSAN23,DI+,233.19,129.21,64.30420223437967,2.0379713287013486,8,SVEA15 SVEA16 ORMA17 ORMA16 PRLG17 SNGOA3 SNGOA2 GRRB16,0.0,,129.21,103.97999999999999,project_finance,operacional,nao_identificado,principal,,1.5596827058814524
QUAL16,DI+,354.85999999999996,448.93000000000006,602.4907600069481,2.167349049033681,8,MEAL14 AZZA13 AZZA11 CVCB14 BCBF16 CSNAA2 CSNAA1 AEGPA4,0.0,,448.93000000000006,-94.0700000000001,corporativa,operacional,grupo_inferido,high_yield,S,-0.24712274751781585
QUAL18,DI+,553.9399999999999,383.515,268.8291547822473,1.9358657558550032,8,AZZA13 MEAL14 AZZA11 CVCB14 VAMOA0 CAMLB1 ARML13 HAPV15,0.0,,383.515,170.42499999999995,corporativa,operacional,grupo_inferido,high_yield,S,0.4477080285502679
QUNT11,DI+,78.94999999999999,64.75999999999999,30.270745349264196,6.040208121965156,5,QYAN11 ENGIC3 COCEA2 ENGIB1 EQTL17,0.0,,64.75999999999999,14.189999999999998,project_finance,operacional,nao_identificado,principal,,0.21284763989668984
QYAN11,DI+,75.83,64.75999999999999,30.207889962723314,4.890808676916654,5,QUNT11 ENGIB1 ENGIC3 COCEA2 EQTL17,0.0,,64.75999999999999,11.070000000000007,project_finance,operacional,grande_grupo,principal,,0.16604815882003934
RADL15,DI+,60.099999999999994,176.63,64.8435856383459,1.8986913510258339,8,CEAB13 CEAB22 VIVA11 MGLUA0 LVTC12 ASAI19 PGMN18 ASAI28,1.6245047927124712,impacto negativo (2026-05-20): RaiaDrogasil (RADL3) anuncia compra total da Stix por R$ 23  → +1.6 bps,178.25450479271245,-118.15450479271246,corporativa,operacional,grande_grupo,principal,,-1.7722979202460167
RADL19,DI+,46.760000000000005,110.0,56.12984093822109,2.3196739412416894,8,VIVA11 CEAB14 CEAB13 MGLUA0 PGMN18 ASAIA2 VBBR16 VBBR24,1.6245047927124712,impacto negativo (2026-05-20): RaiaDrogasil (RADL3) anuncia compra total da Stix por R$ 23  → +1.6 bps,111.62450479271247,-64.86450479271247,corporativa,operacional,grande_grupo,principal,,-0.9729567835233529
RADLA0,DI+,50.0,145.41500000000002,64.37286771954082,2.5604719662710336,8,VIVA11 CEAB14 CEAB13 MGLUA0 PGMN18 ASAIA2 VBBR16 LVTC12,1.6245047927124712,impacto negativo (2026-05-20): RaiaDrogasil (RADL3) anuncia compra total da Stix por R$ 23  → +1.6 bps,147.03950479271248,-97.03950479271248,corporativa,operacional,grande_grupo,principal,,-1.4555764321263127
RADLA1,DI+,50.07,105.555,56.762124682198966,2.7025995307777184,8,VIVA11 CEAB14 CEAB13 MGLUA0 VBBR26 PGMN18 ASAIA2 VBBR16,1.6245047927124712,impacto negativo (2026-05-20): RaiaDrogasil (RADL3) anuncia compra total da Stix por R$ 23  → +1.6 bps,107.17950479271248,-57.10950479271248,corporativa,operacional,grande_grupo,principal,,-0.8566330733472551
RDORA5,DI+,114.47,132.32,83.02946611745736,1.87377950680783,8,DASAC5 DASAB2 HYPEB1 EUFA19 HYPEA9 NATUA3 EUFA17 GSHC15,0.0,,132.32,-17.849999999999994,corporativa,operacional,grande_grupo,principal,,-0.2677470311596838
RDORB3,DI+,99.31,132.32,82.4222515370546,1.4798881827745145,8,DASAC5 HYPEB1 NATUA3 HYPEC0 EUFA19 DASAC2 EUFA17 GSHC15,0.0,,132.32,-33.00999999999999,corporativa,operacional,grande_grupo,principal,,-0.49514450972443486
RDORB5,DI+,102.55,132.32,82.07090577665144,1.9374239976355314,8,DASAC5 HYPEB1 EUFA19 NATUA3 EUFA17 HYPEC0 DASAB2 GSHC15,0.0,,132.32,-29.769999999999996,corporativa,operacional,grande_grupo,principal,,-0.4465450486063747
RDORB9,DI+,99.71000000000001,132.32,82.07090577665144,1.53096781175004,8,EUFA17 EUFA19 NATUA3 HYPEB1 DASAC5 HYPEC0 DASAB2 GSHC15,0.0,,132.32,-32.609999999999985,corporativa,operacional,grande_grupo,principal,,-0.4891445762530693
RDORC3,DI+,103.53000000000002,132.32,82.4222515370546,1.5095801441175167,8,DASAC5 DASAC2 HYPEB1 NATUA3 HYPEC0 EUFA19 EUFA17 GSHC15,0.0,,132.32,-28.789999999999978,corporativa,operacional,grande_grupo,principal,,-0.431845211601529
RDORC4,DI+,37.3,129.495,61.027877031730334,1.694523062348999,8,DASAB4 NATUA3 DASAD3 GSHC15 HYPEA6 EUFA18 HYPEA8 EUFA17,0.0,,129.495,-92.19500000000001,corporativa,operacional,grande_grupo,principal,,-1.3829096659813478
RDORC7,DI+,48.330000000000005,132.32,67.71128209860967,1.3621516441476986,8,NATUA3 DASAD3 HYPEA6 HYPEA7 EUFA18 GSHC15 DASAB5 EUFA19,0.0,,132.32,-83.98999999999998,corporativa,operacional,grande_grupo,principal,,-1.2598360306499632
RDORC9,DI+,99.19000000000001,132.32,82.4222515370546,1.4400830952836894,8,NATUA3 EUFA19 HYPEB1 HYPEC0 DASAC5 EUFA17 DASAC2 GSHC15,0.0,,132.32,-33.12999999999998,corporativa,operacional,grande_grupo,principal,,-0.4969444897658444
RDORD3,DI+,103.61999999999999,132.32,82.07090577665144,2.1892506676299064,8,EUFA19 HYPEB1 DASAC5 NATUA3 EUFA17 HYPEC0 DASAB2 GSHC15,0.0,,132.32,-28.700000000000003,corporativa,operacional,grande_grupo,principal,,-0.4304952265704722
RDORD4,DI+,94.49,132.32,82.4222515370546,1.6966650448885674,8,HYPEB1 NATUA3 DASAC5 EUFA19 HYPEC0 EUFA17 DASAC2 GSHC15,0.0,,132.32,-37.83,corporativa,operacional,grande_grupo,principal,,-0.5674437080543888
RDORD7,DI+,96.69000000000001,132.32,84.22663510397112,1.3486405232152472,8,NATUA3 DASAC2 HYPEC0 DASAB2 HYPEA9 EUFA18 EUFA19 GSHC15,0.0,,132.32,-35.62999999999998,corporativa,operacional,grande_grupo,principal,,-0.5344440739618785
RDORE4,DI+,113.45,132.32,82.07090577665144,2.3542240547138475,8,EUFA19 HYPEB1 NATUA3 DASAC5 HYPEC0 EUFA17 DASAB2 GSHC15,0.0,,132.32,-18.86999999999999,corporativa,operacional,grande_grupo,principal,,-0.2830468615116657
RDORF1,DI+,103.0,132.32,82.4222515370546,1.8839538876765092,8,DASAC5 HYPEB1 NATUA3 HYPEC0 EUFA19 DASAC2 EUFA17 GSHC15,0.0,,132.32,-29.319999999999993,corporativa,operacional,grande_grupo,principal,,-0.43979512345108845
RDORF8,DI+,112.81000000000002,132.32,82.07090577665144,2.4099910815887142,8,DASAC5 EUFA17 EUFA19 HYPEB1 NATUA3 HYPEC0 DASAB2 GSHC15,0.0,,132.32,-19.509999999999977,corporativa,operacional,grande_grupo,principal,,-0.2926467550658502
RDORG6,DI+,100.45,132.32,82.4222515370546,1.8815698146394972,8,DASAC5 HYPEB1 NATUA3 EUFA19 HYPEC0 DASAC2 EUFA17 GSHC15,0.0,,132.32,-31.86999999999999,corporativa,operacional,grande_grupo,principal,,-0.47804469933104327
RDORG9,DI+,110.03999999999999,132.32,82.07090577665144,2.4413942965290802,8,EUFA17 DASAC5 EUFA19 HYPEB1 NATUA3 HYPEC0 DASAB2 GSHC15,0.0,,132.32,-22.28,corporativa,operacional,grande_grupo,principal,,-0.33419629435505643
RDORH6,DI+,106.71,132.32,83.02946611745736,2.3253897602760065,8,DASAC5 DASAB2 HYPEB1 HYPEA9 NATUA3 EUFA19 EUFA17 GSHC15,0.0,,132.32,-25.61,corporativa,operacional,grande_grupo,principal,,-0.3841457405041739
RDORI6,DI+,119.91,132.32,83.37891946371997,2.885889461168633,8,DASAC5 DASAC2 HYPEB1 HYPEA9 NATUA3 EUFA19 GSHC15 EUFA17,0.0,,132.32,-12.409999999999997,corporativa,operacional,grande_grupo,principal,,-0.1861479359491135
RECV12,DI+,81.03000000000002,89.185,33.31453877438498,5.033119342384446,8,IPIPA6 OPCT16 OPCT17 CDGS26 NTSD17 NTSD16 PFOR15 PEJA21,-2.905113967394599,avanço operacional (2026-08-19): Contratação de longo prazo com Petrobras para processamento  → -2.9 bps,86.2798860326054,-5.249886032605389,corporativa,operacional,grupo_inferido,principal,,-0.0787474173197078
RECV13,DI+,61.209999999999994,116.105,33.134600283351844,4.977166265654976,8,CDGS26 IPIPA6 OPCT17 OPCT16 NTSDA0 NTSD35 PFOR25 PFOR26,-2.905113967394599,avanço operacional (2026-08-19): Contratação de longo prazo com Petrobras para processamento  → -2.9 bps,113.1998860326054,-51.98988603260541,corporativa,operacional,grupo_inferido,principal,,-0.7798396434487628
RENTA5,DI+,128.08,196.78500000000003,54.32845571153299,3.7322661543482956,8,OVSAB1 MILSB0 MILS29 OVSAA8 MOVI27 VAMO13 MVLVA3 TFLEA9,3.6577356553348768,"impacto negativo (2026-06-15): Localiza (RENT3) aprova debêntures de até R$ 1,8 bi → +2.2 bps | impacto negativo (2026-05-11): Localiza (RENT3) aprova emissão de R$ 1,25 bi em debêntures → +1.5 bps",200.4427356553349,-72.36273565533489,corporativa,operacional,grupo_inferido,principal,,-1.0854289993450374
RENTC4,DI+,131.2,196.78500000000003,62.173263546318694,3.1931865216219304,8,OVSAA8 MOVI27 MILS19 OVSAA9 MILS18 VAMO13 MVLVA3 TFLEA4,3.6577356553348768,"impacto negativo (2026-06-15): Localiza (RENT3) aprova debêntures de até R$ 1,8 bi → +2.2 bps | impacto negativo (2026-05-11): Localiza (RENT3) aprova emissão de R$ 1,25 bi em debêntures → +1.5 bps",200.4427356553349,-69.24273565533491,corporativa,operacional,grupo_inferido,principal,,-1.0386295182683871
RENTC8,DI+,130.02,196.78500000000003,64.69567681412337,3.253149746283858,8,OVSAA9 OVSAA8 MOVI27 MILSA0 MILS18 VAMO13 MVLVA3 TFLEA4,3.6577356553348768,"impacto negativo (2026-06-15): Localiza (RENT3) aprova debêntures de até R$ 1,8 bi → +2.2 bps | impacto negativo (2026-05-11): Localiza (RENT3) aprova emissão de R$ 1,25 bi em debêntures → +1.5 bps",200.4427356553349,-70.42273565533489,corporativa,operacional,grupo_inferido,principal,,-1.056329322008915
RENTD0,DI+,110.14999999999999,185.16,60.24670027271204,3.315756514733593,8,OVSAB1 MILSA1 OVSAA8 MILS29 MOVI27 VAMO13 MOVIA3 TFLEA8,3.6577356553348768,"impacto negativo (2026-06-15): Localiza (RENT3) aprova debêntures de até R$ 1,8 bi → +2.2 bps | impacto negativo (2026-05-11): Localiza (RENT3) aprova emissão de R$ 1,25 bi em debêntures → +1.5 bps",188.81773565533487,-78.66773565533488,corporativa,operacional,grupo_inferido,principal,,-1.1800029506874354
RENTD5,DI+,106.92999999999999,151.975,66.3170707661308,3.372741485528411,8,OVSAB1 MILSA1 MILSB0 OVSAA9 MOVI27 VAMO13 MOVI34 TFLE19,3.6577356553348768,"impacto negativo (2026-06-15): Localiza (RENT3) aprova debêntures de até R$ 1,8 bi → +2.2 bps | impacto negativo (2026-05-11): Localiza (RENT3) aprova emissão de R$ 1,25 bi em debêntures → +1.5 bps",155.63273565533487,-48.70273565533488,corporativa,operacional,grupo_inferido,principal,,-0.73053293451377
RENTD9,DI+,124.70000000000002,185.16,65.4915295930512,3.284218707321287,8,OVSAB1 MILSA1 OVSAA8 MILSA0 MOVI27 VAMO13 MOVIA3 TFLEA8,3.6577356553348768,"impacto negativo (2026-06-15): Localiza (RENT3) aprova debêntures de até R$ 1,8 bi → +2.2 bps | impacto negativo (2026-05-11): Localiza (RENT3) aprova emissão de R$ 1,25 bi em debêntures → +1.5 bps",188.81773565533487,-64.11773565533485,corporativa,operacional,grupo_inferido,principal,,-0.9617553706665163
RENTE2,DI+,105.49999999999999,185.16,60.24670027271204,3.3527945661928618,8,OVSAB1 MILSA1 OVSAA8 MILS29 MOVI27 VAMO13 MOVIA3 TFLEA8,3.6577356553348768,"impacto negativo (2026-06-15): Localiza (RENT3) aprova debêntures de até R$ 1,8 bi → +2.2 bps | impacto negativo (2026-05-11): Localiza (RENT3) aprova emissão de R$ 1,25 bi em debêntures → +1.5 bps",188.81773565533487,-83.31773565533489,corporativa,operacional,grupo_inferido,principal,,-1.249752177292059
RENTE3,DI+,112.13,185.16,63.282737772634334,3.324676438536842,8,OVSAB1 MILSA1 OVSAA9 MILS29 MOVI27 MOVIA3 VAMO13 TFLEA8,3.6577356553348768,"impacto negativo (2026-06-15): Localiza (RENT3) aprova debêntures de até R$ 1,8 bi → +2.2 bps | impacto negativo (2026-05-11): Localiza (RENT3) aprova emissão de R$ 1,25 bi em debêntures → +1.5 bps",188.81773565533487,-76.68773565533488,corporativa,operacional,grupo_inferido,principal,,-1.1503032800041764
RENTE4,DI+,121.9,196.78500000000003,54.32845571153299,3.572766507243469,8,OVSAB1 MILSB0 MILS29 OVSAA8 MOVI27 VAMO13 MVLVA3 TFLEA9,3.6577356553348768,"impacto negativo (2026-06-15): Localiza (RENT3) aprova debêntures de até R$ 1,8 bi → +2.2 bps | impacto negativo (2026-05-11): Localiza (RENT3) aprova emissão de R$ 1,25 bi em debêntures → +1.5 bps",200.4427356553349,-78.5427356553349,corporativa,operacional,grupo_inferido,principal,,-1.178127971477634
RENTE5,DI+,124.64999999999999,198.77,56.32094858931267,3.7472092851994065,8,MILS29 MILSB0 OVSAB1 OVSAA9 MOVI27 VAMO13 MVLVA3 TFLED0,3.6577356553348768,"impacto negativo (2026-06-15): Localiza (RENT3) aprova debêntures de até R$ 1,8 bi → +2.2 bps | impacto negativo (2026-05-11): Localiza (RENT3) aprova emissão de R$ 1,25 bi em debêntures → +1.5 bps",202.42773565533489,-77.7777356553349,corporativa,operacional,grupo_inferido,principal,,-1.1666530987136474
RENTE9,DI+,125.03,198.77,56.32094858931267,3.569887334787891,8,MILSB0 MILS29 OVSAB1 MOVI27 VAMO13 OVSAA9 MVLVA3 TFLED0,3.6577356553348768,"impacto negativo (2026-06-15): Localiza (RENT3) aprova debêntures de até R$ 1,8 bi → +2.2 bps | impacto negativo (2026-05-11): Localiza (RENT3) aprova emissão de R$ 1,25 bi em debêntures → +1.5 bps",202.42773565533489,-77.39773565533488,corporativa,operacional,grupo_inferido,principal,,-1.1609531619158502
RENTF2,DI+,123.65999999999998,158.65,59.56659035010734,3.485319018409662,8,MILSB0 MILS29 OVSAB1 OVSAA9 MOVI27 VAMO13 MOVI34 TFLED0,3.6577356553348768,"impacto negativo (2026-06-15): Localiza (RENT3) aprova debêntures de até R$ 1,8 bi → +2.2 bps | impacto negativo (2026-05-11): Localiza (RENT3) aprova emissão de R$ 1,25 bi em debêntures → +1.5 bps",162.30773565533488,-38.6477356553349,corporativa,operacional,grupo_inferido,principal,,-0.5797096068773209
RENTH7,DI+,129.88,196.78500000000003,53.33225290572302,3.829334008952121,8,OVSAB1 MILSB0 MILS29 OVSAA8 MOVI27 VAMO13 MVLVA3 TFLEE1,3.6577356553348768,"impacto negativo (2026-06-15): Localiza (RENT3) aprova debêntures de até R$ 1,8 bi → +2.2 bps | impacto negativo (2026-05-11): Localiza (RENT3) aprova emissão de R$ 1,25 bi em debêntures → +1.5 bps",200.4427356553349,-70.5627356553349,corporativa,operacional,grupo_inferido,principal,,-1.058429298723893
RENTQ8,DI+,137.69,198.77,56.05704588854108,3.923077721653447,8,MILSB0 OVSAB1 MILS29 OVSAA9 MOVI27 VAMO13 MVLVA3 TFLEE1,3.6577356553348768,"impacto negativo (2026-06-15): Localiza (RENT3) aprova debêntures de até R$ 1,8 bi → +2.2 bps | impacto negativo (2026-05-11): Localiza (RENT3) aprova emissão de R$ 1,25 bi em debêntures → +1.5 bps",202.42773565533489,-64.73773565533489,corporativa,operacional,grupo_inferido,principal,,-0.9710552675471332
RNDNA0,DI+,158.98000000000002,111.94,13.276707046553382,5.207302641788391,4,IOCHA4 IOCHA6 FRAS16 FRAS15,3.7321319661472296,impacto negativo (2026-07-31): Fras-le (FRAS3) anuncia OPA com troca de ações da Randoncorp → +3.7 bps,115.67213196614723,43.307868033852785,project_finance,operacional,grupo_inferido,principal,,0.6496108174744795
RNDNA1,DI+,193.78,117.865,14.05294719978696,4.37637643363898,4,IOCHA7 IOCHA5 FRAS16 FRAS15,3.7321319661472296,impacto negativo (2026-07-31): Fras-le (FRAS3) anuncia OPA com troca de ações da Randoncorp → +3.7 bps,121.59713196614723,72.18286803385277,project_finance,operacional,grupo_inferido,principal,,1.0827310149386737
RNDNA2,DI+,194.60999999999999,117.865,14.05294719978696,4.2913601970174575,4,IOCHA7 IOCHA5 FRAS16 FRAS15,3.7321319661472296,impacto negativo (2026-07-31): Fras-le (FRAS3) anuncia OPA com troca de ações da Randoncorp → +3.7 bps,121.59713196614723,73.01286803385275,project_finance,operacional,grupo_inferido,principal,,1.0951808768917568
RNDNB0,DI+,187.22000000000003,117.865,15.009760782570796,4.695851249933968,4,IOCHA6 IOCHA5 FRAS16 FRAS15,3.7321319661472296,impacto negativo (2026-07-31): Fras-le (FRAS3) anuncia OPA com troca de ações da Randoncorp → +3.7 bps,121.59713196614723,65.6228680338528,project_finance,operacional,grupo_inferido,principal,,0.9843321060082806
RNDNB2,DI+,190.98,117.865,14.05294719978696,4.593621535532376,4,IOCHA7 IOCHA5 FRAS15 FRAS16,3.7321319661472296,impacto negativo (2026-07-31): Fras-le (FRAS3) anuncia OPA com troca de ações da Randoncorp → +3.7 bps,121.59713196614723,69.38286803385276,project_finance,operacional,grupo_inferido,principal,,1.0407314806391152
RODB11,DI+,226.74,126.50999999999999,77.05591418533363,2.9519225034505676,8,CBAN22 PLSB2A COLNA3 ERDVB3 ARTRA4 APFL18 ARTRA5 ERDVA6,-1.5568120279485287,avanço operacional (2026-06-26): Reajuste Tarifário Ordinário - 2026 → -1.6 bps,124.95318797205147,101.78681202794854,project_finance,operacional,nao_identificado,principal,,1.5267852510751834
RSAN15,DI+,231.46,227.33499999999998,70.45520260021613,2.81959949726659,8,GRRB16 PRLG17 ADPA21 SVEA14 ISPE13 ISPE12 SAPRB1 PSAN13,0.0,,227.33499999999998,4.125000000000028,project_finance,operacional,grande_grupo,principal,,0.061874313923456783
RSAN25,DI+,252.84,232.89,50.42686480190891,2.1868716971571356,8,PRLG17 GRRB16 ISPE13 ADPA21 ISPE12 PSAN13 PSAN23 SVEA14,0.0,,232.89,19.950000000000017,project_finance,operacional,grande_grupo,principal,,0.2992466818843528
SAELA4,DI+,61.209999999999994,48.55499999999999,5.825522374645897,0.8527134632902912,8,PALFA6 PALFA5 CPFPA8 CMGDA3 ENERC3 CPLDA0 EBENA9 ESCEA6,-7.92348901969095,avanço operacional (2026-05-08): Assinatura do Termo Aditivo da  Prorrogação da Concessão → -0.9 bps | avanço operacional (2026-08-24): Aneel homologa reajuste tarifário da EPB → -3.1 bps | avanço operacional (2026-08-24): Energisa (ENGI3) registra reajuste médio de 6% na EPB → -3.1 bps | avanço operacional (2026-05-08): Energisa (ENGI3) conclui prorrogação de 4 concessões por 30  → -0.9 bps,40.631510980309045,20.57848901969095,project_finance,operacional,grande_grupo,principal,,0.30867391264842603
SAELB6,DI+,75.62,60.185,8.133546178482055,1.028773794097068,8,EBENC1 CPLDB0 CPFPB8 CMGDA2 ESCEB6 CMGDB3 CSRNA2 EBENB1,-7.92348901969095,avanço operacional (2026-05-08): Assinatura do Termo Aditivo da  Prorrogação da Concessão → -0.9 bps | avanço operacional (2026-08-24): Aneel homologa reajuste tarifário da EPB → -3.1 bps | avanço operacional (2026-08-24): Energisa (ENGI3) registra reajuste médio de 6% na EPB → -3.1 bps | avanço operacional (2026-05-08): Energisa (ENGI3) conclui prorrogação de 4 concessões por 30  → -0.9 bps,52.261510980309055,23.35848901969095,project_finance,operacional,grande_grupo,principal,,0.350373450274416
SAPRB1,DI+,72.69999999999999,228.45499999999998,91.63286037224856,2.5010116573536854,8,AEGP17 BRKPA0 BRKPA5 AEGPA9 SBSPC3 CASN14 RSAN15 SBSPA1,0.6272058744650195,"avanço operacional (2026-04-13): Decisão, pela Agepar, da aplicação do Índice de Reajuste Tar → -0.7 bps | impacto negativo (2026-04-30): Decreto nº 13.498-2026 de Situação de Emergência Hídrica → +1.3 bps",229.082205874465,-156.382205874465,corporativa,operacional,grande_grupo,principal,,-2.345707078380419
SAPRB4,DI+,52.0,222.37,105.08703195893155,2.334006470704951,8,BRKPA3 BRKPA2 AEGPA9 AEGP17 CASN14 SBSPA1 CSMGA9 SBSPB1,0.6272058744650195,"avanço operacional (2026-04-13): Decisão, pela Agepar, da aplicação do Índice de Reajuste Tar → -0.7 bps | impacto negativo (2026-04-30): Decreto nº 13.498-2026 de Situação de Emergência Hídrica → +1.3 bps",222.997205874465,-170.997205874465,corporativa,operacional,grande_grupo,principal,,-2.564929647590435
SAPRC1,DI+,90.63,202.24,102.21487042469653,2.156906104050268,8,BRKPA5 AEGP17 BRKPA2 AEGPA9 CASN14 SBSPC3 SBSPA1 CSMGA7,0.6272058744650195,"avanço operacional (2026-04-13): Decisão, pela Agepar, da aplicação do Índice de Reajuste Tar → -0.7 bps | impacto negativo (2026-04-30): Decreto nº 13.498-2026 de Situação de Emergência Hídrica → +1.3 bps",202.86720587446501,-112.23720587446502,corporativa,operacional,grande_grupo,principal,,-1.6835394206468481
SBFC13,DI+,77.76,58.325,46.563713323117824,2.4497260047016836,8,IGTAB0 FISI15 IGTAA3 BRMLA1 BRMLB1 RADL15 MGLUA0 CEAB13,0.0,,58.325,19.435000000000002,project_finance,operacional,grande_grupo,principal,,0.29152176753996956
SBSPA1,DI+,46.04,103.375,99.64029379943386,2.407882566697052,8,CSMGA7 CSMGA9 AEGPA9 BRKPA2 SAPRB4 CAEC22 SAPRC1 BRKPA3,0.0,,103.375,-57.335,corporativa,operacional,grupo_inferido,principal,,-0.8600154639518474
SBSPB1,DI+,54.36,118.59,102.53061505441923,2.710298847410822,8,CSMGA9 CSMGB0 CAEC32 BRKPA4 SAPRB4 CAEC22 AEGPA9 BRKPA3,0.0,,118.59,-64.23,corporativa,operacional,grupo_inferido,principal,,-0.9634393171645096
SBSPC1,DI+,64.56,125.53,101.75317359147822,3.0461788804752254,8,CSMGD2 CSMGB0 SAPRB4 CAEC32 AEGPA9 BRKPA4 CAEC13 BRKPA3,0.0,,125.53,-60.97,corporativa,operacional,grupo_inferido,principal,,-0.914539859372881
SBSPC3,DI+,39.92,103.375,80.13747413624601,2.602898665182037,8,CSMGA7 CSMGA8 AEGP17 SAPRB1 SAPRC1 CAEC22 BRKPA5 BRKPA0,0.0,,103.375,-63.455,corporativa,operacional,grupo_inferido,principal,,-0.9518144460637389
SBSPD3,DI+,60.11,125.53,100.37254654535771,2.8600734245952575,8,CSMGD2 CSMGD1 CAEC32 SAPRB4 BRKPA4 AEGPA9 CAEC13 BRKPA3,0.0,,125.53,-65.42,corporativa,operacional,grupo_inferido,principal,,-0.9812891192418218
SBSPD7,DI+,64.14999999999999,125.53,100.37254654535771,3.0579470087159644,8,CSMGD1 CSMGD2 CAEC32 SAPRB4 BRKPA4 CAEC13 AEGPA9 BRKPA3,0.0,,125.53,-61.38000000000001,corporativa,operacional,grupo_inferido,principal,,-0.9206897911810308
SBSPE7,DI+,72.15,125.53,100.37254654535771,3.4123260346965436,8,CSMGD2 CSMGD1 CAEC32 BRKPA4 SAPRB4 AEGPA9 CAEC13 BRKPA3,0.0,,125.53,-53.379999999999995,corporativa,operacional,grupo_inferido,principal,,-0.8006911217537213
SBSPL8,DI+,67.71000000000001,125.53,100.37254654535771,3.112097394844861,8,CSMGD2 CSMGD1 CAEC32 SAPRB4 BRKPA4 AEGPA9 CAEC13 BRKPA3,0.0,,125.53,-57.81999999999999,corporativa,operacional,grupo_inferido,principal,,-0.8672903832858778
SBSPM8,DI+,73.61,125.53,100.37254654535771,3.487832899469546,8,CSMGD2 CSMGD1 CAEC32 SAPRB4 BRKPA4 AEGPA9 CAEC13 BRKPA3,0.0,,125.53,-51.92,corporativa,operacional,grupo_inferido,principal,,-0.7787913645832374
SIMH16,DI+,404.57,326.08,347.48657686080116,0.6127200229756066,8,VAMOA1 AEGPB5 HAPV17 HAPV15 AEGP19 PASS13 VAMO23 PASS12,9.75973387991418,"impacto negativo (2026-07-23): Alienação da CS Porto Aratu → +3.4 bps | impacto negativo (2026-05-28): Simpar (SIMH3) aprova dividendos de R$ 0,17 por ação → +1.8 bps | crédito negativo (2026-05-11): Simpar tenta escapar de dívida de bilhões com ajuda do BNDES → +4.6 bps",335.83973387991415,68.73026612008584,corporativa,operacional,grande_grupo,high_yield,S,0.18055503562481393
SNGO10,DI+,28.970000000000002,226.345,49.29682697699722,3.411808346396692,8,SVEA14 SVEA15 PSAN13 PSAN23 RSAN15 ADPA21 ORMA17 ORMA16,0.0,,226.345,-197.375,project_finance,operacional,nao_identificado,principal,,-2.9605921722768964
SNGOA1,DI+,39.379999999999995,226.345,49.29682697699722,3.160278751816664,8,SVEA14 SVEA15 PSAN13 PSAN23 ADPA21 ORMA17 RSAN15 ORMA16,0.0,,226.345,-186.965,project_finance,operacional,nao_identificado,principal,,-2.8044439036846103
SNGOA2,DI+,52.54999999999999,226.90999999999997,51.70552507650899,3.0506544183145925,8,SVEA14 SVEA15 PSAN13 PSAN23 ADPA21 ORMA17 ORMA16 ISPE13,0.0,,226.90999999999997,-174.35999999999999,project_finance,operacional,nao_identificado,principal,,-2.615371000168206
SNGOA3,DI+,59.209999999999994,226.90999999999997,47.535060333794675,2.8797878430422377,8,SVEA14 SVEA15 PSAN13 PSAN23 ORMA16 ISPE13 ORMA17 ISPE12,0.0,,226.90999999999997,-167.7,project_finance,operacional,nao_identificado,principal,,-2.515472107869971
SUMI39,DI+,464.62,382.42499999999995,103.64277362652932,0.6745391948980539,8,VAMOA0 VAMO23 CAMLA1 CAMLB1 AEGPB7 SIMH16 JSMLA5 PASS13,0.0,,382.42499999999995,82.19500000000005,corporativa,operacional,grande_grupo,high_yield,S,0.2159270142683838
SUZBA1,DI+,50.0,429.105,316.7424419555066,0.7396643933722736,8,AEGPB5 HAPV28 AEGPB3 SIMH16 JSMLA5 HAPV18 MATD13 PASS12,11.76571535726723,"impacto negativo (2026-07-01): Suzano (SUZB3) conclui aquisição de 51% da Arbex por US$ 1,3 → +2.6 bps | impacto negativo (2026-06-19): Suzano Holding aprova redução de capital social em R$ 356,1  → +2.3 bps | impacto negativo (2026-04-24): Suzano aprova R$ 5,6 milhões em dividendos adicionais → +1.2 bps | impacto negativo (2026-08-13): Suzano (SUZB3): Resultados neutros, mas ventos contrários se → +4.3 bps | impacto negativo (2026-04-30): Suzano (SUZB3): Volumes sazonalmente mais fracos e FX pressi → +1.3 bps",440.8707153572673,-390.8707153572673,corporativa,operacional,grande_grupo,high_yield,S,-1.0268209323199948
SUZBB1,DI+,57.06,388.055,340.5279525145476,1.3245803164398473,8,AEGPB3 HAPVA0 PASS14 MATD13 AEGPB5 VAMO23 PASS12 HAPV28,11.76571535726723,"impacto negativo (2026-07-01): Suzano (SUZB3) conclui aquisição de 51% da Arbex por US$ 1,3 → +2.6 bps | impacto negativo (2026-06-19): Suzano Holding aprova redução de capital social em R$ 356,1  → +2.3 bps | impacto negativo (2026-04-24): Suzano aprova R$ 5,6 milhões em dividendos adicionais → +1.2 bps | impacto negativo (2026-08-13): Suzano (SUZB3): Resultados neutros, mas ventos contrários se → +4.3 bps | impacto negativo (2026-04-30): Suzano (SUZB3): Volumes sazonalmente mais fracos e FX pressi → +1.3 bps",399.82071535726726,-342.76071535726726,corporativa,operacional,grande_grupo,high_yield,S,-0.9004355237616648
SVEA14,DI+,221.23,179.335,77.19526174537852,2.1802806627828906,8,PSAN13 PSAN23 SNGOA1 SNGOA2 ORMA16 ORMA17 GRRB16 RSAN15,0.0,,179.335,41.89499999999998,project_finance,operacional,nao_identificado,principal,,0.6284180319571401
SVEA15,DI+,189.08999999999997,129.21,70.8049932472986,1.8338450808338627,8,PSAN13 PSAN23 ORMA17 ORMA16 SNGOA3 SNGOA2 GRRB16 PRLG17,0.0,,129.21,59.87999999999997,project_finance,operacional,nao_identificado,principal,,0.8981900406634096
SVEA16,DI+,227.63,129.21,70.8049932472986,2.095010120729773,8,ORMA16 ORMA17 PSAN23 PSAN13 SNGOA3 GRRB16 SNGOA2 PRLG17,0.0,,129.21,98.41999999999999,project_finance,operacional,nao_identificado,principal,,1.4762836306294724
TAEEA1,DI+,40.52,60.125,16.56946042422625,3.050177040651748,8,CTEE19 TRPLA5 EEELA5 EEELA3 EDPR13 IEPS11 IEAS11 CPTE12,-10.0,"avanço operacional (2026-08-25): Comunicado ao Mercado - Energização de Reforço em São Pedro  → -3.1 bps | avanço operacional (2026-08-20): Energização de Saíra (conversora Garabi 2) → -2.9 bps | avanço operacional (2026-08-17): Entrada em operação de Tangará → -2.8 bps | avanço operacional (2026-08-10): Comunicado ao Mercado: Obtenção de Licença de Instalação de  → -2.6 bps | avanço operacional (2026-08-04): Comunicado ao Mercado - Energização de Ananaí → -2.4 bps | avanço operacional (2026-08-04): Comunicado ao Mercado - Energização Parcial Tangará → -2.4 bps | avanço operacional (2026-04-30): Taesa (TAEE11) registra nova RAP de R$ 23 mi com SE Açailând → -0.8 bps | avanço operacional (2026-08-25): Taesa (TAEE11) registra RAP adicional de R$ 5,8 mi em São Pe → -3.1 bps",50.125,-9.604999999999997,corporativa,operacional,grande_grupo,principal,,-0.14407340248116318
TAEEA5,DI+,36.78,60.125,14.117964398240984,2.808887795357739,8,TRPLA5 ISAEB1 EEELA3 EEELA5 EDPR13 IEPS11 IEAS11 CPTE12,-10.0,"avanço operacional (2026-08-25): Comunicado ao Mercado - Energização de Reforço em São Pedro  → -3.1 bps | avanço operacional (2026-08-20): Energização de Saíra (conversora Garabi 2) → -2.9 bps | avanço operacional (2026-08-17): Entrada em operação de Tangará → -2.8 bps | avanço operacional (2026-08-10): Comunicado ao Mercado: Obtenção de Licença de Instalação de  → -2.6 bps | avanço operacional (2026-08-04): Comunicado ao Mercado - Energização de Ananaí → -2.4 bps | avanço operacional (2026-08-04): Comunicado ao Mercado - Energização Parcial Tangará → -2.4 bps | avanço operacional (2026-04-30): Taesa (TAEE11) registra nova RAP de R$ 23 mi com SE Açailând → -0.8 bps | avanço operacional (2026-08-25): Taesa (TAEE11) registra RAP adicional de R$ 5,8 mi em São Pe → -3.1 bps",50.125,-13.344999999999999,corporativa,operacional,grande_grupo,principal,,-0.20017278043843031
TAEEA6,DI+,34.99999999999999,62.64999999999999,14.442296173046719,2.91511369452999,8,TRPLB5 ISAEC1 EEELA5 EEELA3 EDPR13 IEPS11 IEAS11 CPTE12,-10.0,"avanço operacional (2026-08-25): Comunicado ao Mercado - Energização de Reforço em São Pedro  → -3.1 bps | avanço operacional (2026-08-20): Energização de Saíra (conversora Garabi 2) → -2.9 bps | avanço operacional (2026-08-17): Entrada em operação de Tangará → -2.8 bps | avanço operacional (2026-08-10): Comunicado ao Mercado: Obtenção de Licença de Instalação de  → -2.6 bps | avanço operacional (2026-08-04): Comunicado ao Mercado - Energização de Ananaí → -2.4 bps | avanço operacional (2026-08-04): Comunicado ao Mercado - Energização Parcial Tangará → -2.4 bps | avanço operacional (2026-04-30): Taesa (TAEE11) registra nova RAP de R$ 23 mi com SE Açailând → -0.8 bps | avanço operacional (2026-08-25): Taesa (TAEE11) registra RAP adicional de R$ 5,8 mi em São Pe → -3.1 bps",52.64999999999999,-17.65,corporativa,operacional,grande_grupo,principal,,-0.26474706442400114
TAEEA9,DI+,47.029999999999994,62.64999999999999,14.442296173046719,3.1202954426953933,8,TRPLB5 ISAEC1 EEELA5 EEELA3 EDPR13 IEPS11 IEAS11 CPTE12,-10.0,"avanço operacional (2026-08-25): Comunicado ao Mercado - Energização de Reforço em São Pedro  → -3.1 bps | avanço operacional (2026-08-20): Energização de Saíra (conversora Garabi 2) → -2.9 bps | avanço operacional (2026-08-17): Entrada em operação de Tangará → -2.8 bps | avanço operacional (2026-08-10): Comunicado ao Mercado: Obtenção de Licença de Instalação de  → -2.6 bps | avanço operacional (2026-08-04): Comunicado ao Mercado - Energização de Ananaí → -2.4 bps | avanço operacional (2026-08-04): Comunicado ao Mercado - Energização Parcial Tangará → -2.4 bps | avanço operacional (2026-04-30): Taesa (TAEE11) registra nova RAP de R$ 23 mi com SE Açailând → -0.8 bps | avanço operacional (2026-08-25): Taesa (TAEE11) registra RAP adicional de R$ 5,8 mi em São Pe → -3.1 bps",52.64999999999999,-5.619999999999997,corporativa,operacional,grande_grupo,principal,,-0.08429906527268474
TAEEC1,DI+,29.360000000000003,60.125,16.56946042422625,3.558335371882147,8,CTEE19 TRPLA5 EEELA5 EEELA3 EDPR13 IEPS11 IEAS11 CPTE12,-10.0,"avanço operacional (2026-08-25): Comunicado ao Mercado - Energização de Reforço em São Pedro  → -3.1 bps | avanço operacional (2026-08-20): Energização de Saíra (conversora Garabi 2) → -2.9 bps | avanço operacional (2026-08-17): Entrada em operação de Tangará → -2.8 bps | avanço operacional (2026-08-10): Comunicado ao Mercado: Obtenção de Licença de Instalação de  → -2.6 bps | avanço operacional (2026-08-04): Comunicado ao Mercado - Energização de Ananaí → -2.4 bps | avanço operacional (2026-08-04): Comunicado ao Mercado - Energização Parcial Tangará → -2.4 bps | avanço operacional (2026-04-30): Taesa (TAEE11) registra nova RAP de R$ 23 mi com SE Açailând → -0.8 bps | avanço operacional (2026-08-25): Taesa (TAEE11) registra RAP adicional de R$ 5,8 mi em São Pe → -3.1 bps",50.125,-20.764999999999997,corporativa,operacional,grande_grupo,principal,,-0.31147154633225965
TAEEE1,DI+,40.0,62.64999999999999,14.442296173046719,3.313885300826615,8,TRPLB5 ISAEC1 EEELA5 EEELA3 EDPR13 IEPS11 IEAS11 CPTE12,-10.0,"avanço operacional (2026-08-25): Comunicado ao Mercado - Energização de Reforço em São Pedro  → -3.1 bps | avanço operacional (2026-08-20): Energização de Saíra (conversora Garabi 2) → -2.9 bps | avanço operacional (2026-08-17): Entrada em operação de Tangará → -2.8 bps | avanço operacional (2026-08-10): Comunicado ao Mercado: Obtenção de Licença de Instalação de  → -2.6 bps | avanço operacional (2026-08-04): Comunicado ao Mercado - Energização de Ananaí → -2.4 bps | avanço operacional (2026-08-04): Comunicado ao Mercado - Energização Parcial Tangará → -2.4 bps | avanço operacional (2026-04-30): Taesa (TAEE11) registra nova RAP de R$ 23 mi com SE Açailând → -0.8 bps | avanço operacional (2026-08-25): Taesa (TAEE11) registra RAP adicional de R$ 5,8 mi em São Pe → -3.1 bps",52.64999999999999,-12.649999999999991,corporativa,operacional,grande_grupo,principal,,-0.1897478960319327
TAEEE2,DI+,21.01,60.125,16.56946042422625,3.309088638328126,8,CTEE19 EEELA3 TRPLA5 EEELA5 EDPR13 IEPS11 IEAS11 CPTE12,-10.0,"avanço operacional (2026-08-25): Comunicado ao Mercado - Energização de Reforço em São Pedro  → -3.1 bps | avanço operacional (2026-08-20): Energização de Saíra (conversora Garabi 2) → -2.9 bps | avanço operacional (2026-08-17): Entrada em operação de Tangará → -2.8 bps | avanço operacional (2026-08-10): Comunicado ao Mercado: Obtenção de Licença de Instalação de  → -2.6 bps | avanço operacional (2026-08-04): Comunicado ao Mercado - Energização de Ananaí → -2.4 bps | avanço operacional (2026-08-04): Comunicado ao Mercado - Energização Parcial Tangará → -2.4 bps | avanço operacional (2026-04-30): Taesa (TAEE11) registra nova RAP de R$ 23 mi com SE Açailând → -0.8 bps | avanço operacional (2026-08-25): Taesa (TAEE11) registra RAP adicional de R$ 5,8 mi em São Pe → -3.1 bps",50.125,-29.115,corporativa,operacional,grande_grupo,principal,,-0.43672015754701377
TBSP12,DI+,47.45,104.44999999999999,75.54591069963682,3.8006765794772335,8,ALGTA5 ALGAA2 BCPSA6 HGLB13 BCPSA4 TLPP27 BRST14 BRIT12,0.0,,104.44999999999999,-56.999999999999986,project_finance,operacional,grande_grupo,principal,,-0.8549905196695785
TBSP22,DI+,55.00000000000001,100.91499999999999,75.5757278744307,3.9990151490641406,8,ALGTA5 ALGTA6 HGLB13 BCPSA6 BCPSA4 TLPP27 BRST14 BRIT12,0.0,,100.91499999999999,-45.914999999999985,project_finance,operacional,grande_grupo,principal,,-0.6887173633443631
TEPA14,DI+,416.73,309.31,260.5990971270574,3.2885625697513627,8,CMGTA0 CMTR19 TUPY15 AEGE17 CASN13 TUPW11 TUPY25 AEGE16,0.0,,309.31,107.42000000000002,project_finance,operacional,grande_grupo,high_yield,S,0.2821933192129664
TFLE19,DI+,114.84000000000002,173.64000000000001,51.422233989175346,3.7696496906370296,8,CDAR11 LETS18 OVSAA9 OVSAB1 MOVI27 VAMO13 MOVI34 LCAMC2,11.213564033956562,"impacto negativo (2026-06-24): Localiza aprova emissão de R$ 8 bilhões em debêntures → +2.4 bps | impacto negativo (2026-06-15): Localiza aprova emissão de R$ 1,8 bilhão em debêntures → +2.2 bps | impacto negativo (2026-06-15): Localiza (RENT3) aprova debêntures de até R$ 1,8 bi → +2.2 bps | impacto negativo (2026-05-11): Localiza aprova emissão de R$1,25 bi em debêntures → +1.5 bps | impacto negativo (2026-05-11): Localiza (RENT3) aprova emissão de R$ 1,25 bi em debêntures → +1.5 bps | impacto negativo (2026-05-11): Localiza aprova emissão de R$ 1,25 bilhão em debêntures simp → +1.5 bps",184.8535640339566,-70.01356403395657,project_finance,operacional,grande_grupo,principal,,-1.0501918157423134
TFLEA3,DI+,123.81,185.16,47.393433880654825,3.5871230721722567,8,CDAR11 LETS18 OVSAA8 OVSAA9 MOVI27 VAMO13 MOVIA3 LORTB2,11.213564033956562,"impacto negativo (2026-06-24): Localiza aprova emissão de R$ 8 bilhões em debêntures → +2.4 bps | impacto negativo (2026-06-15): Localiza aprova emissão de R$ 1,8 bilhão em debêntures → +2.2 bps | impacto negativo (2026-06-15): Localiza (RENT3) aprova debêntures de até R$ 1,8 bi → +2.2 bps | impacto negativo (2026-05-11): Localiza aprova emissão de R$1,25 bi em debêntures → +1.5 bps | impacto negativo (2026-05-11): Localiza (RENT3) aprova emissão de R$ 1,25 bi em debêntures → +1.5 bps | impacto negativo (2026-05-11): Localiza aprova emissão de R$ 1,25 bilhão em debêntures simp → +1.5 bps",196.37356403395657,-72.56356403395657,project_finance,operacional,grande_grupo,principal,,-1.0884413916222682
TFLEA4,DI+,126.38,185.16,46.32434293584207,3.6205588278266436,8,CDAR11 LETS18 OVSAA8 OVSAA9 MOVI27 VAMO13 MOVIA3 RENTC4,11.213564033956562,"impacto negativo (2026-06-24): Localiza aprova emissão de R$ 8 bilhões em debêntures → +2.4 bps | impacto negativo (2026-06-15): Localiza aprova emissão de R$ 1,8 bilhão em debêntures → +2.2 bps | impacto negativo (2026-06-15): Localiza (RENT3) aprova debêntures de até R$ 1,8 bi → +2.2 bps | impacto negativo (2026-05-11): Localiza aprova emissão de R$1,25 bi em debêntures → +1.5 bps | impacto negativo (2026-05-11): Localiza (RENT3) aprova emissão de R$ 1,25 bi em debêntures → +1.5 bps | impacto negativo (2026-05-11): Localiza aprova emissão de R$ 1,25 bilhão em debêntures simp → +1.5 bps",196.37356403395657,-69.99356403395657,project_finance,operacional,grande_grupo,principal,,-1.049891819068745
TFLEA6,DI+,116.89,185.16,49.2339043336754,3.858240008133975,8,CDAR11 LETS18 OVSAB1 OVSAA8 MOVI27 VAMO13 MOVIA3 RENTD0,11.213564033956562,"impacto negativo (2026-06-24): Localiza aprova emissão de R$ 8 bilhões em debêntures → +2.4 bps | impacto negativo (2026-06-15): Localiza aprova emissão de R$ 1,8 bilhão em debêntures → +2.2 bps | impacto negativo (2026-06-15): Localiza (RENT3) aprova debêntures de até R$ 1,8 bi → +2.2 bps | impacto negativo (2026-05-11): Localiza aprova emissão de R$1,25 bi em debêntures → +1.5 bps | impacto negativo (2026-05-11): Localiza (RENT3) aprova emissão de R$ 1,25 bi em debêntures → +1.5 bps | impacto negativo (2026-05-11): Localiza aprova emissão de R$ 1,25 bilhão em debêntures simp → +1.5 bps",196.37356403395657,-79.48356403395657,project_finance,operacional,grande_grupo,principal,,-1.1922402406768906
TFLEA7,DI+,109.22000000000001,173.64000000000001,49.883813741909314,3.736102219905338,8,CDAR11 LETS18 OVSAA9 OVSAA3 MOVI27 VAMO13 MOVI34 LCAMC2,11.213564033956562,"impacto negativo (2026-06-24): Localiza aprova emissão de R$ 8 bilhões em debêntures → +2.4 bps | impacto negativo (2026-06-15): Localiza aprova emissão de R$ 1,8 bilhão em debêntures → +2.2 bps | impacto negativo (2026-06-15): Localiza (RENT3) aprova debêntures de até R$ 1,8 bi → +2.2 bps | impacto negativo (2026-05-11): Localiza aprova emissão de R$1,25 bi em debêntures → +1.5 bps | impacto negativo (2026-05-11): Localiza (RENT3) aprova emissão de R$ 1,25 bi em debêntures → +1.5 bps | impacto negativo (2026-05-11): Localiza aprova emissão de R$ 1,25 bilhão em debêntures simp → +1.5 bps",184.8535640339566,-75.63356403395657,project_finance,operacional,grande_grupo,principal,,-1.134490881014998
TFLEA8,DI+,114.41,185.16,49.2339043336754,3.7808798257696576,8,CDAR11 LETS18 OVSAB1 OVSAA8 MOVI27 VAMO13 MOVIA3 RENTD0,11.213564033956562,"impacto negativo (2026-06-24): Localiza aprova emissão de R$ 8 bilhões em debêntures → +2.4 bps | impacto negativo (2026-06-15): Localiza aprova emissão de R$ 1,8 bilhão em debêntures → +2.2 bps | impacto negativo (2026-06-15): Localiza (RENT3) aprova debêntures de até R$ 1,8 bi → +2.2 bps | impacto negativo (2026-05-11): Localiza aprova emissão de R$1,25 bi em debêntures → +1.5 bps | impacto negativo (2026-05-11): Localiza (RENT3) aprova emissão de R$ 1,25 bi em debêntures → +1.5 bps | impacto negativo (2026-05-11): Localiza aprova emissão de R$ 1,25 bilhão em debêntures simp → +1.5 bps",196.37356403395657,-81.96356403395657,project_finance,operacional,grande_grupo,principal,,-1.2294398281993566
TFLEA9,DI+,126.0,196.78500000000003,46.88520102335065,4.1468889898009555,8,CDAR11 LETS18 OVSAB1 OVSAA8 MOVI27 VAMO13 RENTA5 MVLVA3,11.213564033956562,"impacto negativo (2026-06-24): Localiza aprova emissão de R$ 8 bilhões em debêntures → +2.4 bps | impacto negativo (2026-06-15): Localiza aprova emissão de R$ 1,8 bilhão em debêntures → +2.2 bps | impacto negativo (2026-06-15): Localiza (RENT3) aprova debêntures de até R$ 1,8 bi → +2.2 bps | impacto negativo (2026-05-11): Localiza aprova emissão de R$1,25 bi em debêntures → +1.5 bps | impacto negativo (2026-05-11): Localiza (RENT3) aprova emissão de R$ 1,25 bi em debêntures → +1.5 bps | impacto negativo (2026-05-11): Localiza aprova emissão de R$ 1,25 bilhão em debêntures simp → +1.5 bps",207.9985640339566,-81.9985640339566,project_finance,operacional,grande_grupo,principal,,-1.2299648223781015
TFLEB5,DI+,109.60000000000001,185.16,47.34923176185122,3.6843626535880563,8,CDAR11 LETS18 OVSAA8 OVSAA9 MOVI27 VAMO13 MOVIA3 RENTD9,11.213564033956562,"impacto negativo (2026-06-24): Localiza aprova emissão de R$ 8 bilhões em debêntures → +2.4 bps | impacto negativo (2026-06-15): Localiza aprova emissão de R$ 1,8 bilhão em debêntures → +2.2 bps | impacto negativo (2026-06-15): Localiza (RENT3) aprova debêntures de até R$ 1,8 bi → +2.2 bps | impacto negativo (2026-05-11): Localiza aprova emissão de R$1,25 bi em debêntures → +1.5 bps | impacto negativo (2026-05-11): Localiza (RENT3) aprova emissão de R$ 1,25 bi em debêntures → +1.5 bps | impacto negativo (2026-05-11): Localiza aprova emissão de R$ 1,25 bilhão em debêntures simp → +1.5 bps",196.37356403395657,-86.77356403395656,project_finance,operacional,grande_grupo,principal,,-1.3015890281925262
TFLEC0,DI+,102.78,185.16,51.76630816407039,3.787622569115812,8,CDAR11 LETS18 OVSAA9 OVSAB1 MOVI27 VAMO13 MOVIA3 RENTE3,11.213564033956562,"impacto negativo (2026-06-24): Localiza aprova emissão de R$ 8 bilhões em debêntures → +2.4 bps | impacto negativo (2026-06-15): Localiza aprova emissão de R$ 1,8 bilhão em debêntures → +2.2 bps | impacto negativo (2026-06-15): Localiza (RENT3) aprova debêntures de até R$ 1,8 bi → +2.2 bps | impacto negativo (2026-05-11): Localiza aprova emissão de R$1,25 bi em debêntures → +1.5 bps | impacto negativo (2026-05-11): Localiza (RENT3) aprova emissão de R$ 1,25 bi em debêntures → +1.5 bps | impacto negativo (2026-05-11): Localiza aprova emissão de R$ 1,25 bilhão em debêntures simp → +1.5 bps",196.37356403395657,-93.59356403395657,project_finance,operacional,grande_grupo,principal,,-1.4038878938793073
TFLED0,DI+,131.9,172.695,55.107289204219626,4.133043593464403,8,CDAR11 LETS18 OVSAB1 OVSAA9 MOVI27 VAMO13 MOVI34 RENTF2,11.213564033956562,"impacto negativo (2026-06-24): Localiza aprova emissão de R$ 8 bilhões em debêntures → +2.4 bps | impacto negativo (2026-06-15): Localiza aprova emissão de R$ 1,8 bilhão em debêntures → +2.2 bps | impacto negativo (2026-06-15): Localiza (RENT3) aprova debêntures de até R$ 1,8 bi → +2.2 bps | impacto negativo (2026-05-11): Localiza aprova emissão de R$1,25 bi em debêntures → +1.5 bps | impacto negativo (2026-05-11): Localiza (RENT3) aprova emissão de R$ 1,25 bi em debêntures → +1.5 bps | impacto negativo (2026-05-11): Localiza aprova emissão de R$ 1,25 bilhão em debêntures simp → +1.5 bps",183.90856403395657,-52.00856403395656,project_finance,operacional,grande_grupo,principal,,-0.7801198103624751
TFLEE1,DI+,134.07999999999998,172.695,49.79173720357627,4.31898773298572,8,CDAR11 LETS18 OVSAB1 OVSAA8 MOVI27 VAMO13 RENTA5 RENTH7,11.213564033956562,"impacto negativo (2026-06-24): Localiza aprova emissão de R$ 8 bilhões em debêntures → +2.4 bps | impacto negativo (2026-06-15): Localiza aprova emissão de R$ 1,8 bilhão em debêntures → +2.2 bps | impacto negativo (2026-06-15): Localiza (RENT3) aprova debêntures de até R$ 1,8 bi → +2.2 bps | impacto negativo (2026-05-11): Localiza aprova emissão de R$1,25 bi em debêntures → +1.5 bps | impacto negativo (2026-05-11): Localiza (RENT3) aprova emissão de R$ 1,25 bi em debêntures → +1.5 bps | impacto negativo (2026-05-11): Localiza aprova emissão de R$ 1,25 bilhão em debêntures simp → +1.5 bps",183.90856403395657,-49.82856403395658,project_finance,operacional,grande_grupo,principal,,-0.7474201729435337
TIET19,DI+,54.25,61.019999999999996,44.95416900508227,3.4382984077009437,8,CHTH11 EGIEE1 AURE13 ENEVA3 ENEVD0 OMGE15 OMGE17 CPREA0,0.0,,61.019999999999996,-6.769999999999996,corporativa,operacional,grande_grupo,principal,,-0.10154887400286043
TIGR12,DI+,133.46,68.4,27.72870333948,4.105526729583164,6,VEBMA6 MULTA5 MULTA4 VEBMA8 DXCO13 LOGGB1,1.2030250360821166,impacto negativo (2026-04-24): Distribuição de dividendos adicionais → +1.2 bps,69.60302503608212,63.85697496391789,project_finance,operacional,grande_grupo,principal,,0.9578440036653937
TIGR21,DI+,126.24999999999999,68.4,24.23895653465489,4.3164808563057635,6,MULPA0 MULPB1 LOGGB1 VEBMA6 VEBMA8 DXCO13,1.2030250360821166,impacto negativo (2026-04-24): Distribuição de dividendos adicionais → +1.2 bps,69.60302503608212,56.64697496391787,project_finance,operacional,grande_grupo,principal,,0.8496952028440309
TLPP27,DI+,66.36999999999999,75.07000000000001,37.31004648549771,4.785419872081778,8,BRIT11 BRIT12 TBSP12 TBSP22 ALGAA2 BCPSA4 BCPSA6 ALGTA5,3.195804136955176,impacto negativo (2026-05-15): Redução de Capital - fim do prazo de oposição de credores → +1.5 bps | impacto negativo (2026-05-22): Confirmação do Valor por Ação da Redução de Capital → +1.7 bps,78.26580413695518,-11.895804136955192,corporativa,operacional,grande_grupo,principal,,-0.17843508352531307
TRPLA3,DI+,100.52,52.39,17.897879369844347,2.806180954517731,8,EEELA5 TAEEA6 TAEEA5 EEELA3 EDPR13 IEPS11 IEAS11 CPTE12,1.4807826136548732,"avanço operacional (2026-05-27): Obtenção de LI - Projeto Serra Dourada (Bloco 2) → -1.1 bps | avanço operacional (2026-04-22): Energização Jacarandá → -0.7 bps | impacto negativo (2026-07-03): ISA Energia (ISAE3, ISAE4) anuncia potencial oferta de R$ 65 → +2.7 bps | impacto negativo (2026-05-04): Isa Energia (ISAE4): Lucro cai 14%, para R$ 619,1 milhões, c → +1.4 bps | avanço operacional (2026-04-22): ISA Energia (ISAE3) registra início da operação do projeto J → -0.7 bps",53.870782613654875,46.64921738634512,corporativa,operacional,grande_grupo,principal,,0.6997305020233398
TRPLA5,DI+,61.33,52.39,17.173225117533978,2.7862856943582166,8,TAEEA5 TAEEA1 EEELA5 EEELA3 EDPR13 IEPS11 IEAS11 CPTE12,1.4807826136548732,"avanço operacional (2026-05-27): Obtenção de LI - Projeto Serra Dourada (Bloco 2) → -1.1 bps | avanço operacional (2026-04-22): Energização Jacarandá → -0.7 bps | impacto negativo (2026-07-03): ISA Energia (ISAE3, ISAE4) anuncia potencial oferta de R$ 65 → +2.7 bps | impacto negativo (2026-05-04): Isa Energia (ISAE4): Lucro cai 14%, para R$ 619,1 milhões, c → +1.4 bps | avanço operacional (2026-04-22): ISA Energia (ISAE3) registra início da operação do projeto J → -0.7 bps",53.870782613654875,7.459217386345124,corporativa,operacional,grande_grupo,principal,,0.11188702016630832
TRPLA6,DI+,67.76,52.39,17.897879369844347,2.956286770909486,8,EEELA5 TAEEA5 TAEEA6 EEELA3 EDPR13 IEAS11 IEPS11 CPTE12,1.4807826136548732,"avanço operacional (2026-05-27): Obtenção de LI - Projeto Serra Dourada (Bloco 2) → -1.1 bps | avanço operacional (2026-04-22): Energização Jacarandá → -0.7 bps | impacto negativo (2026-07-03): ISA Energia (ISAE3, ISAE4) anuncia potencial oferta de R$ 65 → +2.7 bps | impacto negativo (2026-05-04): Isa Energia (ISAE4): Lucro cai 14%, para R$ 619,1 milhões, c → +1.4 bps | avanço operacional (2026-04-22): ISA Energia (ISAE3) registra início da operação do projeto J → -0.7 bps",53.870782613654875,13.88921738634513,corporativa,operacional,grande_grupo,principal,,0.20833595071850827
TRPLB5,DI+,66.38,52.974999999999994,16.822796103799153,2.8633622692922294,8,EEELA5 TAEEA6 TAEEA9 EEELA3 EDPR13 IEPS11 IEAS11 CPTE12,1.4807826136548732,"avanço operacional (2026-05-27): Obtenção de LI - Projeto Serra Dourada (Bloco 2) → -1.1 bps | avanço operacional (2026-04-22): Energização Jacarandá → -0.7 bps | impacto negativo (2026-07-03): ISA Energia (ISAE3, ISAE4) anuncia potencial oferta de R$ 65 → +2.7 bps | impacto negativo (2026-05-04): Isa Energia (ISAE4): Lucro cai 14%, para R$ 619,1 milhões, c → +1.4 bps | avanço operacional (2026-04-22): ISA Energia (ISAE3) registra início da operação do projeto J → -0.7 bps",54.45578261365487,11.924217386345127,corporativa,operacional,grande_grupo,principal,,0.17886127754042538
TUPW11,DI+,684.2199999999999,324.675,233.5818086211981,2.7676956636357906,8,AEGE16 AEGE17 TUPY15 TUPY25 CMGTA0 CMGTA2 ARML14 ARML15,0.0,,324.675,359.5449999999999,project_finance,operacional,nao_identificado,high_yield,S,0.9445279925193257
TUPY15,DI+,204.86,290.74,261.2239250145361,2.935192887730806,8,CMGTA0 TUPW11 AEGE16 CMTR19 TEPA14 AZZA11 AZZA12 QUAL18,5.515716566510398,impacto negativo (2026-08-06): Tupy (TUPY3) registra prejuízo de R$ 11 mi no 2T26 → +4.0 bps | impacto negativo (2026-05-14): Tupy (TUPY3) registra prejuízo de R$ 94 mi no 1T26 → +1.5 bps,296.2557165665104,-91.39571656651037,project_finance,operacional,grupo_inferido,high_yield,S,-0.24009738055996147
TUPY25,DI+,285.92,359.34499999999997,281.8611695941816,3.0979834279906253,8,TUPW11 CMGTA2 AEGE16 CMGTA0 AZZA12 AZZA11 AEGE17 QUAL18,5.515716566510398,impacto negativo (2026-08-06): Tupy (TUPY3) registra prejuízo de R$ 11 mi no 2T26 → +4.0 bps | impacto negativo (2026-05-14): Tupy (TUPY3) registra prejuízo de R$ 94 mi no 1T26 → +1.5 bps,364.86071656651035,-78.94071656651033,project_finance,operacional,grupo_inferido,high_yield,S,-0.2073779820233993
TUPY35,DI+,211.55,359.34499999999997,279.8702462274929,3.543175178194969,8,CMGTC3 TUPW11 AEGE16 CMGTA2 AEGE17 AZZA12 AZZA11 QUAL18,5.515716566510398,impacto negativo (2026-08-06): Tupy (TUPY3) registra prejuízo de R$ 11 mi no 2T26 → +4.0 bps | impacto negativo (2026-05-14): Tupy (TUPY3) registra prejuízo de R$ 94 mi no 1T26 → +1.5 bps,364.86071656651035,-153.31071656651034,project_finance,operacional,grupo_inferido,high_yield,S,-0.40274864996110465
UQFN14,DI+,91.27999999999999,129.405,58.908704245955875,3.738319960361353,8,OZNH11 DASAB4 DASAD3 HYPEA7 HYPEA6 GSHC15 HSPE15 EUFA18,0.0,,129.405,-38.125000000000014,project_finance,operacional,grande_grupo,principal,,-0.5718686589895211
UQFN15,DI+,221.4,125.385,67.3652693808167,3.173438910691219,8,OZNH11 HSPE15 EUFA19 EUFA17 HYPEC0 HYPEB1 NATUA3 DASAC2,0.0,,125.385,96.015,project_finance,operacional,grande_grupo,principal,,1.4402090306328879
USIM28,DI+,124.83,56.61,47.397811328689,2.386551848086472,4,GGBRA8 GGBRA7 ACOV15 AALM12,0.0,,56.61,68.22,corporativa,operacional,grande_grupo,principal,,1.02328865354138
USIM29,DI+,129.03,56.61,47.397811328689,2.065490649752531,4,GGBRA7 GGBRA8 ACOV15 AALM12,0.0,,56.61,72.42,corporativa,operacional,grande_grupo,principal,,1.0862879549907174
USIM39,DI+,144.48000000000002,60.56,45.92765254996166,2.746574737790899,4,GGBRA9 GGBRA7 ACOV15 AALM12,0.0,,60.56,83.92000000000002,corporativa,operacional,grande_grupo,principal,,1.2587860422924748
USIMA0,DI+,127.17,56.61,47.397811328689,2.0889381488745657,4,GGBRA7 GGBRA8 ACOV15 AALM12,0.0,,56.61,70.56,corporativa,operacional,grande_grupo,principal,,1.058388264348868
USIMB0,DI+,139.96,60.56,45.92765254996166,2.6738726094820766,4,GGBRA9 GGBRA7 ACOV15 AALM12,0.0,,60.56,79.4,corporativa,operacional,grande_grupo,principal,,1.1909867940660448
VAMO13,DI+,265.89000000000004,127.815,51.18757704511906,1.634038570423356,8,OVSAB0 MOVI27 OVSAA3 MOVI34 RENTC4 LORTB2 MILS19 MILS18,0.0,,127.815,138.07500000000005,corporativa,operacional,grande_grupo,principal,,2.0711020351469673
VBBR15,DI+,91.92999999999999,93.255,71.44396369489519,2.345887280210273,8,ASAIA3 ASAIA0 PGMN18 GUAR17 CEAB14 RADL15 VIVA11 RADL19,20.0,"impacto negativo (2026-06-16): Remuneração aos Acionistas → +2.2 bps | impacto negativo (2026-09-08): Vibra Energia (VBBR3) aprova emissão de debêntures no valor  → +5.9 bps | impacto negativo (2026-09-08): Vibra (VBBR3) aprova emissão de debêntures no valor de R$ 1, → +5.9 bps | impacto negativo (2026-09-08): Vibra aprova emissão de R$ 1,4 bi em debêntures com prazo de → +5.9 bps | impacto negativo (2026-09-04): Vibra Energia aprova emissão de debêntures no valor de R$1,4 → +5.6 bps | impacto negativo (2026-09-08): Vibra Energia (VBBR3): Anuncia Emissão de Debêntures no Valo → +5.9 bps",113.255,-21.325000000000003,corporativa,operacional,grupo_inferido,principal,,-0.3198714531921714
VBBR16,DI+,73.75,93.255,73.83722366420274,2.5224481508752086,8,ASAIA2 ASAIA3 PGMN18 GUAR17 RADL19 RADLA0 VIVA11 CEAB14,20.0,"impacto negativo (2026-06-16): Remuneração aos Acionistas → +2.2 bps | impacto negativo (2026-09-08): Vibra Energia (VBBR3) aprova emissão de debêntures no valor  → +5.9 bps | impacto negativo (2026-09-08): Vibra (VBBR3) aprova emissão de debêntures no valor de R$ 1, → +5.9 bps | impacto negativo (2026-09-08): Vibra aprova emissão de R$ 1,4 bi em debêntures com prazo de → +5.9 bps | impacto negativo (2026-09-04): Vibra Energia aprova emissão de debêntures no valor de R$1,4 → +5.6 bps | impacto negativo (2026-09-08): Vibra Energia (VBBR3): Anuncia Emissão de Debêntures no Valo → +5.9 bps",113.255,-39.504999999999995,corporativa,operacional,grupo_inferido,principal,,-0.5925684294657316
VBBR17,DI+,77.3,93.255,73.83722366420274,2.5577984450918976,8,ASAIA3 ASAIA2 PGMN18 GUAR17 RADL19 RADLA0 VIVA11 CEAB14,20.0,"impacto negativo (2026-06-16): Remuneração aos Acionistas → +2.2 bps | impacto negativo (2026-09-08): Vibra Energia (VBBR3) aprova emissão de debêntures no valor  → +5.9 bps | impacto negativo (2026-09-08): Vibra (VBBR3) aprova emissão de debêntures no valor de R$ 1, → +5.9 bps | impacto negativo (2026-09-08): Vibra aprova emissão de R$ 1,4 bi em debêntures com prazo de → +5.9 bps | impacto negativo (2026-09-04): Vibra Energia aprova emissão de debêntures no valor de R$1,4 → +5.6 bps | impacto negativo (2026-09-08): Vibra Energia (VBBR3): Anuncia Emissão de Debêntures no Valo → +5.9 bps",113.255,-35.955,corporativa,operacional,grupo_inferido,principal,,-0.5393190199073632
VBBR18,DI+,80.61999999999999,93.255,72.87704078403226,2.6337023479708783,8,ASAIA3 ASAIA1 PGMN18 GUAR17 RADL19 RADLA0 VIVA11 CEAB14,20.0,"impacto negativo (2026-06-16): Remuneração aos Acionistas → +2.2 bps | impacto negativo (2026-09-08): Vibra Energia (VBBR3) aprova emissão de debêntures no valor  → +5.9 bps | impacto negativo (2026-09-08): Vibra (VBBR3) aprova emissão de debêntures no valor de R$ 1, → +5.9 bps | impacto negativo (2026-09-08): Vibra aprova emissão de R$ 1,4 bi em debêntures com prazo de → +5.9 bps | impacto negativo (2026-09-04): Vibra Energia aprova emissão de debêntures no valor de R$1,4 → +5.6 bps | impacto negativo (2026-09-08): Vibra Energia (VBBR3): Anuncia Emissão de Debêntures no Valo → +5.9 bps",113.255,-32.635000000000005,corporativa,operacional,grupo_inferido,principal,,-0.48951957209502994
VBBR24,DI+,100.26,93.255,73.83722366420274,2.445025024358924,8,ASAIA2 ASAIA3 PGMN18 GUAR17 RADL19 RADLA0 VIVA11 CEAB14,20.0,"impacto negativo (2026-06-16): Remuneração aos Acionistas → +2.2 bps | impacto negativo (2026-09-08): Vibra Energia (VBBR3) aprova emissão de debêntures no valor  → +5.9 bps | impacto negativo (2026-09-08): Vibra (VBBR3) aprova emissão de debêntures no valor de R$ 1, → +5.9 bps | impacto negativo (2026-09-08): Vibra aprova emissão de R$ 1,4 bi em debêntures com prazo de → +5.9 bps | impacto negativo (2026-09-04): Vibra Energia aprova emissão de debêntures no valor de R$1,4 → +5.6 bps | impacto negativo (2026-09-08): Vibra Energia (VBBR3): Anuncia Emissão de Debêntures no Valo → +5.9 bps",113.255,-12.99499999999999,corporativa,operacional,grupo_inferido,principal,,-0.1949228386509854
VBBR26,DI+,91.36999999999999,93.255,73.41238417324425,3.0516316735965923,8,ASAIA2 ASAIA3 PGMN18 GUAR17 RADLA1 RADLA0 VIVA11 CEAB14,20.0,"impacto negativo (2026-06-16): Remuneração aos Acionistas → +2.2 bps | impacto negativo (2026-09-08): Vibra Energia (VBBR3) aprova emissão de debêntures no valor  → +5.9 bps | impacto negativo (2026-09-08): Vibra (VBBR3) aprova emissão de debêntures no valor de R$ 1, → +5.9 bps | impacto negativo (2026-09-08): Vibra aprova emissão de R$ 1,4 bi em debêntures com prazo de → +5.9 bps | impacto negativo (2026-09-04): Vibra Energia aprova emissão de debêntures no valor de R$1,4 → +5.6 bps | impacto negativo (2026-09-08): Vibra Energia (VBBR3): Anuncia Emissão de Debêntures no Valo → +5.9 bps",113.255,-21.885000000000005,corporativa,operacional,grupo_inferido,principal,,-0.32827136005208307
VEBMA6,DI+,126.32000000000001,85.43,33.759514420217734,1.9238891211196207,6,MULTA4 MULTA5 DXCO13 LOGGB1 TIGR12 TIGR21,0.0,,85.43,40.89,corporativa,operacional,grande_grupo,principal,,0.6133431991103346
VEBMA8,DI+,61.8,85.43,31.550220152427887,2.367643447573904,6,MULTB5 DXCO13 MULTA4 LOGGB1 TIGR12 TIGR21,0.0,,85.43,-23.63000000000001,corporativa,operacional,grande_grupo,principal,,-0.354446069820915
VEBMA9,DI+,62.150000000000006,85.43,31.550220152427887,2.490985994858818,6,MULTB5 DXCO13 MULTA4 LOGGB1 TIGR12 TIGR21,0.0,,85.43,-23.28,corporativa,operacional,grande_grupo,principal,,-0.34919612803347005
VEBMB0,DI+,61.42,85.43,31.550220152427887,2.532219231632025,6,MULTB5 MULTA4 DXCO13 LOGGB1 TIGR12 TIGR21,0.0,,85.43,-24.010000000000005,corporativa,operacional,grande_grupo,principal,,-0.3601460066187121
VIVA11,DI+,62.39,93.255,64.57751500135322,1.8692788386359982,8,CEAB14 RADL19 RADLA0 CEAB22 MGLUA0 LVTC12 PGMN18 GUAR17,0.0,,93.255,-30.864999999999995,corporativa,operacional,grande_grupo,principal,,-0.4629698664842376
VIXL15,DI+,95.72000000000001,144.235,76.26815224733207,4.087090783641354,6,JSLGA5 HBSA14 LMTP18 LMTPA1 HBSA24 CLII12,0.0,,144.235,-48.515,corporativa,operacional,nao_identificado,principal,,-0.7277169309082389
VIXL18,DI+,106.52,173.805,77.6242147392738,3.4898219537329163,6,HBSA14 HBSA24 JSLGA5 LMTPA2 LMTPA0 CLII12,0.0,,173.805,-67.28500000000001,corporativa,operacional,nao_identificado,principal,,-1.0092638090520634
VIXL19,DI+,122.66,177.51,77.92368610092542,3.713051177616537,6,HBSA24 HBSA14 JSLGA5 LMTPB1 LMTPA0 CLII12,0.0,,177.51,-54.849999999999994,corporativa,operacional,nao_identificado,principal,,-0.8227408772609893
VIXL25,DI+,106.44000000000001,144.565,76.2808480587071,3.7180289967300624,6,HBSA14 JSLGA5 LMTPA1 HBSA24 LMTP26 CLII12,0.0,,144.565,-38.124999999999986,corporativa,operacional,nao_identificado,principal,,-0.5718686589895207
VIXL26,DI+,104.85,144.565,76.2808480587071,3.733441040439429,6,HBSA14 JSLGA5 LMTPA1 HBSA24 LMTP26 CLII12,0.0,,144.565,-39.715,corporativa,operacional,nao_identificado,principal,,-0.5957183945381986
VIXL35,DI+,103.38,144.235,76.26815224733207,4.081033230690777,6,HBSA14 JSLGA5 LMTP18 LMTPA1 HBSA24 CLII12,0.0,,144.235,-40.85500000000002,corporativa,operacional,nao_identificado,principal,,-0.6128182049315904
VIXL45,DI+,106.03,144.565,76.2808480587071,3.777496733661953,6,JSLGA5 HBSA14 LMTPA1 HBSA24 LMTP26 CLII12,0.0,,144.565,-38.535,corporativa,operacional,nao_identificado,principal,,-0.5780185907976705
WIZC12,DI+,204.96,38.144999999999996,7.28171091769571,3.2699988074232316,6,ITSA17 ITSA18 BSA318 BSA312 CIEL19 CIEL17,0.0,,38.144999999999996,166.815,corporativa,operacional,grande_grupo,principal,,2.502197255064575
YDUQ17,DI+,59.330000000000005,119.9,41.82193233806631,2.7511206543198834,7,COGNB2 COGNA4 ANIM15 ANIM18 CSED12 CSED13 INEL12,0.0,,119.9,-60.57,corporativa,operacional,grupo_inferido,principal,,-0.9085399259015156
YDUQ18,DI+,77.49000000000001,119.9,41.797481420071534,2.8819972688061064,7,COGNA4 COGNB2 ANIM18 CSED13 ANIM17 CSED12 INEL12,0.0,,119.9,-42.41,corporativa,operacional,grupo_inferido,principal,,-0.6361429463015233
YDUQA0,DI+,71.07,113.99999999999999,37.947346604021135,2.6998889529096073,7,COGNA5 COGNB2 ANIM17 ANIM15 CSED12 CSED13 INEL12,0.0,,113.99999999999999,-42.92999999999999,corporativa,operacional,grupo_inferido,principal,,-0.6439428598142984
YDUQA1,DI+,79.2,119.9,41.797481420071534,3.0380889686082386,7,COGNA4 COGNB2 ANIM18 CSED13 ANIM17 CSED12 INEL12,0.0,,119.9,-40.7,corporativa,operacional,grupo_inferido,principal,,-0.6104932307114361
YDUQA2,DI+,76.53,119.9,41.797481420071534,2.7254248695409253,7,COGNA4 COGNB2 ANIM18 ANIM17 CSED13 CSED12 INEL12,0.0,,119.9,-43.370000000000005,corporativa,operacional,grupo_inferido,principal,,-0.6505427866328006
YDUQA3,DI+,85.14,119.9,41.797481420071534,3.268290310860785,7,COGNA4 COGNB2 ANIM18 CSED13 ANIM17 CSED12 INEL12,0.0,,119.9,-34.760000000000005,corporativa,operacional,grupo_inferido,principal,,-0.521394218661659
AEAB11,IPCA+,305.07293115171564,277.8980972241892,35.81168689937642,0.8942615838429075,8,BHSA11 SRBS11 AGEO15 CLCD27 POTE11 TCII11 TNHL11 POTE12,0.0,,277.8980972241892,27.174833927526436,project_finance,operacional,grupo_inferido,principal,,0.3893811073896365
AESLA5,IPCA+,221.66463170020808,246.3739152681648,27.66934532949768,0.509220337515855,8,CPFPA5 PALFA3 CPFPA7 CSRNB2 CPLD37 CEPEB3 ESSDA4 ENERB4,-0.8838834764831844,avanço operacional (2026-05-08): Renovação da Concessão → -0.9 bps,245.49003179168162,-23.82540009147354,project_finance,operacional,grande_grupo,principal,,-0.3413879435790009
AESLA7,IPCA+,225.63266880309706,242.44277755843217,25.26582426779973,0.6025268854279855,8,CPFPA7 PALFB6 CEPEB3 PALFB3 CPFPA5 CSRNB2 CPLD29 ENERB7,-0.8838834764831844,avanço operacional (2026-05-08): Renovação da Concessão → -0.9 bps,241.55889408194898,-15.926225278851916,project_finance,operacional,grande_grupo,principal,,-0.22820272801500263
AESLA9,IPCA+,224.7493164712513,242.4335521936042,12.475035548465222,0.5581627628305995,8,PALFB6 CPLD29 CPLDC0 PALFA7 CPFPB0 EBENA8 CPFPA9 ESSDA4,-0.8838834764831844,avanço operacional (2026-05-08): Renovação da Concessão → -0.9 bps,241.54966871712102,-16.800352245869732,project_finance,operacional,grande_grupo,principal,,-0.24072786532860252
AESLB0,IPCA+,251.5414118978076,266.1371830578169,24.540579798148272,0.3614135479644254,8,ENERB8 ENERB4 CPFPB0 PALFB3 PALFA7 CPFPA9 CSRNB3 SAELA7,-0.8838834764831844,avanço operacional (2026-05-08): Renovação da Concessão → -0.9 bps,265.25329958133375,-13.711887683526157,project_finance,operacional,grande_grupo,principal,,-0.1964740621728511
AESLB7,IPCA+,269.17119235877243,299.41181981448085,20.64099908528308,0.6074117875850342,8,CPFPB7 SAELB3 FLCLB9 ESSDB5 SAELB7 CMGDB2 CMGDB4 ENSEC4,-0.8838834764831844,avanço operacional (2026-05-08): Renovação da Concessão → -0.9 bps,298.5279363379977,-29.356743979225257,project_finance,operacional,grande_grupo,principal,,-0.42064512741716936
AESLC2,IPCA+,224.75755599331274,236.75643963605762,19.566098963671134,0.6586837361108064,8,CPLD29 PALFB6 CSRNB2 CPFPA7 CPLDC0 CPFPA5 PALFA3 CEPEB3,-0.8838834764831844,avanço operacional (2026-05-08): Renovação da Concessão → -0.9 bps,235.87255615957443,-11.115000166261694,project_finance,operacional,grande_grupo,principal,,-0.15926393827897523
AESLD2,IPCA+,235.37797948051394,252.51788815177747,17.59462899501756,0.4811486651432408,8,CPLDC0 EBENA8 CPLDA1 CMGDB1 ENERB7 ESCEA5 PALFA7 CMGDA4,-0.8838834764831844,avanço operacional (2026-05-08): Renovação da Concessão → -0.9 bps,251.63400467529428,-16.256025194780335,project_finance,operacional,grande_grupo,principal,,-0.23292834498928477
AESOA1,IPCA+,276.5536092593885,264.04188394631285,80.66161592157721,2.1458641986401035,8,EGIEB2 EGIEA1 AURE12 ENEVA0 CERR18 ENEV26 CESPA3 RIPR22,0.0,,264.04188394631285,12.511725313075658,corporativa,operacional,grande_grupo,principal,,0.17927724860263017
AGEO15,IPCA+,230.0817227395712,285.1576907335673,34.359271153256095,0.8361799911339735,8,TNHL11 POTE11 AEAB11 POTE12 BHSA11 TCII11 SRBS11 CLCD27,0.0,,285.1576907335673,-55.07596799399607,project_finance,operacional,grupo_inferido,principal,,-0.7891691800307693
AGIZ11,IPCA+,316.15927605197396,338.9744521235434,66.95711633532083,2.8591816006011777,8,ITPE13 HZTC14 CAJS11 PASN12 CAJS12 EBAS13 RSAN26 RSAN16,0.0,,338.9744521235434,-22.815176071569454,project_finance,operacional,nao_identificado,principal,,-0.32691270709251724
AHGD13,IPCA+,317.7887299348749,260.19792994584174,46.22657926534996,0.6727162827141979,8,ATII12 ATHT11 ALGE16 CPJG18 ALIG15 UHSM12 CONF11 UTPS21,0.0,,260.19792994584174,57.590799989033144,project_finance,operacional,nao_identificado,principal,,0.8252035517490275
ALGAB1,IPCA+,335.7269882586643,227.93121384159772,126.7488635394567,3.679723707480787,8,BTCL12 BCPSA5 FBRI13 QMCT14 DESK17 BCPSA7 DESK19 TIMS12,4.189176491282507,impacto negativo (2026-08-10): Alienação da Operação de IOT → +4.2 bps,232.12039033288022,103.60659792578406,project_finance,operacional,grande_grupo,principal,,1.4845519181756686
ALGAC2,IPCA+,336.4378230684795,238.51971908517982,100.75777497329192,3.613043188811866,8,BTCL12 FBRI13 QMCT14 BCPSA5 DESK17 BCPSA7 DESK19 BRST15,4.189176491282507,impacto negativo (2026-08-10): Alienação da Operação de IOT → +4.2 bps,242.7088955764623,93.72892749201716,project_finance,operacional,grande_grupo,principal,,1.343017354903358
ALGE16,IPCA+,214.37633277364594,316.7294812513054,35.85905563376311,0.8985182431734202,8,ATII12 AHGD13 ATHT11 CPJG18 UHSM12 UTPS22 UTPS21 STRZ11,0.0,,316.7294812513054,-102.35314847765946,project_finance,operacional,nao_identificado,principal,,-1.466591567968218
ALGTA4,IPCA+,349.1903506222449,238.51971908517982,100.75777497329192,3.336222053562789,8,BTCL12 FBRI13 QMCT14 BCPSA7 DESK19 BCPSA5 DESK17 BRST15,4.189176491282507,impacto negativo (2026-08-10): Alienação da Operação de IOT → +4.2 bps,242.7088955764623,106.48145504578261,project_finance,operacional,grande_grupo,principal,,1.5257449960048626
ALIG12,IPCA+,220.19840025732796,259.60598610611476,45.21669691847623,0.8004638259751296,8,UTPS11 CEAD11 UTPS12 PRPO12 SRTI11 CUTI11 VDBF12 ESAM14,0.0,,259.60598610611476,-39.407585848786795,project_finance,operacional,nao_identificado,principal,,-0.5646610190250202
ALIG13,IPCA+,201.9769643785805,318.8051411986844,42.39883427126184,1.206264709986853,8,ATII12 AHGD13 SAVI13 ATHT11 TBEG11 CPJG18 UTPS21 ESAM14,0.0,,318.8051411986844,-116.82817682010389,project_finance,operacional,nao_identificado,principal,,-1.6740004735942486
ALIG15,IPCA+,211.12083754388422,318.8051411986844,39.66545799882276,1.039531974744166,8,ATII12 AHGD13 ATHT11 CPJG18 UTPS21 SAVI13 TBEG11 UHSM12,0.0,,318.8051411986844,-107.68430365480017,project_finance,operacional,nao_identificado,principal,,-1.5429802999868647
ALUP18,IPCA+,188.09370705522042,210.0987189842527,28.05223334154119,1.019446206354504,8,TRPLA4 ISAEB8 EEELB5 EEELA1 TAEEB8 TAEEA4 ETEN22 ETEN12,-10.0,"avanço operacional (2026-07-10): Obtenção da Licença de Instalação do Projeto TECP (TAP) → -1.8 bps | avanço operacional (2026-05-20): Licença de Instalação para as Subestações Silvânia, Nova Pon → -1.0 bps | avanço operacional (2026-07-03): Alupar (ALUP4) anuncia RAP de R$ 96,7 mi em leilão da Aneel → -1.7 bps | avanço operacional (2026-09-29): Alupar (ALUP3) registra licença ambiental para projeto no Pe → -4.7 bps | avanço operacional (2026-09-29): Emissão da Licença Ambiental do Projeto Puno Sur → -4.7 bps",200.0987189842527,-12.005011929032293,corporativa,operacional,grande_grupo,principal,,-0.17201668468771703
ANHBB6,IPCA+,224.24469023190196,370.019944329287,84.41896186758741,1.5976220837920176,8,ASCP23 ERDVB4 CRTR12 ARTRA7 ERDVC4 ECOV16 IVIAA0 CCPV11,0.0,,370.019944329287,-145.77525409738504,project_finance,operacional,grande_grupo,principal,,-2.088775593691812
APFD19,IPCA+,243.68888917735163,321.4959772199381,68.40399567560797,1.0534935146643718,8,CCPV11 APRB18 APPSA2 COMT11 ASCP13 ECOV16 ERDVA4 ECOC13,0.0,,321.4959772199381,-77.80708804258646,project_finance,operacional,grande_grupo,principal,,-1.1148774702941848
APPSA2,IPCA+,449.93317497727907,314.4809912810315,95.23366526741917,0.9217147849589649,8,CCPV11 APRB18 ASCP13 ARTRA8 APFD19 COMT11 ECOC13 ECOV16,0.0,,314.4809912810315,135.45218369624757,project_finance,operacional,grande_grupo,principal,,1.9408590104598362
APRB18,IPCA+,333.6025797052854,314.4809912810315,71.57402249229965,0.7141013328284689,8,CCPV11 APFD19 COMT11 APPSA2 ASCP13 ERDVA4 ECOC13 ECOV16,0.0,,314.4809912810315,19.1215884242539,project_finance,operacional,grande_grupo,principal,,0.27398825308525315
ARTR19,IPCA+,643.8035741462108,543.6054371024793,240.7396840276552,1.5443416191427466,8,NEOE16 NEOE26 ELPLA5 BTEL23 CCLS11 ELPLA7 CMTR29 BTEL33,0.0,,543.6054371024793,100.19813704373155,project_finance,operacional,grande_grupo,high_yield,S,0.3124111615399753
ARTRA7,IPCA+,528.0429671979471,341.96402494545856,71.62367151715698,1.073044173151527,8,ERDVB4 ASCP23 IVIAA0 ERDVC3 ECOV16 ECOC13 COMT11 ANHBB6,0.0,,341.96402494545856,186.0789422524885,project_finance,operacional,grande_grupo,principal,,2.6662766289354614
ARTRA8,IPCA+,535.0087066606172,344.6691122652606,65.0729758911357,0.8778019658353093,8,ERDVC3 ERDVA4 ECOV16 ECOC13 APPSA2 COMT11 ASCP23 ECPN11,0.0,,344.6691122652606,190.33959439535664,project_finance,operacional,grande_grupo,principal,,2.727326402193194
ASAB11,IPCA+,354.20603605835555,273.5783709086887,167.085042737182,5.526306413570214,3,NEOE26 NEOE16 ORIG11,0.0,,273.5783709086887,80.62766514966683,project_finance,operacional,nao_identificado,high_yield,,0.2513917250843681
ASCP13,IPCA+,315.28923674856435,278.6808174954252,81.85231458878708,1.1126739404762562,8,APRB18 APPSA2 VPLT12 APFD19 CCPV11 COMT11 ECER12 ECOC13,0.0,,278.6808174954252,36.608419253139175,project_finance,operacional,grande_grupo,principal,,0.5245524909770418
ASCP23,IPCA+,355.76569792395514,354.62166537161437,101.42546503688573,0.9023096022427006,8,ERDVB4 ARTRA7 ERDVC3 ECOV16 ARTRA8 IVIAA0 COMT11 APRB18,0.0,,354.62166537161437,1.144032552340775,project_finance,operacional,grande_grupo,principal,,0.016392544046755515
ASSR21,IPCA+,405.4743242587354,280.56168400880654,57.81216695881987,2.4359892752646495,8,SRNA11 STRZ11 CESPA3 CONF11 UNEG11 BARU11 CSNP12 ENJG21,0.0,,280.56168400880654,124.91264024992887,project_finance,operacional,grande_grupo,principal,,1.7898406414256922
ATHT11,IPCA+,324.593036563961,260.19792994584174,45.23900964997563,0.710417823969625,8,AHGD13 ATII12 ALGE16 CPJG18 ALIG15 UHSM12 CONF11 UTPS21,0.0,,260.19792994584174,64.39510661811926,project_finance,operacional,nao_identificado,principal,,0.9227006866834363
ATII12,IPCA+,321.5193591976455,260.19792994584174,45.70540706724339,0.6538377621267026,8,AHGD13 ATHT11 ALGE16 CPJG18 ALIG15 UHSM12 CONF11 UTPS21,0.0,,260.19792994584174,61.32142925180375,project_finance,operacional,nao_identificado,principal,,0.8786587654026561
AURE12,IPCA+,273.7545248592999,264.04188394631285,76.81691506498673,2.003761749345914,8,EGIEB2 AESOA1 EGIEA1 AURP12 ENEVA0 CERR18 ENEV19 CESPA3,3.9540560814115846,impacto negativo (2026-08-05): Auren (AURE3) registra prejuízo de R$ 379 mi e EBITDA de R$  → +4.0 bps,267.99594002772443,5.75858483157549,corporativa,operacional,grande_grupo,principal,,0.08251326005141586
AURP12,IPCA+,271.2307904395511,264.04188394631285,75.16326110137409,2.4290426744605806,8,EGIEB5 EGIEB2 AURE12 ENEVA4 ENEVA0 CERR18 CESPA3 CESPA2,0.0,,264.04188394631285,7.188906493238221,corporativa,operacional,grande_grupo,principal,,0.10300796607342666
AURP13,IPCA+,292.13139448168994,271.58368736955197,72.115201732345,2.5980088489869955,8,EGIEA6 EGIEB5 AURE12 ENEVA4 ENEV29 CERR18 CESPA3 UHSM12,0.0,,271.58368736955197,20.54770711213797,corporativa,operacional,grande_grupo,principal,,0.2944227357922428
AXIA18,IPCA+,228.36803614401913,231.12443751753614,33.390482653501365,6.367262901218899,8,CHSF13 FURN21 CPGTC0 CPGT28 EXTZ11 ELTN15 CTGE15 ELTN27,10.991812546888685,impacto negativo (2026-09-02): Axia Energia aprova 12ª e 13ª emissões de debêntures → +5.5 bps | impacto negativo (2026-09-03): Axia Energia aprova R$ 3 bilhões em novas debêntures para re → +5.5 bps,242.11625006442483,-13.748213920405703,corporativa,operacional,grupo_inferido,principal,,-0.196994571346198
AXIA19,IPCA+,245.9158972571277,240.40324833136867,33.59502388415982,6.653227100263058,8,FURN21 CHSF13 CPGTC0 CPGTA1 ELTN37 EXTZ11 ELTN15 CTGE15,10.991812546888685,impacto negativo (2026-09-02): Axia Energia aprova 12ª e 13ª emissões de debêntures → +5.5 bps | impacto negativo (2026-09-03): Axia Energia aprova R$ 3 bilhões em novas debêntures para re → +5.5 bps,251.39506087825737,-5.479163621129658,corporativa,operacional,grupo_inferido,principal,,-0.07850950640781616
AXIA28,IPCA+,244.09819987435236,240.40324833136867,33.59502388415982,7.015562989528523,8,FURN21 CHSF13 CPGTA1 CPGTC0 EXTZ11 ELTN37 CTGE15 ELTN15,10.991812546888685,impacto negativo (2026-09-02): Axia Energia aprova 12ª e 13ª emissões de debêntures → +5.5 bps | impacto negativo (2026-09-03): Axia Energia aprova R$ 3 bilhões em novas debêntures para re → +5.5 bps,251.39506087825737,-7.296861003905008,corporativa,operacional,grupo_inferido,principal,,-0.10455481809921072
AXIA38,IPCA+,245.37542693731825,240.40324833136867,34.61747979279498,8.084848519400337,8,FURN21 CHSF13 EXTZ11 CPGTA1 CPGTC0 ELTN37 CTGE15 CTGE11,10.991812546888685,impacto negativo (2026-09-02): Axia Energia aprova 12ª e 13ª emissões de debêntures → +5.5 bps | impacto negativo (2026-09-03): Axia Energia aprova R$ 3 bilhões em novas debêntures para re → +5.5 bps,251.39506087825737,-6.019633940939116,corporativa,operacional,grupo_inferido,principal,,-0.08625376465056722
AXIAA1,IPCA+,244.4157396653674,240.40324833136867,33.59502388415982,6.817771515204271,8,FURN21 CHSF13 CPGTA1 CPGTC0 EXTZ11 ELTN37 CTGE15 ELTN15,10.991812546888685,impacto negativo (2026-09-02): Axia Energia aprova 12ª e 13ª emissões de debêntures → +5.5 bps | impacto negativo (2026-09-03): Axia Energia aprova R$ 3 bilhões em novas debêntures para re → +5.5 bps,251.39506087825737,-6.979321212889971,corporativa,operacional,grupo_inferido,principal,,-0.10000487325702845
BARU11,IPCA+,320.4971623201154,317.7458925151149,63.026502088246545,1.2625919016540952,8,CONF11 UNEG11 UTPS22 STRZ11 UTPS21 CPJG18 HVSP11 TBEG11,0.0,,317.7458925151149,2.751269805000504,project_finance,operacional,nao_identificado,principal,,0.039422227427620526
BCPSA5,IPCA+,178.1779108472461,315.898615698762,126.01643855016923,3.6956685431136123,8,FBRI13 QMCT14 ALGAB1 ALGAC2 BRST15 BTCL12 BRST11 TIMS12,7.727490631398765,"impacto negativo (2026-10-02): Claro compra controle da Desktop por R$ 1,7 bilhão → +7.7 bps",323.6261063301608,-145.44819548291468,project_finance,operacional,grupo_inferido,principal,,-2.084089256111114
BCPSA7,IPCA+,217.64295624448724,315.898615698762,88.91443384938177,3.8573579979699684,8,QMCT14 FBRI13 ALGTA4 ALGAC2 BTCL12 BRST15 DESK19 BRST11,7.727490631398765,"impacto negativo (2026-10-02): Claro compra controle da Desktop por R$ 1,7 bilhão → +7.7 bps",323.6261063301608,-105.98315008567354,project_finance,operacional,grupo_inferido,principal,,-1.5186049142033515
BHSA11,IPCA+,323.53597621893726,277.8980972241892,32.63323227802957,0.9081993290346111,8,AEAB11 SRBS11 AGEO15 CLCD27 POTE11 TCII11 TNHL11 POTE12,0.0,,277.8980972241892,45.637878994748064,project_finance,operacional,grupo_inferido,principal,,0.6539332644785284
BION17,IPCA+,534.8848743805903,351.8138837586406,71.70527609014601,1.5353274690975305,8,USNA12 FRAG14 USAS11 USAS12 QUAT13 FSII14 CLAG15 FRAG16,0.0,,351.8138837586406,183.0709906219497,project_finance,operacional,grupo_inferido,principal,,2.6231764745795125
BRKP28,IPCA+,450.7460941083538,263.18976821127774,66.08866111791278,2.822702551212929,8,SAPRB3 SAPRA3 CASN34 CASN23 CAEC12 ORVR16 SBSPE9 SBSPE3,0.0,,263.18976821127774,187.55632589707608,corporativa,operacional,grande_grupo,principal,,2.687445673835719
BRST11,IPCA+,252.94873660400015,220.27650068648288,75.23966234120847,5.073951129164804,8,DESK18 UNTE11 DESK17 TIMS12 BCPSA5 FBRI13 QMCT14 BCPSA7,0.0,,220.27650068648288,32.67223591751727,corporativa,operacional,grupo_inferido,principal,,0.468151946627787
BRST15,IPCA+,304.47145063668336,220.27650068648288,75.27405445675826,3.8724361786019497,8,DESK19 DESK17 FBRI13 QMCT14 BCPSA5 BCPSA7 UNTE11 TIMS12,0.0,,220.27650068648288,84.19494995020048,corporativa,operacional,grupo_inferido,principal,,1.2064074774350684
BTCL12,IPCA+,515.8164287779581,237.86075929352273,61.65604292987364,3.8649790252006904,8,ALGTA4 ALGAC2 QMCT14 FBRI13 BCPSA7 DESK18 BCPSA5 DESK19,0.0,,237.86075929352273,277.95566948443536,project_finance,operacional,grande_grupo,principal,,3.9827542894179824
BTEL23,IPCA+,522.284481443005,1044.983929308756,140.84993702490144,3.596216550821982,4,HGLB23 SUMI19 SUMI18 CONX12,0.0,,1044.983929308756,-522.6994478657509,project_finance,operacional,grande_grupo,high_yield,,-1.629742293240161
BTEL33,IPCA+,564.9263927619536,1044.983929308756,140.84993702490144,4.39288991253361,4,HGLB23 SUMI18 SUMI19 CONX12,0.0,,1044.983929308756,-480.05753654680234,project_finance,operacional,grande_grupo,high_yield,,-1.4967876352147027
CAEC12,IPCA+,296.4278030019973,263.3645156820544,80.88142788052394,3.095042430942502,8,ORVR16 SBSPE3 SBSPF9 BRKP28 CAJS11 SAPRB3 CSMGA6 CAJS12,0.0,,263.3645156820544,33.0632873199429,corporativa,operacional,nao_identificado,principal,,0.4737552201759842
CAJS11,IPCA+,291.2641910375969,361.71124471878016,81.29134058606196,2.537764731392211,8,EBAS13 ITPE13 PASN12 HZTC14 AGIZ11 RSAN16 RSAN26 GSTS14,0.0,,361.71124471878016,-70.44705368118326,project_finance,operacional,nao_identificado,principal,,-1.0094174576327637
CAJS12,IPCA+,317.3878608597537,361.71124471878016,73.74109395045843,2.3457268256485015,8,EBAS13 PASN12 HZTC14 GSTS14 ITPE13 RSAN16 AGIZ11 RSAN44,0.0,,361.71124471878016,-44.32338385902648,project_finance,operacional,nao_identificado,principal,,-0.6350982065359259
CART13,IPCA+,364.66880421992613,262.71024923617676,71.27701087324276,1.3114972722993232,8,CBAN12 CBAN32 VIALA5 ENTV12 VRDN12 CNRD12 ENTV13 CRMG15,0.0,,262.71024923617676,101.95855498374937,project_finance,operacional,nao_identificado,principal,,1.4609375407150167
CASN23,IPCA+,304.14376098542357,216.39643218773602,123.63484848810761,3.4719405077867105,8,SAPRA2 SAPRB3 BRKP28 CSMGA6 SBSPC6 SBSPD4 CAEC12 GSTS14,0.0,,216.39643218773602,87.74732879768754,corporativa,operacional,grande_grupo,principal,,1.2573085873808005
CASN24,IPCA+,363.01502173572186,216.39643218773602,123.63484848810761,3.485077781058021,8,SAPRA2 SAPRB3 BRKP28 CSMGA6 SBSPC6 SBSPD4 GSTS14 CAEC12,0.0,,216.39643218773602,146.61858954798583,corporativa,operacional,grande_grupo,principal,,2.1008595273979624
CASN34,IPCA+,365.2819387992337,197.09548418547337,104.96548558580109,3.419263909529854,8,SAPRA3 SAPRB3 BRKP28 CSMGA6 SBSPE9 ORVR16 CAEC12 CSMGE1,0.0,,197.09548418547337,168.18645461376036,corporativa,operacional,grande_grupo,principal,,2.4098998404220935
CBAN12,IPCA+,239.13790419490218,332.76626726895483,79.65998695687401,1.4851793534041984,8,CART13 VIALA5 CRMG15 CNRD12 VRDN12 ENTV12 ENTV13 RPTA14,-1.5568120279485287,avanço operacional (2026-06-26): Reajuste Tarifário Ordinário - 2026 → -1.6 bps,331.2094552410063,-92.07155104610413,project_finance,operacional,nao_identificado,principal,,-1.3192692401000725
CBAN32,IPCA+,242.95499036723004,332.76626726895483,79.65998695687401,1.793881917155515,8,CART13 CRMG15 VIALA5 VRDN12 CNRD12 ENTV13 ENTV12 RPTA14,-1.5568120279485287,avanço operacional (2026-06-26): Reajuste Tarifário Ordinário - 2026 → -1.6 bps,331.2094552410063,-88.25446487377627,project_finance,operacional,nao_identificado,principal,,-1.2645752079397818
CBAN52,IPCA+,242.86082906075862,332.76626726895483,79.65998695687401,1.8055631387030497,8,CART13 CRMG15 VIALA5 VRDN12 CNRD12 ENTV13 ENTV12 RPTA14,-1.5568120279485287,avanço operacional (2026-06-26): Reajuste Tarifário Ordinário - 2026 → -1.6 bps,331.2094552410063,-88.34862618024769,project_finance,operacional,nao_identificado,principal,,-1.2659244207403044
CBAN72,IPCA+,238.64711346226136,332.76626726895483,79.65998695687401,1.8169104329992058,8,CART13 CRMG15 VIALA5 VRDN12 CNRD12 ENTV13 ENTV12 RPTA14,-1.5568120279485287,avanço operacional (2026-06-26): Reajuste Tarifário Ordinário - 2026 → -1.6 bps,331.2094552410063,-92.56234177874495,project_finance,operacional,nao_identificado,principal,,-1.326301652496112
CCLS11,IPCA+,945.4427692334876,850.8333842913519,139.66422505509425,3.6893508048652364,8,GSTS24 IRJS14 IRJS15 RIS412 RIS414 RISP14 RISP12 CYAR11,0.0,,850.8333842913519,94.60938494213576,project_finance,operacional,grande_grupo,high_yield,,0.2949858022754963
CCPV11,IPCA+,219.0016110740251,321.4959772199381,64.49354913475133,0.767773824735023,8,APRB18 APFD19 APPSA2 COMT11 ECOV16 ERDVA4 ECOC13 ASCP13,0.0,,321.4959772199381,-102.49436614591298,project_finance,operacional,grande_grupo,principal,,-1.4686150391030992
CDES11,IPCA+,243.84542762764258,224.94513794195615,14.451158210428375,1.8670723279272112,6,CLIS13 ITPO14 ITPO15 CJEN13 STBP35 STBP45,0.0,,224.94513794195615,18.90028968568643,project_finance,operacional,nao_identificado,principal,,0.2708173211812298
CEAD11,IPCA+,351.4249033090802,245.47513285070502,36.238904565209104,0.6701187678908066,8,UTPS12 ALIG12 PRPO12 UTPS11 SRTI11 CUTI11 VDBF12 ESAM14,0.0,,245.47513285070502,105.94977045837518,project_finance,operacional,nao_identificado,principal,,1.5181266262301352
CEAL12,IPCA+,293.2102183630379,292.6970347094468,11.007381736082296,0.7709909061734508,8,CPIS14 CPIS15 CTNSA5 CEROA4 CTNSA3 CEROB4 CSRNB3 SAELB8,-0.7874506561842958,"avanço operacional (2026-04-28): Aneel aprova alta média de 5,43% para consumidores da Equato → -0.8 bps",291.9095840532625,1.3006343097753756,project_finance,operacional,grupo_inferido,principal,,0.018636449782910954
CEAL21,IPCA+,277.4521816540636,292.6970347094468,26.578789061695844,1.622346190941001,8,CTNSA3 CPIS13 CEROA4 CPIS14 CTNSA5 CEROB4 PALFA3 CEAP14,-0.7874506561842958,"avanço operacional (2026-04-28): Aneel aprova alta média de 5,43% para consumidores da Equato → -0.8 bps",291.9095840532625,-14.457402399198884,project_finance,operacional,grupo_inferido,principal,,-0.20715634808260494
CEAM11,IPCA+,772.9542836261927,809.9104751131297,97.76074407195698,1.438611554353489,8,CYAR11 RISP24 RIS424 RIS422 RISP22 IRJS15 IRJS14 GSTS24,0.0,,809.9104751131297,-36.95619148693697,project_finance,operacional,nao_identificado,high_yield,,-0.11522695979356055
CEAP12,IPCA+,258.94453576964355,256.76660752948146,72.12144080524715,2.477768420205674,8,CEPEC1 CPFPA2 CSRNC0 ELPLC8 ESULA6 CGOS13 ENERA1 SAELA3,0.0,,256.76660752948146,2.177928240162089,project_finance,operacional,nao_identificado,principal,,0.03120696568859101
CEAP14,IPCA+,275.6201371046709,245.2650064127695,25.813817096935008,2.2638127338107408,8,PALFA3 AESLA5 CSRNB2 CPFPA5 CPFPA7 ESSDA4 CEAL21 CEPEB3,0.0,,245.2650064127695,30.355130691901394,project_finance,operacional,nao_identificado,principal,,0.434950750215885
CEAP17,IPCA+,295.80030997483857,291.97396131035475,14.27896680724006,2.1685807782479056,8,ENERB4 CEROA4 FLCLA9 CPIS13 SAELA7 AESLB0 ENERB8 CPIS14,0.0,,291.97396131035475,3.8263486644838167,project_finance,operacional,nao_identificado,principal,,0.054826751994476036
CEAP19,IPCA+,302.7595676765852,292.8711104989617,5.8974226461426555,2.2908352245318353,8,ESSDA5 ENSEA5 SAELB8 CPIS14 CEAL12 FLCLA9 CEROA4 CPIS15,0.0,,292.8711104989617,9.888457177623536,project_finance,operacional,nao_identificado,principal,,0.14168912371154752
CEEBB6,IPCA+,251.91215141176815,259.93413780306327,18.072269375487974,1.1334148938965556,8,ENMTA7 EKTRA8 ENMTA4 EKTRC0 EQMAA0 CEED13 CEED12 EQMAA2,-1.61860091791044,avanço operacional (2026-05-08): Prorrogação Concessão Neoenergia Coelba → -0.9 bps | avanço operacional (2026-04-22): Reajuste Tarifário Neoenergia Coelba 2026 → -0.7 bps,258.3155368851528,-6.403385473384674,corporativa,operacional,grande_grupo,principal,,-0.0917524402658306
CEEBB7,IPCA+,280.84464042937304,291.1324107034492,17.955828107130927,1.2284697282866017,8,EKTRB3 EKTRA8 ENMTC5 ENMTF8 EQMAA2 EQMAA0 CEED17 EQPA18,-1.61860091791044,avanço operacional (2026-05-08): Prorrogação Concessão Neoenergia Coelba → -0.9 bps | avanço operacional (2026-04-22): Reajuste Tarifário Neoenergia Coelba 2026 → -0.7 bps,289.51380978553874,-8.669169356165696,corporativa,operacional,grande_grupo,principal,,-0.12421826654229576
CEEBC3,IPCA+,254.51043322313092,259.93413780306327,18.072269375487974,0.8095719822223513,8,ENMTA4 ENMTA7 EKTRC0 EQMAA0 EKTRA8 CEED12 CEED13 EQMAA2,-1.61860091791044,avanço operacional (2026-05-08): Prorrogação Concessão Neoenergia Coelba → -0.9 bps | avanço operacional (2026-04-22): Reajuste Tarifário Neoenergia Coelba 2026 → -0.7 bps,258.3155368851528,-3.8051036620219065,corporativa,operacional,grande_grupo,principal,,-0.05452233789549107
CEEBC4,IPCA+,255.11024106106444,259.93413780306327,18.072269375487974,0.8938945914417938,8,ENMTA7 ENMTA4 EKTRA8 EKTRC0 EQMAA0 CEED12 EQMAA2 CEED13,-1.61860091791044,avanço operacional (2026-05-08): Prorrogação Concessão Neoenergia Coelba → -0.9 bps | avanço operacional (2026-04-22): Reajuste Tarifário Neoenergia Coelba 2026 → -0.7 bps,258.3155368851528,-3.205295824088381,corporativa,operacional,grande_grupo,principal,,-0.04592784783242709
CEEBD2,IPCA+,283.5932022666867,292.1893328345066,9.620880428612724,1.0611386989415978,8,ENMTF8 ENMTC5 EQMAA2 EQPA19 EQPA18 EKTRB3 EKTRB6 CEED19,-1.61860091791044,avanço operacional (2026-05-08): Prorrogação Concessão Neoenergia Coelba → -0.9 bps | avanço operacional (2026-04-22): Reajuste Tarifário Neoenergia Coelba 2026 → -0.7 bps,290.5707319165962,-6.977529649909457,corporativa,operacional,grande_grupo,principal,,-0.09997920241837047
CEEBE3,IPCA+,251.2919360059484,258.08901935106906,18.29561267186343,1.1449176971698567,8,EKTRA8 ENMTB5 ENMTA4 EKTRC0 EQMAA0 CEED13 EQMAA2 CEED12,-1.61860091791044,avanço operacional (2026-05-08): Prorrogação Concessão Neoenergia Coelba → -0.9 bps | avanço operacional (2026-04-22): Reajuste Tarifário Neoenergia Coelba 2026 → -0.7 bps,256.4704184331586,-5.178482427210213,corporativa,operacional,grande_grupo,principal,,-0.07420112400622227
CEED12,IPCA+,232.22268069553235,256.342376737241,14.275357705967474,1.6324161183679133,8,EKTRC0 ENMTA4 CEEBC3 ENMTA7 EKTRC1 EQMAA0 CEEBB6 EQMAA2,0.0,,256.342376737241,-24.119696041708664,corporativa,operacional,grande_grupo,principal,,-0.34560483348929255
CEED13,IPCA+,269.2093607082164,255.2447656628798,13.8128363610754,1.7210272144906678,8,EKTRC0 ENMTB3 ENMTA4 CEEBB6 CEEBC3 EQMAA0 EKTRC1 EQPA18,0.0,,255.2447656628798,13.964595045336637,corporativa,operacional,grande_grupo,principal,,0.20009504004707485
CEED15,IPCA+,298.15857745503683,287.5427773360573,9.29903050341554,1.5547202450330921,8,ENMTD2 ENMTD9 EKTRB3 EQMAA2 EQPA18 EQPA19 CEEBD2 CEEBB7,0.0,,287.5427773360573,10.615800118979507,corporativa,operacional,grande_grupo,principal,,0.15211103100682433
CEED17,IPCA+,296.1167414148775,288.004716755962,9.402931783922442,1.4711808663513588,8,ENMTD9 EQMAA2 ENMTC5 EQPA18 EQPA19 CEEBD2 EKTRB3 CEEBB7,0.0,,288.004716755962,8.112024658915459,corporativa,operacional,grande_grupo,principal,,0.11623508549434047
CEED19,IPCA+,300.4554315583858,289.7219867619109,9.139128318915725,1.4939949943880104,8,ENMTD9 ENMTE6 EQMAA2 EQPA19 CEEBD2 EQPA18 EKTRB3 EKTRB6,0.0,,289.7219867619109,10.733444796474885,corporativa,operacional,grande_grupo,principal,,0.15379673090562831
CEED21,IPCA+,252.54802070080441,259.5708591684509,14.372530734726148,1.7846274367678492,8,EKTRC1 ENMTA4 ENMTA5 CEEBC3 EQMAA0 EKTRC0 CEEBB6 EQMAA2,0.0,,259.5708591684509,-7.022838467646494,corporativa,operacional,grande_grupo,principal,,-0.10062842064991565
CEPEA7,IPCA+,277.37802910621673,296.00117813235767,19.754585824612207,0.8478388576501316,8,ENERC7 CMGDB4 ESSDB5 FLCLB9 ENSEC4 CMGDB2 SAELB7 AESLB7,-0.7874506561842958,avanço operacional (2026-04-28): Reajuste Tarifário Neoenergia Pernambuco 2026 → -0.8 bps,295.21372747617335,-17.835698369956617,project_finance,operacional,grande_grupo,principal,,-0.25556306989337296
CEPEA8,IPCA+,239.27242064600833,256.30414279208793,15.417085228486066,0.6808701373092017,8,CPLD26 ENERA1 CGOS24 EDVP17 CPLD37 ESULA6 CSRNA4 CGOS13,-0.7874506561842958,avanço operacional (2026-04-28): Reajuste Tarifário Neoenergia Pernambuco 2026 → -0.8 bps,255.51669213590364,-16.24427148989531,project_finance,operacional,grande_grupo,principal,,-0.23275992921768274
CEPEB3,IPCA+,270.2657258246045,223.0352505969318,24.499469294141907,0.826071617607975,8,AESLA7 AESLA5 CPFPA5 CPFPA7 CGOS34 ESSDA4 PALFA3 CPLD37,-0.7874506561842958,avanço operacional (2026-04-28): Reajuste Tarifário Neoenergia Pernambuco 2026 → -0.8 bps,222.2477999407475,48.017925883856975,project_finance,operacional,grande_grupo,principal,,0.6880363355696731
CEPEB7,IPCA+,288.4298703977502,296.00117813235767,19.754585824612207,0.7458237300464956,8,ENERC7 CMGDB4 ESSDB5 FLCLB9 ENSEC4 CMGDB2 SAELB7 AESLB7,-0.7874506561842958,avanço operacional (2026-04-28): Reajuste Tarifário Neoenergia Pernambuco 2026 → -0.8 bps,295.21372747617335,-6.783857078423125,project_finance,operacional,grande_grupo,principal,,-0.09720411865677447
CEPEC1,IPCA+,251.48584639061744,249.79237463528483,16.81752724029366,0.691541019388801,8,ESULA6 ENERA1 CPLD37 EDVP17 CPFPA2 CGOS24 CPLD26 CSRNA4,-0.7874506561842958,avanço operacional (2026-04-28): Reajuste Tarifário Neoenergia Pernambuco 2026 → -0.8 bps,249.00492397910054,2.4809224115169,project_finance,operacional,grande_grupo,principal,,0.035548490140566956
CEPEC2,IPCA+,256.42839256881285,249.79237463528483,16.81752724029366,0.5850702121979217,8,ENERA1 CPLD37 ESULA6 CSRNA4 CGOS24 CPLD26 EDVP17 CPFPA2,-0.7874506561842958,avanço operacional (2026-04-28): Reajuste Tarifário Neoenergia Pernambuco 2026 → -0.8 bps,249.00492397910054,7.423468589712314,project_finance,operacional,grande_grupo,principal,,0.1063689451734388
CEROA4,IPCA+,292.5320026348855,293.0361425735231,8.535168861361328,0.8189333147148876,8,CPIS13 CPIS14 CEAL12 CTNSA5 CTNSA3 CEAL21 FLCLA9 SAELA7,0.0,,293.0361425735231,-0.5041399386375929,project_finance,operacional,grupo_inferido,principal,,-0.007223689686920473
CEROB4,IPCA+,313.3788544101318,296.5602996803625,13.115385424832258,1.3886100968711381,8,CPIS15 CTNSA5 CEAL12 CPIS14 CTNSA3 CEAL21 SAELB7 SAELB3,0.0,,296.5602996803625,16.81855472976929,project_finance,operacional,grupo_inferido,principal,,0.24098868397268158
CERR18,IPCA+,466.0077067781973,254.1958567052592,29.25763202136489,2.751420195636495,8,AESOA1 ENEVA0 EGIEB2 ENEV19 EGIEA1 AURE12 AURP12 ALGE16,0.0,,254.1958567052592,211.8118500729381,corporativa,operacional,nao_identificado,principal,,3.0349967532315127
CERT11,IPCA+,305.3469491838271,219.75474936392675,65.9127948872366,1.0093477331569212,8,CLCD26 RDOE18 CPFGA2 EGVG11 EGVG21 ROTY13 TRRG12 WNTY12,0.0,,219.75474936392675,85.59219981990037,project_finance,operacional,grupo_inferido,principal,,1.2264283063760935
CESE32,IPCA+,248.72407433978344,280.22548812020943,76.8187169785919,3.5753455282729956,8,EGIEB4 AURP12 EGIE29 TIET29 CERR18 AURE12 ECHP11 ECHP22,-4.885799842171229,avanço operacional (2026-08-04): Eneva Inicia a Operação Comercial da UTE Azulão I → -2.4 bps | avanço operacional (2026-08-04): Eneva (ENEV3) anuncia início da operação comercial da UTE Az → -2.4 bps,275.3396882780382,-26.61561393825474,corporativa,operacional,grupo_inferido,principal,,-0.3813681900236
CESPA2,IPCA+,254.993080825933,288.49200633960413,61.786592823028464,2.088054420084924,8,OMGE22 OMGE12 CSNP12 RIPR22 SAVI13 ECHP11 ECHP22 SRNA11,0.0,,288.49200633960413,-33.49892551367114,project_finance,operacional,grande_grupo,principal,,-0.47999736622727246
CESPA3,IPCA+,269.41284987980396,313.15999891182213,80.62985188138795,2.330758641661942,8,SRNA11 RIPR22 OMGE22 OMGE12 ASSR21 ALGE16 UHSM12 CSNP12,0.0,,313.15999891182213,-43.74714903201817,project_finance,operacional,grande_grupo,principal,,-0.6268414879979077
CGEE13,IPCA+,990.3586621224795,827.3392124887428,105.47312850522651,1.6334858477394896,8,CYAR11 CEAM11 RIS414 RISP14 RIS412 VBRR11 TUPW21 RISP24,0.0,,827.3392124887428,163.0194496337367,project_finance,operacional,nao_identificado,high_yield,S,0.5082838575277616
CGEE23,IPCA+,1018.9153029858026,827.3392124887428,105.47312850522651,1.5751601541974247,8,CYAR11 RIS414 CEAM11 RIS412 VBRR11 RISP14 RISP24 TUPW21,0.0,,827.3392124887428,191.5760904970598,project_finance,operacional,nao_identificado,high_yield,S,0.597321574245957
CGMG18,IPCA+,209.97778122840822,221.62249927197902,19.571471966855725,4.047299099523513,3,TSSG21 GASP19 CGASA1,0.0,,221.62249927197902,-11.644718043570805,project_finance,operacional,grande_grupo,principal,,-0.16685412757767698
CGOS13,IPCA+,256.8158944011965,254.10997845057986,75.34853947141283,1.1874031141204822,8,CEPEA8 CEPEC1 CPLD26 ENERA1 ESULA6 EDVP17 CPFPA2 ELPLC8,0.0,,254.10997845057986,2.705915950616628,project_finance,operacional,grande_grupo,principal,,0.03877236387770961
CGOS16,IPCA+,297.0392777379836,242.4335521936042,25.238125055536916,0.9856826637310798,8,CPLDC0 AESLA9 EBENA8 AESLD2 CPLD29 ENERB7 ENERB4 PALFB6,0.0,,242.4335521936042,54.60572554437937,project_finance,operacional,grande_grupo,principal,,0.7824311986226145
CGOS24,IPCA+,255.87417507363355,250.06948338287447,15.06280395851694,0.8086607224108662,8,CEPEC2 CEPEA8 ENERA1 CPLD26 ESULA6 CPLD37 EDVP17 CSRNA4,0.0,,250.06948338287447,5.8046916907590855,project_finance,operacional,grande_grupo,principal,,0.08317391321069721
CGOS28,IPCA+,297.4811752667209,267.9563431299603,24.864063509110526,0.8759231067963316,8,EBENA8 CPLDC0 ENERB7 AESLD2 ESCEA5 FLCLA9 ESSDA5 ENERB8,0.0,,267.9563431299603,29.524832136760608,project_finance,operacional,grande_grupo,principal,,0.4230536187843935
CGOS34,IPCA+,283.67497033035505,242.4335521936042,24.576280403107983,0.9795545535577672,8,CEPEB3 PALFB6 AESLA9 ESSDA4 CPLD29 AESLA7 EBENA8 ENERB7,0.0,,242.4335521936042,41.24141813675084,project_finance,operacional,grande_grupo,principal,,0.5909375235644283
CGOSA0,IPCA+,295.1027190707551,252.51788815177747,24.50943301624004,0.9189160636546234,8,EBENA8 ENERB7 ESCEA5 AESLD2 CPLDC0 FLCLA9 ESSDA5 CMGDB1,0.0,,252.51788815177747,42.584830918977616,project_finance,operacional,grande_grupo,principal,,0.6101869349212715
CGOSA2,IPCA+,312.63631375254437,260.5516546360884,20.048557100463448,0.981664473145796,8,CMGDB1 CMGDA4 CPLDA1 CPLDC0 EBENA8 AESLD2 FLCLA9 ESSDA5,0.0,,260.5516546360884,52.08465911645595,project_finance,operacional,grande_grupo,principal,,0.7463074953416425
CGOSB0,IPCA+,298.6173661025545,252.51788815177747,24.50943301624004,0.9172560624461396,8,EBENA8 ENERB7 ESCEA5 AESLD2 CPLDC0 FLCLA9 ESSDA5 CMGDB1,0.0,,252.51788815177747,46.09947795077704,project_finance,operacional,grande_grupo,principal,,0.6605473955215299
CHSF13,IPCA+,215.02842358440918,213.9137664549138,10.335167115915311,4.455666292143806,8,ELET14 ELET23 ELTN15 CTGE15 CPGT27 CTGE13 CPGT28 ELTN27,0.0,,213.9137664549138,1.1146571294953844,corporativa,operacional,grande_grupo,principal,,0.015971631274737032
CJEN13,IPCA+,249.30768998059133,224.94513794195615,13.39419744630821,2.646558521660714,6,ITPO15 CLIS13 ITPO14 CDES11 STBP35 STBP45,0.0,,224.94513794195615,24.362552038635187,project_finance,operacional,nao_identificado,principal,,0.349084653725606
CLAG13,IPCA+,324.5532422406516,351.8138837586406,92.26615283986008,1.734016438092604,8,QUAT13 FRAG14 FSII14 USAS11 USAS12 USNA12 BION17 FRAG16,0.0,,351.8138837586406,-27.260641517988972,project_finance,operacional,grupo_inferido,principal,,-0.39061062197235097
CLAG15,IPCA+,387.0299641736824,370.1306577645838,76.82096586945842,1.1690548422451663,8,FSII14 QUAT13 USAS12 USAS22 FRAG14 FRAG16 BION17 USNA12,0.0,,370.1306577645838,16.899306409098585,project_finance,operacional,grupo_inferido,principal,,0.24214575372349115
CLCD26,IPCA+,182.79007224880053,224.27161338538824,64.93549507398833,0.6930685630191475,8,RDOE18 CPFGA2 CERT11 EGVG11 EGVG21 WNTY12 TRRG12 ROTY13,0.0,,224.27161338538824,-41.48154113658771,project_finance,operacional,grupo_inferido,principal,,-0.5943781833982863
CLCD27,IPCA+,211.7933905204856,285.1576907335673,56.01073647384685,0.806750147081231,8,ROTY13 POTE12 TRRG12 TNHL11 TCII11 WNTY12 POTE11 AEAB11,0.0,,285.1576907335673,-73.36430021308169,project_finance,operacional,grupo_inferido,principal,,-1.051217922288725
CLIS13,IPCA+,217.75615291033716,237.8142315969082,13.760467104439133,1.9775991442296812,6,ITPO14 CDES11 ITPO15 CJEN13 STBP35 STBP45,9.615239256762152,impacto negativo (2026-06-02): Mudança de Controle da Companhia → +1.9 bps | impacto negativo (2026-10-02): Mudança de Controle da Companhia → +7.7 bps,247.42947085367035,-29.67331794333319,project_finance,operacional,nao_identificado,principal,,-0.4251812331775144
CLTM14,IPCA+,385.4968162986716,231.2636025963024,88.4890252211976,4.757413134303573,3,MGPRA0 CCROB6 CCROA5,0.0,,231.2636025963024,154.2332137023692,project_finance,operacional,nao_identificado,principal,,2.209967490798847
CMGD28,IPCA+,209.36725815859944,256.27518996933503,86.54257536392677,0.5924720730539317,8,RIGEA3 CSRNA1 ELPLC8 CPLD26 CSRNC0 CPLD15 ENERA1 ESULA6,0.0,,256.27518996933503,-46.90793181073559,project_finance,operacional,grande_grupo,principal,,-0.6721315200134634
CMGDA4,IPCA+,268.32327117547453,262.3577937303747,27.052700893860706,0.6473582502118397,8,CPLDA1 CPLDC0 AESLD2 EBENA8 CGOSA2 ESCEA5 ENERB7 CSRNB3,0.0,,262.3577937303747,5.96547744509985,project_finance,operacional,grande_grupo,principal,,0.08547777034721749
CMGDB1,IPCA+,252.25573820685264,248.45953724828325,29.2625265827114,0.5840437872647651,8,CPLDA1 CPLDC0 AESLD2 EBENA8 CGOSA2 ESCEA5 ENERB7 AESLA9,0.0,,248.45953724828325,3.7962009585693863,project_finance,operacional,grande_grupo,principal,,0.05439477337979434
CMGDB2,IPCA+,272.5901421533807,294.16839749614564,24.909685662773242,0.756383580866122,8,ENERC7 ESSDB5 FLCLB9 AESLB7 EBENA8 SAELB7 CPFPB7 CEPEB7,0.0,,294.16839749614564,-21.57825534276492,project_finance,operacional,grande_grupo,principal,,-0.3091891925930509
CMGDB4,IPCA+,266.0727217364039,290.26265103396224,23.03372609986683,0.6879114287438461,8,ENERC7 CEPEB7 CEPEA7 ESSDB5 FLCLB9 ENSEC4 AESLB7 ESCEA5,0.0,,290.26265103396224,-24.189929297558365,project_finance,operacional,grande_grupo,principal,,-0.34661118749356246
CMGTA1,IPCA+,267.78271246751217,630.3459309109942,134.5212588799004,2.2699612601481634,8,BTEL33 GSTS24 BTEL23 ELPLA7 ELPLA5 IRJS14 IRJS15 NEOE16,0.5549304344462365,"crédito negativo (2026-04-27): Cemig (CMIG4) anuncia repactuação de R$ 14,2 mi em UBP → +3.9 bps | avanço operacional (2026-08-31): Cemig (CMIG4) registra prorrogação da UHE Sá Carvalho por 30 → -3.3 bps",630.9008613454404,-363.1181488779282,project_finance,operacional,grande_grupo,high_yield,S,-1.132178361935884
CMGTB1,IPCA+,261.34657447454987,577.4546524459863,157.80598889758573,2.560814815916323,8,BTEL33 BTEL23 GSTS24 ELPLA5 NEOE26 ELPLA7 ARTR19 NEOE16,0.5549304344462365,"crédito negativo (2026-04-27): Cemig (CMIG4) anuncia repactuação de R$ 14,2 mi em UBP → +3.9 bps | avanço operacional (2026-08-31): Cemig (CMIG4) registra prorrogação da UHE Sá Carvalho por 30 → -3.3 bps",578.0095828804325,-316.66300840588264,project_finance,operacional,grande_grupo,high_yield,S,-0.9873343077191853
CMIN11,IPCA+,1111.7598289682107,570.3870967639072,330.80697162186306,2.0321388040443304,8,SUMI19 SUZB19 SUMI18 SUZB29 CSAN33 VAMO33 MOVI37 JSMLB5,8.561088911989085,"impacto negativo (2026-09-29): CSN Mineração (CMIN3) revisa projeções de produção e custo p → +7.5 bps | impacto negativo (2026-04-16): CSN Mineração (CMIN3) aprova dividendos de R$ 0,14 por ação → +1.1 bps",578.9481856758962,532.8116432923146,corporativa,operacional,grande_grupo,high_yield,S,1.6612714494913712
CMIN12,IPCA+,1122.3398744298122,570.3870967639072,330.80697162186306,2.2962270176316797,8,SUMI19 SUZB19 SUZB29 SUMI18 CSAN33 VAMO33 MOVI37 JSMLB5,8.561088911989085,"impacto negativo (2026-09-29): CSN Mineração (CMIN3) revisa projeções de produção e custo p → +7.5 bps | impacto negativo (2026-04-16): CSN Mineração (CMIN3) aprova dividendos de R$ 0,14 por ação → +1.1 bps",578.9481856758962,543.391688753916,corporativa,operacional,grande_grupo,high_yield,S,1.694259331195819
CMIN21,IPCA+,1026.7643723352585,570.3870967639072,326.08658503719613,2.620079030400305,8,SUZB29 SUZBC1 SUMI19 SUMI18 CSAN33 MOVI37 VAMO33 JSMLB5,8.561088911989085,"impacto negativo (2026-09-29): CSN Mineração (CMIN3) revisa projeções de produção e custo p → +7.5 bps | impacto negativo (2026-04-16): CSN Mineração (CMIN3) aprova dividendos de R$ 0,14 por ação → +1.1 bps",578.9481856758962,447.8161866593623,corporativa,operacional,grande_grupo,high_yield,S,1.3962612395636966
CMIN22,IPCA+,1041.1377353231635,570.3870967639072,326.08658503719613,2.8084210169861685,8,SUZB29 SUZBC1 SUMI19 SUMI18 CSAN33 VAMO33 MOVI37 JSMLB5,8.561088911989085,"impacto negativo (2026-09-29): CSN Mineração (CMIN3) revisa projeções de produção e custo p → +7.5 bps | impacto negativo (2026-04-16): CSN Mineração (CMIN3) aprova dividendos de R$ 0,14 por ação → +1.1 bps",578.9481856758962,462.1895496472673,corporativa,operacional,grande_grupo,high_yield,S,1.441076434324526
CMTR29,IPCA+,197.7792541141759,604.3649834540822,211.01360284745587,1.3733472003609508,8,BTEL23 ELPLA5 NEOE26 BTEL33 ELPLA7 CCLS11 NEOE16 ARTR19,0.5549304344462365,"crédito negativo (2026-04-27): Cemig (CMIG4) anuncia repactuação de R$ 14,2 mi em UBP → +3.9 bps | avanço operacional (2026-08-31): Cemig (CMIG4) registra prorrogação da UHE Sá Carvalho por 30 → -3.3 bps",604.9199138885284,-407.1406597743525,project_finance,operacional,grande_grupo,high_yield,S,-1.2694376380944377
CNRD12,IPCA+,357.92526767991285,336.13803553896145,59.789646639584625,1.3946008236352943,8,RLMS13 CRTA12 ENTV13 CBAN12 CART13 CBAN72 RPTA14 ENTV12,0.0,,336.13803553896145,21.787232140951403,project_finance,operacional,nao_identificado,principal,,0.3121835666272623
COCE18,IPCA+,393.27283435687116,375.78899724514395,97.48879634336089,3.5190751211295477,8,ENGIB0 ENGIA5 RRRP13 ENAT13 COMR14 COMR15 ORIG12 OMNG12,0.0,,375.78899724514395,17.483837111727212,corporativa,operacional,grande_grupo,principal,,0.25052134169947604
COCEB2,IPCA+,404.29061844571385,362.95432979108284,100.12383316973228,3.5973196710447164,8,ENGIB4 ENGIA5 ENAT14 ENAT13 COMR14 COMR15 OMNG12 ORIG12,0.0,,362.95432979108284,41.336288654631005,corporativa,operacional,grande_grupo,principal,,0.5922968984702447
COMR14,IPCA+,456.3270767926221,389.6364444674442,81.46058424410236,3.2941414885390534,8,ENAT33 ENAT24 ENGIB9 ENGIB2 COCE18 COCEB2 ORIG12 OMNG12,4.387299918778504,"impacto negativo (2026-08-14): Comerc Energia registra prejuízo líquido ajustado de R$ 108, → +4.4 bps",394.02374438622275,62.30333240639936,corporativa,operacional,nao_identificado,principal,,0.8927281995970097
COMR15,IPCA+,465.61218562079137,389.6364444674442,81.46058424410236,3.869759128815911,8,ENAT33 ENAT24 ENGIB9 ENGIB2 ORIG12 COCE18 COCEB2 OMNG12,4.387299918778504,"impacto negativo (2026-08-14): Comerc Energia registra prejuízo líquido ajustado de R$ 108, → +4.4 bps",394.02374438622275,71.58844123456862,corporativa,operacional,nao_identificado,principal,,1.0257721021793769
COMT11,IPCA+,219.2716902016837,333.5875531559257,88.86916878366257,0.7003881146016998,8,ECOC13 ECOV16 APRB18 ERDVA4 CCPV11 ARTRA8 APPSA2 ASCP23,0.0,,333.5875531559257,-114.31586295424202,project_finance,operacional,grande_grupo,principal,,-1.6380021834921432
CONF11,IPCA+,283.7251895959279,321.00826075888045,49.49453534544422,0.8770886389872574,8,UTPS21 UNEG11 UTPS22 BARU11 STRZ11 TBEG11 ATII12 HVSP11,0.0,,321.00826075888045,-37.28307116295258,project_finance,operacional,nao_identificado,principal,,-0.5342194022246421
CONX12,IPCA+,1051.5382500036224,721.9884095211662,218.2472746085867,4.446908338299161,5,SUMI17 SUMI37 BTEL23 BTEL33 HGLB23,0.0,,721.9884095211662,329.54984048245615,corporativa,operacional,grande_grupo,high_yield,,1.0275145974570654
CPFGA2,IPCA+,213.690303661992,224.27161338538824,68.16993558589442,0.6758838273676728,8,RDOE18 CLCD26 TRRG12 ROTY13 WNTY12 EGVG11 CERT11 EGVG21,0.0,,224.27161338538824,-10.581309723396231,project_finance,operacional,grupo_inferido,principal,,-0.15161682712457283
CPFPA2,IPCA+,221.19173478887595,253.4616626631351,74.92145745770131,0.5372541954608794,8,CSRNA4 ESULA6 ENERA1 ELPLC8 CPLD26 CPLD37 CSRNC0 CEPEC1,-0.8838834764831844,avanço operacional (2026-05-08): Renovação da Concessão → -0.9 bps,252.5777791866519,-31.386044397775947,project_finance,operacional,grande_grupo,principal,,-0.44972244381618975
CPFPA5,IPCA+,220.07612701008392,229.20874004393403,19.26196704059193,0.5325038592579654,8,AESLA5 PALFA3 CSRNB2 AESLA7 CSRNA4 CPLD37 CEPEB3 PALFB6,-0.8838834764831844,avanço operacional (2026-05-08): Renovação da Concessão → -0.9 bps,228.32485656745084,-8.248729557366914,project_finance,operacional,grande_grupo,principal,,-0.11819389432778458
CPFPA7,IPCA+,221.92634174153653,250.69424118438673,30.96343065888705,0.5365740053925658,8,CSRNB2 AESLA5 PALFA3 AESLA7 CSRNB3 SAELA7 PALFB6 ENERB4,-0.8838834764831844,avanço operacional (2026-05-08): Renovação da Concessão → -0.9 bps,249.81035770790353,-27.884015966367002,project_finance,operacional,grande_grupo,principal,,-0.39954279184964214
CPFPA9,IPCA+,233.26720789437198,260.07254149090505,25.9943259564189,0.4936965826749802,8,CSRNB2 AESLB0 CSRNB3 PALFB6 SAELA7 PALFB3 ENERB4 AESLA5,-0.8838834764831844,avanço operacional (2026-05-08): Renovação da Concessão → -0.9 bps,259.1886580144219,-25.92145012004991,project_finance,operacional,grande_grupo,principal,,-0.37142169772991124
CPFPB0,IPCA+,236.2902005586321,275.8681596236104,19.020537412953068,0.460493331214792,8,AESLB0 PALFB3 PALFA7 CSRNB3 SAELA7 CSRNB2 ENERB8 ENERB4,-0.8838834764831844,avanço operacional (2026-05-08): Renovação da Concessão → -0.9 bps,274.9842761471272,-38.69407558849511,project_finance,operacional,grande_grupo,principal,,-0.5544373166087628
CPFPB1,IPCA+,248.9887963247984,260.07254149090505,23.560358685787648,0.662615267773413,8,PALFA7 PALFB3 AESLB0 ESSDA5 CSRNB2 ENERB4 AESLA9 CSRNB3,-0.8838834764831844,avanço operacional (2026-05-08): Renovação da Concessão → -0.9 bps,259.1886580144219,-10.199861689623503,project_finance,operacional,grande_grupo,principal,,-0.14615115774097548
CPFPB7,IPCA+,266.27683287455966,294.7270953528323,20.511527163526193,0.6898297840187076,8,AESLB7 SAELB3 ESSDB5 FLCLB9 SAELB7 CMGDB2 CMGDB4 ENSEA5,-0.8838834764831844,avanço operacional (2026-05-08): Renovação da Concessão → -0.9 bps,293.84321187634913,-27.56637900178947,project_finance,operacional,grande_grupo,principal,,-0.3949914546328285
CPGT27,IPCA+,218.0352512628541,214.68961276330128,35.268334109291814,3.429780172645667,8,CTGE15 CTGE13 ELTN15 ELTN27 FURN21 CHSF13 EXTZ11 ELET14,0.0,,214.68961276330128,3.3456384995528197,project_finance,operacional,grande_grupo,principal,,0.047938781423856096
CPGT28,IPCA+,243.55678561034702,219.7785320392226,12.923283196113223,3.939895014054086,8,CTGE15 ELTN15 CTGE13 ELTN27 FURN21 CHSF13 AXIA18 ELET16,0.0,,219.7785320392226,23.778253571124424,project_finance,operacional,grande_grupo,principal,,0.3407123933860515
CPGTA1,IPCA+,260.9026398675803,228.84754237822563,15.874409069942809,4.068531224714734,8,ELTN37 ELTN15 CTGE15 CTGE13 FURN21 CHSF13 ELET16 AXIA19,0.0,,228.84754237822563,32.055097489354694,project_finance,operacional,grande_grupo,principal,,0.45930913105763427
CPGTC0,IPCA+,237.72023454103626,228.84754237822563,15.874409069942809,3.8740299648590697,8,ELTN37 ELTN15 CTGE15 CTGE13 FURN21 CHSF13 ELET16 AXIA19,0.0,,228.84754237822563,8.872692162810637,project_finance,operacional,grande_grupo,principal,,0.1271344917542622
CPIS13,IPCA+,295.8778605161246,292.6970347094468,11.446082254087976,0.9481204173476006,8,CEROA4 CEAL12 CTNSA5 CTNSA3 CEROB4 CEAL21 SAELA7 ENERB8,0.0,,292.6970347094468,3.180825806677774,project_finance,operacional,grupo_inferido,principal,,0.04557722333541648
CPIS14,IPCA+,299.9103809976871,291.397686702016,11.133195243341262,0.9371351905910921,8,CEAL12 CTNSA5 CEROA4 CTNSA3 CEROB4 CEAL21 CSRNB3 SAELB8,0.0,,291.397686702016,8.51269429567111,project_finance,operacional,grupo_inferido,principal,,0.12197617621354769
CPIS15,IPCA+,303.74125464219577,291.397686702016,11.133195243341262,0.9475051384906283,8,CEAL12 CTNSA5 CEROA4 CTNSA3 CEROB4 CEAL21 SAELB8 CSRNB3,0.0,,291.397686702016,12.343567940179753,project_finance,operacional,grupo_inferido,principal,,0.1768677654665579
CPIS16,IPCA+,297.41669751987587,293.0361425735231,11.352644655380946,1.204297098508969,8,CTNSA5 CEAL12 CEROA4 CTNSA3 CEROB4 CEAL21 ENERB7 CGOSA0,0.0,,293.0361425735231,4.380554946352788,project_finance,operacional,grupo_inferido,principal,,0.0627678292548542
CPJG18,IPCA+,236.29534658890705,300.75695976540135,47.05148061241334,0.8467339729292598,8,UHSM12 ATII12 AHGD13 ATHT11 ALGE16 ALIG15 CONF11 BARU11,0.0,,300.75695976540135,-64.4616131764943,project_finance,operacional,nao_identificado,principal,,-0.9236536418116189
CPLD15,IPCA+,148.84319853105504,245.4930579000649,83.81382323980641,0.9593158642149724,8,CSRNA1 CMGD28 RIGEA3 PALF38 ENSEA1 CSRN29 ELPLC8 ENERA1,0.0,,245.4930579000649,-96.64985936900987,project_finance,operacional,grande_grupo,principal,,-1.384870625907934
CPLD26,IPCA+,217.5297332613497,250.06948338287447,76.40259385002079,0.5115622730697935,8,ENERA1 ESULA6 CPFPA2 CEPEA8 ELPLC8 CEPEC2 CMGD28 CSRNA4,0.0,,250.06948338287447,-32.539750121524776,project_finance,operacional,grande_grupo,principal,,-0.4662535922130172
CPLD29,IPCA+,240.72806798734422,234.77870422650204,17.864637497143736,0.6444556190461079,8,AESLA9 AESLC2 PALFB6 CMGDB1 ESSDA4 CPFPA9 CPFPB0 CSRNB2,0.0,,234.77870422650204,5.949363760842175,project_finance,operacional,grande_grupo,principal,,0.08524688156838948
CPLD37,IPCA+,224.1441594523271,247.59821029377676,16.292883607573504,0.5036985541292655,8,ESULA6 CSRNA4 ENERA1 CEPEC2 CPFPA2 AESLA5 CPFPA5 CEPEC1,0.0,,247.59821029377676,-23.454050841449657,project_finance,operacional,grande_grupo,principal,,-0.33606697703369504
CPLDA1,IPCA+,271.93554936404706,260.2895046911636,23.220829055539593,0.5038946761713775,8,CMGDA4 CMGDB1 AESLD2 EBENA8 ENERB7 ESCEA5 ENERB8 ESSDA5,0.0,,260.2895046911636,11.646044672883477,project_finance,operacional,grande_grupo,principal,,0.1668731365030762
CPLDC0,IPCA+,252.78003809670233,248.19738730335843,23.463221542625277,0.45900669156524726,8,AESLD2 EBENA8 AESLA9 CMGDB1 ENERB7 ENERB8 CMGDA4 ESCEA5,0.0,,248.19738730335843,4.582650793343902,project_finance,operacional,grande_grupo,principal,,0.065663607934132
CRMG15,IPCA+,153.41633622670693,320.19538789251817,92.50835498112195,1.7961987423963748,8,CBAN32 CBAN52 ENTV12 CART13 VIALA5 PLSB1A VRDN12 CNRD12,0.0,,320.19538789251817,-166.77905166581124,project_finance,operacional,nao_identificado,principal,,-2.3897335306710423
CRNP13,IPCA+,394.2675002939383,382.4673752709072,56.054899769942026,1.9671153614381516,8,ECRD14 CRTR12 EPRL12 RDSM12 ERDVC4 ANHBB6 ECPN11 HARG11,0.0,,382.4673752709072,11.800125023031114,project_finance,operacional,grande_grupo,principal,,0.1690809136518704
CRNP23,IPCA+,385.1545108980098,386.16090797212235,77.14402387071104,1.8925832772390103,8,ECRD14 EPRL12 CRTR12 RDSM12 ERDVC4 ECPN11 ARTRA7 ANHBB6,0.0,,386.16090797212235,-1.0063970741125559,project_finance,operacional,grande_grupo,principal,,-0.014420401178411427
CRTA12,IPCA+,394.93703327483615,332.76626726895483,54.49689681824007,2.070016814209876,8,RLMS13 CNRD12 ENTV13 ENTV12 CART13 CBAN12 CBAN32 RPTA14,0.0,,332.76626726895483,62.17076600588132,project_finance,operacional,nao_identificado,principal,,0.8908286902210172
CRTR12,IPCA+,384.2741907346189,382.23844921874695,56.366881506707706,1.601495440817542,8,CRNP13 ECRD14 CRNP23 ANHBB6 HARG11 RDSM12 ECPN11 ASCP23,0.0,,382.23844921874695,2.035741515871962,project_finance,operacional,grande_grupo,principal,,0.029169609202518303
CSAN33,IPCA+,229.47436221894415,595.2913090034083,268.84085495807597,1.7699481032186923,8,MOVI37 JSMLB5 VAMO33 MOVI18 SUMI18 SUZB19 SUMI19 VAMO34,3.310822169872798,crédito negativo (2026-04-13): Credores da Raízen pedem 90% da companhia e ameaçam restring → +3.3 bps,598.6021311732811,-369.12776895433694,corporativa,operacional,grande_grupo,high_yield,S,-1.1509159596984593
CSMGA6,IPCA+,194.32392618117,263.59602862271265,65.58901285276603,2.7636891746818315,8,SBSPC6 SBSPD4 SAPRA2 CASN23 CASN24 SAPRA3 ORVR16 CAEC12,13.12041805262944,impacto negativo (2026-09-25): Notificação de Intenção de Rescisão Antecipada do Acordo de  → +7.1 bps | impacto negativo (2026-09-10): Remuneração aos acionistas 3T26 → +6.0 bps,276.71644667534207,-82.39252049417206,corporativa,operacional,grupo_inferido,principal,,-1.1805809358837276
CSMGB8,IPCA+,57.30416281182045,300.28578199371043,61.2209411410054,4.256579610910776,8,SBSPD4 SBSPC6 SAPRA2 SAPR10 CASN24 CASN23 ORVR16 CAEC12,13.12041805262944,impacto negativo (2026-09-25): Notificação de Intenção de Rescisão Antecipada do Acordo de  → +7.1 bps | impacto negativo (2026-09-10): Remuneração aos acionistas 3T26 → +6.0 bps,313.40620004633985,-256.1020372345194,corporativa,operacional,grupo_inferido,principal,,-3.6696192929483753
CSMGB9,IPCA+,107.97773598163842,249.22820656702066,67.7681987393379,4.0108900632095805,8,SBSPE9 SBSPC6 SAPRA3 SAPRB3 CASN24 CASN23 ORVR16 CAEC12,13.12041805262944,impacto negativo (2026-09-25): Notificação de Intenção de Rescisão Antecipada do Acordo de  → +7.1 bps | impacto negativo (2026-09-10): Remuneração aos acionistas 3T26 → +6.0 bps,262.3486246196501,-154.37088863801165,corporativa,operacional,grupo_inferido,principal,,-2.211940199042188
CSMGC0,IPCA+,80.06771117727969,249.22820656702066,93.78280939958204,3.755305927371369,8,SBSPE9 SBSPC6 SAPRB3 SAPRA3 BRKP28 CAEC12 ORVR16 CASN34,13.12041805262944,impacto negativo (2026-09-25): Notificação de Intenção de Rescisão Antecipada do Acordo de  → +7.1 bps | impacto negativo (2026-09-10): Remuneração aos acionistas 3T26 → +6.0 bps,262.3486246196501,-182.28091344237038,corporativa,operacional,grupo_inferido,principal,,-2.61185566474758
CSMGE1,IPCA+,85.6335317579287,249.22820656702066,93.78280939958204,3.6070065427668703,8,SBSPE9 SBSPC6 SAPRB3 BRKP28 SAPRA3 CAEC12 ORVR16 CASN34,13.12041805262944,impacto negativo (2026-09-25): Notificação de Intenção de Rescisão Antecipada do Acordo de  → +7.1 bps | impacto negativo (2026-09-10): Remuneração aos acionistas 3T26 → +6.0 bps,262.3486246196501,-176.7150928617214,corporativa,operacional,grupo_inferido,principal,,-2.532104473369374
CSMGE2,IPCA+,101.08650578784844,263.18976821127774,91.54618590446579,3.835317931705188,8,SBSPE9 SBSPE3 SAPRB3 ORVR16 SAPRA3 CAEC12 BRKP28 CASN34,13.12041805262944,impacto negativo (2026-09-25): Notificação de Intenção de Rescisão Antecipada do Acordo de  → +7.1 bps | impacto negativo (2026-09-10): Remuneração aos acionistas 3T26 → +6.0 bps,276.31018626390716,-175.22368047605872,corporativa,operacional,grupo_inferido,principal,,-2.51073441429734
CSNP12,IPCA+,266.9039901040523,254.70778664567018,69.5141243381235,2.076464437147286,8,CESPA2 SRNA11 OMGE12 OMGE22 ESAM14 CUTI11 ENMI21 SRTI11,0.0,,254.70778664567018,12.196203458382115,project_finance,operacional,grande_grupo,principal,,0.17475621824366427
CSRN29,IPCA+,287.48299981920013,215.2794964737377,90.6265789844084,0.9799678305486588,8,PALF38 ENSEA1 RIGEA3 SAELA1 CMGD28 CPLD15 ELPLC8 CPFPA2,-1.61860091791044,avanço operacional (2026-05-08): Prorrogação Concessão Neoenergia Cosern → -0.9 bps | avanço operacional (2026-04-22): Reajuste Tarifário Neoenergia Cosern 2026 → -0.7 bps,213.66089555582727,73.82210426337286,project_finance,operacional,grande_grupo,principal,,1.0577776771172271
CSRNA1,IPCA+,276.7407365320664,213.44849570997457,90.8554381536589,0.7519870271607224,8,RIGEA3 CMGD28 CPLD15 ELPLC8 PALF38 CPLD26 ENSEA1 CPFPA2,-1.61860091791044,avanço operacional (2026-05-08): Prorrogação Concessão Neoenergia Cosern → -0.9 bps | avanço operacional (2026-04-22): Reajuste Tarifário Neoenergia Cosern 2026 → -0.7 bps,211.82989479206412,64.9108417400023,project_finance,operacional,grande_grupo,principal,,0.9300905207267323
CSRNA4,IPCA+,243.71057419693608,240.28627601056996,18.309017371410473,0.503123787717178,8,CPLD37 CPFPA2 ESULA6 ENERA1 CEPEC2 CPFPA5 CPLD26 SAELA3,-1.61860091791044,avanço operacional (2026-05-08): Prorrogação Concessão Neoenergia Cosern → -0.9 bps | avanço operacional (2026-04-22): Reajuste Tarifário Neoenergia Cosern 2026 → -0.7 bps,238.66767509265952,5.042899104276557,project_finance,operacional,grande_grupo,principal,,0.0722583859358344
CSRNB2,IPCA+,268.6036710840025,223.34194886742463,25.768959180844938,0.48878984062172065,8,PALFA3 CPFPA7 CPFPA5 AESLA5 ESSDA4 AESLC2 PALFB6 ENERB4,-1.61860091791044,avanço operacional (2026-05-08): Prorrogação Concessão Neoenergia Cosern → -0.9 bps | avanço operacional (2026-04-22): Reajuste Tarifário Neoenergia Cosern 2026 → -0.7 bps,221.7233479495142,46.88032313448829,project_finance,operacional,grande_grupo,principal,,0.671735922492632
CSRNB3,IPCA+,286.8741963810114,267.33703003051295,25.094160817115302,0.42807509124570486,8,SAELA7 ENSEB4 SAELB8 AESLB0 CPFPB0 CPFPA9 ENERB8 ESCEA5,-1.61860091791044,avanço operacional (2026-05-08): Prorrogação Concessão Neoenergia Cosern → -0.9 bps | avanço operacional (2026-04-22): Reajuste Tarifário Neoenergia Cosern 2026 → -0.7 bps,265.7184291126025,21.15576726840891,project_finance,operacional,grande_grupo,principal,,0.3031354711723278
CSRNC0,IPCA+,255.43747893565276,231.88945836867563,83.8040627663978,0.7923317555066413,8,ELPLC8 RIGEA3 CMGD28 CPFPA2 PALF38 SAELA1 ESULA6 CEPEC1,-1.61860091791044,avanço operacional (2026-05-08): Prorrogação Concessão Neoenergia Cosern → -0.9 bps | avanço operacional (2026-04-22): Reajuste Tarifário Neoenergia Cosern 2026 → -0.7 bps,230.2708574507652,25.16662148488757,project_finance,operacional,grande_grupo,principal,,0.3606059550971218
CTEE18,IPCA+,215.22084559343713,204.09080038254893,37.91712668865155,1.5944669748679756,8,TAEEB2 ETEN22 ETEN21 TAEEC2 EEELA0 EEELA1 ALUP18 EQUA11,1.4807826136548732,"avanço operacional (2026-05-27): Obtenção de LI - Projeto Serra Dourada (Bloco 2) → -1.1 bps | avanço operacional (2026-04-22): Energização Jacarandá → -0.7 bps | impacto negativo (2026-07-03): ISA Energia (ISAE3, ISAE4) anuncia potencial oferta de R$ 65 → +2.7 bps | impacto negativo (2026-05-04): Isa Energia (ISAE4): Lucro cai 14%, para R$ 619,1 milhões, c → +1.4 bps | avanço operacional (2026-04-22): ISA Energia (ISAE3) registra início da operação do projeto J → -0.7 bps",205.5715829962038,9.649262597233331,corporativa,operacional,grande_grupo,principal,,0.13826176695778297
CTEE1B,IPCA+,201.71017785215165,204.76219235562684,37.07416595059309,1.1269198826836082,8,TAEEA8 EEELA0 EEELA1 TAEEC2 ALUP18 ETEN22 ETEN21 EQUA11,1.4807826136548732,"avanço operacional (2026-05-27): Obtenção de LI - Projeto Serra Dourada (Bloco 2) → -1.1 bps | avanço operacional (2026-04-22): Energização Jacarandá → -0.7 bps | impacto negativo (2026-07-03): ISA Energia (ISAE3, ISAE4) anuncia potencial oferta de R$ 65 → +2.7 bps | impacto negativo (2026-05-04): Isa Energia (ISAE4): Lucro cai 14%, para R$ 619,1 milhões, c → +1.4 bps | avanço operacional (2026-04-22): ISA Energia (ISAE3) registra início da operação do projeto J → -0.7 bps",206.2429749692817,-4.532797117130059,corporativa,operacional,grande_grupo,principal,,-0.06494926761089907
CTEE29,IPCA+,236.3404778116062,233.83712092497308,37.68664746716346,1.8648592177740548,8,ALUP18 TAEE17 TAEEA7 EEELB5 EEELB1 ETEN22 ETEN12 EQUA11,1.4807826136548732,"avanço operacional (2026-05-27): Obtenção de LI - Projeto Serra Dourada (Bloco 2) → -1.1 bps | avanço operacional (2026-04-22): Energização Jacarandá → -0.7 bps | impacto negativo (2026-07-03): ISA Energia (ISAE3, ISAE4) anuncia potencial oferta de R$ 65 → +2.7 bps | impacto negativo (2026-05-04): Isa Energia (ISAE4): Lucro cai 14%, para R$ 619,1 milhões, c → +1.4 bps | avanço operacional (2026-04-22): ISA Energia (ISAE3) registra início da operação do projeto J → -0.7 bps",235.31790353862795,1.022574272978261,corporativa,operacional,grande_grupo,principal,,0.014652200041491507
CTEE2B,IPCA+,243.13697608479575,229.31182030035663,43.44390463513788,2.027903306696852,8,TAEEC4 TAEEA7 EEELB1 ALUP18 EEELA4 ETEN12 ETEN21 EQUA11,1.4807826136548732,"avanço operacional (2026-05-27): Obtenção de LI - Projeto Serra Dourada (Bloco 2) → -1.1 bps | avanço operacional (2026-04-22): Energização Jacarandá → -0.7 bps | impacto negativo (2026-07-03): ISA Energia (ISAE3, ISAE4) anuncia potencial oferta de R$ 65 → +2.7 bps | impacto negativo (2026-05-04): Isa Energia (ISAE4): Lucro cai 14%, para R$ 619,1 milhões, c → +1.4 bps | avanço operacional (2026-04-22): ISA Energia (ISAE3) registra início da operação do projeto J → -0.7 bps",230.7926029140115,12.344373170784252,corporativa,operacional,grande_grupo,principal,,0.17687930340586308
CTGE11,IPCA+,204.55114017734746,234.04271305219152,32.92450336086644,3.990438311388873,8,CPGT27 ELTN15 FURN21 CPGT28 ELTN27 EXTZ11 CHSF13 ELET42,0.0,,234.04271305219152,-29.491572874844053,project_finance,operacional,grande_grupo,principal,,-0.42257705549533836
CTGE13,IPCA+,209.6025650643373,234.04271305219152,32.92450336086644,3.5415488025201585,8,CPGT27 ELTN15 CPGT28 FURN21 ELTN27 CHSF13 EXTZ11 ELET42,0.0,,234.04271305219152,-24.440147987854203,project_finance,operacional,grande_grupo,principal,,-0.3501965058427681
CTGE15,IPCA+,212.6024662741586,221.28194587844507,34.03177699967695,3.25406502418336,8,ELTN15 CPGT27 CPGT28 ELTN27 FURN21 CHSF13 EXTZ11 ELET23,0.0,,221.28194587844507,-8.679479604286485,project_finance,operacional,grande_grupo,principal,,-0.12436599939841703
CTNSA3,IPCA+,274.0979877487059,292.8711104989617,27.82707794354358,1.1547577650066452,8,CPIS13 CEROA4 CPIS14 CEAL12 CEAL21 CEROB4 CPFPB0 CPFPA9,0.0,,292.8711104989617,-18.773122750255766,project_finance,operacional,grupo_inferido,principal,,-0.2689951793321427
CTNSA5,IPCA+,292.8620667840082,292.8711104989617,10.26595517576291,0.8963115123216023,8,CPIS15 CEAL12 CPIS14 CEROA4 CEROB4 CEAL21 CSRNB3 SAELB8,0.0,,292.8711104989617,-0.009043714953463677,project_finance,operacional,grupo_inferido,principal,,-0.00012958503271399526
CTRR11,IPCA+,168.3223144820111,216.06914808220722,10.269285277922078,1.6827880927881371,8,EDPT11 TPNO12 XNGU17 PRTE12 JTEE11 ODYA11 LTTE15 ETBA12,0.0,,216.06914808220722,-47.74683360019611,project_finance,operacional,nao_identificado,principal,,-0.6841519249455579
CUTI11,IPCA+,229.38222840940944,259.60598610611476,52.79229610840997,0.7884477798374805,8,ESAM14 PRPO12 SRTI11 CEAD11 VDBF12 ALIG12 TBEG11 UTPS12,0.0,,259.60598610611476,-30.22375769670532,project_finance,operacional,nao_identificado,principal,,-0.4330683408334775
CYAR11,IPCA+,776.9242997867601,807.925467032846,97.77412382120966,1.4369148469079494,8,CEAM11 RISP24 RIS424 RIS422 RISP22 IRJS15 IRJS14 GSTS24,0.0,,807.925467032846,-31.001167246085856,project_finance,operacional,nao_identificado,high_yield,,-0.09665958823383758
DESK17,IPCA+,238.81996673165145,237.92939086623932,91.82378483977048,3.837120138961051,8,UNTE11 TIMS12 BRST15 ALGAB1 ALGAC2 BRST11 BCPSA5 FBRI13,4.924577653379665,"impacto negativo (2026-08-24): 1. Distribuição de dividendos intercalares, com base no lucr → +4.9 bps",242.85396851961897,-4.034001787967526,corporativa,operacional,grande_grupo,principal,,-0.057802159439122876
DESK18,IPCA+,237.50204714833723,278.71009362034175,127.75591875423568,4.394026457077659,8,BRST15 UNTE11 BRST11 TIMS12 BTCL12 ALGTA4 ALGAC2 FBRI13,4.924577653379665,"impacto negativo (2026-08-24): 1. Distribuição de dividendos intercalares, com base no lucr → +4.9 bps",283.63467127372144,-46.13262412538421,corporativa,operacional,grande_grupo,principal,,-0.6610223384120252
DESK19,IPCA+,238.2194714387082,278.71009362034175,95.09155414970003,3.8958875798492247,8,BRST15 UNTE11 TIMS12 ALGTA4 ALGAC2 BRST11 FBRI13 QMCT14,4.924577653379665,"impacto negativo (2026-08-24): 1. Distribuição de dividendos intercalares, com base no lucr → +4.9 bps",283.63467127372144,-45.415199835013226,corporativa,operacional,grande_grupo,principal,,-0.6507425528796502
EBAS13,IPCA+,322.57103435068143,336.38286537807954,75.04607443764412,1.9534676507477746,8,CAJS12 PASN12 HZTC14 CAJS11 GSTS14 RSAN44 AGIZ11 ITPE13,0.0,,336.38286537807954,-13.811831027398114,project_finance,operacional,nao_identificado,principal,,-0.19790612427916873
EBENA8,IPCA+,244.13903639986418,252.51788815177747,20.30338123188023,0.42915560616562476,8,ENERB7 ESCEA5 AESLD2 CPLDC0 CPLDA1 CMGDB1 ENERB8 PALFA7,0.0,,252.51788815177747,-8.378851751913288,project_finance,operacional,grande_grupo,principal,,-0.12005838131392635
ECER12,IPCA+,239.99182091675405,321.4959772199381,78.57042639655319,1.82307798077039,8,VPLT12 ASCP13 APRB18 ERDVA4 APFD19 CCPV11 APPSA2 COMT11,0.0,,321.4959772199381,-81.50415630318403,project_finance,operacional,grande_grupo,principal,,-1.1678517971013254
ECHP11,IPCA+,286.69645138111895,264.5913780851989,66.87939678692581,2.88516879503035,8,OMGE12 OMGE22 SAVI13 CESPA2 ALIG13 RIPR22 CEAD11 ALIG15,0.0,,264.5913780851989,22.105073295920022,project_finance,operacional,grupo_inferido,principal,,0.3167378296349313
ECHP12,IPCA+,295.2940201173957,275.73154864444575,59.4154079574635,2.9172549862259887,8,OMGE12 OMGE22 SAVI13 CESPA2 ALIG12 RIPR22 CEAD11 UTPS11,0.0,,275.73154864444575,19.562471472949937,project_finance,operacional,grupo_inferido,principal,,0.2803055512953699
ECHP22,IPCA+,290.28756129808926,264.5913780851989,65.82992631802237,2.9719518895723525,8,OMGE22 OMGE12 SAVI13 CESPA2 ALIG12 RIPR22 CEAD11 ALIG13,0.0,,264.5913780851989,25.696183212890332,project_finance,operacional,grupo_inferido,principal,,0.368193906973141
ECOC13,IPCA+,313.6727458134987,333.5875531559257,99.69578333362524,0.8396099002118124,8,COMT11 ECOV16 ERDVA4 ARTRA8 APRB18 CCPV11 APPSA2 ERDVC3,0.0,,333.5875531559257,-19.914807342427025,project_finance,operacional,grande_grupo,principal,,-0.2853540800700429
ECOV16,IPCA+,333.57252660656604,330.6526486982986,92.41722903672341,0.801238275685538,8,COMT11 ECOC13 ERDVA4 ARTRA8 CCPV11 APRB18 ASCP23 ERDVC3,0.0,,330.6526486982986,2.9198779082674378,project_finance,operacional,grande_grupo,principal,,0.04183816896161616
ECPN11,IPCA+,418.3076965840134,346.23016703272185,82.8665185307326,1.6823020855094353,8,ARTRA8 HARG11 ERDVC3 ERDVA4 ECOV16 CRTR12 ECOC13 COMT11,0.0,,346.23016703272185,72.07752955129155,project_finance,operacional,grande_grupo,principal,,1.0327801211017666
ECRD14,IPCA+,398.98719298387164,382.4673752709072,53.00869069862747,1.7084479010724367,8,CRNP13 CRNP23 CRTR12 EPRL12 RDSM12 ERDVC4 ANHBB6 HARG11,0.0,,382.4673752709072,16.519817712964425,project_finance,operacional,grande_grupo,principal,,0.2367081591778667
EDFT11,IPCA+,298.9823665818605,244.35009865523455,56.87253729957791,3.9304973226759117,8,RALM21 RALM11 JTEE12 TPNO13 ELTE12 LTTE15 IBPB11 PTAZ11,0.0,,244.35009865523455,54.63226792662596,project_finance,construcao,nao_identificado,principal,,0.782811517494829
EDPA11,IPCA+,235.70960218440345,222.98936681031364,30.023622628157156,3.438421519287677,8,EQTC11 JTEE12 ELTE12 LTTE15 TPNO13 MSGT23 XNGU17 MSGT33,0.0,,222.98936681031364,12.72023537408981,project_finance,operacional,grupo_inferido,principal,,0.18226493488163742
EDPT11,IPCA+,224.23262392887978,212.5231010304373,18.890559477499977,1.6665646239780836,8,CTRR11 TPNO12 PRTE12 XNGU17 JTEE11 LTTE15 ETBA12 ODYA11,0.0,,212.5231010304373,11.709522898442486,project_finance,operacional,nao_identificado,principal,,0.1677826994402119
EDTE12,IPCA+,219.1154466601921,213.70930695904406,16.508017095782627,1.618337243939198,8,TRCC11 TPEN11 ETBA12 JTEE11 TPNO12 PRTE12 EDPT11 CTRR11,0.0,,213.70930695904406,5.406139701148049,project_finance,operacional,nao_identificado,principal,,0.07746316570508352
EDVP17,IPCA+,256.7341105105423,250.06948338287447,15.061055055195016,0.7519581547950711,8,CEPEA8 CEPEC2 ESULA6 ENERA1 CPLD37 SAELA3 CPLD26 CSRNA4,-3.8333208616740015,avanço operacional (2026-07-14): Revisão Tarifária Periódica 2026 da ESS → -1.9 bps | avanço operacional (2026-07-14): Energisa (ENGI3) registra reajuste médio de 10% nas tarifas  → -1.9 bps,246.23616252120047,10.49794798934181,project_finance,operacional,grande_grupo,principal,,0.15042235858038236
EEELA0,IPCA+,220.08789370987748,195.57333442676392,35.66275866541523,1.2236613743472442,8,ISAEA8 TAEEA8 CTEE1B ALUP18 TAEEC2 ETEN22 ETEN21 EQUA11,0.0,,195.57333442676392,24.514559283113556,corporativa,operacional,grande_grupo,principal,,0.35126272588398927
EEELA1,IPCA+,234.69227860419363,205.95150708081962,34.200212481340245,1.2408587353283,8,ISAEA8 TRPLA4 ALUP18 TAEEA8 TAEEA4 ETEN22 ETEN21 EQUA11,0.0,,205.95150708081962,28.740771523374008,corporativa,operacional,grande_grupo,principal,,0.4118190187601474
EEELA4,IPCA+,231.678829043973,205.95150708081962,34.06629977846286,1.3785557139866151,8,TAEEA4 TAEEB8 ALUP18 ISAEA8 TRPLA4 ETEN22 ETEN12 EQUA11,0.0,,205.95150708081962,25.727321963153372,corporativa,operacional,grande_grupo,principal,,0.36864008600380177
EEELB1,IPCA+,267.95153860151294,225.20327270134783,34.350774528826655,1.745415897345009,8,TAEEA2 TAEEB4 ISAEB0 TRPLB4 ALUP18 ETEN22 ETEN12 EQUA11,0.0,,225.20327270134783,42.74826590016511,corporativa,operacional,grande_grupo,principal,,0.612528752138286
EEELB5,IPCA+,240.0783470166367,205.95150708081962,34.06629977846286,1.2893062074621642,8,TAEEA4 TAEEB8 ISAEA8 ALUP18 TRPLA4 ETEN22 ETEN12 EQUA11,0.0,,205.95150708081962,34.12683993581709,corporativa,operacional,grande_grupo,principal,,0.4889945882045318
EGIE27,IPCA+,137.39196281138462,279.75132276741834,46.65663726173519,2.6626310291684434,8,TIET39 TIET29 AURE12 ENEV32 ENEV13 OMGE41 OMGE12 CESPA2,3.3459365485191657,"avanço operacional (2026-04-16): Adesão ao mecanismo de repactuação de UBP (Uso do Bem Públic → -0.7 bps | impacto negativo (2026-07-07): Engie Brasil (EGIE3) aprova emissão de debêntures de R$ 700  → +2.8 bps | impacto negativo (2026-04-24): ENGIE Brasil (EGIE3) aprova dividendos de R$ 0,49 por ação → +1.2 bps",283.0972593159375,-145.70529650455288,corporativa,operacional,grande_grupo,principal,,-2.0877731895910197
EGIE29,IPCA+,211.24859674300396,279.75132276741834,42.639864809244024,2.492267368795056,8,TIET29 TIET39 AURE12 ENEV32 ENEV15 OMGE12 OMGE22 CESPA2,3.3459365485191657,"avanço operacional (2026-04-16): Adesão ao mecanismo de repactuação de UBP (Uso do Bem Públic → -0.7 bps | impacto negativo (2026-07-07): Engie Brasil (EGIE3) aprova emissão de debêntures de R$ 700  → +2.8 bps | impacto negativo (2026-04-24): ENGIE Brasil (EGIE3) aprova dividendos de R$ 0,49 por ação → +1.2 bps",283.0972593159375,-71.84866257293353,corporativa,operacional,grande_grupo,principal,,-1.0295007458637935
EGIE49,IPCA+,215.8050038349176,279.75132276741834,42.639864809244024,2.5932896758470196,8,TIET39 TIET29 AURE12 ENEV32 ENEV15 OMGE12 OMGE22 CESPA2,3.3459365485191657,"avanço operacional (2026-04-16): Adesão ao mecanismo de repactuação de UBP (Uso do Bem Públic → -0.7 bps | impacto negativo (2026-07-07): Engie Brasil (EGIE3) aprova emissão de debêntures de R$ 700  → +2.8 bps | impacto negativo (2026-04-24): ENGIE Brasil (EGIE3) aprova dividendos de R$ 0,49 por ação → +1.2 bps",283.0972593159375,-67.29225548101988,corporativa,operacional,grande_grupo,principal,,-0.9642131770823631
EGIEA0,IPCA+,246.81401876970912,279.11552754218565,63.47557342703872,3.3137939304039334,8,AURP13 AESOA1 AURE12 ENEV39 ENEVB4 CERR18 CESPA3 CESPA2,3.3459365485191657,"avanço operacional (2026-04-16): Adesão ao mecanismo de repactuação de UBP (Uso do Bem Públic → -0.7 bps | impacto negativo (2026-07-07): Engie Brasil (EGIE3) aprova emissão de debêntures de R$ 700  → +2.8 bps | impacto negativo (2026-04-24): ENGIE Brasil (EGIE3) aprova dividendos de R$ 0,49 por ação → +1.2 bps",282.4614640907048,-35.64744532099567,corporativa,operacional,grande_grupo,principal,,-0.5107829461522772
EGIEA1,IPCA+,208.83696266742808,270.3218201596775,67.1089999416309,2.253937422135902,8,AESOA1 AURP12 AURE12 ENEVA0 ENEV19 CERR18 CESPA3 CESPA2,3.3459365485191657,"avanço operacional (2026-04-16): Adesão ao mecanismo de repactuação de UBP (Uso do Bem Públic → -0.7 bps | impacto negativo (2026-07-07): Engie Brasil (EGIE3) aprova emissão de debêntures de R$ 700  → +2.8 bps | impacto negativo (2026-04-24): ENGIE Brasil (EGIE3) aprova dividendos de R$ 0,49 por ação → +1.2 bps",273.66775670819663,-64.83079404076855,corporativa,operacional,grande_grupo,principal,,-0.928943538123094
EGIEA6,IPCA+,237.7452144359237,274.6988614262518,63.998529612284216,2.8482973387807378,8,AURP13 AURP12 AURE12 ENEVA4 ENEVB0 CERR18 CESPA3 CESPA2,3.3459365485191657,"avanço operacional (2026-04-16): Adesão ao mecanismo de repactuação de UBP (Uso do Bem Públic → -0.7 bps | impacto negativo (2026-07-07): Engie Brasil (EGIE3) aprova emissão de debêntures de R$ 700  → +2.8 bps | impacto negativo (2026-04-24): ENGIE Brasil (EGIE3) aprova dividendos de R$ 0,49 por ação → +1.2 bps",278.044797974771,-40.29958353884726,corporativa,operacional,grande_grupo,principal,,-0.577442221267913
EGIEB1,IPCA+,243.71410337173083,285.1498233806567,64.03881341277207,3.057585247188123,8,AURP13 AURP12 AURE12 ENEVB0 ENEV29 CERR18 CESPA3 OMGE12,3.3459365485191657,"avanço operacional (2026-04-16): Adesão ao mecanismo de repactuação de UBP (Uso do Bem Públic → -0.7 bps | impacto negativo (2026-07-07): Engie Brasil (EGIE3) aprova emissão de debêntures de R$ 700  → +2.8 bps | impacto negativo (2026-04-24): ENGIE Brasil (EGIE3) aprova dividendos de R$ 0,49 por ação → +1.2 bps",288.49575992917585,-44.78165655744502,corporativa,operacional,grande_grupo,principal,,-0.6416646765012085
EGIEB2,IPCA+,201.5683789061278,271.2608605537582,65.85641823147799,2.1981713241757435,8,AESOA1 AURE12 AURP12 ENEVA0 CERR18 ENEV26 CESPA3 CESPA2,3.3459365485191657,"avanço operacional (2026-04-16): Adesão ao mecanismo de repactuação de UBP (Uso do Bem Públic → -0.7 bps | impacto negativo (2026-07-07): Engie Brasil (EGIE3) aprova emissão de debêntures de R$ 700  → +2.8 bps | impacto negativo (2026-04-24): ENGIE Brasil (EGIE3) aprova dividendos de R$ 0,49 por ação → +1.2 bps",274.60679710227737,-73.03841819614956,corporativa,operacional,grande_grupo,principal,,-1.046548443867263
EGIEB4,IPCA+,192.09419195090538,270.3218201596775,67.17258773102286,2.5063195786209698,8,AESOA1 AURP12 AURE12 ENEV18 ENEV19 CERR18 CESPA2 CESPA3,3.3459365485191657,"avanço operacional (2026-04-16): Adesão ao mecanismo de repactuação de UBP (Uso do Bem Públic → -0.7 bps | impacto negativo (2026-07-07): Engie Brasil (EGIE3) aprova emissão de debêntures de R$ 700  → +2.8 bps | impacto negativo (2026-04-24): ENGIE Brasil (EGIE3) aprova dividendos de R$ 0,49 por ação → +1.2 bps",273.66775670819663,-81.57356475729125,corporativa,operacional,grande_grupo,principal,,-1.1688463327365588
EGIEB5,IPCA+,223.1614718078246,272.5227277636327,64.64723424561573,2.430105934689326,8,AURP12 AURP13 AURE12 ENEVA4 ENEV26 CERR18 CESPA3 CESPA2,3.3459365485191657,"avanço operacional (2026-04-16): Adesão ao mecanismo de repactuação de UBP (Uso do Bem Públic → -0.7 bps | impacto negativo (2026-07-07): Engie Brasil (EGIE3) aprova emissão de debêntures de R$ 700  → +2.8 bps | impacto negativo (2026-04-24): ENGIE Brasil (EGIE3) aprova dividendos de R$ 0,49 por ação → +1.2 bps",275.86866431215185,-52.70719250432725,corporativa,operacional,grande_grupo,principal,,-0.7552276138823049
EGVG11,IPCA+,227.03488388311453,217.802572268576,69.93816087015644,1.279141623659205,8,CLCD26 CPFGA2 RDOE18 CERT11 TRRG12 ROTY13 WNTY12 CLCD27,0.0,,217.802572268576,9.232311614538531,project_finance,operacional,grupo_inferido,principal,,0.1322873850792448
EGVG21,IPCA+,233.00676334235916,219.75474936392675,68.6899654782329,1.3250867547452028,8,CLCD26 CERT11 RDOE18 CPFGA2 WNTY12 ROTY13 TRRG12 TVVH11,0.0,,219.75474936392675,13.252013978432416,project_finance,operacional,grupo_inferido,principal,,0.18988465180050682
EKTRA6,IPCA+,267.35449969445455,289.6195280891566,15.823416623368416,1.5704742645126382,8,ENMTG8 ENMTD5 CEEBD2 EQMAA2 CEED19 CEEBC3 EQMAA0 CEED17,-3.961744509845475,avanço operacional (2026-08-24): Reajuste Tarifário Neoenergia Elektro 2026 → -3.1 bps | avanço operacional (2026-05-08): Prorrogação Concessão Neoenergia Elektro → -0.9 bps,285.6577835793111,-18.30328388485657,corporativa,operacional,grande_grupo,principal,,-0.2622629807769744
EKTRA8,IPCA+,245.84135981756717,259.93413780306327,17.506532100018937,0.9838809563682314,8,CEEBC4 CEEBE3 ENMTA7 ENMTA4 EQMAA0 EQMAA2 CEED12 CEED13,-3.961744509845475,avanço operacional (2026-08-24): Reajuste Tarifário Neoenergia Elektro 2026 → -3.1 bps | avanço operacional (2026-05-08): Prorrogação Concessão Neoenergia Elektro → -0.9 bps,255.97239329321778,-10.13103347565061,corporativa,operacional,grande_grupo,principal,,-0.14516493621528406
EKTRB3,IPCA+,267.77745500767134,287.5427773360573,15.669832910819931,1.0537762882661943,8,CEEBB7 ENMTD9 ENMTD2 CEEBC4 EQMAA0 EQMAA2 CEED15 CEED19,-3.961744509845475,avanço operacional (2026-08-24): Reajuste Tarifário Neoenergia Elektro 2026 → -3.1 bps | avanço operacional (2026-05-08): Prorrogação Concessão Neoenergia Elektro → -0.9 bps,283.58103282621187,-15.803577818540532,corporativa,operacional,grande_grupo,principal,,-0.22644534454609397
EKTRB6,IPCA+,288.883891927423,293.44242299560756,13.863856534564984,1.511428659696197,8,ENMTG8 ENMTD5 CEEBD2 EQMAA2 CEED19 CEEBC3 CEED17 EQPAA1,-3.961744509845475,avanço operacional (2026-08-24): Reajuste Tarifário Neoenergia Elektro 2026 → -3.1 bps | avanço operacional (2026-05-08): Prorrogação Concessão Neoenergia Elektro → -0.9 bps,289.4806784857621,-0.5967865583390903,corporativa,operacional,grande_grupo,principal,,-0.008551198935789662
EKTRC0,IPCA+,253.01541846786492,259.93413780306327,17.309290310717905,0.8220233733731097,8,CEEBC3 ENMTA4 EQMAA0 ENMTA7 CEEBC4 CEED12 CEED13 EQMAA2,-3.961744509845475,avanço operacional (2026-08-24): Reajuste Tarifário Neoenergia Elektro 2026 → -3.1 bps | avanço operacional (2026-05-08): Prorrogação Concessão Neoenergia Elektro → -0.9 bps,255.97239329321778,-2.9569748253528587,corporativa,operacional,grande_grupo,principal,,-0.04236972101061805
EKTRC1,IPCA+,255.97909810262865,258.83652672870204,17.796397425103088,1.1847267193938114,8,CEEBC3 ENMTA5 ENMTA4 EQMAA0 CEEBB6 CEED21 CEED12 EQMAA2,-3.961744509845475,avanço operacional (2026-08-24): Reajuste Tarifário Neoenergia Elektro 2026 → -3.1 bps | avanço operacional (2026-05-08): Prorrogação Concessão Neoenergia Elektro → -0.9 bps,254.87478221885655,1.1043158837721023,corporativa,operacional,grande_grupo,principal,,0.01582345426205468
EKTT11,IPCA+,277.72825087569976,220.57474656721158,55.9907863460975,1.043690397255325,8,RATL11 SERI11 RDVE11 HSBH11 CLCD27 EUBE11 TVVH11 ROTY13,0.0,,220.57474656721158,57.15350430848818,project_finance,operacional,grupo_inferido,principal,,0.8189376560014614
ELET14,IPCA+,214.35080194219339,216.53183742363166,35.103389692445305,6.014885252792122,8,CHSF13 FURN21 EXTZ11 CPGT27 ELTN15 CTGE15 CTGE13 CPGT28,10.991812546888685,impacto negativo (2026-09-02): Axia Energia aprova 12ª e 13ª emissões de debêntures → +5.5 bps | impacto negativo (2026-09-03): Axia Energia aprova R$ 3 bilhões em novas debêntures para re → +5.5 bps,227.52364997052035,-13.172848028326968,corporativa,operacional,grupo_inferido,principal,,-0.18875030355014316
ELET16,IPCA+,242.66666117204204,240.40324833136867,33.59502388415982,6.622544516052196,8,CHSF13 FURN21 CPGTC0 CPGTA1 EXTZ11 ELTN37 ELTN15 CTGE15,10.991812546888685,impacto negativo (2026-09-02): Axia Energia aprova 12ª e 13ª emissões de debêntures → +5.5 bps | impacto negativo (2026-09-03): Axia Energia aprova R$ 3 bilhões em novas debêntures para re → +5.5 bps,251.39506087825737,-8.728399706215328,corporativa,operacional,grupo_inferido,principal,,-0.12506696277922252
ELET23,IPCA+,213.4767309676342,216.53183742363166,35.103389692445305,6.001735470935486,8,CHSF13 FURN21 EXTZ11 ELTN15 CTGE15 CPGT27 CPGT28 CTGE13,10.991812546888685,impacto negativo (2026-09-02): Axia Energia aprova 12ª e 13ª emissões de debêntures → +5.5 bps | impacto negativo (2026-09-03): Axia Energia aprova R$ 3 bilhões em novas debêntures para re → +5.5 bps,227.52364997052035,-14.046919002886142,corporativa,operacional,grupo_inferido,principal,,-0.20127463856240757
ELET42,IPCA+,244.32276789727362,216.53183742363166,35.6769033353955,6.187893287357791,8,FURN21 EXTZ11 CHSF13 CTGE11 CPGT27 CTGE13 ELTN15 CPGTC0,10.991812546888685,impacto negativo (2026-09-02): Axia Energia aprova 12ª e 13ª emissões de debêntures → +5.5 bps | impacto negativo (2026-09-03): Axia Energia aprova R$ 3 bilhões em novas debêntures para re → +5.5 bps,227.52364997052035,16.79911792675327,corporativa,operacional,grupo_inferido,principal,,0.2407101790919277
ELPLA5,IPCA+,675.6497090862346,543.6054371024793,232.8753998254882,1.138105470346703,8,NEOE26 BTEL23 NEOE16 CCLS11 CMTR29 ARTR19 BTEL33 GSTS24,0.0,,543.6054371024793,132.04427198375527,project_finance,operacional,grande_grupo,high_yield,S,0.4117053031349364
ELPLA7,IPCA+,670.7089496919693,543.6054371024793,232.8753998254882,1.1636523405319015,8,BTEL23 NEOE26 CCLS11 NEOE16 BTEL33 CMTR29 ARTR19 GSTS24,0.0,,543.6054371024793,127.10351258949004,project_finance,operacional,grande_grupo,high_yield,S,0.3963003422564895
ELPLC8,IPCA+,466.2908321263387,232.45115449290603,20.91986004468962,0.5798064747865068,8,RIGEA3 CPFPA2 CMGD28 CSRNC0 ENERA1 CPLD26 ESULA6 CSRNA4,0.0,,232.45115449290603,233.8396776334327,project_finance,operacional,grande_grupo,principal,,3.3506277488713847
ELTE12,IPCA+,214.37559391124495,222.2240121856925,24.9662166732321,2.0205839287630964,8,LTTE15 JTEE12 XNGU17 IBPB11 TPNO13 CTRR11 EDPT11 EDPA11,0.0,,222.2240121856925,-7.848418274447539,project_finance,operacional,nao_identificado,principal,,-0.11245793836722867
ELTN15,IPCA+,212.68485564290222,216.53183742363166,34.91121476515112,3.174004287625588,8,CTGE15 CPGT27 CTGE13 CPGTC0 FURN21 CHSF13 EXTZ11 ELET23,0.0,,216.53183742363166,-3.846981780729436,project_finance,operacional,grande_grupo,principal,,-0.05512239853546484
ELTN27,IPCA+,224.528640494036,233.04413534252768,33.531251752193626,4.215583551038265,8,CTGE15 CPGTC0 CPGT28 CTGE13 FURN21 CHSF13 EXTZ11 AXIA18,0.0,,233.04413534252768,-8.51549484849167,project_finance,operacional,grande_grupo,principal,,-0.12201630460445086
ELTN37,IPCA+,243.08626212170108,241.144211275347,33.97441614588711,4.6300539374190155,8,CPGTA1 CPGTC0 CTGE15 CTGE13 FURN21 CHSF13 EXTZ11 AXIA19,0.0,,241.144211275347,1.9420508463540784,project_finance,operacional,grande_grupo,principal,,0.027827140036147557
ENAT11,IPCA+,375.67017271157755,398.78172640129253,119.58282275708689,3.8710092130043496,8,COMR15 OMNG12 COMR14 ENGIA6 COCEB2 ENGIA4 COCE18 ORIG12,2.8875971946133285,"avanço operacional (2026-09-29): Brava Energia (BRAV3) inicia produção no poço PPT-52 em Papa → -4.7 bps | impacto negativo (2026-08-10): Brava Energia (BRAV3) registra rescisão de acordo de acionis → +4.2 bps | impacto negativo (2026-07-22): Negócio Leilão de R$ 5,5 bilhões para venda do controle da B → +3.4 bps",401.66932359590584,-25.999150884328287,corporativa,operacional,nao_identificado,principal,,-0.37253505171472023
ENAT12,IPCA+,391.26509390370336,398.78172640129253,119.58282275708689,4.046863548886332,8,COMR15 OMNG12 COMR14 ENGIA6 ENGIA4 COCEB2 COCE18 ORIG12,2.8875971946133285,"avanço operacional (2026-09-29): Brava Energia (BRAV3) inicia produção no poço PPT-52 em Papa → -4.7 bps | impacto negativo (2026-08-10): Brava Energia (BRAV3) registra rescisão de acordo de acionis → +4.2 bps | impacto negativo (2026-07-22): Negócio Leilão de R$ 5,5 bilhões para venda do controle da B → +3.4 bps",401.66932359590584,-10.404229692202478,corporativa,operacional,nao_identificado,principal,,-0.14907949354502992
ENAT13,IPCA+,373.2796504685283,398.78172640129253,100.52342734284034,3.2146543100286546,8,COMR14 COCEB2 COCE18 ENGIB0 ENGIB4 COMR15 ORIG12 OMNG12,2.8875971946133285,"avanço operacional (2026-09-29): Brava Energia (BRAV3) inicia produção no poço PPT-52 em Papa → -4.7 bps | impacto negativo (2026-08-10): Brava Energia (BRAV3) registra rescisão de acordo de acionis → +4.2 bps | impacto negativo (2026-07-22): Negócio Leilão de R$ 5,5 bilhões para venda do controle da B → +3.4 bps",401.66932359590584,-28.389673127377534,corporativa,operacional,nao_identificado,principal,,-0.40678822142021037
ENAT14,IPCA+,352.6290091136373,398.78172640129253,99.6475405967632,3.222791201485132,8,COMR14 COCEB2 ENGIB4 ENGIA5 COCE18 COMR15 OMNG12 ORIG12,2.8875971946133285,"avanço operacional (2026-09-29): Brava Energia (BRAV3) inicia produção no poço PPT-52 em Papa → -4.7 bps | impacto negativo (2026-08-10): Brava Energia (BRAV3) registra rescisão de acordo de acionis → +4.2 bps | impacto negativo (2026-07-22): Negócio Leilão de R$ 5,5 bilhões para venda do controle da B → +3.4 bps",401.66932359590584,-49.04031448226851,corporativa,operacional,nao_identificado,principal,,-0.7026858751287273
ENAT24,IPCA+,388.31256620569565,398.78172640129253,94.83597813007806,3.3956482909277828,8,COMR14 COMR15 ENGIB9 ENGIB6 COCE18 COCEB2 ORIG12 OMNG12,2.8875971946133285,"avanço operacional (2026-09-29): Brava Energia (BRAV3) inicia produção no poço PPT-52 em Papa → -4.7 bps | impacto negativo (2026-08-10): Brava Energia (BRAV3) registra rescisão de acordo de acionis → +4.2 bps | impacto negativo (2026-07-22): Negócio Leilão de R$ 5,5 bilhões para venda do controle da B → +3.4 bps",401.66932359590584,-13.356757390210191,corporativa,operacional,nao_identificado,principal,,-0.19138549282785478
ENAT33,IPCA+,390.96032272919285,398.78172640129253,95.40937312681,3.1789930029567808,8,COMR14 COMR15 ENGIB9 COCE18 ENGIB0 COCEB2 ORIG12 OMNG12,2.8875971946133285,"avanço operacional (2026-09-29): Brava Energia (BRAV3) inicia produção no poço PPT-52 em Papa → -4.7 bps | impacto negativo (2026-08-10): Brava Energia (BRAV3) registra rescisão de acordo de acionis → +4.2 bps | impacto negativo (2026-07-22): Negócio Leilão de R$ 5,5 bilhões para venda do controle da B → +3.4 bps",401.66932359590584,-10.709000866712984,corporativa,operacional,nao_identificado,principal,,-0.15344648021173163
ENERA1,IPCA+,258.4712424926546,247.59821029377676,76.74449391523004,0.48321014715524047,8,CPLD26 CEPEC2 CPLD37 CSRNA4 CPFPA2 ELPLC8 CEPEC1 CGOS24,-2.5024843943936244,avanço operacional (2026-05-08): Assinatura do Termo Aditivo da  Prorrogação da Concessão → -0.9 bps | avanço operacional (2026-04-22): Aneel homologa reajuste tarifário da EMS → -0.7 bps | avanço operacional (2026-05-08): Energisa (ENGI3) conclui prorrogação de 4 concessões por 30  → -0.9 bps,245.09572589938313,13.37551659327147,project_finance,operacional,grande_grupo,principal,,0.19165428855559422
ENERB4,IPCA+,290.11105206864846,262.29031305486984,24.187464477232904,0.46172196253317516,8,FLCLA9 AESLB0 ESSDA4 CPFPB0 ESCEA5 CPFPA9 CSRNB3 ESSDA5,-2.5024843943936244,avanço operacional (2026-05-08): Assinatura do Termo Aditivo da  Prorrogação da Concessão → -0.9 bps | avanço operacional (2026-04-22): Aneel homologa reajuste tarifário da EMS → -0.7 bps | avanço operacional (2026-05-08): Energisa (ENGI3) conclui prorrogação de 4 concessões por 30  → -0.9 bps,259.78782866047624,30.323223408172225,project_finance,operacional,grande_grupo,principal,,0.43449355906964304
ENERB7,IPCA+,297.45593487452265,246.64960254096786,17.571776901349335,0.4444656184386383,8,ESCEA5 EBENA8 PALFB3 PALFA7 FLCLA9 AESLD2 CPLDC0 CPLDA1,-2.5024843943936244,avanço operacional (2026-05-08): Assinatura do Termo Aditivo da  Prorrogação da Concessão → -0.9 bps | avanço operacional (2026-04-22): Aneel homologa reajuste tarifário da EMS → -0.7 bps | avanço operacional (2026-05-08): Energisa (ENGI3) conclui prorrogação de 4 concessões por 30  → -0.9 bps,244.14711814657423,53.308816727948425,project_finance,operacional,grande_grupo,principal,,0.7638481304621229
ENERB8,IPCA+,283.1326481632183,269.8271172388569,23.245702597137612,0.44235390176838274,8,AESLB0 FLCLA9 ESCEA5 CSRNB3 CPFPB0 SAELA7 ENSEB4 CPLDC0,-2.5024843943936244,avanço operacional (2026-05-08): Assinatura do Termo Aditivo da  Prorrogação da Concessão → -0.9 bps | avanço operacional (2026-04-22): Aneel homologa reajuste tarifário da EMS → -0.7 bps | avanço operacional (2026-05-08): Energisa (ENGI3) conclui prorrogação de 4 concessões por 30  → -0.9 bps,267.3246328444633,15.808015318754997,project_finance,operacional,grande_grupo,principal,,0.2265089283292427
ENERC7,IPCA+,299.90692459454107,290.26265103396224,18.604215939463053,0.5680786024015746,8,CMGDB4 CEPEB7 CEPEA7 CMGDB2 ENSEC4 ESSDB5 FLCLB9 SAELB7,-2.5024843943936244,avanço operacional (2026-05-08): Assinatura do Termo Aditivo da  Prorrogação da Concessão → -0.9 bps | avanço operacional (2026-04-22): Aneel homologa reajuste tarifário da EMS → -0.7 bps | avanço operacional (2026-05-08): Energisa (ENGI3) conclui prorrogação de 4 concessões por 30  → -0.9 bps,287.76016663956864,12.14675795497243,project_finance,operacional,grande_grupo,principal,,0.1740477265220792
ENEV13,IPCA+,224.37735925021886,288.010470324278,86.72332447563899,3.4713401432655635,8,TIET29 EGIE29 TIET39 EGIE27 ECHP12 ECHP22 CERR18 AURE12,-4.885799842171229,avanço operacional (2026-08-04): Eneva Inicia a Operação Comercial da UTE Azulão I → -2.4 bps | avanço operacional (2026-08-04): Eneva (ENEV3) anuncia início da operação comercial da UTE Az → -2.4 bps,283.12467048210675,-58.74731123188789,corporativa,operacional,grupo_inferido,principal,,-0.8417748996973657
ENEV15,IPCA+,237.6349187061417,286.22228602832786,76.63857256323624,3.2961011920222925,8,TIET29 EGIE29 EGIEB4 TIET39 CERR18 ECHP11 ECHP22 AURE12,-4.885799842171229,avanço operacional (2026-08-04): Eneva Inicia a Operação Comercial da UTE Azulão I → -2.4 bps | avanço operacional (2026-08-04): Eneva (ENEV3) anuncia início da operação comercial da UTE Az → -2.4 bps,281.3364861861566,-43.701567480014916,corporativa,operacional,grupo_inferido,principal,,-0.6261883618281987
ENEV16,IPCA+,240.62701578664073,286.22228602832786,76.63857256323624,3.373945829264769,8,EGIE29 TIET29 TIET39 EGIEB4 CERR18 AURE12 ECHP11 ECHP22,-4.885799842171229,avanço operacional (2026-08-04): Eneva Inicia a Operação Comercial da UTE Azulão I → -2.4 bps | avanço operacional (2026-08-04): Eneva (ENEV3) anuncia início da operação comercial da UTE Az → -2.4 bps,281.3364861861566,-40.70947039951588,corporativa,operacional,grupo_inferido,principal,,-0.583315383184459
ENEV18,IPCA+,257.59826805295836,275.15406705934424,77.12643599723302,3.3188983632969062,8,EGIEB4 AESOA1 EGIEA1 CERR18 AURP12 AURE12 ECHP11 ECHP22,-4.885799842171229,avanço operacional (2026-08-04): Eneva Inicia a Operação Comercial da UTE Azulão I → -2.4 bps | avanço operacional (2026-08-04): Eneva (ENEV3) anuncia início da operação comercial da UTE Az → -2.4 bps,270.268267217173,-12.66999916421463,corporativa,operacional,grupo_inferido,principal,,-0.1815451133333467
ENEV19,IPCA+,249.7207953976966,275.15406705934424,77.12643599723302,3.302620338722238,8,EGIEB4 AESOA1 EGIEA1 CERR18 AURP12 AURE12 ECHP11 ECHP22,-4.885799842171229,avanço operacional (2026-08-04): Eneva Inicia a Operação Comercial da UTE Azulão I → -2.4 bps | avanço operacional (2026-08-04): Eneva (ENEV3) anuncia início da operação comercial da UTE Az → -2.4 bps,270.268267217173,-20.547471819476385,corporativa,operacional,grupo_inferido,principal,,-0.2944193643450659
ENEV26,IPCA+,271.2909306679654,255.21259757752773,77.31696136213498,3.4490640521440987,8,AURP13 AESOA1 EGIEB2 CERR18 EGIEB5 AURE12 CPJG18 UHSM12,-4.885799842171229,avanço operacional (2026-08-04): Eneva Inicia a Operação Comercial da UTE Azulão I → -2.4 bps | avanço operacional (2026-08-04): Eneva (ENEV3) anuncia início da operação comercial da UTE Az → -2.4 bps,250.3267977353565,20.96413293260892,corporativa,operacional,grupo_inferido,principal,,0.30038959275825244
ENEV28,IPCA+,280.395448958799,275.15406705934424,69.99082303213814,3.622090016973674,8,AURP13 EGIEA6 AESOA1 EGIEB1 CERR18 AURE12 CPJG18 ECHP11,-4.885799842171229,avanço operacional (2026-08-04): Eneva Inicia a Operação Comercial da UTE Azulão I → -2.4 bps | avanço operacional (2026-08-04): Eneva (ENEV3) anuncia início da operação comercial da UTE Az → -2.4 bps,270.268267217173,10.127181741626032,corporativa,operacional,grupo_inferido,principal,,0.145109745723086
ENEV29,IPCA+,279.1976304073778,281.6250303202537,67.08502147589725,3.615391112919929,8,AURP13 EGIEA6 AESOA1 EGIEB1 CERR18 AURE12 ECHP11 ECHP12,-4.885799842171229,avanço operacional (2026-08-04): Eneva Inicia a Operação Comercial da UTE Azulão I → -2.4 bps | avanço operacional (2026-08-04): Eneva (ENEV3) anuncia início da operação comercial da UTE Az → -2.4 bps,276.73923047808245,2.4583999292953536,corporativa,operacional,grupo_inferido,principal,,0.035225771367308666
ENEV32,IPCA+,265.4449253179502,288.010470324278,86.72332447563899,3.1830397406384243,8,TIET29 EGIE29 TIET39 EGIE27 ECHP12 ECHP22 CERR18 AURE12,-4.885799842171229,avanço operacional (2026-08-04): Eneva Inicia a Operação Comercial da UTE Azulão I → -2.4 bps | avanço operacional (2026-08-04): Eneva (ENEV3) anuncia início da operação comercial da UTE Az → -2.4 bps,283.12467048210675,-17.679745164156543,corporativa,operacional,grupo_inferido,principal,,-0.25332845708442825
ENEV39,IPCA+,290.99657223561815,281.6250303202537,66.1529721741111,4.217553508123903,8,EGIEA0 EGIEB1 AURP13 AESOA1 CERR18 AURE12 ECHP11 ECHP12,-4.885799842171229,avanço operacional (2026-08-04): Eneva Inicia a Operação Comercial da UTE Azulão I → -2.4 bps | avanço operacional (2026-08-04): Eneva (ENEV3) anuncia início da operação comercial da UTE Az → -2.4 bps,276.73923047808245,14.257341757535698,corporativa,operacional,grupo_inferido,principal,,0.20428973132963246
ENEVA0,IPCA+,258.6709180128218,275.15406705934424,75.77966221908113,3.108828731926578,8,AESOA1 CERR18 EGIEB2 EGIEA1 AURE12 AURP12 ECHP11 ECHP22,-4.885799842171229,avanço operacional (2026-08-04): Eneva Inicia a Operação Comercial da UTE Azulão I → -2.4 bps | avanço operacional (2026-08-04): Eneva (ENEV3) anuncia início da operação comercial da UTE Az → -2.4 bps,270.268267217173,-11.59734920435119,corporativa,operacional,grupo_inferido,principal,,-0.16617539183561925
ENEVA4,IPCA+,275.6431979932037,272.4926576494255,72.04120106956633,3.527463350937481,8,AURP13 EGIEB5 EGIEA6 AURP12 CERR18 AURE12 UHSM12 ECHP11,-4.885799842171229,avanço operacional (2026-08-04): Eneva Inicia a Operação Comercial da UTE Azulão I → -2.4 bps | avanço operacional (2026-08-04): Eneva (ENEV3) anuncia início da operação comercial da UTE Az → -2.4 bps,267.60685780725424,8.036340185949484,corporativa,operacional,grupo_inferido,principal,,0.1151506224218416
ENEVB0,IPCA+,291.10201635393565,281.6250303202537,67.08502147589725,3.740656618594646,8,AURP13 EGIEB1 EGIEA6 AESOA1 CERR18 AURE12 ECHP11 ECHP12,-4.885799842171229,avanço operacional (2026-08-04): Eneva Inicia a Operação Comercial da UTE Azulão I → -2.4 bps | avanço operacional (2026-08-04): Eneva (ENEV3) anuncia início da operação comercial da UTE Az → -2.4 bps,276.73923047808245,14.362785875853206,corporativa,operacional,grupo_inferido,principal,,0.20580061259822433
ENEVB4,IPCA+,281.6774458249827,281.6250303202537,66.78737279474717,3.9976177755336257,8,EGIEA0 AURP13 EGIEA6 AESOA1 CERR18 AURE12 ECHP11 ECHP12,-4.885799842171229,avanço operacional (2026-08-04): Eneva Inicia a Operação Comercial da UTE Azulão I → -2.4 bps | avanço operacional (2026-08-04): Eneva (ENEV3) anuncia início da operação comercial da UTE Az → -2.4 bps,276.73923047808245,4.938215346900279,corporativa,operacional,grupo_inferido,principal,,0.07075839968084595
ENGI39,IPCA+,165.1894046030509,398.78172640129253,66.21184321637776,4.668068137155814,8,COCEB2 COCE18 ENAT13 ENAT14 COMR14 COMR15 OMNG12 ORIG12,-5.269327682887089,impacto negativo (2026-05-29): Descontinuidade de Projeções Divulgadas → +1.8 bps | avanço operacional (2026-05-08): Assinatura do Termo Aditivo da  Prorrogação das Concessões E → -0.9 bps | avanço operacional (2026-08-24): Aneel homologa reajuste tarifário da EPB → -3.1 bps | avanço operacional (2026-07-14): Revisão Tarifária Periódica 2026 da ESS → -1.9 bps | avanço operacional (2026-06-30): Aneel homologa reajuste tarifário da ETO → -1.6 bps | avanço operacional (2026-07-14): Energisa (ENGI3) registra reajuste médio de 10% nas tarifas  → -1.9 bps | impacto negativo (2026-07-10): Energisa Mato Grosso (ENMT3) anuncia emissão de debêntures n → +2.9 bps | avanço operacional (2026-08-24): Energisa (ENGI3) registra reajuste médio de 6% na EPB → -3.1 bps | avanço operacional (2026-05-08): Energisa (ENGI3) conclui prorrogação de 4 concessões por 30  → -0.9 bps | avanço operacional (2026-04-23): Energisa (ENGI3) registra reajuste médio de 7% na tarifa da  → -0.7 bps,393.51239871840545,-228.32299411535456,corporativa,operacional,grande_grupo,principal,,-3.271580629646434
ENGIA4,IPCA+,140.02231579137373,398.78172640129253,66.21184321637776,4.659952286113011,8,COCEB2 COCE18 ENAT13 ENAT14 COMR14 COMR15 OMNG12 ORIG12,-5.269327682887089,impacto negativo (2026-05-29): Descontinuidade de Projeções Divulgadas → +1.8 bps | avanço operacional (2026-05-08): Assinatura do Termo Aditivo da  Prorrogação das Concessões E → -0.9 bps | avanço operacional (2026-08-24): Aneel homologa reajuste tarifário da EPB → -3.1 bps | avanço operacional (2026-07-14): Revisão Tarifária Periódica 2026 da ESS → -1.9 bps | avanço operacional (2026-06-30): Aneel homologa reajuste tarifário da ETO → -1.6 bps | avanço operacional (2026-07-14): Energisa (ENGI3) registra reajuste médio de 10% nas tarifas  → -1.9 bps | impacto negativo (2026-07-10): Energisa Mato Grosso (ENMT3) anuncia emissão de debêntures n → +2.9 bps | avanço operacional (2026-08-24): Energisa (ENGI3) registra reajuste médio de 6% na EPB → -3.1 bps | avanço operacional (2026-05-08): Energisa (ENGI3) conclui prorrogação de 4 concessões por 30  → -0.9 bps | avanço operacional (2026-04-23): Energisa (ENGI3) registra reajuste médio de 7% na tarifa da  → -0.7 bps,393.51239871840545,-253.49008292703172,corporativa,operacional,grande_grupo,principal,,-3.6321932809472317
ENGIA5,IPCA+,257.8661732552965,398.78172640129253,65.80754017564745,3.6716438472811546,8,COCEB2 COCE18 ENAT14 RRRP13 COMR14 COMR15 ORIG12 OMNG12,-5.269327682887089,impacto negativo (2026-05-29): Descontinuidade de Projeções Divulgadas → +1.8 bps | avanço operacional (2026-05-08): Assinatura do Termo Aditivo da  Prorrogação das Concessões E → -0.9 bps | avanço operacional (2026-08-24): Aneel homologa reajuste tarifário da EPB → -3.1 bps | avanço operacional (2026-07-14): Revisão Tarifária Periódica 2026 da ESS → -1.9 bps | avanço operacional (2026-06-30): Aneel homologa reajuste tarifário da ETO → -1.6 bps | avanço operacional (2026-07-14): Energisa (ENGI3) registra reajuste médio de 10% nas tarifas  → -1.9 bps | impacto negativo (2026-07-10): Energisa Mato Grosso (ENMT3) anuncia emissão de debêntures n → +2.9 bps | avanço operacional (2026-08-24): Energisa (ENGI3) registra reajuste médio de 6% na EPB → -3.1 bps | avanço operacional (2026-05-08): Energisa (ENGI3) conclui prorrogação de 4 concessões por 30  → -0.9 bps | avanço operacional (2026-04-23): Energisa (ENGI3) registra reajuste médio de 7% na tarifa da  → -0.7 bps,393.51239871840545,-135.64622546310898,corporativa,operacional,grande_grupo,principal,,-1.9436393843256652
ENGIA6,IPCA+,275.2316981781785,398.78172640129253,66.21184321637776,4.307185592367435,8,COCEB2 COCE18 ENAT14 ENAT13 COMR14 COMR15 OMNG12 ORIG12,-5.269327682887089,impacto negativo (2026-05-29): Descontinuidade de Projeções Divulgadas → +1.8 bps | avanço operacional (2026-05-08): Assinatura do Termo Aditivo da  Prorrogação das Concessões E → -0.9 bps | avanço operacional (2026-08-24): Aneel homologa reajuste tarifário da EPB → -3.1 bps | avanço operacional (2026-07-14): Revisão Tarifária Periódica 2026 da ESS → -1.9 bps | avanço operacional (2026-06-30): Aneel homologa reajuste tarifário da ETO → -1.6 bps | avanço operacional (2026-07-14): Energisa (ENGI3) registra reajuste médio de 10% nas tarifas  → -1.9 bps | impacto negativo (2026-07-10): Energisa Mato Grosso (ENMT3) anuncia emissão de debêntures n → +2.9 bps | avanço operacional (2026-08-24): Energisa (ENGI3) registra reajuste médio de 6% na EPB → -3.1 bps | avanço operacional (2026-05-08): Energisa (ENGI3) conclui prorrogação de 4 concessões por 30  → -0.9 bps | avanço operacional (2026-04-23): Energisa (ENGI3) registra reajuste médio de 7% na tarifa da  → -0.7 bps,393.51239871840545,-118.28070054022697,corporativa,operacional,grande_grupo,principal,,-1.6948133071210192
ENGIA9,IPCA+,251.92425491576054,398.78172640129253,66.21184321637776,3.804015219847166,8,COCEB2 COCE18 ENAT14 ENAT13 COMR14 COMR15 OMNG12 ORIG12,-5.269327682887089,impacto negativo (2026-05-29): Descontinuidade de Projeções Divulgadas → +1.8 bps | avanço operacional (2026-05-08): Assinatura do Termo Aditivo da  Prorrogação das Concessões E → -0.9 bps | avanço operacional (2026-08-24): Aneel homologa reajuste tarifário da EPB → -3.1 bps | avanço operacional (2026-07-14): Revisão Tarifária Periódica 2026 da ESS → -1.9 bps | avanço operacional (2026-06-30): Aneel homologa reajuste tarifário da ETO → -1.6 bps | avanço operacional (2026-07-14): Energisa (ENGI3) registra reajuste médio de 10% nas tarifas  → -1.9 bps | impacto negativo (2026-07-10): Energisa Mato Grosso (ENMT3) anuncia emissão de debêntures n → +2.9 bps | avanço operacional (2026-08-24): Energisa (ENGI3) registra reajuste médio de 6% na EPB → -3.1 bps | avanço operacional (2026-05-08): Energisa (ENGI3) conclui prorrogação de 4 concessões por 30  → -0.9 bps | avanço operacional (2026-04-23): Energisa (ENGI3) registra reajuste médio de 7% na tarifa da  → -0.7 bps,393.51239871840545,-141.5881438026449,corporativa,operacional,grande_grupo,principal,,-2.0287795823941317
ENGIB0,IPCA+,252.63318993401694,398.78172640129253,63.533146891711745,3.5027518756878058,8,COCE18 COCEB2 RRRP13 ENAT13 COMR14 COMR15 ORIG12 OMNG12,-5.269327682887089,impacto negativo (2026-05-29): Descontinuidade de Projeções Divulgadas → +1.8 bps | avanço operacional (2026-05-08): Assinatura do Termo Aditivo da  Prorrogação das Concessões E → -0.9 bps | avanço operacional (2026-08-24): Aneel homologa reajuste tarifário da EPB → -3.1 bps | avanço operacional (2026-07-14): Revisão Tarifária Periódica 2026 da ESS → -1.9 bps | avanço operacional (2026-06-30): Aneel homologa reajuste tarifário da ETO → -1.6 bps | avanço operacional (2026-07-14): Energisa (ENGI3) registra reajuste médio de 10% nas tarifas  → -1.9 bps | impacto negativo (2026-07-10): Energisa Mato Grosso (ENMT3) anuncia emissão de debêntures n → +2.9 bps | avanço operacional (2026-08-24): Energisa (ENGI3) registra reajuste médio de 6% na EPB → -3.1 bps | avanço operacional (2026-05-08): Energisa (ENGI3) conclui prorrogação de 4 concessões por 30  → -0.9 bps | avanço operacional (2026-04-23): Energisa (ENGI3) registra reajuste médio de 7% na tarifa da  → -0.7 bps,393.51239871840545,-140.8792087843885,corporativa,operacional,grande_grupo,principal,,-2.018621437427647
ENGIB2,IPCA+,289.5816331829689,398.78172640129253,61.29182316712461,4.033625179803085,8,COCE18 COCEB2 ENAT33 COMR14 ENAT24 COMR15 ORIG12 OMNG12,-5.269327682887089,impacto negativo (2026-05-29): Descontinuidade de Projeções Divulgadas → +1.8 bps | avanço operacional (2026-05-08): Assinatura do Termo Aditivo da  Prorrogação das Concessões E → -0.9 bps | avanço operacional (2026-08-24): Aneel homologa reajuste tarifário da EPB → -3.1 bps | avanço operacional (2026-07-14): Revisão Tarifária Periódica 2026 da ESS → -1.9 bps | avanço operacional (2026-06-30): Aneel homologa reajuste tarifário da ETO → -1.6 bps | avanço operacional (2026-07-14): Energisa (ENGI3) registra reajuste médio de 10% nas tarifas  → -1.9 bps | impacto negativo (2026-07-10): Energisa Mato Grosso (ENMT3) anuncia emissão de debêntures n → +2.9 bps | avanço operacional (2026-08-24): Energisa (ENGI3) registra reajuste médio de 6% na EPB → -3.1 bps | avanço operacional (2026-05-08): Energisa (ENGI3) conclui prorrogação de 4 concessões por 30  → -0.9 bps | avanço operacional (2026-04-23): Energisa (ENGI3) registra reajuste médio de 7% na tarifa da  → -0.7 bps,393.51239871840545,-103.93076553543654,corporativa,operacional,grande_grupo,principal,,-1.489196831302386
ENGIB4,IPCA+,240.656330238593,398.78172640129253,66.21184321637776,3.715142094493847,8,COCEB2 COCE18 ENAT14 ENAT13 COMR14 COMR15 OMNG12 ORIG12,-5.269327682887089,impacto negativo (2026-05-29): Descontinuidade de Projeções Divulgadas → +1.8 bps | avanço operacional (2026-05-08): Assinatura do Termo Aditivo da  Prorrogação das Concessões E → -0.9 bps | avanço operacional (2026-08-24): Aneel homologa reajuste tarifário da EPB → -3.1 bps | avanço operacional (2026-07-14): Revisão Tarifária Periódica 2026 da ESS → -1.9 bps | avanço operacional (2026-06-30): Aneel homologa reajuste tarifário da ETO → -1.6 bps | avanço operacional (2026-07-14): Energisa (ENGI3) registra reajuste médio de 10% nas tarifas  → -1.9 bps | impacto negativo (2026-07-10): Energisa Mato Grosso (ENMT3) anuncia emissão de debêntures n → +2.9 bps | avanço operacional (2026-08-24): Energisa (ENGI3) registra reajuste médio de 6% na EPB → -3.1 bps | avanço operacional (2026-05-08): Energisa (ENGI3) conclui prorrogação de 4 concessões por 30  → -0.9 bps | avanço operacional (2026-04-23): Energisa (ENGI3) registra reajuste médio de 7% na tarifa da  → -0.7 bps,393.51239871840545,-152.85606847981245,corporativa,operacional,grande_grupo,principal,,-2.190234736102881
ENGIB6,IPCA+,255.7806905785063,398.78172640129253,62.29756286794831,3.7548692053399826,8,COCE18 COCEB2 ENAT24 RRRP13 COMR14 COMR15 ORIG12 OMNG12,-5.269327682887089,impacto negativo (2026-05-29): Descontinuidade de Projeções Divulgadas → +1.8 bps | avanço operacional (2026-05-08): Assinatura do Termo Aditivo da  Prorrogação das Concessões E → -0.9 bps | avanço operacional (2026-08-24): Aneel homologa reajuste tarifário da EPB → -3.1 bps | avanço operacional (2026-07-14): Revisão Tarifária Periódica 2026 da ESS → -1.9 bps | avanço operacional (2026-06-30): Aneel homologa reajuste tarifário da ETO → -1.6 bps | avanço operacional (2026-07-14): Energisa (ENGI3) registra reajuste médio de 10% nas tarifas  → -1.9 bps | impacto negativo (2026-07-10): Energisa Mato Grosso (ENMT3) anuncia emissão de debêntures n → +2.9 bps | avanço operacional (2026-08-24): Energisa (ENGI3) registra reajuste médio de 6% na EPB → -3.1 bps | avanço operacional (2026-05-08): Energisa (ENGI3) conclui prorrogação de 4 concessões por 30  → -0.9 bps | avanço operacional (2026-04-23): Energisa (ENGI3) registra reajuste médio de 7% na tarifa da  → -0.7 bps,393.51239871840545,-137.73170813989915,corporativa,operacional,grande_grupo,principal,,-1.9735217216490926
ENGIB9,IPCA+,270.2741472904239,398.78172640129253,61.29182316712461,3.6591572153628245,8,COCE18 COCEB2 COMR14 ENAT33 ENAT24 COMR15 ORIG12 OMNG12,-5.269327682887089,impacto negativo (2026-05-29): Descontinuidade de Projeções Divulgadas → +1.8 bps | avanço operacional (2026-05-08): Assinatura do Termo Aditivo da  Prorrogação das Concessões E → -0.9 bps | avanço operacional (2026-08-24): Aneel homologa reajuste tarifário da EPB → -3.1 bps | avanço operacional (2026-07-14): Revisão Tarifária Periódica 2026 da ESS → -1.9 bps | avanço operacional (2026-06-30): Aneel homologa reajuste tarifário da ETO → -1.6 bps | avanço operacional (2026-07-14): Energisa (ENGI3) registra reajuste médio de 10% nas tarifas  → -1.9 bps | impacto negativo (2026-07-10): Energisa Mato Grosso (ENMT3) anuncia emissão de debêntures n → +2.9 bps | avanço operacional (2026-08-24): Energisa (ENGI3) registra reajuste médio de 6% na EPB → -3.1 bps | avanço operacional (2026-05-08): Energisa (ENGI3) conclui prorrogação de 4 concessões por 30  → -0.9 bps | avanço operacional (2026-04-23): Energisa (ENGI3) registra reajuste médio de 7% na tarifa da  → -0.7 bps,393.51239871840545,-123.23825142798154,corporativa,operacional,grande_grupo,principal,,-1.7658487607235154
ENGIC0,IPCA+,297.9108502641701,398.78172640129253,61.29182316712461,4.677999405348027,8,COCE18 COCEB2 ENAT33 COMR14 ENAT24 COMR15 ORIG12 OMNG12,-5.269327682887089,impacto negativo (2026-05-29): Descontinuidade de Projeções Divulgadas → +1.8 bps | avanço operacional (2026-05-08): Assinatura do Termo Aditivo da  Prorrogação das Concessões E → -0.9 bps | avanço operacional (2026-08-24): Aneel homologa reajuste tarifário da EPB → -3.1 bps | avanço operacional (2026-07-14): Revisão Tarifária Periódica 2026 da ESS → -1.9 bps | avanço operacional (2026-06-30): Aneel homologa reajuste tarifário da ETO → -1.6 bps | avanço operacional (2026-07-14): Energisa (ENGI3) registra reajuste médio de 10% nas tarifas  → -1.9 bps | impacto negativo (2026-07-10): Energisa Mato Grosso (ENMT3) anuncia emissão de debêntures n → +2.9 bps | avanço operacional (2026-08-24): Energisa (ENGI3) registra reajuste médio de 6% na EPB → -3.1 bps | avanço operacional (2026-05-08): Energisa (ENGI3) conclui prorrogação de 4 concessões por 30  → -0.9 bps | avanço operacional (2026-04-23): Energisa (ENGI3) registra reajuste médio de 7% na tarifa da  → -0.7 bps,393.51239871840545,-95.60154845423534,corporativa,operacional,grande_grupo,principal,,-1.369849652238981
ENJG21,IPCA+,273.74714464165845,309.16444670656625,75.7789507649158,2.5207534041783823,8,ENMI21 RIPR22 OMGE41 CSNP12 ALIG12 ASSR21 CEAD11 OMGE12,0.0,,309.16444670656625,-35.4173020649078,project_finance,operacional,grande_grupo,principal,,-0.5074852834636019
ENMI21,IPCA+,221.13433765248888,270.3255673728554,63.35889837088932,2.5118447509049178,8,ENJG21 CSNP12 OMGE41 RIPR22 ALIG12 CUTI11 CEAD11 OMGE12,0.0,,270.3255673728554,-49.19122972036652,project_finance,operacional,grande_grupo,principal,,-0.7048483002125121
ENMTA3,IPCA+,151.7649003229047,253.76292584549793,17.449077540163834,1.9436315053635433,8,EKTRC1 CEEBB6 CEEBC3 EKTRC0 CEED21 EQMAA0 CEED12 EQMAA2,-2.5024843943936244,avanço operacional (2026-05-08): Assinatura do Termo Aditivo da  Prorrogação da Concessão → -0.9 bps | avanço operacional (2026-04-22): Aneel homologa reajuste tarifário da EMT → -0.7 bps | avanço operacional (2026-05-08): Energisa (ENGI3) conclui prorrogação de 4 concessões por 30  → -0.9 bps,251.2604414511043,-99.49554112819959,corporativa,operacional,grande_grupo,principal,,-1.4256456576018495
ENMTA4,IPCA+,263.16262023427316,254.8103371420977,18.162089703202543,0.8537041517378962,8,CEEBC3 CEEBC4 EKTRC0 EQMAA0 EKTRA8 CEED12 CEED13 EQMAA2,-2.5024843943936244,avanço operacional (2026-05-08): Assinatura do Termo Aditivo da  Prorrogação da Concessão → -0.9 bps | avanço operacional (2026-04-22): Aneel homologa reajuste tarifário da EMT → -0.7 bps | avanço operacional (2026-05-08): Energisa (ENGI3) conclui prorrogação de 4 concessões por 30  → -0.9 bps,252.30785274770406,10.854767486569102,corporativa,operacional,grande_grupo,principal,,0.15553513208763237
ENMTA5,IPCA+,271.0041413046251,255.2447656628798,14.75247524533594,1.598891813717286,8,EKTRC1 CEEBB6 CEEBC3 EKTRC0 CEED21 CEED13 EQMAA0 EQMAA2,-2.5024843943936244,avanço operacional (2026-05-08): Assinatura do Termo Aditivo da  Prorrogação da Concessão → -0.9 bps | avanço operacional (2026-04-22): Aneel homologa reajuste tarifário da EMT → -0.7 bps | avanço operacional (2026-05-08): Energisa (ENGI3) conclui prorrogação de 4 concessões por 30  → -0.9 bps,252.74228126848615,18.261860036138927,corporativa,operacional,grande_grupo,principal,,0.2616694292531994
ENMTA7,IPCA+,256.70565537185337,254.8103371420977,18.162089703202543,0.8795111739445833,8,CEEBC3 CEEBC4 EKTRC0 EKTRA8 EQMAA0 CEED12 CEED13 EQMAA2,-2.5024843943936244,avanço operacional (2026-05-08): Assinatura do Termo Aditivo da  Prorrogação da Concessão → -0.9 bps | avanço operacional (2026-04-22): Aneel homologa reajuste tarifário da EMT → -0.7 bps | avanço operacional (2026-05-08): Energisa (ENGI3) conclui prorrogação de 4 concessões por 30  → -0.9 bps,252.30785274770406,4.397802624149307,corporativa,operacional,grande_grupo,principal,,0.06301496673132302
ENMTB3,IPCA+,239.64393548061201,255.2447656628798,17.691134803143655,1.310765040600013,8,CEEBB6 CEEBC3 EKTRC1 EKTRC0 EQMAA0 CEED12 CEED13 EQMAA2,-2.5024843943936244,avanço operacional (2026-05-08): Assinatura do Termo Aditivo da  Prorrogação da Concessão → -0.9 bps | avanço operacional (2026-04-22): Aneel homologa reajuste tarifário da EMT → -0.7 bps | avanço operacional (2026-05-08): Energisa (ENGI3) conclui prorrogação de 4 concessões por 30  → -0.9 bps,252.74228126848615,-13.098345787874138,corporativa,operacional,grande_grupo,principal,,-0.18768278037896577
ENMTB5,IPCA+,251.26131579750125,254.06282976446468,18.292494152485666,1.167696232741944,8,CEEBC4 CEEBE3 EKTRA8 EKTRC0 EQMAA0 CEED13 CEED12 EQMAA2,-2.5024843943936244,avanço operacional (2026-05-08): Assinatura do Termo Aditivo da  Prorrogação da Concessão → -0.9 bps | avanço operacional (2026-04-22): Aneel homologa reajuste tarifário da EMT → -0.7 bps | avanço operacional (2026-05-08): Energisa (ENGI3) conclui prorrogação de 4 concessões por 30  → -0.9 bps,251.56034537007105,-0.29902957256979334,corporativa,operacional,grande_grupo,principal,,-0.004284716750063845
ENMTC5,IPCA+,291.7047398104996,290.84091520055256,10.180171698770495,1.0378478098558241,8,CEEBD2 EQMAA2 CEEBB7 CEED17 EKTRB3 CEED19 EKTRB6 EQPAA1,-2.5024843943936244,avanço operacional (2026-05-08): Assinatura do Termo Aditivo da  Prorrogação da Concessão → -0.9 bps | avanço operacional (2026-04-22): Aneel homologa reajuste tarifário da EMT → -0.7 bps | avanço operacional (2026-05-08): Energisa (ENGI3) conclui prorrogação de 4 concessões por 30  → -0.9 bps,288.33843080615895,3.3663090043406214,corporativa,operacional,grande_grupo,principal,,0.048234963695513854
ENMTC6,IPCA+,315.2414404792106,290.84091520055256,10.49642663031207,1.6317383934193253,8,EKTRB6 EKTRA6 CEEBD2 EQMAA2 EQPAA1 CEED19 CEEBB7 CEED15,-2.5024843943936244,avanço operacional (2026-05-08): Assinatura do Termo Aditivo da  Prorrogação da Concessão → -0.9 bps | avanço operacional (2026-04-22): Aneel homologa reajuste tarifário da EMT → -0.7 bps | avanço operacional (2026-05-08): Energisa (ENGI3) conclui prorrogação de 4 concessões por 30  → -0.9 bps,288.33843080615895,26.903009673051656,corporativa,operacional,grande_grupo,principal,,0.38548620854664706
ENMTD2,IPCA+,289.6362027565894,289.7219867619109,10.30878715226407,1.1617725260974416,8,EKTRB3 CEEBD2 EQMAA2 CEED15 CEEBB7 CEED19 EKTRB6 EQPA18,-2.5024843943936244,avanço operacional (2026-05-08): Assinatura do Termo Aditivo da  Prorrogação da Concessão → -0.9 bps | avanço operacional (2026-04-22): Aneel homologa reajuste tarifário da EMT → -0.7 bps | avanço operacional (2026-05-08): Energisa (ENGI3) conclui prorrogação de 4 concessões por 30  → -0.9 bps,287.2195023675173,2.416700389072105,corporativa,operacional,grande_grupo,principal,,0.03462826953185788
ENMTD5,IPCA+,285.1521486607802,290.84091520055256,10.288721569981984,1.4623753233948344,8,EKTRB6 EKTRA6 CEEBD2 EQMAA2 CEED17 CEEBB7 EQPAA1 CEED19,-2.5024843943936244,avanço operacional (2026-05-08): Assinatura do Termo Aditivo da  Prorrogação da Concessão → -0.9 bps | avanço operacional (2026-04-22): Aneel homologa reajuste tarifário da EMT → -0.7 bps | avanço operacional (2026-05-08): Energisa (ENGI3) conclui prorrogação de 4 concessões por 30  → -0.9 bps,288.33843080615895,-3.1862821453787546,corporativa,operacional,grande_grupo,principal,,-0.04565540578949686
ENMTD9,IPCA+,285.44935191552526,289.7219867619109,10.091486906437957,1.0303189087947549,8,EQMAA2 CEEBD2 EKTRB3 CEED17 CEEBB7 CEED19 EKTRB6 EQPA18,-2.5024843943936244,avanço operacional (2026-05-08): Assinatura do Termo Aditivo da  Prorrogação da Concessão → -0.9 bps | avanço operacional (2026-04-22): Aneel homologa reajuste tarifário da EMT → -0.7 bps | avanço operacional (2026-05-08): Energisa (ENGI3) conclui prorrogação de 4 concessões por 30  → -0.9 bps,287.2195023675173,-1.7701504519920377,corporativa,operacional,grande_grupo,principal,,-0.025364024121771873
ENMTE6,IPCA+,292.2155491623315,293.4588156026121,10.773955024574375,1.153062339636076,8,CEEBD2 EQMAA2 EKTRB3 CEED19 CEED15 CEEBB7 EKTRB6 EQPA19,-2.5024843943936244,avanço operacional (2026-05-08): Assinatura do Termo Aditivo da  Prorrogação da Concessão → -0.9 bps | avanço operacional (2026-04-22): Aneel homologa reajuste tarifário da EMT → -0.7 bps | avanço operacional (2026-05-08): Energisa (ENGI3) conclui prorrogação de 4 concessões por 30  → -0.9 bps,290.9563312082185,1.2592179541130122,corporativa,operacional,grande_grupo,principal,,0.018043005625170628
ENMTF8,IPCA+,292.67392585851366,290.84091520055256,9.854090183566159,1.1231368817048073,8,CEEBD2 EQMAA2 CEEBB7 EQPAA1 EKTRB6 EQPA19 CEED17 EKTRB3,-2.5024843943936244,avanço operacional (2026-05-08): Assinatura do Termo Aditivo da  Prorrogação da Concessão → -0.9 bps | avanço operacional (2026-04-22): Aneel homologa reajuste tarifário da EMT → -0.7 bps | avanço operacional (2026-05-08): Energisa (ENGI3) conclui prorrogação de 4 concessões por 30  → -0.9 bps,288.33843080615895,4.335495052354702,corporativa,operacional,grande_grupo,principal,,0.06212217778663816
ENMTG8,IPCA+,294.08690751753295,290.84091520055256,15.441876147438888,1.591220848333743,8,EKTRA6 EKTRB6 CEEBD2 EQMAA2 CEED19 CEED15 CEEBC3 EQPAA1,-2.5024843943936244,avanço operacional (2026-05-08): Assinatura do Termo Aditivo da  Prorrogação da Concessão → -0.9 bps | avanço operacional (2026-04-22): Aneel homologa reajuste tarifário da EMT → -0.7 bps | avanço operacional (2026-05-08): Energisa (ENGI3) conclui prorrogação de 4 concessões por 30  → -0.9 bps,288.33843080615895,5.748476711373996,corporativa,operacional,grande_grupo,principal,,0.08236842343352956
ENSEA1,IPCA+,232.5148733074752,225.9772200535374,92.03203577809397,1.0958030613302978,8,PALF38 CSRN29 SAELA1 CPLD15 CSRNA1 RIGEA3 CMGD28 ELPLC8,-2.5024843943936244,avanço operacional (2026-05-08): Assinatura do Termo Aditivo da  Prorrogação da Concessão → -0.9 bps | avanço operacional (2026-04-22): Aneel homologa reajuste tarifário da ESE → -0.7 bps | avanço operacional (2026-05-08): Energisa (ENGI3) conclui prorrogação de 4 concessões por 30  → -0.9 bps,223.47473565914376,9.040137648331438,project_finance,operacional,grande_grupo,principal,,0.12953377444181677
ENSEA5,IPCA+,282.72598274687704,278.02269436989195,19.30839175417774,0.6981602541116838,8,SAELB8 SAELB3 CSRNB3 CPFPB1 ESSDA5 AESLB7 CMGDB1 CMGDA4,-2.5024843943936244,avanço operacional (2026-05-08): Assinatura do Termo Aditivo da  Prorrogação da Concessão → -0.9 bps | avanço operacional (2026-04-22): Aneel homologa reajuste tarifário da ESE → -0.7 bps | avanço operacional (2026-05-08): Energisa (ENGI3) conclui prorrogação de 4 concessões por 30  → -0.9 bps,275.52020997549835,7.20577277137869,project_finance,operacional,grande_grupo,principal,,0.10324963857370366
ENSEB4,IPCA+,289.3407009287981,267.33703003051295,23.305268988576287,0.4865102405707976,8,SAELA7 CSRNB3 SAELB8 AESLB0 ENERB8 CPFPB0 PALFB3 ESCEA5,-2.5024843943936244,avanço operacional (2026-05-08): Assinatura do Termo Aditivo da  Prorrogação da Concessão → -0.9 bps | avanço operacional (2026-04-22): Aneel homologa reajuste tarifário da ESE → -0.7 bps | avanço operacional (2026-05-08): Energisa (ENGI3) conclui prorrogação de 4 concessões por 30  → -0.9 bps,264.83454563611934,24.506155292678784,project_finance,operacional,grande_grupo,principal,,0.3511423072970455
ENSEB5,IPCA+,275.4898557315475,274.98408562979876,18.502323987286736,1.0736420353194676,8,SAELB7 SAELB3 CMGDB4 ENERC7 CPFPB7 CMGDB2 CEPEA7 AESLB7,-2.5024843943936244,avanço operacional (2026-05-08): Assinatura do Termo Aditivo da  Prorrogação da Concessão → -0.9 bps | avanço operacional (2026-04-22): Aneel homologa reajuste tarifário da ESE → -0.7 bps | avanço operacional (2026-05-08): Energisa (ENGI3) conclui prorrogação de 4 concessões por 30  → -0.9 bps,272.48160123540515,3.0082544961423423,project_finance,operacional,grande_grupo,principal,,0.04310449403818601
ENSEC4,IPCA+,292.09543167017426,282.9039497519835,18.00583003611919,0.717966067630883,8,SAELB7 SAELB3 ENERC7 CEPEB7 CMGDB4 CEPEA7 AESLB7 CPFPB7,-2.5024843943936244,avanço operacional (2026-05-08): Assinatura do Termo Aditivo da  Prorrogação da Concessão → -0.9 bps | avanço operacional (2026-04-22): Aneel homologa reajuste tarifário da ESE → -0.7 bps | avanço operacional (2026-05-08): Energisa (ENGI3) conclui prorrogação de 4 concessões por 30  → -0.9 bps,280.40146535758987,11.693966312584394,project_finance,operacional,grande_grupo,principal,,0.16755979317904465
ENTV12,IPCA+,282.46550810512355,300.44012902357144,109.74077442509714,1.9443003518101127,8,CART13 CRMG15 VIALA5 CBAN12 CNRD12 PLSB1A CBAN32 CRTA12,4.924577653379665,impacto negativo (2026-08-24): Análise (Crédito): Entrevias Concessionária de Rodovias S.A. → +4.9 bps,305.36470667695113,-22.899198571827583,project_finance,operacional,nao_identificado,principal,,-0.32811664358329434
ENTV13,IPCA+,307.60726685799676,361.2970359499195,71.06405961824235,1.8288606871664876,8,CNRD12 CRTA12 CART13 CBAN12 RPTA14 RLMS13 CBAN72 VIALA5,4.924577653379665,impacto negativo (2026-08-24): Análise (Crédito): Entrevias Concessionária de Rodovias S.A. → +4.9 bps,366.2216136032992,-58.61434674530244,project_finance,operacional,nao_identificado,principal,,-0.8398696862499454
EPRL12,IPCA+,380.6605598071955,386.6010680538178,16.123252688153325,2.1717993665156965,8,RDSM12 CRNP23 ECRD14 CRNP13 CRTR12 ERDVC4 CNRD12 ECPN11,0.0,,386.6010680538178,-5.940508246622301,project_finance,operacional,grande_grupo,principal,,-0.08511999321489906
EQMAA0,IPCA+,263.7999912659659,254.8103371420977,10.399874812910511,0.7782541731405753,8,EKTRC0 CEEBC3 ENMTA4 CEEBC4 ENMTA7 EKTRA8 CEED12 CEED13,-4.917569577703552,"avanço operacional (2026-05-08): Renovação Concessão → -0.9 bps | avanço operacional (2026-08-26): Equatorial (EQTL3) registra reajuste médio de 5,76% nas tari → -3.1 bps | avanço operacional (2026-05-08): Equatorial (EQTL3) anuncia renovação de concessões no MA e P → -0.9 bps",249.89276756439415,13.907223701571752,corporativa,operacional,grande_grupo,principal,,0.1992729810263213
EQMAA2,IPCA+,298.3744288329889,288.5770458630124,9.620171771133888,1.0263250902303982,8,ENMTC5 ENMTD9 CEEBD2 EKTRB3 CEEBB7 CEED17 EQPAA1 CEED19,-4.917569577703552,"avanço operacional (2026-05-08): Renovação Concessão → -0.9 bps | avanço operacional (2026-08-26): Equatorial (EQTL3) registra reajuste médio de 5,76% nas tari → -3.1 bps | avanço operacional (2026-05-08): Equatorial (EQTL3) anuncia renovação de concessões no MA e P → -0.9 bps",283.65947628530887,14.714952547680014,corporativa,operacional,grande_grupo,principal,,0.210846716983898
EQPA18,IPCA+,290.56008159639873,287.5427773360573,9.76863977018425,1.6292566608558388,8,CEEBD2 EQMAA2 ENMTD9 ENMTD2 CEED17 CEED15 CEEBB7 EKTRB3,-0.8838834764831844,avanço operacional (2026-05-08): Renovação Concessão → -0.9 bps,286.65889385957416,3.9011877368245678,corporativa,operacional,grande_grupo,principal,,0.05589910154192026
EQPA19,IPCA+,298.0337392778012,292.1893328345066,10.226690370780227,1.5926420683901974,8,CEEBD2 ENMTF8 EQMAA2 ENMTC5 CEED19 CEED17 CEEBB7 EKTRB3,-0.8838834764831844,avanço operacional (2026-05-08): Renovação Concessão → -0.9 bps,291.30544935802345,6.728289919777751,corporativa,operacional,grande_grupo,principal,,0.0964079113340164
EQPAA1,IPCA+,292.7979384736821,292.1893328345066,6.452108964688457,1.6002449975031074,8,ENMTF8 CEEBD2 ENMTC5 EQMAA2 CEED17 CEED19 CEEBB7 EKTRB6,-0.8838834764831844,avanço operacional (2026-05-08): Renovação Concessão → -0.9 bps,291.30544935802345,1.4924891156586568,corporativa,operacional,grande_grupo,principal,,0.02138548725530502
EQSP11,IPCA+,270.0165391025975,236.96488829701616,52.05519801201714,1.4731214882602917,8,EQTN11 EQTS11 ODYA11 TRGO11 MSGT13 SPRZ11 MSGT12 MGSP12,0.0,,236.96488829701616,33.051650805581346,project_finance,operacional,grande_grupo,principal,,0.4735884835968264
EQSP21,IPCA+,269.564976258146,237.80545760991762,57.00730744067705,1.593012990354042,8,EQTN11 EQTS11 ODYA11 MSGT13 TRGO11 MGSP12 EQTR21 SPRZ11,0.0,,237.80545760991762,31.75951864822835,project_finance,operacional,grande_grupo,principal,,0.4550738589383762
EQTC11,IPCA+,291.455489920076,250.56099338092227,29.192280433664898,2.5579047795588967,8,EQTR21 EQTR11 ETSP12 IBPB11 EDPA11 MGSP12 MSGT23 TPNO13,0.0,,250.56099338092227,40.89449653915372,project_finance,operacional,grupo_inferido,principal,,0.5859665744793296
EQTN11,IPCA+,262.95862506284857,236.96488829701616,54.57821277070278,1.1900996396333143,8,EQSP11 EQTS11 EQSP21 ODYA11 TRGO11 MSGT13 SPRZ11 MSGT12,0.0,,236.96488829701616,25.99373676583241,project_finance,operacional,grande_grupo,principal,,0.37245747422294656
EQTR11,IPCA+,295.1660030784369,270.41451109914215,20.32560938482889,1.7068470909328886,8,ETSP12 MGSP12 MSGT23 EQSP21 IBPB11 EQTC11 MSGT33 EQTS11,0.0,,270.41451109914215,24.75149197929477,project_finance,operacional,grande_grupo,principal,,0.3546576726888859
EQTR21,IPCA+,295.5182674675328,270.41451109914215,20.32560938482889,1.696905547518533,8,ETSP12 MGSP12 MSGT23 EQSP21 EQTC11 MSGT33 IBPB11 EQTS11,0.0,,270.41451109914215,25.103756368390634,project_finance,operacional,grande_grupo,principal,,0.3597051772398205
EQTS11,IPCA+,271.26404594013826,236.96488829701616,53.869145913808524,1.197574546567305,8,EQTN11 EQSP11 EQSP21 ODYA11 SPRZ11 TRGO11 MSGT13 MSGT12,0.0,,236.96488829701616,34.2991576431221,project_finance,operacional,grande_grupo,principal,,0.4914636836872204
EQUA11,IPCA+,273.28209920022306,204.67149661590167,22.331094071603246,2.626698154166898,8,CTEE1B ISAEB8 TAEEA8 TAEEC2 EEELA0 ALUP18 EEELA1 ETEN22,0.0,,204.67149661590167,68.61060258432138,corporativa,operacional,grupo_inferido,principal,,0.9831034288637173
ERDVA4,IPCA+,327.7027176913118,333.5875531559257,112.85484154150491,0.8247613634212276,8,COMT11 ARTRA8 ECOV16 ECOC13 APRB18 ASCP23 CCPV11 ARTRA7,-2.102241038134286,avanço operacional (2026-07-22): EcoRodovias (ECOR3) anuncia pedágio free flow e VPL de R$ 26 → -2.1 bps,331.4853121177914,-3.7825944264795908,project_finance,operacional,grande_grupo,principal,,-0.05419980893044437
ERDVB4,IPCA+,350.3555232843511,344.6691122652606,116.19917813467383,0.9846662802640627,8,ASCP23 ARTRA7 IVIAA0 ARTRA8 ECOV16 COMT11 ECOC13 ANHBB6,-2.102241038134286,avanço operacional (2026-07-22): EcoRodovias (ECOR3) anuncia pedágio free flow e VPL de R$ 26 → -2.1 bps,342.5668712271263,7.788652057224795,project_finance,operacional,grande_grupo,principal,,0.11160156382934755
ERDVC3,IPCA+,358.88780745887766,387.03669725398424,102.59089667166928,1.0312273304825998,8,ARTRA8 ARTRA7 ASCP23 IVIAA0 ECOV16 ECOC13 COMT11 ECPN11,-2.102241038134286,avanço operacional (2026-07-22): EcoRodovias (ECOR3) anuncia pedágio free flow e VPL de R$ 26 → -2.1 bps,384.93445621584993,-26.046648756972274,project_finance,operacional,grande_grupo,principal,,-0.37321563634306026
ERDVC4,IPCA+,388.04762520962583,397.1300498709306,93.51221041918404,1.760368312043073,8,ARTRA7 ANHBB6 IVIAA0 ASCP23 ARTRA8 CRNP23 VPLT12 CRNP13,-2.102241038134286,avanço operacional (2026-07-22): EcoRodovias (ECOR3) anuncia pedágio free flow e VPL de R$ 26 → -2.1 bps,395.02780883279627,-6.980183623170433,project_finance,operacional,grande_grupo,principal,,-0.10001723050899643
ESAM14,IPCA+,223.15473767355786,290.22985615727896,45.99058163120027,0.7559939387968172,8,CUTI11 SRTI11 VDBF12 PRPO12 TBEG11 CEAD11 UTPS21 UTPS22,0.0,,290.22985615727896,-67.0751184837211,project_finance,operacional,nao_identificado,principal,,-0.96110187768348
ESCEA5,IPCA+,240.45895546871913,277.53409876363264,20.42235921513139,0.4250426101510629,8,ENERB7 EBENA8 ENERB8 CSRNB3 FLCLA9 AESLB0 PALFB3 CPLDA1,0.0,,277.53409876363264,-37.07514329491352,project_finance,operacional,grande_grupo,principal,,-0.5312400580369228
ESSDA4,IPCA+,273.03921421193206,260.07254149090505,22.89668562724125,0.6065454909246546,8,ENERB4 FLCLA9 CSRNB2 CPFPA9 CPFPB0 ENERB8 AESLB0 CPLD29,-3.8333208616740015,avanço operacional (2026-07-14): Revisão Tarifária Periódica 2026 da ESS → -1.9 bps | avanço operacional (2026-07-14): Energisa (ENGI3) registra reajuste médio de 10% nas tarifas  → -1.9 bps,256.23922062923106,16.799993582701006,project_finance,operacional,grande_grupo,principal,,0.24072272613760726
ESSDA5,IPCA+,294.08527070788523,262.3577937303747,19.8346056259643,0.618790167216663,8,FLCLA9 ENERB4 ENERB8 CPFPB1 CPLDC0 ESCEA5 CPLDA1 EBENA8,-3.8333208616740015,avanço operacional (2026-07-14): Revisão Tarifária Periódica 2026 da ESS → -1.9 bps | avanço operacional (2026-07-14): Energisa (ENGI3) registra reajuste médio de 10% nas tarifas  → -1.9 bps,258.5244728687007,35.560797839184545,project_finance,operacional,grande_grupo,principal,,0.5095413969854958
ESSDB5,IPCA+,312.3566555253877,274.98408562979876,16.885248848904055,0.6169160305871964,8,FLCLB9 CPFPB7 AESLB7 CMGDB2 ENERC7 CEPEB7 CMGDB4 CEPEA7,-3.8333208616740015,avanço operacional (2026-07-14): Revisão Tarifária Periódica 2026 da ESS → -1.9 bps | avanço operacional (2026-07-14): Energisa (ENGI3) registra reajuste médio de 10% nas tarifas  → -1.9 bps,271.15076476812476,41.20589075726292,project_finance,operacional,grande_grupo,principal,,0.5904284610102817
ESULA6,IPCA+,257.1129010030173,247.59821029377676,76.72932126176256,0.4743771868113805,8,CPLD37 CPLD26 CSRNA4 CPFPA2 CEPEC1 CEPEC2 ELPLC8 EDVP17,-2.5024843943936244,avanço operacional (2026-05-08): Assinatura do Termo Aditivo da  Prorrogação da Concessão → -0.9 bps | avanço operacional (2026-04-22): Aneel homologa reajuste tarifário da EMS → -0.7 bps | avanço operacional (2026-05-08): Energisa (ENGI3) conclui prorrogação de 4 concessões por 30  → -0.9 bps,245.09572589938313,12.017175103634202,project_finance,operacional,grande_grupo,principal,,0.17219096764409114
ETBA12,IPCA+,214.02690209340025,215.75155294785105,16.77237449961831,1.579298312238131,8,TRCC11 TPEN11 EDTE12 JTEE11 PRTE12 TPNO12 EDPT11 CTRR11,0.0,,215.75155294785105,-1.7246508544508004,project_finance,operacional,nao_identificado,principal,,-0.024712072256173022
ETEN12,IPCA+,152.92974586158837,208.4655117227944,34.44538744026542,2.1955836861175273,8,CTEE18 TAEEB2 TAEEC2 CTEE1B EEELA0 EEELB1 ALUP18 EQTS11,5.930474479316754,impacto negativo (2026-08-12): Desinvestimento em Ativos de Transmissão → +4.3 bps | impacto negativo (2026-05-21): Desinvestimento de Ativos de Transmissão → +1.6 bps,214.39598620211115,-61.46624034052277,corporativa,operacional,grande_grupo,principal,,-0.8807337257221227
ETEN21,IPCA+,154.71292171273402,208.4655117227944,30.005665766503995,2.1514705088605406,8,CTEE18 TAEEB2 TAEEC2 CTEE1B EEELA0 EEELA1 ALUP18 EQUA11,5.930474479316754,impacto negativo (2026-08-12): Desinvestimento em Ativos de Transmissão → +4.3 bps | impacto negativo (2026-05-21): Desinvestimento de Ativos de Transmissão → +1.6 bps,214.39598620211115,-59.68306448937713,corporativa,operacional,grande_grupo,principal,,-0.8551830640532678
ETEN22,IPCA+,246.4128544646337,208.4655117227944,30.005665766503995,1.5392594568719566,8,TAEEB2 CTEE18 TAEEC2 CTEE1B EEELA0 EEELA1 ALUP18 EQUA11,5.930474479316754,impacto negativo (2026-08-12): Desinvestimento em Ativos de Transmissão → +4.3 bps | impacto negativo (2026-05-21): Desinvestimento de Ativos de Transmissão → +1.6 bps,214.39598620211115,32.016868262522564,corporativa,operacional,grande_grupo,principal,,0.4587613544376099
ETSP12,IPCA+,293.7217199567429,276.0425073652885,22.438568363307,1.496143893216157,8,EQTR11 EQTR21 MGSP12 MSGT23 IBPB11 MSGT33 EQTC11 EQSP21,0.0,,276.0425073652885,17.679212591454416,project_finance,operacional,grande_grupo,principal,,0.25332082598908934
EUBE11,IPCA+,201.0603327639624,220.57474656721158,29.30596656037025,1.29674713656503,8,TVVH11 RDVE11 SERI11 RATL11 EKTT11 CPFGA2 RDOE18 ROTY13,2.4060500721642333,impacto negativo (2026-06-23): Azevedo & Travassos Investimentos fecha compra da subsidiári → +2.4 bps,222.9807966393758,-21.92046387541339,project_finance,operacional,grupo_inferido,principal,,-0.31409260939979977
EXTZ11,IPCA+,320.8085936074537,216.19302660252373,14.281876250791406,5.712264097844636,8,ELET42 CTGE11 CTGE13 ELET14 ELTN27 ELTN15 CPGT27 FURN21,0.0,,216.19302660252373,104.61556700492997,corporativa,operacional,grande_grupo,principal,,1.4990091729433521
FBRI13,IPCA+,208.6822873146734,315.898615698762,97.44556497762386,2.5337850126446355,8,QMCT14 BCPSA7 BCPSA5 ALGTA4 ALGAC2 BRST15 BTCL12 DESK19,0.0,,315.898615698762,-107.2163283840886,project_finance,operacional,grupo_inferido,principal,,-1.5362748043938979
FLCLA9,IPCA+,291.41591998582396,285.00342227211485,19.038573172849105,0.436229160198342,8,ENERB4 ENERB8 ESSDA5 ESSDA4 ESCEA5 AESLB0 CSRNB3 SAELA7,-1.386961840084806,avanço operacional (2026-06-16): Revisão Tarifária Periódica 2026 da EMR → -1.4 bps,283.61646043203007,7.799459553793895,project_finance,operacional,grande_grupo,principal,,0.11175642162878835
FLCLB9,IPCA+,315.8160519103537,280.5100062755655,19.248251684972285,0.615044160737618,8,ESSDB5 AESLB7 CPFPB7 CMGDB2 CEPEB7 ENERC7 CMGDB4 SAELB7,-1.386961840084806,avanço operacional (2026-06-16): Revisão Tarifária Periódica 2026 da EMR → -1.4 bps,279.1230444354807,36.69300747487296,project_finance,operacional,grande_grupo,principal,,0.5257645335432876
FRAG14,IPCA+,311.99252585772575,383.82596064089125,71.2296901394235,0.9528795384446275,8,USAS12 QUAT13 FSII14 USAS22 CLAG15 BION17 CLAG13 USNA12,0.0,,383.82596064089125,-71.8334347831655,project_finance,operacional,grupo_inferido,principal,,-1.0292825508360415
FRAG16,IPCA+,331.62162142041944,383.82596064089125,71.2296901394235,1.5281727625224257,8,USAS22 USAS12 CLAG15 FSII14 QUAT13 BION17 CLAG13 USNA12,0.0,,383.82596064089125,-52.20433922047181,project_finance,operacional,grupo_inferido,principal,,-0.7480223603361622
FSII14,IPCA+,507.56262693115605,351.8138837586406,66.3808259104442,0.9682547161921224,8,CLAG15 QUAT13 USAS12 FRAG14 USAS22 FRAG16 CLAG13 BION17,0.0,,351.8138837586406,155.74874317251545,project_finance,operacional,grupo_inferido,principal,,2.231683117284035
FURN21,IPCA+,244.56818800965777,216.19302660252373,13.02867844884902,3.5739487903500016,8,CTGE11 ELET42 CTGE13 ELTN15 CPGT27 CPGTC0 ELET14 ELTN27,0.0,,216.19302660252373,28.375161407134044,project_finance,operacional,grupo_inferido,principal,,0.4065802867659045
GASC15,IPCA+,363.65382670739314,244.1179752994139,57.726298441753876,2.5925547855169486,6,VLIM16 VLIM17 MRSAA2 MRSAA1 RUMOB7 RUMOB5,0.0,,244.1179752994139,119.53585140797924,project_finance,operacional,grande_grupo,principal,,1.7127980365265367
GASC16,IPCA+,352.53087624020947,244.1179752994139,57.726298441753876,2.5868852761322763,6,VLIM17 VLIM16 MRSAA2 MRSAA1 RUMOB7 RUMOB5,0.0,,244.1179752994139,108.41290094079557,project_finance,operacional,grande_grupo,principal,,1.5534201804593115
GASC17,IPCA+,370.3501516338559,262.4360170208049,52.85205501432357,2.593477878467586,6,VLIM26 VLIM19 RUMOB6 MRSAA2 RUMOB5 MRSAB2,0.0,,262.4360170208049,107.91413461305098,project_finance,operacional,grande_grupo,principal,,1.5462734878412887
GASC18,IPCA+,383.23498863577095,262.4360170208049,52.85205501432357,2.653147381567844,6,VLIM26 VLIM19 RUMOB6 MRSAA2 RUMOB5 MRSAB2,0.0,,262.4360170208049,120.79897161496604,project_finance,operacional,grande_grupo,principal,,1.730896956515319
GASC19,IPCA+,394.60171952633544,276.413743431852,46.51298846624215,2.852384408612481,6,VLIM28 VLIM27 MRSAC2 MRSAC1 RUMOB5 RUMOB6,0.0,,276.413743431852,118.18797609448342,project_finance,operacional,grande_grupo,principal,,1.6934846827230925
GASC22,IPCA+,335.32938964770347,237.9047917682144,49.51450051982083,2.9411592495357852,6,VLIM15 VLIM14 RUMOA6 RUMOA7 MRSAB1 MRSAA1,0.0,,237.9047917682144,97.42459787948906,project_finance,operacional,grande_grupo,principal,,1.3959716519510852
GASC23,IPCA+,351.31977612200353,244.1179752994139,57.726298441753876,2.593167352511955,6,VLIM16 VLIM17 MRSAA1 RUMOB7 MRSAA2 RUMOB5,0.0,,244.1179752994139,107.20180082258963,project_finance,operacional,grande_grupo,principal,,1.536066642754374
GASC25,IPCA+,384.01976356057605,273.4645481889767,47.0928597277961,2.765197581601593,6,VLIM19 VLIM28 MRSAC1 MRSAC2 RUMOB5 RUMOB6,0.0,,273.4645481889767,110.55521537159933,project_finance,operacional,grande_grupo,principal,,1.5841168451626864
GASC26,IPCA+,376.629130317212,273.4645481889767,47.0928597277961,2.997792526401746,6,VLIM19 VLIM28 MRSAC1 RUMOB6 MRSAC2 RUMOB5,0.0,,273.4645481889767,103.16458212823528,project_finance,operacional,grande_grupo,principal,,1.4782183891026937
GASC27,IPCA+,366.85796036586976,262.4360170208049,52.85205501432357,2.7473512977108636,6,VLIM26 VLIM19 RUMOB6 MRSAB2 MRSAA2 RUMOB5,0.0,,262.4360170208049,104.42194334506485,project_finance,operacional,grande_grupo,principal,,1.4962347900236188
GASC28,IPCA+,396.71401956878407,273.4645481889767,47.0928597277961,2.920173418512705,6,VLIM28 VLIM19 MRSAC2 MRSAC1 RUMOB5 RUMOB6,0.0,,273.4645481889767,123.24947137980735,project_finance,operacional,grande_grupo,principal,,1.7660095284867499
GSTS14,IPCA+,524.0673182520472,345.3078269459182,63.074849829482936,2.848739581951873,8,RSAN44 RSAN16 EBAS13 CAJS12 PASN12 HZTC14 CAJS11 BRKP28,0.0,,345.3078269459182,178.75949130612906,project_finance,operacional,grande_grupo,principal,,2.561398125442911
GSTS24,IPCA+,589.9829121300191,809.9104751131297,80.67563341677085,3.6524406464126997,8,CCLS11 IRJS14 IRJS15 CEAM11 CYAR11 RIS422 RIS424 RISP22,0.0,,809.9104751131297,-219.92756298311053,project_finance,operacional,grande_grupo,high_yield,,-0.6857195895390954
HARG11,IPCA+,373.1405923517138,357.3267526914164,64.75012707174139,2.070553372176641,8,ECPN11 CRTR12 IVIAA0 ERDVB4 ERDVC3 ECOV16 ASCP23 COMT11,0.0,,357.3267526914164,15.81383966029739,project_finance,operacional,grande_grupo,principal,,0.2265923838000522
HGLB23,IPCA+,721.9884095211662,1041.860450650391,247.0823640458914,4.864874264727062,5,BTEL23 BTEL33 SUMI19 SUMI18 CONX12,0.0,,1041.860450650391,-319.8720411292247,project_finance,operacional,grupo_inferido,high_yield,,-0.9973398594200272
HSBH11,IPCA+,379.4079635644873,278.0297596907033,29.330817985424275,1.1301608285544005,8,RATL11 EKTT11 SERI11 TNHL11 RDVE11 POTE11 POTE12 TCII11,0.0,,278.0297596907033,101.378203873784,project_finance,operacional,grupo_inferido,principal,,1.4526218410321488
HVSP11,IPCA+,432.2516564668889,299.69771108183187,54.18022619006105,1.0345224771821517,8,STRZ11 TBEG11 UNEG11 UTPS21 VDBF12 UTPS22 CONF11 ESAM14,4.387299918778504,"impacto negativo (2026-08-14): Hélio Valgas Solar registra prejuízo líquido de R$ 22,5 milh → +4.4 bps",304.0850110006104,128.1666454662785,project_finance,operacional,nao_identificado,principal,,1.836466433435057
HZTC14,IPCA+,279.48159184436514,338.9744521235434,70.59891072291532,2.3804451319086923,8,EBAS13 CAJS12 PASN12 AGIZ11 ITPE13 CAJS11 GSTS14 RSAN44,0.0,,338.9744521235434,-59.492860279178274,project_finance,operacional,nao_identificado,principal,,-0.8524576775359143
IBPB11,IPCA+,262.936864132347,258.60941154909904,39.269731804677,2.090268019797926,8,TPNO13 ELTE12 ETSP12 EQTR11 EQTR21 JTEE11 EQTC11 LTTE15,0.0,,258.60941154909904,4.327452583247975,project_finance,operacional,nao_identificado,principal,,0.0620069393445091
IGSN15,IPCA+,716.9936352436548,930.7126488793871,112.0772795552291,6.240340324791316,8,RISP14 RIS412 RISP12 RIS414 CCLS11 CYAR11 IRJS14 IRJS15,0.0,,930.7126488793871,-213.71901363573227,corporativa,operacional,grupo_inferido,high_yield,,-0.6663617434720956
IPIPA5,IPCA+,215.09833492747495,224.43270927237455,44.441147354578156,4.033309732945491,8,PEJA22 PEJA23 RECV24 NTSD19 NTSDA1 RECV14 PETR18 PETR27,0.0,,224.43270927237455,-9.3343743448996,project_finance,operacional,grupo_inferido,principal,,-0.13374981532176958
IRJS14,IPCA+,703.0832869325934,844.0225232242249,100.78380474109929,2.8589029069682725,8,RISP22 GSTS24 CEAM11 CYAR11 RIS422 RISP24 RIS424 CCLS11,0.0,,844.0225232242249,-140.93923629163146,project_finance,operacional,grande_grupo,high_yield,,-0.4394392132980303
IRJS15,IPCA+,703.2587053634102,844.0225232242249,100.78380474109929,2.893658089227762,8,RISP22 GSTS24 CEAM11 CYAR11 RISP24 RIS422 RIS424 CCLS11,0.0,,844.0225232242249,-140.7638178608147,project_finance,operacional,grande_grupo,high_yield,,-0.4388922702375714
ISAEA8,IPCA+,209.7965433805727,211.097182245472,35.284289418655035,1.1819477791340627,8,EEELA0 EEELA1 TAEEA8 ALUP18 TAEEA4 ETEN22 ETEN21 EQUA11,1.4807826136548732,"avanço operacional (2026-05-27): Obtenção de LI - Projeto Serra Dourada (Bloco 2) → -1.1 bps | avanço operacional (2026-04-22): Energização Jacarandá → -0.7 bps | impacto negativo (2026-07-03): ISA Energia (ISAE3, ISAE4) anuncia potencial oferta de R$ 65 → +2.7 bps | impacto negativo (2026-05-04): Isa Energia (ISAE4): Lucro cai 14%, para R$ 619,1 milhões, c → +1.4 bps | avanço operacional (2026-04-22): ISA Energia (ISAE3) registra início da operação do projeto J → -0.7 bps",212.57796485912687,-2.781421478554165,corporativa,operacional,grande_grupo,principal,,-0.039854262893569886
ISAEA9,IPCA+,214.68878351912363,229.31182030035663,43.911320617007526,2.0327614968268124,8,TAEEC4 EEELB1 TAEEA7 ALUP18 EEELB5 ETEN12 ETEN21 EQUA11,1.4807826136548732,"avanço operacional (2026-05-27): Obtenção de LI - Projeto Serra Dourada (Bloco 2) → -1.1 bps | avanço operacional (2026-04-22): Energização Jacarandá → -0.7 bps | impacto negativo (2026-07-03): ISA Energia (ISAE3, ISAE4) anuncia potencial oferta de R$ 65 → +2.7 bps | impacto negativo (2026-05-04): Isa Energia (ISAE4): Lucro cai 14%, para R$ 619,1 milhões, c → +1.4 bps | avanço operacional (2026-04-22): ISA Energia (ISAE3) registra início da operação do projeto J → -0.7 bps",230.7926029140115,-16.103819394887864,corporativa,operacional,grande_grupo,principal,,-0.23074742778216165
ISAEB0,IPCA+,231.6333744640061,220.3986951834283,43.592000354890686,1.8008655492013588,8,TAEEA7 EEELB1 TAEED2 ALUP18 EEELB5 ETEN12 ETEN21 EQUA11,1.4807826136548732,"avanço operacional (2026-05-27): Obtenção de LI - Projeto Serra Dourada (Bloco 2) → -1.1 bps | avanço operacional (2026-04-22): Energização Jacarandá → -0.7 bps | impacto negativo (2026-07-03): ISA Energia (ISAE3, ISAE4) anuncia potencial oferta de R$ 65 → +2.7 bps | impacto negativo (2026-05-04): Isa Energia (ISAE4): Lucro cai 14%, para R$ 619,1 milhões, c → +1.4 bps | avanço operacional (2026-04-22): ISA Energia (ISAE3) registra início da operação do projeto J → -0.7 bps",221.87947779708315,9.753896666922941,corporativa,operacional,grande_grupo,principal,,0.13976104125086908
ISAEB2,IPCA+,238.44461409982426,213.69109806444004,43.8756782266045,2.3043718323776226,8,TAEEA7 TAEEB0 EEELB1 ALUP18 ETEN12 ETEN21 EEELB5 EQUA11,1.4807826136548732,"avanço operacional (2026-05-27): Obtenção de LI - Projeto Serra Dourada (Bloco 2) → -1.1 bps | avanço operacional (2026-04-22): Energização Jacarandá → -0.7 bps | impacto negativo (2026-07-03): ISA Energia (ISAE3, ISAE4) anuncia potencial oferta de R$ 65 → +2.7 bps | impacto negativo (2026-05-04): Isa Energia (ISAE4): Lucro cai 14%, para R$ 619,1 milhões, c → +1.4 bps | avanço operacional (2026-04-22): ISA Energia (ISAE3) registra início da operação do projeto J → -0.7 bps",215.1718806780949,23.272733421729356,corporativa,operacional,grande_grupo,principal,,0.3334689270191848
ISAEB8,IPCA+,207.63281537965173,204.76219235562684,37.07416595059309,1.2604930531114955,8,ALUP18 EEELA0 EEELA1 TAEEA8 TAEEC2 ETEN22 ETEN21 EQUA11,1.4807826136548732,"avanço operacional (2026-05-27): Obtenção de LI - Projeto Serra Dourada (Bloco 2) → -1.1 bps | avanço operacional (2026-04-22): Energização Jacarandá → -0.7 bps | impacto negativo (2026-07-03): ISA Energia (ISAE3, ISAE4) anuncia potencial oferta de R$ 65 → +2.7 bps | impacto negativo (2026-05-04): Isa Energia (ISAE4): Lucro cai 14%, para R$ 619,1 milhões, c → +1.4 bps | avanço operacional (2026-04-22): ISA Energia (ISAE3) registra início da operação do projeto J → -0.7 bps",206.2429749692817,1.3898404103700273,corporativa,operacional,grande_grupo,principal,,0.019914660730881904
ISAEC0,IPCA+,229.06290363389988,229.31182030035663,43.911320617007526,2.159631014819137,8,TAEEA7 TAEEC4 EEELB1 ALUP18 ETEN12 ETEN21 EEELB5 EQUA11,1.4807826136548732,"avanço operacional (2026-05-27): Obtenção de LI - Projeto Serra Dourada (Bloco 2) → -1.1 bps | avanço operacional (2026-04-22): Energização Jacarandá → -0.7 bps | impacto negativo (2026-07-03): ISA Energia (ISAE3, ISAE4) anuncia potencial oferta de R$ 65 → +2.7 bps | impacto negativo (2026-05-04): Isa Energia (ISAE4): Lucro cai 14%, para R$ 619,1 milhões, c → +1.4 bps | avanço operacional (2026-04-22): ISA Energia (ISAE3) registra início da operação do projeto J → -0.7 bps",230.7926029140115,-1.7296992801116176,corporativa,operacional,grande_grupo,principal,,-0.024784409830696047
ISAEC2,IPCA+,233.19567132450197,229.31182030035663,43.44390463513788,2.4390769366230662,8,TAEEC4 TAEEA7 EEELB1 ALUP18 ETEN12 ETEN21 EEELA4 EQUA11,1.4807826136548732,"avanço operacional (2026-05-27): Obtenção de LI - Projeto Serra Dourada (Bloco 2) → -1.1 bps | avanço operacional (2026-04-22): Energização Jacarandá → -0.7 bps | impacto negativo (2026-07-03): ISA Energia (ISAE3, ISAE4) anuncia potencial oferta de R$ 65 → +2.7 bps | impacto negativo (2026-05-04): Isa Energia (ISAE4): Lucro cai 14%, para R$ 619,1 milhões, c → +1.4 bps | avanço operacional (2026-04-22): ISA Energia (ISAE3) registra início da operação do projeto J → -0.7 bps",230.7926029140115,2.4030684104904765,corporativa,operacional,grande_grupo,principal,,0.03443294046636359
ITPE13,IPCA+,355.3778698964054,319.97944760521756,68.31605946474022,2.7424942930181393,8,AGIZ11 HZTC14 CAJS11 CAJS12 EBAS13 PASN12 RSAN26 RSAN16,0.0,,319.97944760521756,35.39842229118784,project_finance,operacional,nao_identificado,principal,,0.5072147601103424
ITPO14,IPCA+,218.10724031773844,243.84542762764258,15.063584933063726,1.8302563260783171,5,CLIS13 CDES11 CJEN13 STBP35 STBP45,0.0,,243.84542762764258,-25.738187309904134,project_finance,operacional,nao_identificado,principal,,-0.3687957727234067
ITPO15,IPCA+,231.78303556617382,243.84542762764258,15.063584933063726,2.3251781175659425,5,CJEN13 CDES11 CLIS13 STBP35 STBP45,0.0,,243.84542762764258,-12.062392061468756,project_finance,operacional,nao_identificado,principal,,-0.1728388696390533
IVIAA0,IPCA+,454.5499905189444,353.0606106041531,99.99171608777866,1.1076052567759458,8,ERDVB4 ARTRA7 ERDVC3 ASCP23 ECOC13 ECOV16 ARTRA8 COMT11,0.0,,353.0606106041531,101.4893799147913,project_finance,operacional,grande_grupo,principal,,1.4542148535259167
JALL11,IPCA+,301.7826720127562,334.27082566843274,68.62482069942095,4.796224543974312,8,SMTO15 SMTO14 CLAG13 QUAT13 FRAG14 USAS12 FSII14 USNA12,0.0,,334.27082566843274,-32.48815365567651,corporativa,operacional,grande_grupo,principal,,-0.465514279911681
JALL13,IPCA+,354.8386828694916,351.8138837586406,67.41860267316135,4.3494264690022915,8,SMTO14 SMTO15 QUAT13 FSII14 USAS12 FRAG14 CLAG15 USAS22,0.0,,351.8138837586406,3.0247991108510064,corporativa,operacional,grande_grupo,principal,,0.043341557507047504
JALL14,IPCA+,353.3645892335294,351.8138837586406,67.41860267316135,4.470973034299285,8,SMTO15 SMTO14 FRAG14 USAS12 QUAT13 FSII14 USAS22 CLAG15,0.0,,351.8138837586406,1.5507054748887867,corporativa,operacional,grande_grupo,principal,,0.02221965428225635
JALL15,IPCA+,349.40278665787554,351.8138837586406,56.40160991907383,4.521874760738956,8,SMTO14 SMTO24 USAS22 CLAG15 FSII14 FRAG16 QUAT13 USAS12,0.0,,351.8138837586406,-2.411097100765062,corporativa,operacional,grande_grupo,principal,,-0.03454798147520081
JALL21,IPCA+,289.7389826959123,351.8138837586406,67.41860267316135,4.468190648068277,8,SMTO14 SMTO15 USAS12 FRAG14 QUAT13 FSII14 USAS22 CLAG15,0.0,,351.8138837586406,-62.074901062728316,corporativa,operacional,grande_grupo,principal,,-0.8894550664548403
JALL24,IPCA+,368.84039025430735,337.80501525831664,68.01420230940298,4.529572395373264,8,SMTO14 SMTO15 USAS22 FRAG16 CLAG15 USAS12 FSII14 FRAG14,0.0,,337.80501525831664,31.035374995990708,corporativa,operacional,grande_grupo,principal,,0.4446977934224117
JSMLB5,IPCA+,552.999483893184,595.2913090034083,301.243992693418,1.0217014941639782,8,MOVI37 VAMO33 MOVI18 SUMI18 CSAN33 SUZB19 VAMO34 SUMI19,9.75973387991418,"impacto negativo (2026-07-23): Alienação da CS Porto Aratu → +3.4 bps | impacto negativo (2026-05-28): Simpar (SIMH3) aprova dividendos de R$ 0,17 por ação → +1.8 bps | crédito negativo (2026-05-11): Simpar tenta escapar de dívida de bilhões com ajuda do BNDES → +4.6 bps",605.0510428833225,-52.05155899013846,corporativa,operacional,grande_grupo,high_yield,S,-0.16229331686055562
JTEE11,IPCA+,204.6167115275852,216.06914808220722,16.745758718304888,1.7941251735906412,8,EDPT11 EDTE12 ETBA12 CTRR11 TPEN11 TRCC11 TPNO12 XNGU17,0.0,,216.06914808220722,-11.452436554622011,project_finance,operacional,nao_identificado,principal,,-0.1640989762749281
JTEE12,IPCA+,218.40248285246008,222.98936681031364,32.605998232781516,2.4938675739283758,8,ELTE12 LTTE15 TPNO13 EDPA11 IBPB11 XNGU17 MSGT33 CTRR11,0.0,,222.98936681031364,-4.5868839578535585,project_finance,operacional,nao_identificado,principal,,-0.065724263844263
LTTE15,IPCA+,225.76333317812205,218.25693846173715,24.120510709368343,2.1548101163598776,8,ELTE12 JTEE12 XNGU17 TPNO13 IBPB11 CTRR11 EDPT11 TPNO12,0.0,,218.25693846173715,7.506394716384904,project_finance,operacional,nao_identificado,principal,,0.10755717201307362
MGPRA0,IPCA+,416.0254261426471,251.28561128364694,68.47660800304304,5.126226244569885,3,CLTM14 MOTVB9 CCROB6,1.6245047927124712,impacto negativo (2026-05-20): Redução de Capital Social da Companhia → +1.6 bps,252.9101160763594,163.11531006628772,project_finance,operacional,nao_identificado,principal,,2.337236732897905
MGSP12,IPCA+,238.18512262949753,276.8920422062846,18.41527678558453,1.5139364653902847,8,EQTR21 EQTR11 ETSP12 MSGT23 EQSP21 MSGT33 EQSP11 EQTS11,0.0,,276.8920422062846,-38.70691957678707,project_finance,operacional,grande_grupo,principal,,-0.5546213547669265
MOVI18,IPCA+,508.9935869465106,577.9036961326851,331.044792657727,1.5027556052309632,8,VAMO33 JSMLB5 CSAN33 SUZB19 VAMO34 SUMI19 SUMI18 SUZB29,15.267130072785964,"impacto negativo (2026-05-13): Nova emissão de títulos de dívida no mercado internacional → +1.5 bps | impacto negativo (2026-09-22): Movida lança R$ 1,275 bi em debêntures para investidores pro → +6.9 bps | impacto negativo (2026-09-22): Movida lança 29ª emissão de debêntures de R$ 1,275 bilhão → +6.9 bps",593.1708262054711,-84.17723925896053,corporativa,operacional,grande_grupo,high_yield,S,-0.26245906229416743
MOVI37,IPCA+,587.7747096346303,577.9036961326851,331.044792657727,1.127470111184907,8,JSMLB5 VAMO33 CSAN33 SUZB19 SUMI18 VAMO34 SUMI19 SUZB29,15.267130072785964,"impacto negativo (2026-05-13): Nova emissão de títulos de dívida no mercado internacional → +1.5 bps | impacto negativo (2026-09-22): Movida lança R$ 1,275 bi em debêntures para investidores pro → +6.9 bps | impacto negativo (2026-09-22): Movida lança 29ª emissão de debêntures de R$ 1,275 bilhão → +6.9 bps",593.1708262054711,-5.396116570840832,corporativa,operacional,grande_grupo,high_yield,S,-0.01682473442560834
MRSAA1,IPCA+,229.87917480281345,351.92532618110647,52.432238378339974,2.6478321516778274,6,RUMOB7 RUMOB6 VLIM16 GASC23 GASC16 VLIM17,0.0,,351.92532618110647,-122.04615137829302,corporativa,operacional,grande_grupo,principal,,-1.7487674700446139
MRSAA2,IPCA+,242.71096587467477,356.9265278216185,48.542546204595695,2.589648276014365,6,RUMOB5 RUMOB6 GASC15 VLIM26 GASC16 VLIM18,0.0,,356.9265278216185,-114.21556194694372,corporativa,operacional,grande_grupo,principal,,-1.6365649965198783
MRSAA4,IPCA+,260.2368534533313,364.92104511171897,50.044150872702026,3.1114086430345473,6,RUMOB5 RUMOB6 GASC19 VLIM29 GASC28 VLIM28,0.0,,364.92104511171897,-104.68419165838765,corporativa,operacional,grande_grupo,principal,,-1.4999924777035152
MRSAB1,IPCA+,245.9304087336154,353.9619878263526,50.8114503550859,2.5652867814819653,6,RUMOB5 RUMOB7 VLIM18 VLIM17 GASC15 GASC16,0.0,,353.9619878263526,-108.03157909273719,corporativa,operacional,grande_grupo,principal,,-1.5479563191579024
MRSAB2,IPCA+,249.09154018748012,364.92104511171897,50.43533843131759,2.654891466389732,6,RUMOB5 RUMOB6 VLIM27 VLIM26 GASC17 GASC18,0.0,,364.92104511171897,-115.82950492423885,corporativa,operacional,grande_grupo,principal,,-1.659690764480003
MRSAC1,IPCA+,257.4107977060599,364.92104511171897,48.65303987751525,2.7116206932534794,6,RUMOB5 RUMOB6 GASC25 VLIM28 GASC19 VLIM27,0.0,,364.92104511171897,-107.51024740565907,corporativa,operacional,grande_grupo,principal,,-1.5404862933916672
MRSAC2,IPCA+,260.07291325139687,364.92104511171897,50.044150872702026,2.8777948493450256,6,RUMOB5 RUMOB6 GASC19 GASC28 VLIM28 VLIM29,0.0,,364.92104511171897,-104.8481318603221,corporativa,operacional,grande_grupo,principal,,-1.5023415340968371
MSGT12,IPCA+,232.63456560202448,250.19220882659314,19.356790733398753,1.628775485145122,8,SPRZ11 TRGO11 ODYA11 EQTN11 EQTS11 EQSP11 EQSP21 TPNO12,0.0,,250.19220882659314,-17.557643224568665,project_finance,operacional,grande_grupo,principal,,-0.2515788902396796
MSGT13,IPCA+,92.74833701550112,250.57187384617305,16.076123228847116,2.332647962235582,8,EQTN11 EQTS11 EQSP11 EQSP21 TRGO11 ODYA11 SPRZ11 MGSP12,0.0,,250.57187384617305,-157.8235368306719,project_finance,operacional,grande_grupo,principal,,-2.2614122944474553
MSGT23,IPCA+,237.08538422946296,280.73601451133675,19.26746579143563,1.8536307473993179,8,MGSP12 ETSP12 EQTR11 EQTR21 EQSP21 IBPB11 EQTC11 EQSP11,0.0,,280.73601451133675,-43.65063028187379,project_finance,operacional,grande_grupo,principal,,-0.6254584960018825
MSGT33,IPCA+,282.520038472431,269.7907576803717,30.745315327280533,2.9651193422461457,8,MGSP12 ETSP12 EQTR11 EQTR21 TPNO13 JTEE12 EQSP21 EQSP11,0.0,,269.7907576803717,12.729280792059285,project_finance,operacional,grande_grupo,principal,,0.18239454431642366
NEOE16,IPCA+,273.5783709086887,616.8932431381149,194.00703509199639,1.5076756368683764,8,ARTR19 ELPLA5 ELPLA7 BTEL23 CCLS11 CMTR29 BTEL33 GSTS24,-0.8838834764831844,"avanço operacional (2026-05-08): Prorrogação Concessões Neoenergia Coelba, Neoenergia Cosern  → -0.9 bps",616.0093596616317,-342.430988752943,project_finance,operacional,grande_grupo,high_yield,S,-1.0676771654636448
NEOE26,IPCA+,256.4019722627565,616.8932431381149,194.00703509199639,0.9485358788161052,8,BTEL23 ELPLA5 CCLS11 ELPLA7 ARTR19 CMTR29 BTEL33 GSTS24,-0.8838834764831844,"avanço operacional (2026-05-08): Prorrogação Concessões Neoenergia Coelba, Neoenergia Cosern  → -0.9 bps",616.0093596616317,-359.60738739887523,project_finance,operacional,grande_grupo,high_yield,S,-1.1212320399390785
NMCH11,IPCA+,268.76643224434315,654.2369145302805,193.6559843398026,5.106076989302948,8,HGLB23 SAUC16 USNA13 TUPW21 BTEL23 CCLS11 BTEL33 NEOE26,0.0,,654.2369145302805,-385.47048228593735,project_finance,transicao,grupo_inferido,high_yield,S,-1.2018714585258652
NNAE12,IPCA+,324.2496544316688,336.5867593735586,27.40362628382827,0.8672170540332046,3,PAXA12 PRSS11 ONZE21,0.0,,336.5867593735586,-12.337104941889834,project_finance,operacional,nao_identificado,principal,,-0.17677515884979264
NTEN11,IPCA+,850.7354346579207,990.3586621224795,105.79130239550304,8.106459513840688,3,CGEE23 CGEE13 TUPW21,0.0,,990.3586621224795,-139.6232274645588,corporativa,operacional,grande_grupo,high_yield,,-0.4353359848509466
NTSD19,IPCA+,219.05260445370286,229.81281409104625,48.43175346351826,4.618873759422286,7,PEJA22 PEJA23 IPIPA5 PETR28 PETR27 RECV24 RECV14,7.638732831283332,impacto negativo (2026-10-01): Renúncia CFO → +7.6 bps,237.45154692232958,-18.39894246862673,project_finance,operacional,grande_grupo,principal,,-0.2636336476733789
NTSDA1,IPCA+,217.24774831799903,234.97674992520882,46.83458328147881,4.581583779555058,7,PEJA23 PEJA22 PETR28 IPIPA5 PETR38 RECV24 RECV11,7.638732831283332,impacto negativo (2026-10-01): Renúncia CFO → +7.6 bps,242.61548275649216,-25.36773443849313,project_finance,operacional,grande_grupo,principal,,-0.36348765015344414
ODYA11,IPCA+,237.42579259033772,249.73130453327155,32.459851176275556,1.407605273396014,8,SPRZ11 MSGT12 TRGO11 EQTS11 EQTN11 EQSP11 EQSP21 CTRR11,0.0,,249.73130453327155,-12.305511942933833,project_finance,operacional,grande_grupo,principal,,-0.1763224710080912
OMGE12,IPCA+,359.41600771959196,271.8012626121344,54.585099355415736,2.13677442447376,8,CESPA2 CSNP12 RIPR22 CESPA3 ECHP12 ECHP11 SAVI13 SRNA11,0.0,,271.8012626121344,87.61474510745757,project_finance,operacional,grande_grupo,principal,,1.2554088302650355
OMGE22,IPCA+,359.8600092663233,268.1584199919281,31.18641629520412,2.2196102294272,8,CESPA2 CSNP12 ECHP22 RIPR22 CESPA3 ECHP12 SAVI13 ENMI21,0.0,,268.1584199919281,91.70158927439519,project_finance,operacional,grande_grupo,principal,,1.3139681543696482
OMGE41,IPCA+,368.6140922732875,268.1584199919281,30.725744588131246,2.4960205817373544,8,CESPA2 CSNP12 ENMI21 ENJG21 CESPA3 ECHP11 RIPR22 ECHP12,0.0,,268.1584199919281,100.4556722813594,project_finance,operacional,grande_grupo,principal,,1.4394031264663771
OMNG12,IPCA+,343.7771572574322,392.26896413028726,100.15092921522962,5.756070429744716,8,ENAT12 ENAT11 COMR15 COMR14 ENGIA6 ENGIA4 COCEB2 COCE18,0.0,,392.26896413028726,-48.49180687285508,project_finance,operacional,nao_identificado,principal,,-0.6948264526595911
ONZE21,IPCA+,336.5867593735586,327.9292464297837,30.120109086025497,1.3741513680373885,3,PRSS11 PAXA12 NNAE12,0.0,,327.9292464297837,8.657512943774918,project_finance,operacional,nao_identificado,principal,,0.12405124484946717
ORIG11,IPCA+,619.118792677486,273.5783709086887,42.63733881739545,9.878158343966351,3,ASAB11 NEOE26 NEOE16,0.0,,273.5783709086887,345.5404217687973,corporativa,transicao,nao_identificado,high_yield,,1.077372171866706
ORIG12,IPCA+,554.9470567776217,392.116578543032,72.631435543849,5.6225311011259915,8,COMR15 ENAT33 COMR14 ENAT11 ENGIB9 ENGIB0 COCE18 COCEB2,0.0,,392.116578543032,162.8304782345897,corporativa,transicao,nao_identificado,principal,,2.333155451873624
ORVR16,IPCA+,315.2968922285485,232.70828687353503,84.74994521168291,3.0703014154814317,8,CAEC12 SBSPF9 SBSPE3 CAJS11 BRKP28 SAPRB3 CSMGA6 SAPRA3,0.0,,232.70828687353503,82.58860535501344,corporativa,operacional,nao_identificado,principal,,1.1833905847102995
PALF38,IPCA+,179.04985489372478,237.55102762797526,88.09303634133444,0.9942554460885418,8,ENSEA1 CSRN29 CSRNC0 CPLD15 RIGEA3 CMGD28 SAELA1 ELPLC8,-0.8838834764831844,avanço operacional (2026-05-08): Renovação da Concessão → -0.9 bps,236.66714415149207,-57.61728925776728,project_finance,operacional,grande_grupo,principal,,-0.8255831095715757
PALFA3,IPCA+,220.1114271095362,234.67162150001656,20.775765467302254,0.5301253250315052,8,CSRNB2 CPFPA5 AESLA5 CPFPA7 ESSDA4 AESLA7 CSRNA4 SAELA3,-0.8838834764831844,avanço operacional (2026-05-08): Renovação da Concessão → -0.9 bps,233.78773802353336,-13.676310913997156,project_finance,operacional,grande_grupo,principal,,-0.19596429192168807
PALFA7,IPCA+,249.14171795241558,250.265104111303,26.072416607340905,0.525980640678078,8,AESLB0 CPFPB0 CPFPB1 ENERB7 AESLA7 ESCEA5 SAELA7 ENERB8,-0.8838834764831844,avanço operacional (2026-05-08): Renovação da Concessão → -0.9 bps,249.3812206348198,-0.2395026824042361,project_finance,operacional,grande_grupo,principal,,-0.0034317714671619546
PALFB3,IPCA+,244.15748712952012,250.265104111303,26.072416607340905,0.5140308374359299,8,AESLB0 CPFPB0 ENERB7 CPFPB1 AESLA7 ESCEA5 SAELA7 ENERB8,-0.8838834764831844,avanço operacional (2026-05-08): Renovação da Concessão → -0.9 bps,249.3812206348198,-5.223733505299691,project_finance,operacional,grande_grupo,principal,,-0.0748495149014177
PALFB6,IPCA+,232.784811284771,238.50913427298815,13.782408845602262,0.5771404408799194,8,AESLA9 AESLC2 CPFPA9 CPFPB0 CPLD29 EBENA8 CSRNB2 CPLDC0,-0.8838834764831844,avanço operacional (2026-05-08): Renovação da Concessão → -0.9 bps,237.62525079650496,-4.840439511733962,project_finance,operacional,grande_grupo,principal,,-0.06935739524142444
PASN12,IPCA+,368.04461954115493,316.7735684558638,77.33837269502298,2.2377681693689166,8,EBAS13 CAJS12 HZTC14 RSAN44 CAJS11 RSAN34 AGIZ11 GSTS14,0.0,,316.7735684558638,51.271051085291106,project_finance,operacional,nao_identificado,principal,,0.7346495180748461
PAXA12,IPCA+,389.9043375899064,327.9292464297837,5.171461065753341,0.695503277058123,3,PRSS11 NNAE12 ONZE21,0.0,,327.9292464297837,61.9750911601227,project_finance,operacional,nao_identificado,principal,,0.8880249163936228
PEJA11,IPCA+,281.9156459813791,217.24774831799903,39.78250332790958,4.59397333071194,7,NTSDA1 NTSD19 IPIPA5 PETR17 PETR26 RECV11 RECV14,0.0,,217.24774831799903,64.66789766338007,project_finance,operacional,grande_grupo,principal,,0.9266094384194328
PEJA22,IPCA+,287.0674385390879,217.24774831799903,27.528942502836458,4.488257186251554,7,NTSDA1 NTSD19 IPIPA5 PETR18 PETR27 RECV14 RECV24,0.0,,217.24774831799903,69.81969022108888,project_finance,operacional,grande_grupo,principal,,1.0004281302470348
PEJA23,IPCA+,297.0396569077783,217.24774831799903,27.528942502836458,4.516837819662009,7,NTSDA1 NTSD19 IPIPA5 PETR18 PETR27 RECV14 RECV24,0.0,,217.24774831799903,79.79190858977927,project_finance,operacional,grande_grupo,principal,,1.1433174462181144
PETR17,IPCA+,134.5427922837051,229.81281409104625,28.470555763883628,4.887920672536047,7,RECV11 RECV14 PEJA11 PEJA22 NTSDA1 NTSD19 IPIPA5,0.0,,229.81281409104625,-95.27002180734115,corporativa,operacional,grande_grupo,principal,,-1.36509929338707
PETR18,IPCA+,169.5329391587897,229.81281409104625,31.732572221386302,4.508079771558947,7,RECV24 RECV14 NTSDA1 PEJA22 NTSD19 PEJA23 IPIPA5,0.0,,229.81281409104625,-60.27987493225655,corporativa,operacional,grande_grupo,principal,,-0.863734605224406
PETR26,IPCA+,138.27038819846948,229.81281409104625,28.470555763883628,5.131647244004641,7,RECV11 RECV14 PEJA11 PEJA22 NTSDA1 NTSD19 IPIPA5,0.0,,229.81281409104625,-91.54242589257677,corporativa,operacional,grande_grupo,principal,,-1.3116875437858404
PETR27,IPCA+,168.13902525683662,229.81281409104625,31.732572221386302,4.58329117116456,7,RECV24 RECV14 NTSDA1 NTSD19 PEJA22 PEJA23 IPIPA5,0.0,,229.81281409104625,-61.67378883420963,corporativa,operacional,grande_grupo,principal,,-0.8837076339537009
PETR28,IPCA+,164.1738858761157,234.97674992520882,31.43870553907753,4.8614792856088505,7,NTSDA1 NTSD19 RECV24 RECV11 PEJA23 PEJA22 IPIPA5,0.0,,234.97674992520882,-70.80286404909313,corporativa,operacional,grande_grupo,principal,,-1.0145157715892335
PETR38,IPCA+,177.46633199721592,229.81281409104625,31.882790414645964,5.364132775668538,7,NTSDA1 RECV11 RECV14 NTSD19 PEJA23 PEJA22 IPIPA5,0.0,,229.81281409104625,-52.34648209383033,corporativa,operacional,grande_grupo,principal,,-0.7500590884936734
PLSB1A,IPCA+,510.02860339612795,262.71024923617676,80.66337035055211,1.7490160974505908,8,VIALA5 VRDN12 RPTA14 CRMG15 CART13 CBAN12 ENTV12 CBAN32,0.0,,262.71024923617676,247.31835415995118,project_finance,operacional,nao_identificado,principal,,3.5437601892034754
POTE11,IPCA+,296.74873980700613,291.70209982871125,64.05363409237872,0.7855704452838532,8,TCII11 TNHL11 AGEO15 WNTY12 CLCD27 AEAB11 BHSA11 HSBH11,0.0,,291.70209982871125,5.046639978294877,project_finance,operacional,grupo_inferido,principal,,0.07231198794391817
POTE12,IPCA+,291.9841129614276,277.8980972241892,69.00904103528933,0.815518391420862,8,TNHL11 TCII11 CLCD27 AGEO15 WNTY12 TRRG12 AEAB11 HSBH11,0.0,,277.8980972241892,14.086015737238426,project_finance,operacional,grupo_inferido,principal,,0.201834845471418
PRPO12,IPCA+,236.52777323600264,259.60598610611476,47.089177634432815,0.6107596322946426,8,SRTI11 VDBF12 CUTI11 CEAD11 ESAM14 ALIG12 UTPS11 UTPS12,0.0,,259.60598610611476,-23.07821287011211,project_finance,operacional,nao_identificado,principal,,-0.3306816927714699
PRSS11,IPCA+,327.9292464297837,336.5867593735586,28.490750401201627,0.7250712007233772,3,PAXA12 NNAE12 ONZE21,0.0,,336.5867593735586,-8.657512943774918,project_finance,operacional,nao_identificado,principal,,-0.12405124484946717
PRTE12,IPCA+,211.01929996747432,216.06914808220722,16.745758718304888,1.7855826574869804,8,TPNO12 EDPT11 CTRR11 EDTE12 TRCC11 TPEN11 ETBA12 XNGU17,0.0,,216.06914808220722,-5.049848114732896,project_finance,operacional,nao_identificado,principal,,-0.0723579564941667
PTAZ11,IPCA+,277.40435565097056,272.728451302389,53.91591060444667,4.862535144925497,8,RALM11 RALM21 TPNO13 IBPB11 EDFT11 JTEE12 MSGT33 LTTE15,0.0,,272.728451302389,4.675904348581582,project_finance,transicao,nao_identificado,principal,,0.06699981380399338
QMCT14,IPCA+,327.3257807608407,271.34546103769577,102.3434442234604,2.565242554469061,8,FBRI13 BCPSA7 BCPSA5 ALGTA4 ALGAC2 BTCL12 BRST15 DESK19,0.0,,271.34546103769577,55.98031972314493,project_finance,operacional,grupo_inferido,principal,,0.8021274000774802
QUAT13,IPCA+,359.63935842106747,362.305183102157,79.6886729953156,0.9515305778286471,8,FSII14 FRAG14 USAS12 CLAG15 CLAG13 USAS22 FRAG16 BION17,0.0,,362.305183102157,-2.665824681089532,project_finance,operacional,grupo_inferido,principal,,-0.03819790653358195
RALM11,IPCA+,357.7016032931135,244.35009865523455,31.853533994726398,4.713764970139828,8,EDFT11 PTAZ11 TPNO13 IBPB11 JTEE12 ELTE12 MSGT33 LTTE15,0.0,,244.35009865523455,113.35150463787897,project_finance,construcao,nao_identificado,principal,,1.624184144708639
RALM21,IPCA+,359.21732625772376,244.35009865523455,31.853533994726398,4.688806911167591,8,EDFT11 PTAZ11 TPNO13 IBPB11 JTEE12 ELTE12 MSGT33 LTTE15,0.0,,244.35009865523455,114.86722760248921,project_finance,construcao,nao_identificado,principal,,1.6459025437255326
RATL11,IPCA+,219.57503825142325,277.59658840918564,50.154160064867206,0.9815900876459385,8,EKTT11 HSBH11 SERI11 RDVE11 TVVH11 EUBE11 POTE12 TNHL11,0.0,,277.59658840918564,-58.02155015776239,project_finance,operacional,grupo_inferido,principal,,-0.831375658565039
RDOE18,IPCA+,218.00115584019153,224.27161338538824,68.4533140444111,0.6713676791929295,8,CPFGA2 CLCD26 TRRG12 WNTY12 CERT11 ROTY13 EGVG11 EGVG21,0.0,,224.27161338538824,-6.270457545196706,project_finance,operacional,grupo_inferido,principal,,-0.08984775065415235
RDSM12,IPCA+,379.3223875394841,384.7143508163143,54.10959723169336,1.9880469691275044,8,EPRL12 CRNP23 CRTR12 CRNP13 ECRD14 ERDVC4 CNRD12 ANHBB6,0.0,,384.7143508163143,-5.391963276830211,project_finance,operacional,grande_grupo,principal,,-0.07726003541864176
RDVE11,IPCA+,219.6411502467612,270.3837447984056,71.74723930301985,0.9518723191393738,8,SERI11 EKTT11 RATL11 TVVH11 EUBE11 WNTY12 HSBH11 TRRG12,0.0,,270.3837447984056,-50.74259455164437,project_finance,operacional,grupo_inferido,principal,,-0.7270774022404888
RECV11,IPCA+,234.97674992520882,217.24774831799903,58.05171380997914,5.731823692949154,7,PETR17 PETR26 IPIPA5 PEJA11 PEJA23 NTSDA1 NTSD19,-2.905113967394599,avanço operacional (2026-08-19): Contratação de longo prazo com Petrobras para processamento  → -2.9 bps,214.3426343506044,20.634115574604408,corporativa,operacional,grupo_inferido,principal,,0.295660860113177
RECV14,IPCA+,229.81281409104625,217.24774831799903,53.87217991137815,5.771136335376105,7,PETR17 PETR18 IPIPA5 PEJA23 PEJA22 NTSD19 NTSDA1,-2.905113967394599,avanço operacional (2026-08-19): Contratação de longo prazo com Petrobras para processamento  → -2.9 bps,214.3426343506044,15.470179740441836,corporativa,operacional,grupo_inferido,principal,,0.22166817044457543
RECV24,IPCA+,246.93843753373488,217.24774831799903,47.1242762740031,5.387136064534263,7,PETR18 PETR27 IPIPA5 NTSD19 PEJA22 PEJA23 NTSDA1,-2.905113967394599,avanço operacional (2026-08-19): Contratação de longo prazo com Petrobras para processamento  → -2.9 bps,214.3426343506044,32.59580318313047,corporativa,operacional,grupo_inferido,principal,,0.46705676191255663
RIGEA3,IPCA+,206.1928593637897,238.31460686226436,87.32360419509088,0.6106302491765073,8,CMGD28 CSRNA1 ELPLC8 CSRNC0 CPLD15 CPLD26 ENERA1 CPFPA2,-0.8838834764831844,avanço operacional (2026-05-08): Renovação da Concessão → -0.9 bps,237.43072338578116,-31.23786402199147,project_finance,operacional,grande_grupo,principal,,-0.4475992058611667
RIPR22,IPCA+,198.7237757082689,268.1584199919281,53.68058025262848,2.3649361611934476,8,CESPA2 CESPA3 OMGE22 OMGE12 ENJG21 ALIG13 ENMI21 CSNP12,0.0,,268.1584199919281,-69.4346442836592,project_finance,operacional,grande_grupo,principal,,-0.9949109074403711
RIS412,IPCA+,936.6828289628306,774.9392917064764,129.47911755931486,2.838792585724114,8,RISP12 RISP14 CYAR11 CEAM11 CCLS11 IRJS14 IRJS15 GSTS24,0.0,,774.9392917064764,161.74353725635422,project_finance,operacional,nao_identificado,high_yield,,0.5043056471577692
RIS414,IPCA+,972.0637941162174,774.9392917064764,129.47911755931486,2.7415304879813673,8,RISP14 RISP12 CYAR11 CEAM11 IRJS14 CCLS11 IRJS15 GSTS24,0.0,,774.9392917064764,197.124502409741,project_finance,operacional,nao_identificado,high_yield,,0.6146211554705704
RIS422,IPCA+,842.8966504394991,774.9392917064764,104.96390279512663,2.284645475850701,8,CYAR11 CEAM11 RISP22 RISP24 IRJS14 IRJS15 GSTS24 CCLS11,0.0,,774.9392917064764,67.95735873302272,project_finance,operacional,nao_identificado,high_yield,,0.2118865480273978
RIS424,IPCA+,888.200967482908,774.9392917064764,104.96390279512663,2.2964540478458497,8,CYAR11 CEAM11 RISP24 RISP22 IRJS14 IRJS15 GSTS24 CCLS11,0.0,,774.9392917064764,113.26167577643162,project_finance,operacional,nao_identificado,high_yield,,0.3531424109395928
RISP12,IPCA+,924.7424687959435,774.9392917064764,129.21135209345425,2.835693947700568,8,RIS412 RIS414 CEAM11 CYAR11 IRJS14 IRJS15 CCLS11 GSTS24,0.0,,774.9392917064764,149.8031770894671,project_finance,operacional,nao_identificado,high_yield,,0.4670763942095356
RISP14,IPCA+,982.4328992456554,774.9392917064764,108.58091855844125,2.7160332074470697,8,RIS414 RIS412 CYAR11 CEAM11 IRJS14 IRJS15 CCLS11 IGSN15,0.0,,774.9392917064764,207.49360753917904,project_finance,operacional,nao_identificado,high_yield,,0.6469513391765209
RISP22,IPCA+,845.1483960089506,774.9392917064764,106.63520112181551,2.269302230206567,8,CEAM11 CYAR11 RIS422 RIS424 IRJS14 IRJS15 GSTS24 CCLS11,0.0,,774.9392917064764,70.2091043024742,project_finance,operacional,nao_identificado,high_yield,,0.2189073417227716
RISP24,IPCA+,873.0918564071968,774.9392917064764,106.63520112181551,2.298454574558316,8,CYAR11 CEAM11 RIS424 RIS422 IRJS15 IRJS14 GSTS24 CCLS11,0.0,,774.9392917064764,98.1525647007204,project_finance,operacional,nao_identificado,high_yield,,0.30603320232287684
RLMS13,IPCA+,368.3303984286623,332.76626726895483,80.40043197120445,1.9280274935536221,8,CNRD12 CRTA12 ENTV13 CART13 CBAN12 CBAN32 RPTA14 CRMG15,0.0,,332.76626726895483,35.56413115970747,project_finance,operacional,nao_identificado,principal,,0.5095891592658456
ROTY13,IPCA+,221.50834288766194,217.802572268576,70.51792118295428,0.8254310589050318,8,TRRG12 CLCD27 CPFGA2 WNTY12 RDOE18 CLCD26 CERT11 POTE12,0.0,,217.802572268576,3.705770619085939,project_finance,operacional,grupo_inferido,principal,,0.05309902063210163
RPTA14,IPCA+,383.061716691198,328.9813950711739,91.77344656907458,1.7791976920221881,8,VIALA5 VRDN12 PLSB1A ENTV13 CBAN12 CNRD12 CBAN72 ERDVB4,0.0,,328.9813950711739,54.08032162002411,project_finance,operacional,nao_identificado,principal,,0.7749028228305886
RRRP13,IPCA+,378.29834402175965,398.78172640129253,97.46471787057988,3.2110991906576203,8,COMR14 COCE18 ENGIB0 COCEB2 COMR15 ENGIA5 ORIG12 OMNG12,2.8875971946133285,"avanço operacional (2026-09-29): Brava Energia (BRAV3) inicia produção no poço PPT-52 em Papa → -4.7 bps | impacto negativo (2026-08-10): Brava Energia (BRAV3) registra rescisão de acordo de acionis → +4.2 bps | impacto negativo (2026-07-22): Negócio Leilão de R$ 5,5 bilhões para venda do controle da B → +3.4 bps",401.66932359590584,-23.37097957414619,corporativa,operacional,nao_identificado,principal,,-0.3348766705118171
RSAN16,IPCA+,437.3292753485755,319.97944760521756,103.36710488337373,3.456668271866145,8,GSTS14 CAJS11 CAJS12 EBAS13 SAPRB3 PASN12 ITPE13 SAPRA3,0.0,,319.97944760521756,117.34982774335793,project_finance,operacional,grande_grupo,principal,,1.6814750736123831
RSAN26,IPCA+,484.2944160270264,319.97944760521756,87.92677880897392,3.932582332961237,8,GSTS14 ITPE13 CAJS11 AGIZ11 CAJS12 EBAS13 PASN12 SAPRB3,0.0,,319.97944760521756,164.31496842180883,project_finance,operacional,grande_grupo,principal,,2.3544263245696637
RSAN34,IPCA+,306.2421905323543,319.97944760521756,87.98654556994352,3.8103009347174366,8,GSTS14 PASN12 EBAS13 CAJS12 SAPR10 CAJS11 SAPRA2 AGIZ11,0.0,,319.97944760521756,-13.737257072863258,project_finance,operacional,grande_grupo,principal,,-0.19683757353561504
RSAN44,IPCA+,415.89709981062236,319.97944760521756,89.68694423123411,3.361463693687033,8,GSTS14 PASN12 EBAS13 CAJS12 SAPRA2 SAPR10 CAJS11 HZTC14,0.0,,319.97944760521756,95.9176522054048,project_finance,operacional,grande_grupo,principal,,1.3743790204407753
RUMOA2,IPCA+,367.89136029092356,244.32068730414508,54.86364837403328,3.853738375299961,6,MRSAA2 MRSAB1 GASC22 VLIM13 VLIM14 GASC16,2.548746167855331,"avanço operacional (2026-05-28): Inauguração da Ferrovia do Mato Grosso - 1a Fase → -1.1 bps | impacto negativo (2026-08-27): Rumo: Fitch reafirma ratings, mas deixa empresa sob perspect → +5.1 bps | avanço operacional (2026-06-19): Rumo (RAIL3) anuncia inauguração da Ferrovia do Mato Grosso → -1.4 bps",246.86943347200042,121.02192681892313,corporativa,operacional,grande_grupo,principal,,1.7340916234798578
RUMOA3,IPCA+,348.83557500496516,254.5822267194385,53.3470883071972,3.622454962399795,6,MRSAB2 MRSAC2 VLIM13 GASC22 VLIM14 GASC23,2.548746167855331,"avanço operacional (2026-05-28): Inauguração da Ferrovia do Mato Grosso - 1a Fase → -1.1 bps | impacto negativo (2026-08-27): Rumo: Fitch reafirma ratings, mas deixa empresa sob perspect → +5.1 bps | avanço operacional (2026-06-19): Rumo (RAIL3) anuncia inauguração da Ferrovia do Mato Grosso → -1.4 bps",257.1309728872938,91.70460211767136,corporativa,operacional,grande_grupo,principal,,1.3140113246151184
RUMOA4,IPCA+,336.71761606583055,237.9047917682144,55.74803936738502,3.4885657100279843,6,MRSAB1 MRSAA1 GASC22 VLIM13 VLIM14 GASC23,2.548746167855331,"avanço operacional (2026-05-28): Inauguração da Ferrovia do Mato Grosso - 1a Fase → -1.1 bps | impacto negativo (2026-08-27): Rumo: Fitch reafirma ratings, mas deixa empresa sob perspect → +5.1 bps | avanço operacional (2026-06-19): Rumo (RAIL3) anuncia inauguração da Ferrovia do Mato Grosso → -1.4 bps",240.45353793606975,96.2640781297608,corporativa,operacional,grande_grupo,principal,,1.3793428671532875
RUMOA5,IPCA+,356.23328076282104,236.2950703387441,55.95369625679293,3.443487675780791,6,MRSAA1 MRSAA2 GASC22 VLIM14 VLIM13 GASC23,2.548746167855331,"avanço operacional (2026-05-28): Inauguração da Ferrovia do Mato Grosso - 1a Fase → -1.1 bps | impacto negativo (2026-08-27): Rumo: Fitch reafirma ratings, mas deixa empresa sob perspect → +5.1 bps | avanço operacional (2026-06-19): Rumo (RAIL3) anuncia inauguração da Ferrovia do Mato Grosso → -1.4 bps",238.84381650659944,117.3894642562216,corporativa,operacional,grande_grupo,principal,,1.6820430148668937
RUMOA6,IPCA+,337.5004698598684,237.9047917682144,54.554467870527944,3.198331993330483,6,MRSAB1 MRSAA1 GASC22 VLIM15 VLIM14 GASC23,2.548746167855331,"avanço operacional (2026-05-28): Inauguração da Ferrovia do Mato Grosso - 1a Fase → -1.1 bps | impacto negativo (2026-08-27): Rumo: Fitch reafirma ratings, mas deixa empresa sob perspect → +5.1 bps | avanço operacional (2026-06-19): Rumo (RAIL3) anuncia inauguração da Ferrovia do Mato Grosso → -1.4 bps",240.45353793606975,97.04693192379867,corporativa,operacional,grande_grupo,principal,,1.3905601749778578
RUMOA7,IPCA+,327.95588656633777,237.9047917682144,55.74803936738502,3.368529292718332,6,MRSAB1 MRSAA1 GASC22 VLIM14 VLIM13 GASC23,2.548746167855331,"avanço operacional (2026-05-28): Inauguração da Ferrovia do Mato Grosso - 1a Fase → -1.1 bps | impacto negativo (2026-08-27): Rumo: Fitch reafirma ratings, mas deixa empresa sob perspect → +5.1 bps | avanço operacional (2026-06-19): Rumo (RAIL3) anuncia inauguração da Ferrovia do Mato Grosso → -1.4 bps",240.45353793606975,87.50234863026802,corporativa,operacional,grande_grupo,principal,,1.253798330459536
RUMOB3,IPCA+,357.84462000785874,236.2950703387441,55.95369625679293,3.9172406321159463,6,MRSAA1 MRSAA2 VLIM13 GASC22 VLIM14 GASC23,2.548746167855331,"avanço operacional (2026-05-28): Inauguração da Ferrovia do Mato Grosso - 1a Fase → -1.1 bps | impacto negativo (2026-08-27): Rumo: Fitch reafirma ratings, mas deixa empresa sob perspect → +5.1 bps | avanço operacional (2026-06-19): Rumo (RAIL3) anuncia inauguração da Ferrovia do Mato Grosso → -1.4 bps",238.84381650659944,119.0008035012593,corporativa,operacional,grande_grupo,principal,,1.7051314746266282
RUMOB5,IPCA+,368.5199108204104,265.38521226368016,57.5876660743507,2.6796683500819642,6,MRSAB2 MRSAB1 GASC17 GASC18 VLIM26 VLIM27,2.548746167855331,"avanço operacional (2026-05-28): Inauguração da Ferrovia do Mato Grosso - 1a Fase → -1.1 bps | impacto negativo (2026-08-27): Rumo: Fitch reafirma ratings, mas deixa empresa sob perspect → +5.1 bps | avanço operacional (2026-06-19): Rumo (RAIL3) anuncia inauguração da Ferrovia do Mato Grosso → -1.4 bps",267.9339584315355,100.58595238887494,corporativa,operacional,grande_grupo,principal,,1.4412698761462661
RUMOB6,IPCA+,361.32217940302746,265.38521226368016,57.33490346349411,2.8103856091992587,6,MRSAB2 MRSAA2 GASC27 GASC18 VLIM26 VLIM27,2.548746167855331,"avanço operacional (2026-05-28): Inauguração da Ferrovia do Mato Grosso - 1a Fase → -1.1 bps | impacto negativo (2026-08-27): Rumo: Fitch reafirma ratings, mas deixa empresa sob perspect → +5.1 bps | avanço operacional (2026-06-19): Rumo (RAIL3) anuncia inauguração da Ferrovia do Mato Grosso → -1.4 bps",267.9339584315355,93.38822097149199,corporativa,operacional,grande_grupo,principal,,1.338135460036557
RUMOB7,IPCA+,355.3930994124957,245.17981290534271,52.552971257054296,2.7821474807162225,6,MRSAB1 MRSAA1 GASC23 GASC16 VLIM17 VLIM16,2.548746167855331,"avanço operacional (2026-05-28): Inauguração da Ferrovia do Mato Grosso - 1a Fase → -1.1 bps | impacto negativo (2026-08-27): Rumo: Fitch reafirma ratings, mas deixa empresa sob perspect → +5.1 bps | avanço operacional (2026-06-19): Rumo (RAIL3) anuncia inauguração da Ferrovia do Mato Grosso → -1.4 bps",247.72855907319806,107.66454033929764,corporativa,operacional,grande_grupo,principal,,1.5426971165938552
SAELA1,IPCA+,242.58718194847532,243.97617612156398,79.5943263145174,0.9587152741975624,8,ELPLC8 CSRNC0 ENSEA1 CSRN29 CPFPA2 RIGEA3 CMGD28 EDVP17,-7.92348901969095,avanço operacional (2026-05-08): Assinatura do Termo Aditivo da  Prorrogação da Concessão → -0.9 bps | avanço operacional (2026-08-24): Aneel homologa reajuste tarifário da EPB → -3.1 bps | avanço operacional (2026-08-24): Energisa (ENGI3) registra reajuste médio de 6% na EPB → -3.1 bps | avanço operacional (2026-05-08): Energisa (ENGI3) conclui prorrogação de 4 concessões por 30  → -0.9 bps,236.05268710187303,6.534494846602286,project_finance,operacional,grande_grupo,principal,,0.09363107227766868
SAELA3,IPCA+,256.71732065776644,247.59821029377676,17.57409193508996,0.8771730397774553,8,CSRNA4 EDVP17 CPLD37 CPFPA2 PALFA3 CEPEC1 ESULA6 CSRNB2,-7.92348901969095,avanço operacional (2026-05-08): Assinatura do Termo Aditivo da  Prorrogação da Concessão → -0.9 bps | avanço operacional (2026-08-24): Aneel homologa reajuste tarifário da EPB → -3.1 bps | avanço operacional (2026-08-24): Energisa (ENGI3) registra reajuste médio de 6% na EPB → -3.1 bps | avanço operacional (2026-05-08): Energisa (ENGI3) conclui prorrogação de 4 concessões por 30  → -0.9 bps,239.6747212740858,17.042599383680624,project_finance,operacional,grande_grupo,principal,,0.2441989613814556
SAELA7,IPCA+,294.3910113890443,282.9293154550477,23.11538217221645,0.44872100896501443,8,ENSEB4 CSRNB3 AESLB0 CPFPB0 CPFPA9 ENERB8 ENSEA5 FLCLA9,-7.92348901969095,avanço operacional (2026-05-08): Assinatura do Termo Aditivo da  Prorrogação da Concessão → -0.9 bps | avanço operacional (2026-08-24): Aneel homologa reajuste tarifário da EPB → -3.1 bps | avanço operacional (2026-08-24): Energisa (ENGI3) registra reajuste médio de 6% na EPB → -3.1 bps | avanço operacional (2026-05-08): Energisa (ENGI3) conclui prorrogação de 4 concessões por 30  → -0.9 bps,275.0058264353567,19.3851849536876,project_finance,operacional,grande_grupo,principal,,0.2777652590021501
SAELB3,IPCA+,306.7282079587875,284.8000895639442,17.57866962371682,0.7344608006400195,8,AESLB7 ENSEA5 CPFPB7 ENSEC4 CSRNB3 FLCLB9 ESSDB5 CMGDB2,-7.92348901969095,avanço operacional (2026-05-08): Assinatura do Termo Aditivo da  Prorrogação da Concessão → -0.9 bps | avanço operacional (2026-08-24): Aneel homologa reajuste tarifário da EPB → -3.1 bps | avanço operacional (2026-08-24): Energisa (ENGI3) registra reajuste médio de 6% na EPB → -3.1 bps | avanço operacional (2026-05-08): Energisa (ENGI3) conclui prorrogação de 4 concessões por 30  → -0.9 bps,276.8766005442532,29.85160741453427,project_finance,operacional,grande_grupo,principal,,0.4277358965074665
SAELB7,IPCA+,314.65510221379947,287.41070720852565,18.066566857171317,0.703019177216249,8,ENSEC4 AESLB7 CPFPB7 ENSEA5 FLCLB9 ENERC7 CMGDB2 ESSDB5,-7.92348901969095,avanço operacional (2026-05-08): Assinatura do Termo Aditivo da  Prorrogação da Concessão → -0.9 bps | avanço operacional (2026-08-24): Aneel homologa reajuste tarifário da EPB → -3.1 bps | avanço operacional (2026-08-24): Energisa (ENGI3) registra reajuste médio de 6% na EPB → -3.1 bps | avanço operacional (2026-05-08): Energisa (ENGI3) conclui prorrogação de 4 concessões por 30  → -0.9 bps,279.4872181888347,35.16788402496479,project_finance,operacional,grande_grupo,principal,,0.5039114374244698
SAELB8,IPCA+,290.2633707691466,284.8000895639442,21.1099151299279,0.6484927519912422,8,ENSEA5 CSRNB3 ENSEB4 FLCLA9 ENERB4 CPFPB1 AESLB0 CPFPB0,-7.92348901969095,avanço operacional (2026-05-08): Assinatura do Termo Aditivo da  Prorrogação da Concessão → -0.9 bps | avanço operacional (2026-08-24): Aneel homologa reajuste tarifário da EPB → -3.1 bps | avanço operacional (2026-08-24): Energisa (ENGI3) registra reajuste médio de 6% na EPB → -3.1 bps | avanço operacional (2026-05-08): Energisa (ENGI3) conclui prorrogação de 4 concessões por 30  → -0.9 bps,276.8766005442532,13.386770224893382,project_finance,operacional,grande_grupo,principal,,0.19181553890784223
SAPR10,IPCA+,339.56434748920447,305.1929757588889,82.97605799015707,3.419725167300708,8,CASN24 SBSPB6 BRKP28 CASN23 SBSPD4 RSAN34 CSMGA6 RSAN44,0.6272058744650195,"avanço operacional (2026-04-13): Decisão, pela Agepar, da aplicação do Índice de Reajuste Tar → -0.7 bps | impacto negativo (2026-04-30): Decreto nº 13.498-2026 de Situação de Emergência Hídrica → +1.3 bps",305.8201816333539,33.744165855850554,corporativa,operacional,grande_grupo,principal,,0.48351135112481053
SAPRA2,IPCA+,185.42913131303996,305.1929757588889,90.26290857547885,2.9980226967585084,8,CASN23 CASN24 BRKP28 CSMGA6 SBSPD4 SBSPC6 RSAN44 RSAN34,0.6272058744650195,"avanço operacional (2026-04-13): Decisão, pela Agepar, da aplicação do Índice de Reajuste Tar → -0.7 bps | impacto negativo (2026-04-30): Decreto nº 13.498-2026 de Situação de Emergência Hídrica → +1.3 bps",305.8201816333539,-120.39105032031395,corporativa,operacional,grande_grupo,principal,,-1.7250519586815491
SAPRA3,IPCA+,172.20530483351266,253.0861855587338,108.39414709524154,3.1402759245703615,8,BRKP28 CASN34 CASN23 SBSPE9 CSMGA6 SBSPC6 ORVR16 CSMGE1,0.6272058744650195,"avanço operacional (2026-04-13): Decisão, pela Agepar, da aplicação do Índice de Reajuste Tar → -0.7 bps | impacto negativo (2026-04-30): Decreto nº 13.498-2026 de Situação de Emergência Hídrica → +1.3 bps",253.7133914331988,-81.50808659968615,corporativa,operacional,grande_grupo,principal,,-1.1679081132947728
SAPRB3,IPCA+,187.13744057145703,249.22820656702066,107.4680878784108,3.054076840385469,8,BRKP28 CASN34 CASN23 SBSPE9 CSMGA6 SBSPC6 CAEC12 CSMGE1,0.6272058744650195,"avanço operacional (2026-04-13): Decisão, pela Agepar, da aplicação do Índice de Reajuste Tar → -0.7 bps | impacto negativo (2026-04-30): Decreto nº 13.498-2026 de Situação de Emergência Hídrica → +1.3 bps",249.85541244148567,-62.717971870028634,corporativa,operacional,grande_grupo,principal,,-0.8986694603217668
SAUC16,IPCA+,742.2397375363493,628.5971846156822,230.42553491459014,2.41830917137863,8,HGLB23 USNA13 CMTR29 ELPLA5 NEOE26 CCLS11 ELPLA7 BTEL23,0.0,,628.5971846156822,113.64255292066707,project_finance,operacional,grupo_inferido,high_yield,S,0.35432996067400246
SAVI13,IPCA+,274.18967534446483,232.95500082270604,44.12748141505989,1.3380398444911072,8,ALIG13 PRPO12 SRTI11 ALIG15 VDBF12 CUTI11 ESAM14 CEAD11,0.0,,232.95500082270604,41.23467452175879,project_finance,operacional,nao_identificado,principal,,0.5908408960641309
SBSPB6,IPCA+,266.70785307300554,300.28578199371043,96.2813235034702,3.587357237696588,8,CSMGA6 CSMGB8 SAPR10 SAPRA2 CASN24 CASN23 ORVR16 CAEC12,0.0,,300.28578199371043,-33.57792892070489,corporativa,operacional,grupo_inferido,principal,,-0.48112938544035755
SBSPC6,IPCA+,202.02861013204407,245.37586459158365,115.28526684467879,3.0924222557215653,8,CSMGA6 CSMGB8 SAPRA2 CASN24 CASN23 SAPRB3 BRKP28 CAEC12,0.0,,245.37586459158365,-43.347254459539585,corporativa,operacional,grupo_inferido,principal,,-0.6211115029725681
SBSPD4,IPCA+,230.764254243428,300.28578199371043,96.2813235034702,3.1521173742217927,8,CSMGA6 CSMGB8 SAPRA2 SAPR10 CASN24 CASN23 ORVR16 CAEC12,0.0,,300.28578199371043,-69.52152775028242,corporativa,operacional,grupo_inferido,principal,,-0.9961558379719734
SBSPE3,IPCA+,229.95173342055816,245.37586459158365,108.64852254640215,3.295347139819709,8,CSMGE2 CSMGA6 ORVR16 CAEC12 SAPRB3 BRKP28 SAPRA3 CASN34,0.0,,245.37586459158365,-15.424131171025493,corporativa,operacional,grupo_inferido,principal,,-0.22100835250416542
SBSPE9,IPCA+,199.8670421897767,245.37586459158365,107.13048103576511,3.0941054863882647,8,CSMGA6 CSMGB9 SAPRA3 SAPRB3 BRKP28 CASN24 CAEC12 ORVR16,0.0,,245.37586459158365,-45.50882240180695,corporativa,operacional,grupo_inferido,principal,,-0.6520840462198496
SBSPF3,IPCA+,248.65189480628027,245.37586459158365,108.64852254640215,4.083034570753552,8,CSMGA6 CSMGE2 ORVR16 CAEC12 SAPRB3 BRKP28 SAPRA3 CASN34,0.0,,245.37586459158365,3.2760302146966183,corporativa,operacional,grupo_inferido,principal,,0.046941382465942094
SBSPF9,IPCA+,235.46484032651188,245.37586459158365,111.56052720330233,3.425779772811067,8,CSMGA6 ORVR16 CSMGE1 CAEC12 SAPRA3 SAPRB3 BRKP28 CASN34,0.0,,245.37586459158365,-9.911024265071774,corporativa,operacional,grupo_inferido,principal,,-0.14201248162146476
SBSPI8,IPCA+,229.6816645592676,245.37586459158365,108.64852254640215,3.7000582475520716,8,CSMGE2 CSMGA6 ORVR16 CAEC12 SAPRB3 BRKP28 SAPRA3 CASN34,0.0,,245.37586459158365,-15.694200032316047,corporativa,operacional,grupo_inferido,principal,,-0.2248780987760738
SBSPJ8,IPCA+,246.40462100918435,245.37586459158365,108.64852254640215,4.093603887269029,8,CSMGA6 CSMGE2 ORVR16 CAEC12 SAPRB3 BRKP28 SAPRA3 CASN34,0.0,,245.37586459158365,1.0287564176007038,corporativa,operacional,grupo_inferido,principal,,0.014740782379310004
SBSPK8,IPCA+,237.05199018932512,300.28578199371043,101.70054170172436,4.390215495160278,8,CSMGA6 CSMGE2 ORVR16 CAEC12 SAPR10 SAPRA2 BRKP28 CASN23,0.0,,300.28578199371043,-63.233791804385305,corporativa,operacional,grupo_inferido,principal,,-0.9060605096208758
SERI11,IPCA+,290.6814035436036,241.34019448393627,75.09794120749743,0.9635184575928182,8,RDVE11 EKTT11 RATL11 HSBH11 EUBE11 TVVH11 WNTY12 CLCD27,0.0,,241.34019448393627,49.341209059667335,project_finance,operacional,grupo_inferido,principal,,0.7069973150465407
SMTO14,IPCA+,313.927421193672,357.23902064527954,54.744237227325875,4.402746507332575,8,JALL15 JALL13 CLAG15 FSII14 QUAT13 USAS12 USAS22 FRAG14,8.23056598199937,"impacto negativo (2026-08-10): São Martinho tem queda de 39% no lucro no início da safra 20 → +4.2 bps | impacto negativo (2026-07-06): São Martinho pagará R$ 69,91 milhões em dividendos → +2.8 bps | impacto negativo (2026-04-27): São Martinho (SMTO3) anuncia emissão de R$ 1,1 bi em debêntu → +1.2 bps",365.4695866272789,-51.5421654336069,corporativa,operacional,grande_grupo,principal,,-0.7385342448576467
SMTO15,IPCA+,266.4192840986273,349.4135459828527,60.95359533610713,4.532974015232341,8,JALL11 JALL13 QUAT13 FSII14 FRAG14 CLAG13 CLAG15 USAS12,8.23056598199937,"impacto negativo (2026-08-10): São Martinho tem queda de 39% no lucro no início da safra 20 → +4.2 bps | impacto negativo (2026-07-06): São Martinho pagará R$ 69,91 milhões em dividendos → +2.8 bps | impacto negativo (2026-04-27): São Martinho (SMTO3) anuncia emissão de R$ 1,1 bi em debêntu → +1.2 bps",357.6441119648521,-91.22482786622476,corporativa,operacional,grande_grupo,principal,,-1.307136764504704
SMTO24,IPCA+,343.0060874489486,364.2398743376874,51.74296344709875,5.169955045800341,8,JALL15 JALL24 FRAG16 CLAG15 USAS22 FSII14 QUAT13 USAS12,8.23056598199937,"impacto negativo (2026-08-10): São Martinho tem queda de 39% no lucro no início da safra 20 → +4.2 bps | impacto negativo (2026-07-06): São Martinho pagará R$ 69,91 milhões em dividendos → +2.8 bps | impacto negativo (2026-04-27): São Martinho (SMTO3) anuncia emissão de R$ 1,1 bi em debêntu → +1.2 bps",372.47044031968676,-29.46435287073814,corporativa,operacional,grande_grupo,principal,,-0.42218702715624423
SPRZ11,IPCA+,236.50398400369457,250.19220882659314,32.43738319878617,1.5491574077374604,8,ODYA11 MSGT12 TRGO11 EQTS11 EQTN11 EQSP11 EQSP21 CTRR11,0.0,,250.19220882659314,-13.688224822898576,project_finance,operacional,grande_grupo,principal,,-0.19613500321485536
SRBS11,IPCA+,236.6727318042241,285.1576907335673,35.39653275708431,1.2490831919913612,8,BHSA11 AEAB11 AGEO15 POTE11 TCII11 CLCD27 TNHL11 POTE12,0.0,,285.1576907335673,-48.48495892934318,project_finance,operacional,grupo_inferido,principal,,-0.6947283302631445
SRNA11,IPCA+,406.60782247900374,299.69771108183187,55.562538296552574,2.2858845506970997,8,ASSR21 CSNP12 CESPA3 STRZ11 CONF11 UTPS21 UTPS22 UNEG11,0.0,,299.69771108183187,106.91011139717187,project_finance,operacional,grande_grupo,principal,,1.5318871010583357
SRTI11,IPCA+,254.4224924654074,250.65862649141235,54.86983986544368,0.6230662986845877,8,PRPO12 VDBF12 ESAM14 CEAD11 CUTI11 TBEG11 ALIG12 UTPS12,0.0,,250.65862649141235,3.7638659739950526,project_finance,operacional,nao_identificado,principal,,0.05393145381969844
STBP35,IPCA+,217.44880749402333,231.78303556617382,12.928151130957195,3.1270155393290766,5,ITPO14 CDES11 CLIS13 ITPO15 CJEN13,0.0,,231.78303556617382,-14.334228072150495,project_finance,operacional,grande_grupo,principal,,-0.20539141527764335
STBP45,IPCA+,250.80099120963894,231.78303556617382,12.928151130957195,4.251224940172875,5,CDES11 ITPO14 CLIS13 ITPO15 CJEN13,0.0,,231.78303556617382,19.017955643465115,project_finance,operacional,grande_grupo,principal,,0.27250332599966276
STRZ11,IPCA+,277.3981784216852,320.1593573913047,64.91387418884739,0.8824177787233545,8,UTPS22 UTPS21 HVSP11 CONF11 UNEG11 BARU11 TBEG11 ALGE16,0.0,,320.1593573913047,-42.76117896961949,project_finance,operacional,nao_identificado,principal,,-0.6127137801424076
SUMI17,IPCA+,1058.1329553662445,643.4574011415599,207.9471412861129,4.448988603925832,4,CONX12 BTEL23 BTEL33 HGLB23,0.0,,643.4574011415599,414.67555422468456,corporativa,operacional,grande_grupo,high_yield,,1.2929309404328029
SUMI18,IPCA+,1048.107407967121,643.4574011415599,207.9471412861129,3.977137280228842,4,CONX12 BTEL23 BTEL33 HGLB23,0.0,,643.4574011415599,404.65000682556104,corporativa,operacional,grande_grupo,high_yield,,1.2616719469979525
SUMI19,IPCA+,1041.860450650391,643.4574011415599,207.9471412861129,3.830573396884963,4,CONX12 BTEL23 BTEL33 HGLB23,0.0,,643.4574011415599,398.40304950883103,corporativa,operacional,grande_grupo,high_yield,,1.2421943474238357
SUMI37,IPCA+,992.3380125297684,643.4574011415599,207.9471412861129,4.5436385106800605,4,CONX12 BTEL33 BTEL23 HGLB23,0.0,,643.4574011415599,348.88061138820854,corporativa,operacional,grande_grupo,high_yield,,1.0877866620912957
SUZB19,IPCA+,170.8293933127001,823.6358039151202,261.18316481045696,1.128408485389635,8,SUMI19 SUMI18 VAMO33 MOVI37 CMIN11 JSMLB5 MOVI18 CMIN12,11.76571535726723,"impacto negativo (2026-07-01): Suzano (SUZB3) conclui aquisição de 51% da Arbex por US$ 1,3 → +2.6 bps | impacto negativo (2026-06-19): Suzano Holding aprova redução de capital social em R$ 356,1  → +2.3 bps | impacto negativo (2026-04-24): Suzano aprova R$ 5,6 milhões em dividendos adicionais → +1.2 bps | impacto negativo (2026-08-13): Suzano (SUZB3): Resultados neutros, mas ventos contrários se → +4.3 bps | impacto negativo (2026-04-30): Suzano (SUZB3): Volumes sazonalmente mais fracos e FX pressi → +1.3 bps",835.4015192723874,-664.5721259596874,corporativa,operacional,grande_grupo,high_yield,S,-2.0720919163151796
SUZB29,IPCA+,183.3069428972977,816.0877647575539,239.3220492907208,1.800997352779695,8,SUMI19 CMIN21 SUMI18 CMIN22 VAMO33 MOVI37 JSMLB5 MOVI18,11.76571535726723,"impacto negativo (2026-07-01): Suzano (SUZB3) conclui aquisição de 51% da Arbex por US$ 1,3 → +2.6 bps | impacto negativo (2026-06-19): Suzano Holding aprova redução de capital social em R$ 356,1  → +2.3 bps | impacto negativo (2026-04-24): Suzano aprova R$ 5,6 milhões em dividendos adicionais → +1.2 bps | impacto negativo (2026-08-13): Suzano (SUZB3): Resultados neutros, mas ventos contrários se → +4.3 bps | impacto negativo (2026-04-30): Suzano (SUZB3): Volumes sazonalmente mais fracos e FX pressi → +1.3 bps",827.8534801148212,-644.5465372175236,corporativa,operacional,grande_grupo,high_yield,S,-2.009653455640699
SUZBA0,IPCA+,213.51645073391262,816.0877647575539,239.3220492907208,3.0172157642780135,8,CMIN22 SUMI18 SUMI19 CMIN21 MOVI18 MOVI37 VAMO33 JSMLB5,11.76571535726723,"impacto negativo (2026-07-01): Suzano (SUZB3) conclui aquisição de 51% da Arbex por US$ 1,3 → +2.6 bps | impacto negativo (2026-06-19): Suzano Holding aprova redução de capital social em R$ 356,1  → +2.3 bps | impacto negativo (2026-04-24): Suzano aprova R$ 5,6 milhões em dividendos adicionais → +1.2 bps | impacto negativo (2026-08-13): Suzano (SUZB3): Resultados neutros, mas ventos contrários se → +4.3 bps | impacto negativo (2026-04-30): Suzano (SUZB3): Volumes sazonalmente mais fracos e FX pressi → +1.3 bps",827.8534801148212,-614.3370293809086,corporativa,operacional,grande_grupo,high_yield,S,-1.9154622090642408
SUZBC1,IPCA+,204.6393762590492,816.0877647575539,239.3220492907208,2.575636253305599,8,CMIN22 SUMI19 CMIN21 SUMI18 VAMO33 MOVI37 JSMLB5 MOVI18,11.76571535726723,"impacto negativo (2026-07-01): Suzano (SUZB3) conclui aquisição de 51% da Arbex por US$ 1,3 → +2.6 bps | impacto negativo (2026-06-19): Suzano Holding aprova redução de capital social em R$ 356,1  → +2.3 bps | impacto negativo (2026-04-24): Suzano aprova R$ 5,6 milhões em dividendos adicionais → +1.2 bps | impacto negativo (2026-08-13): Suzano (SUZB3): Resultados neutros, mas ventos contrários se → +4.3 bps | impacto negativo (2026-04-30): Suzano (SUZB3): Volumes sazonalmente mais fracos e FX pressi → +1.3 bps",827.8534801148212,-623.214103855772,corporativa,operacional,grande_grupo,high_yield,S,-1.9431403399117089
TAEE17,IPCA+,226.34140336215503,238.20941241412146,44.76598947821356,2.0084494128669155,8,CTEE29 ALUP18 TRPLB7 EEELB1 EEELB5 ETEN12 ETEN21 EQUA11,-10.0,"avanço operacional (2026-08-25): Comunicado ao Mercado - Energização de Reforço em São Pedro  → -3.1 bps | avanço operacional (2026-08-20): Energização de Saíra (conversora Garabi 2) → -2.9 bps | avanço operacional (2026-08-17): Entrada em operação de Tangará → -2.8 bps | avanço operacional (2026-08-10): Comunicado ao Mercado: Obtenção de Licença de Instalação de  → -2.6 bps | avanço operacional (2026-08-04): Comunicado ao Mercado - Energização de Ananaí → -2.4 bps | avanço operacional (2026-08-04): Comunicado ao Mercado - Energização Parcial Tangará → -2.4 bps | avanço operacional (2026-04-30): Taesa (TAEE11) registra nova RAP de R$ 23 mi com SE Açailând → -0.8 bps | avanço operacional (2026-08-25): Taesa (TAEE11) registra RAP adicional de R$ 5,8 mi em São Pe → -3.1 bps",228.20941241412146,-1.8680090519664247,corporativa,operacional,grande_grupo,principal,,-0.02676621447654085
TAEE18,IPCA+,198.36452113925742,222.12172581641335,34.13041696859673,2.6608543899483963,8,ALUP18 EEELA4 ISAEA8 EEELA1 TRPLA4 ETEN22 ETEN21 EQUA11,-10.0,"avanço operacional (2026-08-25): Comunicado ao Mercado - Energização de Reforço em São Pedro  → -3.1 bps | avanço operacional (2026-08-20): Energização de Saíra (conversora Garabi 2) → -2.9 bps | avanço operacional (2026-08-17): Entrada em operação de Tangará → -2.8 bps | avanço operacional (2026-08-10): Comunicado ao Mercado: Obtenção de Licença de Instalação de  → -2.6 bps | avanço operacional (2026-08-04): Comunicado ao Mercado - Energização de Ananaí → -2.4 bps | avanço operacional (2026-08-04): Comunicado ao Mercado - Energização Parcial Tangará → -2.4 bps | avanço operacional (2026-04-30): Taesa (TAEE11) registra nova RAP de R$ 23 mi com SE Açailând → -0.8 bps | avanço operacional (2026-08-25): Taesa (TAEE11) registra RAP adicional de R$ 5,8 mi em São Pe → -3.1 bps",212.12172581641335,-13.757204677155926,corporativa,operacional,grande_grupo,principal,,-0.19712339755463074
TAEE26,IPCA+,224.0806813295714,239.73872694820096,37.905473117872575,3.1773733871934295,8,CTEE2B CTEE29 EEELB1 ALUP18 ETEN22 ETEN12 EEELA4 EQUA11,-10.0,"avanço operacional (2026-08-25): Comunicado ao Mercado - Energização de Reforço em São Pedro  → -3.1 bps | avanço operacional (2026-08-20): Energização de Saíra (conversora Garabi 2) → -2.9 bps | avanço operacional (2026-08-17): Entrada em operação de Tangará → -2.8 bps | avanço operacional (2026-08-10): Comunicado ao Mercado: Obtenção de Licença de Instalação de  → -2.6 bps | avanço operacional (2026-08-04): Comunicado ao Mercado - Energização de Ananaí → -2.4 bps | avanço operacional (2026-08-04): Comunicado ao Mercado - Energização Parcial Tangará → -2.4 bps | avanço operacional (2026-04-30): Taesa (TAEE11) registra nova RAP de R$ 23 mi com SE Açailând → -0.8 bps | avanço operacional (2026-08-25): Taesa (TAEE11) registra RAP adicional de R$ 5,8 mi em São Pe → -3.1 bps",229.73872694820096,-5.658045618629558,corporativa,operacional,grande_grupo,principal,,-0.08107265989255658
TAEEA2,IPCA+,211.7219330171314,236.80358806367667,37.734369304250386,1.731495635266954,8,EEELB1 ISAEB0 TRPLB4 ALUP18 EEELB5 ETEN22 ETEN12 EQUA11,-10.0,"avanço operacional (2026-08-25): Comunicado ao Mercado - Energização de Reforço em São Pedro  → -3.1 bps | avanço operacional (2026-08-20): Energização de Saíra (conversora Garabi 2) → -2.9 bps | avanço operacional (2026-08-17): Entrada em operação de Tangará → -2.8 bps | avanço operacional (2026-08-10): Comunicado ao Mercado: Obtenção de Licença de Instalação de  → -2.6 bps | avanço operacional (2026-08-04): Comunicado ao Mercado - Energização de Ananaí → -2.4 bps | avanço operacional (2026-08-04): Comunicado ao Mercado - Energização Parcial Tangará → -2.4 bps | avanço operacional (2026-04-30): Taesa (TAEE11) registra nova RAP de R$ 23 mi com SE Açailând → -0.8 bps | avanço operacional (2026-08-25): Taesa (TAEE11) registra RAP adicional de R$ 5,8 mi em São Pe → -3.1 bps",226.80358806367667,-15.08165504654528,corporativa,operacional,grande_grupo,principal,,-0.21610110144385491
TAEEA4,IPCA+,202.10647078106652,222.12172581641335,34.90818229870819,1.3293231808646366,8,EEELA4 EEELB5 ISAEA8 ALUP18 TRPLA4 ETEN22 ETEN12 EQUA11,-10.0,"avanço operacional (2026-08-25): Comunicado ao Mercado - Energização de Reforço em São Pedro  → -3.1 bps | avanço operacional (2026-08-20): Energização de Saíra (conversora Garabi 2) → -2.9 bps | avanço operacional (2026-08-17): Entrada em operação de Tangará → -2.8 bps | avanço operacional (2026-08-10): Comunicado ao Mercado: Obtenção de Licença de Instalação de  → -2.6 bps | avanço operacional (2026-08-04): Comunicado ao Mercado - Energização de Ananaí → -2.4 bps | avanço operacional (2026-08-04): Comunicado ao Mercado - Energização Parcial Tangará → -2.4 bps | avanço operacional (2026-04-30): Taesa (TAEE11) registra nova RAP de R$ 23 mi com SE Açailând → -0.8 bps | avanço operacional (2026-08-25): Taesa (TAEE11) registra RAP adicional de R$ 5,8 mi em São Pe → -3.1 bps",212.12172581641335,-10.015255035346826,corporativa,operacional,grande_grupo,principal,,-0.14350597714243146
TAEEA7,IPCA+,227.59589483330947,236.80358806367667,44.64185025198651,1.779434082499318,8,TRPLB7 TRPLB4 EEELB1 ALUP18 EEELB5 ETEN12 ETEN21 EQUA11,-10.0,"avanço operacional (2026-08-25): Comunicado ao Mercado - Energização de Reforço em São Pedro  → -3.1 bps | avanço operacional (2026-08-20): Energização de Saíra (conversora Garabi 2) → -2.9 bps | avanço operacional (2026-08-17): Entrada em operação de Tangará → -2.8 bps | avanço operacional (2026-08-10): Comunicado ao Mercado: Obtenção de Licença de Instalação de  → -2.6 bps | avanço operacional (2026-08-04): Comunicado ao Mercado - Energização de Ananaí → -2.4 bps | avanço operacional (2026-08-04): Comunicado ao Mercado - Energização Parcial Tangará → -2.4 bps | avanço operacional (2026-04-30): Taesa (TAEE11) registra nova RAP de R$ 23 mi com SE Açailând → -0.8 bps | avanço operacional (2026-08-25): Taesa (TAEE11) registra RAP adicional de R$ 5,8 mi em São Pe → -3.1 bps",226.80358806367667,0.7923067696328019,corporativa,operacional,grande_grupo,principal,,0.011352757046269382
TAEEA8,IPCA+,189.4364910013762,214.9422185452251,34.18655453908472,1.149518519280119,8,CTEE1B ISAEA8 EEELA0 EEELA1 ALUP18 ETEN22 ETEN21 EQUA11,-10.0,"avanço operacional (2026-08-25): Comunicado ao Mercado - Energização de Reforço em São Pedro  → -3.1 bps | avanço operacional (2026-08-20): Energização de Saíra (conversora Garabi 2) → -2.9 bps | avanço operacional (2026-08-17): Entrada em operação de Tangará → -2.8 bps | avanço operacional (2026-08-10): Comunicado ao Mercado: Obtenção de Licença de Instalação de  → -2.6 bps | avanço operacional (2026-08-04): Comunicado ao Mercado - Energização de Ananaí → -2.4 bps | avanço operacional (2026-08-04): Comunicado ao Mercado - Energização Parcial Tangará → -2.4 bps | avanço operacional (2026-04-30): Taesa (TAEE11) registra nova RAP de R$ 23 mi com SE Açailând → -0.8 bps | avanço operacional (2026-08-25): Taesa (TAEE11) registra RAP adicional de R$ 5,8 mi em São Pe → -3.1 bps",204.9422185452251,-15.505727543848906,corporativa,operacional,grande_grupo,principal,,-0.22217752564773247
TAEEB0,IPCA+,199.78630129557064,235.82014271216312,44.467180968038846,2.573634334194296,8,ISAEB2 ISAEC2 ALUP18 ETEN12 ETEN21 EEELB1 EEELB5 EQUA11,-10.0,"avanço operacional (2026-08-25): Comunicado ao Mercado - Energização de Reforço em São Pedro  → -3.1 bps | avanço operacional (2026-08-20): Energização de Saíra (conversora Garabi 2) → -2.9 bps | avanço operacional (2026-08-17): Entrada em operação de Tangará → -2.8 bps | avanço operacional (2026-08-10): Comunicado ao Mercado: Obtenção de Licença de Instalação de  → -2.6 bps | avanço operacional (2026-08-04): Comunicado ao Mercado - Energização de Ananaí → -2.4 bps | avanço operacional (2026-08-04): Comunicado ao Mercado - Energização Parcial Tangará → -2.4 bps | avanço operacional (2026-04-30): Taesa (TAEE11) registra nova RAP de R$ 23 mi com SE Açailând → -0.8 bps | avanço operacional (2026-08-25): Taesa (TAEE11) registra RAP adicional de R$ 5,8 mi em São Pe → -3.1 bps",225.82014271216312,-26.03384141659248,corporativa,operacional,grande_grupo,principal,,-0.37303212330327135
TAEEB2,IPCA+,179.53472228937915,217.6543696516573,34.108542153649644,1.453139295635589,8,CTEE18 ETEN22 ETEN21 CTEE1B EEELA0 EEELA1 ALUP18 EQUA11,-10.0,"avanço operacional (2026-08-25): Comunicado ao Mercado - Energização de Reforço em São Pedro  → -3.1 bps | avanço operacional (2026-08-20): Energização de Saíra (conversora Garabi 2) → -2.9 bps | avanço operacional (2026-08-17): Entrada em operação de Tangará → -2.8 bps | avanço operacional (2026-08-10): Comunicado ao Mercado: Obtenção de Licença de Instalação de  → -2.6 bps | avanço operacional (2026-08-04): Comunicado ao Mercado - Energização de Ananaí → -2.4 bps | avanço operacional (2026-08-04): Comunicado ao Mercado - Energização Parcial Tangará → -2.4 bps | avanço operacional (2026-04-30): Taesa (TAEE11) registra nova RAP de R$ 23 mi com SE Açailând → -0.8 bps | avanço operacional (2026-08-25): Taesa (TAEE11) registra RAP adicional de R$ 5,8 mi em São Pe → -3.1 bps",207.6543696516573,-28.119647362278158,corporativa,operacional,grande_grupo,principal,,-0.4029190926623847
TAEEB4,IPCA+,218.77317093868953,236.80358806367667,37.734369304250386,1.7481912052321578,8,EEELB1 ISAEB0 TRPLB4 ALUP18 EEELB5 ETEN22 ETEN12 EQUA11,-10.0,"avanço operacional (2026-08-25): Comunicado ao Mercado - Energização de Reforço em São Pedro  → -3.1 bps | avanço operacional (2026-08-20): Energização de Saíra (conversora Garabi 2) → -2.9 bps | avanço operacional (2026-08-17): Entrada em operação de Tangará → -2.8 bps | avanço operacional (2026-08-10): Comunicado ao Mercado: Obtenção de Licença de Instalação de  → -2.6 bps | avanço operacional (2026-08-04): Comunicado ao Mercado - Energização de Ananaí → -2.4 bps | avanço operacional (2026-08-04): Comunicado ao Mercado - Energização Parcial Tangará → -2.4 bps | avanço operacional (2026-04-30): Taesa (TAEE11) registra nova RAP de R$ 23 mi com SE Açailând → -0.8 bps | avanço operacional (2026-08-25): Taesa (TAEE11) registra RAP adicional de R$ 5,8 mi em São Pe → -3.1 bps",226.80358806367667,-8.030417124987139,corporativa,operacional,grande_grupo,principal,,-0.11506575242621235
TAEEB8,IPCA+,197.79877972298084,222.12172581641335,34.90818229870819,1.4276522144097714,8,EEELB5 EEELA4 ALUP18 ISAEA8 TRPLA4 ETEN22 ETEN12 EQUA11,-10.0,"avanço operacional (2026-08-25): Comunicado ao Mercado - Energização de Reforço em São Pedro  → -3.1 bps | avanço operacional (2026-08-20): Energização de Saíra (conversora Garabi 2) → -2.9 bps | avanço operacional (2026-08-17): Entrada em operação de Tangará → -2.8 bps | avanço operacional (2026-08-10): Comunicado ao Mercado: Obtenção de Licença de Instalação de  → -2.6 bps | avanço operacional (2026-08-04): Comunicado ao Mercado - Energização de Ananaí → -2.4 bps | avanço operacional (2026-08-04): Comunicado ao Mercado - Energização Parcial Tangará → -2.4 bps | avanço operacional (2026-04-30): Taesa (TAEE11) registra nova RAP de R$ 23 mi com SE Açailând → -0.8 bps | avanço operacional (2026-08-25): Taesa (TAEE11) registra RAP adicional de R$ 5,8 mi em São Pe → -3.1 bps",212.12172581641335,-14.322946093432506,corporativa,operacional,grande_grupo,principal,,-0.20522975874724936
TAEEC2,IPCA+,178.41138626108747,214.9422185452251,33.99567507266705,1.2907656170613842,8,CTEE1B EEELA0 EEELA4 ISAEA8 ETEN22 ALUP18 ETEN21 EQUA11,-10.0,"avanço operacional (2026-08-25): Comunicado ao Mercado - Energização de Reforço em São Pedro  → -3.1 bps | avanço operacional (2026-08-20): Energização de Saíra (conversora Garabi 2) → -2.9 bps | avanço operacional (2026-08-17): Entrada em operação de Tangará → -2.8 bps | avanço operacional (2026-08-10): Comunicado ao Mercado: Obtenção de Licença de Instalação de  → -2.6 bps | avanço operacional (2026-08-04): Comunicado ao Mercado - Energização de Ananaí → -2.4 bps | avanço operacional (2026-08-04): Comunicado ao Mercado - Energização Parcial Tangará → -2.4 bps | avanço operacional (2026-04-30): Taesa (TAEE11) registra nova RAP de R$ 23 mi com SE Açailând → -0.8 bps | avanço operacional (2026-08-25): Taesa (TAEE11) registra RAP adicional de R$ 5,8 mi em São Pe → -3.1 bps",204.9422185452251,-26.53083228413763,corporativa,operacional,grande_grupo,principal,,-0.3801533758151862
TAEEC4,IPCA+,231.0277457674038,240.62607150681663,45.14383079913653,1.8356240744528312,8,CTEE2B TRPLB7 EEELB1 ALUP18 EEELB5 ETEN12 ETEN21 EQUA11,-10.0,"avanço operacional (2026-08-25): Comunicado ao Mercado - Energização de Reforço em São Pedro  → -3.1 bps | avanço operacional (2026-08-20): Energização de Saíra (conversora Garabi 2) → -2.9 bps | avanço operacional (2026-08-17): Entrada em operação de Tangará → -2.8 bps | avanço operacional (2026-08-10): Comunicado ao Mercado: Obtenção de Licença de Instalação de  → -2.6 bps | avanço operacional (2026-08-04): Comunicado ao Mercado - Energização de Ananaí → -2.4 bps | avanço operacional (2026-08-04): Comunicado ao Mercado - Energização Parcial Tangará → -2.4 bps | avanço operacional (2026-04-30): Taesa (TAEE11) registra nova RAP de R$ 23 mi com SE Açailând → -0.8 bps | avanço operacional (2026-08-25): Taesa (TAEE11) registra RAP adicional de R$ 5,8 mi em São Pe → -3.1 bps",230.62607150681663,0.40167426058715705,corporativa,operacional,grande_grupo,principal,,0.005755485712054807
TAEED2,IPCA+,213.20149553354713,231.65610175398956,44.285790572225665,1.8055122016086413,8,ISAEB0 CTEE2B EEELB1 EEELA4 ALUP18 ETEN12 ETEN21 EQUA11,-10.0,"avanço operacional (2026-08-25): Comunicado ao Mercado - Energização de Reforço em São Pedro  → -3.1 bps | avanço operacional (2026-08-20): Energização de Saíra (conversora Garabi 2) → -2.9 bps | avanço operacional (2026-08-17): Entrada em operação de Tangará → -2.8 bps | avanço operacional (2026-08-10): Comunicado ao Mercado: Obtenção de Licença de Instalação de  → -2.6 bps | avanço operacional (2026-08-04): Comunicado ao Mercado - Energização de Ananaí → -2.4 bps | avanço operacional (2026-08-04): Comunicado ao Mercado - Energização Parcial Tangará → -2.4 bps | avanço operacional (2026-04-30): Taesa (TAEE11) registra nova RAP de R$ 23 mi com SE Açailând → -0.8 bps | avanço operacional (2026-08-25): Taesa (TAEE11) registra RAP adicional de R$ 5,8 mi em São Pe → -3.1 bps",221.65610175398956,-8.454606220442429,corporativa,operacional,grande_grupo,principal,,-0.12114384733459303
TBEG11,IPCA+,346.2583690098067,274.25733467137496,62.28830757243704,0.7875488647477038,8,UTPS21 VDBF12 ESAM14 HVSP11 SRTI11 UTPS22 PRPO12 CONF11,0.0,,274.25733467137496,72.00103433843174,project_finance,operacional,nao_identificado,principal,,1.0316840411487926
TCII11,IPCA+,278.3312685057069,294.3664263842169,56.806336519049275,0.6637321779243179,8,POTE11 TNHL11 POTE12 WNTY12 AGEO15 CLCD27 AEAB11 BHSA11,0.0,,294.3664263842169,-16.035157878510006,project_finance,operacional,grupo_inferido,principal,,-0.22976359482283007
TIET18,IPCA+,259.0985658282497,253.03597055229545,58.931886744110614,3.4165868686102905,8,EGIE49 EGIE27 AURE12 ENEV16 ENEV32 CSNP12 OMGE12 ENMI21,0.0,,253.03597055229545,6.062595275954266,corporativa,operacional,grande_grupo,principal,,0.08686934641447973
TIET29,IPCA+,290.2728199730193,269.59972508862506,97.00427531039207,2.5744257105444057,8,EGIE29 EGIE27 ENEV32 ENEV13 AURE12 CERR18 OMGE12 OMGE22,0.0,,269.59972508862506,20.67309488439423,corporativa,operacional,grande_grupo,principal,,0.2962193844762595
TIET39,IPCA+,285.74812067553677,260.2190030719416,70.82582341753927,2.644352968621773,8,EGIE27 EGIE49 ENEV32 AURE12 ENEV13 OMGE41 OMGE12 CESPA2,0.0,,260.2190030719416,25.529117603595182,corporativa,operacional,grande_grupo,principal,,0.3658000674329414
TIMS12,IPCA+,40.57437468176127,245.8843516678258,53.03566601118043,4.101307644606011,8,UNTE11 DESK17 DESK19 BRST11 BRST15 ALGAB1 ALGAC2 BCPSA5,3.605001850443321,"impacto negativo (2026-07-28): TIM (TIMS3): 2T26 misto: resultados em linha, mas desacelera → +3.6 bps",249.48935351826913,-208.91497883650786,corporativa,operacional,grande_grupo,principal,,-2.9934882408698673
TNHL11,IPCA+,277.4649259426715,294.3664263842169,63.115409689876124,0.6718756935743107,8,POTE12 TCII11 POTE11 AGEO15 CLCD27 WNTY12 HSBH11 AEAB11,0.0,,294.3664263842169,-16.901500441545352,project_finance,operacional,grupo_inferido,principal,,-0.24217719144215574
TPEN11,IPCA+,213.39171182468786,216.06914808220722,16.789863121076472,1.6544560734877853,8,TRCC11 ETBA12 EDTE12 JTEE11 PRTE12 TPNO12 EDPT11 CTRR11,0.0,,216.06914808220722,-2.6774362575193607,project_finance,operacional,nao_identificado,principal,,-0.038364285783620576
TPNO12,IPCA+,218.11139407101422,212.2055058960811,16.500488568419925,1.6944206658361738,8,PRTE12 CTRR11 EDPT11 EDTE12 XNGU17 JTEE11 TRCC11 TPEN11,0.0,,212.2055058960811,5.905888174933125,project_finance,operacional,nao_identificado,principal,,0.08462393123754931
TPNO13,IPCA+,220.2154004425052,231.4243587037925,33.37866685703684,2.4407812219764655,8,IBPB11 JTEE12 ELTE12 LTTE15 ETSP12 MSGT23 EQTR11 JTEE11,0.0,,231.4243587037925,-11.208958261287307,project_finance,operacional,nao_identificado,principal,,-0.16061023931569415
TRCC11,IPCA+,220.9772693415304,213.70930695904406,16.3546893693287,1.6180591032173943,8,TPEN11 ETBA12 EDTE12 JTEE11 PRTE12 TPNO12 EDPT11 CTRR11,0.0,,213.70930695904406,7.267962382486331,project_finance,operacional,nao_identificado,principal,,0.10414073729047245
TRGO11,IPCA+,234.61050094884854,250.19220882659314,55.63386613013475,1.5948271344966856,8,MSGT12 ODYA11 SPRZ11 EQTN11 EQTS11 EQSP11 EQSP21 MSGT13,0.0,,250.19220882659314,-15.581707877744606,project_finance,operacional,grande_grupo,principal,,-0.22326622803432455
TRPLA4,IPCA+,212.5646225888537,218.3993746926301,36.34691000036231,1.2644114110784235,8,ALUP18 EEELA1 EEELB5 TAEEA4 TAEEA8 ETEN22 ETEN21 EQUA11,1.4807826136548732,"avanço operacional (2026-05-27): Obtenção de LI - Projeto Serra Dourada (Bloco 2) → -1.1 bps | avanço operacional (2026-04-22): Energização Jacarandá → -0.7 bps | impacto negativo (2026-07-03): ISA Energia (ISAE3, ISAE4) anuncia potencial oferta de R$ 65 → +2.7 bps | impacto negativo (2026-05-04): Isa Energia (ISAE4): Lucro cai 14%, para R$ 619,1 milhões, c → +1.4 bps | avanço operacional (2026-04-22): ISA Energia (ISAE3) registra início da operação do projeto J → -0.7 bps",219.88015730628496,-7.315534717431262,corporativa,operacional,grande_grupo,principal,,-0.10482238886970086
TRPLA7,IPCA+,230.9641884800192,229.31182030035663,43.911320617007526,2.2402728901452518,8,EEELB1 TAEEC4 TAEEA7 ALUP18 EEELB5 ETEN12 ETEN21 EQUA11,1.4807826136548732,"avanço operacional (2026-05-27): Obtenção de LI - Projeto Serra Dourada (Bloco 2) → -1.1 bps | avanço operacional (2026-04-22): Energização Jacarandá → -0.7 bps | impacto negativo (2026-07-03): ISA Energia (ISAE3, ISAE4) anuncia potencial oferta de R$ 65 → +2.7 bps | impacto negativo (2026-05-04): Isa Energia (ISAE4): Lucro cai 14%, para R$ 619,1 milhões, c → +1.4 bps | avanço operacional (2026-04-22): ISA Energia (ISAE3) registra início da operação do projeto J → -0.7 bps",230.7926029140115,0.1715855660077068,corporativa,operacional,grande_grupo,principal,,0.002458604821002487
TRPLB4,IPCA+,233.5288291107166,229.31182030035663,43.911320617007526,1.8359101749501663,8,TAEEA7 TAEEC4 EEELB1 ALUP18 EEELB5 ETEN12 ETEN21 EQUA11,1.4807826136548732,"avanço operacional (2026-05-27): Obtenção de LI - Projeto Serra Dourada (Bloco 2) → -1.1 bps | avanço operacional (2026-04-22): Energização Jacarandá → -0.7 bps | impacto negativo (2026-07-03): ISA Energia (ISAE3, ISAE4) anuncia potencial oferta de R$ 65 → +2.7 bps | impacto negativo (2026-05-04): Isa Energia (ISAE4): Lucro cai 14%, para R$ 619,1 milhões, c → +1.4 bps | avanço operacional (2026-04-22): ISA Energia (ISAE3) registra início da operação do projeto J → -0.7 bps",230.7926029140115,2.736226196705104,corporativa,operacional,grande_grupo,principal,,0.03920667148815017
TRPLB7,IPCA+,241.17379599699652,229.31182030035663,43.911320617007526,1.8476500669359481,8,TAEEA7 TAEEC4 EEELB1 ALUP18 EEELB5 ETEN12 ETEN21 EQUA11,1.4807826136548732,"avanço operacional (2026-05-27): Obtenção de LI - Projeto Serra Dourada (Bloco 2) → -1.1 bps | avanço operacional (2026-04-22): Energização Jacarandá → -0.7 bps | impacto negativo (2026-07-03): ISA Energia (ISAE3, ISAE4) anuncia potencial oferta de R$ 65 → +2.7 bps | impacto negativo (2026-05-04): Isa Energia (ISAE4): Lucro cai 14%, para R$ 619,1 milhões, c → +1.4 bps | avanço operacional (2026-04-22): ISA Energia (ISAE3) registra início da operação do projeto J → -0.7 bps",230.7926029140115,10.381193082985021,corporativa,operacional,grande_grupo,principal,,0.14874940798014596
TRRG12,IPCA+,217.60398869696044,219.75474936392675,70.25987532554659,0.8047832224198163,8,ROTY13 CPFGA2 WNTY12 CLCD27 RDOE18 CLCD26 CERT11 POTE12,0.0,,219.75474936392675,-2.150760666966306,project_finance,operacional,grupo_inferido,principal,,-0.030817688618332725
TSSG21,IPCA+,206.65501959288338,221.62249927197902,18.43351784301944,4.919441594422021,3,CGMG18 CGASA1 GASP19,0.0,,221.62249927197902,-14.967479679095646,project_finance,operacional,nao_identificado,principal,,-0.21446511238380314
TUPW21,IPCA+,781.5865685702888,990.3586621224795,73.48060628174879,4.2790134719085,3,CGEE13 CGEE23 NTEN11,0.0,,990.3586621224795,-208.77209355219065,project_finance,operacional,nao_identificado,high_yield,,-0.6509375739721164
TVVH11,IPCA+,263.03923872111136,218.78809704580738,34.67176188562047,1.2071977777098424,8,EUBE11 RDVE11 SERI11 RATL11 RDOE18 CLCD26 CPFGA2 EKTT11,0.0,,218.78809704580738,44.251141675303984,project_finance,operacional,grupo_inferido,principal,,0.6340630671281513
UHSM12,IPCA+,236.67067029575557,300.75695976540135,64.46608803551746,1.0690670589460651,8,CPJG18 AHGD13 ATII12 ATHT11 ALGE16 UNEG11 ALIG15 CONF11,0.0,,300.75695976540135,-64.08628946964578,project_finance,operacional,nao_identificado,principal,,-0.9182757263111225
UNEG11,IPCA+,414.1847382544801,317.7458925151149,53.95317046890263,1.0694609229690772,8,CONF11 BARU11 STRZ11 HVSP11 UTPS22 UTPS21 UHSM12 TBEG11,0.0,,317.7458925151149,96.4388457393652,project_finance,operacional,nao_identificado,principal,,1.381847066647021
UNTE11,IPCA+,222.91004512847852,245.8843516678258,91.09174467573965,4.08786237431924,8,TIMS12 DESK17 DESK19 BRST11 BRST15 ALGAB1 ALGAC2 BCPSA5,0.0,,245.8843516678258,-22.974306539347282,corporativa,operacional,grande_grupo,principal,,-0.3291928460596223
USAS11,IPCA+,242.88733552772578,373.33466129737496,78.61240022120954,2.20077729746279,8,USNA12 BION17 CLAG13 FRAG14 QUAT13 FSII14 FRAG16 CLAG15,0.0,,373.33466129737496,-130.44732576964918,project_finance,operacional,grupo_inferido,principal,,-1.8691457066367476
USAS12,IPCA+,343.9884090962138,373.33466129737496,78.61240022120954,0.9920687978172393,8,FRAG14 QUAT13 FSII14 CLAG15 FRAG16 BION17 CLAG13 USNA12,0.0,,373.33466129737496,-29.346252201161178,project_finance,operacional,grupo_inferido,principal,,-0.42049479346583873
USAS22,IPCA+,380.62195710810016,373.33466129737496,78.61240022120954,1.3962430741786112,8,FRAG16 CLAG15 FRAG14 FSII14 QUAT13 BION17 CLAG13 USNA12,0.0,,373.33466129737496,7.2872958107251975,project_finance,operacional,grupo_inferido,principal,,0.10441776094100753
USNA12,IPCA+,399.3441794840649,351.8138837586406,92.48468337866315,1.724113674326781,8,USAS11 BION17 FRAG14 USAS12 CLAG13 QUAT13 FSII14 CLAG15,0.0,,351.8138837586406,47.53029572542431,project_finance,operacional,grupo_inferido,principal,,0.681049210217096
USNA13,IPCA+,586.4854195393949,954.373311539524,107.1380960982157,2.4763421382734188,8,HGLB23 SAUC16 RISP12 RIS412 RISP14 RIS414 CGEE13 CGEE23,0.0,,954.373311539524,-367.8878920001291,project_finance,operacional,grupo_inferido,high_yield,S,-1.1470501053935866
UTPS11,IPCA+,277.2734219444267,245.47513285070502,50.02109103585538,1.0694131102625564,8,ALIG12 CEAD11 PRPO12 SRTI11 VDBF12 CUTI11 ESAM14 TBEG11,0.0,,245.47513285070502,31.79828909372165,project_finance,operacional,nao_identificado,principal,,0.4556293905394315
UTPS12,IPCA+,336.8036774323871,245.47513285070502,50.02109103585538,1.0443418916312615,8,CEAD11 ALIG12 PRPO12 SRTI11 CUTI11 VDBF12 ESAM14 TBEG11,0.0,,245.47513285070502,91.32854458168205,project_finance,operacional,nao_identificado,principal,,1.308622894268267
UTPS21,IPCA+,319.82155246249397,280.56168400880654,77.57182579074528,0.9323905819309599,8,TBEG11 CONF11 STRZ11 HVSP11 ESAM14 UNEG11 VDBF12 ALIG15,0.0,,280.56168400880654,39.25986845368743,project_finance,operacional,nao_identificado,principal,,0.5625444149994758
UTPS22,IPCA+,315.67023256773587,302.11117595802165,75.44637401975208,0.9381183331340621,8,STRZ11 CONF11 TBEG11 BARU11 UNEG11 ESAM14 HVSP11 ALGE16,0.0,,302.11117595802165,13.559056609714219,project_finance,operacional,nao_identificado,principal,,0.19428418557882488
VAMO33,IPCA+,605.4111571798494,530.9965354198473,330.41479667047065,1.075825870941566,8,MOVI37 JSMLB5 MOVI18 SUZB19 SUMI19 CSAN33 SUMI18 SUZB29,0.0,,530.9965354198473,74.41462176000209,corporativa,operacional,grande_grupo,high_yield,S,0.23201986689087428
VAMO34,IPCA+,602.8079083721864,570.3870967639072,339.295215249621,2.0629412262118434,8,MOVI37 JSMLB5 MOVI18 SUZB19 SUMI19 CSAN33 SUMI17 CONX12,0.0,,570.3870967639072,32.42081160827922,corporativa,operacional,grande_grupo,high_yield,S,0.10108594542222457
VBRR11,IPCA+,669.1433233310564,954.373311539524,89.23885458149255,1.9423504014884907,8,CGEE23 RIS412 RIS414 CGEE13 RISP12 RISP14 CYAR11 CEAM11,0.0,,954.373311539524,-285.2299882084676,project_finance,operacional,nao_identificado,high_yield,S,-0.8893282305573118
VDBF12,IPCA+,264.78947974682205,245.47513285070502,50.160701282704295,0.7512068068454977,8,SRTI11 PRPO12 ESAM14 TBEG11 CUTI11 CEAD11 ALIG12 UTPS11,0.0,,245.47513285070502,19.31434689611703,project_finance,operacional,nao_identificado,principal,,0.2767502389517711
VIALA5,IPCA+,210.99220033402955,323.56715616252484,104.64375807007261,1.2021012431283937,8,VRDN12 PLSB1A RPTA14 CART13 CBAN12 ENTV12 CBAN32 CRMG15,0.0,,323.56715616252484,-112.57495582849529,project_finance,operacional,nao_identificado,principal,,-1.6130571793646618
VLIM13,IPCA+,218.12408109691754,336.023502856767,42.22439883906343,3.591870234558353,6,GASC22 GASC23 RUMOA3 RUMOA4 MRSAB2 MRSAC2,2.4622888266898326,impacto negativo (2026-06-25): Renúncia de Diretor Presidente → +2.5 bps,338.4857916834568,-120.36171058653926,project_finance,operacional,grande_grupo,principal,,-1.7246315572889162
VLIM14,IPCA+,215.38943880730722,331.6426381070206,47.835408365329805,3.4584944145996737,6,GASC22 GASC23 RUMOA7 RUMOA4 MRSAB1 MRSAA1,2.4622888266898326,impacto negativo (2026-06-25): Renúncia de Diretor Presidente → +2.5 bps,334.10492693371043,-118.71548812640322,project_finance,operacional,grande_grupo,principal,,-1.7010432650385572
VLIM15,IPCA+,227.07135231151454,331.6426381070206,47.924032475400836,3.267546290691594,6,GASC22 GASC23 RUMOA6 RUMOA7 MRSAB1 MRSAA1,2.4622888266898326,impacto negativo (2026-06-25): Renúncia de Diretor Presidente → +2.5 bps,334.10492693371043,-107.03357462219589,project_finance,operacional,grande_grupo,principal,,-1.5336561734070373
VLIM16,IPCA+,243.80673352175774,351.92532618110647,57.2670187318494,2.7192941286820775,6,GASC23 GASC16 MRSAA1 MRSAA2 RUMOB7 RUMOB5,2.4622888266898326,impacto negativo (2026-06-25): Renúncia de Diretor Presidente → +2.5 bps,354.3876150077963,-110.58088148603855,project_finance,operacional,grande_grupo,principal,,-1.5844846082220443
VLIM17,IPCA+,244.42921707707004,353.9619878263526,57.98856713242263,2.706111612474617,6,GASC16 GASC15 MRSAB1 MRSAA1 RUMOB7 RUMOB5,2.4622888266898326,impacto negativo (2026-06-25): Renúncia de Diretor Presidente → +2.5 bps,356.4242766530424,-111.99505957597236,project_finance,operacional,grande_grupo,principal,,-1.604747997215447
VLIM18,IPCA+,262.30187123810913,353.9619878263526,54.799541154349136,2.6782416489772256,6,GASC15 GASC16 MRSAB1 MRSAA2 RUMOB5 RUMOB7,2.4622888266898326,impacto negativo (2026-06-25): Renúncia de Diretor Presidente → +2.5 bps,356.4242766530424,-94.12240541493327,project_finance,operacional,grande_grupo,principal,,-1.3486553974307587
VLIM19,IPCA+,268.97762394965395,364.92104511171897,57.58554441499869,2.916976599163513,6,GASC17 GASC25 MRSAC1 MRSAA2 RUMOB6 RUMOB5,2.4622888266898326,impacto negativo (2026-06-25): Renúncia de Diretor Presidente → +2.5 bps,367.3833339384088,-98.40570998875484,project_finance,operacional,grande_grupo,principal,,-1.4100297514632343
VLIM26,IPCA+,255.89441009195588,364.92104511171897,59.28564045220844,2.6806833780608876,6,GASC17 GASC18 MRSAA2 MRSAB2 RUMOB5 RUMOB6,2.4622888266898326,impacto negativo (2026-06-25): Renúncia de Diretor Presidente → +2.5 bps,367.3833339384088,-111.4889238464529,project_finance,operacional,grande_grupo,principal,,-1.5974957103615386
VLIM27,IPCA+,274.8760144354045,364.92104511171897,55.8657611923553,2.7938657280330084,6,GASC17 GASC18 MRSAB2 MRSAC1 RUMOB5 RUMOB6,2.4622888266898326,impacto negativo (2026-06-25): Renúncia de Diretor Presidente → +2.5 bps,367.3833339384088,-92.50731950300428,project_finance,operacional,grande_grupo,principal,,-1.3255132526583748
VLIM28,IPCA+,277.9514724282995,364.92104511171897,55.9871567777266,2.844604605511486,6,GASC25 GASC17 MRSAC1 MRSAB2 RUMOB5 RUMOB6,2.4622888266898326,impacto negativo (2026-06-25): Renúncia de Diretor Presidente → +2.5 bps,367.3833339384088,-89.43186151010929,project_finance,operacional,grande_grupo,principal,,-1.2814458172437744
VLIM29,IPCA+,277.2979383952689,364.92104511171897,56.149503462139016,3.2527145076540247,6,GASC25 GASC19 MRSAA4 MRSAC2 RUMOB6 RUMOB5,2.4622888266898326,impacto negativo (2026-06-25): Renúncia de Diretor Presidente → +2.5 bps,367.3833339384088,-90.0853955431399,project_finance,operacional,grande_grupo,principal,,-1.290810135943088
VPLT12,IPCA+,399.9925994479228,324.44590822692487,114.90616606206706,1.6481317198067797,8,ASCP13 ECER12 APPSA2 APRB18 ARTRA8 ARTRA7 ECOC13 COMT11,0.0,,324.44590822692487,75.54669122099796,project_finance,operacional,grande_grupo,principal,,1.0824888338124508
VRDN12,IPCA+,382.34157808873,285.32885402927093,107.35486609472355,1.4532850814922078,8,VIALA5 PLSB1A RPTA14 CBAN12 CART13 CBAN32 CRMG15 ERDVA4,0.0,,285.32885402927093,97.01272405945906,project_finance,operacional,nao_identificado,principal,,1.390070019412105
WNTY12,IPCA+,411.02350171604115,219.75474936392675,35.52703951462544,0.7763002318155787,8,TRRG12 TCII11 POTE12 POTE11 RDOE18 ROTY13 CPFGA2 CLCD27,0.0,,219.75474936392675,191.2687523521144,project_finance,operacional,grupo_inferido,principal,,2.7406400642051536
XNGU17,IPCA+,206.86359483834244,216.24349399112958,24.496366017938037,1.927651872016325,8,CTRR11 EDPT11 ELTE12 LTTE15 TPNO12 JTEE11 PRTE12 IBPB11,0.0,,216.24349399112958,-9.379899152787146,project_finance,operacional,nao_identificado,principal,,-0.1344021284198451
